# Blender 5.2.0 LTS
# www.blender.org
mtllib 透明机匣.mtl
o 机匣
v -0.140199 0.391459 0.144348
v -0.140314 0.394124 0.437860
v -0.219050 0.500241 0.235627
v 0.073863 0.163321 0.562128
v 0.082696 0.140572 0.547993
v 0.082695 0.163323 0.547992
v 0.073863 0.140571 0.562128
v -0.112437 0.279717 0.556126
v -0.112437 0.240305 0.922979
v -0.082794 0.253408 0.556126
v -0.082986 0.207708 0.945080
v 0.083066 0.251485 0.572479
v 0.083066 0.227278 0.556094
v 0.083066 0.227278 0.569752
v 0.082316 0.254762 0.556126
v 0.083062 0.163322 0.614992
v 0.083066 0.163324 0.569671
v 0.083062 0.161555 0.619849
v 0.082986 0.207708 0.945080
v 0.083062 0.156756 0.621732
v 0.083062 0.147283 0.621732
v 0.083066 0.034175 1.046109
v 0.083066 0.050251 1.051832
v 0.083066 0.043558 1.053536
v 0.083066 0.037729 1.051310
v 0.083062 0.142396 0.619779
v 0.083066 -0.108593 0.569327
v 0.083062 0.140606 0.615163
v 0.083066 0.140589 0.569642
v -0.132366 0.393664 1.092904
v -0.132366 0.393664 0.456353
v -0.140413 0.393664 0.456353
v -0.140204 0.394531 1.093595
v -0.030306 0.666485 -0.098640
v -0.027327 0.666485 -0.218064
v -0.030306 0.666485 -0.218064
v -0.027327 0.666485 -0.098640
v -0.027327 0.665442 -0.218064
v -0.027327 0.665442 -0.096988
v 0.027327 0.666485 -0.098640
v 0.027327 0.666485 -0.218064
v 0.027327 0.665442 -0.218064
v 0.027327 0.665442 -0.096988
v 0.030306 0.666485 -0.098640
v 0.030306 0.666485 -0.218064
v -0.134435 0.380207 1.136341
v -0.135833 0.380207 0.823631
v -0.134435 0.380207 0.823631
v -0.135833 0.380490 1.136346
v -0.030303 0.692116 1.364837
v -0.030306 0.692116 -0.218064
v 0.030303 0.692116 1.364837
v 0.030306 0.692116 -0.218064
v -0.038791 0.067171 0.556110
v 0.038791 0.070285 0.547992
v 0.038791 0.067171 0.556110
v -0.038791 0.070285 0.547992
v -0.112437 0.356198 0.556126
v -0.020853 0.356198 0.547985
v -0.112437 0.356198 0.547985
v -0.020853 0.356198 0.556126
v -0.081544 0.035657 1.132262
v 0.081544 0.016073 1.132262
v 0.081544 0.035657 1.132262
v -0.081544 0.016073 1.132262
v -0.073809 0.207698 1.092550
v 0.073809 0.207698 1.092550
v -0.073809 0.080435 1.092550
v 0.073809 0.080435 1.092550
v -0.112856 0.558037 1.079306
v -0.103654 0.558037 0.469950
v -0.103654 0.558037 1.079306
v -0.113038 0.558037 0.469950
v 0.030303 0.660251 1.364837
v -0.030303 0.660251 1.364837
v -0.096114 0.622278 1.378234
v -0.103411 0.631410 2.171231
v -0.103411 0.631410 1.377248
v -0.096114 0.622278 2.171231
v 0.103411 0.631410 2.171231
v 0.096114 0.622278 1.378234
v 0.103411 0.631410 1.377248
v 0.096114 0.622278 2.171231
v -0.058278 0.711412 2.145468
v -0.058278 0.711412 2.171231
v -0.044763 0.711419 2.145468
v -0.044763 0.711419 2.171231
v 0.044763 0.711419 2.145468
v 0.058278 0.711412 2.171231
v 0.058278 0.711412 2.145468
v 0.044763 0.711419 2.171231
v -0.096114 0.622278 -0.205086
v 0.096114 0.622278 -0.373090
v 0.096114 0.622278 -0.205086
v -0.096114 0.622278 -0.373090
v -0.039147 0.747972 -0.312102
v -0.039147 0.747972 0.057970
v -0.039147 0.737002 0.057970
v -0.039147 0.737003 -0.312102
v -0.054952 0.730649 0.093201
v -0.054952 0.730649 0.057970
v -0.068408 0.730618 0.057970
v -0.068408 0.730618 0.093201
v -0.039147 0.737002 0.481931
v -0.039147 0.737002 0.093201
v -0.039147 0.747972 0.481931
v -0.039147 0.747972 0.093201
v -0.068408 0.730618 0.481931
v -0.068408 0.730618 0.517163
v -0.054952 0.730649 0.481931
v -0.054952 0.730649 0.517163
v -0.039147 0.737002 0.905893
v -0.039147 0.747972 0.517163
v -0.039147 0.747972 0.905893
v -0.039147 0.737002 0.517163
v -0.068408 0.730618 0.941124
v -0.054952 0.730649 0.905893
v -0.068408 0.730618 0.905893
v -0.054952 0.730649 0.941124
v -0.039147 0.737002 1.329855
v -0.039147 0.747972 0.941124
v -0.039147 0.747972 1.329855
v -0.039147 0.737002 0.941124
v -0.054952 0.730649 1.365086
v -0.054952 0.730649 1.329855
v -0.068408 0.730618 1.329855
v -0.068408 0.730618 1.365086
v -0.039147 0.747972 1.753775
v -0.039147 0.737002 1.365086
v -0.039147 0.747972 1.365086
v -0.039147 0.737002 1.753859
v -0.068408 0.730618 1.753775
v -0.068408 0.730618 1.788985
v -0.054952 0.730649 1.753859
v -0.054952 0.730649 1.789111
v 0.039147 0.747972 -0.312102
v 0.039147 0.737002 0.057970
v 0.039147 0.747972 0.057970
v 0.039147 0.737003 -0.312102
v 0.054952 0.730649 0.057970
v 0.054952 0.730649 0.093201
v 0.068408 0.730618 0.057970
v 0.068408 0.730618 0.093201
v 0.039147 0.747972 0.481931
v 0.039147 0.747972 0.093201
v 0.039147 0.737002 0.093201
v 0.039147 0.737002 0.481931
v 0.054952 0.730649 0.481931
v 0.068408 0.730618 0.517163
v 0.068408 0.730618 0.481931
v 0.054952 0.730649 0.517163
v 0.039147 0.737002 0.517163
v 0.039147 0.737002 0.905893
v 0.039147 0.747972 0.517163
v 0.039147 0.747972 0.905893
v 0.068408 0.730618 0.941124
v 0.068408 0.730618 0.905893
v 0.054952 0.730649 0.905893
v 0.054952 0.730649 0.941124
v 0.039147 0.737002 0.941124
v 0.039147 0.737002 1.329855
v 0.039147 0.747972 0.941124
v 0.039147 0.747972 1.329855
v 0.054952 0.730649 1.329855
v 0.054952 0.730649 1.365086
v 0.068408 0.730618 1.329855
v 0.068408 0.730618 1.365086
v 0.039147 0.737002 1.365086
v 0.039147 0.747972 1.753775
v 0.039147 0.747972 1.365086
v 0.039147 0.737002 1.753859
v 0.068408 0.730618 1.788985
v 0.068408 0.730618 1.753775
v 0.054952 0.730649 1.753859
v 0.054952 0.730649 1.789111
v -0.034795 -0.021752 -0.021483
v 0.034795 -0.116676 0.058734
v -0.034795 -0.116935 0.058734
v 0.034795 -0.021752 -0.021483
v 0.034795 -0.121878 0.154677
v -0.034795 -0.121878 0.154677
v 0.034795 0.060089 -0.021483
v -0.034795 0.060089 -0.021483
v -0.034795 0.060089 0.154677
v 0.034795 0.060089 0.154677
v 0.103938 0.126220 0.512633
v 0.126460 0.126220 0.512633
v 0.126460 0.115173 0.520608
v 0.103938 0.115173 0.520608
v 0.103938 0.188910 0.470507
v 0.126590 0.188910 0.470507
v 0.126590 0.177863 0.477501
v 0.103938 0.177863 0.477501
v 0.103938 0.115173 0.610471
v 0.126460 0.115173 0.610471
v 0.103938 0.126220 0.610471
v 0.126460 0.126220 0.610471
v 0.103920 0.177863 0.610471
v 0.126590 0.177863 0.610471
v 0.126590 0.188910 0.610471
v 0.103907 0.188910 0.610471
v 0.000000 0.250177 0.547988
v 0.000000 0.231760 0.527801
v 0.000000 0.231761 0.547990
v 0.000000 0.250177 0.527799
v 0.020822 0.250177 0.527799
v 0.020828 0.231760 0.527801
v 0.020827 0.231761 0.547990
v 0.020822 0.250177 0.547988
v -0.049294 0.634218 -0.425418
v 0.049294 0.628315 -0.422858
v 0.049294 0.634218 -0.425418
v -0.049294 0.628315 -0.422858
v 0.049294 0.594595 -0.516803
v -0.049294 0.588692 -0.514244
v -0.049294 0.594595 -0.516803
v 0.049294 0.588692 -0.514244
v -0.069127 0.196345 -0.373066
v 0.069127 0.196345 -0.373066
v -0.062679 0.189847 -0.364511
v 0.062679 0.189847 -0.364511
v -0.046912 0.180023 -0.352013
v 0.046912 0.180023 -0.352013
v 0.028140 0.173161 -0.343211
v -0.028140 0.173161 -0.343211
v 0.106891 0.363773 -0.237052
v 0.135833 0.429155 -0.364354
v 0.106035 0.344786 -0.238065
v 0.102479 0.352878 -0.211183
v 0.101965 0.332700 -0.212729
v 0.101203 0.348223 -0.190166
v 0.101203 0.328463 -0.190166
v 0.101227 0.258798 0.395447
v 0.101203 0.266747 0.504448
v 0.101275 0.242965 0.428272
v 0.101203 0.251136 0.504438
v 0.101283 0.164680 0.489300
v 0.101283 0.160274 0.485941
v 0.101283 0.167924 0.495030
v 0.101283 0.198554 0.526228
v 0.101283 0.251136 0.526228
v 0.101283 0.169009 0.501523
v 0.101283 0.194070 0.528385
v 0.101283 0.167251 0.507868
v 0.101283 0.163322 0.513299
v 0.101283 0.192038 0.533538
v 0.101283 0.163326 0.540675
v 0.100771 0.192038 0.540675
v 0.097080 0.163320 0.545689
v 0.096959 0.194089 0.545876
v 0.091248 0.163323 0.547993
v 0.091248 0.198556 0.547993
v 0.135833 0.351196 0.306245
v 0.112038 0.320594 0.205123
v 0.112185 0.285870 0.504429
v -0.083066 0.227278 0.569752
v -0.083066 -0.108593 0.569327
v -0.067886 0.201570 0.558967
v -0.067886 -0.111695 0.558967
v -0.048839 0.169281 0.556110
v -0.048839 -0.112572 0.556110
v -0.038791 -0.112572 0.556110
v 0.048839 0.169281 0.556110
v 0.053896 -0.112492 0.556341
v 0.038791 -0.112572 0.556110
v 0.058954 0.186427 0.556571
v 0.067886 -0.111695 0.558967
v 0.067886 0.201570 0.558967
v -0.054171 0.671271 -0.097726
v -0.054171 0.670768 -0.122712
v -0.055671 0.668314 -0.120989
v -0.055726 0.668341 -0.098254
v -0.058430 0.666509 -0.117822
v -0.059073 0.666509 -0.098658
v -0.075122 0.666509 -0.098658
v -0.075122 0.666509 -0.218064
v -0.059782 0.666509 -0.203391
v -0.084886 0.663917 -0.218064
v -0.059782 0.666509 -0.218064
v -0.084886 0.663917 -0.093108
v -0.055714 0.668052 -0.218064
v -0.091191 0.657316 -0.218064
v -0.055714 0.668052 -0.199430
v -0.054171 0.672120 -0.218064
v -0.054171 0.672120 -0.197927
v -0.091192 0.657316 -0.078975
v -0.110480 0.616318 -0.217591
v -0.108797 0.620049 0.000829
v -0.110945 0.615797 0.015401
v -0.136591 0.561220 -0.373090
v -0.110480 0.616318 -0.373090
v -0.136591 0.561220 0.139897
v -0.139194 0.553451 -0.373148
v -0.111944 0.613812 0.031952
v -0.139061 0.553587 0.142656
v -0.127068 0.580987 0.129062
v -0.140205 0.545472 -0.373090
v -0.140204 0.545472 0.144345
v -0.119740 0.596907 0.408435
v -0.127068 0.580987 0.398564
v -0.111944 0.613815 0.381838
v -0.116242 0.604442 0.418705
v -0.114927 0.607238 0.434470
v -0.111941 0.613812 0.551297
v -0.140211 0.428638 -0.358374
v -0.140205 0.430170 -0.373090
v -0.140194 0.348326 0.316792
v -0.140205 0.384918 0.439633
v -0.140205 0.385140 0.801884
v -0.140205 0.381815 0.814608
v -0.140205 0.373281 0.824478
v -0.140205 0.341465 0.843714
v -0.140205 0.341268 1.362896
v -0.140204 0.399282 1.100476
v -0.140205 0.407479 1.115583
v -0.140203 0.407479 1.102167
v -0.140204 0.545472 1.362896
v -0.140204 0.545472 1.115584
v -0.136591 0.561220 1.362896
v -0.136591 0.561220 1.115542
v -0.123151 0.589367 1.115211
v -0.110780 0.615690 1.362896
v -0.117992 0.600342 1.110201
v -0.108418 0.620730 1.364208
v -0.114754 0.607238 1.099027
v -0.107700 0.622278 0.869835
v -0.110350 0.616579 0.859643
v -0.111629 0.613828 0.848011
v -0.091192 0.657316 0.910973
v -0.104835 0.628372 1.369884
v -0.111941 0.613815 0.649988
v -0.110824 0.616046 0.559285
v -0.110625 0.616464 0.641016
v -0.108412 0.620757 0.565992
v -0.108358 0.620874 0.634978
v -0.104629 0.628788 0.630065
v -0.104608 0.628831 0.570949
v -0.100509 0.637529 0.572732
v -0.100510 0.637529 0.628286
v -0.091187 0.657314 0.572732
v -0.091187 0.657314 0.628286
v -0.084886 0.663917 0.572732
v -0.084886 0.663917 0.628286
v -0.075122 0.666509 0.628286
v -0.075122 0.666509 0.572732
v -0.054171 0.666509 0.628286
v -0.054171 0.666509 0.572732
v -0.091192 0.657316 2.171231
v -0.084886 0.663917 0.918723
v -0.084886 0.663917 2.171231
v -0.075122 0.666509 0.921765
v -0.075122 0.666509 2.171231
v -0.054171 0.666509 0.921765
v -0.054171 0.666509 2.171231
v -0.030302 0.660251 -0.086409
v 0.000000 0.660852 -0.087697
v 0.000000 0.660251 -0.086408
v 0.030302 0.660251 -0.086409
v -0.114502 0.316260 0.211903
v -0.114632 0.384918 0.439633
v -0.114632 0.385140 0.801884
v -0.114632 0.381820 0.814615
v -0.114632 0.373299 0.824503
v -0.124692 0.307659 0.864032
v -0.119136 0.290214 0.874550
v -0.115227 0.266130 0.889052
v -0.114545 0.252760 0.897105
v -0.091248 0.243806 0.547993
v -0.091248 0.070285 0.547993
v -0.098216 0.070285 0.544404
v -0.098015 0.256032 0.544817
v -0.101283 0.082840 0.537833
v -0.101283 0.262659 0.537833
v -0.101275 0.242965 0.428272
v -0.101227 0.258798 0.395447
v -0.101203 0.348223 -0.190166
v -0.101203 0.328463 -0.190166
v -0.101602 0.331940 -0.212729
v -0.102479 0.352878 -0.211183
v -0.106035 0.344786 -0.238065
v -0.106891 0.363773 -0.237052
v -0.135833 0.429155 -0.364354
v 0.054171 0.670768 -0.122712
v 0.054171 0.671271 -0.097726
v 0.055671 0.668314 -0.120989
v 0.055726 0.668341 -0.098254
v 0.058430 0.666509 -0.117822
v 0.059073 0.666509 -0.098658
v 0.075122 0.666509 -0.098658
v 0.075122 0.666509 -0.218064
v 0.059782 0.666509 -0.203391
v 0.084886 0.663917 -0.218064
v 0.059782 0.666509 -0.218064
v 0.084886 0.663917 -0.093108
v 0.055714 0.668052 -0.218064
v 0.091191 0.657316 -0.218064
v 0.055714 0.668052 -0.199430
v 0.054171 0.672120 -0.218064
v 0.054171 0.672120 -0.197927
v 0.091192 0.657316 -0.078975
v 0.110480 0.616318 -0.217591
v 0.108708 0.620049 0.000829
v 0.123710 0.588130 0.069179
v 0.136591 0.561220 0.076933
v 0.126212 0.582808 0.084880
v 0.127068 0.580987 0.101358
v 0.136591 0.561220 -0.373090
v 0.110480 0.616318 -0.373090
v 0.127068 0.580987 0.549568
v 0.139114 0.553518 0.076932
v 0.139096 0.553517 -0.373090
v 0.136591 0.561220 0.818588
v 0.140117 0.545472 0.076932
v 0.140117 0.545472 -0.373090
v 0.139140 0.553520 0.818588
v 0.140117 0.545472 0.818588
v 0.139970 0.348326 0.316792
v 0.140210 0.428638 -0.358374
v 0.140117 0.430170 -0.373090
v 0.140117 0.384918 0.439633
v 0.140117 0.385140 0.801884
v 0.140117 0.381815 0.814608
v 0.140117 0.373281 0.824478
v 0.140117 0.545472 1.362896
v 0.140117 0.341465 0.843714
v 0.140117 0.341268 1.362896
v 0.139159 0.553521 1.362896
v 0.136591 0.561220 1.362896
v 0.122892 0.589838 0.831751
v 0.126024 0.583199 0.820544
v 0.107700 0.622278 0.869835
v 0.127068 0.580987 0.807707
v 0.110780 0.615690 1.362896
v 0.127068 0.580987 0.651680
v 0.108418 0.620730 1.364208
v 0.125595 0.584127 0.639377
v 0.125595 0.584127 0.561871
v 0.121973 0.591848 0.569592
v 0.121973 0.591848 0.631656
v 0.116768 0.602912 0.628516
v 0.116768 0.602912 0.572732
v 0.091192 0.657316 0.628516
v 0.091192 0.657316 0.572732
v 0.084886 0.663917 0.628516
v 0.084886 0.663917 0.572732
v 0.075122 0.666509 0.628516
v 0.075122 0.666509 0.572732
v 0.054171 0.666509 0.628516
v 0.054171 0.666509 0.572732
v 0.091192 0.657316 0.910973
v 0.104835 0.628372 1.369884
v 0.091192 0.657316 2.171231
v 0.084886 0.663917 0.918723
v 0.084886 0.663917 2.171231
v 0.075122 0.666509 0.921765
v 0.075122 0.666509 2.171231
v 0.054171 0.666509 2.171231
v 0.054171 0.666509 0.921765
v -0.143423 0.570610 0.148087
v -0.210622 0.571033 0.225912
v -0.143423 0.570610 0.368090
v -0.134868 0.573077 0.138174
v -0.134868 0.573077 0.385170
v 0.089038 0.043787 0.532678
v 0.088989 0.029189 0.535029
v 0.089038 0.041178 0.528112
v 0.089038 0.055338 0.527880
v 0.089038 0.050427 0.519259
v 0.089048 0.067846 0.521622
v 0.089038 0.057352 0.506586
v 0.089038 0.060089 0.490505
v 0.089038 0.224866 0.416492
v 0.089038 0.060089 0.002413
v 0.089038 0.122580 -0.025312
v 0.089038 0.240947 0.399490
v 0.089038 0.161225 -0.050194
v 0.089038 0.248114 0.375845
v 0.089038 0.191135 -0.080181
v 0.089038 0.214776 -0.114431
v 0.089038 0.230642 -0.153310
v 0.089038 0.267454 0.211712
v 0.089038 0.336359 -0.373090
v 0.089038 0.240989 -0.197910
v 0.089038 0.243861 -0.228642
v 0.089038 0.244611 -0.256594
v 0.089038 0.245252 -0.373066
v -0.038791 -0.115326 0.546392
v -0.091394 -0.115326 0.546392
v -0.098810 -0.114624 0.548860
v -0.101283 -0.112504 0.556267
v -0.101283 0.034175 1.046109
v -0.083066 0.034175 1.046109
v -0.101283 0.037729 1.051310
v -0.083066 0.037729 1.051310
v -0.101283 0.043558 1.053536
v -0.083066 0.043558 1.053536
v -0.101283 0.050251 1.051832
v -0.083066 0.050251 1.051832
v -0.101283 0.207708 0.945061
v -0.054171 0.683125 -0.196673
v -0.054171 0.694724 -0.218064
v -0.054171 0.686727 -0.193078
v -0.054171 0.703185 -0.221862
v -0.054171 0.686727 -0.127555
v -0.054171 0.707286 -0.231035
v -0.054171 0.707286 0.057970
v -0.054171 0.683125 -0.123966
v -0.054171 0.660251 -0.075191
v -0.054171 0.660251 0.572732
v -0.054171 0.707286 2.171231
v -0.054171 0.660251 0.914419
v -0.054171 0.660251 0.628286
v 0.107410 0.621712 -0.217723
v 0.107410 0.621712 -0.373090
v 0.102220 0.627893 -0.217880
v 0.100770 0.627998 -0.373090
v 0.094457 0.632010 -0.218012
v 0.094457 0.632010 -0.373090
v 0.082706 0.633972 -0.218064
v 0.082706 0.633972 -0.373090
v -0.082706 0.633972 -0.373090
v -0.082706 0.633972 -0.218064
v -0.093241 0.632213 -0.373090
v -0.093241 0.632213 -0.218017
v -0.100879 0.627929 -0.373090
v -0.102435 0.627844 -0.217876
v -0.107410 0.621712 -0.373090
v -0.107410 0.621712 -0.217723
v -0.112682 0.266130 0.899198
v -0.112437 0.374318 0.828868
v -0.112437 0.385451 0.816352
v -0.112437 0.389194 0.800328
v -0.112437 0.389194 0.451105
v -0.112437 0.280737 0.547990
v -0.112437 0.384352 0.418050
v -0.112436 0.320594 0.205123
v 0.038791 -0.115326 0.546392
v 0.038791 -0.154174 0.546392
v 0.091394 -0.154174 0.546392
v 0.091394 -0.115326 0.546392
v 0.098810 -0.153431 0.548860
v 0.098810 -0.114624 0.548860
v 0.101283 -0.151220 0.556267
v 0.101283 -0.112504 0.556267
v 0.101283 0.034175 1.046109
v 0.101283 0.002352 1.069736
v 0.101283 0.037729 1.051310
v 0.101283 0.015175 1.112415
v 0.101283 0.043558 1.053536
v 0.101283 0.021367 1.119981
v 0.101282 0.030729 1.122802
v 0.101283 0.040071 1.119916
v 0.101283 0.050251 1.051832
v 0.101283 0.156194 1.041187
v 0.101283 0.207708 0.945061
v 0.101283 0.167503 1.036683
v 0.101283 0.207708 1.036557
v 0.112186 0.278057 0.572480
v 0.112278 0.240305 0.922979
v 0.112556 0.266130 0.899198
v 0.112185 0.282007 0.569783
v 0.112185 0.374318 0.828868
v 0.112185 0.313792 0.569783
v 0.112185 0.320963 0.547985
v 0.112185 0.313792 0.547985
v 0.112185 0.385451 0.816352
v 0.112185 0.324906 0.546671
v 0.112185 0.389194 0.800328
v 0.112185 0.326221 0.542728
v 0.112185 0.389194 0.451105
v 0.112185 0.326221 0.531478
v 0.112185 0.324906 0.527535
v 0.112185 0.320963 0.526221
v 0.112175 0.384352 0.418050
v 0.112185 0.313792 0.504438
v 0.112185 0.313792 0.526222
v -0.038791 0.048032 0.522398
v 0.038791 0.048032 0.522398
v -0.038791 0.050087 0.528408
v 0.038791 0.050087 0.528408
v -0.038791 0.057840 0.529403
v 0.038791 0.057840 0.529403
v -0.038791 0.064675 0.525564
v 0.038791 0.064675 0.525564
v 0.038791 0.070285 0.513303
v -0.038791 0.070285 0.513303
v 0.052919 0.666509 -0.123966
v 0.052919 0.666509 -0.196673
v 0.041365 0.666509 -0.123966
v 0.041365 0.666509 -0.196673
v -0.124692 0.307659 1.362896
v -0.119136 0.290214 1.362896
v -0.115227 0.266130 1.362896
v -0.114545 0.252760 1.362896
v -0.114545 0.221594 1.035525
v -0.114588 0.221594 1.362896
v -0.114545 0.218356 1.027020
v -0.114545 0.221910 0.927196
v -0.114613 0.234532 0.902253
v -0.114545 0.212306 1.022405
v -0.114545 0.204218 1.020556
v -0.114545 0.195547 1.023813
v -0.114545 0.056768 1.039202
v -0.114360 0.079760 1.102301
v -0.114360 0.006980 1.102301
v -0.114555 0.040145 1.031682
v -0.110238 0.060131 1.115621
v -0.114556 0.028381 1.007014
v -0.114556 -0.150632 0.575949
v -0.114556 -0.100743 0.575949
v -0.110238 0.011022 1.115621
v -0.097183 0.041428 1.128338
v -0.097183 0.014883 1.128338
v 0.114545 0.252760 0.897105
v 0.114613 0.234532 0.902253
v 0.114497 0.239972 0.861356
v 0.114632 0.373299 0.824503
v 0.114767 0.277119 0.547976
v 0.114646 0.320963 0.547984
v 0.114632 0.381820 0.814615
v 0.114636 0.324906 0.546671
v 0.114632 0.385140 0.801884
v 0.114632 0.326221 0.542728
v 0.114632 0.384918 0.439633
v 0.114632 0.326221 0.531485
v 0.114635 0.324906 0.527542
v 0.114644 0.320963 0.526227
v 0.114734 0.279473 0.526221
v 0.114502 0.316260 0.211903
v 0.100008 0.209834 1.036557
v 0.104399 0.214479 1.036557
v 0.093812 0.207698 1.036557
v 0.083066 0.167503 1.036683
v 0.083066 0.207698 1.036557
v 0.083066 0.156194 1.041187
v 0.083066 0.112234 1.070992
v -0.101283 0.040071 1.119916
v -0.083066 0.112234 1.070992
v -0.101282 0.030729 1.122802
v -0.101283 0.156194 1.041187
v -0.083066 0.156194 1.041187
v -0.101283 0.021367 1.119981
v -0.101283 0.167503 1.036683
v -0.083066 0.167503 1.036683
v -0.101283 0.015175 1.112415
v -0.093812 0.207698 1.036557
v -0.083066 0.207698 1.036557
v -0.101283 0.207708 1.036557
v -0.100008 0.209834 1.036557
v -0.104399 0.214479 1.036557
v -0.070486 0.009184 1.092550
v 0.070486 0.009184 1.092550
v -0.075094 0.008270 1.089498
v 0.075094 0.008270 1.089498
v -0.101283 0.002352 1.069736
v -0.083066 0.002694 1.071010
v 0.083066 0.002694 1.071010
v -0.083066 -0.146442 0.572241
v 0.083066 -0.146442 0.572241
v -0.101283 -0.151220 0.556267
v -0.078465 -0.148596 0.565063
v -0.098810 -0.153431 0.548860
v -0.070656 -0.150047 0.560174
v -0.061956 -0.150965 0.557139
v -0.091394 -0.154174 0.546392
v -0.052800 -0.151266 0.556110
v -0.038791 -0.154174 0.546392
v 0.052800 -0.151266 0.556110
v -0.038791 -0.156689 0.537985
v 0.038791 -0.156689 0.537985
v 0.061956 -0.150965 0.557139
v 0.070656 -0.150047 0.560174
v 0.096338 -0.152697 0.551329
v 0.078465 -0.148596 0.565063
v 0.124692 0.307659 0.864032
v 0.124692 0.307659 1.362896
v 0.119136 0.290214 0.874550
v 0.119136 0.290214 1.362896
v 0.115227 0.266130 0.889052
v 0.115227 0.266130 1.362896
v 0.114545 0.252760 1.362896
v 0.114545 0.221594 1.035525
v 0.114588 0.221594 1.362896
v 0.114545 0.218356 1.027020
v 0.114545 0.221910 0.927196
v 0.114545 0.212306 1.022405
v 0.114545 0.204218 1.020556
v 0.114545 0.195547 1.023813
v 0.114545 0.056768 1.039202
v 0.114360 0.079760 1.102301
v 0.114360 0.006980 1.102301
v 0.114554 0.042899 1.035708
v 0.110238 0.060131 1.115621
v 0.114556 0.028381 1.007014
v 0.114556 -0.150632 0.575949
v 0.114556 -0.100743 0.575949
v 0.110238 0.011022 1.115621
v 0.097183 0.041428 1.128338
v 0.097183 0.014883 1.128338
v 0.063214 0.278682 0.556126
v 0.063214 0.278682 0.547985
v 0.060577 0.272291 0.556126
v 0.060577 0.272291 0.547985
v 0.054318 0.269787 0.556126
v 0.054318 0.269787 0.547985
v -0.020853 0.269786 0.556126
v -0.020853 0.269786 0.547985
v 0.109846 0.308115 0.526228
v 0.109846 0.308115 0.504429
v 0.103735 0.305478 0.526228
v 0.103735 0.305478 0.504429
v 0.074041 0.305478 0.526228
v 0.074041 0.305478 0.504429
v 0.065921 0.302829 0.526228
v 0.065921 0.302829 0.504429
v 0.063214 0.294882 0.526228
v 0.063214 0.294882 0.504429
v 0.063214 0.269787 0.504429
v 0.063214 0.269787 0.526228
v 0.066304 0.262259 0.526228
v 0.066304 0.262259 0.504429
v 0.075060 0.259450 0.526228
v 0.075060 0.259450 0.504429
v 0.092968 0.259450 0.504429
v 0.092968 0.259450 0.526228
v 0.098835 0.257003 0.526228
v 0.098835 0.257003 0.504429
v -0.105751 0.617405 1.364153
v -0.101533 0.621887 1.364851
v -0.101533 0.621887 1.369626
v -0.096114 0.622278 1.364758
v -0.082091 0.652063 1.364837
v -0.082091 0.652063 2.171231
v -0.076680 0.658138 2.171231
v -0.076680 0.658138 1.364837
v -0.069086 0.660251 2.171231
v -0.069086 0.660251 1.364837
v 0.038791 0.041178 0.528112
v 0.038791 0.029189 0.535029
v 0.038791 0.012665 0.537980
v -0.083066 0.207698 1.070992
v -0.052919 0.666509 -0.123966
v -0.052919 0.666509 -0.196673
v -0.041365 0.666509 -0.123966
v -0.041365 0.666509 -0.196673
v -0.102204 0.212157 1.362896
v -0.093812 0.207698 1.362896
v -0.075120 0.207698 1.362896
v 0.075120 0.207698 1.362896
v 0.093812 0.207698 1.362896
v 0.083066 0.207698 1.070992
v 0.102204 0.212157 1.362896
v 0.096114 0.622278 1.364912
v 0.096114 0.622278 0.869836
v 0.101518 0.621887 1.364886
v 0.101530 0.621885 0.869373
v 0.105751 0.617405 1.364153
v 0.104904 0.619216 0.866229
v 0.118624 0.589838 0.831751
v 0.108118 0.612345 1.362896
v 0.134448 0.556066 1.362896
v 0.134448 0.556066 0.821397
v 0.121752 0.583199 0.820544
v 0.122794 0.580987 0.807707
v 0.122794 0.580987 0.651680
v 0.135833 0.549835 1.362896
v 0.134448 0.556067 0.549568
v 0.122794 0.580987 0.549568
v 0.121325 0.584127 0.639377
v 0.121325 0.584127 0.561871
v 0.117712 0.591848 0.569592
v 0.117712 0.591848 0.631656
v 0.112520 0.602912 0.628516
v 0.112520 0.602912 0.572732
v 0.104904 0.619216 0.628516
v 0.104904 0.619216 0.572732
v 0.101530 0.621885 0.628516
v 0.101530 0.621885 0.572732
v 0.096114 0.622278 0.628516
v 0.096114 0.622278 0.572732
v 0.122794 0.580987 0.101358
v 0.134448 0.556067 -0.373090
v 0.121943 0.582806 0.084879
v 0.119455 0.588122 0.069175
v 0.104904 0.619216 0.002498
v 0.104904 0.619216 -0.373090
v 0.101533 0.621888 -0.003230
v 0.101533 0.621887 -0.373090
v 0.096114 0.622278 -0.004066
v 0.135833 0.549835 0.549568
v 0.135833 0.549835 -0.373090
v 0.135833 0.430170 -0.373090
v 0.135833 0.384389 0.418039
v 0.135833 0.389194 0.451105
v 0.135833 0.389194 0.800328
v 0.135833 0.549835 0.821397
v 0.135833 0.385451 0.816352
v 0.135833 0.374318 0.828868
v 0.135834 0.341865 0.849964
v 0.135833 0.341865 1.362896
v 0.082091 0.652063 0.904807
v 0.082091 0.652063 1.364837
v 0.076680 0.658138 0.911938
v 0.076680 0.658138 1.364837
v 0.069086 0.660251 0.914419
v 0.069086 0.660251 1.364837
v 0.069086 0.660251 2.171231
v 0.076680 0.658138 2.171231
v 0.082091 0.652063 2.171231
v 0.101518 0.621887 1.369626
v -0.038791 0.012665 0.537980
v -0.038791 0.029189 0.535029
v -0.038791 0.041178 0.528112
v -0.051125 0.747972 0.517163
v -0.051125 0.747972 0.905893
v -0.072905 0.726103 0.905893
v -0.072904 0.726103 0.481931
v -0.072905 0.726103 1.364836
v -0.072905 0.726103 0.057970
v -0.051125 0.747972 0.093201
v -0.051125 0.747972 0.481931
v -0.072905 0.726103 -0.277943
v -0.051125 0.747972 0.057970
v -0.051125 0.747972 -0.303327
v -0.044740 0.747972 -0.310860
v -0.042093 0.747972 -0.312102
v -0.051125 0.747972 1.329855
v -0.051125 0.747972 0.941124
v -0.051125 0.747972 1.365086
v -0.072905 0.726102 2.145468
v -0.051125 0.747972 1.753775
v -0.056169 0.742907 2.116796
v -0.056152 0.742925 2.145468
v -0.054342 0.744742 2.112340
v -0.051125 0.747972 2.109807
v -0.051125 0.747972 1.788986
v -0.039147 0.747972 2.109807
v -0.039147 0.747972 1.788986
v -0.048618 0.737002 1.753859
v -0.048618 0.737002 1.365086
v -0.059468 0.726120 1.365086
v -0.059468 0.726120 1.773327
v -0.059468 0.726120 2.145468
v -0.048618 0.737002 2.145468
v -0.048618 0.737002 1.789111
v -0.039147 0.737002 1.789111
v -0.039147 0.737002 2.145468
v -0.048618 0.737002 1.329855
v -0.059468 0.726120 0.923509
v -0.048618 0.737002 0.941124
v -0.048618 0.737002 0.905893
v -0.059468 0.726120 0.499547
v -0.048618 0.737002 0.517163
v -0.059468 0.726120 -0.293541
v -0.048618 0.737002 0.093201
v -0.048618 0.737002 0.481931
v -0.048618 0.737002 0.057970
v -0.048618 0.737002 -0.306387
v -0.044740 0.737003 -0.310860
v -0.042093 0.737003 -0.312102
v 0.048618 0.737002 0.057970
v 0.051125 0.747972 0.057970
v 0.048618 0.737002 0.481931
v 0.051125 0.747972 0.481931
v 0.051125 0.747972 0.517163
v 0.051125 0.747972 0.905893
v 0.072905 0.726103 0.905893
v 0.072904 0.726103 0.481931
v 0.072905 0.726103 1.364836
v 0.072905 0.726103 0.057970
v 0.051125 0.747972 0.093201
v 0.072905 0.726103 -0.277943
v 0.051125 0.747972 -0.303327
v 0.044740 0.747972 -0.310860
v 0.042093 0.747972 -0.312102
v 0.051125 0.747972 1.329855
v 0.051125 0.747972 0.941124
v 0.051125 0.747972 1.365086
v 0.072905 0.726102 2.145468
v 0.051125 0.747972 1.753775
v 0.056169 0.742907 2.116796
v 0.056152 0.742925 2.145468
v 0.054342 0.744742 2.112340
v 0.051125 0.747972 2.109807
v 0.051125 0.747972 1.788986
v 0.039147 0.747972 2.109807
v 0.039147 0.747972 1.788986
v 0.039147 0.744751 2.112340
v 0.039147 0.742920 2.116796
v 0.039147 0.742925 2.145468
v 0.039147 0.737002 2.145468
v 0.039147 0.737002 1.789111
v 0.048618 0.737002 0.905893
v 0.048618 0.737002 1.329855
v 0.048618 0.737002 1.753859
v 0.048618 0.737002 2.145468
v 0.059468 0.726120 2.145468
v 0.052937 0.633944 -0.426050
v 0.052937 0.628041 -0.423490
v 0.057093 0.632905 -0.428446
v 0.057093 0.627002 -0.425886
v 0.059705 0.631252 -0.432259
v 0.059705 0.625349 -0.429700
v 0.060394 0.623900 -0.433042
v 0.060394 0.629802 -0.435601
v 0.060394 0.593108 -0.504060
v 0.060394 0.599011 -0.506620
v 0.059705 0.597561 -0.509962
v 0.059705 0.591658 -0.507402
v 0.057093 0.590005 -0.511216
v 0.057093 0.595908 -0.513775
v 0.052937 0.594869 -0.516171
v 0.052937 0.588966 -0.513612
v -0.052937 0.588966 -0.513612
v -0.052937 0.594869 -0.516171
v -0.057093 0.590005 -0.511216
v -0.057093 0.595908 -0.513775
v -0.059705 0.597561 -0.509962
v -0.059705 0.591658 -0.507402
v -0.060394 0.593108 -0.504060
v -0.060394 0.599011 -0.506620
v -0.060394 0.629802 -0.435601
v -0.060394 0.623900 -0.433042
v -0.059705 0.631252 -0.432259
v -0.059705 0.625349 -0.429700
v -0.057093 0.627002 -0.425886
v -0.057093 0.632905 -0.428446
v -0.052937 0.628041 -0.423490
v -0.052937 0.633944 -0.426050
v -0.084555 0.339232 -0.373090
v -0.084555 0.244739 -0.270009
v -0.084555 0.245252 -0.373090
v -0.084555 0.241167 -0.207117
v -0.084555 0.250920 0.376313
v -0.084555 0.228875 -0.145486
v -0.084555 0.205948 -0.100586
v -0.084555 0.145786 -0.041530
v -0.084555 0.234562 0.408367
v -0.084556 0.070285 -0.001909
v -0.084556 0.070285 0.521592
v -0.110314 0.343422 -0.233013
v -0.110159 0.360990 -0.230201
v -0.108062 0.355512 -0.219304
v -0.108172 0.336664 -0.222235
v -0.105965 0.350944 -0.207195
v -0.106030 0.330815 -0.210244
v -0.104991 0.347671 -0.193902
v -0.104984 0.326960 -0.196985
v -0.104018 0.344398 -0.180609
v -0.103938 0.323105 -0.183726
v -0.103938 0.277214 0.210892
v -0.103986 0.298294 0.211815
v -0.103938 0.256736 0.386977
v -0.103938 0.230292 0.790643
v -0.103938 0.249718 0.412185
v -0.103938 0.233833 0.432491
v -0.103938 0.223093 0.818454
v -0.103938 0.214056 0.838398
v -0.103938 0.076512 0.537709
v -0.103938 0.055277 0.544605
v -0.103938 0.048253 0.950093
v -0.103938 0.032744 0.943980
v -0.103938 0.032350 0.549117
v -0.103938 0.021436 0.922676
v -0.103938 0.012665 0.551035
v -0.103938 -0.089391 0.551039
v 0.084555 0.339232 -0.373090
v 0.084555 0.245252 -0.373090
v 0.084555 0.244739 -0.270009
v 0.084555 0.241167 -0.207117
v 0.084555 0.250920 0.376313
v 0.084555 0.228875 -0.145486
v 0.084555 0.205948 -0.100586
v 0.084555 0.145786 -0.041530
v 0.084555 0.234562 0.408367
v 0.084556 0.070285 -0.001909
v 0.084556 0.070285 0.521592
v 0.101283 0.349481 -0.373090
v 0.098898 0.157175 0.484496
v 0.096498 0.152977 0.483718
v 0.094306 0.146483 0.484803
v 0.093889 0.140754 0.488047
v 0.095744 0.136929 0.493405
v 0.099016 0.135240 0.499377
v 0.101283 0.082840 0.537833
v 0.099231 0.070285 0.543306
v 0.101283 0.135427 0.502592
v 0.110314 0.343422 -0.233013
v 0.110159 0.360990 -0.230201
v 0.108062 0.355512 -0.219304
v 0.107940 0.336553 -0.222158
v 0.105965 0.350944 -0.207195
v 0.106030 0.330815 -0.210244
v 0.104695 0.347088 -0.193351
v 0.104619 0.326182 -0.196449
v 0.104018 0.344398 -0.180609
v 0.103938 0.323105 -0.183726
v 0.103938 0.277155 0.211401
v 0.103954 0.297862 0.211716
v 0.103938 0.256736 0.386977
v 0.103903 0.260557 0.526230
v 0.103938 0.249718 0.412185
v 0.103938 0.233833 0.432491
v 0.103938 0.198553 0.526228
v 0.103938 0.161317 0.486428
v 0.103938 0.157175 0.484496
v 0.103938 0.164680 0.489300
v 0.103938 0.167924 0.495030
v 0.103938 0.169009 0.501524
v 0.103938 0.194070 0.528385
v 0.103938 0.167251 0.507868
v 0.103938 0.192038 0.533538
v 0.103938 0.192038 0.540675
v 0.103938 0.163322 0.614992
v 0.103938 0.163322 0.513299
v 0.103938 0.194089 0.545876
v 0.103938 0.198556 0.547993
v 0.103803 0.258227 0.547994
v 0.103938 0.230292 0.790643
v 0.103938 0.161555 0.619849
v 0.103938 0.223495 0.820157
v 0.103938 0.156756 0.621732
v 0.103938 0.214056 0.838398
v 0.103938 0.147283 0.621732
v 0.103938 0.048253 0.950093
v 0.103938 0.035580 0.946129
v 0.103938 0.142396 0.619779
v 0.103938 0.021436 0.922676
v 0.103938 0.140606 0.615163
v 0.103938 0.012665 0.551035
v 0.103938 -0.089391 0.551039
v 0.103938 0.032350 0.549117
v 0.103938 0.055277 0.544605
v 0.103938 0.076512 0.537709
v 0.103938 0.140606 0.513232
v 0.103938 0.136256 0.506244
v 0.103938 0.135240 0.499377
v -0.111777 -0.100034 0.562975
v -0.114497 0.239972 0.861356
v -0.040612 0.709305 -0.218064
v -0.040612 0.694724 -0.218064
v -0.040612 0.703185 -0.221862
v -0.040612 0.707286 -0.231035
v -0.040612 0.709305 -0.312022
v -0.040612 0.707286 -0.312022
v -0.089038 0.041178 0.528112
v -0.089038 0.029189 0.535029
v -0.089038 0.043787 0.532678
v -0.089038 0.055338 0.527880
v -0.089038 0.050427 0.519259
v -0.089048 0.067846 0.521989
v -0.089038 0.057352 0.506586
v -0.089038 0.060089 0.490505
v -0.089038 0.224866 0.416492
v -0.089038 0.060089 0.002413
v -0.089038 0.108320 -0.017598
v -0.089038 0.240947 0.399490
v -0.089038 0.136840 -0.033026
v -0.089038 0.161225 -0.050194
v -0.089038 0.248114 0.375845
v -0.089038 0.182198 -0.069436
v -0.089038 0.200073 -0.090926
v -0.089038 0.214776 -0.114431
v -0.089038 0.226392 -0.139863
v -0.089038 0.267454 0.211712
v -0.089038 0.234892 -0.166757
v -0.089038 0.336359 -0.373090
v -0.089038 0.240989 -0.197910
v -0.089038 0.243861 -0.228642
v -0.089038 0.244611 -0.256594
v -0.089038 0.245252 -0.373066
v 0.083066 -0.151744 0.572241
v 0.078465 -0.153894 0.565063
v 0.070656 -0.155360 0.560174
v 0.061956 -0.156269 0.557139
v 0.052800 -0.156578 0.556110
v -0.052800 -0.156578 0.556110
v -0.061956 -0.156269 0.557139
v -0.070656 -0.155360 0.560174
v -0.078465 -0.153894 0.565063
v -0.083066 -0.151744 0.572241
v -0.083066 -0.002479 1.071010
v -0.075094 0.003117 1.089498
v -0.070486 0.004035 1.092550
v -0.101283 0.349481 -0.373090
v -0.055704 0.660251 -0.081634
v -0.059519 0.660251 -0.085257
v -0.069086 0.660251 -0.085257
v -0.076680 0.658138 -0.080734
v -0.082090 0.652063 -0.067725
v -0.101533 0.621888 -0.003230
v -0.096114 0.622278 -0.004066
v -0.104904 0.619216 0.002498
v -0.106625 0.615537 0.016062
v -0.107426 0.613825 0.032005
v -0.107572 0.613830 0.381864
v -0.097903 0.613825 0.551350
v -0.097975 0.613828 0.381863
v -0.095439 0.617190 0.561320
v -0.090292 0.622429 0.567501
v -0.089172 0.628864 0.570981
v -0.088080 0.635143 0.572608
v -0.082962 0.652082 0.572732
v -0.076680 0.658138 0.572732
v -0.069086 0.660251 0.572732
v 0.054171 0.683125 -0.196673
v 0.040612 0.709305 -0.218064
v 0.040612 0.703185 -0.221862
v 0.040612 0.694724 -0.218064
v 0.040612 0.707286 -0.231035
v 0.040612 0.709305 -0.312022
v 0.040612 0.707286 -0.312022
v 0.111777 -0.100034 0.562975
v 0.055704 0.660251 -0.081634
v 0.054171 0.660251 -0.075191
v 0.059519 0.660251 -0.085257
v 0.069086 0.660251 -0.085257
v 0.076680 0.658138 -0.080734
v 0.082090 0.652063 -0.067725
v 0.082090 0.652063 0.572732
v 0.076680 0.658138 0.572732
v 0.069086 0.660251 0.572732
v 0.054171 0.660251 0.572732
v -0.111157 0.566967 0.437860
v -0.109143 0.578680 0.443130
v -0.108162 0.584149 0.456440
v -0.108162 0.584149 1.099027
v -0.058896 0.186323 0.556105
v -0.083066 0.227278 0.556094
v -0.135833 0.351196 0.306245
v 0.094401 0.140605 0.547196
v 0.099191 0.140605 0.543419
v 0.101283 0.140609 0.537833
v 0.101283 0.140607 0.513232
v 0.101283 0.136257 0.506244
v 0.100748 0.136929 0.493406
v 0.098920 0.140754 0.488047
v 0.099346 0.146483 0.484803
v 0.101541 0.152976 0.483718
v 0.058896 0.186323 0.556105
v 0.094401 0.070285 0.547196
v 0.063214 0.294882 0.547985
v 0.065921 0.302829 0.547985
v 0.074041 0.305478 0.547985
v 0.103735 0.305478 0.547985
v 0.109846 0.308115 0.547985
v -0.082090 0.652064 -0.205086
v 0.082090 0.652064 -0.205086
v -0.076680 0.658138 -0.205086
v 0.076680 0.658138 -0.205086
v -0.069086 0.660251 -0.205086
v 0.069086 0.660251 -0.205086
v -0.102997 0.602112 0.381865
v -0.103749 0.588837 0.381865
v -0.134454 0.556069 0.381864
v -0.099538 0.575553 0.381865
v -0.135833 0.549836 0.381864
v -0.127226 0.457716 0.381865
v -0.129472 0.442340 0.381865
v -0.135827 0.384389 0.381864
v -0.132552 0.390546 0.381865
v -0.133680 0.384352 0.381865
v -0.133680 0.384352 0.418050
v -0.135833 0.384352 0.418050
v 0.063214 0.269787 0.556126
v 0.063954 0.265265 0.556126
v 0.069877 0.260096 0.556126
v 0.078313 0.258677 0.556126
v 0.082316 0.254762 0.569783
v 0.078313 0.258677 0.569783
v 0.069877 0.260096 0.569783
v 0.063954 0.265265 0.569783
v 0.063214 0.269787 0.569783
v 0.063214 0.294882 0.569783
v 0.065921 0.302829 0.569783
v 0.074041 0.305478 0.569783
v 0.103735 0.305478 0.569783
v 0.109846 0.308115 0.569783
v -0.030302 0.660251 0.914419
v -0.069086 0.660251 0.914419
v 0.030302 0.660251 0.914419
v 0.054171 0.660251 0.628516
v 0.054171 0.660251 0.914419
v -0.054171 0.707286 -0.299793
v -0.044740 0.707286 -0.310860
v -0.042720 0.707286 -0.312022
v -0.041365 0.683125 -0.196673
v -0.041365 0.686727 -0.193078
v -0.041365 0.686727 -0.127555
v -0.041365 0.683125 -0.123966
v 0.041365 0.683125 -0.196673
v 0.041365 0.686727 -0.193078
v 0.054171 0.686727 -0.193078
v 0.041365 0.686727 -0.127555
v 0.054171 0.686727 -0.127555
v 0.041365 0.683125 -0.123966
v 0.054171 0.683125 -0.123966
v 0.054171 0.694724 -0.218064
v 0.054171 0.703185 -0.221862
v 0.054171 0.707286 -0.231035
v 0.054171 0.707286 -0.299793
v 0.044740 0.707286 -0.310860
v 0.042720 0.707286 -0.312022
v 0.054171 0.707286 0.057970
v 0.054171 0.707286 2.171231
v -0.132094 0.398244 1.099845
v -0.131611 0.406373 1.102165
v -0.128349 0.450028 1.102165
v -0.132304 0.450691 1.102167
v -0.116962 0.535223 1.102166
v -0.109014 0.535223 1.102166
v -0.114190 0.551307 1.095390
v -0.105235 0.551307 1.095390
v -0.132552 0.390546 1.136341
v -0.129472 0.442340 1.136341
v -0.135833 0.549835 1.136349
v -0.127226 0.457716 1.136341
v -0.099538 0.575553 1.136342
v -0.134448 0.556066 1.136349
v -0.103749 0.588837 1.136342
v -0.102997 0.602112 1.136342
v -0.104904 0.619216 1.136343
v -0.098414 0.613136 1.136342
v -0.101533 0.621887 1.136345
v -0.096114 0.622278 1.136351
v -0.090292 0.622429 1.136341
v -0.086548 0.641058 1.136341
v -0.083942 0.648131 1.136344
v -0.112316 0.562165 1.115584
v -0.109624 0.576412 1.109668
v -0.114305 0.551307 0.453867
v -0.116650 0.536551 0.447244
v -0.131193 0.450487 0.447229
v -0.139238 0.402880 0.447221
v -0.140086 0.396383 0.449855
v -0.132205 0.396383 0.449855
v -0.131818 0.402880 0.447221
v -0.128349 0.450028 0.447221
v -0.108702 0.536551 0.447244
v -0.105235 0.551307 0.453867
v 0.040612 0.709305 1.365086
v -0.040612 0.709305 2.171231
v 0.040612 0.709305 2.171231
v -0.040612 0.709305 1.365086
v -0.076680 0.658138 0.911938
v -0.082091 0.652063 0.904807
v -0.086548 0.641058 0.891883
v -0.090292 0.622429 0.870023
v -0.095930 0.616522 0.859422
v -0.097878 0.613867 0.848011
v -0.097939 0.613829 0.649998
v -0.095629 0.616943 0.640019
v -0.090292 0.622429 0.633545
v -0.089211 0.628646 0.630044
v -0.088080 0.635143 0.628418
v -0.082962 0.652082 0.628286
v -0.076680 0.658138 0.628286
v -0.069086 0.660251 0.628286
v 0.083066 -0.002479 1.071010
v 0.075094 0.003117 1.089498
v 0.070486 0.004035 1.092550
v 0.082090 0.652063 0.628516
v 0.076680 0.658138 0.628516
v 0.069086 0.660251 0.628516
v -0.108118 0.612345 1.362896
v -0.134448 0.556066 1.362896
v -0.135834 0.549835 1.362896
v -0.135833 0.341865 1.362896
v -0.120399 0.307659 1.362896
v -0.115735 0.290214 1.362896
v -0.112556 0.266130 1.362896
v -0.112185 0.238327 1.362896
v -0.109725 0.225708 1.362896
v -0.109615 0.221594 1.362896
v -0.109615 0.216039 1.362896
v -0.101601 0.205273 1.362896
v -0.090667 0.196250 1.362896
v -0.077700 0.192851 1.362896
v 0.077700 0.192851 1.362896
v 0.090667 0.196250 1.362896
v 0.101601 0.205273 1.362896
v 0.109615 0.216039 1.362896
v 0.109615 0.221594 1.362896
v 0.109725 0.225708 1.362896
v 0.112185 0.238327 1.362896
v 0.112556 0.266130 1.362896
v 0.115735 0.290214 1.362896
v 0.120399 0.307659 1.362896
v -0.082091 0.652063 1.136343
v -0.132805 0.389194 0.451105
v -0.132774 0.389194 0.800328
v -0.133453 0.385451 0.816352
v -0.120399 0.307659 0.872197
v -0.135834 0.341865 0.849964
v -0.115735 0.290214 0.883541
v -0.109725 0.225708 0.942990
v -0.109615 0.216000 1.165084
v -0.109615 0.221594 1.035525
v -0.109615 0.213336 1.148612
v -0.109615 0.208112 1.132985
v -0.109615 0.199337 1.118244
v -0.109615 0.218356 1.027020
v -0.109615 0.188013 1.106495
v -0.109615 0.212306 1.022405
v -0.109615 0.175907 1.098448
v -0.109615 0.204218 1.020556
v -0.109615 0.195547 1.023813
v -0.109615 0.162954 1.092227
v -0.109615 0.149565 1.088227
v -0.109615 0.101960 1.087264
v 0.109615 0.216000 1.165084
v 0.109615 0.221594 1.035525
v 0.109615 0.213336 1.148612
v 0.109615 0.208112 1.132985
v 0.109615 0.199337 1.118244
v 0.109615 0.218356 1.027020
v 0.109615 0.188013 1.106495
v 0.109615 0.212306 1.022405
v 0.109615 0.175907 1.098448
v 0.109615 0.204218 1.020556
v 0.109615 0.195547 1.023813
v 0.109615 0.162954 1.092227
v 0.109615 0.149565 1.088227
v 0.109615 0.101960 1.087264
v 0.120399 0.307659 0.872197
v 0.115735 0.290214 0.883541
v 0.109725 0.225708 0.942990
v 0.055250 0.060089 -0.062733
v -0.028140 0.060089 -0.074909
v 0.028180 0.060089 -0.074908
v -0.055250 0.060089 -0.062733
v 0.078323 0.060090 -0.038465
v -0.078323 0.060090 -0.038465
v -0.087668 0.060089 -0.014469
v 0.087668 0.060089 -0.014469
v -0.081980 0.012665 0.537980
v 0.082910 0.012665 0.537980
v -0.081980 -0.162008 0.537985
v 0.081980 -0.162008 0.537985
v -0.039147 0.744751 2.112340
v -0.039147 0.742920 2.116796
v -0.039147 0.742925 2.145468
v 0.044740 0.737003 -0.310860
v 0.042093 0.737003 -0.312102
v 0.048618 0.737002 -0.306387
v 0.059468 0.726120 -0.293541
v 0.059468 0.726120 0.499547
v 0.048618 0.737002 0.093201
v 0.059468 0.726120 0.923509
v 0.048618 0.737002 0.517163
v 0.059468 0.726120 1.365086
v 0.048618 0.737002 0.941124
v 0.059468 0.726120 1.773327
v 0.048618 0.737002 1.365086
v 0.048618 0.737002 1.789111
v -0.042720 0.709852 -0.312022
v -0.044740 0.711420 -0.310860
v 0.042720 0.709852 -0.312022
v 0.044740 0.711420 -0.310860
v -0.135833 0.430170 -0.373090
v -0.043508 0.070285 -0.043269
v 0.061044 0.070285 -0.036855
v 0.043508 0.070285 -0.043269
v -0.061044 0.070285 -0.036855
v -0.075879 0.070285 -0.023430
v 0.075879 0.070285 -0.023430
v 0.000000 0.660852 -0.218064
v -0.111777 -0.154520 0.562975
v -0.103994 -0.158096 0.551039
v -0.094417 -0.160548 0.542858
v -0.095922 0.012665 0.543132
v -0.103995 0.345537 -0.373090
v 0.111777 -0.154520 0.562975
v 0.103994 -0.158096 0.551039
v 0.094417 -0.160548 0.542858
v 0.094898 0.012665 0.542513
v 0.103995 0.345537 -0.373090
v -0.101601 0.087060 1.097356
v -0.090667 0.074568 1.105817
v -0.077795 0.069480 1.109264
v 0.077795 0.069480 1.109264
v 0.090667 0.074568 1.105817
v 0.101601 0.087060 1.097356
v -0.135833 0.374318 0.828868
v -0.044763 0.711420 1.365086
v 0.044763 0.711420 1.365086
v 0.080843 0.231710 -0.373090
v 0.076223 0.225337 -0.270009
v 0.071604 0.219992 -0.373090
v 0.061044 0.210853 -0.270009
v 0.061044 0.211800 -0.373090
v 0.076236 0.220946 -0.209583
v 0.043508 0.205506 -0.270009
v 0.049426 0.206731 -0.373090
v 0.037589 0.205309 -0.373090
v 0.061044 0.207157 -0.211761
v 0.043508 0.202939 -0.213240
v -0.043508 0.205506 -0.270009
v -0.037589 0.205309 -0.373090
v -0.049426 0.206731 -0.373090
v -0.043508 0.202939 -0.213240
v -0.061044 0.210853 -0.270009
v -0.061044 0.211800 -0.373090
v -0.071604 0.219992 -0.373090
v -0.076223 0.225337 -0.270009
v -0.080843 0.231710 -0.373090
v -0.061044 0.207157 -0.211761
v -0.076236 0.220946 -0.209583
v -0.076257 0.207801 -0.152656
v -0.061044 0.195491 -0.158906
v -0.076209 0.186611 -0.109297
v -0.061044 0.176339 -0.117715
v -0.043508 0.192612 -0.163158
v -0.075996 0.134301 -0.057215
v -0.061044 0.126492 -0.067770
v -0.043508 0.124429 -0.072445
v 0.043508 0.124429 -0.072445
v -0.043508 0.173256 -0.121762
v 0.043508 0.173256 -0.121762
v 0.061044 0.126492 -0.067770
v 0.061044 0.176339 -0.117715
v 0.075996 0.134301 -0.057215
v 0.076209 0.186611 -0.109297
v 0.076257 0.207801 -0.152656
v 0.061044 0.195491 -0.158906
v 0.043508 0.192612 -0.163158
v 0.084691 0.111896 -0.045914
v 0.084352 0.146841 -0.068096
v 0.072217 0.102083 -0.064814
v 0.084349 0.173588 -0.094786
v 0.071598 0.133451 -0.084764
v 0.051804 0.094652 -0.079156
v 0.028137 0.089716 -0.088672
v 0.051448 0.123573 -0.097058
v -0.028138 0.089716 -0.088672
v 0.028134 0.116930 -0.105324
v 0.071597 0.157018 -0.108580
v 0.051449 0.144988 -0.118594
v 0.084350 0.194570 -0.125282
v 0.071597 0.175596 -0.135471
v 0.084352 0.208858 -0.160259
v 0.084353 0.218377 -0.201091
v 0.071596 0.188491 -0.166758
v 0.051449 0.161764 -0.142900
v 0.028134 0.136869 -0.125351
v 0.084217 0.221240 -0.229428
v 0.071592 0.197340 -0.204049
v 0.051447 0.173449 -0.171556
v 0.028134 0.152435 -0.147911
v -0.028136 0.116930 -0.105324
v -0.028136 0.136869 -0.125351
v 0.028134 0.163358 -0.174776
v 0.051445 0.181495 -0.206282
v 0.071154 0.200061 -0.229693
v -0.028136 0.152435 -0.147911
v 0.084153 0.222159 -0.256707
v 0.087668 0.229079 -0.373066
v 0.082390 0.215537 -0.373066
v 0.071215 0.201283 -0.256811
v 0.074256 0.201887 -0.373066
v 0.051295 0.184247 -0.231405
v 0.051229 0.185164 -0.256855
v 0.028133 0.174531 -0.256883
v 0.028134 0.170954 -0.207767
v 0.028133 0.173658 -0.232247
v -0.028135 0.174531 -0.256883
v -0.028136 0.163358 -0.174776
v -0.050899 0.184898 -0.256855
v -0.028135 0.173658 -0.232247
v -0.071207 0.201276 -0.256811
v -0.074256 0.201887 -0.373066
v -0.050965 0.183984 -0.231434
v -0.084153 0.222159 -0.256707
v -0.082390 0.215537 -0.373066
v -0.087668 0.229079 -0.373066
v -0.071146 0.200054 -0.229693
v -0.084217 0.221240 -0.229428
v -0.084353 0.218377 -0.201091
v -0.071584 0.197334 -0.204050
v -0.051115 0.181236 -0.206319
v -0.084352 0.208858 -0.160259
v -0.071587 0.188485 -0.166760
v -0.084350 0.194570 -0.125282
v -0.071589 0.175590 -0.135474
v -0.051117 0.173203 -0.171635
v -0.084349 0.173588 -0.094786
v -0.071589 0.157013 -0.108584
v -0.028136 0.170954 -0.207767
v -0.051119 0.161537 -0.143022
v -0.051119 0.144791 -0.118758
v -0.051118 0.123411 -0.097259
v -0.071589 0.133447 -0.084769
v -0.051474 0.094532 -0.079388
v -0.072209 0.102079 -0.064820
v -0.084352 0.146841 -0.068096
v -0.084691 0.111896 -0.045914
v -0.135833 0.549835 -0.373090
v -0.134448 0.556067 -0.373090
v -0.104904 0.619216 -0.373090
v -0.101533 0.621887 -0.373090
v -0.101601 0.205260 1.165835
v -0.090667 0.196260 1.166464
v -0.101601 0.203077 1.150662
v -0.101600 0.198334 1.136333
v -0.090667 0.191864 1.145774
v -0.077700 0.192868 1.166677
v -0.077700 0.188749 1.146933
v -0.101600 0.191120 1.124404
v -0.090667 0.181468 1.127319
v -0.101600 0.181003 1.113775
v -0.077700 0.178797 1.129277
v -0.090667 0.164933 1.114131
v -0.101600 0.170105 1.106846
v -0.101600 0.158878 1.101434
v -0.090667 0.145248 1.106637
v -0.101600 0.147216 1.098243
v -0.077700 0.162948 1.116726
v -0.077700 0.144244 1.109691
v 0.077700 0.144244 1.109691
v 0.077700 0.162948 1.116726
v 0.090667 0.145248 1.106637
v 0.077700 0.178797 1.129277
v 0.090667 0.164933 1.114131
v 0.101600 0.147216 1.098243
v 0.101600 0.158878 1.101434
v 0.101600 0.170105 1.106846
v 0.101600 0.181003 1.113775
v 0.101600 0.191120 1.124404
v 0.090667 0.181468 1.127319
v 0.101600 0.198334 1.136333
v 0.090667 0.191864 1.145774
v 0.101601 0.203077 1.150662
v 0.077700 0.188749 1.146933
v 0.090667 0.196260 1.166464
v 0.077700 0.192868 1.166677
v 0.101601 0.205260 1.165835
v 0.114511 0.386319 -1.154527
v 0.127699 0.391866 -1.202699
v 0.130694 0.386325 -1.154646
v 0.112823 0.391868 -1.202729
v 0.124907 0.371879 -1.251125
v 0.109727 0.371878 -1.251136
v 0.081653 0.545877 -1.931376
v 0.065432 0.545874 -1.931356
v 0.081203 0.553454 -1.937618
v 0.064986 0.553452 -1.937602
v -0.114512 0.386319 -1.154527
v -0.127700 0.391866 -1.202699
v -0.112824 0.391868 -1.202729
v -0.130695 0.386325 -1.154646
v -0.124908 0.371879 -1.251125
v -0.109729 0.371878 -1.251136
v -0.081205 0.553454 -1.937618
v -0.064988 0.553452 -1.937602
v -0.065433 0.545874 -1.931356
v -0.081654 0.545877 -1.931376
v 0.080282 0.539698 -0.799477
v 0.096036 0.539698 -0.799477
v 0.076629 0.570224 -0.799477
v 0.096030 0.601467 -0.799477
v 0.066661 0.591290 -0.799477
v 0.092218 0.606978 -0.799477
v 0.088484 0.611108 -0.799477
v 0.083399 0.615143 -0.799477
v 0.077945 0.618111 -0.799470
v 0.052623 0.602048 -0.799477
v -0.052624 0.602048 -0.799477
v -0.077946 0.618111 -0.799470
v -0.066662 0.591290 -0.799477
v -0.083400 0.615143 -0.799477
v -0.090352 0.609043 -0.799477
v -0.096031 0.601467 -0.799477
v -0.076630 0.570224 -0.799477
v -0.096037 0.539698 -0.799477
v -0.080283 0.539698 -0.799477
v 0.110496 0.399276 -1.482194
v 0.094954 0.399273 -1.482179
v 0.109858 0.402353 -1.492140
v 0.094318 0.402350 -1.492124
v 0.109309 0.409021 -1.500142
v 0.093806 0.409018 -1.500129
v 0.106009 0.464174 -1.545974
v 0.090825 0.464174 -1.545972
v 0.105607 0.468803 -1.551856
v 0.090415 0.468803 -1.551856
v 0.105131 0.471420 -1.559248
v 0.089926 0.471421 -1.559248
v 0.099923 0.481650 -1.642710
v 0.084468 0.481650 -1.642702
v 0.099438 0.481574 -1.650630
v 0.083955 0.481573 -1.650620
v 0.098991 0.479366 -1.658237
v 0.083475 0.479365 -1.658226
v 0.093444 0.436921 -1.754842
v 0.077453 0.436916 -1.754791
v 0.092840 0.433924 -1.765123
v 0.076804 0.433917 -1.765069
v 0.092185 0.433780 -1.775828
v 0.076112 0.433773 -1.775772
v 0.090782 0.436424 -1.798329
v 0.074641 0.436417 -1.798271
v 0.090064 0.439663 -1.809564
v 0.073896 0.439656 -1.809506
v 0.089493 0.446934 -1.817834
v 0.073321 0.446928 -1.817779
v 0.083906 0.540560 -1.895398
v 0.067790 0.540561 -1.895381
v 0.083161 0.545873 -1.906789
v 0.067023 0.545871 -1.906774
v 0.113843 0.529800 -1.163352
v 0.113522 0.494881 -0.904099
v 0.108092 0.549733 -0.901701
v 0.064684 0.597344 -1.937602
v 0.105243 0.558446 -1.238797
v 0.101839 0.565025 -0.894812
v 0.096013 0.578247 -1.345348
v 0.093980 0.579703 -0.884003
v 0.086157 0.593910 -1.455082
v 0.060580 0.606700 -1.937602
v 0.083235 0.591912 -0.869238
v 0.072214 0.604244 -1.590286
v 0.051345 0.613683 -1.937602
v 0.070843 0.600358 -0.848383
v 0.038574 0.617667 -1.937602
v -0.038575 0.617667 -1.937602
v 0.129480 0.523605 -1.154596
v 0.123305 0.558676 -1.250217
v 0.127031 0.546071 -1.191280
v 0.128879 0.531973 -1.163185
v 0.128008 0.540322 -1.176172
v 0.083131 0.552071 -1.906380
v 0.119237 0.569489 -1.315002
v 0.114344 0.579843 -1.393305
v 0.108189 0.590627 -1.492133
v 0.100434 0.600063 -1.617249
v 0.080728 0.607217 -1.937590
v -0.110497 0.399276 -1.482194
v -0.094955 0.399273 -1.482179
v -0.109310 0.409021 -1.500142
v -0.093807 0.409018 -1.500129
v -0.106010 0.464174 -1.545974
v -0.090826 0.464174 -1.545972
v -0.105609 0.468803 -1.551856
v -0.090416 0.468803 -1.551856
v -0.105132 0.471420 -1.559248
v -0.089927 0.471421 -1.559248
v -0.099924 0.481650 -1.642710
v -0.084469 0.481650 -1.642702
v -0.099439 0.481574 -1.650630
v -0.083956 0.481573 -1.650620
v -0.098992 0.479366 -1.658237
v -0.083476 0.479365 -1.658226
v -0.092665 0.432443 -1.768754
v -0.076621 0.432437 -1.768700
v -0.090783 0.436063 -1.801409
v -0.074642 0.436056 -1.801352
v -0.089780 0.441078 -1.812502
v -0.073610 0.441072 -1.812446
v -0.083907 0.540560 -1.895398
v -0.067791 0.540561 -1.895381
v -0.083162 0.545873 -1.906789
v -0.067025 0.545871 -1.906774
v -0.129481 0.523605 -1.154596
v -0.127032 0.546071 -1.191280
v -0.128445 0.536148 -1.169678
v -0.123306 0.558676 -1.250217
v -0.083132 0.552071 -1.906380
v -0.116792 0.574666 -1.354154
v -0.108190 0.590627 -1.492133
v -0.100435 0.600063 -1.617249
v -0.080729 0.607217 -1.937590
v -0.113845 0.529800 -1.163352
v -0.113523 0.494881 -0.904099
v -0.108093 0.549733 -0.901701
v -0.064685 0.597344 -1.937602
v -0.105244 0.558446 -1.238797
v -0.101840 0.565025 -0.894812
v -0.096014 0.578247 -1.345348
v -0.093982 0.579703 -0.884003
v -0.086158 0.593910 -1.455082
v -0.055963 0.610192 -1.937602
v -0.083236 0.591912 -0.869238
v -0.072215 0.604244 -1.590286
v -0.070844 0.600358 -0.848383
v 0.129352 0.494881 -0.901924
v 0.078068 0.615203 -1.937602
v 0.072420 0.621901 -1.937602
v 0.063818 0.626514 -1.937537
v 0.052617 0.630616 -1.937556
v 0.040946 0.633218 -1.937602
v 0.030426 0.634415 -1.937602
v -0.030427 0.634415 -1.937602
v -0.040947 0.633218 -1.937602
v -0.058218 0.628565 -1.937546
v -0.075245 0.618552 -1.937602
v -0.071732 0.622624 -0.839090
v 0.071731 0.622624 -0.839090
v 0.060689 0.627517 -0.882044
v -0.060690 0.627517 -0.882044
v -0.051309 0.630895 -0.911707
v 0.051308 0.630895 -0.911707
v -0.041036 0.633267 -0.932528
v 0.041035 0.633267 -0.932528
v 0.030426 0.634551 -0.943799
v -0.030427 0.634551 -0.943799
v -0.129353 0.494881 -0.901924
v -0.129275 0.533305 -0.901841
v -0.126836 0.547937 -0.894720
v -0.122504 0.562717 -0.881767
v -0.116910 0.575897 -0.864825
v -0.109162 0.589378 -0.841462
v -0.098030 0.602692 -0.839090
v -0.101899 0.597271 -0.818686
v -0.085523 0.613859 -0.839090
v -0.086973 0.612738 -1.616589
v -0.072220 0.622111 -1.616589
v 0.072219 0.622111 -1.616589
v 0.086972 0.612738 -1.616589
v 0.085522 0.613859 -0.839090
v 0.098029 0.602692 -0.839090
v 0.101898 0.597271 -0.818686
v 0.109160 0.589378 -0.841462
v 0.115053 0.579808 -0.859161
v 0.118765 0.571986 -0.870490
v 0.122503 0.562717 -0.881767
v 0.125776 0.552493 -0.891604
v 0.127894 0.543380 -0.897837
v 0.129274 0.533305 -0.901841
vn -0.8088 -0.5879 0.0117
vn -0.8089 -0.5878 0.0120
vn -0.8089 -0.5879 0.0119
vn 0.8491 0.0038 0.5283
vn 0.8491 0.0039 0.5283
vn 0.8491 0.0039 0.5282
vn 0.6849 0.7240 0.0822
vn -0.9995 -0.0118 0.0276
vn -0.5076 -0.0044 0.8616
vn -0.9995 -0.0119 0.0277
vn -0.4923 -0.0040 0.8704
vn -1.0000 0.0040 0.0040
vn -1.0000 0.0039 0.0039
vn 0.0587 0.9983 0.0039
vn 0.0039 1.0000 0.0039
vn 1.0000 0.0039 0.0039
vn -0.0992 -0.9951 0.0040
vn -0.0990 -0.9951 0.0040
vn 0.0040 -1.0000 0.0040
vn 0.0040 -0.9362 -0.3515
vn 0.0040 -0.9362 -0.3516
vn 0.0039 -0.9361 -0.3516
vn 0.0039 0.0039 1.0000
vn 0.0040 0.0040 -1.0000
vn -0.7820 -0.6233 0.0037
vn -0.7820 -0.6232 0.0039
vn -0.7821 -0.6232 0.0042
vn 0.7851 -0.6194 0.0040
vn 0.7851 -0.6194 0.0039
vn 0.7851 -0.6193 0.0040
vn 0.0038 1.0000 0.0039
vn 0.0039 1.0000 0.0038
vn 0.0040 1.0000 0.0040
vn 0.0036 -0.6452 -0.7640
vn 0.0042 -0.6453 -0.7639
vn 0.0041 -0.6453 -0.7639
vn 0.0039 -0.6452 -0.7640
vn 0.0040 -0.9987 -0.0513
vn 0.0039 -0.9987 -0.0513
vn 0.0038 -0.9987 -0.0514
vn 0.0037 -0.9987 -0.0514
vn 0.0041 -0.5827 -0.8127
vn 0.0040 -0.5827 -0.8127
vn 0.0039 -0.5828 -0.8126
vn 0.0040 -0.5353 -0.8446
vn 0.0037 -0.5353 -0.8447
vn 0.0038 -0.5353 -0.8446
vn 0.0039 -0.5353 -0.8446
vn 1.0000 0.0039 0.0038
vn 0.0039 0.4015 0.9159
vn 0.0039 0.4014 0.9159
vn 0.0040 0.4015 0.9158
vn 0.0040 -0.3977 -0.9175
vn 0.0039 -0.3977 -0.9175
vn 0.0038 -0.3977 -0.9175
vn 0.0041 -0.7957 -0.6057
vn 0.0038 -0.7957 -0.6056
vn 0.0038 -0.7956 -0.6058
vn 0.0040 -0.7889 -0.6145
vn 0.0039 -0.7889 -0.6145
vn -0.9841 0.0514 -0.1700
vn -0.9792 0.0594 -0.1943
vn -0.9854 0.0508 -0.1622
vn -0.9944 0.0357 -0.0992
vn -0.9961 0.0276 -0.0834
vn -0.9997 0.0119 -0.0197
vn -0.9997 0.0118 -0.0197
vn -1.0000 0.0038 0.0039
vn -1.0000 0.0039 -0.0039
vn -1.0000 0.0039 -0.0040
vn -0.9446 -0.0040 -0.3281
vn -0.9325 -0.0040 -0.3611
vn -0.5968 0.0039 -0.8024
vn -0.5261 0.0039 -0.8504
vn -0.3516 0.0040 -0.9362
vn -0.3516 0.0040 -0.9361
vn -0.8636 0.5008 0.0591
vn -0.8636 0.5007 0.0591
vn -0.8635 0.5008 0.0591
vn -0.8670 0.4947 0.0593
vn -0.8602 0.5066 0.0589
vn 0.5753 0.0039 0.8179
vn 0.5752 0.0039 0.8180
vn 0.5042 0.0038 0.8636
vn 0.3558 0.0039 0.9346
vn 0.0984 0.0040 0.9951
vn 0.0742 0.0034 0.9972
vn -0.0275 0.0038 0.9996
vn -0.0040 0.0038 1.0000
vn -0.1061 0.0039 0.9943
vn -0.0039 0.0039 1.0000
vn -0.1841 0.0039 0.9829
vn -0.3883 0.0039 0.9215
vn -0.5226 -0.0039 0.8526
vn -0.5075 0.0039 0.8616
vn -0.5879 0.0039 0.8089
vn -0.5075 0.0040 0.8616
vn -0.5879 -0.0039 0.8089
vn -0.8670 0.4982 -0.0039
vn -0.7918 0.6107 -0.0040
vn -0.7265 0.6871 -0.0040
vn -0.2232 0.9748 -0.0039
vn -0.2638 0.9646 -0.0039
vn -0.1447 0.9895 0.0039
vn -0.1216 0.9926 0.0039
vn -0.5076 0.8616 0.0038
vn -0.1765 0.9843 0.0039
vn -0.6018 0.7986 0.0041
vn -0.7031 0.7111 0.0040
vn -0.8217 0.5699 0.0038
vn -0.8153 0.5790 0.0039
vn -0.9335 0.3584 0.0039
vn -0.9336 0.3584 0.0039
vn -0.8756 0.4830 0.0039
vn -0.8998 0.4362 0.0040
vn -0.8998 0.4362 0.0039
vn -0.9029 0.4298 0.0039
vn -0.9271 0.3748 0.0040
vn -0.9744 0.2249 0.0040
vn -0.9777 0.2098 0.0040
vn -0.9030 0.4295 0.0039
vn -0.9977 0.0670 0.0039
vn -0.9060 0.4233 0.0039
vn -0.9059 0.4234 0.0040
vn -0.9060 0.4232 0.0038
vn -0.9074 0.4203 0.0039
vn -1.0000 -0.0038 0.0041
vn -1.0000 -0.0039 0.0040
vn -0.9999 -0.0119 0.0039
vn -0.9999 -0.0117 0.0037
vn -0.9934 0.1146 0.0037
vn -0.9422 0.3351 0.0039
vn -0.9422 0.3351 0.0040
vn -0.9030 0.4297 0.0039
vn -0.9029 0.4299 0.0039
vn -0.9029 0.4298 0.0040
vn -0.8617 0.5074 0.0039
vn -0.9029 0.4297 0.0039
vn -0.8921 0.4519 0.0039
vn -0.8920 0.4520 0.0040
vn -0.9030 0.4297 0.0038
vn -0.9029 0.4299 0.0041
vn -0.8216 0.5701 0.0040
vn -0.8216 0.5700 0.0039
vn -0.5075 0.8617 0.0040
vn -0.5075 0.8616 0.0040
vn -0.5700 0.8216 0.0039
vn -0.5075 0.8616 0.0039
vn -0.1371 0.9905 0.0038
vn 0.0038 0.8434 0.5373
vn 0.0431 0.8748 0.4825
vn 0.0269 0.8834 0.4678
vn 0.0117 0.8967 0.4425
vn 0.0039 0.8967 0.4426
vn 0.0039 0.8968 0.4425
vn -0.0040 0.8968 0.4425
vn -0.0199 0.8838 0.4675
vn -0.0353 0.8751 0.4827
vn -0.0118 -0.9555 0.2949
vn -0.0119 -0.9555 0.2948
vn 0.0043 -0.9893 0.1459
vn 0.0039 -0.9893 0.1458
vn 0.0039 -0.9924 -0.1227
vn 0.0038 -0.9924 -0.1227
vn 0.0037 -0.8855 -0.4647
vn 0.0036 -0.8855 -0.4646
vn 0.0038 -0.6452 -0.7640
vn 0.0042 -0.6452 -0.7640
vn 0.0040 -0.5168 -0.8561
vn 0.0038 -0.5168 -0.8561
vn 0.0036 -0.5168 -0.8561
vn 0.4457 0.0039 -0.8952
vn 0.5881 0.0039 -0.8088
vn 0.8469 0.0039 -0.5318
vn 0.9397 0.0039 -0.3421
vn 0.9895 0.0037 -0.1448
vn 0.9997 0.0197 -0.0117
vn 0.9999 0.0117 -0.0118
vn 0.9966 0.0352 -0.0742
vn 0.9942 0.0433 -0.0983
vn 0.9852 0.0589 -0.1609
vn 0.9839 0.0588 -0.1685
vn 0.9795 0.0593 -0.1926
vn 0.8689 0.4949 -0.0039
vn 0.8690 0.4948 -0.0039
vn 0.7948 0.6069 -0.0039
vn 0.7302 0.6833 -0.0041
vn 0.2306 0.9730 -0.0039
vn 0.2710 0.9626 -0.0039
vn 0.1523 0.9883 0.0038
vn 0.1293 0.9916 0.0041
vn 0.1523 0.9883 0.0039
vn 0.5132 0.8583 0.0038
vn 0.1841 0.9829 0.0040
vn 0.6069 0.7948 0.0039
vn 0.7071 0.7071 0.0039
vn 0.8242 0.5664 0.0038
vn 0.8180 0.5752 0.0037
vn 0.9345 0.3558 0.0039
vn 0.9346 0.3558 0.0039
vn 0.8806 0.4738 0.0036
vn 0.9043 0.4268 0.0036
vn 0.9044 0.4267 0.0038
vn 0.9015 0.4328 0.0035
vn 0.9282 0.3721 0.0039
vn 0.9000 0.4358 0.0037
vn 0.8998 0.4362 0.0040
vn 0.9283 0.3719 0.0037
vn 0.9043 0.4268 0.0037
vn 0.8999 0.4361 0.0039
vn 0.9748 0.2231 0.0039
vn 0.9748 0.2232 0.0039
vn 0.9255 0.3788 0.0039
vn 0.9978 0.0665 0.0039
vn 0.9978 0.0664 0.0037
vn 0.9978 0.0664 0.0039
vn 1.0000 0.0040 0.0040
vn 1.0000 0.0036 -0.0041
vn 0.9282 0.3721 0.0038
vn 0.9013 0.4331 0.0039
vn 0.8999 0.4362 0.0039
vn 0.9044 0.4267 0.0039
vn 0.8998 0.4362 0.0039
vn 0.9044 0.4267 0.0040
vn 0.9044 0.4266 0.0037
vn 0.9043 0.4269 0.0042
vn 0.9044 0.4267 0.0037
vn 0.9044 0.4267 0.0036
vn 0.8242 0.5663 0.0037
vn 0.8242 0.5663 0.0038
vn 0.5133 0.8582 0.0039
vn 0.5133 0.8582 0.0038
vn 0.1293 0.9916 0.0037
vn 0.1293 0.9916 0.0038
vn 0.8636 0.5041 0.0039
vn 0.8242 0.5664 0.0039
vn 0.5753 0.8180 0.0034
vn 0.1447 0.9895 0.0039
vn 0.1293 0.9916 0.0039
vn -0.2083 0.9781 0.0039
vn 0.0117 0.9999 0.0039
vn -0.2322 0.9727 0.0040
vn -0.6157 0.7879 0.0038
vn -0.6499 0.7600 0.0038
vn -0.7071 0.7071 0.0039
vn -0.7071 0.7071 0.0040
vn 0.0039 -0.9599 0.2803
vn 0.0040 -0.9598 0.2805
vn 0.0038 -0.9599 0.2803
vn 0.0039 -0.9577 0.2877
vn 0.0036 -0.9578 0.2875
vn 0.0038 -0.8999 0.4360
vn 0.0039 -0.8999 0.4361
vn 0.0039 -0.6156 0.7881
vn 0.0039 -0.0510 0.9987
vn 0.0039 -0.0509 0.9987
vn 0.0038 0.4108 0.9117
vn 0.0040 0.4109 0.9117
vn 0.0038 0.5610 0.8278
vn 0.0037 0.5610 0.8278
vn 0.0039 0.5610 0.8278
vn 0.8670 0.4982 0.0039
vn 0.8670 0.4983 0.0040
vn 0.8014 0.5981 0.0039
vn 0.6204 0.7843 0.0039
vn 0.3420 0.9397 0.0039
vn 0.3396 0.9406 0.0039
vn 0.0897 0.9960 0.0038
vn 0.0821 0.9966 0.0036
vn -0.0743 0.9972 0.0039
vn -0.0822 0.9966 0.0035
vn -0.3092 0.9510 0.0039
vn -0.6019 0.7986 0.0039
vn -0.8023 0.5968 0.0039
vn -0.8024 0.5968 0.0040
vn -0.8651 0.5016 0.0039
vn 0.9999 0.0117 0.0039
vn 0.9999 0.0116 0.0036
vn -0.1535 0.0040 0.9881
vn -0.1612 0.0039 0.9869
vn -0.6583 0.0038 0.7528
vn -0.7380 0.0039 0.6748
vn -0.9812 0.0039 0.1930
vn -0.9904 0.0039 0.1381
vn -0.9999 0.0118 0.0039
vn -0.9999 0.0119 0.0039
vn -0.9999 0.0119 0.0040
vn 0.0039 -0.9447 0.3280
vn 0.0039 -0.6281 0.7781
vn 0.0037 0.1916 0.9815
vn 0.0038 0.7341 0.6790
vn 0.0040 0.9074 0.4203
vn 0.0039 0.9074 0.4203
vn -0.9090 -0.4167 0.0040
vn -0.9090 -0.4168 0.0039
vn -0.9260 -0.3775 0.0040
vn -0.9325 -0.3612 0.0037
vn -0.9666 -0.2564 0.0038
vn -0.9726 -0.2323 0.0038
vn -0.9924 -0.1227 0.0037
vn -0.9951 -0.0990 0.0040
vn -0.9996 -0.0276 0.0040
vn -0.9998 -0.0198 0.0040
vn -1.0000 0.0038 0.0038
vn -0.9999 0.0119 0.0119
vn -0.9977 0.0040 0.0671
vn -0.9915 0.0040 0.1304
vn -0.9134 0.0039 0.4071
vn -0.8704 0.0040 0.4923
vn -0.5557 0.0039 0.8314
vn -0.5016 0.0040 0.8651
vn -0.2397 0.0040 0.9708
vn 0.9996 -0.0252 0.0111
vn 0.9999 0.0090 0.0097
vn 1.0000 0.0038 0.0038
vn 1.0000 0.0035 0.0033
vn 1.0000 0.0039 0.0040
vn 0.0036 0.5610 0.8278
vn 0.0039 0.4109 0.9117
vn 0.0038 -0.6157 0.7880
vn 0.0039 -0.8999 0.4362
vn 0.0038 -0.9577 0.2876
vn 0.0040 -0.9577 0.2877
vn 0.0039 -0.9577 0.2876
vn 0.0038 -0.9599 0.2802
vn 0.0040 -0.9598 0.2806
vn 0.0039 -0.1856 -0.9826
vn 0.0039 -0.1855 -0.9826
vn 0.0040 -0.4646 -0.8855
vn 0.0038 -0.5594 -0.8289
vn 0.0037 -0.4329 -0.9014
vn 0.0039 -0.5593 -0.8290
vn 0.0041 -0.4329 -0.9015
vn 0.0039 0.0038 -1.0000
vn 0.0040 -0.4645 -0.8855
vn 0.0039 0.5610 -0.8278
vn 0.0040 0.8840 -0.4675
vn 0.0039 0.0039 -1.0000
vn 0.0039 0.8840 -0.4676
vn 0.0040 0.9584 -0.2855
vn 0.0041 0.9584 -0.2855
vn 0.0039 0.9583 -0.2856
vn 0.0038 0.9583 -0.2856
vn 0.0039 0.9605 -0.2782
vn 0.0039 0.9605 -0.2783
vn 0.0038 0.9583 -0.2858
vn 0.0039 0.9605 -0.2784
vn 0.0040 0.9605 -0.2783
vn 0.0040 0.9605 -0.2782
vn 0.0039 0.9604 -0.2784
vn 0.0039 0.9604 -0.2785
vn 0.0038 0.9604 -0.2785
vn 0.9104 -0.4138 0.0039
vn 0.9282 -0.3721 0.0039
vn 0.9335 -0.3585 0.0039
vn 0.9671 -0.2545 0.0038
vn 0.9731 -0.2306 0.0039
vn 0.9926 -0.1216 0.0039
vn 0.9951 -0.0983 0.0039
vn 0.9998 -0.0196 0.0039
vn 0.9978 0.0040 0.0666
vn 0.9916 0.0040 0.1294
vn 1.0000 0.0038 0.0039
vn 0.9147 0.0036 0.4042
vn 0.8723 0.0034 0.4889
vn 0.5610 0.0039 0.8278
vn 0.5075 0.0040 0.8616
vn 0.2470 0.0038 0.9690
vn 0.2471 0.0039 0.9690
vn -0.9232 0.3844 0.0040
vn -0.9232 0.3843 0.0039
vn -0.6993 0.7148 0.0038
vn -0.6993 0.7149 0.0039
vn -0.1841 0.9829 0.0039
vn -0.1842 0.9829 0.0038
vn -0.9232 0.3842 0.0038
vn -0.9232 0.3843 0.0040
vn -0.7110 0.7031 0.0039
vn -0.7110 0.7032 0.0039
vn -0.2007 0.9797 0.0039
vn -0.2007 0.9796 0.0037
vn -0.1536 0.9881 0.0039
vn -0.1534 0.9882 0.0041
vn -0.6992 0.7149 0.0039
vn -0.9854 0.1702 0.0040
vn -0.9854 0.1701 0.0039
vn -0.9812 -0.1931 0.0039
vn -0.9812 -0.1931 0.0040
vn -0.6788 -0.7343 0.0039
vn -0.6788 -0.7343 0.0038
vn -0.1547 -0.9879 0.0038
vn -0.1547 -0.9879 0.0040
vn -0.1932 -0.9812 0.0038
vn -0.1931 -0.9812 0.0039
vn -0.7071 -0.7071 0.0040
vn -0.7070 -0.7072 0.0040
vn -0.9260 -0.3776 0.0040
vn 0.7302 -0.6832 0.0037
vn 0.4456 -0.8952 0.0039
vn 0.2488 -0.9685 0.0037
vn 0.5699 -0.8217 0.0038
vn 0.8374 -0.5465 0.0039
vn 0.8375 -0.5464 0.0040
vn 0.8375 -0.5465 0.0040
vn 0.9074 -0.4203 0.0039
vn 0.5318 -0.8469 0.0040
vn 0.5317 -0.8470 0.0038
vn 0.2731 -0.9620 0.0039
vn 0.9215 0.0039 -0.3883
vn 0.9479 0.0040 -0.3185
vn 0.9796 0.0037 -0.2007
vn 0.7265 0.6872 0.0040
vn 0.4203 0.9074 0.0039
vn 0.5805 0.8143 0.0039
vn 0.2157 0.9765 0.0039
vn -0.2082 0.9781 0.0039
vn -0.5752 0.8180 0.0039
vn -0.4138 0.9104 0.0039
vn -0.7227 0.6911 0.0040
vn -0.9203 0.0038 -0.3912
vn -0.9204 0.0040 -0.3910
vn -0.9471 0.0039 -0.3210
vn -0.9794 0.0035 -0.2021
vn -0.0671 -0.9977 0.0039
vn -0.0670 -0.9977 0.0040
vn -0.3844 -0.9232 0.0040
vn -0.4613 -0.8872 0.0039
vn -0.7957 -0.6057 0.0040
vn -0.8561 -0.5168 0.0039
vn -0.9060 -0.4234 0.0037
vn -0.9060 -0.4233 0.0038
vn -0.9471 -0.3210 0.0040
vn -0.9060 -0.4233 0.0040
vn -0.9060 -0.4233 0.0041
vn -0.9942 -0.1071 0.0038
vn -0.9471 -0.3210 0.0039
vn -0.9060 -0.4233 0.0039
vn -0.9060 -0.4234 0.0038
vn -0.7850 -0.6195 0.0037
vn -0.7851 -0.6194 0.0039
vn -0.3611 -0.9325 0.0040
vn -0.3611 -0.9325 0.0039
vn -0.0672 -0.9977 0.0039
vn -0.8650 -0.5017 0.0035
vn -0.7850 -0.6194 0.0038
vn -0.4392 -0.8984 0.0040
vn -0.3611 -0.9325 0.0038
vn -0.0672 -0.9977 0.0038
vn -0.0669 -0.9978 0.0040
vn -0.9942 -0.1070 0.0038
vn -0.9943 -0.1068 0.0042
vn -0.9942 -0.1071 0.0037
vn -0.9060 -0.4234 0.0039
vn -0.8704 -0.4923 0.0038
vn -0.8351 -0.5501 0.0039
vn -0.5969 -0.8023 0.0038
vn -0.5261 -0.8504 0.0040
vn -0.2658 -0.9640 0.0039
vn -0.2658 -0.9640 0.0040
vn -0.9059 -0.4234 0.0038
vn -0.5647 -0.8253 0.0038
vn -0.2417 -0.9703 0.0039
vn -0.4394 -0.8983 0.0038
vn -0.7267 -0.6869 0.0043
vn -0.3816 0.9243 0.0038
vn -0.7032 0.7110 0.0039
vn -0.7031 0.7111 0.0039
vn -0.3815 0.9244 0.0040
vn -0.3815 0.9243 0.0039
vn -0.1930 0.9812 0.0040
vn -0.3817 0.9243 0.0037
vn -0.3816 0.9243 0.0039
vn -0.7033 0.7109 0.0038
vn -0.7031 0.7110 0.0039
vn -0.4297 0.9029 0.0040
vn 0.3909 -0.9204 0.0039
vn 0.3910 -0.9204 0.0039
vn 0.7110 -0.7032 0.0039
vn 0.7110 -0.7032 0.0038
vn 0.7109 -0.7032 0.0038
vn 0.3911 -0.9203 0.0040
vn 0.7111 -0.7031 0.0040
vn 0.7109 -0.7033 0.0038
vn 0.7107 -0.7035 0.0036
vn 0.2023 -0.9793 0.0041
vn 0.0039 -1.0000 0.0039
vn 0.3881 0.9216 0.0038
vn 0.3882 0.9216 0.0039
vn 0.7070 0.7072 0.0041
vn 0.7071 0.7071 0.0040
vn 0.3883 0.9215 0.0040
vn 0.2007 0.9796 0.0042
vn 0.3881 0.9216 0.0039
vn 0.7071 0.7071 0.0038
vn 0.4361 0.8999 0.0043
vn 0.3883 0.9215 0.0039
vn 0.0039 0.6156 0.7880
vn 0.0037 0.6159 0.7878
vn 0.0038 0.7949 0.6067
vn 0.0037 0.8492 0.5281
vn 0.0039 0.9800 0.1991
vn 0.0038 0.9856 0.1688
vn 0.0039 0.0118 0.9999
vn 0.0039 0.0117 0.9999
vn 0.0039 0.0115 0.9999
vn 0.0118 0.0118 0.9999
vn 0.0119 0.0119 0.9999
vn 0.0039 0.0038 1.0000
vn 0.1920 0.3959 0.8980
vn 0.1922 0.3960 0.8979
vn 0.3654 0.3730 0.8528
vn 0.3654 0.3726 0.8530
vn 0.7082 0.2856 0.6457
vn 0.7082 0.2854 0.6458
vn 0.9288 0.1450 0.3409
vn 0.9289 0.1450 0.3408
vn 0.9950 0.0433 0.0905
vn 0.9959 -0.0354 -0.0827
vn 0.9959 -0.0355 -0.0828
vn 0.9323 -0.1377 -0.3344
vn 0.7135 -0.2798 -0.6424
vn 0.7133 -0.2799 -0.6425
vn 0.3688 -0.3691 -0.8531
vn 0.3687 -0.3691 -0.8531
vn 0.1941 -0.3922 -0.8992
vn -0.1865 -0.3930 -0.9004
vn -0.1864 -0.3927 -0.9006
vn -0.3622 -0.3701 -0.8555
vn -0.3628 -0.3701 -0.8552
vn -0.7095 -0.2814 -0.6461
vn -0.7094 -0.2814 -0.6462
vn -0.9313 -0.1386 -0.3369
vn -0.9958 -0.0359 -0.0837
vn -0.9959 -0.0359 -0.0836
vn -0.9949 0.0436 0.0912
vn -0.9949 0.0435 0.0911
vn -0.9277 0.1461 0.3435
vn -0.9277 0.1461 0.3436
vn -0.7043 0.2871 0.6492
vn -0.7043 0.2873 0.6492
vn -0.3586 0.3744 0.8551
vn -0.3587 0.3743 0.8551
vn -0.1846 0.3966 0.8992
vn -0.9795 -0.0197 0.2006
vn -0.9776 -0.0198 0.2098
vn -0.9759 -0.0198 0.2173
vn -0.9839 -0.0198 0.1775
vn -0.9839 -0.0197 0.1779
vn -0.9914 -0.0118 0.1303
vn -0.9933 -0.0119 0.1148
vn -0.9972 -0.0040 0.0749
vn -0.9972 -0.0039 0.0749
vn -0.9990 -0.0039 0.0434
vn -0.9994 -0.0038 0.0355
vn -0.5231 0.8456 0.1062
vn -0.5142 0.8520 0.0982
vn -0.5861 0.7907 0.1770
vn -0.6497 0.7126 0.2647
vn -0.7372 0.5401 0.4060
vn -0.7564 0.4742 0.4506
vn -0.7773 0.3590 0.5167
vn -0.7750 0.3659 0.5154
vn -0.7835 0.3582 0.5078
vn -0.7918 0.3505 0.5002
vn -0.7741 0.3574 0.5225
vn -0.7762 0.3506 0.5239
vn -0.7740 0.3575 0.5225
vn -0.7676 0.3583 0.5315
vn -0.7676 0.3582 0.5314
vn -0.7709 0.3596 0.5257
vn -0.7677 0.3582 0.5314
vn 0.9795 -0.0198 0.2006
vn 0.9763 -0.0196 0.2156
vn 0.9779 -0.0196 0.2082
vn 0.9841 -0.0196 0.1764
vn 0.9855 -0.0195 0.1688
vn 0.9914 -0.0196 0.1293
vn 0.9925 -0.0118 0.1216
vn 0.9972 -0.0118 0.0739
vn 0.9972 -0.0118 0.0742
vn 0.9996 -0.0043 0.0272
vn 0.9996 -0.0040 0.0274
vn -0.8689 0.4679 -0.1612
vn -0.8572 0.4938 -0.1462
vn -0.8606 0.4878 -0.1467
vn -0.8711 0.4688 -0.1464
vn -0.9427 0.3037 -0.1381
vn -0.9674 0.2172 -0.1303
vn -0.9882 0.0912 -0.1229
vn -0.9934 -0.0039 -0.1148
vn -0.9934 -0.0040 -0.1148
vn -0.9894 -0.0987 -0.1065
vn -0.9819 -0.1617 -0.0986
vn -0.9716 -0.2183 -0.0913
vn -0.9325 -0.3532 -0.0754
vn -0.9142 -0.3997 -0.0673
vn -0.8704 -0.4887 -0.0599
vn -0.8628 -0.5020 -0.0590
vn -0.8614 -0.5044 -0.0600
vn -0.8673 -0.4950 -0.0515
vn -0.8673 -0.4951 -0.0515
vn -0.8673 -0.4951 -0.0514
vn -0.8674 -0.4949 -0.0517
vn -0.8674 -0.4950 -0.0515
vn -0.8673 -0.4951 -0.0516
vn -0.6952 0.0118 0.7187
vn -0.7226 -0.0039 0.6912
vn -0.8016 -0.0434 0.5963
vn -0.8300 -0.0590 0.5546
vn -0.7567 -0.0119 -0.6537
vn -0.7567 0.0039 -0.6537
vn -0.7567 0.0038 -0.6537
vn -0.7567 -0.0040 -0.6537
vn -0.7566 0.0199 -0.6536
vn -0.7640 0.0194 -0.6450
vn -0.7707 0.0194 -0.6370
vn -0.7678 0.0201 -0.6404
vn -0.7564 -0.0277 -0.6535
vn -0.7416 -0.0278 -0.6703
vn -0.7416 -0.0278 -0.6702
vn -0.7844 -0.0432 -0.6188
vn -0.8009 -0.0590 -0.5959
vn -0.8375 0.0039 0.5465
vn -0.7188 0.0039 0.6952
vn -0.6791 0.0039 0.7340
vn -0.4362 0.0039 0.8999
vn -0.4202 0.0040 0.9074
vn -0.2231 0.0040 0.9748
vn -0.2157 0.0039 0.9764
vn -0.0510 0.0039 0.9987
vn -0.0511 0.0038 0.9987
vn 0.0588 0.0040 0.9983
vn 0.0587 0.0039 0.9983
vn 0.2232 0.0040 0.9748
vn 0.2305 0.0039 0.9731
vn 0.4267 0.0039 0.9044
vn 0.4425 0.0039 0.8968
vn 0.6833 0.0038 0.7302
vn 0.7225 0.0039 0.6913
vn 0.9431 0.0039 0.3326
vn 0.9709 0.0038 0.2396
vn 0.9869 0.0040 -0.1612
vn 0.9726 0.0040 -0.2323
vn 0.7948 0.0039 -0.6069
vn 0.7415 0.0038 -0.6710
vn 0.5558 0.0042 -0.8313
vn 0.5555 0.0038 -0.8315
vn 0.7766 0.3785 0.5036
vn 0.7774 0.3868 0.4961
vn 0.7710 0.4344 0.4657
vn 0.7563 0.4742 0.4507
vn 0.7384 0.5353 0.4101
vn 0.6543 0.7092 0.2625
vn 0.5912 0.7870 0.1762
vn 0.5288 0.8421 0.1058
vn 0.5202 0.8485 0.0977
vn 0.5201 0.8485 0.0978
vn -0.8772 0.4287 0.2163
vn -0.7885 0.5523 0.2705
vn -0.8771 0.4287 0.2164
vn -0.7082 0.6369 0.3046
vn -0.2476 0.8765 0.4127
vn -0.2238 0.8832 0.4122
vn 0.0038 0.9044 0.4266
vn 0.0039 0.9044 0.4267
vn 0.0041 0.9043 0.4268
vn 0.0116 0.9043 0.4267
vn 0.0040 0.9043 0.4268
vn 0.0275 0.9305 0.3652
vn 0.0352 0.9366 0.3487
vn 0.0353 0.9791 0.2003
vn 0.0352 0.9809 0.1915
vn 0.0117 0.9982 0.0587
vn 0.0116 0.9982 0.0587
vn -0.0039 0.9906 -0.1370
vn -0.0040 0.9881 -0.1536
vn 0.0038 1.0000 0.0038
vn -0.0039 0.9104 -0.4138
vn -0.0039 0.8616 -0.5075
vn 0.0039 0.7031 -0.7111
vn 0.0118 0.6106 -0.7919
vn 0.0198 0.4072 -0.9131
vn 0.0198 0.3515 -0.9360
vn 0.0119 0.1304 -0.9914
vn 0.0119 0.1148 -0.9933
vn 0.0038 0.0039 -1.0000
vn 0.7264 -0.0043 0.6873
vn 0.6992 0.0118 0.7148
vn 0.6993 0.0115 0.7148
vn 0.8044 -0.0432 0.5925
vn 0.8324 -0.0589 0.5510
vn 0.8593 0.4904 -0.1452
vn 0.8709 0.4647 -0.1601
vn 0.8626 0.4845 -0.1457
vn 0.8760 0.4598 -0.1456
vn 0.9529 0.2706 -0.1372
vn 0.9744 0.1840 -0.1291
vn 0.9898 0.0743 -0.1214
vn 0.9932 -0.0199 -0.1147
vn 0.9934 -0.0117 -0.1139
vn 0.9896 -0.0980 -0.1058
vn 0.9822 -0.1604 -0.0979
vn 0.9721 -0.2164 -0.0905
vn 0.9283 -0.3643 -0.0744
vn 0.9083 -0.4129 -0.0668
vn 0.8689 -0.4914 -0.0593
vn 0.8639 -0.5010 -0.0513
vn 0.7910 0.5496 0.2689
vn 0.8789 0.4258 0.2147
vn 0.8789 0.4258 0.2149
vn 0.7121 0.6334 0.3029
vn 0.2550 0.8748 0.4119
vn 0.2312 0.8816 0.4114
vn 0.0039 0.9044 0.4268
vn 0.0038 0.9044 0.4267
vn -0.0040 0.9044 0.4266
vn -0.0040 0.9044 0.4267
vn -0.0039 0.9255 0.3788
vn 0.0039 0.9282 0.3720
vn 0.0038 0.9748 0.2231
vn 0.0038 0.9765 0.2156
vn 0.0039 0.9983 0.0587
vn 0.0040 0.9983 0.0588
vn 0.0039 0.9926 -0.1216
vn 0.0039 0.9935 -0.1140
vn 0.0038 0.8920 -0.4521
vn 0.0041 0.8527 -0.5225
vn 0.0037 0.5644 -0.8255
vn 0.0039 0.4613 -0.8872
vn 0.0039 0.1778 -0.9841
vn 0.0040 0.1069 -0.9943
vn -0.8881 0.1618 0.4302
vn -0.8881 0.1618 0.4303
vn -0.8881 0.1618 0.4301
vn -0.8893 0.1541 0.4307
vn -0.8938 0.1536 0.4213
vn -0.9171 0.1142 0.3818
vn -0.9253 0.0984 0.3662
vn -0.9739 -0.0670 0.2169
vn -0.9679 -0.0356 0.2488
vn -0.9768 -0.1938 0.0909
vn -0.9713 -0.2339 0.0436
vn -0.9620 -0.2732 0.0040
vn -0.9620 -0.2731 0.0041
vn 0.8582 0.5133 0.0039
vn 0.8582 0.5133 0.0038
vn 0.8651 0.4971 0.0665
vn 0.8646 0.4969 0.0743
vn 0.8646 0.4969 0.0744
vn 0.8651 0.4972 0.0664
vn 0.8651 0.4972 0.0666
vn 0.8741 0.4821 0.0588
vn 0.8708 0.4882 0.0586
vn 0.8708 0.4881 0.0586
vn 0.8654 0.4976 0.0588
vn 0.8656 0.4973 0.0587
vn 1.0000 -0.0042 0.0036
vn 1.0000 -0.0041 0.0038
vn 1.0000 -0.0040 0.0039
vn 0.0197 -0.9553 0.2949
vn 0.0041 -0.9893 0.1459
vn 0.0041 -0.9925 -0.1224
vn 0.0040 -0.9925 -0.1226
vn 0.0039 -0.8855 -0.4646
vn 0.0037 -0.8855 -0.4646
vn 0.0037 -0.5167 -0.8561
vn 0.0041 -0.5168 -0.8561
vn 0.0042 -0.5168 -0.8561
vn 0.1612 0.0039 0.9869
vn 0.1688 0.0039 0.9856
vn 0.6626 0.0039 0.7489
vn 0.7415 0.0039 0.6709
vn 0.9814 0.0041 0.1917
vn 0.9906 0.0038 0.1369
vn 0.0039 -0.9526 -0.3043
vn 0.0040 -0.9526 -0.3043
vn 0.0039 -0.9854 -0.1702
vn 0.0039 -0.9854 -0.1703
vn 0.0039 -0.7150 -0.6991
vn 0.0037 -0.7150 -0.6991
vn 0.0040 -0.1855 -0.9826
vn 0.0038 -0.1855 -0.9826
vn 0.0038 0.1929 -0.9812
vn 0.0038 0.1930 -0.9812
vn 0.0039 0.7149 -0.6992
vn 0.0039 0.9843 -0.1765
vn 0.0039 0.9625 -0.2711
vn 0.0040 0.9626 -0.2711
vn -0.0202 0.9306 -0.3656
vn 0.0040 0.9271 -0.3748
vn -0.0509 0.9913 -0.1218
vn -0.0274 0.9979 0.0587
vn 0.0039 0.9856 0.1688
vn 0.0039 0.9159 0.4014
vn 0.0039 0.8807 0.4736
vn 0.0039 0.6791 0.7340
vn 0.0038 0.6544 0.7561
vn 0.0039 0.3558 0.9345
vn 0.0040 0.3163 0.9487
vn 0.0037 0.0430 0.9991
vn 0.0038 -0.0510 0.9987
vn 0.0039 -0.2545 0.9671
vn 0.0038 -0.3257 0.9455
vn 0.0196 -0.4829 0.8755
vn 0.0353 -0.5462 0.8369
vn 0.0276 -0.7598 0.6496
vn 0.0038 -0.9422 0.3350
vn 0.0039 -0.9422 0.3351
vn 0.0039 -0.9014 -0.4329
vn 0.0041 -0.9015 -0.4328
vn -0.8562 0.5167 -0.0040
vn -0.8562 0.5166 -0.0040
vn -0.8561 0.5167 -0.0039
vn -0.8561 0.5168 0.0039
vn -0.8562 0.5166 0.0039
vn -0.0039 0.0040 -1.0000
vn -0.0199 0.0039 -0.9998
vn -0.0198 0.0120 -0.9997
vn -0.0670 0.0043 -0.9977
vn 0.0039 0.0040 -1.0000
vn 0.0038 0.4297 -0.9030
vn 0.0039 0.6106 -0.7919
vn 0.0039 0.4297 -0.9029
vn 0.0039 0.7340 -0.6791
vn 0.0039 0.9764 -0.2157
vn 0.0039 0.9829 -0.1841
vn 0.0039 0.9829 0.1840
vn 0.0039 0.9815 0.1915
vn 0.0040 0.7340 0.6791
vn 0.0037 0.7339 0.6792
vn 0.0037 0.2231 0.9748
vn 0.0039 0.2231 0.9748
vn 0.0038 0.0038 1.0000
vn 0.0039 -0.1536 0.9881
vn 0.0039 -0.1535 0.9881
vn 0.0039 -0.7032 0.7110
vn 0.0039 -0.9867 0.1624
vn 0.0038 -0.9867 0.1624
vn 0.0039 -0.9879 -0.1549
vn 0.0039 -0.9879 -0.1548
vn 0.0036 -0.7071 -0.7071
vn 0.0039 -0.3138 -0.9495
vn 0.0038 0.0038 -1.0000
vn -0.0039 -0.7031 -0.7111
vn -0.0040 -0.6705 -0.7419
vn -0.0039 -1.0000 0.0039
vn -0.0040 -1.0000 0.0040
vn 0.0035 0.0035 1.0000
vn 0.0038 0.0039 1.0000
vn -0.9761 -0.2173 0.0040
vn -0.8983 -0.4394 0.0039
vn -0.7420 -0.6704 0.0037
vn -0.4550 -0.8905 0.0038
vn -0.4551 -0.8904 0.0040
vn -0.4233 -0.9060 0.0040
vn -0.4234 -0.9060 0.0039
vn -0.8738 -0.4863 0.0040
vn -0.9972 -0.0749 0.0039
vn -0.9972 -0.0750 0.0039
vn -0.2007 0.9796 0.0038
vn -0.7111 0.7031 0.0038
vn 0.9073 -0.4205 0.0038
vn 0.8839 -0.4676 0.0039
vn 0.9073 -0.4204 0.0038
vn 0.8374 -0.5466 0.0038
vn 0.6328 -0.7743 0.0039
vn 0.5317 -0.8469 0.0038
vn 0.1624 -0.9867 0.0039
vn 0.1381 -0.9904 0.0039
vn -0.1303 -0.9915 0.0040
vn -0.1547 -0.9880 0.0038
vn -0.5262 -0.8504 0.0038
vn -0.6281 -0.7781 0.0037
vn -0.8350 -0.5502 0.0038
vn -0.8823 -0.4708 0.0038
vn -0.9060 -0.4232 0.0041
vn -0.9059 -0.4234 0.0039
vn 0.0041 -0.7071 -0.7071
vn 0.0038 -0.4073 -0.9133
vn 0.0039 -0.4073 -0.9133
vn 0.0034 -0.7072 -0.7070
vn 0.0040 -0.9777 -0.2098
vn 0.0039 -0.9777 -0.2098
vn 0.0037 -0.3816 0.9243
vn 0.0037 -0.3884 0.9215
vn 0.0039 -0.9204 0.3910
vn 0.0037 -0.9232 -0.3843
vn 0.0038 -0.9232 -0.3843
vn 0.0041 -0.3775 -0.9260
vn 0.0039 -0.3911 -0.9204
vn 0.0118 0.0039 -0.9999
vn -0.6336 0.6730 0.3817
vn -0.6888 0.7202 0.0827
vn -0.6888 0.7203 0.0827
vn -0.5855 0.6327 0.5069
vn -0.2623 0.2934 0.9193
vn -0.1375 0.1609 0.9773
vn 0.0039 -0.3883 0.9215
vn 0.0039 -0.3776 -0.9260
vn 0.0040 -0.3911 -0.9204
vn 0.0039 -0.7071 -0.7071
vn 0.0041 -0.9777 -0.2098
vn 0.0038 -1.0000 0.0039
vn 0.0590 0.8300 -0.5546
vn 0.0276 0.5966 -0.8021
vn 0.0275 0.5463 -0.8371
vn 0.0039 0.1303 -0.9915
vn 0.0040 0.1226 -0.9925
vn 0.0039 -0.1703 -0.9854
vn 0.0039 -0.2249 -0.9744
vn 0.0040 -0.6870 -0.7267
vn 0.0039 -0.7380 -0.6748
vn 0.0037 -0.9231 -0.3844
vn 0.0039 0.0040 1.0000
vn 0.0040 0.0040 1.0000
vn 0.0118 0.0037 0.9999
vn -0.9827 0.1854 0.0038
vn -0.9827 0.1853 -0.0040
vn -0.9827 0.1854 0.0039
vn -0.9841 0.1778 -0.0039
vn -0.9826 0.1855 -0.0040
vn -0.9826 0.1855 -0.0039
vn -0.9826 0.1855 0.0039
vn -0.9826 0.1855 0.0040
vn -0.9826 0.1855 -0.0118
vn -0.9839 0.1778 -0.0198
vn -0.9850 0.1701 -0.0277
vn -0.9848 0.1700 -0.0357
vn -0.9891 0.1458 -0.0197
vn -0.9876 0.1546 -0.0279
vn -0.9925 0.1226 0.0040
vn -0.9934 0.1148 0.0040
vn 0.0040 0.9215 0.3883
vn 0.0033 0.7188 0.6952
vn 0.0039 0.9216 0.3882
vn 0.0037 0.6953 0.7188
vn 0.0039 0.2156 0.9765
vn 0.0038 0.1840 0.9829
vn 0.0039 0.0037 1.0000
vn 0.0040 -0.1839 0.9829
vn 0.0040 -0.2323 0.9726
vn 0.0039 -0.6952 0.7188
vn 0.0039 -0.7380 0.6748
vn 0.0040 -0.9203 0.3911
vn 0.0040 0.7673 -0.6412
vn 0.0039 0.7672 -0.6413
vn 0.0039 0.7673 -0.6413
vn 0.0039 0.7671 -0.6415
vn 0.0039 0.7672 -0.6414
vn 0.0040 0.8339 -0.5520
vn 0.0039 0.8116 -0.5842
vn 0.0038 0.9243 -0.3815
vn 0.0040 0.9397 -0.3420
vn 0.0039 0.9935 -0.1139
vn 0.0039 0.9943 -0.1061
vn -0.0039 0.9869 0.1613
vn -0.0039 0.9895 0.1447
vn -0.0039 0.9013 0.4331
vn -0.0039 0.8637 0.5041
vn 0.0039 0.6993 0.7148
vn 0.0117 0.6068 0.7948
vn 0.0196 0.4042 0.9145
vn 0.0195 0.3557 0.9344
vn 0.0117 0.1293 0.9915
vn 0.0118 0.1138 0.9934
vn -0.8848 -0.2738 -0.3769
vn -0.8046 -0.2576 -0.5351
vn -0.8848 -0.2738 -0.3770
vn -0.6562 -0.2267 -0.7198
vn -0.3992 -0.1463 -0.9051
vn -0.1069 -0.0436 -0.9933
vn 0.0040 -0.0039 -1.0000
vn -0.9867 0.0040 -0.1624
vn -0.9722 0.0040 -0.2341
vn -0.7919 0.0037 -0.6106
vn -0.7379 0.0040 -0.6748
vn -0.2972 0.0039 -0.9548
vn -0.2731 0.0037 -0.9620
vn 0.0040 0.7673 -0.6413
vn 0.0039 0.8253 -0.5647
vn 0.0039 0.8089 -0.5880
vn 0.0038 0.9335 -0.3585
vn 0.0038 0.9455 -0.3257
vn 0.0040 0.9966 -0.0820
vn 0.0038 0.9966 -0.0821
vn 0.0040 0.9926 0.1216
vn 0.0040 0.9916 0.1293
vn 0.0036 0.8888 0.4582
vn 0.0039 0.8491 0.5282
vn 0.0039 0.4581 0.8889
vn 0.0039 0.1765 0.9843
vn 0.0039 0.1061 0.9943
vn -0.6902 -0.4535 0.5639
vn -0.7526 -0.4924 0.4372
vn -0.7525 -0.4925 0.4373
vn -0.6580 -0.4295 0.6186
vn -0.4205 -0.2869 0.8607
vn -0.3422 -0.2398 0.9085
vn -0.1220 -0.0984 0.9876
vn -0.0665 -0.0510 0.9965
vn 0.0742 -0.0508 0.9959
vn 0.1297 -0.0983 0.9867
vn 0.3491 -0.2393 0.9060
vn 0.4270 -0.2860 0.8579
vn 0.6624 -0.4273 0.6154
vn 0.6943 -0.4510 0.5609
vn 0.7561 -0.4895 0.4344
vn 0.7559 -0.4896 0.4347
vn 0.1380 -0.9904 0.0038
vn 0.5016 -0.8651 0.0039
vn 0.8562 -0.5167 0.0041
vn 0.8561 -0.5168 0.0039
vn 0.9748 -0.2232 0.0038
vn 0.9748 -0.2232 0.0039
vn 0.9856 -0.1689 0.0039
vn 0.9857 -0.1687 0.0041
vn 0.8375 -0.5465 0.0039
vn 0.7881 -0.6156 0.0039
vn 0.9104 -0.4138 0.0040
vn 0.9216 -0.3882 0.0039
vn 0.9117 -0.4109 0.0039
vn 0.9765 -0.2157 0.0039
vn 0.9916 0.1293 0.0039
vn 0.8469 -0.5318 0.0039
vn 0.7986 -0.6019 0.0039
vn 0.8179 -0.5753 0.0039
vn 0.8952 -0.4456 0.0039
vn 0.9726 -0.2324 0.0039
vn 0.9605 -0.2783 0.0039
vn 0.8952 -0.4457 0.0039
vn 0.8089 -0.5879 0.0039
vn 0.6019 -0.7986 0.0039
vn 0.7528 -0.6582 0.0039
vn 0.2732 -0.9619 0.0040
vn 0.9991 0.0431 0.0039
vn 0.9748 -0.2231 0.0039
vn 0.9748 -0.2231 0.0040
vn 0.9829 -0.1840 0.0040
vn 0.9747 -0.2231 0.0118
vn 0.9895 -0.1447 0.0039
vn 0.9828 -0.1840 0.0117
vn 0.9894 -0.1447 0.0117
vn 0.9983 -0.0587 0.0039
vn 0.9951 -0.0984 0.0117
vn 0.9982 -0.0587 0.0117
vn 0.9926 -0.1217 0.0040
vn 0.9935 -0.1140 0.0039
vn 0.9983 -0.0587 0.0042
vn 0.9843 -0.1765 0.0039
vn 0.9856 -0.1688 0.0039
vn 0.9843 -0.1764 0.0040
vn 0.9117 0.4109 0.0039
vn 0.9310 0.3650 0.0035
vn 0.9117 0.4108 0.0040
vn 0.9406 0.3395 0.0039
vn 0.9800 0.1991 0.0039
vn 0.9951 0.0984 0.0040
vn 0.9972 0.0743 0.0039
vn 0.9948 0.0983 0.0275
vn 0.9943 0.1062 0.0040
vn 0.9371 0.3410 0.0745
vn 0.9032 0.4262 0.0508
vn 0.9397 0.3420 0.0038
vn 0.9043 0.4268 0.0041
vn 0.9043 0.4269 0.0040
vn 0.8723 0.4890 0.0039
vn -0.1305 -0.9914 0.0038
vn -0.5262 -0.8503 0.0038
vn -0.8350 -0.5502 0.0037
vn -0.9298 0.3680 0.0040
vn -0.9103 0.4139 0.0040
vn -0.9104 0.4138 0.0039
vn -0.9397 0.3420 0.0039
vn -0.9744 0.2250 0.0040
vn -0.9797 0.2006 0.0039
vn -0.9951 0.0991 0.0039
vn -0.9972 0.0748 0.0039
vn -0.9947 0.0991 0.0277
vn -0.9951 0.0992 0.0038
vn -0.9355 0.3434 0.0829
vn -0.9018 0.4292 0.0511
vn -0.9397 0.3420 0.0038
vn -0.9030 0.4296 0.0038
vn -0.8704 0.4923 0.0039
vn 0.9073 -0.4204 0.0039
vn 0.9074 -0.4203 0.0040
vn 0.7597 -0.0276 -0.6497
vn 0.7451 -0.0276 -0.6664
vn 0.7874 -0.0431 -0.6150
vn 0.8037 -0.0588 -0.5921
vn 0.0039 -0.9966 -0.0827
vn 0.0037 -0.9966 -0.0828
vn -0.0040 -0.9446 -0.3282
vn 0.0119 -0.9446 -0.3280
vn 0.0040 -0.8061 -0.5917
vn 0.0039 -0.5879 -0.8089
vn 0.0040 -0.8062 -0.5917
vn 0.0040 -0.5880 -0.8089
vn 0.0040 -0.3446 -0.9387
vn 0.0039 -0.5880 -0.8089
vn 0.0040 -0.3680 -0.9298
vn 0.0040 -0.0912 -0.9958
vn 0.0039 -0.3611 -0.9325
vn 0.0038 -0.0829 -0.9966
vn 0.0040 -0.0913 -0.9958
vn 0.0040 -0.0826 -0.9966
vn -0.7071 -0.7071 0.0041
vn -0.7071 -0.7071 0.0038
vn -0.7070 -0.7072 0.0041
vn -0.7071 -0.7071 0.0039
vn -0.0039 0.0118 0.9999
vn 0.0118 -0.0040 -0.9999
vn 0.0119 -0.0039 -0.9999
vn 0.0039 0.7949 0.6068
vn 0.0039 0.6157 0.7880
vn 0.0038 0.8491 0.5282
vn 0.0040 0.9799 0.1992
vn 0.0037 0.9856 0.1688
vn -0.1948 -0.9808 0.0038
vn -0.3843 -0.9232 0.0039
vn -0.3843 -0.9232 0.0037
vn -0.3843 -0.9232 0.0040
vn -0.7072 -0.7071 0.0038
vn -0.3844 -0.9232 0.0042
vn -0.7072 -0.7070 0.0036
vn -0.3843 -0.9232 0.0038
vn -0.3843 -0.9232 0.0036
vn 0.7109 -0.7033 0.0037
vn -0.0040 -0.0040 -1.0000
vn -0.0039 -0.0039 -1.0000
vn -0.2564 0.0039 -0.9666
vn -0.3210 0.0040 -0.9471
vn -0.6367 0.0039 -0.7711
vn -0.6870 0.0035 -0.7266
vn -0.7640 0.0040 -0.6452
vn -0.7568 0.0039 -0.6536
vn -0.7602 0.0039 -0.6497
vn -0.7600 0.0040 -0.6499
vn -0.6058 0.0037 -0.7956
vn -0.6057 0.0040 -0.7957
vn -0.2174 0.0039 -0.9761
vn -0.2173 0.0039 -0.9761
vn 0.2637 0.0039 -0.9646
vn 0.3280 0.0039 -0.9447
vn 0.6413 0.0040 -0.7672
vn 0.6910 0.0038 -0.7229
vn 0.7672 0.0039 -0.6413
vn 0.7601 0.0040 -0.6498
vn 0.7600 0.0038 -0.6499
vn 0.7639 0.0040 -0.6454
vn 0.7633 0.0039 -0.6460
vn 0.6107 0.0039 -0.7919
vn 0.6106 0.0039 -0.7919
vn 0.2248 0.0039 -0.9744
vn 0.2249 0.0039 -0.9744
vn 0.9176 0.3944 0.0508
vn 0.9176 0.3943 0.0506
vn 0.9176 0.3943 0.0507
vn 0.9134 0.4038 0.0509
vn 0.9134 0.4038 0.0508
vn -0.9163 0.3972 0.0511
vn -0.9164 0.3971 0.0510
vn -0.9162 0.3973 0.0513
vn -0.9121 0.4067 0.0513
vn -0.9048 0.4228 0.0514
vn -0.9047 0.4229 0.0514
vn -0.0040 0.0040 -1.0000
vn -0.1225 0.0514 -0.9911
vn -0.1226 0.0514 -0.9911
vn -0.0356 0.0118 -0.9993
vn -0.0038 0.0041 -1.0000
vn 0.0119 0.0039 -0.9999
vn 0.0356 0.0118 -0.9993
vn 0.1225 0.0515 -0.9911
vn 0.1302 0.0514 -0.9902
vn -0.9090 0.0036 -0.4168
vn -0.9777 0.0038 -0.2098
vn -0.9777 0.0037 -0.2098
vn -0.9104 0.0041 -0.4138
vn -0.7379 0.0038 -0.6748
vn -0.7188 0.0039 -0.6952
vn -0.4957 0.0040 -0.8685
vn -0.5577 -0.0751 -0.8266
vn -0.6909 -0.0276 -0.7224
vn -0.6919 -0.0992 -0.7152
vn -0.3442 -0.1305 -0.9298
vn -0.3515 0.0040 -0.9362
vn -0.6204 -0.1462 -0.7706
vn -0.7036 -0.1791 -0.6877
vn -0.7235 -0.2016 -0.6602
vn -0.7343 -0.2501 -0.6311
vn -0.7635 -0.2967 -0.5736
vn -0.7576 -0.4244 -0.4958
vn -0.7582 -0.4409 -0.4805
vn -0.7008 -0.6150 -0.3615
vn -0.6757 -0.6678 -0.3122
vn -0.5986 -0.7809 -0.1784
vn -0.5756 -0.8058 -0.1389
vn -0.5327 -0.8405 -0.0987
vn -0.5514 -0.8292 -0.0913
vn -0.5178 -0.8498 -0.0988
vn -0.7661 -0.6383 -0.0757
vn -0.9081 -0.4164 -0.0436
vn -0.9051 -0.4229 -0.0435
vn -0.9262 -0.3744 -0.0434
vn -0.9193 -0.3911 -0.0435
vn -0.9194 -0.3909 -0.0432
vn -0.8089 0.0040 -0.5879
vn -0.6233 0.0039 -0.7820
vn -0.6231 0.0039 -0.7821
vn -0.7071 0.0039 -0.7071
vn -0.9577 0.0041 -0.2876
vn -0.9841 0.0038 -0.1779
vn -0.0039 0.9605 -0.2783
vn -0.0039 0.9781 -0.2082
vn -0.0039 0.9781 -0.2083
vn 0.0039 0.9978 -0.0666
vn 0.0039 0.9926 0.1216
vn 0.0037 0.8888 0.4583
vn 0.0039 0.8889 0.4581
vn 0.0038 0.6542 0.7563
vn 0.0039 0.6543 0.7562
vn 0.0040 0.5465 0.8374
vn 0.0037 0.5464 0.8375
vn 0.0041 0.5466 0.8374
vn 0.8693 -0.4917 -0.0511
vn 0.8693 -0.4916 -0.0511
vn 0.8693 -0.4917 -0.0512
vn 0.8693 -0.4916 -0.0513
vn 0.1688 0.9856 0.0039
vn 0.1689 0.9856 0.0040
vn -0.1612 0.9869 0.0039
vn -0.1613 0.9869 0.0039
vn 0.9781 0.0038 -0.2082
vn 0.9104 0.0041 -0.4137
vn 0.9781 0.0039 -0.2082
vn 0.9117 0.0038 -0.4109
vn 0.7415 0.0039 -0.6709
vn 0.7030 0.0038 -0.7112
vn 0.5076 0.0040 -0.8616
vn 0.6907 -0.0355 -0.7223
vn 0.5631 -0.0748 -0.8230
vn 0.6917 -0.0989 -0.7154
vn 0.3581 -0.1298 -0.9246
vn 0.3679 0.0039 -0.9298
vn 0.6344 -0.1379 -0.7606
vn 0.7075 -0.1779 -0.6839
vn 0.7272 -0.2005 -0.6565
vn 0.7415 -0.2472 -0.6238
vn 0.7667 -0.2949 -0.5703
vn 0.7685 -0.2877 -0.5715
vn 0.7928 -0.3353 -0.5089
vn 0.7894 -0.3343 -0.5148
vn 0.7907 -0.3423 -0.5075
vn 0.7616 -0.4381 -0.4775
vn 0.7823 -0.3499 -0.5154
vn 0.7823 -0.3499 -0.5153
vn 0.7672 -0.4210 -0.4839
vn 0.7056 -0.6111 -0.3588
vn 0.6800 -0.6642 -0.3105
vn 0.5951 -0.7836 -0.1784
vn 0.5809 -0.8022 -0.1383
vn 0.5423 -0.8352 -0.0911
vn 0.5423 -0.8352 -0.0910
vn 0.5478 -0.8317 -0.0907
vn 0.5235 -0.8463 -0.0984
vn 0.7689 -0.6350 -0.0750
vn 0.9195 -0.3906 -0.0434
vn 0.9095 -0.4134 -0.0433
vn 0.9167 -0.3972 -0.0431
vn 0.9207 -0.3878 -0.0430
vn 0.9208 -0.3878 -0.0430
vn 0.9207 -0.3879 -0.0432
vn 0.0039 -0.9827 0.1854
vn 0.0040 -0.9826 0.1855
vn 0.0040 -0.7985 0.6020
vn 0.0039 -0.7986 0.6018
vn 0.0039 -0.4204 0.9073
vn 0.0039 0.0743 0.9972
vn 0.0038 0.0742 0.9972
vn 0.0036 0.4583 0.8888
vn 0.0040 0.4581 0.8889
vn 0.0040 0.5610 0.8278
vn 0.0037 0.5611 0.8278
vn 0.0036 0.5611 0.8277
vn 0.0041 0.5610 0.8278
vn 0.0038 0.5611 0.8278
vn 0.0037 0.4582 0.8888
vn 0.0039 0.0744 0.9972
vn 0.0040 -0.4202 0.9074
vn 0.0039 -0.7986 0.6019
vn 0.0748 -0.9972 0.0039
vn 0.4072 -0.9133 0.0039
vn 0.0749 -0.9972 0.0040
vn 0.3977 -0.9175 0.0039
vn 0.8023 -0.5968 0.0040
vn 0.8116 -0.5842 0.0039
vn 0.9479 -0.3187 0.0039
vn 0.9478 -0.3187 0.0038
vn 0.9943 -0.1061 0.0039
vn 0.9943 -0.1062 0.0039
vn 0.2545 0.9671 0.0039
vn 0.4170 0.9089 -0.0039
vn 0.4581 0.8889 0.0038
vn 0.6375 0.7705 -0.0039
vn 0.5894 0.8079 0.0040
vn 0.4582 0.8889 0.0039
vn 0.7071 0.7071 0.0036
vn 0.5429 0.8398 0.0039
vn 0.4581 0.8889 0.0039
vn -0.2470 0.9690 0.0041
vn -0.4518 0.8921 0.0040
vn -0.4108 0.9117 -0.0039
vn -0.6329 0.7743 -0.0040
vn -0.5841 0.8116 0.0040
vn -0.4520 0.8920 0.0039
vn -0.5374 0.8433 0.0039
vn -0.4519 0.8920 0.0038
vn -0.4519 0.8921 0.0039
vn 0.0038 -0.9146 0.4043
vn 0.0040 -0.9146 0.4043
vn 0.0041 -0.9147 0.4042
vn 0.0039 -0.9146 0.4043
vn 0.0041 -0.9145 0.4045
vn 0.0038 -0.9147 0.4042
vn 0.0039 -0.9146 0.4044
vn 0.0038 -0.9146 0.4042
vn 0.0035 -0.9147 0.4042
vn 0.0042 -0.9146 0.4044
vn 0.0039 0.9187 -0.3949
vn 0.0040 0.9188 -0.3948
vn 0.0038 0.9187 -0.3949
vn 0.0041 0.9188 -0.3947
vn 0.0040 0.9187 -0.3948
vn 0.0039 0.9187 -0.3948
vn 0.0040 0.9187 -0.3949
vn -0.8904 0.4551 0.0039
vn -0.9203 0.3910 0.0119
vn -0.9619 0.2733 0.0040
vn -0.8152 0.5789 0.0197
vn -0.7189 0.6951 0.0039
vn -0.9259 0.3742 0.0513
vn -0.4827 0.8751 0.0353
vn -0.5282 0.8491 -0.0039
vn -0.8225 0.5627 0.0826
vn -0.1370 0.9902 0.0274
vn -0.2638 0.9646 0.0040
vn -0.0510 0.9987 0.0039
vn -0.4762 0.8697 0.1298
vn -0.1215 0.9841 0.1294
vn 0.1447 0.9891 0.0273
vn 0.2618 0.9651 0.0117
vn 0.1291 0.9832 0.1291
vn 0.4981 0.8667 0.0274
vn 0.5133 0.8582 0.0117
vn 0.7071 0.7070 0.0118
vn 0.8215 0.5699 0.0194
vn 0.8920 0.4519 0.0039
vn 0.4822 0.8665 0.1293
vn 0.9215 0.3882 0.0117
vn 0.9626 0.2711 0.0039
vn 0.9270 0.3716 0.0509
vn 0.8251 0.5590 0.0823
vn 0.8267 0.5289 0.1920
vn 0.9328 0.3395 0.1209
vn 0.9265 0.3088 0.2150
vn 0.4733 0.8333 0.2857
vn 0.8277 0.4513 0.3334
vn 0.9147 0.2394 0.3256
vn 0.4862 0.7140 0.5039
vn 0.1212 0.9432 0.3092
vn 0.8123 0.3493 0.4670
vn 0.8250 0.2698 0.4966
vn 0.9114 0.1918 0.3641
vn 0.4889 0.5203 0.7002
vn 0.5033 0.4097 0.7608
vn 0.1448 0.5991 0.7874
vn 0.1606 0.4740 0.8658
vn -0.1530 0.4746 0.8668
vn -0.1372 0.6000 0.7882
vn 0.1362 0.8141 0.5645
vn -0.4975 0.4112 0.7638
vn -0.1286 0.8148 0.5653
vn -0.4833 0.5221 0.7028
vn -0.8225 0.2715 0.4998
vn -0.4816 0.7163 0.5050
vn -0.8096 0.3515 0.4700
vn -0.9133 0.2412 0.3282
vn -0.9102 0.1930 0.3665
vn -0.8254 0.4542 0.3354
vn -0.9254 0.3111 0.2166
vn -0.8242 0.5323 0.1932
vn -0.9318 0.3420 0.1219
vn -0.4673 0.8363 0.2867
vn -0.1136 0.9441 0.3095
vn 0.9799 -0.0746 -0.1849
vn 0.9854 -0.0746 -0.1530
vn 0.9966 -0.0352 -0.0742
vn 0.9416 -0.1459 -0.3035
vn 0.9818 -0.1134 -0.1525
vn 0.8527 -0.2161 -0.4755
vn 0.9397 -0.2084 -0.2713
vn 0.9806 -0.1536 -0.1220
vn 0.7618 -0.2881 -0.5802
vn 0.5699 -0.3341 -0.7507
vn 0.9384 -0.2633 -0.2238
vn 0.9813 -0.1695 -0.0907
vn 0.7624 -0.3989 -0.5095
vn 0.5243 -0.3824 -0.7609
vn 0.2095 -0.4546 -0.8657
vn 0.2095 -0.4069 -0.8891
vn -0.2019 -0.4078 -0.8905
vn 0.5260 -0.5260 -0.6683
vn -0.2021 -0.4555 -0.8670
vn -0.5646 -0.3360 -0.7539
vn 0.2176 -0.6061 -0.7650
vn 0.7605 -0.5005 -0.4138
vn 0.5270 -0.6538 -0.5429
vn 0.9393 -0.3027 -0.1612
vn 0.9809 -0.1852 -0.0591
vn 0.7597 -0.5710 -0.3111
vn 0.9368 -0.3333 -0.1059
vn 0.9808 -0.1929 -0.0275
vn 0.9355 -0.3485 -0.0588
vn 0.9796 -0.2008 -0.0119
vn 0.7611 -0.6192 -0.1933
vn 0.5257 -0.7470 -0.4071
vn 0.2183 -0.7507 -0.6236
vn 0.9304 -0.3654 -0.0277
vn 0.9797 -0.2006 0.0039
vn 0.7590 -0.6410 -0.1141
vn 0.5258 -0.8108 -0.2572
vn 0.2177 -0.8591 -0.4632
vn -0.2105 -0.6072 -0.7661
vn -0.2117 -0.7515 -0.6248
vn 0.2180 -0.9320 -0.2897
vn 0.5303 -0.8366 -0.1374
vn 0.7517 -0.6575 -0.0514
vn -0.2108 -0.8604 -0.4641
vn 0.9309 -0.3653 0.0039
vn 0.9966 -0.0821 0.0039
vn 0.8997 -0.4361 0.0196
vn 0.7561 -0.6544 0.0038
vn 0.8050 -0.5930 0.0196
vn 0.7338 -0.6791 0.0195
vn 0.6747 -0.7378 0.0197
vn 0.5310 -0.8454 -0.0588
vn 0.5317 -0.8469 0.0039
vn 0.4828 -0.8753 0.0276
vn 0.2174 -0.9761 -0.0039
vn 0.2021 -0.9792 0.0198
vn -0.2022 -0.9790 0.0277
vn 0.2179 -0.9624 -0.1624
vn 0.2168 -0.9739 -0.0671
vn -0.2098 -0.9777 -0.0039
vn -0.2106 -0.9336 -0.2901
vn -0.5203 -0.8540 0.0040
vn -0.4707 -0.8819 0.0276
vn -0.2094 -0.9755 -0.0672
vn -0.6701 -0.7420 0.0188
vn -0.7494 -0.6621 0.0039
vn -0.7302 -0.6829 0.0197
vn -0.8022 -0.5967 0.0198
vn -0.5251 -0.8489 -0.0593
vn -0.9298 -0.3681 0.0039
vn -0.8983 -0.4392 0.0119
vn -0.9743 -0.2248 0.0118
vn -0.9794 -0.2021 0.0040
vn -0.9966 -0.0828 0.0036
vn -0.7484 -0.6612 -0.0518
vn -0.9296 -0.3674 -0.0289
vn -0.9792 -0.2027 -0.0121
vn -0.9344 -0.3512 -0.0593
vn -0.9805 -0.1945 -0.0278
vn -0.7555 -0.6451 -0.1147
vn -0.5188 -0.8436 -0.1386
vn -0.9367 -0.3359 -0.0988
vn -0.9818 -0.1851 -0.0433
vn -0.9818 -0.1774 -0.0670
vn -0.7578 -0.6229 -0.1944
vn -0.9384 -0.3049 -0.1624
vn -0.9810 -0.1709 -0.0916
vn -0.7567 -0.5746 -0.3118
vn -0.5204 -0.8137 -0.2589
vn -0.9391 -0.2655 -0.2180
vn -0.9823 -0.1541 -0.1067
vn -0.9818 -0.1381 -0.1303
vn -0.7568 -0.5036 -0.4166
vn -0.2107 -0.9639 -0.1629
vn -0.5199 -0.7503 -0.4083
vn -0.5186 -0.6611 -0.5422
vn -0.5207 -0.5290 -0.6701
vn -0.7586 -0.4019 -0.5128
vn -0.5186 -0.3839 -0.7640
vn -0.7584 -0.2900 -0.5837
vn -0.8506 -0.2176 -0.4787
vn -0.9388 -0.2097 -0.2731
vn -0.9815 -0.1143 -0.1537
vn -0.9416 -0.1460 -0.3034
vn -0.9850 -0.0910 -0.1464
vn -0.9796 -0.0755 -0.1864
vn -0.9878 -0.0517 -0.1469
vn -0.9968 -0.0276 -0.0749
vn 0.9944 -0.1061 0.0040
vn 0.9943 -0.1063 0.0037
vn 0.9478 -0.3188 0.0037
vn 0.9479 -0.3186 0.0039
vn 0.8704 -0.4923 0.0040
vn 0.7882 -0.6155 0.0040
vn 0.4456 -0.8952 0.0040
vn 0.3679 -0.9299 0.0039
vn 0.0748 -0.9972 0.0038
vn 0.0118 0.9604 -0.2784
vn 0.0039 0.9726 -0.2323
vn 0.0118 0.9780 -0.2082
vn 0.0117 0.9604 -0.2783
vn 0.0196 0.8966 0.4425
vn 0.0196 0.8887 0.4580
vn 0.0117 0.7070 0.7071
vn 0.0118 0.6543 0.7562
vn 0.0039 0.6069 0.7948
vn 0.0038 0.6627 0.7489
vn 0.0039 0.5465 0.8375
vn 0.0039 0.5465 0.8374
vn 0.0040 0.0037 -1.0000
vn 0.0039 0.0041 -1.0000
vn 0.0119 0.0040 -0.9999
vn 0.0035 0.0031 -1.0000
vn 0.0035 -0.9577 0.2876
vn 0.0042 -0.9577 0.2877
vn 0.0038 -0.9577 0.2877
vn 0.0041 -0.9577 0.2877
vn 0.0037 -0.9577 0.2877
vn 0.0043 -0.9577 0.2878
vn 0.0034 -0.9577 0.2876
vn 0.0039 -0.9555 0.2948
vn 0.0036 -0.9577 0.2876
vn 0.0039 -0.9556 0.2948
vn 0.0039 -0.9555 0.2949
vn 0.0040 -0.9555 0.2950
vn 0.0038 -0.9556 0.2947
vn 0.0038 -0.9555 0.2948
vn 0.0038 -0.9556 0.2948
vn -0.8024 -0.5968 0.0039
vn -0.8014 -0.5960 0.0510
vn -0.7263 -0.6855 0.0508
vn -0.7947 -0.5891 0.1463
vn -0.7228 -0.6911 0.0038
vn -0.4627 -0.8818 0.0909
vn -0.7325 -0.6612 0.1624
vn -0.7885 -0.5587 0.2574
vn -0.4551 -0.8904 0.0039
vn -0.7320 -0.6133 0.2967
vn -0.7858 -0.4857 0.3830
vn -0.4793 -0.8200 0.3129
vn -0.1229 -0.9866 0.1070
vn -0.1227 -0.9924 0.0039
vn -0.1224 -0.9281 0.3515
vn -0.7282 -0.5472 0.4127
vn -0.7864 -0.3912 0.4781
vn -0.4835 -0.6643 0.5700
vn -0.7257 -0.4322 0.5353
vn -0.7783 -0.3042 0.5492
vn -0.1220 -0.7511 0.6488
vn -0.4703 -0.4309 0.7702
vn -0.7119 -0.3343 0.6176
vn -0.7816 -0.2161 0.5852
vn -0.7171 -0.2416 0.6538
vn -0.7857 -0.0910 0.6119
vn -0.4590 -0.1532 0.8751
vn -0.7117 -0.0983 0.6956
vn -0.7851 -0.0039 0.6194
vn -0.6583 -0.0040 0.7527
vn -0.3585 -0.0039 0.9335
vn -0.1217 -0.4828 0.8673
vn -0.1216 -0.1765 0.9768
vn -0.1061 -0.0039 0.9943
vn 0.1140 -0.0044 0.9935
vn 0.1293 -0.1763 0.9758
vn 0.3654 -0.0039 0.9309
vn 0.1294 -0.4822 0.8664
vn 0.4651 -0.1526 0.8720
vn 0.6627 -0.0040 0.7489
vn 0.1297 -0.7503 0.6482
vn 0.4763 -0.4290 0.7675
vn 0.7152 -0.0978 0.6920
vn 0.7881 -0.0040 0.6156
vn 0.7887 -0.0902 0.6082
vn 0.7209 -0.2403 0.6500
vn 0.7846 -0.2147 0.5816
vn 0.7157 -0.3327 0.6140
vn 0.7815 -0.3024 0.5458
vn 0.7294 -0.4299 0.5322
vn 0.7894 -0.3887 0.4752
vn 0.7317 -0.5439 0.4109
vn 0.7888 -0.4827 0.3807
vn 0.4895 -0.6618 0.5678
vn 0.7356 -0.6099 0.2949
vn 0.7914 -0.5552 0.2559
vn 0.4853 -0.8169 0.3116
vn 0.7361 -0.6573 0.1614
vn 0.7975 -0.5856 0.1452
vn 0.1297 -0.9274 0.3509
vn 0.4688 -0.8787 0.0904
vn 0.1305 -0.9857 0.1065
vn 0.1302 -0.9915 0.0038
vn 0.4613 -0.8872 0.0039
vn 0.7263 -0.6874 0.0036
vn 0.7295 -0.6821 0.0513
vn 0.8052 -0.5930 0.0039
vn 0.8041 -0.5923 0.0510
vn 0.0039 -0.9934 -0.1148
vn 0.0040 -0.9934 -0.1148
vn 0.0038 -0.9934 -0.1148
vn 0.0040 -0.9232 0.3844
vn 0.0041 -0.9232 0.3844
vn 0.0039 -0.9232 0.3843
vn 0.0040 -0.9232 0.3843
vn 0.0041 -0.6367 -0.7711
vn 0.0038 -0.6367 -0.7711
vn 0.0039 -0.6367 -0.7711
vn 0.0037 -0.9934 -0.1147
vn 0.0037 -0.9233 0.3841
vn 0.0037 -0.6366 -0.7712
vn 0.0036 -0.6366 -0.7712
vn 0.0039 -0.6366 -0.7712
vn 0.0039 -0.9793 -0.2022
vn 0.0040 -0.8822 -0.4708
vn 0.0040 -0.8771 -0.4802
vn 0.0040 -0.7071 -0.7071
vn 0.0039 -0.7150 -0.6992
vn 0.0039 -0.7189 -0.6951
vn 0.0036 -0.8737 -0.4864
vn 0.0037 -0.8789 -0.4769
vn 0.0036 -0.9722 -0.2340
vn 0.0040 -0.9744 -0.2249
vn 0.0041 -0.9987 -0.0511
vn 0.0041 -0.9987 -0.0513
vn 0.0039 -0.9881 0.1535
vn 0.0040 -0.9387 0.3446
vn 0.0040 -0.9361 0.3516
vn 0.0039 -0.9362 0.3515
vn 0.0038 -0.9881 0.1535
vn 0.0040 -0.9991 -0.0433
vn 0.0036 -0.9812 -0.1932
vn 0.0039 -0.9809 -0.1947
vn 0.0039 -0.8738 -0.4863
vn 0.0039 -0.6991 -0.7150
vn 0.0039 -0.6951 -0.7189
vn 0.0038 -0.7957 -0.6057
vn 0.0041 -0.9744 -0.2249
vn 0.0039 -0.9793 -0.2024
vn -0.9977 -0.0040 0.0670
vn -0.9978 -0.0042 0.0667
vn -0.9978 -0.0041 0.0667
vn -0.9977 -0.0039 0.0671
vn -0.9978 -0.0041 0.0668
vn -0.9977 -0.0040 0.0669
vn -0.9977 -0.0039 0.0672
vn -0.9978 -0.0041 0.0669
vn -0.9977 -0.0118 0.0671
vn -0.9902 -0.1381 0.0195
vn -0.9977 -0.0118 0.0670
vn -0.9977 0.0039 0.0670
vn -0.9977 -0.0039 0.0670
vn -0.9982 -0.0039 0.0592
vn -0.9998 0.0039 0.0198
vn -0.9977 -0.0670 -0.0039
vn -0.9666 -0.2564 -0.0040
vn -0.9977 -0.0119 0.0669
vn -0.9978 -0.0042 0.0666
vn -0.9764 -0.2096 0.0514
vn -0.9545 -0.2970 0.0278
vn -0.8872 -0.4614 0.0039
vn -0.9295 -0.3679 0.0277
vn -0.7889 -0.6145 -0.0040
vn -0.7956 -0.6054 0.0194
vn -0.7817 -0.6230 0.0278
vn -0.5204 -0.8539 -0.0040
vn -0.5737 -0.8190 0.0119
vn -0.4006 -0.9162 0.0037
vn -0.2416 -0.9704 -0.0040
vn -0.0912 -0.9958 -0.0119
vn -0.0356 -0.9993 -0.0118
vn 0.0039 -0.9999 -0.0119
vn 0.9982 0.0117 -0.0587
vn 0.9982 0.0117 -0.0588
vn 0.9982 0.0113 -0.0591
vn 0.9982 0.0116 -0.0588
vn 0.9982 0.0118 -0.0587
vn 0.9982 0.0116 -0.0589
vn 0.9982 0.0115 -0.0589
vn 0.9982 0.0115 -0.0590
vn 0.9982 0.0114 -0.0590
vn 0.9982 0.0119 -0.0586
vn 0.9982 0.0120 -0.0585
vn 0.0040 -0.9934 -0.1147
vn 0.0040 -0.9548 -0.2972
vn 0.0038 -0.9934 -0.1149
vn 0.0039 -0.9525 -0.3044
vn 0.0036 -0.7780 -0.6282
vn 0.0040 -0.7712 -0.6366
vn 0.0035 -0.7149 -0.6993
vn 0.0039 -0.8789 -0.4769
vn 0.0039 -0.9744 -0.2248
vn 0.0037 -0.9987 -0.0515
vn 0.0040 -0.9881 0.1536
vn 0.0037 -0.9422 0.3350
vn 0.0040 -0.9396 0.3421
vn 0.0040 -0.9867 0.1625
vn 0.0038 -0.9904 0.1381
vn 0.0040 -0.9666 -0.2564
vn 0.0039 -0.9640 -0.2659
vn 0.0039 -0.8023 -0.5969
vn 0.0036 -0.7891 -0.6142
vn 0.0038 -0.7889 -0.6145
vn 0.0037 -0.7958 -0.6056
vn -0.9981 0.0194 -0.0593
vn -0.9941 0.0991 -0.0435
vn -0.9980 0.0196 -0.0594
vn -0.9982 0.0119 -0.0591
vn -0.9982 0.0115 -0.0594
vn -0.9982 0.0119 -0.0592
vn -0.9982 0.0114 -0.0595
vn -0.9982 0.0118 -0.0592
vn -0.9982 0.0117 -0.0592
vn -0.9982 0.0116 -0.0593
vn -0.9982 0.0117 -0.0593
vn 0.9978 -0.0041 0.0665
vn 0.9946 -0.0903 0.0511
vn 0.9977 -0.0119 0.0665
vn 0.9978 -0.0040 0.0665
vn 0.9978 -0.0037 0.0668
vn 0.9978 -0.0041 0.0663
vn 0.9977 -0.0116 0.0668
vn 0.9904 -0.1369 0.0198
vn 0.9977 -0.0118 0.0665
vn 0.9978 -0.0039 0.0665
vn 0.9978 -0.0039 0.0666
vn 0.9978 -0.0039 0.0667
vn 0.9983 -0.0039 0.0588
vn 0.9998 0.0039 0.0196
vn 0.9978 -0.0665 -0.0039
vn 0.9671 -0.2545 -0.0039
vn 0.9977 -0.0117 0.0665
vn 0.9520 -0.3017 0.0509
vn 0.9551 -0.2950 0.0273
vn 0.8889 -0.4581 0.0039
vn 0.9305 -0.3651 0.0275
vn 0.7919 -0.6106 -0.0039
vn 0.7984 -0.6017 0.0197
vn 0.5789 -0.8152 0.0197
vn 0.5017 -0.8650 -0.0039
vn 0.5789 -0.8153 0.0118
vn 0.2877 -0.9577 -0.0039
vn 0.2638 -0.9646 -0.0039
vn 0.2637 -0.9646 -0.0039
vn -0.0197 -0.9173 0.3976
vn -0.0196 -0.9173 0.3976
vn -0.5968 -0.7787 -0.1936
vn -0.7268 -0.6632 -0.1788
vn -0.7661 -0.6073 -0.2104
vn -0.8298 -0.5201 -0.2025
vn -0.8904 -0.3997 -0.2177
vn -0.9360 -0.2567 -0.2409
vn -0.9249 -0.3057 -0.2262
vn -0.9532 -0.1473 -0.2639
vn -0.9587 -0.0828 -0.2722
vn -0.9616 -0.1148 -0.2493
vn 0.0037 0.0036 -1.0000
vn 0.0040 0.9935 0.1139
vn 0.0039 0.9935 0.1139
vn 0.0041 0.9935 0.1139
vn 0.0276 -0.9172 0.3976
vn 0.0276 -0.9171 0.3976
vn 0.0275 -0.9172 0.3976
vn 0.6019 -0.7749 -0.1927
vn 0.7693 -0.6036 -0.2091
vn 0.7305 -0.6595 -0.1775
vn 0.8322 -0.5168 -0.2012
vn 0.8920 -0.3969 -0.2161
vn 0.9370 -0.2548 -0.2391
vn 0.9260 -0.3034 -0.2246
vn 0.9537 -0.1456 -0.2631
vn 0.9593 -0.0823 -0.2702
vn 0.9622 -0.1139 -0.2474
vn -0.9982 0.0592 0.0040
vn -0.9685 0.2490 0.0040
vn -0.9915 0.1304 0.0040
vn -0.9646 0.2637 0.0037
vn -0.9299 0.3679 0.0038
vn -0.9299 0.3679 0.0039
vn -0.8757 0.4829 0.0039
vn -0.8822 0.4708 0.0040
vn -0.7850 0.6194 0.0119
vn -0.7743 0.6327 0.0038
vn -0.7187 0.6951 0.0196
vn -0.7102 0.7022 0.0510
vn -0.7768 0.6270 0.0591
vn -0.7183 0.6948 0.0353
vn -0.6872 0.7264 -0.0039
vn -0.6022 0.7984 0.0038
vn -0.5699 0.8215 0.0196
vn -0.7226 0.6910 -0.0197
vn -0.8975 0.4389 -0.0435
vn -0.5167 0.8561 0.0040
vn -0.4734 0.8804 0.0274
vn -0.6109 0.7917 -0.0039
vn -0.4769 0.8789 0.0039
vn -0.3977 0.9175 0.0039
vn -0.3748 0.9271 0.0039
vn -0.3186 0.9479 0.0040
vn -0.2155 0.9765 0.0039
vn -0.0665 0.9978 0.0039
vn -0.0507 0.9987 0.0040
vn 0.0588 0.9983 0.0040
vn 0.0743 0.9972 0.0040
vn 0.2007 0.9796 0.0036
vn 0.2854 0.9584 0.0037
vn 0.3256 0.9455 0.0039
vn 0.4109 0.9117 0.0040
vn 0.4043 0.9146 0.0039
vn 0.4982 0.8671 0.0039
vn 0.6242 0.7812 -0.0038
vn 0.5226 0.8526 0.0039
vn 0.6156 0.7881 0.0040
vn 0.6913 0.7226 -0.0038
vn 0.8666 0.4978 -0.0355
vn 0.9467 0.3179 -0.0511
vn 0.6068 0.7949 0.0038
vn 0.5573 0.8301 0.0195
vn 0.4793 0.8772 0.0270
vn 0.6787 0.7342 0.0194
vn 0.7226 0.6911 0.0118
vn 0.7765 0.6281 0.0506
vn 0.8002 0.5968 0.0586
vn 0.7139 0.6984 0.0507
vn 0.7743 0.6328 0.0038
vn 0.7842 0.6204 0.0117
vn 0.8616 0.5075 0.0040
vn 0.9074 0.4203 0.0040
vn 0.9074 0.4202 0.0036
vn 0.9397 0.3421 0.0039
vn 0.9319 0.3626 0.0038
vn 0.9625 0.2711 0.0039
vn 0.9584 0.2856 0.0039
vn 0.9869 0.1612 0.0039
vn 0.9952 0.0982 0.0038
vn 0.9987 0.0510 0.0040
vn 0.9966 0.0821 0.0039
vn -0.9502 0.0120 0.3115
vn -0.9503 0.0038 0.3113
vn -0.9502 0.0119 0.3115
vn -0.9502 0.0117 0.3114
vn -0.9502 0.0118 0.3114
vn -0.9502 0.0118 0.3115
vn -0.9526 0.0039 0.3042
vn -0.9548 0.0040 0.2972
vn 0.9512 0.0039 0.3086
vn 0.9510 0.0116 0.3090
vn 0.9510 0.0039 0.3092
vn 0.9509 0.0117 0.3091
vn 0.9510 0.0114 0.3091
vn 0.9509 0.0118 0.3092
vn 0.9509 0.0119 0.3092
vn 0.9510 0.0116 0.3091
vn 0.9533 0.0039 0.3020
vn 0.9556 0.0038 0.2948
vt 0.039612 0.709229
vt 0.144531 0.709229
vt 0.072571 0.756958
vt 0.050842 0.044434
vt 0.056915 0.036133
vt 0.056915 0.044434
vt 0.050842 0.036133
vt 0.760742 0.106445
vt 0.678711 0.097656
vt 0.760254 0.096680
vt 0.674316 0.086914
vt 0.365723 0.091309
vt 0.361816 0.085449
vt 0.365234 0.085449
vt 0.361816 0.091797
vt 0.376465 0.069824
vt 0.365234 0.069824
vt 0.377686 0.069336
vt 0.456787 0.082031
vt 0.378174 0.068359
vt 0.378174 0.065918
vt 0.482178 0.040039
vt 0.483643 0.044434
vt 0.483887 0.042480
vt 0.483398 0.041016
vt 0.377686 0.064941
vt 0.365234 0.003418
vt 0.376709 0.064453
vt 0.365234 0.064453
vt 0.659180 0.308594
vt 0.961426 0.309082
vt 0.961426 0.312988
vt 0.659180 0.312500
vt 0.152100 0.006348
vt 0.108765 0.007324
vt 0.108765 0.006348
vt 0.152100 0.007324
vt 0.152100 0.009277
vt 0.108765 0.009766
vt 0.108765 0.009277
vt 0.152710 0.009766
vt 0.152100 0.033203
vt 0.108765 0.033203
vt 0.152710 0.033203
vt 0.152100 0.036133
vt 0.108765 0.036133
vt 0.108765 0.035156
vt 0.152100 0.035156
vt 0.757812 0.584473
vt 0.636719 0.585693
vt 0.636719 0.584229
vt 0.757812 0.585693
vt 0.416260 0.308594
vt 0.034851 0.308594
vt 0.416260 0.293945
vt 0.034851 0.293945
vt 0.264160 0.868652
vt 0.236084 0.871826
vt 0.236084 0.868652
vt 0.264160 0.871826
vt 0.428467 0.305176
vt 0.461914 0.308105
vt 0.428467 0.308105
vt 0.461914 0.305176
vt 0.849121 0.027344
vt 0.790039 0.034180
vt 0.790039 0.027344
vt 0.849121 0.034180
vt 0.569336 0.604736
vt 0.534668 0.604736
vt 0.569336 0.574951
vt 0.534668 0.574951
vt 0.949707 0.321289
vt 0.660645 0.316895
vt 0.949707 0.316895
vt 0.660645 0.321289
vt 0.336914 0.335449
vt 0.356201 0.335449
vt 0.336914 0.345703
vt 0.356201 0.345703
vt 0.328125 0.646484
vt 0.024155 0.642090
vt 0.328613 0.642090
vt 0.024155 0.646484
vt 0.022324 0.659424
vt 0.326416 0.655029
vt 0.326660 0.659424
vt 0.022324 0.655029
vt 0.125854 0.059082
vt 0.125854 0.049805
vt 0.130737 0.059082
vt 0.130737 0.049805
vt 0.243774 0.223633
vt 0.234375 0.218750
vt 0.243774 0.218750
vt 0.234375 0.223633
vt 0.059906 0.955750
vt 0.027924 0.983688
vt 0.027924 0.955750
vt 0.059906 0.983688
vt 0.775879 0.602539
vt 0.633789 0.602539
vt 0.633789 0.606689
vt 0.775879 0.606689
vt 0.939941 0.052246
vt 0.939941 0.064941
vt 0.944824 0.064941
vt 0.944824 0.052246
vt 0.783691 0.592041
vt 0.634766 0.591797
vt 0.783691 0.596191
vt 0.634766 0.596191
vt 0.322754 0.220703
vt 0.335693 0.220703
vt 0.322754 0.215820
vt 0.335693 0.215820
vt 0.020981 0.670898
vt 0.170044 0.666748
vt 0.020981 0.666748
vt 0.170044 0.670898
vt 0.854980 0.200684
vt 0.868164 0.205566
vt 0.868164 0.200684
vt 0.854980 0.205566
vt 0.283936 0.207031
vt 0.433105 0.203125
vt 0.283936 0.203125
vt 0.433105 0.207031
vt 0.673828 0.168457
vt 0.686523 0.168457
vt 0.686523 0.163574
vt 0.673828 0.163574
vt 0.329102 0.670410
vt 0.180054 0.666260
vt 0.180054 0.670410
vt 0.329102 0.666260
vt 0.710938 0.796143
vt 0.723633 0.796143
vt 0.710938 0.791138
vt 0.723633 0.791138
vt 0.091309 0.476562
vt 0.073181 0.444336
vt 0.091309 0.444336
vt 0.073181 0.476562
vt 0.252197 0.399414
vt 0.252197 0.381348
vt 0.277100 0.399414
vt 0.277100 0.381348
vt 0.073181 0.502930
vt 0.073181 0.481934
vt 0.091309 0.502930
vt 0.091309 0.481934
vt 0.972168 0.333984
vt 0.990234 0.286621
vt 0.990234 0.333984
vt 0.972168 0.286621
vt 0.113037 0.133301
vt 0.104858 0.133301
vt 0.104858 0.128418
vt 0.113037 0.128418
vt 0.114563 0.155762
vt 0.106323 0.155762
vt 0.106323 0.150879
vt 0.114563 0.150879
vt 0.085632 0.076660
vt 0.118286 0.076660
vt 0.085632 0.084961
vt 0.118286 0.084961
vt 0.118530 0.103027
vt 0.083008 0.103027
vt 0.118530 0.095215
vt 0.083008 0.095215
vt 0.084839 0.119141
vt 0.117493 0.114746
vt 0.120361 0.119141
vt 0.084839 0.114746
vt 0.078796 0.171875
vt 0.127075 0.171875
vt 0.078796 0.180176
vt 0.127075 0.180176
vt 0.128662 0.194336
vt 0.077820 0.186523
vt 0.128662 0.186523
vt 0.077820 0.194336
vt 0.087585 0.128418
vt 0.095764 0.128418
vt 0.095764 0.132812
vt 0.087585 0.132812
vt 0.079651 0.166504
vt 0.127930 0.162109
vt 0.130493 0.166504
vt 0.079651 0.162109
vt 0.087036 0.150879
vt 0.095276 0.154785
vt 0.087036 0.154785
vt 0.095276 0.150879
vt 0.551758 0.881592
vt 0.561523 0.890320
vt 0.551758 0.890320
vt 0.561523 0.881592
vt 0.568359 0.890930
vt 0.568359 0.881042
vt 0.577148 0.890930
vt 0.577148 0.881042
vt 0.577148 0.907593
vt 0.567383 0.898010
vt 0.577148 0.898010
vt 0.567383 0.907593
vt 0.563965 0.875671
vt 0.554199 0.865845
vt 0.563965 0.865845
vt 0.554199 0.875671
vt 0.551758 0.897949
vt 0.561035 0.897949
vt 0.551758 0.906677
vt 0.561035 0.906677
vt 0.806641 0.652344
vt 0.708984 0.660400
vt 0.708984 0.652344
vt 0.806641 0.660400
vt 0.811523 0.660400
vt 0.909668 0.652344
vt 0.909668 0.660400
vt 0.811523 0.652344
vt 0.092712 0.027344
vt 0.042480 0.027344
vt 0.090332 0.023438
vt 0.044830 0.023438
vt 0.084656 0.018066
vt 0.050568 0.018066
vt 0.057373 0.013672
vt 0.077820 0.013672
vt 0.161133 0.123535
vt 0.130249 0.141602
vt 0.160767 0.119141
vt 0.167358 0.120605
vt 0.166870 0.115723
vt 0.172485 0.119141
vt 0.172485 0.114746
vt 0.315674 0.096680
vt 0.342285 0.098633
vt 0.323730 0.092285
vt 0.342529 0.094727
vt 0.339355 0.072754
vt 0.338379 0.071777
vt 0.340576 0.073730
vt 0.348145 0.081543
vt 0.348145 0.094727
vt 0.342285 0.074219
vt 0.348877 0.080566
vt 0.343994 0.073730
vt 0.345215 0.072754
vt 0.350098 0.080078
vt 0.352051 0.072754
vt 0.352051 0.080078
vt 0.353760 0.072754
vt 0.353516 0.080566
vt 0.355225 0.073242
vt 0.355225 0.082031
vt 0.293945 0.125488
vt 0.129883 0.145020
vt 0.160767 0.127441
vt 0.268799 0.116699
vt 0.167114 0.124512
vt 0.172119 0.123047
vt 0.342041 0.102051
vt 0.342041 0.107422
vt 0.912598 0.886108
vt 0.912598 0.785400
vt 0.918457 0.878418
vt 0.918457 0.784546
vt 0.924316 0.868774
vt 0.924316 0.784180
vt 0.927246 0.838135
vt 0.927246 0.784180
vt 0.953613 0.868774
vt 0.950195 0.838135
vt 0.955078 0.784180
vt 0.950195 0.784180
vt 0.956543 0.873901
vt 0.958984 0.784424
vt 0.959473 0.878357
vt 0.961426 0.860107
vt 0.964844 0.785400
vt 0.964844 0.860107
vt 0.961426 0.866943
vt 0.964844 0.866943
vt 0.964844 0.886108
vt 0.122559 0.977905
vt 0.112976 0.977676
vt 0.113647 0.976562
vt 0.122375 0.976608
vt 0.114868 0.975296
vt 0.122192 0.975113
vt 0.122314 0.968964
vt 0.076416 0.968628
vt 0.082031 0.974533
vt 0.076477 0.964722
vt 0.076416 0.974503
vt 0.124451 0.965088
vt 0.076416 0.976196
vt 0.076477 0.961212
vt 0.083557 0.976242
vt 0.076416 0.977890
vt 0.084106 0.977936
vt 0.129883 0.961609
vt 0.076721 0.943878
vt 0.160767 0.946045
vt 0.166382 0.944275
vt 0.017059 0.920105
vt 0.016983 0.943451
vt 0.214355 0.921387
vt 0.017044 0.916992
vt 0.172729 0.943481
vt 0.215454 0.918335
vt 0.210205 0.929688
vt 0.017075 0.913879
vt 0.216187 0.915161
vt 0.318115 0.936401
vt 0.314209 0.929688
vt 0.307861 0.943481
vt 0.322021 0.939575
vt 0.216187 0.856201
vt 0.328125 0.940735
vt 0.372803 0.943481
vt 0.022751 0.869141
vt 0.016891 0.869751
vt 0.282471 0.840088
vt 0.329102 0.858154
vt 0.329834 0.854614
vt 0.336182 0.858154
vt 0.469482 0.854614
vt 0.581543 0.857788
vt 0.474365 0.853149
vt 0.478027 0.849854
vt 0.485596 0.837646
vt 0.684082 0.837646
vt 0.583984 0.859497
vt 0.589844 0.862549
vt 0.584961 0.862549
vt 0.684082 0.915405
vt 0.589355 0.915161
vt 0.684082 0.921570
vt 0.589355 0.921326
vt 0.589355 0.933228
vt 0.684082 0.944458
vt 0.587402 0.937836
vt 0.684570 0.946564
vt 0.583008 0.940735
vt 0.495117 0.947083
vt 0.491211 0.944672
vt 0.486816 0.943542
vt 0.510742 0.961914
vt 0.687012 0.949799
vt 0.410645 0.943481
vt 0.375977 0.944458
vt 0.407227 0.944641
vt 0.378418 0.946472
vt 0.405029 0.946533
vt 0.403076 0.949860
vt 0.380371 0.949890
vt 0.381104 0.953552
vt 0.402344 0.953583
vt 0.381104 0.961945
vt 0.402344 0.961945
vt 0.381104 0.965454
vt 0.402344 0.965454
vt 0.402344 0.969360
vt 0.381104 0.969345
vt 0.402344 0.977386
vt 0.381104 0.977371
vt 0.689453 0.951080
vt 0.994141 0.962250
vt 0.994141 0.951263
vt 0.513672 0.965454
vt 0.994141 0.965759
vt 0.515137 0.969345
vt 0.994141 0.969650
vt 0.515137 0.977356
vt 0.994141 0.977676
vt 0.942383 0.595459
vt 0.941406 0.595459
vt 0.942383 0.594727
vt 0.941406 0.590576
vt 0.952148 0.591064
vt 0.952148 0.590576
vt 0.963379 0.590576
vt 0.962402 0.594727
vt 0.963379 0.595459
vt 0.962402 0.595459
vt 0.913086 0.291992
vt 0.955078 0.301758
vt 0.863770 0.301758
vt 0.863770 0.291992
vt 0.724609 0.301758
vt 0.724609 0.291992
vt 0.719727 0.291992
vt 0.719727 0.301758
vt 0.714844 0.291992
vt 0.714844 0.301758
vt 0.700195 0.291992
vt 0.685059 0.297852
vt 0.677246 0.300293
vt 0.666504 0.301758
vt 0.660645 0.301758
vt 0.769531 0.095703
vt 0.769531 0.053711
vt 0.771484 0.053711
vt 0.770996 0.098633
vt 0.773438 0.057129
vt 0.772949 0.100098
vt 0.799316 0.095215
vt 0.807129 0.098633
vt 0.947266 0.118164
vt 0.947266 0.113281
vt 0.953125 0.114258
vt 0.952637 0.119141
vt 0.958984 0.117676
vt 0.958496 0.122070
vt 0.989258 0.139160
vt 0.886719 0.613770
vt 0.877441 0.613770
vt 0.885742 0.612549
vt 0.877441 0.612549
vt 0.884766 0.611084
vt 0.877441 0.611084
vt 0.877441 0.604736
vt 0.923340 0.604736
vt 0.917480 0.611084
vt 0.923340 0.600830
vt 0.923340 0.611084
vt 0.875000 0.600830
vt 0.923340 0.612305
vt 0.923340 0.597412
vt 0.916016 0.612305
vt 0.923340 0.614014
vt 0.915527 0.614014
vt 0.869629 0.597168
vt 0.922852 0.579834
vt 0.838867 0.581299
vt 0.812988 0.567871
vt 0.810059 0.556396
vt 0.806641 0.565674
vt 0.800293 0.564697
vt 0.982422 0.556641
vt 0.982422 0.580078
vt 0.628418 0.564209
vt 0.810059 0.553223
vt 0.982422 0.553467
vt 0.525391 0.555664
vt 0.810059 0.550049
vt 0.982422 0.550293
vt 0.525391 0.552490
vt 0.525391 0.549316
vt 0.718262 0.474609
vt 0.977051 0.505371
vt 0.982422 0.506104
vt 0.670898 0.488281
vt 0.531738 0.487793
vt 0.526855 0.486816
vt 0.523438 0.483398
vt 0.316650 0.549316
vt 0.516113 0.471191
vt 0.316650 0.470703
vt 0.316650 0.552246
vt 0.316650 0.555420
vt 0.520508 0.567871
vt 0.524414 0.564941
vt 0.505859 0.581543
vt 0.529785 0.563965
vt 0.316650 0.578613
vt 0.589355 0.564209
vt 0.316162 0.580811
vt 0.594238 0.565430
vt 0.624023 0.565674
vt 0.621094 0.568848
vt 0.597168 0.568848
vt 0.598145 0.573486
vt 0.619629 0.573486
vt 0.598145 0.596436
vt 0.619629 0.596436
vt 0.598145 0.599854
vt 0.619629 0.599854
vt 0.598145 0.603760
vt 0.619629 0.603760
vt 0.598145 0.611816
vt 0.619629 0.611816
vt 0.489990 0.596436
vt 0.313965 0.583984
vt 0.311035 0.585205
vt 0.006538 0.596191
vt 0.006542 0.585205
vt 0.487061 0.599854
vt 0.006535 0.599609
vt 0.485840 0.603760
vt 0.006535 0.603516
vt 0.006531 0.611572
vt 0.485840 0.611816
vt 0.300781 0.401367
vt 0.329102 0.376953
vt 0.380859 0.401367
vt 0.297363 0.404785
vt 0.386963 0.404785
vt 0.293945 0.408691
vt 0.391846 0.409180
vt 0.646484 0.338867
vt 0.645996 0.333984
vt 0.648438 0.337891
vt 0.648438 0.343262
vt 0.651367 0.341309
vt 0.650879 0.347656
vt 0.656250 0.343750
vt 0.662598 0.344727
vt 0.690918 0.407227
vt 0.849121 0.344238
vt 0.859863 0.368164
vt 0.697266 0.413086
vt 0.869629 0.382812
vt 0.706543 0.416016
vt 0.880859 0.394531
vt 0.894043 0.403320
vt 0.909180 0.409668
vt 0.769531 0.423340
vt 0.993652 0.450684
vt 0.926270 0.413574
vt 0.937988 0.414551
vt 0.948730 0.415039
vt 0.993652 0.415527
vt 0.187744 0.957947
vt 0.190063 0.957947
vt 0.190063 0.960266
vt 0.187744 0.970047
vt 0.190796 0.964630
vt 0.188354 0.971756
vt 0.193237 0.968140
vt 0.190186 0.972321
vt 0.307861 0.972412
vt 0.307861 0.968231
vt 0.309326 0.972412
vt 0.309326 0.968231
vt 0.310791 0.972412
vt 0.310791 0.968231
vt 0.312256 0.972412
vt 0.312256 0.968231
vt 0.355957 0.972443
vt 0.355957 0.968231
vt 0.365234 0.975006
vt 0.076294 0.982559
vt 0.083923 0.982559
vt 0.084412 0.987045
vt 0.076294 0.991417
vt 0.085876 0.988373
vt 0.074829 0.994675
vt 0.111267 0.988373
vt 0.071350 0.996250
vt 0.182373 0.996233
vt 0.112549 0.986961
vt 0.122559 0.982559
vt 0.113037 0.982559
vt 0.380371 0.980545
vt 0.131226 0.978165
vt 0.380371 0.978134
vt 0.401855 0.980545
vt 0.995117 0.996195
vt 0.514648 0.980530
vt 0.995117 0.980515
vt 0.511719 0.978134
vt 0.401855 0.978134
vt 0.495605 0.083008
vt 0.495605 0.004395
vt 0.498779 0.083008
vt 0.498779 0.004395
vt 0.502930 0.083008
vt 0.503418 0.004395
vt 0.507324 0.083008
vt 0.507324 0.004395
vt 0.513184 0.083008
vt 0.513184 0.004395
vt 0.596680 0.004395
vt 0.596680 0.083008
vt 0.602051 0.004395
vt 0.602051 0.083008
vt 0.606445 0.004395
vt 0.606934 0.083008
vt 0.611328 0.004395
vt 0.611328 0.083008
vt 0.614258 0.004395
vt 0.614258 0.083008
vt 0.683594 0.105957
vt 0.679688 0.101074
vt 0.762207 0.108887
vt 0.701172 0.133301
vt 0.762695 0.127441
vt 0.704102 0.135742
vt 0.707520 0.136719
vt 0.786621 0.136230
vt 0.764648 0.127441
vt 0.764160 0.108887
vt 0.793945 0.134277
vt 0.841797 0.117188
vt 0.836914 0.018066
vt 0.833984 0.009277
vt 0.846191 0.005859
vt 0.848633 0.014648
vt 0.848145 0.005371
vt 0.850586 0.014160
vt 0.850098 0.005371
vt 0.852539 0.014160
vt 0.973633 0.014160
vt 0.977051 0.005371
vt 0.975098 0.014648
vt 0.987793 0.005371
vt 0.976074 0.015625
vt 0.989746 0.006348
vt 0.991211 0.008301
vt 0.991211 0.010742
vt 0.976074 0.017578
vt 0.980957 0.042480
vt 0.962891 0.060547
vt 0.980957 0.044922
vt 0.983398 0.054199
vt 0.365967 0.106445
vt 0.449951 0.097656
vt 0.445068 0.102539
vt 0.365234 0.107422
vt 0.427246 0.130371
vt 0.365234 0.115234
vt 0.360107 0.117188
vt 0.360107 0.115234
vt 0.424316 0.133301
vt 0.359863 0.118164
vt 0.420410 0.133789
vt 0.358887 0.118652
vt 0.336914 0.133789
vt 0.356201 0.118652
vt 0.355225 0.118164
vt 0.354736 0.117188
vt 0.329102 0.132812
vt 0.349609 0.115234
vt 0.354736 0.115234
vt 0.349609 0.108887
vt 0.278564 0.117676
vt 0.479980 0.019531
vt 0.451904 0.019531
vt 0.479980 0.017090
vt 0.451904 0.017090
vt 0.479980 0.014160
vt 0.451904 0.014160
vt 0.479980 0.011230
vt 0.451904 0.011230
vt 0.451904 0.006348
vt 0.479980 0.006348
vt 0.888184 0.612549
vt 0.914062 0.612549
vt 0.890137 0.614502
vt 0.912109 0.614502
vt 0.890137 0.618652
vt 0.912109 0.618652
vt 0.687988 0.835327
vt 0.489258 0.835938
vt 0.497070 0.821655
vt 0.687988 0.821167
vt 0.500977 0.814575
vt 0.687988 0.814087
vt 0.506348 0.805176
vt 0.687988 0.804688
vt 0.509766 0.799927
vt 0.687988 0.799561
vt 0.562500 0.787842
vt 0.687988 0.787598
vt 0.559570 0.787720
vt 0.520996 0.787964
vt 0.511230 0.792847
vt 0.557617 0.784302
vt 0.557129 0.781250
vt 0.558105 0.777832
vt 0.564453 0.724365
vt 0.588867 0.733398
vt 0.588867 0.705322
vt 0.561523 0.717773
vt 0.594238 0.725830
vt 0.552246 0.713135
vt 0.381348 0.641357
vt 0.381348 0.660400
vt 0.594238 0.706787
vt 0.601562 0.718506
vt 0.601562 0.708496
vt 0.607910 0.716309
vt 0.607910 0.708984
vt 0.495850 0.432129
vt 0.493896 0.424805
vt 0.509277 0.427246
vt 0.523438 0.478027
vt 0.628418 0.440918
vt 0.628418 0.458008
vt 0.527344 0.481445
vt 0.628906 0.459473
vt 0.531738 0.482910
vt 0.630371 0.459961
vt 0.669922 0.482422
vt 0.634766 0.459961
vt 0.636230 0.459473
vt 0.636719 0.458008
vt 0.636719 0.441895
vt 0.756836 0.457520
vt 0.353271 0.947144
vt 0.344238 0.953857
vt 0.344238 0.949646
vt 0.300537 0.953796
vt 0.300537 0.949615
vt 0.298828 0.953796
vt 0.298828 0.949615
vt 0.297607 0.953796
vt 0.297607 0.949615
vt 0.296143 0.953796
vt 0.296143 0.949615
vt 0.181519 0.953705
vt 0.178345 0.949493
vt 0.176636 0.950073
vt 0.179077 0.957184
vt 0.176025 0.951782
vt 0.178345 0.960419
vt 0.176025 0.963867
vt 0.178345 0.963898
vt 0.287598 0.375488
vt 0.288574 0.374512
vt 0.287842 0.375977
vt 0.286133 0.375977
vt 0.287842 0.385254
vt 0.283691 0.385254
vt 0.283691 0.375977
vt 0.283691 0.388184
vt 0.287842 0.388184
vt 0.283691 0.400879
vt 0.287842 0.421387
vt 0.281494 0.410156
vt 0.240356 0.421387
vt 0.246826 0.410156
vt 0.244629 0.400879
vt 0.240356 0.423828
vt 0.240356 0.388184
vt 0.287842 0.423828
vt 0.244629 0.388184
vt 0.240356 0.426270
vt 0.240356 0.385254
vt 0.287842 0.426270
vt 0.244629 0.385254
vt 0.240356 0.428223
vt 0.242188 0.375977
vt 0.244629 0.375977
vt 0.240356 0.375977
vt 0.240723 0.375488
vt 0.239624 0.374512
vt 0.287842 0.428223
vt 0.247559 0.433105
vt 0.280762 0.433105
vt 0.246338 0.433594
vt 0.281982 0.433594
vt 0.240356 0.438965
vt 0.287842 0.438965
vt 0.244629 0.438477
vt 0.283691 0.438477
vt 0.244629 0.561279
vt 0.283691 0.561279
vt 0.240356 0.565186
vt 0.287842 0.565186
vt 0.245483 0.563232
vt 0.240845 0.566895
vt 0.247192 0.564453
vt 0.249512 0.564941
vt 0.242554 0.567627
vt 0.251709 0.565186
vt 0.254883 0.567627
vt 0.276611 0.565186
vt 0.273438 0.567627
vt 0.254883 0.569824
vt 0.273438 0.569824
vt 0.285645 0.567627
vt 0.278809 0.564941
vt 0.281006 0.564453
vt 0.286865 0.566406
vt 0.287354 0.566895
vt 0.282715 0.563232
vt 0.512207 0.467285
vt 0.312744 0.467285
vt 0.504395 0.453125
vt 0.312744 0.452637
vt 0.500488 0.445801
vt 0.312744 0.445801
vt 0.494873 0.436523
vt 0.312744 0.436523
vt 0.491699 0.431641
vt 0.312744 0.431152
vt 0.438477 0.419434
vt 0.312744 0.419434
vt 0.441895 0.417969
vt 0.480225 0.419434
vt 0.489746 0.424316
vt 0.443604 0.416016
vt 0.444336 0.412598
vt 0.442871 0.409668
vt 0.436768 0.355957
vt 0.412598 0.365234
vt 0.412354 0.336914
vt 0.438232 0.350586
vt 0.407227 0.357422
vt 0.448975 0.344727
vt 0.618652 0.272461
vt 0.619141 0.291504
vt 0.406982 0.338867
vt 0.399902 0.350586
vt 0.399902 0.340332
vt 0.393799 0.348145
vt 0.393799 0.340820
vt 0.493408 0.295410
vt 0.493408 0.298340
vt 0.490723 0.295410
vt 0.490723 0.298340
vt 0.488281 0.295410
vt 0.488281 0.298340
vt 0.460938 0.295410
vt 0.460938 0.298340
vt 0.429688 0.295410
vt 0.429688 0.298340
vt 0.810059 0.785156
vt 0.810059 0.777222
vt 0.812500 0.785156
vt 0.812500 0.777222
vt 0.814941 0.785156
vt 0.814941 0.777222
vt 0.825684 0.785156
vt 0.825684 0.777222
vt 0.828613 0.785156
vt 0.828613 0.777222
vt 0.832031 0.785156
vt 0.832031 0.777222
vt 0.840820 0.777222
vt 0.840820 0.785156
vt 0.844238 0.785156
vt 0.844238 0.777222
vt 0.847656 0.785156
vt 0.847656 0.777222
vt 0.854004 0.777222
vt 0.854004 0.785156
vt 0.856445 0.785156
vt 0.856445 0.777222
vt 0.858887 0.777222
vt 0.858887 0.785156
vt 0.741699 0.767944
vt 0.741699 0.766602
vt 0.743164 0.766602
vt 0.741699 0.765015
vt 0.746094 0.765015
vt 0.741699 0.755005
vt 0.985840 0.755005
vt 0.985840 0.765015
vt 0.985840 0.752563
vt 0.741699 0.752563
vt 0.985840 0.750122
vt 0.741699 0.750122
vt 0.482666 0.975281
vt 0.481201 0.971848
vt 0.482666 0.965546
vt 0.479248 0.970779
vt 0.481689 0.963287
vt 0.477051 0.971069
vt 0.474609 0.971161
vt 0.476318 0.972763
vt 0.471191 0.969238
vt 0.466553 0.968445
vt 0.431396 0.963562
vt 0.430664 0.966309
vt 0.418945 0.968719
vt 0.419678 0.966370
vt 0.574219 0.604492
vt 0.574219 0.574707
vt 0.579590 0.582031
vt 0.579590 0.604492
vt 0.586426 0.592285
vt 0.587402 0.594971
vt 0.587891 0.604492
vt 0.139648 0.966553
vt 0.167358 0.966553
vt 0.165405 0.968948
vt 0.141846 0.968887
vt 0.165405 0.973312
vt 0.141846 0.973312
vt 0.435059 0.914368
vt 0.345459 0.913452
vt 0.435059 0.912781
vt 0.345459 0.911072
vt 0.435059 0.911133
vt 0.425537 0.908447
vt 0.435059 0.908508
vt 0.419678 0.906189
vt 0.345459 0.906433
vt 0.419678 0.869507
vt 0.345459 0.869263
vt 0.345459 0.864624
vt 0.425537 0.867310
vt 0.435059 0.864624
vt 0.435059 0.867188
vt 0.435059 0.862915
vt 0.345459 0.862183
vt 0.435059 0.861328
vt 0.529297 0.575195
vt 0.529297 0.604736
vt 0.523926 0.582520
vt 0.523926 0.604736
vt 0.517090 0.592773
vt 0.516113 0.595459
vt 0.516113 0.604736
vt 0.560059 0.197266
vt 0.439209 0.197266
vt 0.560059 0.195801
vt 0.438965 0.195801
vt 0.560059 0.193848
vt 0.438232 0.194824
vt 0.429688 0.187012
vt 0.559570 0.192871
vt 0.559570 0.177246
vt 0.427246 0.177734
vt 0.427002 0.185059
vt 0.423828 0.184570
vt 0.385742 0.184570
vt 0.559570 0.175781
vt 0.360840 0.177734
vt 0.360840 0.184570
vt 0.382812 0.185547
vt 0.363770 0.185547
vt 0.365723 0.187500
vt 0.380859 0.187500
vt 0.380127 0.190430
vt 0.366455 0.190430
vt 0.380127 0.194824
vt 0.366455 0.194824
vt 0.380127 0.195801
vt 0.366455 0.196289
vt 0.380127 0.197266
vt 0.366455 0.197266
vt 0.251221 0.185059
vt 0.134888 0.178711
vt 0.247192 0.185547
vt 0.243286 0.187012
vt 0.227051 0.195801
vt 0.134888 0.196289
vt 0.225708 0.196777
vt 0.134888 0.197266
vt 0.176270 0.198730
vt 0.225464 0.198730
vt 0.134888 0.198730
vt 0.360840 0.176270
vt 0.134888 0.177246
vt 0.134888 0.147949
vt 0.137085 0.147949
vt 0.301025 0.127930
vt 0.328369 0.136230
vt 0.336426 0.137207
vt 0.421875 0.136719
vt 0.427246 0.176270
vt 0.425781 0.135742
vt 0.428955 0.133301
vt 0.434082 0.125000
vt 0.559570 0.125000
vt 0.439209 0.200195
vt 0.560059 0.200195
vt 0.447754 0.208496
vt 0.560059 0.208008
vt 0.449463 0.210449
vt 0.560059 0.210449
vt 0.449951 0.212402
vt 0.560059 0.212402
vt 0.984375 0.745850
vt 0.740723 0.745850
vt 0.984375 0.743408
vt 0.740723 0.743408
vt 0.984375 0.740967
vt 0.740723 0.740967
vt 0.744629 0.730957
vt 0.984375 0.730957
vt 0.740723 0.730957
vt 0.742188 0.729492
vt 0.740723 0.729492
vt 0.740723 0.728027
vt 0.419434 0.955109
vt 0.418701 0.952759
vt 0.430176 0.955109
vt 0.466064 0.952698
vt 0.430908 0.957825
vt 0.481445 0.957764
vt 0.470703 0.951843
vt 0.474121 0.949921
vt 0.476562 0.949982
vt 0.476074 0.948303
vt 0.478760 0.950256
vt 0.482422 0.955475
vt 0.480713 0.949188
vt 0.482178 0.945740
vt 0.511719 0.234863
vt 0.362793 0.234863
vt 0.362793 0.239746
vt 0.511719 0.239746
vt 0.362793 0.249023
vt 0.511719 0.249023
vt 0.510742 0.250488
vt 0.349365 0.250488
vt 0.524902 0.249023
vt 0.349365 0.249023
vt 0.686523 0.250488
vt 0.200806 0.249023
vt 0.187378 0.250488
vt 0.200806 0.239746
vt 0.187378 0.249023
vt 0.349365 0.239746
vt 0.349365 0.234863
vt 0.200806 0.234863
vt 0.058960 0.250488
vt 0.187378 0.239746
vt 0.049286 0.239258
vt 0.187378 0.234863
vt 0.045959 0.234863
vt 0.046417 0.236816
vt 0.045959 0.235840
vt 0.673340 0.249023
vt 0.686523 0.249023
vt 0.673340 0.239746
vt 0.524902 0.239746
vt 0.673340 0.234863
vt 0.524902 0.234863
vt 0.835449 0.249023
vt 0.686523 0.239746
vt 0.984863 0.250488
vt 0.835449 0.239746
vt 0.835449 0.234863
vt 0.686523 0.234863
vt 0.848633 0.249023
vt 0.974121 0.242188
vt 0.985352 0.242188
vt 0.972168 0.241211
vt 0.971191 0.239746
vt 0.848633 0.239746
vt 0.971191 0.234863
vt 0.848633 0.234863
vt 0.571777 0.215332
vt 0.474365 0.215332
vt 0.474365 0.217773
vt 0.571777 0.217773
vt 0.474365 0.220215
vt 0.571777 0.220215
vt 0.571777 0.221680
vt 0.580566 0.220215
vt 0.469482 0.221680
vt 0.465332 0.220215
vt 0.375977 0.221680
vt 0.375977 0.217773
vt 0.465332 0.217773
vt 0.465332 0.215332
vt 0.375977 0.215332
vt 0.678223 0.220215
vt 0.580566 0.217773
vt 0.682617 0.221680
vt 0.678223 0.217773
vt 0.678223 0.215332
vt 0.580566 0.215332
vt 0.687500 0.220215
vt 0.785156 0.220215
vt 0.687500 0.217773
vt 0.789551 0.221680
vt 0.785156 0.217773
vt 0.687500 0.215332
vt 0.785156 0.215332
vt 0.793945 0.220215
vt 0.891602 0.220215
vt 0.988770 0.221680
vt 0.891602 0.217773
vt 0.900391 0.220215
vt 0.793945 0.217773
vt 0.793945 0.215332
vt 0.891602 0.215332
vt 0.900391 0.217773
vt 0.991699 0.217773
vt 0.900391 0.215332
vt 0.993164 0.215332
vt 0.993164 0.216797
vt 0.993164 0.216309
vt 0.826660 0.205566
vt 0.826660 0.201660
vt 0.830078 0.201660
vt 0.831055 0.205566
vt 0.832520 0.199219
vt 0.837402 0.199219
vt 0.350098 0.222656
vt 0.350098 0.218262
vt 0.353516 0.218262
vt 0.354492 0.222656
vt 0.355957 0.216309
vt 0.360840 0.216309
vt 0.974121 0.237793
vt 0.974121 0.233887
vt 0.975586 0.233887
vt 0.975098 0.239258
vt 0.977051 0.233887
vt 0.977051 0.240234
vt 0.987793 0.240234
vt 0.987793 0.233887
vt 0.777344 0.572754
vt 0.777344 0.574951
vt 0.766113 0.574951
vt 0.640625 0.572754
vt 0.764648 0.575684
vt 0.763672 0.576904
vt 0.640625 0.576904
vt 0.702148 0.170410
vt 0.702148 0.166504
vt 0.705566 0.166504
vt 0.706543 0.170898
vt 0.708008 0.164551
vt 0.712891 0.164551
vt 0.321533 0.694092
vt 0.321533 0.690186
vt 0.324951 0.690186
vt 0.325928 0.694092
vt 0.327393 0.687988
vt 0.332275 0.687988
vt 0.738770 0.785034
vt 0.742676 0.784912
vt 0.742676 0.788452
vt 0.738770 0.789429
vt 0.745117 0.790649
vt 0.745117 0.795532
vt 0.198242 0.228027
vt 0.198242 0.225586
vt 0.201660 0.225586
vt 0.204346 0.228027
vt 0.205566 0.221680
vt 0.210449 0.221680
vt 0.205200 0.216309
vt 0.200317 0.216309
vt 0.923340 0.675293
vt 0.923340 0.683105
vt 0.919434 0.675293
vt 0.919434 0.683105
vt 0.914551 0.675293
vt 0.914551 0.683105
vt 0.909668 0.675293
vt 0.909668 0.683105
vt 0.905762 0.683105
vt 0.905762 0.675293
vt 0.829102 0.683105
vt 0.829102 0.675293
vt 0.825684 0.675293
vt 0.825684 0.683105
vt 0.820312 0.683105
vt 0.820312 0.675293
vt 0.815430 0.675293
vt 0.815430 0.683105
vt 0.812012 0.675293
vt 0.812012 0.683105
vt 0.994629 0.105957
vt 0.969238 0.083496
vt 0.994629 0.083496
vt 0.954102 0.083008
vt 0.813477 0.086914
vt 0.938965 0.080078
vt 0.928223 0.074707
vt 0.913574 0.060547
vt 0.805664 0.083008
vt 0.903320 0.042480
vt 0.778320 0.042480
vt 0.068176 0.827393
vt 0.068848 0.833862
vt 0.015823 0.866089
vt 0.073364 0.832031
vt 0.072632 0.825073
vt 0.078308 0.830566
vt 0.077515 0.823242
vt 0.083679 0.829346
vt 0.082520 0.821777
vt 0.089050 0.828003
vt 0.087524 0.820435
vt 0.243774 0.805176
vt 0.243774 0.812500
vt 0.310059 0.797852
vt 0.461914 0.789429
vt 0.319824 0.795410
vt 0.327881 0.789673
vt 0.472168 0.786987
vt 0.479736 0.783691
vt 0.366699 0.731689
vt 0.369385 0.723877
vt 0.519531 0.722900
vt 0.517090 0.717041
vt 0.371094 0.715332
vt 0.509277 0.712891
vt 0.371826 0.708008
vt 0.372314 0.669922
vt 0.125122 0.106445
vt 0.125000 0.083496
vt 0.150146 0.083496
vt 0.165649 0.082520
vt 0.308105 0.083984
vt 0.180664 0.079102
vt 0.191650 0.073730
vt 0.206055 0.058594
vt 0.315918 0.080078
vt 0.215698 0.040527
vt 0.343506 0.040527
vt 0.171143 0.108887
vt 0.126343 0.114258
vt 0.126343 0.109863
vt 0.309326 0.086914
vt 0.314453 0.091309
vt 0.317139 0.083496
vt 0.322754 0.086914
vt 0.336670 0.065430
vt 0.337158 0.066406
vt 0.336426 0.063965
vt 0.336426 0.062500
vt 0.344727 0.043457
vt 0.337158 0.061035
vt 0.338623 0.060059
vt 0.340332 0.060059
vt 0.349854 0.047363
vt 0.351318 0.044434
vt 0.341309 0.060059
vt 0.937988 0.465332
vt 0.985840 0.499512
vt 0.937012 0.471680
vt 0.933105 0.469727
vt 0.934082 0.462891
vt 0.928711 0.467773
vt 0.929688 0.460449
vt 0.923828 0.466309
vt 0.924805 0.458984
vt 0.918945 0.465332
vt 0.919922 0.457520
vt 0.763672 0.437012
vt 0.763184 0.444824
vt 0.694336 0.427734
vt 0.638672 0.428711
vt 0.683594 0.424805
vt 0.675293 0.418945
vt 0.638672 0.405762
vt 0.653320 0.392578
vt 0.653809 0.391113
vt 0.652344 0.393555
vt 0.650391 0.395020
vt 0.647949 0.395020
vt 0.637695 0.404297
vt 0.645508 0.394531
vt 0.635742 0.403320
vt 0.633301 0.403320
vt 0.605957 0.393555
vt 0.643555 0.393555
vt 0.631348 0.404297
vt 0.630371 0.405762
vt 0.630859 0.426758
vt 0.541992 0.417480
vt 0.604492 0.393066
vt 0.531250 0.415039
vt 0.603516 0.391113
vt 0.524902 0.411621
vt 0.603516 0.387695
vt 0.483887 0.354004
vt 0.485352 0.349609
vt 0.604492 0.386230
vt 0.493896 0.344727
vt 0.605957 0.385254
vt 0.628906 0.340332
vt 0.628418 0.304199
vt 0.629395 0.347168
vt 0.631348 0.354980
vt 0.633789 0.362793
vt 0.643066 0.385254
vt 0.645508 0.383301
vt 0.647949 0.383301
vt 0.377686 0.663086
vt 0.382568 0.662598
vt 0.372559 0.667725
vt 0.513184 0.711426
vt 0.544922 0.714111
vt 0.520996 0.716064
vt 0.554199 0.718750
vt 0.522949 0.721924
vt 0.557129 0.725342
vt 0.514648 0.788330
vt 0.481934 0.785156
vt 0.505371 0.792969
vt 0.474121 0.788452
vt 0.490479 0.795166
vt 0.462891 0.791016
vt 0.235840 0.823730
vt 0.235352 0.816040
vt 0.089478 0.832764
vt 0.275391 0.838135
vt 0.084473 0.834106
vt 0.079407 0.835449
vt 0.070679 0.839478
vt 0.074829 0.837280
vt 0.021973 0.866943
vt 0.549805 0.274414
vt 0.549805 0.277832
vt 0.549316 0.276367
vt 0.547852 0.277344
vt 0.543945 0.277344
vt 0.123413 0.403320
vt 0.123413 0.395508
vt 0.125488 0.399902
vt 0.130371 0.402344
vt 0.173828 0.403320
vt 0.173828 0.402344
vt 0.351318 0.705811
vt 0.354004 0.701172
vt 0.353027 0.706787
vt 0.351074 0.711182
vt 0.347900 0.709229
vt 0.348877 0.715820
vt 0.343018 0.711914
vt 0.336670 0.712891
vt 0.307861 0.775757
vt 0.149658 0.712891
vt 0.141968 0.730957
vt 0.301270 0.781860
vt 0.135986 0.741455
vt 0.129272 0.750488
vt 0.292236 0.784546
vt 0.121887 0.758301
vt 0.113525 0.765015
vt 0.104431 0.770508
vt 0.094666 0.774780
vt 0.229248 0.791504
vt 0.084290 0.777954
vt 0.005058 0.816284
vt 0.072327 0.780151
vt 0.060577 0.781250
vt 0.049835 0.781372
vt 0.005058 0.781372
vt 0.012054 0.762207
vt 0.009598 0.707275
vt 0.054443 0.744141
vt 0.050964 0.769653
vt 0.011459 0.765137
vt 0.014221 0.771118
vt 0.009583 0.772217
vt 0.010262 0.767944
vt 0.005428 0.775269
vt 0.509766 0.277344
vt 0.509766 0.274414
vt 0.510742 0.275879
vt 0.511719 0.276855
vt 0.516113 0.276855
vt 0.958008 0.339355
vt 0.954590 0.339355
vt 0.958008 0.333984
vt 0.954590 0.333984
vt 0.950684 0.339355
vt 0.950684 0.333984
vt 0.946777 0.339355
vt 0.946777 0.333984
vt 0.942871 0.339355
vt 0.942871 0.333984
vt 0.898438 0.339355
vt 0.898438 0.333984
vt 0.895020 0.333984
vt 0.895020 0.339355
vt 0.891113 0.333984
vt 0.891113 0.339355
vt 0.887207 0.333984
vt 0.887207 0.339355
vt 0.883301 0.333984
vt 0.883301 0.339355
vt 0.672852 0.333984
vt 0.672852 0.339355
vt 0.664062 0.333984
vt 0.664062 0.339355
vt 0.662109 0.333984
vt 0.662109 0.339355
vt 0.776367 0.044434
vt 0.771484 0.047852
vt 0.770020 0.044434
vt 0.798340 0.088867
vt 0.803711 0.084961
vt 0.806152 0.092773
vt 0.811523 0.088867
vt 0.946777 0.107910
vt 0.991211 0.107910
vt 0.991211 0.112793
vt 0.304199 0.560303
vt 0.297119 0.561523
vt 0.295166 0.560303
vt 0.303955 0.561523
vt 0.298340 0.563232
vt 0.303711 0.562988
vt 0.298340 0.566650
vt 0.303711 0.568848
vt 0.301514 0.572266
vt 0.296387 0.569336
vt 0.295654 0.574707
vt 0.291260 0.571289
vt 0.265381 0.577881
vt 0.265625 0.575928
vt 0.263672 0.580566
vt 0.262939 0.579102
vt 0.258057 0.581299
vt 0.257812 0.579834
vt 0.251953 0.581787
vt 0.251953 0.580078
vt 0.125000 0.581543
vt 0.125000 0.580078
vt 0.063477 0.581543
vt 0.063477 0.576416
vt 0.125000 0.576416
vt 0.060486 0.581055
vt 0.059662 0.575439
vt 0.057495 0.580322
vt 0.056732 0.573730
vt 0.054047 0.578857
vt 0.054047 0.573242
vt 0.050812 0.577393
vt 0.051697 0.572754
vt 0.045563 0.570801
vt 0.043640 0.573975
vt 0.041260 0.571533
vt 0.043365 0.568604
vt 0.040314 0.568115
vt 0.042603 0.565918
vt 0.040375 0.560547
vt 0.042633 0.560547
vt 0.115601 0.224121
vt 0.115784 0.228516
vt 0.114990 0.226074
vt 0.113037 0.225098
vt 0.107910 0.225098
vt 0.123962 0.377441
vt 0.125977 0.380859
vt 0.123962 0.385254
vt 0.130859 0.378906
vt 0.174316 0.377441
vt 0.174316 0.378906
vt 0.616211 0.295898
vt 0.621094 0.296387
vt 0.625977 0.300781
vt 0.488770 0.343262
vt 0.457275 0.345215
vt 0.480225 0.348633
vt 0.446533 0.351074
vt 0.478760 0.353027
vt 0.445312 0.355957
vt 0.487305 0.416992
vt 0.520508 0.413574
vt 0.496826 0.421875
vt 0.527344 0.416992
vt 0.511719 0.423828
vt 0.538086 0.418945
vt 0.628418 0.437012
vt 0.628418 0.429199
vt 0.302246 0.229492
vt 0.309326 0.230957
vt 0.300293 0.230469
vt 0.309082 0.229492
vt 0.303467 0.228027
vt 0.308838 0.228027
vt 0.303467 0.224609
vt 0.308838 0.222168
vt 0.306641 0.218750
vt 0.301758 0.221680
vt 0.301025 0.216309
vt 0.296387 0.219727
vt 0.270508 0.212891
vt 0.270996 0.214844
vt 0.268799 0.209961
vt 0.268311 0.211426
vt 0.241577 0.206543
vt 0.241577 0.204590
vt 0.235474 0.205566
vt 0.235474 0.204102
vt 0.229492 0.205078
vt 0.229492 0.203613
vt 0.066650 0.205566
vt 0.066650 0.204102
vt 0.061981 0.204590
vt 0.062012 0.206055
vt 0.057983 0.206055
vt 0.057983 0.207520
vt 0.053802 0.208008
vt 0.053802 0.209473
vt 0.047882 0.212402
vt 0.034058 0.217285
vt 0.046906 0.213379
vt 0.046783 0.215332
vt 0.035980 0.220703
vt 0.031647 0.219727
vt 0.033783 0.222656
vt 0.030731 0.223145
vt 0.033020 0.225098
vt 0.030762 0.230469
vt 0.033020 0.230469
vt 0.303223 0.922119
vt 0.246948 0.918396
vt 0.250488 0.892883
vt 0.330566 0.859863
vt 0.310059 0.923523
vt 0.315186 0.926758
vt 0.330566 0.922607
vt 0.319336 0.932922
vt 0.332520 0.926697
vt 0.323486 0.935852
vt 0.329102 0.937073
vt 0.337158 0.928467
vt 0.567383 0.937073
vt 0.567383 0.928467
vt 0.965820 0.602295
vt 0.972656 0.603271
vt 0.958984 0.602295
vt 0.983398 0.602295
vt 0.983398 0.607178
vt 0.770020 0.106934
vt 0.768555 0.097168
vt 0.770020 0.100098
vt 0.771973 0.101562
vt 0.852051 0.115234
vt 0.946777 0.119629
vt 0.827637 0.124512
vt 0.951660 0.121094
vt 0.958008 0.123535
vt 0.988281 0.140625
vt 0.757324 0.088379
vt 0.760254 0.088379
vt 0.760254 0.094727
vt 0.674316 0.084961
vt 0.757324 0.007324
vt 0.651367 0.043945
vt 0.649902 0.047852
vt 0.649902 0.045898
vt 0.650391 0.044434
vt 0.925781 0.285156
vt 0.876465 0.275391
vt 0.967773 0.275391
vt 0.876465 0.285156
vt 0.737305 0.275391
vt 0.737305 0.285156
vt 0.732422 0.285156
vt 0.732422 0.275391
vt 0.727539 0.285156
vt 0.727539 0.275391
vt 0.712891 0.285156
vt 0.697754 0.279297
vt 0.689941 0.277344
vt 0.679199 0.275879
vt 0.673340 0.275391
vt 0.321777 0.019043
vt 0.312500 0.006836
vt 0.324463 0.010254
vt 0.309814 0.015625
vt 0.310547 0.006348
vt 0.308105 0.015137
vt 0.308594 0.006348
vt 0.306152 0.015137
vt 0.184937 0.015137
vt 0.181641 0.006348
vt 0.171143 0.006348
vt 0.183472 0.015625
vt 0.168945 0.007324
vt 0.167725 0.009277
vt 0.167725 0.011719
vt 0.182495 0.016602
vt 0.182495 0.018555
vt 0.177734 0.043457
vt 0.196045 0.061523
vt 0.177979 0.045898
vt 0.175293 0.055176
vt 0.333984 0.034668
vt 0.322021 0.033691
vt 0.333984 0.033691
vt 0.289795 0.034668
vt 0.319824 0.031738
vt 0.309326 0.025879
vt 0.318848 0.029297
vt 0.318848 0.025879
vt 0.312744 0.021973
vt 0.289795 0.025879
vt 0.287354 0.034668
vt 0.287354 0.025879
vt 0.285156 0.025879
vt 0.285156 0.034668
vt 0.281006 0.025879
vt 0.281006 0.034668
vt 0.278564 0.025879
vt 0.278564 0.034668
vt 0.276367 0.025879
vt 0.276367 0.034668
vt 0.256592 0.025879
vt 0.247192 0.025391
vt 0.253174 0.021973
vt 0.246826 0.030762
vt 0.245239 0.032715
vt 0.242798 0.033691
vt 0.232056 0.034668
vt 0.232056 0.033691
vt 0.228394 0.034668
vt 0.228394 0.033691
vt 0.226807 0.033691
vt 0.225342 0.034668
vt 0.225342 0.032715
vt 0.222656 0.033691
vt 0.222656 0.031250
vt 0.219727 0.032715
vt 0.219727 0.030273
vt 0.216797 0.030762
vt 0.216797 0.032715
vt 0.213989 0.031738
vt 0.213989 0.033691
vt 0.212036 0.032715
vt 0.212036 0.034668
vt 0.210571 0.033691
vt 0.210083 0.034668
vt 0.208130 0.033691
vt 0.208130 0.034668
vt 0.205322 0.033691
vt 0.205322 0.034668
vt 0.202393 0.033691
vt 0.202393 0.034668
vt 0.199463 0.033691
vt 0.199463 0.034668
vt 0.196533 0.033691
vt 0.196533 0.034668
vt 0.956543 0.609375
vt 0.956543 0.609131
vt 0.963867 0.609131
vt 0.950195 0.610107
vt 0.939453 0.609131
vt 0.939453 0.614014
vt 0.223999 0.504150
vt 0.223999 0.532959
vt 0.188843 0.532959
vt 0.188843 0.500000
vt 0.215820 0.490234
vt 0.195801 0.423340
vt 0.215820 0.423340
vt 0.166016 0.423340
vt 0.149170 0.458984
vt 0.149170 0.450195
vt 0.145874 0.423340
vt 0.144653 0.450195
vt 0.145874 0.472656
vt 0.145874 0.458984
vt 0.140991 0.495605
vt 0.140991 0.472656
vt 0.160034 0.500000
vt 0.157593 0.500732
vt 0.136841 0.502686
vt 0.156616 0.503174
vt 0.156616 0.509521
vt 0.155640 0.512451
vt 0.152466 0.513428
vt 0.141113 0.513428
vt 0.138794 0.514648
vt 0.137817 0.516846
vt 0.136841 0.519531
vt 0.137817 0.519531
vt 0.946289 0.020508
vt 0.881348 0.031250
vt 0.876465 0.020508
vt 0.941406 0.031250
vt 0.883301 0.033203
vt 0.938965 0.033203
vt 0.886230 0.034180
vt 0.936523 0.034180
vt 0.637695 0.010254
vt 0.635254 0.012207
vt 0.632812 0.010254
vt 0.637695 0.012207
vt 0.636230 0.014160
vt 0.637695 0.014160
vt 0.636719 0.016602
vt 0.637695 0.016602
vt 0.637695 0.019043
vt 0.636719 0.019043
vt 0.637695 0.020508
vt 0.636719 0.020508
vt 0.636719 0.040039
vt 0.637695 0.043457
vt 0.635742 0.041992
vt 0.637695 0.059570
vt 0.633789 0.042969
vt 0.639648 0.060547
vt 0.641602 0.050293
vt 0.626953 0.059570
vt 0.640625 0.062500
vt 0.626953 0.042969
vt 0.641602 0.065430
vt 0.624023 0.043945
vt 0.640625 0.065430
vt 0.623535 0.058594
vt 0.622559 0.055664
vt 0.622559 0.046387
vt 0.641602 0.066895
vt 0.640625 0.066895
vt 0.640625 0.068359
vt 0.641602 0.068359
vt 0.640625 0.072266
vt 0.641602 0.072266
vt 0.640625 0.073730
vt 0.641602 0.073730
vt 0.640625 0.075684
vt 0.641602 0.075684
vt 0.894531 0.776978
vt 0.897461 0.775879
vt 0.897461 0.778320
vt 0.891113 0.776855
vt 0.882812 0.768921
vt 0.887695 0.777832
vt 0.881348 0.768555
vt 0.857422 0.770874
vt 0.853516 0.770264
vt 0.838867 0.768677
vt 0.840332 0.769531
vt 0.838867 0.769165
vt 0.829590 0.769043
vt 0.829590 0.768555
vt 0.958008 0.905396
vt 0.958008 0.908020
vt 0.957031 0.906128
vt 0.955078 0.905396
vt 0.958008 0.903992
vt 0.956543 0.880371
vt 0.963867 0.892639
vt 0.959961 0.902466
vt 0.962402 0.902039
vt 0.963379 0.900879
vt 0.932617 0.905396
vt 0.953613 0.875244
vt 0.924316 0.875244
vt 0.920898 0.880371
vt 0.914062 0.900452
vt 0.914062 0.892639
vt 0.932617 0.931274
vt 0.905273 0.908386
vt 0.905273 0.931274
vt 0.436279 0.278809
vt 0.437500 0.279785
vt 0.437500 0.284668
vt 0.439453 0.284668
vt 0.439453 0.279785
vt 0.442627 0.279785
vt 0.442627 0.284668
vt 0.445557 0.279785
vt 0.445557 0.284668
vt 0.447266 0.284668
vt 0.447266 0.279785
vt 0.450439 0.284668
vt 0.456299 0.279785
vt 0.456299 0.287598
vt 0.450439 0.287598
vt 0.459473 0.287598
vt 0.459473 0.279785
vt 0.462646 0.287598
vt 0.462646 0.279785
vt 0.473389 0.279785
vt 0.473389 0.287598
vt 0.475830 0.279785
vt 0.475830 0.287598
vt 0.478271 0.287598
vt 0.478271 0.279785
vt 0.990723 0.622070
vt 0.950684 0.631592
vt 0.932129 0.622070
vt 0.990723 0.631592
vt 0.954590 0.634033
vt 0.990723 0.634033
vt 0.956055 0.636230
vt 0.990723 0.636230
vt 0.956055 0.639160
vt 0.956055 0.647705
vt 0.955078 0.640137
vt 0.953125 0.640625
vt 0.763672 0.640625
vt 0.956055 0.656494
vt 0.664062 0.647705
vt 0.747559 0.640625
vt 0.664062 0.640625
vt 0.532227 0.647705
vt 0.532227 0.636475
vt 0.664062 0.636475
vt 0.991211 0.676758
vt 0.956055 0.665283
vt 0.956055 0.673828
vt 0.956055 0.676758
vt 0.955078 0.672852
vt 0.991211 0.678955
vt 0.953125 0.672363
vt 0.954590 0.678955
vt 0.763672 0.672363
vt 0.991211 0.681396
vt 0.664062 0.665527
vt 0.950684 0.681396
vt 0.991211 0.690918
vt 0.932129 0.691162
vt 0.747559 0.672363
vt 0.664062 0.672363
vt 0.532227 0.665527
vt 0.532227 0.676758
vt 0.664062 0.676758
vt 0.185547 0.402832
vt 0.180542 0.402832
vt 0.180542 0.395508
vt 0.185547 0.395508
vt 0.190918 0.402832
vt 0.190918 0.395508
vt 0.227417 0.395508
vt 0.233276 0.400879
vt 0.233887 0.402832
vt 0.233887 0.401855
vt 0.543945 0.287598
vt 0.549805 0.283203
vt 0.549805 0.287598
vt 0.543945 0.282715
vt 0.541992 0.287598
vt 0.541992 0.282715
vt 0.518066 0.287109
vt 0.518066 0.282715
vt 0.516113 0.287109
vt 0.516113 0.282715
vt 0.509766 0.283203
vt 0.509766 0.287109
vt 0.095154 0.060059
vt 0.095154 0.049805
vt 0.096008 0.058105
vt 0.098267 0.057129
vt 0.099182 0.042969
vt 0.109009 0.057129
vt 0.099182 0.037109
vt 0.100037 0.039551
vt 0.102173 0.040527
vt 0.108643 0.040527
vt 0.111816 0.041504
vt 0.112000 0.056152
vt 0.112976 0.053223
vt 0.112976 0.043945
vt 0.364502 0.094238
vt 0.455078 0.084473
vt 0.449951 0.095215
vt 0.364990 0.104004
vt 0.363525 0.094727
vt 0.364014 0.104492
vt 0.362061 0.094727
vt 0.360352 0.093750
vt 0.358154 0.093750
vt 0.357422 0.094238
vt 0.353516 0.099121
vt 0.352783 0.101074
vt 0.353760 0.103027
vt 0.358887 0.107422
vt 0.359619 0.108887
vt 0.359131 0.110352
vt 0.115601 0.219727
vt 0.107849 0.214355
vt 0.115540 0.214355
vt 0.107910 0.220703
vt 0.105286 0.214355
vt 0.105347 0.220703
vt 0.075012 0.214844
vt 0.075073 0.220703
vt 0.072449 0.214844
vt 0.072510 0.220703
vt 0.064819 0.220215
vt 0.064758 0.214844
vt 0.185181 0.377930
vt 0.180176 0.385254
vt 0.180176 0.377930
vt 0.185181 0.385254
vt 0.190552 0.377930
vt 0.190552 0.385254
vt 0.227051 0.385254
vt 0.232910 0.379883
vt 0.233521 0.377930
vt 0.233521 0.378906
vt 0.915039 0.623291
vt 0.915527 0.618896
vt 0.923340 0.618896
vt 0.923340 0.627686
vt 0.913574 0.624512
vt 0.924805 0.630859
vt 0.888184 0.624756
vt 0.928223 0.632568
vt 0.817383 0.632568
vt 0.887207 0.623291
vt 0.876953 0.618652
vt 0.886719 0.618652
vt 0.619629 0.616699
vt 0.868164 0.614502
vt 0.619629 0.614258
vt 0.598145 0.616699
vt 0.485840 0.616699
vt 0.006527 0.632080
vt 0.006531 0.616455
vt 0.488770 0.614258
vt 0.598145 0.614258
vt 0.275391 0.471191
vt 0.272217 0.475586
vt 0.271729 0.471680
vt 0.275879 0.475586
vt 0.272705 0.479492
vt 0.276611 0.479492
vt 0.274170 0.499023
vt 0.275879 0.499023
vt 0.274658 0.537598
vt 0.271240 0.538086
vt 0.274658 0.545654
vt 0.270508 0.546143
vt 0.275146 0.553467
vt 0.270996 0.554199
vt 0.814453 0.769775
vt 0.816895 0.768921
vt 0.816895 0.769287
vt 0.801270 0.770508
vt 0.773438 0.768921
vt 0.797363 0.771118
vt 0.767090 0.778320
vt 0.771973 0.769287
vt 0.763672 0.777222
vt 0.760254 0.777466
vt 0.755859 0.776978
vt 0.757324 0.778564
vt 0.755371 0.777832
vt 0.755371 0.779175
vt 0.754883 0.780640
vt 0.750488 0.781616
vt 0.748535 0.782349
vt 0.586914 0.866821
vt 0.581543 0.881165
vt 0.581543 0.866821
vt 0.586426 0.918335
vt 0.581543 0.909363
vt 0.578613 0.914734
vt 0.584473 0.923096
vt 0.580078 0.925720
vt 0.572754 0.916992
vt 0.340332 0.925659
vt 0.345215 0.916931
vt 0.339355 0.914673
vt 0.335205 0.923828
vt 0.333008 0.919922
vt 0.336670 0.909790
vt 0.336670 0.881165
vt 0.333496 0.862427
vt 0.336670 0.865356
vt 0.337646 0.863159
vt 0.340088 0.862427
vt 0.258545 0.553711
vt 0.262451 0.551025
vt 0.261963 0.554443
vt 0.259033 0.550537
vt 0.262695 0.547852
vt 0.259277 0.547363
vt 0.262451 0.526123
vt 0.261230 0.526123
vt 0.262207 0.487305
vt 0.258789 0.486328
vt 0.262451 0.479492
vt 0.258301 0.479004
vt 0.263184 0.471680
vt 0.259033 0.471191
vt 0.024078 0.200195
vt 0.004620 0.006836
vt 0.024094 0.006836
vt 0.004612 0.200195
vt 0.024063 0.579590
vt 0.004589 0.579590
vt 0.077087 0.400391
vt 0.082886 0.396973
vt 0.082886 0.400391
vt 0.074707 0.396973
vt 0.074097 0.401855
vt 0.070862 0.398438
vt 0.071960 0.405273
vt 0.068420 0.402344
vt 0.070251 0.412109
vt 0.061981 0.423340
vt 0.068787 0.423340
vt 0.066528 0.428223
vt 0.060944 0.428223
vt 0.065796 0.432617
vt 0.060455 0.432617
vt 0.065796 0.510010
vt 0.060364 0.510010
vt 0.060883 0.513672
vt 0.066711 0.513916
vt 0.061768 0.516602
vt 0.068787 0.517334
vt 0.063232 0.520264
vt 0.069214 0.520020
vt 0.064819 0.523682
vt 0.069702 0.522705
vt 0.072327 0.529785
vt 0.068481 0.531494
vt 0.070923 0.533936
vt 0.074158 0.531738
vt 0.074768 0.534912
vt 0.077087 0.532471
vt 0.082947 0.534912
vt 0.082947 0.532471
vt 0.971680 0.909546
vt 0.978516 0.913269
vt 0.975586 0.916992
vt 0.974121 0.905579
vt 0.979980 0.908936
vt 0.975098 0.900146
vt 0.983398 0.898499
vt 0.983398 0.892883
vt 0.976562 0.845215
vt 0.849121 0.324707
vt 0.660645 0.330078
vt 0.660645 0.324707
vt 0.849121 0.330078
vt 0.856445 0.324707
vt 0.856445 0.330078
vt 0.859375 0.324707
vt 0.859375 0.330078
vt 0.916504 0.324707
vt 0.916504 0.330078
vt 0.646973 0.168457
vt 0.646973 0.173340
vt 0.644043 0.173340
vt 0.644043 0.166504
vt 0.648438 0.166016
vt 0.645508 0.163574
vt 0.651367 0.164062
vt 0.648926 0.161133
vt 0.666504 0.159668
vt 0.666992 0.157715
vt 0.666504 0.155762
vt 0.668457 0.156738
vt 0.683105 0.150879
vt 0.683105 0.152344
vt 0.687500 0.150879
vt 0.687500 0.149902
vt 0.691895 0.150879
vt 0.691895 0.149414
vt 0.743652 0.149414
vt 0.743652 0.150879
vt 0.748047 0.149902
vt 0.748047 0.151367
vt 0.751465 0.150879
vt 0.751465 0.152344
vt 0.755371 0.152832
vt 0.755371 0.154297
vt 0.760742 0.156738
vt 0.773438 0.161133
vt 0.761719 0.157715
vt 0.762207 0.162109
vt 0.771973 0.162109
vt 0.775879 0.163574
vt 0.774414 0.166016
vt 0.776855 0.166504
vt 0.774414 0.168457
vt 0.776855 0.173340
vt 0.774414 0.173340
vt 0.143188 0.569336
vt 0.147949 0.568115
vt 0.145264 0.571289
vt 0.144409 0.566895
vt 0.141235 0.565918
vt 0.142212 0.564697
vt 0.140259 0.563965
vt 0.141235 0.562744
vt 0.130859 0.543945
vt 0.131592 0.541992
vt 0.131104 0.539795
vt 0.129517 0.538330
vt 0.131104 0.463379
vt 0.129517 0.463379
vt 0.135254 0.450684
vt 0.136719 0.450684
vt 0.137207 0.444336
vt 0.138550 0.444336
vt 0.138672 0.435547
vt 0.139648 0.435547
vt 0.138916 0.430664
vt 0.139771 0.425293
vt 0.138916 0.419434
vt 0.140747 0.420898
vt 0.140747 0.419434
vt 0.143433 0.415527
vt 0.140747 0.416992
vt 0.143677 0.413086
vt 0.146606 0.414062
vt 0.147705 0.409668
vt 0.153442 0.414062
vt 0.152466 0.408691
vt 0.208740 0.414062
vt 0.209595 0.408691
vt 0.214355 0.409668
vt 0.215576 0.414062
vt 0.218384 0.413086
vt 0.218628 0.415527
vt 0.221436 0.416992
vt 0.221436 0.419434
vt 0.221436 0.420898
vt 0.223145 0.419434
vt 0.222290 0.425293
vt 0.223145 0.430664
vt 0.222412 0.435547
vt 0.223389 0.435547
vt 0.223633 0.444336
vt 0.224854 0.444336
vt 0.225342 0.450684
vt 0.226929 0.450684
vt 0.230957 0.463379
vt 0.232544 0.463379
vt 0.232544 0.538330
vt 0.230957 0.539795
vt 0.232178 0.541260
vt 0.230469 0.542236
vt 0.231323 0.543945
vt 0.220825 0.562744
vt 0.221802 0.563965
vt 0.219849 0.564697
vt 0.220825 0.565918
vt 0.217651 0.566895
vt 0.218994 0.569336
vt 0.214111 0.568115
vt 0.216797 0.571289
vt 0.746094 0.213379
vt 0.759766 0.209473
vt 0.759766 0.213379
vt 0.746094 0.209473
vt 0.759766 0.207520
vt 0.746094 0.207520
vt 0.759766 0.205566
vt 0.746582 0.205566
vt 0.760254 0.201172
vt 0.746582 0.201172
vt 0.746094 0.199707
vt 0.760742 0.199707
vt 0.761230 0.198242
vt 0.745117 0.197754
vt 0.763184 0.196289
vt 0.743652 0.196289
vt 0.765625 0.195312
vt 0.741211 0.195312
vt 0.806641 0.191895
vt 0.806641 0.195312
vt 0.692871 0.195312
vt 0.622559 0.191895
vt 0.806641 0.188965
vt 0.622559 0.194824
vt 0.622559 0.188477
vt 0.690430 0.195801
vt 0.687988 0.197754
vt 0.622559 0.197754
vt 0.682617 0.202637
vt 0.622559 0.202637
vt 0.679688 0.205566
vt 0.622559 0.204590
vt 0.622559 0.205566
vt 0.677734 0.207520
vt 0.567383 0.207520
vt 0.567383 0.205566
vt 0.677246 0.209473
vt 0.567383 0.209473
vt 0.622559 0.185059
vt 0.806641 0.185547
vt 0.785156 0.181152
vt 0.789062 0.179199
vt 0.636719 0.180664
vt 0.791016 0.175781
vt 0.632812 0.179199
vt 0.806641 0.156250
vt 0.631348 0.175293
vt 0.791016 0.154297
vt 0.622559 0.155762
vt 0.806641 0.152344
vt 0.631348 0.154297
vt 0.791016 0.142578
vt 0.622559 0.152344
vt 0.631348 0.143555
vt 0.806641 0.139648
vt 0.622559 0.139648
vt 0.790039 0.141113
vt 0.631836 0.141602
vt 0.633789 0.140625
vt 0.788574 0.140625
vt 0.797852 0.138184
vt 0.806641 0.138184
vt 0.790039 0.139160
vt 0.705078 0.139160
vt 0.701172 0.138184
vt 0.699219 0.137207
vt 0.622559 0.137207
vt 0.567871 0.123047
vt 0.685059 0.114258
vt 0.690430 0.123047
vt 0.567871 0.113770
vt 0.682617 0.110352
vt 0.567871 0.109375
vt 0.678711 0.104492
vt 0.567871 0.103516
vt 0.673340 0.098145
vt 0.567871 0.097168
vt 0.668457 0.094727
vt 0.667969 0.089844
vt 0.567871 0.093750
vt 0.646484 0.091309
vt 0.646484 0.089844
vt 0.567871 0.090820
vt 0.142090 0.065918
vt 0.164185 0.071777
vt 0.142090 0.071777
vt 0.164185 0.065918
vt 0.142090 0.062500
vt 0.164185 0.062500
vt 0.142090 0.059570
vt 0.164185 0.059570
vt 0.142090 0.046387
vt 0.164185 0.046387
vt 0.690430 0.785522
vt 0.616211 0.783447
vt 0.690430 0.783447
vt 0.567383 0.785522
vt 0.609863 0.782227
vt 0.604004 0.780518
vt 0.598633 0.777222
vt 0.564453 0.784912
vt 0.593750 0.772949
vt 0.562500 0.782104
vt 0.590820 0.768433
vt 0.561523 0.779053
vt 0.562988 0.775757
vt 0.588867 0.763550
vt 0.586914 0.758545
vt 0.586914 0.740723
vt 0.312012 0.415039
vt 0.385742 0.415039
vt 0.312012 0.416992
vt 0.434082 0.416992
vt 0.391846 0.413574
vt 0.397705 0.412109
vt 0.403320 0.408691
vt 0.437256 0.416504
vt 0.407715 0.404785
vt 0.438965 0.413574
vt 0.410645 0.399902
vt 0.439697 0.410645
vt 0.438477 0.407227
vt 0.413086 0.395020
vt 0.414551 0.390137
vt 0.414795 0.372559
vt 0.444092 0.113281
vt 0.564453 0.122070
vt 0.438477 0.122070
vt 0.564453 0.112793
vt 0.446777 0.108398
vt 0.564453 0.108398
vt 0.450684 0.102539
vt 0.564453 0.102539
vt 0.456543 0.096191
vt 0.564453 0.095703
vt 0.461426 0.092773
vt 0.461670 0.087891
vt 0.564453 0.092285
vt 0.483887 0.089844
vt 0.483643 0.087891
vt 0.564453 0.089355
vt 0.619629 0.202148
vt 0.564941 0.195312
vt 0.619629 0.195312
vt 0.564941 0.203613
vt 0.619629 0.203613
vt 0.508789 0.646729
vt 0.473877 0.648438
vt 0.475830 0.646484
vt 0.510254 0.648438
vt 0.473877 0.656738
vt 0.510254 0.656738
vt 0.831055 0.600586
vt 0.804688 0.594482
vt 0.831055 0.594482
vt 0.804688 0.600586
vt 0.830078 0.601807
vt 0.806152 0.601807
vt 0.813477 0.718506
vt 0.995117 0.727051
vt 0.813477 0.727051
vt 0.995117 0.696045
vt 0.813477 0.704834
vt 0.813477 0.696045
vt 0.064819 0.224609
vt 0.065613 0.226562
vt 0.064758 0.228516
vt 0.066772 0.225586
vt 0.072510 0.225098
vt 0.126953 0.323242
vt 0.123047 0.350586
vt 0.123047 0.332031
vt 0.126953 0.359375
vt 0.134766 0.315918
vt 0.134888 0.366699
vt 0.142700 0.369629
vt 0.142578 0.312988
vt 0.148071 0.312500
vt 0.148193 0.370117
vt 0.306396 0.312012
vt 0.306396 0.370117
vt 0.311523 0.370117
vt 0.311768 0.312012
vt 0.317627 0.354492
vt 0.316406 0.370117
vt 0.320557 0.370117
vt 0.317627 0.328613
vt 0.320557 0.354492
vt 0.316406 0.312500
vt 0.325195 0.354492
vt 0.320557 0.312500
vt 0.324951 0.370117
vt 0.320557 0.328613
vt 0.330566 0.368652
vt 0.324951 0.312500
vt 0.330811 0.354492
vt 0.324951 0.328613
vt 0.385498 0.354492
vt 0.330566 0.314453
vt 0.387451 0.368652
vt 0.330322 0.328613
vt 0.385498 0.328613
vt 0.387451 0.314453
vt 0.076843 0.265137
vt 0.058960 0.254395
vt 0.050598 0.265137
vt 0.187378 0.254395
vt 0.187378 0.265137
vt 0.349365 0.254395
vt 0.510742 0.254395
vt 0.686523 0.254395
vt 0.984863 0.263184
vt 0.984863 0.254395
vt 0.995117 0.265137
vt 0.995117 0.263184
vt 0.181885 0.540283
vt 0.185303 0.544434
vt 0.185303 0.540283
vt 0.180908 0.544189
vt 0.179565 0.538086
vt 0.174683 0.537842
vt 0.730957 0.167969
vt 0.734375 0.172363
vt 0.734375 0.167969
vt 0.729980 0.172363
vt 0.728516 0.166016
vt 0.723633 0.166016
vt 0.753418 0.171875
vt 0.752441 0.165527
vt 0.747559 0.165527
vt 0.754395 0.167969
vt 0.757812 0.171875
vt 0.757812 0.167969
vt 0.267822 0.449707
vt 0.271240 0.453613
vt 0.271240 0.449707
vt 0.266846 0.453613
vt 0.265381 0.447266
vt 0.260498 0.447266
vt 0.161499 0.528320
vt 0.164917 0.532471
vt 0.164917 0.528320
vt 0.160645 0.532471
vt 0.159180 0.526123
vt 0.154297 0.526123
vt 0.191650 0.228027
vt 0.188232 0.226074
vt 0.191650 0.226074
vt 0.185547 0.228027
vt 0.184326 0.221680
vt 0.179443 0.221680
vt 0.184814 0.216309
vt 0.189697 0.216309
vt 0.337646 0.008789
vt 0.336914 0.009766
vt 0.336914 0.008789
vt 0.337646 0.009766
vt 0.338379 0.008789
vt 0.338379 0.010254
vt 0.343750 0.008789
vt 0.346680 0.015625
vt 0.354248 0.015625
vt 0.342041 0.023926
vt 0.340576 0.019531
vt 0.338379 0.023926
vt 0.338379 0.019531
vt 0.337402 0.023926
vt 0.337402 0.019531
vt 0.336426 0.023926
vt 0.336426 0.019531
vt 0.487305 0.068359
vt 0.486328 0.067383
vt 0.487305 0.067383
vt 0.486328 0.068359
vt 0.485596 0.067383
vt 0.485596 0.069336
vt 0.480225 0.067383
vt 0.477295 0.074219
vt 0.469971 0.074219
vt 0.481934 0.082520
vt 0.483398 0.078613
vt 0.485596 0.082520
vt 0.485596 0.078613
vt 0.486572 0.082520
vt 0.486572 0.078613
vt 0.487793 0.082520
vt 0.487793 0.078613
vt 0.032776 0.337891
vt 0.071228 0.355957
vt 0.032745 0.355957
vt 0.071289 0.316895
vt 0.050293 0.316895
vt 0.115723 0.338379
vt 0.077209 0.317383
vt 0.098206 0.317383
vt 0.077209 0.356445
vt 0.115723 0.356445
vt 0.989258 0.136230
vt 0.991211 0.114746
vt 0.991211 0.136230
vt 0.958984 0.114258
vt 0.952637 0.110840
vt 0.947266 0.110352
vt 0.041229 0.195801
vt 0.067688 0.194336
vt 0.063232 0.195801
vt 0.036804 0.194336
vt 0.033020 0.190918
vt 0.071472 0.190918
vt 0.030838 0.185547
vt 0.073669 0.185547
vt 0.062103 0.054688
vt 0.073669 0.052734
vt 0.042450 0.054688
vt 0.062103 0.045898
vt 0.075378 0.045898
vt 0.077393 0.047363
vt 0.030869 0.052734
vt 0.042450 0.045898
vt 0.029175 0.045898
vt 0.027405 0.046875
vt 0.129272 0.138672
vt 0.126831 0.139160
vt 0.126831 0.117188
vt 0.159668 0.116211
vt 0.165894 0.112793
vt 0.171387 0.111816
vt 0.985352 0.368164
vt 0.996094 0.344727
vt 0.998047 0.341309
vt 0.992676 0.349121
vt 0.986816 0.351562
vt 0.981445 0.372559
vt 0.979980 0.353027
vt 0.975098 0.374023
vt 0.964844 0.374023
vt 0.945801 0.374023
vt 0.962402 0.375000
vt 0.961426 0.377930
vt 0.943848 0.373535
vt 0.943848 0.374023
vt 0.925781 0.370605
vt 0.872070 0.353027
vt 0.952148 0.392578
vt 0.961426 0.392578
vt 0.945801 0.390625
vt 0.908203 0.373535
vt 0.899414 0.392578
vt 0.952148 0.401855
vt 0.899414 0.401855
vt 0.906250 0.390625
vt 0.906250 0.374023
vt 0.908203 0.374023
vt 0.890625 0.377930
vt 0.890625 0.392578
vt 0.889648 0.375000
vt 0.886719 0.374023
vt 0.876953 0.374023
vt 0.870605 0.372559
vt 0.864258 0.351562
vt 0.866211 0.368164
vt 0.859375 0.349121
vt 0.855957 0.344727
vt 0.854004 0.341309
vt 0.374268 0.660889
vt 0.379395 0.641357
vt 0.379395 0.660400
vt 0.374268 0.639893
vt 0.368896 0.638672
vt 0.369141 0.665527
vt 0.364014 0.637939
vt 0.364502 0.704834
vt 0.368652 0.705078
vt 0.367920 0.713623
vt 0.358643 0.704834
vt 0.358643 0.637207
vt 0.360352 0.712158
vt 0.359375 0.717529
vt 0.366211 0.722412
vt 0.357666 0.721680
vt 0.363281 0.730713
vt 0.355469 0.726318
vt 0.323730 0.787842
vt 0.315918 0.783081
vt 0.315918 0.793823
vt 0.310059 0.788330
vt 0.306152 0.796509
vt 0.301270 0.790039
vt 0.237549 0.803467
vt 0.237671 0.796753
vt 0.084106 0.817383
vt 0.010818 0.818726
vt 0.010818 0.825562
vt 0.078918 0.818848
vt 0.073792 0.820312
vt 0.069092 0.822632
vt 0.064819 0.825195
vt 0.016541 0.861084
vt 0.010818 0.861694
vt 0.354980 0.063965
vt 0.356445 0.046875
vt 0.356445 0.063965
vt 0.354980 0.046875
vt 0.353516 0.049805
vt 0.353516 0.063965
vt 0.347412 0.063965
vt 0.345703 0.062988
vt 0.344971 0.062988
vt 0.022324 0.695557
vt 0.097656 0.695557
vt 0.058136 0.703613
vt 0.097656 0.703613
vt 0.109009 0.703613
vt 0.109009 0.695557
vt 0.227417 0.695557
vt 0.227417 0.703613
vt 0.233032 0.703613
vt 0.233032 0.695557
vt 0.238770 0.703613
vt 0.238770 0.695557
vt 0.251709 0.703613
vt 0.265625 0.698242
vt 0.272705 0.696777
vt 0.282471 0.695557
vt 0.645020 0.431641
vt 0.765625 0.456055
vt 0.645020 0.439941
vt 0.765625 0.447266
vt 0.916016 0.466797
vt 0.725098 0.470703
vt 0.920898 0.468262
vt 0.926270 0.469727
vt 0.935059 0.474121
vt 0.930664 0.471680
vt 0.983887 0.502930
vt 0.504395 0.802246
vt 0.490723 0.797485
vt 0.506348 0.795288
vt 0.476562 0.848145
vt 0.468018 0.852783
vt 0.472900 0.851440
vt 0.243530 0.824707
vt 0.330078 0.852417
vt 0.108765 0.011230
vt 0.152710 0.011230
vt 0.108765 0.021484
vt 0.156128 0.021484
vt 0.152710 0.031738
vt 0.108765 0.031738
vt 0.623047 0.272461
vt 0.627930 0.291992
vt 0.623047 0.291504
vt 0.627930 0.271484
vt 0.633301 0.270020
vt 0.633301 0.296875
vt 0.638184 0.269043
vt 0.633789 0.335938
vt 0.638184 0.335938
vt 0.634277 0.343750
vt 0.643066 0.335938
vt 0.643066 0.268555
vt 0.642090 0.342285
vt 0.643066 0.347168
vt 0.636230 0.352051
vt 0.644531 0.351562
vt 0.639160 0.360352
vt 0.646973 0.355957
vt 0.656738 0.383301
vt 0.653809 0.382812
vt 0.658691 0.384277
vt 0.685547 0.410156
vt 0.660156 0.386719
vt 0.660156 0.389160
vt 0.659668 0.391113
vt 0.678711 0.415527
vt 0.686523 0.421387
vt 0.692383 0.416016
vt 0.696289 0.424805
vt 0.701172 0.418457
vt 0.765137 0.433105
vt 0.764648 0.426270
vt 0.919434 0.452148
vt 0.992188 0.453125
vt 0.992188 0.459473
vt 0.924316 0.453125
vt 0.929688 0.455078
vt 0.934570 0.457031
vt 0.938477 0.459961
vt 0.986328 0.494141
vt 0.992188 0.494629
vt 0.034302 0.557617
vt 0.034302 0.441895
vt 0.036041 0.557617
vt 0.036041 0.441895
vt 0.036041 0.438477
vt 0.034302 0.438477
vt 0.034302 0.435547
vt 0.036041 0.435547
vt 0.034302 0.432617
vt 0.036041 0.432617
vt 0.036041 0.429688
vt 0.034302 0.429688
vt 0.036041 0.389648
vt 0.034363 0.379883
vt 0.038879 0.383301
vt 0.035828 0.371582
vt 0.042755 0.377930
vt 0.040436 0.363770
vt 0.047302 0.375488
vt 0.045990 0.360840
vt 0.103760 0.360840
vt 0.102417 0.375488
vt 0.109253 0.363770
vt 0.106995 0.377930
vt 0.113892 0.371582
vt 0.110840 0.383301
vt 0.115356 0.379883
vt 0.113708 0.389648
vt 0.115417 0.429688
vt 0.113708 0.429688
vt 0.115417 0.432617
vt 0.113708 0.432617
vt 0.113708 0.435547
vt 0.115417 0.435547
vt 0.115417 0.438477
vt 0.113708 0.438477
vt 0.115417 0.441895
vt 0.113708 0.441895
vt 0.113708 0.557617
vt 0.115479 0.557617
vt 0.166260 0.571777
vt 0.161255 0.571777
vt 0.162842 0.570312
vt 0.167725 0.571045
vt 0.202148 0.570312
vt 0.197266 0.571045
vt 0.198730 0.571777
vt 0.203613 0.571777
vt 0.162842 0.555420
vt 0.202148 0.555420
vt 0.157349 0.553223
vt 0.155151 0.555420
vt 0.207520 0.553223
vt 0.154663 0.552490
vt 0.209717 0.555420
vt 0.151611 0.554443
vt 0.210327 0.552490
vt 0.152710 0.550293
vt 0.213379 0.554443
vt 0.149292 0.552002
vt 0.144897 0.542725
vt 0.147583 0.539307
vt 0.212280 0.550293
vt 0.215576 0.552002
vt 0.220093 0.542725
vt 0.217407 0.539307
vt 0.564941 0.193359
vt 0.620117 0.191895
vt 0.620117 0.193359
vt 0.564941 0.191895
vt 0.564941 0.190430
vt 0.620117 0.190918
vt 0.564941 0.188965
vt 0.620117 0.174805
vt 0.564941 0.174316
vt 0.620117 0.173340
vt 0.564941 0.172852
vt 0.620117 0.134277
vt 0.564941 0.125000
vt 0.689453 0.125000
vt 0.694336 0.132324
vt 0.695801 0.134277
vt 0.035004 0.282715
vt 0.143188 0.282715
vt 0.035004 0.290527
vt 0.415283 0.290527
vt 0.386475 0.284180
vt 0.383545 0.282715
vt 0.415283 0.284180
vt 0.307617 0.271484
vt 0.415771 0.271484
vt 0.415771 0.279297
vt 0.036011 0.279297
vt 0.064636 0.272949
vt 0.036011 0.272949
vt 0.067566 0.271484
vt 0.993164 0.231445
vt 0.993164 0.230469
vt 0.969727 0.231445
vt 0.993164 0.229980
vt 0.789551 0.224609
vt 0.988770 0.224609
vt 0.682617 0.224609
vt 0.571777 0.229980
vt 0.571777 0.224609
vt 0.571777 0.231445
vt 0.469482 0.224609
vt 0.375977 0.229980
vt 0.375977 0.224609
vt 0.369385 0.231445
vt 0.369385 0.229980
vt 0.806641 0.721436
vt 0.806152 0.680176
vt 0.806641 0.682129
vt 0.806152 0.723389
vt 0.805176 0.725342
vt 0.805176 0.678223
vt 0.802734 0.726807
vt 0.802734 0.676758
vt 0.801270 0.727051
vt 0.801270 0.676514
vt 0.750977 0.727051
vt 0.750977 0.676514
vt 0.749023 0.726807
vt 0.749023 0.676758
vt 0.747070 0.725342
vt 0.747070 0.678223
vt 0.745605 0.723389
vt 0.745605 0.680176
vt 0.745117 0.682129
vt 0.745117 0.721436
vt 0.734375 0.768188
vt 0.733398 0.689209
vt 0.734375 0.692627
vt 0.733887 0.771729
vt 0.730957 0.775757
vt 0.730957 0.685059
vt 0.727051 0.682617
vt 0.727051 0.778320
vt 0.723633 0.778931
vt 0.723633 0.681885
vt 0.627441 0.778931
vt 0.627441 0.681885
vt 0.624023 0.778320
vt 0.624023 0.682617
vt 0.619629 0.775757
vt 0.619629 0.685059
vt 0.617188 0.689209
vt 0.617188 0.771729
vt 0.616699 0.768188
vt 0.616699 0.692627
vt 0.446777 0.909729
vt 0.471680 0.913635
vt 0.446777 0.913635
vt 0.471924 0.908325
vt 0.446777 0.906128
vt 0.486084 0.913635
vt 0.472168 0.903076
vt 0.446777 0.902893
vt 0.486328 0.908142
vt 0.472168 0.898560
vt 0.446777 0.899841
vt 0.447021 0.896912
vt 0.486572 0.903015
vt 0.486328 0.898499
vt 0.472168 0.876892
vt 0.446777 0.878784
vt 0.446777 0.875916
vt 0.486328 0.876831
vt 0.471924 0.872314
vt 0.446777 0.872803
vt 0.446777 0.869629
vt 0.471680 0.867065
vt 0.446777 0.865967
vt 0.486328 0.872314
vt 0.471680 0.861694
vt 0.446533 0.861694
vt 0.486084 0.861694
vt 0.486328 0.867188
vt 0.500000 0.867432
vt 0.500000 0.861694
vt 0.510742 0.861694
vt 0.499756 0.872437
vt 0.511230 0.867188
vt 0.529297 0.861694
vt 0.511230 0.872192
vt 0.499023 0.876892
vt 0.528809 0.866943
vt 0.546387 0.867188
vt 0.549316 0.861694
vt 0.528809 0.871948
vt 0.544434 0.872070
vt 0.528320 0.876587
vt 0.543457 0.876648
vt 0.543945 0.898560
vt 0.528809 0.898682
vt 0.510742 0.876770
vt 0.544922 0.903198
vt 0.510742 0.898560
vt 0.529297 0.903320
vt 0.546875 0.908142
vt 0.511230 0.903137
vt 0.529297 0.908386
vt 0.529297 0.913635
vt 0.549316 0.913635
vt 0.511719 0.908142
vt 0.510742 0.913635
vt 0.500000 0.907898
vt 0.500000 0.913635
vt 0.500000 0.902893
vt 0.499268 0.898499
vt 0.794922 0.784668
vt 0.788574 0.806641
vt 0.788574 0.781616
vt 0.796875 0.807861
vt 0.788574 0.822632
vt 0.804688 0.790039
vt 0.796875 0.823242
vt 0.788574 0.836792
vt 0.806152 0.809692
vt 0.816406 0.796875
vt 0.796875 0.836914
vt 0.788574 0.850464
vt 0.805664 0.824219
vt 0.815430 0.811890
vt 0.824707 0.813843
vt 0.825684 0.801147
vt 0.844238 0.801270
vt 0.814941 0.825439
vt 0.845215 0.813721
vt 0.853516 0.796875
vt 0.824707 0.826538
vt 0.805664 0.837402
vt 0.814941 0.837891
vt 0.796875 0.850220
vt 0.788574 0.864136
vt 0.805664 0.850098
vt 0.796875 0.863770
vt 0.788574 0.879272
vt 0.796875 0.878662
vt 0.788574 0.889648
vt 0.805664 0.863159
vt 0.814941 0.849976
vt 0.824219 0.838379
vt 0.796875 0.888916
vt 0.788574 0.899292
vt 0.805664 0.877808
vt 0.814941 0.862549
vt 0.824219 0.849976
vt 0.845703 0.826660
vt 0.845703 0.838379
vt 0.824707 0.862183
vt 0.814941 0.876953
vt 0.806152 0.887634
vt 0.845703 0.849976
vt 0.796875 0.898804
vt 0.793457 0.942719
vt 0.788574 0.942719
vt 0.798828 0.942719
vt 0.806152 0.898010
vt 0.804688 0.942719
vt 0.807617 0.942719
vt 0.811035 0.938721
vt 0.815430 0.887024
vt 0.815430 0.897034
vt 0.817871 0.933350
vt 0.824707 0.896240
vt 0.825195 0.929443
vt 0.844727 0.929138
vt 0.824707 0.876282
vt 0.824707 0.886353
vt 0.845215 0.896240
vt 0.845215 0.862183
vt 0.854492 0.896973
vt 0.852051 0.933167
vt 0.845215 0.886353
vt 0.858887 0.938568
vt 0.864258 0.897949
vt 0.862305 0.942719
vt 0.865234 0.942719
vt 0.854492 0.886963
vt 0.873047 0.898804
vt 0.871094 0.942719
vt 0.876465 0.942719
vt 0.881348 0.899231
vt 0.881348 0.942719
vt 0.863770 0.887634
vt 0.873047 0.888855
vt 0.881348 0.889648
vt 0.873047 0.878662
vt 0.881348 0.879272
vt 0.864258 0.877808
vt 0.854492 0.876953
vt 0.873047 0.863770
vt 0.881348 0.868896
vt 0.881348 0.859619
vt 0.864258 0.863159
vt 0.873047 0.850342
vt 0.881348 0.850586
vt 0.864258 0.850098
vt 0.854492 0.862549
vt 0.873047 0.837036
vt 0.881348 0.841553
vt 0.881348 0.832275
vt 0.864258 0.837402
vt 0.845215 0.876282
vt 0.854980 0.849976
vt 0.854980 0.837891
vt 0.854980 0.825562
vt 0.864258 0.824341
vt 0.854492 0.812012
vt 0.863770 0.809692
vt 0.865234 0.790039
vt 0.873047 0.823364
vt 0.881348 0.822754
vt 0.873047 0.807861
vt 0.881348 0.812500
vt 0.875000 0.784668
vt 0.881348 0.800903
vt 0.881348 0.781738
vt 0.827637 0.127441
vt 0.810059 0.135742
vt 0.801758 0.135742
vt 0.990723 0.173828
vt 0.988281 0.143555
vt 0.990723 0.144043
vt 0.810059 0.175781
vt 0.990723 0.175293
vt 0.810059 0.177246
vt 0.895020 0.192383
vt 0.810059 0.192383
vt 0.898926 0.192383
vt 0.902344 0.192871
vt 0.990723 0.192871
vt 0.903320 0.193848
vt 0.990723 0.193848
vt 0.951172 0.195312
vt 0.990723 0.195312
vt 0.903809 0.195312
vt 0.259521 0.687012
vt 0.217163 0.687012
vt 0.217163 0.686279
vt 0.217163 0.678467
vt 0.297852 0.678467
vt 0.204956 0.685791
vt 0.204956 0.678467
vt 0.078186 0.685791
vt 0.078186 0.678467
vt 0.072205 0.678467
vt 0.072205 0.686035
vt 0.068909 0.686523
vt 0.066040 0.678467
vt 0.066040 0.687012
vt 0.068909 0.687012
vt 0.052032 0.687012
vt 0.037201 0.681396
vt 0.029663 0.679688
vt 0.019226 0.678467
vt 0.913574 0.771118
vt 0.925293 0.774536
vt 0.920898 0.775146
vt 0.916504 0.777100
vt 0.953613 0.774536
vt 0.911621 0.773315
vt 0.912598 0.780273
vt 0.965820 0.771118
vt 0.908203 0.778564
vt 0.958496 0.775146
vt 0.909180 0.784790
vt 0.962891 0.777100
vt 0.906250 0.783813
vt 0.967773 0.773193
vt 0.905762 0.790039
vt 0.966797 0.780273
vt 0.907715 0.790039
vt 0.970703 0.778564
vt 0.905762 0.825439
vt 0.970215 0.784790
vt 0.907715 0.826538
vt 0.972656 0.783813
vt 0.901367 0.830566
vt 0.973145 0.790039
vt 0.900391 0.828979
vt 0.971680 0.790039
vt 0.886719 0.861816
vt 0.973145 0.825439
vt 0.888184 0.861816
vt 0.971680 0.826538
vt 0.886719 0.906555
vt 0.978027 0.830566
vt 0.888184 0.908264
vt 0.979004 0.828979
vt 0.886719 0.909668
vt 0.992676 0.861816
vt 0.888672 0.910645
vt 0.991211 0.861816
vt 0.887695 0.912659
vt 0.992676 0.906494
vt 0.897949 0.934021
vt 0.991211 0.908203
vt 0.899902 0.935181
vt 0.992188 0.909607
vt 0.898926 0.936157
vt 0.990723 0.910645
vt 0.901367 0.936218
vt 0.991211 0.912659
vt 0.901367 0.938538
vt 0.981445 0.934021
vt 0.903809 0.940125
vt 0.979492 0.935120
vt 0.903320 0.936340
vt 0.980469 0.936096
vt 0.908203 0.940857
vt 0.978027 0.936157
vt 0.971191 0.940857
vt 0.978027 0.938507
vt 0.976074 0.936340
vt 0.975098 0.940186
vt 0.097717 0.383301
vt 0.092163 0.388672
vt 0.089600 0.388184
vt 0.060394 0.388184
vt 0.094543 0.389648
vt 0.052307 0.383301
vt 0.101135 0.384277
vt 0.057861 0.388672
vt 0.103821 0.386719
vt 0.055450 0.389648
vt 0.096741 0.391113
vt 0.048859 0.384277
vt 0.105957 0.390137
vt 0.046204 0.386719
vt 0.098022 0.393066
vt 0.053284 0.391113
vt 0.106750 0.394043
vt 0.044037 0.390137
vt 0.098022 0.537109
vt 0.052002 0.393066
vt 0.106689 0.546143
vt 0.043274 0.394043
vt 0.095825 0.542480
vt 0.052002 0.537109
vt 0.105530 0.550049
vt 0.043335 0.546143
vt 0.101929 0.553711
vt 0.054230 0.542480
vt 0.094543 0.543213
vt 0.044495 0.550049
vt 0.097595 0.554688
vt 0.048096 0.553711
vt 0.052429 0.554688
vt 0.055511 0.543213
vt 0.692383 0.943176
vt 0.692383 0.868042
vt 0.697266 0.868164
vt 0.691895 0.863037
vt 0.697266 0.943176
vt 0.702637 0.868042
vt 0.696777 0.862915
vt 0.691895 0.858154
vt 0.702637 0.943146
vt 0.697266 0.857788
vt 0.691895 0.853149
vt 0.702637 0.859863
vt 0.708008 0.867798
vt 0.707520 0.943115
vt 0.707520 0.859741
vt 0.696777 0.853271
vt 0.691895 0.848267
vt 0.702637 0.851685
vt 0.696777 0.848145
vt 0.692383 0.843994
vt 0.707520 0.851685
vt 0.702637 0.843506
vt 0.697266 0.843872
vt 0.691895 0.839722
vt 0.696777 0.839600
vt 0.692383 0.835449
vt 0.702637 0.835327
vt 0.697266 0.835327
vt 0.692383 0.818359
vt 0.697266 0.812988
vt 0.702637 0.808472
vt 0.707520 0.843506
vt 0.707520 0.835571
vt 0.708008 0.806641
vt 0.767090 0.806641
vt 0.767090 0.835693
vt 0.771973 0.808472
vt 0.767090 0.843628
vt 0.772461 0.835449
vt 0.777344 0.812988
vt 0.767090 0.851807
vt 0.772461 0.843628
vt 0.777832 0.835449
vt 0.782715 0.818481
vt 0.782715 0.835571
vt 0.777832 0.839722
vt 0.783203 0.839966
vt 0.777344 0.843750
vt 0.782715 0.844116
vt 0.778320 0.848267
vt 0.783203 0.848511
vt 0.777832 0.853271
vt 0.782715 0.853271
vt 0.772461 0.851929
vt 0.777832 0.857910
vt 0.782715 0.858398
vt 0.772461 0.859985
vt 0.777832 0.863037
vt 0.782715 0.863281
vt 0.767090 0.859863
vt 0.771973 0.868164
vt 0.767090 0.867920
vt 0.767090 0.943115
vt 0.771973 0.943146
vt 0.777344 0.943176
vt 0.777344 0.868286
vt 0.782715 0.943207
vt 0.782715 0.868286
vt 0.065979 0.021484
vt 0.108032 0.034668
vt 0.065979 0.034668
vt 0.108032 0.021484
vt 0.240356 0.023438
vt 0.194824 0.023438
vt 0.194824 0.010254
vt 0.240356 0.010254
vt 0.201904 0.050293
vt 0.201904 0.036621
vt 0.210449 0.050293
vt 0.210449 0.036621
vt 0.784180 0.060059
vt 0.742188 0.073242
vt 0.742188 0.060059
vt 0.784180 0.073242
vt 0.708984 0.072266
vt 0.663574 0.072266
vt 0.708984 0.059082
vt 0.663574 0.059082
vt 0.625000 0.028809
vt 0.625000 0.014648
vt 0.633301 0.014648
vt 0.633301 0.028809
vt 0.162476 0.008789
vt 0.176147 0.008789
vt 0.159302 0.035156
vt 0.176147 0.062012
vt 0.150635 0.053223
vt 0.172729 0.066895
vt 0.169556 0.070312
vt 0.165161 0.074219
vt 0.160400 0.076660
vt 0.138428 0.062500
vt 0.047180 0.062500
vt 0.025208 0.076660
vt 0.035004 0.053223
vt 0.020477 0.074219
vt 0.014450 0.068848
vt 0.009521 0.062012
vt 0.026337 0.035156
vt 0.009506 0.008789
vt 0.023163 0.008301
vt 0.210327 0.990746
vt 0.008110 0.990746
vt 0.008110 0.977356
vt 0.210327 0.977356
vt 0.219360 0.990746
vt 0.219360 0.977356
vt 0.228394 0.990746
vt 0.228394 0.977356
vt 0.290771 0.990746
vt 0.290771 0.977356
vt 0.297119 0.990746
vt 0.297119 0.977356
vt 0.303955 0.990746
vt 0.303955 0.977356
vt 0.377197 0.990746
vt 0.377197 0.977356
vt 0.384033 0.990746
vt 0.384033 0.977356
vt 0.390869 0.990746
vt 0.390869 0.977356
vt 0.482666 0.990746
vt 0.482666 0.977356
vt 0.491943 0.990746
vt 0.491943 0.977356
vt 0.500977 0.990746
vt 0.500977 0.977356
vt 0.520996 0.990746
vt 0.520996 0.977356
vt 0.531250 0.990746
vt 0.531250 0.977356
vt 0.540527 0.990746
vt 0.540527 0.977356
vt 0.645996 0.990746
vt 0.645996 0.977356
vt 0.657227 0.990746
vt 0.657227 0.977356
vt 0.678711 0.990746
vt 0.678711 0.977356
vt 0.149780 0.671631
vt 0.120911 0.677002
vt 0.130493 0.674072
vt 0.158936 0.671631
vt 0.113892 0.683350
vt 0.167847 0.674072
vt 0.048187 0.764160
vt 0.250977 0.709473
vt 0.257568 0.711426
vt 0.264404 0.711426
vt 0.675781 0.748047
vt 0.335938 0.701660
vt 0.342285 0.699463
vt 0.347412 0.695312
vt 0.386230 0.647705
vt 0.393066 0.641846
vt 0.401611 0.639160
vt 0.600586 0.613525
vt 0.642578 0.630371
vt 0.684570 0.625488
vt 0.898926 0.723877
vt 0.899902 0.771240
vt 0.038452 0.768921
vt 0.012077 0.775635
vt 0.017365 0.769165
vt 0.012077 0.813354
vt 0.611328 0.773071
vt 0.905273 0.785645
vt 0.519531 0.790894
vt 0.914551 0.800415
vt 0.425781 0.805298
vt 0.012077 0.822266
vt 0.926758 0.814819
vt 0.309570 0.817993
vt 0.012077 0.832764
vt 0.944824 0.828003
vt 0.012077 0.844238
vt 0.986328 0.844238
vt 0.986328 0.934326
vt 0.012077 0.910339
vt 0.887695 0.078125
vt 0.858398 0.072754
vt 0.877930 0.075195
vt 0.849121 0.072266
vt 0.894531 0.084473
vt 0.840332 0.074707
vt 0.756348 0.109863
vt 0.959473 0.166992
vt 0.749512 0.111328
vt 0.742676 0.111328
vt 0.321045 0.138184
vt 0.670898 0.101074
vt 0.664551 0.098633
vt 0.659668 0.094238
vt 0.620605 0.045898
vt 0.613770 0.040039
vt 0.605469 0.037109
vt 0.405762 0.009277
vt 0.363525 0.025879
vt 0.321045 0.020508
vt 0.403076 0.169922
vt 0.352539 0.158203
vt 0.328369 0.145996
vt 0.339600 0.153320
vt 0.968750 0.176758
vt 0.458740 0.180176
vt 0.969238 0.171875
vt 0.525879 0.190430
vt 0.990234 0.172363
vt 0.611328 0.201172
vt 0.995117 0.179199
vt 0.718750 0.211914
vt 0.995117 0.226562
vt 0.680176 0.962311
vt 0.478271 0.962311
vt 0.680176 0.948914
vt 0.478271 0.948914
vt 0.460205 0.962311
vt 0.460205 0.948914
vt 0.397705 0.962311
vt 0.397705 0.948914
vt 0.391357 0.962311
vt 0.391357 0.948914
vt 0.384521 0.962311
vt 0.384521 0.948914
vt 0.311279 0.962311
vt 0.311279 0.948914
vt 0.304443 0.962311
vt 0.304443 0.948914
vt 0.297607 0.962311
vt 0.297607 0.948914
vt 0.194336 0.962311
vt 0.194336 0.948914
vt 0.164917 0.962402
vt 0.164917 0.949005
vt 0.152588 0.962311
vt 0.152588 0.948914
vt 0.042267 0.962311
vt 0.042267 0.948914
vt 0.031097 0.962311
vt 0.031097 0.948914
vt 0.009735 0.962311
vt 0.009735 0.948914
vt 0.890625 0.555420
vt 0.880371 0.561523
vt 0.851562 0.563965
vt 0.755859 0.527100
vt 0.959473 0.469727
vt 0.749023 0.525146
vt 0.742188 0.525391
vt 0.320557 0.497559
vt 0.670410 0.535645
vt 0.664062 0.538086
vt 0.659180 0.542236
vt 0.620117 0.591064
vt 0.604980 0.599854
vt 0.405273 0.627686
vt 0.362793 0.611084
vt 0.320557 0.616455
vt 0.351807 0.477539
vt 0.333252 0.486328
vt 0.402588 0.465820
vt 0.968750 0.459473
vt 0.969238 0.464844
vt 0.491943 0.450684
vt 0.990234 0.463867
vt 0.610840 0.434570
vt 0.995117 0.457031
vt 0.718750 0.423828
vt 0.995117 0.409180
vt 0.156616 0.672119
vt 0.127808 0.674316
vt 0.117371 0.680176
vt 0.012077 0.827515
vt 0.748047 0.009766
vt 0.648438 0.023438
vt 0.648438 0.009766
vt 0.746094 0.023438
vt 0.987793 0.023438
vt 0.987793 0.009766
vt 0.988281 0.814941
vt 0.951660 0.808960
vt 0.986816 0.802246
vt 0.935547 0.800171
vt 0.923828 0.789551
vt 0.985840 0.785522
vt 0.915527 0.778076
vt 0.910645 0.766479
vt 0.910156 0.727051
vt 0.986328 0.763428
vt 0.784180 0.580322
vt 0.797852 0.618652
vt 0.784180 0.618408
vt 0.798340 0.571777
vt 0.795898 0.564941
vt 0.780762 0.572266
vt 0.791016 0.559082
vt 0.783691 0.554932
vt 0.772461 0.566162
vt 0.773926 0.551514
vt 0.761719 0.562500
vt 0.763672 0.549072
vt 0.754395 0.548096
vt 0.701660 0.547852
vt 0.694824 0.562500
vt 0.692871 0.548828
vt 0.677734 0.552979
vt 0.679688 0.568848
vt 0.662598 0.561523
vt 0.671875 0.579834
vt 0.657715 0.571289
vt 0.657715 0.617920
vt 0.671387 0.617920
vt 0.005207 0.379395
vt 0.004395 0.253906
vt 0.037262 0.374512
vt 0.036530 0.258789
vt 0.071350 0.267578
vt 0.072021 0.365234
vt 0.096008 0.357422
vt 0.095459 0.274902
vt 0.112854 0.349121
vt 0.112366 0.283203
vt 0.121582 0.291504
vt 0.121887 0.340332
vt 0.987793 0.047852
vt 0.888184 0.034180
vt 0.987793 0.034180
vt 0.890137 0.047852
vt 0.648438 0.047852
vt 0.648438 0.034180
vt 0.313721 0.486816
vt 0.313721 0.605957
vt 0.093689 0.511475
vt 0.093689 0.478027
vt 0.087463 0.465332
vt 0.326660 0.475586
vt 0.345215 0.466797
vt 0.076172 0.451660
vt 0.396484 0.455078
vt 0.061432 0.438965
vt 0.486572 0.439453
vt 0.041077 0.425293
vt 0.606445 0.423828
vt 0.038971 0.410156
vt 0.021225 0.416016
vt 0.004475 0.410156
vt 0.004528 0.401855
vt 0.715332 0.413086
vt 0.038971 0.395508
vt 0.004520 0.393555
vt 0.994141 0.386719
vt 0.994141 0.398438
vt 0.038940 0.381348
vt 0.004494 0.388184
vt 0.714844 0.396973
vt 0.714844 0.382324
vt 0.076233 0.371094
vt 0.994141 0.369141
vt 0.102051 0.362305
vt 0.120178 0.353027
vt 0.994141 0.353516
vt 0.129883 0.343750
vt 0.994141 0.344238
vt 0.994141 0.291016
vt 0.130005 0.291016
vt 0.994141 0.282227
vt 0.120178 0.281738
vt 0.994141 0.271484
vt 0.102112 0.272461
vt 0.994141 0.261230
vt 0.076294 0.263672
vt 0.714844 0.252930
vt 0.994141 0.252441
vt 0.039001 0.252930
vt 0.714844 0.237793
vt 0.715332 0.222168
vt 0.994141 0.244629
vt 0.994141 0.236816
vt 0.039032 0.238770
vt 0.004601 0.240723
vt 0.004566 0.246094
vt 0.004616 0.235352
vt 0.039062 0.224121
vt 0.004612 0.230469
vt 0.004570 0.224609
vt 0.021332 0.218262
vt 0.606445 0.211426
vt 0.041168 0.208984
vt 0.520508 0.200195
vt 0.056610 0.199219
vt 0.452637 0.190430
vt 0.066467 0.191895
vt 0.396484 0.179688
vt 0.076294 0.183105
vt 0.345459 0.167969
vt 0.084900 0.173340
vt 0.332275 0.162598
vt 0.090332 0.165527
vt 0.321045 0.155273
vt 0.313721 0.147949
vt 0.093811 0.156738
vt 0.093872 0.123047
vt 0.313721 0.028809
vt 0.087708 0.476562
vt 0.087402 0.506836
vt 0.003288 0.470703
vt 0.081909 0.465332
vt 0.071289 0.453613
vt 0.057373 0.442871
vt 0.038055 0.432129
vt 0.019180 0.425781
vt 0.003288 0.422363
vt 0.089539 0.157227
vt 0.004520 0.163574
vt 0.089172 0.126953
vt 0.086304 0.165039
vt 0.081177 0.172363
vt 0.073059 0.180664
vt 0.063721 0.188477
vt 0.054352 0.194336
vt 0.039581 0.202148
vt 0.020554 0.208984
vt 0.004520 0.212402
s 1
usemtl Rec_AR_MCX_044_TranAttack_ni_Glass_Special
f 1/1/1 2/2/2 3/3/3
f 4/4/4 5/5/5 6/6/4
f 5/5/5 4/4/4 7/7/6
f 8/8/7 9/9/7 10/10/7
f 10/10/7 9/9/7 11/11/7
f 12/12/8 13/13/9 14/14/10
f 13/13/9 12/12/8 15/15/11
f 16/16/12 12/12/8 14/14/10
f 16/16/12 14/14/10 17/17/12
f 18/18/12 12/12/8 16/16/12
f 12/12/8 18/18/12 19/19/12
f 19/19/12 18/18/12 20/20/12
f 19/19/12 20/20/12 21/21/13
f 21/21/13 22/22/12 19/19/12
f 22/22/12 23/23/13 19/19/12
f 23/23/13 22/22/12 24/24/12
f 24/24/12 22/22/12 25/25/12
f 22/22/12 21/21/13 26/26/12
f 27/27/12 22/22/12 26/26/12
f 27/27/12 26/26/12 28/28/12
f 27/27/12 28/28/12 29/29/12
f 30/30/14 31/31/14 32/32/14
f 32/32/14 33/33/14 30/30/14
f 34/34/15 35/35/15 36/36/15
f 35/35/15 34/34/15 37/37/15
f 37/38/16 38/39/16 35/40/16
f 39/41/16 38/39/16 37/38/16
f 40/42/12 41/43/12 42/43/12
f 42/43/12 43/44/12 40/42/12
f 44/45/15 45/46/15 41/47/15
f 41/47/15 40/48/15 44/45/15
f 46/49/17 47/50/18 48/51/18
f 47/50/18 46/49/17 49/52/17
f 50/53/19 51/54/19 52/55/19
f 52/55/19 51/54/19 53/56/19
f 54/57/20 55/58/21 56/59/22
f 55/58/21 54/57/20 57/60/22
f 58/61/15 59/62/15 60/63/15
f 59/62/15 58/61/15 61/64/15
f 62/65/23 63/66/23 64/67/23
f 63/66/23 62/65/23 65/68/23
f 66/69/24 67/70/24 68/71/24
f 67/70/24 69/72/24 68/71/24
f 70/73/19 71/74/19 72/75/19
f 71/74/19 70/73/19 73/76/19
f 74/77/24 75/78/24 52/79/24
f 50/80/24 52/79/24 75/78/24
f 76/81/25 77/82/26 78/83/26
f 77/82/26 76/81/25 79/84/27
f 80/85/28 81/86/28 82/87/29
f 81/86/28 80/85/28 83/88/30
f 84/89/31 85/90/15 86/91/15
f 86/91/15 85/90/15 87/92/15
f 88/93/15 89/94/15 90/95/15
f 89/94/15 88/93/15 91/96/15
f 92/97/19 93/98/19 94/99/19
f 93/98/19 92/97/19 95/100/19
f 96/101/16 97/102/16 98/103/16
f 96/101/16 98/103/16 99/104/16
f 100/105/15 101/106/15 102/107/15
f 102/107/15 103/108/31 100/105/15
f 104/109/16 105/110/16 106/111/16
f 107/112/16 106/111/16 105/110/16
f 108/113/15 109/114/15 110/115/15
f 110/115/15 109/114/15 111/116/31
f 112/117/16 113/118/16 114/119/16
f 113/118/16 112/117/16 115/120/16
f 116/121/15 117/122/15 118/123/15
f 117/122/15 116/121/15 119/124/15
f 120/125/16 121/126/16 122/127/16
f 121/126/16 120/125/16 123/128/16
f 124/129/15 125/130/15 126/131/15
f 126/131/15 127/132/15 124/129/15
f 128/133/16 129/134/16 130/135/16
f 129/134/16 128/133/16 131/136/16
f 132/137/31 133/138/15 134/139/15
f 134/139/15 133/138/15 135/140/15
f 136/101/12 137/103/12 138/102/12
f 137/103/12 136/101/12 139/104/12
f 140/106/32 141/105/33 142/107/15
f 142/107/15 141/105/33 143/108/32
f 144/111/12 145/112/12 146/110/12
f 144/111/12 146/110/12 147/109/12
f 148/115/32 149/114/32 150/113/33
f 149/114/32 148/115/32 151/116/15
f 152/120/12 153/117/12 154/118/12
f 155/119/12 154/118/12 153/117/12
f 156/121/15 157/123/33 158/122/15
f 158/122/15 159/124/32 156/121/15
f 160/128/12 161/125/12 162/126/12
f 163/127/12 162/126/12 161/125/12
f 164/130/15 165/129/32 166/131/32
f 166/131/32 165/129/32 167/132/33
f 168/134/12 169/133/12 170/135/12
f 169/133/12 168/134/12 171/136/12
f 172/138/33 173/137/33 174/139/33
f 174/139/33 175/140/32 172/138/33
f 176/141/34 177/142/35 178/143/36
f 177/142/35 176/141/34 179/144/37
f 180/145/38 181/146/39 177/147/40
f 181/146/39 178/148/41 177/147/40
f 182/149/24 179/150/24 183/151/24
f 183/151/24 179/150/24 176/152/24
f 184/153/23 180/154/23 185/155/23
f 180/154/23 184/153/23 181/156/23
f 186/157/42 187/158/43 188/159/43
f 186/157/43 188/159/43 189/160/44
f 190/161/45 191/162/46 192/163/47
f 190/161/48 192/163/47 193/164/47
f 194/165/19 189/166/19 195/167/19
f 195/167/19 189/166/19 188/168/19
f 186/169/15 196/170/15 187/171/15
f 187/171/15 196/170/15 197/172/15
f 197/173/16 188/174/16 187/175/16
f 188/174/16 197/173/16 195/176/16
f 198/177/19 193/178/19 199/179/19
f 199/179/19 193/178/19 192/180/19
f 190/181/15 200/182/15 191/183/15
f 200/182/15 190/181/15 201/184/15
f 197/185/23 196/186/23 194/187/23
f 197/185/23 194/187/23 195/188/23
f 200/189/16 192/190/16 191/191/16
f 192/190/16 200/189/16 199/192/16
f 198/193/23 200/194/23 201/195/23
f 200/194/23 198/193/23 199/196/23
f 202/197/12 203/198/12 204/199/12
f 203/198/12 202/197/12 205/200/12
f 205/201/24 206/202/24 203/203/24
f 206/202/24 207/204/24 203/203/24
f 208/205/19 203/206/19 207/207/19
f 203/206/19 208/205/19 204/208/19
f 205/209/15 209/210/15 206/211/15
f 209/210/15 205/209/15 202/212/33
f 206/213/49 209/214/16 207/215/16
f 209/214/16 208/216/16 207/215/16
f 210/217/50 211/218/51 212/219/50
f 211/218/51 210/217/50 213/220/52
f 214/221/53 215/222/54 216/223/55
f 215/222/54 214/221/53 217/224/54
f 218/225/56 219/226/57 220/227/58
f 220/227/58 219/226/57 221/228/58
f 220/227/58 221/228/58 222/229/59
f 222/229/59 221/228/58 223/230/59
f 224/231/60 222/229/59 223/230/59
f 222/229/59 224/231/60 225/232/59
f 226/233/61 227/234/62 228/235/63
f 229/236/64 226/233/61 228/235/63
f 230/237/65 229/236/64 228/235/63
f 229/236/64 230/237/65 231/238/66
f 231/238/66 230/237/65 232/239/67
f 233/240/13 231/238/66 232/239/67
f 234/241/13 231/238/66 233/240/13
f 234/241/13 233/240/13 235/242/12
f 234/241/13 235/242/12 236/243/12
f 237/244/12 235/242/12 238/245/13
f 239/246/13 235/242/12 237/244/12
f 235/242/12 240/247/12 236/243/12
f 235/242/12 239/246/13 240/247/12
f 236/243/12 240/247/12 241/248/68
f 240/247/12 239/246/13 242/249/13
f 242/249/13 243/250/12 240/247/12
f 243/250/12 242/249/13 244/251/12
f 245/252/69 243/250/12 244/251/12
f 243/250/12 245/252/69 246/253/70
f 246/253/70 245/252/69 247/254/71
f 247/254/71 248/255/72 246/253/70
f 248/255/72 247/254/71 249/256/73
f 249/256/73 250/257/74 248/255/72
f 251/258/75 250/257/74 249/256/73
f 250/257/74 251/258/75 252/259/76
f 253/260/77 227/261/78 226/262/79
f 253/260/77 226/262/79 254/263/78
f 254/263/78 226/262/79 229/264/80
f 254/263/78 229/264/80 231/265/81
f 231/265/81 234/266/79 254/263/78
f 254/263/78 234/266/79 255/267/78
f 256/268/82 257/269/83 258/270/84
f 258/270/84 257/269/83 259/271/85
f 259/271/85 260/272/86 258/270/84
f 260/272/86 259/271/85 261/273/87
f 260/272/86 261/273/87 54/274/23
f 54/274/23 261/273/87 262/275/23
f 263/276/88 260/272/86 54/274/23
f 263/276/88 54/274/23 56/277/89
f 264/278/90 263/276/88 56/277/89
f 56/277/89 265/279/91 264/278/90
f 263/276/88 264/278/90 266/280/92
f 266/280/92 264/278/90 267/281/93
f 267/281/93 268/282/94 266/280/92
f 268/282/94 267/281/93 7/283/95
f 7/283/95 267/281/93 27/284/96
f 27/284/96 29/285/96 7/283/95
f 268/282/94 7/283/95 4/286/97
f 268/282/94 4/286/97 17/287/98
f 17/287/98 14/288/98 268/282/94
f 269/289/99 270/290/99 271/291/100
f 269/289/99 271/291/100 272/292/101
f 272/292/101 271/291/100 273/293/102
f 273/293/102 274/294/103 272/292/101
f 273/293/102 275/295/104 274/294/103
f 276/296/105 275/295/104 273/293/102
f 276/296/105 273/293/102 277/297/104
f 275/295/104 276/296/105 278/298/106
f 276/296/105 277/297/104 279/299/107
f 278/298/106 280/300/108 275/295/104
f 277/297/104 281/301/109 279/299/107
f 282/302/110 280/300/108 278/298/106
f 283/303/111 281/301/109 277/297/104
f 281/301/109 283/303/111 284/304/112
f 285/305/113 284/304/112 283/303/111
f 280/300/108 282/302/110 286/306/114
f 286/306/114 282/302/110 287/307/115
f 287/307/115 288/308/116 286/306/114
f 287/307/115 289/309/117 288/308/116
f 289/309/117 287/307/115 290/310/118
f 287/307/115 291/311/117 290/310/118
f 292/312/113 289/309/117 290/310/118
f 292/312/113 290/310/118 293/313/119
f 289/309/117 292/312/113 294/314/116
f 293/313/119 295/315/120 292/312/113
f 294/314/116 292/312/113 296/316/121
f 295/315/120 293/313/119 297/317/122
f 295/315/120 297/317/122 298/318/122
f 299/319/123 294/314/116 296/316/121
f 299/319/123 296/316/121 300/320/123
f 294/314/116 299/319/123 301/321/124
f 302/322/125 301/321/124 299/319/123
f 297/317/122 1/323/13 298/318/122
f 303/324/126 301/321/124 302/322/125
f 303/324/126 304/325/123 301/321/124
f 297/317/122 305/326/12 1/323/13
f 305/326/12 297/317/122 306/327/13
f 1/323/13 305/326/12 307/328/12
f 2/329/127 1/323/13 307/328/12
f 2/329/127 307/328/12 308/330/128
f 308/330/128 32/331/129 2/329/127
f 308/330/128 309/332/130 32/331/129
f 33/333/12 32/331/129 309/332/130
f 33/333/12 309/332/130 310/334/12
f 33/333/12 310/334/12 311/335/12
f 33/333/12 311/335/12 312/336/12
f 312/336/12 313/337/12 33/333/12
f 314/338/13 33/333/12 313/337/12
f 313/337/12 315/339/12 314/338/13
f 315/339/12 316/340/12 314/338/13
f 317/341/131 315/339/12 313/337/12
f 315/339/12 317/341/131 318/342/131
f 319/343/132 318/342/131 317/341/131
f 318/342/131 319/343/132 320/344/133
f 319/343/132 321/345/117 320/344/133
f 321/345/117 319/343/132 322/346/134
f 322/346/134 323/347/134 321/345/117
f 323/347/134 322/346/134 324/348/135
f 325/349/136 323/347/134 324/348/135
f 324/348/135 326/350/136 325/349/136
f 327/351/134 325/349/136 326/350/136
f 325/349/136 327/351/134 328/352/117
f 324/348/135 329/353/137 326/350/136
f 328/352/117 303/324/126 325/349/136
f 330/354/138 329/353/137 324/348/135
f 303/324/126 328/352/117 331/355/117
f 331/355/117 304/325/123 303/324/126
f 331/355/117 332/356/139 304/325/123
f 332/356/139 331/355/117 333/357/139
f 332/356/139 333/357/139 334/358/140
f 334/358/140 333/357/139 335/359/139
f 334/358/140 335/359/139 336/360/141
f 334/358/140 336/360/141 337/361/142
f 336/360/141 338/362/136 337/361/142
f 338/362/136 336/360/141 339/363/141
f 339/363/141 340/364/143 338/362/136
f 340/364/143 339/363/141 341/365/144
f 340/364/143 341/365/144 342/366/145
f 343/367/146 342/366/145 341/365/144
f 342/366/145 343/367/146 344/368/105
f 344/368/105 345/369/105 342/366/145
f 346/370/15 345/369/105 344/368/105
f 345/369/105 346/370/15 347/371/15
f 78/372/134 329/353/137 330/354/138
f 348/373/143 329/353/137 78/372/134
f 348/373/143 78/372/134 77/374/117
f 329/353/137 348/373/143 349/375/147
f 350/376/148 349/375/147 348/373/143
f 349/375/147 350/376/148 351/377/149
f 351/377/149 350/376/148 352/378/105
f 351/377/149 352/378/105 353/379/15
f 353/379/15 352/378/105 354/380/15
f 37/381/150 34/382/151 39/383/152
f 355/384/153 39/383/152 34/382/151
f 355/384/153 356/385/154 39/383/152
f 356/385/154 355/384/153 357/386/155
f 358/387/156 356/385/154 357/386/155
f 356/385/154 358/387/156 43/388/157
f 43/388/157 358/387/156 44/389/158
f 44/389/158 40/390/150 43/388/157
f 307/391/159 359/392/160 360/393/161
f 360/393/161 308/394/162 307/391/159
f 361/395/163 308/394/162 360/393/161
f 309/396/164 308/394/162 361/395/163
f 309/396/164 361/395/163 310/397/165
f 362/398/166 310/397/165 361/395/163
f 362/398/166 311/399/167 310/397/165
f 311/399/167 362/398/166 363/400/168
f 363/400/168 312/401/169 311/399/167
f 363/400/168 364/402/169 312/401/169
f 363/400/168 365/403/169 364/402/169
f 363/400/168 366/404/170 365/403/169
f 367/405/171 366/404/170 363/400/168
f 368/406/172 369/407/172 370/408/173
f 370/408/173 371/409/174 368/406/172
f 372/410/175 371/409/174 370/408/173
f 371/409/174 372/410/175 373/411/176
f 374/412/16 373/411/176 372/410/175
f 375/413/16 373/411/176 374/412/16
f 376/414/177 373/411/176 375/413/16
f 376/414/177 375/413/16 377/415/178
f 378/416/179 376/414/177 377/415/178
f 376/414/177 378/416/179 379/417/180
f 379/417/180 378/416/179 380/418/181
f 379/417/180 380/418/181 381/419/182
f 381/419/182 380/418/181 382/420/183
f 383/421/184 384/422/185 385/423/186
f 386/424/187 385/423/186 384/422/185
f 385/423/186 386/424/187 387/425/188
f 386/424/187 388/426/189 387/425/188
f 387/425/188 388/426/189 389/427/190
f 390/428/191 387/425/188 389/427/190
f 387/425/188 390/428/191 391/429/192
f 389/427/190 392/430/193 390/428/191
f 390/428/191 393/431/194 391/429/192
f 394/432/195 392/430/193 389/427/190
f 395/433/196 391/429/192 393/431/194
f 394/432/195 396/434/197 392/430/193
f 391/429/192 395/433/196 397/435/198
f 398/436/199 397/435/198 395/433/196
f 398/436/199 399/437/200 397/435/198
f 400/438/201 396/434/197 394/432/195
f 396/434/197 400/438/201 401/439/202
f 402/440/203 401/439/202 400/438/201
f 403/441/204 401/439/202 402/440/203
f 404/442/205 401/439/202 403/441/204
f 404/442/205 403/441/204 405/443/206
f 404/442/205 405/443/206 406/444/207
f 401/439/202 407/445/208 408/446/209
f 401/439/202 404/442/205 407/445/208
f 409/447/210 404/442/205 406/444/207
f 410/448/211 407/445/208 404/442/205
f 407/445/208 410/448/211 411/449/212
f 412/450/213 404/442/205 409/447/210
f 413/451/214 411/449/212 410/448/211
f 411/449/212 413/451/214 414/452/215
f 404/442/205 415/453/211 410/448/211
f 415/453/211 404/442/205 412/450/213
f 410/448/211 416/454/216 413/451/214
f 416/454/216 410/448/211 415/453/211
f 414/452/215 413/451/214 417/455/16
f 414/452/215 417/455/16 418/456/217
f 414/452/215 418/456/217 419/457/218
f 420/458/16 417/455/16 413/451/214
f 420/458/16 413/451/214 416/454/216
f 420/458/16 416/454/216 421/459/16
f 416/454/216 422/460/16 421/459/16
f 416/454/216 423/461/16 422/460/16
f 424/462/216 423/461/16 416/454/216
f 415/453/211 424/462/216 416/454/216
f 424/462/216 425/463/16 423/461/16
f 424/462/216 426/464/16 425/463/16
f 415/453/211 427/465/211 424/462/216
f 412/450/213 427/465/211 415/453/211
f 412/450/213 428/466/219 427/465/211
f 428/466/219 412/450/213 429/467/220
f 429/467/220 412/450/213 430/468/221
f 431/469/222 428/466/219 429/467/220
f 430/468/221 412/450/213 432/470/223
f 431/469/222 433/471/224 428/466/219
f 432/470/223 412/450/213 434/472/207
f 433/471/224 431/469/222 435/473/225
f 412/450/213 409/447/210 434/472/207
f 409/447/210 436/474/203 434/472/207
f 436/474/203 409/447/210 437/475/225
f 438/476/226 436/474/203 437/475/225
f 436/474/203 438/476/226 439/477/222
f 438/476/226 440/478/227 439/477/222
f 440/478/227 438/476/226 441/479/228
f 442/480/229 440/478/227 441/479/228
f 443/481/230 442/480/229 441/479/228
f 442/480/229 443/481/230 444/482/231
f 445/483/232 444/482/231 443/481/230
f 445/483/232 446/484/233 444/482/231
f 447/485/234 446/484/233 445/483/232
f 447/485/234 448/486/15 446/484/233
f 449/487/15 448/486/15 447/485/234
f 450/488/235 435/473/225 431/469/222
f 450/488/235 451/489/203 435/473/225
f 450/488/235 82/490/203 451/489/203
f 450/488/235 452/491/236 82/490/203
f 80/492/222 82/490/203 452/491/236
f 453/493/237 452/491/236 450/488/235
f 452/491/236 453/493/237 454/494/231
f 455/495/238 454/494/231 453/493/237
f 454/494/231 455/495/238 456/496/239
f 455/495/238 457/497/15 456/496/239
f 458/498/15 457/497/15 455/495/238
f 459/499/240 460/500/241 461/501/242
f 461/501/242 462/502/243 459/499/240
f 463/503/244 462/502/243 461/501/242
f 463/503/244 296/504/245 462/502/243
f 296/504/245 463/503/244 300/505/246
f 464/506/16 465/507/16 466/508/16
f 466/508/16 467/509/16 464/506/16
f 468/510/16 467/509/16 466/508/16
f 468/510/16 469/511/16 467/509/16
f 469/511/16 468/510/16 470/512/16
f 471/513/16 469/511/16 470/512/16
f 471/513/16 472/514/16 469/511/16
f 473/515/16 472/514/16 471/513/16
f 472/514/16 473/515/16 474/516/16
f 474/516/16 475/517/16 472/514/16
f 475/517/16 474/516/16 476/518/16
f 476/518/16 477/519/16 475/517/16
f 477/519/16 476/518/16 478/520/16
f 477/519/16 478/520/16 479/521/16
f 477/519/16 479/521/16 480/522/16
f 480/522/16 481/523/16 477/519/16
f 481/523/16 480/522/16 482/524/16
f 482/524/16 480/522/16 483/525/16
f 484/526/16 482/524/16 483/525/16
f 482/524/16 484/526/16 485/527/16
f 486/528/16 482/524/16 485/527/16
f 487/529/247 262/530/247 261/531/248
f 261/531/248 488/532/249 487/529/247
f 488/532/249 261/531/248 259/533/250
f 259/533/250 489/534/250 488/532/249
f 489/534/250 259/533/250 257/535/251
f 489/534/250 257/535/251 490/536/250
f 491/537/252 490/536/250 257/535/251
f 491/537/252 257/535/251 492/538/253
f 492/538/253 493/539/254 491/537/252
f 493/539/254 492/538/253 494/540/254
f 494/540/254 495/541/255 493/539/254
f 495/541/255 494/540/254 496/542/256
f 496/542/256 497/543/257 495/541/255
f 497/543/257 496/542/256 498/544/258
f 498/544/258 499/545/259 497/543/257
f 499/545/259 498/544/258 11/546/260
f 9/547/261 499/545/259 11/546/260
f 284/548/12 285/549/12 500/550/13
f 284/548/12 500/550/13 501/551/13
f 502/552/13 501/551/13 500/550/13
f 502/552/13 503/553/13 501/551/13
f 502/552/13 504/554/12 503/553/13
f 504/554/12 505/555/12 503/553/13
f 506/556/12 505/555/12 504/554/12
f 507/557/13 506/556/12 504/554/12
f 507/557/13 269/558/12 506/556/12
f 507/557/13 270/559/12 269/558/12
f 506/556/12 269/558/12 347/560/12
f 347/560/12 269/558/12 508/561/12
f 347/560/12 508/561/12 509/562/12
f 506/556/12 347/560/12 346/563/12
f 506/556/12 346/563/12 510/564/13
f 346/563/12 353/565/13 510/564/13
f 353/565/13 354/566/12 510/564/13
f 353/565/13 346/563/12 511/567/12
f 511/567/12 346/563/12 512/568/12
f 401/569/262 408/570/263 513/571/264
f 514/572/264 513/571/264 408/570/263
f 514/572/264 515/573/265 513/571/264
f 515/573/265 514/572/264 516/574/265
f 516/574/265 517/575/266 515/573/265
f 517/575/266 516/574/265 518/576/267
f 518/576/267 519/577/268 517/575/266
f 519/577/268 518/576/267 520/578/269
f 521/579/270 519/577/268 520/578/269
f 519/577/268 521/579/270 522/580/271
f 523/581/272 522/580/271 521/579/270
f 522/580/271 523/581/272 524/582/272
f 525/583/273 524/582/272 523/581/272
f 524/582/272 525/583/273 526/584/273
f 526/584/273 525/583/273 527/585/274
f 526/584/273 527/585/274 528/586/275
f 528/586/275 527/585/274 291/587/276
f 528/586/275 291/587/276 287/588/276
f 529/589/277 9/590/278 8/591/16
f 8/591/16 530/592/16 529/589/277
f 530/592/16 8/591/16 58/593/16
f 58/593/16 531/594/16 530/592/16
f 58/593/16 532/595/16 531/594/16
f 533/596/16 532/595/16 58/593/16
f 533/596/16 58/593/16 60/597/16
f 534/598/16 533/596/16 60/597/16
f 534/598/16 535/599/16 533/596/16
f 534/598/16 536/600/16 535/599/16
f 537/601/23 538/602/23 539/603/279
f 540/604/280 537/601/23 539/603/279
f 540/604/280 539/603/279 541/605/281
f 541/605/281 542/606/282 540/604/280
f 543/607/283 542/606/282 541/605/281
f 542/606/282 543/607/283 544/608/284
f 543/607/283 545/609/13 544/608/284
f 545/609/13 543/607/283 546/610/13
f 545/609/13 546/610/13 547/611/13
f 548/612/13 547/611/13 546/610/13
f 548/612/13 549/613/12 547/611/13
f 549/613/12 548/612/13 550/614/12
f 549/613/12 550/614/12 551/615/12
f 549/613/12 551/615/12 552/616/13
f 552/616/13 553/617/13 549/613/12
f 554/618/13 553/617/13 552/616/13
f 553/617/13 554/618/13 555/619/13
f 555/619/13 554/618/13 556/620/12
f 555/619/13 556/620/12 557/621/12
f 558/622/285 559/623/286 560/624/287
f 560/624/287 561/625/13 558/622/285
f 562/626/12 561/625/13 560/624/287
f 561/625/13 562/626/12 563/627/13
f 563/627/13 562/626/12 564/628/12
f 563/627/13 564/628/12 565/629/12
f 566/630/13 564/628/12 562/626/12
f 564/628/12 566/630/13 567/631/13
f 568/632/13 567/631/13 566/630/13
f 567/631/13 568/632/13 569/633/13
f 568/632/13 570/634/13 569/633/13
f 569/633/13 570/634/13 571/635/12
f 570/634/13 572/636/12 571/635/12
f 572/636/12 570/634/13 573/637/13
f 574/638/12 573/637/13 570/634/13
f 573/637/13 574/638/12 575/639/12
f 575/639/12 576/640/12 573/637/13
f 574/638/12 255/641/12 575/639/12
f 255/641/12 574/638/12 254/642/13
f 577/643/288 578/644/288 579/645/289
f 580/646/289 579/645/289 578/644/288
f 579/645/289 580/646/289 581/647/290
f 582/648/290 581/647/290 580/646/289
f 581/647/290 582/648/290 583/649/291
f 584/650/291 583/649/291 582/648/290
f 585/651/292 583/649/291 584/650/291
f 585/651/292 586/652/293 583/649/291
f 387/653/33 391/654/31 587/655/15
f 587/655/15 391/654/31 588/656/31
f 588/656/31 589/657/15 587/655/15
f 589/657/15 588/656/31 590/658/15
f 313/659/294 312/660/295 364/661/296
f 313/659/294 364/661/296 591/662/297
f 365/663/298 591/662/297 364/661/296
f 591/662/297 365/663/298 592/664/299
f 592/664/299 365/663/298 366/665/300
f 592/664/299 366/665/300 593/666/301
f 367/667/302 593/666/301 366/665/300
f 593/666/301 367/667/302 594/668/303
f 594/668/303 367/667/302 595/669/12
f 594/668/303 595/669/12 596/670/12
f 597/671/13 595/669/12 367/667/302
f 597/671/13 367/667/302 598/672/304
f 367/667/302 599/673/305 598/672/304
f 597/671/13 598/672/304 600/674/12
f 598/672/304 601/675/12 600/674/12
f 598/672/304 602/676/13 601/675/12
f 603/677/12 602/676/13 598/672/304
f 602/676/13 603/677/12 604/678/306
f 604/678/306 603/677/12 605/679/307
f 606/680/12 605/679/307 603/677/12
f 605/679/307 607/681/308 604/678/306
f 606/680/12 608/682/12 605/679/307
f 609/683/12 605/679/307 608/682/12
f 608/682/12 610/684/12 609/683/12
f 607/681/308 605/679/307 611/685/309
f 607/681/308 611/685/309 612/686/310
f 612/686/310 611/685/309 613/687/311
f 613/687/311 62/688/312 612/686/310
f 62/688/312 613/687/311 65/689/312
f 614/690/313 615/691/314 616/692/16
f 616/692/16 617/693/16 614/690/313
f 618/694/16 617/693/16 616/692/16
f 617/693/16 618/694/16 619/695/49
f 617/693/16 619/695/49 620/696/16
f 621/697/49 620/696/16 619/695/49
f 621/697/49 622/698/16 620/696/16
f 622/698/16 621/697/49 623/699/16
f 622/698/16 623/699/16 624/700/16
f 624/700/16 623/699/16 625/701/315
f 624/700/16 625/701/315 626/702/16
f 627/703/316 624/700/16 626/702/16
f 628/704/317 624/700/16 627/703/316
f 624/700/16 628/704/317 629/705/49
f 559/706/259 19/707/259 555/708/318
f 23/709/258 555/708/318 19/707/259
f 555/708/318 23/709/258 553/710/319
f 553/710/319 23/709/258 24/711/256
f 553/710/319 24/711/256 549/712/255
f 549/712/255 24/711/256 25/713/320
f 549/712/255 25/713/320 547/714/254
f 547/714/254 25/713/320 22/715/321
f 547/714/254 22/715/321 545/716/321
f 22/715/321 27/717/322 545/716/321
f 544/718/323 545/716/321 27/717/322
f 544/718/323 27/717/322 542/719/324
f 27/717/322 267/720/323 542/719/324
f 267/720/323 540/721/248 542/719/324
f 540/721/248 267/720/323 264/722/325
f 264/722/325 537/723/326 540/721/248
f 537/723/326 264/722/325 265/724/248
f 630/725/24 631/726/24 557/727/24
f 632/728/24 630/725/24 557/727/24
f 557/727/24 556/729/327 632/728/24
f 632/728/24 556/729/327 633/730/328
f 632/728/24 633/730/328 634/731/24
f 633/730/328 556/729/327 635/732/329
f 556/729/327 554/733/329 635/732/329
f 554/733/329 636/734/330 635/732/329
f 554/733/329 552/735/331 636/734/330
f 552/735/331 69/736/332 636/734/330
f 552/735/331 637/737/333 69/736/332
f 69/736/332 637/737/333 68/738/332
f 637/737/333 638/739/332 68/738/332
f 637/737/333 552/735/331 639/740/334
f 637/737/333 640/741/335 638/739/332
f 551/742/334 639/740/334 552/735/331
f 641/743/329 638/739/332 640/741/335
f 639/740/334 551/742/334 642/744/336
f 643/745/328 641/743/329 640/741/335
f 550/746/336 642/744/336 551/742/334
f 643/745/328 644/747/328 641/743/329
f 550/746/336 645/748/337 642/744/336
f 646/749/24 644/747/328 643/745/328
f 644/747/328 646/749/24 647/750/24
f 643/745/328 648/751/338 646/749/24
f 646/749/24 648/751/338 649/752/24
f 649/752/24 648/751/338 650/753/24
f 645/748/337 550/746/336 548/754/339
f 645/748/337 548/754/339 651/755/340
f 651/755/340 548/754/339 652/756/341
f 645/748/337 651/755/340 653/757/342
f 652/756/341 548/754/339 654/758/343
f 655/759/344 645/748/337 653/757/342
f 546/760/345 654/758/343 548/754/339
f 655/759/344 653/757/342 656/761/346
f 654/758/343 546/760/345 657/762/343
f 658/763/347 655/759/344 656/761/346
f 659/764/348 657/762/343 546/760/345
f 660/765/345 655/759/344 658/763/347
f 546/760/345 543/766/347 659/764/348
f 661/767/347 660/765/345 658/763/347
f 662/768/347 660/765/345 661/767/347
f 663/769/349 662/768/347 661/767/347
f 663/769/349 664/770/350 662/768/347
f 662/768/347 664/770/350 665/771/347
f 666/772/345 665/771/347 664/770/350
f 666/772/345 667/773/347 665/771/347
f 666/772/345 668/774/351 667/773/347
f 667/773/347 668/774/351 538/775/348
f 538/775/348 669/776/347 667/773/347
f 669/776/347 538/775/348 670/777/345
f 668/774/351 539/778/352 538/775/348
f 671/779/348 539/778/352 668/774/351
f 672/780/349 539/778/352 671/779/348
f 539/778/352 672/780/349 673/781/347
f 539/778/352 673/781/347 541/782/345
f 674/783/348 673/781/347 672/780/349
f 673/781/347 543/766/347 541/782/345
f 674/783/348 543/766/347 673/781/347
f 543/766/347 674/783/348 659/764/348
f 425/784/353 426/785/353 675/786/354
f 676/787/355 675/786/354 426/785/353
f 676/787/355 677/788/356 675/786/354
f 677/788/356 676/787/355 678/789/357
f 677/788/356 678/789/357 679/790/358
f 680/791/359 679/790/358 678/789/357
f 680/791/359 614/792/313 679/790/358
f 614/792/313 680/791/359 681/793/360
f 614/792/313 681/793/360 682/794/16
f 683/795/16 682/794/16 681/793/360
f 614/792/313 682/794/16 684/796/16
f 614/792/313 684/796/16 685/797/315
f 615/798/314 614/792/313 685/797/315
f 685/797/315 684/796/16 686/799/16
f 685/797/315 686/799/16 687/800/16
f 685/797/315 687/800/16 688/801/16
f 689/802/16 685/797/315 688/801/16
f 689/802/16 688/801/16 690/803/361
f 690/803/361 691/804/362 689/802/16
f 689/802/16 691/804/362 692/805/363
f 693/806/364 691/804/362 690/803/361
f 692/805/363 691/804/362 694/807/16
f 691/804/362 695/808/16 694/807/16
f 696/809/16 694/807/16 695/808/16
f 691/804/362 693/806/364 697/810/365
f 697/810/365 693/806/364 698/811/366
f 697/810/365 698/811/366 699/812/367
f 64/813/368 699/812/367 698/811/366
f 699/812/367 64/813/368 63/814/369
f 700/815/370 701/816/371 702/817/372
f 701/816/371 703/818/373 702/817/372
f 703/818/373 704/819/374 702/817/372
f 704/819/374 703/818/373 705/820/375
f 705/820/375 706/821/196 704/819/374
f 705/820/375 707/822/196 706/821/196
f 707/822/196 61/823/16 706/821/196
f 61/823/16 707/822/196 59/824/16
f 576/825/376 575/826/377 708/827/378
f 709/828/379 708/827/378 575/826/377
f 709/828/379 710/829/380 708/827/378
f 710/829/380 709/828/379 711/830/381
f 711/830/381 712/831/382 710/829/380
f 713/832/383 712/831/382 711/830/381
f 713/832/383 714/833/384 712/831/382
f 715/834/384 714/833/384 713/832/383
f 714/833/384 715/834/384 716/835/385
f 717/836/386 716/835/385 715/834/384
f 717/836/386 718/837/387 716/835/385
f 716/835/385 718/837/387 719/838/388
f 719/838/388 718/837/387 720/839/389
f 721/840/390 720/839/389 718/837/387
f 720/839/389 721/840/390 722/841/391
f 722/841/391 721/840/390 723/842/392
f 722/841/391 723/842/392 724/843/393
f 725/844/394 722/841/391 724/843/393
f 724/843/393 726/845/395 725/844/394
f 726/845/395 724/843/393 727/846/396
f 726/845/395 727/846/396 236/847/397
f 726/845/395 236/847/397 241/848/296
f 728/849/398 729/850/399 730/851/400
f 731/852/401 730/851/400 729/850/399
f 731/852/401 76/853/402 730/851/400
f 732/854/403 76/853/402 731/852/401
f 732/854/403 733/855/404 76/853/402
f 76/853/402 733/855/404 79/856/405
f 733/855/404 732/854/403 734/857/406
f 735/858/407 734/857/406 732/854/403
f 734/857/406 735/858/407 736/859/408
f 736/859/408 735/858/407 737/860/408
f 585/861/12 584/862/12 55/863/13
f 582/864/13 55/863/13 584/862/12
f 582/864/13 56/865/12 55/863/13
f 56/865/12 582/864/13 580/866/13
f 738/867/13 56/865/12 580/866/13
f 738/867/13 580/866/13 578/868/12
f 56/865/12 738/867/13 739/869/12
f 56/865/12 739/869/12 740/870/12
f 56/865/12 740/870/12 265/871/12
f 265/871/12 740/870/12 537/872/13
f 670/873/12 537/872/13 740/870/12
f 538/874/12 537/872/13 670/873/12
f 66/875/409 68/876/409 638/877/410
f 66/875/409 638/877/410 741/878/411
f 641/879/16 741/878/411 638/877/410
f 644/880/16 741/878/411 641/879/16
f 644/880/16 647/881/16 741/878/411
f 277/882/32 273/883/31 742/884/31
f 277/882/32 742/884/31 743/885/15
f 744/886/15 743/885/15 742/884/31
f 743/885/15 744/886/15 745/887/15
f 650/888/412 746/889/413 649/890/414
f 747/891/415 649/890/414 746/889/413
f 649/890/414 747/891/415 646/892/415
f 741/893/15 646/892/415 747/891/415
f 741/893/15 647/894/15 646/892/415
f 741/893/15 747/891/415 66/895/15
f 748/896/15 66/895/15 747/891/415
f 66/895/15 748/896/15 67/897/15
f 67/897/15 748/896/15 749/898/15
f 67/897/15 749/898/15 750/899/416
f 750/899/416 751/900/15 67/897/15
f 632/901/416 751/900/15 750/899/416
f 632/901/416 634/902/15 751/900/15
f 632/901/416 750/899/416 630/903/417
f 750/899/416 752/904/418 630/903/417
f 631/905/419 630/903/417 752/904/418
f 69/906/420 67/907/421 636/908/422
f 751/909/423 636/908/422 67/907/421
f 751/909/423 635/910/12 636/908/422
f 751/909/423 633/911/12 635/910/12
f 751/909/423 634/912/12 633/911/12
f 753/913/424 754/914/425 755/915/426
f 755/915/426 754/914/425 756/916/427
f 755/915/426 756/916/427 757/917/428
f 758/918/429 757/917/428 756/916/427
f 757/917/428 758/918/429 759/919/430
f 759/919/430 760/920/431 757/917/428
f 760/920/431 759/919/430 761/921/432
f 762/922/432 761/921/432 759/919/430
f 762/922/432 759/919/430 763/923/433
f 762/922/432 763/923/433 764/924/433
f 764/924/433 765/925/434 762/922/432
f 761/921/432 762/922/432 766/926/435
f 767/927/436 762/922/432 765/925/434
f 767/927/436 765/925/434 768/928/433
f 768/928/433 765/925/434 769/929/437
f 768/928/433 769/929/437 770/930/431
f 769/929/437 771/931/438 770/930/431
f 771/931/438 769/929/437 772/932/434
f 771/931/438 772/932/434 773/933/433
f 771/931/438 773/933/433 774/934/431
f 775/935/439 774/934/431 773/933/433
f 775/935/439 776/936/440 774/934/431
f 777/937/441 776/936/440 775/935/439
f 776/936/440 777/937/441 778/938/442
f 779/939/425 778/938/442 777/937/441
f 778/938/442 779/939/425 780/940/443
f 781/941/431 767/927/436 768/928/433
f 782/942/436 767/927/436 781/941/431
f 783/943/430 782/942/436 781/941/431
f 784/944/433 782/942/436 783/943/430
f 782/942/436 784/944/433 785/945/444
f 785/945/444 786/946/445 782/942/436
f 786/946/445 785/945/444 787/947/446
f 786/946/445 787/947/446 788/948/447
f 94/949/448 788/948/447 787/947/446
f 94/949/448 787/947/446 789/950/424
f 788/948/447 94/949/448 93/951/449
f 782/942/436 790/952/450 767/927/436
f 790/952/450 782/942/436 791/953/451
f 791/953/451 792/954/12 227/955/12
f 791/953/451 227/955/12 253/956/12
f 791/953/451 253/956/12 793/957/13
f 791/953/451 793/957/13 790/952/450
f 794/958/12 790/952/450 793/957/13
f 795/959/13 790/952/450 794/958/12
f 796/960/452 767/927/436 790/952/450
f 796/960/452 790/952/450 795/959/13
f 767/927/436 796/960/452 762/922/432
f 797/961/13 796/960/452 795/959/13
f 796/960/452 766/926/435 762/922/432
f 766/926/435 796/960/452 797/961/13
f 798/962/12 766/926/435 797/961/13
f 766/926/435 798/962/12 799/963/12
f 766/926/435 799/963/12 800/964/12
f 754/965/453 753/966/433 801/967/454
f 802/968/455 801/967/454 753/966/433
f 801/967/454 802/968/455 803/969/456
f 804/970/457 803/969/456 802/968/455
f 803/969/456 804/970/457 805/971/458
f 806/972/459 805/971/458 804/970/457
f 807/973/459 806/974/459 808/975/457
f 808/975/457 806/974/459 804/976/457
f 808/975/457 804/976/457 809/977/455
f 802/978/455 809/977/455 804/976/457
f 81/979/455 809/977/455 802/978/455
f 809/977/455 81/979/455 83/980/460
f 81/979/455 802/978/455 753/981/461
f 753/981/461 810/982/462 81/979/455
f 810/982/462 753/981/461 755/983/463
f 810/982/462 755/983/463 757/984/464
f 667/985/16 669/986/16 487/987/16
f 487/987/16 669/986/16 811/988/16
f 811/988/16 262/989/16 487/987/16
f 811/988/16 54/990/16 262/989/16
f 812/991/16 54/990/16 811/988/16
f 813/992/16 54/990/16 812/991/16
f 54/990/16 813/992/16 579/993/16
f 579/993/16 813/992/16 577/994/16
f 54/990/16 579/993/16 581/995/16
f 54/990/16 581/995/16 57/996/16
f 583/997/16 57/996/16 581/995/16
f 586/998/16 57/996/16 583/997/16
f 114/999/15 113/1000/15 814/1001/465
f 814/1001/465 815/1002/465 114/999/15
f 109/1003/466 815/1002/465 814/1001/465
f 815/1002/465 109/1003/466 118/1004/467
f 109/1003/466 816/1005/466 118/1004/467
f 817/1006/466 816/1005/466 109/1003/466
f 116/1007/466 118/1004/467 816/1005/466
f 108/1008/466 817/1006/466 109/1003/466
f 818/1009/467 116/1007/466 816/1005/466
f 103/1010/466 817/1006/466 108/1008/466
f 819/1011/466 817/1006/466 103/1010/466
f 108/1008/466 820/1012/468 103/1010/466
f 103/1010/466 102/1013/466 819/1011/466
f 820/1012/468 108/1008/466 821/1014/465
f 106/1015/15 820/1012/468 821/1014/465
f 820/1012/468 106/1015/15 107/1016/15
f 819/1011/466 102/1013/466 822/1017/466
f 823/1018/469 822/1017/466 102/1013/466
f 823/1018/469 824/1019/470 822/1017/466
f 97/1020/15 824/1019/470 823/1018/469
f 824/1019/470 97/1020/15 96/1021/15
f 824/1019/470 96/1021/15 825/1022/15
f 825/1022/15 96/1021/15 826/1023/15
f 126/1024/466 818/1009/467 127/1025/466
f 116/1007/466 818/1009/467 126/1024/466
f 827/1026/471 116/1007/466 126/1024/466
f 827/1026/471 828/1027/469 116/1007/466
f 828/1027/469 827/1026/471 122/1028/15
f 122/1028/15 121/1029/15 828/1027/469
f 818/1009/467 132/1030/466 127/1025/466
f 127/1025/466 132/1030/466 829/1031/472
f 830/1032/466 132/1030/466 818/1009/467
f 831/1033/465 829/1031/472 132/1030/466
f 128/1034/15 829/1031/472 831/1033/465
f 829/1031/472 128/1034/15 130/1035/15
f 132/1030/466 830/1032/466 133/1036/467
f 830/1032/466 832/1037/473 133/1036/467
f 830/1032/466 833/1038/466 832/1037/473
f 834/1039/474 133/1036/467 832/1037/473
f 133/1036/467 834/1039/474 835/1040/475
f 835/1040/475 836/1041/471 133/1036/467
f 837/1042/15 836/1041/471 835/1040/475
f 836/1041/471 837/1042/15 838/1043/15
f 129/1044/19 131/1045/19 839/1046/476
f 839/1046/476 840/1047/477 129/1044/19
f 840/1047/477 839/1046/476 134/1048/478
f 840/1047/477 134/1048/478 124/1049/478
f 124/1049/478 134/1048/478 841/1050/479
f 124/1049/478 841/1050/479 125/1051/478
f 842/1052/480 841/1050/479 134/1048/478
f 134/1048/478 135/1053/478 842/1052/480
f 135/1053/478 843/1054/478 842/1052/480
f 135/1053/478 844/1055/481 843/1054/478
f 844/1055/481 135/1053/478 845/1056/481
f 846/1057/19 844/1055/481 845/1056/481
f 844/1055/481 846/1057/19 847/1058/19
f 841/1050/479 119/1059/482 125/1051/478
f 119/1059/482 848/1060/481 125/1051/478
f 849/1061/480 119/1059/482 841/1050/479
f 848/1060/481 119/1059/482 850/1062/481
f 123/1063/19 848/1060/481 850/1062/481
f 848/1060/481 123/1063/19 120/1064/19
f 849/1061/480 117/1065/482 119/1059/482
f 849/1061/480 111/1066/480 117/1065/482
f 117/1065/482 111/1066/480 851/1067/481
f 111/1066/480 849/1061/480 852/1068/479
f 853/1069/476 851/1067/481 111/1066/480
f 853/1069/476 112/1070/19 851/1067/481
f 112/1070/19 853/1069/476 115/1071/19
f 852/1068/479 110/1072/483 111/1066/480
f 100/1073/479 110/1072/483 852/1068/479
f 854/1074/480 100/1073/479 852/1068/479
f 855/1075/481 110/1072/483 100/1073/479
f 854/1074/480 101/1076/484 100/1073/479
f 110/1072/483 855/1075/481 856/1077/477
f 856/1077/477 855/1075/481 104/1078/19
f 104/1078/19 855/1075/481 105/1079/19
f 854/1074/480 857/1080/481 101/1076/484
f 857/1080/481 854/1074/480 858/1081/485
f 858/1081/485 98/1082/19 857/1080/481
f 98/1082/19 858/1081/485 99/1083/486
f 859/1084/19 99/1083/486 858/1081/485
f 99/1083/486 859/1084/19 860/1085/19
f 138/1086/23 137/1087/23 861/1088/23
f 862/1089/23 138/1086/23 861/1088/23
f 140/1090/23 862/1089/23 861/1088/23
f 862/1089/23 140/1090/23 142/1091/23
f 144/1092/23 147/1093/23 863/1094/23
f 864/1095/23 144/1092/23 863/1094/23
f 148/1096/23 864/1095/23 863/1094/23
f 864/1095/23 148/1096/23 150/1097/23
f 154/1000/15 155/999/15 865/1001/487
f 865/1001/487 155/999/15 866/1002/488
f 865/1001/487 866/1002/488 149/1003/196
f 157/1004/489 149/1003/196 866/1002/488
f 149/1003/196 157/1004/489 867/1005/196
f 867/1005/196 868/1006/489 149/1003/196
f 156/1007/196 867/1005/196 157/1004/489
f 150/1008/489 149/1003/196 868/1006/489
f 156/1007/196 869/1009/490 867/1005/196
f 143/1010/196 150/1008/489 868/1006/489
f 868/1006/489 870/1011/196 143/1010/196
f 871/1012/488 150/1008/489 143/1010/196
f 143/1010/196 870/1011/196 142/1013/196
f 871/1012/488 864/1014/488 150/1008/489
f 871/1012/488 144/1015/15 864/1014/488
f 144/1015/15 871/1012/488 145/1016/15
f 870/1011/196 872/1017/196 142/1013/196
f 142/1013/196 872/1017/196 862/1018/491
f 873/1019/492 862/1018/491 872/1017/196
f 873/1019/492 138/1020/15 862/1018/491
f 136/1021/15 138/1020/15 873/1019/492
f 136/1021/15 873/1019/492 874/1022/33
f 136/1021/15 874/1022/33 875/1023/15
f 876/1026/493 156/1007/196 877/1027/488
f 877/1027/488 163/1028/15 876/1026/493
f 162/1029/15 163/1028/15 877/1027/488
f 156/1007/196 876/1026/493 166/1024/196
f 869/1009/490 156/1007/196 166/1024/196
f 166/1024/196 167/1025/494 869/1009/490
f 869/1009/490 167/1025/494 173/1030/196
f 878/1031/488 173/1030/196 167/1025/494
f 173/1030/196 879/1032/196 869/1009/490
f 173/1030/196 878/1031/488 880/1033/488
f 878/1031/488 169/1034/15 880/1033/488
f 170/1035/15 169/1034/15 878/1031/488
f 879/1032/196 173/1030/196 172/1036/494
f 879/1032/196 172/1036/494 881/1037/196
f 879/1032/196 881/1037/196 882/1038/196
f 881/1037/196 172/1036/494 883/1039/196
f 883/1039/196 172/1036/494 884/1040/495
f 885/1041/496 884/1040/495 172/1036/494
f 885/1041/496 886/1042/15 884/1040/495
f 887/1043/15 886/1042/15 885/1041/496
f 884/1098/497 886/1099/498 888/1100/499
f 884/1098/497 888/1100/499 883/1101/500
f 883/1101/500 888/1100/499 889/1102/501
f 883/1101/500 889/1102/501 881/1103/502
f 881/1103/502 889/1102/501 882/1104/15
f 889/1102/501 890/1105/15 882/1104/15
f 891/1106/12 890/1107/12 889/1108/13
f 891/1106/12 889/1108/13 892/1109/12
f 892/1109/12 889/1108/13 888/1110/12
f 886/1111/12 892/1109/12 888/1110/12
f 886/1111/12 887/1112/12 892/1109/12
f 155/1113/23 153/1114/23 893/1115/23
f 866/1116/23 155/1113/23 893/1115/23
f 158/1117/23 866/1116/23 893/1115/23
f 157/1118/23 866/1116/23 158/1117/23
f 163/1119/23 161/1120/23 894/1121/23
f 876/1122/23 163/1119/23 894/1121/23
f 164/1123/23 876/1122/23 894/1121/23
f 876/1122/23 164/1123/23 166/1124/23
f 169/1125/503 171/1126/504 895/1127/504
f 880/1128/505 169/1125/503 895/1127/504
f 174/1129/506 880/1128/505 895/1127/504
f 173/1130/507 880/1128/505 174/1129/506
f 890/1131/23 891/1132/23 896/1133/23
f 882/1134/508 890/1131/23 896/1133/23
f 897/1135/508 882/1134/508 896/1133/23
f 882/1134/508 897/1135/508 879/1136/508
f 90/1137/23 879/1136/508 897/1135/508
f 90/1137/23 897/1135/508 88/1138/23
f 212/1139/509 211/1140/510 898/1141/511
f 898/1141/511 211/1140/510 899/1142/512
f 898/1141/511 899/1142/512 900/1143/513
f 900/1143/513 899/1142/512 901/1144/514
f 900/1143/513 901/1144/514 902/1145/515
f 903/1146/516 902/1145/515 901/1144/514
f 904/1147/517 902/1145/515 903/1146/516
f 902/1145/515 904/1147/517 905/1148/517
f 904/1147/517 906/1149/518 905/1148/517
f 907/1150/519 905/1148/517 906/1149/518
f 907/1150/519 906/1149/518 908/1151/520
f 909/1152/520 908/1151/520 906/1149/518
f 910/1153/521 908/1151/520 909/1152/520
f 908/1151/520 910/1153/521 911/1154/522
f 911/1154/522 910/1153/521 912/1155/523
f 912/1155/523 910/1153/521 913/1156/524
f 912/1155/523 913/1156/524 214/1157/525
f 214/1157/525 913/1156/524 217/1158/525
f 216/1157/526 215/1158/527 914/1156/528
f 915/1155/529 216/1157/526 914/1156/528
f 915/1155/529 914/1156/528 916/1153/530
f 917/1154/531 915/1155/529 916/1153/530
f 916/1153/530 918/1151/532 917/1154/531
f 918/1151/532 916/1153/530 919/1152/532
f 918/1151/532 919/1152/532 920/1149/533
f 918/1151/532 920/1149/533 921/1150/534
f 920/1149/533 922/1148/535 921/1150/534
f 922/1148/535 920/1149/533 923/1147/536
f 923/1147/536 924/1145/537 922/1148/535
f 924/1145/537 923/1147/536 925/1146/538
f 924/1145/537 925/1146/538 926/1144/539
f 924/1145/537 926/1144/539 927/1143/540
f 927/1143/540 926/1144/539 928/1142/541
f 929/1141/542 927/1143/540 928/1142/541
f 929/1141/542 928/1142/541 213/1140/543
f 210/1139/543 929/1141/542 213/1140/543
f 930/1159/16 931/1160/16 932/1161/16
f 931/1160/16 930/1159/16 933/1162/16
f 934/1163/16 933/1162/16 930/1159/16
f 933/1162/16 934/1163/16 935/1164/16
f 934/1163/16 936/1165/16 935/1164/16
f 934/1163/16 937/1166/16 936/1165/16
f 937/1166/16 934/1163/16 938/1167/16
f 938/1167/16 939/1168/16 937/1166/16
f 939/1168/16 938/1167/16 940/1169/16
f 941/1170/544 942/1171/545 305/1172/546
f 942/1171/545 941/1170/544 943/1173/547
f 944/1174/548 943/1173/547 941/1170/544
f 943/1173/547 944/1174/548 945/1175/549
f 946/1176/550 945/1175/549 944/1174/548
f 945/1175/549 946/1176/550 947/1177/551
f 947/1177/551 946/1176/550 948/1178/552
f 947/1177/551 948/1178/552 949/1179/553
f 949/1179/553 948/1178/552 950/1180/554
f 951/1181/12 949/1179/553 950/1180/554
f 951/1181/12 952/1182/13 949/1179/553
f 953/1183/12 952/1182/13 951/1181/12
f 954/1184/12 952/1182/13 953/1183/12
f 955/1185/12 954/1184/12 953/1183/12
f 954/1184/12 955/1185/12 956/1186/12
f 956/1186/12 957/1187/12 954/1184/12
f 957/1187/12 956/1186/12 958/1188/12
f 959/1189/12 958/1188/12 956/1186/12
f 958/1188/12 959/1189/12 960/1190/12
f 960/1190/12 961/1191/12 958/1188/12
f 960/1190/12 962/1192/13 961/1191/12
f 962/1192/13 960/1190/12 963/1193/13
f 962/1192/13 963/1193/13 964/1194/13
f 964/1194/13 963/1193/13 965/1195/12
f 964/1194/13 965/1195/12 966/1196/12
f 967/1197/13 968/1198/12 969/1199/12
f 969/1199/12 970/1200/13 967/1197/13
f 970/1200/13 971/1201/12 967/1197/13
f 970/1200/13 972/1202/12 971/1201/12
f 973/1203/12 971/1201/12 972/1202/12
f 974/1204/13 971/1201/12 973/1203/12
f 971/1201/12 974/1204/13 975/1205/13
f 976/1206/12 975/1205/13 974/1204/13
f 975/1205/13 976/1206/12 977/1207/12
f 232/1208/555 978/1209/556 967/1210/556
f 967/1210/556 971/1211/557 232/1208/555
f 233/1212/558 232/1208/555 971/1211/557
f 971/1211/557 975/1213/559 233/1212/558
f 235/1214/560 233/1212/558 975/1213/559
f 975/1213/559 979/1215/561 235/1214/560
f 238/1216/562 235/1214/560 979/1215/561
f 975/1213/559 980/1217/563 979/1215/561
f 980/1217/563 975/1213/559 981/1218/564
f 981/1218/564 975/1213/559 977/1219/565
f 981/1218/564 977/1219/565 982/1220/566
f 982/1220/566 977/1219/565 983/1221/567
f 983/1221/567 977/1219/565 984/1222/568
f 984/1222/568 977/1219/565 985/1223/569
f 977/1219/565 986/1224/570 985/1223/569
f 984/1222/568 985/1223/569 987/1225/571
f 988/1226/572 418/1227/573 989/1228/574
f 990/1229/575 988/1226/572 989/1228/574
f 990/1229/575 991/1230/576 988/1226/572
f 992/1231/577 991/1230/576 990/1229/575
f 992/1231/577 993/1232/578 991/1230/576
f 994/1233/579 993/1232/578 992/1231/577
f 994/1233/579 995/1234/580 993/1232/578
f 996/1235/581 995/1234/580 994/1233/579
f 995/1234/580 996/1235/581 997/1236/582
f 998/1237/16 997/1236/582 996/1235/581
f 999/1238/16 998/1237/16 996/1235/581
f 999/1238/16 1000/1239/16 998/1237/16
f 999/1238/16 1001/1240/217 1000/1239/16
f 1002/1241/16 1000/1239/16 1001/1240/217
f 1002/1241/16 1001/1240/217 1003/1242/16
f 1003/1242/16 1001/1240/217 1004/1243/16
f 1003/1242/16 1005/1244/16 1006/1245/16
f 1003/1242/16 1007/1246/16 1005/1244/16
f 1003/1242/16 1008/1247/16 1007/1246/16
f 1004/1243/16 1008/1247/16 1003/1242/16
f 1008/1247/16 1004/1243/16 1009/1248/16
f 1009/1248/16 1004/1243/16 1010/1249/16
f 1010/1249/16 1011/1250/16 1009/1248/16
f 1011/1250/16 1010/1249/16 1012/1251/16
f 1013/1252/16 1011/1250/16 1012/1251/16
f 1013/1252/16 1014/1253/16 1011/1250/16
f 1011/1250/16 1014/1253/16 1015/1254/16
f 1014/1253/16 1013/1252/16 1016/1255/16
f 1014/1253/16 1016/1255/16 1017/1256/16
f 1014/1253/16 1017/1256/16 1018/1257/217
f 1019/1258/315 1014/1253/16 1018/1257/217
f 1019/1258/315 1020/1259/16 1014/1253/16
f 1020/1259/16 1019/1258/315 1021/1260/16
f 1021/1260/16 1022/1261/16 1020/1259/16
f 1022/1261/16 1021/1260/16 1023/1262/16
f 1023/1262/16 1024/1263/16 1022/1261/16
f 1024/1263/16 1023/1262/16 1025/1264/16
f 1024/1263/16 1025/1264/16 1026/1265/16
f 1026/1265/16 1027/1266/16 1024/1263/16
f 1027/1266/16 1026/1265/16 1028/1267/16
f 1028/1267/16 1029/1268/16 1027/1266/16
f 1030/1269/16 1028/1267/16 1031/1270/16
f 1032/1271/16 1028/1267/16 1030/1269/16
f 1033/1272/16 1028/1267/16 1032/1271/16
f 1028/1267/16 1033/1272/16 1029/1268/16
f 1029/1268/16 1033/1272/16 1034/1273/16
f 1035/1274/16 1029/1268/16 1034/1273/16
f 1036/1275/16 1035/1274/16 1034/1273/16
f 1036/1275/16 1034/1273/16 1037/1276/16
f 1038/1277/583 610/1278/584 966/1279/585
f 964/1280/586 966/1279/585 610/1278/584
f 610/1278/584 608/1281/587 964/1280/586
f 964/1280/586 608/1281/587 962/1282/588
f 606/1283/589 962/1282/588 608/1281/587
f 606/1283/589 961/1284/590 962/1282/588
f 961/1284/590 606/1283/589 603/1285/591
f 603/1285/591 598/1286/592 961/1284/590
f 958/1287/593 961/1284/590 598/1286/592
f 599/1288/594 958/1287/593 598/1286/592
f 958/1287/593 599/1288/594 957/1289/595
f 957/1289/595 599/1288/594 1039/1290/596
f 1039/1290/596 954/1291/597 957/1289/595
f 1039/1290/596 359/1292/598 954/1291/597
f 954/1291/597 359/1292/598 952/1293/599
f 952/1293/599 359/1292/598 949/1294/600
f 359/1292/598 307/1295/601 949/1294/600
f 949/1294/600 307/1295/601 947/1296/602
f 307/1295/601 945/1297/602 947/1296/602
f 307/1295/601 942/1298/603 945/1297/602
f 945/1297/602 942/1298/603 943/1299/604
f 942/1298/603 307/1295/601 305/1300/605
f 277/1301/606 743/1302/607 283/1303/606
f 283/1303/606 743/1302/607 285/1304/608
f 285/1304/608 743/1302/607 500/1305/609
f 1040/1306/16 1041/1307/16 1042/1308/16
f 1043/1309/16 1040/1306/16 1042/1308/16
f 1044/1310/16 1040/1306/16 1043/1309/16
f 1044/1310/16 1043/1309/16 1045/1311/16
f 1046/1312/13 1047/1313/12 1048/1314/12
f 1049/1315/13 1046/1312/13 1048/1314/12
f 1046/1312/13 1049/1315/13 1050/1316/12
f 1050/1316/12 1049/1315/13 1051/1317/12
f 1052/1318/12 1050/1316/12 1051/1317/12
f 1052/1318/12 1051/1317/12 1053/1319/13
f 1054/1320/12 1053/1319/13 1051/1317/12
f 1054/1320/12 1055/1321/12 1053/1319/13
f 1055/1321/12 1054/1320/12 1056/1322/13
f 1057/1323/12 1056/1322/13 1054/1320/12
f 1056/1322/13 1057/1323/12 1058/1324/12
f 1057/1323/12 1059/1325/13 1058/1324/12
f 1060/1326/12 1059/1325/13 1057/1323/12
f 1059/1325/13 1060/1326/12 1061/1327/12
f 1061/1327/12 1060/1326/12 1062/1328/12
f 1060/1326/12 1063/1329/12 1062/1328/12
f 1060/1326/12 1064/1330/13 1063/1329/12
f 1065/1331/13 1064/1330/13 1060/1326/12
f 1064/1330/13 1065/1331/13 1066/1332/13
f 1066/1332/13 1065/1331/13 1067/1333/12
f 1067/1333/12 1068/1334/12 1066/1332/13
f 1068/1334/12 1067/1333/12 1069/1335/12
f 1069/1335/12 1067/1333/12 1070/1336/12
f 1070/1336/12 1067/1333/12 1071/1337/12
f 298/1338/610 1/1339/611 3/1340/611
f 298/1338/610 3/1340/611 460/1341/612
f 298/1338/610 460/1341/612 295/1342/613
f 459/1343/614 295/1342/613 460/1341/612
f 459/1343/614 462/1344/615 295/1342/613
f 462/1344/615 292/1345/616 295/1342/613
f 292/1345/616 462/1344/615 296/1346/617
f 742/1347/618 273/1348/619 271/1349/620
f 742/1347/618 271/1349/620 270/1350/621
f 507/1351/622 742/1347/618 270/1350/621
f 659/1352/623 674/1353/624 1072/1354/623
f 1073/1355/625 1072/1354/623 674/1353/624
f 672/1356/626 1073/1355/625 674/1353/624
f 1073/1355/625 672/1356/626 1074/1357/627
f 671/1358/628 1074/1357/627 672/1356/626
f 1074/1357/627 671/1358/628 1075/1359/629
f 668/1360/630 1075/1359/629 671/1358/628
f 1075/1359/629 668/1360/630 1076/1361/631
f 666/1362/632 1076/1361/631 668/1360/630
f 1076/1361/631 666/1362/632 1077/1363/633
f 666/1362/632 1078/1364/634 1077/1363/633
f 1078/1364/634 666/1362/632 664/1365/635
f 664/1365/635 1079/1366/636 1078/1364/634
f 1079/1366/636 664/1365/635 663/1367/637
f 663/1367/637 1080/1368/638 1079/1366/636
f 1080/1368/638 663/1367/637 661/1369/639
f 661/1369/639 1081/1370/640 1080/1368/638
f 661/1369/639 658/1371/641 1081/1370/640
f 658/1371/641 1082/1372/642 1081/1370/640
f 1082/1372/642 658/1371/641 656/1373/643
f 1083/1374/644 1082/1372/642 656/1373/643
f 656/1373/643 653/1375/645 1083/1374/644
f 653/1375/645 1084/1376/646 1083/1374/644
f 653/1375/645 651/1377/647 1084/1376/646
f 940/1378/648 372/1379/649 370/1380/650
f 940/1378/648 374/1381/651 372/1379/649
f 940/1378/648 938/1382/652 374/1381/651
f 375/1383/653 374/1381/651 938/1382/652
f 938/1382/652 934/1384/654 375/1383/653
f 377/1385/655 375/1383/653 934/1384/654
f 934/1384/654 930/1386/656 377/1385/655
f 377/1385/655 930/1386/656 1085/1387/657
f 269/1388/658 1086/1389/659 508/1390/660
f 1086/1389/659 269/1388/658 272/1391/661
f 1086/1389/659 272/1391/661 1087/1392/662
f 274/1393/663 1087/1392/662 272/1391/661
f 274/1393/663 1088/1394/664 1087/1392/662
f 274/1393/663 275/1395/665 1088/1394/664
f 280/1396/665 1088/1394/664 275/1395/665
f 280/1396/665 1089/1397/665 1088/1394/664
f 1089/1397/665 280/1396/665 286/1398/665
f 1090/1399/666 1089/1397/665 286/1398/665
f 286/1398/665 1091/1400/667 1090/1399/666
f 1090/1399/666 1091/1400/667 1092/1401/668
f 1091/1400/667 286/1398/665 288/1402/669
f 1091/1400/667 288/1402/669 1093/1403/670
f 288/1402/669 289/1404/671 1093/1403/670
f 1093/1403/670 289/1404/671 1094/1405/672
f 289/1404/671 294/1406/673 1094/1405/672
f 1094/1405/672 294/1406/673 1095/1407/674
f 294/1406/673 301/1408/31 1095/1407/674
f 1095/1407/674 301/1408/31 1096/1409/31
f 301/1408/31 304/1410/675 1096/1409/31
f 304/1410/675 1097/1411/676 1096/1409/31
f 1096/1409/31 1097/1411/676 1098/1412/677
f 1097/1411/676 304/1410/675 332/1413/678
f 332/1413/678 1099/1414/679 1097/1411/676
f 1099/1414/679 332/1413/678 334/1415/680
f 334/1415/680 1100/1416/681 1099/1414/679
f 337/1417/682 1100/1416/681 334/1415/680
f 337/1417/682 1101/1418/683 1100/1416/681
f 338/1419/684 1101/1418/683 337/1417/682
f 1101/1418/683 338/1419/684 1102/1420/685
f 338/1419/684 1103/1421/686 1102/1420/685
f 1103/1421/686 338/1419/684 340/1422/24
f 1103/1421/686 340/1422/24 342/1423/338
f 1104/1424/338 1103/1421/686 342/1423/338
f 342/1423/338 345/1425/338 1104/1424/338
f 1104/1424/338 345/1425/338 1105/1426/338
f 345/1425/338 347/1427/24 1105/1426/338
f 509/1428/24 1105/1426/338 347/1427/24
f 588/1429/687 391/1430/688 397/1431/689
f 588/1429/687 397/1431/689 399/1432/690
f 1106/1433/691 588/1429/687 399/1432/690
f 1107/1434/13 1108/1435/12 1109/1436/12
f 1110/1437/13 1108/1435/12 1107/1434/13
f 1107/1434/13 1111/1438/12 1110/1437/13
f 1110/1437/13 1111/1438/12 1112/1439/12
f 696/1440/692 1113/1441/693 1031/1442/694
f 1031/1442/694 1028/1443/695 696/1440/692
f 694/1444/696 696/1440/692 1028/1443/695
f 694/1444/696 1028/1443/695 1026/1445/697
f 1026/1445/697 692/1446/698 694/1444/696
f 692/1446/698 1026/1445/697 1025/1447/699
f 1025/1447/699 689/1448/700 692/1446/698
f 685/1449/701 689/1448/700 1025/1447/699
f 1025/1447/699 1023/1450/702 685/1449/701
f 685/1449/701 1023/1450/702 615/1451/703
f 1021/1452/704 615/1451/703 1023/1450/702
f 615/1451/703 1021/1452/704 616/1453/705
f 1019/1454/706 616/1453/705 1021/1452/704
f 618/1455/707 616/1453/705 1019/1454/706
f 618/1455/707 1019/1454/706 1018/1456/707
f 1114/1457/708 384/1458/709 1115/1459/710
f 384/1458/709 1114/1457/708 386/1460/711
f 386/1460/711 1114/1457/708 1116/1461/712
f 386/1460/711 1116/1461/712 388/1462/713
f 1117/1463/665 388/1462/713 1116/1461/712
f 388/1462/713 1117/1463/665 389/1464/714
f 1117/1463/665 394/1465/715 389/1464/714
f 394/1465/715 1117/1463/665 1118/1466/668
f 400/1467/665 394/1465/715 1118/1466/668
f 1118/1466/668 1119/1468/664 400/1467/665
f 787/1469/716 400/1467/665 1119/1468/664
f 1119/1468/664 789/1470/714 787/1469/716
f 402/1471/717 400/1467/665 787/1469/716
f 402/1471/717 787/1469/716 785/1472/717
f 784/1473/718 402/1471/717 785/1472/717
f 402/1471/717 784/1473/718 403/1474/719
f 784/1473/718 783/1475/720 403/1474/719
f 403/1474/719 783/1475/720 405/1476/721
f 783/1475/720 781/1477/722 405/1476/721
f 405/1476/721 781/1477/722 406/1478/723
f 768/1479/724 406/1478/723 781/1477/722
f 406/1478/723 768/1479/724 409/1480/725
f 768/1479/724 437/1481/726 409/1480/725
f 437/1481/726 768/1479/724 770/1482/727
f 770/1482/727 438/1483/728 437/1481/726
f 438/1483/728 770/1482/727 771/1484/729
f 771/1484/729 441/1485/730 438/1483/728
f 441/1485/730 771/1484/729 774/1486/731
f 774/1486/731 776/1487/338 441/1485/730
f 443/1488/24 441/1485/730 776/1487/338
f 776/1487/338 778/1489/24 443/1488/24
f 780/1490/24 443/1488/24 778/1489/24
f 443/1488/24 780/1490/24 1120/1491/338
f 1120/1491/338 445/1492/338 443/1488/24
f 1120/1491/338 1121/1493/338 445/1492/338
f 445/1492/338 1121/1493/338 447/1494/338
f 1121/1493/338 1122/1495/338 447/1494/338
f 1122/1495/338 449/1496/24 447/1494/338
f 449/1496/24 1122/1495/338 1123/1497/24
f 461/1498/732 460/1499/733 3/1500/734
f 3/1500/734 2/1501/732 461/1498/732
f 461/1498/732 2/1501/732 463/1502/735
f 300/1503/736 463/1502/735 2/1501/732
f 300/1503/736 2/1501/732 1124/1504/737
f 1124/1504/737 299/1505/738 300/1503/736
f 1125/1506/739 299/1505/738 1124/1504/737
f 299/1505/738 1125/1506/739 302/1507/740
f 1125/1506/739 303/1508/741 302/1507/740
f 303/1508/741 1125/1506/739 1126/1509/742
f 325/1510/743 303/1508/741 1126/1509/742
f 325/1510/743 1126/1509/742 1127/1511/744
f 1128/1512/745 258/1513/746 260/1514/745
f 1128/1512/745 1129/1515/745 258/1513/746
f 258/1513/746 1129/1515/745 256/1516/745
f 534/1517/747 368/1518/748 371/1519/749
f 534/1517/747 371/1519/749 373/1520/750
f 373/1520/750 536/1521/751 534/1517/747
f 373/1520/750 376/1522/752 536/1521/751
f 376/1522/752 1130/1523/753 536/1521/751
f 1130/1523/753 376/1522/752 379/1524/754
f 381/1525/755 1130/1523/753 379/1524/754
f 1130/1523/753 381/1525/755 382/1526/756
f 256/1527/757 1129/1528/758 10/1529/759
f 11/1530/363 256/1527/757 10/1529/759
f 256/1527/757 11/1530/363 257/1531/16
f 11/1530/363 492/1532/16 257/1531/16
f 498/1533/16 492/1532/16 11/1530/363
f 492/1532/16 498/1533/16 496/1534/16
f 492/1532/16 496/1534/16 494/1535/16
f 417/1536/760 624/1537/761 629/1538/760
f 624/1537/761 417/1536/760 420/1539/162
f 420/1539/162 622/1540/762 624/1537/761
f 622/1540/762 420/1539/162 421/1541/763
f 422/1542/764 622/1540/762 421/1541/763
f 622/1540/762 422/1542/764 620/1543/765
f 423/1544/34 620/1543/765 422/1542/764
f 423/1544/34 617/1545/34 620/1543/765
f 617/1545/34 423/1544/34 425/1546/766
f 617/1545/34 425/1546/766 675/1547/767
f 617/1545/34 675/1547/767 677/1548/169
f 617/1545/34 677/1548/169 679/1549/768
f 614/1550/767 617/1545/34 679/1549/768
f 487/1551/23 665/1552/769 667/1553/23
f 488/1554/770 665/1552/769 487/1551/23
f 488/1554/770 662/1555/771 665/1552/769
f 489/1556/772 662/1555/771 488/1554/770
f 489/1556/772 660/1557/773 662/1555/771
f 660/1557/773 489/1556/772 490/1558/774
f 491/1559/16 660/1557/773 490/1558/774
f 660/1557/773 491/1559/16 655/1560/16
f 645/1561/16 655/1560/16 491/1559/16
f 645/1561/16 491/1559/16 493/1562/16
f 645/1561/16 493/1562/16 642/1563/16
f 493/1562/16 639/1564/16 642/1563/16
f 493/1562/16 637/1565/16 639/1564/16
f 637/1565/16 493/1562/16 495/1566/16
f 637/1565/16 495/1566/16 497/1567/16
f 497/1567/16 640/1568/16 637/1565/16
f 640/1568/16 497/1567/16 499/1569/16
f 640/1568/16 499/1569/16 643/1570/16
f 643/1570/16 499/1569/16 648/1571/16
f 1015/1572/775 247/1573/486 245/1574/776
f 1015/1572/775 1014/1575/777 247/1573/486
f 247/1573/486 1014/1575/777 249/1576/19
f 249/1576/19 1014/1575/777 17/1577/19
f 249/1576/19 17/1577/19 251/1578/19
f 17/1577/19 6/1579/19 251/1578/19
f 6/1579/19 17/1577/19 4/1580/19
f 16/1581/778 17/1577/19 1014/1575/777
f 1020/1582/779 16/1581/778 1014/1575/777
f 16/1581/778 1020/1582/779 18/1583/780
f 18/1583/780 1020/1582/779 20/1584/781
f 1022/1585/782 20/1584/781 1020/1582/779
f 20/1584/781 1022/1585/782 21/1586/783
f 1024/1587/784 21/1586/783 1022/1585/782
f 21/1586/783 1024/1587/784 26/1588/785
f 1027/1589/785 26/1588/785 1024/1587/784
f 1027/1589/785 28/1590/786 26/1588/785
f 28/1590/786 1027/1589/785 1029/1591/786
f 1029/1591/786 29/1592/15 28/1590/786
f 29/1592/15 5/1593/15 7/1594/15
f 5/1593/15 29/1592/15 1131/1595/15
f 29/1592/15 1132/1596/15 1131/1595/15
f 1029/1591/786 1132/1596/15 29/1592/15
f 1029/1591/786 1133/1597/15 1132/1596/15
f 1029/1591/786 1035/1598/787 1133/1597/15
f 1133/1597/15 1035/1598/787 1134/1599/788
f 1036/1600/789 1134/1599/788 1035/1598/787
f 1135/1601/790 1134/1599/788 1036/1600/789
f 987/1602/791 1135/1601/790 1036/1600/789
f 987/1602/791 1036/1600/789 1037/1603/792
f 987/1602/791 1037/1603/792 984/1604/793
f 1136/1605/794 984/1604/793 1037/1603/792
f 983/1606/795 984/1604/793 1136/1605/794
f 1137/1607/796 983/1606/795 1136/1605/794
f 982/1608/797 983/1606/795 1137/1607/796
f 1137/1607/796 981/1609/798 982/1608/797
f 981/1609/798 1137/1607/796 1138/1610/799
f 1138/1610/799 980/1611/800 981/1609/798
f 980/1611/800 1138/1610/799 1139/1612/801
f 979/1613/802 980/1611/800 1139/1612/801
f 1006/1614/803 979/1613/802 1139/1612/801
f 238/1615/804 979/1613/802 1006/1614/803
f 1005/1616/805 238/1615/804 1006/1614/803
f 237/1617/806 238/1615/804 1005/1616/805
f 1007/1618/806 237/1617/806 1005/1616/805
f 1007/1618/806 239/1619/807 237/1617/806
f 239/1619/807 1007/1618/806 1008/1620/808
f 1008/1620/808 242/1621/40 239/1619/807
f 242/1621/40 1008/1620/808 1009/1622/39
f 1009/1622/39 244/1623/809 242/1621/40
f 244/1623/809 1009/1622/39 1011/1624/810
f 1011/1624/810 245/1625/776 244/1623/809
f 245/1625/776 1011/1624/810 1015/1626/775
f 266/1627/811 1140/1628/812 263/1629/813
f 266/1627/811 268/1630/814 1140/1628/812
f 13/1631/814 1140/1628/812 268/1630/814
f 13/1631/814 268/1630/814 14/1632/815
f 534/1633/24 60/1634/338 59/1635/338
f 534/1633/24 59/1635/338 707/1636/24
f 534/1633/24 707/1636/24 368/1637/338
f 368/1637/338 57/1638/24 369/1639/24
f 57/1638/24 368/1637/338 707/1636/24
f 57/1638/24 707/1636/24 55/1640/816
f 55/1640/816 707/1636/24 6/1641/24
f 55/1640/816 6/1641/24 5/1642/817
f 55/1640/816 5/1642/817 1141/1643/818
f 1141/1643/818 5/1642/817 1131/1644/819
f 6/1641/24 707/1636/24 252/1645/24
f 6/1641/24 252/1645/24 251/1646/24
f 1018/1647/24 252/1645/24 707/1636/24
f 1018/1647/24 1017/1648/338 252/1645/24
f 1018/1647/24 707/1636/24 705/1649/24
f 1018/1647/24 705/1649/24 703/1650/24
f 618/1651/24 1018/1647/24 703/1650/24
f 703/1650/24 701/1652/24 618/1651/24
f 701/1652/24 1142/1653/24 618/1651/24
f 618/1651/24 1142/1653/24 1143/1654/24
f 618/1651/24 1143/1654/24 1144/1655/24
f 618/1651/24 1144/1655/24 1145/1656/24
f 618/1651/24 1145/1656/24 1146/1657/820
f 565/1658/24 618/1651/24 1146/1657/820
f 619/1659/24 618/1651/24 565/1658/24
f 619/1659/24 565/1658/24 564/1660/338
f 94/1661/23 1147/1662/23 92/1663/23
f 1147/1662/23 94/1661/23 1148/1664/23
f 1147/1662/23 1148/1664/23 1149/1665/23
f 1149/1665/23 1148/1664/23 1150/1666/23
f 1149/1665/23 1150/1666/23 1151/1667/23
f 1151/1667/23 1150/1666/23 1152/1668/23
f 1017/1669/821 250/1670/822 252/1671/823
f 250/1670/822 1017/1669/821 1016/1672/824
f 1016/1672/824 248/1673/825 250/1670/822
f 248/1673/825 1016/1672/824 1013/1674/826
f 1013/1674/826 246/1675/827 248/1673/825
f 246/1675/827 1013/1674/826 1012/1676/828
f 1010/1677/829 246/1675/827 1012/1676/828
f 243/1678/830 246/1675/827 1010/1677/829
f 1004/1679/831 243/1678/830 1010/1677/829
f 240/1680/832 243/1678/830 1004/1679/831
f 1004/1679/831 241/1681/23 240/1680/832
f 1004/1679/831 1001/1682/833 241/1681/23
f 241/1681/23 1001/1682/833 726/1683/23
f 710/1684/23 726/1683/23 1001/1682/833
f 710/1684/23 725/1685/23 726/1683/23
f 710/1684/23 1001/1682/833 708/1686/23
f 628/1687/23 708/1686/23 1001/1682/833
f 725/1685/23 710/1684/23 712/1688/23
f 628/1687/23 576/1689/23 708/1686/23
f 725/1685/23 712/1688/23 722/1690/23
f 628/1687/23 627/1691/834 576/1689/23
f 722/1690/23 712/1688/23 720/1692/23
f 576/1689/23 627/1691/834 573/1693/835
f 720/1692/23 712/1688/23 714/1694/23
f 720/1692/23 714/1694/23 716/1695/23
f 720/1692/23 716/1695/23 719/1696/23
f 626/1697/836 573/1693/835 627/1691/834
f 626/1697/836 572/1698/836 573/1693/835
f 571/1699/837 572/1698/836 626/1697/836
f 625/1700/838 571/1699/837 626/1697/836
f 569/1701/839 571/1699/837 625/1700/838
f 625/1700/838 623/1702/840 569/1701/839
f 623/1702/840 567/1703/841 569/1701/839
f 567/1703/841 623/1702/840 621/1704/841
f 567/1703/841 621/1704/841 564/1705/842
f 621/1704/841 619/1706/842 564/1705/842
f 1153/1707/24 1096/1708/843 1098/1709/24
f 1154/1710/338 1096/1708/843 1153/1707/24
f 1155/1711/338 1096/1708/843 1154/1710/338
f 1156/1712/338 1155/1711/338 1154/1710/338
f 1156/1712/338 1157/1713/24 1155/1711/338
f 1158/1714/338 1157/1713/24 1156/1712/338
f 1157/1713/24 1158/1714/338 1159/1715/24
f 1157/1713/24 1159/1715/24 1160/1716/844
f 1160/1716/844 1159/1715/24 1161/1717/24
f 1160/1716/844 1161/1717/24 1162/1718/845
f 1163/1719/846 1160/1716/844 1162/1718/845
f 1160/1716/844 1163/1719/846 1164/1720/847
f 1165/1721/23 700/1722/23 702/1723/23
f 1165/1721/23 702/1723/23 704/1724/23
f 704/1724/23 1166/1725/23 1165/1721/23
f 704/1724/23 1140/1726/23 1166/1725/23
f 13/1727/9 1166/1725/23 1140/1726/23
f 1166/1725/23 13/1727/9 1167/1728/23
f 13/1727/9 1168/1729/23 1167/1728/23
f 1168/1729/23 13/1727/9 15/1730/11
f 704/1724/23 706/1731/23 1140/1726/23
f 706/1731/23 263/1732/23 1140/1726/23
f 706/1731/23 260/1733/23 263/1732/23
f 706/1731/23 1128/1734/848 260/1733/23
f 10/1735/23 1128/1734/848 706/1731/23
f 1129/1736/849 1128/1734/848 10/1735/23
f 706/1731/23 61/1737/23 10/1735/23
f 61/1737/23 8/1738/23 10/1735/23
f 8/1738/23 61/1737/23 58/1739/23
f 12/1740/850 1169/1741/851 15/1742/852
f 1169/1741/851 1168/1743/853 15/1742/852
f 1170/1744/854 1168/1743/853 1169/1741/851
f 1171/1745/855 1168/1743/853 1170/1744/854
f 1168/1743/853 1171/1745/855 1167/1746/856
f 1167/1746/856 1171/1745/855 1172/1747/857
f 1172/1747/857 1166/1748/857 1167/1746/856
f 1166/1748/857 1172/1747/857 1165/1749/858
f 1173/1750/859 1165/1749/858 1172/1747/857
f 1173/1750/859 700/1751/12 1165/1749/858
f 1173/1750/859 1174/1752/385 700/1751/12
f 1174/1752/385 1142/1753/386 700/1751/12
f 700/1751/12 1142/1753/386 701/1754/12
f 1142/1753/386 1174/1752/385 1143/1755/384
f 1175/1756/384 1143/1755/384 1174/1752/385
f 1143/1755/384 1175/1756/384 1144/1757/383
f 1144/1757/383 1175/1756/384 1176/1758/382
f 1177/1759/860 1144/1757/383 1176/1758/382
f 1144/1757/383 1177/1759/860 1145/1760/860
f 1178/1761/861 1145/1760/860 1177/1759/860
f 1145/1760/860 1178/1761/861 1146/1762/861
f 1146/1762/861 1178/1761/861 565/1763/371
f 563/1764/370 565/1763/371 1178/1761/861
f 92/1765/862 1090/1766/863 1092/1767/864
f 1090/1766/863 92/1765/862 1147/1768/865
f 1147/1768/865 1089/1769/866 1090/1766/863
f 1089/1769/866 1147/1768/865 1149/1770/867
f 1089/1769/866 1149/1770/867 1088/1771/868
f 1088/1771/868 1149/1770/867 1151/1772/869
f 1151/1772/869 1087/1773/486 1088/1771/868
f 355/1774/19 1087/1773/486 1151/1772/869
f 1087/1773/486 355/1774/19 1086/1775/19
f 1086/1775/19 355/1774/19 508/1776/19
f 355/1774/19 509/1777/486 508/1776/19
f 357/1778/486 355/1774/19 1151/1772/869
f 355/1774/19 1179/1779/19 509/1777/486
f 512/1780/486 509/1777/486 1179/1779/19
f 511/1781/19 512/1780/486 1179/1779/19
f 75/1782/486 511/1781/19 1179/1779/19
f 511/1781/19 75/1782/486 737/1783/19
f 511/1781/19 737/1783/19 1180/1784/19
f 1152/1785/870 357/1778/486 1151/1772/869
f 357/1778/486 1152/1785/870 358/1786/19
f 358/1786/19 1152/1785/870 1116/1787/486
f 1116/1787/486 1152/1785/870 1117/1788/871
f 1114/1789/19 358/1786/19 1116/1787/486
f 1150/1790/872 1117/1788/871 1152/1785/870
f 1115/1791/19 358/1786/19 1114/1789/19
f 1117/1788/871 1150/1790/872 1118/1792/873
f 1123/1793/486 358/1786/19 1115/1791/19
f 1148/1794/874 1118/1792/873 1150/1790/872
f 1181/1795/19 358/1786/19 1123/1793/486
f 1118/1792/873 1148/1794/874 1119/1796/875
f 94/1797/876 1119/1796/875 1148/1794/874
f 1119/1796/875 94/1797/876 789/1798/877
f 1123/1793/486 1182/1799/19 1181/1795/19
f 1182/1799/19 1183/1800/19 1181/1795/19
f 74/1801/19 1181/1795/19 1183/1800/19
f 1183/1800/19 806/1802/19 74/1801/19
f 1183/1800/19 805/1803/19 806/1802/19
f 1042/1804/878 1041/1805/879 501/1806/880
f 503/1807/881 1042/1804/878 501/1806/880
f 1042/1804/878 503/1807/881 1043/1808/882
f 503/1807/881 505/1809/883 1043/1808/882
f 1184/1810/19 1043/1808/882 505/1809/883
f 1043/1808/882 1184/1810/19 1185/1811/486
f 1043/1808/882 1185/1811/486 1045/1812/19
f 1045/1812/19 1185/1811/486 1186/1813/19
f 1187/1814/884 743/1815/23 745/1816/23
f 1187/1814/884 500/1817/885 743/1815/23
f 1188/1818/886 500/1817/885 1187/1814/884
f 500/1817/885 1188/1818/886 502/1819/886
f 1189/1820/887 502/1819/886 1188/1818/886
f 504/1821/888 502/1819/886 1189/1820/887
f 1190/1822/889 504/1821/888 1189/1820/887
f 504/1821/888 1190/1822/889 507/1823/890
f 1190/1822/889 742/1824/24 507/1823/890
f 742/1824/24 1190/1822/889 744/1825/24
f 575/1826/24 255/1827/24 709/1828/24
f 255/1827/24 711/1829/843 709/1828/24
f 711/1829/843 255/1827/24 234/1830/24
f 713/1831/843 711/1829/843 234/1830/24
f 236/1832/891 727/1833/334 234/1830/24
f 724/1834/338 234/1830/24 727/1833/334
f 713/1831/843 234/1830/24 724/1834/338
f 713/1831/843 724/1834/338 723/1835/24
f 713/1831/843 723/1835/24 721/1836/24
f 713/1831/843 721/1836/24 715/1837/24
f 715/1837/24 721/1836/24 717/1838/24
f 717/1838/24 721/1836/24 718/1839/24
f 12/1840/892 19/1841/893 559/1842/894
f 559/1842/894 558/1843/895 12/1840/892
f 12/1840/892 558/1843/895 1169/1844/896
f 561/1845/897 1169/1844/896 558/1843/895
f 561/1845/897 1170/1846/23 1169/1844/896
f 561/1845/897 1171/1847/23 1170/1846/23
f 561/1845/897 1172/1848/508 1171/1847/23
f 561/1845/897 1173/1849/508 1172/1848/508
f 561/1845/897 1174/1850/23 1173/1849/508
f 561/1845/897 1175/1851/23 1174/1850/23
f 561/1845/897 1176/1852/23 1175/1851/23
f 1177/1853/23 1176/1852/23 561/1845/897
f 1177/1853/23 561/1845/897 1178/1854/23
f 1178/1854/23 561/1845/897 563/1855/23
f 588/1856/23 1191/1857/884 590/1858/23
f 1191/1857/884 588/1856/23 1106/1859/898
f 1106/1859/898 1192/1860/886 1191/1857/884
f 1192/1860/886 1106/1859/898 1193/1861/886
f 1193/1861/886 1194/1862/888 1192/1860/886
f 1194/1862/888 1193/1861/886 1195/1863/887
f 1194/1862/888 1195/1863/887 1196/1864/899
f 1197/1865/900 1196/1864/899 1195/1863/887
f 587/1866/24 1196/1864/899 1197/1865/900
f 1196/1864/899 587/1866/24 589/1867/24
f 1108/1868/901 1198/1869/880 1109/1870/879
f 1199/1871/881 1198/1869/880 1108/1868/901
f 1110/1872/902 1199/1871/881 1108/1868/901
f 1199/1871/881 1110/1872/902 1200/1873/882
f 1110/1872/902 1201/1874/486 1200/1873/882
f 1110/1872/902 1202/1875/903 1201/1874/486
f 1202/1875/903 1110/1872/902 1112/1876/19
f 1202/1875/903 1112/1876/19 1203/1877/19
f 1106/1878/16 399/1879/16 398/1880/16
f 1106/1878/16 398/1880/16 1198/1881/16
f 1198/1881/16 1193/1882/16 1106/1878/16
f 1199/1883/16 1193/1882/16 1198/1881/16
f 1199/1883/16 1195/1884/16 1193/1882/16
f 1200/1885/16 1195/1884/16 1199/1883/16
f 1200/1885/16 1204/1886/16 1195/1884/16
f 1204/1886/16 1197/1887/16 1195/1884/16
f 1197/1887/16 384/1888/16 383/1889/16
f 1197/1887/16 1204/1886/16 384/1888/16
f 1204/1886/16 449/1890/16 384/1888/16
f 384/1888/16 449/1890/16 1115/1891/16
f 1115/1891/16 449/1890/16 1123/1892/16
f 1204/1886/16 448/1893/16 449/1890/16
f 1204/1886/16 458/1894/16 448/1893/16
f 1204/1886/16 1205/1895/16 458/1894/16
f 458/1894/16 1205/1895/16 457/1896/16
f 1183/1897/16 448/1893/16 458/1894/16
f 448/1893/16 1183/1897/16 1182/1898/16
f 33/1899/904 1206/1900/905 30/1901/904
f 1206/1900/905 33/1899/904 314/1902/906
f 1207/1903/907 1206/1900/905 314/1902/906
f 316/1904/908 1207/1903/907 314/1902/906
f 316/1904/908 1208/1905/24 1207/1903/907
f 1208/1905/24 316/1904/908 1209/1906/24
f 1210/1907/909 1208/1905/24 1209/1906/24
f 1211/1908/910 1208/1905/24 1210/1907/909
f 1212/1909/911 1211/1908/910 1210/1907/909
f 1213/1910/912 1211/1908/910 1212/1909/911
f 1212/1909/911 70/1911/913 1213/1910/912
f 1213/1910/912 70/1911/913 72/1912/913
f 1214/1913/23 49/1914/914 46/1915/23
f 49/1914/914 1214/1913/23 1215/1916/833
f 49/1914/914 1215/1916/833 1216/1917/23
f 1215/1916/833 1217/1918/833 1216/1917/23
f 1218/1919/915 1216/1917/23 1217/1918/833
f 1216/1917/23 1218/1919/915 1219/1920/914
f 1219/1920/914 1218/1919/915 1220/1921/23
f 1221/1922/508 1219/1920/914 1220/1921/23
f 1222/1923/23 1219/1920/914 1221/1922/508
f 1223/1924/849 1222/1923/23 1221/1922/508
f 1223/1924/849 1224/1925/23 1222/1923/23
f 1225/1926/23 1224/1925/23 1223/1924/849
f 1226/1927/23 1225/1926/23 1223/1924/849
f 1225/1926/23 1226/1927/23 1227/1928/916
f 1225/1926/23 1227/1928/916 1228/1929/916
f 315/1930/917 1209/1931/918 316/1932/919
f 315/1930/917 1229/1933/920 1209/1931/918
f 1209/1931/918 1229/1933/920 1210/1934/921
f 1210/1934/921 1229/1933/920 1212/1935/922
f 1212/1935/922 1229/1933/920 1230/1936/922
f 1212/1935/922 1230/1936/922 1127/1937/923
f 1212/1935/922 1127/1937/923 70/1938/923
f 1127/1937/923 1126/1939/924 70/1938/923
f 70/1938/923 1126/1939/924 73/1940/924
f 1126/1939/924 1231/1941/925 73/1940/924
f 1231/1941/925 1126/1939/924 1125/1942/922
f 1124/1943/926 1231/1941/925 1125/1942/922
f 1124/1943/926 1232/1944/927 1231/1941/925
f 1124/1943/926 1233/1945/928 1232/1944/927
f 1233/1945/928 1124/1943/926 2/1946/929
f 2/1946/929 1234/1947/930 1233/1945/928
f 2/1946/929 1235/1948/931 1234/1947/930
f 2/1946/929 32/1949/932 1235/1948/931
f 31/1950/933 1235/1951/934 32/1952/935
f 1235/1951/934 31/1950/933 1236/1953/936
f 1236/1953/936 1234/1954/937 1235/1951/934
f 1234/1954/937 1236/1953/936 1237/1955/938
f 1237/1955/938 1233/1956/508 1234/1954/937
f 1233/1956/508 1237/1955/938 1238/1957/939
f 1238/1957/939 1232/1958/940 1233/1956/508
f 1232/1958/940 1238/1957/939 1239/1959/941
f 1239/1959/941 1231/1960/942 1232/1958/940
f 1231/1960/942 1239/1959/941 1240/1961/943
f 1240/1961/943 73/1962/886 1231/1960/942
f 73/1962/886 1240/1961/943 71/1963/944
f 1241/1964/15 1242/1965/15 1243/1966/15
f 1244/1967/15 1242/1965/15 1241/1964/15
f 1107/1968/15 1244/1967/15 1241/1964/15
f 1040/1969/15 1244/1967/15 1107/1968/15
f 1180/1970/945 353/1971/946 511/1972/947
f 353/1971/946 1180/1970/945 351/1973/948
f 351/1973/948 1180/1970/945 1245/1974/947
f 1245/1974/947 349/1975/949 351/1973/948
f 1246/1976/947 349/1975/949 1245/1974/947
f 349/1975/949 1246/1976/947 329/1977/949
f 329/1977/949 1246/1976/947 1247/1978/949
f 326/1979/950 329/1977/949 1247/1978/949
f 326/1979/950 1247/1978/949 1248/1980/951
f 326/1979/950 1248/1980/951 1249/1981/952
f 1249/1981/952 327/1982/953 326/1979/950
f 1250/1983/954 327/1982/953 1249/1981/952
f 1250/1983/954 328/1984/955 327/1982/953
f 1251/1985/956 328/1984/955 1250/1983/954
f 328/1984/955 1251/1985/956 331/1986/957
f 1251/1985/956 333/1987/958 331/1986/957
f 333/1987/958 1251/1985/956 1252/1988/959
f 1252/1988/959 335/1989/960 333/1987/958
f 1253/1990/961 335/1989/960 1252/1988/959
f 1253/1990/961 336/1991/962 335/1989/960
f 336/1991/962 1253/1990/961 1254/1992/963
f 1254/1992/963 339/1993/964 336/1991/962
f 339/1993/964 1254/1992/963 1255/1994/965
f 1256/1995/23 339/1993/964 1255/1994/965
f 341/1996/23 339/1993/964 1256/1995/23
f 1256/1995/23 343/1997/23 341/1996/23
f 1256/1995/23 1257/1998/23 343/1997/23
f 1257/1998/23 344/1999/23 343/1997/23
f 344/1999/23 1257/1998/23 1258/2000/23
f 1258/2000/23 346/2001/23 344/1999/23
f 346/2001/23 1258/2000/23 512/2002/23
f 1127/2003/966 323/2004/967 325/2005/968
f 323/2004/967 1127/2003/966 1230/2006/969
f 1230/2006/969 321/2007/970 323/2004/967
f 1229/2008/971 321/2007/970 1230/2006/969
f 1229/2008/971 320/2009/972 321/2007/970
f 1229/2008/971 318/2010/338 320/2009/972
f 318/2010/338 1229/2008/971 315/2011/24
f 1259/2012/973 659/2013/12 1072/2014/12
f 659/2013/12 1259/2012/973 657/2015/974
f 1259/2012/973 1260/2016/975 657/2015/974
f 654/2017/976 657/2015/974 1260/2016/975
f 1261/2018/977 654/2017/976 1260/2016/975
f 654/2017/976 1261/2018/977 652/2019/978
f 1261/2018/977 1084/2020/24 652/2019/978
f 651/2021/24 652/2019/978 1084/2020/24
f 805/2022/949 1183/2023/946 458/2024/949
f 458/2024/949 455/2025/949 805/2022/949
f 455/2025/949 803/2026/949 805/2022/949
f 803/2026/949 455/2025/949 453/2027/949
f 453/2027/949 801/2028/979 803/2026/949
f 801/2028/979 453/2027/949 450/2029/949
f 450/2029/949 754/2030/946 801/2028/979
f 754/2030/946 450/2029/949 756/2031/949
f 756/2031/949 450/2029/949 431/2032/949
f 758/2033/949 756/2031/949 431/2032/949
f 431/2032/949 429/2034/980 758/2033/949
f 759/2035/981 758/2033/949 429/2034/980
f 429/2034/980 763/2036/982 759/2035/981
f 763/2036/982 429/2034/980 430/2037/983
f 430/2037/983 764/2038/984 763/2036/982
f 764/2038/984 430/2037/983 432/2039/985
f 434/2040/986 764/2038/984 432/2039/985
f 764/2038/984 434/2040/986 765/2041/987
f 436/2042/988 765/2041/987 434/2040/986
f 765/2041/987 436/2042/988 769/2043/989
f 769/2043/989 436/2042/988 439/2044/259
f 772/2045/990 769/2043/989 439/2044/259
f 439/2044/259 440/2046/991 772/2045/990
f 773/2047/992 772/2045/990 440/2046/991
f 440/2046/991 775/2048/23 773/2047/992
f 440/2046/991 442/2049/23 775/2048/23
f 442/2049/23 777/2050/23 775/2048/23
f 442/2049/23 779/2051/23 777/2050/23
f 779/2051/23 442/2049/23 1262/2052/23
f 1262/2052/23 442/2049/23 444/2053/23
f 1263/2054/23 1262/2052/23 444/2053/23
f 444/2053/23 446/2055/23 1263/2054/23
f 1263/2054/23 446/2055/23 1264/2056/23
f 448/2057/23 1264/2056/23 446/2055/23
f 1264/2056/23 448/2057/23 1182/2058/23
f 330/2059/993 76/2060/994 78/2061/995
f 76/2060/994 330/2059/993 730/2062/996
f 730/2062/996 330/2059/993 324/2063/997
f 728/2064/998 730/2062/996 324/2063/997
f 728/2064/998 324/2063/997 322/2065/999
f 1265/2066/1000 728/2064/998 322/2065/999
f 322/2065/999 319/2067/23 1265/2066/1000
f 1266/2068/508 1265/2066/1000 319/2067/23
f 319/2067/23 1267/2069/23 1266/2068/508
f 319/2067/23 317/2070/23 1267/2069/23
f 317/2070/23 1268/2071/23 1267/2069/23
f 1268/2071/23 317/2070/23 313/2072/23
f 591/2073/23 1268/2071/23 313/2072/23
f 1268/2071/23 591/2073/23 1269/2074/23
f 591/2073/23 592/2075/23 1269/2074/23
f 1270/2076/23 1269/2074/23 592/2075/23
f 592/2075/23 593/2077/23 1270/2076/23
f 1271/2078/23 1270/2076/23 593/2077/23
f 593/2077/23 594/2079/849 1271/2078/23
f 1272/2080/833 1271/2078/23 594/2079/849
f 596/2081/23 1272/2080/833 594/2079/849
f 596/2081/23 1273/2082/23 1272/2080/833
f 1274/2083/23 1273/2082/23 596/2081/23
f 1273/2082/23 1274/2083/23 746/2084/23
f 746/2084/23 1274/2083/23 1275/2085/23
f 1276/2086/23 746/2084/23 1275/2085/23
f 1276/2086/23 747/2087/23 746/2084/23
f 1277/2088/23 747/2087/23 1276/2086/23
f 1277/2088/23 748/2089/23 747/2087/23
f 1278/2090/23 748/2089/23 1277/2088/23
f 749/2091/23 748/2089/23 1278/2090/23
f 749/2091/23 1278/2090/23 1279/2092/23
f 749/2091/23 1279/2092/23 1280/2093/23
f 1280/2093/23 750/2094/23 749/2091/23
f 750/2094/23 1280/2093/23 1281/2095/23
f 1281/2095/23 752/2096/23 750/2094/23
f 1281/2095/23 1282/2097/23 752/2096/23
f 1282/2097/23 1283/2098/508 752/2096/23
f 752/2096/23 1283/2098/508 1284/2099/23
f 1283/2098/508 683/2100/23 1284/2099/23
f 683/2100/23 1285/2101/23 1284/2099/23
f 683/2100/23 681/2102/833 1285/2101/23
f 1286/2103/23 1285/2101/23 681/2102/833
f 681/2102/833 680/2104/23 1286/2103/23
f 680/2104/23 1287/2105/23 1286/2103/23
f 1287/2105/23 680/2104/23 678/2106/23
f 678/2106/23 1288/2107/23 1287/2105/23
f 1288/2107/23 678/2106/23 676/2108/23
f 800/2109/23 1288/2107/23 676/2108/23
f 676/2108/23 426/2110/23 800/2109/23
f 424/2111/23 800/2109/23 426/2110/23
f 766/2112/23 800/2109/23 424/2111/23
f 427/2113/23 766/2112/23 424/2111/23
f 427/2113/23 761/2114/23 766/2112/23
f 761/2114/23 427/2113/23 428/2115/23
f 760/2116/1001 761/2114/23 428/2115/23
f 428/2115/23 433/2117/1002 760/2116/1001
f 757/2118/1003 760/2116/1001 433/2117/1002
f 433/2117/1002 435/2119/1004 757/2118/1003
f 810/2120/1005 757/2118/1003 435/2119/1004
f 435/2119/1004 451/2121/1006 810/2120/1005
f 451/2121/1006 81/2122/1007 810/2120/1005
f 81/2122/1007 451/2121/1006 82/2123/1008
f 512/2124/486 1105/2125/1009 509/2126/486
f 1258/2127/1009 1105/2125/1009 512/2124/486
f 1258/2127/1009 1104/2128/1010 1105/2125/1009
f 1104/2128/1010 1258/2127/1009 1257/2129/1010
f 1257/2129/1010 1103/2130/1011 1104/2128/1010
f 1103/2130/1011 1257/2129/1010 1256/2131/1012
f 1256/2131/1012 1102/2132/1013 1103/2130/1011
f 1102/2132/1013 1256/2131/1012 1255/2133/1014
f 1254/2134/1015 1102/2132/1013 1255/2133/1014
f 1254/2134/1015 1101/2135/1016 1102/2132/1013
f 1254/2134/1015 1100/2136/1017 1101/2135/1016
f 1100/2136/1017 1254/2134/1015 1253/2137/865
f 1253/2137/865 1099/2138/1018 1100/2136/1017
f 1252/2139/1018 1099/2138/1018 1253/2137/865
f 1252/2139/1018 1097/2140/353 1099/2138/1018
f 1097/2140/353 1252/2139/1018 1251/2141/1019
f 1251/2141/1019 1153/2142/1014 1097/2140/353
f 1097/2140/353 1153/2142/1014 1098/2143/1020
f 1250/2144/1021 1153/2142/1014 1251/2141/1019
f 1153/2142/1014 1250/2144/1021 1221/2145/1022
f 1153/2142/1014 1221/2145/1022 1154/2146/1023
f 1250/2144/1021 1223/2147/1024 1221/2145/1022
f 1220/2148/1023 1154/2146/1023 1221/2145/1022
f 1223/2147/1024 1250/2144/1021 1249/2149/1025
f 1248/2150/1026 1223/2147/1024 1249/2149/1025
f 1223/2147/1024 1248/2150/1026 1226/2151/1027
f 1226/2151/1027 1248/2150/1026 1247/2152/1028
f 1247/2152/1028 1227/2153/1029 1226/2151/1027
f 1246/2154/1030 1227/2153/1029 1247/2152/1028
f 1227/2153/1029 1246/2154/1030 1228/2155/1020
f 1246/2154/1030 1289/2156/1031 1228/2155/1020
f 1289/2156/1031 1246/2154/1030 1245/2157/1032
f 1245/2157/1032 735/2158/407 1289/2156/1031
f 735/2158/407 732/2159/1033 1289/2156/1031
f 735/2158/407 1245/2157/1032 1180/2160/1034
f 1180/2160/1034 737/2161/408 735/2158/407
f 1154/2146/1023 1220/2148/1023 1218/2162/1035
f 1154/2146/1023 1218/2162/1035 1156/2163/1035
f 1218/2162/1035 71/2164/1014 1156/2163/1035
f 1240/2165/1036 1156/2163/1035 71/2164/1014
f 71/2164/1014 1218/2162/1035 72/2166/1036
f 1239/2167/1037 1156/2163/1035 1240/2165/1036
f 72/2166/1036 1218/2162/1035 1213/2168/1014
f 1239/2167/1037 1158/2169/1038 1156/2163/1035
f 1218/2162/1035 1211/2170/1039 1213/2168/1014
f 1158/2169/1038 1239/2167/1037 1238/2171/1040
f 1218/2162/1035 1217/2172/1041 1211/2170/1039
f 1238/2171/1040 1159/2173/359 1158/2169/1038
f 1211/2170/1039 1217/2172/1041 1208/2174/1042
f 1237/2175/1043 1159/2173/359 1238/2171/1040
f 1215/2176/1044 1208/2174/1042 1217/2172/1041
f 1215/2176/1044 1207/2177/1045 1208/2174/1042
f 1159/2173/359 1237/2175/1043 1161/2178/1046
f 1215/2176/1044 1214/2179/1047 1207/2177/1045
f 1236/2180/1043 1161/2178/1046 1237/2175/1043
f 1207/2177/1045 1214/2179/1047 1206/2181/1043
f 1206/2181/1043 1214/2179/1047 30/2182/1043
f 1214/2179/1047 31/2183/1048 30/2182/1043
f 31/2183/1048 1161/2178/1046 1236/2180/1043
f 31/2183/1048 1214/2179/1047 1161/2178/1046
f 1161/2178/1046 1163/2184/1049 1162/2185/1049
f 1161/2178/1046 1290/2186/1015 1163/2184/1049
f 1161/2178/1046 1291/2187/1050 1290/2186/1015
f 1291/2187/1050 1161/2178/1046 1214/2179/1047
f 1291/2187/1050 1214/2179/1047 1292/2188/1051
f 48/2189/1049 1292/2188/1051 1214/2179/1047
f 48/2189/1049 1214/2179/1047 46/2190/1049
f 1268/2191/1052 1293/2192/1053 1294/2193/1054
f 1293/2192/1053 1268/2191/1052 1269/2194/1055
f 1269/2194/1055 1295/2195/212 1293/2192/1053
f 1295/2195/212 1269/2194/1055 1270/2196/1056
f 1270/2196/1056 529/2197/1057 1295/2195/212
f 529/2197/1057 1270/2196/1056 1271/2198/1058
f 529/2197/1057 1271/2198/1058 9/2199/1059
f 1272/2200/1060 9/2199/1059 1271/2198/1058
f 1272/2200/1060 1296/2201/1061 9/2199/1059
f 9/2199/1059 1296/2201/1061 499/2202/1062
f 1296/2201/1061 1272/2200/1060 1273/2203/1063
f 1296/2201/1061 650/2204/1064 499/2202/1062
f 1273/2203/1063 650/2204/1064 1296/2201/1061
f 648/2205/1065 499/2202/1062 650/2204/1064
f 1273/2203/1063 746/2206/1066 650/2204/1064
f 1122/2207/870 1182/2208/19 1123/2209/486
f 1182/2208/19 1122/2207/870 1264/2210/1067
f 1264/2210/1067 1122/2207/870 1121/2211/872
f 1121/2211/872 1263/2212/1068 1264/2210/1067
f 1263/2212/1068 1121/2211/872 1120/2213/874
f 1263/2212/1068 1120/2213/874 1262/2214/1069
f 1262/2214/1069 1120/2213/874 780/2215/433
f 1262/2214/1069 780/2215/433 779/2216/433
f 1274/2217/12 1297/2218/13 1275/2219/12
f 1274/2217/12 1298/2220/12 1297/2218/13
f 1297/2218/13 1298/2220/12 1299/2221/12
f 1299/2221/12 1298/2220/12 1300/2222/12
f 1298/2220/12 1301/2223/13 1300/2222/12
f 1301/2223/13 1298/2220/12 1302/2224/13
f 1301/2223/13 1302/2224/13 1303/2225/13
f 1304/2226/13 1303/2225/13 1302/2224/13
f 1303/2225/13 1304/2226/13 1305/2227/12
f 1306/2228/12 1305/2227/12 1304/2226/13
f 1307/2229/12 1305/2227/12 1306/2228/12
f 1305/2227/12 1307/2229/12 1308/2230/12
f 1307/2229/12 1309/2231/12 1308/2230/12
f 1309/2231/12 1307/2229/12 1310/2232/12
f 1282/2233/16 1311/2234/16 1283/2235/16
f 1312/2236/16 1283/2235/16 1311/2234/16
f 1312/2236/16 1311/2234/16 1313/2237/16
f 1312/2236/16 1313/2237/16 1314/2238/16
f 1312/2236/16 1314/2238/16 1315/2239/16
f 1315/2239/16 1316/2240/16 1312/2236/16
f 1316/2240/16 1315/2239/16 1317/2241/16
f 1317/2241/16 1318/2242/16 1316/2240/16
f 1319/2243/16 1318/2242/16 1317/2241/16
f 1318/2242/16 1319/2243/16 1320/2244/16
f 1319/2243/16 1321/2245/16 1320/2244/16
f 1321/2245/16 1319/2243/16 1322/2246/16
f 1321/2245/16 1322/2246/16 1323/2247/16
f 1321/2245/16 1323/2247/16 1324/2248/16
f 1325/2249/1070 800/2250/1071 799/2251/1072
f 800/2250/1071 1325/2249/1070 1288/2252/1073
f 1326/2253/1074 1288/2252/1073 1325/2249/1070
f 1288/2252/1073 1326/2253/1074 1287/2254/1075
f 560/2255/1076 1287/2254/1075 1326/2253/1074
f 1287/2254/1075 560/2255/1076 1286/2256/1077
f 1286/2256/1077 560/2255/1076 559/2257/1078
f 1286/2256/1077 559/2257/1078 1285/2258/1079
f 1327/2259/1080 1285/2258/1079 559/2257/1078
f 559/2257/1078 555/2260/1081 1327/2259/1080
f 1285/2258/1079 1327/2259/1080 1284/2261/1082
f 631/2262/1083 1327/2259/1080 555/2260/1081
f 1284/2261/1082 1327/2259/1080 631/2262/1083
f 631/2262/1083 555/2260/1081 557/2263/134
f 1284/2261/1082 631/2262/1083 752/2264/1084
f 1228/2265/1085 731/2266/1085 1225/2267/1086
f 731/2266/1085 1228/2265/1085 732/2268/405
f 732/2268/405 1228/2265/1085 1289/2269/405
f 1188/2270/12 1190/2271/13 1189/2272/12
f 1190/2271/13 1188/2270/12 1187/2273/13
f 1187/2273/13 744/2274/12 1190/2271/13
f 744/2274/12 1187/2273/13 745/2275/12
f 1191/2276/16 589/2277/16 590/2278/16
f 589/2277/16 1191/2276/16 1196/2279/16
f 1192/2280/16 1196/2279/16 1191/2276/16
f 1196/2279/16 1192/2280/16 1194/2281/16
f 75/2282/486 736/2283/19 737/2284/19
f 736/2283/19 75/2282/486 807/2285/486
f 807/2285/486 75/2282/486 74/2286/19
f 807/2285/486 74/2286/19 806/2287/19
f 587/2288/1087 385/2289/1088 387/2290/1088
f 587/2288/1087 383/2291/1089 385/2289/1088
f 383/2291/1089 587/2288/1087 1197/2292/1090
f 1328/2293/19 1329/2294/486 1330/2295/19
f 1328/2293/19 1331/2296/19 1329/2294/486
f 1332/2297/19 1331/2296/19 1328/2293/19
f 1331/2296/19 1332/2297/19 1333/2298/19
f 1332/2297/19 1334/2299/19 1333/2298/19
f 1334/2299/19 1332/2297/19 1335/2300/19
f 473/2301/486 1334/2299/19 1335/2300/19
f 473/2301/486 1055/2302/486 1334/2299/19
f 471/2303/1091 1055/2302/486 473/2301/486
f 1053/2304/1092 1055/2302/486 471/2303/1091
f 471/2303/1091 1052/2305/1093 1053/2304/1092
f 1052/2305/1093 471/2303/1091 470/2306/1094
f 1052/2305/1093 470/2306/1094 577/2307/1095
f 1052/2305/1093 577/2307/1095 1050/2308/59
f 1050/2308/59 577/2307/1095 1046/2309/1096
f 577/2307/1095 470/2306/1094 578/2310/1097
f 813/2311/1098 1046/2309/1096 577/2307/1095
f 470/2306/1094 468/2312/59 578/2310/1097
f 1046/2309/1096 813/2311/1098 812/2313/1099
f 466/2314/1100 578/2310/1097 468/2312/59
f 1046/2309/1096 812/2313/1099 1047/2315/1101
f 578/2310/1097 466/2314/1100 738/2316/1096
f 812/2313/1099 1336/2317/1102 1047/2315/1101
f 465/2318/1103 738/2316/1096 466/2314/1100
f 1336/2317/1102 812/2313/1099 811/2319/1104
f 738/2316/1096 465/2318/1103 739/2320/1099
f 669/2321/24 1336/2317/1102 811/2319/1104
f 1337/2322/1105 739/2320/1099 465/2318/1103
f 1336/2317/1102 669/2321/24 1338/2323/24
f 739/2320/1099 1337/2322/1105 740/2324/1106
f 670/2325/24 1338/2323/24 669/2321/24
f 1337/2322/1105 670/2325/24 740/2324/1106
f 1338/2323/24 670/2325/24 1339/2326/24
f 670/2325/24 1337/2322/1105 1339/2326/24
f 505/2327/1107 822/2328/1108 1184/2329/1109
f 819/2330/1109 822/2328/1108 505/2327/1107
f 819/2330/1109 505/2327/1107 506/2331/395
f 819/2330/1109 506/2331/395 817/2332/1107
f 817/2332/1107 506/2331/395 816/2333/395
f 506/2331/395 818/2334/395 816/2333/395
f 506/2331/395 84/2335/1110 818/2334/395
f 830/2336/1107 818/2334/395 84/2335/1110
f 506/2331/395 510/2337/1110 84/2335/1110
f 84/2335/1110 510/2337/1110 85/2338/395
f 97/1086/23 857/1088/23 98/1087/23
f 857/1088/23 97/1086/23 823/1089/23
f 823/1089/23 101/1090/23 857/1088/23
f 823/1089/23 102/1091/23 101/1090/23
f 855/2339/338 107/2340/24 105/2341/24
f 107/2340/24 855/2339/338 820/2342/338
f 100/2343/24 820/2342/338 855/2339/338
f 103/2344/24 820/2342/338 100/2343/24
f 106/1092/23 856/1094/23 104/1093/23
f 856/1094/23 106/1092/23 821/1095/23
f 821/1095/23 110/1096/23 856/1094/23
f 821/1095/23 108/1097/23 110/1096/23
f 853/2345/338 113/2346/24 115/2347/24
f 113/2346/24 853/2345/338 814/2348/338
f 111/2349/24 814/2348/338 853/2345/338
f 814/2348/338 111/2349/24 109/2350/24
f 134/1129/1111 831/1128/503 132/1130/1111
f 134/1129/1111 839/1127/503 831/1128/503
f 839/1127/503 128/1125/503 831/1128/503
f 128/1125/503 839/1127/503 131/1126/504
f 836/2351/1112 135/2352/1112 133/2353/1112
f 135/2352/1112 836/2351/1112 845/2354/1113
f 838/2355/972 845/2354/1113 836/2351/1112
f 845/2354/1113 838/2355/972 846/2356/972
f 835/1098/497 1340/1100/1114 837/1099/1115
f 1340/1100/1114 835/1098/497 834/1101/1116
f 834/1101/1116 1341/1102/1117 1340/1100/1114
f 1341/1102/1117 834/1101/1116 832/1103/1118
f 832/1103/1118 833/1104/15 1341/1102/1117
f 1341/1102/1117 833/1104/15 1342/1105/15
f 847/1106/16 1341/1108/16 1342/1107/16
f 847/1106/16 846/1109/16 1341/1108/16
f 846/1109/16 1340/1110/16 1341/1108/16
f 1340/1110/16 846/1109/16 837/1111/16
f 838/1112/16 837/1111/16 846/1109/16
f 114/1113/23 851/1115/23 112/1114/23
f 851/1115/23 114/1113/23 815/1116/23
f 117/1117/23 851/1115/23 815/1116/23
f 117/1117/23 815/1116/23 118/1118/23
f 850/2357/338 121/2358/24 123/2359/24
f 121/2358/24 850/2357/338 828/2360/338
f 119/2361/24 828/2360/338 850/2357/338
f 116/2362/24 828/2360/338 119/2361/24
f 122/1119/23 848/1121/23 120/1120/23
f 848/1121/23 122/1119/23 827/1122/23
f 827/1122/23 125/1123/23 848/1121/23
f 827/1122/23 126/1124/23 125/1123/23
f 840/2363/338 130/2364/24 129/2365/24
f 130/2364/24 840/2363/338 829/2366/338
f 124/2367/24 829/2366/338 840/2363/338
f 127/2368/24 829/2366/338 124/2367/24
f 1342/2369/23 844/2370/23 847/2371/23
f 844/2370/23 1342/2369/23 833/2372/23
f 833/2372/23 843/2373/23 844/2370/23
f 843/2373/23 833/2372/23 830/2374/23
f 830/2374/23 84/2375/23 843/2373/23
f 86/2376/23 843/2373/23 84/2375/23
f 1343/1084/19 139/1083/903 1344/1085/19
f 139/1083/903 1343/1084/19 1345/1081/1119
f 1345/1081/1119 137/1082/19 139/1083/903
f 137/1082/19 1345/1081/1119 861/1080/1120
f 1346/1074/1108 861/1080/1120 1345/1081/1119
f 861/1080/1120 1346/1074/1108 140/1076/1108
f 1346/1074/1108 141/1073/1110 140/1076/1108
f 1346/1074/1108 1347/1068/1110 141/1073/1110
f 141/1073/1110 1347/1068/1110 148/1072/1110
f 148/1072/1110 1348/1075/1120 141/1073/1110
f 1348/1075/1120 148/1072/1110 863/1077/1121
f 1348/1075/1120 863/1077/1121 147/1078/19
f 147/1078/19 146/1079/19 1348/1075/1120
f 1347/1068/1110 151/1066/395 148/1072/1110
f 1349/1061/1108 151/1066/395 1347/1068/1110
f 151/1066/395 1349/1061/1108 158/1065/395
f 893/1067/1122 151/1066/395 158/1065/395
f 151/1066/395 893/1067/1122 1350/1069/1122
f 153/1070/19 1350/1069/1122 893/1067/1122
f 1350/1069/1122 153/1070/19 152/1071/19
f 1349/1061/1108 159/1059/1107 158/1065/395
f 1349/1061/1108 1351/1050/1108 159/1059/1107
f 1351/1050/1108 164/1051/1123 159/1059/1107
f 894/1060/1120 159/1059/1107 164/1051/1123
f 159/1059/1107 894/1060/1120 1352/1062/1124
f 894/1060/1120 160/1063/19 1352/1062/1124
f 161/1064/19 160/1063/19 894/1060/1120
f 165/1049/1108 164/1051/1123 1351/1050/1108
f 174/1048/1125 165/1049/1108 1351/1050/1108
f 1351/1050/1108 1353/1052/395 174/1048/1125
f 165/1049/1108 174/1048/1125 1354/1047/1126
f 174/1048/1125 1353/1052/395 175/1053/1108
f 895/1046/1122 1354/1047/1126 174/1048/1125
f 895/1046/1122 168/1044/19 1354/1047/1126
f 168/1044/19 895/1046/1122 171/1045/19
f 175/1053/1108 1353/1052/395 897/1054/1107
f 896/1055/1127 175/1053/1108 897/1054/1107
f 175/1053/1108 896/1055/1127 1355/1056/1126
f 896/1055/1127 892/1057/19 1355/1056/1126
f 891/1058/19 892/1057/19 896/1055/1127
f 1200/2327/1128 1201/2329/478 872/2328/482
f 872/2328/482 870/2330/478 1200/2327/1128
f 1204/2331/478 1200/2327/1128 870/2330/478
f 870/2330/478 868/2332/1128 1204/2331/478
f 868/2332/1128 867/2333/478 1204/2331/478
f 1204/2331/478 867/2333/478 869/2334/478
f 90/2335/479 1204/2331/478 869/2334/478
f 90/2335/479 869/2334/478 879/2336/478
f 1204/2331/478 90/2335/479 1205/2337/478
f 90/2335/479 89/2338/478 1205/2337/478
f 145/2340/24 1348/2339/338 146/2341/24
f 145/2340/24 871/2342/338 1348/2339/338
f 141/2343/24 1348/2339/338 871/2342/338
f 141/2343/24 871/2342/338 143/2344/24
f 154/2346/24 1350/2345/338 152/2347/24
f 1350/2345/338 154/2346/24 865/2348/338
f 865/2348/338 151/2349/24 1350/2345/338
f 865/2348/338 149/2350/24 151/2349/24
f 885/2351/1129 172/2353/1130 175/2352/1129
f 885/2351/1129 175/2352/1129 1355/2354/1130
f 887/2355/972 885/2351/1129 1355/2354/1130
f 887/2355/972 1355/2354/1130 892/2356/972
f 162/2358/24 1352/2357/338 160/2359/24
f 162/2358/24 877/2360/338 1352/2357/338
f 159/2361/24 1352/2357/338 877/2360/338
f 159/2361/24 877/2360/338 156/2362/24
f 170/2364/24 1354/2363/338 168/2365/24
f 170/2364/24 878/2366/338 1354/2363/338
f 165/2367/24 1354/2363/338 878/2366/338
f 165/2367/24 878/2366/338 167/2368/24
f 1186/2377/1131 1044/2378/24 1045/2379/24
f 1044/2378/24 1186/2377/1131 1356/2380/1132
f 1356/2380/1132 1186/2377/1131 1185/2381/1133
f 1357/2382/1134 1356/2380/1132 1185/2381/1133
f 1184/2383/1135 1357/2382/1134 1185/2381/1133
f 1357/2382/1134 1184/2383/1135 854/2384/1136
f 854/2384/1136 1184/2383/1135 822/2385/611
f 824/2386/1137 854/2384/1136 822/2385/611
f 854/2384/1136 824/2386/1137 858/2387/1138
f 825/2388/1139 858/2387/1138 824/2386/1137
f 858/2387/1138 825/2388/1139 859/2389/1140
f 826/2390/1141 859/2389/1140 825/2388/1139
f 859/2389/1140 826/2390/1141 860/2391/1142
f 96/2392/24 860/2391/1142 826/2390/1141
f 860/2391/1142 96/2392/24 99/2393/24
f 1111/2394/24 1203/2395/1143 1112/2396/24
f 1203/2395/1143 1111/2394/24 1358/2397/1144
f 1358/2397/1144 1202/2398/1145 1203/2395/1143
f 1359/2399/1146 1202/2398/1145 1358/2397/1144
f 1359/2399/1146 1201/2400/1147 1202/2398/1145
f 1359/2399/1146 1346/2401/1148 1201/2400/1147
f 1201/2400/1147 1346/2401/1148 872/2402/1149
f 873/2403/1150 872/2402/1149 1346/2401/1148
f 873/2403/1150 1346/2401/1148 1345/2404/1151
f 1345/2404/1151 874/2405/1152 873/2403/1150
f 874/2405/1152 1345/2404/1151 1343/2406/1153
f 874/2405/1152 1343/2406/1153 875/2407/1154
f 875/2407/1154 1343/2406/1153 1344/2408/1155
f 875/2407/1154 1344/2408/1155 136/2409/24
f 136/2409/24 1344/2408/1155 139/2410/24
f 176/2411/13 184/2412/12 183/2413/12
f 184/2412/12 176/2411/13 181/2414/12
f 181/2414/12 176/2411/13 178/2415/12
f 179/2416/16 180/2417/16 177/2418/16
f 179/2416/16 185/2419/16 180/2417/16
f 185/2419/16 179/2416/16 182/2420/16
f 382/2421/1156 1085/2422/1157 1360/2423/1158
f 1085/2422/1157 382/2421/1156 380/2424/1159
f 1085/2422/1157 380/2424/1159 378/2425/1160
f 1085/2422/1157 378/2425/1160 377/2426/1159
f 1361/2427/15 1362/2428/15 1363/2429/15
f 1364/2430/15 1362/2428/15 1361/2427/15
f 1362/2428/15 1364/2430/15 1365/2431/15
f 1362/2428/15 1365/2431/15 1366/2432/15
f 1366/2432/15 1365/2431/15 939/2433/15
f 1366/2432/15 939/2433/15 976/2434/15
f 585/2435/15 976/2434/15 939/2433/15
f 976/2434/15 585/2435/15 977/2436/15
f 939/2433/15 586/2437/15 585/2435/15
f 977/2436/15 585/2435/15 55/2438/15
f 977/2436/15 55/2438/15 1141/2439/15
f 977/2436/15 1141/2439/15 986/2440/15
f 939/2433/15 940/2441/15 586/2437/15
f 586/2437/15 940/2441/15 57/2442/15
f 940/2441/15 369/2443/15 57/2442/15
f 940/2441/15 370/2444/15 369/2443/15
f 227/2445/1161 792/2446/1162 978/2447/1163
f 978/2447/1163 228/2448/1164 227/2445/1161
f 978/2447/1163 230/2449/1165 228/2448/1164
f 978/2447/1163 232/2450/1166 230/2449/1165
f 282/2451/1167 528/2452/1168 287/2453/1169
f 282/2451/1167 526/2454/1170 528/2452/1168
f 282/2451/1167 524/2455/1171 526/2454/1170
f 524/2455/1171 282/2451/1167 278/2456/338
f 522/2457/338 524/2455/1171 278/2456/338
f 276/2458/24 522/2457/338 278/2456/338
f 279/2459/338 522/2457/338 276/2458/24
f 279/2459/338 36/2460/24 522/2457/338
f 36/2460/24 279/2459/338 281/2461/24
f 284/2462/338 36/2460/24 281/2461/24
f 36/2460/24 38/2463/338 522/2457/338
f 35/2464/24 38/2463/338 36/2460/24
f 522/2457/338 38/2463/338 1367/2465/338
f 522/2457/338 1367/2465/338 519/2466/338
f 1041/2467/24 36/2460/24 284/2462/338
f 1041/2467/24 284/2462/338 501/2468/24
f 36/2460/24 1041/2467/24 51/2469/338
f 519/2466/338 1367/2465/338 42/2470/338
f 1109/2471/24 51/2469/338 1041/2467/24
f 1040/2472/24 1109/2471/24 1041/2467/24
f 1040/2472/24 1107/2473/24 1109/2471/24
f 51/2469/338 1109/2471/24 53/2474/24
f 1109/2471/24 45/2475/24 53/2474/24
f 41/2476/24 45/2475/24 42/2470/338
f 42/2470/338 45/2475/24 519/2466/338
f 45/2475/24 1109/2471/24 398/2477/338
f 1109/2471/24 1198/2478/24 398/2477/338
f 45/2475/24 398/2477/338 395/2479/24
f 393/2480/338 45/2475/24 395/2479/24
f 519/2466/338 45/2475/24 393/2480/338
f 519/2466/338 393/2480/338 390/2481/24
f 519/2466/338 390/2481/24 392/2482/338
f 392/2482/338 517/2483/1172 519/2466/338
f 517/2483/1172 392/2482/338 396/2484/891
f 396/2484/891 515/2485/1173 517/2483/1172
f 515/2485/1173 396/2484/891 513/2486/1174
f 396/2484/891 401/2487/1175 513/2486/1174
f 1038/2488/1176 609/2489/1177 610/2490/1178
f 609/2489/1177 1038/2488/1176 1368/2491/1179
f 1038/2488/1176 1369/2492/1180 1368/2491/1179
f 966/2493/1181 1369/2492/1180 1038/2488/1176
f 1370/2494/1182 1369/2492/1180 966/2493/1181
f 1371/2495/1183 1370/2494/1182 966/2493/1181
f 1371/2495/1183 966/2493/1181 965/2496/1184
f 963/2497/1185 1371/2495/1183 965/2496/1184
f 1336/2498/1186 1370/2494/1182 1371/2495/1183
f 1370/2494/1182 1336/2498/1186 1338/2499/1187
f 1047/2500/1188 1336/2498/1186 1371/2495/1183
f 963/2497/1185 1047/2500/1188 1371/2495/1183
f 963/2497/1185 1048/2501/1189 1047/2500/1188
f 1048/2501/1189 963/2497/1185 960/2502/1190
f 1049/2503/1191 1048/2501/1189 960/2502/1190
f 959/2504/1192 1049/2503/1191 960/2502/1190
f 1049/2503/1191 959/2504/1192 1051/2505/1192
f 959/2504/1192 956/2506/1193 1051/2505/1192
f 1054/2507/1194 1051/2505/1192 956/2506/1193
f 955/2508/1195 1054/2507/1194 956/2506/1193
f 1054/2507/1194 955/2508/1195 1057/2509/1196
f 1057/2509/1196 955/2508/1195 953/2510/1197
f 1057/2509/1196 953/2510/1197 1060/2511/1198
f 1060/2511/1198 953/2510/1197 951/2512/1199
f 1060/2511/1198 951/2512/1199 1065/2513/1199
f 950/2514/1200 1065/2513/1199 951/2512/1199
f 1067/2515/1201 1065/2513/1199 950/2514/1200
f 1067/2515/1201 950/2514/1200 1372/2516/1202
f 1372/2516/1202 950/2514/1200 948/2517/1203
f 946/2518/1203 1372/2516/1202 948/2517/1203
f 1372/2516/1202 946/2518/1203 944/2519/1204
f 941/2520/1205 1372/2516/1202 944/2519/1204
f 941/2520/1205 305/2521/1206 1372/2516/1202
f 306/2522/1207 1372/2516/1202 305/2521/1206
f 1132/2523/1208 1141/2524/1209 1131/2525/1210
f 1141/2524/1209 1132/2523/1208 986/2526/1211
f 986/2526/1211 1132/2523/1208 985/2527/1212
f 1133/2528/1213 985/2527/1212 1132/2523/1208
f 985/2527/1212 1133/2528/1213 1134/2529/12
f 985/2527/1212 1134/2529/12 1135/2530/12
f 985/2527/1212 1135/2530/12 987/2531/12
f 254/2532/1214 574/2533/1215 253/2534/1214
f 253/2534/1214 574/2533/1215 793/2535/1216
f 574/2533/1215 794/2536/1217 793/2535/1216
f 794/2536/1217 574/2533/1215 570/2537/1217
f 568/2538/1218 794/2536/1217 570/2537/1217
f 794/2536/1217 568/2538/1218 795/2539/1218
f 568/2538/1218 797/2540/1219 795/2539/1218
f 797/2540/1219 568/2538/1218 566/2541/1220
f 797/2540/1219 566/2541/1220 798/2542/1221
f 562/2543/1222 798/2542/1221 566/2541/1220
f 562/2543/1222 799/2544/1223 798/2542/1221
f 1325/2545/1224 799/2544/1223 562/2543/1222
f 1325/2545/1224 562/2543/1222 1326/2546/1223
f 560/2547/1225 1326/2546/1223 562/2543/1222
f 1001/2548/1226 629/2549/1226 628/2550/1226
f 1001/2548/1226 999/2551/1227 629/2549/1226
f 629/2549/1226 999/2551/1227 996/2552/1227
f 996/2552/1227 417/2553/1226 629/2549/1226
f 417/2553/1226 996/2552/1227 994/2554/1226
f 992/2555/1228 417/2553/1226 994/2554/1226
f 989/2556/1229 417/2553/1226 992/2555/1228
f 989/2556/1229 992/2555/1228 990/2557/1227
f 418/2558/1226 417/2553/1226 989/2556/1229
f 367/2559/12 1039/2560/12 599/2561/12
f 363/2562/12 1039/2560/12 367/2559/12
f 361/2563/12 1039/2560/12 363/2562/12
f 362/2564/12 361/2563/12 363/2562/12
f 1039/2560/12 361/2563/12 359/2565/12
f 359/2565/12 361/2563/12 360/2566/12
f 38/2567/1230 39/2568/1231 1367/2569/15
f 1367/2569/15 39/2568/1231 356/2570/15
f 43/2571/1232 1367/2569/15 356/2570/15
f 1367/2569/15 43/2571/1232 42/2572/1233
f 695/2573/1234 1113/2574/1235 696/2575/1236
f 1113/2574/1235 695/2573/1234 1373/2576/1237
f 1113/2574/1235 1373/2576/1237 1374/2577/1238
f 1374/2577/1238 1031/2578/1239 1113/2574/1235
f 1031/2578/1239 1374/2577/1238 1375/2579/1240
f 1030/2580/1241 1031/2578/1239 1375/2579/1240
f 1376/2581/1242 1030/2580/1241 1375/2579/1240
f 1376/2581/1242 1032/2582/1243 1030/2580/1241
f 1337/2583/1244 1376/2581/1242 1375/2579/1240
f 1339/2584/1245 1337/2583/1244 1375/2579/1240
f 1376/2581/1242 1337/2583/1244 465/2585/1246
f 1032/2582/1243 1376/2581/1242 465/2585/1246
f 464/2586/1247 1032/2582/1243 465/2585/1246
f 1033/2587/1248 1032/2582/1243 464/2586/1247
f 1033/2587/1248 464/2586/1247 467/2588/1249
f 467/2588/1249 1034/2589/1250 1033/2587/1248
f 1034/2589/1250 467/2588/1249 469/2590/1251
f 469/2590/1251 1136/2591/1252 1034/2589/1250
f 1136/2591/1252 1037/2592/1253 1034/2589/1250
f 469/2590/1251 1137/2593/1254 1136/2591/1252
f 472/2594/1255 1137/2593/1254 469/2590/1251
f 1137/2593/1254 472/2594/1255 1138/2595/1254
f 472/2594/1255 1139/2596/1256 1138/2595/1254
f 472/2594/1255 1006/2597/1257 1139/2596/1256
f 1006/2597/1257 472/2594/1255 1003/2598/1258
f 472/2594/1255 1002/2599/1259 1003/2598/1258
f 472/2594/1255 475/2600/1260 1002/2599/1259
f 1002/2599/1259 475/2600/1260 1000/2601/1261
f 475/2600/1260 477/2602/1262 1000/2601/1261
f 477/2602/1262 998/2603/1263 1000/2601/1261
f 998/2603/1263 477/2602/1262 481/2604/1264
f 481/2604/1264 997/2605/1265 998/2603/1263
f 481/2604/1264 482/2606/1266 997/2605/1265
f 482/2606/1266 1377/2607/1267 997/2605/1265
f 995/2608/1268 997/2605/1265 1377/2607/1267
f 993/2609/1269 995/2608/1268 1377/2607/1267
f 991/2610/1270 993/2609/1269 1377/2607/1267
f 988/2611/1271 991/2610/1270 1377/2607/1267
f 418/2612/1272 988/2611/1271 1377/2607/1267
f 1377/2607/1267 419/2613/1273 418/2612/1272
f 596/2614/19 595/2615/1274 1274/2616/19
f 1274/2616/19 595/2615/1274 1298/2617/1275
f 1298/2617/1275 595/2615/1274 1302/2618/1276
f 595/2615/1274 597/2619/1277 1302/2618/1276
f 1302/2618/1276 597/2619/1277 600/2620/1278
f 1302/2618/1276 600/2620/1278 1304/2621/1278
f 1304/2621/1278 600/2620/1278 601/2622/1279
f 1304/2621/1278 601/2622/1279 1306/2623/1280
f 1307/2624/1281 1306/2623/1280 601/2622/1279
f 601/2622/1279 602/2625/1282 1307/2624/1281
f 602/2625/1282 1310/2626/259 1307/2624/1281
f 602/2625/1282 604/2627/1283 1310/2626/259
f 1378/2628/261 1310/2626/259 604/2627/1283
f 607/2629/1284 1378/2628/261 604/2627/1283
f 1378/2628/261 607/2629/1284 1379/2630/259
f 612/2631/1285 1379/2630/259 607/2629/1284
f 1380/2632/1286 1379/2630/259 612/2631/1285
f 62/2633/1287 1380/2632/1286 612/2631/1285
f 64/2634/261 1380/2632/1286 62/2633/1287
f 1380/2632/1286 64/2634/261 1381/2635/1283
f 64/2634/261 698/2636/259 1381/2635/1283
f 698/2636/259 1382/2637/261 1381/2635/1283
f 1382/2637/261 698/2636/259 693/2638/1284
f 693/2638/1284 1383/2639/259 1382/2637/261
f 1383/2639/259 693/2638/1284 690/2640/260
f 690/2640/260 1324/2641/1286 1383/2639/259
f 690/2640/260 688/2642/1288 1324/2641/1286
f 1321/2643/1281 1324/2641/1286 688/2642/1288
f 687/2644/1289 1321/2643/1281 688/2642/1288
f 1320/2645/1280 1321/2643/1281 687/2644/1289
f 1318/2646/1290 1320/2645/1280 687/2644/1289
f 686/2647/1278 1318/2646/1290 687/2644/1289
f 684/2648/1291 1318/2646/1290 686/2647/1278
f 684/2648/1291 1316/2649/1277 1318/2646/1290
f 682/2650/1274 1316/2649/1277 684/2648/1291
f 1312/2651/1275 1316/2649/1277 682/2650/1274
f 682/2650/1274 1283/2652/19 1312/2651/1275
f 1283/2652/19 682/2650/1274 683/2653/19
f 87/2654/508 85/2655/23 510/2656/23
f 510/2656/23 1242/2657/914 87/2654/508
f 1205/2658/23 1242/2657/914 510/2656/23
f 1242/2657/914 1205/2658/23 1243/2659/23
f 1243/2659/23 1205/2658/23 91/2660/508
f 89/2661/23 91/2660/508 1205/2658/23
f 1205/2658/23 510/2656/23 354/2662/23
f 1205/2658/23 354/2662/23 457/2663/23
f 736/2664/23 457/2663/23 354/2662/23
f 352/2665/23 736/2664/23 354/2662/23
f 736/2664/23 807/2666/23 457/2663/23
f 352/2665/23 734/2667/23 736/2664/23
f 456/2668/23 457/2663/23 807/2666/23
f 734/2667/23 352/2665/23 350/2669/23
f 808/2670/23 456/2668/23 807/2666/23
f 733/2671/23 734/2667/23 350/2669/23
f 454/2672/23 456/2668/23 808/2670/23
f 733/2671/23 350/2669/23 348/2673/23
f 77/2674/23 733/2671/23 348/2673/23
f 733/2671/23 77/2674/23 79/2675/508
f 808/2670/23 809/2676/23 454/2672/23
f 809/2676/23 452/2677/23 454/2672/23
f 809/2676/23 80/2678/23 452/2677/23
f 809/2676/23 83/2679/508 80/2678/23
f 731/2680/1292 1224/2681/1293 1225/2682/1294
f 729/2683/1295 1224/2681/1293 731/2680/1292
f 728/2684/1296 1224/2681/1293 729/2683/1295
f 1224/2681/1293 728/2684/1296 1222/2685/1297
f 728/2684/1296 1265/2686/405 1222/2685/1297
f 1265/2686/405 1219/2687/1298 1222/2685/1297
f 1219/2687/1298 1265/2686/405 1266/2688/1299
f 1219/2687/1298 1266/2688/1299 1216/2689/1300
f 1267/2690/1301 1216/2689/1300 1266/2688/1299
f 1267/2690/1301 49/2691/16 1216/2689/1300
f 49/2691/16 1267/2690/1301 1268/2692/16
f 1268/2692/16 1294/2693/16 49/2691/16
f 1384/2694/16 49/2691/16 1294/2693/16
f 1384/2694/16 47/2695/16 49/2691/16
f 75/2696/16 1179/2697/16 50/2698/16
f 1179/2697/16 51/2699/16 50/2698/16
f 51/2699/16 1179/2697/16 34/2700/16
f 355/2701/16 34/2700/16 1179/2697/16
f 51/2699/16 34/2700/16 36/2702/16
f 1181/2703/12 74/2704/12 52/2705/12
f 53/2706/13 1181/2703/12 52/2705/12
f 1181/2703/12 53/2706/13 44/2707/13
f 53/2706/13 45/2708/12 44/2707/13
f 1181/2703/12 44/2707/13 358/2709/13
f 1044/2710/1302 1356/2711/1303 1040/2712/1304
f 1040/2712/1304 1356/2711/1303 1357/2713/1305
f 852/2714/490 1357/2713/1305 854/2715/196
f 852/2714/490 849/2716/494 1357/2713/1305
f 1357/2713/1305 1385/2717/1306 1040/2712/1304
f 849/2716/494 1385/2717/1306 1357/2713/1305
f 849/2716/494 841/2718/196 1385/2717/1306
f 1040/2712/1304 1385/2717/1306 1244/2719/1307
f 842/2720/1308 1385/2717/1306 841/2718/196
f 1385/2717/1306 86/2721/1309 1244/2719/1307
f 86/2721/1309 1385/2717/1306 842/2720/1308
f 842/2720/1308 843/2722/494 86/2721/1309
f 1242/2723/1310 1244/2719/1307 86/2721/1309
f 1242/2723/1310 86/2721/1309 87/2724/1310
f 1111/2710/1311 1107/2712/1312 1358/2711/1313
f 1359/2713/1314 1358/2711/1313 1107/2712/1312
f 1347/2714/109 1346/2715/466 1359/2713/1314
f 1347/2714/109 1359/2713/1314 1349/2716/466
f 1386/2717/1315 1359/2713/1314 1107/2712/1312
f 1349/2716/466 1359/2713/1314 1386/2717/1315
f 1349/2716/466 1386/2717/1315 1351/2718/466
f 1107/2712/1312 1241/2719/1316 1386/2717/1315
f 1386/2717/1315 1353/2720/474 1351/2718/466
f 88/2721/1317 1386/2717/1315 1241/2719/1316
f 1386/2717/1315 88/2721/1317 1353/2720/474
f 1353/2720/474 88/2721/1317 897/2722/466
f 1241/2719/1316 1243/2723/1318 88/2721/1317
f 1243/2723/1318 91/2724/1319 88/2721/1317
f 904/2725/1320 909/2726/1321 906/2727/1322
f 909/2726/1321 904/2725/1320 903/2728/1320
f 901/2729/1323 909/2726/1321 903/2728/1320
f 901/2729/1323 910/2730/1324 909/2726/1321
f 910/2730/1324 901/2729/1323 899/2731/1325
f 899/2731/1325 913/2732/1323 910/2730/1324
f 913/2732/1323 899/2731/1325 211/2733/1326
f 211/2733/1326 217/2734/1323 913/2732/1323
f 211/2733/1326 213/2735/1323 217/2734/1323
f 213/2735/1323 215/2736/1323 217/2734/1323
f 928/2737/1326 215/2736/1323 213/2735/1323
f 215/2736/1323 928/2737/1326 914/2738/1323
f 926/2739/1323 914/2738/1323 928/2737/1326
f 914/2738/1323 926/2739/1323 916/2740/1326
f 916/2740/1326 926/2739/1323 925/2741/1323
f 916/2740/1326 925/2741/1323 919/2742/1327
f 925/2741/1323 920/2743/1328 919/2742/1327
f 920/2743/1328 925/2741/1323 923/2744/1329
f 922/2745/1330 918/2746/1331 921/2747/1332
f 918/2746/1331 922/2745/1330 924/2748/1332
f 927/2749/1333 918/2746/1331 924/2748/1332
f 927/2749/1333 917/2750/1332 918/2746/1331
f 927/2749/1333 915/2751/1334 917/2750/1332
f 915/2751/1334 927/2749/1333 929/2752/1333
f 210/2753/1330 915/2751/1334 929/2752/1333
f 915/2751/1334 210/2753/1330 216/2754/1335
f 212/2755/1331 216/2754/1335 210/2753/1330
f 216/2754/1335 212/2755/1331 214/2756/1331
f 214/2756/1331 212/2755/1331 898/2757/1330
f 898/2757/1330 912/2758/1334 214/2756/1331
f 912/2758/1334 898/2757/1330 900/2759/1330
f 900/2759/1330 911/2760/1330 912/2758/1334
f 900/2759/1330 908/2761/1330 911/2760/1330
f 908/2761/1330 900/2759/1330 902/2762/1333
f 905/2763/1330 908/2761/1330 902/2762/1333
f 908/2761/1330 905/2763/1330 907/2764/1336
f 1387/2765/1337 969/2766/1338 968/2767/1339
f 1387/2765/1337 1388/2768/1340 969/2766/1338
f 1389/2769/1341 1388/2768/1340 1387/2765/1337
f 970/2770/1342 969/2766/1338 1388/2768/1340
f 1390/2771/1343 1388/2768/1340 1389/2769/1341
f 1391/2772/1344 1390/2771/1343 1389/2769/1341
f 970/2770/1342 1388/2768/1340 1392/2773/1345
f 1393/2774/1346 1390/2771/1343 1391/2772/1344
f 1393/2774/1346 1391/2772/1344 1394/2775/1347
f 1395/2776/1348 1393/2774/1346 1394/2775/1347
f 1390/2771/1343 1396/2777/1349 1388/2768/1340
f 1388/2768/1340 1396/2777/1349 1392/2773/1345
f 1393/2774/1346 1397/2778/1350 1390/2771/1343
f 1390/2771/1343 1397/2778/1350 1396/2777/1349
f 1395/2776/1348 1398/2779/1351 1393/2774/1346
f 1395/2776/1348 1399/2780/14 1398/2779/1351
f 1399/2780/14 1400/2781/1352 1398/2779/1351
f 1393/2774/1346 1398/2779/1351 1401/2782/1353
f 1393/2774/1346 1401/2782/1353 1397/2778/1350
f 1398/2779/1351 1400/2781/1352 1402/2783/1354
f 1401/2782/1353 1398/2779/1351 1402/2783/1354
f 1400/2781/1352 1403/2784/1355 1402/2783/1354
f 1402/2783/1354 1403/2784/1355 1404/2785/1356
f 1402/2783/1354 1404/2785/1356 1405/2786/1357
f 1404/2785/1356 1406/2787/1358 1405/2786/1357
f 1402/2783/1354 1407/2788/1359 1401/2782/1353
f 1407/2788/1359 1402/2783/1354 1405/2786/1357
f 1406/2787/1358 931/2789/1360 1405/2786/1357
f 1406/2787/1358 932/2790/1361 931/2789/1360
f 931/2789/1360 933/2791/1362 1405/2786/1357
f 1405/2786/1357 1408/2792/1363 1407/2788/1359
f 1408/2792/1363 1405/2786/1357 933/2791/1362
f 933/2791/1362 1409/2793/1364 1408/2792/1363
f 1409/2793/1364 933/2791/1362 935/2794/1365
f 936/2795/1366 1409/2793/1364 935/2794/1365
f 1408/2792/1363 1409/2793/1364 1410/2796/1367
f 1410/2796/1367 1407/2788/1359 1408/2792/1363
f 1411/2797/1368 1409/2793/1364 936/2795/1366
f 936/2795/1366 937/2798/1369 1411/2797/1368
f 1412/2799/1370 1410/2796/1367 1409/2793/1364
f 1409/2793/1364 1411/2797/1368 1412/2799/1370
f 1407/2788/1359 1410/2796/1367 1413/2800/1371
f 1413/2800/1371 1401/2782/1353 1407/2788/1359
f 1414/2801/1372 1411/2797/1368 937/2798/1369
f 937/2798/1369 1365/2802/1373 1414/2801/1372
f 1365/2802/1373 937/2798/1369 939/2803/1374
f 1415/2804/1375 1411/2797/1368 1414/2801/1372
f 1365/2802/1373 1415/2804/1375 1414/2801/1372
f 1411/2797/1368 1415/2804/1375 1412/2799/1370
f 1415/2804/1375 1365/2802/1373 1364/2805/1376
f 1364/2805/1376 1416/2806/1377 1415/2804/1375
f 1416/2806/1377 1412/2799/1370 1415/2804/1375
f 1416/2806/1377 1364/2805/1376 1361/2807/1378
f 1363/2808/1379 1416/2806/1377 1361/2807/1378
f 1416/2806/1377 1363/2808/1379 1417/2809/1380
f 1412/2799/1370 1416/2806/1377 1418/2810/1381
f 1417/2809/1380 1418/2810/1381 1416/2806/1377
f 1410/2796/1367 1412/2799/1370 1418/2810/1381
f 1418/2810/1381 1413/2800/1371 1410/2796/1367
f 1362/2811/1382 1417/2809/1380 1363/2808/1379
f 1419/2812/1383 1413/2800/1371 1418/2810/1381
f 1418/2810/1381 1417/2809/1380 1419/2812/1383
f 1417/2809/1380 1362/2811/1382 1420/2813/1384
f 1366/2814/1385 1420/2813/1384 1362/2811/1382
f 1419/2812/1383 1417/2809/1380 1421/2815/1386
f 1421/2815/1386 1417/2809/1380 1420/2813/1384
f 1420/2813/1384 1366/2814/1385 1422/2816/1387
f 1366/2814/1385 974/2817/1388 1422/2816/1387
f 974/2817/1388 1366/2814/1385 976/2818/1389
f 1422/2816/1387 1423/2819/1390 1420/2813/1384
f 1423/2819/1390 1422/2816/1387 974/2817/1388
f 1420/2813/1384 1423/2819/1390 1421/2815/1386
f 974/2817/1388 973/2820/1391 1423/2819/1390
f 1424/2821/1392 1423/2819/1390 973/2820/1391
f 1424/2821/1392 1421/2815/1386 1423/2819/1390
f 973/2820/1391 972/2822/1393 1424/2821/1392
f 970/2770/1342 1424/2821/1392 972/2822/1393
f 1424/2821/1392 970/2770/1342 1392/2773/1345
f 1425/2823/1394 1421/2815/1386 1424/2821/1392
f 1392/2773/1345 1425/2823/1394 1424/2821/1392
f 1425/2823/1394 1419/2812/1383 1421/2815/1386
f 1396/2777/1349 1425/2823/1394 1392/2773/1345
f 1426/2824/1395 1419/2812/1383 1425/2823/1394
f 1396/2777/1349 1426/2824/1395 1425/2823/1394
f 1413/2800/1371 1419/2812/1383 1426/2824/1395
f 1397/2778/1350 1426/2824/1395 1396/2777/1349
f 1426/2824/1395 1401/2782/1353 1413/2800/1371
f 1401/2782/1353 1426/2824/1395 1397/2778/1350
f 1335/2825/1396 474/2826/1397 473/2827/1398
f 1335/2825/1396 1427/2828/1399 474/2826/1397
f 474/2826/1397 1427/2828/1399 476/2829/1400
f 1335/2825/1396 1332/2830/1401 1427/2828/1399
f 1427/2828/1399 1428/2831/1402 476/2829/1400
f 1428/2831/1402 478/2832/1403 476/2829/1400
f 1332/2830/1401 1429/2833/1404 1427/2828/1399
f 1429/2833/1404 1428/2831/1402 1427/2828/1399
f 1332/2830/1401 1328/2834/1405 1429/2833/1404
f 1428/2831/1402 1430/2835/1406 478/2832/1403
f 1430/2835/1406 479/2836/1407 478/2832/1403
f 1429/2833/1404 1431/2837/1408 1428/2831/1402
f 1428/2831/1402 1431/2837/1408 1430/2835/1406
f 1328/2834/1405 1432/2838/1409 1429/2833/1404
f 1432/2838/1409 1431/2837/1408 1429/2833/1404
f 1432/2838/1409 1328/2834/1405 1433/2839/1410
f 1328/2834/1405 1330/2840/1411 1433/2839/1410
f 1329/2841/1412 1433/2839/1410 1330/2840/1411
f 1433/2839/1410 1434/2842/1413 1432/2838/1409
f 1432/2838/1409 1434/2842/1413 1431/2837/1408
f 1433/2839/1410 1329/2841/1412 1435/2843/1414
f 1435/2843/1414 1329/2841/1412 1331/2844/1415
f 1433/2839/1410 1436/2845/1416 1434/2842/1413
f 1433/2839/1410 1435/2843/1414 1436/2845/1416
f 1434/2842/1413 1437/2846/1417 1431/2837/1408
f 1431/2837/1408 1437/2846/1417 1430/2835/1406
f 1436/2845/1416 1438/2847/1418 1434/2842/1413
f 1434/2842/1413 1438/2847/1418 1437/2846/1417
f 1437/2846/1417 1439/2848/1419 1430/2835/1406
f 1430/2835/1406 1439/2848/1419 479/2836/1407
f 1439/2848/1419 480/2849/1420 479/2836/1407
f 1437/2846/1417 1440/2850/1421 1439/2848/1419
f 1438/2847/1418 1440/2850/1421 1437/2846/1417
f 1439/2848/1419 1441/2851/1422 480/2849/1420
f 1439/2848/1419 1440/2850/1421 1441/2851/1422
f 1441/2851/1422 483/2852/1423 480/2849/1420
f 1441/2851/1422 1442/2853/1424 483/2852/1423
f 1442/2853/1424 484/2854/1425 483/2852/1423
f 1440/2850/1421 1443/2855/1426 1441/2851/1422
f 1441/2851/1422 1443/2855/1426 1442/2853/1424
f 1438/2847/1418 1444/2856/1427 1440/2850/1421
f 1440/2850/1421 1444/2856/1427 1443/2855/1426
f 1445/2857/1428 1444/2856/1427 1438/2847/1418
f 1436/2845/1416 1445/2857/1428 1438/2847/1418
f 1442/2853/1424 1446/2858/1429 484/2854/1425
f 1446/2858/1429 485/2859/1430 484/2854/1425
f 1443/2855/1426 1447/2860/1431 1442/2853/1424
f 1446/2858/1429 1442/2853/1424 1447/2860/1431
f 1444/2856/1427 1448/2861/1432 1443/2855/1426
f 1443/2855/1426 1448/2861/1432 1447/2860/1431
f 1449/2862/1433 1448/2861/1432 1444/2856/1427
f 1445/2857/1428 1449/2862/1433 1444/2856/1427
f 1450/2863/1434 1445/2857/1428 1436/2845/1416
f 1450/2863/1434 1436/2845/1416 1435/2843/1414
f 1451/2864/1435 1449/2862/1433 1445/2857/1428
f 1445/2857/1428 1450/2863/1434 1451/2864/1435
f 1449/2862/1433 1452/2865/1436 1448/2861/1432
f 1448/2861/1432 1453/2866/1437 1447/2860/1431
f 1452/2865/1436 1453/2866/1437 1448/2861/1432
f 1453/2866/1437 1454/2867/1438 1447/2860/1431
f 1454/2867/1438 1446/2858/1429 1447/2860/1431
f 1449/2862/1433 1451/2864/1435 1455/2868/1439
f 1455/2868/1439 1452/2865/1436 1449/2862/1433
f 1456/2869/1440 1446/2858/1429 1454/2867/1438
f 1446/2858/1429 1456/2869/1440 485/2859/1430
f 485/2859/1430 1456/2869/1440 1457/2870/1039
f 486/2871/1441 485/2859/1430 1457/2870/1039
f 1457/2870/1039 1456/2869/1440 1458/2872/1442
f 1456/2869/1440 1459/2873/1443 1458/2872/1442
f 1459/2873/1443 1456/2869/1440 1454/2867/1438
f 1459/2873/1443 1460/2874/1444 1458/2872/1442
f 1459/2873/1443 219/2875/1445 1460/2874/1444
f 1459/2873/1443 221/2876/1446 219/2875/1445
f 1461/2877/1447 1459/2873/1443 1454/2867/1438
f 1453/2866/1437 1461/2877/1447 1454/2867/1438
f 1459/2873/1443 1462/2878/1448 221/2876/1446
f 1459/2873/1443 1461/2877/1447 1462/2878/1448
f 1462/2878/1448 223/2879/1449 221/2876/1446
f 1463/2880/1450 223/2879/1449 1462/2878/1448
f 1463/2880/1450 224/2881/1451 223/2879/1449
f 1463/2880/1450 225/2882/1452 224/2881/1451
f 1464/2883/1453 1461/2877/1447 1453/2866/1437
f 1465/2884/1454 1462/2878/1448 1461/2877/1447
f 1462/2878/1448 1465/2884/1454 1463/2880/1450
f 1461/2877/1447 1464/2883/1453 1465/2884/1454
f 1452/2865/1436 1464/2883/1453 1453/2866/1437
f 225/2882/1452 1463/2880/1450 1466/2885/1455
f 1467/2886/1456 1464/2883/1453 1452/2865/1436
f 225/2882/1452 1466/2885/1455 1468/2887/1457
f 225/2882/1452 1468/2887/1457 222/2888/1458
f 1463/2880/1450 1469/2889/1459 1466/2885/1455
f 1469/2889/1459 1463/2880/1450 1465/2884/1454
f 1466/2885/1455 1469/2889/1459 1468/2887/1457
f 220/2890/1460 222/2888/1458 1468/2887/1457
f 1452/2865/1436 1455/2868/1439 1467/2886/1456
f 1470/2891/1461 220/2890/1460 1468/2887/1457
f 1470/2891/1461 218/2892/1462 220/2890/1460
f 218/2892/1462 1470/2891/1461 1471/2893/1463
f 1470/2891/1461 1468/2887/1457 1472/2894/1464
f 1469/2889/1459 1472/2894/1464 1468/2887/1457
f 1473/2895/1465 1471/2893/1463 1470/2891/1461
f 1473/2895/1465 1474/2896/1466 1471/2893/1463
f 1475/2897/1467 1474/2896/1466 1473/2895/1465
f 1475/2897/1467 1473/2895/1465 1070/2898/1468
f 1071/2899/1469 1475/2897/1467 1070/2898/1468
f 1473/2895/1465 1470/2891/1461 1476/2900/1470
f 1476/2900/1470 1470/2891/1461 1472/2894/1464
f 1070/2898/1468 1473/2895/1465 1477/2901/1471
f 1477/2901/1471 1473/2895/1465 1476/2900/1470
f 1070/2898/1468 1477/2901/1471 1069/2902/1472
f 1069/2902/1472 1477/2901/1471 1478/2903/1473
f 1069/2902/1472 1478/2903/1473 1068/2904/1474
f 1477/2901/1471 1476/2900/1470 1479/2905/1475
f 1478/2903/1473 1477/2901/1471 1479/2905/1475
f 1476/2900/1470 1472/2894/1464 1480/2906/1476
f 1476/2900/1470 1480/2906/1476 1479/2905/1475
f 1068/2904/1474 1478/2903/1473 1481/2907/1477
f 1068/2904/1474 1481/2907/1477 1066/2908/1478
f 1066/2908/1478 1481/2907/1477 1064/2909/1479
f 1481/2907/1477 1478/2903/1473 1482/2910/1480
f 1478/2903/1473 1479/2905/1475 1482/2910/1480
f 1064/2909/1479 1481/2907/1477 1483/2911/1481
f 1064/2909/1479 1483/2911/1481 1063/2912/1482
f 1481/2907/1477 1482/2910/1480 1484/2913/1483
f 1483/2911/1481 1481/2907/1477 1484/2913/1483
f 1482/2910/1480 1479/2905/1475 1485/2914/1484
f 1479/2905/1475 1480/2906/1476 1485/2914/1484
f 1063/2912/1482 1483/2911/1481 1486/2915/1485
f 1063/2912/1482 1486/2915/1485 1062/2916/1486
f 1486/2915/1485 1061/2917/1487 1062/2916/1486
f 1467/2886/1456 1485/2914/1484 1480/2906/1476
f 1483/2911/1481 1487/2918/1488 1486/2915/1485
f 1483/2911/1481 1484/2913/1483 1487/2918/1488
f 1467/2886/1456 1455/2868/1439 1485/2914/1484
f 1488/2919/1489 1467/2886/1456 1480/2906/1476
f 1488/2919/1489 1480/2906/1476 1472/2894/1464
f 1464/2883/1453 1467/2886/1456 1488/2919/1489
f 1469/2889/1459 1488/2919/1489 1472/2894/1464
f 1488/2919/1489 1465/2884/1454 1464/2883/1453
f 1465/2884/1454 1488/2919/1489 1469/2889/1459
f 1455/2868/1439 1489/2920/1490 1485/2914/1484
f 1482/2910/1480 1485/2914/1484 1489/2920/1490
f 1484/2913/1483 1482/2910/1480 1489/2920/1490
f 1451/2864/1435 1489/2920/1490 1455/2868/1439
f 1484/2913/1483 1489/2920/1490 1490/2921/1491
f 1451/2864/1435 1490/2921/1491 1489/2920/1490
f 1484/2913/1483 1490/2921/1491 1487/2918/1488
f 1450/2863/1434 1490/2921/1491 1451/2864/1435
f 1450/2863/1434 1491/2922/1492 1490/2921/1491
f 1487/2918/1488 1490/2921/1491 1491/2922/1492
f 1435/2843/1414 1491/2922/1492 1450/2863/1434
f 1487/2918/1488 1491/2922/1492 1492/2923/1493
f 1435/2843/1414 1493/2924/1494 1491/2922/1492
f 1493/2924/1494 1492/2923/1493 1491/2922/1492
f 1493/2924/1494 1435/2843/1414 1331/2844/1415
f 1487/2918/1488 1492/2923/1493 1486/2915/1485
f 1331/2844/1415 1494/2925/1495 1493/2924/1494
f 1493/2924/1494 1494/2925/1495 1492/2923/1493
f 1331/2844/1415 1333/2926/1496 1494/2925/1495
f 1492/2923/1493 1495/2927/1497 1486/2915/1485
f 1495/2927/1497 1492/2923/1493 1494/2925/1495
f 1061/2917/1487 1486/2915/1485 1495/2927/1497
f 1061/2917/1487 1495/2927/1497 1059/2928/1498
f 1495/2927/1497 1494/2925/1495 1496/2929/1499
f 1333/2926/1496 1496/2929/1499 1494/2925/1495
f 1495/2927/1497 1496/2929/1499 1059/2928/1498
f 1496/2929/1499 1058/2930/1500 1059/2928/1498
f 1333/2926/1496 1334/2931/1501 1496/2929/1499
f 1058/2930/1500 1496/2929/1499 1056/2932/1502
f 1334/2931/1501 1056/2932/1502 1496/2929/1499
f 1334/2931/1501 1055/2933/1503 1056/2932/1502
f 1130/2934/16 1160/2935/315 1164/2936/16
f 1130/2934/16 1497/2937/1504 1160/2935/315
f 382/2938/16 1497/2937/1504 1130/2934/16
f 1497/2937/1504 382/2938/16 1360/2939/16
f 1497/2937/1504 1157/2940/1505 1160/2935/315
f 1498/2941/1506 1157/2940/1505 1497/2937/1504
f 1157/2940/1505 1498/2941/1506 1155/2942/1507
f 1155/2942/1507 1498/2941/1506 1095/2943/405
f 1095/2943/405 1096/2944/864 1155/2942/1507
f 1095/2943/405 1498/2941/1506 1094/2945/405
f 1094/2945/405 1498/2941/1506 1093/2946/1508
f 1093/2946/1508 1498/2941/1506 1499/2947/1509
f 1093/2946/1508 1499/2947/1509 1091/2948/1510
f 1091/2948/1510 1499/2947/1509 1500/2949/1511
f 92/2950/1512 1091/2948/1510 1500/2949/1511
f 95/2951/1294 92/2950/1512 1500/2949/1511
f 92/2950/1512 1092/2952/1512 1091/2948/1510
f 1130/2953/1513 1164/2954/347 1163/2955/1514
f 535/2956/1515 1130/2953/1513 1163/2955/1514
f 535/2956/1515 536/2957/1516 1130/2953/1513
f 1290/2958/1217 535/2956/1515 1163/2955/1514
f 535/2956/1515 1290/2958/1217 533/2959/1217
f 1291/2960/1218 533/2959/1217 1290/2958/1217
f 533/2959/1217 1291/2960/1218 532/2961/1218
f 1291/2960/1218 531/2962/1517 532/2961/1218
f 531/2962/1517 1291/2960/1218 1292/2963/1518
f 48/2964/1519 531/2962/1517 1292/2963/1518
f 531/2962/1517 48/2964/1519 530/2965/1520
f 1384/2966/1521 48/2964/1519 47/2967/1522
f 48/2964/1519 1384/2966/1521 530/2965/1520
f 1384/2966/1521 1294/2968/1523 530/2965/1520
f 530/2965/1520 1294/2968/1523 1293/2969/1223
f 530/2965/1520 1293/2969/1223 1295/2970/1524
f 529/2971/1524 530/2965/1520 1295/2970/1524
f 219/2972/24 1395/2973/24 1394/2974/24
f 219/2972/24 1394/2974/24 1391/2975/24
f 219/2972/24 1399/2976/24 1395/2973/24
f 219/2972/24 1391/2975/24 1460/2977/334
f 1389/2978/24 1460/2977/334 1391/2975/24
f 219/2972/24 218/2979/24 1399/2976/24
f 1460/2977/334 1389/2978/24 1458/2980/334
f 1400/2981/338 1399/2976/24 218/2979/24
f 1387/2982/24 1458/2980/334 1389/2978/24
f 1400/2981/338 218/2979/24 1403/2983/24
f 1458/2980/334 1387/2982/24 1457/2984/24
f 1471/2985/24 1403/2983/24 218/2979/24
f 486/2986/1525 1457/2984/24 1387/2982/24
f 1471/2985/24 1404/2987/24 1403/2983/24
f 486/2986/1525 1387/2982/24 968/2988/1526
f 1474/2989/338 1404/2987/24 1471/2985/24
f 968/2988/1526 482/2990/24 486/2986/1525
f 1474/2989/338 1406/2991/24 1404/2987/24
f 482/2990/24 968/2988/1526 967/2992/24
f 1406/2991/24 1474/2989/338 1475/2993/338
f 967/2992/24 978/2994/24 482/2990/24
f 1071/2995/24 1406/2991/24 1475/2993/338
f 482/2990/24 978/2994/24 1377/2996/24
f 1406/2991/24 1071/2995/24 932/2997/24
f 419/2998/338 1377/2996/24 978/2994/24
f 1067/2999/338 932/2997/24 1071/2995/24
f 419/2998/338 978/2994/24 792/3000/338
f 930/3001/24 932/2997/24 1067/2999/338
f 792/3000/338 414/3002/338 419/2998/338
f 1067/2999/338 1085/3003/24 930/3001/24
f 414/3002/338 792/3000/338 791/3004/338
f 1085/3003/24 1067/2999/338 1372/3005/24
f 791/3004/338 411/3006/338 414/3002/338
f 1372/3005/24 306/3007/338 1085/3003/24
f 411/3006/338 791/3004/338 782/3008/24
f 1360/3009/338 1085/3003/24 306/3007/338
f 407/3010/24 411/3006/338 782/3008/24
f 297/3011/334 1360/3009/338 306/3007/338
f 782/3008/24 408/3012/338 407/3010/24
f 1497/3013/1112 1360/3009/338 297/3011/334
f 408/3012/338 782/3008/24 786/3014/24
f 293/3015/1527 1497/3013/1112 297/3011/334
f 408/3012/338 786/3014/24 514/3016/24
f 293/3015/1527 1498/3017/891 1497/3013/1112
f 788/3018/24 514/3016/24 786/3014/24
f 1498/3017/891 293/3015/1527 290/3019/1528
f 788/3018/24 516/3020/24 514/3016/24
f 291/3021/338 1498/3017/891 290/3019/1528
f 788/3018/24 518/3022/843 516/3020/24
f 1499/3023/338 1498/3017/891 291/3021/338
f 93/3024/24 518/3022/843 788/3018/24
f 527/3025/338 1499/3023/338 291/3021/338
f 518/3022/843 93/3024/24 520/3026/24
f 1499/3023/338 527/3025/338 1500/3027/24
f 93/3024/24 521/3028/338 520/3026/24
f 525/3029/24 1500/3027/24 527/3025/338
f 521/3028/338 93/3024/24 95/3030/338
f 1500/3027/24 525/3029/24 523/3031/338
f 95/3030/338 523/3031/338 521/3028/338
f 523/3031/338 95/3030/338 1500/3027/24
f 1339/3032/1529 1075/3033/250 1076/3034/1530
f 1077/3035/1531 1339/3032/1529 1076/3034/1530
f 1339/3032/1529 1074/3036/1532 1075/3033/250
f 1338/3037/323 1339/3032/1529 1077/3035/1531
f 1074/3036/1532 1339/3032/1529 1375/3038/1531
f 1338/3037/323 1077/3035/1531 1078/3039/1533
f 1374/3040/250 1074/3036/1532 1375/3038/1531
f 1338/3037/323 1078/3039/1533 1079/3041/323
f 1074/3036/1532 1374/3040/250 1073/3042/1531
f 1079/3041/323 1370/3043/1534 1338/3037/323
f 1373/3044/323 1073/3042/1531 1374/3040/250
f 1370/3043/1534 1079/3041/323 1369/3045/1531
f 1073/3042/1531 1373/3044/323 1072/3046/1531
f 1369/3045/1531 1079/3041/323 1080/3047/1535
f 695/3048/1531 1072/3046/1531 1373/3044/323
f 1369/3045/1531 1080/3047/1535 1368/3049/1531
f 695/3048/1531 1259/3050/1536 1072/3046/1531
f 1081/3051/1537 1368/3049/1531 1080/3047/1535
f 695/3048/1531 691/3052/1538 1259/3050/1536
f 1081/3051/1537 609/3053/1537 1368/3049/1531
f 691/3052/1538 1260/3054/1539 1259/3050/1536
f 1082/3055/1539 609/3053/1537 1081/3051/1537
f 1260/3054/1539 691/3052/1538 697/3056/1539
f 605/3057/1539 609/3053/1537 1082/3055/1539
f 1260/3054/1539 697/3056/1539 699/3058/1539
f 1083/3059/1540 605/3057/1539 1082/3055/1539
f 699/3058/1539 1261/3060/1541 1260/3054/1539
f 605/3057/1539 1083/3059/1540 611/3061/1540
f 1261/3060/1541 699/3058/1539 63/3062/1539
f 1083/3059/1540 613/3063/1539 611/3061/1540
f 65/3064/1542 1261/3060/1541 63/3062/1539
f 1084/3065/1543 613/3063/1539 1083/3059/1540
f 613/3063/1539 1084/3065/1543 65/3064/1542
f 1261/3060/1541 65/3064/1542 1084/3065/1543
f 1275/3066/1544 1297/3067/1545 1501/3068/1546
f 1297/3067/1545 1299/3069/1547 1501/3068/1546
f 1275/3066/1544 1501/3068/1546 1276/3070/1548
f 1502/3071/1549 1276/3070/1548 1501/3068/1546
f 1503/3072/1550 1501/3068/1546 1299/3069/1547
f 1502/3071/1549 1501/3068/1546 1503/3072/1550
f 1300/3073/1551 1503/3072/1550 1299/3069/1547
f 1276/3070/1548 1502/3071/1549 1277/3074/1552
f 1503/3072/1550 1300/3073/1551 1504/3075/1553
f 1301/3076/1554 1504/3075/1553 1300/3073/1551
f 1505/3077/1555 1502/3071/1549 1503/3072/1550
f 1505/3077/1555 1503/3072/1550 1504/3075/1553
f 1506/3078/1556 1277/3074/1552 1502/3071/1549
f 1277/3074/1552 1506/3078/1556 1278/3079/1557
f 1507/3080/1558 1502/3071/1549 1505/3077/1555
f 1502/3071/1549 1507/3080/1558 1506/3078/1556
f 1504/3075/1553 1301/3076/1554 1508/3081/1559
f 1303/3082/1560 1508/3081/1559 1301/3076/1554
f 1504/3075/1553 1509/3083/1561 1505/3077/1555
f 1509/3083/1561 1504/3075/1553 1508/3081/1559
f 1508/3081/1559 1303/3082/1560 1510/3084/1562
f 1509/3083/1561 1508/3081/1559 1510/3084/1562
f 1510/3084/1562 1303/3082/1560 1305/3085/1563
f 1511/3086/1564 1505/3077/1555 1509/3083/1561
f 1505/3077/1555 1511/3086/1564 1507/3080/1558
f 1509/3083/1561 1510/3084/1562 1512/3087/1565
f 1509/3083/1561 1512/3087/1565 1511/3086/1564
f 1513/3088/1566 1510/3084/1562 1305/3085/1563
f 1510/3084/1562 1513/3088/1566 1512/3087/1565
f 1308/3089/1567 1513/3088/1566 1305/3085/1563
f 1513/3088/1566 1308/3089/1567 1514/3090/1568
f 1512/3087/1565 1513/3088/1566 1514/3090/1568
f 1309/3091/1569 1514/3090/1568 1308/3089/1567
f 1512/3087/1565 1514/3090/1568 1515/3092/1570
f 1514/3090/1568 1309/3091/1569 1516/3093/1571
f 1514/3090/1568 1516/3093/1571 1515/3092/1570
f 1309/3091/1569 1310/3094/1572 1516/3093/1571
f 1378/3095/1573 1516/3093/1571 1310/3094/1572
f 1516/3093/1571 1378/3095/1573 1515/3092/1570
f 1379/3096/1574 1515/3092/1570 1378/3095/1573
f 1512/3087/1565 1515/3092/1570 1517/3097/1575
f 1511/3086/1564 1512/3087/1565 1517/3097/1575
f 1515/3092/1570 1379/3096/1574 1518/3098/1576
f 1517/3097/1575 1515/3092/1570 1518/3098/1576
f 1380/3099/1577 1518/3098/1576 1379/3096/1574
f 1381/3100/1578 1518/3098/1576 1380/3099/1577
f 1518/3098/1576 1381/3100/1578 1519/3101/1579
f 1519/3101/1579 1517/3097/1575 1518/3098/1576
f 1519/3101/1579 1381/3100/1578 1382/3102/1580
f 1520/3103/1581 1511/3086/1564 1517/3097/1575
f 1517/3097/1575 1519/3101/1579 1520/3103/1581
f 1519/3101/1579 1382/3102/1580 1521/3104/1582
f 1521/3104/1582 1520/3103/1581 1519/3101/1579
f 1521/3104/1582 1382/3102/1580 1383/3105/1583
f 1511/3086/1564 1520/3103/1581 1522/3106/1584
f 1520/3103/1581 1521/3104/1582 1523/3107/1585
f 1523/3107/1585 1522/3106/1584 1520/3103/1581
f 1522/3106/1584 1507/3080/1558 1511/3086/1564
f 1521/3104/1582 1383/3105/1583 1524/3108/1586
f 1524/3108/1586 1383/3105/1583 1324/3109/1587
f 1524/3108/1586 1324/3109/1587 1323/3110/1588
f 1524/3108/1586 1525/3111/1589 1521/3104/1582
f 1323/3110/1588 1525/3111/1589 1524/3108/1586
f 1525/3111/1589 1523/3107/1585 1521/3104/1582
f 1525/3111/1589 1323/3110/1588 1322/3112/1590
f 1525/3111/1589 1322/3112/1590 1526/3113/1591
f 1525/3111/1589 1526/3113/1591 1523/3107/1585
f 1526/3113/1591 1322/3112/1590 1319/3114/1592
f 1319/3114/1592 1527/3115/1593 1526/3113/1591
f 1526/3113/1591 1527/3115/1593 1523/3107/1585
f 1527/3115/1593 1319/3114/1592 1317/3116/1594
f 1317/3116/1594 1528/3117/1595 1527/3115/1593
f 1528/3117/1595 1317/3116/1594 1315/3118/1596
f 1527/3115/1593 1529/3119/1597 1523/3107/1585
f 1527/3115/1593 1528/3117/1595 1529/3119/1597
f 1522/3106/1584 1523/3107/1585 1529/3119/1597
f 1315/3118/1596 1530/3120/1598 1528/3117/1595
f 1530/3120/1598 1529/3119/1597 1528/3117/1595
f 1530/3120/1598 1315/3118/1596 1314/3121/1599
f 1531/3122/1600 1522/3106/1584 1529/3119/1597
f 1529/3119/1597 1530/3120/1598 1531/3122/1600
f 1314/3121/1599 1532/3123/1601 1530/3120/1598
f 1531/3122/1600 1530/3120/1598 1532/3123/1601
f 1532/3123/1601 1314/3121/1599 1313/3124/1602
f 1522/3106/1584 1531/3122/1600 1533/3125/1603
f 1507/3080/1558 1522/3106/1584 1533/3125/1603
f 1533/3125/1603 1506/3078/1556 1507/3080/1558
f 1534/3126/1604 1533/3125/1603 1531/3122/1600
f 1531/3122/1600 1532/3123/1601 1534/3126/1604
f 1506/3078/1556 1533/3125/1603 1535/3127/1605
f 1534/3126/1604 1535/3127/1605 1533/3125/1603
f 1535/3127/1605 1278/3079/1557 1506/3078/1556
f 1278/3079/1557 1535/3127/1605 1279/3128/1606
f 1279/3128/1606 1535/3127/1605 1280/3129/1607
f 1280/3129/1607 1535/3127/1605 1534/3126/1604
f 1534/3126/1604 1281/3130/1608 1280/3129/1607
f 1532/3123/1601 1536/3131/1609 1534/3126/1604
f 1281/3130/1608 1534/3126/1604 1536/3131/1609
f 1313/3124/1602 1536/3131/1609 1532/3123/1601
f 1281/3130/1608 1536/3131/1609 1282/3132/1610
f 1313/3124/1602 1311/3133/1611 1536/3131/1609
f 1311/3133/1611 1282/3132/1610 1536/3131/1609
usemtl Sto_A_Strike_095_TranAttack_ni_Glass
f 1537/3134/1612 1538/3135/1613 1539/3136/1614
f 1538/3135/1613 1537/3134/1612 1540/3137/1613
f 1541/3138/1615 1538/3139/1616 1540/3140/1617
f 1540/3140/1617 1542/3141/1618 1541/3138/1615
f 1543/3142/1619 1544/3143/1620 1545/3144/1621
f 1546/3145/1621 1545/3144/1621 1544/3143/1620
f 1547/3146/1614 1548/3147/1612 1549/3148/1622
f 1548/3147/1612 1547/3146/1614 1550/3149/1613
f 1548/3150/1618 1551/3151/1615 1549/3152/1623
f 1549/3152/1623 1551/3151/1615 1552/3153/1617
f 1553/3154/1624 1554/3155/1625 1555/3156/1624
f 1553/3154/1624 1555/3156/1624 1556/3157/1626
f 1557/3158/23 1558/3159/23 1559/3160/23
f 1559/3160/23 1558/3159/23 1560/3161/23
f 1560/3161/23 1561/3162/23 1559/3160/23
f 1560/3161/23 1562/3163/23 1561/3162/23
f 1562/3163/23 1563/3164/23 1561/3162/23
f 1564/3165/833 1561/3162/23 1563/3164/23
f 1565/3166/23 1561/3162/23 1564/3165/833
f 1561/3162/23 1565/3166/23 1566/3167/23
f 1565/3166/23 1567/3168/23 1566/3167/23
f 1565/3166/23 1568/3169/23 1567/3168/23
f 1568/3169/23 1569/3170/23 1567/3168/23
f 1569/3170/23 1568/3169/23 1570/3171/23
f 1570/3171/23 1571/3172/833 1569/3170/23
f 1572/3173/23 1569/3170/23 1571/3172/833
f 1572/3173/23 1573/3174/23 1569/3170/23
f 1573/3174/23 1572/3173/23 1574/3175/23
f 1575/3176/23 1573/3174/23 1574/3175/23
f 1576/3177/1627 1541/3178/1612 1542/3179/1612
f 1542/3179/1612 1577/3180/883 1576/3177/1627
f 1576/3177/1627 1577/3180/883 1578/3181/1628
f 1577/3180/883 1579/3182/1629 1578/3181/1628
f 1578/3181/1628 1579/3182/1629 1580/3183/901
f 1581/3184/1630 1580/3183/901 1579/3182/1629
f 1582/3185/1631 1580/3183/901 1581/3184/1630
f 1581/3184/1630 1583/3186/1632 1582/3185/1631
f 1582/3185/1631 1583/3186/1632 1584/3187/1633
f 1585/3188/1634 1584/3187/1633 1583/3186/1632
f 1584/3187/1633 1585/3188/1634 1586/3189/1635
f 1587/3190/1636 1586/3189/1635 1585/3188/1634
f 1587/3190/1636 1588/3191/1637 1586/3189/1635
f 1588/3191/1637 1587/3190/1636 1589/3192/1638
f 1588/3191/1637 1589/3192/1638 1590/3193/162
f 1591/3194/1639 1590/3193/162 1589/3192/1638
f 1590/3193/162 1591/3194/1639 1592/3195/1640
f 1593/3196/1641 1592/3195/1640 1591/3194/1639
f 1594/3197/1642 1592/3195/1640 1593/3196/1641
f 1593/3196/1641 1595/3198/1640 1594/3197/1642
f 1595/3198/1640 1596/3199/1643 1594/3197/1642
f 1596/3199/1643 1595/3198/1640 1597/3200/162
f 1597/3200/162 1598/3201/1644 1596/3199/1643
f 1598/3201/1644 1597/3200/162 1599/3202/40
f 1598/3201/1644 1599/3202/40 1600/3203/1645
f 1599/3202/40 1601/3204/1646 1600/3203/1645
f 1600/3203/1645 1601/3204/1646 1602/3205/1628
f 1601/3204/1646 1603/3206/1647 1602/3205/1628
f 1602/3205/1628 1603/3206/1647 1604/3207/1648
f 1605/3208/1649 1604/3207/1648 1603/3206/1647
f 1605/3208/1649 1606/3209/59 1604/3207/1648
f 1606/3209/59 1605/3208/1649 1607/3210/1650
f 1606/3209/59 1607/3210/1650 1608/3211/1651
f 1607/3210/1650 1609/3212/1652 1608/3211/1651
f 1608/3211/1651 1609/3212/1652 1543/3213/19
f 1609/3212/1652 1544/3214/486 1543/3213/19
f 1599/3215/1653 1603/3216/1654 1601/3217/1655
f 1603/3216/1654 1599/3215/1653 1597/3218/1656
f 1597/3218/1656 1605/3219/1657 1603/3216/1654
f 1605/3219/1657 1597/3218/1656 1595/3220/1658
f 1595/3220/1658 1607/3221/1653 1605/3219/1657
f 1607/3221/1653 1595/3220/1658 1593/3222/1659
f 1591/3223/1660 1607/3221/1653 1593/3222/1659
f 1589/3224/1661 1607/3221/1653 1591/3223/1660
f 1589/3224/1661 1610/3225/1662 1607/3221/1653
f 1610/3225/1662 1589/3224/1661 1587/3226/1663
f 1610/3225/1662 1587/3226/1663 1585/3227/1653
f 1610/3225/1662 1585/3227/1653 1583/3228/1660
f 1610/3225/1662 1583/3228/1660 1581/3229/1664
f 1610/3225/1662 1581/3229/1664 1579/3230/1656
f 1610/3225/1662 1579/3230/1656 1577/3231/1665
f 1542/3232/1653 1610/3225/1662 1577/3231/1665
f 1542/3232/1653 1540/3233/1666 1610/3225/1662
f 1540/3233/1666 1537/3234/1667 1610/3225/1662
f 1611/3235/1668 1610/3225/1662 1537/3234/1667
f 1611/3235/1668 1612/3236/1669 1610/3225/1662
f 1607/3221/1653 1610/3225/1662 1609/3237/1670
f 1610/3225/1662 1546/3238/1658 1609/3237/1670
f 1544/3239/1671 1609/3237/1670 1546/3238/1658
f 1546/3238/1658 1610/3225/1662 1613/3240/1672
f 1612/3236/1669 1614/3241/1673 1610/3225/1662
f 1610/3225/1662 1614/3241/1673 1613/3240/1672
f 1614/3241/1673 1612/3236/1669 1615/3242/1674
f 1616/3243/1675 1614/3241/1673 1615/3242/1674
f 1613/3240/1672 1614/3241/1673 1616/3243/1675
f 1617/3244/1676 1616/3243/1675 1615/3242/1674
f 1618/3245/1677 1613/3240/1672 1616/3243/1675
f 1617/3244/1676 1618/3245/1677 1616/3243/1675
f 1618/3245/1677 1619/3246/1678 1613/3240/1672
f 1618/3245/1677 1617/3244/1676 1620/3247/1679
f 1619/3246/1678 1618/3245/1677 1621/3248/1680
f 1621/3248/1680 1618/3245/1677 1620/3247/1679
f 1622/3249/1681 1619/3246/1678 1621/3248/1680
f 1623/3250/1682 1621/3248/1680 1620/3247/1679
f 1623/3250/1682 1622/3249/1681 1621/3248/1680
f 1623/3250/1682 1624/3251/1683 1622/3249/1681
f 1566/3252/1684 1624/3251/1683 1623/3250/1682
f 1567/3253/1685 1624/3251/1683 1566/3252/1684
f 1624/3251/1683 1567/3253/1685 1625/3254/1685
f 1602/3255/1686 1598/3256/1687 1600/3257/1688
f 1598/3256/1687 1602/3255/1686 1596/3258/1689
f 1604/3259/1690 1596/3258/1689 1602/3255/1686
f 1604/3259/1690 1594/3260/1686 1596/3258/1689
f 1604/3259/1690 1592/3261/1687 1594/3260/1686
f 1606/3262/1691 1592/3261/1687 1604/3259/1690
f 1606/3262/1691 1590/3263/1692 1592/3261/1687
f 1588/3264/1689 1590/3263/1692 1606/3262/1691
f 1626/3265/1693 1588/3264/1689 1606/3262/1691
f 1588/3264/1689 1626/3265/1693 1586/3266/1690
f 1626/3265/1693 1584/3267/1686 1586/3266/1690
f 1582/3268/1692 1584/3267/1686 1626/3265/1693
f 1580/3269/1687 1582/3268/1692 1626/3265/1693
f 1578/3270/1690 1580/3269/1687 1626/3265/1693
f 1576/3271/1694 1578/3270/1690 1626/3265/1693
f 1541/3272/1686 1576/3271/1694 1626/3265/1693
f 1541/3272/1686 1626/3265/1693 1538/3273/1690
f 1538/3273/1690 1626/3265/1693 1539/3274/1690
f 1606/3262/1691 1627/3275/1690 1626/3265/1693
f 1626/3265/1693 1627/3275/1690 1628/3276/1687
f 1626/3265/1693 1628/3276/1687 1629/3277/1695
f 1628/3276/1687 1630/3278/1686 1629/3277/1695
f 1606/3262/1691 1631/3279/1689 1627/3275/1690
f 1631/3279/1689 1632/3280/1690 1627/3275/1690
f 1631/3279/1689 1606/3262/1691 1608/3281/1696
f 1631/3279/1689 1633/3282/1692 1632/3280/1690
f 1543/3283/1692 1631/3279/1689 1608/3281/1696
f 1631/3279/1689 1634/3284/1692 1633/3282/1692
f 1631/3279/1689 1543/3283/1692 1545/3285/1686
f 1631/3279/1689 1635/3286/1687 1634/3284/1692
f 1636/3287/1687 1631/3279/1689 1545/3285/1686
f 1631/3279/1689 1636/3287/1687 1635/3286/1687
f 1551/3288/1697 1637/3289/1698 1552/3290/1699
f 1552/3290/1699 1637/3289/1698 1638/3291/1700
f 1637/3289/1698 1639/3292/1701 1638/3291/1700
f 1638/3291/1700 1639/3292/1701 1640/3293/1702
f 1641/3294/1703 1640/3293/1702 1639/3292/1701
f 1642/3295/1632 1640/3293/1702 1641/3294/1703
f 1642/3295/1632 1641/3294/1703 1643/3296/1647
f 1642/3295/1632 1643/3296/1647 1644/3297/1704
f 1644/3297/1704 1643/3296/1647 1645/3298/1635
f 1644/3297/1704 1645/3298/1635 1646/3299/1705
f 1645/3298/1635 1647/3300/39 1646/3299/1705
f 1647/3300/39 1648/3301/1706 1646/3299/1705
f 1648/3301/1706 1647/3300/39 1649/3302/162
f 1648/3301/1706 1649/3302/162 1650/3303/1707
f 1650/3303/1707 1649/3302/162 1651/3304/1708
f 1650/3303/1707 1651/3304/1708 1652/3305/1709
f 1651/3304/1708 1653/3306/1710 1652/3305/1709
f 1652/3305/1709 1653/3306/1710 1654/3307/1711
f 1653/3306/1710 1655/3308/1712 1654/3307/1711
f 1654/3307/1711 1655/3308/1712 1656/3309/1713
f 1655/3308/1712 1657/3310/1714 1656/3309/1713
f 1656/3309/1713 1657/3310/1714 1658/3311/1715
f 1658/3311/1715 1657/3310/1714 1659/3312/1716
f 1660/3313/1717 1658/3311/1715 1659/3312/1716
f 1661/3314/1636 1660/3313/1717 1659/3312/1716
f 1660/3313/1717 1661/3314/1636 1662/3315/1627
f 1661/3314/1636 1556/3316/19 1662/3315/1627
f 1662/3315/1627 1556/3316/19 1555/3317/19
f 1657/3318/1718 1655/3319/1719 1653/3320/1720
f 1657/3318/1718 1653/3320/1720 1651/3321/1721
f 1659/3322/1722 1657/3318/1718 1651/3321/1721
f 1659/3322/1722 1651/3321/1721 1649/3323/1723
f 1647/3324/1724 1659/3322/1722 1649/3323/1723
f 1647/3324/1724 1663/3325/1723 1659/3322/1722
f 1663/3325/1723 1647/3324/1724 1645/3326/1725
f 1663/3325/1723 1645/3326/1725 1643/3327/1722
f 1641/3328/1726 1663/3325/1723 1643/3327/1722
f 1639/3329/1722 1663/3325/1723 1641/3328/1726
f 1637/3330/1725 1663/3325/1723 1639/3329/1722
f 1551/3331/1725 1663/3325/1723 1637/3330/1725
f 1551/3331/1725 1548/3332/1725 1663/3325/1723
f 1548/3332/1725 1550/3333/1721 1663/3325/1723
f 1664/3334/1727 1663/3325/1723 1665/3335/1726
f 1666/3336/1725 1663/3325/1723 1664/3334/1727
f 1659/3322/1722 1663/3325/1723 1666/3336/1725
f 1666/3336/1725 1667/3337/1723 1659/3322/1722
f 1659/3322/1722 1667/3337/1723 1661/3338/1722
f 1667/3337/1723 1666/3336/1725 1668/3339/1725
f 1667/3337/1723 1556/3340/1728 1661/3338/1722
f 1667/3337/1723 1668/3339/1725 1669/3341/1722
f 1556/3340/1728 1667/3337/1723 1553/3342/1725
f 1667/3337/1723 1669/3341/1722 1670/3343/1725
f 1671/3344/1725 1553/3342/1725 1667/3337/1723
f 1667/3337/1723 1670/3343/1725 1671/3344/1725
f 1654/3345/1729 1656/3346/1730 1658/3347/1731
f 1660/3221/1732 1654/3345/1729 1658/3347/1731
f 1654/3345/1729 1660/3221/1732 1652/3222/1733
f 1650/3223/1734 1652/3222/1733 1660/3221/1732
f 1648/3224/1735 1650/3223/1734 1660/3221/1732
f 1672/3225/1736 1648/3224/1735 1660/3221/1732
f 1648/3224/1735 1672/3225/1736 1646/3226/1737
f 1672/3225/1736 1644/3227/1738 1646/3226/1737
f 1672/3225/1736 1642/3228/1738 1644/3227/1738
f 1672/3225/1736 1640/3229/1739 1642/3228/1738
f 1672/3225/1736 1638/3231/1740 1640/3229/1739
f 1552/3232/1738 1638/3231/1740 1672/3225/1736
f 1552/3232/1738 1672/3225/1736 1549/3233/1741
f 1549/3233/1741 1672/3225/1736 1547/3234/1742
f 1673/3235/1743 1547/3234/1742 1672/3225/1736
f 1673/3235/1743 1672/3225/1736 1674/3236/1744
f 1662/3237/1745 1672/3225/1736 1660/3221/1732
f 1672/3225/1736 1662/3237/1745 1554/3238/1738
f 1555/3239/1738 1554/3238/1738 1662/3237/1745
f 1554/3238/1738 1675/3240/1746 1672/3225/1736
f 1674/3236/1744 1672/3225/1736 1676/3241/1747
f 1672/3225/1736 1675/3240/1746 1676/3241/1747
f 1676/3241/1747 1677/3242/1748 1674/3236/1744
f 1678/3243/1749 1677/3242/1748 1676/3241/1747
f 1675/3240/1746 1678/3243/1749 1676/3241/1747
f 1678/3243/1749 1679/3244/1750 1677/3242/1748
f 1680/3245/1751 1678/3243/1749 1675/3240/1746
f 1680/3245/1751 1679/3244/1750 1678/3243/1749
f 1680/3245/1751 1675/3240/1746 1681/3348/1752
f 1680/3245/1751 1682/3247/1753 1679/3244/1750
f 1683/3248/1754 1682/3247/1753 1680/3245/1751
f 1681/3348/1752 1683/3248/1754 1680/3245/1751
f 1683/3248/1754 1684/3250/1755 1682/3247/1753
f 1681/3348/1752 1684/3250/1755 1683/3248/1754
f 1684/3250/1755 1681/3348/1752 1625/3251/1756
f 1625/3251/1756 1567/3252/1757 1684/3250/1755
f 1611/3349/1758 1558/3350/1758 1557/3351/1758
f 1558/3350/1758 1611/3349/1758 1685/3352/1758
f 1611/3349/1758 1539/3353/1759 1685/3352/1758
f 1539/3353/1759 1611/3349/1758 1537/3354/1758
f 1566/3355/1760 1623/3356/1761 1561/3357/1762
f 1623/3356/1761 1620/3358/1763 1561/3357/1762
f 1561/3357/1762 1620/3358/1763 1617/3359/1764
f 1561/3357/1762 1617/3359/1764 1559/3360/1765
f 1615/3361/1766 1559/3360/1765 1617/3359/1764
f 1615/3361/1766 1612/3362/1767 1559/3360/1765
f 1612/3362/1767 1611/3363/1768 1559/3360/1765
f 1611/3363/1768 1557/3364/1769 1559/3360/1765
f 1613/3365/338 1545/3366/24 1546/3367/24
f 1545/3366/24 1613/3365/338 1636/3368/24
f 1686/3369/24 1636/3368/24 1613/3365/338
f 1619/3370/24 1686/3369/24 1613/3365/338
f 1686/3369/24 1619/3370/24 1687/3371/24
f 1687/3371/24 1619/3370/24 1688/3372/686
f 1622/3373/338 1688/3372/686 1619/3370/24
f 1689/3374/1770 1688/3372/686 1622/3373/338
f 1689/3374/1770 1622/3373/338 1624/3375/338
f 1689/3374/1770 1624/3375/338 1690/3376/24
f 1690/3376/24 1624/3375/338 1691/3377/24
f 1624/3375/338 1692/3378/338 1691/3377/24
f 1624/3375/338 1625/3379/24 1692/3378/338
f 1693/3380/338 1692/3378/338 1625/3379/24
f 1694/3381/686 1693/3380/338 1625/3379/24
f 1681/3382/686 1694/3381/686 1625/3379/24
f 1695/3383/686 1694/3381/686 1681/3382/686
f 1675/3384/338 1695/3383/686 1681/3382/686
f 1695/3383/686 1675/3384/338 1671/3385/338
f 1675/3384/338 1553/3386/24 1671/3385/338
f 1553/3386/24 1675/3384/338 1554/3387/24
f 1568/3388/1771 1565/3389/1772 1696/3390/1771
f 1697/3391/1771 1696/3390/1771 1565/3389/1772
f 1696/3390/1771 1697/3391/1771 1698/3392/1771
f 1696/3390/1771 1698/3392/1771 1699/3393/1773
f 1699/3393/1773 1698/3392/1771 1700/3394/1772
f 1700/3394/1772 1698/3392/1771 1701/3395/1772
f 1700/3394/1772 1701/3395/1772 1702/3396/1772
f 1702/3396/1772 1701/3395/1772 1703/3397/1772
f 1704/3398/1772 1702/3396/1772 1703/3397/1772
f 1704/3398/1772 1705/3399/1772 1702/3396/1772
f 1574/3400/1774 1673/3401/1774 1575/3402/1774
f 1673/3401/1774 1574/3400/1774 1706/3403/1774
f 1706/3403/1774 1550/3404/1775 1673/3401/1774
f 1673/3401/1774 1550/3404/1775 1547/3405/1776
f 1567/3355/1777 1569/3357/1778 1684/3356/1779
f 1684/3356/1779 1569/3357/1778 1682/3358/1780
f 1569/3357/1778 1679/3359/1781 1682/3358/1780
f 1679/3359/1781 1569/3357/1778 1573/3360/1782
f 1679/3359/1781 1573/3360/1782 1677/3361/1783
f 1677/3361/1783 1573/3360/1782 1674/3362/1784
f 1674/3362/1784 1573/3360/1782 1673/3363/1785
f 1673/3363/1785 1573/3360/1782 1575/3364/1786
f 1663/3406/1787 1550/3407/287 1706/3408/12
f 1707/3409/1076 1663/3406/1787 1706/3408/12
f 1663/3406/1787 1707/3409/1076 1708/3410/1788
f 1665/3411/1789 1663/3406/1787 1708/3410/1788
f 1665/3411/1789 1708/3410/1788 1664/3412/1790
f 1664/3412/1790 1708/3410/1788 1709/3413/1791
f 1666/3414/1792 1664/3412/1790 1709/3413/1791
f 1666/3414/1792 1709/3413/1791 1710/3415/1793
f 1710/3415/1793 1668/3416/1794 1666/3414/1792
f 1711/3417/1795 1668/3416/1794 1710/3415/1793
f 1711/3417/1795 1669/3418/1796 1668/3416/1794
f 1712/3419/1797 1669/3418/1796 1711/3417/1795
f 1712/3419/1797 1711/3417/1795 1713/3420/1798
f 1713/3420/1798 1572/3421/1799 1712/3419/1797
f 1712/3419/1797 1572/3421/1799 1571/3422/1800
f 1712/3419/1797 1670/3423/1801 1669/3418/1796
f 1714/3424/1802 1712/3419/1797 1571/3422/1800
f 1670/3423/1801 1712/3419/1797 1714/3424/1802
f 1570/3425/1803 1714/3424/1802 1571/3422/1800
f 1695/3426/1804 1671/3427/1805 1670/3423/1801
f 1696/3428/1806 1714/3424/1802 1570/3425/1803
f 1696/3428/1806 1570/3425/1803 1568/3429/1807
f 1670/3423/1801 1714/3424/1802 1715/3430/1808
f 1696/3428/1806 1715/3430/1808 1714/3424/1802
f 1695/3426/1804 1670/3423/1801 1715/3430/1808
f 1696/3428/1806 1716/3431/1809 1715/3430/1808
f 1715/3430/1808 1716/3431/1809 1695/3426/1804
f 1696/3428/1806 1699/3432/1810 1716/3431/1809
f 1716/3431/1809 1694/3433/1811 1695/3426/1804
f 1699/3432/1810 1694/3433/1811 1716/3431/1809
f 1700/3434/1812 1694/3433/1811 1699/3432/1810
f 1694/3433/1811 1700/3434/1812 1702/3435/1813
f 1702/3435/1813 1693/3436/107 1694/3433/1811
f 1693/3436/107 1702/3435/1813 1705/3437/1814
f 1705/3437/1814 1692/3438/1815 1693/3436/107
f 1692/3438/1815 1705/3437/1814 1691/3439/1816
f 1691/3439/1816 1705/3437/1814 1704/3440/1817
f 1691/3439/1816 1704/3440/1817 1690/3441/1230
f 1703/3442/1818 1690/3441/1230 1704/3440/1817
f 1690/3441/1230 1703/3442/1818 1689/3443/1819
f 1701/3444/1820 1689/3443/1819 1703/3442/1818
f 1701/3444/1820 1688/3445/1821 1689/3443/1819
f 1701/3444/1820 1698/3446/1822 1688/3445/1821
f 1717/3447/1823 1688/3445/1821 1698/3446/1822
f 1717/3447/1823 1687/3448/1824 1688/3445/1821
f 1697/3449/1825 1717/3447/1823 1698/3446/1822
f 1718/3450/1826 1687/3448/1824 1717/3447/1823
f 1697/3449/1825 1718/3450/1826 1717/3447/1823
f 1687/3448/1824 1718/3450/1826 1635/3451/1827
f 1686/3452/1828 1687/3448/1824 1635/3451/1827
f 1686/3452/1828 1635/3451/1827 1636/3453/1829
f 1635/3451/1827 1718/3450/1826 1719/3454/1830
f 1697/3449/1825 1719/3454/1830 1718/3450/1826
f 1697/3449/1825 1564/3455/1831 1719/3454/1830
f 1697/3449/1825 1565/3456/1832 1564/3455/1831
f 1564/3455/1831 1563/3457/1833 1719/3454/1830
f 1635/3451/1827 1719/3454/1830 1720/3458/1834
f 1719/3454/1830 1563/3457/1833 1720/3458/1834
f 1563/3457/1833 1562/3459/1835 1720/3458/1834
f 1720/3458/1834 1562/3459/1835 1560/3460/1836
f 1721/3461/1837 1720/3458/1834 1560/3460/1836
f 1720/3458/1834 1634/3462/1838 1635/3451/1827
f 1720/3458/1834 1721/3461/1837 1722/3463/1839
f 1720/3458/1834 1722/3463/1839 1634/3462/1838
f 1722/3463/1839 1633/3464/1066 1634/3462/1838
f 1722/3463/1839 1723/3465/1840 1633/3464/1066
f 1633/3464/1066 1723/3465/1840 1632/3466/1841
f 1724/3467/1842 1632/3466/1841 1723/3465/1840
f 1724/3467/1842 1627/3468/1843 1632/3466/1841
f 1627/3468/1843 1724/3467/1842 1725/3469/1844
f 1627/3468/1843 1725/3469/1844 1628/3470/1845
f 1628/3470/1845 1725/3469/1844 1726/3471/1846
f 1630/3472/1847 1628/3470/1845 1726/3471/1846
f 1726/3471/1846 1727/3473/1056 1630/3472/1847
f 1727/3473/1056 1629/3474/1848 1630/3472/1847
f 1629/3474/1848 1727/3473/1056 1626/3475/1849
f 1727/3473/1056 1728/3476/1850 1626/3475/1849
f 1728/3476/1850 1685/3477/49 1626/3475/1849
f 1685/3477/49 1539/3478/277 1626/3475/1849
f 1707/3479/1851 1706/3480/1852 1574/3481/1853
f 1708/3482/1854 1707/3479/1851 1574/3481/1853
f 1709/3483/1855 1708/3482/1854 1574/3481/1853
f 1710/3484/1856 1709/3483/1855 1574/3481/1853
f 1711/3485/1853 1710/3484/1856 1574/3481/1853
f 1574/3481/1853 1713/3486/1857 1711/3485/1853
f 1572/3487/1858 1713/3486/1857 1574/3481/1853
f 1728/3488/1859 1558/3489/1860 1685/3490/1861
f 1727/3491/1862 1558/3489/1860 1728/3488/1859
f 1558/3489/1860 1727/3491/1862 1726/3492/1863
f 1725/3493/1864 1558/3489/1860 1726/3492/1863
f 1724/3494/1865 1558/3489/1860 1725/3493/1864
f 1723/3495/1866 1558/3489/1860 1724/3494/1865
f 1722/3496/1865 1558/3489/1860 1723/3495/1866
f 1558/3489/1860 1722/3496/1865 1721/3497/1867
f 1560/3498/1868 1558/3489/1860 1721/3497/1867
