# Blender 5.2.1 LTS
# www.blender.org
mtllib 1004PROJECK.mtl
o Cube.002
v 0.463242 0.259300 -0.093996
v 0.477369 0.277373 -0.160726
v 0.474759 0.248822 -0.096378
v 0.460388 0.253664 -0.117887
v 0.465157 0.204386 -0.077022
v 0.465157 0.235239 -0.077022
v 0.469050 0.204386 -0.076916
v 0.469050 0.235239 -0.076916
v 0.463242 0.259300 0.094886
v 0.477369 0.277373 0.161616
v 0.474759 0.248822 0.097268
v 0.460388 0.253664 0.118777
v 0.465157 0.204386 0.077912
v 0.465157 0.235239 0.077912
v 0.469050 0.204386 0.077806
v 0.469050 0.235239 0.077806
v 0.463242 0.259300 0.093996
v 0.477369 0.277373 0.160726
v 0.474759 0.248822 0.096378
v 0.460388 0.253664 0.117887
v 0.465157 0.204386 0.077022
v 0.465157 0.235239 0.077022
v 0.469050 0.204386 0.076916
v 0.469050 0.235239 0.076916
v 0.463242 0.259300 -0.094886
v 0.477369 0.277373 -0.161616
v 0.474759 0.248822 -0.097268
v 0.460388 0.253664 -0.118777
v 0.465157 0.204386 -0.077912
v 0.465157 0.235239 -0.077912
v 0.469050 0.204386 -0.077806
v 0.469050 0.235239 -0.077806
vn -0.9715 0.2287 0.0621
vn 0.5791 0.5790 0.5740
vn -0.0272 -0.0000 0.9996
vn 0.8064 0.3824 0.4511
vn -0.3429 -0.3119 -0.8861
vn 0.2117 -0.8815 -0.4221
vn -0.9715 0.2288 -0.0621
vn 0.5791 0.5790 -0.5740
vn -0.0272 -0.0000 -0.9996
vn 0.8064 0.3824 -0.4511
vn -0.3429 -0.3119 0.8861
vn 0.2117 -0.8815 0.4221
vt 0.375000 0.000000
vt 0.625000 0.000000
vt 0.625000 0.250000
vt 0.375000 0.250000
vt 0.625000 0.500000
vt 0.375000 0.500000
vt 0.625000 0.750000
vt 0.375000 0.750000
vt 0.625000 1.000000
vt 0.375000 1.000000
vt 0.125000 0.500000
vt 0.125000 0.750000
vt 0.875000 0.500000
vt 0.875000 0.750000
s 1
usemtl 材質.003
f 1/1/1 2/2/1 4/3/1 3/4/1
f 3/4/2 4/3/2 8/5/2 7/6/2
f 7/6/3 8/5/3 6/7/3 5/8/3
f 5/8/4 6/7/4 2/9/4 1/10/4
f 3/11/5 7/6/5 5/8/5 1/12/5
f 8/5/6 4/13/6 2/14/6 6/7/6
f 9/1/7 11/4/7 12/3/7 10/2/7
f 11/4/8 15/6/8 16/5/8 12/3/8
f 15/6/9 13/8/9 14/7/9 16/5/9
f 13/8/10 9/10/10 10/9/10 14/7/10
f 11/11/11 9/12/11 13/8/11 15/6/11
f 16/5/12 14/7/12 10/14/12 12/13/12
f 17/1/7 19/4/7 20/3/7 18/2/7
f 19/4/8 23/6/8 24/5/8 20/3/8
f 23/6/9 21/8/9 22/7/9 24/5/9
f 21/8/10 17/10/10 18/9/10 22/7/10
f 19/11/11 17/12/11 21/8/11 23/6/11
f 24/5/12 22/7/12 18/14/12 20/13/12
f 25/1/1 26/2/1 28/3/1 27/4/1
f 27/4/2 28/3/2 32/5/2 31/6/2
f 31/6/3 32/5/3 30/7/3 29/8/3
f 29/8/4 30/7/4 26/9/4 25/10/4
f 27/11/5 31/6/5 29/8/5 25/12/5
f 32/5/6 28/13/6 26/14/6 30/7/6
o Cube.001
v 0.262613 0.293583 0.076409
v 0.260184 0.251367 0.062576
v 0.250412 0.293583 0.080289
v 0.249517 0.293583 0.068458
v 0.252738 0.293583 0.073500
v 0.253020 0.293583 0.089912
v 0.255611 0.293583 0.082157
v 0.255158 0.293583 0.080266
v 0.259999 0.293583 -0.075768
v 0.258047 0.251367 -0.061859
v 0.247672 0.293583 -0.079226
v 0.247184 0.293583 -0.067371
v 0.250230 0.293583 -0.072521
v 0.249949 0.293583 -0.088933
v 0.252805 0.293583 -0.081272
v 0.252416 0.293583 -0.079367
v 0.260184 0.335799 0.062576
v 0.258047 0.335799 -0.061859
vn -0.4681 -0.4318 0.7710
vn -0.0000 1.0000 -0.0000
vn -0.8152 0.0061 -0.5791
vn 0.9705 0.1819 -0.1585
vn -0.4943 -0.4318 -0.7544
vn -0.7948 0.0061 0.6068
vn 0.9753 0.1820 0.1251
vn -0.4681 0.4318 0.7710
vn -0.8152 -0.0061 -0.5791
vn 0.9705 -0.1819 -0.1585
vn -0.4943 0.4318 -0.7544
vn -0.7948 -0.0061 0.6068
vn 0.9753 -0.1820 0.1251
vt 0.375000 0.000000
vt 0.375000 0.250000
vt 0.625000 0.250000
vt 0.625000 0.000000
vt 0.375000 0.500000
vt 0.625000 0.500000
vt 0.375000 0.750000
vt 0.625000 0.750000
vt 0.375000 1.000000
vt 0.625000 1.000000
vt 0.125000 0.500000
vt 0.125000 0.750000
vt 0.875000 0.750000
vt 0.875000 0.500000
s 1
usemtl 材質.002
f 33/15/13 35/16/13 36/17/13 34/18/13
f 35/16/14 39/19/14 40/20/14 36/17/14
f 39/19/14 37/21/14 38/22/14 40/20/14
f 37/21/15 33/23/15 34/24/15 38/22/15
f 35/25/14 33/26/14 37/21/14 39/19/14
f 40/20/16 38/22/16 34/27/16 36/28/16
f 41/15/17 42/18/17 44/17/17 43/16/17
f 43/16/14 44/17/14 48/20/14 47/19/14
f 47/19/14 48/20/14 46/22/14 45/21/14
f 45/21/18 46/22/18 42/24/18 41/23/18
f 43/25/14 47/19/14 45/21/14 41/26/14
f 48/20/19 44/28/19 42/27/19 46/22/19
f 33/15/20 49/18/20 36/17/20 35/16/20
f 37/21/21 38/22/21 49/24/21 33/23/21
f 40/20/22 36/28/22 49/27/22 38/22/22
f 41/15/23 43/16/23 44/17/23 50/18/23
f 45/21/24 41/23/24 50/24/24 46/22/24
f 48/20/25 46/22/25 50/27/25 44/28/25
o Cube.003
v 0.414896 0.259300 -0.093996
v 0.429023 0.277373 -0.160726
v 0.426413 0.248822 -0.096378
v 0.412042 0.253664 -0.117887
v 0.416811 0.204386 -0.077022
v 0.416811 0.235239 -0.077022
v 0.420704 0.204386 -0.076916
v 0.420704 0.235239 -0.076916
v 0.414896 0.259300 0.094886
v 0.429023 0.277373 0.161616
v 0.426413 0.248822 0.097268
v 0.412042 0.253664 0.118777
v 0.416811 0.204386 0.077912
v 0.416811 0.235239 0.077912
v 0.420704 0.204386 0.077806
v 0.420704 0.235239 0.077806
v 0.414896 0.259300 0.093996
v 0.429023 0.277373 0.160726
v 0.426413 0.248822 0.096378
v 0.412042 0.253664 0.117887
v 0.416811 0.204386 0.077022
v 0.416811 0.235239 0.077022
v 0.420704 0.204386 0.076916
v 0.420704 0.235239 0.076916
v 0.414896 0.259300 -0.094886
v 0.429023 0.277373 -0.161616
v 0.426413 0.248822 -0.097268
v 0.412042 0.253664 -0.118777
v 0.416811 0.204386 -0.077912
v 0.416811 0.235239 -0.077912
v 0.420704 0.204386 -0.077806
v 0.420704 0.235239 -0.077806
vn -0.9715 0.2288 0.0621
vn 0.5791 0.5790 0.5740
vn -0.0272 -0.0000 0.9996
vn 0.8064 0.3824 0.4511
vn -0.3429 -0.3119 -0.8861
vn 0.2117 -0.8815 -0.4221
vn -0.9715 0.2288 -0.0621
vn 0.5791 0.5790 -0.5740
vn -0.0272 -0.0000 -0.9996
vn 0.8064 0.3824 -0.4511
vn -0.3429 -0.3119 0.8861
vn 0.2117 -0.8815 0.4221
vt 0.375000 0.000000
vt 0.625000 0.000000
vt 0.625000 0.250000
vt 0.375000 0.250000
vt 0.625000 0.500000
vt 0.375000 0.500000
vt 0.625000 0.750000
vt 0.375000 0.750000
vt 0.625000 1.000000
vt 0.375000 1.000000
vt 0.125000 0.500000
vt 0.125000 0.750000
vt 0.875000 0.500000
vt 0.875000 0.750000
s 1
usemtl 材質.004
f 51/29/26 52/30/26 54/31/26 53/32/26
f 53/32/27 54/31/27 58/33/27 57/34/27
f 57/34/28 58/33/28 56/35/28 55/36/28
f 55/36/29 56/35/29 52/37/29 51/38/29
f 53/39/30 57/34/30 55/36/30 51/40/30
f 58/33/31 54/41/31 52/42/31 56/35/31
f 59/29/32 61/32/32 62/31/32 60/30/32
f 61/32/33 65/34/33 66/33/33 62/31/33
f 65/34/34 63/36/34 64/35/34 66/33/34
f 63/36/35 59/38/35 60/37/35 64/35/35
f 61/39/36 59/40/36 63/36/36 65/34/36
f 66/33/37 64/35/37 60/42/37 62/41/37
f 67/29/32 69/32/32 70/31/32 68/30/32
f 69/32/33 73/34/33 74/33/33 70/31/33
f 73/34/34 71/36/34 72/35/34 74/33/34
f 71/36/35 67/38/35 68/37/35 72/35/35
f 69/39/36 67/40/36 71/36/36 73/34/36
f 74/33/37 72/35/37 68/42/37 70/41/37
f 75/29/26 76/30/26 78/31/26 77/32/26
f 77/32/27 78/31/27 82/33/27 81/34/27
f 81/34/28 82/33/28 80/35/28 79/36/28
f 79/36/29 80/35/29 76/37/29 75/38/29
f 77/39/30 81/34/30 79/36/30 75/40/30
f 82/33/31 78/41/31 76/42/31 80/35/31
o Cube.004
v 0.412108 0.200700 0.093996
v 0.426235 0.182627 0.160726
v 0.423625 0.211178 0.096378
v 0.409254 0.206336 0.117887
v 0.414023 0.255614 0.077022
v 0.414023 0.224761 0.077022
v 0.417916 0.255614 0.076916
v 0.417916 0.224761 0.076916
v 0.412108 0.200700 -0.094886
v 0.426235 0.182627 -0.161616
v 0.423625 0.211178 -0.097268
v 0.409254 0.206336 -0.118777
v 0.414023 0.255614 -0.077912
v 0.414023 0.224761 -0.077912
v 0.417916 0.255614 -0.077806
v 0.417916 0.224761 -0.077806
v 0.412108 0.200700 -0.093996
v 0.426235 0.182627 -0.160726
v 0.423625 0.211178 -0.096378
v 0.409254 0.206336 -0.117887
v 0.414023 0.255614 -0.077022
v 0.414023 0.224761 -0.077022
v 0.417916 0.255614 -0.076916
v 0.417916 0.224761 -0.076916
v 0.412108 0.200700 0.094886
v 0.426235 0.182627 0.161616
v 0.423625 0.211178 0.097268
v 0.409254 0.206336 0.118777
v 0.414023 0.255614 0.077912
v 0.414023 0.224761 0.077912
v 0.417916 0.255614 0.077806
v 0.417916 0.224761 0.077806
vn -0.9715 -0.2288 -0.0621
vn 0.5791 -0.5790 -0.5740
vn -0.0272 -0.0000 -0.9996
vn 0.8064 -0.3824 -0.4511
vn -0.3429 0.3119 0.8861
vn 0.2117 0.8815 0.4221
vn -0.9715 -0.2288 0.0621
vn 0.5791 -0.5790 0.5740
vn -0.0272 -0.0000 0.9996
vn 0.8064 -0.3824 0.4511
vn -0.3429 0.3119 -0.8861
vn 0.2117 0.8815 -0.4221
vt 0.375000 0.000000
vt 0.625000 0.000000
vt 0.625000 0.250000
vt 0.375000 0.250000
vt 0.625000 0.500000
vt 0.375000 0.500000
vt 0.625000 0.750000
vt 0.375000 0.750000
vt 0.625000 1.000000
vt 0.375000 1.000000
vt 0.125000 0.500000
vt 0.125000 0.750000
vt 0.875000 0.500000
vt 0.875000 0.750000
s 1
usemtl 材質.007
f 83/43/38 84/44/38 86/45/38 85/46/38
f 85/46/39 86/45/39 90/47/39 89/48/39
f 89/48/40 90/47/40 88/49/40 87/50/40
f 87/50/41 88/49/41 84/51/41 83/52/41
f 85/53/42 89/48/42 87/50/42 83/54/42
f 90/47/43 86/55/43 84/56/43 88/49/43
f 91/43/44 93/46/44 94/45/44 92/44/44
f 93/46/45 97/48/45 98/47/45 94/45/45
f 97/48/46 95/50/46 96/49/46 98/47/46
f 95/50/47 91/52/47 92/51/47 96/49/47
f 93/53/48 91/54/48 95/50/48 97/48/48
f 98/47/49 96/49/49 92/56/49 94/55/49
f 99/43/44 101/46/44 102/45/44 100/44/44
f 101/46/45 105/48/45 106/47/45 102/45/45
f 105/48/46 103/50/46 104/49/46 106/47/46
f 103/50/47 99/52/47 100/51/47 104/49/47
f 101/53/48 99/54/48 103/50/48 105/48/48
f 106/47/49 104/49/49 100/56/49 102/55/49
f 107/43/38 108/44/38 110/45/38 109/46/38
f 109/46/39 110/45/39 114/47/39 113/48/39
f 113/48/40 114/47/40 112/49/40 111/50/40
f 111/50/41 112/49/41 108/51/41 107/52/41
f 109/53/42 113/48/42 111/50/42 107/54/42
f 114/47/43 110/55/43 108/56/43 112/49/43
o Cube.005
v 0.460454 0.200700 0.093996
v 0.474581 0.182627 0.160726
v 0.471971 0.211178 0.096378
v 0.457600 0.206336 0.117887
v 0.462369 0.255614 0.077022
v 0.462369 0.224761 0.077022
v 0.466262 0.255614 0.076916
v 0.466262 0.224761 0.076916
v 0.460454 0.200700 -0.094886
v 0.474581 0.182627 -0.161616
v 0.471971 0.211178 -0.097268
v 0.457600 0.206336 -0.118777
v 0.462369 0.255614 -0.077912
v 0.462369 0.224761 -0.077912
v 0.466262 0.255614 -0.077806
v 0.466262 0.224761 -0.077806
v 0.460454 0.200700 -0.093996
v 0.474581 0.182627 -0.160726
v 0.471971 0.211178 -0.096378
v 0.457600 0.206336 -0.117887
v 0.462369 0.255614 -0.077022
v 0.462369 0.224761 -0.077022
v 0.466262 0.255614 -0.076916
v 0.466262 0.224761 -0.076916
v 0.460454 0.200700 0.094886
v 0.474581 0.182627 0.161616
v 0.471971 0.211178 0.097268
v 0.457600 0.206336 0.118777
v 0.462369 0.255614 0.077912
v 0.462369 0.224761 0.077912
v 0.466262 0.255614 0.077806
v 0.466262 0.224761 0.077806
vn -0.9715 -0.2288 -0.0621
vn 0.5791 -0.5790 -0.5740
vn -0.0272 -0.0000 -0.9996
vn 0.8064 -0.3824 -0.4511
vn -0.3429 0.3119 0.8861
vn 0.2117 0.8815 0.4221
vn -0.9715 -0.2287 0.0621
vn 0.5791 -0.5790 0.5740
vn -0.0272 -0.0000 0.9996
vn 0.8064 -0.3824 0.4511
vn -0.3429 0.3119 -0.8861
vn 0.2117 0.8815 -0.4221
vn -0.9715 -0.2288 0.0621
vn -0.9715 -0.2287 -0.0621
vt 0.375000 0.000000
vt 0.625000 0.000000
vt 0.625000 0.250000
vt 0.375000 0.250000
vt 0.625000 0.500000
vt 0.375000 0.500000
vt 0.625000 0.750000
vt 0.375000 0.750000
vt 0.625000 1.000000
vt 0.375000 1.000000
vt 0.125000 0.500000
vt 0.125000 0.750000
vt 0.875000 0.500000
vt 0.875000 0.750000
s 1
usemtl 材質.008
f 115/57/50 116/58/50 118/59/50 117/60/50
f 117/60/51 118/59/51 122/61/51 121/62/51
f 121/62/52 122/61/52 120/63/52 119/64/52
f 119/64/53 120/63/53 116/65/53 115/66/53
f 117/67/54 121/62/54 119/64/54 115/68/54
f 122/61/55 118/69/55 116/70/55 120/63/55
f 123/57/56 125/60/56 126/59/56 124/58/56
f 125/60/57 129/62/57 130/61/57 126/59/57
f 129/62/58 127/64/58 128/63/58 130/61/58
f 127/64/59 123/66/59 124/65/59 128/63/59
f 125/67/60 123/68/60 127/64/60 129/62/60
f 130/61/61 128/63/61 124/70/61 126/69/61
f 131/57/62 133/60/62 134/59/62 132/58/62
f 133/60/57 137/62/57 138/61/57 134/59/57
f 137/62/58 135/64/58 136/63/58 138/61/58
f 135/64/59 131/66/59 132/65/59 136/63/59
f 133/67/60 131/68/60 135/64/60 137/62/60
f 138/61/61 136/63/61 132/70/61 134/69/61
f 139/57/63 140/58/63 142/59/63 141/60/63
f 141/60/51 142/59/51 146/61/51 145/62/51
f 145/62/52 146/61/52 144/63/52 143/64/52
f 143/64/53 144/63/53 140/65/53 139/66/53
f 141/67/54 145/62/54 143/64/54 139/68/54
f 146/61/55 142/69/55 140/70/55 144/63/55
o Cube.006
v 0.358588 0.200700 0.093996
v 0.372715 0.182627 0.160726
v 0.370105 0.211178 0.096378
v 0.355734 0.206336 0.117887
v 0.360503 0.255614 0.077022
v 0.360503 0.224761 0.077022
v 0.364396 0.255614 0.076916
v 0.364396 0.224761 0.076916
v 0.358588 0.200700 -0.094886
v 0.372715 0.182627 -0.161616
v 0.370105 0.211178 -0.097268
v 0.355734 0.206336 -0.118777
v 0.360503 0.255614 -0.077912
v 0.360503 0.224761 -0.077912
v 0.364396 0.255614 -0.077806
v 0.364396 0.224761 -0.077806
v 0.358588 0.200700 -0.093996
v 0.372715 0.182627 -0.160726
v 0.370105 0.211178 -0.096378
v 0.355734 0.206336 -0.117887
v 0.360503 0.255614 -0.077022
v 0.360503 0.224761 -0.077022
v 0.364396 0.255614 -0.076916
v 0.364396 0.224761 -0.076916
v 0.358588 0.200700 0.094886
v 0.372715 0.182627 0.161616
v 0.370105 0.211178 0.097268
v 0.355734 0.206336 0.118777
v 0.360503 0.255614 0.077912
v 0.360503 0.224761 0.077912
v 0.364396 0.255614 0.077806
v 0.364396 0.224761 0.077806
vn -0.9715 -0.2288 -0.0621
vn 0.5791 -0.5790 -0.5740
vn -0.0272 -0.0000 -0.9996
vn 0.8064 -0.3824 -0.4511
vn -0.3429 0.3119 0.8861
vn 0.2117 0.8815 0.4221
vn -0.9715 -0.2287 0.0621
vn 0.5791 -0.5790 0.5740
vn -0.0272 -0.0000 0.9996
vn 0.8064 -0.3824 0.4511
vn -0.3429 0.3119 -0.8861
vn 0.2117 0.8815 -0.4221
vn -0.9715 -0.2288 0.0621
vn -0.9715 -0.2287 -0.0621
vt 0.375000 0.000000
vt 0.625000 0.000000
vt 0.625000 0.250000
vt 0.375000 0.250000
vt 0.625000 0.500000
vt 0.375000 0.500000
vt 0.625000 0.750000
vt 0.375000 0.750000
vt 0.625000 1.000000
vt 0.375000 1.000000
vt 0.125000 0.500000
vt 0.125000 0.750000
vt 0.875000 0.500000
vt 0.875000 0.750000
s 1
usemtl 材質.009
f 147/71/64 148/72/64 150/73/64 149/74/64
f 149/74/65 150/73/65 154/75/65 153/76/65
f 153/76/66 154/75/66 152/77/66 151/78/66
f 151/78/67 152/77/67 148/79/67 147/80/67
f 149/81/68 153/76/68 151/78/68 147/82/68
f 154/75/69 150/83/69 148/84/69 152/77/69
f 155/71/70 157/74/70 158/73/70 156/72/70
f 157/74/71 161/76/71 162/75/71 158/73/71
f 161/76/72 159/78/72 160/77/72 162/75/72
f 159/78/73 155/80/73 156/79/73 160/77/73
f 157/81/74 155/82/74 159/78/74 161/76/74
f 162/75/75 160/77/75 156/84/75 158/83/75
f 163/71/76 165/74/76 166/73/76 164/72/76
f 165/74/71 169/76/71 170/75/71 166/73/71
f 169/76/72 167/78/72 168/77/72 170/75/72
f 167/78/73 163/80/73 164/79/73 168/77/73
f 165/81/74 163/82/74 167/78/74 169/76/74
f 170/75/75 168/77/75 164/84/75 166/83/75
f 171/71/77 172/72/77 174/73/77 173/74/77
f 173/74/65 174/73/65 178/75/65 177/76/65
f 177/76/66 178/75/66 176/77/66 175/78/66
f 175/78/67 176/77/67 172/79/67 171/80/67
f 173/81/68 177/76/68 175/78/68 171/82/68
f 178/75/69 174/83/69 172/84/69 176/77/69
o Cube.010
v -1.161752 -0.025385 0.072377
v -1.145789 -0.044000 0.123759
v -1.148738 -0.014592 0.074211
v -1.164978 -0.019580 0.090773
v -1.159589 0.031177 0.059307
v -1.159589 -0.000602 0.059307
v -1.155190 0.031177 0.059225
v -1.155190 -0.000602 0.059225
v -1.161752 -0.025385 -0.073062
v -1.145789 -0.044000 -0.124444
v -1.148738 -0.014592 -0.074896
v -1.164978 -0.019580 -0.091458
v -1.159589 0.031177 -0.059992
v -1.159589 -0.000602 -0.059992
v -1.155190 0.031177 -0.059910
v -1.155190 -0.000602 -0.059910
v -1.161752 -0.025385 -0.072377
v -1.145789 -0.044000 -0.123759
v -1.148738 -0.014592 -0.074211
v -1.164978 -0.019580 -0.090773
v -1.159589 0.031177 -0.059307
v -1.159589 -0.000602 -0.059307
v -1.155190 0.031177 -0.059225
v -1.155190 -0.000602 -0.059225
v -1.161752 -0.025385 0.073062
v -1.145789 -0.044000 0.124444
v -1.148738 -0.014592 0.074897
v -1.164978 -0.019580 0.091458
v -1.159589 0.031177 0.059992
v -1.159589 -0.000602 0.059992
v -1.155190 0.031177 0.059911
v -1.155190 -0.000602 0.059911
vn -0.9642 -0.2491 -0.0905
vn 0.4812 -0.5278 -0.6999
vn -0.0186 -0.0000 -0.9998
vn 0.7172 -0.3730 -0.5887
vn -0.2471 0.2466 0.9371
vn 0.1812 0.8281 0.5305
vn -0.9642 -0.2491 0.0905
vn 0.4812 -0.5278 0.6999
vn -0.0186 -0.0000 0.9998
vn 0.7172 -0.3730 0.5887
vn -0.2471 0.2466 -0.9371
vn 0.1812 0.8281 -0.5305
vn -0.0184 -0.0000 -0.9998
vn -0.2472 0.2466 0.9371
vt 0.375000 0.000000
vt 0.625000 0.000000
vt 0.625000 0.250000
vt 0.375000 0.250000
vt 0.625000 0.500000
vt 0.375000 0.500000
vt 0.625000 0.750000
vt 0.375000 0.750000
vt 0.625000 1.000000
vt 0.375000 1.000000
vt 0.125000 0.500000
vt 0.125000 0.750000
vt 0.875000 0.500000
vt 0.875000 0.750000
s 1
usemtl 材質.013
f 179/85/78 180/86/78 182/87/78 181/88/78
f 181/88/79 182/87/79 186/89/79 185/90/79
f 185/90/80 186/89/80 184/91/80 183/92/80
f 183/92/81 184/91/81 180/93/81 179/94/81
f 181/95/82 185/90/82 183/92/82 179/96/82
f 186/89/83 182/97/83 180/98/83 184/91/83
f 187/85/84 189/88/84 190/87/84 188/86/84
f 189/88/85 193/90/85 194/89/85 190/87/85
f 193/90/86 191/92/86 192/91/86 194/89/86
f 191/92/87 187/94/87 188/93/87 192/91/87
f 189/95/88 187/96/88 191/92/88 193/90/88
f 194/89/89 192/91/89 188/98/89 190/97/89
f 195/85/84 197/88/84 198/87/84 196/86/84
f 197/88/85 201/90/85 202/89/85 198/87/85
f 201/90/86 199/92/86 200/91/86 202/89/86
f 199/92/87 195/94/87 196/93/87 200/91/87
f 197/95/88 195/96/88 199/92/88 201/90/88
f 202/89/89 200/91/89 196/98/89 198/97/89
f 203/85/78 204/86/78 206/87/78 205/88/78
f 205/88/79 206/87/79 210/89/79 209/90/79
f 209/90/90 210/89/90 208/91/90 207/92/90
f 207/92/81 208/91/81 204/93/81 203/94/81
f 205/95/91 209/90/91 207/92/91 203/96/91
f 210/89/83 206/97/83 204/98/83 208/91/83
o 内构.002
v -1.000141 0.031134 -0.089860
v -1.072307 0.055237 -0.098266
v -1.059456 0.059402 -0.087131
v -1.066267 0.057764 -0.098266
v -1.048692 0.061178 -0.087131
v -1.011895 0.065548 -0.100449
v -1.007062 0.065343 -0.100449
v -1.002448 0.064387 -0.100449
v -1.001570 0.065616 -0.098266
v -0.997066 0.063909 -0.098266
v -0.999482 0.034412 -0.089860
v -1.043309 0.043766 -0.089860
v -1.067475 0.048204 -0.091935
v -0.997615 0.030452 -0.091935
v -0.995418 0.031476 -0.091935
v -0.996626 0.032432 -0.091935
v -0.995199 0.033320 -0.091935
v -1.064728 0.052574 -0.091935
v -1.066925 0.052164 -0.091935
v -1.066595 0.051140 -0.091935
v -1.068573 0.050936 -0.091935
v -1.068792 0.049433 -0.091935
v -1.068573 0.050936 -0.100449
v -1.077360 0.051960 -0.098266
v -1.077360 0.051960 -0.087131
v -1.070989 0.054213 -0.100449
v -1.066925 0.052164 -0.100449
v -1.043309 0.037690 -0.089860
v -1.041222 0.028609 -0.089860
v -1.042760 0.031407 -0.089860
v -1.038805 0.026082 -0.089860
v -1.042870 0.031544 -0.087131
v -1.041442 0.028813 -0.087131
v -1.070550 0.053325 -0.087131
v -1.065387 0.054555 -0.087131
v -1.000691 0.030042 -0.074905
v -1.000691 0.030042 -0.089970
v -1.181929 0.015362 0.016904
v -1.190936 0.016933 0.016904
v -1.218396 0.014201 0.016904
v -1.248713 0.018025 0.016904
v -0.994979 0.012767 -0.069446
v -0.994979 0.011880 -0.067591
v -1.105246 0.066813 0.043738
v -1.105246 0.068794 0.051597
v -1.252874 0.063467 0.042863
v -1.287912 0.071046 0.043846
v -1.444436 0.081903 0.043301
v -1.441361 0.089687 0.029109
v -1.437187 0.087638 0.032493
v -1.437187 0.087638 0.039698
v -1.327016 0.089687 0.038389
v -1.292525 0.092213 0.036750
v -1.293954 0.095422 0.034676
v -1.294064 0.099519 0.024415
v -1.294064 0.102045 0.012952
v -1.294064 0.102865 0.000944
v -1.294064 0.101977 -0.011173
v -1.290879 0.091189 -0.039557
v -1.285825 0.088731 -0.042613
v -1.282091 0.080811 -0.037810
v -1.441361 0.060873 -0.039557
v -1.443667 0.063808 -0.040867
v -1.437187 0.080059 -0.047417
v -1.441361 0.078011 -0.039557
v -1.062957 0.088731 -0.042613
v -0.945427 0.083406 -0.047526
v -0.942132 0.084088 -0.047089
v -0.939166 0.084429 -0.046761
v -1.100633 0.070500 0.050505
v -1.105247 0.082176 0.043082
v -1.101622 0.081083 0.043846
v -1.000348 0.089209 -0.042067
v -0.997382 0.089345 -0.041959
v -1.001117 0.071319 -0.052439
v -1.004631 0.072071 -0.052329
v -1.107114 0.072822 -0.047417
v -1.107444 0.074597 -0.047417
v -1.109969 0.077805 -0.047417
v -1.114363 0.079991 -0.047417
v -1.114363 0.079991 -0.038356
v -1.119965 0.080811 -0.047417
v -1.282091 0.080811 -0.047417
v -1.286594 0.074460 0.043192
v -1.336353 0.058073 -0.037810
v -1.336353 0.058073 -0.047417
v -1.331190 0.058824 -0.047417
v -1.327016 0.060873 -0.047417
v -1.439494 0.050084 0.044720
v -1.435979 0.051245 0.045921
v -1.432024 0.051723 0.046357
v -1.259244 0.057800 0.039698
v -1.065923 0.088116 -0.043377
v -0.315729 0.126936 -0.005103
v -0.315729 0.125628 0.003630
v -1.417421 -0.001359 -0.061552
v -1.417421 -0.001359 -0.058496
v -1.414675 0.007313 -0.063517
v -1.408414 0.012229 -0.063517
v -1.412478 0.010248 -0.063517
v -1.321529 -0.062811 0.016720
v -1.321529 -0.062811 -0.014064
v -1.365212 -0.074671 0.037763
v -1.254816 -0.100613 0.051240
v -1.331771 -0.083064 0.047676
v -1.294164 -0.081677 0.043518
v -1.248790 -0.097924 0.042128
v -1.291339 -0.094289 -0.051167
v -1.278721 -0.096438 -0.042031
v -1.333574 -0.092031 -0.042811
v -1.306756 -0.086115 -0.041858
v -1.275263 -0.091208 -0.041642
v -1.477173 -0.082810 0.000798
v -1.464064 -0.077719 0.019989
v -1.457486 -0.081400 0.032469
v -1.466758 -0.081795 0.031884
v -1.359941 0.059276 0.117591
v -1.327533 0.088025 0.084894
v -1.373774 0.041619 0.122869
v -1.398716 0.018959 0.133797
v -1.352661 0.053689 0.118915
v -1.490978 -0.045423 0.067427
v -1.450506 -0.013587 0.099496
v -1.433232 -0.006564 0.116927
v -1.454257 -0.018466 0.109713
v -1.474361 -0.036070 0.088736
v -1.490874 -0.067145 0.023323
v -1.502081 -0.072515 0.019290
v -1.489419 -0.072825 0.030401
v -1.314351 0.076129 -0.094637
v -1.307106 0.078332 -0.083792
v -1.364237 0.056078 -0.086331
v -1.374432 0.053761 -0.077179
v -1.328844 0.077038 -0.084428
v -1.381266 0.055818 -0.078540
v -1.437994 -0.073127 -0.048068
v -1.453202 -0.078120 -0.034935
v -1.418680 -0.076674 -0.045962
v -1.328653 -0.070797 -0.049775
v -1.301203 -0.077142 -0.045816
v -1.300506 -0.071973 -0.050768
v -1.424576 -0.081044 -0.049577
v -1.303875 -0.076399 -0.060560
v -1.333932 -0.078965 -0.049605
v -0.374467 0.089336 0.158506
v -0.370891 0.087834 0.151374
v -0.379275 0.048167 0.167440
v -0.349903 0.134597 0.111397
v -0.358264 0.095639 0.151175
v -1.446459 -0.092144 -0.054857
v -1.455029 -0.086513 -0.055355
v -1.402383 -0.092238 -0.056973
v -1.370961 -0.089160 -0.040967
v -1.385491 -0.085376 -0.046872
v -1.436896 -0.086601 -0.047475
v -1.472258 -0.090846 -0.029796
v -1.475720 -0.090138 0.007596
v -1.480326 -0.092072 -0.034801
v -1.476820 -0.083780 -0.032446
v -1.481205 -0.083907 0.006542
v -1.258821 -0.083111 -0.051218
v -1.261315 -0.091921 -0.050959
v -1.297410 -0.081041 -0.056242
v -1.360462 -0.094900 0.044778
v -1.290354 -0.102980 0.042601
v -1.293651 -0.104798 0.050939
v -1.356696 -0.092969 0.038262
v -1.362816 -0.088813 0.038138
v -1.272101 -0.101281 0.043402
v -1.251562 -0.095705 0.056699
v -1.366001 -0.069236 0.048125
v -1.376089 -0.069190 0.040130
v -1.486944 -0.052031 -0.045605
v -1.480182 -0.053212 -0.042564
v -1.451045 -0.029961 -0.066435
v -1.493368 -0.077696 0.003255
v -1.488816 -0.072169 -0.025672
v -1.499035 -0.069558 0.011625
v -1.491726 -0.069465 -0.007087
v -1.498489 -0.066295 -0.030681
v -1.493543 -0.069066 -0.037108
v -1.447648 -0.032152 -0.077384
v -1.337268 0.079211 0.109048
v -1.324743 0.095952 0.078068
v -0.322849 0.112166 -0.121411
v -0.325112 0.071240 -0.154172
v -0.315133 0.060097 -0.160620
v -0.324297 0.098910 -0.146302
v -0.327138 0.058059 -0.167253
v -0.395025 0.058659 -0.178023
v -0.410028 0.012412 -0.164892
v -0.402991 0.021040 -0.178054
v -0.403703 0.072981 -0.172095
v -0.412325 0.024533 -0.177743
v -0.414984 0.015598 -0.168462
v -1.240262 -0.102472 -0.034429
v -1.252009 -0.106341 -0.036272
v -1.247067 -0.109035 -0.043808
v -1.238499 0.091142 -0.075819
v -1.265327 0.088948 -0.075113
v -1.224826 0.086576 -0.064915
v -1.196387 0.082017 -0.077271
v -1.263030 0.084520 -0.075823
v -1.257381 0.087496 -0.086468
v -1.493867 -0.042260 0.058142
v -1.515010 -0.060625 -0.013816
v -1.512350 -0.053819 0.019954
v -1.511136 -0.057926 0.031468
v -1.520781 -0.053346 -0.016595
v -1.511724 -0.053041 -0.017736
v -1.506436 -0.044474 0.059710
v -1.464022 -0.016894 0.096630
v -0.734204 0.016450 -0.143988
v -0.762159 0.016275 -0.140785
v -0.711047 0.008855 -0.128921
v -0.758589 0.012021 -0.145533
v -1.396904 0.057352 0.125835
v -1.373657 0.077678 0.093086
v -1.382016 0.065779 0.124627
v -1.347726 0.096854 0.072778
v -1.392547 0.068041 0.116926
v -1.123505 0.091869 -0.056365
v -1.061684 0.088503 -0.064781
v -1.100194 0.090930 -0.047221
v -0.957324 0.063576 -0.084542
v -1.052639 0.091567 -0.067217
v -0.957415 0.069193 -0.093082
v -1.102977 0.097704 -0.053008
v -1.189775 0.094410 -0.051346
v -1.105979 0.095420 -0.045379
v -1.005611 0.085373 -0.076985
v -1.052797 0.091860 -0.055317
v -0.987909 0.079644 -0.074444
v -0.987483 0.027521 -0.082729
v -0.891825 0.023200 -0.091235
v -0.978954 0.029630 -0.089911
v -0.965467 0.019790 -0.088175
v -0.899831 0.021296 -0.076979
v 0.332685 0.052274 -0.168917
v 0.331440 0.047876 -0.162120
v 0.205237 0.095387 -0.133536
v 0.346986 0.046259 -0.159756
v 0.313959 0.068402 -0.157648
v 0.231725 0.094584 -0.135279
v -1.006621 0.079743 -0.066150
v -0.934955 0.060714 -0.087255
v -0.867819 0.035694 -0.129440
v -0.865695 0.036068 -0.122330
v -0.864402 0.043006 -0.124514
v -0.855903 0.037256 -0.123382
v -0.772918 0.021450 -0.148560
v -1.454032 -0.072475 0.035764
v -1.396220 -0.067453 0.047648
v -1.431569 -0.078096 0.042295
v -1.444160 -0.075438 0.034759
v -1.480040 -0.077880 0.018963
v -1.474905 -0.074683 -0.021549
v -1.468097 -0.078060 -0.014569
v -1.475447 -0.074195 0.008251
v -1.471853 -0.077099 -0.037760
v -1.437466 -0.073886 -0.056150
v 0.518991 0.031805 -0.134545
v 0.531233 0.039174 -0.123982
v 0.419105 0.045938 -0.188515
v 0.554134 0.030769 -0.101314
v 0.560289 0.026926 -0.103342
v 0.596157 0.016024 -0.091872
v 0.460675 0.039721 -0.177974
v 0.566365 0.029188 -0.109803
v -1.188455 0.091807 -0.062211
v -1.254619 0.081115 -0.077183
v -1.219605 0.088359 -0.063286
v -1.320252 0.047486 -0.093907
v -1.290956 0.065047 -0.089029
v -1.312346 0.057995 -0.097553
v -1.272682 0.073656 -0.076806
v -1.315596 0.045711 -0.098111
v -1.421788 0.012608 0.122430
v -1.463079 -0.018754 0.106828
v -1.417218 0.016273 0.129441
v -1.406219 0.017890 0.122827
v -1.490685 -0.087529 -0.003522
v -1.483813 -0.087985 -0.036505
v -1.309872 0.054239 -0.107006
v -1.373436 0.023997 -0.103892
v -1.287179 0.069621 -0.099581
v -1.414970 -0.001110 -0.094822
v -1.395267 0.004386 -0.102902
v -1.452238 -0.030397 -0.079839
v -1.374641 0.012858 -0.101041
v -1.392886 0.007357 -0.090307
v -1.237912 -0.099310 0.010267
v -1.237043 -0.097562 -0.035275
v -1.236695 -0.105654 0.006973
v -1.223686 -0.099231 -0.012769
v -0.332195 0.148234 0.009736
v -0.340195 0.146223 0.063767
v -0.328405 0.154872 0.013892
v -0.336155 0.153201 0.065424
v -0.327126 0.150533 0.054764
v -0.338542 0.136646 0.098771
v -0.391439 0.122030 -0.110297
v -0.394369 0.094686 -0.151594
v -0.390284 0.111118 -0.145855
v -0.400671 0.109762 -0.148521
v -0.396778 0.133758 -0.093678
v -1.480910 -0.037516 -0.068204
v -1.512504 -0.051787 -0.043002
v -1.513613 -0.047334 -0.042329
v -1.461757 -0.023616 -0.066035
v -1.503932 -0.047412 -0.034258
v -1.507446 -0.054103 -0.036135
v -0.216571 0.014829 -0.149558
v -0.207169 0.040841 -0.160409
v -0.216888 0.017426 -0.159869
v -0.205676 0.014071 -0.151805
v -0.322962 0.025298 -0.168436
v -0.324807 0.017891 -0.154944
v -0.315008 0.025391 -0.160801
v -0.319409 -0.008395 -0.120087
v -0.317350 -0.011593 -0.134209
v -0.313299 0.008140 -0.151890
v -0.733886 0.041496 -0.130896
v -0.859625 0.023366 -0.084810
v -0.798696 0.026889 -0.118268
v -0.713153 0.041650 -0.141601
v -0.897380 0.025003 -0.080186
v -0.745537 0.042810 -0.140678
v -0.767687 0.034688 -0.133463
v -0.714190 0.045209 -0.145798
v -1.361098 0.066987 -0.088486
v -1.420764 0.024150 -0.088019
v -1.410842 0.033474 -0.081642
v -1.382458 0.053470 -0.088827
v -1.386060 0.043440 -0.088431
v -1.407618 0.028746 -0.079639
v -1.455218 -0.025165 -0.070663
v -0.456498 -0.022805 -0.165804
v -0.413615 -0.002509 -0.167944
v -0.445862 -0.022657 -0.159727
v -1.429603 -0.000602 -0.085507
v -1.442926 -0.000455 -0.077721
v -1.465201 -0.021088 -0.073930
v -1.456424 -0.026599 -0.076466
v -1.482313 -0.042113 -0.060944
v -1.461948 -0.024736 -0.080101
v -1.511263 -0.045814 -0.036210
v -1.483470 -0.033281 -0.057943
v -0.262803 -0.006234 0.136453
v -0.270893 -0.001201 0.133209
v -0.245593 0.018103 0.155140
v -0.252223 0.026369 0.152244
v -0.259431 0.007378 0.155187
v -0.532905 0.009570 0.190546
v -0.491821 -0.002920 0.184701
v -0.579125 0.026660 0.162894
v -0.539490 0.005094 0.187881
v -0.709127 0.044780 -0.128555
v -0.698022 0.046189 -0.138021
v -0.704488 0.049538 -0.131036
v -1.428246 -0.085113 0.046487
v -1.470611 -0.083618 0.034001
v -1.424987 -0.083950 0.053783
v -1.370786 -0.085550 0.042516
v -1.424525 -0.092729 0.053781
v -1.369233 -0.089797 0.052367
v -1.471884 -0.092321 0.035308
v -1.425378 -0.090458 0.045499
v -1.275190 -0.103775 0.055835
v -1.250198 -0.113654 0.045589
v -1.245728 -0.109720 0.050321
v -1.232454 -0.112936 0.038627
v -1.228433 -0.112594 0.009439
v -1.235476 -0.107836 0.033019
v -1.239393 -0.108299 0.028859
v -1.244582 -0.109462 -0.017334
v -1.247907 -0.111827 0.032824
v -1.306469 -0.094332 0.051392
v -1.249049 -0.104548 0.046904
v -0.313345 0.131165 -0.086539
v -0.320575 0.148735 0.000979
v -0.324875 0.132812 -0.076095
v -0.311863 0.094733 -0.145443
v -0.325078 0.132584 -0.091785
v -0.314001 0.114288 -0.132206
v 0.469637 0.006214 -0.138694
v 0.401805 0.020037 -0.163468
v 0.449734 0.011060 -0.157967
v 0.411027 0.022322 -0.157342
v 0.439619 0.020353 -0.160942
v 0.387708 0.037631 -0.165644
v 0.487332 0.010989 -0.128942
v 0.395323 0.026090 -0.172656
v 0.390456 0.036227 -0.173121
v -1.302728 -0.086880 -0.053777
v -1.372166 -0.087464 -0.055004
v 0.087249 0.121299 -0.071736
v 0.095882 0.116184 -0.070843
v 0.017924 0.123300 -0.040651
v 0.066769 0.121623 -0.049186
v 0.166417 0.104983 -0.101322
v -0.380406 0.149871 -0.008058
v -0.381968 0.140986 -0.039079
v -0.363062 0.143748 0.023678
v -0.376650 0.149417 -0.030340
v -0.390137 0.126010 -0.122397
v -0.361183 0.150352 0.017499
v 0.150350 0.094878 -0.123652
v 0.049537 0.106619 -0.057671
v -0.002884 0.108506 -0.037900
v 0.174506 0.096008 -0.126035
v 0.282900 0.080165 -0.172274
v 0.262071 0.081744 -0.158603
v 0.358685 0.056832 -0.182535
v 0.238728 0.080621 -0.158929
v 0.347462 0.051850 -0.185941
v 0.148709 0.099337 -0.127446
v -1.467880 -0.083075 -0.030145
v -1.009996 0.029676 -0.093054
v -1.077421 0.051224 -0.088631
v -1.117381 0.059918 -0.088698
v -1.196732 0.078961 -0.068240
v -1.074493 0.055698 -0.098890
v -1.194717 0.086223 -0.071752
v -1.074965 0.054251 -0.087464
v -0.292210 0.140622 0.048000
v -0.304282 0.125249 0.106685
v -0.295151 0.122175 0.105318
v -0.304113 0.118882 0.102823
v -0.314963 0.104251 0.151049
v -0.313798 0.099225 0.144051
v -0.443373 -0.015825 0.195017
v -0.388384 -0.026948 0.183718
v -0.407076 -0.019938 0.179537
v -0.338690 -0.030565 0.149887
v -0.432454 -0.011968 0.194256
v -0.373505 -0.023548 0.180244
v -1.485057 -0.092213 0.009401
v -1.476858 -0.087926 0.038331
v -1.486858 -0.087603 0.019140
v -1.465683 -0.090175 0.030878
v -1.497122 -0.044572 0.071945
v -1.525589 -0.056606 0.014944
v -1.270700 0.091169 -0.085747
v -1.307868 0.085516 -0.091113
v -1.331083 -0.089593 0.044057
v -1.424773 -0.086339 0.058317
v -0.242006 0.111911 0.117798
v -0.237006 0.125284 0.054197
v -0.242980 0.107957 0.109448
v -0.242652 0.130045 0.072691
v -0.233124 0.107487 0.116735
v -0.228089 0.133863 0.040855
v -1.439035 -0.078865 -0.056815
v -1.340438 -0.071715 -0.057585
v -1.235868 -0.100916 -0.049472
v -1.230208 -0.095594 -0.045925
v -1.244514 -0.091587 -0.056704
v -1.236827 -0.103140 -0.037394
v -0.454913 -0.022949 -0.169127
v -0.442976 -0.024036 -0.174401
v -0.502729 -0.005658 -0.190600
v -0.718308 0.048255 -0.142234
v -0.744518 0.043799 -0.130859
v -0.600136 0.037476 0.115825
v -0.594569 0.006353 0.137010
v -0.589602 0.007628 0.145252
v -0.567630 -0.005664 0.143607
v -0.487013 -0.008536 0.158003
v -0.501371 -0.011564 0.165270
v -0.466092 -0.003175 0.174852
v -0.549220 -0.006197 0.155291
v -0.586785 0.006194 0.134458
v -0.590157 0.035881 0.121567
v -1.439934 -0.075877 0.050359
v -1.439235 -0.070687 0.046865
v -1.385191 -0.072947 0.052471
v -1.390119 -0.075608 0.042701
v -0.859208 0.038068 -0.136008
v -0.200074 0.062973 -0.168393
v -0.186678 0.072373 -0.156363
v -0.195605 0.041708 -0.163929
v -0.166662 0.095098 -0.136511
v -0.162895 0.104456 -0.123141
v -0.197529 0.072662 -0.153577
v -0.182560 0.090878 -0.150007
v -1.356177 0.100426 0.073470
v -1.360408 0.098744 0.069226
v -1.462450 -0.007316 0.127550
v -1.480890 -0.043437 0.096125
v -1.462647 -0.019090 0.123358
v -1.430737 0.016589 0.146414
v -1.417987 0.041012 0.144937
v -1.440002 0.009930 0.129718
v -1.408692 0.036217 0.145063
v -1.478247 -0.049782 0.085138
v -1.319137 0.089362 0.088965
v -1.320302 0.099308 0.081511
v -1.501954 -0.073045 -0.010216
v -1.496899 -0.075911 -0.015610
v -1.375752 0.036262 0.135845
v -0.581071 0.067268 0.118891
v -0.588143 0.043367 0.143941
v -0.587068 0.069802 0.091933
v -0.597364 0.046962 0.147333
v -0.283599 0.084319 -0.136336
v -0.285828 0.084670 -0.146361
v -0.285296 0.049113 -0.154053
v -0.274015 0.128442 -0.076240
v -0.281676 0.105464 -0.111855
v -0.275283 0.108005 -0.122437
v -0.275939 0.077370 -0.151449
v -0.284549 0.112823 -0.114231
v -0.288906 0.136985 -0.051717
v -1.437578 -0.091520 -0.048161
v -0.305617 0.101199 0.149561
v -1.241346 -0.095997 0.044345
v -1.233593 -0.100312 0.045437
v -1.226927 -0.099071 0.009329
v -0.239653 -0.021148 0.101916
v -0.251420 -0.019424 0.094685
v -0.276991 -0.030607 0.113689
v -0.264477 -0.032612 0.118422
v -1.167416 0.090660 -0.051276
v -1.151296 0.097864 -0.057348
v -0.392774 0.088344 -0.168504
v -0.397085 0.060579 -0.167483
v -0.301827 -0.009985 0.046556
v -0.294099 -0.007088 0.044970
v -0.354655 0.125180 0.111794
v -0.294676 0.141472 0.007319
v -0.284029 0.128835 -0.057049
v -0.290727 0.135614 0.003687
v -0.295955 0.132651 0.054595
v -0.285375 0.137293 0.041588
v -0.279673 0.138882 -0.041900
v -1.412943 0.039646 0.137040
v -1.441405 0.015656 0.134802
v 0.156177 0.112966 -0.104918
v 0.207533 0.091113 -0.128745
v -1.285797 0.074565 -0.085491
v -1.239996 0.087332 -0.064979
v -1.497091 -0.076087 0.022543
v -1.497322 -0.064089 0.047273
v -1.494372 -0.069611 0.043583
v -1.481721 -0.037181 0.088890
v -1.196600 0.082748 -0.063780
v -0.136893 0.108880 -0.114980
v -0.164728 0.106947 -0.129966
v -0.139723 0.114076 -0.115800
v -1.285268 -0.087053 -0.047942
v -0.241147 0.083940 0.152849
v -0.244677 0.054376 0.154401
v -0.247437 0.051456 0.163065
v -0.235195 0.048278 0.161108
v -0.232513 0.083008 0.147869
v -0.527972 0.006209 -0.173551
v -0.578401 0.032525 -0.146664
v -0.542748 0.017591 -0.178113
v -0.572506 0.035956 -0.145852
v -1.265722 -0.083194 -0.060745
v -1.286848 -0.074479 -0.056474
v -1.221938 0.083401 -0.052994
v -1.254903 0.082006 -0.063004
v -0.243274 0.085237 0.139908
v -1.438193 -0.003403 -0.088378
v -1.521258 -0.059524 -0.017923
v -1.520940 -0.061672 0.011354
v -1.517740 -0.057430 0.037021
v -0.346689 0.134821 0.071139
v -0.333677 0.110553 0.138878
v -0.355028 0.144458 0.064373
v -0.338644 0.115068 0.144290
v -0.342084 0.140973 0.072397
v -0.328179 0.115619 0.143416
v 0.237642 0.085107 -0.163483
v 0.355189 0.056766 -0.190719
v 0.392222 0.040949 -0.187449
v 0.442980 0.035563 -0.176546
v 0.396454 0.044107 -0.193576
v 0.558977 -0.004535 -0.087899
v 0.557313 0.000292 -0.084106
v 0.566716 0.001460 -0.090820
v 0.604789 -0.005360 -0.093956
v 0.496045 0.009489 -0.135890
v 0.558196 -0.003546 -0.096635
v 0.623889 -0.012479 -0.088790
v 0.596621 -0.004198 -0.082698
v -0.326470 0.069073 0.182138
v -0.333180 0.087088 0.184292
v -0.322442 0.087042 0.183236
v 0.512768 0.037332 -0.149965
v -0.367632 0.010350 0.161251
v -0.376446 0.011875 0.156758
v -0.370348 0.047331 0.173061
v -0.377510 0.008654 0.165670
v -0.381369 0.047854 0.176936
v -1.313740 0.099396 0.055756
v -1.312367 0.093564 0.058964
v -1.309804 0.095205 0.073795
v -0.765345 0.015355 -0.152909
v -0.723078 0.010434 -0.144477
v -1.487269 -0.056212 -0.052475
v -1.455098 -0.026921 -0.073684
v -1.398557 0.008939 -0.092198
v -0.431617 0.009545 0.177946
v -0.375282 0.033361 0.178287
v -0.428403 0.004283 0.170591
v -0.449279 -0.005160 0.174506
v -0.408003 0.012697 0.185148
v 0.602436 0.023277 -0.095661
v 0.566116 0.034327 -0.104921
v 0.630835 0.010744 -0.103791
v -1.109730 0.095662 -0.058665
v -1.302454 -0.081337 0.051896
v -0.553044 -0.000168 -0.155846
v -0.563703 0.003471 -0.164447
v -0.577575 0.020758 -0.148163
v -0.529149 -0.009350 -0.167417
v -0.588493 0.020553 -0.146893
v -0.577790 0.016177 -0.143008
v -0.592974 0.030350 -0.110854
v -0.597941 0.031004 -0.119493
v -1.312085 0.081063 -0.096454
v -1.394679 -0.076230 -0.043239
v -0.318222 0.076919 -0.163619
v -1.230927 -0.107910 -0.027855
v -1.231737 -0.107115 0.010711
v -1.267131 -0.094917 -0.053935
v -1.241293 -0.105192 -0.045366
v -0.329050 0.058581 0.195637
v -0.320462 0.012727 0.172643
v -0.309634 0.012034 0.171584
v -0.318538 0.059069 0.193264
v -0.277738 0.039345 -0.164904
v -0.283644 0.018691 -0.163747
v -0.282909 -0.003443 -0.137833
v -0.286948 0.023499 -0.154341
v -0.287684 0.043547 -0.164837
v 0.857309 0.057824 0.173559
v 0.835144 0.056049 0.159122
v 0.864109 0.065833 0.172971
v 1.016698 0.068031 0.163513
v 0.885312 0.063723 0.179437
v 0.852567 0.060056 0.174517
v 0.895892 0.070808 0.174613
v 0.964729 0.072940 0.169854
v -0.414860 -0.025669 -0.148110
v -0.392739 -0.016142 -0.093124
v -0.393328 -0.017735 -0.114160
v -0.701620 0.042229 -0.131200
v -0.698610 0.049219 -0.109976
v -0.692736 0.046523 -0.124835
v 1.125589 0.104575 0.032659
v 1.132344 0.105696 0.030401
v 1.121244 0.104123 0.079127
v 1.130059 0.109747 0.033463
v -0.874103 0.019412 -0.087832
v -0.201195 0.119661 0.012969
v -0.221471 0.124433 0.033585
v -0.234799 0.131487 0.038326
v -0.208810 0.117941 0.009493
v -1.401545 -0.075196 -0.059058
v -1.401513 -0.079626 -0.057591
v -0.583153 0.031799 0.170406
v -0.589500 0.027134 0.169164
v -0.588098 0.049191 0.149708
v -0.309747 -0.007259 -0.128535
v -0.134235 0.109482 -0.090674
v -1.236395 -0.115340 0.009451
v -1.235818 -0.112403 -0.029581
v -1.238406 -0.116370 0.031545
v -0.234686 -0.010725 -0.102958
v -0.243353 -0.007326 -0.023714
v -0.228202 -0.001072 -0.123537
v -0.226132 -0.006817 -0.097636
v -0.216051 -0.002024 -0.130673
v -0.226031 -0.004891 -0.136347
v 0.180673 0.099096 -0.136454
v 0.063884 0.108175 -0.076819
v -0.577587 -0.004941 0.152581
v -1.464818 -0.076319 0.038783
v 0.915262 0.066558 -0.195753
v 0.874688 0.057302 -0.186434
v 0.880877 0.063613 -0.189124
v 0.890200 0.066803 -0.184508
v 0.846707 0.049217 -0.168458
v 0.835800 0.050929 -0.164737
v 0.847284 0.056393 -0.167563
v -1.305653 0.052006 -0.103447
v -1.276033 0.070143 -0.090318
v -1.396455 0.064061 0.131622
v -1.392530 0.060851 0.136927
v -1.410432 0.039765 0.149976
v -1.352423 0.096021 0.082633
v -0.282637 -0.004628 0.047375
v -0.298670 -0.004633 0.143484
v -0.309023 -0.006787 0.143749
v -0.317554 0.018225 0.166717
v -0.272680 -0.003646 0.048114
v -1.228691 -0.105609 0.008496
v -1.223393 -0.102571 -0.031798
v -1.426278 -0.089962 0.058554
v -0.403104 -0.016963 -0.110370
v -0.390963 -0.006722 -0.074692
v -0.386008 -0.003961 -0.024490
v -0.376266 -0.002560 -0.025026
v -0.380260 -0.007169 -0.077130
v -1.423011 -0.087260 -0.060445
v -1.435249 -0.083489 -0.054000
v -1.482457 -0.077484 -0.016831
v -1.479267 -0.081079 -0.029113
v -1.386261 -0.093826 -0.050180
v -0.933052 0.064177 -0.092054
v -0.569327 0.036955 -0.154640
v -0.591186 0.046138 -0.114643
v -0.578502 0.031143 -0.156306
v -0.596176 0.040661 -0.114823
v -0.368526 -0.011624 0.127864
v -0.377917 -0.008733 0.125046
v -0.381085 -0.013095 0.073142
v -0.378381 -0.014282 0.130437
v -0.392864 -0.014349 0.073631
v -1.318117 0.094519 0.092946
v -1.343701 0.061620 0.121244
v -1.361232 0.053551 0.131339
v -0.977181 0.025368 -0.095140
v -1.080162 0.053483 -0.100737
v -1.409267 0.027806 -0.093220
v -0.316943 -0.035308 0.149242
v -0.276991 -0.030607 0.113689
v -0.316943 -0.035308 0.149242
v -1.418632 0.009016 0.132729
v -1.387298 0.035160 0.137443
v -0.695608 0.044693 -0.109976
v 0.428134 0.042050 -0.175152
v -1.220289 0.087624 -0.050791
v 1.107871 0.103237 0.100249
v 1.102677 0.094311 0.112426
v 1.062827 0.076418 0.136975
v 1.112917 0.107829 0.079360
v 1.080727 0.085590 0.135294
v 1.122715 0.109546 0.045213
v -0.586898 0.028723 0.116839
v -1.358710 0.027131 -0.107919
v -0.306127 -0.012687 -0.096248
v -0.310505 -0.008295 -0.034852
v -0.313763 -0.017940 -0.100587
v 0.636199 -0.008608 -0.090050
v 0.706474 -0.004936 -0.123582
v 0.705715 -0.004284 -0.113896
v 0.647660 -0.012534 -0.104026
v 1.018723 0.069322 0.156026
v 1.042654 0.074090 0.156119
v 1.063823 0.074226 0.145416
v -0.227207 -0.003589 0.059793
v -0.238906 -0.006749 0.017966
v -0.237503 -0.005709 0.054764
v -0.229651 -0.008982 0.057727
v 0.878581 0.070306 0.166942
v 0.921337 0.085577 0.177623
v 0.857513 0.064931 0.161504
v 0.837881 0.044675 0.136794
v 0.850712 0.052902 0.157569
v 0.933252 0.088605 0.168437
v 0.878659 0.073825 0.159085
v 0.851629 0.055313 0.149784
v 0.946774 0.074547 -0.188791
v 0.959955 0.071352 -0.191117
v 0.956594 0.071075 -0.179971
v 1.013224 0.069507 -0.169090
v 1.026722 0.073150 -0.155993
v 1.063868 0.074159 -0.139908
v 1.071132 0.081521 -0.137214
v 1.100278 0.088246 -0.107383
v 1.107961 0.083700 -0.095588
v 1.122873 0.090672 -0.075005
v 1.078453 0.079194 -0.134305
v 1.018497 0.075454 -0.167628
v -0.593665 0.071432 0.093686
v -1.357040 0.095089 0.069566
v -1.347192 0.096781 0.058680
v -1.356661 0.098030 0.057869
v -0.331742 0.071969 0.183851
v -0.370608 0.032989 0.186912
v -0.335284 0.070857 0.173508
v -0.340805 0.074331 0.180147
v -0.370642 0.042723 0.188706
v 0.830279 0.047309 0.133605
v 0.824541 0.044723 0.137585
v -0.704245 0.011349 -0.134242
v -0.243059 0.041817 0.167006
v 1.065826 0.082812 0.126600
v 1.108391 0.086192 0.082395
v 1.115010 0.090430 0.081234
v 1.133792 0.098949 0.010208
v 1.115021 0.092002 0.062336
v 1.088850 0.088719 0.099962
v 1.129809 0.093604 0.013844
v 1.133464 0.093414 0.038757
v 1.128599 0.097525 -0.047582
v 1.138465 0.095815 -0.015290
v 1.126664 0.095282 -0.035345
v 0.975127 0.090882 0.173234
v 0.980083 0.094340 0.168740
v 0.928670 0.090777 0.176740
v 1.052407 0.079679 0.130105
v 0.976474 0.091532 0.161516
v 0.014699 0.127503 -0.048578
v 0.063295 0.127686 -0.053509
v -0.002725 0.114672 -0.039821
v 1.128316 0.103252 0.005285
v 1.123666 0.106084 0.000109
v 1.106388 0.097434 -0.007804
v 1.122500 0.107916 0.009837
v -0.317384 0.135373 -0.092070
v -0.388519 0.145125 -0.061696
v -1.402375 -0.072258 -0.049723
v 0.824756 0.041457 -0.139097
v -0.282751 -0.018897 -0.112447
v -0.279129 -0.007815 -0.144804
v -0.271628 -0.016998 -0.111238
v -0.273472 -0.002716 -0.024345
v -0.280046 -0.012961 -0.107950
v 0.632555 0.015477 -0.100023
v 0.650139 0.016818 -0.107424
v 0.633687 0.006399 -0.095535
v 0.654619 0.010723 -0.103773
v -1.159899 0.077689 -0.084660
v 0.107366 0.122536 -0.067652
v -0.208459 0.018719 -0.164393
v 1.052440 0.082498 0.123672
v -0.590530 0.041806 -0.106129
v -0.617403 0.051944 -0.102146
v -0.617504 0.045880 -0.102216
v -0.582610 0.039516 -0.152487
v -0.595497 0.035366 -0.114474
v -0.585631 0.031415 -0.113381
v -1.303558 0.098461 0.056810
v -1.310928 0.099682 0.077590
v -0.594218 0.039403 0.108241
v -0.366795 0.093688 0.160167
v -1.489333 -0.064213 -0.027443
v -0.234969 -0.009336 -0.023120
v -0.394708 -0.008495 0.035784
v -1.237964 -0.103819 0.048867
v 0.703159 0.000856 -0.121792
v -1.255671 -0.089226 -0.044868
v -0.316943 -0.035308 0.149242
v -0.338690 -0.030565 0.149887
v -0.709846 0.015550 -0.128180
v -1.521231 -0.053758 0.012450
v -0.299360 -0.006057 -0.034412
v -0.302788 -0.011476 -0.036883
v -0.319478 0.032207 0.190545
v -0.124436 0.110066 -0.094287
v -0.007794 0.109988 -0.046179
v -0.597704 0.034846 0.109531
v -0.385985 -0.010852 0.035839
v -0.283181 -0.003063 -0.025045
v 0.011033 0.121496 -0.048362
v -0.228779 -0.006821 0.021442
v 0.815999 0.045562 -0.134296
v -1.331959 0.077352 0.132687
v -1.305103 0.101366 0.115042
v -1.294196 0.116333 0.089590
v -1.268603 -0.065567 -0.062953
v -1.252406 -0.072492 -0.057649
v -1.361006 -0.068682 -0.055837
v -1.474647 -0.055063 0.029115
v -1.476471 -0.059033 0.001116
v -1.480698 -0.061190 0.014542
v -1.427052 0.005757 0.111568
v -1.432783 0.001424 0.117519
v -1.369395 0.047008 0.134960
v -1.434397 -0.005734 0.112531
v -1.473335 -0.031534 0.063050
v -1.405600 0.014037 0.123841
v -1.387105 0.049222 -0.093012
v -1.358971 0.070241 -0.084168
v -1.349583 0.077912 -0.092297
v -1.378685 0.046071 -0.090503
v -1.436857 -0.010549 -0.074542
v -1.381811 0.046204 -0.097374
v -0.666583 0.062335 -0.141056
v -0.637335 0.065079 -0.154201
v -0.674250 0.060492 -0.149416
v -0.634903 0.066816 -0.141927
v -0.623768 0.064535 -0.145499
v -0.632285 0.062619 -0.143139
v -0.666406 0.058823 -0.150878
v -0.666203 0.058012 -0.144071
v -0.734024 0.045977 -0.125911
v -0.790781 0.044156 -0.104713
v -1.500015 -0.046204 -0.020601
v -1.487387 -0.038966 -0.035447
v -1.495732 -0.045671 0.016266
v -1.502760 -0.041688 -0.020997
v -1.505595 -0.046936 0.009789
v -1.498609 -0.040990 0.018350
v -1.481364 -0.028658 0.069542
v -1.476526 -0.031306 0.073846
v -1.456795 -0.069631 -0.030498
v -1.413459 -0.070012 -0.053756
v -1.451342 -0.071368 -0.027424
v -1.456092 -0.064833 0.015536
v -1.446649 -0.064228 0.017799
v -1.457548 -0.065263 -0.024831
v -1.446620 -0.064785 -0.027214
v -1.200505 -0.099147 0.042496
v -1.240870 -0.090477 0.053271
v -1.210079 -0.102178 0.051668
v -1.246328 -0.091406 0.057565
v -1.254822 -0.095357 0.050571
v -1.213592 -0.103811 0.045272
v -1.245099 -0.096099 0.056670
v -1.317863 -0.085099 0.045799
v -1.286870 0.122190 0.084900
v -1.272079 0.120902 0.060547
v -1.286340 0.116638 0.097901
v -1.286382 0.114644 0.088417
v -1.288839 0.072336 -0.107676
v -1.369428 0.026636 -0.104604
v -1.345651 0.039378 -0.102827
v -1.255733 0.092990 -0.099587
v -1.231526 0.098743 -0.079020
v -1.221815 0.104802 -0.073816
v -0.938137 0.103482 -0.082978
v -0.887540 0.085119 -0.103364
v -0.989232 0.113124 -0.073333
v -1.424668 -0.009112 -0.078075
v -1.276152 0.078006 -0.101233
v -1.304599 0.054974 -0.110721
v -1.419983 -0.013701 -0.084261
v -1.369499 0.021253 -0.108531
v -1.281852 0.097756 -0.096322
v -1.284817 0.101304 -0.102555
v -1.242211 0.111337 -0.096485
v -1.347485 0.074604 -0.095036
v -1.333648 0.043297 -0.113671
v -1.268461 0.080699 -0.111766
v -1.180756 0.111656 -0.064584
v -1.206981 0.102932 -0.075477
v -1.240445 0.097435 -0.096571
v -1.188289 -0.094402 0.009350
v -1.261463 -0.062373 -0.058843
v -1.269453 -0.063008 -0.052864
v -1.220831 -0.074633 -0.053377
v -1.301097 -0.060133 -0.058223
v -1.293854 0.101305 -0.097780
v -1.330851 0.085057 -0.086511
v -1.269040 0.105354 -0.091005
v -1.463585 -0.040506 -0.047165
v -1.463714 -0.042530 -0.056494
v -1.476854 -0.053995 -0.033858
v -1.477894 -0.065467 -0.000765
v -1.470971 -0.062297 -0.022266
v -1.472878 -0.065138 0.007762
v -0.100011 0.029862 -0.170015
v -0.113268 0.018784 -0.147957
v -0.095196 0.061029 -0.176673
v -1.382843 0.057136 0.156550
v -1.361296 0.080351 0.140052
v -1.365519 0.081136 0.145112
v -1.330392 0.119356 0.077645
v -1.372353 0.079721 0.137622
v -1.364694 0.087297 0.135526
v -1.376504 -0.063809 -0.061889
v -1.410694 -0.062824 -0.057589
v -1.414751 -0.067359 -0.059373
v -1.449157 -0.066304 -0.039251
v -1.501057 -0.040919 0.034002
v -1.497231 -0.044517 0.037399
v -0.128756 0.082277 0.174166
v -0.130187 0.055534 0.167641
v -0.123359 0.105932 0.154954
v -0.129726 0.110874 0.159343
v -0.133862 0.107023 0.155698
v -0.140788 0.056041 0.168256
v -1.387164 0.026732 0.137963
v -1.360750 0.046370 0.138941
v -1.356590 0.052655 0.146003
v -1.322050 0.076420 0.127430
v -0.211703 0.140040 -0.139773
v -0.220497 0.100745 -0.165369
v -0.219248 0.150493 -0.110965
v -0.213596 0.110882 -0.167209
v -0.207653 0.141732 -0.127162
v -0.209690 0.102471 -0.161856
v -1.439845 -0.064350 0.039715
v -1.355824 -0.057215 0.050936
v -1.414208 -0.060516 0.042443
v -1.413683 -0.061668 0.052011
v -0.624133 0.068690 -0.118748
v -0.624093 0.069008 -0.140678
v -1.492804 -0.034051 -0.042945
v -1.463085 -0.019880 -0.067230
v -1.492332 -0.039207 -0.043174
v -1.354692 -0.061218 0.054552
v -1.253312 -0.081018 0.050876
v -1.281609 -0.071771 0.054324
v -1.314529 0.083367 0.129066
v -0.181879 -0.001765 0.104971
v -0.179417 0.003367 0.117727
v -0.191315 0.007955 0.048406
v -0.146743 0.023023 0.163479
v -0.154736 0.011348 0.144881
v -0.503482 0.088925 0.126503
v -0.508151 0.091190 0.099446
v -0.509946 0.065659 0.154156
v -1.210453 -0.083538 -0.059938
v -1.199259 -0.092284 -0.044011
v -1.193789 -0.096068 0.009805
v -1.280742 0.118935 0.060873
v -1.177294 0.109795 -0.055548
v -1.149667 0.115475 -0.063884
v -0.270066 0.067516 0.184910
v -0.257610 0.118707 0.160170
v -0.267326 0.111935 0.172969
v -0.246670 0.164288 0.102975
v -0.242195 0.167144 0.106341
v -0.229448 0.181209 0.062723
v -0.783807 0.053297 -0.147453
v -0.695765 0.031776 -0.158944
v -0.808994 0.057537 -0.133809
v -0.783594 0.056957 -0.144887
v -0.794837 0.059798 -0.133724
v -0.692303 0.036551 -0.153976
v -1.392455 0.027607 0.140340
v -1.323428 0.082974 0.122218
v -1.501272 -0.048775 0.011019
v 0.421846 0.102430 -0.154360
v 0.540876 0.056364 -0.178457
v 0.464842 0.086916 -0.173248
v -1.195671 -0.090894 0.042963
v -1.211503 -0.092703 0.051684
v -1.214033 -0.087400 0.058822
v -1.216488 -0.082396 0.053318
v -1.296834 -0.064536 0.049476
v -1.459585 -0.032134 0.097512
v -1.459288 -0.021828 0.104757
v -1.475656 -0.052064 0.048957
v -1.443635 -0.003140 0.130407
v -1.423983 0.025406 0.145341
v -1.336390 -0.082759 -0.051986
v -1.342271 -0.077604 -0.057381
v -1.263289 -0.080945 -0.056754
v -1.414115 -0.081724 -0.057027
v -1.453596 -0.081520 -0.037668
v -1.413189 -0.079285 -0.062232
v -1.464854 -0.074036 -0.004773
v -1.467547 -0.079807 -0.002446
v -1.464587 -0.077282 0.019780
v -1.457976 -0.074041 -0.035556
v -1.420980 -0.073924 -0.055743
v -1.448084 -0.076887 -0.050822
v 0.586176 0.064178 -0.191001
v 0.691392 0.057952 -0.138580
v 0.669403 0.057334 -0.163318
v 0.609294 0.059541 -0.193688
v 0.681338 0.052055 -0.146575
v 0.576923 0.058780 -0.194988
v -1.459967 -0.069408 0.000798
v -1.450828 -0.071580 0.018625
v -1.322173 0.117741 0.085801
v -1.328905 0.122247 0.080042
v -1.474082 -0.054353 -0.025128
v -0.619280 0.065728 -0.118253
v -1.271909 -0.069963 0.045015
v -1.353823 -0.057856 0.044351
v -1.435553 -0.070010 0.037068
v -1.412585 -0.066960 0.046793
v -1.459158 -0.045133 -0.053400
v -1.478157 -0.061551 -0.020811
v -1.472833 -0.056191 -0.039842
v -1.475443 -0.060909 0.033827
v -1.470619 -0.060728 0.031884
v -1.451898 -0.026407 0.102858
v -1.435482 -0.010857 -0.081972
v -1.464587 -0.027472 -0.065884
v -1.440862 -0.008214 -0.083038
v -1.411133 0.017011 -0.094223
v -1.199525 -0.106379 0.022793
v -1.209404 -0.100150 -0.039334
v -1.195689 -0.101783 -0.029418
v -1.201671 -0.094097 -0.039505
v -1.191649 -0.101835 0.016983
v -1.375014 -0.067812 -0.060495
v 1.071066 0.095304 0.172185
v 1.117627 0.111234 0.187656
v 1.125936 0.110718 0.180811
v -1.353088 -0.075137 -0.053280
v -1.271587 -0.075040 -0.051586
v -1.415115 -0.075163 -0.061219
v -0.444791 0.023029 0.204904
v -0.341043 0.000616 0.210458
v -0.340582 0.004906 0.203769
v -0.447981 0.028679 0.197106
v -0.501905 0.046991 0.184670
v -0.283190 -0.010761 0.197826
v -0.211364 -0.021245 0.161104
v -0.280739 -0.007086 0.190664
v -1.202733 -0.082008 -0.055726
v -1.229389 -0.073039 -0.063702
v -0.251898 0.146106 0.139650
v -0.236228 0.162794 0.104833
v -1.340796 0.074942 -0.088839
v -1.055371 0.119393 -0.059442
v -1.003896 0.116040 -0.063462
v -0.616891 0.066459 -0.133555
v 1.064286 0.077858 -0.198622
v 1.036233 0.075986 -0.183802
v 1.088106 0.087715 -0.205150
v 1.108361 0.087246 -0.206683
v -1.234763 0.113502 -0.088251
v -1.190538 0.110813 -0.082859
v -1.191218 0.112750 -0.077376
v -1.153634 0.108002 -0.077704
v -0.163396 0.008557 0.149154
v -0.135414 0.048623 0.174862
v -0.164827 0.013455 0.145834
v -0.173535 -0.000509 0.129287
v -0.171861 0.000801 0.109490
v -0.224451 0.177293 0.059532
v -0.222473 0.180925 0.006267
v -0.217707 0.176544 0.007475
v -0.209787 0.159408 -0.085559
v -1.186288 0.108414 -0.071636
v -1.231478 0.110483 -0.082801
v -1.124415 0.102151 -0.079674
v -1.152316 0.104870 -0.070840
v -1.033506 0.076030 -0.094940
v -1.458082 -0.081252 0.014277
v -1.033034 0.075725 -0.105829
v -1.020935 0.075172 -0.100075
v -0.995450 0.065959 -0.105373
v -0.911684 0.044306 -0.089716
v -0.267908 0.120978 0.157604
v -0.280861 0.068421 0.183584
v -1.315535 -0.082382 0.053854
v -1.196395 -0.105402 0.037529
v 1.329611 0.130771 0.011504
v 1.324493 0.131928 0.071779
v 1.336876 0.134032 0.034697
v -0.061721 0.118040 -0.155985
v -0.021648 0.132961 -0.123241
v -0.062449 0.108649 -0.156427
v -0.085651 0.093990 -0.170159
v -0.034808 0.134853 -0.124279
v -0.234966 0.178635 0.058209
v -0.228284 0.177696 0.005496
v -1.252480 0.086577 -0.104321
v -0.898550 0.090628 -0.088726
v -1.053182 0.116938 -0.050567
v -0.977768 0.110089 -0.066056
v -1.454231 -0.077539 0.039702
v -1.398558 -0.080349 0.059938
v -1.397895 -0.076400 0.060535
v -0.216894 0.067172 -0.180831
v -0.210054 0.037907 -0.168395
v -0.511001 0.067195 0.161569
v -0.501079 0.059020 0.168404
v -0.494445 0.085920 0.127725
v -0.193353 0.156683 0.093739
v -0.192176 0.163289 0.048130
v -0.207555 0.137258 0.133627
v -0.839949 0.040847 -0.094105
v -0.960092 0.052001 -0.102504
v -0.822395 0.042718 -0.088390
v -0.840357 0.037350 -0.087560
v -0.913141 0.040466 -0.098222
v -1.414147 0.023611 0.147358
v -1.445824 -0.081291 0.037127
v -1.232924 -0.081482 -0.051359
v -1.215949 -0.091007 -0.053561
v -0.123832 0.133454 0.119553
v -0.124026 0.158647 0.058552
v -0.129350 0.136513 0.124910
v 0.500949 0.073405 -0.199541
v 0.385497 0.103999 -0.170783
v 0.422052 0.102176 -0.182961
v 0.551100 0.065325 -0.205627
v 0.501288 0.079212 -0.202613
v -0.306355 -0.008265 0.195457
v -1.430218 -0.014321 -0.082235
v -1.104205 0.120324 -0.055310
v 0.344550 0.123757 -0.136835
v 0.302064 0.135217 -0.108199
v -1.394042 0.056562 0.155936
v -1.390024 0.060062 0.149523
v -1.205421 -0.098504 -0.046089
v -0.220060 0.029544 -0.167691
v -1.152679 0.103833 -0.080682
v -1.196820 0.106695 -0.080482
v 0.320584 0.120526 -0.139077
v 0.490300 0.082995 -0.192036
v -0.173851 0.073348 -0.175631
v -0.178896 0.108527 -0.151179
v -0.171946 0.113629 -0.153618
v -0.170854 0.137380 -0.124182
v -0.177489 0.136923 -0.116725
v -0.174869 0.162634 -0.061344
v 0.594436 0.037025 -0.175208
v 0.525667 0.052398 -0.182432
v 0.533987 0.056975 -0.185730
v 0.450445 0.084962 -0.168722
v 0.355126 0.114905 -0.163392
v 0.294908 0.123773 -0.136270
v 0.297686 0.118488 -0.136410
v 0.177249 0.128137 -0.069972
v -0.078653 0.081356 -0.173628
v -0.091266 0.037345 -0.166033
v -0.090466 0.058631 -0.181438
v -1.028975 0.071288 -0.100441
v -0.129496 0.154299 0.059934
v -0.134274 0.135022 0.119534
v -0.490564 0.045501 0.183223
v -1.252225 -0.085420 -0.050964
v -1.244460 0.106161 -0.092559
v -0.216762 0.161064 -0.096112
v -1.321348 0.122177 0.061358
v -1.317613 0.121498 0.074494
v -1.129932 0.116683 -0.053792
v -1.106727 0.119652 -0.063783
v -0.910956 0.039591 -0.091970
v -0.110733 0.011226 -0.143866
v -0.128392 0.008319 -0.024540
v -0.125979 0.008558 -0.107040
v -1.408408 0.033799 0.155330
v -1.395038 -0.062855 -0.051237
v -1.491896 -0.035618 -0.032001
v -1.460570 -0.028696 0.087922
v -0.488708 0.010173 0.160551
v -0.458909 0.011122 0.160440
v -0.493415 0.020907 0.154682
v -1.398897 -0.081700 0.053618
v 1.025389 0.065282 0.146483
v 1.048980 0.085485 0.172391
v -0.647754 0.028635 -0.154129
v -0.630526 0.027417 -0.142463
v -0.689782 0.032776 -0.162537
v -0.631219 0.032041 -0.141552
v -0.661493 0.033416 -0.155896
v -0.130648 -0.007121 0.108877
v -0.134590 -0.001469 0.104268
v -0.212092 -0.016473 0.155377
v 1.220442 0.092996 -0.171898
v 1.262346 0.097801 -0.150223
v 1.265972 0.100486 -0.156376
v 1.302055 0.104614 -0.121007
v 1.234923 0.093301 -0.172395
v 1.140975 0.094753 -0.205279
v 1.210423 0.095050 -0.183378
v 1.156754 0.092065 -0.201677
v 0.592460 0.039336 -0.169958
v 0.728445 0.018973 -0.097307
v -0.504440 0.047114 0.175624
v -0.455622 0.023883 0.196333
v -0.203577 0.006799 -0.125502
v -0.209121 0.005031 -0.143403
v -0.213123 0.023321 -0.169748
v -0.193899 0.010217 -0.036283
v -0.205263 -0.001486 -0.107900
v 0.183835 0.132520 -0.065226
v -0.167653 0.155918 -0.070679
v -0.166367 0.117050 -0.141577
v 0.124598 0.137859 -0.040502
v -1.000597 0.110878 -0.068786
v -1.060210 0.115916 -0.060945
v -1.461368 -0.077330 -0.038322
v -0.172832 0.010300 -0.152178
v -0.181139 0.054937 -0.171180
v -0.174517 0.040132 -0.175810
v -0.791477 0.039823 -0.097514
v 1.312073 0.110608 -0.110450
v 1.295553 0.104328 -0.121718
v 1.328956 0.114582 -0.060010
v -0.022728 0.137347 -0.124936
v -0.012504 0.132686 -0.098152
v -0.213911 0.004137 -0.124082
v -0.204814 0.007955 -0.037488
v 1.316100 0.128071 0.104617
v 1.066663 0.084034 0.190206
v 1.223425 0.092109 0.170972
v 1.082503 0.091197 0.186467
v 1.168980 0.113669 0.175914
v 1.176973 0.116215 0.181260
v 1.256585 0.107290 0.141659
v 1.023121 0.074875 0.171638
v 1.046918 0.085007 0.181915
v 1.010083 0.066472 0.145455
v -1.278773 0.122745 0.082266
v 1.324966 0.113778 0.065463
v 1.283632 0.105951 0.112217
v 1.328932 0.117143 0.071503
v 1.346191 0.121567 0.007054
v 1.004140 0.064037 -0.145193
v 1.080029 0.084787 -0.195199
v 1.149344 0.093091 -0.195227
v -1.452131 -0.073914 0.035639
v -1.399612 -0.074416 0.057306
v -1.323718 -0.077222 0.050053
v -0.138714 -0.008556 0.104750
v -0.169241 0.053210 -0.171015
v -1.454387 -0.016488 -0.065976
v -1.432354 -0.000262 -0.077926
v 1.333262 0.129779 0.066984
v 1.338623 0.128967 0.012913
v 0.734291 0.051525 -0.115610
v 0.802235 0.032925 -0.103576
v 0.739555 0.043413 -0.107358
v 0.209341 0.150913 -0.059157
v 1.034899 0.069452 -0.179047
v 1.297592 0.110811 0.108382
v 1.265827 0.103812 0.135338
v 1.322637 0.112181 0.080512
v 1.346300 0.117629 0.019707
v -0.089726 0.146126 0.012235
v -0.107931 0.156288 0.027738
v -0.119283 0.154258 0.055065
v -0.095051 0.143137 0.009643
v 0.731671 0.015718 -0.102286
v 0.768360 0.006461 -0.093546
v 0.724043 0.013187 -0.099344
v 0.647341 0.022293 -0.145423
v 0.348408 0.116890 -0.140252
v 0.224016 0.144472 -0.075099
v -0.498982 0.048662 0.131174
v -0.513487 0.054322 0.119938
v -0.507666 0.021677 0.148989
v 1.340661 0.120202 -0.043307
v 1.043934 0.076587 0.169961
v 1.115638 0.107515 0.187758
v -1.205616 -0.087167 0.046335
v -0.182813 0.162115 -0.044825
v -0.181782 0.169008 0.003859
v -1.353190 -0.064811 0.048623
v -0.231352 0.101071 0.184685
v -0.212807 0.121133 0.171218
v 0.120972 0.137716 -0.049259
v -0.107471 0.013279 -0.131226
v 1.339860 0.117673 0.013771
v 0.579336 0.034023 -0.176085
v -0.200242 0.128775 0.153157
v -0.184341 0.159123 0.074439
v -0.418666 0.011997 -0.202442
v -0.440825 0.028588 -0.194660
v -0.240400 0.087957 0.197939
v -0.281650 0.054507 0.194166
v -0.279284 0.005015 0.135489
v -0.268004 0.004261 0.137176
v -0.273256 0.026026 0.177321
v -0.293111 0.004261 0.077267
v -0.281588 0.003055 0.078352
v -0.461505 0.033452 -0.185665
v -0.481201 0.052308 -0.173408
v 1.172097 0.113186 0.183577
v -0.289557 0.006783 0.037902
v 1.062018 0.086832 0.191036
v -1.478002 -0.028079 0.063962
v -1.390110 0.043329 -0.087134
v 0.809961 0.029253 -0.110439
v 0.827633 0.031054 -0.114937
v 0.805146 0.025073 -0.102454
v 1.342916 0.117116 -0.039526
v -0.911196 0.089530 -0.092364
v -0.497089 0.056929 -0.160019
v -0.114723 0.009283 0.064723
v -1.425748 0.020405 0.135427
v 1.248070 0.104259 0.138383
v -0.300897 0.128919 -0.165465
v -0.295343 0.143986 -0.143952
v -0.293147 0.115026 -0.177451
v -0.298423 0.089359 -0.188292
v -0.305531 0.036543 0.198663
v -0.336252 0.024902 0.186245
v -0.357368 0.011620 0.185632
v -0.223432 0.096751 0.190935
v -0.290648 0.039968 0.197263
v 0.144465 0.151514 -0.049637
v 0.774266 0.012153 -0.093487
v 0.828724 0.009422 -0.108726
v 0.776450 0.009360 -0.099595
v -0.175803 0.165740 -0.001287
v 1.315263 0.121533 -0.009378
v 1.330606 0.130445 0.001595
v 1.301728 0.120830 0.117052
v 1.266919 0.096795 0.155067
v -0.307349 0.042102 -0.189939
v -0.316895 0.016542 -0.183778
v -0.119793 0.012931 0.061958
v -0.124705 0.010926 0.021058
v 1.026724 0.063219 0.149471
v -0.218277 0.051081 0.202991
v -0.209375 0.030620 0.185915
v -0.218629 0.079956 0.209614
v 0.744698 0.049093 -0.105331
v -0.276992 0.067640 0.190315
v -0.267034 0.027708 0.172735
v 1.033783 0.074990 0.177114
v 1.310254 0.119407 0.117411
v 1.262273 0.099812 0.151846
v -0.277829 0.028312 0.171530
v -0.403396 0.007423 0.173357
v -0.482851 0.026991 -0.171119
v -0.428162 -0.003911 -0.178252
v -0.446780 0.002402 -0.179711
v 0.830156 0.002745 -0.109021
v 0.883073 0.014366 -0.129643
v -0.122825 0.007804 0.059909
v -0.511668 0.059223 0.118010
v 0.119383 0.133562 -0.046890
v -1.539824 0.015659 0.084286
v -1.537599 0.025289 0.087026
v -1.539346 0.020052 0.075969
v -1.555576 0.018435 -0.072566
v -1.551215 0.027514 -0.090169
v -1.550239 0.026577 -0.081968
v -1.555576 0.018435 0.075941
v -1.551215 0.027514 0.093543
v -1.550458 0.011279 0.086347
v -1.550239 0.026577 0.085343
v -1.539824 0.015659 0.084286
v -1.537599 0.025289 0.087026
v -1.537945 0.021906 0.102275
v -1.483653 0.018434 0.090285
v -1.527801 0.034569 0.090285
v -1.532854 0.008365 0.090038
v -1.539514 0.015258 0.095660
v -1.550603 0.011499 0.095107
v -1.555576 0.018435 0.104027
v -1.539346 0.020052 0.075969
v -1.555576 0.018435 -0.072566
v -1.551215 0.027514 -0.090169
v -1.550239 0.026577 -0.081968
v -1.550458 0.011279 -0.082972
v -1.555576 0.018435 -0.100652
v -1.539811 0.015648 -0.092309
v -1.532856 0.008367 -0.086475
v -1.539527 0.015270 -0.080935
v -1.550603 0.011499 -0.091732
v -1.537597 0.025291 -0.083655
v -1.539378 0.019987 -0.072483
v -1.483653 0.018434 -0.086307
v -1.527801 0.034569 -0.086307
v -1.537967 0.021925 -0.098776
v 0.893989 0.054073 -0.151841
v 0.944783 0.074659 -0.151590
v 0.956183 0.022720 -0.160673
v 0.901920 0.007375 -0.158484
v 0.956183 0.022720 -0.160673
v 0.893989 0.054073 -0.151841
v 0.956183 0.022720 -0.160673
v 0.902223 0.000127 -0.148117
v 0.948312 0.017681 -0.132113
v 0.944783 0.074659 -0.151590
v 0.944783 0.074659 -0.151590
v 0.882199 0.108447 -0.137638
v 0.920612 0.150276 -0.128205
v 0.920612 0.150276 -0.128205
v 0.882199 0.108447 -0.137638
v 0.866481 0.150486 -0.118259
v 0.948312 0.017681 -0.132113
v 0.902223 0.000127 -0.148117
v 0.948312 0.017681 -0.132113
v 0.894582 0.020724 -0.058152
v 0.935274 0.031427 -0.072740
v 0.894582 0.020724 -0.058152
v 0.935274 0.031427 -0.072740
v 0.928846 0.037660 -0.045926
v 0.865778 0.165876 0.029605
v 0.866699 0.166335 -0.026548
v 0.920416 0.165413 -0.014556
v 0.919374 0.164311 0.041261
v 0.920416 0.165413 -0.014556
v 0.865778 0.165876 0.029605
v 0.917154 0.166035 0.083447
v 0.866699 0.166335 -0.026548
v 0.918452 0.162508 -0.080661
v 0.867002 0.160568 -0.078205
v 0.918452 0.162508 -0.080661
v 0.865959 0.158175 -0.104588
v 0.920890 0.160148 -0.111136
v 0.865959 0.158175 -0.104588
v 0.920612 0.150276 -0.128205
v 0.866481 0.150486 -0.118259
v 0.882199 0.108447 -0.137638
v 0.867002 0.160568 -0.078205
v 0.893673 0.018095 0.064429
v 0.945438 0.021338 0.083039
v 0.941217 0.026424 0.065029
v 1.220187 0.139571 0.104801
v 1.208835 0.156077 0.116443
v 1.199071 0.152259 0.093781
v 1.203764 0.134722 0.084845
v 1.206336 0.146216 0.119011
v 1.211224 0.135002 0.109910
v 1.182431 0.127360 0.099569
v 1.175554 0.147305 0.122578
v 1.172655 0.148344 0.104075
v 1.175760 0.150808 0.120262
v 1.178270 0.128964 0.085250
v 1.270339 0.154155 -0.086247
v 1.270254 0.140055 -0.093410
v 1.272486 0.141957 -0.069934
v 1.261254 0.157124 -0.073448
v 1.257082 0.166112 -0.092984
v 1.264747 0.153609 -0.098057
v 1.251564 0.164461 -0.098663
v 1.262504 0.146485 -0.098962
v 1.246846 0.150168 -0.092318
v 1.253080 0.137107 -0.087721
v 1.253007 0.140245 -0.075150
v 1.255493 0.156509 -0.074150
v 1.247865 0.171666 -0.088449
v 1.246943 0.169729 -0.086048
v 0.948312 0.017681 -0.132113
v 0.902223 0.000127 -0.148117
v 0.894582 0.020724 -0.058152
v 0.938330 0.097198 -0.155185
v 1.013783 0.042447 -0.178893
v 0.949816 0.110729 -0.154335
v 0.999786 0.032640 -0.172449
v 0.884298 0.153201 -0.124707
v 0.901363 0.159591 -0.118459
v 0.878404 0.160398 -0.107398
v 0.893479 0.166981 -0.078450
v 0.870010 0.168365 -0.037633
v 0.890908 0.170697 0.005489
v 0.869610 0.167058 0.039891
v 0.891211 0.164237 0.112102
v 0.871575 0.162105 0.120555
v 0.899398 0.157401 0.145349
v 0.899398 0.157401 0.145349
v 0.874692 0.158333 0.135172
v 0.883570 0.150181 0.148381
v 0.914195 0.119346 0.163356
v 0.883570 0.150181 0.148381
v 0.874692 0.158333 0.135172
v 0.949403 0.105596 0.164064
v 1.007766 0.034685 0.169019
v 0.992229 0.028050 0.162879
v 1.013212 0.032026 0.150605
v 0.999070 0.064953 0.101013
v 0.993322 0.030099 0.139268
v 0.981120 0.061183 0.099808
v 0.934558 0.095853 0.161284
v 0.914195 0.119346 0.163356
v 0.899398 0.157401 0.145349
v 0.949403 0.105596 0.164064
v 1.021824 0.034336 -0.175529
v 1.003691 0.029613 -0.156206
v 1.008409 0.063144 -0.116684
v 1.023400 0.034031 -0.158178
v 0.987670 0.060128 -0.112947
v 1.227877 0.150240 -0.123391
v 1.214535 0.151432 -0.111976
v 1.223207 0.140659 -0.109070
v 1.228968 0.161099 -0.121163
v 1.241655 0.142795 -0.115816
v 1.245560 0.151104 -0.114551
v 1.225318 0.169714 -0.113531
v 1.241388 0.158082 -0.103082
v 1.247610 0.142424 -0.089921
v 1.218004 0.140454 -0.089942
v 1.222080 0.154926 -0.092910
v 1.222115 0.166078 -0.109049
v 1.212061 0.147485 -0.098660
v 1.132230 0.135454 -0.141809
v 1.137239 0.122919 -0.130493
v 1.153771 0.137951 -0.144070
v 1.127827 0.137906 -0.135914
v 1.134899 0.142350 -0.141413
v 1.154608 0.148694 -0.142806
v 1.161460 0.143378 -0.110277
v 1.130120 0.137570 -0.113961
v 1.167512 0.132740 -0.108065
v 1.131175 0.124933 -0.117880
v 1.172097 0.145092 -0.128733
v 1.175396 0.135027 -0.132981
v 1.166044 0.148188 -0.136934
v 1.285402 0.141206 -0.037229
v 1.280709 0.152560 -0.036419
v 1.281085 0.160685 -0.057047
v 1.293735 0.139132 -0.056213
v 1.270533 0.141515 -0.052067
v 1.273019 0.153281 -0.036212
v 1.262601 0.152045 -0.055548
v 1.269527 0.162457 -0.052243
v 1.255481 0.177420 -0.060995
v 1.262540 0.153320 -0.065369
v 1.258938 0.177990 -0.062141
v 1.274911 0.164795 -0.067340
v 1.263583 0.162620 -0.073433
v 1.275821 0.146696 -0.070300
v 1.279083 0.136519 -0.064540
v 1.282916 0.141534 0.024620
v 1.272243 0.154047 0.027803
v 1.272158 0.140357 0.050784
v 1.283171 0.155511 0.031755
v 1.293359 0.141527 0.036542
v 1.275615 0.166675 0.052114
v 1.285790 0.138476 0.050723
v 1.275676 0.148844 0.061354
v 1.260672 0.159228 0.057192
v 1.260733 0.168791 0.062588
v 1.255541 0.181966 0.052564
v 1.265682 0.164505 0.043021
v 1.268798 0.155541 0.073187
v 1.245888 0.170731 0.072445
v 1.269805 0.142746 0.057888
v 1.247647 0.172273 0.072936
v 1.254111 0.164921 0.086063
v 1.265754 0.148630 0.087899
v 1.274511 0.141258 0.073878
v 1.254923 0.136855 0.076958
v 1.258137 0.141126 0.058379
v 1.246737 0.149662 0.075033
v 1.251842 0.148718 0.087057
v 1.248592 0.160579 0.086250
v 1.254741 0.154973 0.062682
v 1.115032 0.138647 0.131627
v 1.091090 0.130004 0.131510
v 1.116815 0.132326 0.107307
v 1.094401 0.126776 0.137055
v 1.120404 0.136359 0.134916
v 1.123534 0.121100 0.106011
v 1.099010 0.118837 0.135351
v 1.129853 0.123318 0.134315
v 1.095808 0.118759 0.113055
v 1.092436 0.129683 0.113811
v 0.924880 0.145291 -0.126660
v 0.944443 0.120925 -0.141450
v 1.084298 0.067918 -0.192417
v 0.892217 0.149082 -0.118418
v 0.903618 0.158053 -0.106175
v 0.881229 0.155263 -0.098768
v 0.893564 0.162355 0.080402
v 0.881229 0.155263 -0.098768
v 0.893564 0.162355 0.080402
v 0.897009 0.161720 -0.062092
v 0.877263 0.156737 0.112313
v 0.897276 0.160039 0.119531
v 0.890034 0.149987 0.135006
v 0.906638 0.155598 0.137091
v 0.953346 0.124942 0.158312
v 0.967706 0.093045 0.164539
v 0.991139 0.089347 0.168053
v 1.031114 0.055106 0.175604
v 1.026991 0.041341 0.172446
v 1.049028 0.041544 0.166750
v 1.032364 0.038032 0.155892
v 1.037154 0.066385 0.098603
v 1.017627 0.062163 0.096312
v 0.877263 0.156737 0.112313
v 1.060029 0.067040 -0.186752
v 1.088325 0.049058 -0.193652
v 1.108349 0.052720 -0.192868
v 1.089792 0.047830 -0.179524
v 1.108555 0.053058 -0.172902
v 1.076645 0.076220 -0.107804
v 1.058124 0.071410 -0.106118
v 1.058622 0.087797 -0.096071
v 1.042127 0.081012 -0.097396
v 0.914195 0.119346 0.163356
v 0.899398 0.157401 0.145349
v 0.883570 0.150181 0.148381
v 0.917154 0.166035 0.083447
v 0.863667 0.160893 0.086235
v 0.865778 0.165876 0.029605
v 0.914631 0.163750 0.133653
v 0.920695 0.142272 0.150359
v 0.863158 0.145126 0.145727
v 0.859531 0.155994 0.132590
v 0.893673 0.018095 0.064429
v 0.945438 0.021338 0.083039
v 0.898816 0.005742 0.102025
v 0.941217 0.026424 0.065029
v 0.901920 0.007375 -0.158484
v 0.902223 0.000127 -0.148117
v 0.956183 0.022720 -0.160673
v 0.874255 0.108450 0.159314
v 0.887681 0.057111 0.158328
v 0.946481 0.066184 0.160863
v 0.877263 0.156737 0.112313
v 0.897276 0.160039 0.119531
v 0.893564 0.162355 0.080402
v 0.882199 0.108447 -0.137638
v 0.944783 0.074659 -0.151590
v 0.893989 0.054073 -0.151841
v 0.859531 0.155994 0.132590
v 0.862296 0.158014 0.119950
v 0.914631 0.163750 0.133653
v 0.901739 0.005995 0.152129
v 0.957833 0.022886 0.154772
v 0.902212 0.002303 0.146072
v 0.920695 0.142272 0.150359
v 0.874255 0.108450 0.159314
v 0.946481 0.066184 0.160863
v 0.863158 0.145126 0.145727
v 0.957833 0.022886 0.154772
v 0.887681 0.057111 0.158328
v 0.887681 0.057111 0.158328
v 0.957833 0.022886 0.154772
v 0.874255 0.108450 0.159314
v 0.863158 0.145126 0.145727
v 0.920695 0.142272 0.150359
v 0.914631 0.163750 0.133653
v 0.901739 0.005995 0.152129
v 0.956814 0.018364 0.136876
v 0.902212 0.002303 0.146072
v 0.898816 0.005742 0.102025
v 0.945438 0.021338 0.083039
v 0.893673 0.018095 0.064429
v 0.956814 0.018364 0.136876
v 0.898816 0.005742 0.102025
v 0.902212 0.002303 0.146072
v 0.957833 0.022886 0.154772
v 0.902212 0.002303 0.146072
v 0.956814 0.018364 0.136876
v 0.901739 0.005995 0.152129
v 0.920695 0.142272 0.150359
v 0.946481 0.066184 0.160863
v 0.874255 0.108450 0.159314
v 1.241036 0.158145 0.093067
v 1.227174 0.139298 0.072942
v 1.253953 0.139596 0.084955
v 1.219847 0.157432 0.088329
v 1.248156 0.152178 0.097465
v 1.236270 0.162720 0.106328
v 1.224056 0.172959 0.102059
v 1.223195 0.159428 0.108412
v 1.232401 0.146757 0.108450
v 1.220818 0.143742 0.098960
v 1.215676 0.152225 0.101290
v 1.212898 0.148680 0.091379
v 1.220660 0.135559 0.080334
v 1.237967 0.133652 0.091925
v 0.919374 0.164311 0.041261
v 0.865778 0.165876 0.029605
v 0.917154 0.166035 0.083447
v 0.863667 0.160893 0.086235
v 0.915226 0.163827 0.113197
v 0.862296 0.158014 0.119950
v 0.914631 0.163750 0.133653
v 0.859531 0.155994 0.132590
v 0.863158 0.145126 0.145727
v 0.914631 0.163750 0.133653
v 0.862296 0.158014 0.119950
v 0.915226 0.163827 0.113197
v 1.161157 0.141855 0.131078
v 1.179131 0.131250 0.118393
v 1.132327 0.132790 0.130633
v 1.131017 0.138186 0.131430
v 1.167343 0.147423 0.123538
v 1.143680 0.144994 0.130687
v 1.134668 0.136050 0.101978
v 1.159786 0.143640 0.101937
v 1.132970 0.123233 0.105112
v 1.168154 0.131426 0.099835
v 1.164431 0.142336 0.101354
v 1.139641 0.119353 0.118366
v 1.129477 0.121532 -0.119551
v 1.124589 0.136518 -0.139459
v 1.131552 0.120570 -0.135275
v 1.118004 0.133862 -0.115212
v 1.119471 0.120204 -0.112389
v 1.094328 0.128906 -0.117947
v 1.096379 0.118507 -0.118281
v 1.095432 0.126790 -0.143985
v 1.090690 0.128212 -0.122949
v 1.104505 0.115061 -0.143551
v 1.124371 0.132896 -0.146108
v 1.117918 0.139012 -0.140082
v 1.094607 0.131992 -0.140954
v 1.172122 0.149833 -0.113893
v 1.207682 0.156679 -0.127881
v 1.206288 0.153178 -0.105547
v 1.184492 0.136116 -0.097118
v 1.173613 0.148879 -0.133126
v 1.173298 0.134408 -0.103065
v 1.180806 0.136740 -0.127718
v 1.214815 0.153311 -0.128447
v 1.220053 0.140893 -0.120181
v 1.205742 0.138618 -0.097779
v -1.501523 -0.041197 0.021906
v -1.496817 -0.037075 -0.030769
v -1.497374 -0.047235 -0.006673
v -1.344804 -0.064213 0.053163
v -1.214857 -0.086696 0.056502
v -1.276618 -0.068229 0.049627
v -1.368524 -0.075060 -0.055565
v -1.315264 -0.080867 -0.056049
v -1.416157 -0.080052 -0.060929
v -1.203261 -0.088397 -0.054254
v -1.255676 -0.069835 -0.062240
v -1.242262 -0.067195 -0.058525
v -1.139795 0.104171 -0.074987
v -1.244065 0.109171 -0.093080
v -1.197868 0.111552 -0.076048
v -0.793722 0.043047 -0.099112
v -0.661568 0.064631 -0.146444
v -0.738555 0.044892 -0.123224
v -0.630435 0.068518 -0.143433
v -0.656849 0.059210 -0.150346
v -1.111425 0.118317 -0.064129
v -1.173368 0.112736 -0.056892
v -1.099164 0.119511 -0.054728
v -1.438684 -0.012386 -0.078094
v -1.488297 -0.039840 -0.041154
v -1.454259 -0.014124 -0.070589
v -1.404870 0.030227 -0.088355
v -1.472892 -0.048924 -0.038368
v -1.473600 -0.060442 -0.029019
v -1.477459 -0.063270 -0.001610
v -1.240743 -0.097484 0.054755
v -1.239159 -0.091245 0.053804
v -1.333577 -0.076923 0.051028
v -1.339967 -0.082583 0.051819
v -1.201347 -0.102811 0.042567
v -1.198650 -0.103038 -0.030074
v -1.201432 -0.094661 -0.039999
v -1.193347 -0.103840 0.023441
v -1.240948 -0.083047 -0.053713
v -1.209241 -0.098172 -0.047431
v 0.208055 0.149776 -0.060706
v 0.304926 0.134017 -0.109954
v 0.348662 0.116845 -0.140417
v 0.398486 0.108059 -0.149381
v 0.525691 0.052425 -0.182375
v 0.471404 0.085899 -0.167406
v 0.547329 0.053549 -0.178942
v 0.589960 0.034771 -0.172735
v -0.785350 0.058721 -0.139189
v -0.781594 0.051786 -0.147588
v -0.924521 0.097904 -0.087100
v -0.690700 0.034381 -0.160017
v -1.319911 0.122240 0.078090
v -1.316885 0.122177 0.061476
v -1.330054 0.121730 0.077879
v -1.366858 0.081714 0.141673
v -1.383746 0.040599 -0.094602
v -1.353299 0.075760 -0.088232
v -1.441552 -0.004198 0.129700
v -1.415124 0.030305 0.149243
v -1.458679 -0.020900 0.101104
v -1.492291 -0.044144 0.036889
v -1.463213 -0.021180 0.084674
v -1.458523 -0.080380 -0.037320
v -1.431412 -0.074144 -0.053167
v -1.025563 0.075886 -0.098042
v -1.138157 0.100424 -0.084577
v -1.263277 0.083171 -0.107959
v -1.362145 0.026948 -0.107165
v -1.279837 0.078126 -0.104274
v -1.242142 0.097306 -0.091707
v -0.122558 0.157015 0.051226
v -0.132771 0.150742 0.086793
v -0.129508 0.126545 0.134940
v -1.347497 0.071211 -0.092898
v -1.291581 0.101351 -0.095217
v -1.278621 0.099515 -0.101274
v -1.267289 -0.075537 -0.052261
v -1.281240 0.116721 0.088111
v -1.326749 0.082177 0.126814
v -1.317698 0.079371 0.129311
v -1.363019 0.048622 0.141725
v -1.290712 0.119520 0.087501
v -1.270796 0.119990 0.060632
v -1.367632 -0.067137 -0.060620
v -1.373422 -0.061523 -0.056390
v -1.293972 -0.059987 -0.056950
v -1.414047 -0.064860 -0.056241
v -1.425573 -0.061107 0.043908
v -1.454204 -0.067794 0.020278
v -1.420429 -0.066352 0.048504
v -1.361639 -0.057003 0.049393
v -1.414365 0.016572 0.124264
v -1.401866 0.016089 0.130173
v -1.211023 0.105937 -0.070214
v -1.455481 -0.064591 -0.025299
v -1.454488 -0.070170 -0.031672
v -0.313947 0.038171 -0.189273
v -0.301237 0.068603 -0.191032
v -0.317489 0.018322 -0.183889
v -0.917845 0.043353 -0.095604
v -1.030475 0.072813 -0.104864
v -1.437294 -0.017336 -0.073289
v -1.429216 -0.018885 -0.080144
v -1.401211 -0.074837 0.057568
v -0.510940 0.058168 0.119577
v -0.506307 0.025105 0.147845
v -0.500655 0.047273 0.132648
v -0.190879 0.150468 0.106917
v -0.190479 0.159930 0.072310
v -0.208914 0.121336 0.164881
v -1.458510 -0.032708 0.096362
v -1.478093 -0.056527 0.027974
v -0.392238 0.003322 -0.202575
v -0.444367 0.026496 -0.193819
v -0.173486 0.003540 0.132973
v -0.177719 0.000568 0.109376
v -0.154772 0.012270 0.147410
v -0.144475 0.032392 0.164318
v -1.463824 -0.046495 -0.053219
v -1.458742 -0.074429 -0.035225
v -1.463802 -0.076580 0.009390
v -0.619976 0.064124 -0.118130
v -0.622974 0.069330 -0.119598
v -1.452439 -0.078371 0.037984
v -1.399364 -0.081064 0.058724
v -0.285045 0.004506 0.042080
v -0.273875 0.003805 0.137299
v -0.294081 0.007277 0.037850
v 1.076851 0.080805 -0.201681
v 1.038840 0.072326 -0.180757
v 1.083886 0.085751 -0.196659
v 1.139799 0.091852 -0.201786
v -1.057537 0.119512 -0.051631
v -0.996758 0.114407 -0.065313
v -1.474245 -0.061308 0.032251
v -0.215536 0.056617 -0.176895
v -0.221079 0.078549 -0.175280
v -0.213025 0.113028 -0.160870
v -0.170854 0.131392 -0.126912
v -0.179648 0.160455 -0.057879
v -0.168732 0.156146 -0.071285
v -0.181382 0.166222 0.002415
v -0.626716 0.062690 -0.146105
vn -0.0018 -0.0004 -1.0000
vn -0.0012 0.0174 -0.9998
vn 0.2256 0.8040 -0.5502
vn -0.0058 0.0029 -1.0000
vn -0.0027 0.0002 -1.0000
vn -0.0028 -0.0000 -1.0000
vn -0.0027 0.0005 -1.0000
vn -0.0014 -0.0039 -1.0000
vn -0.0028 0.0002 -1.0000
vn -0.0019 -0.0097 -1.0000
vn -0.0015 -0.0035 -1.0000
vn -0.0028 -0.0003 -1.0000
vn 0.9238 0.3828 0.0034
vn 0.8059 -0.5920 -0.0026
vn 0.8089 -0.5880 -0.0000
vn -0.4948 0.6068 -0.6221
vn -0.3776 0.7172 -0.5857
vn -0.0009 -0.0023 -1.0000
vn -0.0040 0.0021 -1.0000
vn -0.0059 0.0005 -1.0000
vn -0.0066 0.0013 -1.0000
vn 0.3995 -0.9167 -0.0000
vn 0.8059 -0.5921 -0.0000
vn 0.3995 -0.9167 0.0004
vn 0.8088 -0.5880 -0.0027
vn 0.8059 -0.5921 -0.0026
vn -0.2775 -0.9607 0.0009
vn -0.2776 -0.9607 0.0009
vn -0.0114 -0.9999 -0.0000
vn -0.2175 -0.9720 -0.0890
vn 0.1127 0.3927 -0.9127
vn -0.0777 -0.9891 -0.1254
vn -0.0196 -0.0698 0.9974
vn -0.0199 -0.0707 0.9973
vn -0.0198 -0.0707 0.9973
vn -0.0170 -0.0629 0.9979
vn 0.8309 -0.2312 -0.5062
vn 0.0413 -0.9990 0.0188
vn -0.7894 0.5216 -0.3237
vn 0.1879 -0.5867 -0.7877
vn 0.7331 -0.3369 -0.5908
vn 0.4360 -0.8811 0.1831
vn -0.3011 0.8886 -0.3461
vn 0.9729 -0.0356 -0.2287
vn 0.3645 -0.9296 -0.0546
vn -0.0499 0.3847 0.9217
vn -0.0503 0.3855 0.9214
vn -0.0606 0.4030 0.9132
vn 0.1110 0.8794 0.4629
vn 0.0543 0.6870 0.7247
vn 0.0226 -0.9854 -0.1689
vn 0.2196 -0.7806 0.5852
vn -0.8935 0.0069 -0.4491
vn -0.8935 0.0070 -0.4491
vn -0.8933 0.0068 -0.4494
vn -0.8925 0.0152 -0.4507
vn 0.2379 -0.4074 -0.8817
vn -0.0477 -0.1597 -0.9860
vn -0.0300 0.8064 0.5906
vn -0.0300 0.8063 0.5907
vn -0.0262 0.8111 0.5843
vn 0.1314 -0.9909 0.0309
vn 0.8200 0.5646 0.0941
vn 0.1859 0.6666 0.7219
vn -0.3116 -0.9216 0.2313
vn -0.1185 -0.9594 -0.2561
vn 0.0673 0.0695 -0.9953
vn -0.1866 -0.6727 0.7161
vn 0.1556 0.9692 -0.1908
vn -0.1338 0.7866 0.6028
vn 0.9280 -0.3646 0.0764
vn 0.1870 0.9793 0.0779
vn 0.7623 -0.5018 0.4088
vn 0.3446 -0.7758 -0.5285
vn -0.6144 0.7708 0.1681
vn -0.1803 -0.6086 0.7727
vn -0.9848 -0.0201 0.1727
vn 0.9123 -0.1935 0.3609
vn -0.9774 0.1857 -0.1012
vn -0.1783 0.0741 0.9812
vn -0.1783 0.0742 0.9812
vn -0.1785 0.0739 0.9812
vn -0.1914 0.0537 0.9800
vn -0.3440 -0.9014 0.2630
vn -0.0611 0.8911 0.4497
vn -0.0422 -0.9562 -0.2897
vn 0.7422 -0.5292 -0.4113
vn 0.9950 0.0476 -0.0880
vn -0.0311 0.9993 0.0201
vn -0.2080 0.8830 -0.4206
vn 0.0401 0.9157 0.3999
vn -0.2423 -0.8061 0.5400
vn 0.4704 -0.8596 -0.1996
vn 0.4704 -0.8596 -0.1997
vn 0.4793 -0.8555 -0.1957
vn -0.6999 -0.2669 -0.6625
vn -0.0507 -0.9984 0.0267
vn -0.3264 -0.7913 -0.5170
vn -0.0312 0.9608 0.2753
vn 0.2578 0.9232 0.2851
vn 0.0741 0.9296 0.3609
vn -0.0962 -0.7416 0.6639
vn -0.4006 -0.7340 -0.5484
vn 0.3683 0.4732 0.8002
vn 0.3613 0.4629 0.8095
vn -0.1951 -0.9746 0.1096
vn -0.2389 -0.9634 0.1220
vn 0.3329 0.6301 0.7016
vn -0.0243 0.9578 -0.2864
vn 0.0230 -0.9302 -0.3665
vn -0.4294 -0.8864 0.1728
vn 0.5280 0.3841 0.7574
vn 0.3412 0.9387 -0.0491
vn -0.1860 0.9661 -0.1790
vn -0.4833 -0.3484 0.8032
vn -0.3825 -0.8287 0.4085
vn -0.3826 -0.8285 0.4089
vn -0.3923 -0.8336 0.3889
vn 0.2072 0.9427 -0.2613
vn -0.1315 -0.8906 -0.4354
vn -0.0977 0.9619 -0.2553
vn -0.0977 0.9619 -0.2552
vn -0.0984 0.9650 -0.2431
vn -0.4593 0.5792 0.6734
vn 0.2648 -0.6761 -0.6876
vn 0.3127 -0.7001 0.6419
vn -0.5975 0.8013 -0.0294
vn 0.6617 -0.6346 -0.3993
vn 0.6616 -0.6343 -0.4000
vn 0.6615 -0.6344 -0.4000
vn 0.6631 -0.6381 -0.3913
vn -0.3255 0.9450 -0.0335
vn -0.3887 -0.6490 -0.6540
vn -0.3886 -0.6492 -0.6539
vn -0.3886 -0.6491 -0.6539
vn -0.4054 -0.6242 -0.6678
vn -0.4055 0.8081 -0.4272
vn -0.4054 0.8081 -0.4272
vn -0.4056 0.8081 -0.4272
vn -0.4073 0.8071 -0.4273
vn -0.3829 0.0147 -0.9237
vn 0.3402 -0.6702 0.6597
vn 0.5417 -0.5403 0.6439
vn -0.9841 -0.1756 -0.0255
vn 0.0583 0.9975 0.0394
vn -0.8345 0.5412 -0.1034
vn -0.8346 0.5411 -0.1034
vn -0.8349 0.5406 -0.1037
vn -0.8485 0.5175 -0.1108
vn 0.3208 -0.9471 0.0122
vn 0.6424 0.6671 0.3772
vn 0.1307 -0.9547 -0.2674
vn 0.9536 -0.2776 0.1162
vn 0.9535 -0.2781 0.1165
vn -0.8760 -0.4159 0.2442
vn -0.6139 -0.0338 -0.7887
vn 0.6827 -0.5063 0.5269
vn -0.9342 -0.1867 -0.3038
vn 0.3411 0.9397 0.0251
vn -0.9154 0.3829 0.1246
vn 0.2126 0.3097 0.9267
vn -0.9511 -0.1313 0.2796
vn 0.5147 -0.0032 0.8574
vn 0.5147 -0.0027 0.8574
vn 0.5145 -0.0026 0.8575
vn 0.5354 -0.0092 0.8445
vn -0.9535 -0.2924 -0.0729
vn 0.4926 0.7298 0.4741
vn 0.2759 -0.8689 0.4110
vn 0.2837 -0.7936 0.5382
vn -0.3835 0.2583 -0.8867
vn 0.0008 -0.7625 -0.6469
vn 0.3522 -0.9223 0.1589
vn -0.3186 0.8828 0.3454
vn -0.5978 0.7754 -0.2035
vn 0.5537 -0.3642 0.7489
vn 0.7117 -0.6988 0.0717
vn -0.5709 0.6963 0.4350
vn 0.2096 -0.8439 -0.4939
vn -0.5189 0.8353 -0.1819
vn 0.5007 0.2759 -0.8205
vn -0.8729 0.3789 0.3073
vn 0.3008 0.9500 0.0843
vn -0.1768 -0.8663 -0.4672
vn 0.1103 -0.9737 0.1996
vn 0.1096 0.9320 -0.3453
vn 0.0925 0.9760 -0.1970
vn -0.0033 0.9877 -0.1561
vn 0.0576 -0.7964 0.6021
vn 0.0981 -0.9571 -0.2726
vn -0.0297 -0.7547 0.6554
vn 0.7931 0.5979 0.1163
vn -0.3752 0.9268 0.0188
vn 0.1615 0.9749 -0.1533
vn 0.0413 -0.9789 0.1999
vn -0.2066 -0.8344 0.5109
vn -0.8182 0.5568 -0.1432
vn -0.4741 0.7461 -0.4676
vn -0.1766 -0.9822 -0.0646
vn 0.1397 0.6280 0.7656
vn -0.3719 -0.3651 0.8535
vn 0.2648 0.0830 -0.9607
vn -0.0255 -0.9900 0.1385
vn -0.0036 0.9671 -0.2543
vn -0.3397 0.8975 0.2811
vn -0.4459 -0.8947 0.0274
vn -0.3224 -0.6623 -0.6763
vn -0.1184 -0.9890 0.0892
vn -0.1182 -0.9890 0.0893
vn -0.1186 -0.9890 0.0889
vn -0.6755 -0.6992 0.2343
vn 0.8382 -0.5451 0.0158
vn 0.9160 -0.2764 -0.2907
vn -0.0918 -0.8273 0.5543
vn 0.0703 -0.9580 0.2779
vn 0.0704 -0.9580 0.2780
vn 0.0725 -0.9570 0.2810
vn 0.3188 0.8658 0.3858
vn 0.0202 -0.6427 0.7659
vn -0.4053 -0.6744 -0.6171
vn 0.4108 -0.9109 -0.0389
vn 0.3964 -0.3563 0.8461
vn -0.1203 -0.5466 0.8287
vn -0.2120 -0.9736 0.0841
vn 0.2718 0.9533 0.1321
vn 0.2718 0.9533 0.1320
vn 0.2719 0.9532 0.1321
vn 0.2494 0.9594 0.1318
vn -0.1901 0.9793 -0.0694
vn 0.3502 0.9332 -0.0810
vn 0.3446 0.8883 0.3036
vn -0.9771 0.0907 -0.1923
vn -0.9771 0.0906 -0.1923
vn -0.9776 0.0559 -0.2030
vn -0.1778 -0.9284 -0.3262
vn -0.2739 -0.9122 -0.3048
vn 0.2039 0.8756 -0.4378
vn 0.1085 0.9886 -0.1041
vn -0.5396 -0.7971 0.2710
vn -0.5488 -0.7903 0.2726
vn 0.7446 0.6651 0.0563
vn -0.2549 -0.7270 0.6375
vn 0.2517 0.5639 -0.7866
vn 0.1799 -0.8928 0.4129
vn -0.1923 0.9648 -0.1792
vn -0.1846 0.9392 0.2895
vn 0.2147 -0.9642 -0.1556
vn 0.1083 0.8483 0.5183
vn 0.1942 0.9808 -0.0178
vn -0.9614 0.2745 -0.0179
vn 0.4772 0.8198 0.3166
vn -0.4741 0.2617 -0.8407
vn 0.0352 0.9850 -0.1689
vn -0.3293 -0.9421 -0.0631
vn -0.0885 0.9881 0.1258
vn 0.4251 0.8728 -0.2397
vn -0.9992 -0.0389 0.0008
vn 0.2107 0.9354 0.2841
vn -0.1414 0.9881 0.0613
vn -0.1489 0.9853 -0.0838
vn -0.8547 0.1789 0.4874
vn 0.0270 -0.9405 -0.3386
vn -0.0736 0.9842 0.1609
vn 0.9534 0.2046 0.2217
vn -0.0573 0.5629 0.8245
vn -0.0573 0.5628 0.8246
vn -0.0625 0.5847 0.8089
vn 0.0559 -0.9701 0.2361
vn 0.7186 0.3792 -0.5830
vn 0.0307 0.4112 -0.9110
vn 0.0307 0.4111 -0.9111
vn 0.0312 0.4478 -0.8936
vn -0.4716 -0.7390 -0.4811
vn 0.1296 0.9309 -0.3414
vn 0.1498 0.9312 -0.3324
vn -0.8920 0.3763 0.2503
vn -0.8922 0.3761 0.2499
vn 0.2981 -0.3096 0.9029
vn 0.3281 -0.8149 0.4779
vn -0.7691 0.5791 0.2703
vn -0.5191 0.8340 0.1870
vn -0.7020 -0.2284 0.6745
vn -0.6693 0.3877 0.6338
vn 0.6610 -0.7472 -0.0688
vn 0.7509 -0.6296 0.1991
vn 0.3708 -0.7764 -0.5097
vn -0.6608 0.7388 0.1321
vn 0.6106 -0.6634 -0.4324
vn -0.6992 -0.6425 -0.3137
vn 0.6019 -0.7986 -0.0012
vn 0.0404 -0.3151 -0.9482
vn 0.8388 -0.4922 -0.2328
vn -0.4583 -0.7885 -0.4102
vn -0.9748 -0.0610 0.2146
vn 0.7068 -0.6539 0.2699
vn 0.7834 -0.3091 0.5392
vn -0.9366 -0.3439 0.0676
vn 0.0724 -0.9894 0.1257
vn 0.4571 -0.1845 0.8701
vn 0.4152 -0.8552 -0.3102
vn 0.4150 -0.8553 -0.3103
vn 0.4031 -0.8602 -0.3125
vn -0.1675 -0.9100 -0.3794
vn 0.4232 0.8438 0.3299
vn 0.4704 0.8747 0.1169
vn -0.7882 0.4856 -0.3780
vn -0.1076 0.9133 0.3927
vn 0.0364 -0.8819 -0.4700
vn 0.0119 -0.9911 -0.1323
vn 0.2665 -0.7602 -0.5925
vn -0.1246 0.9614 -0.2454
vn -0.6046 -0.3939 0.6923
vn 0.9319 -0.3019 0.2011
vn 0.9433 -0.2412 0.2282
vn -0.3644 0.1474 0.9195
vn -0.1497 0.5076 -0.8485
vn -0.2608 -0.9166 -0.3030
vn -0.8909 0.4460 -0.0860
vn 0.4127 -0.8734 -0.2584
vn -0.8377 -0.5452 -0.0315
vn 0.1748 -0.9637 -0.2018
vn -0.9295 0.3556 -0.0981
vn 0.2893 -0.9572 0.0015
vn 0.3661 -0.7296 -0.5776
vn 0.6758 -0.4770 -0.5619
vn -0.3001 -0.5356 -0.7893
vn -0.5472 0.6930 -0.4694
vn -0.3671 0.3670 -0.8547
vn -0.0370 0.5663 -0.8234
vn 0.2870 -0.6097 0.7388
vn 0.2462 0.0990 0.9641
vn -0.1016 0.9304 -0.3522
vn -0.5792 -0.8151 -0.0067
vn -0.6049 -0.6399 0.4740
vn 0.9641 -0.2492 -0.0919
vn 0.8027 -0.0722 -0.5920
vn -0.9539 0.1641 0.2515
vn -0.9302 0.2180 0.2953
vn 0.0791 0.9509 0.2991
vn 0.2851 0.8521 0.4389
vn -0.2977 -0.9008 -0.3163
vn -0.0425 -0.9459 -0.3218
vn -0.0441 -0.8126 0.5812
vn 0.2230 0.6540 -0.7228
vn 0.0156 0.9950 -0.0983
vn 0.2606 0.9428 0.2079
vn -0.9915 -0.1296 0.0147
vn 0.2468 -0.8777 0.4109
vn -0.9573 0.1001 -0.2712
vn -0.9082 0.2994 -0.2923
vn 0.3767 -0.3552 -0.8555
vn 0.5668 0.1724 -0.8056
vn 0.5906 0.8021 0.0882
vn -0.1232 -0.6721 -0.7302
vn -0.1232 -0.6719 -0.7303
vn -0.1232 -0.6720 -0.7302
vn -0.1323 -0.6810 -0.7203
vn 0.3270 0.9128 -0.2448
vn -0.1698 -0.7310 0.6609
vn -0.5521 -0.1727 0.8157
vn -0.9768 0.1257 0.1732
vn 0.4950 -0.3877 -0.7776
vn -0.9649 0.1933 0.1780
vn 0.1615 -0.9465 -0.2794
vn 0.2848 -0.6055 -0.7432
vn -0.6354 0.4699 -0.6128
vn -0.7503 -0.6599 -0.0403
vn -0.9176 0.2153 0.3342
vn -0.7112 -0.6940 -0.1120
vn -0.7113 -0.6939 -0.1121
vn -0.7113 -0.6939 -0.1120
vn -0.7271 -0.6791 -0.1007
vn 0.8535 -0.4643 -0.2367
vn 0.8532 -0.4648 -0.2365
vn -0.5126 -0.8507 0.1160
vn 0.7852 -0.5184 -0.3388
vn 0.7852 -0.5184 -0.3387
vn 0.7735 -0.5348 -0.3402
vn 0.7797 -0.5090 -0.3647
vn -0.6480 0.7365 0.1942
vn -0.6389 0.7442 0.1948
vn -0.1587 -0.9637 -0.2148
vn 0.1242 0.9361 0.3291
vn -0.2954 -0.3853 -0.8742
vn -0.2219 -0.6836 0.6953
vn 0.3166 0.4029 0.8588
vn 0.0036 -0.8899 -0.4562
vn -0.4822 -0.6380 0.6004
vn -0.1305 -0.2929 -0.9472
vn 0.3179 -0.6268 -0.7114
vn -0.0833 -0.7538 0.6518
vn -0.0202 0.9370 0.3487
vn -0.9312 -0.3278 -0.1592
vn 0.9242 -0.1868 -0.3331
vn 0.1155 -0.7248 -0.6792
vn 0.1519 -0.9094 -0.3872
vn 0.1520 -0.9094 -0.3872
vn 0.1520 -0.9093 -0.3873
vn 0.1783 -0.8977 -0.4030
vn 0.1784 -0.8976 -0.4031
vn 0.4739 0.2993 -0.8281
vn -0.9887 -0.0574 -0.1388
vn -0.5304 0.8374 -0.1323
vn 0.3932 -0.9188 0.0337
vn -0.0086 0.5737 -0.8190
vn -0.0425 -0.9968 -0.0683
vn -0.7283 0.3938 -0.5608
vn 0.6022 -0.7260 0.3321
vn 0.7417 -0.5751 0.3452
vn -0.6341 0.5091 -0.5821
vn -0.0837 0.6263 0.7751
vn -0.2050 0.4549 0.8666
vn 0.1071 0.9013 -0.4197
vn -0.2966 0.7106 -0.6380
vn 0.1431 -0.9816 -0.1263
vn 0.4926 -0.8467 -0.2009
vn 0.0911 -0.8006 -0.5922
vn -0.0654 0.5059 0.8601
vn 0.2874 0.8865 -0.3626
vn 0.0140 0.9350 -0.3543
vn 0.1132 0.9923 -0.0504
vn 0.1775 0.9747 0.1360
vn 0.2527 0.9441 0.2116
vn 0.5060 0.2956 0.8103
vn -0.4293 -0.8836 0.1867
vn -0.4292 -0.8837 0.1869
vn -0.4294 -0.8836 0.1867
vn -0.4374 -0.8801 0.1849
vn 0.9078 0.2940 0.2991
vn -0.3133 0.8363 -0.4499
vn -0.0279 0.7785 -0.6271
vn 0.0194 -0.8381 0.5452
vn 0.0278 0.6128 0.7897
vn -0.2722 0.3870 0.8810
vn 0.1047 0.6330 -0.7671
vn 0.7494 -0.3238 0.5775
vn 0.2570 0.9299 0.2632
vn -0.0510 -0.7626 0.6449
vn 0.5070 0.8619 -0.0071
vn 0.0924 -0.4903 -0.8667
vn -0.9699 -0.0638 -0.2350
vn -0.8785 -0.2810 -0.3863
vn 0.8834 0.3235 -0.3389
vn 0.7494 -0.1283 -0.6496
vn 0.6507 -0.2805 0.7057
vn -0.9443 -0.2630 -0.1979
vn -0.9445 -0.2626 -0.1975
vn -0.9661 -0.0683 0.2491
vn 0.0624 0.5282 0.8468
vn 0.5051 -0.4814 -0.7163
vn -0.0046 -0.9550 -0.2965
vn -0.4098 0.8815 0.2344
vn 0.0430 0.5176 0.8546
vn 0.0802 0.9965 -0.0239
vn -0.1967 -0.9226 0.3318
vn 0.2793 0.9581 -0.0634
vn 0.0017 0.9998 -0.0201
vn -0.5530 -0.7932 0.2550
vn -0.1483 -0.8915 0.4281
vn 0.1899 0.8555 0.4817
vn 0.1656 -0.9862 0.0059
vn 0.9113 0.3486 0.2188
vn -0.1706 0.9553 -0.2416
vn 0.0317 0.9889 -0.1454
vn -0.0000 -0.6682 -0.7440
vn -0.0994 -0.8809 -0.4628
vn 0.7065 -0.0485 0.7061
vn 0.4240 -0.8638 -0.2721
vn -0.9436 -0.2420 -0.2258
vn -0.9435 -0.2425 -0.2258
vn -0.7036 -0.6232 -0.3414
vn -0.0741 0.1549 -0.9851
vn -0.0185 -0.3143 -0.9491
vn -0.0186 -0.3145 -0.9491
vn -0.0187 -0.3144 -0.9491
vn -0.0260 -0.3143 -0.9490
vn 0.6100 -0.7191 0.3328
vn 0.6098 -0.7193 0.3329
vn 0.6100 -0.7192 0.3328
vn 0.5890 -0.7412 0.3221
vn -0.1118 0.9900 -0.0862
vn -0.0660 0.9292 -0.3637
vn 0.8015 -0.5781 0.1529
vn -0.3492 -0.7562 -0.5534
vn 0.2466 0.7246 0.6435
vn 0.4843 0.8211 -0.3020
vn -0.3665 -0.7506 -0.5498
vn -0.2594 -0.8956 -0.3615
vn 0.9836 0.1229 -0.1317
vn 0.6757 -0.5640 -0.4747
vn -0.3928 0.8856 0.2477
vn 0.1658 -0.9861 0.0063
vn -0.5594 0.8072 0.1887
vn 0.3252 -0.9433 -0.0662
vn 0.3260 -0.9453 -0.0144
vn -0.1669 0.9860 -0.0061
vn -0.4650 0.8786 -0.1090
vn -0.0016 -1.0000 -0.0034
vn -0.9216 0.3702 -0.1167
vn 0.5609 0.8166 0.1363
vn 0.1855 0.7357 0.6514
vn -0.8465 0.5095 0.1544
vn 0.1851 0.9586 0.2166
vn -0.0844 -0.9963 -0.0133
vn 0.3892 0.7152 -0.5806
vn 0.7616 -0.6443 0.0698
vn -0.9477 0.1353 -0.2891
vn -0.3592 0.5540 0.7511
vn -0.2894 0.9427 0.1663
vn -0.1629 -0.2473 -0.9551
vn 0.3078 -0.6444 0.7000
vn -0.3516 -0.3883 -0.8518
vn 0.3936 -0.1450 0.9078
vn 0.4935 -0.3420 -0.7997
vn 0.3803 -0.9137 0.1433
vn -0.2174 -0.9600 -0.1765
vn -0.4389 -0.8948 -0.0817
vn -0.4193 -0.9051 -0.0705
vn -0.3260 0.6825 0.6542
vn -0.3259 0.6825 0.6542
vn -0.3259 0.6824 0.6543
vn -0.3248 0.6816 0.6557
vn -0.0245 0.8472 0.5307
vn 0.0145 0.9311 0.3645
vn 0.0404 0.8423 0.5375
vn 0.9041 -0.4183 0.0873
vn 0.9467 -0.2765 0.1653
vn 0.1077 0.0203 0.9940
vn -0.3560 0.2074 0.9112
vn 0.5693 -0.0487 0.8207
vn 0.5693 -0.0488 0.8207
vn 0.5694 -0.0486 0.8207
vn 0.5694 -0.0485 0.8206
vn 0.0660 0.5960 0.8003
vn -0.9951 -0.0051 0.0985
vn 0.0211 0.9957 -0.0897
vn 0.3852 -0.9025 -0.1925
vn -0.9868 0.0639 -0.1487
vn -0.7440 -0.5869 -0.3195
vn -0.7445 0.5853 -0.3210
vn -0.3667 -0.6775 -0.6375
vn -0.3410 -0.7089 -0.6174
vn -0.3410 -0.7091 -0.6172
vn -0.3577 -0.7065 -0.6107
vn 0.3340 0.5123 0.7912
vn -0.0787 0.7881 -0.6105
vn -0.7283 -0.6852 0.0113
vn -0.1925 -0.9157 -0.3528
vn -0.0516 -0.1308 0.9901
vn -0.0252 -0.9148 0.4032
vn 0.1162 -0.9856 0.1227
vn 0.0187 -0.6759 0.7368
vn 0.3109 0.9501 -0.0240
vn 0.4537 0.7616 0.4627
vn 0.0143 0.3026 -0.9530
vn -0.1069 -0.8275 -0.5511
vn 0.1103 0.6401 -0.7604
vn 0.0536 0.7990 -0.5989
vn 0.6171 -0.5480 0.5647
vn -0.9594 -0.1922 0.2066
vn 0.3833 0.9223 -0.0499
vn 0.0453 -0.2693 -0.9620
vn 0.7291 0.5986 0.3318
vn 0.8252 0.4441 0.3490
vn -0.1916 -0.9713 0.1412
vn 0.3933 0.7631 -0.5128
vn 0.3929 0.7632 -0.5130
vn 0.3934 0.7631 -0.5128
vn 0.3895 0.7639 -0.5145
vn 0.3197 0.9424 -0.0987
vn -0.9228 0.3054 0.2349
vn -0.9225 0.3062 0.2348
vn -0.9976 0.0665 -0.0186
vn 0.8609 -0.4065 0.3058
vn 0.2580 0.4850 0.8356
vn 0.0094 -0.7728 -0.6346
vn -0.1317 -0.6340 -0.7620
vn 0.0696 -0.9954 -0.0659
vn 0.5846 -0.0839 -0.8070
vn 0.1940 -0.7465 -0.6365
vn 0.2908 -0.1418 -0.9462
vn -0.2143 -0.9533 -0.2128
vn -0.0753 -0.9740 -0.2135
vn 0.2136 0.9767 0.0192
vn 0.2662 -0.7979 0.5408
vn 0.0867 -0.2765 0.9571
vn 0.3551 -0.6678 -0.6542
vn 0.4486 -0.8934 -0.0233
vn -0.3104 -0.8154 0.4887
vn 0.1267 -0.9831 0.1322
vn -0.2047 0.9423 0.2650
vn 0.1792 0.9716 0.1542
vn 0.2252 -0.9243 -0.3081
vn 0.4201 0.6372 0.6462
vn -0.4050 -0.9000 -0.1614
vn -0.3225 0.6044 0.7285
vn 0.9287 0.2314 0.2899
vn -0.2166 0.8303 0.5136
vn -0.4240 0.9026 0.0745
vn 0.0033 0.1845 0.9828
vn 0.3074 -0.5564 0.7719
vn -0.4055 0.5493 -0.7306
vn -0.0141 0.6619 -0.7494
vn -0.3105 0.3002 -0.9019
vn 0.3832 -0.7116 -0.5889
vn -0.5657 -0.3118 0.7633
vn 0.3150 0.8765 0.3641
vn 0.2257 0.8292 0.5115
vn -0.2590 -0.8883 0.3793
vn 0.3283 0.5953 0.7334
vn 0.1685 -0.2175 0.9614
vn 0.1685 -0.2174 0.9614
vn 0.1685 -0.2173 0.9614
vn 0.1691 -0.1797 0.9691
vn 0.3284 0.8107 0.4846
vn 0.3713 0.9277 -0.0399
vn -0.8544 -0.5196 -0.0070
vn -0.9312 -0.3512 0.0977
vn 0.0688 0.9658 0.2499
vn 0.1060 0.9940 -0.0257
vn 0.1826 -0.9400 0.2883
vn -0.1219 -0.9749 -0.1866
vn -0.3277 0.9277 0.1786
vn -0.4545 0.8645 -0.2144
vn -0.0594 0.8842 -0.4633
vn 0.3445 -0.6543 0.6732
vn -0.1944 0.9772 -0.0860
vn 0.1205 -0.0064 0.9927
vn -0.0862 0.9284 0.3615
vn -0.1920 0.9812 -0.0204
vn -0.3976 -0.9166 0.0411
vn 0.5045 -0.5433 -0.6710
vn -0.6226 0.4025 -0.6711
vn 0.6733 -0.0136 -0.7392
vn -0.7084 0.6403 -0.2970
vn 0.1764 0.1708 0.9694
vn -0.0978 -0.0924 -0.9909
vn -0.2678 0.0782 0.9603
vn -0.8516 0.3554 0.3852
vn 0.3022 -0.8711 -0.3871
vn 0.6078 -0.7270 -0.3195
vn -0.1501 0.9161 -0.3717
vn 0.0139 0.6252 -0.7803
vn 0.0539 -0.9884 0.1417
vn -0.1337 -0.8035 0.5802
vn -0.4152 -0.7817 -0.4653
vn -0.4154 -0.7816 -0.4653
vn -0.4152 -0.7820 -0.4648
vn -0.4021 -0.7706 -0.4945
vn -0.4021 -0.7704 -0.4947
vn 0.1339 -0.7889 0.5998
vn -0.4241 -0.9056 -0.0063
vn 0.2764 -0.9046 0.3244
vn -0.3980 0.0577 0.9156
vn -0.6922 0.3959 0.6034
vn 0.7834 -0.3383 -0.5213
vn 0.4393 0.3455 -0.8292
vn 0.9107 -0.2809 0.3028
vn -0.0047 -0.9871 0.1602
vn 0.1095 0.7778 0.6189
vn -0.3311 0.6820 0.6521
vn -0.4265 0.8337 0.3508
vn 0.1822 -0.9832 0.0119
vn -0.2413 0.9603 -0.1400
vn -0.2159 -0.6506 0.7281
vn -0.0236 0.9555 0.2939
vn 0.6925 -0.7031 -0.1618
vn 0.6925 -0.7031 -0.1615
vn 0.6925 -0.7030 -0.1618
vn 0.6971 -0.6980 -0.1637
vn -0.8496 0.3519 -0.3929
vn -0.8496 0.3510 -0.3936
vn 0.4421 -0.8204 -0.3625
vn -0.6036 0.3800 -0.7008
vn 0.1512 0.9260 -0.3460
vn -0.3180 -0.7656 0.5592
vn -0.5777 0.7714 0.2669
vn -0.5609 0.8028 0.2023
vn 0.1398 0.4653 -0.8740
vn -0.0301 0.9946 -0.0997
vn 0.2251 0.4848 -0.8452
vn 0.3309 0.6662 -0.6684
vn -0.2635 0.2184 0.9396
vn -0.5913 0.7984 -0.1137
vn -0.4927 0.3064 0.8145
vn 0.4252 0.2709 0.8636
vn 0.3506 -0.4488 0.8220
vn 0.5346 -0.7086 0.4605
vn -0.1375 0.9871 0.0820
vn -0.0058 0.9965 0.0829
vn 0.0562 -0.9983 -0.0158
vn 0.0876 -0.9505 0.2982
vn 0.3005 -0.9533 0.0311
vn -0.2242 0.9629 0.1505
vn 0.0515 0.9437 0.3268
vn -0.0941 -0.9299 0.3555
vn -0.1517 -0.9008 0.4069
vn 0.1282 0.8723 -0.4718
vn 0.4843 -0.2212 -0.8465
vn 0.3221 0.9005 -0.2923
vn 0.9185 0.2934 -0.2651
vn -0.8502 -0.2796 0.4460
vn -0.4871 -0.8171 0.3083
vn -0.0624 -0.9641 -0.2580
vn -0.1098 -0.1907 -0.9755
vn -0.6505 0.7347 0.1927
vn -0.1519 0.5694 0.8079
vn 0.4470 0.3996 0.8003
vn 0.0466 0.7662 0.6409
vn -0.1842 -0.9800 -0.0755
vn 0.0598 -0.9970 -0.0484
vn 0.5187 0.8547 0.0218
vn -0.3289 -0.8979 -0.2925
vn -0.9905 -0.0037 -0.1374
vn 0.0427 0.8898 0.4544
vn -0.2022 -0.8969 -0.3933
vn 0.5026 0.2738 0.8200
vn 0.4035 0.7200 0.5647
vn 0.4035 0.7200 0.5646
vn 0.4232 0.7163 0.5549
vn 0.3482 0.2706 0.8975
vn -0.4995 0.1206 -0.8579
vn 0.6659 0.7169 -0.2065
vn 0.6662 0.7166 -0.2064
vn 0.5443 -0.4255 -0.7230
vn -0.6379 -0.7697 -0.0263
vn -0.1535 -0.7816 0.6046
vn -0.4696 0.5035 -0.7252
vn -0.3495 0.1696 -0.9214
vn 0.3747 0.9231 0.0863
vn 0.4986 0.8603 -0.1064
vn -0.2988 0.8718 -0.3882
vn -0.1307 0.9622 -0.2391
vn -0.1648 0.9420 -0.2923
vn -0.9229 0.3700 0.1068
vn 0.8375 -0.4808 -0.2598
vn -0.1133 0.9648 -0.2372
vn 0.0226 0.5985 0.8008
vn 0.0105 0.9541 -0.2994
vn 0.3090 0.8465 0.4335
vn 0.3092 0.8463 0.4339
vn 0.2985 0.8524 0.4294
vn 0.2806 0.9038 0.3232
vn 0.8104 -0.1363 0.5698
vn -0.2832 -0.8536 -0.4373
vn -0.3226 0.7710 -0.5491
vn 0.6139 -0.7011 -0.3628
vn 0.4671 -0.8356 -0.2891
vn -0.6699 0.6753 -0.3085
vn -0.9154 0.0541 -0.3989
vn -0.8907 -0.0184 -0.4542
vn 0.6652 0.3211 -0.6741
vn 0.1524 0.9847 -0.0842
vn 0.5598 0.7406 0.3718
vn 0.0065 0.6014 -0.7989
vn 0.0573 -0.9754 -0.2126
vn 0.1921 -0.9348 -0.2987
vn 0.1488 -0.9753 0.1634
vn 0.4906 0.8428 0.2214
vn 0.3824 0.9130 -0.1419
vn -0.8610 0.5072 -0.0370
vn -0.3341 0.6583 -0.6745
vn 0.2433 0.4540 0.8572
vn 0.2435 0.4541 0.8570
vn 0.2424 0.4541 0.8573
vn 0.2418 0.4541 0.8575
vn -0.3316 0.7895 0.5165
vn -0.2361 0.8419 0.4852
vn 0.1442 0.7655 -0.6270
vn 0.2581 0.9644 0.0585
vn -0.4583 0.8257 -0.3288
vn 0.0915 0.6972 -0.7111
vn 0.8268 0.5236 -0.2054
vn 0.7620 0.6442 -0.0664
vn -0.0455 -0.9780 -0.2035
vn 0.0584 0.9827 -0.1758
vn 0.2981 0.6615 0.6882
vn 0.2837 -0.1395 -0.9487
vn 0.4433 -0.8046 -0.3951
vn 0.4435 -0.8045 -0.3951
vn 0.4526 -0.8014 -0.3911
vn 0.2290 0.7585 -0.6101
vn -0.0609 0.9254 -0.3740
vn 0.1832 -0.8125 0.5534
vn 0.3871 -0.7806 -0.4908
vn -0.1959 -0.9776 -0.0765
vn 0.1585 0.9716 0.1755
vn -0.2095 -0.4920 -0.8450
vn -0.3539 0.9239 0.1455
vn 0.4055 -0.9132 -0.0404
vn 0.0245 0.9759 -0.2170
vn -0.5214 0.5432 -0.6581
vn 0.3300 -0.5827 0.7427
vn 0.2695 -0.9446 0.1873
vn 0.7524 0.6087 0.2518
vn 0.3749 0.8376 0.3974
vn -0.3966 0.3885 -0.8317
vn -0.7064 0.6525 -0.2743
vn 0.3830 0.9043 -0.1884
vn 0.2669 -0.9535 -0.1402
vn 0.0787 -0.9534 -0.2913
vn -0.1998 0.9768 -0.0776
vn -0.1046 -0.4857 -0.8679
vn 0.9404 -0.0490 0.3364
vn 0.9137 -0.1036 0.3929
vn -0.1149 0.8761 0.4682
vn 0.3900 0.9207 0.0100
vn -0.1358 -0.7720 0.6210
vn -0.1282 -0.7541 0.6441
vn -0.0660 -0.7597 0.6470
vn 0.7198 -0.6578 0.2218
vn -0.1765 -0.9833 -0.0446
vn 0.0231 0.6049 -0.7960
vn 0.1519 0.3743 -0.9148
vn -0.3201 -0.5715 -0.7556
vn 0.0092 0.9674 0.2529
vn -0.0530 -0.8390 -0.5415
vn -0.0252 -0.9528 -0.3027
vn 0.0214 0.9795 0.2004
vn 0.1785 0.9835 0.0280
vn -0.3529 -0.8762 -0.3282
vn -0.1049 -0.8629 -0.4944
vn 0.5520 0.5347 0.6398
vn 0.7030 0.1401 0.6973
vn 0.9076 0.0937 -0.4093
vn 0.7026 0.0017 -0.7116
vn 0.7021 0.0020 -0.7121
vn 0.7025 0.0017 -0.7117
vn 0.7025 0.0018 -0.7117
vn 0.7024 0.0018 -0.7118
vn 0.6924 0.0062 -0.7214
vn -0.9986 0.0152 0.0500
vn -0.7097 -0.6038 0.3628
vn -0.7093 -0.6043 0.3631
vn -0.7095 -0.6041 0.3629
vn 0.0393 -0.9522 0.3028
vn 0.0174 -0.9593 0.2820
vn -0.2862 0.9354 0.2077
vn 0.9855 0.0953 0.1404
vn 0.4066 -0.9134 0.0174
vn 0.4066 -0.9134 0.0173
vn 0.4178 -0.9085 -0.0043
vn -0.4722 -0.4245 -0.7725
vn -0.2878 -0.7160 -0.6360
vn -0.6689 -0.6914 0.2730
vn 0.9269 -0.3746 -0.0235
vn 0.1821 0.9831 0.0162
vn 0.0876 0.9837 0.1573
vn -0.0296 -0.9207 -0.3891
vn -0.2367 -0.9482 -0.2118
vn 0.2106 -0.4215 -0.8820
vn 0.0409 -0.3618 -0.9314
vn -0.1842 0.5803 0.7933
vn 0.2538 -0.2833 -0.9248
vn 0.1048 -0.9942 -0.0255
vn 0.5606 0.8216 -0.1033
vn -0.4822 -0.8759 0.0137
vn -0.4703 0.8699 0.1486
vn 0.0466 0.6294 0.7757
vn 0.2696 0.9280 -0.2574
vn -0.0429 -0.7301 0.6820
vn -0.1817 -0.9826 0.0375
vn 0.5616 -0.7674 -0.3094
vn -0.4642 0.6358 -0.6166
vn 0.1232 0.8494 0.5131
vn 0.1533 -0.9851 0.0783
vn 0.0865 0.9560 0.2803
vn 0.1402 0.7439 -0.6534
vn -0.0461 0.7080 0.7047
vn 0.1865 0.7522 0.6320
vn -0.1127 0.9410 -0.3191
vn 0.6114 -0.3351 -0.7168
vn 0.2504 -0.9294 -0.2710
vn -0.4462 0.8891 0.1022
vn -0.4460 0.8892 0.1023
vn -0.4461 0.8891 0.1022
vn -0.4585 0.8847 0.0837
vn -0.4503 0.8099 -0.3760
vn 0.0448 -0.9656 -0.2561
vn 0.4420 -0.4596 -0.7704
vn 0.5304 0.2772 -0.8012
vn 0.3326 0.2290 0.9149
vn 0.3126 -0.2338 0.9207
vn 0.2756 0.9431 0.1860
vn 0.5527 -0.8130 0.1830
vn -0.4220 0.8676 -0.2630
vn -0.3135 -0.1768 0.9330
vn 0.0953 0.5133 -0.8529
vn 0.1573 0.8149 -0.5579
vn -0.0559 -0.3154 0.9473
vn 0.0060 0.0546 0.9985
vn -0.2093 -0.9109 -0.3556
vn 0.3892 -0.8752 0.2872
vn 0.2690 0.9434 0.1940
vn 0.1756 0.3321 0.9267
vn -0.2391 -0.9284 -0.2844
vn -0.8378 -0.1557 -0.5233
vn -0.2759 -0.5696 -0.7743
vn 0.5568 -0.7165 0.4203
vn 0.0165 0.9997 -0.0198
vn 0.1848 0.8288 -0.5282
vn -0.2978 -0.3158 0.9009
vn 0.7925 -0.5720 -0.2116
vn -0.1006 -0.8275 0.5524
vn -0.1640 -0.6388 0.7517
vn 0.7942 -0.2579 -0.5501
vn 0.1311 0.3252 -0.9365
vn -0.1328 -0.1425 0.9809
vn 0.2508 0.9502 0.1849
vn 0.1057 -0.9449 -0.3097
vn 0.9661 0.2310 -0.1155
vn 0.0972 0.9922 0.0778
vn 0.0974 0.9922 0.0778
vn -0.0995 0.9940 -0.0452
vn -0.8886 -0.3943 -0.2345
vn -0.8985 -0.3461 -0.2701
vn 0.9050 0.1440 0.4004
vn 0.7619 0.6476 0.0069
vn 0.0602 0.8150 0.5763
vn 0.0921 0.3797 0.9205
vn 0.3364 0.8337 0.4380
vn 0.5990 0.5055 0.6210
vn -0.5443 0.0048 0.8389
vn 0.1714 -0.9580 -0.2298
vn -0.7492 -0.4154 0.5158
vn -0.0646 0.4559 0.8877
vn -0.1421 -0.2281 0.9632
vn -0.2498 -0.2782 0.9275
vn 0.3381 0.9396 -0.0535
vn 0.8745 0.4742 0.1020
vn 0.1149 -0.9925 -0.0412
vn 0.1520 -0.9879 -0.0298
vn -0.1434 -0.3421 0.9287
vn -0.3602 -0.0254 0.9325
vn -0.9846 0.1060 -0.1392
vn -0.0050 0.9999 0.0141
vn 0.6088 0.1331 -0.7820
vn 0.6093 0.1326 -0.7818
vn 0.6095 0.1326 -0.7816
vn 0.6222 0.1269 -0.7725
vn 0.6514 -0.4088 -0.6392
vn 0.6514 -0.4086 -0.6393
vn 0.3061 -0.8557 -0.4172
vn -0.6696 -0.3316 -0.6646
vn 0.0355 -0.8769 0.4794
vn 0.1600 -0.3227 0.9329
vn 0.5726 -0.2801 0.7705
vn -0.1810 -0.6746 -0.7156
vn 0.0688 -0.9376 -0.3408
vn -0.3039 0.1635 0.9386
vn -0.5207 0.5302 0.6692
vn -0.0483 -0.8596 0.5086
vn 0.4713 0.6158 0.6314
vn -0.2992 0.9107 0.2849
vn -0.5582 0.6879 0.4639
vn 0.0959 -0.7824 -0.6153
vn -0.8167 -0.2327 -0.5281
vn -0.5565 0.8295 0.0468
vn -0.7809 -0.6230 0.0459
vn 0.0718 -0.9860 -0.1506
vn 0.0037 -0.9856 -0.1690
vn -0.8882 -0.4305 -0.1603
vn 0.4524 0.8297 0.3271
vn -0.4634 -0.7624 -0.4516
vn 0.8372 0.5412 0.0787
vn 0.2786 -0.8012 0.5296
vn -0.1391 -0.8717 0.4699
vn -0.4663 0.1675 -0.8686
vn -0.9009 -0.2981 -0.3154
vn 0.4626 -0.8037 0.3744
vn -0.1830 0.4113 0.8930
vn -0.1067 0.5234 -0.8454
vn 0.1557 0.9794 0.1285
vn 0.1228 0.5887 -0.7990
vn -0.1931 0.9776 -0.0837
vn -0.3420 -0.9272 0.1530
vn -0.0096 0.8446 -0.5353
vn 0.2815 0.9515 0.1244
vn 0.4520 -0.8905 0.0518
vn 0.2255 -0.8432 0.4879
vn 0.2795 -0.6629 0.6946
vn 0.1588 -0.1898 0.9689
vn -0.1191 0.1183 -0.9858
vn 0.3232 0.3369 -0.8844
vn 0.5799 -0.4608 -0.6719
vn 0.4874 -0.8658 -0.1132
vn -0.7642 -0.6044 0.2249
vn -0.8706 -0.4896 -0.0479
vn 0.7556 -0.5494 -0.3568
vn 0.7559 -0.5489 -0.3568
vn 0.2029 0.9745 0.0959
vn -0.1526 0.9300 -0.3345
vn -0.2741 0.9557 -0.1070
vn 0.6109 0.7529 -0.2448
vn 0.3813 0.8881 -0.2568
vn -0.1443 0.8987 -0.4141
vn -0.1215 0.7093 -0.6943
vn -0.2389 -0.9131 0.3304
vn -0.1443 -0.8765 -0.4593
vn -0.8037 -0.3801 0.4578
vn -0.8041 -0.3798 0.4574
vn -0.8041 -0.3799 0.4572
vn 0.1902 0.3547 0.9154
vn -0.0030 0.6554 0.7553
vn 0.1227 0.6017 0.7892
vn -0.1136 0.9440 -0.3097
vn -0.1136 0.9439 -0.3101
vn -0.1136 0.9439 -0.3102
vn 0.3136 -0.9448 0.0953
vn 0.0780 -0.9725 -0.2194
vn -0.1897 0.9192 -0.3452
vn 0.7966 0.0994 0.5963
vn 0.6164 -0.6164 0.4900
vn -0.0671 0.5180 -0.8528
vn 0.1315 0.6658 -0.7344
vn -0.4904 0.8690 0.0655
vn -0.5262 0.8495 0.0382
vn 0.2853 -0.7507 -0.5958
vn -0.5287 0.8388 -0.1301
vn -0.2663 0.4424 -0.8564
vn -0.7895 -0.2064 0.5780
vn 0.9782 -0.1465 0.1472
vn 0.0750 -0.9963 0.0424
vn 0.6726 0.7378 0.0573
vn 0.1973 0.9803 0.0085
vn -0.8821 0.4668 0.0632
vn -0.6956 0.4045 0.5937
vn -0.4798 0.4379 0.7603
vn -0.0477 0.8024 -0.5949
vn 0.2847 -0.8290 -0.4814
vn -0.9465 -0.0142 -0.3225
vn -0.2164 0.9694 -0.1160
vn -0.7806 -0.4321 -0.4516
vn 0.4881 -0.8727 0.0122
vn 0.3842 -0.9040 -0.1876
vn 0.4577 -0.5370 -0.7086
vn -0.0775 -0.9428 -0.3242
vn -0.1180 -0.9314 -0.3442
vn 0.5977 -0.7738 -0.2098
vn 0.5726 -0.8197 -0.0155
vn 0.2057 0.9598 -0.1910
vn 0.2057 0.9598 -0.1909
vn 0.2057 0.9578 -0.2006
vn -0.2869 -0.7094 0.6437
vn -0.6838 -0.4656 0.5618
vn 0.4276 -0.7807 -0.4557
vn 0.2190 0.8757 -0.4304
vn 0.0518 -0.0878 -0.9948
vn -0.0302 0.6725 -0.7395
vn -0.7231 -0.6761 -0.1413
vn -0.2715 0.8930 0.3588
vn -0.3188 0.9393 0.1271
vn 0.0174 -0.9653 -0.2607
vn 0.5720 -0.8078 -0.1427
vn 0.4873 -0.8668 0.1060
vn 0.2516 -0.9656 0.0661
vn 0.1079 0.9402 -0.3231
vn 0.2295 -0.0096 0.9733
vn -0.1007 0.6382 -0.7633
vn -0.4382 -0.8696 0.2275
vn -0.2148 -0.9326 0.2900
vn 0.3421 -0.8797 -0.3303
vn 0.0571 -0.9861 0.1559
vn -0.6460 -0.7360 0.2022
vn 0.1311 0.6802 -0.7212
vn -0.1589 0.4106 -0.8979
vn 0.7417 0.6036 -0.2925
vn -0.3397 0.9327 0.1212
vn -0.9851 0.1615 -0.0592
vn 0.3438 0.8141 0.4680
vn 0.3442 0.8139 0.4681
vn 0.3440 0.8140 0.4680
vn 0.3408 0.8157 0.4674
vn 0.3118 0.5926 0.7427
vn 0.0017 -0.8284 0.5601
vn 0.0286 -0.6771 0.7353
vn -0.4481 -0.8081 -0.3822
vn -0.4203 -0.8249 -0.3780
vn -0.4198 -0.8253 -0.3778
vn 0.1404 -0.7781 -0.6122
vn -0.6455 0.3067 -0.6995
vn 0.2673 0.7894 -0.5526
vn 0.0483 0.7822 -0.6211
vn 0.7319 -0.3659 0.5749
vn 0.4311 0.0298 -0.9018
vn 0.1498 -0.2348 0.9604
vn -0.2556 -0.8969 -0.3610
vn 0.0264 -0.2744 0.9612
vn -0.0620 -0.9668 0.2480
vn -0.2050 -0.9519 -0.2279
vn 0.1802 0.9610 -0.2097
vn -0.0306 0.0073 -0.9995
vn 0.1542 0.7008 0.6965
vn 0.0041 0.0026 1.0000
vn -0.1958 -0.2031 0.9594
vn 0.5643 -0.8050 -0.1829
vn 0.7775 -0.4525 -0.4368
vn -0.2300 -0.8909 -0.3915
vn -0.2956 -0.8745 -0.3846
vn 0.5552 0.1740 -0.8133
vn 0.7925 0.3530 -0.4973
vn 0.1545 0.6307 0.7604
vn 0.0120 -0.9659 0.2588
vn -0.0388 -0.9889 0.1436
vn 0.0175 -0.9974 0.0697
vn -0.0802 -0.9884 -0.1292
vn 0.4281 0.1826 -0.8851
vn 0.2511 -0.0364 -0.9673
vn -0.1288 0.3116 -0.9414
vn 0.9663 -0.1421 0.2147
vn 0.4274 -0.7271 -0.5372
vn -0.7628 0.3449 -0.5469
vn 0.5063 0.5207 -0.6874
vn 0.9851 0.1564 -0.0720
vn 0.2326 -0.2710 0.9340
vn -0.9549 0.2955 -0.0292
vn -0.1453 0.6958 0.7034
vn -0.0871 0.7662 -0.6367
vn -0.9182 -0.2613 0.2976
vn 0.7931 -0.4904 0.3613
vn -0.7982 -0.5293 0.2876
vn 0.8123 0.5387 0.2234
vn 0.8570 0.5152 0.0074
vn 0.8612 0.4824 0.1599
vn 0.0536 0.5650 0.8233
vn 0.0728 0.9312 0.3572
vn 0.1376 -0.8682 0.4768
vn 0.2014 -0.9422 0.2676
vn -0.1472 -0.9330 0.3284
vn -0.0643 -0.6840 0.7267
vn -0.1120 -0.4790 -0.8707
vn -0.1014 -0.6710 -0.7345
vn -0.6916 -0.7203 0.0533
vn -0.1060 -0.9635 -0.2457
vn 0.1421 0.9777 -0.1546
vn -0.2976 -0.2114 0.9310
vn -0.2085 -0.6778 0.7051
vn 0.1135 0.9074 -0.4046
vn -0.1838 0.7429 -0.6436
vn 0.1128 -0.9788 -0.1712
vn -0.3166 -0.9281 -0.1960
vn 0.0975 0.9484 0.3016
vn -0.1000 -0.6359 0.7653
vn -0.1089 0.8667 -0.4868
vn -0.0023 0.6601 -0.7511
vn -0.0866 0.9638 0.2521
vn -0.3313 0.8531 0.4032
vn -0.1990 -0.0047 -0.9800
vn -0.0269 0.7990 -0.6008
vn 0.2705 -0.9536 0.1318
vn 0.9862 0.0604 -0.1543
vn 0.9797 -0.1447 0.1385
vn -0.3133 0.8486 0.4263
vn -0.3671 0.9163 0.1600
vn -0.3884 0.7984 -0.4602
vn -0.2269 -0.8940 -0.3863
vn -0.2970 0.9301 0.2160
vn -0.0004 -0.8850 -0.4656
vn -0.2645 -0.8879 -0.3764
vn -0.2645 -0.8880 -0.3761
vn 0.1481 -0.0921 -0.9847
vn 0.4570 -0.8385 0.2968
vn 0.6636 -0.6356 0.3946
vn 0.4471 0.1241 0.8858
vn 0.0796 -0.4140 0.9068
vn -0.1317 -0.2616 0.9561
vn 0.0164 -0.9983 -0.0566
vn -0.0027 -0.9990 0.0437
vn -0.4718 0.3092 -0.8257
vn -0.4795 0.6090 -0.6319
vn 0.2999 -0.4650 -0.8330
vn 0.8647 0.4835 -0.1361
vn 0.8648 0.4834 -0.1358
vn 0.7642 0.5660 0.3091
vn -0.3637 -0.9269 0.0929
vn -0.7959 -0.5907 0.1325
vn -0.5511 -0.8321 -0.0616
vn -0.0163 0.8438 0.5364
vn -0.0198 0.9960 -0.0872
vn -0.0287 0.9950 -0.0953
vn -0.5718 0.2244 -0.7891
vn 0.4585 -0.8187 0.3455
vn 0.0041 0.8927 -0.4507
vn 0.0789 -0.9514 0.2978
vn -0.1131 0.8562 -0.5042
vn -0.3222 0.9461 -0.0339
vn 0.0370 0.9250 -0.3781
vn -0.0287 0.9348 0.3540
vn 0.2486 0.9679 0.0357
vn -0.3202 -0.8534 -0.4113
vn -0.0672 -0.8618 -0.5027
vn 0.0585 -0.9926 0.1068
vn -0.7293 0.6699 0.1390
vn -0.2577 -0.9567 -0.1354
vn -0.0584 -0.4423 0.8949
vn -0.7814 -0.0537 -0.6217
vn 0.1055 0.9022 0.4183
vn 0.0518 -0.1808 0.9822
vn 0.2501 -0.1746 0.9523
vn -0.4318 0.0315 -0.9014
vn -0.5581 -0.4322 0.7083
vn -0.2234 -0.7978 0.5599
vn -0.1641 -0.8529 0.4957
vn -0.1808 -0.4980 0.8481
vn 0.0959 0.9566 -0.2750
vn -0.6386 0.7686 0.0383
vn -0.7340 0.6791 -0.0113
vn 0.0884 0.9238 -0.3726
vn -0.9395 0.2900 0.1824
vn -0.8791 0.4682 -0.0891
vn -0.0562 0.9397 -0.3372
vn 0.2763 0.9528 -0.1257
vn 0.2173 0.9709 -0.1007
vn 0.2174 0.9708 -0.1010
vn 0.1536 -0.7234 0.6732
vn 0.1723 0.7050 -0.6880
vn 0.0522 0.8631 0.5023
vn -0.3140 0.9295 0.1934
vn -0.2259 0.8831 0.4112
vn -0.7495 -0.3404 0.5678
vn -0.7749 0.2224 0.5917
vn -0.2081 -0.8774 0.4323
vn 0.0585 -0.8542 0.5167
vn 0.1496 0.4398 0.8856
vn -0.1352 0.6922 -0.7089
vn -0.2489 -0.9533 0.1709
vn -0.0248 -0.7828 0.6217
vn -0.9748 0.0677 -0.2127
vn -0.9764 -0.0126 -0.2157
vn 0.4333 0.8563 -0.2812
vn -0.2079 0.9766 -0.0550
vn 0.1328 0.9775 -0.1637
vn -0.2133 0.8046 0.5542
vn -0.0879 0.8897 0.4480
vn -0.3402 0.9179 -0.2043
vn -0.3173 0.8283 -0.4618
vn 0.1377 -0.2981 0.9445
vn 0.1583 -0.6333 0.7575
vn 0.2558 0.3087 0.9161
vn 0.8211 -0.4521 -0.3485
vn -0.3266 0.8479 0.4176
vn 0.3350 0.4510 0.8272
vn -0.2655 -0.3015 -0.9157
vn -0.0983 0.5638 -0.8200
vn 0.0071 0.9839 0.1784
vn 0.0659 -0.9977 0.0175
vn 0.0942 -0.8185 0.5668
vn -0.9807 0.0612 0.1856
vn 0.7940 -0.0580 0.6052
vn -0.7461 0.6626 0.0662
vn -0.6928 0.6952 -0.1917
vn 0.7803 -0.3422 0.5235
vn 0.7803 -0.3423 0.5235
vn 0.7786 -0.3313 0.5329
vn 0.5482 -0.5738 0.6085
vn 0.2193 0.8952 0.3880
vn -0.0596 0.9842 0.1667
vn 0.1456 0.9163 0.3730
vn 0.8358 -0.5016 0.2233
vn 0.1045 0.9253 0.3645
vn 0.7991 0.5942 -0.0920
vn 0.7281 -0.4065 -0.5520
vn 0.2708 0.8901 -0.3666
vn 0.3606 -0.7835 0.5060
vn 0.3608 -0.7835 0.5060
vn 0.3453 -0.7904 0.5060
vn 0.4307 -0.2457 0.8684
vn 0.2299 0.9409 0.2487
vn -0.1849 0.8558 -0.4831
vn 0.1841 -0.9646 0.1890
vn -0.8593 -0.5111 0.0186
vn 0.2525 -0.9671 -0.0320
vn -0.4903 0.0389 0.8707
vn -0.0585 -0.9925 -0.1072
vn -0.0349 -0.4508 0.8919
vn -0.0589 -0.6334 0.7716
vn 0.0294 0.6922 0.7211
vn 0.0598 0.9958 -0.0698
vn 0.0026 -0.9096 0.4154
vn 0.0111 -0.9352 0.3538
vn 0.0047 0.8197 0.5727
vn -0.7928 -0.5450 -0.2729
vn 0.1690 0.6313 0.7569
vn 0.2474 -0.9089 0.3358
vn -0.0268 0.9925 -0.1195
vn 0.0222 -0.9837 0.1783
vn -0.1427 -0.7734 -0.6177
vn -0.1428 -0.7734 -0.6176
vn -0.1546 -0.7797 -0.6067
vn 0.0900 -0.9011 -0.4242
vn -0.0117 -0.9795 -0.2010
vn -0.1392 -0.0922 -0.9860
vn -0.1073 -0.2007 -0.9738
vn 0.0125 -0.9609 -0.2766
vn -0.1275 -0.9893 -0.0712
vn 0.5920 -0.7971 0.1193
vn -0.1602 0.1162 0.9802
vn -0.2741 0.9375 0.2143
vn -0.0737 0.9953 -0.0620
vn 0.9908 -0.1171 0.0681
vn 0.0274 0.8439 -0.5359
vn 0.3767 -0.1078 -0.9200
vn 0.1394 -0.9003 -0.4124
vn -0.1172 -0.9719 0.2041
vn -0.1001 -0.9760 0.1935
vn -0.2612 -0.5955 -0.7597
vn -0.2073 -0.7852 -0.5836
vn 0.1211 0.1539 0.9806
vn -0.5052 0.8125 0.2909
vn 0.6902 0.6601 -0.2965
vn 0.2534 -0.9610 -0.1108
vn -0.2561 -0.3666 0.8945
vn 0.0352 -0.4729 0.8804
vn -0.7164 0.6975 -0.0156
vn -0.8499 0.5260 0.0296
vn -0.5882 0.6962 0.4114
vn -0.5887 0.6955 0.4120
vn -0.5884 0.6959 0.4117
vn -0.8170 0.4358 0.3775
vn -0.7309 0.5801 -0.3596
vn -0.4105 -0.6421 -0.6475
vn 0.0512 -0.7646 -0.6424
vn 0.1247 -0.6820 -0.7206
vn 0.8456 -0.0830 0.5273
vn 0.2236 -0.1059 0.9689
vn 0.3874 -0.9218 -0.0139
vn -0.8557 -0.5041 -0.1172
vn -0.6423 0.7655 0.0389
vn -0.6420 0.7657 0.0388
vn -0.6424 0.7653 0.0391
vn -0.6248 0.7796 0.0441
vn 0.4228 -0.6543 -0.6270
vn 0.4170 -0.5039 -0.7564
vn 0.7903 0.5846 -0.1836
vn 0.1847 -0.9806 0.0658
vn -0.3596 0.9329 -0.0218
vn 0.4496 0.8932 -0.0065
vn 0.4463 -0.7350 -0.5105
vn -0.8899 0.4521 0.0614
vn -0.8901 0.4517 0.0611
vn -0.8898 0.4522 0.0616
vn -0.5100 0.8389 -0.1901
vn 0.3957 -0.9180 -0.0261
vn -0.4328 0.8689 0.2402
vn 0.0002 -0.5138 -0.8579
vn 0.2601 0.6297 0.7320
vn 0.3406 -0.6887 -0.6401
vn 0.3778 -0.8292 -0.4119
vn -0.2116 -0.9160 0.3407
vn -0.2138 -0.8003 -0.5601
vn -0.0921 -0.4390 -0.8937
vn -0.1617 -0.2761 -0.9474
vn 0.3730 -0.7455 -0.5524
vn -0.9924 0.1027 0.0670
vn -0.9446 -0.3152 -0.0914
vn -0.8292 -0.5581 0.0308
vn -0.8294 -0.5578 0.0307
vn 0.7142 -0.4551 -0.5318
vn -0.3358 0.7858 -0.5194
vn 0.8955 -0.4375 0.0822
vn 0.9112 -0.4120 -0.0026
vn -0.7126 -0.6746 -0.1927
vn -0.4796 -0.5084 -0.7152
vn 0.0773 -0.9261 -0.3692
vn 0.6010 -0.7623 0.2404
vn 0.6449 -0.7578 0.0996
vn 0.6749 -0.7292 -0.1131
vn 0.0302 -0.9956 -0.0892
vn -0.0247 -0.9698 -0.2426
vn 0.6145 0.7413 0.2701
vn 0.4742 0.8790 0.0491
vn -0.9539 -0.1660 -0.2502
vn -0.0271 -0.0482 -0.9985
vn 0.0024 0.7724 -0.6351
vn 0.6855 -0.7144 -0.1405
vn 0.1285 0.5976 -0.7914
vn 0.2260 -0.1263 -0.9659
vn 0.1158 0.9238 0.3648
vn -0.0430 0.9990 -0.0075
vn 0.1382 0.9896 -0.0404
vn 0.1382 0.9896 -0.0408
vn 0.5413 0.0536 -0.8392
vn 0.2643 0.6440 0.7179
vn 0.5730 0.6750 0.4648
vn -0.9401 0.2694 -0.2087
vn 0.5403 -0.0811 -0.8376
vn 0.5382 0.5940 -0.5978
vn 0.3673 0.6499 -0.6653
vn -0.3006 0.6435 0.7040
vn -0.3142 0.2836 0.9060
vn -0.9591 0.1819 -0.2168
vn 0.3183 -0.9444 -0.0825
vn 0.5414 -0.8394 0.0484
vn -0.0268 0.9637 -0.2655
vn -0.0211 0.9629 -0.2692
vn -0.0269 0.9637 -0.2655
vn 0.3998 0.8671 -0.2971
vn -0.5682 0.4065 -0.7155
vn 0.2519 0.0670 -0.9654
vn -0.0704 -0.5162 0.8535
vn -0.2684 -0.8004 0.5360
vn -0.0112 0.8572 0.5149
vn -0.2196 -0.1730 0.9601
vn 0.1838 0.7832 -0.5940
vn -0.0729 0.9683 0.2391
vn -0.0266 0.9049 0.4249
vn 0.2358 0.8527 0.4662
vn -0.1551 0.2698 -0.9503
vn 0.0132 0.8991 -0.4376
vn 0.6417 0.5598 0.5243
vn -0.4619 -0.8623 0.2075
vn -0.4532 0.8804 -0.1396
vn -0.4701 0.7369 -0.4857
vn -0.8609 0.4517 -0.2342
vn -0.3541 0.7976 0.4884
vn 0.5810 0.4349 0.6880
vn 0.5814 0.4343 0.6880
vn -0.5755 -0.6549 -0.4898
vn 0.3803 -0.8097 0.4469
vn -0.0073 0.4950 -0.8689
vn -0.0469 0.9516 -0.3037
vn 0.8703 -0.3153 -0.3783
vn 0.1413 -0.9570 0.2535
vn -0.1137 0.9884 -0.1003
vn 0.1415 -0.0137 0.9898
vn -0.4271 0.0175 -0.9040
vn 0.0442 0.6123 -0.7894
vn 0.4072 0.6870 0.6018
vn -0.9281 0.2832 -0.2418
vn 0.5495 0.1233 0.8263
vn 0.7013 -0.6867 0.1915
vn 0.0264 0.9863 0.1628
vn 0.6291 -0.7520 -0.1970
vn -0.5882 0.8084 0.0250
vn -0.4345 0.8989 -0.0565
vn 0.2673 0.8630 -0.4287
vn -0.1712 0.6425 -0.7470
vn -0.0419 0.9244 -0.3791
vn -0.1146 0.8809 -0.4593
vn 0.8521 -0.5220 -0.0373
vn 0.6581 0.3093 0.6865
vn 0.7809 0.1323 -0.6105
vn 0.4781 -0.8769 -0.0493
vn -0.7761 0.6266 0.0710
vn -0.8498 0.4674 -0.2437
vn -0.8496 0.4679 -0.2435
vn 0.2551 0.9471 0.1948
vn 0.0553 0.9561 -0.2876
vn 0.3311 -0.5712 -0.7510
vn -0.3271 0.6136 -0.7187
vn -0.5201 0.8540 -0.0176
vn -0.4436 0.4548 -0.7723
vn -0.2998 -0.8190 -0.4893
vn -0.2673 -0.8995 -0.3457
vn 0.4422 -0.8364 0.3238
vn 0.1815 -0.5107 0.8404
vn -0.3740 -0.8122 -0.4478
vn 0.8148 0.2437 0.5261
vn -0.0817 0.8037 0.5894
vn -0.0825 -0.5669 0.8196
vn 0.2415 0.9585 -0.1515
vn -0.3572 0.9092 -0.2140
vn -0.2802 -0.6815 0.6760
vn -0.3849 -0.5096 0.7695
vn 0.1915 0.9613 0.1979
vn 0.7009 -0.7126 0.0304
vn 0.5309 -0.8418 0.0976
vn 0.3939 0.8810 0.2621
vn 0.8678 -0.3113 0.3873
vn -0.2342 -0.9721 0.0161
vn 0.2287 0.9716 0.0600
vn -0.6759 -0.6753 0.2952
vn 0.1208 -0.9530 0.2777
vn 0.1636 0.4655 0.8698
vn 0.3613 -0.5070 -0.7826
vn 0.0247 -0.9654 0.2594
vn 0.6779 -0.5509 -0.4868
vn 0.6958 -0.7054 -0.1351
vn -0.5538 -0.8225 0.1298
vn -0.6187 -0.6738 0.4039
vn -0.5456 0.8380 0.0034
vn -0.3309 0.8554 0.3985
vn -0.2043 0.8620 0.4639
vn 0.1007 0.8821 0.4602
vn 0.5279 -0.8491 -0.0180
vn 0.2917 -0.6852 0.6674
vn -0.4741 0.0102 -0.8804
vn -0.2864 -0.6370 -0.7157
vn -0.1254 0.8822 0.4538
vn -0.6825 0.0950 0.7247
vn -0.3765 0.6440 0.6660
vn 0.0749 0.0634 0.9952
vn 0.3201 0.9351 -0.1520
vn 0.5362 -0.8215 -0.1941
vn 0.1621 -0.9345 0.3168
vn -0.4446 -0.8720 -0.2046
vn 0.0262 0.9777 -0.2082
vn 0.1021 -0.2488 -0.9632
vn -0.0226 0.9997 -0.0105
vn 0.9511 -0.2747 0.1415
vn -0.2493 0.7781 -0.5766
vn -0.3021 0.9114 -0.2796
vn -0.7394 -0.5996 0.3063
vn -0.8602 0.5100 -0.0073
vn -0.2096 0.6151 -0.7601
vn -0.0753 0.9533 -0.2925
vn 0.3993 -0.3108 0.8625
vn 0.3993 -0.3112 0.8624
vn 0.3993 -0.3111 0.8624
vn 0.3982 -0.3138 0.8620
vn 0.0940 0.9953 -0.0251
vn -0.2482 0.8858 0.3920
vn -0.7372 0.3351 -0.5868
vn 0.0132 -0.9982 -0.0591
vn 0.0364 0.9957 -0.0854
vn -0.8008 -0.5748 0.1681
vn 0.7755 0.1847 0.6037
vn -0.0999 0.8324 0.5451
vn 0.1076 0.8809 -0.4608
vn -0.0385 0.7663 -0.6413
vn 0.4479 0.6725 -0.5892
vn -0.6825 0.4680 0.5614
vn -0.6286 0.0321 0.7771
vn -0.1364 0.3212 0.9371
vn -0.4157 0.4262 0.8035
vn -0.5132 0.7367 0.4402
vn -0.0094 0.9012 -0.4334
vn -0.0094 0.9012 -0.4333
vn -0.0093 0.9011 -0.4336
vn -0.0080 0.8948 -0.4463
vn 0.0823 -0.9622 -0.2595
vn 0.1460 -0.9864 0.0761
vn -0.1444 0.9887 -0.0401
vn -0.7163 0.6896 0.1063
vn -0.1787 0.2780 0.9438
vn 0.1026 -0.9920 -0.0731
vn 0.2607 0.9651 0.0238
vn 0.2519 -0.9449 -0.2090
vn 0.8329 -0.4320 0.3460
vn 0.3818 0.9236 -0.0330
vn 0.3201 0.9455 -0.0598
vn 0.3916 0.6654 0.6355
vn -0.5105 0.1539 0.8460
vn -0.3032 0.9355 0.1812
vn -0.1285 0.9917 0.0105
vn -0.5526 -0.0102 0.8334
vn 0.3314 -0.9299 0.1596
vn 0.1668 0.9770 -0.1332
vn 0.0580 0.8014 -0.5954
vn -0.2334 0.4533 0.8603
vn -0.0856 0.7317 0.6763
vn -0.5622 0.7953 0.2268
vn -0.0357 -0.6590 -0.7513
vn -0.6212 0.7805 -0.0702
vn -0.5878 0.8087 0.0228
vn 0.5718 -0.8201 -0.0224
vn -0.6073 0.7931 0.0470
vn 0.6228 -0.7237 -0.2973
vn -0.1347 0.9864 -0.0939
vn -0.1348 0.9864 -0.0939
vn -0.1422 0.9836 -0.1110
vn 0.1565 -0.9635 -0.2173
vn 0.1418 -0.9824 -0.1213
vn 0.1369 -0.9831 -0.1212
vn -0.1637 0.9842 -0.0669
vn 0.4604 -0.8868 -0.0407
vn -0.6885 0.7228 0.0598
vn -0.6818 -0.0614 0.7289
vn -0.1521 -0.9514 -0.2678
vn -0.0620 0.9980 -0.0084
vn -0.0619 0.9980 -0.0084
vn -0.0464 0.9988 -0.0124
vn 0.3159 0.7522 0.5783
vn 0.3160 0.7522 0.5782
vn 0.3180 0.7589 0.5683
vn -0.1776 -0.9701 0.1653
vn -0.1777 -0.9701 0.1654
vn -0.1700 -0.9736 0.1527
vn -0.4835 0.8292 0.2804
vn 0.6353 -0.7563 0.1562
vn -0.4727 0.8494 0.2348
vn -0.6291 0.4900 0.6034
vn 0.0272 0.7754 -0.6309
vn -0.4752 0.8627 0.1730
vn -0.4752 0.8627 0.1729
vn -0.4801 0.8559 0.1922
vn 0.4272 -0.8433 -0.3260
vn 0.2640 -0.7788 -0.5690
vn 0.2644 -0.7786 -0.5690
vn 0.2637 -0.7790 -0.5689
vn 0.2422 -0.3766 -0.8942
vn 0.4600 -0.6990 -0.5475
vn 0.2183 0.8959 0.3870
vn 0.0583 0.9815 0.1823
vn -0.2561 0.8722 0.4167
vn -0.3113 0.8439 0.4369
vn -0.7666 0.6297 -0.1260
vn 0.1997 -0.9766 -0.0797
vn -0.8624 0.0252 -0.5056
vn 0.7317 -0.2208 0.6449
vn -0.7068 0.7069 -0.0273
vn 0.0036 0.6686 -0.7436
vn -0.3841 0.6145 -0.6891
vn -0.7786 -0.5592 0.2848
vn -0.7788 -0.3175 0.5410
vn 0.9824 -0.0922 0.1624
vn -0.7609 0.2508 0.5984
vn 0.5507 -0.7579 0.3499
vn 0.5508 -0.7579 0.3497
vn 0.6393 -0.7216 0.2656
vn -0.8252 0.4261 -0.3707
vn 0.9218 0.2288 -0.3130
vn 0.9218 0.2289 -0.3130
vn 0.9122 0.2478 -0.3262
vn -0.0705 0.9971 0.0274
vn -0.0739 0.9896 0.1232
vn -0.2003 0.9796 0.0138
vn -0.6261 -0.0227 -0.7794
vn -0.7614 -0.4990 -0.4138
vn -0.0372 0.6641 0.7467
vn -0.0759 -0.5439 0.8357
vn 0.8092 -0.5756 0.1174
vn 0.6327 -0.7392 0.2307
vn -0.9841 0.0449 0.1719
vn 0.8915 -0.4401 -0.1073
vn -0.8655 0.4642 0.1882
vn -0.7005 0.6613 -0.2683
vn -0.3485 -0.2233 0.9103
vn -0.0973 0.8779 -0.4689
vn 0.7571 0.1256 0.6411
vn -0.5830 0.8075 0.0900
vn -0.2554 -0.9507 -0.1760
vn 0.2150 0.9761 -0.0319
vn -0.6186 0.7735 0.1378
vn -0.6302 0.7700 -0.1001
vn 0.4153 -0.8986 0.1417
vn 0.4289 -0.8998 0.0795
vn 0.4288 -0.8999 0.0795
vn 0.4289 -0.8998 0.0796
vn 0.4094 -0.9089 0.0787
vn 0.3769 0.9206 0.1018
vn 0.1997 -0.9664 0.1621
vn 0.1394 0.7628 0.6314
vn -0.8827 -0.2529 0.3960
vn -0.8492 0.5066 0.1491
vn -0.0258 -0.7367 -0.6758
vn -0.2232 -0.8668 -0.4460
vn -0.8932 0.4444 0.0685
vn -0.1539 0.9486 -0.2765
vn 0.1263 0.9825 -0.1368
vn 0.0312 -0.9786 -0.2032
vn -0.2918 -0.9562 -0.0228
vn -0.7707 -0.3609 0.5251
vn 0.0692 0.8234 0.5633
vn -0.0503 0.9885 0.1429
vn -0.5807 0.7848 0.2165
vn 0.2211 -0.9752 0.0063
vn 0.2161 0.9762 0.0196
vn -0.0403 0.9932 -0.1089
vn -0.5515 -0.6580 0.5127
vn -0.0252 -0.7045 0.7092
vn 0.0471 -0.7291 -0.6828
vn -0.1599 -0.9376 -0.3088
vn 0.1894 -0.9026 0.3865
vn -0.1753 -0.9744 0.1408
vn -0.1209 -0.5731 -0.8105
vn -0.0114 -0.3940 -0.9190
vn -0.0523 -0.9944 -0.0914
vn 0.8305 0.5523 -0.0717
vn 0.0153 -0.9736 -0.2279
vn 0.0153 -0.9735 -0.2280
vn 0.0153 -0.9736 -0.2278
vn 0.0156 -0.9734 -0.2288
vn -0.0996 0.4399 -0.8925
vn -0.2086 0.9232 -0.3229
vn 0.0093 0.8675 -0.4974
vn -0.1693 0.9066 -0.3865
vn 0.1499 0.8275 0.5411
vn 0.1498 0.8275 0.5412
vn 0.1498 0.8275 0.5410
vn 0.1500 0.8288 0.5391
vn 0.1501 0.8287 0.5391
vn 0.1579 0.8292 0.5362
vn 0.1498 0.8275 0.5411
vn 0.3784 0.7645 0.5219
vn 0.3559 0.9220 -0.1526
vn 0.6312 0.3763 0.6782
vn 0.6039 0.6901 0.3990
vn 0.5504 -0.6191 -0.5602
vn -0.3652 0.4972 -0.7870
vn 0.0464 0.9746 -0.2190
vn 0.3234 -0.9294 -0.1780
vn 0.5386 -0.8380 0.0870
vn 0.3134 -0.9046 -0.2889
vn 0.1650 -0.9344 -0.3157
vn 0.2557 0.9629 0.0860
vn -0.4221 0.5356 -0.7314
vn -0.0782 -0.4122 -0.9077
vn 0.0978 0.9372 -0.3349
vn 0.0978 0.9371 -0.3350
vn 0.1161 0.9410 -0.3180
vn -0.2242 0.9739 -0.0350
vn -0.2243 0.9739 -0.0350
vn -0.2244 0.9739 -0.0351
vn -0.2272 0.9726 -0.0503
vn -0.7884 0.1715 0.5908
vn -0.7880 0.1707 0.5915
vn -0.8970 0.0380 0.4403
vn -0.8970 0.0381 0.4403
vn -0.8970 0.0381 0.4404
vn -0.8894 0.0132 0.4570
vn 0.3316 -0.9190 -0.2132
vn 0.3918 -0.8960 0.2089
vn 0.7082 0.5979 0.3755
vn 0.6851 0.7245 -0.0751
vn -0.1312 0.7336 0.6668
vn 0.2956 0.5891 0.7521
vn -0.1913 -0.8979 -0.3964
vn -0.1391 -0.9903 -0.0069
vn 0.1826 0.9382 -0.2939
vn 0.2850 0.9275 -0.2420
vn -0.1350 0.9862 -0.0960
vn -0.9104 0.3405 0.2349
vn -0.5954 0.6824 0.4241
vn -0.0793 -0.2068 0.9752
vn 0.4756 -0.8786 -0.0424
vn 0.4756 -0.8787 -0.0425
vn 0.4755 -0.8787 -0.0426
vn 0.7043 -0.0959 0.7034
vn -0.2914 0.9556 -0.0431
vn -0.2547 -0.8884 -0.3819
vn 0.2999 0.9485 -0.1021
vn 0.6356 -0.0129 -0.7719
vn -0.7589 0.5461 0.3546
vn -0.5097 0.8491 0.1389
vn -0.4479 0.8623 -0.2362
vn 0.4939 -0.7140 -0.4963
vn 0.3097 0.3006 -0.9021
vn -0.5474 0.6947 0.4666
vn -0.5475 0.6948 0.4664
vn -0.5474 0.6948 0.4665
vn -0.5510 0.7012 0.4525
vn 0.3193 0.9434 0.0897
vn 0.2130 0.5985 0.7723
vn -0.3441 -0.0836 0.9352
vn 0.0682 -0.1603 0.9847
vn 0.9096 0.0368 -0.4138
vn 0.8656 0.0883 -0.4928
vn -0.9838 0.0863 -0.1574
vn -0.9837 0.0857 -0.1578
vn -0.9838 0.0868 -0.1569
vn 0.2601 0.7853 0.5618
vn -0.7171 0.6922 0.0817
vn 0.0652 0.9446 0.3216
vn 0.2927 0.5863 -0.7554
vn -0.2459 0.8836 -0.3985
vn 0.0310 -0.8824 -0.4695
vn -0.5650 -0.4636 0.6825
vn 0.3865 -0.7585 0.5247
vn -0.3377 -0.9291 0.1505
vn -0.2226 -0.8393 0.4960
vn 0.0348 0.6854 -0.7274
vn 0.1612 0.4860 -0.8590
vn 0.6611 0.6942 0.2846
vn 0.7191 0.5536 0.4200
vn 0.7189 0.5537 0.4203
vn 0.7190 0.5536 0.4202
vn 0.7171 0.5549 0.4218
vn -0.6432 0.5016 -0.5785
vn -0.3120 -0.3457 -0.8849
vn -0.1788 -0.4519 -0.8740
vn -0.2575 -0.9118 -0.3198
vn -0.2146 -0.9734 0.0801
vn -0.1232 -0.5851 -0.8015
vn -0.1540 -0.4037 -0.9018
vn 0.0822 0.9656 0.2468
vn 0.0402 0.9655 0.2572
vn -0.6069 0.7728 0.1857
vn 0.5648 -0.8252 0.0046
vn 0.1696 0.9152 -0.3657
vn 0.2687 0.9631 0.0133
vn -0.6859 0.7209 0.0993
vn -0.7092 0.7023 -0.0610
vn 0.4456 0.8552 -0.2646
vn 0.8647 0.0143 -0.5020
vn -0.6068 0.2779 -0.7447
vn -0.9732 0.0015 -0.2301
vn 0.1186 0.9117 0.3933
vn -0.0339 -0.4605 -0.8870
vn -0.0749 0.6414 -0.7636
vn 0.2724 0.9617 0.0295
vn -0.2300 -0.8680 0.4401
vn 0.4225 -0.6494 0.6323
vn 0.2950 0.9062 0.3031
vn 0.2640 0.9620 -0.0698
vn 0.2639 0.9620 -0.0698
vn 0.2640 0.9620 -0.0699
vn 0.2608 0.9626 -0.0734
vn -0.5583 0.4180 -0.7166
vn -0.4570 0.8148 -0.3567
vn -0.0334 -0.5436 -0.8387
vn -0.2967 -0.0252 -0.9546
vn -0.3167 -0.2645 -0.9109
vn -0.4840 -0.2320 -0.8437
vn 0.8648 -0.3153 -0.3907
vn -0.7185 -0.0374 -0.6945
vn -0.2476 -0.8311 -0.4979
vn -0.2940 -0.8346 -0.4658
vn -0.5027 0.8335 0.2293
vn -0.7860 0.4999 0.3637
vn 0.1749 0.8512 0.4949
vn 0.2357 0.7756 0.5856
vn 0.0391 -0.9759 -0.2148
vn -0.2181 -0.9108 -0.3506
vn 0.2191 -0.6483 -0.7292
vn 0.1889 -0.6442 -0.7411
vn 0.4349 0.8882 -0.1481
vn 0.6078 0.7407 -0.2861
vn 0.6083 0.7404 -0.2860
vn 0.6084 0.7403 -0.2860
vn 0.5888 0.7543 -0.2903
vn 0.5178 0.7352 0.4375
vn 0.0802 0.9964 0.0287
vn -0.1237 0.9845 0.1242
vn -0.0966 0.9941 -0.0501
vn 0.1545 0.9424 -0.2966
vn 0.1830 0.9120 -0.3672
vn -0.5648 0.8234 0.0557
vn -0.1532 0.9868 0.0531
vn -0.2561 -0.9656 -0.0457
vn -0.0233 -0.9912 -0.1306
vn -0.5832 -0.5292 -0.6163
vn 0.1779 -0.9840 0.0024
vn -0.6361 0.3836 0.6695
vn -0.4930 -0.1120 0.8628
vn -0.0164 0.9988 0.0452
vn 0.0012 1.0000 0.0018
vn 0.0175 -0.9710 0.2383
vn 0.4754 -0.8787 -0.0427
vn -0.3152 0.9354 0.1601
vn -0.4618 0.8864 0.0330
vn -0.7084 0.6917 -0.1405
vn -0.2277 -0.9737 -0.0020
vn 0.6858 -0.7232 -0.0816
vn -0.0119 0.4757 0.8795
vn -0.1921 -0.9117 0.3631
vn -0.0087 -0.9467 0.3219
vn 0.0614 0.2957 -0.9533
vn 0.1862 0.3547 -0.9162
vn -0.7383 0.0632 0.6715
vn -0.6788 0.1492 0.7190
vn -0.3872 0.8642 -0.3213
vn -0.3897 0.8821 0.2645
vn -0.1093 -0.9923 0.0578
vn 0.0943 0.9901 -0.1040
vn 0.3881 0.7317 0.5604
vn -0.2435 0.9334 0.2637
vn 0.3307 -0.9151 -0.2306
vn 0.1215 0.9908 -0.0595
vn 0.1191 0.7133 0.6906
vn 0.1190 0.7133 0.6906
vn 0.1008 0.6826 0.7238
vn 0.1008 0.6825 0.7239
vn 0.2353 0.9555 0.1779
vn 0.1816 0.9832 -0.0206
vn -0.0586 0.4235 -0.9040
vn 0.2699 0.4298 -0.8617
vn 0.3423 0.9062 -0.2481
vn 0.3423 0.9062 -0.2482
vn 0.3415 0.9009 -0.2680
vn 0.3459 0.9039 -0.2517
vn 0.2920 0.9110 -0.2911
vn -0.1766 -0.9698 -0.1680
vn 0.0428 -0.8012 -0.5969
vn -0.9559 -0.1266 0.2651
vn -0.4674 -0.8760 0.1190
vn -0.0723 0.4711 0.8791
vn -0.0551 0.0082 0.9984
vn 0.9441 -0.1819 -0.2748
vn 0.9443 -0.1818 -0.2744
vn 0.9442 -0.1819 -0.2747
vn 0.9481 -0.1749 -0.2654
vn 0.9246 -0.3710 -0.0861
vn 0.2048 0.9766 0.0652
vn 0.1345 0.9869 0.0888
vn -0.1865 0.9772 -0.1013
vn 0.4146 0.6809 -0.6038
vn -0.8362 -0.5227 -0.1661
vn 0.5228 -0.8511 -0.0484
vn 0.9179 0.3548 -0.1778
vn 0.8629 0.2103 -0.4596
vn -0.3866 0.9207 -0.0524
vn 0.6443 0.7610 0.0758
vn 0.6445 0.7608 0.0758
vn 0.6442 0.7611 0.0758
vn 0.6644 0.7435 0.0754
vn -0.5951 0.7820 -0.1852
vn -0.4914 -0.0221 -0.8706
vn 0.1554 0.5974 -0.7867
vn -0.0366 0.5752 -0.8172
vn -0.0743 0.4810 -0.8736
vn 0.0327 -0.3136 -0.9490
vn -0.4607 -0.8765 -0.1398
vn -0.9176 0.3749 -0.1321
vn -0.8986 -0.3025 -0.3178
vn -0.8460 0.2172 -0.4870
vn 0.3599 0.6265 0.6914
vn -0.4632 -0.5711 -0.6777
vn 0.2415 -0.9268 0.2877
vn -0.0545 -0.8532 -0.5188
vn -0.3751 0.9101 0.1760
vn -0.3889 0.9195 0.0577
vn -0.1841 0.9541 0.2363
vn -0.2083 0.9262 -0.3143
vn -0.7893 -0.5724 -0.2222
vn -0.6703 -0.7349 0.1028
vn -0.9223 -0.3813 -0.0624
vn -0.1391 -0.9722 -0.1881
vn 0.5925 0.7685 0.2416
vn -0.0184 -0.8078 -0.5892
vn -0.2317 -0.9323 -0.2778
vn 0.1035 0.2708 0.9571
vn -0.1108 0.9514 -0.2874
vn -0.0670 0.9360 -0.3456
vn -0.3407 0.9312 -0.1292
vn 0.0295 0.4514 0.8918
vn -0.5753 0.7499 0.3267
vn 0.8937 -0.3304 0.3035
vn -0.3499 0.8563 0.3800
vn -0.4152 0.8829 -0.2193
vn -0.5582 0.8245 -0.0929
vn 0.8664 -0.1616 0.4725
vn 0.8665 -0.4646 0.1826
vn 0.8664 -0.4646 0.1830
vn -0.1667 0.9743 0.1513
vn -0.1167 0.9744 0.1920
vn 0.1425 0.9205 -0.3639
vn 0.0696 0.9202 -0.3852
vn -0.4033 0.9066 0.1242
vn -0.2312 0.7822 0.5785
vn -0.2312 0.7823 0.5785
vn -0.2312 0.7823 0.5784
vn -0.2362 0.7669 0.5967
vn -0.2242 0.9565 -0.1868
vn 0.1081 0.6952 0.7107
vn 0.0783 0.6689 0.7392
vn 0.3646 -0.9224 0.1272
vn -0.7211 -0.4102 0.5583
vn -0.0086 -0.9778 0.2095
vn -0.0832 -0.9736 0.2126
vn -0.7812 0.4540 -0.4286
vn 0.9039 -0.2331 -0.3587
vn 0.9219 0.1272 -0.3658
vn -0.4005 -0.7935 0.4582
vn -0.4970 -0.8550 0.1479
vn -0.3745 0.9212 0.1053
vn -0.7148 0.6894 0.1173
vn -0.1599 0.9790 0.1267
vn -0.2405 -0.7063 0.6658
vn -0.3038 0.0909 -0.9484
vn 0.0659 -0.6846 -0.7259
vn 0.2406 0.9585 0.1532
vn 0.9912 -0.0876 0.0996
vn 0.9912 -0.0869 0.0996
vn 0.2556 -0.8548 -0.4517
vn -0.0828 -0.7366 -0.6712
vn 0.1287 0.7493 -0.6496
vn -0.1598 0.8116 -0.5619
vn -0.1460 0.9728 0.1798
vn -0.6666 -0.3448 -0.6608
vn 0.5369 -0.7153 0.4473
vn 0.8010 -0.5375 0.2636
vn 0.6559 0.6821 0.3232
vn -0.8288 -0.0442 -0.5578
vn 0.7553 -0.0988 -0.6479
vn -0.0214 -0.7298 -0.6833
vn 0.4299 -0.2244 -0.8746
vn 0.7622 0.5401 0.3568
vn 0.7503 0.6118 0.2503
vn -0.4179 0.2056 -0.8849
vn -0.1369 0.3786 -0.9154
vn -0.3364 0.5918 0.7325
vn 0.6235 -0.7661 -0.1561
vn 0.6231 -0.7664 -0.1559
vn 0.6892 0.1103 -0.7161
vn 0.6892 0.1107 -0.7161
vn 0.6891 0.1108 -0.7162
vn -0.9109 0.3927 -0.1270
vn -0.5758 0.7085 -0.4079
vn -0.8117 0.3284 0.4830
vn -0.1676 -0.1702 0.9711
vn 0.5892 -0.7569 -0.2827
vn -0.4678 0.7996 -0.3767
vn -0.5717 0.4884 -0.6593
vn 0.0329 0.7607 -0.6482
vn 0.1152 0.6774 -0.7265
vn -0.3232 0.9379 -0.1260
vn -0.6543 0.6972 -0.2927
vn 0.0148 -0.8535 0.5210
vn -0.1508 -0.8619 0.4841
vn 0.5394 -0.8420 -0.0101
vn -0.6607 0.6917 0.2915
vn 0.8643 0.1734 0.4721
vn -0.6337 0.7391 0.2285
vn -0.2423 0.9034 0.3537
vn 0.1407 0.9873 -0.0743
vn 0.0220 0.9281 -0.3716
vn -0.0825 0.9940 -0.0721
vn 0.7596 -0.6439 -0.0915
vn 0.4174 -0.9078 0.0397
vn -0.6322 0.6741 -0.3818
vn -0.5730 0.7901 0.2176
vn -0.5709 0.8111 0.1272
vn -0.4699 0.8821 0.0325
vn -0.7972 0.6033 0.0223
vn -0.8086 -0.4672 0.3576
vn -0.0744 0.9720 0.2229
vn -0.0744 0.9720 0.2228
vn -0.0744 0.9721 0.2227
vn -0.0778 0.9674 0.2410
vn -0.1267 0.9563 0.2636
vn -0.3808 -0.4920 -0.7829
vn -0.0576 0.6322 0.7727
vn 0.3960 0.4263 0.8133
vn -0.1300 -0.9555 0.2649
vn 0.2720 0.8150 0.5116
vn 0.2720 0.8151 0.5114
vn 0.2720 0.8151 0.5115
vn 0.2769 0.8000 0.5323
vn -0.1484 0.9558 0.2537
vn -0.4810 -0.6914 0.5390
vn -0.2067 -0.9644 0.1652
vn -0.2387 -0.8181 0.5232
vn 0.5313 0.0156 -0.8470
vn -0.1048 0.9745 -0.1985
vn -0.3564 0.6465 -0.6746
vn 0.2792 -0.9486 -0.1491
vn -0.6672 0.1777 -0.7234
vn -0.6993 0.7005 -0.1423
vn -0.6569 0.7512 -0.0641
vn -0.8039 -0.4682 -0.3667
vn -0.8022 0.1339 -0.5818
vn 0.0795 -0.1101 -0.9907
vn 0.1813 -0.7146 -0.6756
vn 0.6998 0.3473 0.6242
vn -0.8075 0.2497 0.5345
vn 0.6555 -0.1264 -0.7446
vn 0.9353 0.0989 -0.3398
vn 0.6453 0.6599 0.3848
vn 0.0313 0.9897 0.1397
vn 0.7485 -0.0268 -0.6626
vn 0.8890 0.3701 0.2696
vn 0.1399 0.9275 -0.3467
vn 0.1127 -0.1577 0.9810
vn -0.1201 -0.9441 0.3070
vn -0.1656 0.5726 -0.8029
vn 0.0462 0.5717 -0.8191
vn -0.5422 0.7523 0.3742
vn -0.6175 0.7278 0.2985
vn 0.0738 0.9867 0.1448
vn -0.7243 0.6846 -0.0816
vn 0.4443 -0.8527 0.2746
vn 0.1549 -0.7772 0.6099
vn -0.1275 -0.8788 0.4598
vn -0.1076 -0.9934 0.0384
vn -0.4465 -0.4416 0.7782
vn -0.1099 -0.5515 0.8269
vn -0.2801 0.8724 0.4006
vn 0.2857 0.9174 -0.2769
vn -0.2599 0.9606 -0.0983
vn -0.0859 0.7447 -0.6618
vn -0.4110 0.7431 -0.5281
vn -0.4155 0.8201 -0.3935
vn -0.7269 0.6195 -0.2963
vn -0.8112 0.5591 -0.1711
vn 0.0521 0.9105 -0.4103
vn 0.0596 0.2642 -0.9626
vn -0.3404 0.2361 -0.9102
vn -0.4233 -0.1459 -0.8942
vn 0.1513 0.8960 -0.4175
vn 0.2063 0.9045 0.3732
vn -0.5883 0.3174 -0.7438
vn -0.9941 -0.0412 -0.1005
vn -0.0675 0.9915 -0.1109
vn -0.3972 0.8249 -0.4023
vn -0.3973 0.8248 -0.4022
vn -0.3973 0.8248 -0.4023
vn 0.6665 -0.6978 -0.2626
vn -0.4558 0.3705 -0.8093
vn 0.0415 0.5640 0.8247
vn 0.4428 -0.0271 0.8962
vn 0.5559 0.2403 -0.7958
vn -0.0569 -0.9953 0.0781
vn -0.0971 -0.9926 -0.0724
vn -0.1839 0.9769 0.1088
vn -0.5052 0.4244 0.7514
vn 0.3643 -0.8671 -0.3398
vn 0.0751 -0.0131 0.9971
vn -0.2751 0.1729 0.9457
vn -0.3322 -0.4258 -0.8416
vn -0.3315 0.4681 -0.8192
vn -0.2886 0.4954 -0.8193
vn 0.6728 0.5644 -0.4783
vn 0.2745 -0.9616 -0.0031
vn 0.1968 0.8139 0.5466
vn 0.3124 0.9496 0.0256
vn 0.0153 -0.9064 -0.4221
vn -0.0081 -0.7709 -0.6369
vn -0.8415 -0.0881 -0.5331
vn 0.1621 0.9542 -0.2515
vn 0.1720 -0.8977 -0.4056
vn 0.1721 -0.8975 -0.4060
vn -0.4154 0.9070 -0.0691
vn -0.5761 0.8119 -0.0938
vn -0.6281 0.6862 0.3669
vn -0.6280 0.6862 0.3669
vn -0.6281 0.6862 0.3668
vn -0.2495 -0.4004 -0.8817
vn -0.1469 0.1642 -0.9754
vn -0.5993 0.6296 -0.4943
vn -0.5997 0.6295 -0.4940
vn -0.6226 0.6201 -0.4772
vn -0.4994 0.8658 0.0314
vn -0.6065 0.7867 -0.1155
vn -0.1117 0.9686 -0.2221
vn -0.2184 0.9359 0.2764
vn -0.0325 -0.8773 -0.4789
vn -0.2395 0.7179 -0.6537
vn 0.6613 -0.4559 -0.5956
vn 0.6892 -0.6930 -0.2113
vn 0.8610 0.4970 -0.1080
vn 0.8851 0.0869 -0.4572
vn 0.2528 0.8831 0.3953
vn -0.3560 -0.8277 -0.4337
vn -0.4473 -0.3803 -0.8095
vn -0.6814 -0.6457 -0.3447
vn -0.4771 -0.2537 -0.8414
vn -0.0223 -0.9060 -0.4228
vn -0.2105 -0.9018 -0.3775
vn 0.1875 -0.9737 0.1294
vn -0.9004 -0.0633 -0.4305
vn -0.3518 0.9221 0.1612
vn -0.6654 -0.2344 -0.7087
vn 0.1855 -0.6882 -0.7014
vn 0.5970 -0.8000 -0.0602
vn -0.4617 0.8245 -0.3271
vn 0.5784 0.6030 0.5494
vn -0.7780 0.6082 0.1575
vn 0.5120 0.7284 0.4553
vn -0.6705 0.7036 -0.2355
vn -0.6706 0.7035 -0.2355
vn -0.6702 0.7037 -0.2360
vn -0.6812 0.6952 -0.2294
vn -0.1245 0.8684 -0.4800
vn -0.2344 0.9373 -0.2580
vn 0.3633 0.7165 -0.5956
vn -0.4525 0.4243 -0.7844
vn -0.6125 0.7736 -0.1623
vn -0.4725 0.7457 0.4698
vn -0.4726 0.7459 0.4694
vn -0.4748 0.7323 0.4881
vn -0.2578 -0.5628 0.7854
vn -0.0063 0.6304 0.7762
vn 0.5493 -0.5836 0.5980
vn -0.0525 0.9082 -0.4152
vn -0.0600 0.9051 -0.4209
vn -0.0525 0.9082 -0.4153
vn -0.0173 0.8349 0.5502
vn -0.0248 0.9135 -0.4062
vn 0.0638 0.9187 0.3897
vn -0.1056 0.9876 -0.1164
vn -0.4822 0.7552 0.4440
vn 0.6517 0.6113 0.4490
vn -0.5016 0.8137 -0.2938
vn 0.2477 0.9351 -0.2533
vn 0.2841 0.9380 -0.1986
vn -0.3562 -0.9252 -0.1311
vn 0.7996 -0.5693 -0.1914
vn -0.0775 0.8959 -0.4374
vn 0.1524 0.9183 -0.3655
vn 0.4376 -0.4858 -0.7566
vn 0.6610 0.7499 -0.0285
vn 0.3868 0.8639 -0.3225
vn -0.8427 -0.2930 0.4516
vn 0.2175 0.8980 0.3824
vn 0.3095 0.7030 0.6403
vn -0.4600 0.8847 -0.0754
vn -0.2513 0.9662 -0.0571
vn 0.2144 0.2690 -0.9390
vn 0.3274 0.7106 -0.6228
vn 0.0385 -0.1274 -0.9911
vn -0.7096 -0.3504 -0.6113
vn -0.3818 0.8251 0.4163
vn -0.4588 0.8884 -0.0129
vn 0.1583 0.7626 0.6272
vn -0.1175 0.7617 -0.6372
vn 0.1681 0.8714 -0.4608
vn 0.3268 0.8740 -0.3597
vn 0.3726 0.8309 0.4131
vn 0.6201 0.7764 -0.1125
vn 0.6197 0.7767 -0.1127
vn -0.2528 -0.9309 0.2636
vn 0.0563 -0.1378 -0.9889
vn -0.6744 0.5801 0.4568
vn 0.7403 -0.6520 0.1641
vn 0.5466 -0.8264 0.1354
vn 0.1344 -0.4159 -0.8994
vn -0.3804 -0.5609 -0.7353
vn -0.4943 0.8555 -0.1544
vn -0.8668 -0.4357 0.2425
vn 0.6948 0.3487 -0.6291
vn -0.1254 -0.7832 -0.6090
vn 0.7806 0.1504 0.6067
vn 0.0723 0.8995 0.4309
vn -0.2599 -0.2071 -0.9432
vn -0.2601 -0.2072 -0.9431
vn -0.2599 -0.2071 -0.9431
vn -0.2656 -0.2182 -0.9391
vn -0.2327 0.7845 0.5748
vn -0.1192 0.8364 0.5351
vn -0.7985 -0.4829 -0.3594
vn -0.9963 0.0473 -0.0721
vn -0.8147 0.2385 0.5286
vn -0.6277 0.7657 -0.1404
vn 0.2841 -0.6188 -0.7324
vn 0.4127 0.1987 -0.8889
vn -0.3461 -0.0875 -0.9341
vn -0.1674 -0.8374 -0.5203
vn 0.8137 -0.1205 0.5686
vn 0.5959 -0.6755 0.4343
vn 0.1975 -0.6707 0.7150
vn 0.1107 0.9926 0.0509
vn 0.0496 0.9820 0.1821
vn 0.2716 0.9612 -0.0475
vn -0.9356 -0.3479 -0.0603
vn -0.9356 -0.3480 -0.0602
vn -0.9355 -0.3480 -0.0605
vn 0.6857 -0.0098 -0.7278
vn -0.5494 0.0155 -0.8354
vn -0.2130 -0.6188 -0.7561
vn -0.5806 0.7772 -0.2427
vn -0.3614 0.9204 -0.1491
vn 0.7067 0.2817 0.6490
vn 0.0120 0.9965 -0.0826
vn 0.0819 0.2972 -0.9513
vn 0.2654 -0.9633 -0.0413
vn -0.8715 -0.3731 0.3183
vn 0.0729 0.8249 0.5605
vn 0.6081 0.1709 0.7753
vn 0.6014 -0.1911 0.7757
vn 0.6017 -0.1913 0.7754
vn 0.6016 -0.1914 0.7755
vn 0.6149 -0.1842 0.7668
vn 0.2065 0.0533 0.9770
vn -0.1788 -0.5403 0.8222
vn 0.2984 -0.9403 0.1637
vn 0.6430 0.7328 0.2225
vn 0.9872 -0.1497 -0.0551
vn 0.0891 0.8053 0.5861
vn 0.1027 0.7956 0.5970
vn 0.0891 0.8054 0.5860
vn 0.9099 -0.0014 0.4149
vn -0.7509 -0.5404 0.3796
vn -0.8057 -0.2412 0.5410
vn -0.1135 -0.5104 -0.8524
vn 0.3814 0.3869 -0.8395
vn 0.1402 -0.9006 -0.4113
vn -0.4268 0.7981 -0.4253
vn -0.3947 -0.8022 -0.4479
vn 0.2629 -0.5549 0.7893
vn 0.1661 -0.7464 0.6444
vn -0.1308 0.9817 0.1382
vn -0.0359 0.5897 0.8068
vn -0.8587 -0.2060 0.4693
vn -0.7879 0.3659 0.4953
vn 0.3339 0.8222 0.4610
vn 0.1049 -0.9800 0.1693
vn -0.6113 0.7207 0.3271
vn -0.3565 -0.9180 0.1735
vn -0.4330 0.5349 -0.7255
vn 0.3470 -0.7079 -0.6152
vn 0.0790 0.8676 0.4910
vn 0.6824 0.5563 -0.4742
vn -0.2703 0.3891 0.8806
vn -0.7801 0.6053 -0.1583
vn -0.4324 -0.8774 0.2079
vn -0.3681 -0.9254 -0.0899
vn 0.2765 0.6522 -0.7058
vn -0.0722 -0.9967 0.0371
vn 0.2342 0.8825 -0.4079
vn -0.1070 -0.4529 -0.8851
vn -0.0877 0.9797 -0.1804
vn 0.1042 0.9365 0.3349
vn -0.2029 -0.7493 -0.6304
vn -0.0887 -0.8468 -0.5244
vn 0.0246 0.9804 -0.1955
vn -0.3073 -0.2837 -0.9083
vn -0.2221 -0.5313 -0.8175
vn 0.1187 0.9911 -0.0605
vn -0.4267 -0.2009 -0.8818
vn 0.6050 0.2107 0.7678
vn 0.6049 0.2113 0.7677
vn 0.3604 -0.4878 0.7951
vn 0.3606 -0.4873 0.7953
vn -0.1721 0.0065 -0.9851
vn -0.3562 -0.0352 -0.9338
vn 0.6770 -0.4955 -0.5442
vn 0.4119 0.8943 -0.1749
vn -0.6028 0.5525 0.5757
vn 0.4532 0.8905 -0.0390
vn 0.5620 0.8161 0.1347
vn -0.6080 -0.0820 0.7897
vn 0.4353 -0.8348 0.3370
vn -0.4767 0.8758 -0.0760
vn -0.4316 0.8863 -0.1681
vn -0.3591 0.9255 -0.1203
vn -0.4568 0.0447 0.8884
vn -0.1872 -0.9044 0.3835
vn -0.3156 0.9387 0.1387
vn -0.0304 -0.3389 -0.9403
vn -0.0147 -0.3339 -0.9425
vn 0.1258 -0.1456 0.9813
vn 0.2348 -0.7868 0.5708
vn 0.3048 -0.9244 -0.2293
vn 0.3049 -0.9244 -0.2292
vn 0.3047 -0.9244 -0.2293
vn 0.2880 -0.9269 -0.2405
vn 0.2297 -0.9692 -0.0890
vn -0.0279 0.9228 0.3843
vn -0.0519 -0.8795 -0.4731
vn 0.1787 0.7867 0.5909
vn 0.1241 0.8072 0.5771
vn -0.2606 -0.7262 -0.6362
vn 0.0024 -0.9644 -0.2645
vn 0.5298 -0.7146 0.4568
vn 0.5201 0.8540 0.0133
vn -0.3692 -0.7148 -0.5939
vn -0.7437 0.4780 -0.4673
vn -0.2720 0.5896 0.7605
vn -0.3338 0.3354 0.8810
vn -0.4225 0.4634 0.7789
vn -0.3754 -0.3466 -0.8596
vn -0.9762 0.2099 0.0548
vn -0.7286 0.6653 0.1627
vn -0.7286 0.6654 -0.1627
vn 0.8844 -0.0431 -0.4646
vn -0.1651 -0.0622 -0.9843
vn 0.1520 0.2378 -0.9594
vn 0.0703 0.9735 0.2176
vn 0.4185 0.9066 -0.0537
vn 0.1268 -0.6384 0.7592
vn 0.2111 0.5776 0.7886
vn -0.7049 0.6957 0.1383
vn -0.1072 -0.6885 0.7173
vn -0.6148 -0.4787 0.6268
vn -0.2526 -0.7463 0.6158
vn 0.3196 -0.9471 0.0291
vn -0.0813 0.0938 0.9923
vn -0.8120 -0.5837 0.0012
vn 0.8951 0.0771 0.4391
vn 0.0769 -0.5710 -0.8173
vn 0.1517 -0.7248 -0.6721
vn -0.4532 -0.7772 -0.4365
vn 0.2166 0.5927 -0.7757
vn -0.6192 0.7430 -0.2541
vn 0.8844 -0.0431 0.4646
vn -0.8120 -0.5837 -0.0012
vn 0.3574 -0.9335 -0.0294
vn -0.2470 -0.7385 -0.6273
vn 0.0637 -0.5864 0.8075
vn -0.1608 -0.0623 0.9850
vn -0.0889 0.0934 -0.9917
vn 0.8951 0.0771 -0.4391
vn 0.1518 0.2316 0.9609
vn -0.9827 0.1685 -0.0767
vn -0.4398 -0.7809 0.4435
vn 0.1464 -0.7264 0.6715
vn 0.2115 0.5788 0.7876
vn -0.6296 0.7359 0.2491
vn 0.2163 0.5918 -0.7765
vn -0.7005 0.7000 -0.1387
vn 0.1331 -0.6379 -0.7585
vn -0.1302 -0.6927 -0.7094
vn 0.0699 0.9734 -0.2184
vn 0.4176 0.9070 0.0538
vn -0.6116 -0.4735 -0.6339
vn 0.0597 -0.1591 0.9855
vn 0.0597 -0.1592 0.9854
vn 0.0760 -0.1278 0.9889
vn -0.0760 0.1278 -0.9889
vn -0.0597 0.1591 -0.9855
vn -0.0597 0.1592 -0.9854
vn -0.2033 0.7997 0.5650
vn -0.3735 0.9257 0.0604
vn -0.0898 0.2334 -0.9682
vn 0.0649 -0.2758 0.9590
vn -0.0649 0.2758 -0.9590
vn 0.1672 -0.3605 0.9176
vn 0.3735 -0.9257 -0.0604
vn -0.2730 0.9325 -0.2367
vn -0.3373 0.8981 -0.2820
vn 0.3374 -0.8981 0.2821
vn 0.3373 -0.8981 0.2820
vn 0.3374 -0.8981 0.2820
vn 0.3392 -0.8951 0.2894
vn 0.0152 0.9998 0.0084
vn 0.0153 0.9998 0.0084
vn 0.0248 0.9995 0.0202
vn -0.0152 -0.9998 -0.0084
vn -0.0248 -0.9995 -0.0202
vn 0.0376 0.9985 -0.0388
vn -0.0153 -0.9998 -0.0084
vn -0.0417 -0.9930 0.1106
vn 0.0271 0.9986 -0.0447
vn -0.0427 0.9929 -0.1111
vn 0.0418 -0.9952 0.0885
vn 0.0454 -0.9957 0.0807
vn 0.0418 -0.9952 0.0886
vn -0.0418 0.9952 -0.0885
vn -0.0454 0.9957 -0.0807
vn -0.0903 0.8627 -0.4975
vn -0.0903 0.8628 -0.4975
vn -0.0896 0.8636 -0.4961
vn 0.0881 -0.8629 0.4976
vn 0.0880 -0.8628 0.4977
vn 0.0896 -0.8666 0.4909
vn -0.0869 0.8669 -0.4909
vn -0.1672 0.3605 -0.9176
vn -0.0418 0.9952 -0.0886
vn 0.0397 -0.9983 0.0427
vn 0.1681 -0.9377 -0.3042
vn 0.7162 0.0002 0.6979
vn 0.6141 0.6911 -0.3810
vn 0.6153 0.4823 -0.6235
vn 0.5902 -0.3378 0.7332
vn -0.0315 -0.7599 0.6493
vn 0.0699 -0.6101 0.7892
vn -0.8908 -0.4396 0.1149
vn 0.1200 0.2216 0.9677
vn 0.0085 0.5512 0.8344
vn -0.9731 0.1642 0.1617
vn -0.1884 0.9756 -0.1124
vn -0.1671 0.9815 -0.0933
vn -0.8703 -0.4489 0.2026
vn -0.3674 0.5911 -0.7181
vn -0.1108 0.4275 -0.8972
vn 0.8796 0.2112 -0.4263
vn 0.9942 0.0438 -0.0981
vn 0.7074 0.6075 0.3612
vn 0.5832 0.7780 0.2334
vn 0.5832 0.7781 0.2334
vn 0.5834 0.7779 0.2333
vn 0.7189 0.5899 -0.3677
vn 0.4998 0.5707 -0.6515
vn 0.1182 0.0884 -0.9891
vn 0.5448 -0.0654 -0.8360
vn -0.4360 -0.4768 -0.7633
vn -0.4270 -0.2454 -0.8703
vn -0.1042 -0.7190 -0.6872
vn -0.9110 -0.4014 0.0949
vn -0.9119 0.1152 0.3938
vn -0.2569 -0.0201 0.9662
vn -0.1995 -0.7237 -0.6607
vn -0.8973 -0.0367 0.4399
vn -0.1334 0.1289 0.9826
vn -0.1596 0.6014 0.7829
vn 0.0962 0.7562 0.6472
vn -0.9047 0.1166 -0.4099
vn 0.2584 0.8310 -0.4926
vn 0.5835 0.7779 0.2333
vn 0.2730 -0.9325 0.2367
vn -0.3605 -0.0951 -0.9279
vn -0.1608 0.1972 -0.9671
vn -0.2472 0.2682 -0.9311
vn 0.0519 0.6240 -0.7797
vn -0.1751 0.8865 -0.4282
vn -0.0583 0.9796 -0.1924
vn -0.1724 0.9761 -0.1322
vn -0.1433 0.9895 0.0159
vn -0.0190 0.9988 -0.0448
vn -0.0724 0.9955 0.0605
vn -0.0723 0.9955 0.0605
vn -0.0809 0.9947 0.0631
vn -0.0178 0.9785 0.2056
vn -0.0022 -0.9684 -0.2494
vn -0.0723 0.9619 0.2637
vn -0.2257 0.7539 0.6170
vn -0.1678 -0.4742 -0.8643
vn -0.0187 0.4217 0.9065
vn 0.0510 -0.9757 -0.2132
vn 0.0106 0.0784 0.9969
vn -0.2689 -0.2347 0.9341
vn 0.3064 -0.9251 0.2242
vn 0.4009 -0.7064 -0.5833
vn 0.1407 -0.9869 -0.0791
vn 0.1984 -0.7392 -0.6436
vn -0.7560 -0.6457 -0.1080
vn 0.1678 0.4742 0.8643
vn 0.0811 0.1572 -0.9842
vn 0.2257 -0.7539 -0.6170
vn -0.0888 -0.4554 -0.8859
vn 0.0482 -0.9798 -0.1942
vn 0.2307 -0.7554 0.6133
vn 0.2209 -0.7566 0.6155
vn 0.2151 -0.9759 -0.0367
vn -0.6234 0.2168 -0.7512
vn -0.5505 -0.5998 -0.5808
vn -0.1181 -0.8071 -0.5785
vn 0.4374 0.1383 -0.8885
vn 0.4488 -0.0754 -0.8904
vn 0.5853 0.6623 -0.4677
vn 0.6572 0.7260 -0.2026
vn 0.9043 0.4207 0.0730
vn 0.8965 -0.3892 -0.2117
vn -0.0143 0.2048 0.9787
vn 0.2520 0.6794 0.6891
vn -0.9295 0.3045 0.2083
vn 0.1630 0.8115 0.5611
vn 0.0988 0.7370 0.6686
vn -0.8470 0.1031 -0.5215
vn -0.8468 0.1033 -0.5218
vn -0.3545 0.5948 0.7214
vn -0.8856 0.4637 -0.0271
vn -0.6755 0.4641 -0.5729
vn -0.6939 -0.6449 -0.3201
vn -0.6302 -0.7554 -0.1795
vn -0.7479 -0.5839 -0.3158
vn -0.0002 -0.6701 -0.7422
vn -0.1155 0.1015 -0.9881
vn -0.1155 0.1014 -0.9881
vn -0.6970 0.3068 -0.6481
vn -0.1098 0.1245 -0.9861
vn -0.2857 0.9344 0.2129
vn -0.1959 0.9713 0.1350
vn -0.4944 0.8668 0.0649
vn -0.1387 0.1254 0.9824
vn -0.1867 -0.3052 0.9338
vn -0.9883 -0.1140 0.1015
vn -0.7660 -0.5807 -0.2755
vn 0.7245 0.5089 0.4649
vn 0.9340 0.1746 0.3116
vn 0.2052 -0.7706 -0.6034
vn 0.4621 0.0626 -0.8846
vn 0.4618 0.0629 -0.8847
vn 0.4616 0.0631 -0.8848
vn 0.7943 0.4380 -0.4209
vn -0.0438 0.9845 0.1701
vn 0.2070 0.9559 0.2081
vn 0.4581 0.0686 -0.8863
vn 0.0210 -0.0625 0.9978
vn 0.9161 0.3672 0.1613
vn 0.8162 0.4909 0.3047
vn -0.5602 -0.6207 0.5485
vn -0.8135 0.4103 0.4121
vn -0.7791 -0.4388 0.4478
vn 0.0947 0.8727 0.4789
vn 0.1588 0.6053 0.7800
vn -0.7238 -0.3227 0.6099
vn -0.8411 0.5357 0.0748
vn 0.2844 0.8902 0.3558
vn 0.3712 0.6656 0.6474
vn 0.6234 0.7794 -0.0627
vn 0.2749 0.6218 -0.7333
vn -0.3456 0.4854 -0.8031
vn -0.3455 0.4855 -0.8030
vn -0.3457 0.4855 -0.8030
vn 0.4421 0.1663 -0.8814
vn -0.5143 -0.5281 -0.6758
vn -0.5143 -0.5281 -0.6757
vn -0.5142 -0.5277 -0.6761
vn -0.9133 -0.2035 -0.3528
vn -0.9130 -0.2034 -0.3536
vn 0.6502 0.1543 -0.7440
vn -0.5164 -0.5412 -0.6637
vn 0.5114 -0.2933 -0.8078
vn -0.6935 -0.6927 -0.1980
vn 0.8260 0.4729 -0.3066
vn -0.7844 -0.6156 -0.0750
vn 0.2538 0.4361 -0.8634
vn -0.7570 -0.5601 -0.3365
vn 0.7160 0.3070 -0.6270
vn 0.8112 0.5844 -0.0194
vn 0.8150 0.2686 0.5135
vn 0.8231 0.2723 0.4983
vn -0.1018 -0.7589 0.6432
vn 0.8150 0.2688 0.5133
vn 0.5679 0.3802 0.7300
vn -0.5538 -0.5495 0.6256
vn -0.5018 -0.4226 0.7547
vn -0.9456 -0.1552 0.2858
vn 0.5009 0.6404 0.5823
vn -0.8678 -0.2794 -0.4108
vn -0.4492 0.2133 -0.8676
vn 0.5896 0.7802 -0.2090
vn -0.9324 -0.0684 -0.3550
vn 0.0831 0.8377 -0.5398
vn -0.8613 -0.4351 -0.2624
vn 0.1356 0.1568 -0.9783
vn 0.4752 0.6901 -0.5459
vn 0.9065 0.3513 -0.2341
vn 0.6139 0.7781 0.1334
vn 0.7188 0.5601 0.4119
vn 0.8642 0.3627 0.3488
vn 0.8641 0.3625 0.3491
vn 0.8642 0.3627 0.3487
vn 0.2645 -0.7757 0.5730
vn -0.7944 -0.5473 -0.2633
vn -0.8213 -0.4782 0.3112
vn -0.8216 -0.4776 0.3113
vn -0.0498 -0.6549 0.7541
vn -0.0598 0.0695 0.9958
vn -0.0162 0.0635 0.9979
vn -0.9035 -0.2226 0.3661
vn -0.6377 0.5556 0.5335
vn -0.8971 -0.4211 -0.1339
vn -0.8179 0.4741 -0.3261
vn -0.4836 0.6403 0.5968
vn 0.2551 0.6088 -0.7512
vn -0.8324 -0.0322 -0.5533
vn -0.0789 0.2781 -0.9573
vn -0.2740 0.7510 0.6008
vn -0.3268 0.9086 -0.2601
vn 0.4799 0.8570 -0.1876
vn -0.1777 0.6477 0.7409
vn 0.8338 0.5203 -0.1844
vn 0.7850 0.5789 -0.2206
vn 0.1305 -0.1350 0.9822
vn 0.0364 -0.0197 0.9991
vn -0.8288 -0.5463 0.1210
vn -0.8304 -0.5232 0.1914
vn -0.8304 -0.5234 0.1910
vn -0.9547 -0.2900 -0.0674
vn -0.2565 -0.0123 -0.9665
vn -0.2434 -0.0337 -0.9693
vn -0.2566 -0.0122 -0.9664
vn -0.1148 0.9930 -0.0268
vn -0.1742 0.4049 -0.8976
vn -0.1802 0.4006 -0.8984
vn -0.1734 0.4055 -0.8975
vn -0.0460 0.8257 -0.5622
vn 0.1334 -0.9906 0.0300
vn -0.2460 0.8767 -0.4134
vn -0.1572 0.9819 -0.1053
vn 0.5306 0.8476 0.0091
vn -0.3533 0.9354 -0.0127
vn 0.3487 -0.9372 0.0131
vn -0.1889 0.9791 0.0759
vn -0.3382 0.8536 0.3962
vn -0.2933 0.8586 0.4205
vn -0.2198 0.3063 0.9262
vn -0.3335 0.0338 0.9422
vn -0.1260 0.1351 0.9828
vn -0.1395 0.0551 0.9887
vn 0.2423 -0.2854 0.9273
vn -0.2530 -0.1437 0.9567
vn 0.0647 -0.9743 0.2158
vn 0.4180 -0.8276 -0.3747
vn 0.4184 -0.8274 -0.3745
vn 0.2385 -0.8782 -0.4147
vn -0.3531 0.9355 -0.0127
vn -0.3487 0.9372 -0.0131
vn -0.2274 0.2930 -0.9287
vn -0.2278 0.0151 -0.9736
vn 0.0261 0.0708 -0.9971
vn 0.1829 -0.9776 -0.1039
vn 0.2639 -0.9644 0.0136
vn 0.1195 -0.9155 0.3843
vn 0.2644 -0.8791 0.3965
vn 0.2096 -0.5157 0.8308
vn 0.1464 -0.5203 0.8414
vn 0.0187 -0.4217 -0.9065
vn -0.0912 0.9925 0.0811
vn -0.0910 0.9923 0.0839
vn -0.0337 0.6077 0.7935
vn -0.1180 0.7489 0.6521
vn -0.1681 0.9377 0.3042
vn -0.1764 0.9277 0.3289
vn 0.2033 -0.7997 -0.5650
vn 0.0386 0.0293 -0.9988
vn 0.1889 -0.9791 -0.0759
vn 0.0898 -0.2334 0.9682
vn -0.1407 0.9820 0.1261
vn 0.2237 -0.8244 0.5200
vn -0.0594 0.3309 0.9418
vn -0.0729 -0.1606 -0.9843
vn -0.0097 -0.1230 0.9924
vn -0.0204 -0.1445 0.9893
vn -0.0386 -0.0293 0.9988
vn 0.0204 0.1445 -0.9893
vn 0.0097 0.1230 -0.9924
vn 0.0594 -0.3309 -0.9418
vn 0.0337 -0.6077 -0.7935
vn -0.3089 0.9261 -0.2164
vn -0.2661 0.9592 0.0954
vn -0.2744 0.9552 0.1108
vn 0.1764 -0.9277 -0.3289
vn 0.2661 -0.9592 -0.0954
vn 0.2744 -0.9552 -0.1108
vn -0.2237 0.8244 -0.5200
vn 0.3089 -0.9261 0.2164
vn 0.0729 0.1606 0.9843
vn 0.1398 0.6729 -0.7264
vn 0.3331 0.5628 -0.7565
vn 0.7150 0.6302 -0.3025
vn 0.1488 0.6321 -0.7605
vn 0.6519 0.7578 -0.0272
vn 0.6520 0.7577 -0.0272
vn 0.6521 0.7576 -0.0273
vn 0.6482 0.7609 -0.0296
vn 0.0379 0.4227 0.9055
vn -0.9797 0.1328 0.1501
vn 0.1323 0.0991 0.9863
vn -0.5253 -0.3794 0.7617
vn -0.3563 -0.4421 0.8232
vn -0.7151 0.6972 0.0499
vn -0.7298 -0.5528 0.4022
vn -0.7836 0.6213 -0.0026
vn -0.6928 -0.6581 0.2950
vn -0.7678 0.0808 -0.6356
vn -0.6742 0.3002 -0.6748
vn -0.3486 -0.8570 0.3795
vn -0.2436 -0.7982 0.5510
vn 0.4968 -0.5907 0.6358
vn 0.6129 -0.3969 0.6832
vn 0.5790 -0.0321 0.8147
vn -0.0376 -0.9985 0.0388
vn 0.0986 -0.9918 -0.0807
vn 0.0910 -0.9923 -0.0839
vn 0.0920 -0.9934 -0.0678
vn -0.0912 0.9925 0.0810
vn 0.0920 -0.9935 -0.0678
vn 0.0986 -0.9919 -0.0806
vn -0.1005 0.9927 0.0672
vn -0.1091 0.9940 0.0006
vn 0.1180 -0.7489 -0.6521
vn 0.1407 -0.9820 -0.1261
vn 0.1091 -0.9940 -0.0006
vn 0.6518 0.2470 0.7170
vn 0.1809 -0.6131 0.7690
vn 0.0285 -0.1393 0.9898
vn -0.0021 0.1124 0.9937
vn 0.1199 0.7491 0.6515
vn -0.4755 0.8712 -0.1221
vn -0.2835 0.9372 -0.2030
vn -0.1383 0.9826 -0.1237
vn 0.0728 -0.2460 -0.9665
vn 0.2332 0.9407 -0.2463
vn -0.1614 0.0589 -0.9851
vn -0.0947 0.1055 -0.9899
vn 0.8100 0.3427 -0.4759
vn 0.7465 0.6205 -0.2403
vn -0.9866 0.0991 -0.1295
vn -0.8047 -0.5398 0.2470
vn -0.9169 -0.1687 -0.3617
vn 0.1810 -0.6131 0.7690
vn 0.1823 -0.6070 0.7735
vn 0.1810 -0.6132 0.7689
vn 0.7504 0.6033 0.2699
vn 0.9032 0.4189 0.0935
vn 0.5471 0.2254 0.8062
vn -0.2411 -0.0786 0.9673
vn -0.1508 0.1846 0.9712
vn -0.7769 -0.6071 -0.1670
vn -0.8206 -0.5520 -0.1477
vn -0.7847 -0.1739 0.5949
vn -0.0561 -0.0802 -0.9952
vn 0.3449 -0.4982 -0.7955
vn 0.3486 0.8182 -0.4572
vn -0.1535 0.6066 -0.7801
vn -0.1640 0.4771 -0.8634
vn 0.9143 0.3423 -0.2165
vn -0.2895 0.9371 0.1950
vn -0.2173 0.9678 0.1272
vn -0.3438 0.9313 0.1208
vn -0.9756 -0.0276 -0.2180
vn 0.3281 0.9252 0.1905
vn -0.2132 0.9749 -0.0649
vn -0.1315 0.9806 0.1455
vn -0.2389 0.6580 0.7142
vn -0.4670 0.4839 0.7401
vn -0.9896 -0.1250 -0.0705
vn -0.7626 -0.5797 -0.2871
vn 0.1416 -0.3316 -0.9327
vn 0.2142 -0.4770 -0.8524
vn 0.8023 0.2573 0.5387
vn 0.7418 0.6539 0.1488
vn 0.3472 0.6167 0.7064
vn -0.0281 0.4713 0.8815
vn 0.0736 0.3148 -0.9463
vn -0.9768 -0.1884 -0.1020
vn 0.0758 0.5604 0.8247
vn 0.0460 0.4941 -0.8682
vn 0.2211 0.2151 -0.9512
vn 0.1206 0.8844 -0.4508
vn -0.3641 0.4836 -0.7960
vn 0.0050 0.5871 -0.8095
vn -0.0907 0.9958 -0.0082
vn -0.3363 -0.4813 -0.8094
vn -0.4424 0.1377 -0.8862
vn -0.7265 0.2141 -0.6530
vn -0.6195 -0.7181 -0.3171
vn -0.9878 -0.0569 -0.1449
vn -0.0060 0.1521 0.9883
vn -0.0060 0.1521 0.9884
vn -0.0073 0.1464 0.9892
vn 0.3032 0.0678 0.9505
vn 0.9727 0.2126 -0.0932
vn 0.4139 0.5744 -0.7062
vn -0.2790 0.6080 -0.7433
vn 0.0928 0.9184 -0.3845
vn 0.1042 0.5419 -0.8340
vn 0.1553 0.0262 -0.9875
vn -0.0253 0.7653 -0.6432
vn 0.0656 0.7837 -0.6177
vn -0.0499 0.9987 -0.0129
vn -0.0538 0.8596 0.5082
vn -0.2792 -0.0096 -0.9602
vn -0.4701 0.5344 -0.7025
vn -0.8282 0.5281 0.1875
vn -0.4690 -0.8754 0.1169
vn -0.8522 -0.0097 0.5232
vn -0.4834 -0.1065 -0.8689
vn -0.0123 0.7839 -0.6207
vn 0.1622 0.9282 -0.3349
vn -0.3427 0.5924 -0.7291
vn -0.3410 0.8825 -0.3241
vn 0.6437 0.7004 0.3084
vn -0.2919 0.4777 -0.8286
vn -0.3057 0.5050 -0.8071
vn -0.3300 0.4373 -0.8366
vn 0.0392 0.3203 -0.9465
vn 0.0320 0.3712 -0.9280
vn 0.0349 0.7249 0.6880
vn -0.0901 0.4841 0.8704
vn 0.1435 0.6485 0.7476
vn 0.2643 0.9408 0.2123
vn -0.0171 0.5904 -0.8070
vn -0.0497 0.5678 -0.8216
vn -0.6418 0.0417 0.7658
vn -0.1065 0.5942 0.7973
vn -0.2135 0.0888 -0.9729
vn 0.0766 0.5965 0.7989
vn -0.0674 0.3342 0.9401
vn -0.4149 0.1786 0.8922
vn -0.4114 -0.3502 0.8415
vn -0.1099 0.9761 -0.1876
vn 0.0714 0.6730 -0.7362
vn -0.0015 0.4687 -0.8834
vn -0.4618 0.6305 -0.6239
vn -0.9816 -0.1907 0.0141
vn 0.6330 -0.3057 -0.7112
vn 0.6330 -0.3058 -0.7112
vn 0.6332 -0.3057 -0.7110
vn 0.2540 0.8002 -0.5433
vn 0.1307 0.8653 -0.4839
vn -0.6545 -0.0920 -0.7504
vn -0.5561 0.3772 -0.7406
vn 0.0971 0.0293 0.9948
vn -0.3183 0.5899 0.7421
vn -0.5946 0.7773 0.2057
vn -0.7581 -0.2523 0.6014
vn -0.9377 -0.1409 0.3176
vn -0.1174 0.8524 -0.5095
vn 0.3935 -0.9182 0.0451
vn -0.3953 -0.4639 0.7928
vn -0.7602 -0.3806 -0.5265
vn -0.7360 0.5763 -0.3552
vn -0.5313 0.2639 -0.8051
vn -0.9936 0.0032 -0.1126
vn -0.3489 0.3281 -0.8778
vn 0.8632 0.4171 -0.2844
vn -0.3603 0.0659 0.9305
vn 0.1182 0.2150 0.9694
vn -0.3054 -0.9518 0.0288
vn -0.3745 0.8669 -0.3291
vn -0.1408 0.7969 -0.5875
vn 0.7176 -0.4199 -0.5556
vn 0.0201 0.9626 -0.2701
vn -0.8570 -0.3585 0.3702
vn -0.8202 -0.5614 0.1104
vn 0.5659 0.2019 -0.7994
vn -0.1315 0.9075 -0.3988
vn 0.2753 0.9577 -0.0837
vn 0.7747 0.5938 -0.2171
vn 0.0726 0.4536 -0.8882
vt 0.203613 0.772461
vt 0.203003 0.774780
vt 0.202271 0.771973
vt 0.170410 0.610840
vt 0.170166 0.611816
vt 0.169189 0.611572
vt 0.171631 0.611328
vt 0.827637 0.077148
vt 0.829102 0.077148
vt 0.828613 0.077637
vt 0.829590 0.078125
vt 0.830566 0.077637
vt 0.831055 0.076172
vt 0.991699 0.926086
vt 0.995605 0.927246
vt 0.991699 0.927246
vt 0.214478 0.808350
vt 0.211792 0.805908
vt 0.212891 0.804932
vt 0.214355 0.802979
vt 0.215332 0.803711
vt 0.991699 0.853394
vt 0.995605 0.852173
vt 0.995605 0.853394
vt 0.991699 0.852173
vt 0.966309 0.188477
vt 0.970703 0.188477
vt 0.966309 0.191406
vt 0.000000 0.000000
s 1
usemtl mike4_v31_body.010
f 218/99/92 217/100/93 219/101/94
f 225/102/95 226/103/96 227/104/97
f 224/105/98 226/103/96 225/102/95
f 228/106/99 230/107/100 229/108/101
f 229/108/101 230/107/100 231/109/102
f 231/109/102 230/107/100 232/110/103
f 230/107/100 223/111/100 232/110/103
f 232/112/104 233/113/105 231/114/106
f 234/115/107 212/116/108 236/117/109
f 236/117/110 237/118/111 233/119/112
f 229/120/113 233/121/114 237/122/115
f 229/120/113 231/123/116 233/121/117
usemtl mike4_v31_body.011
f 290/124/118 291/125/119 292/126/120
usemtl wpn_p01_ar_mike4_cablebig_v35.003
f 313/127/121 314/127/121 315/127/121
f 316/127/122 317/127/122 313/127/122
f 318/127/123 319/127/123 320/127/123
f 321/127/124 320/127/125 319/127/126
f 319/127/126 322/127/127 321/127/124
f 323/127/128 324/127/128 325/127/128
f 325/127/129 326/127/129 323/127/129
f 327/127/130 328/127/130 329/127/130
f 330/127/131 329/127/131 331/127/131
f 332/127/132 333/127/132 334/127/132
f 334/127/133 335/127/133 332/127/133
f 336/127/134 337/127/134 338/127/134
f 337/127/135 336/127/135 339/127/135
f 340/127/136 341/127/136 342/127/136
f 343/127/137 341/127/137 344/127/138
f 345/127/139 343/127/137 344/127/138
f 346/127/140 347/127/140 348/127/140
f 349/127/141 350/127/141 351/127/141
f 352/127/142 353/127/142 354/127/142
f 352/127/143 348/127/143 347/127/143
f 355/127/144 356/127/145 357/127/146
f 355/127/144 358/127/147 356/127/145
f 357/127/148 356/127/148 359/127/148
f 360/127/149 361/127/149 362/127/149
f 363/127/150 321/127/151 364/127/151
f 363/127/150 364/127/151 365/127/152
f 366/127/153 367/127/153 368/127/153
f 366/127/154 369/127/154 370/127/154
f 371/127/155 351/127/155 350/127/155
f 372/127/156 350/127/156 373/127/156
f 374/127/157 375/127/157 376/127/157
f 377/127/158 378/127/158 379/127/158
f 315/127/159 314/127/159 380/127/159
f 381/127/160 316/127/160 382/127/160
f 383/127/161 384/127/161 385/127/161
f 337/127/162 386/127/162 387/127/162
f 388/127/163 389/127/163 390/127/163
f 384/127/164 391/127/164 392/127/164
f 329/127/165 328/127/165 331/127/165
f 327/127/166 393/127/166 394/127/166
f 395/127/167 396/127/167 397/127/167
f 398/127/168 399/127/168 396/127/168
f 400/127/169 401/127/169 402/127/169
f 403/127/170 404/127/170 405/127/170
f 406/127/171 322/127/172 407/127/173
f 319/127/174 407/127/173 322/127/172
f 408/127/175 319/127/175 318/127/175
f 409/127/176 410/127/176 411/127/176
f 412/127/177 413/127/177 414/127/177
f 415/127/178 333/127/178 332/127/178
f 416/127/179 417/127/179 418/127/179
f 419/127/180 417/127/180 420/127/180
f 415/127/181 421/127/181 422/127/181
f 423/127/182 424/127/182 425/127/182
f 425/127/183 424/127/183 426/127/183
f 427/127/184 428/127/185 429/127/184
f 430/127/186 429/127/184 428/127/185
f 431/127/187 428/127/187 427/127/187
f 432/127/188 433/127/188 434/127/188
f 435/127/189 436/127/189 437/127/189
f 438/127/190 439/127/190 440/127/190
f 441/127/191 442/127/191 443/127/191
f 444/127/192 445/127/192 446/127/192
f 444/127/193 447/127/193 448/127/193
f 449/127/194 450/127/194 451/127/194
f 452/127/195 453/127/195 454/127/195
f 455/127/196 456/127/196 443/127/196
f 457/127/197 426/127/197 458/127/197
f 458/127/198 435/127/198 457/127/198
f 459/127/199 460/127/199 461/127/199
f 382/127/200 462/127/200 463/127/200
f 464/127/201 465/127/201 313/127/201
f 323/127/202 326/127/202 466/127/202
f 347/127/203 346/127/203 467/127/203
f 324/127/204 468/127/204 469/127/204
f 470/127/205 467/127/205 471/127/205
f 472/127/206 473/127/206 474/127/206
f 475/127/207 476/127/207 477/127/208
f 472/127/209 476/127/207 475/127/207
f 474/127/210 473/127/210 478/127/210
f 477/127/211 476/127/211 479/127/211
f 480/127/212 481/127/212 482/127/213
f 482/127/213 439/127/214 480/127/212
f 483/127/215 484/127/215 485/127/215
f 486/127/216 481/127/216 480/127/216
f 483/127/217 487/127/217 484/127/217
f 488/127/218 489/127/218 490/127/218
f 334/127/219 333/127/220 491/127/221
f 491/127/221 330/127/222 334/127/219
f 492/127/223 370/127/223 369/127/223
f 361/127/224 360/127/225 368/127/226
f 361/127/224 368/127/226 493/127/227
f 494/127/228 495/127/229 485/127/230
f 494/127/228 485/127/230 496/127/231
f 497/127/232 498/127/232 499/127/232
f 487/127/233 483/127/233 500/127/233
f 501/127/234 392/127/234 500/127/234
f 502/127/235 503/127/235 504/127/235
f 502/127/236 505/127/236 503/127/236
f 506/127/237 507/127/238 508/127/239
f 508/127/239 507/127/238 509/127/240
f 507/127/241 506/127/241 510/127/241
f 511/127/242 510/127/242 509/127/242
f 511/127/243 507/127/243 510/127/243
f 512/127/244 513/127/245 514/127/244
f 515/127/246 513/127/246 516/127/246
f 517/127/247 518/127/247 519/127/247
f 520/127/248 521/127/248 522/127/248
f 419/127/249 519/127/249 518/127/249
f 420/127/250 417/127/250 522/127/250
f 523/127/251 524/127/251 525/127/251
f 526/127/252 524/127/252 523/127/252
f 527/127/253 396/127/253 399/127/253
f 397/127/254 528/127/255 529/127/256
f 397/127/254 396/127/257 528/127/255
f 530/127/258 528/127/258 531/127/258
f 528/127/259 530/127/259 532/127/259
f 533/127/260 534/127/260 535/127/260
f 536/127/261 533/127/261 535/127/261
f 537/127/262 538/127/262 539/127/262
f 540/127/263 536/127/263 539/127/263
f 342/127/264 341/127/264 343/127/264
f 345/127/265 344/127/265 541/127/265
f 542/127/266 543/127/266 544/127/266
f 545/127/267 546/127/267 547/127/267
f 551/127/268 545/127/268 547/127/268
f 552/127/269 542/127/269 553/127/269
f 554/127/270 555/127/270 517/127/270
f 556/127/271 557/127/271 558/127/271
f 559/127/272 560/127/272 561/127/272
f 562/127/273 560/127/273 563/127/273
f 564/127/274 565/127/274 566/127/274
f 566/127/275 565/127/275 567/127/275
f 536/127/276 568/127/276 533/127/276
f 569/127/277 540/127/277 570/127/277
f 571/127/278 572/127/278 573/127/278
f 574/127/279 571/127/279 573/127/279
f 575/127/280 374/127/280 576/127/280
f 575/127/281 577/127/281 578/127/281
f 579/127/282 580/127/282 581/127/282
f 582/127/283 583/127/283 584/127/283
f 585/127/284 586/127/284 587/127/284
f 379/127/285 588/127/285 589/127/285
f 590/127/286 591/127/286 592/127/286
f 593/127/287 590/127/287 395/127/287
f 594/127/288 506/127/288 508/127/288
f 594/127/289 595/127/289 398/127/289
f 596/127/290 597/127/290 598/127/290
f 599/127/291 600/127/291 601/127/291
f 599/127/292 596/127/292 602/127/292
f 600/127/293 603/127/293 604/127/293
f 318/127/294 320/127/294 362/127/294
f 605/127/295 606/127/295 364/127/295
f 407/127/296 586/127/296 406/127/296
f 408/127/297 586/127/297 407/127/297
f 607/127/298 608/127/298 609/127/298
f 610/127/299 608/127/300 611/127/301
f 612/127/302 613/127/302 614/127/302
f 615/127/303 613/127/303 616/127/303
f 617/127/304 613/127/304 615/127/304
f 516/127/305 513/127/305 512/127/305
f 618/127/306 619/127/307 620/127/306
f 621/127/308 619/127/307 618/127/306
f 622/127/309 623/127/309 624/127/309
f 625/127/310 626/127/310 623/127/310
f 627/127/311 618/127/311 620/127/311
f 468/127/312 324/127/312 323/127/312
f 352/127/313 347/127/313 628/127/313
f 629/127/314 630/127/314 631/127/314
f 630/127/315 632/127/315 631/127/315
f 633/127/316 634/127/317 635/127/318
f 633/127/316 635/127/318 446/127/319
f 388/127/320 337/127/320 389/127/320
f 387/127/321 389/127/321 337/127/321
f 636/127/322 637/127/322 638/127/322
f 637/127/323 639/127/324 640/127/324
f 640/127/324 639/127/324 641/127/325
f 642/127/326 567/127/326 565/127/326
f 643/127/327 644/127/327 645/127/327
f 646/127/328 565/127/328 564/127/328
f 645/127/329 644/127/329 647/127/329
f 648/127/330 577/127/330 649/127/330
f 649/127/330 650/127/331 648/127/330
f 370/127/332 367/127/332 366/127/332
f 575/127/333 649/127/333 577/127/333
f 651/127/334 572/127/334 571/127/334
f 332/127/335 335/127/335 652/127/335
f 421/127/336 415/127/336 653/127/336
f 410/127/337 654/127/337 655/127/337
f 413/127/338 340/127/338 414/127/338
f 656/127/339 657/127/339 576/127/339
f 588/127/340 379/127/340 656/127/340
f 658/127/341 659/127/341 660/127/341
f 661/127/342 662/127/342 663/127/342
f 664/127/343 470/127/343 471/127/343
f 349/127/344 351/127/344 665/127/344
f 353/127/345 666/127/345 372/127/345
f 503/127/346 505/127/346 667/127/346
f 667/127/347 668/127/347 371/127/347
f 669/127/348 504/127/348 503/127/348
f 670/127/349 671/127/349 672/127/349
f 673/127/350 674/127/350 570/127/350
f 537/127/351 674/127/351 538/127/351
f 675/127/352 676/127/352 677/127/352
f 678/127/353 679/127/353 680/127/353
f 681/127/354 678/127/354 682/127/354
f 683/127/355 684/127/355 677/127/355
f 685/127/356 463/127/357 686/127/357
f 685/127/356 687/127/358 463/127/357
f 464/127/359 688/127/359 687/127/359
f 324/127/360 469/127/360 462/127/360
f 313/127/361 465/127/362 462/127/362
f 313/127/361 462/127/362 382/127/363
f 437/127/364 457/127/364 435/127/364
f 459/127/365 461/127/365 689/127/365
f 689/127/365 437/127/366 459/127/365
f 524/127/367 690/127/368 525/127/368
f 691/127/369 524/127/369 692/127/369
f 693/127/370 694/127/370 695/127/370
f 695/127/371 694/127/371 696/127/371
f 697/127/372 698/127/372 431/127/372
f 699/127/373 700/127/373 701/127/373
f 702/127/374 703/127/374 699/127/374
f 702/127/375 704/127/375 705/127/375
f 706/127/376 704/127/376 701/127/376
f 331/127/377 328/127/377 707/127/377
f 393/127/378 708/127/378 394/127/378
f 387/127/379 391/127/379 384/127/379
f 709/127/380 391/127/380 710/127/380
f 330/127/381 331/127/381 711/127/381
f 327/127/382 329/127/382 490/127/382
f 712/127/383 713/127/383 714/127/383
f 715/127/384 714/127/384 713/127/384
f 716/127/385 717/127/385 718/127/385
f 719/127/386 720/127/386 721/127/386
f 716/127/387 718/127/387 722/127/387
f 723/127/388 720/127/388 724/127/388
f 368/127/389 360/127/389 366/127/389
f 365/127/390 366/127/390 725/127/390
f 641/127/391 639/127/392 726/127/392
f 726/127/392 639/127/392 638/127/393
f 313/127/394 317/127/394 314/127/394
f 727/127/395 380/127/395 728/127/395
f 729/127/396 727/127/396 728/127/396
f 317/127/397 504/127/397 314/127/397
f 730/127/398 731/127/398 732/127/398
f 733/127/399 732/127/399 731/127/399
f 434/127/400 734/127/400 432/127/400
f 734/127/401 486/127/401 480/127/401
f 480/127/402 439/127/402 735/127/402
f 403/127/403 513/127/403 515/127/403
f 514/127/404 513/127/404 736/127/404
f 737/127/405 401/127/405 400/127/405
f 403/127/406 401/127/406 737/127/406
f 584/127/407 587/127/407 379/127/407
f 375/127/408 587/127/408 376/127/408
f 509/127/409 740/127/409 358/127/409
f 511/127/410 740/127/410 507/127/410
f 741/127/411 742/127/411 743/127/411
f 744/127/412 745/127/412 638/127/412
f 636/127/413 744/127/413 637/127/413
f 745/127/414 743/127/414 746/127/414
f 705/127/415 427/127/415 429/127/415
f 704/127/416 747/127/416 705/127/416
f 431/127/417 427/127/417 703/127/417
f 703/127/418 747/127/418 748/127/418
f 607/127/419 749/127/419 451/127/419
f 454/127/420 449/127/420 451/127/420
f 611/127/421 750/127/421 454/127/421
f 750/127/422 452/127/422 454/127/422
f 481/127/423 751/127/423 752/127/423
f 710/127/424 753/127/424 338/127/424
f 754/127/425 755/127/425 700/127/425
f 339/127/426 336/127/426 706/127/426
f 336/127/427 704/127/427 706/127/427
f 756/127/428 754/127/428 700/127/428
f 699/127/429 756/127/429 700/127/429
f 411/127/430 634/127/430 409/127/430
f 757/127/431 635/127/431 634/127/431
f 632/127/432 412/127/432 631/127/432
f 632/127/433 413/127/433 412/127/433
f 758/127/434 694/127/434 693/127/434
f 759/127/435 760/127/435 696/127/435
f 364/127/436 321/127/436 761/127/436
f 322/127/437 406/127/437 761/127/437
f 594/127/438 395/127/438 592/127/438
f 590/127/439 592/127/439 395/127/439
f 762/127/440 763/127/440 764/127/440
f 764/127/441 562/127/441 563/127/441
f 765/127/442 763/127/442 766/127/442
f 561/127/443 560/127/443 562/127/443
f 769/127/444 770/127/444 767/127/444
f 771/127/445 666/127/446 353/127/447
f 771/127/445 668/127/448 666/127/446
f 772/127/449 371/127/449 771/127/449
f 486/127/450 773/127/450 774/127/450
f 751/127/451 486/127/451 774/127/451
f 775/127/452 763/127/452 762/127/452
f 766/127/453 763/127/453 775/127/453
f 658/127/454 775/127/454 762/127/454
f 662/127/455 660/127/455 659/127/455
f 776/127/456 554/127/456 556/127/456
f 776/127/457 556/127/457 553/127/457
f 777/127/458 778/127/458 653/127/458
f 421/127/459 653/127/459 779/127/459
f 780/127/460 781/127/461 782/127/462
f 783/127/463 782/127/462 781/127/461
f 614/127/464 613/127/464 617/127/465
f 612/127/466 614/127/466 782/127/466
f 784/127/467 785/127/468 780/127/467
f 781/127/469 780/127/467 785/127/468
f 780/127/467 614/127/470 784/127/467
f 422/127/471 421/127/471 489/127/471
f 422/127/471 489/127/471 488/127/472
f 434/127/473 433/127/473 455/127/473
f 442/127/474 438/127/474 440/127/474
f 626/127/475 786/127/475 787/127/475
f 788/127/476 789/127/476 624/127/476
f 624/127/477 623/127/477 788/127/477
f 789/127/478 788/127/478 790/127/478
f 602/127/479 791/127/479 792/127/479
f 791/127/480 793/127/480 794/127/480
f 598/127/481 795/127/481 796/127/481
f 797/127/482 798/127/482 791/127/482
f 785/127/483 782/127/483 783/127/483
f 781/127/484 799/127/484 800/127/484
f 801/127/485 799/127/485 781/127/485
f 478/127/486 789/127/486 790/127/486
f 472/127/487 802/127/488 479/127/489
f 478/127/490 802/127/488 472/127/487
f 472/127/491 789/127/491 478/127/491
f 803/127/492 804/127/492 805/127/492
f 806/127/493 807/127/493 804/127/493
f 708/127/494 808/127/494 394/127/494
f 328/127/495 809/127/495 810/127/495
f 461/127/496 811/127/496 689/127/496
f 812/127/497 425/127/497 426/127/497
f 813/127/498 814/127/498 499/127/498
f 501/127/499 385/127/499 392/127/499
f 392/127/500 385/127/500 384/127/500
f 814/127/501 497/127/501 499/127/501
f 385/127/502 501/127/502 815/127/502
f 815/127/503 483/127/503 485/127/503
f 681/127/504 679/127/504 678/127/504
f 816/127/505 817/127/505 818/127/505
f 679/127/506 819/127/506 680/127/506
f 820/127/507 818/127/507 817/127/507
f 359/127/508 740/127/508 511/127/508
f 477/127/509 821/127/509 822/127/509
f 821/127/510 823/127/510 479/127/510
f 438/127/511 436/127/511 824/127/511
f 441/127/512 438/127/512 442/127/512
f 825/127/513 316/127/513 381/127/513
f 316/127/514 825/127/514 727/127/514
f 828/127/515 826/127/515 829/127/515
f 830/127/516 831/127/517 832/127/518
f 830/127/516 832/127/518 833/127/519
f 828/127/520 832/127/520 831/127/520
f 541/127/521 655/127/521 834/127/521
f 654/127/522 834/127/522 655/127/522
f 352/127/523 354/127/523 835/127/523
f 349/127/524 835/127/524 350/127/524
f 552/127/525 547/127/525 546/127/525
f 398/127/526 595/127/526 836/127/526
f 593/127/527 395/127/527 397/127/527
f 461/127/528 460/127/528 424/127/528
f 424/127/529 460/127/529 426/127/529
f 837/127/530 406/127/530 838/127/530
f 408/127/531 839/127/531 840/127/531
f 841/127/532 799/127/532 842/127/532
f 800/127/533 799/127/533 841/127/533
f 843/127/534 799/127/534 844/127/534
f 844/127/535 799/127/535 801/127/535
f 722/127/536 718/127/536 845/127/536
f 846/127/537 847/127/537 848/127/538
f 849/127/539 718/127/539 717/127/539
f 848/127/540 847/127/540 845/127/540
f 850/127/541 851/127/541 852/127/541
f 853/127/542 854/127/542 852/127/542
f 851/127/543 855/127/543 852/127/543
f 856/127/544 854/127/544 857/127/544
f 671/127/545 670/127/545 858/127/545
f 861/127/546 862/127/546 568/127/546
f 862/127/547 863/127/547 570/127/547
f 615/127/548 612/127/548 617/127/548
f 516/127/549 613/127/549 612/127/549
f 579/127/550 576/127/550 374/127/550
f 588/127/551 579/127/551 589/127/551
f 864/127/552 865/127/552 866/127/552
f 867/127/553 866/127/553 865/127/553
f 539/127/554 445/127/554 537/127/554
f 537/127/555 445/127/555 444/127/555
f 868/127/556 447/127/556 445/127/556
f 868/127/557 445/127/557 535/127/557
f 869/127/558 663/127/558 870/127/558
f 663/127/559 662/127/559 659/127/559
f 661/127/560 871/127/560 659/127/561
f 871/127/562 872/127/562 659/127/562
f 873/127/563 664/127/563 471/127/563
f 353/127/564 874/127/565 873/127/566
f 874/127/565 664/127/567 873/127/566
f 742/127/568 720/127/569 719/127/570
f 742/127/568 719/127/570 746/127/571
f 746/127/572 724/127/572 741/127/572
f 723/127/573 724/127/573 719/127/573
f 746/127/574 743/127/574 742/127/574
f 603/127/575 450/127/575 449/127/575
f 452/127/576 599/127/576 601/127/576
f 564/127/577 566/127/577 875/127/577
f 715/127/578 566/127/578 876/127/578
f 876/127/579 566/127/579 567/127/579
f 875/127/580 713/127/580 877/127/580
f 531/127/581 532/127/581 878/127/581
f 759/127/582 879/127/582 760/127/582
f 758/127/583 879/127/583 694/127/583
f 586/127/584 838/127/584 406/127/584
f 880/127/585 881/127/585 583/127/585
f 882/127/586 880/127/586 583/127/586
f 838/127/587 586/127/587 585/127/587
f 369/127/588 493/127/588 492/127/588
f 648/127/589 368/127/589 577/127/589
f 883/127/590 884/127/590 885/127/590
f 885/127/591 884/127/591 886/127/591
f 526/127/592 523/127/592 887/127/592
f 523/127/593 525/127/593 888/127/593
f 619/127/594 889/127/594 890/127/594
f 891/127/595 678/127/595 680/127/595
f 682/127/596 678/127/596 677/127/596
f 522/127/597 417/127/597 416/127/597
f 518/127/598 777/127/598 419/127/598
f 686/127/599 892/127/599 685/127/599
f 462/127/600 469/127/600 892/127/600
f 893/127/601 894/127/601 895/127/601
f 896/127/602 894/127/602 893/127/602
f 895/127/603 897/127/603 898/127/603
f 897/127/604 896/127/604 899/127/604
f 900/127/605 494/127/605 496/127/605
f 486/127/606 901/127/606 481/127/606
f 376/127/607 587/127/607 580/127/607
f 587/127/608 880/127/608 882/127/608
f 587/127/608 586/127/609 880/127/608
f 902/127/610 703/127/611 903/127/612
f 903/127/612 703/127/611 904/127/613
f 905/127/614 902/127/614 903/127/614
f 420/127/615 557/127/615 419/127/615
f 557/127/616 521/127/616 558/127/616
f 505/127/617 911/127/617 912/127/617
f 911/127/618 729/127/618 728/127/618
f 576/127/619 657/127/619 913/127/619
f 657/127/620 649/127/620 913/127/620
f 547/127/621 552/127/622 520/127/623
f 547/127/621 520/127/623 522/127/624
f 825/127/625 381/127/625 687/127/625
f 915/127/626 859/127/626 916/127/626
f 915/127/627 917/127/627 918/127/627
f 638/127/628 639/127/628 744/127/628
f 744/127/629 639/127/629 637/127/629
f 390/127/630 391/127/630 709/127/630
f 383/127/631 814/127/631 813/127/631
f 627/127/632 786/127/632 618/127/632
f 786/127/633 626/127/634 625/127/633
f 625/127/633 618/127/635 786/127/633
f 369/127/636 366/127/636 365/127/636
f 919/127/637 361/127/637 920/127/637
f 921/127/638 922/127/638 323/127/638
f 664/127/639 628/127/639 922/127/639
f 365/127/640 725/127/640 320/127/640
f 320/127/641 725/127/641 923/127/641
f 413/127/642 341/127/642 340/127/642
f 341/127/643 410/127/643 344/127/643
f 437/127/644 441/127/644 443/127/644
f 459/127/645 924/127/645 460/127/645
f 606/127/646 605/127/646 362/127/646
f 362/127/647 361/127/647 919/127/647
f 353/127/648 772/127/648 771/127/648
f 353/127/649 665/127/649 772/127/649
f 721/127/650 716/127/650 722/127/650
f 717/127/651 716/127/651 723/127/651
f 840/127/652 839/127/652 761/127/652
f 362/127/653 605/127/653 318/127/653
f 770/127/654 769/127/654 925/127/654
f 926/127/655 770/127/655 925/127/655
f 927/127/656 768/127/656 928/127/656
f 929/127/657 804/127/658 803/127/659
f 930/127/660 804/127/658 929/127/657
f 931/127/661 930/127/661 929/127/661
f 932/127/662 930/127/662 933/127/663
f 806/127/664 930/127/664 932/127/664
f 934/127/665 935/127/665 707/127/665
f 936/127/666 935/127/666 393/127/666
f 447/127/667 937/127/667 445/127/667
f 937/127/668 629/127/668 938/127/668
f 912/127/669 911/127/669 669/127/669
f 666/127/670 668/127/670 667/127/670
f 544/127/671 340/127/671 342/127/671
f 544/127/672 545/127/672 939/127/672
f 643/127/673 645/127/673 940/127/673
f 733/127/674 940/127/674 732/127/674
f 645/127/675 647/127/675 940/127/675
f 943/127/676 335/127/676 334/127/676
f 330/127/677 944/127/677 943/127/677
f 569/127/678 536/127/678 540/127/678
f 945/127/679 861/127/679 863/127/679
f 789/127/680 472/127/680 946/127/680
f 734/127/681 773/127/681 486/127/681
f 947/127/682 439/127/682 752/127/682
f 948/127/683 866/127/683 867/127/683
f 949/127/684 950/127/684 951/127/684
f 952/127/685 949/127/685 948/127/685
f 951/127/686 953/127/686 866/127/686
f 677/127/687 684/127/687 675/127/687
f 684/127/688 683/127/688 954/127/688
f 572/127/689 649/127/689 573/127/689
f 370/127/690 492/127/690 650/127/690
f 642/127/691 646/127/691 564/127/691
f 643/127/692 942/127/692 647/127/692
f 747/127/693 704/127/693 748/127/693
f 748/127/694 704/127/694 756/127/694
f 498/127/695 495/127/695 955/127/695
f 900/127/696 500/127/696 955/127/696
f 669/127/697 503/127/697 372/127/697
f 371/127/698 503/127/698 667/127/698
f 444/127/699 446/127/699 635/127/699
f 444/127/700 630/127/700 629/127/700
f 442/127/701 455/127/701 443/127/701
f 434/127/702 455/127/703 442/127/704
f 440/127/705 434/127/702 442/127/704
f 878/127/706 532/127/706 530/127/706
f 956/127/707 530/127/707 957/127/707
f 958/127/708 530/127/708 531/127/708
f 957/127/709 530/127/709 958/127/709
f 794/127/710 959/127/710 960/127/710
f 798/127/711 959/127/711 794/127/711
f 961/127/712 797/127/712 962/127/712
f 797/127/713 791/127/713 962/127/713
f 892/127/714 469/127/714 466/127/714
f 470/127/715 921/127/715 467/127/715
f 857/127/716 963/127/716 856/127/716
f 964/127/717 853/127/717 965/127/717
f 950/127/718 963/127/718 964/127/718
f 854/127/719 853/127/719 857/127/719
f 730/127/720 966/127/720 731/127/720
f 967/127/721 968/127/721 966/127/721
f 967/127/722 969/127/722 968/127/722
f 939/127/723 545/127/723 551/127/723
f 553/127/724 542/127/724 776/127/724
f 690/127/725 691/127/725 692/127/725
f 696/127/726 690/127/726 695/127/726
f 452/127/727 601/127/727 453/127/727
f 604/127/728 603/127/728 449/127/728
f 970/127/729 971/127/729 972/127/729
f 973/127/730 974/127/730 972/127/730
f 975/127/731 970/127/731 976/127/731
f 976/127/732 970/127/732 977/127/732
f 895/127/733 978/127/733 893/127/733
f 893/127/734 978/127/734 979/127/734
f 893/127/735 980/127/735 896/127/735
f 893/127/736 981/127/736 980/127/736
f 451/127/737 608/127/738 607/127/739
f 451/127/737 750/127/740 608/127/738
f 450/127/741 750/127/741 451/127/741
f 611/127/742 608/127/742 750/127/742
f 386/127/743 753/127/743 710/127/743
f 339/127/744 706/127/744 755/127/744
f 982/127/745 983/127/745 984/127/745
f 985/127/746 983/127/746 986/127/746
f 987/127/747 988/127/747 985/127/747
f 989/127/748 984/127/748 988/127/748
f 402/127/749 401/127/749 549/127/749
f 447/127/750 868/127/750 448/127/750
f 534/127/751 674/127/751 537/127/751
f 877/127/752 715/127/752 875/127/752
f 990/127/753 715/127/753 712/127/753
f 430/127/754 991/127/754 992/127/754
f 697/127/755 993/127/755 698/127/755
f 946/127/756 624/127/756 789/127/756
f 474/127/757 946/127/757 472/127/757
f 994/127/758 995/127/759 996/127/760
f 996/127/760 641/127/761 994/127/758
f 640/127/762 641/127/763 997/127/762
f 726/127/764 994/127/764 641/127/764
f 997/127/765 996/127/765 998/127/765
f 999/127/766 851/127/766 850/127/766
f 1000/127/767 855/127/767 851/127/767
f 393/127/768 327/127/768 936/127/768
f 944/127/769 327/127/769 490/127/769
f 727/127/770 317/127/770 316/127/770
f 727/127/771 729/127/771 502/127/771
f 812/127/772 811/127/772 423/127/772
f 423/127/773 1001/127/773 812/127/773
f 546/127/774 345/127/774 543/127/774
f 543/127/775 345/127/775 544/127/775
f 703/127/776 702/127/776 904/127/776
f 762/127/777 1002/127/777 765/127/777
f 1002/127/778 563/127/778 561/127/778
f 1003/127/779 1004/127/779 1005/127/779
f 1006/127/780 1007/127/780 1005/127/780
f 1005/127/781 1007/127/781 1008/127/781
f 1009/127/782 1010/127/782 1007/127/782
f 779/127/783 332/127/783 652/127/783
f 416/127/784 418/127/784 778/127/784
f 617/127/785 612/127/785 782/127/785
f 782/127/786 785/127/786 784/127/786
f 980/127/787 981/127/787 982/127/787
f 981/127/788 983/127/788 982/127/788
f 989/127/789 979/127/789 978/127/789
f 989/127/790 988/127/790 981/127/790
f 1011/127/791 987/127/791 985/127/791
f 1012/127/792 987/127/792 1011/127/792
f 986/127/793 1011/127/793 985/127/793
f 986/127/794 1012/127/794 1013/127/794
f 578/127/795 377/127/795 575/127/795
f 377/127/796 578/127/796 378/127/796
f 568/127/797 862/127/797 570/127/797
f 533/127/798 568/127/798 570/127/798
f 1014/127/799 1003/127/799 1015/127/799
f 1015/127/800 1016/127/800 1014/127/800
f 1017/127/801 1014/127/801 1018/127/801
f 1018/127/802 1014/127/802 975/127/802
f 677/127/803 678/127/803 683/127/803
f 676/127/804 678/127/804 891/127/804
f 528/127/805 396/127/805 527/127/805
f 1019/127/806 609/127/806 1020/127/806
f 609/127/807 1019/127/807 607/127/807
f 765/127/808 766/127/808 762/127/808
f 762/127/809 766/127/810 658/127/810
f 658/127/810 766/127/810 662/127/811
f 619/127/812 1021/127/812 620/127/812
f 627/127/813 620/127/813 890/127/813
f 867/127/814 1022/127/814 1023/127/815
f 1022/127/816 1024/127/816 1023/127/816
f 864/127/817 1025/127/817 1022/127/817
f 1025/127/818 1024/127/818 1022/127/818
f 736/127/819 403/127/819 515/127/819
f 403/127/820 400/127/820 404/127/820
f 510/127/821 508/127/821 509/127/821
f 591/127/822 1026/127/822 508/127/822
f 361/127/823 493/127/823 369/127/823
f 361/127/824 369/127/824 920/127/824
f 1027/127/825 616/127/825 516/127/825
f 1027/127/826 516/127/826 612/127/826
f 417/127/827 415/127/827 418/127/827
f 653/127/828 415/127/828 417/127/828
f 346/127/829 348/127/829 1028/127/829
f 471/127/830 1028/127/830 873/127/830
f 621/127/831 889/127/831 619/127/832
f 889/127/831 621/127/831 623/127/833
f 623/127/834 622/127/834 889/127/834
f 899/127/835 1029/127/835 897/127/835
f 897/127/836 1029/127/836 898/127/836
f 998/127/837 817/127/837 816/127/837
f 996/127/838 995/127/838 817/127/838
f 817/127/839 995/127/839 820/127/839
f 998/127/840 996/127/840 817/127/840
f 909/127/841 908/127/841 842/127/841
f 799/127/842 909/127/842 842/127/842
f 843/127/843 909/127/843 799/127/843
f 589/127/844 584/127/844 379/127/844
f 589/127/845 582/127/845 584/127/845
f 824/127/846 480/127/846 735/127/846
f 480/127/847 824/127/847 734/127/847
f 1030/127/848 1031/127/848 1032/127/848
f 1030/127/849 1032/127/849 1033/127/849
f 847/127/850 1034/127/850 1032/127/850
f 1034/127/851 1033/127/851 1032/127/851
f 507/127/852 740/127/852 509/127/852
f 1035/127/853 1036/127/853 823/127/853
f 1037/127/854 1038/127/855 1035/127/856
f 1035/127/856 821/127/857 1037/127/854
f 814/127/858 385/127/858 815/127/858
f 385/127/859 814/127/859 383/127/859
f 409/127/860 634/127/860 412/127/860
f 1039/127/861 634/127/861 633/127/861
f 516/127/862 616/127/862 515/127/862
f 736/127/863 515/127/863 514/127/863
f 595/127/864 1026/127/864 590/127/864
f 1026/127/865 591/127/865 590/127/865
f 664/127/866 352/127/866 628/127/866
f 1020/127/867 1040/127/867 749/127/867
f 610/127/868 1040/127/868 1020/127/868
f 692/127/869 1041/127/869 690/127/869
f 526/127/870 887/127/871 1041/127/871
f 1041/127/871 887/127/871 888/127/872
f 828/127/873 829/127/873 827/127/873
f 830/127/874 833/127/874 828/127/874
f 907/127/875 843/127/875 908/127/875
f 408/127/876 840/127/876 881/127/876
f 408/127/877 881/127/877 880/127/877
f 474/127/878 787/127/878 946/127/878
f 790/127/879 626/127/879 787/127/879
f 816/127/880 679/127/880 681/127/880
f 819/127/881 818/127/881 820/127/881
f 1015/127/882 1003/127/882 1042/127/882
f 1042/127/883 1008/127/883 1004/127/883
f 1014/127/884 1017/127/884 1003/127/884
f 1017/127/885 1004/127/885 1003/127/885
f 926/127/886 1043/127/886 770/127/886
f 1044/127/887 1043/127/887 926/127/887
f 928/127/888 1045/127/888 926/127/888
f 928/127/889 926/127/889 1046/127/889
f 1047/127/890 1048/127/890 828/127/890
f 386/127/891 710/127/891 387/127/891
f 387/127/892 710/127/892 391/127/892
f 538/127/893 674/127/893 673/127/893
f 540/127/894 539/127/894 538/127/894
f 810/127/895 1049/127/895 1050/127/895
f 934/127/896 810/127/896 1050/127/896
f 905/127/897 697/127/897 902/127/897
f 430/127/898 992/127/898 697/127/898
f 413/127/899 632/127/899 411/127/899
f 757/127/900 411/127/899 632/127/899
f 632/127/901 630/127/901 757/127/901
f 468/127/902 323/127/902 628/127/902
f 323/127/903 922/127/903 628/127/903
f 938/127/904 1039/127/904 633/127/904
f 938/127/905 633/127/905 937/127/905
f 675/127/906 954/127/906 676/127/906
f 1051/127/907 675/127/907 684/127/907
f 555/127/908 518/127/908 517/127/908
f 777/127/909 518/127/909 522/127/909
f 792/127/910 793/127/910 602/127/910
f 794/127/911 793/127/911 798/127/911
f 603/127/912 597/127/912 450/127/912
f 598/127/913 597/127/913 603/127/913
f 359/127/914 358/127/914 1052/127/914
f 805/127/915 359/127/915 1052/127/915
f 836/127/916 593/127/916 397/127/916
f 527/127/917 836/127/918 397/127/919
f 527/127/920 397/127/921 529/127/922
f 396/127/923 395/127/923 398/127/923
f 398/127/924 395/127/925 594/127/926
f 687/127/927 685/127/927 464/127/927
f 685/127/928 326/127/928 464/127/928
f 390/127/929 389/127/929 1053/127/929
f 387/127/930 1053/127/930 389/127/930
f 886/127/931 1054/127/932 883/127/931
f 883/127/931 887/127/933 886/127/931
f 457/127/934 437/127/934 689/127/934
f 689/127/935 811/127/935 457/127/935
f 512/127/936 613/127/936 516/127/936
f 616/127/937 613/127/937 512/127/937
f 602/127/938 795/127/938 600/127/938
f 602/127/939 600/127/939 599/127/939
f 811/127/940 812/127/940 426/127/940
f 811/127/941 426/127/941 457/127/941
f 834/127/942 414/127/942 340/127/942
f 340/127/943 544/127/943 834/127/943
f 855/127/944 854/127/944 852/127/944
f 852/127/945 854/127/945 850/127/945
f 932/127/946 933/127/946 931/127/946
f 931/127/947 1055/127/947 930/127/947
f 338/127/948 709/127/948 710/127/948
f 337/127/949 388/127/949 338/127/949
f 822/127/950 475/127/950 477/127/950
f 473/127/951 822/127/951 802/127/951
f 380/127/952 314/127/952 1056/127/952
f 314/127/953 504/127/953 1056/127/953
f 330/127/954 491/127/954 329/127/954
f 329/127/955 491/127/955 490/127/955
f 1057/127/956 959/127/956 961/127/956
f 961/127/957 962/127/957 960/127/957
f 574/127/958 573/127/958 656/127/958
f 379/127/959 378/127/959 656/127/959
f 1058/127/960 503/127/960 371/127/960
f 371/127/961 350/127/961 1058/127/961
f 751/127/962 481/127/962 496/127/962
f 481/127/963 901/127/963 496/127/963
f 949/127/964 965/127/964 950/127/964
f 950/127/965 952/127/966 948/127/967
f 951/127/968 950/127/965 948/127/967
f 950/127/969 964/127/969 952/127/969
f 950/127/970 965/127/970 963/127/970
f 805/127/971 357/127/971 359/127/971
f 805/127/972 804/127/972 357/127/972
f 1052/127/973 807/127/973 805/127/973
f 807/127/974 806/127/974 805/127/974
f 1005/127/975 1010/127/975 1006/127/975
f 1010/127/976 1005/127/976 1004/127/976
f 496/127/977 485/127/977 751/127/977
f 484/127/978 751/127/978 485/127/978
f 654/127/979 414/127/979 834/127/979
f 412/127/980 414/127/980 409/127/980
f 439/127/981 734/127/981 434/127/981
f 734/127/982 439/127/982 947/127/982
f 942/127/983 645/127/983 941/127/983
f 347/127/984 468/127/984 628/127/984
f 467/127/985 468/127/985 347/127/985
f 1037/127/986 821/127/986 477/127/986
f 823/127/987 477/127/987 479/127/987
f 394/127/988 809/127/988 328/127/988
f 394/127/989 328/127/989 327/127/989
f 561/127/990 563/127/990 559/127/990
f 364/127/991 761/127/991 605/127/991
f 839/127/992 605/127/992 761/127/992
f 699/127/993 701/127/993 702/127/993
f 704/127/994 702/127/994 701/127/994
f 376/127/995 580/127/995 579/127/995
f 374/127/996 376/127/996 579/127/996
f 845/127/997 1031/127/997 846/127/997
f 722/127/998 845/127/998 849/127/998
f 315/127/999 380/127/999 825/127/999
f 727/127/1000 825/127/1000 380/127/1000
f 651/127/1001 578/127/1001 577/127/1001
f 577/127/1002 368/127/1002 367/127/1002
f 953/127/1003 951/127/1004 867/127/1004
f 867/127/1005 1025/127/1005 953/127/1005
f 1030/127/1006 847/127/1006 1031/127/1006
f 1031/127/1007 847/127/1007 846/127/1007
f 1031/127/1008 845/127/1008 847/127/1008
f 1031/127/1009 847/127/1009 1032/127/1009
f 800/127/1010 801/127/1010 785/127/1010
f 801/127/1011 800/127/1011 841/127/1011
f 511/127/1012 509/127/1012 358/127/1012
f 359/127/1013 511/127/1013 358/127/1013
f 423/127/1014 425/127/1014 1061/127/1014
f 1001/127/1015 425/127/1015 812/127/1015
f 677/127/1016 676/127/1016 891/127/1016
f 677/127/1017 891/127/1017 682/127/1017
f 341/127/1018 413/127/1018 410/127/1018
f 410/127/1019 413/127/1019 411/127/1019
f 1006/127/1020 1012/127/1020 1011/127/1020
f 1010/127/1021 1012/127/1021 1006/127/1021
f 1013/127/1022 1012/127/1022 1009/127/1022
f 1012/127/1023 1010/127/1023 1009/127/1023
f 564/127/1024 567/127/1024 642/127/1024
f 567/127/1025 564/127/1025 876/127/1025
f 777/127/1026 653/127/1026 419/127/1026
f 1062/127/1027 417/127/1027 419/127/1027
f 690/127/1028 696/127/1029 691/127/1030
f 691/127/1030 696/127/1029 693/127/1031
f 693/127/1032 696/127/1032 758/127/1033
f 430/127/1034 428/127/1034 991/127/1034
f 431/127/1035 698/127/1035 428/127/1035
f 621/127/1036 625/127/1036 623/127/1036
f 944/127/1037 330/127/1037 711/127/1037
f 936/127/1038 711/127/1038 935/127/1038
f 535/127/1039 445/127/1039 539/127/1039
f 536/127/1040 535/127/1040 539/127/1040
f 876/127/1041 564/127/1041 875/127/1041
f 875/127/1042 715/127/1042 876/127/1042
f 456/127/1043 435/127/1043 458/127/1043
f 924/127/1044 456/127/1044 460/127/1044
f 521/127/1045 520/127/1045 558/127/1045
f 552/127/1046 553/127/1046 520/127/1046
f 499/127/1047 391/127/1047 813/127/1047
f 813/127/1048 391/127/1048 390/127/1048
f 921/127/1049 466/127/1049 469/127/1049
f 466/127/1050 921/127/1050 323/127/1050
f 965/127/1051 853/127/1051 963/127/1051
f 963/127/1052 853/127/1052 852/127/1052
f 661/127/1053 659/127/1053 658/127/1053
f 658/127/1054 662/127/1054 661/127/1054
f 715/127/1055 713/127/1055 566/127/1055
f 566/127/1056 713/127/1056 875/127/1056
f 701/127/1057 700/127/1057 706/127/1057
f 700/127/1058 755/127/1058 706/127/1058
f 1046/127/1059 769/127/1059 927/127/1059
f 1046/127/1060 927/127/1060 928/127/1060
f 500/127/1061 483/127/1061 501/127/1061
f 815/127/1062 501/127/1062 483/127/1062
f 437/127/1063 436/127/1063 441/127/1063
f 436/127/1064 438/127/1064 441/127/1064
f 316/127/1065 313/127/1065 382/127/1065
f 957/127/1066 1063/127/1066 956/127/1066
f 958/127/1067 1064/127/1067 957/127/1067
f 451/127/1068 749/127/1068 454/127/1068
f 1040/127/1069 454/127/1069 749/127/1069
f 583/127/1070 582/127/1070 882/127/1070
f 582/127/1071 581/127/1071 580/127/1071
f 797/127/1072 961/127/1072 959/127/1072
f 797/127/1073 959/127/1073 798/127/1073
f 378/127/1074 578/127/1074 571/127/1074
f 571/127/1075 578/127/1075 651/127/1075
f 901/127/1076 900/127/1076 496/127/1076
f 487/127/1077 500/127/1077 900/127/1077
f 720/127/1078 742/127/1078 724/127/1078
f 742/127/1079 741/127/1079 724/127/1079
f 784/127/1080 614/127/1081 617/127/1080
f 784/127/1082 617/127/1082 782/127/1082
f 896/127/1083 978/127/1083 895/127/1083
f 899/127/1084 896/127/1084 895/127/1084
f 840/127/1085 406/127/1085 837/127/1085
f 840/127/1086 761/127/1086 406/127/1086
f 338/127/1087 756/127/1087 336/127/1087
f 756/127/1088 704/127/1088 336/127/1088
f 447/127/1089 444/127/1089 629/127/1089
f 447/127/1090 629/127/1090 937/127/1090
f 841/127/1091 842/127/1092 1065/127/1093
f 841/127/1094 844/127/1094 801/127/1094
f 444/127/1095 448/127/1095 537/127/1095
f 448/127/1096 534/127/1096 537/127/1096
f 975/127/1097 1016/127/1097 1015/127/1098
f 1015/127/1098 1018/127/1099 975/127/1097
f 971/127/1100 970/127/1100 975/127/1100
f 1014/127/1101 971/127/1101 975/127/1101
f 975/127/1102 976/127/1102 1016/127/1102
f 870/127/1103 663/127/1103 659/127/1103
f 870/127/1104 659/127/1104 872/127/1104
f 454/127/1105 453/127/1105 449/127/1105
f 449/127/1106 453/127/1106 604/127/1106
f 815/127/1107 485/127/1107 495/127/1107
f 497/127/1108 814/127/1108 815/127/1108
f 766/127/1109 775/127/1109 662/127/1109
f 345/127/1110 541/127/1110 544/127/1110
f 541/127/1111 834/127/1111 544/127/1111
f 737/127/1112 513/127/1112 403/127/1112
f 513/127/1113 737/127/1113 736/127/1113
f 591/127/1114 510/127/1114 506/127/1114
f 508/127/1115 510/127/1115 591/127/1115
f 741/127/1116 636/127/1116 746/127/1116
f 744/127/1117 636/127/1117 741/127/1117
f 335/127/1118 943/127/1118 490/127/1118
f 943/127/1119 944/127/1119 490/127/1119
f 816/127/1120 818/127/1120 679/127/1120
f 818/127/1121 819/127/1121 679/127/1121
f 504/127/1122 317/127/1122 502/127/1122
f 727/127/1123 502/127/1123 317/127/1123
f 394/127/1124 808/127/1124 809/127/1124
f 809/127/1125 1049/127/1125 810/127/1125
f 988/127/1126 986/127/1126 983/127/1126
f 981/127/1127 988/127/1127 983/127/1127
f 575/127/1128 377/127/1128 374/127/1128
f 377/127/1129 375/127/1129 374/127/1129
f 878/127/1130 958/127/1130 531/127/1130
f 958/127/1131 956/127/1131 1064/127/1131
f 459/127/1132 437/127/1132 924/127/1133
f 437/127/1132 443/127/1134 924/127/1133
f 685/127/1135 892/127/1135 326/127/1135
f 892/127/1136 466/127/1136 326/127/1136
f 325/127/1137 324/127/1137 465/127/1137
f 465/127/1138 324/127/1138 462/127/1138
f 379/127/1139 375/127/1139 377/127/1139
f 379/127/1140 587/127/1140 375/127/1140
f 493/127/1141 368/127/1141 492/127/1141
f 752/127/1142 774/127/1142 947/127/1142
f 752/127/1143 751/127/1143 774/127/1143
f 796/127/1144 596/127/1144 598/127/1144
f 796/127/1145 793/127/1145 791/127/1145
f 916/127/1146 859/127/1146 918/127/1146
f 858/127/1147 860/127/1147 859/127/1147
f 647/127/1148 644/127/1148 646/127/1148
f 646/127/1149 643/127/1149 647/127/1149
f 827/127/1150 830/127/1150 828/127/1150
f 830/127/1151 827/127/1151 831/127/1151
f 861/127/1152 568/127/1152 536/127/1152
f 861/127/1153 536/127/1153 569/127/1153
f 778/127/1154 418/127/1154 779/127/1154
f 779/127/1155 653/127/1155 778/127/1155
f 717/127/1156 721/127/1156 722/127/1156
f 722/127/1157 849/127/1157 717/127/1157
f 572/127/1158 367/127/1158 370/127/1158
f 572/127/1159 370/127/1159 650/127/1159
f 804/127/1160 930/127/1160 806/127/1160
f 638/127/1161 637/127/1162 640/127/1163
f 726/127/1164 638/127/1161 640/127/1163
f 640/127/1165 994/127/1165 726/127/1165
f 843/127/1166 842/127/1166 908/127/1166
f 843/127/1167 1065/127/1167 842/127/1167
f 1008/127/1168 1007/127/1168 1004/127/1168
f 1007/127/1169 1010/127/1170 1004/127/1170
f 554/127/1171 517/127/1171 556/127/1171
f 519/127/1172 556/127/1172 517/127/1172
f 633/127/1173 446/127/1173 937/127/1173
f 446/127/1174 445/127/1174 937/127/1174
f 1002/127/1175 561/127/1175 765/127/1175
f 561/127/1176 562/127/1176 765/127/1176
f 642/127/1177 643/127/1177 646/127/1177
f 643/127/1178 642/127/1178 644/127/1178
f 321/127/1179 363/127/1179 320/127/1179
f 363/127/1180 365/127/1180 320/127/1180
f 644/127/1181 642/127/1181 565/127/1181
f 646/127/1182 644/127/1182 565/127/1182
f 402/127/1183 404/127/1183 400/127/1183
f 674/127/1184 534/127/1184 533/127/1184
f 674/127/1185 533/127/1185 570/127/1185
f 972/127/1186 974/127/1186 970/127/1186
f 970/127/1187 974/127/1187 977/127/1187
f 801/127/1188 781/127/1188 785/127/1188
f 1004/127/1189 1017/127/1189 1042/127/1189
f 1042/127/1190 1017/127/1190 1018/127/1190
f 696/127/1191 760/127/1191 758/127/1191
f 760/127/1192 1066/127/1192 758/127/1192
f 1020/127/1193 609/127/1193 610/127/1193
f 609/127/1194 608/127/1194 610/127/1194
f 923/127/1195 725/127/1195 360/127/1195
f 725/127/1196 366/127/1196 360/127/1196
f 890/127/1197 620/127/1197 1067/127/1197
f 600/127/1198 795/127/1198 598/127/1198
f 600/127/1199 598/127/1199 603/127/1199
f 736/127/1200 400/127/1200 403/127/1200
f 736/127/1201 737/127/1201 400/127/1201
f 705/127/1202 747/127/1202 427/127/1202
f 703/127/1203 427/127/1203 747/127/1203
f 836/127/1204 595/127/1204 593/127/1204
f 590/127/1205 593/127/1205 595/127/1205
f 691/127/1206 695/127/1206 524/127/1206
f 690/127/1207 524/127/1207 695/127/1207
f 854/127/1208 856/127/1208 852/127/1208
f 963/127/1209 852/127/1209 856/127/1209
f 716/127/1210 720/127/1210 723/127/1210
f 721/127/1211 720/127/1211 716/127/1211
f 862/127/1212 861/127/1212 945/127/1212
f 862/127/1213 945/127/1213 863/127/1213
f 583/127/1214 837/127/1214 838/127/1214
f 583/127/1215 838/127/1215 584/127/1215
f 588/127/1216 576/127/1216 579/127/1216
f 656/127/1217 576/127/1217 588/127/1217
f 868/127/1218 534/127/1218 448/127/1218
f 535/127/1219 534/127/1219 868/127/1219
f 687/127/1220 688/127/1220 315/127/1220
f 825/127/1221 687/127/1221 315/127/1221
f 318/127/1222 605/127/1222 839/127/1222
f 839/127/1223 408/127/1223 318/127/1223
f 408/127/1224 880/127/1224 586/127/1224
f 991/127/1225 993/127/1225 992/127/1225
f 697/127/1226 992/127/1226 993/127/1226
f 490/127/1227 489/127/1227 335/127/1227
f 335/127/1228 489/127/1228 652/127/1228
f 719/127/1229 721/127/1229 723/127/1229
f 723/127/1230 721/127/1230 717/127/1230
f 669/127/1231 666/127/1231 912/127/1231
f 669/127/1232 372/127/1232 666/127/1232
f 792/127/1233 798/127/1233 793/127/1233
f 791/127/1234 798/127/1234 792/127/1234
f 422/127/1235 333/127/1235 415/127/1235
f 422/127/1236 488/127/1236 333/127/1236
f 978/127/1237 982/127/1237 989/127/1237
f 989/127/1238 982/127/1238 984/127/1238
f 938/127/1239 412/127/1239 1039/127/1239
f 634/127/1240 1039/127/1240 412/127/1240
f 753/127/1241 386/127/1241 339/127/1241
f 339/127/1242 386/127/1242 337/127/1242
f 713/127/1243 712/127/1243 877/127/1243
f 715/127/1244 877/127/1244 712/127/1244
f 972/127/1245 1016/127/1245 976/127/1245
f 976/127/1246 977/127/1246 972/127/1246
f 731/127/1247 968/127/1247 969/127/1247
f 731/127/1248 966/127/1248 968/127/1248
f 823/127/1249 1038/127/1249 1037/127/1249
f 823/127/1250 1037/127/1251 477/127/1251
f 342/127/1252 545/127/1252 544/127/1252
f 342/127/1253 343/127/1253 545/127/1253
f 965/127/1254 949/127/1254 952/127/1254
f 965/127/1255 952/127/1255 964/127/1255
f 757/127/1256 630/127/1256 635/127/1256
f 630/127/1257 444/127/1257 635/127/1257
f 669/127/1258 911/127/1258 504/127/1258
f 1056/127/1259 504/127/1259 911/127/1259
f 939/127/1260 776/127/1260 542/127/1260
f 544/127/1261 939/127/1261 542/127/1261
f 954/127/1262 1068/127/1262 1051/127/1262
f 684/127/1263 954/127/1263 1051/127/1264
f 948/127/1265 867/127/1265 951/127/1265
f 407/127/1266 319/127/1266 408/127/1266
f 650/127/1267 492/127/1267 648/127/1267
f 492/127/1268 368/127/1268 648/127/1268
f 1028/127/1269 835/127/1269 349/127/1269
f 665/127/1270 1028/127/1270 349/127/1270
f 471/127/1271 346/127/1271 1028/127/1270
f 894/127/1272 897/127/1272 895/127/1272
f 896/127/1273 897/127/1273 894/127/1273
f 663/127/1274 869/127/1274 872/127/1274
f 870/127/1275 872/127/1275 869/127/1275
f 663/127/1276 872/127/1276 871/127/1276
f 663/127/1277 871/127/1277 661/127/1277
f 438/127/1278 824/127/1278 735/127/1278
f 439/127/1279 438/127/1279 735/127/1279
f 990/127/1280 712/127/1280 714/127/1280
f 715/127/1281 990/127/1281 714/127/1281
f 688/127/1282 313/127/1282 315/127/1282
f 464/127/1283 313/127/1283 688/127/1283
f 933/127/1284 930/127/1284 1055/127/1284
f 1055/127/1285 1069/127/1285 933/127/1285
f 439/127/1286 434/127/1286 440/127/1286
f 641/127/1287 996/127/1287 997/127/1287
f 411/127/1288 757/127/1288 634/127/1288
f 998/127/1289 820/127/1289 995/127/1289
f 998/127/1290 995/127/1290 994/127/1290
f 959/127/1291 1057/127/1291 960/127/1291
f 372/127/1292 503/127/1292 1058/127/1292
f 1058/127/1293 350/127/1293 372/127/1293
f 750/127/1294 450/127/1294 452/127/1294
f 452/127/1295 450/127/1295 597/127/1295
f 724/127/1296 746/127/1296 719/127/1296
f 902/127/1297 697/127/1297 431/127/1297
f 902/127/1298 431/127/1298 703/127/1298
f 920/127/1299 364/127/1299 919/127/1299
f 1034/127/1300 847/127/1300 1030/127/1300
f 1030/127/1301 1070/127/1301 1034/127/1301
f 1042/127/1302 1018/127/1302 1015/127/1302
f 624/127/1303 787/127/1303 622/127/1303
f 624/127/1304 946/127/1304 787/127/1305
f 693/127/1306 695/127/1306 691/127/1306
f 423/127/1307 811/127/1307 461/127/1307
f 424/127/1308 423/127/1308 461/127/1308
f 344/127/1309 655/127/1309 541/127/1309
f 655/127/1310 344/127/1310 410/127/1310
f 779/127/1311 652/127/1311 421/127/1311
f 652/127/1312 489/127/1312 421/127/1312
f 649/127/1313 575/127/1313 913/127/1313
f 575/127/1314 576/127/1314 913/127/1314
f 857/127/1315 853/127/1315 964/127/1315
f 963/127/1316 857/127/1316 964/127/1316
f 436/127/1317 435/127/1317 455/127/1317
f 435/127/1318 456/127/1318 455/127/1318
f 355/127/1319 357/127/1319 807/127/1319
f 357/127/1320 804/127/1320 807/127/1320
f 1027/127/1321 615/127/1321 616/127/1321
f 612/127/1322 615/127/1322 1027/127/1322
f 478/127/1323 473/127/1323 802/127/1323
f 980/127/1324 982/127/1324 978/127/1324
f 896/127/1325 980/127/1325 978/127/1325
f 594/127/1326 508/127/1326 1026/127/1326
f 1026/127/1327 595/127/1327 594/127/1327
f 426/127/1328 460/127/1328 458/127/1328
f 460/127/1329 456/127/1329 458/127/1329
f 692/127/1330 524/127/1330 526/127/1330
f 1041/127/1331 692/127/1331 526/127/1331
f 934/127/1332 708/127/1332 393/127/1332
f 935/127/1333 934/127/1333 393/127/1333
f 960/127/1334 962/127/1334 794/127/1334
f 962/127/1335 791/127/1335 794/127/1335
f 879/127/1336 1066/127/1336 760/127/1336
f 1066/127/1337 879/127/1337 758/127/1337
f 621/127/1338 618/127/1338 625/127/1338
f 848/127/1339 718/127/1339 849/127/1339
f 845/127/1340 718/127/1340 848/127/1340
f 699/127/1341 703/127/1341 748/127/1341
f 699/127/1342 748/127/1342 756/127/1342
f 705/127/1343 429/127/1344 904/127/1344
f 429/127/1344 903/127/1345 904/127/1344
f 705/127/1346 904/127/1346 702/127/1346
f 1008/127/1347 1003/127/1347 1005/127/1347
f 1042/127/1348 1003/127/1348 1008/127/1348
f 761/127/1349 321/127/1349 322/127/1349
f 522/127/1350 521/127/1350 420/127/1350
f 420/127/1351 521/127/1351 557/127/1351
f 912/127/1352 667/127/1352 505/127/1352
f 667/127/1353 912/127/1353 666/127/1353
f 423/127/1354 1061/127/1354 1001/127/1354
f 806/127/1355 929/127/1355 803/127/1356
f 932/127/1357 929/127/1355 806/127/1355
f 803/127/1358 805/127/1358 806/127/1358
f 890/127/1359 1021/127/1359 619/127/1359
f 890/127/1360 1067/127/1360 1021/127/1360
f 506/127/1361 592/127/1361 591/127/1361
f 592/127/1362 506/127/1362 594/127/1362
f 931/127/1363 929/127/1363 932/127/1363
f 596/127/1364 791/127/1364 602/127/1364
f 796/127/1365 791/127/1365 596/127/1365
f 819/127/1366 820/127/1366 681/127/1366
f 680/127/1367 819/127/1367 681/127/1367
f 687/127/1368 381/127/1368 463/127/1368
f 382/127/1369 463/127/1369 381/127/1369
f 350/127/1370 835/127/1370 354/127/1370
f 350/127/1371 354/127/1371 373/127/1371
f 785/127/1372 783/127/1372 800/127/1372
f 783/127/1373 781/127/1373 800/127/1373
f 1048/127/1374 1047/127/1374 832/127/1374
f 1048/127/1375 832/127/1375 828/127/1375
f 1070/127/1376 1033/127/1376 1034/127/1376
f 1033/127/1377 1070/127/1377 1030/127/1377
f 372/127/1378 373/127/1379 353/127/1378
f 373/127/1379 354/127/1380 353/127/1378
f 320/127/1381 923/127/1381 362/127/1381
f 360/127/1382 362/127/1382 923/127/1382
f 824/127/1383 433/127/1383 432/127/1383
f 824/127/1384 432/127/1384 734/127/1384
f 522/127/1385 416/127/1385 777/127/1385
f 416/127/1386 778/127/1386 777/127/1386
f 546/127/1387 545/127/1387 343/127/1387
f 345/127/1388 546/127/1388 343/127/1388
f 462/127/1389 892/127/1389 686/127/1389
f 462/127/1390 686/127/1390 463/127/1390
f 616/127/1391 512/127/1391 514/127/1391
f 514/127/1392 515/127/1392 616/127/1392
f 981/127/1393 979/127/1393 989/127/1393
f 979/127/1394 981/127/1394 893/127/1394
f 928/127/1395 1043/127/1395 1045/127/1395
f 768/127/1396 1043/127/1395 928/127/1395
f 954/127/1397 683/127/1397 676/127/1397
f 683/127/1398 678/127/1398 676/127/1398
f 711/127/1399 936/127/1399 944/127/1399
f 327/127/1400 944/127/1400 936/127/1400
f 651/127/1401 367/127/1401 572/127/1401
f 367/127/1402 651/127/1402 577/127/1402
f 774/127/1403 773/127/1403 947/127/1403
f 734/127/1404 947/127/1404 773/127/1404
f 338/127/1405 388/127/1405 709/127/1405
f 390/127/1406 709/127/1406 388/127/1406
f 759/127/1407 694/127/1408 879/127/1409
f 696/127/1410 694/127/1410 759/127/1410
f 922/127/1411 921/127/1411 470/127/1411
f 922/127/1412 470/127/1412 664/127/1412
f 499/127/1413 392/127/1413 391/127/1413
f 499/127/1414 498/127/1414 392/127/1414
f 1065/127/1415 843/127/1415 844/127/1415
f 1065/127/1416 844/127/1416 841/127/1416
f 744/127/1417 743/127/1417 745/127/1417
f 741/127/1418 743/127/1418 744/127/1418
f 1013/127/1419 1006/127/1420 1011/127/1421
f 1013/127/1419 1011/127/1421 986/127/1422
f 551/127/1423 554/127/1423 776/127/1423
f 776/127/1424 939/127/1424 551/127/1424
f 865/127/1425 1022/127/1425 867/127/1425
f 864/127/1426 1022/127/1426 865/127/1426
f 921/127/1427 469/127/1427 467/127/1427
f 469/127/1428 468/127/1428 467/127/1428
f 359/127/1429 356/127/1429 740/127/1429
f 356/127/1430 358/127/1431 740/127/1432
f 999/127/1433 1000/127/1433 851/127/1433
f 850/127/1434 1000/127/1434 999/127/1434
f 572/127/1435 650/127/1435 649/127/1435
f 823/127/1436 1036/127/1436 1038/127/1436
f 1038/127/1437 1036/127/1437 1035/127/1437
f 955/127/1438 500/127/1438 498/127/1438
f 500/127/1439 392/127/1439 498/127/1439
f 623/127/1440 626/127/1440 788/127/1440
f 790/127/1441 788/127/1441 626/127/1441
f 455/127/1442 433/127/1442 436/127/1442
f 824/127/1443 436/127/1443 433/127/1443
f 662/127/1444 775/127/1444 660/127/1444
f 660/127/1445 775/127/1445 658/127/1445
f 864/127/1446 866/127/1446 953/127/1446
f 1025/127/1447 864/127/1448 953/127/1447
f 1071/127/1449 1019/127/1449 609/127/1449
f 828/127/1450 833/127/1450 1047/127/1450
f 730/127/1451 969/127/1451 966/127/1451
f 1072/127/1452 966/127/1452 969/127/1452
f 698/127/1453 993/127/1453 991/127/1453
f 991/127/1454 428/127/1454 698/127/1454
f 555/127/1455 522/127/1455 518/127/1455
f 554/127/1456 522/127/1456 555/127/1456
f 711/127/1457 331/127/1457 935/127/1457
f 707/127/1458 935/127/1458 331/127/1458
f 874/127/1459 353/127/1459 352/127/1459
f 352/127/1460 664/127/1460 874/127/1460
f 638/127/1461 745/127/1461 636/127/1461
f 745/127/1462 746/127/1462 636/127/1462
f 846/127/1463 848/127/1463 849/127/1463
f 845/127/1464 846/127/1464 849/127/1464
f 972/127/1465 977/127/1465 973/127/1465
f 977/127/1466 974/127/1466 973/127/1466
f 790/127/1467 787/127/1467 474/127/1467
f 474/127/1468 478/127/1468 790/127/1468
f 1050/127/1469 708/127/1469 934/127/1469
f 1050/127/1470 808/127/1470 708/127/1470
f 793/127/1471 795/127/1471 602/127/1472
f 796/127/1473 795/127/1473 793/127/1473
f 579/127/1474 581/127/1474 589/127/1474
f 581/127/1475 582/127/1475 589/127/1475
f 763/127/1476 562/127/1476 764/127/1476
f 765/127/1477 562/127/1477 763/127/1477
f 802/127/1478 822/127/1478 479/127/1478
f 479/127/1479 822/127/1479 821/127/1479
f 681/127/1480 820/127/1480 816/127/1480
f 820/127/1481 998/127/1481 816/127/1481
f 883/127/1482 885/127/1482 888/127/1482
f 888/127/1483 887/127/1483 883/127/1483
f 918/127/1484 859/127/1484 860/127/1484
f 860/127/1485 914/127/1485 918/127/1485
f 914/127/1485 915/127/1486 918/127/1487
f 371/127/1488 668/127/1488 771/127/1488
f 836/127/1489 399/127/1489 398/127/1489
f 399/127/1490 836/127/1490 527/127/1490
f 855/127/1491 850/127/1491 854/127/1491
f 850/127/1492 855/127/1492 1000/127/1492
f 891/127/1493 680/127/1493 682/127/1493
f 682/127/1494 680/127/1494 681/127/1494
f 654/127/1495 409/127/1495 414/127/1495
f 410/127/1496 409/127/1496 654/127/1496
f 920/127/1497 365/127/1497 364/127/1497
f 369/127/1498 365/127/1498 920/127/1498
f 787/127/1499 786/127/1499 622/127/1499
f 889/127/1500 622/127/1500 786/127/1500
f 831/127/1501 826/127/1501 828/127/1501
f 827/127/1502 826/127/1502 831/127/1502
f 898/127/1503 1073/127/1503 899/127/1503
f 898/127/1504 899/127/1504 895/127/1504
f 383/127/1505 813/127/1505 390/127/1505
f 390/127/1506 1053/127/1506 383/127/1506
f 1073/127/1507 1029/127/1508 899/127/1507
f 898/127/1509 1029/127/1509 1073/127/1509
f 330/127/1510 943/127/1510 334/127/1510
f 873/127/1511 665/127/1511 353/127/1511
f 1028/127/1512 665/127/1512 873/127/1512
f 418/127/1513 415/127/1513 332/127/1513
f 418/127/1514 332/127/1514 779/127/1514
f 467/127/1515 346/127/1515 471/127/1515
f 1043/127/1516 1044/127/1516 1045/127/1516
f 1045/127/1517 1044/127/1517 926/127/1517
f 821/127/1518 1035/127/1518 823/127/1518
f 523/127/1519 885/127/1519 887/127/1519
f 888/127/1520 885/127/1520 523/127/1520
f 728/127/1521 380/127/1521 1056/127/1521
f 728/127/1522 1056/127/1522 911/127/1522
f 956/127/1523 878/127/1523 530/127/1523
f 956/127/1524 958/127/1524 878/127/1524
f 557/127/1525 519/127/1525 419/127/1525
f 557/127/1526 556/127/1526 519/127/1526
f 540/127/1527 673/127/1527 570/127/1527
f 673/127/1528 540/127/1528 538/127/1528
f 607/127/1529 1019/127/1529 1020/127/1529
f 607/127/1530 1020/127/1530 749/127/1530
f 1064/127/1531 956/127/1531 1063/127/1531
f 903/127/1532 429/127/1532 905/127/1532
f 986/127/1533 988/127/1533 987/127/1533
f 987/127/1534 1012/127/1534 986/127/1534
f 1009/127/1535 1006/127/1535 1013/127/1535
f 1009/127/1536 1007/127/1536 1006/127/1537
f 772/127/1538 351/127/1538 371/127/1538
f 665/127/1539 351/127/1539 772/127/1539
f 494/127/1540 900/127/1540 955/127/1540
f 494/127/1541 955/127/1541 495/127/1541
f 815/127/1542 495/127/1542 497/127/1542
f 497/127/1543 495/127/1543 498/127/1543
f 631/127/1544 412/127/1544 938/127/1544
f 631/127/1545 938/127/1545 629/127/1545
f 770/127/1546 1043/127/1546 768/127/1546
f 768/127/1547 767/127/1547 770/127/1547
f 951/127/1548 866/127/1548 949/127/1548
f 949/127/1549 866/127/1549 948/127/1549
f 348/127/1550 835/127/1550 1028/127/1550
f 348/127/1551 352/127/1551 835/127/1551
f 867/127/1552 1023/127/1552 1025/127/1552
f 1023/127/1553 1024/127/1553 1025/127/1553
f 597/127/1554 599/127/1554 452/127/1554
f 599/127/1555 597/127/1555 596/127/1555
f 887/127/1556 885/127/1556 886/127/1556
f 547/127/1557 554/127/1557 551/127/1557
f 547/127/1558 522/127/1558 554/127/1558
f 905/127/1559 430/127/1559 697/127/1559
f 905/127/1560 429/127/1560 430/127/1560
f 884/127/1561 883/127/1561 1054/127/1561
f 886/127/1562 884/127/1562 1054/127/1562
f 753/127/1563 755/127/1563 338/127/1563
f 753/127/1564 339/127/1564 755/127/1564
f 529/127/1565 528/127/1565 532/127/1565
f 465/127/1566 464/127/1566 325/127/1566
f 326/127/1567 325/127/1567 464/127/1567
f 881/127/1568 840/127/1568 837/127/1568
f 837/127/1569 583/127/1569 881/127/1569
f 1068/127/1570 954/127/1570 675/127/1570
f 914/127/1571 859/127/1571 915/127/1571
f 653/127/1572 1062/127/1572 419/127/1572
f 653/127/1573 417/127/1573 1062/127/1573
f 573/127/1574 649/127/1574 657/127/1574
f 657/127/1575 656/127/1575 573/127/1575
f 901/127/1576 487/127/1576 900/127/1576
f 484/127/1577 487/127/1577 901/127/1577
f 525/127/1578 690/127/1578 1041/127/1578
f 888/127/1579 525/127/1579 1041/127/1579
f 822/127/1580 473/127/1580 475/127/1580
f 475/127/1581 473/127/1581 472/127/1581
f 972/127/1582 971/127/1582 1016/127/1582
f 1014/127/1583 1016/127/1583 971/127/1583
f 863/127/1584 569/127/1584 570/127/1584
f 863/127/1585 861/127/1585 569/127/1585
f 580/127/1586 882/127/1586 582/127/1586
f 587/127/1587 882/127/1587 580/127/1587
f 606/127/1588 919/127/1588 364/127/1588
f 362/127/1589 919/127/1589 606/127/1589
f 502/127/1590 729/127/1590 505/127/1590
f 505/127/1591 729/127/1591 911/127/1591
f 491/127/1592 333/127/1592 488/127/1592
f 488/127/1593 490/127/1593 491/127/1593
f 338/127/1594 755/127/1594 754/127/1594
f 756/127/1595 338/127/1595 754/127/1595
f 786/127/1596 627/127/1596 889/127/1596
f 890/127/1597 889/127/1597 627/127/1597
f 611/127/1598 1040/127/1599 610/127/1600
f 611/127/1598 454/127/1601 1040/127/1599
f 1050/127/1602 1049/127/1602 808/127/1602
f 558/127/1603 520/127/1603 553/127/1603
f 558/127/1604 553/127/1604 556/127/1604
f 1072/127/1605 969/127/1605 967/127/1605
f 967/127/1606 966/127/1606 1072/127/1606
f 782/127/1607 614/127/1607 780/127/1607
f 384/127/1608 1053/127/1608 387/127/1608
f 1053/127/1609 384/127/1609 383/127/1609
f 656/127/1610 378/127/1610 574/127/1610
f 574/127/1611 378/127/1611 571/127/1611
f 985/127/1612 988/127/1612 984/127/1612
f 984/127/1613 983/127/1613 985/127/1613
f 764/127/1614 563/127/1614 1002/127/1614
f 764/127/1615 1002/127/1615 762/127/1615
f 1052/127/1616 355/127/1616 807/127/1616
f 1052/127/1617 358/127/1617 355/127/1617
f 752/127/1618 439/127/1619 482/127/1620
f 482/127/1620 481/127/1621 752/127/1618
f 479/127/1622 476/127/1622 472/127/1622
f 918/127/1623 917/127/1623 916/127/1623
f 915/127/1624 916/127/1624 917/127/1624
f 543/127/1625 542/127/1625 552/127/1625
f 552/127/1626 546/127/1626 543/127/1626
f 931/127/1627 933/127/1627 1069/127/1627
f 1069/127/1628 1055/127/1628 931/127/1628
f 707/127/1629 328/127/1629 810/127/1629
f 707/127/1630 810/127/1630 934/127/1630
f 604/127/1631 453/127/1631 601/127/1631
f 601/127/1632 600/127/1632 604/127/1632
f 443/127/1633 456/127/1633 924/127/1633
f 405/127/1634 401/127/1634 403/127/1634
f 585/127/1635 587/127/1635 584/127/1635
f 584/127/1636 838/127/1636 585/127/1636
f 484/127/1637 486/127/1637 751/127/1637
f 486/127/1638 484/127/1638 901/127/1638
f 926/127/1639 925/127/1639 1046/127/1639
f 925/127/1640 769/127/1640 1046/127/1640
f 994/127/1641 997/127/1641 998/127/1641
f 997/127/1642 994/127/1642 640/127/1642
usemtl xmaterial_aad706d141a16fd.003
f 1074/127/1643 1075/127/1643 1076/127/1643
f 1077/127/1644 1078/127/1644 1079/127/1644
f 1080/127/1645 1081/127/1645 1082/127/1645
f 1083/127/1646 1084/127/1646 1085/127/1646
f 1086/127/1647 1087/127/1647 1088/127/1647
f 1089/127/1648 1090/127/1648 1091/127/1648
f 1092/127/1649 1093/127/1649 1094/127/1649
f 1095/127/1650 1096/127/1650 1097/127/1651
f 1098/127/1652 1096/127/1650 1095/127/1650
f 1099/127/1653 1100/127/1653 1101/127/1653
f 1101/127/1654 1102/127/1654 1103/127/1654
f 1100/127/1655 1102/127/1654 1101/127/1654
f 1097/127/1656 1104/127/1656 1095/127/1656
f 1105/127/1657 1106/127/1657 1107/127/1657
f 1108/127/1658 1109/127/1658 1110/127/1658
f 1084/127/1659 1111/127/1659 1112/127/1659
f 1113/127/1660 1114/127/1660 1115/127/1660
f 1116/127/1661 1117/127/1662 1118/127/1661
f 1117/127/1662 1119/127/1663 1118/127/1661
f 1120/127/1664 1121/127/1664 1122/127/1664
f 1122/127/1665 1121/127/1665 1123/127/1666
f 1124/127/1667 1125/127/1667 1126/127/1668
f 1127/127/1669 1124/127/1667 1126/127/1668
f 1075/127/1670 1128/127/1670 1076/127/1670
f 1129/127/1671 1130/127/1671 1131/127/1671
f 1132/127/1672 1133/127/1672 1134/127/1672
f 1135/127/1673 1136/127/1673 1137/127/1673
f 1138/127/1674 1139/127/1674 1140/127/1674
f 1134/127/1675 1133/127/1675 1141/127/1675
f 1134/127/1676 1142/127/1677 1132/127/1677
f 1143/127/1678 1144/127/1678 1145/127/1678
f 1146/127/1679 1147/127/1679 1148/127/1680
f 1146/127/1679 1149/127/1681 1147/127/1679
f 1143/127/1682 1150/127/1682 1151/127/1682
f 1152/127/1683 1153/127/1683 1154/127/1683
f 1156/127/1684 1157/127/1684 1158/127/1684
f 1159/127/1685 1157/127/1685 1156/127/1685
f 1160/127/1686 1161/127/1686 1162/127/1686
f 1090/127/1687 1160/127/1687 1091/127/1687
f 1163/127/1688 1164/127/1688 1165/127/1688
f 1166/127/1689 1167/127/1689 1168/127/1689
f 1169/127/1690 1170/127/1690 1171/127/1690
f 1172/127/1691 1173/127/1691 1174/127/1691
f 1175/127/1692 1176/127/1692 1177/127/1692
f 1178/127/1693 1159/127/1693 1077/127/1693
f 1179/127/1694 1180/127/1694 1181/127/1694
f 1182/127/1695 1109/127/1695 1183/127/1695
f 1111/127/1696 1182/127/1696 1183/127/1696
f 1184/127/1697 1185/127/1697 1186/127/1697
f 1187/127/1698 1188/127/1698 1189/127/1698
f 1190/127/1699 1191/127/1700 1192/127/1699
f 1191/127/1701 1193/127/1701 1192/127/1701
f 1194/127/1702 1195/127/1702 1196/127/1702
f 1197/127/1703 1198/127/1704 1199/127/1703
f 1194/127/1705 1198/127/1704 1197/127/1703
f 1116/127/1706 1200/127/1706 1117/127/1706
f 1201/127/1707 1202/127/1707 1203/127/1707
f 1098/127/1708 1204/127/1708 1205/127/1708
f 1206/127/1709 1207/127/1709 1208/127/1709
f 1108/127/1710 1208/127/1710 1105/127/1710
f 1209/127/1711 1201/127/1711 1203/127/1711
f 1209/127/1712 1210/127/1712 1211/127/1712
f 1212/127/1713 1131/127/1713 1130/127/1713
f 1192/127/1714 1193/127/1714 1212/127/1714
f 1213/127/1715 1214/127/1715 1215/127/1715
f 1216/127/1716 1217/127/1716 1185/127/1716
f 1218/127/1717 1219/127/1717 1220/127/1717
f 1076/127/1718 1128/127/1718 1224/127/1718
f 1137/127/1719 1136/127/1719 1225/127/1719
f 1152/127/1720 1226/127/1720 1153/127/1720
f 1227/127/1721 1228/127/1721 1229/127/1721
f 1230/127/1722 1231/127/1722 1232/127/1722
f 1233/127/1723 1234/127/1723 1235/127/1723
f 1236/127/1724 1237/127/1724 1238/127/1724
f 1074/127/1725 1085/127/1725 1239/127/1725
f 1240/127/1726 1085/127/1726 1074/127/1726
f 1112/127/1727 1087/127/1727 1086/127/1727
f 1241/127/1728 1107/127/1729 1183/127/1730
f 1107/127/1729 1087/127/1731 1183/127/1730
f 1242/127/1732 1243/127/1732 1244/127/1732
f 1245/127/1733 1246/127/1733 1223/127/1733
f 1247/127/1734 1248/127/1734 1249/127/1734
f 1250/127/1735 1251/127/1735 1252/127/1735
f 1251/127/1736 1253/127/1736 1254/127/1736
f 1255/127/1737 1256/127/1737 1257/127/1737
f 1258/127/1738 1259/127/1738 1260/127/1738
f 1261/127/1739 1262/127/1739 1263/127/1739
f 1264/127/1740 1265/127/1740 1266/127/1740
f 1267/127/1741 1268/127/1741 1269/127/1741
f 1270/127/1742 1271/127/1742 1272/127/1742
f 1113/127/1743 1115/127/1743 1273/127/1743
f 1274/127/1744 1200/127/1744 1116/127/1744
f 1177/127/1745 1275/127/1745 1276/127/1745
f 1082/127/1746 1081/127/1746 1165/127/1746
f 1277/127/1747 1163/127/1747 1165/127/1747
f 1099/127/1748 1278/127/1748 1100/127/1748
f 1248/127/1749 1279/127/1749 1249/127/1749
f 1201/127/1750 1280/127/1750 1202/127/1750
f 1281/127/1751 1200/127/1751 1274/127/1751
f 1209/127/1752 1203/127/1752 1282/127/1752
f 1144/127/1753 1283/127/1753 1164/127/1753
f 1167/127/1754 1284/127/1754 1285/127/1754
f 1286/127/1755 1287/127/1755 1288/127/1755
f 1286/127/1756 1166/127/1756 1168/127/1756
f 1289/127/1757 1290/127/1757 1291/127/1757
f 1289/127/1758 1291/127/1758 1292/127/1758
f 1293/127/1759 1294/127/1759 1295/127/1759
f 1295/127/1760 1296/127/1760 1297/127/1760
f 1079/127/1761 1298/127/1762 1077/127/1763
f 1298/127/1762 1079/127/1761 1114/127/1764
f 1179/127/1765 1178/127/1765 1180/127/1765
f 1299/127/1766 1300/127/1766 1301/127/1766
f 1256/127/1767 1302/127/1767 1303/127/1767
f 1304/127/1768 1266/127/1768 1265/127/1768
f 1305/127/1769 1306/127/1770 1307/127/1771
f 1308/127/1772 1305/127/1769 1307/127/1771
f 1308/127/1773 1309/127/1774 1305/127/1775
f 1310/127/1776 1311/127/1776 1312/127/1776
f 1158/127/1777 1313/127/1777 1314/127/1777
f 1229/127/1778 1228/127/1778 1315/127/1778
f 1231/127/1779 1316/127/1779 1232/127/1779
f 1149/127/1780 1317/127/1780 1094/127/1780
f 1089/127/1781 1091/127/1781 1094/127/1781
f 1318/127/1782 1319/127/1782 1140/127/1782
f 1208/127/1783 1106/127/1783 1105/127/1783
f 1290/127/1784 1093/127/1784 1106/127/1784
f 1146/127/1785 1317/127/1785 1149/127/1785
f 1101/127/1786 1096/127/1786 1099/127/1786
f 1205/127/1787 1278/127/1787 1320/127/1787
f 1321/127/1788 1322/127/1788 1323/127/1788
f 1323/127/1789 1324/127/1789 1321/127/1789
f 1325/127/1790 1326/127/1791 1148/127/1791
f 1326/127/1791 1325/127/1790 1327/127/1792
f 1327/127/1792 1328/127/1792 1326/127/1792
f 1148/127/1793 1147/127/1794 1162/127/1795
f 1325/127/1796 1148/127/1793 1162/127/1795
f 1329/127/1797 1330/127/1798 1331/127/1798
f 1329/127/1799 1331/127/1800 1332/127/1801
f 1332/127/1801 1331/127/1800 1214/127/1802
f 1213/127/1803 1215/127/1803 1333/127/1803
f 1332/127/1804 1217/127/1804 1329/127/1804
f 1232/127/1805 1316/127/1805 1334/127/1805
f 1335/127/1806 1336/127/1806 1337/127/1806
f 1338/127/1807 1327/127/1807 1339/127/1807
f 1340/127/1808 1341/127/1808 1342/127/1808
f 1260/127/1809 1259/127/1809 1266/127/1809
f 1259/127/1810 1343/127/1810 1262/127/1810
f 1344/127/1811 1328/127/1811 1345/127/1811
f 1346/127/1812 1345/127/1812 1347/127/1812
f 1119/127/1813 1179/127/1813 1181/127/1813
f 1348/127/1814 1349/127/1814 1229/127/1814
f 1348/127/1815 1229/127/1815 1315/127/1815
f 1350/127/1816 1126/127/1816 1123/127/1816
f 1295/127/1817 1297/127/1818 1293/127/1819
f 1120/127/1820 1122/127/1820 1351/127/1820
f 1352/127/1821 1353/127/1821 1354/127/1821
f 1221/127/1822 1078/127/1822 1077/127/1822
f 1158/127/1823 1314/127/1823 1156/127/1823
f 1355/127/1824 1356/127/1824 1357/127/1824
f 1355/127/1825 1358/127/1825 1359/127/1825
f 1232/127/1826 1360/127/1826 1230/127/1826
f 1196/127/1827 1361/127/1827 1335/127/1827
f 1143/127/1828 1151/127/1828 1362/127/1828
f 1151/127/1829 1154/127/1829 1362/127/1829
f 1132/127/1830 1142/127/1831 1135/127/1832
f 1142/127/1831 1136/127/1833 1135/127/1832
f 1138/127/1834 1363/127/1834 1237/127/1834
f 1364/127/1835 1365/127/1835 1319/127/1835
f 1366/127/1836 1367/127/1836 1368/127/1836
f 1367/127/1837 1350/127/1837 1368/127/1837
f 1369/127/1838 1199/127/1838 1370/127/1838
f 1197/127/1839 1199/127/1839 1369/127/1839
f 1218/127/1840 1220/127/1841 1371/127/1842
f 1372/127/1843 1373/127/1843 1371/127/1843
f 1374/127/1844 1375/127/1844 1376/127/1844
f 1347/127/1845 1377/127/1845 1378/127/1845
f 1346/127/1846 1347/127/1846 1378/127/1846
f 1379/127/1847 1095/127/1847 1104/127/1847
f 1377/127/1848 1380/127/1848 1381/127/1848
f 1253/127/1849 1251/127/1849 1250/127/1849
f 1288/127/1850 1382/127/1850 1253/127/1850
f 1263/127/1851 1262/127/1851 1383/127/1851
f 1366/127/1852 1383/127/1852 1367/127/1852
f 1257/127/1853 1256/127/1853 1303/127/1853
f 1384/127/1854 1385/127/1854 1257/127/1854
f 1386/127/1855 1387/127/1855 1388/127/1855
f 1187/127/1856 1186/127/1857 1388/127/1858
f 1388/127/1858 1186/127/1857 1386/127/1859
f 1292/127/1860 1291/127/1860 1089/127/1860
f 1389/127/1861 1390/127/1861 1391/127/1861
f 1392/127/1862 1389/127/1862 1393/127/1862
f 1222/127/1863 1078/127/1863 1221/127/1863
f 1305/127/1864 1394/127/1864 1306/127/1864
f 1395/127/1865 1144/127/1865 1164/127/1865
f 1395/127/1866 1145/127/1866 1144/127/1866
f 1318/127/1867 1364/127/1867 1319/127/1867
f 1318/127/1868 1396/127/1868 1364/127/1868
f 1085/127/1869 1084/127/1869 1239/127/1869
f 1086/127/1870 1088/127/1870 1190/127/1870
f 1397/127/1871 1242/127/1871 1244/127/1871
f 1397/127/1872 1398/127/1872 1242/127/1872
f 1177/127/1873 1176/127/1873 1399/127/1873
f 1399/127/1874 1400/127/1874 1254/127/1874
f 1385/127/1875 1384/127/1875 1296/127/1875
f 1401/127/1876 1296/127/1876 1295/127/1876
f 1369/127/1877 1195/127/1877 1197/127/1877
f 1369/127/1878 1402/127/1878 1195/127/1878
f 1341/127/1879 1328/127/1879 1327/127/1879
f 1326/127/1880 1403/127/1880 1404/127/1880
f 1138/127/1881 1237/127/1881 1139/127/1881
f 1237/127/1882 1236/127/1882 1139/127/1882
f 1211/127/1883 1210/127/1883 1247/127/1883
f 1247/127/1884 1246/127/1884 1245/127/1884
f 1391/127/1885 1405/127/1885 1406/127/1885
f 1393/127/1886 1406/127/1887 1392/127/1888
f 1406/127/1887 1393/127/1886 1391/127/1889
f 1407/127/1890 1408/127/1890 1409/127/1890
f 1410/127/1891 1411/127/1891 1412/127/1891
f 1413/127/1892 1414/127/1892 1415/127/1892
f 1244/127/1893 1416/127/1893 1397/127/1893
f 1391/127/1894 1390/127/1894 1417/127/1894
f 1418/127/1895 1419/127/1895 1420/127/1895
f 1421/127/1896 1422/127/1896 1423/127/1896
f 1169/127/1897 1171/127/1897 1423/127/1897
f 1424/127/1898 1344/127/1898 1378/127/1898
f 1344/127/1899 1424/127/1899 1403/127/1899
f 1425/127/1900 1426/127/1900 1388/127/1900
f 1388/127/1901 1188/127/1901 1187/127/1901
f 1427/127/1902 1309/127/1902 1308/127/1902
f 1372/127/1903 1371/127/1903 1309/127/1903
f 1295/127/1904 1294/127/1904 1401/127/1904
f 1294/127/1905 1428/127/1905 1401/127/1905
f 1429/127/1906 1146/127/1906 1148/127/1906
f 1148/127/1907 1326/127/1907 1429/127/1907
f 1337/127/1908 1430/127/1908 1335/127/1908
f 1337/127/1909 1194/127/1910 1430/127/1911
f 1198/127/1912 1194/127/1910 1337/127/1909
f 1248/127/1913 1247/127/1913 1245/127/1913
f 1431/127/1914 1276/127/1914 1432/127/1914
f 1226/127/1915 1152/127/1915 1433/127/1915
f 1226/127/1916 1396/127/1916 1434/127/1916
f 1270/127/1917 1392/127/1917 1267/127/1917
f 1392/127/1918 1406/127/1918 1267/127/1918
f 1083/127/1919 1111/127/1919 1084/127/1919
f 1202/127/1920 1117/127/1920 1200/127/1920
f 1381/127/1921 1435/127/1921 1424/127/1921
f 1380/127/1922 1435/127/1922 1381/127/1922
f 1436/127/1923 1170/127/1923 1169/127/1923
f 1437/127/1924 1438/127/1924 1436/127/1924
f 1439/127/1925 1399/127/1925 1254/127/1925
f 1253/127/1926 1439/127/1926 1254/127/1926
f 1119/127/1927 1440/127/1927 1179/127/1927
f 1440/127/1928 1157/127/1928 1179/127/1928
f 1351/127/1929 1122/127/1929 1125/127/1929
f 1297/127/1818 1351/127/1930 1293/127/1819
f 1206/127/1931 1441/127/1931 1207/127/1931
f 1110/127/1932 1441/127/1932 1108/127/1932
f 1442/127/1933 1080/127/1933 1252/127/1933
f 1273/127/1934 1115/127/1934 1274/127/1934
f 1212/127/1935 1193/127/1935 1131/127/1935
f 1443/127/1936 1444/127/1936 1445/127/1936
f 1126/127/1937 1350/127/1937 1127/127/1937
f 1446/127/1938 1127/127/1938 1350/127/1938
f 1423/127/1939 1358/127/1939 1421/127/1939
f 1358/127/1940 1355/127/1940 1421/127/1940
f 1189/127/1941 1331/127/1941 1330/127/1941
f 1184/127/1942 1189/127/1942 1330/127/1942
f 1447/127/1943 1448/127/1943 1299/127/1943
f 1448/127/1944 1300/127/1944 1299/127/1944
f 1449/127/1945 1450/127/1945 1451/127/1945
f 1238/127/1946 1452/127/1946 1453/127/1946
f 1312/127/1947 1311/127/1947 1456/127/1947
f 1457/127/1948 1458/127/1948 1459/127/1948
f 1459/127/1949 1460/127/1949 1461/127/1949
f 1201/127/1950 1249/127/1950 1280/127/1950
f 1249/127/1951 1211/127/1951 1247/127/1952
f 1211/127/1951 1249/127/1951 1201/127/1953
f 1211/127/1954 1201/127/1954 1209/127/1954
f 1319/127/1955 1365/127/1955 1138/127/1955
f 1140/127/1956 1319/127/1956 1138/127/1956
f 1324/127/1957 1323/127/1957 1462/127/1957
f 1463/127/1958 1464/127/1958 1462/127/1958
f 1415/127/1959 1243/127/1960 1413/127/1959
f 1243/127/1960 1465/127/1961 1413/127/1959
f 1244/127/1962 1243/127/1960 1415/127/1959
f 1465/127/1963 1466/127/1963 1413/127/1963
f 1272/127/1964 1389/127/1964 1392/127/1964
f 1270/127/1965 1272/127/1965 1392/127/1965
f 1371/127/1966 1467/127/1966 1309/127/1966
f 1309/127/1967 1467/127/1967 1468/127/1967
f 1172/127/1968 1174/127/1968 1399/127/1968
f 1399/127/1969 1439/127/1969 1172/127/1969
f 1370/127/1970 1469/127/1971 1470/127/1972
f 1471/127/1973 1370/127/1970 1470/127/1972
f 1469/127/1974 1472/127/1974 1473/127/1974
f 1417/127/1975 1405/127/1975 1391/127/1975
f 1418/127/1976 1474/127/1976 1405/127/1976
f 1096/127/1977 1098/127/1977 1205/127/1977
f 1205/127/1978 1099/127/1978 1096/127/1978
f 1108/127/1979 1105/127/1979 1109/127/1979
f 1105/127/1980 1107/127/1980 1241/127/1980
f 1475/127/1981 1476/127/1981 1410/127/1981
f 1409/127/1982 1476/127/1982 1407/127/1982
f 1335/127/1983 1360/127/1983 1232/127/1983
f 1335/127/1984 1232/127/1985 1334/127/1986
f 1334/127/1986 1336/127/1987 1335/127/1984
f 1141/127/1988 1133/127/1988 1395/127/1988
f 1420/127/1989 1477/127/1989 1418/127/1989
f 1328/127/1990 1403/127/1990 1326/127/1990
f 1344/127/1991 1403/127/1991 1328/127/1991
f 1478/127/1992 1479/127/1992 1318/127/1992
f 1479/127/1993 1226/127/1993 1434/127/1993
f 1259/127/1994 1262/127/1994 1480/127/1994
f 1480/127/1995 1262/127/1995 1261/127/1995
f 1481/127/1996 1482/127/1996 1483/127/1996
f 1407/127/1997 1482/127/1997 1408/127/1997
f 1173/127/1998 1275/127/1998 1177/127/1998
f 1139/127/1999 1233/127/1999 1235/127/1999
f 1103/127/2000 1102/127/2000 1484/127/2000
f 1484/127/2001 1377/127/2001 1104/127/2001
f 1459/127/2002 1458/127/2002 1485/127/2002
f 1486/127/2003 1487/127/2003 1485/127/2003
f 1488/127/2004 1359/127/2004 1489/127/2004
f 1355/127/2005 1359/127/2005 1488/127/2005
f 1470/127/2006 1490/127/2006 1402/127/2006
f 1491/127/2007 1490/127/2007 1473/127/2007
f 1166/127/2008 1082/127/2008 1284/127/2008
f 1284/127/2009 1167/127/2009 1166/127/2009
f 1492/127/2010 1354/127/2010 1353/127/2010
f 1257/127/2011 1428/127/2011 1255/127/2011
f 1401/127/2012 1428/127/2012 1257/127/2012
f 1493/127/2013 1494/127/2013 1495/127/2013
f 1496/127/2014 1300/127/2014 1497/127/2014
f 1496/127/2015 1497/127/2015 1498/127/2015
f 1499/127/2016 1500/127/2016 1501/127/2016
f 1192/127/2017 1212/127/2017 1074/127/2017
f 1192/127/2018 1074/127/2018 1239/127/2018
f 1129/127/2019 1502/127/2019 1130/127/2019
f 1130/127/2020 1128/127/2020 1075/127/2020
f 1503/127/2021 1504/127/2021 1505/127/2021
f 1503/127/2022 1505/127/2022 1506/127/2022
f 1184/127/2023 1330/127/2023 1185/127/2023
f 1185/127/2024 1330/127/2024 1216/127/2025
f 1323/127/2026 1507/127/2026 1508/127/2026
f 1508/127/2027 1509/127/2027 1323/127/2027
f 1451/127/2028 1233/127/2028 1238/127/2028
f 1451/127/2029 1238/127/2029 1453/127/2029
f 1263/127/2030 1510/127/2030 1261/127/2030
f 1511/127/2031 1510/127/2032 1366/127/2033
f 1368/127/2034 1511/127/2031 1366/127/2033
f 1224/127/2035 1128/127/2035 1129/127/2035
f 1350/127/2036 1512/127/2036 1368/127/2036
f 1121/127/2037 1512/127/2037 1350/127/2037
f 1183/127/2038 1087/127/2038 1112/127/2038
f 1111/127/2039 1183/127/2039 1112/127/2039
f 1350/127/2040 1367/127/2040 1446/127/2040
f 1383/127/2041 1446/127/2041 1367/127/2041
f 1197/127/2042 1195/127/2042 1194/127/2042
f 1483/127/2043 1514/127/2043 1481/127/2043
f 1407/127/2044 1476/127/2044 1514/127/2044
f 1286/127/2045 1250/127/2045 1252/127/2045
f 1286/127/2046 1082/127/2046 1166/127/2046
f 1207/127/2047 1441/127/2047 1515/127/2047
f 1516/127/2048 1089/127/2048 1291/127/2048
f 1202/127/2049 1200/127/2049 1203/127/2049
f 1200/127/2050 1282/127/2050 1203/127/2050
f 1260/127/2051 1266/127/2051 1304/127/2051
f 1255/127/2052 1260/127/2052 1256/127/2052
f 1517/127/2053 1354/127/2053 1492/127/2053
f 1354/127/2054 1517/127/2055 1518/127/2055
f 1519/127/2056 1271/127/2056 1269/127/2056
f 1520/127/2057 1521/127/2057 1519/127/2057
f 1384/127/2058 1257/127/2058 1303/127/2058
f 1522/127/2059 1398/127/2059 1397/127/2059
f 1322/127/2060 1507/127/2060 1323/127/2060
f 1507/127/2061 1322/127/2061 1523/127/2061
f 1524/127/2062 1525/127/2062 1526/127/2062
f 1505/127/2063 1526/127/2063 1527/127/2063
f 1528/127/2064 1529/127/2064 1530/127/2064
f 1531/127/2065 1425/127/2065 1529/127/2065
f 1370/127/2066 1471/127/2066 1369/127/2066
f 1532/127/2067 1533/127/2067 1534/127/2067
f 1535/127/2068 1413/127/2068 1532/127/2068
f 1530/127/2069 1529/127/2069 1387/127/2069
f 1387/127/2070 1386/127/2070 1530/127/2070
f 1536/127/2071 1537/127/2071 1397/127/2071
f 1416/127/2072 1536/127/2072 1397/127/2072
f 1538/127/2073 1539/127/2073 1540/127/2073
f 1541/127/2074 1460/127/2075 1485/127/2074
f 1485/127/2076 1460/127/2077 1459/127/2078
f 1335/127/2079 1430/127/2079 1196/127/2079
f 1194/127/2080 1196/127/2080 1430/127/2080
f 1447/127/2081 1542/127/2081 1448/127/2081
f 1448/127/2082 1542/127/2082 1543/127/2082
f 1094/127/2083 1317/127/2083 1092/127/2083
f 1150/127/2084 1133/127/2084 1132/127/2084
f 1133/127/2085 1145/127/2085 1395/127/2085
f 1156/127/2086 1077/127/2086 1159/127/2086
f 1314/127/2087 1077/127/2087 1156/127/2087
f 1412/127/2088 1545/127/2088 1546/127/2088
f 1412/127/2089 1411/127/2089 1545/127/2089
f 1282/127/2090 1547/127/2090 1209/127/2090
f 1547/127/2091 1210/127/2091 1209/127/2091
f 1333/127/2092 1217/127/2092 1332/127/2092
f 1230/127/2093 1348/127/2093 1231/127/2093
f 1315/127/2094 1228/127/2094 1316/127/2094
f 1376/127/2095 1548/127/2095 1549/127/2095
f 1549/127/2096 1374/127/2096 1376/127/2096
f 1550/127/2097 1477/127/2097 1420/127/2097
f 1347/127/2098 1379/127/2098 1377/127/2098
f 1104/127/2099 1377/127/2099 1379/127/2099
f 1436/127/2100 1422/127/2100 1551/127/2100
f 1436/127/2101 1551/127/2101 1437/127/2101
f 1425/127/2102 1387/127/2102 1529/127/2102
f 1387/127/2103 1425/127/2103 1388/127/2103
f 1541/127/2104 1485/127/2104 1487/127/2104
f 1541/127/2105 1487/127/2105 1552/127/2105
f 1273/127/2106 1116/127/2106 1118/127/2106
f 1273/127/2107 1274/127/2107 1116/127/2107
f 1509/127/2108 1463/127/2109 1462/127/2110
f 1457/127/2111 1463/127/2109 1509/127/2108
f 1509/127/2112 1462/127/2112 1323/127/2112
f 1321/127/2113 1523/127/2113 1322/127/2113
f 1074/127/2114 1212/127/2114 1075/127/2114
f 1212/127/2115 1130/127/2115 1075/127/2115
f 1310/127/2116 1306/127/2116 1394/127/2116
f 1306/127/2117 1310/127/2118 1312/127/2119
f 1306/127/2117 1312/127/2119 1307/127/2120
f 1225/127/2121 1433/127/2121 1152/127/2121
f 1468/127/2122 1305/127/2122 1309/127/2122
f 1468/127/2123 1394/127/2123 1305/127/2123
f 1210/127/2124 1246/127/2124 1247/127/2124
f 1154/127/2125 1153/127/2125 1362/127/2125
f 1147/127/2126 1160/127/2126 1162/127/2126
f 1160/127/2127 1147/127/2127 1149/127/2127
f 1290/127/2128 1106/127/2128 1208/127/2128
f 1291/127/2129 1290/127/2129 1208/127/2129
f 1163/127/2130 1395/127/2130 1164/127/2130
f 1141/127/2131 1395/127/2131 1163/127/2131
f 1436/127/2132 1438/127/2132 1170/127/2132
f 1076/127/2133 1240/127/2133 1074/127/2133
f 1553/127/2134 1414/127/2134 1413/127/2134
f 1413/127/2135 1535/127/2135 1553/127/2135
f 1184/127/2136 1186/127/2136 1187/127/2136
f 1187/127/2137 1189/127/2137 1184/127/2137
f 1488/127/2138 1356/127/2138 1355/127/2138
f 1356/127/2139 1488/127/2139 1489/127/2139
f 1374/127/2140 1554/127/2140 1555/127/2140
f 1374/127/2141 1555/127/2141 1546/127/2141
f 1355/127/2142 1357/127/2142 1421/127/2142
f 1297/127/2143 1120/127/2143 1351/127/2143
f 1249/127/2144 1279/127/2144 1280/127/2144
f 1126/127/2145 1122/127/2145 1123/127/2145
f 1122/127/2146 1126/127/2146 1125/127/2146
f 1139/127/2147 1236/127/2147 1233/127/2147
f 1238/127/2148 1233/127/2148 1236/127/2148
f 1549/127/2149 1548/127/2149 1558/127/2149
f 1548/127/2150 1559/127/2150 1558/127/2150
f 1546/127/2151 1375/127/2151 1374/127/2151
f 1545/127/2152 1375/127/2152 1546/127/2152
f 1286/127/2153 1288/127/2153 1250/127/2153
f 1250/127/2154 1288/127/2154 1253/127/2154
f 1560/127/2155 1561/127/2155 1562/127/2155
f 1560/127/2156 1563/127/2156 1564/127/2156
f 1086/127/2157 1084/127/2157 1112/127/2157
f 1086/127/2158 1239/127/2158 1084/127/2158
f 1463/127/2159 1457/127/2159 1459/127/2159
f 1268/127/2160 1519/127/2160 1269/127/2160
f 1137/127/2161 1154/127/2161 1135/127/2161
f 1151/127/2162 1135/127/2162 1154/127/2162
f 1150/127/2163 1132/127/2163 1151/127/2163
f 1135/127/2164 1151/127/2164 1132/127/2164
f 1276/127/2165 1431/127/2165 1175/127/2165
f 1175/127/2166 1177/127/2166 1276/127/2166
f 1304/127/2167 1302/127/2167 1256/127/2167
f 1256/127/2168 1260/127/2168 1304/127/2168
f 1557/127/2169 1565/127/2169 1566/127/2169
f 1556/127/2170 1565/127/2170 1557/127/2170
f 1328/127/2171 1340/127/2171 1345/127/2171
f 1340/127/2172 1328/127/2172 1341/127/2172
f 1423/127/2173 1171/127/2173 1358/127/2173
f 1273/127/2174 1118/127/2174 1113/127/2174
f 1118/127/2175 1119/127/2175 1181/127/2175
f 1504/127/2176 1498/127/2177 1524/127/2178
f 1292/127/2179 1094/127/2179 1289/127/2179
f 1094/127/2180 1292/127/2180 1089/127/2180
f 1567/127/2181 1497/127/2181 1300/127/2181
f 1497/127/2182 1567/127/2182 1498/127/2182
f 1452/127/2183 1450/127/2183 1449/127/2183
f 1125/127/2184 1293/127/2184 1351/127/2184
f 1563/127/2185 1568/127/2185 1564/127/2185
f 1569/127/2186 1495/127/2186 1500/127/2186
f 1569/127/2187 1500/127/2187 1499/127/2187
f 1285/127/2188 1283/127/2188 1167/127/2188
f 1300/127/2189 1543/127/2189 1567/127/2189
f 1448/127/2190 1543/127/2190 1300/127/2190
f 1393/127/2191 1389/127/2191 1391/127/2191
f 1091/127/2192 1149/127/2192 1094/127/2192
f 1149/127/2193 1091/127/2193 1160/127/2193
f 1320/127/2194 1099/127/2194 1205/127/2194
f 1320/127/2195 1278/127/2195 1099/127/2195
f 1373/127/2196 1218/127/2196 1371/127/2196
f 1373/127/2197 1219/127/2197 1218/127/2197
f 1260/127/2198 1255/127/2198 1258/127/2198
f 1164/127/2199 1283/127/2199 1285/127/2199
f 1165/127/2200 1164/127/2200 1285/127/2200
f 1269/127/2201 1270/127/2201 1267/127/2201
f 1271/127/2202 1270/127/2202 1269/127/2203
f 1570/127/2204 1110/127/2204 1182/127/2204
f 1109/127/2205 1182/127/2205 1110/127/2205
f 1571/127/2206 1090/127/2207 1089/127/2206
f 1571/127/2206 1089/127/2206 1516/127/2208
f 1101/127/2209 1103/127/2209 1097/127/2209
f 1097/127/2210 1096/127/2210 1101/127/2210
f 1408/127/2211 1411/127/2212 1410/127/2211
f 1409/127/2213 1408/127/2211 1410/127/2211
f 1506/127/2214 1541/127/2214 1552/127/2214
f 1506/127/2215 1552/127/2215 1503/127/2215
f 1152/127/2216 1154/127/2216 1137/127/2216
f 1152/127/2217 1137/127/2217 1225/127/2217
f 1572/127/2218 1573/127/2218 1574/127/2218
f 1572/127/2219 1520/127/2219 1573/127/2219
f 1422/127/2220 1169/127/2220 1423/127/2220
f 1169/127/2221 1422/127/2221 1436/127/2221
f 1541/127/2222 1506/127/2222 1575/127/2222
f 1541/127/2223 1575/127/2223 1460/127/2223
f 1276/127/2224 1275/127/2224 1432/127/2224
f 1576/127/2225 1140/127/2225 1139/127/2225
f 1235/127/2226 1576/127/2226 1139/127/2226
f 1470/127/2227 1402/127/2227 1471/127/2227
f 1369/127/2228 1471/127/2228 1402/127/2228
f 1298/127/2229 1114/127/2229 1180/127/2229
f 1180/127/2230 1114/127/2230 1113/127/2230
f 1473/127/2231 1472/127/2231 1491/127/2231
f 1206/127/2232 1208/127/2232 1108/127/2232
f 1206/127/2233 1108/127/2233 1441/127/2233
f 1565/127/2234 1577/127/2234 1566/127/2234
f 1404/127/2235 1429/127/2235 1326/127/2235
f 1190/127/2236 1088/127/2236 1191/127/2236
f 1090/127/2237 1161/127/2237 1160/127/2237
f 1315/127/2238 1316/127/2238 1231/127/2238
f 1231/127/2239 1348/127/2239 1315/127/2239
f 1454/127/2240 1578/127/2240 1455/127/2240
f 1254/127/2241 1579/127/2242 1251/127/2243
f 1251/127/2243 1579/127/2242 1442/127/2243
f 1400/127/2244 1579/127/2242 1254/127/2241
f 1498/127/2245 1580/127/2245 1496/127/2245
f 1580/127/2246 1498/127/2246 1504/127/2246
f 1581/127/2247 1582/127/2247 1583/127/2247
f 1584/127/2248 1581/127/2248 1583/127/2248
f 1558/127/2249 1559/127/2249 1585/127/2249
f 1585/127/2250 1559/127/2250 1586/127/2250
f 1585/127/2251 1586/127/2251 1587/127/2252
f 1200/127/2253 1281/127/2253 1282/127/2253
f 1558/127/2254 1588/127/2254 1549/127/2254
f 1558/127/2255 1589/127/2255 1588/127/2255
f 1537/127/2256 1590/127/2256 1522/127/2256
f 1397/127/2257 1537/127/2258 1522/127/2258
f 1179/127/2259 1157/127/2259 1159/127/2259
f 1179/127/2260 1159/127/2260 1178/127/2260
f 1502/127/2261 1128/127/2261 1130/127/2261
f 1129/127/2262 1128/127/2262 1502/127/2262
f 1177/127/2263 1399/127/2263 1174/127/2263
f 1177/127/2264 1174/127/2264 1173/127/2264
f 1251/127/2265 1442/127/2265 1252/127/2265
f 1248/127/2266 1544/127/2266 1279/127/2266
f 1245/127/2267 1544/127/2267 1248/127/2267
f 1473/127/2268 1490/127/2268 1470/127/2268
f 1470/127/2269 1469/127/2269 1473/127/2269
f 1591/127/2270 1592/127/2270 1593/127/2270
f 1532/127/2271 1591/127/2271 1593/127/2271
f 1519/127/2272 1521/127/2272 1271/127/2272
f 1412/127/2273 1594/127/2273 1475/127/2273
f 1412/127/2274 1475/127/2274 1410/127/2274
f 1262/127/2275 1343/127/2275 1383/127/2275
f 1345/127/2276 1342/127/2276 1347/127/2276
f 1345/127/2277 1340/127/2277 1342/127/2277
f 1595/127/2278 1352/127/2278 1596/127/2278
f 1596/127/2279 1352/127/2279 1354/127/2279
f 1453/127/2280 1449/127/2280 1451/127/2280
f 1449/127/2281 1453/127/2281 1452/127/2281
f 1520/127/2282 1574/127/2282 1521/127/2282
f 1572/127/2283 1574/127/2283 1520/127/2283
f 1207/127/2284 1515/127/2284 1516/127/2284
f 1492/127/2285 1353/127/2285 1597/127/2285
f 1492/127/2286 1597/127/2286 1598/127/2286
f 1528/127/2287 1531/127/2287 1529/127/2287
f 1532/127/2288 1466/127/2288 1591/127/2288
f 1413/127/2289 1466/127/2289 1532/127/2289
f 1601/127/2290 1455/127/2290 1578/127/2290
f 1578/127/2291 1602/127/2292 1601/127/2292
f 1378/127/2293 1381/127/2293 1424/127/2293
f 1378/127/2294 1377/127/2294 1381/127/2294
f 1388/127/2295 1426/127/2295 1188/127/2295
f 1094/127/2296 1093/127/2296 1289/127/2296
f 1289/127/2297 1093/127/2297 1290/127/2297
f 1462/127/2298 1464/127/2298 1324/127/2298
f 1390/127/2299 1419/127/2299 1417/127/2299
f 1082/127/2300 1252/127/2300 1080/127/2300
f 1286/127/2301 1252/127/2301 1082/127/2301
f 1385/127/2302 1296/127/2302 1401/127/2302
f 1257/127/2303 1385/127/2303 1401/127/2303
f 1588/127/2304 1554/127/2304 1549/127/2304
f 1554/127/2305 1374/127/2305 1549/127/2305
f 1415/127/2306 1414/127/2307 1244/127/2308
f 1244/127/2308 1414/127/2307 1416/127/2309
f 1339/127/2310 1325/127/2310 1162/127/2310
f 1339/127/2311 1327/127/2311 1325/127/2311
f 1285/127/2312 1284/127/2312 1165/127/2312
f 1284/127/2313 1082/127/2313 1165/127/2313
f 1447/127/2314 1603/127/2314 1542/127/2314
f 1261/127/2315 1264/127/2315 1480/127/2315
f 1461/127/2316 1464/127/2316 1463/127/2316
f 1459/127/2317 1461/127/2317 1463/127/2317
f 1104/127/2318 1097/127/2318 1103/127/2318
f 1103/127/2319 1484/127/2319 1104/127/2319
f 1604/127/2320 1605/127/2320 1606/127/2320
f 1439/127/2321 1382/127/2321 1172/127/2321
f 1439/127/2322 1253/127/2322 1382/127/2322
f 1477/127/2323 1474/127/2323 1418/127/2323
f 1268/127/2324 1607/127/2324 1519/127/2324
f 1607/127/2325 1520/127/2325 1519/127/2325
f 1371/127/2326 1220/127/2327 1467/127/2328
f 1407/127/2329 1514/127/2329 1483/127/2329
f 1483/127/2330 1482/127/2330 1407/127/2330
f 1208/127/2331 1207/127/2331 1291/127/2331
f 1516/127/2332 1291/127/2332 1207/127/2332
f 1504/127/2333 1524/127/2333 1505/127/2333
f 1524/127/2334 1526/127/2334 1505/127/2334
f 1434/127/2335 1396/127/2335 1318/127/2335
f 1318/127/2336 1479/127/2336 1434/127/2336
f 1213/127/2337 1333/127/2337 1332/127/2337
f 1332/127/2338 1214/127/2338 1213/127/2338
f 1338/127/2339 1341/127/2339 1327/127/2339
f 1229/127/2340 1608/127/2340 1227/127/2340
f 1609/127/2341 1227/127/2342 1608/127/2343
f 1562/127/2344 1609/127/2341 1608/127/2343
f 1569/127/2345 1493/127/2345 1495/127/2345
f 1610/127/2346 1493/127/2346 1569/127/2346
f 1223/127/2347 1155/127/2347 1245/127/2347
f 1527/127/2348 1506/127/2348 1505/127/2348
f 1527/127/2349 1575/127/2349 1506/127/2349
f 1598/127/2350 1611/127/2350 1492/127/2350
f 1597/127/2351 1612/127/2351 1598/127/2352
f 1611/127/2353 1517/127/2353 1492/127/2353
f 1560/127/2354 1562/127/2354 1613/127/2354
f 1613/127/2355 1562/127/2355 1608/127/2355
f 1314/127/2356 1221/127/2356 1077/127/2356
f 1221/127/2357 1314/127/2357 1313/127/2357
f 1534/127/2358 1535/127/2358 1532/127/2358
f 1264/127/2359 1266/127/2359 1480/127/2359
f 1480/127/2360 1266/127/2360 1259/127/2360
f 1192/127/2361 1239/127/2361 1190/127/2361
f 1086/127/2362 1190/127/2362 1239/127/2362
f 1226/127/2363 1433/127/2363 1396/127/2363
f 1433/127/2364 1364/127/2364 1396/127/2364
f 1608/127/2365 1349/127/2365 1613/127/2365
f 1229/127/2366 1349/127/2366 1608/127/2366
f 1365/127/2367 1363/127/2367 1138/127/2367
f 1168/127/2368 1287/127/2368 1286/127/2368
f 1263/127/2369 1366/127/2369 1510/127/2369
f 1383/127/2370 1366/127/2370 1263/127/2370
f 1133/127/2371 1150/127/2371 1145/127/2371
f 1150/127/2372 1143/127/2372 1145/127/2372
f 1368/127/2373 1512/127/2373 1511/127/2373
f 1410/127/2374 1476/127/2374 1409/127/2374
f 1587/127/2375 1586/127/2375 1614/127/2375
f 1176/127/2376 1400/127/2376 1399/127/2376
f 1183/127/2377 1109/127/2377 1241/127/2377
f 1109/127/2378 1105/127/2378 1241/127/2378
f 1615/127/2379 1616/127/2379 1617/127/2379
f 1564/127/2380 1561/127/2380 1560/127/2380
f 1346/127/2381 1344/127/2381 1345/127/2381
f 1378/127/2382 1344/127/2382 1346/127/2382
f 1300/127/2383 1496/127/2383 1301/127/2383
f 1123/127/2384 1121/127/2384 1350/127/2384
f 1593/127/2385 1618/127/2385 1533/127/2385
f 1593/127/2386 1533/127/2386 1532/127/2386
f 1304/127/2387 1265/127/2387 1302/127/2387
f 1576/127/2388 1478/127/2388 1140/127/2388
f 1478/127/2389 1318/127/2389 1140/127/2389
f 1417/127/2390 1418/127/2390 1405/127/2390
f 1418/127/2391 1417/127/2391 1419/127/2391
f 1498/127/2392 1525/127/2393 1524/127/2392
f 1567/127/2394 1525/127/2395 1498/127/2394
f 1592/127/2396 1618/127/2396 1593/127/2396
f 1592/127/2397 1619/127/2397 1618/127/2397
f 1596/127/2398 1518/127/2398 1595/127/2398
f 1354/127/2399 1518/127/2399 1596/127/2399
f 1485/127/2400 1458/127/2400 1486/127/2400
f 1546/127/2401 1594/127/2401 1412/127/2401
f 1546/127/2402 1555/127/2402 1594/127/2402
f 1330/127/2403 1329/127/2403 1216/127/2403
f 1329/127/2404 1217/127/2404 1216/127/2404
f 1335/127/2405 1361/127/2405 1360/127/2405
f 1083/127/2406 1570/127/2406 1111/127/2406
f 1111/127/2407 1570/127/2407 1182/127/2407
f 1499/127/2408 1610/127/2408 1569/127/2408
f 1499/127/2409 1501/127/2409 1610/127/2409
f 1165/127/2410 1081/127/2410 1277/127/2410
f 1178/127/2411 1298/127/2411 1180/127/2411
f 1298/127/2411 1178/127/2411 1077/127/2412
f 1589/127/2413 1558/127/2413 1585/127/2413
f 1587/127/2414 1589/127/2414 1585/127/2414
f 1513/127/2415 1620/127/2416 1578/127/2417
f 1578/127/2417 1454/127/2418 1513/127/2415
f 1602/127/2419 1578/127/2419 1620/127/2419
f 1614/127/2420 1444/127/2420 1443/127/2420
f 1377/127/2421 1484/127/2421 1380/127/2421
f 1309/127/2422 1427/127/2422 1372/127/2422
f 1598/127/2423 1612/127/2423 1494/127/2423
f 1451/127/2424 1234/127/2424 1233/127/2424
f 1451/127/2425 1450/127/2425 1234/127/2425
f 1562/127/2426 1561/127/2426 1609/127/2426
f 1278/127/2427 1205/127/2427 1204/127/2427
f 1181/127/2428 1180/127/2428 1113/127/2428
f 1113/127/2429 1118/127/2429 1181/127/2429
f 1445/127/2430 1538/127/2430 1540/127/2430
f 1443/127/2431 1445/127/2431 1540/127/2431
f 1621/127/2432 1539/127/2432 1538/127/2432
f 1420/127/2433 1622/127/2433 1550/127/2433
usemtl wpn_p01_ar_mike4_stock_v35.004
f 1624/127/2434 1625/127/2434 1623/127/2434
f 1628/127/2435 1627/127/2435 1626/127/2435
f 1629/127/2436 1630/127/2436 1632/127/2436
f 1629/127/2437 1632/127/2437 1631/127/2437
f 1633/127/2438 1631/127/2438 1632/127/2438
f 1633/127/2439 1632/127/2439 1634/127/2439
f 1635/127/2440 1634/127/2440 1632/127/2440
f 1632/127/2441 1630/127/2441 1635/127/2441
f 1636/127/2442 1635/127/2442 1638/127/2442
f 1636/127/2443 1637/127/2443 1635/127/2443
f 1634/127/2444 1635/127/2444 1637/127/2444
f 1639/127/2445 1638/127/2445 1635/127/2445
f 1630/127/2446 1639/127/2446 1635/127/2446
f 1639/127/2447 1631/127/2447 1638/127/2447
f 1640/127/2448 1631/127/2448 1639/127/2448
f 1630/127/2449 1640/127/2449 1639/127/2449
f 1631/127/2450 1640/127/2450 1641/127/2450
f 1630/127/2451 1641/127/2451 1640/127/2451
f 1638/127/2452 1631/127/2452 1633/127/2452
f 1638/127/2453 1642/127/2453 1636/127/2453
f 1642/127/2454 1638/127/2454 1633/127/2454
f 1642/127/2455 1637/127/2455 1636/127/2455
f 1637/127/2456 1642/127/2456 1634/127/2456
f 1645/127/2457 1643/127/2457 1646/127/2457
f 1651/127/2458 1646/127/2458 1647/127/2458
f 1646/127/2459 1651/127/2459 1648/127/2459
f 1648/127/2460 1649/127/2460 1646/127/2460
f 1646/127/2461 1649/127/2461 1650/127/2461
f 1650/127/2462 1645/127/2462 1646/127/2462
f 1651/127/2463 1644/127/2463 1648/127/2463
f 1647/127/2464 1644/127/2464 1651/127/2464
f 1645/127/2465 1650/127/2465 1652/127/2465
f 1652/127/2466 1650/127/2466 1653/127/2466
f 1649/127/2467 1653/127/2467 1650/127/2467
f 1649/127/2468 1654/127/2468 1653/127/2468
f 1654/127/2469 1655/127/2469 1653/127/2469
f 1653/127/2470 1655/127/2470 1652/127/2470
f 1654/127/2471 1656/127/2471 1655/127/2471
f 1652/127/2472 1655/127/2472 1656/127/2472
f 1656/127/2473 1654/127/2473 1649/127/2473
f 1648/127/2474 1656/127/2474 1649/127/2474
f 1652/127/2475 1656/127/2475 1645/127/2475
f 1645/127/2476 1656/127/2476 1644/127/2476
f 1648/127/2477 1644/127/2477 1656/127/2477
usemtl xmaterial_bf0acc1fa4df433.004
f 1657/127/2478 1659/127/2478 1658/127/2479
f 1659/127/2478 1657/127/2478 1660/127/2480
f 1660/127/2481 1662/127/2482 1661/127/2483
f 1663/127/2484 1660/127/2484 1664/127/2484
f 1663/127/2485 1664/127/2485 1665/127/2485
f 1661/127/2483 1662/127/2482 1666/127/2483
f 1667/127/2486 1662/127/2486 1668/127/2486
f 1669/127/2487 1668/127/2487 1667/127/2487
f 1666/127/2488 1671/127/2488 1670/127/2488
f 1670/127/2489 1672/127/2489 1671/127/2489
f 1673/127/2490 1674/127/2490 1661/127/2490
f 1674/127/2491 1676/127/2491 1675/127/2491
f 1677/127/2492 1675/127/2492 1676/127/2492
f 1678/127/2493 1673/127/2494 1679/127/2495
f 1679/127/2495 1680/127/2496 1678/127/2493
f 1681/127/2497 1683/127/2497 1682/127/2498
f 1681/127/2497 1684/127/2499 1683/127/2497
f 1685/127/2500 1684/127/2501 1686/127/2500
f 1686/127/2502 1687/127/2502 1684/127/2502
f 1688/127/2503 1685/127/2500 1686/127/2500
f 1688/127/2504 1690/127/2504 1685/127/2504
f 1685/127/2505 1689/127/2505 1688/127/2505
f 1690/127/2506 1688/127/2506 1691/127/2506
f 1692/127/2507 1693/127/2508 1691/127/2509
f 1691/127/2509 1690/127/2509 1692/127/2507
f 1689/127/2510 1693/127/2511 1694/127/2510
f 1694/127/2512 1693/127/2513 1695/127/2514
f 1696/127/2515 1693/127/2516 1694/127/2517
f 1695/127/2515 1693/127/2516 1696/127/2515
f 1694/127/2512 1695/127/2514 1696/127/2518
f 1696/127/2519 1695/127/2519 1697/127/2519
f 1698/127/2520 1689/127/2510 1694/127/2510
f 1698/127/2521 1689/127/2521 1685/127/2521
f 1699/127/2522 1701/127/2522 1700/127/2522
f 1702/127/2523 1703/127/2523 1706/127/2523
f 1702/127/2524 1704/127/2524 1703/127/2524
f 1705/127/2525 1704/127/2525 1702/127/2525
f 1702/127/2526 1706/127/2526 1707/127/2526
f 1707/127/2527 1709/127/2527 1708/127/2527
f 1706/127/2528 1709/127/2528 1707/127/2528
f 1709/127/2529 1710/127/2529 1708/127/2529
f 1706/127/2530 1703/127/2530 1709/127/2530
f 1709/127/2531 1703/127/2531 1711/127/2531
f 1711/127/2532 1710/127/2532 1709/127/2532
f 1704/127/2533 1710/127/2533 1711/127/2533
f 1711/127/2534 1703/127/2534 1704/127/2534
f 1708/127/2535 1710/127/2535 1712/127/2535
f 1712/127/2536 1710/127/2536 1704/127/2536
f 1712/127/2537 1704/127/2537 1705/127/2537
f 1718/127/2538 1713/127/2538 1714/127/2538
f 1713/127/2539 1715/127/2539 1714/127/2539
f 1713/127/2540 1716/127/2540 1715/127/2540
f 1716/127/2541 1713/127/2542 1717/127/2543
f 1718/127/2544 1717/127/2544 1713/127/2544
f 1717/127/2545 1718/127/2545 1719/127/2545
f 1720/127/2546 1719/127/2546 1718/127/2546
f 1720/127/2547 1718/127/2547 1714/127/2547
f 1721/127/2548 1720/127/2548 1722/127/2548
f 1721/127/2549 1719/127/2549 1720/127/2549
f 1720/127/2550 1714/127/2550 1722/127/2550
f 1723/127/2551 1721/127/2551 1722/127/2551
f 1723/127/2552 1724/127/2552 1721/127/2552
f 1724/127/2553 1723/127/2553 1715/127/2553
f 1725/127/2554 1724/127/2554 1726/127/2554
f 1725/127/2555 1721/127/2555 1724/127/2555
f 1724/127/2556 1715/127/2556 1716/127/2556
f 1724/127/2557 1716/127/2557 1726/127/2557
f 1725/127/2558 1726/127/2558 1716/127/2558
f 1719/127/2559 1721/127/2559 1725/127/2559
f 1725/127/2560 1717/127/2560 1719/127/2560
f 1725/127/2561 1716/127/2541 1717/127/2543
f 1727/127/2562 1729/127/2562 1728/127/2562
f 1731/127/2563 1733/127/2563 1730/127/2563
f 1730/127/2564 1732/127/2564 1731/127/2564
f 1730/127/2565 1734/127/2565 1732/127/2565
f 1735/127/2566 1732/127/2566 1734/127/2566
f 1734/127/2567 1736/127/2567 1735/127/2567
f 1736/127/2568 1737/127/2568 1735/127/2568
f 1736/127/2569 1738/127/2569 1737/127/2569
f 1738/127/2570 1740/127/2570 1739/127/2570
f 1739/127/2571 1737/127/2571 1738/127/2571
f 1741/127/2572 1739/127/2573 1740/127/2572
f 1741/127/2572 1740/127/2572 1742/127/2574
f 1743/127/2575 1741/127/2575 1742/127/2575
f 1745/127/2576 1742/127/2576 1741/127/2576
f 1742/127/2577 1745/127/2577 1744/127/2577
f 1745/127/2578 1746/127/2578 1744/127/2578
f 1743/127/2579 1750/127/2579 1747/127/2579
f 1743/127/2580 1748/127/2580 1747/127/2580
f 1749/127/2581 1741/127/2581 1743/127/2581
f 1751/127/2582 1750/127/2582 1747/127/2582
f 1747/127/2583 1752/127/2583 1751/127/2583
f 1752/127/2584 1753/127/2584 1751/127/2584
f 1754/127/2585 1753/127/2585 1755/127/2585
f 1753/127/2586 1752/127/2586 1755/127/2586
f 1755/127/2587 1756/127/2587 1754/127/2587
f 1757/127/2588 1752/127/2588 1758/127/2588
f 1758/127/2589 1760/127/2589 1759/127/2589
f 1757/127/2590 1758/127/2590 1760/127/2590
f 1759/127/2591 1748/127/2591 1749/127/2591
f 1731/127/2592 1761/127/2592 1733/127/2592
f 1761/127/2593 1762/127/2593 1733/127/2593
f 1763/127/2594 1765/127/2595 1762/127/2594
f 1762/127/2594 1764/127/2594 1763/127/2594
f 1764/127/2596 1762/127/2596 1761/127/2596
f 1767/127/2597 1769/127/2597 1766/127/2597
f 1766/127/2598 1768/127/2598 1767/127/2598
f 1770/127/2599 1768/127/2599 1766/127/2599
f 1766/127/2600 1769/127/2600 1771/127/2600
f 1770/127/2601 1766/127/2601 1771/127/2601
f 1771/127/2602 1769/127/2602 1772/127/2602
f 1772/127/2603 1773/127/2603 1771/127/2603
f 1773/127/2604 1774/127/2604 1771/127/2604
f 1774/127/2605 1770/127/2605 1771/127/2605
f 1775/127/2606 1774/127/2606 1776/127/2606
f 1773/127/2607 1776/127/2607 1774/127/2607
f 1776/127/2608 1777/127/2608 1775/127/2608
f 1777/127/2609 1776/127/2609 1773/127/2609
f 1773/127/2610 1772/127/2610 1777/127/2610
f 1772/127/2611 1769/127/2611 1777/127/2612
f 1775/127/2613 1777/127/2613 1778/127/2613
f 1778/127/2614 1777/127/2614 1767/127/2614
f 1767/127/2615 1777/127/2615 1769/127/2615
f 1768/127/2616 1778/127/2616 1767/127/2616
f 1778/127/2617 1768/127/2617 1775/127/2617
f 1782/127/2618 1779/127/2618 1780/127/2618
f 1779/127/2619 1781/127/2619 1780/127/2619
f 1783/127/2620 1781/127/2621 1779/127/2621
f 1783/127/2622 1779/127/2622 1782/127/2622
f 1783/127/2620 1784/127/2623 1781/127/2621
f 1784/127/2624 1783/127/2624 1785/127/2624
f 1786/127/2625 1785/127/2625 1783/127/2625
f 1786/127/2626 1783/127/2626 1782/127/2626
f 1786/127/2627 1787/127/2627 1785/127/2627
f 1786/127/2628 1788/127/2628 1787/127/2628
f 1782/127/2629 1788/127/2629 1786/127/2629
f 1780/127/2630 1788/127/2630 1782/127/2630
f 1785/127/2631 1787/127/2631 1789/127/2631
f 1787/127/2632 1790/127/2632 1789/127/2632
f 1780/127/2633 1781/127/2633 1790/127/2633
f 1790/127/2634 1781/127/2635 1791/127/2636
f 1790/127/2637 1791/127/2637 1789/127/2637
f 1784/127/2638 1785/127/2638 1791/127/2638
f 1785/127/2639 1789/127/2639 1791/127/2639
f 1781/127/2635 1784/127/2640 1791/127/2636
f 1797/127/2641 1792/127/2641 1793/127/2641
f 1792/127/2642 1794/127/2642 1793/127/2642
f 1795/127/2643 1794/127/2643 1792/127/2643
f 1796/127/2644 1792/127/2644 1797/127/2644
f 1798/127/2645 1797/127/2645 1799/127/2645
f 1798/127/2646 1796/127/2646 1797/127/2646
f 1793/127/2647 1799/127/2647 1797/127/2647
f 1802/127/2648 1800/127/2648 1799/127/2648
f 1800/127/2649 1801/127/2649 1799/127/2649
f 1799/127/2650 1801/127/2650 1798/127/2650
f 1794/127/2651 1799/127/2651 1793/127/2651
f 1794/127/2652 1802/127/2652 1799/127/2652
f 1794/127/2653 1803/127/2653 1802/127/2653
f 1803/127/2654 1804/127/2654 1802/127/2654
f 1802/127/2655 1804/127/2656 1800/127/2657
f 1803/127/2658 1805/127/2658 1804/127/2658
f 1805/127/2659 1801/127/2660 1804/127/2661
f 1800/127/2662 1804/127/2662 1801/127/2663
f 1795/127/2664 1805/127/2664 1803/127/2664
f 1805/127/2659 1806/127/2665 1801/127/2660
f 1805/127/2666 1795/127/2666 1806/127/2666
f 1801/127/2667 1806/127/2667 1796/127/2667
f 1803/127/2668 1794/127/2668 1795/127/2668
f 1798/127/2669 1801/127/2669 1796/127/2669
f 1807/127/2670 1808/127/2670 1810/127/2670
f 1807/127/2671 1809/127/2671 1808/127/2671
f 1811/127/2672 1807/127/2672 1810/127/2672
f 1810/127/2673 1812/127/2673 1811/127/2673
f 1812/127/2674 1813/127/2674 1811/127/2675
f 1814/127/2676 1809/127/2676 1813/127/2676
f 1813/127/2674 1812/127/2674 1814/127/2677
f 1814/127/2678 1812/127/2678 1816/127/2678
f 1815/127/2679 1809/127/2679 1814/127/2679
f 1814/127/2680 1816/127/2680 1815/127/2680
f 1817/127/2681 1815/127/2681 1816/127/2681
f 1812/127/2682 1817/127/2682 1816/127/2682
f 1815/127/2683 1817/127/2683 1818/127/2683
f 1818/127/2684 1817/127/2684 1810/127/2684
f 1810/127/2685 1817/127/2685 1812/127/2685
f 1808/127/2686 1815/127/2686 1818/127/2686
f 1808/127/2687 1818/127/2687 1810/127/2687
f 1815/127/2688 1808/127/2688 1809/127/2688
f 1820/127/2689 1822/127/2689 1819/127/2689
f 1819/127/2690 1821/127/2690 1820/127/2690
f 1821/127/2691 1819/127/2691 1825/127/2691
f 1822/127/2692 1823/127/2692 1819/127/2692
f 1823/127/2693 1824/127/2693 1819/127/2693
f 1825/127/2694 1819/127/2695 1824/127/2696
f 1825/127/2697 1824/127/2697 1826/127/2697
f 1827/127/2698 1826/127/2698 1828/127/2698
f 1826/127/2699 1829/127/2700 1828/127/2699
f 1826/127/2701 1824/127/2701 1829/127/2701
f 1824/127/2702 1823/127/2702 1829/127/2702
f 1823/127/2703 1830/127/2703 1829/127/2703
f 1829/127/2704 1830/127/2704 1828/127/2704
f 1822/127/2705 1820/127/2705 1830/127/2705
f 1820/127/2706 1831/127/2706 1830/127/2706
f 1828/127/2707 1830/127/2707 1831/127/2707
f 1830/127/2708 1823/127/2708 1822/127/2708
f 1821/127/2709 1831/127/2709 1820/127/2709
f 1827/127/2710 1828/127/2710 1831/127/2710
f 1831/127/2711 1821/127/2711 1827/127/2711
f 1832/127/2712 1833/127/2712 1835/127/2712
f 1832/127/2713 1834/127/2713 1833/127/2713
f 1836/127/2714 1834/127/2714 1832/127/2714
f 1835/127/2715 1836/127/2715 1832/127/2715
f 1836/127/2716 1837/127/2716 1834/127/2716
f 1839/127/2717 1837/127/2717 1836/127/2717
f 1838/127/2718 1836/127/2718 1835/127/2718
f 1838/127/2719 1839/127/2719 1836/127/2719
f 1840/127/2720 1838/127/2720 1833/127/2720
f 1838/127/2721 1835/127/2722 1833/127/2721
f 1841/127/2723 1840/127/2723 1833/127/2723
f 1841/127/2724 1834/127/2724 1840/127/2724
f 1837/127/2725 1840/127/2726 1834/127/2726
f 1833/127/2727 1834/127/2727 1841/127/2727
f 1843/127/2728 1845/127/2729 1842/127/2730
f 1842/127/2730 1844/127/2730 1843/127/2728
f 1846/127/2731 1842/127/2731 1845/127/2731
f 1847/127/2732 1846/127/2732 1848/127/2732
f 1845/127/2733 1849/127/2733 1846/127/2733
f 1851/127/2734 1846/127/2734 1849/127/2734
f 1850/127/2735 1846/127/2735 1851/127/2735
f 1848/127/2736 1851/127/2736 1847/127/2736
f 1850/127/2737 1852/127/2737 1849/127/2737
f 1853/127/2738 1850/127/2738 1852/127/2738
f 1855/127/2739 1853/127/2739 1854/127/2739
f 1853/127/2740 1852/127/2740 1854/127/2740
f 1856/127/2741 1855/127/2741 1854/127/2741
f 1854/127/2742 1857/127/2742 1856/127/2742
f 1856/127/2743 1857/127/2743 1858/127/2743
f 1859/127/2744 1858/127/2744 1857/127/2744
f 1860/127/2745 1861/127/2745 1859/127/2745
f 1859/127/2746 1857/127/2746 1860/127/2746
f 1862/127/2747 1861/127/2747 1860/127/2747
f 1862/127/2748 1863/127/2749 1861/127/2749
f 1863/127/2750 1862/127/2750 1864/127/2750
f 1847/127/2751 1865/127/2752 1848/127/2751
f 1866/127/2753 1843/127/2753 1844/127/2753
f 1844/127/2754 1867/127/2754 1866/127/2754
f 1844/127/2755 1868/127/2755 1867/127/2755
f 1869/127/2756 1867/127/2756 1868/127/2756
f 1868/127/2757 1870/127/2757 1869/127/2757
f 1869/127/2758 1870/127/2758 1871/127/2758
f 1871/127/2759 1872/127/2759 1869/127/2759
f 1871/127/2760 1873/127/2760 1872/127/2760
f 1873/127/2761 1874/127/2761 1872/127/2761
f 1875/127/2762 1877/127/2762 1876/127/2762
f 1878/127/2763 1880/127/2764 1879/127/2763
f 1881/127/2765 1883/127/2765 1882/127/2765
f 1883/127/2766 1881/127/2766 1884/127/2766
f 1886/127/2767 1888/127/2767 1885/127/2767
f 1885/127/2768 1887/127/2768 1886/127/2768
f 1889/127/2769 1891/127/2769 1890/127/2769
f 1892/127/2770 1894/127/2770 1893/127/2770
f 1895/127/2771 1897/127/2771 1896/127/2771
f 1898/127/2772 1900/127/2772 1899/127/2772
f 1901/127/2773 1903/127/2773 1902/127/2773
f 1904/127/2774 1906/127/2774 1905/127/2774
f 1908/127/2775 1907/127/2775 1910/127/2775
f 1907/127/2776 1909/127/2776 1908/127/2776
f 1911/127/2777 1909/127/2778 1912/127/2777
f 1909/127/2779 1915/127/2779 1913/127/2779
f 1909/127/2780 1914/127/2781 1913/127/2781
f 1916/127/2782 1917/127/2782 1915/127/2782
f 1917/127/2783 1916/127/2783 1918/127/2783
f 1913/127/2781 1914/127/2781 1919/127/2781
f 1920/127/2784 1921/127/2784 1914/127/2784
f 1921/127/2785 1920/127/2785 1922/127/2785
f 1923/127/2786 1922/127/2785 1920/127/2785
f 1923/127/2787 1922/127/2787 1924/127/2787
f 1925/127/2788 1926/127/2788 1923/127/2789
f 1926/127/2788 1925/127/2788 1927/127/2788
f 1928/127/2790 1929/127/2790 1919/127/2790
f 1928/127/2791 1929/127/2791 1930/127/2791
f 1911/127/2777 1912/127/2777 1931/127/2777
f 1932/127/2792 1934/127/2792 1933/127/2792
f 1935/127/2793 1936/127/2793 1938/127/2793
f 1935/127/2794 1937/127/2794 1936/127/2794
f 1937/127/2795 1935/127/2795 1939/127/2795
f 1941/127/2796 1935/127/2796 1938/127/2796
f 1939/127/2797 1935/127/2798 1940/127/2799
f 1941/127/2800 1940/127/2799 1935/127/2798
f 1940/127/2801 1941/127/2801 1942/127/2801
f 1942/127/2802 1941/127/2802 1938/127/2802
f 1942/127/2803 1943/127/2803 1940/127/2803
f 1942/127/2804 1944/127/2804 1943/127/2804
f 1945/127/2805 1944/127/2805 1942/127/2805
f 1942/127/2806 1938/127/2806 1945/127/2806
f 1945/127/2807 1946/127/2807 1944/127/2807
f 1945/127/2808 1938/127/2808 1946/127/2808
f 1944/127/2809 1946/127/2809 1947/127/2809
f 1936/127/2810 1947/127/2810 1946/127/2810
f 1938/127/2811 1936/127/2811 1946/127/2811
f 1947/127/2812 1948/127/2812 1944/127/2812
f 1943/127/2813 1944/127/2813 1948/127/2813
f 1943/127/2814 1948/127/2814 1937/127/2814
f 1943/127/2815 1937/127/2815 1939/127/2815
f 1939/127/2816 1940/127/2816 1943/127/2816
f 1949/127/2817 1951/127/2817 1950/127/2817
f 1952/127/2818 1950/127/2819 1951/127/2820
f 1951/127/2763 1952/127/2763 1954/127/2821
f 1952/127/2818 1951/127/2822 1953/127/2823
f 1953/127/2824 1951/127/2763 1954/127/2821
f 1955/127/2825 1953/127/2825 1954/127/2825
f 1953/127/2823 1954/127/2818 1952/127/2818
f 1955/127/2826 1957/127/2826 1956/127/2826
f 1958/127/2827 1956/127/2827 1959/127/2827
f 1959/127/2828 1960/127/2828 1958/127/2828
f 1961/127/2829 1962/127/2829 1965/127/2829
f 1961/127/2830 1963/127/2830 1962/127/2830
f 1963/127/2831 1961/127/2831 1964/127/2831
f 1966/127/2832 1964/127/2832 1961/127/2832
f 1961/127/2833 1965/127/2833 1966/127/2833
f 1966/127/2834 1967/127/2834 1964/127/2834
f 1966/127/2835 1968/127/2835 1967/127/2835
f 1966/127/2836 1965/127/2836 1968/127/2836
f 1969/127/2837 1967/127/2837 1968/127/2837
f 1971/127/2838 1968/127/2838 1965/127/2838
f 1968/127/2839 1970/127/2839 1969/127/2839
f 1968/127/2840 1971/127/2840 1970/127/2840
f 1971/127/2841 1962/127/2841 1970/127/2841
f 1971/127/2842 1965/127/2842 1962/127/2842
f 1964/127/2843 1967/127/2843 1969/127/2843
f 1969/127/2844 1972/127/2844 1964/127/2844
f 1964/127/2845 1972/127/2845 1963/127/2845
f 1963/127/2846 1972/127/2847 1962/127/2848
f 1973/127/2849 1974/127/2849 1976/127/2849
f 1973/127/2850 1975/127/2850 1974/127/2850
f 1977/127/2851 1973/127/2851 1976/127/2851
f 1978/127/2852 1979/127/2852 1977/127/2852
f 1977/127/2853 1976/127/2853 1978/127/2853
f 1980/127/2854 1982/127/2854 1979/127/2854
f 1980/127/2855 1979/127/2855 1981/127/2855
f 1981/127/2856 1979/127/2856 1978/127/2856
f 1980/127/2857 1983/127/2857 1982/127/2857
f 1975/127/2858 1982/127/2858 1983/127/2858
f 1974/127/2859 1983/127/2859 1984/127/2859
f 1983/127/2860 1985/127/2860 1984/127/2860
f 1985/127/2861 1983/127/2861 1980/127/2861
f 1975/127/2862 1983/127/2862 1974/127/2862
f 1976/127/2863 1984/127/2863 1985/127/2863
f 1985/127/2864 1978/127/2864 1976/127/2864
f 1981/127/2865 1978/127/2865 1985/127/2865
f 1980/127/2866 1981/127/2866 1985/127/2866
f 1984/127/2867 1976/127/2867 1974/127/2867
f 1986/127/2868 1987/127/2868 1990/127/2868
f 1986/127/2869 1988/127/2869 1987/127/2869
f 1988/127/2870 1986/127/2870 1989/127/2870
f 1986/127/2871 1991/127/2871 1989/127/2871
f 1990/127/2872 1991/127/2872 1986/127/2872
f 1990/127/2873 1992/127/2873 1991/127/2873
f 1990/127/2874 1993/127/2874 1992/127/2874
f 1993/127/2875 1994/127/2875 1992/127/2875
f 1995/127/2876 1994/127/2876 1988/127/2876
f 1994/127/2877 1987/127/2877 1988/127/2877
f 1994/127/2878 1993/127/2878 1987/127/2878
f 1989/127/2879 1995/127/2879 1988/127/2879
f 1987/127/2880 1993/127/2880 1990/127/2880
usemtl wpn_p01_ar_mike4_cablesmall_v35.003
f 1996/127/2881 1997/127/2881 1998/127/2881
f 1999/127/2882 2000/127/2882 2001/127/2882
f 2002/127/2883 2003/127/2883 2004/127/2883
f 2005/127/2884 2006/127/2884 2007/127/2884
f 2008/127/2885 2009/127/2885 2010/127/2885
f 2011/127/2886 2012/127/2886 2013/127/2886
f 2014/127/2887 2015/127/2887 2012/127/2887
f 2016/127/2888 2017/127/2888 2018/127/2888
f 2019/127/2889 2020/127/2889 2021/127/2889
f 2019/127/2890 2021/127/2890 2022/127/2890
f 2020/127/2891 1997/127/2891 2021/127/2891
f 2020/127/2892 1998/127/2892 1997/127/2892
f 2023/127/2893 2024/127/2893 2025/127/2893
f 2026/127/2894 2027/127/2894 2028/127/2894
f 2028/127/2895 2029/127/2896 2026/127/2895
f 2027/127/2897 2026/127/2897 2030/127/2897
f 2031/127/2898 2032/127/2898 2033/127/2898
f 2034/127/2899 2032/127/2899 2035/127/2899
f 2036/127/2900 2037/127/2900 2038/127/2900
f 2039/127/2901 2038/127/2901 2037/127/2901
f 2040/127/2902 2041/127/2902 2042/127/2902
f 2042/127/2903 2043/127/2903 2040/127/2903
f 2044/127/2904 2045/127/2904 2046/127/2904
f 2044/127/2905 2047/127/2905 2045/127/2905
f 2048/127/2906 2049/127/2906 2050/127/2906
f 2051/127/2907 2048/127/2907 2050/127/2907
f 2052/127/2908 2019/127/2908 2022/127/2908
f 2052/127/2909 2022/127/2909 2053/127/2909
f 2054/127/2910 2055/127/2910 2056/127/2910
f 1998/127/2911 2057/127/2911 1996/127/2911
f 1996/127/2912 2057/127/2912 2058/127/2912
f 2004/127/2913 2059/127/2913 2060/127/2913
f 2060/127/2914 2002/127/2914 2004/127/2914
f 2008/127/2915 2061/127/2915 2062/127/2915
f 2063/127/2916 2064/127/2916 2065/127/2916
f 2066/127/2917 2063/127/2917 2065/127/2917
f 2067/127/2918 2068/127/2918 2069/127/2918
f 2070/127/2919 2053/127/2919 2071/127/2919
f 2071/127/2919 2072/127/2920 2070/127/2919
f 2053/127/2921 2070/127/2921 2052/127/2921
f 2034/127/2922 2003/127/2922 2073/127/2922
f 2002/127/2923 2073/127/2923 2003/127/2923
f 2074/127/2924 2075/127/2924 2076/127/2924
f 2077/127/2925 2076/127/2925 2075/127/2925
f 2078/127/2926 2075/127/2926 2074/127/2926
f 2074/127/2927 2079/127/2927 2078/127/2927
f 2080/127/2928 2081/127/2928 2082/127/2928
f 2080/127/2929 2083/127/2929 2081/127/2929
f 2084/127/2930 2085/127/2930 2086/127/2930
f 2086/127/2931 2087/127/2931 2084/127/2931
f 2039/127/2932 2041/127/2932 2040/127/2932
f 2001/127/2933 2087/127/2933 1999/127/2933
f 1999/127/2934 2087/127/2934 2086/127/2934
f 2088/127/2935 2089/127/2935 2077/127/2935
f 2088/127/2936 2058/127/2936 2089/127/2936
f 2016/127/2937 2090/127/2937 2017/127/2937
f 2007/127/2938 2006/127/2938 2082/127/2938
f 2082/127/2939 2006/127/2939 2080/127/2939
f 2091/127/2940 2083/127/2940 2092/127/2940
f 2092/127/2941 2085/127/2941 2091/127/2941
f 2093/127/2942 2094/127/2943 2095/127/2944
f 2096/127/2945 2097/127/2945 2061/127/2945
f 2062/127/2946 2061/127/2946 2097/127/2946
f 2023/127/2947 2098/127/2947 2099/127/2947
f 2098/127/2948 2064/127/2948 2099/127/2948
f 2028/127/2949 2100/127/2949 2029/127/2949
f 2101/127/2950 2102/127/2950 2103/127/2950
f 2104/127/2951 2105/127/2951 2106/127/2951
f 2054/127/2952 2056/127/2952 2107/127/2952
f 2107/127/2953 2056/127/2953 2108/127/2953
f 2009/127/2954 2072/127/2954 2071/127/2954
f 2111/127/2955 2112/127/2955 2113/127/2955
f 2113/127/2956 2114/127/2956 2111/127/2956
f 2024/127/2957 2023/127/2957 2115/127/2957
f 2099/127/2958 2115/127/2958 2023/127/2958
f 2116/127/2959 2060/127/2959 2059/127/2959
f 2059/127/2960 2117/127/2960 2116/127/2960
f 2013/127/2961 2012/127/2961 2015/127/2961
f 2118/127/2962 2014/127/2962 2119/127/2962
f 2100/127/2963 2120/127/2963 2121/127/2963
f 2029/127/2964 2100/127/2964 2121/127/2964
f 2122/127/2965 2123/127/2965 2124/127/2965
f 2125/127/2966 2126/127/2966 2127/127/2966
f 2128/127/2967 2125/127/2967 2127/127/2967
f 2031/127/2968 2035/127/2968 2032/127/2968
f 2018/127/2969 2129/127/2969 2130/127/2969
f 2108/127/2970 2131/127/2970 2107/127/2970
f 2131/127/2971 2108/127/2971 2025/127/2971
f 2132/127/2972 2133/127/2972 2134/127/2972
f 2135/127/2973 2136/127/2973 2137/127/2973
f 2137/127/2974 2136/127/2974 2138/127/2974
f 2118/127/2975 2139/127/2975 2014/127/2975
f 2139/127/2976 2015/127/2976 2014/127/2976
l 211 221
l 250 251
l 265 266
l 216 217
l 234 235
l 244 245
l 258 261
l 295 296
l 304 305
l 308 310
l 222 238
l 252 253
l 262 263
l 263 264
l 266 267
l 267 268
l 277 278
l 255 280
l 283 284
l 299 300
l 738 739
l 1222 1223
l 248 249
l 259 260
l 269 270
l 278 279
l 292 293
l 300 301
l 306 307
l 311 312
l 1059 1060
l 548 550
l 212 214
l 260 261
l 296 297
l 672 769
l 213 214
l 213 215
l 239 241
l 239 240
l 264 265
l 272 273
l 256 302
l 276 303
l 309 310
l 549 550
l 1599 1600
l 2109 2110
l 219 220
l 281 282
l 285 286
l 288 289
l 271 293
l 297 298
l 1643 1644
l 242 243
l 246 247
l 254 255
l 274 275
l 287 288
l 289 290
l 257 294
l 906 910
o 内构.003
v 1.204917 0.092815 -0.113765
v 1.151103 0.078532 -0.137594
v 1.196730 0.109700 -0.082400
v 1.240393 0.115618 -0.061227
v 1.262941 0.095137 -0.097760
v 1.222031 0.092814 -0.124495
v 1.206603 0.092531 -0.149211
v 1.132497 0.060763 -0.172631
v 1.284723 0.102796 -0.116675
v 1.277362 0.096115 -0.104833
v 1.219616 0.106690 -0.136782
v 1.153152 0.108457 -0.160155
v 1.254390 0.115341 -0.131421
v 1.186821 0.093988 -0.162427
v 1.143680 0.076694 -0.184481
v 1.143522 0.067254 -0.183162
v 1.102067 0.061510 -0.190570
v 1.074934 0.047379 -0.187812
v 1.040126 0.065032 -0.173276
v 0.956948 0.023186 -0.160024
v 1.051842 0.040856 -0.173050
v 1.091915 0.084249 -0.101322
v 0.998501 0.044168 -0.135190
v 0.964674 0.022355 -0.152598
v 0.902575 0.002090 -0.146215
v 0.933758 0.014758 -0.133703
v 0.866990 -0.000428 -0.121061
v 0.947985 0.052327 -0.107534
v 0.858536 0.013871 -0.104172
v 0.939034 0.080605 -0.103554
v 0.983643 0.083682 -0.091175
v 0.991757 0.105607 -0.122874
v 0.963558 0.105820 -0.117536
v 1.009671 0.081215 -0.089003
v 1.019992 0.099522 -0.093704
v 1.038561 0.113880 -0.117493
v 1.087330 0.111259 -0.096711
v 1.164141 0.127378 -0.091033
v 1.176621 0.134689 -0.097421
v 1.092837 0.118891 -0.114138
v 1.073310 0.116121 -0.135745
v 1.155784 0.131775 -0.137774
v 1.210253 0.140043 -0.109738
v 1.199034 0.139424 -0.135247
v 1.148786 0.128161 -0.149150
v 1.214632 0.129387 -0.132843
v 1.038343 0.102000 -0.161606
v 0.933976 0.100939 -0.141633
v 1.000150 0.075706 -0.159991
v 0.978889 0.113046 -0.148786
v 1.015735 0.110244 -0.139018
v 0.958367 0.123019 -0.127953
v 0.925026 0.146762 -0.111140
v 0.938173 0.128078 -0.132176
v 0.933661 0.128795 -0.108988
v 0.906917 0.117123 -0.104752
v 0.889610 0.138182 -0.092427
v 0.915710 0.150057 -0.098173
v 0.895590 0.155106 -0.096637
v 0.915311 0.158296 -0.108701
v 0.883788 0.127534 -0.127476
v 0.899034 0.152796 -0.113414
v 0.885705 0.152613 -0.101480
v 0.873855 0.144249 -0.111877
v 0.869064 0.141788 -0.103837
v 0.874813 0.123125 -0.118377
v 0.891732 0.093077 -0.127162
v 0.902903 0.089519 -0.105438
v 0.888409 0.081316 -0.125370
v 0.899797 0.094149 -0.136220
v 0.889755 0.077040 -0.136518
v 0.803254 0.064149 -0.133581
v 0.869124 0.043777 -0.138916
v 0.856013 0.073156 -0.120802
v 0.862478 0.073894 -0.104275
v 0.819324 0.073388 -0.119628
v 0.815795 0.071763 -0.103282
v 0.787512 0.090244 -0.118531
v 0.772362 0.088744 -0.103451
v 0.766747 0.114123 -0.103612
v 0.757565 0.108477 -0.115791
v 0.750325 0.081617 -0.128074
v 0.728991 0.101138 -0.113842
v 0.729524 0.103198 -0.106871
v 0.762078 0.112147 -0.097605
v 0.733951 0.102803 -0.098380
v 0.745873 0.081155 -0.119281
v 0.799943 0.009875 -0.120501
v 0.794618 0.013364 -0.132235
v 0.798621 0.015078 -0.140861
v 0.862599 -0.000757 -0.152239
v 0.856487 -0.004799 -0.146584
v 0.800247 0.057661 -0.103583
v 0.818755 0.012584 -0.106542
v 0.847208 0.055318 -0.099382
v 0.988009 0.057806 -0.159301
v 1.007015 0.065278 -0.152832
v 1.251904 0.143551 -0.114996
v 1.264335 0.122939 -0.115040
v 1.283098 0.142312 -0.084643
v 1.316367 0.111681 -0.083573
v 1.297179 0.113683 -0.107986
v 1.320406 0.101985 -0.089143
v 1.321376 0.095827 -0.031734
v 1.337107 0.097985 -0.003064
v 1.336379 0.103760 -0.048233
v 1.313419 0.123890 -0.051444
v 1.321255 0.122476 -0.003449
v 1.340721 0.101348 -0.002902
v 1.333371 0.106100 0.047956
v 1.327780 0.103020 0.066920
v 1.321751 0.097242 0.049489
v 1.237046 0.094752 0.106281
v 1.305148 0.102326 0.095631
v 1.304093 0.095729 0.052359
v 1.240988 0.115734 0.049298
v 1.265657 0.117579 0.001929
v 1.249563 0.133179 0.037644
v 1.261800 0.117367 -0.027699
v 1.296088 0.098392 -0.036946
v 1.262746 0.133034 0.001808
v 1.257325 0.133058 -0.031927
v 1.277458 0.142890 -0.006892
v 1.267634 0.144825 0.037456
v 1.262152 0.142082 0.071013
v 1.232570 0.142281 0.073430
v 1.181655 0.135399 0.103021
v 1.217567 0.131935 0.066035
v 1.190533 0.109128 0.070251
v 1.168398 0.127398 0.080110
v 1.085608 0.114361 0.092538
v 1.109477 0.100139 0.081086
v 1.171648 0.134011 0.088947
v 1.105499 0.122096 0.109559
v 1.154559 0.127228 0.114996
v 1.158913 0.130341 0.136685
v 1.127718 0.069140 0.178994
v 1.196451 0.091365 0.147102
v 1.214062 0.140980 0.117752
v 1.201472 0.112704 0.136145
v 1.102176 0.118391 0.141391
v 1.015711 0.107066 0.157483
v 1.082430 0.104660 0.156162
v 1.045438 0.071632 0.164937
v 0.993188 0.077787 0.157949
v 0.935237 0.111049 0.153816
v 1.031976 0.052050 0.170665
v 1.011114 0.064638 0.147460
v 0.986372 0.058894 0.156656
v 0.955237 0.023837 0.154608
v 0.933491 0.069009 0.148049
v 0.901241 0.005759 0.149900
v 0.835819 0.007383 0.143560
v 0.855517 0.061730 0.148055
v 0.884285 0.070060 0.150835
v 0.896584 0.090978 0.152890
v 0.887851 0.142976 0.143944
v 0.869113 0.130192 0.146627
v 0.879277 0.108965 0.139390
v 0.881968 0.079206 0.135090
v 0.890034 0.085119 0.137897
v 0.890228 0.085436 0.126544
v 0.891902 0.099633 0.131619
v 0.864673 0.143382 0.121501
v 0.908252 0.129462 0.122105
v 0.934777 0.097241 0.117926
v 0.963291 0.115391 0.134241
v 0.952351 0.055826 0.107782
v 0.904055 0.071955 0.113637
v 0.990265 0.094927 0.096693
v 1.094304 0.082265 0.090593
v 1.036912 0.116447 0.120300
v 1.018124 0.073488 0.095330
v 0.997615 0.109620 0.130936
v 0.991503 0.113973 0.145690
v 0.935796 0.129529 0.141934
v 0.916571 0.139153 0.124337
v 0.906978 0.158129 0.127189
v 0.890604 0.157977 0.123470
v 0.904880 0.155537 0.118169
v 0.879992 0.152062 0.115888
v 0.891526 0.147131 0.113821
v 0.864322 0.147640 0.130232
v 1.080938 0.048095 0.159304
v 1.001435 0.046276 0.129127
v 0.951332 0.017160 0.139629
v 0.903667 0.006766 0.120602
v 0.859785 0.003422 0.104968
v 0.857833 -0.001874 0.118836
v 0.899992 0.003687 0.144810
v 0.982588 0.027749 0.153746
v 0.863642 -0.000702 0.143754
v 0.815456 0.007756 0.130023
v 0.817748 0.008260 0.139444
v 0.806177 0.046740 0.150202
v 0.799991 0.033211 0.143322
v 0.761932 0.087384 0.144869
v 0.766711 0.092500 0.148625
v 0.800016 0.030661 0.135181
v 0.795516 0.062690 0.124259
v 0.824528 0.007152 0.114584
v 0.841629 0.011499 0.104299
v 0.813454 0.081795 0.128505
v 0.853564 0.073389 0.123504
v 0.758415 0.098368 0.122304
v 0.783000 0.109089 0.125289
v 0.748275 0.098768 0.135897
v 0.753672 0.104346 0.125477
v 0.777627 0.111738 0.140796
v 0.776110 0.113300 0.130052
v 0.785716 0.112113 0.132889
v 0.800367 0.094229 0.138633
v 0.838815 0.073478 0.136025
v 0.816426 0.071378 0.147977
v 1.093758 0.048619 0.170040
v 1.163680 0.072461 0.156751
v 1.135542 0.063472 0.175874
v 1.079422 0.048263 0.179875
v 1.220259 0.092721 0.103314
v 1.218962 0.092477 0.119340
v 1.255323 0.102282 0.115479
v 1.254135 0.114894 0.121992
v 1.257385 0.129118 0.105769
v 1.302419 0.109901 0.098044
v 1.288543 0.135048 0.074292
v 1.260259 0.144910 0.096027
v 1.292279 0.144281 0.051831
v 1.296900 0.144217 -0.003961
v 1.282601 0.146733 -0.067735
v 1.262394 0.143301 -0.078717
v 1.302491 0.140532 -0.042624
v 1.215893 0.140513 -0.093738
v 1.259302 0.145134 -0.065101
v 1.224092 0.132475 -0.071571
vn 0.1493 -0.9597 0.2382
vn 0.0213 -0.8780 0.4782
vn -0.0988 -0.8867 0.4516
vn -0.0987 -0.8868 0.4516
vn -0.0873 -0.8910 0.4456
vn 0.0277 -0.9986 0.0443
vn 0.8098 -0.3036 -0.5020
vn 0.4504 -0.8506 -0.2714
vn 0.1085 -0.9087 0.4032
vn 0.1942 -0.6311 -0.7510
vn 0.1920 -0.9010 -0.3890
vn 0.0629 -0.9980 -0.0096
vn 0.2543 0.6970 -0.6704
vn 0.2609 -0.5626 -0.7845
vn 0.2419 -0.4348 -0.8674
vn 0.5545 0.1996 -0.8079
vn 0.1869 0.5616 -0.8060
vn 0.4918 -0.1285 -0.8612
vn 0.5300 -0.2239 -0.8179
vn 0.5302 -0.2248 -0.8175
vn 0.5303 -0.2251 -0.8174
vn 0.4215 -0.8997 -0.1133
vn 0.2848 -0.9201 -0.2689
vn 0.1928 -0.1389 -0.9714
vn 0.2205 -0.5769 -0.7865
vn -0.2427 0.2850 -0.9273
vn -0.2427 0.2849 -0.9273
vn -0.2427 0.2846 -0.9274
vn -0.2686 0.2387 -0.9332
vn -0.2687 0.2386 -0.9332
vn -0.2687 0.2385 -0.9332
vn 0.1551 -0.9702 -0.1860
vn 0.2395 -0.9694 -0.0536
vn 0.2326 -0.8842 0.4050
vn 0.2161 -0.8842 0.4142
vn 0.2883 -0.8293 0.4788
vn 0.1429 -0.9561 -0.2557
vn 0.2547 -0.8954 -0.3652
vn 0.3206 -0.9355 0.1483
vn 0.3995 -0.8640 0.3063
vn 0.2630 -0.9234 0.2796
vn 0.2797 -0.6178 0.7349
vn 0.2797 -0.6179 0.7348
vn 0.2979 -0.6190 0.7267
vn 0.3044 -0.6463 0.6998
vn 0.3042 -0.6465 0.6996
vn 0.0714 -0.0952 0.9929
vn 0.0855 -0.1123 0.9900
vn -0.2478 -0.2115 0.9455
vn 0.2708 -0.6691 0.6921
vn -0.1253 -0.7589 0.6390
vn -0.3218 0.8152 0.4815
vn 0.1168 0.8026 0.5850
vn -0.2458 0.6419 0.7264
vn -0.0538 0.2767 0.9594
vn -0.2034 0.9004 0.3847
vn -0.1361 0.8916 0.4319
vn -0.0001 0.2488 0.9686
vn -0.1300 -0.1882 0.9735
vn 0.1517 -0.1412 0.9783
vn -0.1081 0.9227 0.3700
vn -0.1224 0.2442 0.9620
vn -0.2116 0.8225 0.5279
vn -0.2376 0.9151 0.3257
vn -0.0889 0.9949 -0.0472
vn -0.0978 0.9931 -0.0642
vn -0.0978 0.9931 -0.0641
vn -0.1906 0.9813 0.0275
vn -0.1853 0.9818 0.0416
vn -0.1905 0.9813 0.0275
vn -0.1542 0.9880 0.0084
vn -0.1542 0.9880 0.0082
vn -0.1542 0.9880 0.0083
vn -0.1769 0.9827 0.0540
vn -0.1584 0.9650 -0.2091
vn -0.1876 0.9636 -0.1907
vn 0.2358 0.1360 -0.9623
vn -0.0162 0.4848 -0.8745
vn 0.1976 0.5110 -0.8365
vn 0.2056 0.4964 -0.8434
vn -0.1960 0.9476 -0.2524
vn -0.1878 0.1206 -0.9748
vn -0.1858 0.2110 -0.9597
vn -0.2432 0.2814 -0.9283
vn -0.2338 0.2824 -0.9304
vn 0.1320 0.9664 -0.2206
vn -0.0702 0.9124 -0.4033
vn -0.0623 0.5139 -0.8556
vn -0.0245 0.6124 -0.7901
vn 0.1515 0.9414 -0.3014
vn -0.0977 0.9931 -0.0641
vn -0.1763 0.9841 0.0207
vn 0.2826 0.7251 0.6280
vn 0.6176 0.3793 0.6890
vn 0.3082 0.7987 -0.5168
vn 0.2745 0.9443 -0.1816
vn 0.5879 0.5415 0.6010
vn 0.1598 0.5463 0.8222
vn 0.3734 0.1450 0.9163
vn 0.1028 0.1228 0.9871
vn 0.2775 -0.3051 0.9110
vn 0.7815 0.4298 0.4522
vn 0.3028 -0.2165 0.9281
vn 0.1239 0.1981 0.9723
vn 0.2383 0.7692 0.5929
vn 0.7420 0.5414 0.3955
vn -0.0762 0.5751 -0.8145
vn 0.1141 0.4297 -0.8957
vn -0.2421 0.9359 -0.2561
vn 0.7483 0.6537 -0.1127
vn 0.7480 0.6540 -0.1134
vn 0.7482 0.6538 -0.1128
vn -0.2067 0.9751 -0.0799
vn -0.3205 0.8824 -0.3445
vn -0.5379 0.8406 -0.0632
vn -0.4716 0.5804 0.6639
vn -0.8687 0.1091 -0.4832
vn -0.8683 0.1095 -0.4839
vn -0.4587 -0.6298 0.6269
vn -0.4061 0.3532 0.8428
vn -0.3900 -0.6824 0.6183
vn -0.6631 -0.1595 -0.7313
vn -0.7412 0.1665 -0.6504
vn -0.4182 -0.4638 0.7810
vn -0.8755 0.1157 0.4691
vn -0.8255 0.3055 0.4745
vn -0.7487 0.1120 -0.6534
vn -0.7489 0.1125 -0.6531
vn -0.7255 -0.1734 -0.6660
vn -0.7253 -0.1733 -0.6663
vn -0.1788 0.1220 -0.9763
vn -0.1877 0.1207 -0.9748
vn -0.1788 0.1219 -0.9763
vn -0.1861 0.1645 -0.9687
vn -0.1858 0.2109 -0.9597
vn -0.8240 0.4887 -0.2869
vn -0.1495 0.9857 -0.0774
vn -0.0337 0.1497 -0.9882
vn -0.0489 0.1020 -0.9936
vn -0.2217 0.2062 -0.9531
vn -0.2757 0.8859 -0.3730
vn -0.2374 0.9702 0.0495
vn 0.0048 0.9989 -0.0465
vn -0.0120 0.8401 -0.5423
vn -0.0435 0.9950 0.0895
vn 0.4650 0.8655 0.1864
vn 0.3017 0.6064 -0.7357
vn 0.2949 0.6046 -0.7399
vn 0.3018 0.6064 -0.7356
vn 0.6889 0.1569 0.7077
vn 0.3298 0.8476 0.4157
vn 0.3723 0.7026 -0.6064
vn 0.3019 0.6064 -0.7356
vn -0.1749 0.4481 -0.8767
vn 0.0393 0.4068 -0.9127
vn -0.2535 0.9364 -0.2428
vn -0.2536 0.9363 -0.2429
vn -0.2568 0.9320 -0.2558
vn -0.2535 0.9363 -0.2429
vn -0.2877 0.9535 0.0900
vn -0.7050 -0.6637 0.2500
vn -0.7048 -0.6637 0.2505
vn -0.3136 0.9268 0.2067
vn -0.6677 -0.6736 0.3168
vn -0.1818 -0.7330 0.6555
vn -0.4135 -0.3282 0.8493
vn -0.7826 -0.5967 0.1778
vn -0.7494 -0.5224 -0.4069
vn -0.7627 -0.4677 -0.4467
vn -0.7627 -0.4678 -0.4466
vn -0.7739 -0.4768 -0.4169
vn -0.2800 -0.9084 -0.3105
vn -0.7626 -0.4677 -0.4469
vn -0.3388 -0.5528 -0.7613
vn -0.3086 -0.9409 -0.1397
vn -0.1462 -0.9633 0.2251
vn 0.1461 -0.9833 0.1083
vn 0.1337 -0.8689 -0.4766
vn -0.0951 0.2981 -0.9498
vn -0.1547 0.3039 -0.9401
vn 0.1473 -0.7788 -0.6097
vn -0.0527 0.1514 -0.9871
vn -0.3431 -0.3116 0.8861
vn -0.5467 -0.2764 0.7904
vn -0.1384 -0.9206 0.3651
vn -0.0937 -0.1035 0.9902
vn -0.0135 -0.7665 0.6422
vn -0.0548 -0.1294 0.9901
vn -0.0336 0.2803 0.9593
vn 0.0713 -0.0953 0.9929
vn 0.0093 0.2476 0.9688
vn -0.0853 0.0728 0.9937
vn -0.0086 -0.0119 0.9999
vn 0.0471 -0.2225 0.9738
vn 0.7501 0.1700 0.6390
vn -0.3609 0.9251 -0.1182
vn -0.0205 0.1267 0.9917
vn -0.1875 0.1884 -0.9640
vn -0.2246 0.1150 -0.9676
vn -0.2844 0.2743 -0.9186
vn -0.2254 0.8988 -0.3759
vn 0.4142 -0.3138 -0.8544
vn -0.3882 -0.6814 -0.6205
vn -0.0562 -0.0166 0.9983
vn -0.2443 0.5800 -0.7771
vn -0.0844 0.3395 -0.9368
vn -0.2391 0.3523 -0.9048
vn 0.2056 0.4965 -0.8433
vn 0.2967 0.7848 -0.5441
vn 0.3232 0.2862 -0.9020
vn 0.3540 0.2154 -0.9101
vn 0.6492 0.3929 -0.6512
vn 0.5181 0.5395 -0.6637
vn 0.2991 0.9411 -0.1579
vn 0.3339 0.7613 -0.5558
vn 0.4797 0.1422 -0.8658
vn 0.6086 -0.0653 -0.7908
vn 0.6738 0.5586 -0.4838
vn 0.2514 -0.9015 -0.3524
vn 0.1729 -0.9790 -0.1079
vn 0.3229 -0.9405 -0.1063
vn 0.4128 -0.9026 -0.1220
vn 0.7887 0.5183 -0.3305
vn 0.6609 0.7197 -0.2127
vn 0.6608 0.7197 -0.2129
vn 0.6636 0.7431 -0.0864
vn 0.7355 0.6767 -0.0344
vn 0.6799 -0.7259 -0.1037
vn 0.8491 -0.5002 0.1695
vn 0.8494 -0.4998 0.1695
vn 0.7342 0.6776 0.0428
vn 0.4978 -0.8599 0.1129
vn 0.6651 -0.7238 0.1841
vn 0.1025 -0.9887 0.1096
vn 0.1332 -0.9788 0.1558
vn 0.2927 -0.9333 0.2081
vn 0.1057 -0.9943 0.0169
vn 0.1058 -0.9942 0.0169
vn 0.0881 -0.9960 0.0170
vn 0.1057 -0.9943 0.0168
vn -0.2677 -0.8980 -0.3492
vn -0.2886 -0.9390 -0.1869
vn -0.4063 -0.9098 -0.0846
vn -0.9240 -0.1767 -0.3392
vn -0.8815 0.1300 -0.4540
vn -0.1626 -0.9294 0.3314
vn -0.9748 -0.1826 0.1282
vn -0.4691 -0.8806 0.0674
vn -0.9603 -0.2324 0.1542
vn -0.5198 0.8501 0.0841
vn -0.6159 0.7693 -0.1700
vn -0.5323 0.8228 -0.1992
vn -0.4930 0.7581 -0.4269
vn 0.8925 0.4138 0.1796
vn 0.0136 0.9964 0.0837
vn 0.0288 0.9615 0.2732
vn -0.3607 0.8288 -0.4278
vn -0.3822 0.8359 -0.3941
vn -0.3989 0.3135 -0.8617
vn -0.2854 0.1638 -0.9443
vn -0.1579 0.9571 -0.2429
vn -0.6497 -0.1749 -0.7398
vn -0.1598 0.3118 -0.9366
vn 0.7330 0.3871 -0.5593
vn -0.2092 0.8183 -0.5354
vn -0.1967 0.3931 -0.8982
vn -0.1216 0.9771 0.1747
vn -0.2262 0.9589 -0.1714
vn -0.2531 0.9637 0.0849
vn -0.0897 0.9882 -0.1238
vn -0.3170 0.9457 -0.0721
vn -0.0567 0.5871 0.8075
vn 0.2451 0.4637 0.8514
vn 0.1831 0.4146 0.8914
vn -0.1809 0.9832 0.0255
vn 0.2048 0.4680 0.8597
vn -0.1978 0.9758 0.0929
vn 0.0394 0.7050 0.7081
vn -0.1102 0.9885 0.1035
vn 0.1209 0.6413 0.7577
vn -0.1425 0.4001 0.9053
vn -0.1471 0.3789 0.9137
vn -0.1425 0.4002 0.9053
vn 0.0275 0.2278 0.9733
vn -0.0361 0.1766 0.9836
vn -0.1738 -0.7479 0.6406
vn -0.1469 -0.1341 0.9800
vn -0.1444 -0.1298 0.9810
vn -0.1438 -0.1285 0.9812
vn -0.1471 0.3788 0.9137
vn -0.4682 0.5289 0.7078
vn -0.0199 0.8712 0.4905
vn 0.3818 -0.1995 0.9025
vn -0.2642 0.1793 0.9477
vn -0.1468 0.0731 0.9865
vn -0.1467 0.0726 0.9865
vn -0.1623 -0.0090 0.9867
vn -0.1157 0.0879 0.9894
vn -0.0943 0.0771 0.9926
vn 0.0080 -0.0853 0.9963
vn -0.1438 -0.1286 0.9812
vn 0.0478 -0.1377 0.9893
vn 0.0533 -0.1286 0.9903
vn 0.0533 -0.1285 0.9903
vn 0.0413 -0.4417 0.8962
vn 0.0533 -0.1287 0.9903
vn 0.0228 0.1732 0.9846
vn -0.1024 0.1519 0.9831
vn -0.7924 -0.4990 0.3509
vn -0.7923 -0.4988 0.3515
vn -0.7819 -0.3835 0.4914
vn -0.8143 0.4418 0.3765
vn -0.5744 0.8158 -0.0679
vn -0.6307 -0.2383 -0.7386
vn -0.5940 0.8044 0.0123
vn -0.9925 0.1219 -0.0135
vn -0.6931 -0.5414 -0.4759
vn -0.0720 -0.2671 -0.9610
vn -0.3082 -0.1316 -0.9422
vn -0.2669 0.3522 -0.8971
vn 0.2864 0.3514 -0.8914
vn -0.1844 0.8013 -0.5691
vn -0.3534 0.0783 -0.9322
vn -0.0448 0.2197 -0.9745
vn -0.2890 0.4906 -0.8221
vn -0.1990 0.8874 -0.4158
vn -0.0529 0.0461 -0.9975
vn -0.0603 -0.0149 -0.9981
vn -0.2488 0.9083 -0.3363
vn -0.1499 -0.1325 -0.9798
vn 0.1123 0.9042 -0.4121
vn 0.1403 0.9639 -0.2263
vn 0.3330 0.9329 -0.1372
vn -0.1218 0.9767 0.1770
vn 0.2681 0.9633 0.0139
vn 0.2680 0.9633 0.0142
vn 0.2598 0.7997 -0.5412
vn -0.0115 0.5410 0.8409
vn 0.1828 0.5278 0.8295
vn 0.2011 0.6013 0.7733
vn 0.7158 0.4430 -0.5398
vn 0.4550 0.8904 -0.0102
vn -0.1377 0.8077 0.5733
vn 0.8234 0.4651 -0.3252
vn 0.0565 0.9560 -0.2879
vn -0.0647 0.8287 -0.5559
vn 0.0225 0.4308 -0.9021
vn 0.3603 -0.0923 -0.9282
vn 0.3598 -0.0941 -0.9283
vn 0.3598 -0.0946 -0.9282
vn -0.2473 -0.1793 -0.9522
vn -0.1609 -0.5397 -0.8263
vn 0.3595 -0.0949 -0.9283
vn -0.3955 0.9056 -0.1529
vn -0.5576 0.7370 -0.3819
vn -0.3078 0.6053 0.7341
vn -0.9109 -0.3865 -0.1447
vn -0.9110 -0.3863 -0.1441
vn -0.9109 -0.3865 -0.1444
vn -0.9350 -0.3321 0.1243
vn -0.1709 0.8056 0.5673
vn 0.2232 0.0328 -0.9742
vn 0.2241 -0.8102 -0.5416
vn 0.0767 -0.8986 -0.4320
vn 0.1023 -0.7989 -0.5927
vn 0.3648 -0.7997 -0.4769
vn 0.2676 -0.6994 -0.6627
vn 0.2681 -0.4838 -0.8331
vn 0.1872 -0.9262 -0.3273
vn 0.3209 -0.5245 -0.7886
vn 0.1879 -0.9775 -0.0958
vn 0.2448 -0.9658 -0.0857
vn 0.2641 -0.9554 0.1320
vn 0.1201 -0.6807 0.7227
vn 0.1195 -0.9927 0.0187
vn 0.1193 -0.9927 0.0189
vn 0.1020 -0.9298 0.3535
vn 0.2788 -0.9115 0.3022
vn 0.2788 -0.9114 0.3026
vn -0.1975 -0.9760 0.0920
vn -0.1998 -0.9747 0.1007
vn -0.1970 -0.6607 0.7243
vn -0.0992 -0.3189 0.9426
vn -0.2250 -0.3245 0.9187
vn -0.2726 -0.3342 0.9022
vn -0.7781 -0.5881 0.2208
vn -0.7779 -0.5882 0.2211
vn -0.8031 -0.5693 0.1758
vn -0.8032 -0.5692 0.1759
vn -0.8031 -0.5693 0.1759
vn -0.3787 -0.2911 0.8785
vn -0.3786 -0.2911 0.8786
vn -0.3649 -0.2841 0.8867
vn -0.7968 -0.5773 0.1783
vn -0.6565 -0.3245 -0.6810
vn -0.7661 -0.3013 -0.5678
vn -0.7858 -0.4295 -0.4449
vn -0.4924 -0.1067 -0.8638
vn -0.2472 -0.9630 -0.1076
vn -0.1978 -0.9061 -0.3739
vn -0.2631 -0.6505 -0.7124
vn -0.1165 0.2680 -0.9564
vn 0.0719 0.0793 -0.9943
vn -0.1288 0.6455 -0.7528
vn 0.1381 0.0895 -0.9864
vn -0.0627 0.2722 -0.9602
vn -0.6663 -0.7060 -0.2398
vn 0.1155 0.0118 -0.9932
vn -0.0739 0.4212 -0.9040
vn -0.4696 -0.8204 -0.3261
vn -0.7666 -0.3095 -0.5627
vn -0.4258 0.8708 0.2456
vn -0.3967 0.8987 0.1867
vn -0.1114 0.6590 -0.7438
vn 0.0831 0.9878 0.1319
vn 0.2349 0.8714 -0.4307
vn 0.7544 0.4711 -0.4571
vn 0.5329 0.6210 0.5747
vn 0.5329 0.6211 0.5747
vn 0.3970 0.7935 -0.4612
vn 0.6694 0.7415 -0.0450
vn 0.6694 0.7415 -0.0454
vn 0.3507 0.5549 0.7544
vn 0.5270 0.6116 0.5900
vn 0.2029 0.8264 0.5253
vn 0.0184 0.0823 0.9964
vn 0.0183 0.0824 0.9964
vn 0.0435 0.0719 0.9965
vn 0.1412 0.3034 0.9424
vn -0.2295 0.5177 0.8242
vn 0.2292 0.9371 0.2633
vn -0.1333 0.9774 -0.1640
vn -0.1022 0.8535 0.5109
vn -0.3589 0.5193 0.7756
vn -0.5799 -0.0550 0.8129
vn -0.3190 0.8857 0.3373
vn -0.1354 0.6092 -0.7814
vn 0.0764 -0.1097 0.9910
vn 0.1756 -0.9338 0.3117
vn 0.2094 -0.9565 -0.2033
vn 0.1448 -0.9597 0.2410
vn 0.2337 -0.8959 -0.3778
vn 0.3295 -0.9432 0.0415
vn 0.2679 -0.8942 0.3586
vn 0.2679 -0.8944 0.3582
vn 0.3408 -0.8665 -0.3646
vn 0.1527 -0.9703 0.1875
vn 0.1507 -0.3090 0.9391
vn -0.1930 -0.0332 0.9806
vn 0.5410 -0.6993 0.4673
vn 0.4051 0.0567 0.9125
vn 0.1054 -0.9617 -0.2530
vn 0.3487 -0.9371 0.0139
vn 0.5433 -0.7320 0.4112
vn 0.7661 0.1416 0.6269
vn 0.5912 -0.1476 0.7929
vn 0.1210 -0.9926 -0.0053
vn 0.1706 -0.9284 -0.3301
vn -0.0499 -0.9118 -0.4076
vn 0.1231 -0.8405 -0.5277
vn -0.0639 0.1658 -0.9841
vn -0.1233 0.9498 -0.2876
vn -0.0458 0.9745 0.2197
vn -0.4664 -0.0730 -0.8815
vn -0.0746 -0.4182 -0.9053
vn 0.3443 0.3994 0.8497
vn 0.2514 -0.4253 0.8695
vn 0.0564 -0.8246 0.5629
vn 0.1494 0.7284 0.6687
vn 0.4069 0.7358 0.5413
vn 0.3899 0.6523 0.6501
vn 0.6449 0.3128 0.6973
vn 0.3498 0.4449 0.8244
vn -0.1277 0.9874 -0.0930
vn -0.1298 0.9841 -0.1211
vn -0.1299 0.9841 -0.1211
vn -0.1495 0.9812 -0.1222
vn 0.5572 0.7313 0.3933
vn -0.0776 0.9970 -0.0076
vn -0.0776 0.9970 -0.0075
vn 0.6643 0.7455 0.0542
vn 0.8707 0.3868 0.3038
vn 0.3429 0.9385 -0.0399
vn -0.2121 0.9735 0.0859
vn -0.0712 0.9972 0.0206
vn -0.0677 0.9977 -0.0029
vn 0.6654 0.7460 0.0251
vn 0.5153 0.8327 -0.2026
vn 0.8018 0.5867 -0.1136
vn 0.7149 0.6301 -0.3032
vn -0.0802 0.9963 0.0300
vn -0.0801 0.9963 0.0300
vn 0.0459 0.9989 -0.0064
vn -0.0264 0.9670 -0.2536
vn 0.3055 0.9504 -0.0586
vn -0.0568 0.9983 -0.0093
vn -0.0152 0.9905 -0.1368
vn -0.6416 0.7323 0.2283
vn -0.3710 0.8795 0.2981
vn -0.3744 0.8187 0.4354
vn -0.2331 0.8343 0.4995
vn -0.3005 -0.0904 0.9495
vn -0.4459 0.1136 0.8878
vn -0.1708 0.9044 0.3911
vn -0.7226 -0.3241 0.6105
vn -0.1488 0.9886 0.0234
vn 0.5864 0.8015 0.1171
vn 0.6362 0.7096 0.3028
vn 0.6295 0.6881 0.3608
vn 0.4298 -0.1297 0.8936
vn 0.7815 0.0848 0.6181
vn 0.3384 -0.4064 0.8487
vn 0.1638 -0.8976 0.4093
vn -0.8369 -0.0934 0.5393
vn 0.0740 -0.9972 0.0131
vn -0.4095 -0.8715 0.2698
vn -0.1139 -0.9914 0.0647
vn -0.3607 -0.8907 0.2767
vn 0.6658 0.7157 -0.2109
vn -0.0824 0.9965 0.0120
vn 0.1195 -0.7884 0.6035
vn 0.1505 -0.9089 0.3889
vn 0.1505 -0.9090 0.3888
vn 0.1473 -0.9115 0.3840
vt 0.000000 0.000000
s 1
usemtl xmaterial_bf0acc1fa4df433.004
f 2141/128/2977 2145/128/2977 2140/128/2977
f 2140/128/2978 2142/128/2978 2141/128/2978
f 2140/128/2979 2143/128/2980 2142/128/2979
f 2140/128/2979 2144/128/2981 2143/128/2980
f 2140/128/2982 2145/128/2982 2144/128/2982
f 2146/128/2983 2150/128/2983 2145/128/2983
f 2146/128/2984 2145/128/2984 2147/128/2984
f 2141/128/2985 2147/128/2985 2145/128/2985
f 2145/128/2986 2150/128/2986 2148/128/2986
f 2148/128/2987 2149/128/2987 2145/128/2987
f 2145/128/2988 2149/128/2988 2144/128/2988
f 2151/128/2989 2150/128/2989 2153/128/2989
f 2151/128/2990 2152/128/2990 2150/128/2990
f 2148/128/2991 2150/128/2991 2152/128/2991
f 2153/128/2992 2150/128/2992 2146/128/2992
f 2153/128/2993 2154/128/2993 2151/128/2993
f 2154/128/2994 2153/128/2994 2155/128/2994
f 2155/128/2995 2153/128/2996 2146/128/2997
f 2146/128/2998 2147/128/2998 2155/128/2998
f 2147/128/2999 2157/128/2999 2155/128/2999
f 2156/128/3000 2154/128/3000 2155/128/3000
f 2155/128/3001 2157/128/3001 2156/128/3001
f 2157/128/3002 2158/128/3003 2156/128/3004
f 2158/128/3005 2157/128/3006 2159/128/3007
f 2159/128/3008 2157/128/3008 2160/128/3008
f 2160/128/3009 2157/128/3009 2147/128/3009
f 2161/128/3010 2160/128/3010 2147/128/3011
f 2161/128/3010 2162/128/3010 2160/128/3010
f 2162/128/3012 2163/128/3012 2160/128/3012
f 2159/128/3013 2160/128/3013 2163/128/3013
f 2163/128/3014 2164/128/3014 2159/128/3014
f 2163/128/3015 2165/128/3015 2164/128/3015
f 2163/128/3016 2162/128/3016 2165/128/3016
f 2164/128/3017 2165/128/3017 2166/128/3017
f 2165/128/3018 2167/128/3018 2166/128/3018
f 2165/128/3019 2162/128/3020 2167/128/3021
f 2168/128/3022 2166/128/3022 2167/128/3022
f 2168/128/3023 2167/128/3024 2169/128/3023
f 2167/128/3025 2170/128/3025 2169/128/3025
f 2162/128/3026 2170/128/3026 2167/128/3026
f 2170/128/3027 2162/128/3027 2173/128/3027
f 2170/128/3028 2174/128/3028 2171/128/3028
f 2171/128/3029 2172/128/3029 2170/128/3029
f 2172/128/3030 2169/128/3030 2170/128/3030
f 2174/128/3031 2170/128/3031 2173/128/3031
f 2174/128/3032 2175/128/3032 2171/128/3032
f 2176/128/3033 2175/128/3033 2174/128/3033
f 2173/128/3034 2176/128/3034 2174/128/3034
f 2142/128/3035 2176/128/3035 2161/128/3035
f 2161/128/3036 2176/128/3036 2173/128/3036
f 2179/128/3037 2175/128/3037 2176/128/3037
f 2176/128/3038 2142/128/3038 2177/128/3038
f 2176/128/3039 2177/128/3039 2178/128/3039
f 2178/128/3040 2179/128/3040 2176/128/3040
f 2179/128/3041 2180/128/3042 2175/128/3043
f 2179/128/3044 2181/128/3044 2180/128/3045
f 2178/128/3046 2181/128/3044 2179/128/3044
f 2178/128/3047 2182/128/3048 2181/128/3049
f 2182/128/3050 2183/128/3050 2181/128/3050
f 2184/128/3051 2181/128/3051 2183/128/3051
f 2180/128/3052 2181/128/3052 2184/128/3052
f 2184/128/3053 2183/128/3053 2185/128/3053
f 2186/128/3054 2184/128/3054 2151/128/3054
f 2184/128/3055 2185/128/3056 2151/128/3056
f 2180/128/3057 2184/128/3057 2186/128/3057
f 2187/128/3058 2189/128/3058 2186/128/3058
f 2186/128/3059 2188/128/3059 2187/128/3059
f 2186/128/3060 2158/128/3003 2188/128/3061
f 2186/128/3062 2189/128/3062 2190/128/3062
f 2186/128/3063 2190/128/3063 2180/128/3063
f 2186/128/3060 2156/128/3004 2158/128/3003
f 2154/128/3064 2156/128/3064 2186/128/3064
f 2151/128/3065 2154/128/3065 2186/128/3065
f 2191/128/3066 2190/128/3066 2189/128/3066
f 2180/128/3042 2190/128/3067 2175/128/3043
f 2175/128/3068 2190/128/3068 2171/128/3068
f 2190/128/3069 2191/128/3069 2171/128/3069
f 2194/128/3070 2191/128/3070 2192/128/3070
f 2192/128/3071 2191/128/3071 2193/128/3071
f 2189/128/3072 2193/128/3072 2191/128/3072
f 2172/128/3073 2191/128/3073 2194/128/3073
f 2171/128/3074 2191/128/3074 2172/128/3074
f 2169/128/3075 2172/128/3075 2194/128/3075
f 2194/128/3076 2195/128/3076 2169/128/3076
f 2194/128/3077 2196/128/3077 2195/128/3077
f 2197/128/3078 2194/128/3078 2192/128/3078
f 2197/128/3079 2196/128/3079 2194/128/3079
f 2197/128/3080 2198/128/3080 2196/128/3080
f 2197/128/3081 2199/128/3081 2198/128/3081
f 2192/128/3082 2199/128/3082 2197/128/3082
f 2193/128/3083 2200/128/3083 2199/128/3083
f 2200/128/3084 2201/128/3084 2199/128/3084
f 2201/128/3085 2202/128/3085 2199/128/3085
f 2199/128/3086 2192/128/3087 2193/128/3088
f 2198/128/3089 2199/128/3089 2202/128/3089
f 2202/128/3090 2201/128/3090 2203/128/3090
f 2203/128/3091 2204/128/3091 2202/128/3091
f 2198/128/3092 2202/128/3092 2204/128/3092
f 2203/128/3093 2205/128/3094 2204/128/3093
f 2205/128/3095 2196/128/3095 2204/128/3095
f 2204/128/3096 2196/128/3096 2198/128/3096
f 2196/128/3097 2205/128/3097 2195/128/3097
f 2206/128/3098 2205/128/3098 2200/128/3098
f 2200/128/3099 2205/128/3099 2203/128/3099
f 2195/128/3100 2205/128/3100 2206/128/3100
f 2206/128/3101 2207/128/3101 2195/128/3101
f 2207/128/3102 2206/128/3102 2208/128/3102
f 2209/128/3103 2208/128/3103 2206/128/3104
f 2209/128/3105 2206/128/3106 2200/128/3106
f 2209/128/3107 2187/128/3108 2210/128/3107
f 2209/128/3109 2200/128/3110 2187/128/3111
f 2210/128/3112 2208/128/3112 2209/128/3112
f 2213/128/3113 2210/128/3113 2211/128/3113
f 2211/128/3114 2210/128/3115 2212/128/3114
f 2210/128/3116 2187/128/3116 2212/128/3116
f 2208/128/3117 2210/128/3117 2213/128/3117
f 2208/128/3118 2213/128/3118 2214/128/3118
f 2214/128/3119 2213/128/3119 2215/128/3119
f 2215/128/3120 2213/128/3120 2211/128/3120
f 2215/128/3121 2216/128/3121 2214/128/3121
f 2217/128/3122 2216/128/3122 2215/128/3122
f 2217/128/3123 2215/128/3124 2211/128/3125
f 2217/128/3126 2219/128/3126 2218/128/3126
f 2218/128/3127 2216/128/3127 2217/128/3127
f 2220/128/3128 2219/128/3128 2217/128/3128
f 2220/128/3129 2217/128/3123 2211/128/3125
f 2220/128/3130 2221/128/3130 2222/128/3130
f 2221/128/3131 2220/128/3131 2211/128/3131
f 2223/128/3132 2220/128/3133 2222/128/3134
f 2220/128/3133 2223/128/3132 2219/128/3135
f 2224/128/3136 2219/128/3136 2223/128/3136
f 2226/128/3137 2223/128/3137 2222/128/3138
f 2224/128/3139 2223/128/3139 2225/128/3139
f 2223/128/3140 2226/128/3140 2225/128/3140
f 2218/128/3141 2225/128/3141 2226/128/3141
f 2218/128/3142 2226/128/3142 2227/128/3142
f 2226/128/3143 2228/128/3143 2227/128/3143
f 2226/128/3144 2222/128/3144 2221/128/3144
f 2221/128/3145 2228/128/3146 2226/128/3147
f 2228/128/3148 2229/128/3148 2230/128/3148
f 2228/128/3146 2221/128/3145 2229/128/3149
f 2230/128/3150 2231/128/3150 2228/128/3150
f 2228/128/3151 2231/128/3151 2227/128/3151
f 2227/128/3152 2231/128/3152 2166/128/3152
f 2166/128/3153 2231/128/3153 2164/128/3153
f 2164/128/3154 2231/128/3154 2230/128/3154
f 2229/128/3155 2212/128/3155 2230/128/3155
f 2212/128/3156 2159/128/3156 2230/128/3156
f 2159/128/3157 2164/128/3157 2230/128/3157
f 2229/128/3114 2211/128/3114 2212/128/3114
f 2229/128/3114 2221/128/3158 2211/128/3114
f 2218/128/3159 2227/128/3159 2232/128/3159
f 2233/128/3160 2232/128/3160 2227/128/3160
f 2166/128/3161 2233/128/3161 2227/128/3161
f 2233/128/3162 2234/128/3162 2232/128/3162
f 2233/128/3163 2166/128/3163 2168/128/3163
f 2234/128/3164 2233/128/3164 2168/128/3164
f 2234/128/3165 2169/128/3165 2214/128/3165
f 2234/128/3166 2168/128/3023 2169/128/3023
f 2214/128/3167 2216/128/3167 2234/128/3167
f 2216/128/3168 2232/128/3168 2234/128/3168
f 2232/128/3169 2216/128/3169 2218/128/3169
f 2224/128/3170 2225/128/3170 2218/128/3170
f 2219/128/3171 2224/128/3171 2218/128/3171
f 2214/128/3172 2207/128/3172 2208/128/3172
f 2169/128/3173 2207/128/3173 2214/128/3173
f 2159/128/3174 2212/128/3174 2235/128/3174
f 2235/128/3174 2212/128/3174 2187/128/3111
f 2235/128/3175 2187/128/3175 2188/128/3175
f 2235/128/3176 2158/128/3005 2159/128/3007
f 2235/128/3177 2236/128/3177 2158/128/3177
f 2236/128/3178 2235/128/3178 2188/128/3178
f 2188/128/3179 2158/128/3179 2236/128/3179
f 2195/128/3180 2207/128/3180 2169/128/3180
f 2203/128/3181 2201/128/3181 2200/128/3181
f 2187/128/3182 2200/128/3182 2193/128/3182
f 2193/128/3183 2189/128/3183 2187/128/3183
f 2185/128/3056 2152/128/3184 2151/128/3056
f 2238/128/3185 2152/128/3185 2185/128/3185
f 2237/128/3186 2185/128/3186 2183/128/3186
f 2237/128/3187 2238/128/3187 2185/128/3187
f 2237/128/3188 2239/128/3188 2238/128/3188
f 2239/128/3189 2240/128/3189 2238/128/3189
f 2241/128/3190 2238/128/3190 2240/128/3190
f 2152/128/3191 2238/128/3191 2241/128/3191
f 2152/128/3192 2241/128/3192 2148/128/3192
f 2148/128/3193 2241/128/3193 2242/128/3193
f 2242/128/3194 2241/128/3194 2240/128/3194
f 2148/128/3195 2242/128/3195 2149/128/3195
f 2242/128/3196 2243/128/3196 2149/128/3196
f 2242/128/3197 2244/128/3197 2243/128/3197
f 2245/128/3198 2244/128/3198 2242/128/3198
f 2240/128/3199 2245/128/3199 2242/128/3199
f 2240/128/3200 2246/128/3200 2245/128/3201
f 2246/128/3202 2247/128/3202 2245/128/3202
f 2245/128/3203 2247/128/3203 2248/128/3203
f 2248/128/3204 2244/128/3204 2245/128/3204
f 2249/128/3205 2250/128/3205 2248/128/3206
f 2249/128/3207 2248/128/3207 2247/128/3207
f 2250/128/3208 2251/128/3208 2248/128/3208
f 2248/128/3209 2251/128/3209 2244/128/3209
f 2254/128/3210 2251/128/3210 2252/128/3210
f 2252/128/3211 2251/128/3211 2253/128/3211
f 2253/128/3212 2251/128/3212 2250/128/3212
f 2243/128/3213 2251/128/3214 2254/128/3215
f 2243/128/3213 2244/128/3216 2251/128/3214
f 2252/128/3217 2255/128/3217 2254/128/3217
f 2256/128/3218 2254/128/3218 2255/128/3218
f 2256/128/3219 2243/128/3219 2254/128/3219
f 2257/128/3220 2260/128/3220 2256/128/3220
f 2256/128/3221 2255/128/3221 2257/128/3221
f 2243/128/3222 2256/128/3222 2259/128/3222
f 2258/128/3223 2256/128/3223 2260/128/3223
f 2258/128/3224 2259/128/3224 2256/128/3224
f 2260/128/3225 2261/128/3225 2258/128/3225
f 2260/128/3226 2262/128/3226 2261/128/3226
f 2262/128/3227 2260/128/3227 2263/128/3227
f 2263/128/3228 2260/128/3228 2257/128/3228
f 2257/128/3229 2265/128/3229 2263/128/3229
f 2264/128/3230 2262/128/3230 2263/128/3230
f 2263/128/3231 2265/128/3231 2264/128/3231
f 2264/128/3232 2265/128/3232 2266/128/3232
f 2266/128/3233 2265/128/3233 2267/128/3233
f 2267/128/3234 2265/128/3234 2257/128/3234
f 2268/128/3235 2267/128/3235 2255/128/3235
f 2268/128/3236 2269/128/3236 2267/128/3236
f 2267/128/3237 2269/128/3237 2266/128/3237
f 2255/128/3238 2267/128/3238 2257/128/3238
f 2269/128/3239 2268/128/3239 2271/128/3239
f 2266/128/3240 2269/128/3240 2272/128/3240
f 2272/128/3241 2269/128/3241 2270/128/3241
f 2269/128/3242 2271/128/3242 2270/128/3242
f 2273/128/3243 2274/128/3243 2272/128/3243
f 2272/128/3244 2270/128/3244 2273/128/3244
f 2272/128/3245 2274/128/3245 2266/128/3245
f 2274/128/3246 2273/128/3246 2275/128/3246
f 2274/128/3247 2275/128/3247 2266/128/3247
f 2275/128/3248 2280/128/3248 2276/128/3248
f 2276/128/3249 2277/128/3249 2275/128/3249
f 2279/128/3250 2275/128/3250 2277/128/3250
f 2275/128/3251 2278/128/3251 2266/128/3251
f 2279/128/3252 2278/128/3252 2275/128/3252
f 2273/128/3253 2280/128/3253 2275/128/3253
f 2281/128/3254 2282/128/3254 2280/128/3254
f 2280/128/3255 2273/128/3255 2281/128/3255
f 2282/128/3256 2276/128/3256 2280/128/3256
f 2283/128/3257 2276/128/3258 2282/128/3259
f 2283/128/3260 2282/128/3260 2281/128/3260
f 2285/128/3261 2283/128/3261 2281/128/3261
f 2287/128/3262 2283/128/3262 2284/128/3262
f 2283/128/3263 2285/128/3264 2284/128/3265
f 2283/128/3257 2286/128/3266 2276/128/3258
f 2283/128/3267 2287/128/3267 2286/128/3267
f 2286/128/3268 2287/128/3268 2288/128/3268
f 2288/128/3269 2287/128/3269 2284/128/3269
f 2289/128/3270 2286/128/3270 2288/128/3270
f 2289/128/3271 2288/128/3272 2290/128/3272
f 2290/128/3273 2288/128/3273 2284/128/3273
f 2289/128/3271 2290/128/3272 2291/128/3274
f 2290/128/3275 2292/128/3275 2291/128/3274
f 2290/128/3276 2293/128/3276 2292/128/3276
f 2284/128/3265 2285/128/3264 2290/128/3277
f 2285/128/3278 2295/128/3279 2290/128/3280
f 2290/128/3281 2294/128/3281 2293/128/3281
f 2294/128/3282 2290/128/3280 2295/128/3279
f 2295/128/3283 2296/128/3283 2297/128/3283
f 2295/128/3284 2285/128/3284 2296/128/3284
f 2297/128/3285 2298/128/3285 2295/128/3286
f 2295/128/3287 2298/128/3287 2300/128/3287
f 2295/128/3288 2299/128/3288 2294/128/3288
f 2295/128/3289 2300/128/3289 2299/128/3289
f 2300/128/3290 2298/128/3290 2302/128/3290
f 2301/128/3291 2299/128/3291 2300/128/3291
f 2300/128/3292 2302/128/3292 2301/128/3292
f 2302/128/3293 2298/128/3293 2303/128/3293
f 2303/128/3294 2304/128/3294 2302/128/3294
f 2302/128/3295 2304/128/3295 2305/128/3295
f 2305/128/3296 2301/128/3296 2302/128/3296
f 2304/128/3297 2306/128/3297 2305/128/3297
f 2306/128/3298 2309/128/3298 2305/128/3298
f 2307/128/3299 2305/128/3299 2309/128/3299
f 2307/128/3300 2308/128/3300 2305/128/3300
f 2308/128/3301 2301/128/3301 2305/128/3301
f 2309/128/3302 2311/128/3302 2270/128/3302
f 2270/128/3303 2310/128/3303 2309/128/3303
f 2309/128/3304 2310/128/3304 2312/128/3304
f 2313/128/3305 2311/128/3305 2309/128/3305
f 2309/128/3306 2312/128/3306 2307/128/3306
f 2306/128/3307 2313/128/3307 2309/128/3307
f 2314/128/3308 2313/128/3308 2306/128/3308
f 2314/128/3309 2281/128/3309 2313/128/3309
f 2313/128/3310 2281/128/3310 2311/128/3310
f 2314/128/3311 2315/128/3311 2281/128/3312
f 2314/128/3313 2306/128/3313 2315/128/3313
f 2281/128/3314 2315/128/3314 2285/128/3314
f 2285/128/3315 2315/128/3315 2296/128/3315
f 2315/128/3316 2317/128/3316 2296/128/3316
f 2316/128/3317 2317/128/3317 2315/128/3317
f 2316/128/3318 2315/128/3318 2306/128/3318
f 2317/128/3319 2318/128/3319 2296/128/3319
f 2317/128/3320 2316/128/3320 2319/128/3320
f 2317/128/3321 2319/128/3321 2318/128/3321
f 2319/128/3322 2320/128/3322 2318/128/3322
f 2321/128/3323 2320/128/3323 2319/128/3323
f 2319/128/3324 2316/128/3325 2321/128/3326
f 2303/128/3327 2320/128/3327 2321/128/3327
f 2303/128/3328 2321/128/3328 2304/128/3328
f 2321/128/3326 2316/128/3325 2304/128/3329
f 2318/128/3330 2320/128/3330 2322/128/3330
f 2320/128/3331 2303/128/3331 2322/128/3331
f 2297/128/3332 2296/128/3332 2322/128/3332
f 2322/128/3333 2298/128/3334 2297/128/3335
f 2303/128/3336 2298/128/3336 2322/128/3336
f 2322/128/3337 2296/128/3337 2318/128/3337
f 2304/128/3338 2316/128/3338 2306/128/3338
f 2323/128/3339 2324/128/3339 2312/128/3339
f 2312/128/3340 2310/128/3340 2323/128/3340
f 2307/128/3341 2312/128/3341 2324/128/3341
f 2325/128/3342 2326/128/3342 2324/128/3342
f 2324/128/3343 2323/128/3343 2325/128/3343
f 2324/128/3344 2326/128/3344 2307/128/3344
f 2327/128/3345 2326/128/3345 2328/128/3345
f 2327/128/3346 2307/128/3346 2326/128/3346
f 2328/128/3347 2326/128/3347 2329/128/3347
f 2326/128/3348 2325/128/3348 2329/128/3348
f 2325/128/3349 2330/128/3349 2329/128/3349
f 2329/128/3350 2330/128/3350 2289/128/3350
f 2329/128/3351 2331/128/3352 2328/128/3352
f 2291/128/3353 2331/128/3353 2329/128/3353
f 2291/128/3354 2329/128/3355 2289/128/3355
f 2331/128/3356 2333/128/3357 2332/128/3356
f 2332/128/3356 2328/128/3356 2331/128/3356
f 2333/128/3358 2331/128/3358 2292/128/3358
f 2292/128/3359 2331/128/3359 2291/128/3359
f 2292/128/3360 2334/128/3360 2333/128/3360
f 2333/128/3361 2334/128/3361 2335/128/3361
f 2333/128/3362 2335/128/3363 2332/128/3362
f 2336/128/3364 2338/128/3365 2335/128/3366
f 2336/128/3367 2335/128/3368 2337/128/3368
f 2337/128/3368 2335/128/3368 2334/128/3369
f 2332/128/3370 2335/128/3366 2338/128/3365
f 2336/128/3371 2339/128/3371 2338/128/3371
f 2339/128/3372 2340/128/3372 2338/128/3372
f 2332/128/3373 2338/128/3373 2340/128/3373
f 2339/128/3374 2341/128/3374 2340/128/3374
f 2332/128/3375 2340/128/3375 2328/128/3375
f 2328/128/3376 2340/128/3376 2327/128/3376
f 2327/128/3377 2340/128/3377 2341/128/3377
f 2339/128/3378 2308/128/3378 2341/128/3378
f 2341/128/3379 2308/128/3379 2327/128/3379
f 2343/128/3380 2308/128/3380 2339/128/3380
f 2339/128/3381 2344/128/3381 2342/128/3381
f 2342/128/3382 2343/128/3382 2339/128/3382
f 2336/128/3383 2344/128/3383 2339/128/3383
f 2345/128/3384 2342/128/3384 2344/128/3384
f 2347/128/3385 2345/128/3385 2344/128/3385
f 2346/128/3386 2344/128/3386 2336/128/3386
f 2346/128/3387 2347/128/3387 2344/128/3387
f 2346/128/3388 2348/128/3388 2347/128/3388
f 2347/128/3389 2348/128/3389 2349/128/3389
f 2347/128/3390 2349/128/3390 2345/128/3390
f 2348/128/3391 2350/128/3391 2349/128/3391
f 2349/128/3392 2350/128/3392 2345/128/3392
f 2350/128/3393 2351/128/3393 2345/128/3393
f 2348/128/3394 2351/128/3394 2350/128/3395
f 2342/128/3396 2351/128/3396 2352/128/3396
f 2342/128/3397 2345/128/3397 2351/128/3398
f 2353/128/3399 2352/128/3399 2351/128/3399
f 2348/128/3394 2353/128/3400 2351/128/3394
f 2352/128/3401 2353/128/3401 2293/128/3401
f 2353/128/3402 2334/128/3402 2293/128/3403
f 2337/128/3404 2334/128/3402 2353/128/3402
f 2337/128/3405 2353/128/3405 2348/128/3405
f 2352/128/3406 2293/128/3406 2294/128/3406
f 2352/128/3407 2343/128/3407 2342/128/3407
f 2343/128/3408 2352/128/3408 2299/128/3408
f 2294/128/3409 2299/128/3409 2352/128/3409
f 2346/128/3410 2337/128/3410 2348/128/3410
f 2346/128/3411 2336/128/3411 2337/128/3411
f 2343/128/3412 2299/128/3412 2301/128/3412
f 2343/128/3413 2301/128/3413 2308/128/3413
f 2334/128/3414 2292/128/3414 2293/128/3414
f 2323/128/3415 2330/128/3415 2325/128/3415
f 2323/128/3416 2354/128/3416 2330/128/3416
f 2289/128/3417 2330/128/3417 2354/128/3417
f 2355/128/3418 2354/128/3418 2310/128/3418
f 2355/128/3419 2356/128/3419 2354/128/3419
f 2354/128/3420 2356/128/3421 2357/128/3420
f 2323/128/3422 2310/128/3422 2354/128/3422
f 2289/128/3423 2354/128/3423 2357/128/3423
f 2357/128/3424 2356/128/3424 2276/128/3424
f 2276/128/3258 2286/128/3266 2357/128/3258
f 2289/128/3425 2357/128/3425 2286/128/3425
f 2355/128/3426 2277/128/3426 2356/128/3426
f 2356/128/3427 2277/128/3427 2276/128/3427
f 2355/128/3428 2310/128/3428 2358/128/3428
f 2358/128/3429 2359/128/3429 2355/128/3429
f 2277/128/3430 2355/128/3430 2359/128/3430
f 2359/128/3431 2279/128/3431 2277/128/3431
f 2359/128/3432 2252/128/3432 2279/128/3432
f 2358/128/3433 2252/128/3433 2359/128/3433
f 2252/128/3434 2358/128/3434 2255/128/3434
f 2255/128/3435 2358/128/3435 2268/128/3435
f 2310/128/3436 2268/128/3436 2358/128/3436
f 2307/128/3437 2327/128/3437 2308/128/3437
f 2311/128/3438 2273/128/3438 2270/128/3438
f 2281/128/3439 2273/128/3439 2311/128/3439
f 2270/128/3440 2271/128/3440 2310/128/3440
f 2268/128/3441 2310/128/3441 2271/128/3441
f 2279/128/3442 2362/128/3442 2278/128/3442
f 2279/128/3443 2360/128/3443 2361/128/3443
f 2279/128/3444 2252/128/3444 2360/128/3444
f 2361/128/3445 2362/128/3445 2279/128/3445
f 2364/128/3446 2362/128/3446 2363/128/3446
f 2363/128/3447 2362/128/3447 2361/128/3447
f 2364/128/3448 2365/128/3448 2362/128/3448
f 2362/128/3449 2365/128/3449 2278/128/3449
f 2266/128/3450 2278/128/3450 2365/128/3450
f 2365/128/3451 2264/128/3452 2266/128/3451
f 2365/128/3451 2366/128/3453 2264/128/3452
f 2366/128/3454 2365/128/3454 2364/128/3454
f 2366/128/3455 2367/128/3455 2264/128/3456
f 2366/128/3457 2247/128/3457 2367/128/3457
f 2364/128/3458 2247/128/3458 2366/128/3458
f 2367/128/3459 2370/128/3459 2368/128/3459
f 2368/128/3460 2369/128/3460 2367/128/3460
f 2369/128/3461 2262/128/3461 2367/128/3461
f 2367/128/3455 2262/128/3462 2264/128/3456
f 2370/128/3463 2367/128/3463 2247/128/3463
f 2370/128/3464 2239/128/3464 2368/128/3464
f 2246/128/3465 2370/128/3465 2247/128/3465
f 2370/128/3466 2246/128/3466 2239/128/3466
f 2182/128/3467 2369/128/3468 2237/128/3467
f 2237/128/3469 2369/128/3469 2239/128/3469
f 2368/128/3470 2239/128/3470 2369/128/3470
f 2372/128/3471 2262/128/3471 2369/128/3471
f 2369/128/3472 2182/128/3472 2371/128/3472
f 2372/128/3473 2369/128/3473 2371/128/3473
f 2372/128/3474 2261/128/3474 2262/128/3474
f 2261/128/3475 2372/128/3475 2373/128/3475
f 2373/128/3476 2372/128/3476 2371/128/3476
f 2373/128/3477 2178/128/3477 2177/128/3477
f 2177/128/3478 2142/128/3478 2373/128/3478
f 2373/128/3479 2142/128/3479 2143/128/3479
f 2371/128/3480 2178/128/3480 2373/128/3480
f 2143/128/3481 2261/128/3481 2373/128/3481
f 2371/128/3482 2182/128/3048 2178/128/3047
f 2247/128/3483 2364/128/3483 2249/128/3483
f 2249/128/3484 2364/128/3484 2250/128/3484
f 2250/128/3485 2364/128/3485 2363/128/3485
f 2363/128/3486 2361/128/3486 2253/128/3486
f 2250/128/3487 2363/128/3487 2253/128/3487
f 2361/128/3488 2360/128/3488 2253/128/3488
f 2253/128/3489 2360/128/3489 2252/128/3489
f 2258/128/3490 2261/128/3490 2143/128/3490
f 2149/128/3491 2259/128/3491 2144/128/3491
f 2259/128/3492 2258/128/3492 2144/128/3492
f 2149/128/3493 2243/128/3493 2259/128/3493
f 2143/128/3494 2144/128/3494 2258/128/3494
f 2246/128/3200 2240/128/3200 2239/128/3495
f 2182/128/3467 2237/128/3467 2183/128/3496
f 2162/128/3497 2161/128/3497 2173/128/3497
f 2141/128/3498 2161/128/3499 2147/128/3500
f 2161/128/3499 2141/128/3498 2142/128/3498
o Cube.011
v -1.216383 -0.025385 0.072377
v -1.200420 -0.044000 0.123759
v -1.203369 -0.014592 0.074211
v -1.219609 -0.019580 0.090773
v -1.214220 0.031177 0.059307
v -1.214220 -0.000602 0.059307
v -1.209821 0.031177 0.059225
v -1.209821 -0.000602 0.059225
v -1.216383 -0.025385 -0.073062
v -1.200420 -0.044000 -0.124444
v -1.203369 -0.014592 -0.074896
v -1.219609 -0.019580 -0.091458
v -1.214220 0.031177 -0.059992
v -1.214220 -0.000602 -0.059992
v -1.209821 0.031177 -0.059910
v -1.209821 -0.000602 -0.059910
v -1.216383 -0.025385 -0.072377
v -1.200420 -0.044000 -0.123759
v -1.203369 -0.014592 -0.074211
v -1.219609 -0.019580 -0.090773
v -1.214220 0.031177 -0.059307
v -1.214220 -0.000602 -0.059307
v -1.209821 0.031177 -0.059225
v -1.209821 -0.000602 -0.059225
v -1.216383 -0.025385 0.073062
v -1.200420 -0.044000 0.124444
v -1.203369 -0.014592 0.074897
v -1.219609 -0.019580 0.091458
v -1.214220 0.031177 0.059992
v -1.214220 -0.000602 0.059992
v -1.209821 0.031177 0.059911
v -1.209821 -0.000602 0.059911
vn -0.9642 -0.2492 -0.0905
vn 0.4812 -0.5278 -0.6999
vn -0.0186 -0.0000 -0.9998
vn 0.7172 -0.3730 -0.5887
vn -0.2471 0.2466 0.9371
vn 0.1812 0.8281 0.5305
vn -0.9642 -0.2491 0.0905
vn 0.4812 -0.5278 0.6999
vn -0.0186 -0.0000 0.9998
vn 0.7172 -0.3730 0.5887
vn -0.2471 0.2466 -0.9371
vn 0.1812 0.8281 -0.5305
vn -0.9642 -0.2492 0.0905
vn -0.9642 -0.2491 -0.0905
vn -0.0184 -0.0000 -0.9998
vn -0.2472 0.2466 0.9371
vt 0.375000 0.000000
vt 0.625000 0.000000
vt 0.625000 0.250000
vt 0.375000 0.250000
vt 0.625000 0.500000
vt 0.375000 0.500000
vt 0.625000 0.750000
vt 0.375000 0.750000
vt 0.625000 1.000000
vt 0.375000 1.000000
vt 0.125000 0.500000
vt 0.125000 0.750000
vt 0.875000 0.500000
vt 0.875000 0.750000
s 1
usemtl 材質.014
f 2374/129/3501 2375/130/3501 2377/131/3501 2376/132/3501
f 2376/132/3502 2377/131/3502 2381/133/3502 2380/134/3502
f 2380/134/3503 2381/133/3503 2379/135/3503 2378/136/3503
f 2378/136/3504 2379/135/3504 2375/137/3504 2374/138/3504
f 2376/139/3505 2380/134/3505 2378/136/3505 2374/140/3505
f 2381/133/3506 2377/141/3506 2375/142/3506 2379/135/3506
f 2382/129/3507 2384/132/3507 2385/131/3507 2383/130/3507
f 2384/132/3508 2388/134/3508 2389/133/3508 2385/131/3508
f 2388/134/3509 2386/136/3509 2387/135/3509 2389/133/3509
f 2386/136/3510 2382/138/3510 2383/137/3510 2387/135/3510
f 2384/139/3511 2382/140/3511 2386/136/3511 2388/134/3511
f 2389/133/3512 2387/135/3512 2383/142/3512 2385/141/3512
f 2390/129/3513 2392/132/3513 2393/131/3513 2391/130/3513
f 2392/132/3508 2396/134/3508 2397/133/3508 2393/131/3508
f 2396/134/3509 2394/136/3509 2395/135/3509 2397/133/3509
f 2394/136/3510 2390/138/3510 2391/137/3510 2395/135/3510
f 2392/139/3511 2390/140/3511 2394/136/3511 2396/134/3511
f 2397/133/3512 2395/135/3512 2391/142/3512 2393/141/3512
f 2398/129/3514 2399/130/3514 2401/131/3514 2400/132/3514
f 2400/132/3502 2401/131/3502 2405/133/3502 2404/134/3502
f 2404/134/3515 2405/133/3515 2403/135/3515 2402/136/3515
f 2402/136/3504 2403/135/3504 2399/137/3504 2398/138/3504
f 2400/139/3516 2404/134/3516 2402/136/3516 2398/140/3516
f 2405/133/3506 2401/141/3506 2399/142/3506 2403/135/3506
o Cube.008
v -1.161752 -0.025385 0.072377
v -1.145789 -0.044000 0.123759
v -1.148738 -0.014592 0.074211
v -1.164978 -0.019580 0.090773
v -1.159589 0.031177 0.059307
v -1.159589 -0.000602 0.059307
v -1.155190 0.031177 0.059225
v -1.155190 -0.000602 0.059225
v -1.161752 -0.025385 -0.073062
v -1.145789 -0.044000 -0.124444
v -1.148738 -0.014592 -0.074896
v -1.164978 -0.019580 -0.091458
v -1.159589 0.031177 -0.059992
v -1.159589 -0.000602 -0.059992
v -1.155190 0.031177 -0.059910
v -1.155190 -0.000602 -0.059910
v -1.161752 -0.025385 -0.072377
v -1.145789 -0.044000 -0.123759
v -1.148738 -0.014592 -0.074211
v -1.164978 -0.019580 -0.090773
v -1.159589 0.031177 -0.059307
v -1.159589 -0.000602 -0.059307
v -1.155190 0.031177 -0.059225
v -1.155190 -0.000602 -0.059225
v -1.161752 -0.025385 0.073062
v -1.145789 -0.044000 0.124444
v -1.148738 -0.014592 0.074897
v -1.164978 -0.019580 0.091458
v -1.159589 0.031177 0.059992
v -1.159589 -0.000602 0.059992
v -1.155190 0.031177 0.059911
v -1.155190 -0.000602 0.059911
vn -0.9642 -0.2491 -0.0905
vn 0.4812 -0.5278 -0.6999
vn -0.0186 -0.0000 -0.9998
vn 0.7172 -0.3730 -0.5887
vn -0.2471 0.2466 0.9371
vn 0.1812 0.8281 0.5305
vn -0.9642 -0.2491 0.0905
vn 0.4812 -0.5278 0.6999
vn -0.0186 -0.0000 0.9998
vn 0.7172 -0.3730 0.5887
vn -0.2471 0.2466 -0.9371
vn 0.1812 0.8281 -0.5305
vn -0.0184 -0.0000 -0.9998
vn -0.2472 0.2466 0.9371
vt 0.375000 0.000000
vt 0.625000 0.000000
vt 0.625000 0.250000
vt 0.375000 0.250000
vt 0.625000 0.500000
vt 0.375000 0.500000
vt 0.625000 0.750000
vt 0.375000 0.750000
vt 0.625000 1.000000
vt 0.375000 1.000000
vt 0.125000 0.500000
vt 0.125000 0.750000
vt 0.875000 0.500000
vt 0.875000 0.750000
s 1
usemtl 材質.011
f 2406/143/3517 2407/144/3517 2409/145/3517 2408/146/3517
f 2408/146/3518 2409/145/3518 2413/147/3518 2412/148/3518
f 2412/148/3519 2413/147/3519 2411/149/3519 2410/150/3519
f 2410/150/3520 2411/149/3520 2407/151/3520 2406/152/3520
f 2408/153/3521 2412/148/3521 2410/150/3521 2406/154/3521
f 2413/147/3522 2409/155/3522 2407/156/3522 2411/149/3522
f 2414/143/3523 2416/146/3523 2417/145/3523 2415/144/3523
f 2416/146/3524 2420/148/3524 2421/147/3524 2417/145/3524
f 2420/148/3525 2418/150/3525 2419/149/3525 2421/147/3525
f 2418/150/3526 2414/152/3526 2415/151/3526 2419/149/3526
f 2416/153/3527 2414/154/3527 2418/150/3527 2420/148/3527
f 2421/147/3528 2419/149/3528 2415/156/3528 2417/155/3528
f 2422/143/3523 2424/146/3523 2425/145/3523 2423/144/3523
f 2424/146/3524 2428/148/3524 2429/147/3524 2425/145/3524
f 2428/148/3525 2426/150/3525 2427/149/3525 2429/147/3525
f 2426/150/3526 2422/152/3526 2423/151/3526 2427/149/3526
f 2424/153/3527 2422/154/3527 2426/150/3527 2428/148/3527
f 2429/147/3528 2427/149/3528 2423/156/3528 2425/155/3528
f 2430/143/3517 2431/144/3517 2433/145/3517 2432/146/3517
f 2432/146/3518 2433/145/3518 2437/147/3518 2436/148/3518
f 2436/148/3529 2437/147/3529 2435/149/3529 2434/150/3529
f 2434/150/3520 2435/149/3520 2431/151/3520 2430/152/3520
f 2432/153/3530 2436/148/3530 2434/150/3530 2430/154/3530
f 2437/147/3522 2433/155/3522 2431/156/3522 2435/149/3522
o Cube.009
v -1.276861 -0.025385 0.072377
v -1.260898 -0.044000 0.123759
v -1.263847 -0.014592 0.074211
v -1.280086 -0.019580 0.090773
v -1.274697 0.031177 0.059307
v -1.274697 -0.000602 0.059307
v -1.270298 0.031177 0.059225
v -1.270298 -0.000602 0.059225
v -1.276861 -0.025385 -0.073062
v -1.260898 -0.044000 -0.124444
v -1.263847 -0.014592 -0.074896
v -1.280086 -0.019580 -0.091458
v -1.274697 0.031177 -0.059992
v -1.274697 -0.000602 -0.059992
v -1.270298 0.031177 -0.059910
v -1.270298 -0.000602 -0.059910
v -1.276861 -0.025385 -0.072377
v -1.260898 -0.044000 -0.123759
v -1.263847 -0.014592 -0.074211
v -1.280086 -0.019580 -0.090773
v -1.274697 0.031177 -0.059307
v -1.274697 -0.000602 -0.059307
v -1.270298 0.031177 -0.059225
v -1.270298 -0.000602 -0.059225
v -1.276861 -0.025385 0.073062
v -1.260898 -0.044000 0.124444
v -1.263847 -0.014592 0.074897
v -1.280086 -0.019580 0.091458
v -1.274697 0.031177 0.059992
v -1.274697 -0.000602 0.059992
v -1.270298 0.031177 0.059911
v -1.270298 -0.000602 0.059911
vn -0.9643 -0.2491 -0.0904
vn 0.4812 -0.5278 -0.6999
vn -0.0186 -0.0000 -0.9998
vn 0.7171 -0.3731 -0.5887
vn -0.2471 0.2466 0.9371
vn 0.1812 0.8281 0.5305
vn -0.9642 -0.2491 0.0904
vn 0.4812 -0.5278 0.6999
vn -0.0186 -0.0000 0.9998
vn 0.7171 -0.3731 0.5887
vn -0.2471 0.2466 -0.9371
vn 0.1812 0.8281 -0.5305
vn -0.9643 -0.2491 0.0904
vn -0.9642 -0.2491 -0.0904
vn -0.0184 -0.0000 -0.9998
vn -0.2472 0.2466 0.9371
vt 0.375000 0.000000
vt 0.625000 0.000000
vt 0.625000 0.250000
vt 0.375000 0.250000
vt 0.625000 0.500000
vt 0.375000 0.500000
vt 0.625000 0.750000
vt 0.375000 0.750000
vt 0.625000 1.000000
vt 0.375000 1.000000
vt 0.125000 0.500000
vt 0.125000 0.750000
vt 0.875000 0.500000
vt 0.875000 0.750000
s 1
usemtl 材質.012
f 2438/157/3531 2439/158/3531 2441/159/3531 2440/160/3531
f 2440/160/3532 2441/159/3532 2445/161/3532 2444/162/3532
f 2444/162/3533 2445/161/3533 2443/163/3533 2442/164/3533
f 2442/164/3534 2443/163/3534 2439/165/3534 2438/166/3534
f 2440/167/3535 2444/162/3535 2442/164/3535 2438/168/3535
f 2445/161/3536 2441/169/3536 2439/170/3536 2443/163/3536
f 2446/157/3537 2448/160/3537 2449/159/3537 2447/158/3537
f 2448/160/3538 2452/162/3538 2453/161/3538 2449/159/3538
f 2452/162/3539 2450/164/3539 2451/163/3539 2453/161/3539
f 2450/164/3540 2446/166/3540 2447/165/3540 2451/163/3540
f 2448/167/3541 2446/168/3541 2450/164/3541 2452/162/3541
f 2453/161/3542 2451/163/3542 2447/170/3542 2449/169/3542
f 2454/157/3543 2456/160/3543 2457/159/3543 2455/158/3543
f 2456/160/3538 2460/162/3538 2461/161/3538 2457/159/3538
f 2460/162/3539 2458/164/3539 2459/163/3539 2461/161/3539
f 2458/164/3540 2454/166/3540 2455/165/3540 2459/163/3540
f 2456/167/3541 2454/168/3541 2458/164/3541 2460/162/3541
f 2461/161/3542 2459/163/3542 2455/170/3542 2457/169/3542
f 2462/157/3544 2463/158/3544 2465/159/3544 2464/160/3544
f 2464/160/3532 2465/159/3532 2469/161/3532 2468/162/3532
f 2468/162/3545 2469/161/3545 2467/163/3545 2466/164/3545
f 2466/164/3534 2467/163/3534 2463/165/3534 2462/166/3534
f 2464/167/3546 2468/162/3546 2466/164/3546 2462/168/3546
f 2469/161/3536 2465/169/3536 2463/170/3536 2467/163/3536
o Cube.012
v -1.213233 0.034973 -0.072377
v -1.197270 0.053588 -0.123759
v -1.200219 0.024181 -0.074211
v -1.216458 0.029168 -0.090773
v -1.211069 -0.021588 -0.059307
v -1.211069 0.010190 -0.059307
v -1.206670 -0.021588 -0.059225
v -1.206670 0.010190 -0.059225
v -1.213233 0.034973 0.073062
v -1.197270 0.053588 0.124444
v -1.200219 0.024181 0.074897
v -1.216458 0.029168 0.091458
v -1.211069 -0.021588 0.059992
v -1.211069 0.010190 0.059992
v -1.206670 -0.021588 0.059911
v -1.206670 0.010190 0.059911
v -1.213233 0.034973 0.072377
v -1.197270 0.053588 0.123759
v -1.200219 0.024181 0.074211
v -1.216458 0.029168 0.090773
v -1.211069 -0.021588 0.059307
v -1.211069 0.010190 0.059307
v -1.206670 -0.021588 0.059225
v -1.206670 0.010190 0.059225
v -1.213233 0.034973 -0.073062
v -1.197270 0.053588 -0.124444
v -1.200219 0.024181 -0.074896
v -1.216458 0.029168 -0.091458
v -1.211069 -0.021588 -0.059992
v -1.211069 0.010190 -0.059992
v -1.206670 -0.021588 -0.059910
v -1.206670 0.010190 -0.059910
vn -0.9642 0.2491 0.0904
vn 0.4812 0.5278 0.6999
vn -0.0186 -0.0000 0.9998
vn 0.7171 0.3731 0.5887
vn -0.2471 -0.2466 -0.9371
vn 0.1812 -0.8281 -0.5305
vn -0.9642 0.2491 -0.0904
vn 0.4812 0.5278 -0.6999
vn -0.0190 -0.0000 -0.9998
vn 0.7171 0.3731 -0.5887
vn -0.2472 -0.2466 0.9371
vn 0.1812 -0.8281 0.5305
vn -0.0186 -0.0000 -0.9998
vn -0.2471 -0.2466 0.9371
vn -0.9643 0.2491 0.0904
vt 0.375000 0.000000
vt 0.625000 0.000000
vt 0.625000 0.250000
vt 0.375000 0.250000
vt 0.625000 0.500000
vt 0.375000 0.500000
vt 0.625000 0.750000
vt 0.375000 0.750000
vt 0.625000 1.000000
vt 0.375000 1.000000
vt 0.125000 0.500000
vt 0.125000 0.750000
vt 0.875000 0.500000
vt 0.875000 0.750000
s 1
usemtl 材質.015
f 2470/171/3547 2471/172/3547 2473/173/3547 2472/174/3547
f 2472/174/3548 2473/173/3548 2477/175/3548 2476/176/3548
f 2476/176/3549 2477/175/3549 2475/177/3549 2474/178/3549
f 2474/178/3550 2475/177/3550 2471/179/3550 2470/180/3550
f 2472/181/3551 2476/176/3551 2474/178/3551 2470/182/3551
f 2477/175/3552 2473/183/3552 2471/184/3552 2475/177/3552
f 2478/171/3553 2480/174/3553 2481/173/3553 2479/172/3553
f 2480/174/3554 2484/176/3554 2485/175/3554 2481/173/3554
f 2484/176/3555 2482/178/3555 2483/177/3555 2485/175/3555
f 2482/178/3556 2478/180/3556 2479/179/3556 2483/177/3556
f 2480/181/3557 2478/182/3557 2482/178/3557 2484/176/3557
f 2485/175/3558 2483/177/3558 2479/184/3558 2481/183/3558
f 2486/171/3553 2488/174/3553 2489/173/3553 2487/172/3553
f 2488/174/3554 2492/176/3554 2493/175/3554 2489/173/3554
f 2492/176/3559 2490/178/3559 2491/177/3559 2493/175/3559
f 2490/178/3556 2486/180/3556 2487/179/3556 2491/177/3556
f 2488/181/3560 2486/182/3560 2490/178/3560 2492/176/3560
f 2493/175/3558 2491/177/3558 2487/184/3558 2489/183/3558
f 2494/171/3561 2495/172/3561 2497/173/3561 2496/174/3561
f 2496/174/3548 2497/173/3548 2501/175/3548 2500/176/3548
f 2500/176/3549 2501/175/3549 2499/177/3549 2498/178/3549
f 2498/178/3550 2499/177/3550 2495/179/3550 2494/180/3550
f 2496/181/3551 2500/176/3551 2498/178/3551 2494/182/3551
f 2501/175/3552 2497/183/3552 2495/184/3552 2499/177/3552
o Cube.013
v -1.158602 0.034973 -0.072377
v -1.142639 0.053588 -0.123759
v -1.145588 0.024181 -0.074211
v -1.161827 0.029168 -0.090773
v -1.156438 -0.021588 -0.059307
v -1.156438 0.010190 -0.059307
v -1.152039 -0.021588 -0.059225
v -1.152039 0.010190 -0.059225
v -1.158602 0.034973 0.073062
v -1.142639 0.053588 0.124444
v -1.145588 0.024181 0.074897
v -1.161827 0.029168 0.091458
v -1.156438 -0.021588 0.059992
v -1.156438 0.010190 0.059992
v -1.152039 -0.021588 0.059911
v -1.152039 0.010190 0.059911
v -1.158602 0.034973 0.072377
v -1.142639 0.053588 0.123759
v -1.145588 0.024181 0.074211
v -1.161827 0.029168 0.090773
v -1.156438 -0.021588 0.059307
v -1.156438 0.010190 0.059307
v -1.152039 -0.021588 0.059225
v -1.152039 0.010190 0.059225
v -1.158602 0.034973 -0.073062
v -1.142639 0.053588 -0.124444
v -1.145588 0.024181 -0.074896
v -1.161827 0.029168 -0.091458
v -1.156438 -0.021588 -0.059992
v -1.156438 0.010190 -0.059992
v -1.152039 -0.021588 -0.059910
v -1.152039 0.010190 -0.059910
vn -0.9643 0.2491 0.0904
vn 0.4812 0.5278 0.6999
vn -0.0186 -0.0000 0.9998
vn 0.7171 0.3731 0.5887
vn -0.2471 -0.2466 -0.9371
vn 0.1812 -0.8281 -0.5305
vn -0.9642 0.2491 -0.0904
vn 0.4812 0.5278 -0.6999
vn -0.0190 -0.0000 -0.9998
vn 0.7171 0.3731 -0.5887
vn -0.2472 -0.2466 0.9371
vn 0.1812 -0.8281 0.5305
vn -0.9643 0.2491 -0.0904
vn -0.0186 -0.0000 -0.9998
vn -0.2471 -0.2466 0.9371
vn -0.9642 0.2491 0.0904
vt 0.375000 0.000000
vt 0.625000 0.000000
vt 0.625000 0.250000
vt 0.375000 0.250000
vt 0.625000 0.500000
vt 0.375000 0.500000
vt 0.625000 0.750000
vt 0.375000 0.750000
vt 0.625000 1.000000
vt 0.375000 1.000000
vt 0.125000 0.500000
vt 0.125000 0.750000
vt 0.875000 0.500000
vt 0.875000 0.750000
s 1
usemtl 材質.016
f 2502/185/3562 2503/186/3562 2505/187/3562 2504/188/3562
f 2504/188/3563 2505/187/3563 2509/189/3563 2508/190/3563
f 2508/190/3564 2509/189/3564 2507/191/3564 2506/192/3564
f 2506/192/3565 2507/191/3565 2503/193/3565 2502/194/3565
f 2504/195/3566 2508/190/3566 2506/192/3566 2502/196/3566
f 2509/189/3567 2505/197/3567 2503/198/3567 2507/191/3567
f 2510/185/3568 2512/188/3568 2513/187/3568 2511/186/3568
f 2512/188/3569 2516/190/3569 2517/189/3569 2513/187/3569
f 2516/190/3570 2514/192/3570 2515/191/3570 2517/189/3570
f 2514/192/3571 2510/194/3571 2511/193/3571 2515/191/3571
f 2512/195/3572 2510/196/3572 2514/192/3572 2516/190/3572
f 2517/189/3573 2515/191/3573 2511/198/3573 2513/197/3573
f 2518/185/3574 2520/188/3574 2521/187/3574 2519/186/3574
f 2520/188/3569 2524/190/3569 2525/189/3569 2521/187/3569
f 2524/190/3575 2522/192/3575 2523/191/3575 2525/189/3575
f 2522/192/3571 2518/194/3571 2519/193/3571 2523/191/3571
f 2520/195/3576 2518/196/3576 2522/192/3576 2524/190/3576
f 2525/189/3573 2523/191/3573 2519/198/3573 2521/197/3573
f 2526/185/3577 2527/186/3577 2529/187/3577 2528/188/3577
f 2528/188/3563 2529/187/3563 2533/189/3563 2532/190/3563
f 2532/190/3564 2533/189/3564 2531/191/3564 2530/192/3564
f 2530/192/3565 2531/191/3565 2527/193/3565 2526/194/3565
f 2528/195/3566 2532/190/3566 2530/192/3566 2526/196/3566
f 2533/189/3567 2529/197/3567 2527/198/3567 2531/191/3567
o Cube.014
v -1.273711 0.034973 -0.072377
v -1.257747 0.053588 -0.123759
v -1.260697 0.024181 -0.074211
v -1.276936 0.029168 -0.090773
v -1.271547 -0.021588 -0.059307
v -1.271547 0.010190 -0.059307
v -1.267148 -0.021588 -0.059225
v -1.267148 0.010190 -0.059225
v -1.273711 0.034973 0.073062
v -1.257747 0.053588 0.124444
v -1.260697 0.024181 0.074897
v -1.276936 0.029168 0.091458
v -1.271547 -0.021588 0.059992
v -1.271547 0.010190 0.059992
v -1.267148 -0.021588 0.059911
v -1.267148 0.010190 0.059911
v -1.273711 0.034973 0.072377
v -1.257747 0.053588 0.123759
v -1.260697 0.024181 0.074211
v -1.276936 0.029168 0.090773
v -1.271547 -0.021588 0.059307
v -1.271547 0.010190 0.059307
v -1.267148 -0.021588 0.059225
v -1.267148 0.010190 0.059225
v -1.273711 0.034973 -0.073062
v -1.257747 0.053588 -0.124444
v -1.260697 0.024181 -0.074896
v -1.276936 0.029168 -0.091458
v -1.271547 -0.021588 -0.059992
v -1.271547 0.010190 -0.059992
v -1.267148 -0.021588 -0.059910
v -1.267148 0.010190 -0.059910
vn -0.9642 0.2491 0.0904
vn 0.4812 0.5278 0.6999
vn -0.0186 -0.0000 0.9998
vn 0.7171 0.3731 0.5887
vn -0.2471 -0.2466 -0.9371
vn 0.1812 -0.8281 -0.5305
vn -0.9642 0.2491 -0.0904
vn 0.4812 0.5278 -0.6999
vn -0.0190 -0.0000 -0.9998
vn 0.7171 0.3731 -0.5887
vn -0.2472 -0.2466 0.9371
vn 0.1812 -0.8281 0.5305
vn -0.0186 -0.0000 -0.9998
vn -0.2471 -0.2466 0.9371
vt 0.375000 0.000000
vt 0.625000 0.000000
vt 0.625000 0.250000
vt 0.375000 0.250000
vt 0.625000 0.500000
vt 0.375000 0.500000
vt 0.625000 0.750000
vt 0.375000 0.750000
vt 0.625000 1.000000
vt 0.375000 1.000000
vt 0.125000 0.500000
vt 0.125000 0.750000
vt 0.875000 0.500000
vt 0.875000 0.750000
s 1
usemtl 材質.017
f 2534/199/3578 2535/200/3578 2537/201/3578 2536/202/3578
f 2536/202/3579 2537/201/3579 2541/203/3579 2540/204/3579
f 2540/204/3580 2541/203/3580 2539/205/3580 2538/206/3580
f 2538/206/3581 2539/205/3581 2535/207/3581 2534/208/3581
f 2536/209/3582 2540/204/3582 2538/206/3582 2534/210/3582
f 2541/203/3583 2537/211/3583 2535/212/3583 2539/205/3583
f 2542/199/3584 2544/202/3584 2545/201/3584 2543/200/3584
f 2544/202/3585 2548/204/3585 2549/203/3585 2545/201/3585
f 2548/204/3586 2546/206/3586 2547/205/3586 2549/203/3586
f 2546/206/3587 2542/208/3587 2543/207/3587 2547/205/3587
f 2544/209/3588 2542/210/3588 2546/206/3588 2548/204/3588
f 2549/203/3589 2547/205/3589 2543/212/3589 2545/211/3589
f 2550/199/3584 2552/202/3584 2553/201/3584 2551/200/3584
f 2552/202/3585 2556/204/3585 2557/203/3585 2553/201/3585
f 2556/204/3590 2554/206/3590 2555/205/3590 2557/203/3590
f 2554/206/3587 2550/208/3587 2551/207/3587 2555/205/3587
f 2552/209/3591 2550/210/3591 2554/206/3591 2556/204/3591
f 2557/203/3589 2555/205/3589 2551/212/3589 2553/211/3589
f 2558/199/3578 2559/200/3578 2561/201/3578 2560/202/3578
f 2560/202/3579 2561/201/3579 2565/203/3579 2564/204/3579
f 2564/204/3580 2565/203/3580 2563/205/3580 2562/206/3580
f 2562/206/3581 2563/205/3581 2559/207/3581 2558/208/3581
f 2560/209/3582 2564/204/3582 2562/206/3582 2558/210/3582
f 2565/203/3583 2561/211/3583 2559/212/3583 2563/205/3583
o Cube
v 0.361376 0.259300 -0.093996
v 0.375503 0.277373 -0.160726
v 0.372893 0.248822 -0.096378
v 0.358522 0.253664 -0.117887
v 0.363291 0.204386 -0.077022
v 0.363291 0.235239 -0.077022
v 0.367184 0.204386 -0.076916
v 0.367184 0.235239 -0.076916
v 0.361376 0.259300 0.094886
v 0.375503 0.277373 0.161616
v 0.372893 0.248822 0.097268
v 0.358522 0.253664 0.118777
v 0.363291 0.204386 0.077912
v 0.363291 0.235239 0.077912
v 0.367184 0.204386 0.077806
v 0.367184 0.235239 0.077806
v 0.361376 0.259300 0.093996
v 0.375503 0.277373 0.160726
v 0.372893 0.248822 0.096378
v 0.358522 0.253664 0.117887
v 0.363291 0.204386 0.077022
v 0.363291 0.235239 0.077022
v 0.367184 0.204386 0.076916
v 0.367184 0.235239 0.076916
v 0.361376 0.259300 -0.094886
v 0.375503 0.277373 -0.161616
v 0.372893 0.248822 -0.097268
v 0.358522 0.253664 -0.118777
v 0.363291 0.204386 -0.077912
v 0.363291 0.235239 -0.077912
v 0.367184 0.204386 -0.077806
v 0.367184 0.235239 -0.077806
vn -0.9715 0.2288 0.0621
vn 0.5791 0.5790 0.5740
vn -0.0272 -0.0000 0.9996
vn 0.8064 0.3824 0.4511
vn -0.3429 -0.3119 -0.8861
vn 0.2117 -0.8815 -0.4221
vn -0.9715 0.2288 -0.0621
vn 0.5791 0.5790 -0.5740
vn -0.0272 -0.0000 -0.9996
vn 0.8064 0.3824 -0.4511
vn -0.3429 -0.3119 0.8861
vn 0.2117 -0.8815 0.4221
vt 0.375000 0.000000
vt 0.625000 0.000000
vt 0.625000 0.250000
vt 0.375000 0.250000
vt 0.625000 0.500000
vt 0.375000 0.500000
vt 0.625000 0.750000
vt 0.375000 0.750000
vt 0.625000 1.000000
vt 0.375000 1.000000
vt 0.125000 0.500000
vt 0.125000 0.750000
vt 0.875000 0.500000
vt 0.875000 0.750000
s 1
usemtl 材質.002
f 2566/213/3592 2567/214/3592 2569/215/3592 2568/216/3592
f 2568/216/3593 2569/215/3593 2573/217/3593 2572/218/3593
f 2572/218/3594 2573/217/3594 2571/219/3594 2570/220/3594
f 2570/220/3595 2571/219/3595 2567/221/3595 2566/222/3595
f 2568/223/3596 2572/218/3596 2570/220/3596 2566/224/3596
f 2573/217/3597 2569/225/3597 2567/226/3597 2571/219/3597
f 2574/213/3598 2576/216/3598 2577/215/3598 2575/214/3598
f 2576/216/3599 2580/218/3599 2581/217/3599 2577/215/3599
f 2580/218/3600 2578/220/3600 2579/219/3600 2581/217/3600
f 2578/220/3601 2574/222/3601 2575/221/3601 2579/219/3601
f 2576/223/3602 2574/224/3602 2578/220/3602 2580/218/3602
f 2581/217/3603 2579/219/3603 2575/226/3603 2577/225/3603
f 2582/213/3598 2584/216/3598 2585/215/3598 2583/214/3598
f 2584/216/3599 2588/218/3599 2589/217/3599 2585/215/3599
f 2588/218/3600 2586/220/3600 2587/219/3600 2589/217/3600
f 2586/220/3601 2582/222/3601 2583/221/3601 2587/219/3601
f 2584/223/3602 2582/224/3602 2586/220/3602 2588/218/3602
f 2589/217/3603 2587/219/3603 2583/226/3603 2585/225/3603
f 2590/213/3592 2591/214/3592 2593/215/3592 2592/216/3592
f 2592/216/3593 2593/215/3593 2597/217/3593 2596/218/3593
f 2596/218/3594 2597/217/3594 2595/219/3594 2594/220/3594
f 2594/220/3595 2595/219/3595 2591/221/3595 2590/222/3595
f 2592/223/3596 2596/218/3596 2594/220/3596 2590/224/3596
f 2597/217/3597 2593/225/3597 2591/226/3597 2595/219/3597
o Cube.018
v 0.753990 0.050700 0.093996
v 0.768117 0.032627 0.160726
v 0.765507 0.061178 0.096378
v 0.751136 0.056336 0.117887
v 0.755905 0.105614 0.077022
v 0.755905 0.074761 0.077022
v 0.759798 0.105614 0.076916
v 0.759798 0.074761 0.076916
v 0.753990 0.050700 -0.094886
v 0.768117 0.032627 -0.161616
v 0.765507 0.061178 -0.097268
v 0.751136 0.056336 -0.118777
v 0.755905 0.105614 -0.077912
v 0.755905 0.074761 -0.077912
v 0.759798 0.105614 -0.077806
v 0.759798 0.074761 -0.077806
v 0.753990 0.050700 -0.093996
v 0.768117 0.032627 -0.160726
v 0.765507 0.061178 -0.096378
v 0.751136 0.056336 -0.117887
v 0.755905 0.105614 -0.077022
v 0.755905 0.074761 -0.077022
v 0.759798 0.105614 -0.076916
v 0.759798 0.074761 -0.076916
v 0.753990 0.050700 0.094886
v 0.768117 0.032627 0.161616
v 0.765507 0.061178 0.097268
v 0.751136 0.056336 0.118777
v 0.755905 0.105614 0.077912
v 0.755905 0.074761 0.077912
v 0.759798 0.105614 0.077806
v 0.759798 0.074761 0.077806
vn -0.9715 -0.2288 -0.0621
vn 0.5791 -0.5790 -0.5740
vn -0.0272 -0.0000 -0.9996
vn 0.8064 -0.3824 -0.4511
vn -0.3429 0.3119 0.8861
vn 0.2117 0.8815 0.4221
vn -0.9715 -0.2288 0.0621
vn 0.5791 -0.5790 0.5740
vn -0.0272 -0.0000 0.9996
vn 0.8064 -0.3824 0.4511
vn -0.3429 0.3119 -0.8861
vn 0.2117 0.8815 -0.4221
vt 0.375000 0.000000
vt 0.625000 0.000000
vt 0.625000 0.250000
vt 0.375000 0.250000
vt 0.625000 0.500000
vt 0.375000 0.500000
vt 0.625000 0.750000
vt 0.375000 0.750000
vt 0.625000 1.000000
vt 0.375000 1.000000
vt 0.125000 0.500000
vt 0.125000 0.750000
vt 0.875000 0.500000
vt 0.875000 0.750000
s 1
usemtl 材質.021
f 2598/227/3604 2599/228/3604 2601/229/3604 2600/230/3604
f 2600/230/3605 2601/229/3605 2605/231/3605 2604/232/3605
f 2604/232/3606 2605/231/3606 2603/233/3606 2602/234/3606
f 2602/234/3607 2603/233/3607 2599/235/3607 2598/236/3607
f 2600/237/3608 2604/232/3608 2602/234/3608 2598/238/3608
f 2605/231/3609 2601/239/3609 2599/240/3609 2603/233/3609
f 2606/227/3610 2608/230/3610 2609/229/3610 2607/228/3610
f 2608/230/3611 2612/232/3611 2613/231/3611 2609/229/3611
f 2612/232/3612 2610/234/3612 2611/233/3612 2613/231/3612
f 2610/234/3613 2606/236/3613 2607/235/3613 2611/233/3613
f 2608/237/3614 2606/238/3614 2610/234/3614 2612/232/3614
f 2613/231/3615 2611/233/3615 2607/240/3615 2609/239/3615
f 2614/227/3610 2616/230/3610 2617/229/3610 2615/228/3610
f 2616/230/3611 2620/232/3611 2621/231/3611 2617/229/3611
f 2620/232/3612 2618/234/3612 2619/233/3612 2621/231/3612
f 2618/234/3613 2614/236/3613 2615/235/3613 2619/233/3613
f 2616/237/3614 2614/238/3614 2618/234/3614 2620/232/3614
f 2621/231/3615 2619/233/3615 2615/240/3615 2617/239/3615
f 2622/227/3604 2623/228/3604 2625/229/3604 2624/230/3604
f 2624/230/3605 2625/229/3605 2629/231/3605 2628/232/3605
f 2628/232/3606 2629/231/3606 2627/233/3606 2626/234/3606
f 2626/234/3607 2627/233/3607 2623/235/3607 2622/236/3607
f 2624/237/3608 2628/232/3608 2626/234/3608 2622/238/3608
f 2629/231/3609 2625/239/3609 2623/240/3609 2627/233/3609
o Cube.015
v 0.802336 0.050700 0.093996
v 0.816463 0.032627 0.160726
v 0.813853 0.061178 0.096378
v 0.799482 0.056336 0.117887
v 0.804251 0.105614 0.077022
v 0.804251 0.074761 0.077022
v 0.808144 0.105614 0.076916
v 0.808144 0.074761 0.076916
v 0.802336 0.050700 -0.094886
v 0.816463 0.032627 -0.161616
v 0.813853 0.061178 -0.097268
v 0.799482 0.056336 -0.118777
v 0.804251 0.105614 -0.077912
v 0.804251 0.074761 -0.077912
v 0.808144 0.105614 -0.077806
v 0.808144 0.074761 -0.077806
v 0.802336 0.050700 -0.093996
v 0.816463 0.032627 -0.160726
v 0.813853 0.061178 -0.096378
v 0.799482 0.056336 -0.117887
v 0.804251 0.105614 -0.077022
v 0.804251 0.074761 -0.077022
v 0.808144 0.105614 -0.076916
v 0.808144 0.074761 -0.076916
v 0.802336 0.050700 0.094886
v 0.816463 0.032627 0.161616
v 0.813853 0.061178 0.097268
v 0.799482 0.056336 0.118777
v 0.804251 0.105614 0.077912
v 0.804251 0.074761 0.077912
v 0.808144 0.105614 0.077806
v 0.808144 0.074761 0.077806
vn -0.9715 -0.2288 -0.0621
vn 0.5791 -0.5790 -0.5740
vn -0.0272 -0.0000 -0.9996
vn 0.8064 -0.3824 -0.4511
vn -0.3429 0.3119 0.8861
vn 0.2117 0.8815 0.4221
vn -0.9715 -0.2288 0.0621
vn 0.5791 -0.5790 0.5740
vn -0.0272 -0.0000 0.9996
vn 0.8064 -0.3824 0.4511
vn -0.3429 0.3119 -0.8861
vn 0.2117 0.8815 -0.4221
vt 0.375000 0.000000
vt 0.625000 0.000000
vt 0.625000 0.250000
vt 0.375000 0.250000
vt 0.625000 0.500000
vt 0.375000 0.500000
vt 0.625000 0.750000
vt 0.375000 0.750000
vt 0.625000 1.000000
vt 0.375000 1.000000
vt 0.125000 0.500000
vt 0.125000 0.750000
vt 0.875000 0.500000
vt 0.875000 0.750000
s 1
usemtl 材質.018
f 2630/241/3616 2631/242/3616 2633/243/3616 2632/244/3616
f 2632/244/3617 2633/243/3617 2637/245/3617 2636/246/3617
f 2636/246/3618 2637/245/3618 2635/247/3618 2634/248/3618
f 2634/248/3619 2635/247/3619 2631/249/3619 2630/250/3619
f 2632/251/3620 2636/246/3620 2634/248/3620 2630/252/3620
f 2637/245/3621 2633/253/3621 2631/254/3621 2635/247/3621
f 2638/241/3622 2640/244/3622 2641/243/3622 2639/242/3622
f 2640/244/3623 2644/246/3623 2645/245/3623 2641/243/3623
f 2644/246/3624 2642/248/3624 2643/247/3624 2645/245/3624
f 2642/248/3625 2638/250/3625 2639/249/3625 2643/247/3625
f 2640/251/3626 2638/252/3626 2642/248/3626 2644/246/3626
f 2645/245/3627 2643/247/3627 2639/254/3627 2641/253/3627
f 2646/241/3622 2648/244/3622 2649/243/3622 2647/242/3622
f 2648/244/3623 2652/246/3623 2653/245/3623 2649/243/3623
f 2652/246/3624 2650/248/3624 2651/247/3624 2653/245/3624
f 2650/248/3625 2646/250/3625 2647/249/3625 2651/247/3625
f 2648/251/3626 2646/252/3626 2650/248/3626 2652/246/3626
f 2653/245/3627 2651/247/3627 2647/254/3627 2649/253/3627
f 2654/241/3616 2655/242/3616 2657/243/3616 2656/244/3616
f 2656/244/3617 2657/243/3617 2661/245/3617 2660/246/3617
f 2660/246/3618 2661/245/3618 2659/247/3618 2658/248/3618
f 2658/248/3619 2659/247/3619 2655/249/3619 2654/250/3619
f 2656/251/3620 2660/246/3620 2658/248/3620 2654/252/3620
f 2661/245/3621 2657/253/3621 2655/254/3621 2659/247/3621
o Cube.016
v 0.700470 0.050700 0.093996
v 0.714597 0.032627 0.160726
v 0.711987 0.061178 0.096378
v 0.697616 0.056336 0.117887
v 0.702385 0.105614 0.077022
v 0.702385 0.074761 0.077022
v 0.706278 0.105614 0.076916
v 0.706278 0.074761 0.076916
v 0.700470 0.050700 -0.094886
v 0.714597 0.032627 -0.161616
v 0.711987 0.061178 -0.097268
v 0.697616 0.056336 -0.118777
v 0.702385 0.105614 -0.077912
v 0.702385 0.074761 -0.077912
v 0.706278 0.105614 -0.077806
v 0.706278 0.074761 -0.077806
v 0.700470 0.050700 -0.093996
v 0.714597 0.032627 -0.160726
v 0.711987 0.061178 -0.096378
v 0.697616 0.056336 -0.117887
v 0.702385 0.105614 -0.077022
v 0.702385 0.074761 -0.077022
v 0.706278 0.105614 -0.076916
v 0.706278 0.074761 -0.076916
v 0.700470 0.050700 0.094886
v 0.714597 0.032627 0.161616
v 0.711987 0.061178 0.097268
v 0.697616 0.056336 0.118777
v 0.702385 0.105614 0.077912
v 0.702385 0.074761 0.077912
v 0.706278 0.105614 0.077806
v 0.706278 0.074761 0.077806
vn -0.9715 -0.2288 -0.0621
vn 0.5791 -0.5790 -0.5740
vn -0.0272 -0.0000 -0.9996
vn 0.8064 -0.3824 -0.4511
vn -0.3429 0.3119 0.8861
vn 0.2117 0.8815 0.4221
vn -0.9715 -0.2288 0.0621
vn 0.5791 -0.5790 0.5740
vn -0.0272 -0.0000 0.9996
vn 0.8064 -0.3824 0.4511
vn -0.3429 0.3119 -0.8861
vn 0.2117 0.8815 -0.4221
vt 0.375000 0.000000
vt 0.625000 0.000000
vt 0.625000 0.250000
vt 0.375000 0.250000
vt 0.625000 0.500000
vt 0.375000 0.500000
vt 0.625000 0.750000
vt 0.375000 0.750000
vt 0.625000 1.000000
vt 0.375000 1.000000
vt 0.125000 0.500000
vt 0.125000 0.750000
vt 0.875000 0.500000
vt 0.875000 0.750000
s 1
usemtl 材質.019
f 2662/255/3628 2663/256/3628 2665/257/3628 2664/258/3628
f 2664/258/3629 2665/257/3629 2669/259/3629 2668/260/3629
f 2668/260/3630 2669/259/3630 2667/261/3630 2666/262/3630
f 2666/262/3631 2667/261/3631 2663/263/3631 2662/264/3631
f 2664/265/3632 2668/260/3632 2666/262/3632 2662/266/3632
f 2669/259/3633 2665/267/3633 2663/268/3633 2667/261/3633
f 2670/255/3634 2672/258/3634 2673/257/3634 2671/256/3634
f 2672/258/3635 2676/260/3635 2677/259/3635 2673/257/3635
f 2676/260/3636 2674/262/3636 2675/261/3636 2677/259/3636
f 2674/262/3637 2670/264/3637 2671/263/3637 2675/261/3637
f 2672/265/3638 2670/266/3638 2674/262/3638 2676/260/3638
f 2677/259/3639 2675/261/3639 2671/268/3639 2673/267/3639
f 2678/255/3634 2680/258/3634 2681/257/3634 2679/256/3634
f 2680/258/3635 2684/260/3635 2685/259/3635 2681/257/3635
f 2684/260/3636 2682/262/3636 2683/261/3636 2685/259/3636
f 2682/262/3637 2678/264/3637 2679/263/3637 2683/261/3637
f 2680/265/3638 2678/266/3638 2682/262/3638 2684/260/3638
f 2685/259/3639 2683/261/3639 2679/268/3639 2681/267/3639
f 2686/255/3628 2687/256/3628 2689/257/3628 2688/258/3628
f 2688/258/3629 2689/257/3629 2693/259/3629 2692/260/3629
f 2692/260/3630 2693/259/3630 2691/261/3630 2690/262/3630
f 2690/262/3631 2691/261/3631 2687/263/3631 2686/264/3631
f 2688/265/3632 2692/260/3632 2690/262/3632 2686/266/3632
f 2693/259/3633 2689/267/3633 2687/268/3633 2691/261/3633
o Cube.019
v 0.756778 0.109300 -0.093996
v 0.770905 0.127373 -0.160726
v 0.768295 0.098822 -0.096378
v 0.753924 0.103664 -0.117887
v 0.758693 0.054386 -0.077022
v 0.758693 0.085239 -0.077022
v 0.762586 0.054386 -0.076916
v 0.762586 0.085239 -0.076916
v 0.756778 0.109300 0.094886
v 0.770905 0.127373 0.161616
v 0.768295 0.098822 0.097268
v 0.753924 0.103664 0.118777
v 0.758693 0.054386 0.077912
v 0.758693 0.085239 0.077912
v 0.762586 0.054386 0.077806
v 0.762586 0.085239 0.077806
v 0.756778 0.109300 0.093996
v 0.770905 0.127373 0.160726
v 0.768295 0.098822 0.096378
v 0.753924 0.103664 0.117887
v 0.758693 0.054386 0.077022
v 0.758693 0.085239 0.077022
v 0.762586 0.054386 0.076916
v 0.762586 0.085239 0.076916
v 0.756778 0.109300 -0.094886
v 0.770905 0.127373 -0.161616
v 0.768295 0.098822 -0.097268
v 0.753924 0.103664 -0.118777
v 0.758693 0.054386 -0.077912
v 0.758693 0.085239 -0.077912
v 0.762586 0.054386 -0.077806
v 0.762586 0.085239 -0.077806
vn -0.9715 0.2288 0.0621
vn 0.5791 0.5790 0.5740
vn -0.0272 -0.0000 0.9996
vn 0.8064 0.3824 0.4511
vn -0.3429 -0.3119 -0.8861
vn 0.2117 -0.8815 -0.4221
vn -0.9715 0.2288 -0.0621
vn 0.5791 0.5790 -0.5740
vn -0.0272 -0.0000 -0.9996
vn 0.8064 0.3824 -0.4511
vn -0.3429 -0.3119 0.8861
vn 0.2117 -0.8815 0.4221
vt 0.375000 0.000000
vt 0.625000 0.000000
vt 0.625000 0.250000
vt 0.375000 0.250000
vt 0.625000 0.500000
vt 0.375000 0.500000
vt 0.625000 0.750000
vt 0.375000 0.750000
vt 0.625000 1.000000
vt 0.375000 1.000000
vt 0.125000 0.500000
vt 0.125000 0.750000
vt 0.875000 0.500000
vt 0.875000 0.750000
s 1
usemtl 材質.022
f 2694/269/3640 2695/270/3640 2697/271/3640 2696/272/3640
f 2696/272/3641 2697/271/3641 2701/273/3641 2700/274/3641
f 2700/274/3642 2701/273/3642 2699/275/3642 2698/276/3642
f 2698/276/3643 2699/275/3643 2695/277/3643 2694/278/3643
f 2696/279/3644 2700/274/3644 2698/276/3644 2694/280/3644
f 2701/273/3645 2697/281/3645 2695/282/3645 2699/275/3645
f 2702/269/3646 2704/272/3646 2705/271/3646 2703/270/3646
f 2704/272/3647 2708/274/3647 2709/273/3647 2705/271/3647
f 2708/274/3648 2706/276/3648 2707/275/3648 2709/273/3648
f 2706/276/3649 2702/278/3649 2703/277/3649 2707/275/3649
f 2704/279/3650 2702/280/3650 2706/276/3650 2708/274/3650
f 2709/273/3651 2707/275/3651 2703/282/3651 2705/281/3651
f 2710/269/3646 2712/272/3646 2713/271/3646 2711/270/3646
f 2712/272/3647 2716/274/3647 2717/273/3647 2713/271/3647
f 2716/274/3648 2714/276/3648 2715/275/3648 2717/273/3648
f 2714/276/3649 2710/278/3649 2711/277/3649 2715/275/3649
f 2712/279/3650 2710/280/3650 2714/276/3650 2716/274/3650
f 2717/273/3651 2715/275/3651 2711/282/3651 2713/281/3651
f 2718/269/3640 2719/270/3640 2721/271/3640 2720/272/3640
f 2720/272/3641 2721/271/3641 2725/273/3641 2724/274/3641
f 2724/274/3642 2725/273/3642 2723/275/3642 2722/276/3642
f 2722/276/3643 2723/275/3643 2719/277/3643 2718/278/3643
f 2720/279/3644 2724/274/3644 2722/276/3644 2718/280/3644
f 2725/273/3645 2721/281/3645 2719/282/3645 2723/275/3645
o Cube.020
v 0.805124 0.109300 -0.093996
v 0.819251 0.127373 -0.160726
v 0.816641 0.098822 -0.096378
v 0.802270 0.103664 -0.117887
v 0.807039 0.054386 -0.077022
v 0.807039 0.085239 -0.077022
v 0.810932 0.054386 -0.076916
v 0.810932 0.085239 -0.076916
v 0.805124 0.109300 0.094886
v 0.819251 0.127373 0.161616
v 0.816641 0.098822 0.097268
v 0.802270 0.103664 0.118777
v 0.807039 0.054386 0.077912
v 0.807039 0.085239 0.077912
v 0.810932 0.054386 0.077806
v 0.810932 0.085239 0.077806
v 0.805124 0.109300 0.093996
v 0.819251 0.127373 0.160726
v 0.816641 0.098822 0.096378
v 0.802270 0.103664 0.117887
v 0.807039 0.054386 0.077022
v 0.807039 0.085239 0.077022
v 0.810932 0.054386 0.076916
v 0.810932 0.085239 0.076916
v 0.805124 0.109300 -0.094886
v 0.819251 0.127373 -0.161616
v 0.816641 0.098822 -0.097268
v 0.802270 0.103664 -0.118777
v 0.807039 0.054386 -0.077912
v 0.807039 0.085239 -0.077912
v 0.810932 0.054386 -0.077806
v 0.810932 0.085239 -0.077806
vn -0.9715 0.2288 0.0621
vn 0.5791 0.5790 0.5740
vn -0.0272 -0.0000 0.9996
vn 0.8064 0.3824 0.4511
vn -0.3429 -0.3119 -0.8861
vn 0.2117 -0.8815 -0.4221
vn -0.9715 0.2287 -0.0621
vn 0.5791 0.5790 -0.5740
vn -0.0272 -0.0000 -0.9996
vn 0.8064 0.3824 -0.4511
vn -0.3429 -0.3119 0.8861
vn 0.2117 -0.8815 0.4221
vn -0.9715 0.2288 -0.0621
vn -0.9715 0.2287 0.0621
vt 0.375000 0.000000
vt 0.625000 0.000000
vt 0.625000 0.250000
vt 0.375000 0.250000
vt 0.625000 0.500000
vt 0.375000 0.500000
vt 0.625000 0.750000
vt 0.375000 0.750000
vt 0.625000 1.000000
vt 0.375000 1.000000
vt 0.125000 0.500000
vt 0.125000 0.750000
vt 0.875000 0.500000
vt 0.875000 0.750000
s 1
usemtl 材質.023
f 2726/283/3652 2727/284/3652 2729/285/3652 2728/286/3652
f 2728/286/3653 2729/285/3653 2733/287/3653 2732/288/3653
f 2732/288/3654 2733/287/3654 2731/289/3654 2730/290/3654
f 2730/290/3655 2731/289/3655 2727/291/3655 2726/292/3655
f 2728/293/3656 2732/288/3656 2730/290/3656 2726/294/3656
f 2733/287/3657 2729/295/3657 2727/296/3657 2731/289/3657
f 2734/283/3658 2736/286/3658 2737/285/3658 2735/284/3658
f 2736/286/3659 2740/288/3659 2741/287/3659 2737/285/3659
f 2740/288/3660 2738/290/3660 2739/289/3660 2741/287/3660
f 2738/290/3661 2734/292/3661 2735/291/3661 2739/289/3661
f 2736/293/3662 2734/294/3662 2738/290/3662 2740/288/3662
f 2741/287/3663 2739/289/3663 2735/296/3663 2737/295/3663
f 2742/283/3664 2744/286/3664 2745/285/3664 2743/284/3664
f 2744/286/3659 2748/288/3659 2749/287/3659 2745/285/3659
f 2748/288/3660 2746/290/3660 2747/289/3660 2749/287/3660
f 2746/290/3661 2742/292/3661 2743/291/3661 2747/289/3661
f 2744/293/3662 2742/294/3662 2746/290/3662 2748/288/3662
f 2749/287/3663 2747/289/3663 2743/296/3663 2745/295/3663
f 2750/283/3665 2751/284/3665 2753/285/3665 2752/286/3665
f 2752/286/3653 2753/285/3653 2757/287/3653 2756/288/3653
f 2756/288/3654 2757/287/3654 2755/289/3654 2754/290/3654
f 2754/290/3655 2755/289/3655 2751/291/3655 2750/292/3655
f 2752/293/3656 2756/288/3656 2754/290/3656 2750/294/3656
f 2757/287/3657 2753/295/3657 2751/296/3657 2755/289/3657
o Cube.021
v 0.703258 0.109300 -0.093996
v 0.717385 0.127373 -0.160726
v 0.714775 0.098822 -0.096378
v 0.700404 0.103664 -0.117887
v 0.705173 0.054386 -0.077022
v 0.705173 0.085239 -0.077022
v 0.709066 0.054386 -0.076916
v 0.709066 0.085239 -0.076916
v 0.703258 0.109300 0.094886
v 0.717385 0.127373 0.161616
v 0.714775 0.098822 0.097268
v 0.700404 0.103664 0.118777
v 0.705173 0.054386 0.077912
v 0.705173 0.085239 0.077912
v 0.709066 0.054386 0.077806
v 0.709066 0.085239 0.077806
v 0.703258 0.109300 0.093996
v 0.717385 0.127373 0.160726
v 0.714775 0.098822 0.096378
v 0.700404 0.103664 0.117887
v 0.705173 0.054386 0.077022
v 0.705173 0.085239 0.077022
v 0.709066 0.054386 0.076916
v 0.709066 0.085239 0.076916
v 0.703258 0.109300 -0.094886
v 0.717385 0.127373 -0.161616
v 0.714775 0.098822 -0.097268
v 0.700404 0.103664 -0.118777
v 0.705173 0.054386 -0.077912
v 0.705173 0.085239 -0.077912
v 0.709066 0.054386 -0.077806
v 0.709066 0.085239 -0.077806
vn -0.9715 0.2287 0.0621
vn 0.5791 0.5790 0.5740
vn -0.0272 -0.0000 0.9996
vn 0.8064 0.3824 0.4511
vn -0.3429 -0.3119 -0.8861
vn 0.2117 -0.8815 -0.4221
vn -0.9715 0.2287 -0.0621
vn 0.5791 0.5790 -0.5740
vn -0.0272 -0.0000 -0.9996
vn 0.8064 0.3824 -0.4511
vn -0.3429 -0.3119 0.8861
vn 0.2117 -0.8815 0.4221
vt 0.375000 0.000000
vt 0.625000 0.000000
vt 0.625000 0.250000
vt 0.375000 0.250000
vt 0.625000 0.500000
vt 0.375000 0.500000
vt 0.625000 0.750000
vt 0.375000 0.750000
vt 0.625000 1.000000
vt 0.375000 1.000000
vt 0.125000 0.500000
vt 0.125000 0.750000
vt 0.875000 0.500000
vt 0.875000 0.750000
s 1
usemtl 材質.024
f 2758/297/3666 2759/298/3666 2761/299/3666 2760/300/3666
f 2760/300/3667 2761/299/3667 2765/301/3667 2764/302/3667
f 2764/302/3668 2765/301/3668 2763/303/3668 2762/304/3668
f 2762/304/3669 2763/303/3669 2759/305/3669 2758/306/3669
f 2760/307/3670 2764/302/3670 2762/304/3670 2758/308/3670
f 2765/301/3671 2761/309/3671 2759/310/3671 2763/303/3671
f 2766/297/3672 2768/300/3672 2769/299/3672 2767/298/3672
f 2768/300/3673 2772/302/3673 2773/301/3673 2769/299/3673
f 2772/302/3674 2770/304/3674 2771/303/3674 2773/301/3674
f 2770/304/3675 2766/306/3675 2767/305/3675 2771/303/3675
f 2768/307/3676 2766/308/3676 2770/304/3676 2772/302/3676
f 2773/301/3677 2771/303/3677 2767/310/3677 2769/309/3677
f 2774/297/3672 2776/300/3672 2777/299/3672 2775/298/3672
f 2776/300/3673 2780/302/3673 2781/301/3673 2777/299/3673
f 2780/302/3674 2778/304/3674 2779/303/3674 2781/301/3674
f 2778/304/3675 2774/306/3675 2775/305/3675 2779/303/3675
f 2776/307/3676 2774/308/3676 2778/304/3676 2780/302/3676
f 2781/301/3677 2779/303/3677 2775/310/3677 2777/309/3677
f 2782/297/3666 2783/298/3666 2785/299/3666 2784/300/3666
f 2784/300/3667 2785/299/3667 2789/301/3667 2788/302/3667
f 2788/302/3668 2789/301/3668 2787/303/3668 2786/304/3668
f 2786/304/3669 2787/303/3669 2783/305/3669 2782/306/3669
f 2784/307/3670 2788/302/3670 2786/304/3670 2782/308/3670
f 2789/301/3671 2785/309/3671 2783/310/3671 2787/303/3671
o RenderMesh_18687757011
v -1.298122 0.072192 0.000335
v -1.298122 0.035545 0.037768
v -1.298122 0.050494 0.052718
v -1.298122 0.051050 0.000335
v -1.298122 -0.001889 0.053274
v -1.298122 0.035545 -0.037098
v -1.298122 -0.001889 0.074416
v -1.298122 0.050494 -0.052048
v -1.298122 -0.054271 0.052718
v -1.298122 -0.001889 -0.052604
v -1.298122 -0.039322 0.037768
v -1.298122 -0.001889 -0.073746
v -1.298122 -0.075969 0.000335
v -1.298122 -0.054271 -0.052048
v -1.298122 -0.054827 0.000335
v -1.298122 -0.039322 -0.037098
v -1.058669 0.035545 0.037768
v -1.298122 -0.001889 0.053274
v -1.298122 0.035545 0.037768
v -1.058669 -0.001889 0.053274
v -1.298122 -0.039322 0.037768
v -1.058669 0.051050 0.000335
v -1.298122 0.051050 0.000335
v -1.058669 -0.039322 0.037768
v -1.298122 -0.054827 0.000335
v -1.058669 -0.054827 0.000335
v -1.298122 -0.039322 -0.037098
v -1.058669 0.035545 -0.037098
v -1.298122 0.035545 -0.037098
v -1.058669 -0.039322 -0.037098
v -1.298122 -0.001889 -0.052604
v -1.058669 -0.001889 -0.052604
v 1.172592 0.151253 -0.025657
v 1.172592 0.151253 0.026327
v 0.921494 -0.049883 -0.141136
v 0.921494 -0.049883 0.141136
v 0.921494 -0.123039 -0.112909
v 0.921494 -0.123039 0.112909
v 0.921494 0.099079 -0.057951
v 0.921494 0.099079 0.057951
v 1.298122 0.099079 -0.057951
v 1.298122 0.099079 0.057951
v -0.263758 -0.228915 -0.125454
v -0.328694 -0.123039 0.125454
v -0.328694 -0.123039 -0.125454
v -0.263758 -0.228915 0.125454
v -0.263758 -0.228915 -0.125454
v 0.002003 -0.228915 -0.125454
v -0.263758 -0.228915 0.125454
v 0.002003 -0.228915 0.125454
v -0.144920 0.153267 0.019818
v -0.144920 0.153267 0.032657
v -0.144920 0.153267 -0.031986
v -0.144920 0.153267 -0.019148
v -0.103701 0.151031 -0.025656
v -0.103701 0.151031 0.026326
v 0.921494 -0.123039 0.112909
v -0.308857 -0.123039 0.112909
v 0.921494 -0.123039 -0.112909
v -0.308857 -0.123039 -0.112909
v -0.183543 -0.009058 0.020370
v 0.707573 -0.009058 0.020370
v 0.707573 -0.009058 0.118338
v -0.183543 -0.009058 0.118338
v 0.002003 -0.228915 -0.125454
v -0.263758 -0.228915 -0.125454
v 0.002003 -0.123039 -0.125454
v -0.328694 -0.123039 -0.125454
v 0.002003 -0.123039 0.125454
v -0.263758 -0.228915 0.125454
v 0.002003 -0.228915 0.125454
v -0.328694 -0.123039 0.125454
v 1.062463 0.153267 -0.031987
v 1.062463 0.153267 -0.019148
v 1.218169 0.153267 -0.031987
v 1.218169 0.153267 -0.019148
v 1.062463 0.153267 0.019818
v 1.062463 0.153267 0.032657
v 1.218169 0.153267 0.019818
v 1.218169 0.153267 0.032657
v 1.259160 0.157912 -0.036131
v 0.921494 0.099079 -0.057951
v 0.921494 0.157912 -0.036131
v 1.298122 0.099079 -0.057951
v -0.191972 0.157912 -0.036131
v -0.308857 0.099079 -0.057951
v -0.308857 -0.049883 -0.141136
v 0.921494 -0.049883 -0.141136
v -0.308857 -0.123039 -0.112909
v 0.921494 -0.123039 -0.112909
v -0.308857 -0.049883 0.141136
v -0.183543 -0.090722 0.125378
v -0.183543 -0.049883 0.141136
v -0.183543 -0.009058 0.118338
v -0.308857 -0.123039 0.112909
v -0.308857 0.099079 0.057951
v 0.707573 -0.090722 0.125378
v 0.921494 -0.123039 0.112909
v 0.921494 -0.049883 0.141136
v 0.707573 -0.049883 0.141136
v 0.707573 -0.009058 0.118338
v 0.921494 0.099079 0.057951
v -0.191972 0.157912 0.036131
v 0.921494 0.157912 0.036131
v 1.259160 0.157912 0.036131
v 1.298122 0.099079 0.057951
v 0.010785 0.153267 -0.031987
v -0.144920 0.153267 -0.031986
v 1.218169 0.153267 -0.031987
v 1.062463 0.153267 -0.031987
v 1.143667 0.151253 -0.025657
v 1.172592 0.151253 -0.025657
v -0.144920 0.153267 0.032657
v 0.010785 0.153267 0.032656
v 1.218169 0.153267 0.032657
v 1.062463 0.153267 0.032657
v 1.143667 0.151253 0.026327
v 1.172592 0.151253 0.026327
v -0.183543 -0.090722 0.020370
v 0.707573 -0.090722 0.020370
v 0.707573 -0.009058 0.020370
v -0.183543 -0.009058 0.020370
v -1.035882 0.038460 -0.040014
v -0.284726 0.055173 0.000335
v -0.284726 0.038460 -0.040014
v -1.035882 0.055173 0.000335
v -1.035882 -0.001889 -0.056727
v -0.284726 0.038460 0.040684
v -0.284726 -0.001889 -0.056727
v -1.035882 0.038460 0.040684
v -1.035882 -0.042237 -0.040014
v -0.284726 -0.001889 0.057397
v -0.284726 -0.042237 -0.040014
v -1.035882 -0.001889 0.057397
v -1.035882 -0.058950 0.000335
v -0.284726 -0.042237 0.040684
v -0.284726 -0.058950 0.000335
v -1.035882 -0.042237 0.040684
v -1.298122 -0.054271 0.052718
v -1.025868 -0.054271 0.052718
v -1.025868 -0.001889 0.074416
v -1.298122 -0.075969 0.000335
v -1.298122 -0.001889 0.074416
v -1.025868 -0.075969 0.000335
v -1.025868 0.050494 0.052718
v -1.298122 -0.054271 -0.052048
v -1.298122 0.050494 0.052718
v -1.025868 -0.054271 -0.052048
v -1.025868 0.072192 0.000335
v -1.298122 -0.001889 -0.073746
v -1.298122 0.072192 0.000335
v -1.025868 -0.001889 -0.073746
v -1.025868 0.050494 -0.052048
v -1.298122 0.050494 -0.052048
v 0.010785 0.153267 0.019818
v -0.144920 0.153267 0.019818
v 1.218169 0.153267 0.019818
v 1.062463 0.153267 0.019818
v -0.144920 0.153267 -0.019148
v 0.010785 0.153267 -0.019148
v 1.218169 0.153267 -0.019148
v 1.062463 0.153267 -0.019148
v 1.172592 0.151253 -0.025657
v 1.172592 0.151253 0.026327
v 1.143667 0.151253 -0.025657
v 1.143667 0.151253 0.026327
v -0.191972 0.157912 -0.036131
v -0.308857 0.099079 -0.057951
v -0.308857 0.099079 0.057951
v -0.191972 0.157912 0.036131
v -0.308857 -0.049883 0.141136
v 0.921494 0.157912 0.036131
v -0.308857 -0.049883 -0.141136
v -0.308857 -0.123039 -0.112909
v -0.308857 -0.123039 0.112909
v 0.921494 0.157912 -0.036131
v 1.259160 0.157912 0.036131
v 1.259160 0.157912 -0.036131
v 1.298122 0.099079 0.057951
v 1.298122 0.099079 -0.057951
v -0.103701 0.151031 0.026326
v -0.073577 0.151031 0.026326
v -0.103701 0.151031 -0.025656
v -0.073577 0.151031 -0.025656
v 0.010785 0.153267 0.019818
v 0.010785 0.153267 0.032656
v 0.010785 0.153267 -0.031987
v 0.010785 0.153267 -0.019148
v -0.154172 -0.222306 0.040234
v -0.154172 -0.314325 0.040234
v -0.114273 -0.314325 0.056761
v -0.170699 -0.222306 0.000335
v -0.114273 -0.222306 0.056761
v -0.170699 -0.314325 0.000335
v -0.074374 -0.314325 0.040234
v -0.154172 -0.222306 -0.039564
v -0.074374 -0.222306 0.040234
v -0.154172 -0.314325 -0.039564
v -0.057848 -0.314325 0.000335
v -0.114273 -0.222306 -0.056091
v -0.057848 -0.222306 0.000335
v -0.114273 -0.314325 -0.056091
v -0.074374 -0.314325 -0.039564
v -0.074374 -0.222306 -0.039564
v -0.183543 -0.090722 0.020370
v 0.707573 -0.090722 0.125378
v 0.707573 -0.090722 0.020370
v -0.183543 -0.090722 0.125378
v -0.073577 0.151031 -0.025656
v -0.073577 0.151031 0.026326
v -0.328694 -0.123039 -0.125454
v 0.002003 -0.123039 0.125454
v 0.002003 -0.123039 -0.125454
v -0.328694 -0.123039 0.125454
v -0.183543 -0.090722 0.020370
v -0.183543 -0.009058 0.118338
v -0.183543 -0.090722 0.125378
v -0.183543 -0.049883 0.141136
v -0.183543 -0.009058 0.020370
v 0.707573 -0.090722 0.020370
v 0.707573 -0.009058 0.118338
v 0.707573 -0.009058 0.020370
v 0.707573 -0.090722 0.125378
v 0.707573 -0.049883 0.141136
v 1.143667 0.151253 -0.025657
v 1.143667 0.151253 0.026327
v -1.025868 -0.054271 -0.052048
v -1.025868 -0.054271 0.052718
v -1.025868 -0.075969 0.000335
v -1.025868 0.050494 -0.052048
v -1.025868 -0.001889 -0.073746
v -1.025868 0.050494 0.052718
v -1.025868 -0.001889 0.074416
v -1.025868 0.072192 0.000335
vn -1.0000 0.0005 0.0005
vn -0.6306 -0.5488 -0.5488
vn 0.0005 0.0005 -1.0000
vn -0.0000 -0.7071 -0.7071
vn -0.6305 0.0004 -0.7762
vn -0.0000 0.7071 -0.7071
vn -0.6306 -0.7761 0.0005
vn 0.0005 -1.0000 0.0005
vn -0.6303 0.5490 -0.5490
vn 0.0005 1.0000 0.0005
vn -0.6303 0.7764 -0.0000
vn -0.0000 0.7071 0.7071
vn -0.6303 -0.5490 0.5490
vn -0.0000 -0.7071 0.7071
vn -0.6303 0.5490 0.5490
vn 0.0005 0.0005 1.0000
vn -0.6305 0.0004 0.7762
vn 1.0000 0.0005 0.0005
vn 0.7980 -0.6026 -0.0000
vn -0.8523 -0.5230 0.0004
vn -0.8524 -0.5228 -0.0000
vn -0.0000 0.3477 -0.9376
vn -0.0000 0.3954 -0.9185
vn 0.0004 0.3475 -0.9377
vn -0.0000 0.4552 -0.8904
vn 0.0006 0.0710 -0.9975
vn 0.0008 0.0711 -0.9975
vn -0.0000 -0.3600 -0.9330
vn 0.0006 0.0709 0.9975
vn -0.0000 -0.3600 0.9330
vn -0.0000 0.0705 0.9975
vn 0.0005 0.4880 0.8729
vn -0.0000 0.4552 0.8904
vn 0.0003 -0.3601 0.9329
vn -0.0000 0.4876 0.8731
vn -0.0000 0.3954 0.9185
vn 0.0004 0.3476 0.9377
vn 0.0004 0.3475 0.9377
vn -0.0000 0.3477 0.9376
vn 0.0003 -0.7071 0.7071
vn 0.0002 0.0002 1.0000
vn 0.0003 -0.7071 -0.7071
vn 0.0006 -0.7071 -0.7071
vn 0.0002 0.0002 -1.0000
vn 0.0003 0.7071 -0.7071
vn -0.2426 0.9701 -0.0000
vn -0.9075 0.4201 -0.0000
vn -0.2428 0.9701 0.0003
vn 0.5136 0.8581 0.0003
vn 0.5135 0.8581 0.0003
vn 0.8337 0.5521 -0.0000
vn -0.0000 -0.7061 -0.7081
vn 0.0005 -0.7061 0.7081
vn 0.0004 -0.7061 0.7081
vn -0.7071 -0.0000 0.7071
vn 0.7071 -0.0000 0.7071
vn -0.7071 -0.0000 -0.7071
vn 0.7071 -0.0000 -0.7071
vt 0.000000 0.000000
s 1
usemtl 材質.006
f 2790/311/3678 2791/311/3678 2792/311/3678
f 2791/311/3678 2790/311/3678 2793/311/3678
f 2794/311/3678 2792/311/3678 2791/311/3678
f 2790/311/3678 2795/311/3678 2793/311/3678
f 2792/311/3678 2794/311/3678 2796/311/3678
f 2790/311/3678 2797/311/3678 2795/311/3678
f 2794/311/3678 2798/311/3678 2796/311/3678
f 2799/311/3678 2795/311/3678 2797/311/3678
f 2798/311/3678 2794/311/3678 2800/311/3678
f 2797/311/3678 2801/311/3678 2799/311/3678
f 2802/311/3678 2798/311/3678 2800/311/3678
f 2803/311/3678 2799/311/3678 2801/311/3678
f 2802/311/3678 2800/311/3678 2804/311/3678
f 2799/311/3678 2803/311/3678 2805/311/3678
f 2802/311/3678 2805/311/3678 2803/311/3678
f 2805/311/3678 2802/311/3678 2804/311/3678
f 2806/311/3679 2807/311/3680 2808/311/3681
f 2807/311/3680 2806/311/3679 2809/311/3682
f 2809/311/3682 2810/311/3683 2807/311/3680
f 2808/311/3681 2811/311/3684 2806/311/3679
f 2811/311/3684 2808/311/3681 2812/311/3685
f 2806/311/3679 2813/311/3686 2809/311/3682
f 2810/311/3683 2809/311/3682 2813/311/3686
f 2810/311/3683 2813/311/3686 2814/311/3687
f 2806/311/3679 2815/311/3688 2813/311/3686
f 2815/311/3688 2814/311/3687 2813/311/3686
f 2815/311/3688 2806/311/3679 2811/311/3684
f 2814/311/3687 2815/311/3688 2816/311/3689
f 2812/311/3685 2817/311/3690 2811/311/3684
f 2817/311/3690 2815/311/3688 2811/311/3684
f 2817/311/3690 2812/311/3685 2818/311/3691
f 2819/311/3692 2816/311/3689 2815/311/3688
f 2815/311/3688 2817/311/3690 2819/311/3692
f 2819/311/3692 2820/311/3693 2816/311/3689
f 2818/311/3691 2821/311/3694 2817/311/3690
f 2819/311/3692 2817/311/3690 2821/311/3694
f 2821/311/3694 2818/311/3691 2820/311/3693
f 2820/311/3693 2819/311/3692 2821/311/3694
f 2824/311/3695 2825/311/3695 2826/311/3695
f 2826/311/3695 2825/311/3695 2827/311/3695
f 2828/311/3696 2825/311/3695 2824/311/3695
f 2825/311/3695 2828/311/3696 2829/311/3696
f 2830/311/3685 2829/311/3696 2828/311/3696
f 2829/311/3696 2830/311/3685 2831/311/3685
f 2832/311/3697 2833/311/3698 2834/311/3697
f 2833/311/3698 2832/311/3697 2835/311/3697
f 2836/311/3685 2837/311/3685 2838/311/3685
f 2837/311/3685 2839/311/3685 2838/311/3685
f 2846/311/3685 2847/311/3685 2848/311/3685
f 2849/311/3685 2848/311/3685 2847/311/3685
f 2850/311/3685 2851/311/3685 2852/311/3685
f 2850/311/3685 2852/311/3685 2853/311/3685
f 2854/311/3680 2855/311/3680 2856/311/3680
f 2857/311/3680 2856/311/3680 2855/311/3680
f 2858/311/3693 2859/311/3693 2860/311/3693
f 2859/311/3693 2858/311/3693 2861/311/3693
f 2870/311/3699 2871/311/3700 2872/311/3701
f 2871/311/3700 2870/311/3699 2873/311/3699
f 2871/311/3700 2874/311/3699 2872/311/3701
f 2874/311/3699 2871/311/3700 2875/311/3702
f 2875/311/3702 2871/311/3700 2876/311/3703
f 2877/311/3704 2876/311/3703 2871/311/3700
f 2876/311/3703 2877/311/3704 2878/311/3705
f 2879/311/3705 2878/311/3705 2877/311/3704
f 2880/311/3706 2881/311/3707 2882/311/3708
f 2883/311/3709 2880/311/3706 2882/311/3708
f 2881/311/3707 2880/311/3706 2884/311/3707
f 2880/311/3706 2883/311/3709 2885/311/3710
f 2884/311/3707 2886/311/3707 2881/311/3707
f 2886/311/3707 2884/311/3707 2887/311/3711
f 2888/311/3708 2886/311/3707 2887/311/3711
f 2886/311/3707 2888/311/3708 2889/311/3708
f 2888/311/3708 2890/311/3712 2889/311/3708
f 2890/311/3712 2885/311/3710 2883/311/3709
f 2888/311/3708 2891/311/3713 2890/311/3712
f 2885/311/3710 2890/311/3712 2891/311/3713
f 2885/311/3710 2891/311/3713 2892/311/3714
f 2893/311/3715 2892/311/3714 2891/311/3713
f 2891/311/3713 2894/311/3716 2893/311/3715
f 2894/311/3716 2891/311/3713 2895/311/3716
f 2908/311/3693 2909/311/3693 2910/311/3693
f 2908/311/3693 2910/311/3693 2911/311/3693
f 2912/311/3683 2913/311/3687 2914/311/3683
f 2913/311/3687 2912/311/3683 2915/311/3687
f 2912/311/3683 2914/311/3683 2916/311/3680
f 2915/311/3687 2917/311/3689 2913/311/3687
f 2918/311/3680 2916/311/3680 2914/311/3683
f 2917/311/3689 2915/311/3687 2919/311/3689
f 2916/311/3680 2918/311/3680 2920/311/3681
f 2917/311/3689 2919/311/3689 2921/311/3693
f 2922/311/3681 2920/311/3681 2918/311/3680
f 2923/311/3693 2921/311/3693 2919/311/3689
f 2920/311/3681 2922/311/3681 2924/311/3685
f 2921/311/3693 2923/311/3693 2925/311/3691
f 2926/311/3685 2924/311/3685 2922/311/3681
f 2927/311/3691 2925/311/3691 2923/311/3693
f 2924/311/3685 2926/311/3685 2927/311/3691
f 2925/311/3691 2927/311/3691 2926/311/3685
f 2928/311/3691 2929/311/3717 2930/311/3718
f 2931/311/3685 2929/311/3717 2928/311/3691
f 2928/311/3691 2930/311/3718 2932/311/3718
f 2931/311/3685 2933/311/3685 2929/311/3717
f 2932/311/3718 2930/311/3718 2934/311/3689
f 2935/311/3719 2933/311/3685 2931/311/3685
f 2932/311/3718 2934/311/3689 2936/311/3689
f 2935/311/3719 2937/311/3720 2933/311/3685
f 2938/311/3687 2936/311/3689 2934/311/3689
f 2939/311/3721 2937/311/3720 2935/311/3719
f 2936/311/3689 2938/311/3687 2940/311/3687
f 2939/311/3721 2941/311/3721 2937/311/3720
f 2942/311/3722 2940/311/3687 2938/311/3687
f 2943/311/3683 2941/311/3721 2939/311/3721
f 2940/311/3687 2942/311/3722 2943/311/3683
f 2943/311/3683 2942/311/3722 2941/311/3721
f 2952/311/3685 2953/311/3685 2954/311/3685
f 2954/311/3685 2953/311/3685 2955/311/3685
f 2956/311/3723 2957/311/3724 2958/311/3724
f 2956/311/3723 2958/311/3724 2959/311/3725
f 2957/311/3724 2960/311/3678 2958/311/3724
f 2961/311/3687 2956/311/3723 2959/311/3725
f 2957/311/3724 2962/311/3678 2960/311/3678
f 2963/311/3678 2960/311/3678 2962/311/3678
f 2960/311/3678 2963/311/3678 2964/311/3678
f 2956/311/3723 2961/311/3687 2965/311/3687
f 2961/311/3687 2966/311/3726 2965/311/3687
f 2967/311/3727 2965/311/3687 2966/311/3726
f 2968/311/3728 2967/311/3727 2966/311/3726
f 2967/311/3727 2968/311/3728 2969/311/3728
f 2972/311/3729 2971/311/3730 2970/311/3731
f 2972/311/3729 2973/311/3729 2971/311/3730
f 2978/311/3732 2979/311/3732 2980/311/3693
f 2981/311/3678 2979/311/3732 2978/311/3732
f 2980/311/3693 2982/311/3693 2978/311/3732
f 2981/311/3678 2983/311/3678 2979/311/3732
f 2982/311/3693 2980/311/3693 2984/311/3733
f 2985/311/3734 2983/311/3678 2981/311/3678
f 2984/311/3733 2986/311/3733 2982/311/3693
f 2985/311/3734 2987/311/3734 2983/311/3678
f 2988/311/3695 2986/311/3733 2984/311/3733
f 2989/311/3680 2987/311/3734 2985/311/3734
f 2986/311/3733 2988/311/3695 2990/311/3695
f 2987/311/3734 2989/311/3680 2991/311/3680
f 2992/311/3735 2990/311/3695 2988/311/3695
f 2993/311/3735 2991/311/3680 2989/311/3680
f 2990/311/3695 2992/311/3735 2993/311/3735
f 2991/311/3680 2993/311/3735 2992/311/3735
f 2994/311/3687 2995/311/3687 2996/311/3687
f 2995/311/3687 2994/311/3687 2997/311/3687
f 3000/311/3687 3001/311/3687 3002/311/3687
f 3001/311/3687 3000/311/3687 3003/311/3687
f 3004/311/3695 3005/311/3695 3006/311/3695
f 3006/311/3695 3005/311/3695 3007/311/3695
f 3005/311/3695 3004/311/3695 3008/311/3695
f 3009/311/3678 3010/311/3678 3011/311/3678
f 3010/311/3678 3009/311/3678 3012/311/3678
f 3013/311/3678 3010/311/3678 3012/311/3678
f 3016/311/3695 3017/311/3695 3018/311/3695
f 3017/311/3695 3016/311/3695 3019/311/3695
f 3019/311/3695 3016/311/3695 3020/311/3695
f 3019/311/3695 3021/311/3695 3017/311/3695
f 3017/311/3695 3021/311/3695 3022/311/3695
f 3021/311/3695 3019/311/3695 3023/311/3695
l 2822 2823
l 2840 2841
l 2842 2843
l 2844 2845
l 2862 2863
l 2864 2865
l 2866 2867
l 2868 2869
l 2896 2897
l 2898 2899
l 2900 2901
l 2902 2903
l 2904 2905
l 2906 2907
l 2944 2945
l 2946 2947
l 2948 2949
l 2950 2951
l 2974 2975
l 2976 2977
l 2998 2999
l 3014 3015
o 内构
v 0.199692 -0.227353 0.103614
v 0.197938 -0.224789 0.103614
v 0.196859 -0.221955 0.103614
v -0.386123 -0.103835 0.104186
v -0.383390 -0.084805 0.107572
v -0.385536 -0.095154 0.093905
v -0.405474 -0.098350 -0.089698
v -0.400117 -0.080408 -0.111457
v -1.334489 -0.082458 -0.112936
v -1.334489 -0.112797 -0.101335
v -0.398918 -0.082258 -0.101320
v -0.405474 -0.098350 -0.124415
v -0.405474 -0.098350 0.093870
v -1.334489 -0.082458 0.117108
v -0.400117 -0.080408 0.115628
v -1.334489 -0.112797 0.105507
v -0.399187 -0.112493 0.106733
v -0.398918 -0.082258 0.105492
v -0.386123 -0.103835 0.104186
v -0.383390 -0.084805 0.107572
v -0.383815 -0.091491 0.126422
v -0.317117 -0.098351 0.111601
v -0.371353 -0.066465 0.111601
v -0.377560 -0.118251 0.111296
v -0.385742 -0.104628 0.118245
v -0.399365 -0.112058 0.117561
v -0.405474 -0.098350 0.128587
v -0.385536 -0.095154 0.093905
v -0.405474 -0.098350 -0.089698
v -0.400117 -0.080408 -0.111457
v -1.334489 -0.082458 -0.112936
v -1.334489 -0.112797 -0.101335
v -0.398918 -0.082258 -0.101320
v -0.399187 -0.112493 -0.102561
v -0.405474 -0.098350 -0.124415
v -0.386107 -0.103857 -0.114102
v -0.377563 -0.118248 -0.106891
v -0.385758 -0.104604 -0.100043
v -0.399365 -0.112058 -0.113389
v -0.383387 -0.084800 -0.103405
v -0.385575 -0.095283 -0.089596
v -0.317117 -0.098351 -0.106684
v -0.371353 -0.066465 -0.106684
v -0.383842 -0.091452 -0.122096
v -0.998242 -0.072873 -0.107002
v -0.973958 -0.062522 -0.122699
v -0.957830 -0.048337 -0.106982
v -0.990299 -0.088665 -0.117412
v -0.973959 -0.062531 -0.091402
v -0.990299 -0.088665 -0.096701
v -0.962355 -0.074105 -0.106900
v -0.907517 -0.059664 -0.106982
v -0.890224 -0.057457 -0.122014
v -0.870345 -0.040224 -0.106982
v -0.890123 -0.057342 -0.092180
v -0.924423 -0.074233 -0.106968
v -0.906558 -0.092837 -0.093680
v -0.906543 -0.092830 -0.120428
v -0.874914 -0.067686 -0.106982
v -0.998260 -0.072852 0.111149
v -0.973998 -0.062574 0.095591
v -0.957830 -0.048337 0.111154
v -0.973919 -0.062477 0.126888
v -0.990299 -0.088665 0.121584
v -0.990299 -0.088665 0.100873
v -0.962381 -0.074112 0.111248
v -0.890224 -0.057457 0.126186
v -0.907517 -0.059664 0.111154
v -0.870345 -0.040224 0.111154
v -0.924423 -0.074233 0.111140
v -0.906543 -0.092830 0.124600
v -0.874914 -0.067686 0.111154
v -0.890123 -0.057342 0.096352
v -0.906558 -0.092837 0.097852
v -0.812484 -0.094676 -0.121663
v -0.806716 -0.057734 -0.124422
v -0.832554 -0.070289 -0.106924
v -0.782860 -0.073548 -0.106929
v -0.805926 -0.053899 -0.089027
v -0.792642 -0.052208 -0.106982
v -0.812258 -0.093442 -0.092412
v -0.787667 -0.027677 -0.106974
v -0.805926 -0.053899 0.093199
v -0.782617 -0.073747 0.111142
v -0.792642 -0.052208 0.111154
v -0.787668 -0.027677 0.111145
v -0.832554 -0.070289 0.111095
v -0.812183 -0.092696 0.096601
v -0.812554 -0.094427 0.125795
v -0.805925 -0.053901 0.129254
v -1.205745 -0.077143 0.125642
v -1.215600 -0.072865 0.111108
v -1.187610 -0.056933 0.110923
v -1.189269 -0.073899 0.111087
v -1.201637 -0.068474 0.093851
v -1.108116 -0.055624 0.111019
v -1.123253 -0.071594 0.126767
v -1.135749 -0.076005 0.109621
v -1.123228 -0.071566 0.095672
v -1.113949 -0.073548 0.110959
v -1.132226 -0.091027 0.123408
v -1.215593 -0.072949 -0.106869
v -1.205832 -0.077334 -0.121437
v -1.187610 -0.056933 -0.106751
v -1.201669 -0.068526 -0.089753
v -1.189284 -0.073908 -0.107058
v -1.135967 -0.075482 -0.105911
v -1.127846 -0.082315 -0.120620
v -1.108116 -0.055624 -0.106848
v -1.123238 -0.071572 -0.091506
v -1.113949 -0.073548 -0.106787
v -1.055972 -0.081536 -0.119627
v -1.036812 -0.057062 -0.106861
v -1.065468 -0.072947 -0.106982
v -1.055976 -0.081533 -0.094477
v -1.055972 -0.081536 0.123799
v -1.065468 -0.072947 0.111154
v -1.036812 -0.057062 0.111034
v -1.055976 -0.081533 0.098649
v -1.275622 -0.077580 -0.104508
v -1.262620 -0.068200 -0.120999
v -1.253689 -0.063364 -0.106982
v -1.262489 -0.068039 -0.093049
v -1.273956 -0.086499 -0.115902
v -1.253689 -0.063364 -0.106982
v -1.275622 -0.077580 -0.104508
v -1.262489 -0.068039 -0.093049
v -1.253689 -0.063364 0.111154
v -1.262611 -0.068191 0.097280
v -1.275286 -0.079108 0.107595
v -1.275286 -0.079108 0.107595
v -1.262611 -0.068191 0.097280
v -1.253689 -0.063364 0.111154
v -1.262490 -0.068048 0.125230
v -1.274139 -0.086613 0.120158
vn -0.9897 0.1323 0.0552
vn -0.8539 0.4847 0.1895
vn -0.0176 -0.3571 -0.9339
vn -0.0173 0.3571 -0.9339
vn -0.0027 0.7718 -0.6358
vn -0.8539 0.4847 -0.1895
vn 0.0012 -0.6725 -0.7401
vn 0.8861 -0.0269 -0.4627
vn -0.1663 -0.0390 -0.9853
vn 0.1556 0.1513 -0.9762
vn 0.1087 0.9361 0.3345
vn 0.5944 0.8006 -0.0758
vn 0.1472 -0.4604 0.8754
vn 0.2378 0.4045 0.8831
vn -0.8408 0.5158 0.1640
vn -0.1278 -0.5105 0.8503
vn -0.6650 -0.3219 0.6739
vn -0.3125 -0.5738 0.7570
vn 0.4767 -0.8780 0.0431
vn -0.0820 0.0588 0.9949
vn -0.9130 -0.4080 0.0014
vn 0.8978 0.0481 0.4377
vn -0.0004 -0.8396 0.5432
vn -0.0176 -0.3571 0.9339
vn -0.0000 0.5855 0.8107
vn 0.0864 -0.3989 -0.9129
vn 0.1850 -0.5495 -0.8147
vn -0.5723 -0.6102 -0.5479
vn 0.2457 0.4180 -0.8746
vn -0.7619 0.5683 -0.3107
vn -0.0027 0.7719 0.6358
vn -0.0173 0.3571 0.9339
vn 0.0012 -0.6725 0.7401
vn 0.8861 -0.0269 0.4627
vn -0.9130 -0.4080 -0.0014
vn -0.0004 -0.8396 -0.5432
vn 0.5239 -0.8507 -0.0428
vn -0.3039 -0.5649 -0.7672
vn 0.0721 -0.4125 0.9081
vn -0.1620 -0.0390 0.9860
vn -0.0897 0.0586 -0.9942
vn 0.8978 0.0481 -0.4377
vn 0.1552 0.1472 0.9768
vn -0.9914 0.1056 -0.0769
vn -0.5571 -0.6148 0.5583
vn 0.1787 -0.5514 0.8149
vn 0.2384 0.4056 0.8824
vn -0.7709 0.5602 0.3031
vn 0.2453 0.4172 -0.8751
vn -0.8378 0.5204 -0.1648
vn 0.1544 -0.4600 -0.8744
vn -0.1557 -0.5148 -0.8430
vn 0.1081 0.9358 -0.3357
vn 0.5934 0.8013 0.0760
vn -0.6604 -0.3178 -0.6803
vn -0.0000 0.5855 -0.8107
vn -0.5929 0.2136 -0.7764
vn -0.5047 0.8314 -0.2325
vn -0.5046 0.8309 0.2346
vn -0.5904 0.2112 0.7790
vn 0.5070 -0.4642 0.7263
vn 0.7453 -0.1288 0.6542
vn 0.5140 -0.4668 -0.7197
vn 0.7495 -0.1337 -0.6484
vn -0.5501 0.6378 -0.5392
vn -0.4298 0.8219 -0.3738
vn -0.4294 0.8212 0.3758
vn -0.5476 0.6360 0.5437
vn -0.4619 0.1772 0.8690
vn -0.4678 0.1770 -0.8659
vn 0.5623 -0.2941 -0.7729
vn 0.5581 -0.2912 0.7770
vn 0.6543 -0.1089 0.7484
vn 0.6582 -0.1095 -0.7449
vn -0.5893 0.2103 -0.7801
vn -0.5037 0.8308 -0.2367
vn -0.5044 0.8318 0.2318
vn -0.5930 0.2137 0.7763
vn 0.5112 -0.4656 -0.7224
vn 0.7460 -0.1341 -0.6523
vn 0.7493 -0.1299 0.6494
vn 0.5104 -0.4657 0.7229
vn -0.5501 0.6378 0.5392
vn -0.4298 0.8219 0.3738
vn 0.6582 -0.1095 0.7449
vn -0.4678 0.1770 0.8659
vn 0.5623 -0.2941 0.7728
vn 0.6543 -0.1089 -0.7484
vn 0.5581 -0.2912 -0.7770
vn -0.4619 0.1772 -0.8690
vn -0.5476 0.6360 -0.5437
vn -0.4295 0.8212 -0.3758
vn 0.5212 -0.1442 -0.8412
vn -0.5697 0.0276 -0.8214
vn 0.5198 -0.1552 0.8401
vn 0.7402 0.3407 0.5797
vn 0.6879 0.3137 -0.6545
vn -0.5662 0.0201 0.8240
vn 0.8005 -0.1625 0.5769
vn 0.7924 -0.1605 -0.5886
vn -0.6477 0.6826 0.3385
vn -0.6168 0.6492 -0.4450
vn 0.5150 -0.1570 -0.8427
vn 0.7390 0.3443 -0.5791
vn 0.8005 -0.1625 -0.5769
vn -0.6477 0.6826 -0.3385
vn -0.5657 0.0189 -0.8244
vn -0.5732 0.0239 0.8191
vn -0.6489 0.6831 0.3351
vn 0.5194 -0.1567 0.8401
vn 0.7411 0.3446 0.5761
vn 0.8027 -0.1625 0.5738
vn -0.4236 0.7500 0.5080
vn 0.6673 -0.0581 0.7425
vn 0.7970 -0.0837 -0.5982
vn -0.0379 -0.9607 -0.2751
vn -0.4877 0.8548 -0.1771
vn 0.8157 -0.2672 0.5131
vn -0.5855 0.7784 0.2265
vn -0.5650 0.7838 -0.2578
vn 0.8096 -0.2617 -0.5254
vn 0.1218 -0.9722 -0.2000
vn 0.7523 -0.4332 0.4963
vn -0.8082 0.2840 0.5159
vn -0.4256 0.7474 -0.5101
vn -0.4894 0.8538 0.1775
vn -0.0330 -0.9608 0.2752
vn 0.7966 -0.0894 0.5979
vn 0.6611 -0.0517 -0.7485
vn -0.4879 0.6571 -0.5746
vn -0.5522 0.7874 0.2742
vn 0.0933 -0.9786 0.1832
vn 0.8094 -0.2616 0.5258
vn 0.7576 -0.2486 -0.6035
vn -0.3480 0.6331 -0.6914
vn -0.3503 0.6266 0.6961
vn -0.3481 0.6331 0.6914
vn -0.3503 0.6266 -0.6961
vn -0.5389 0.8407 0.0533
vn 0.5480 -0.8339 0.0663
vn -0.8181 0.3887 -0.4239
vn 0.7720 -0.5613 -0.2982
vn -0.5480 0.8339 -0.0663
vn 0.5972 -0.7949 -0.1075
vn -0.5972 0.7949 0.1075
vn -0.5769 0.8118 -0.0906
vn -0.8366 0.4333 0.3352
vn 0.7712 -0.5644 0.2944
vt 0.000000 0.000000
s 1
usemtl wpn_p01_ar_mike4_stock_v35.003
f 3028/312/3736 3029/312/3736 3027/312/3736
f 3034/312/3737 3031/312/3737 3030/312/3737
f 3035/312/3738 3033/312/3738 3032/312/3738
f 3036/312/3739 3039/312/3739 3037/312/3739
f 3037/312/3740 3038/312/3740 3036/312/3740
f 3036/312/3741 3038/312/3741 3041/312/3741
f 3039/312/3742 3036/312/3742 3040/312/3742
f 3036/312/3743 3041/312/3743 3040/312/3743
f 3042/312/3744 3040/312/3744 3041/312/3744
f 3042/312/3745 3041/312/3745 3043/312/3745
f 3044/312/3746 3043/312/3746 3041/312/3746
f 3041/312/3747 3038/312/3747 3044/312/3747
f 3045/312/3748 3044/312/3748 3047/312/3748
f 3045/312/3749 3046/312/3749 3044/312/3749
f 3043/312/3750 3044/312/3750 3046/312/3750
f 3048/312/3751 3047/312/3751 3044/312/3751
f 3038/312/3752 3048/312/3752 3044/312/3752
f 3048/312/3753 3040/312/3753 3047/312/3753
f 3049/312/3754 3040/312/3754 3048/312/3754
f 3038/312/3755 3049/312/3755 3048/312/3755
f 3040/312/3756 3049/312/3756 3050/312/3756
f 3038/312/3757 3050/312/3757 3049/312/3757
f 3040/312/3758 3050/312/3758 3039/312/3758
f 3050/312/3759 3037/312/3759 3039/312/3759
f 3038/312/3760 3037/312/3760 3050/312/3760
f 3047/312/3761 3040/312/3761 3042/312/3761
f 3047/312/3762 3051/312/3762 3045/312/3762
f 3051/312/3763 3047/312/3763 3042/312/3763
f 3051/312/3764 3046/312/3764 3045/312/3764
f 3046/312/3765 3051/312/3765 3043/312/3765
f 3053/312/3766 3054/312/3766 3052/312/3766
f 3054/312/3767 3055/312/3767 3052/312/3767
f 3057/312/3768 3052/312/3768 3055/312/3768
f 3056/312/3769 3052/312/3769 3057/312/3769
f 3062/312/3770 3057/312/3770 3058/312/3770
f 3057/312/3771 3055/312/3771 3058/312/3771
f 3057/312/3772 3062/312/3772 3059/312/3772
f 3059/312/3773 3060/312/3773 3057/312/3773
f 3057/312/3774 3060/312/3774 3061/312/3774
f 3061/312/3775 3056/312/3775 3057/312/3775
f 3062/312/3776 3053/312/3776 3059/312/3776
f 3058/312/3777 3053/312/3777 3062/312/3777
f 3056/312/3778 3061/312/3778 3063/312/3778
f 3063/312/3779 3061/312/3779 3064/312/3779
f 3060/312/3780 3064/312/3780 3061/312/3780
f 3060/312/3781 3065/312/3781 3064/312/3781
f 3065/312/3782 3066/312/3782 3064/312/3782
f 3064/312/3783 3066/312/3783 3063/312/3783
f 3065/312/3784 3067/312/3784 3066/312/3784
f 3063/312/3785 3066/312/3785 3067/312/3785
f 3067/312/3786 3065/312/3786 3060/312/3786
f 3059/312/3787 3067/312/3787 3060/312/3787
f 3063/312/3788 3067/312/3788 3056/312/3788
f 3056/312/3789 3067/312/3789 3053/312/3789
f 3059/312/3790 3053/312/3790 3067/312/3790
f 3054/312/3791 3053/312/3791 3058/312/3791
f 3069/312/3792 3071/312/3792 3068/312/3792
f 3068/312/3793 3070/312/3793 3069/312/3793
f 3072/312/3794 3070/312/3794 3068/312/3794
f 3068/312/3795 3073/312/3795 3072/312/3795
f 3072/312/3796 3073/312/3796 3074/312/3796
f 3074/312/3797 3070/312/3797 3072/312/3797
f 3074/312/3798 3071/312/3798 3069/312/3798
f 3069/312/3799 3070/312/3799 3074/312/3799
f 3076/312/3800 3079/312/3800 3075/312/3800
f 3075/312/3801 3077/312/3801 3076/312/3801
f 3078/312/3802 3077/312/3802 3075/312/3802
f 3075/312/3803 3079/312/3803 3078/312/3803
f 3079/312/3804 3080/312/3804 3078/312/3804
f 3076/312/3805 3081/312/3805 3079/312/3805
f 3076/312/3806 3082/312/3806 3081/312/3806
f 3080/312/3807 3082/312/3807 3078/312/3807
f 3082/312/3808 3077/312/3808 3078/312/3808
f 3076/312/3809 3077/312/3809 3082/312/3809
f 3084/312/3810 3088/312/3810 3083/312/3810
f 3083/312/3811 3085/312/3811 3084/312/3811
f 3086/312/3812 3085/312/3812 3083/312/3812
f 3083/312/3813 3087/312/3813 3086/312/3813
f 3089/312/3814 3088/312/3814 3084/312/3814
f 3084/312/3815 3085/312/3815 3089/312/3815
f 3089/312/3816 3085/312/3816 3086/312/3816
f 3086/312/3817 3087/312/3817 3089/312/3817
f 3091/312/3818 3093/312/3818 3090/312/3818
f 3090/312/3819 3092/312/3819 3091/312/3819
f 3095/312/3820 3092/312/3820 3090/312/3820
f 3093/312/3821 3094/312/3821 3090/312/3821
f 3094/312/3822 3095/312/3822 3090/312/3822
f 3096/312/3823 3092/312/3823 3095/312/3823
f 3096/312/3824 3095/312/3824 3097/312/3824
f 3096/312/3825 3097/312/3825 3093/312/3825
f 3096/312/3826 3093/312/3826 3091/312/3826
f 3091/312/3827 3092/312/3827 3096/312/3827
f 3099/312/3828 3101/312/3828 3098/312/3828
f 3098/312/3829 3100/312/3829 3099/312/3829
f 3102/312/3830 3104/312/3830 3101/312/3830
f 3101/312/3831 3103/312/3831 3102/312/3831
f 3099/312/3832 3103/312/3832 3101/312/3832
f 3104/312/3833 3102/312/3833 3100/312/3833
f 3102/312/3834 3103/312/3834 3105/312/3834
f 3105/312/3835 3103/312/3835 3099/312/3835
f 3105/312/3836 3100/312/3836 3102/312/3836
f 3099/312/3837 3100/312/3837 3105/312/3837
f 3106/312/3838 3107/312/3838 3111/312/3838
f 3106/312/3839 3108/312/3839 3107/312/3839
f 3109/312/3840 3108/312/3840 3106/312/3840
f 3106/312/3841 3110/312/3841 3109/312/3841
f 3110/312/3842 3106/312/3842 3111/312/3842
f 3112/312/3843 3113/312/3843 3110/312/3843
f 3109/312/3844 3110/312/3844 3113/312/3844
f 3113/312/3845 3112/312/3845 3107/312/3845
f 3107/312/3846 3108/312/3846 3113/312/3846
f 3113/312/3847 3108/312/3847 3109/312/3847
f 3114/312/3848 3116/312/3848 3115/312/3848
f 3116/312/3849 3114/312/3849 3117/312/3849
f 3117/312/3850 3118/312/3850 3116/312/3850
f 3117/312/3851 3115/312/3851 3118/312/3851
f 3115/312/3852 3116/312/3852 3118/312/3852
f 3119/312/3853 3120/312/3853 3123/312/3853
f 3119/312/3854 3121/312/3854 3120/312/3854
f 3119/312/3855 3122/312/3855 3121/312/3855
f 3123/312/3856 3122/312/3856 3119/312/3856
f 3123/312/3857 3121/312/3857 3122/312/3857
f 3124/312/3858 3123/312/3858 3120/312/3858
f 3121/312/3859 3124/312/3859 3120/312/3859
f 3125/312/3860 3127/312/3860 3126/312/3860
f 3125/312/3861 3128/312/3861 3127/312/3861
f 3128/312/3862 3125/312/3862 3129/312/3862
f 3127/312/3863 3128/312/3863 3129/312/3863
f 3129/312/3864 3126/312/3864 3127/312/3864
f 3130/312/3865 3132/312/3865 3131/312/3865
f 3133/312/3866 3132/312/3866 3130/312/3866
f 3133/312/3867 3130/312/3867 3134/312/3867
f 3132/312/3868 3133/312/3868 3134/312/3868
f 3134/312/3869 3131/312/3869 3132/312/3869
f 3135/312/3870 3137/312/3870 3136/312/3870
f 3138/312/3871 3136/312/3871 3137/312/3871
f 3139/312/3872 3141/312/3872 3140/312/3872
f 3140/312/3873 3141/312/3873 3142/312/3873
f 3143/312/3874 3145/312/3874 3144/312/3874
f 3143/312/3875 3145/312/3875 3146/312/3875
f 3144/312/3876 3147/312/3876 3149/312/3876
f 3144/312/3877 3148/312/3877 3147/312/3877
f 3148/312/3878 3149/312/3878 3150/312/3878
f 3151/312/3879 3153/312/3879 3152/312/3879
f 3154/312/3880 3156/312/3880 3155/312/3880
f 3157/312/3881 3156/312/3881 3154/312/3881
f 3157/312/3882 3154/312/3882 3158/312/3882
f 3158/312/3883 3156/312/3883 3157/312/3883
l 3024 3025
l 3025 3026
