# Blender 5.2.2 LTS
# www.blender.org
mtllib hwewkadadwd12.mtl
o Cube_064_81650368359868.002
v 0.041947 0.130615 0.584976
v -0.000266 0.192274 0.584976
v -0.000266 0.118453 0.584976
v 0.051873 0.206932 0.584976
v 0.041670 0.203505 0.584976
v 0.041670 0.205940 0.584976
v 0.041670 0.224553 0.584976
v 0.089626 0.227316 0.584976
v 0.041670 0.245602 0.584976
v 0.072353 0.276285 0.584976
v 0.103699 0.319094 0.584976
v 0.083584 0.318199 0.584976
v 0.094321 0.358254 0.584976
v 0.072353 0.360113 0.584976
v 0.041670 0.390796 0.584976
v 0.074559 0.389531 0.584976
v 0.036987 0.414679 0.584976
v -0.000266 0.402027 0.584976
v -0.000266 0.422445 0.584976
v -0.000266 0.192274 0.584976
v -0.042479 0.130615 0.584976
v -0.042202 0.203505 0.584976
v -0.073101 0.162583 0.584976
v -0.052405 0.206932 0.584976
v -0.042202 0.205940 0.584976
v -0.090158 0.227316 0.584976
v -0.000266 0.192274 0.584976
v 0.041670 0.205940 0.584976
v 0.051873 0.206932 0.584976
v 0.041670 0.203505 0.584976
v 0.072569 0.162583 0.584976
v 0.089626 0.227316 0.584976
v 0.041947 0.130615 0.584976
v -0.052405 0.206932 0.584976
v -0.042479 0.130615 0.584976
v -0.042202 0.203505 0.584976
v -0.042202 0.205940 0.584976
v -0.042202 0.224553 0.584976
v -0.090158 0.227316 0.584976
v -0.042202 0.245602 0.584976
v -0.072885 0.276285 0.584976
v -0.104231 0.319094 0.584976
v -0.084116 0.318199 0.584976
v -0.094853 0.358254 0.584976
v -0.072885 0.360113 0.584976
v -0.042202 0.390796 0.584976
v -0.075091 0.389531 0.584976
v -0.037519 0.414679 0.584976
v -0.000266 0.402027 0.584976
v -0.000266 0.422445 0.584976
v 0.074559 0.389531 0.584976
v 0.072353 0.360113 0.584976
v 0.094321 0.358254 0.584976
v -0.075091 0.389531 0.584976
v -0.094853 0.358254 0.584976
v -0.072885 0.360113 0.584976
v 0.051873 -0.365947 -0.309690
v -0.000266 -0.365946 -0.309690
v -0.000266 -0.365946 -0.337881
v 0.051873 -0.365947 -0.337881
v 0.073037 -0.361966 -0.338477
v 0.073037 -0.361966 -0.310287
v 0.088321 -0.350632 -0.340175
v 0.088321 -0.350632 -0.311984
v 0.098534 -0.333670 -0.314525
v 0.098534 -0.333670 -0.342715
v 0.102120 -0.313662 -0.317522
v -0.052405 -0.365947 -0.309690
v -0.052405 -0.362142 -0.245562
v -0.000266 -0.362141 -0.245561
v 0.051873 -0.362142 -0.245562
v -0.052405 -0.358952 -0.232730
v -0.000266 -0.358952 -0.232723
v -0.052405 -0.351343 -0.221091
v -0.000266 -0.351347 -0.221065
v 0.051873 -0.351343 -0.221091
v -0.052405 -0.340475 -0.212416
v -0.000266 -0.340483 -0.212362
v -0.052405 -0.328003 -0.208027
v -0.052405 -0.301377 -0.203897
v -0.027840 -0.313274 -0.205698
v -0.000266 -0.328016 -0.207939
v -0.000266 -0.318801 -0.206535
v 0.027308 -0.313274 -0.205698
v -0.000266 -0.274931 -0.314703
v 0.022516 -0.274931 -0.314703
v 0.022516 -0.292423 -0.237090
v -0.000266 -0.292423 -0.237090
v -0.023048 -0.292423 -0.237090
v -0.023048 -0.274931 -0.314703
v -0.000266 0.435909 -0.456036
v 0.058849 0.420550 -0.456036
v -0.000266 0.290119 -0.456037
v 0.102111 0.377287 -0.456036
v 0.125847 0.290119 -0.456037
v 0.129414 0.232211 -0.445152
v -0.000266 -0.039810 -0.386731
v 0.102120 -0.039809 -0.386731
v 0.065809 -0.275496 -0.351429
v 0.060948 -0.307045 -0.346703
v 0.102120 -0.313662 -0.345712
v -0.000266 -0.275497 -0.351429
v 0.051873 -0.365947 -0.337881
v -0.000266 -0.307045 -0.346703
v -0.000266 -0.365946 -0.337881
v -0.052405 -0.365947 -0.337881
v 0.060948 -0.307045 -0.346703
v 0.102120 -0.313662 -0.345712
v 0.098534 -0.333670 -0.342715
v 0.088321 -0.350632 -0.340175
v 0.073037 -0.361966 -0.338477
v 0.051873 -0.365947 -0.337881
v -0.000266 -0.275497 -0.351429
v -0.000266 -0.307045 -0.346703
v -0.000266 -0.365946 -0.337881
v -0.061480 -0.307045 -0.346703
v -0.052405 -0.365947 -0.337881
v -0.073569 -0.361966 -0.338477
v -0.088853 -0.350632 -0.340175
v -0.099066 -0.333670 -0.342715
v -0.102652 -0.313662 -0.345712
v -0.066341 -0.275496 -0.351429
v -0.102652 -0.039809 -0.386731
v -0.102652 -0.275496 -0.351429
v -0.000266 -0.039810 -0.386731
v 0.065809 -0.275496 -0.351429
v -0.129946 0.232211 -0.445152
v -0.000266 0.290119 -0.456037
v -0.126379 0.290119 -0.456037
v -0.102643 0.377287 -0.456036
v -0.059381 0.420550 -0.456036
v -0.000266 0.435909 -0.456036
v 0.102120 -0.275496 -0.351429
v 0.102120 -0.039809 -0.386731
v 0.030679 0.145479 -0.407681
v 0.035463 0.127626 -0.407681
v 0.030679 0.109772 -0.407682
v 0.017609 0.158549 -0.407681
v 0.017609 0.096702 -0.407682
v -0.000266 0.091919 -0.407682
v -0.000266 0.163333 -0.407681
v -0.018141 0.158549 -0.407681
v -0.018141 0.096702 -0.407682
v -0.031211 0.109772 -0.407682
v -0.031211 0.145479 -0.407681
v -0.000266 0.163333 -0.407681
v -0.000266 0.091919 -0.407682
v -0.035995 0.127626 -0.407681
v -0.102652 -0.313662 -0.345712
v -0.102652 -0.275496 -0.351429
v -0.066341 -0.275496 -0.351429
v 0.028091 0.077155 -0.390796
v 0.022516 0.077155 -0.390796
v 0.022516 0.101609 -0.395309
v 0.028091 0.107184 -0.396338
v 0.022516 0.051644 -0.386089
v 0.028091 0.051644 -0.386089
v 0.022516 0.023240 -0.380847
v 0.028091 0.023240 -0.380847
v 0.022516 -0.131803 -0.352237
v 0.028091 -0.131803 -0.352237
v -0.000266 0.023240 -0.380847
v -0.000266 -0.131803 -0.352237
v 0.022516 -0.220497 -0.343032
v -0.000266 -0.220497 -0.343032
v 0.022516 -0.274931 -0.314703
v -0.000266 -0.274931 -0.314703
v -0.023048 -0.274931 -0.314703
v -0.023048 -0.220497 -0.343032
v -0.023048 -0.131803 -0.352237
v -0.023048 0.023240 -0.380847
v -0.028623 0.023240 -0.380847
v -0.028623 -0.131803 -0.352237
v -0.028623 0.051644 -0.386089
v -0.028623 0.077155 -0.390796
v -0.023048 0.051644 -0.386089
v -0.000266 0.051644 -0.386089
v -0.023048 0.077155 -0.390796
v -0.000266 0.077155 -0.390796
v 0.017609 0.096702 -0.394403
v -0.000266 0.091919 -0.393521
v -0.018141 0.096702 -0.394403
v -0.023048 0.101609 -0.395309
v -0.028623 0.107184 -0.396338
v 0.022516 0.173256 -0.407494
v 0.028091 0.173256 -0.407494
v 0.022516 0.153642 -0.404195
v 0.017609 0.158549 -0.405020
v -0.000266 0.173256 -0.407494
v -0.000266 0.163333 -0.405825
v -0.018141 0.158549 -0.405020
v 0.028091 0.148067 -0.403257
v -0.028623 0.173256 -0.407494
v -0.023048 0.173256 -0.407494
v -0.023048 0.153642 -0.404195
v -0.028623 0.148067 -0.403257
v -0.018141 0.158549 -0.405020
v -0.023048 0.173256 -0.407494
v -0.000266 0.173256 -0.407494
v -0.023048 0.153642 -0.404195
v 0.112266 0.286120 -0.355152
v 0.115625 0.251551 -0.351193
v 0.072353 0.276286 -0.354026
v 0.074988 0.286120 -0.355152
v 0.075708 0.288806 -0.356184
v 0.111806 0.288806 -0.356184
v 0.112119 0.287635 -0.355734
v 0.076234 0.290772 -0.358388
v 0.111280 0.290772 -0.358388
v 0.076427 0.291492 -0.361174
v 0.111088 0.291492 -0.361174
v 0.076427 0.291492 -0.377634
v 0.111088 0.291492 -0.377634
v 0.047618 0.251551 -0.351193
v 0.115887 0.248865 -0.351610
v 0.044932 0.248865 -0.351610
v 0.116078 0.246899 -0.353364
v 0.042966 0.246899 -0.353364
v 0.116148 0.246179 -0.355985
v 0.042246 0.246179 -0.355985
v 0.116148 0.246179 -0.372445
v 0.042246 0.246179 -0.372445
v -0.000266 0.180416 0.383126
v 0.022516 0.180416 0.383126
v -0.000266 0.231878 0.341039
v 0.022516 0.231878 0.341039
v -0.000266 0.231878 0.341039
v -0.023048 0.180416 0.383126
v -0.000266 0.180416 0.383126
v -0.023048 0.231878 0.341039
v -0.112798 0.286120 -0.355152
v -0.075520 0.286120 -0.355152
v -0.072885 0.276286 -0.354026
v -0.076240 0.288806 -0.356184
v -0.116158 0.251551 -0.351193
v -0.112338 0.288806 -0.356184
v -0.112651 0.287635 -0.355734
v -0.076766 0.290772 -0.358388
v -0.111812 0.290772 -0.358388
v -0.076959 0.291492 -0.361174
v -0.111620 0.291492 -0.361174
v -0.048150 0.251551 -0.351193
v -0.116419 0.248865 -0.351610
v -0.045464 0.248865 -0.351610
v -0.116610 0.246899 -0.353364
v -0.043498 0.246899 -0.353364
v -0.116680 0.246179 -0.355985
v -0.042778 0.246179 -0.355985
v -0.077608 0.293914 0.285326
v -0.110973 0.293914 0.285326
v -0.111825 0.290724 0.273419
v -0.076754 0.290724 0.273419
v -0.112651 0.287635 0.270330
v -0.074418 0.282008 0.264703
v -0.113197 0.282008 0.264703
v -0.114355 0.270102 0.261513
v -0.072885 0.276285 0.263170
v -0.066701 0.270102 0.261513
v -0.115512 0.258195 0.264703
v -0.054795 0.258195 0.264703
v -0.116359 0.249480 0.273419
v -0.046079 0.249480 0.273419
v -0.116669 0.246289 0.285326
v -0.042889 0.246289 0.285326
v 0.077077 0.293914 0.285326
v 0.076222 0.290724 0.273419
v 0.111293 0.290724 0.273419
v 0.110441 0.293914 0.285326
v 0.112119 0.287635 0.270330
v 0.073886 0.282008 0.264703
v 0.112665 0.282008 0.264703
v 0.113823 0.270102 0.261513
v 0.072353 0.276285 0.263170
v 0.066169 0.270102 0.261513
v 0.114980 0.258195 0.264703
v 0.054263 0.258195 0.264703
v 0.115827 0.249480 0.273419
v 0.045547 0.249480 0.273419
v 0.116137 0.246289 0.285326
v 0.042357 0.246289 0.285326
v 0.056654 0.053565 -0.301654
v -0.000266 0.028339 -0.297625
v -0.000266 0.053565 -0.301654
v 0.056654 0.098671 -0.308859
v 0.056654 0.028339 -0.297625
v -0.000266 -0.172397 -0.266568
v 0.056654 -0.172397 -0.266568
v -0.000266 0.098671 -0.308859
v -0.057186 0.177341 -0.230692
v -0.052405 0.177341 -0.230692
v -0.057186 0.185032 -0.259395
v -0.052405 0.185032 -0.259395
v -0.052405 0.177341 -0.288098
v -0.057186 0.177341 -0.288098
v -0.052405 0.166864 -0.298575
v -0.057186 0.156328 -0.309110
v -0.000266 0.156328 -0.309110
v -0.057186 0.127626 -0.316801
v -0.000266 0.127626 -0.316801
v -0.057186 0.098671 -0.308859
v -0.000266 0.098671 -0.308859
v -0.000266 0.166864 -0.298575
v 0.056654 0.185032 -0.259395
v 0.051873 0.177341 -0.230692
v 0.056654 0.177341 -0.230692
v 0.051873 0.185032 -0.259395
v 0.051873 0.177341 -0.288098
v 0.056654 0.177341 -0.288098
v 0.051873 0.166864 -0.298575
v 0.056654 0.156328 -0.309110
v -0.000266 0.156328 -0.309110
v 0.056654 0.127626 -0.316801
v -0.000266 0.127626 -0.316801
v 0.056654 0.098671 -0.308859
v -0.000266 0.098671 -0.308859
v -0.000266 0.166864 -0.298575
v -0.028623 -0.173391 -0.154360
v -0.023048 -0.173391 -0.154360
v -0.023048 -0.224852 -0.112274
v -0.028623 -0.224852 -0.112274
v 0.022516 -0.173391 -0.154360
v 0.028091 -0.173391 -0.154360
v 0.022516 -0.224852 -0.112274
v 0.028091 -0.224852 -0.112274
v -0.000266 0.422432 0.455202
v 0.051873 0.408468 0.455202
v -0.000266 0.422433 -0.427846
v 0.051873 0.408468 0.489275
v -0.000266 0.422432 0.489275
v 0.036987 0.414679 0.584976
v -0.000266 0.422445 0.584976
v 0.074559 0.389531 0.584976
v 0.051873 0.408468 0.489275
v 0.090026 0.370315 0.489275
v 0.094321 0.358254 0.584976
v 0.103699 0.319094 0.584976
v 0.112119 0.287635 0.489275
v 0.111550 0.289763 0.455202
v 0.090026 0.370315 0.455202
v 0.090026 0.370315 -0.427846
v 0.111293 0.290724 0.454242
v 0.110441 0.293914 0.442335
v 0.110441 0.293914 0.285326
v 0.111293 0.290724 0.273419
v 0.111293 0.290724 -0.118559
v 0.110441 0.293914 -0.130465
v 0.110441 0.293914 -0.287475
v 0.111293 0.290724 -0.299381
v 0.111280 0.290772 -0.358388
v 0.111806 0.288806 -0.356184
v 0.112119 0.287635 -0.302469
v 0.112119 0.287635 -0.355734
v 0.111088 0.291492 -0.361174
v 0.111088 0.291492 -0.377634
v 0.111280 0.290772 -0.380255
v 0.112119 0.287635 -0.427846
v 0.111806 0.288806 -0.382009
v 0.112119 0.287635 -0.382191
v 0.112119 0.287635 0.270330
v 0.112119 0.287635 -0.115470
v 0.051873 0.408468 -0.427846
v 0.112119 0.287635 0.457330
v -0.000266 0.185975 0.236499
v -0.000266 0.179626 0.242848
v 0.087428 0.185975 0.236499
v 0.087428 0.179626 0.242848
v 0.087428 0.179626 0.242848
v 0.087428 0.170953 0.245172
v -0.000266 0.170953 0.245172
v -0.087960 0.185975 0.236499
v -0.087960 0.179626 0.242848
v -0.000266 0.179626 0.242848
v -0.000266 0.185975 0.236499
v -0.000266 0.170953 0.245172
v -0.087960 0.179626 0.242848
v -0.087960 0.170953 0.245172
v -0.087960 0.170953 0.245172
v -0.087960 0.179626 0.242848
v -0.090495 0.178314 0.240576
v -0.090495 0.170953 0.242548
v 0.087428 0.170953 0.245172
v 0.089963 0.170953 0.242548
v 0.089963 0.178314 0.240576
v 0.087428 0.179626 0.242848
v -0.000266 0.004689 0.228597
v -0.000266 -0.001043 0.228614
v 0.032240 0.010581 0.228597
v -0.032772 0.010581 0.228597
v -0.035788 0.005396 0.228614
v -0.074153 0.023317 0.228597
v -0.083138 0.019315 0.228614
v -0.083683 0.123924 0.227895
v -0.077965 0.123923 0.227939
v 0.035256 0.005396 0.228614
v 0.073621 0.023317 0.228597
v 0.082606 0.019315 0.228614
v 0.083151 0.123924 0.227895
v 0.077433 0.123923 0.227939
v 0.087428 0.162280 0.242848
v 0.089963 0.163592 0.240576
v 0.089963 0.170953 0.242548
v 0.087428 0.170953 0.245172
v -0.090495 0.170953 0.242548
v -0.090495 0.163592 0.240576
v -0.087960 0.162280 0.242848
v -0.087960 0.170953 0.245172
v -0.052405 0.046587 0.210503
v -0.052405 0.010800 0.210348
v -0.027784 0.000019 0.210348
v -0.000266 0.046587 0.210503
v -0.000266 0.017122 0.210425
v 0.027253 0.000019 0.210348
v 0.027253 0.000019 0.210348
v -0.000266 -0.004968 0.210348
v -0.027784 0.000019 0.210348
v -0.000266 0.017122 0.210425
v -0.000266 0.046587 0.210503
v 0.051873 0.046587 0.210503
v 0.027253 0.000019 0.210348
v 0.051873 0.010800 0.210348
v -0.000266 -0.004968 0.210348
v -0.027784 0.000019 0.210348
v 0.089963 0.183702 0.235187
v 0.087428 0.185975 0.236499
v 0.087428 0.179626 0.242848
v 0.089963 0.178314 0.240576
v -0.087960 0.179626 0.242848
v -0.087960 0.185975 0.236499
v -0.090495 0.183702 0.235187
v -0.090495 0.178314 0.240576
v 0.056654 0.072254 0.210407
v 0.056654 0.127339 0.209969
v -0.000266 0.127301 0.210066
v -0.000266 0.072298 0.210504
v -0.000266 0.166864 0.209970
v -0.057186 0.166864 0.209969
v -0.057186 0.127339 0.209969
v 0.056654 0.127339 0.209969
v 0.056654 0.166864 0.209969
v -0.000266 0.166864 0.209970
v -0.000266 0.127301 0.210066
v -0.057186 0.127339 0.209969
v -0.057186 0.072254 0.210407
v -0.000266 0.072298 0.210504
v -0.000266 0.191863 0.210480
v -0.000266 0.166864 0.210480
v 0.056654 0.191863 0.210480
v 0.056654 0.166864 0.210480
v -0.000266 -0.004968 0.210348
v -0.027784 0.000019 0.210348
v -0.027840 -0.313274 -0.205698
v -0.000266 -0.318801 -0.206535
v 0.027308 -0.313274 -0.205698
v -0.027840 -0.313274 -0.205698
v 0.027253 0.000019 0.210348
v 0.027308 -0.313274 -0.205698
v 0.051873 -0.301377 -0.203897
v -0.052405 -0.301377 -0.203897
v -0.052405 0.010800 0.210348
v -0.000266 0.166864 0.210480
v -0.057186 0.191863 0.210480
v -0.057186 0.166864 0.210480
v -0.000266 0.191863 0.210480
v 0.035957 0.191862 0.210480
v -0.000266 0.099417 0.210480
v 0.035957 0.099417 0.210480
v -0.000266 0.191862 0.210480
v -0.036489 0.191862 0.210480
v -0.036489 0.099417 0.210480
v -0.112651 0.287635 0.489275
v -0.104231 0.319094 0.584976
v -0.090558 0.370315 0.489275
v -0.112651 0.287635 0.457330
v -0.112082 0.289763 0.455202
v -0.090558 0.370315 0.455202
v -0.111825 0.290724 0.454242
v -0.110973 0.293914 0.442335
v -0.110973 0.293914 0.285326
v -0.111825 0.290724 0.273419
v -0.111825 0.290724 -0.118559
v -0.112651 0.287635 0.270330
v -0.112651 0.287635 -0.115470
v -0.110973 0.293914 -0.130465
v -0.090558 0.370315 -0.427846
v -0.110973 0.293914 -0.287475
v -0.111825 0.290724 -0.299381
v -0.111812 0.290772 -0.358388
v -0.112338 0.288806 -0.356184
v -0.112651 0.287635 -0.302469
v -0.112651 0.287635 -0.355734
v -0.111620 0.291492 -0.361174
v -0.111620 0.291492 -0.377634
v -0.111812 0.290772 -0.380255
v -0.112651 0.287635 -0.427846
v -0.112338 0.288806 -0.382009
v -0.112651 0.287635 -0.382191
v -0.052405 0.408468 0.455202
v -0.052405 0.408468 -0.427846
v -0.000266 0.422433 -0.427846
v -0.000266 0.422432 0.455202
v -0.000266 0.422432 0.489275
v -0.052405 0.408468 0.489275
v -0.037519 0.414679 0.584976
v -0.075091 0.389531 0.584976
v -0.052405 0.408468 0.489275
v -0.000266 0.422445 0.584976
v -0.094853 0.358254 0.584976
v -0.102652 -0.039809 -0.358541
v -0.102652 -0.039809 -0.386731
v -0.102652 -0.275496 -0.351429
v -0.102652 -0.275496 -0.323238
v -0.129946 0.232211 -0.416961
v -0.126379 0.290119 -0.427846
v -0.129946 0.232211 -0.445152
v -0.126379 0.290119 -0.456037
v -0.102643 0.377287 -0.456036
v -0.102643 0.377287 -0.427846
v -0.059381 0.420550 -0.427846
v -0.059381 0.420550 -0.456036
v -0.000266 0.435909 -0.456036
v -0.000266 0.435909 -0.427846
v -0.102652 -0.313662 -0.345712
v -0.102652 -0.313662 -0.317522
v -0.099066 -0.333670 -0.342715
v -0.099066 -0.333670 -0.314525
v -0.088853 -0.350632 -0.340175
v -0.088853 -0.350632 -0.311984
v -0.073569 -0.361966 -0.310287
v -0.073569 -0.361966 -0.338477
v -0.052405 -0.365947 -0.309690
v -0.052405 -0.365947 -0.337881
v -0.000266 -0.365946 -0.337881
v -0.000266 -0.365946 -0.309690
v 0.051873 -0.365947 -0.309690
v 0.051873 -0.362142 -0.245562
v -0.052405 -0.362142 -0.245562
v -0.000266 -0.362141 -0.245561
v 0.051873 -0.358952 -0.232730
v -0.000266 -0.358952 -0.232723
v 0.051873 -0.351343 -0.221091
v -0.052405 -0.351343 -0.221091
v -0.000266 -0.351347 -0.221065
v 0.051873 -0.340475 -0.212416
v -0.000266 -0.340483 -0.212362
v 0.051873 -0.328003 -0.208027
v -0.000266 -0.328016 -0.207939
v -0.052405 -0.328003 -0.208027
v 0.027308 -0.313274 -0.205698
v -0.027840 -0.313274 -0.205698
v -0.000266 -0.318801 -0.206535
v 0.051873 -0.301377 -0.203897
v -0.000266 -0.224852 -0.112274
v -0.023048 -0.224852 -0.112274
v -0.000266 -0.257786 -0.152543
v 0.022516 -0.089348 0.053271
v -0.000266 -0.089348 0.053271
v 0.022516 -0.224852 -0.112274
v 0.028091 -0.224852 -0.112274
v 0.028091 -0.089348 0.053271
v -0.023048 -0.257786 -0.152543
v -0.000266 -0.292423 -0.237090
v 0.022516 -0.257786 -0.152543
v 0.022516 -0.292423 -0.237090
v -0.023048 -0.292423 -0.237090
v -0.023048 -0.089348 0.053271
v -0.028623 -0.089348 0.053271
v 0.051873 -0.301377 -0.203897
v 0.051873 0.010800 0.210348
v 0.027253 0.000019 0.210348
v 0.035256 0.005396 0.228614
v 0.082606 0.007429 0.210125
v 0.082606 0.019315 0.228614
v 0.035256 -0.006490 0.210125
v -0.000266 -0.001043 0.228614
v -0.000266 -0.012929 0.210125
v -0.035788 -0.006490 0.210125
v -0.035788 0.005396 0.228614
v -0.083138 0.007429 0.210125
v -0.083138 0.019315 0.228614
v 0.073621 0.023317 0.228597
v 0.077433 0.163452 0.424297
v 0.041933 0.130512 0.402164
v 0.032240 0.010581 0.228597
v -0.000266 0.118705 0.395438
v -0.000266 0.004689 0.228597
v -0.032772 0.010581 0.228597
v -0.042465 0.130512 0.402164
v -0.074153 0.023317 0.228597
v -0.077965 0.163452 0.424297
v -0.036245 0.090744 0.212804
v -0.000266 0.090744 0.212804
v -0.000266 0.099417 0.210480
v -0.036678 0.096776 0.211188
v -0.036489 0.099417 0.210480
v 0.035713 0.090744 0.212804
v 0.036146 0.096776 0.211188
v -0.000266 0.099417 0.210480
v -0.000266 0.090744 0.212804
v 0.035957 0.099417 0.210480
v -0.000266 0.026819 0.229383
v -0.000266 0.014434 0.211188
v 0.031271 0.026819 0.229383
v 0.017951 0.036725 0.242703
v -0.000266 0.036725 0.242703
v -0.000266 0.040795 0.247578
v 0.036146 0.014434 0.211188
v -0.000266 0.026819 0.229383
v -0.000266 0.036725 0.242703
v -0.018483 0.036725 0.242703
v -0.031803 0.026819 0.229383
v -0.000266 0.014434 0.211188
v -0.036678 0.014434 0.211188
v -0.000266 0.040795 0.247578
v 0.102111 0.377287 -0.456036
v 0.058849 0.420550 -0.456036
v 0.058849 0.420550 -0.427846
v 0.102111 0.377287 -0.427846
v 0.125847 0.290119 -0.427846
v 0.125847 0.290119 -0.456037
v 0.129414 0.232211 -0.445152
v 0.129414 0.232211 -0.416961
v -0.000266 0.435909 -0.456036
v -0.000266 0.435909 -0.427846
v -0.057186 0.056182 -0.286810
v -0.057186 0.074584 -0.275683
v -0.000266 0.056182 -0.286810
v -0.000266 0.074584 -0.275683
v 0.056654 0.074584 -0.275683
v -0.000266 0.056182 -0.286810
v -0.000266 0.074584 -0.275683
v 0.056654 0.056182 -0.286810
v -0.023048 -0.089348 0.053271
v -0.018981 0.014434 0.180171
v -0.023048 0.017760 0.184237
v -0.000266 -0.089348 0.053271
v -0.000266 0.014434 0.180171
v 0.022516 0.180416 0.383126
v -0.000266 0.180416 0.383126
v -0.000266 0.069562 0.247578
v 0.017951 0.065574 0.242703
v 0.022516 0.061842 0.238138
v 0.028091 -0.089348 0.053271
v 0.022516 -0.089348 0.053271
v 0.022516 -0.224852 -0.112274
v 0.022516 -0.257786 -0.152543
v -0.000266 -0.257786 -0.152543
v -0.000266 -0.224852 -0.112274
v -0.000266 -0.089348 0.053271
v -0.023048 -0.089348 0.053271
v -0.023048 -0.224852 -0.112274
v -0.028623 -0.224852 -0.112274
v -0.028623 -0.089348 0.053271
v -0.023048 0.180416 0.383126
v -0.018483 0.065574 0.242703
v -0.000266 0.069562 0.247578
v -0.000266 0.180416 0.383126
v -0.023048 0.061842 0.238138
v 0.018449 0.014434 0.180171
v -0.000266 0.014434 0.180171
v -0.000266 -0.089348 0.053271
v 0.022516 -0.089348 0.053271
v 0.022516 0.017760 0.184237
v 0.030589 0.200536 0.212804
v -0.000266 0.192274 0.210591
v -0.000266 0.191863 0.210480
v 0.056654 0.191863 0.210480
v 0.056653 0.200536 0.212804
v -0.000266 0.191863 0.210480
v -0.000266 0.192274 0.210591
v -0.031121 0.200536 0.212804
v -0.057186 0.191863 0.210480
v -0.057186 0.200536 0.212804
v 0.035713 0.200535 0.212804
v -0.000266 0.200535 0.212804
v -0.000266 0.191862 0.210480
v 0.036146 0.194503 0.211188
v 0.035957 0.191862 0.210480
v -0.000266 0.191862 0.210480
v -0.000266 0.200535 0.212804
v -0.036245 0.200535 0.212804
v -0.036678 0.194503 0.211188
v -0.036489 0.191862 0.210480
v -0.057186 -0.188184 -0.258016
v -0.057186 -0.172397 -0.266568
v -0.000266 -0.188184 -0.258016
v -0.057186 -0.200242 -0.243801
v -0.000266 -0.200242 -0.243801
v -0.057186 -0.207145 -0.220767
v -0.000266 -0.207145 -0.220767
v -0.057186 -0.205830 -0.198727
v -0.000266 -0.205830 -0.198727
v -0.057186 -0.194806 -0.177904
v -0.000266 -0.194806 -0.177904
v -0.057186 0.084426 0.168148
v -0.000266 0.084506 0.168244
v -0.057186 0.095220 0.177685
v -0.000266 0.095270 0.177754
v -0.057186 0.099535 0.189843
v -0.000266 0.099558 0.189932
v 0.056654 -0.194806 -0.177904
v 0.056654 -0.205830 -0.198727
v 0.056654 -0.207145 -0.220767
v 0.056654 -0.200242 -0.243801
v 0.056654 -0.188184 -0.258016
v 0.056654 -0.172397 -0.266568
v -0.000266 -0.172397 -0.266568
v -0.057186 0.028339 -0.297625
v -0.000266 0.028339 -0.297625
v -0.057186 0.053565 -0.301654
v -0.000266 0.053565 -0.301654
v -0.057186 0.098671 -0.308859
v -0.000266 0.098671 -0.308859
v -0.057186 0.151510 0.178966
v -0.000266 0.151407 0.179030
v -0.000266 0.166864 0.169394
v -0.057186 0.166864 0.169393
v -0.057186 0.138291 0.184630
v -0.000266 0.138223 0.184679
v -0.057186 0.127162 0.190685
v -0.000266 0.127115 0.190763
v 0.056654 0.138291 0.184630
v 0.056654 0.151510 0.178966
v -0.000266 0.151407 0.179030
v -0.000266 0.138223 0.184679
v 0.056654 0.127162 0.190685
v -0.000266 0.127115 0.190763
v -0.000266 0.166864 0.169394
v 0.056654 0.166864 0.169393
v 0.090364 0.231326 0.567103
v 0.112119 0.287635 0.489275
v 0.103699 0.319094 0.584976
v 0.090364 0.231326 0.567103
v 0.117230 0.235039 0.457412
v -0.112651 0.287635 0.489275
v -0.117762 0.235039 0.457412
v -0.090896 0.231326 0.567103
v -0.104231 0.319094 0.584976
v -0.090896 0.231326 0.567103
v -0.060215 0.158923 0.157019
v -0.042465 0.151273 0.159555
v -0.000266 0.158923 0.157019
v -0.060215 0.166572 0.154483
v -0.077965 0.166573 0.154483
v -0.000266 0.166572 0.154483
v 0.059683 0.166572 0.154483
v 0.077433 0.166573 0.154483
v 0.059683 0.158923 0.157019
v 0.041933 0.151273 0.159555
v -0.000266 0.143633 0.162040
v 0.066168 0.270101 -0.106653
v 0.113823 0.270101 -0.106653
v 0.114980 0.258195 -0.109843
v 0.054262 0.258195 -0.109843
v 0.115827 0.249479 -0.118559
v 0.045546 0.249479 -0.118559
v 0.116137 0.246289 -0.130465
v 0.042356 0.246289 -0.130465
v -0.046078 0.249479 -0.118559
v -0.116669 0.246289 -0.130465
v -0.116359 0.249479 -0.118559
v -0.042888 0.246289 -0.130465
v -0.054794 0.258195 -0.109843
v -0.115512 0.258195 -0.109843
v -0.066700 0.270101 -0.106653
v -0.114355 0.270101 -0.106653
v 0.028091 -0.115803 -0.270819
v 0.022516 -0.115803 -0.270819
v 0.028091 -0.131803 -0.352237
v 0.022516 -0.131803 -0.352237
v -0.028623 -0.131803 -0.352237
v -0.023048 -0.115803 -0.270819
v -0.028623 -0.115803 -0.270819
v -0.023048 -0.131803 -0.352237
v 0.089963 0.158203 0.235187
v 0.089963 0.163592 0.240576
v 0.087428 0.162280 0.242848
v 0.087428 0.155931 0.236499
v -0.090495 0.158203 0.235187
v -0.087960 0.162280 0.242848
v -0.090495 0.163592 0.240576
v -0.087960 0.155931 0.236499
v -0.028623 0.169587 -0.229941
v -0.023048 0.169587 -0.229941
v -0.028623 0.130728 -0.207531
v -0.023048 0.130728 -0.207531
v -0.000266 0.169587 -0.229941
v -0.000266 0.130728 -0.207531
v 0.022516 0.130728 -0.207531
v 0.022516 0.169587 -0.229941
v 0.028091 0.130728 -0.207531
v 0.028091 0.169587 -0.229941
v -0.090495 0.183702 0.235187
v -0.087960 0.188299 0.227826
v -0.090495 0.185675 0.227826
v -0.087960 0.185975 0.236499
v 0.089963 0.183702 0.235187
v 0.089963 0.185675 0.227826
v 0.087428 0.188299 0.227826
v 0.087428 0.185975 0.236499
v -0.000266 0.090744 0.212804
v -0.000266 0.084395 0.219153
v 0.034012 0.084395 0.219153
v 0.035713 0.090744 0.212804
v -0.034544 0.084395 0.219153
v -0.000266 0.084395 0.219153
v -0.000266 0.090744 0.212804
v -0.036245 0.090744 0.212804
v -0.000266 0.155931 0.236499
v -0.000266 0.153607 0.227826
v 0.087428 0.153607 0.227826
v 0.087428 0.155931 0.236499
v -0.000266 0.162280 0.242848
v 0.087428 0.155931 0.236499
v 0.087428 0.162280 0.242848
v -0.000266 0.170953 0.245172
v 0.087428 0.170953 0.245172
v 0.087428 0.162280 0.242848
v -0.000266 0.170953 0.245172
v -0.087960 0.170953 0.245172
v -0.087960 0.162280 0.242848
v -0.000266 0.162280 0.242848
v -0.000266 0.155931 0.236499
v -0.087960 0.162280 0.242848
v -0.087960 0.155931 0.236499
v -0.087960 0.155931 0.236499
v -0.087960 0.153607 0.227826
v -0.000266 0.153607 0.227826
v -0.000266 0.166864 -0.168661
v -0.000266 0.136983 -0.204496
v -0.057186 0.136983 -0.204496
v -0.057186 0.166864 -0.168661
v -0.000266 0.166864 -0.168661
v 0.056654 0.166864 -0.168661
v 0.056654 0.136983 -0.204496
v -0.000266 0.136983 -0.204496
v 0.083151 0.123924 0.227895
v 0.077433 0.191790 0.312269
v 0.077433 0.123923 0.227939
v -0.083683 0.123924 0.227895
v -0.077965 0.123923 0.227939
v -0.077965 0.191790 0.312269
v -0.000266 0.188299 0.227826
v -0.000266 0.185975 0.236499
v 0.087428 0.185975 0.236499
v 0.087428 0.188299 0.227826
v -0.087960 0.185975 0.236499
v -0.000266 0.185975 0.236499
v -0.000266 0.188299 0.227826
v -0.087960 0.188299 0.227826
v 0.056654 0.084426 0.168148
v 0.056654 0.095220 0.177685
v -0.000266 0.084506 0.168244
v -0.000266 -0.194806 -0.177904
v 0.056654 -0.194806 -0.177904
v -0.000266 0.095270 0.177754
v 0.056654 0.099535 0.189843
v -0.000266 0.099558 0.189932
v 0.042357 0.246289 0.442335
v 0.116137 0.246289 0.442335
v 0.116137 0.246289 0.285326
v 0.042357 0.246289 0.285326
v -0.116669 0.246289 -0.130465
v -0.042888 0.246289 -0.130465
v -0.116669 0.246289 -0.287475
v -0.042888 0.246289 -0.287475
v 0.116137 0.246289 -0.130465
v 0.116137 0.246289 -0.287475
v 0.042356 0.246289 -0.130465
v 0.042356 0.246289 -0.287475
v -0.042889 0.246289 0.442335
v -0.042889 0.246289 0.285326
v -0.116669 0.246289 0.285326
v -0.116669 0.246289 0.442335
v 0.099514 0.116446 -0.116962
v 0.076719 0.093112 -0.125183
v 0.059683 0.111666 -0.132548
v 0.099514 0.110027 -0.114210
v -0.060215 0.111666 -0.132548
v -0.077251 0.093112 -0.125183
v -0.100046 0.116446 -0.116962
v -0.100046 0.110027 -0.114210
v -0.000266 0.080508 -0.290695
v -0.057186 0.074584 -0.275683
v -0.057186 0.080508 -0.290695
v -0.000266 0.074584 -0.275683
v -0.000266 0.074584 -0.275683
v -0.000266 0.080508 -0.290695
v 0.056654 0.074584 -0.275683
v 0.056654 0.080508 -0.290695
v 0.112119 0.287635 0.489275
v 0.112665 0.282008 0.462958
v 0.112119 0.287635 0.457330
v 0.113823 0.270102 0.466148
v 0.114980 0.258195 0.462957
v 0.117230 0.235039 0.457412
v 0.115588 0.251940 0.456702
v -0.112651 0.287635 0.489275
v -0.115512 0.258195 0.462957
v -0.117762 0.235039 0.457412
v -0.114355 0.270102 0.466148
v -0.113197 0.282008 0.462958
v -0.112651 0.287635 0.457330
v -0.116120 0.251940 0.456702
v -0.113197 0.282007 -0.308097
v -0.112651 0.287635 -0.302469
v -0.112651 0.287635 -0.355734
v -0.112798 0.286120 -0.355152
v -0.114355 0.270101 -0.311287
v -0.116158 0.251551 -0.351193
v -0.115512 0.258195 -0.308097
v -0.116419 0.248865 -0.351610
v -0.116359 0.249479 -0.299381
v -0.116610 0.246899 -0.353364
v -0.116669 0.246289 -0.287475
v -0.116680 0.246179 -0.355985
v -0.117762 0.235041 -0.417667
v -0.116669 0.246289 -0.130465
v -0.117762 0.235039 0.457412
v -0.116669 0.246289 0.285326
v -0.116359 0.249479 -0.118559
v -0.116359 0.249480 0.273419
v -0.115512 0.258195 -0.109843
v -0.115512 0.258195 0.264703
v -0.114355 0.270101 -0.106653
v -0.114355 0.270102 0.261513
v -0.113197 0.282007 -0.109843
v -0.113197 0.282008 0.264703
v -0.112651 0.287635 0.270330
v -0.112651 0.287635 -0.115470
v -0.116669 0.246289 0.442335
v -0.116359 0.249480 0.454242
v -0.116120 0.251940 0.456702
v -0.116680 0.246179 -0.372445
v -0.116610 0.246899 -0.375231
v -0.116419 0.248865 -0.377435
v -0.116158 0.251551 -0.378467
v -0.112651 0.287635 -0.427846
v -0.112798 0.286120 -0.382426
v -0.112651 0.287635 -0.382191
v 0.115625 0.251551 -0.351193
v 0.113823 0.270101 -0.311287
v 0.114980 0.258195 -0.308097
v 0.115887 0.248865 -0.351610
v 0.112266 0.286120 -0.355152
v 0.112665 0.282007 -0.308097
v 0.112119 0.287635 -0.355734
v 0.112119 0.287635 -0.302469
v 0.115827 0.249479 -0.299381
v 0.116078 0.246899 -0.353364
v 0.116137 0.246289 -0.287475
v 0.116148 0.246179 -0.355985
v 0.117230 0.235041 -0.417667
v 0.116148 0.246179 -0.372445
v 0.116078 0.246899 -0.375231
v 0.115887 0.248865 -0.377435
v 0.115625 0.251551 -0.378467
v 0.112119 0.287635 -0.427846
v 0.112266 0.286120 -0.382426
v 0.112119 0.287635 -0.382191
v 0.116137 0.246289 -0.130465
v 0.117230 0.235039 0.457412
v 0.116137 0.246289 0.285326
v 0.116137 0.246289 0.442335
v 0.115827 0.249480 0.454242
v 0.115588 0.251940 0.456702
v 0.115827 0.249479 -0.118559
v 0.115827 0.249480 0.273419
v 0.114980 0.258195 -0.109843
v 0.114980 0.258195 0.264703
v 0.113823 0.270101 -0.106653
v 0.113823 0.270102 0.261513
v 0.112665 0.282007 -0.109843
v 0.112665 0.282008 0.264703
v 0.112119 0.287635 0.270330
v 0.112119 0.287635 -0.115470
v 0.076648 0.163450 0.567186
v 0.090364 0.231326 0.567103
v 0.089626 0.227316 0.584976
v 0.072569 0.162583 0.584976
v -0.000266 0.062150 -0.364013
v -0.028623 0.062150 -0.364013
v -0.028623 0.056418 -0.363105
v -0.000266 -0.095577 -0.339031
v 0.028091 0.027216 -0.358480
v -0.028623 0.027216 -0.358480
v -0.000266 0.073962 -0.362771
v 0.028091 0.073962 -0.362771
v 0.028091 0.062150 -0.364013
v 0.028091 0.056418 -0.363105
v 0.028091 0.083572 -0.355789
v 0.028091 0.083776 -0.355331
v -0.000266 0.083572 -0.355789
v -0.000266 0.088402 -0.344939
v -0.000266 0.087161 -0.333126
v 0.028091 0.087435 -0.335731
v 0.028091 0.088402 -0.344939
v 0.028091 0.087161 -0.333126
v -0.000266 0.080179 -0.323517
v 0.028091 0.080179 -0.323517
v -0.000266 0.069329 -0.318686
v 0.028091 0.069329 -0.318686
v -0.028623 -0.095577 -0.339031
v 0.028091 -0.095577 -0.339031
v -0.000266 -0.106427 -0.334200
v 0.028091 -0.106427 -0.334200
v -0.000266 -0.113409 -0.324591
v 0.028091 -0.113409 -0.324591
v -0.000266 -0.114651 -0.312778
v 0.028091 -0.114651 -0.312778
v 0.028091 -0.109819 -0.301928
v -0.000266 -0.109819 -0.301928
v 0.028091 -0.100210 -0.294946
v -0.000266 -0.100210 -0.294946
v 0.028091 -0.088398 -0.293705
v -0.000266 -0.088398 -0.293705
v 0.028091 0.035250 -0.313289
v -0.000266 0.069329 -0.318686
v 0.028091 0.065761 -0.318121
v 0.028091 0.069329 -0.318686
v -0.028623 0.035250 -0.313289
v -0.028623 0.065761 -0.318121
v -0.028623 0.069329 -0.318686
v -0.028623 -0.088398 -0.293705
v 0.129414 0.232211 -0.416961
v 0.102120 -0.039809 -0.358541
v 0.102120 -0.039809 -0.386731
v 0.129414 0.232211 -0.445152
v 0.098534 -0.333670 -0.342715
v 0.102120 -0.313662 -0.345712
v 0.102120 -0.313662 -0.317522
v 0.102120 -0.275496 -0.323238
v 0.102120 -0.275496 -0.351429
v 0.008429 0.225063 0.242847
v 0.008429 0.225063 0.212803
v -0.000266 0.225063 0.210479
v -0.000266 0.225063 0.245171
v 0.014778 0.225063 0.219152
v 0.014778 0.225063 0.236498
v 0.017102 0.225063 0.227825
v -0.015310 0.225063 0.219152
v -0.015310 0.225063 0.236498
v -0.008961 0.225063 0.242847
v -0.017634 0.225063 0.227825
v -0.008961 0.225063 0.212803
v -0.000266 0.225063 0.210479
v -0.000266 0.225063 0.245171
v -0.051588 0.093111 -0.125183
v -0.054455 0.080977 -0.120570
v -0.077251 0.093112 -0.125183
v -0.060215 0.111666 -0.132548
v -0.000266 0.073424 -0.117652
v -0.000266 0.093111 -0.125183
v 0.051056 0.093111 -0.125183
v 0.053923 0.080977 -0.120570
v 0.076719 0.093112 -0.125183
v 0.059683 0.111666 -0.132548
v -0.031803 0.220808 0.229383
v -0.018483 0.220808 0.242703
v -0.031803 0.220808 0.192993
v -0.036678 0.220808 0.211188
v -0.018483 0.220808 0.179673
v -0.000266 0.220808 0.247578
v -0.000266 0.220808 0.174798
v -0.000266 0.220808 0.247578
v 0.017951 0.220808 0.242703
v 0.017951 0.220808 0.179673
v -0.000266 0.220808 0.174798
v 0.031271 0.220808 0.192993
v 0.031271 0.220808 0.229383
v 0.036146 0.220808 0.211188
v 0.102120 -0.275496 -0.351429
v 0.102120 -0.039809 -0.386731
v 0.102120 -0.039809 -0.358541
v 0.102120 -0.275496 -0.323238
v 0.099514 0.145416 -0.022494
v 0.099514 0.116446 -0.116962
v 0.086971 0.161619 -0.029219
v 0.077433 0.175477 0.006947
v -0.100046 0.145416 -0.022494
v -0.087503 0.161619 -0.029219
v -0.100046 0.116446 -0.116962
v -0.077965 0.175477 0.006947
v -0.000266 0.014434 0.211188
v -0.000266 0.014434 0.180171
v 0.018449 0.014434 0.180171
v 0.031271 0.014434 0.192993
v 0.036146 0.014434 0.211188
v -0.000266 0.014434 0.211188
v -0.036678 0.014434 0.211188
v -0.031803 0.014434 0.192993
v -0.018981 0.014434 0.180171
v -0.000266 0.014434 0.180171
v 0.056653 0.206885 0.219153
v 0.041670 0.206885 0.219153
v 0.041670 0.203505 0.215773
v 0.056653 0.200536 0.212804
v 0.030589 0.200536 0.212804
v -0.057185 0.206885 0.219153
v -0.057186 0.200536 0.212804
v -0.042202 0.203505 0.215773
v -0.042202 0.206885 0.219153
v -0.031121 0.200536 0.212804
v 0.034012 0.206884 0.219153
v -0.000266 0.206884 0.219153
v -0.000266 0.200535 0.212804
v 0.035713 0.200535 0.212804
v -0.000266 0.200535 0.212804
v -0.000266 0.206884 0.219153
v -0.034544 0.206884 0.219153
v -0.036245 0.200535 0.212804
v -0.052405 0.206933 -0.018961
v -0.052405 0.177341 -0.230692
v -0.057186 0.177341 -0.230692
v 0.056654 0.177341 -0.230692
v 0.051873 0.206933 -0.018961
v 0.056653 0.208712 -0.006779
v 0.051873 0.177341 -0.230692
v -0.057186 0.177341 -0.230692
v -0.057185 0.208712 -0.006779
v -0.052405 0.206933 -0.018961
v 0.089963 0.183702 0.220465
v 0.089963 0.185675 0.227826
v 0.089963 0.183702 0.235187
v 0.089963 0.178314 0.215077
v 0.089963 0.163592 0.215077
v 0.089963 0.170953 0.213104
v 0.089963 0.178314 0.240576
v 0.089963 0.158203 0.220465
v 0.089963 0.156231 0.227826
v 0.089963 0.158203 0.235187
v 0.089963 0.163592 0.240576
v 0.089963 0.170953 0.242548
v -0.090495 0.183702 0.235187
v -0.090495 0.183702 0.220465
v -0.090495 0.178314 0.215077
v -0.090495 0.185675 0.227826
v -0.090495 0.163592 0.215077
v -0.090495 0.178314 0.240576
v -0.090495 0.170953 0.242548
v -0.090495 0.163592 0.240576
v -0.090495 0.158203 0.235187
v -0.090495 0.156231 0.227826
v -0.090495 0.158203 0.220465
v -0.090495 0.170953 0.213104
v -0.000266 0.192274 0.584976
v 0.041670 0.203505 0.584976
v 0.041670 0.203505 0.239880
v 0.030589 0.200536 0.242849
v -0.000266 0.192274 0.245063
v -0.031121 0.200536 0.242849
v -0.042202 0.203505 0.239880
v -0.042202 0.203505 0.584976
v -0.000266 0.192274 0.210591
v 0.030589 0.200536 0.212804
v 0.041670 0.203505 -0.402989
v -0.000266 0.192275 -0.402989
v -0.042202 0.203505 -0.402989
v -0.031121 0.200536 0.212804
v -0.042202 0.203505 0.215773
v 0.041670 0.203505 0.215773
v 0.077433 0.182015 0.147840
v 0.077433 0.166573 0.154483
v 0.077433 0.149187 0.018259
v 0.077433 0.184980 0.170652
v 0.077433 0.184978 0.142991
v 0.077433 0.184978 0.083595
v 0.077433 0.155606 0.015507
v 0.099514 0.138996 -0.019742
v 0.077433 0.175477 0.006947
v 0.099514 0.145416 -0.022494
v 0.099514 0.110027 -0.114210
v 0.099514 0.116446 -0.116962
v 0.077433 0.206350 0.083595
v 0.077433 0.176840 0.187771
v -0.077965 0.149187 0.018259
v -0.077965 0.166573 0.154483
v -0.077965 0.182015 0.147840
v -0.077965 0.155606 0.015507
v -0.100046 0.138996 -0.019742
v -0.100046 0.145416 -0.022494
v -0.100046 0.110027 -0.114210
v -0.100046 0.116446 -0.116962
v -0.077965 0.175477 0.006947
v -0.077965 0.184978 0.083595
v -0.077965 0.206350 0.083595
v -0.077965 0.184978 0.142991
v -0.077965 0.184980 0.170652
v -0.077965 0.176840 0.187771
v -0.028623 -0.057735 0.008854
v -0.000266 -0.060939 0.001217
v -0.000266 -0.057735 0.008854
v -0.028623 -0.060939 0.001217
v -0.028623 -0.058779 0.017071
v -0.000266 -0.058779 0.017071
v -0.000266 -0.063791 0.023665
v -0.028623 -0.063791 0.023665
v -0.000266 -0.071429 0.026869
v -0.028623 -0.071429 0.026869
v -0.000266 -0.079645 0.025825
v -0.028623 -0.079645 0.025825
v -0.000266 -0.086239 0.020813
v -0.028623 -0.086239 0.020813
v 0.080583 0.212280 0.098316
v 0.080583 0.187923 0.142991
v 0.080583 0.187922 0.086879
v 0.080583 0.206350 0.086879
v 0.080583 0.187925 0.170652
v 0.080583 0.212279 0.220523
v 0.080583 0.196227 0.241322
v 0.080583 0.201952 0.238488
v 0.080583 0.210895 0.227634
v 0.080583 0.207115 0.234210
v 0.080583 0.179785 0.187772
v -0.081115 0.187922 0.086879
v -0.081115 0.187923 0.142991
v -0.081115 0.212280 0.098316
v -0.081115 0.206350 0.086879
v -0.081115 0.187925 0.170652
v -0.081115 0.212279 0.220523
v -0.081115 0.196227 0.241322
v -0.081115 0.201952 0.238488
v -0.081115 0.210895 0.227634
v -0.081115 0.207115 0.234210
v -0.081115 0.179785 0.187772
v 0.077433 0.163452 0.563545
v 0.077433 0.163452 0.424297
v 0.077433 0.191790 0.424378
v 0.077433 0.191790 0.563545
v 0.077433 0.215239 0.553390
v 0.077433 0.205245 0.563453
v 0.077433 0.210242 0.562080
v 0.077433 0.213900 0.558396
v 0.077433 0.215239 0.424216
v 0.077433 0.215239 0.324107
v 0.077433 0.191790 0.312269
v 0.077433 0.203240 0.312190
v 0.077586 0.213052 0.312872
v 0.077955 0.207771 0.302716
v 0.082629 0.140917 0.218637
v 0.083151 0.123924 0.227895
v 0.083151 0.127991 0.219931
v 0.082982 0.132122 0.212020
v 0.083099 0.121450 0.209328
v 0.082606 0.019315 0.228614
v 0.082606 0.007429 0.210125
v 0.073621 0.023317 0.228597
v 0.077433 0.123923 0.227939
v -0.077965 0.215239 0.324107
v -0.077965 0.191790 0.312269
v -0.077965 0.191790 0.424378
v -0.077965 0.215239 0.424216
v -0.077965 0.203240 0.312190
v -0.078118 0.213052 0.312872
v -0.078487 0.207771 0.302716
v -0.083161 0.140917 0.218637
v -0.083683 0.123924 0.227895
v -0.083683 0.127991 0.219931
v -0.083514 0.132122 0.212020
v -0.083631 0.121450 0.209328
v -0.083138 0.019315 0.228614
v -0.083138 0.007429 0.210125
v -0.077965 0.215239 0.553390
v -0.077965 0.205245 0.563453
v -0.077965 0.210242 0.562080
v -0.077965 0.213900 0.558396
v -0.077965 0.191790 0.563545
v -0.077965 0.163452 0.563545
v -0.077965 0.163452 0.424297
v -0.074153 0.023317 0.228597
v -0.077965 0.123923 0.227939
v -0.087960 0.153607 0.227826
v -0.087960 0.155931 0.236499
v -0.090495 0.158203 0.235187
v -0.090495 0.156231 0.227826
v 0.089626 0.227316 0.584976
v 0.090364 0.231326 0.567103
v 0.103699 0.319094 0.584976
v 0.036146 0.220808 0.211188
v 0.035713 0.200535 0.212804
v 0.036146 0.194503 0.211188
v 0.034012 0.206884 0.219153
v 0.031271 0.220808 0.192993
v 0.031271 0.220808 0.229383
v 0.031688 0.209208 0.227826
v 0.031271 0.208791 0.229383
v 0.024154 0.206884 0.236499
v 0.017951 0.220808 0.242703
v 0.017951 0.200681 0.242703
v 0.017883 0.200663 0.242721
v -0.000266 0.220808 0.247578
v -0.000266 0.202205 0.247578
v 0.035957 0.191862 0.210480
v 0.035957 0.099417 0.210480
v 0.031271 0.014434 0.192993
v 0.022516 0.128415 0.184237
v 0.022516 0.182095 0.184237
v 0.017951 0.220808 0.179673
v 0.017951 0.180646 0.179673
v -0.000266 0.179098 0.174798
v -0.000266 0.220808 0.174798
v 0.022516 0.103641 0.184237
v 0.017951 0.099908 0.179673
v 0.017951 0.136564 0.179673
v -0.000266 0.095920 0.174798
v -0.000266 0.145268 0.174798
v 0.022516 0.017760 0.184237
v 0.018449 0.014434 0.180171
v 0.036146 0.096776 0.211188
v 0.036146 0.014434 0.211188
v 0.035713 0.090744 0.212804
v 0.034012 0.084395 0.219153
v 0.031271 0.026819 0.229383
v 0.031688 0.082071 0.227826
v 0.031271 0.082488 0.229383
v 0.022516 0.061842 0.238138
v 0.017951 0.036725 0.242703
v 0.017951 0.065574 0.242703
v -0.000266 0.069562 0.247578
v -0.000266 0.040795 0.247578
v 0.024154 0.084395 0.236499
v 0.022516 0.086034 0.238138
v 0.059683 0.201965 0.242358
v 0.077433 0.201947 0.242367
v 0.077433 0.207113 0.238174
v 0.059683 0.194751 0.245848
v -0.000266 0.194751 0.245848
v -0.000266 0.201965 0.242358
v 0.059683 0.207122 0.238183
v -0.000266 0.207122 0.238183
v 0.059683 0.210897 0.231767
v -0.000266 0.210897 0.231767
v 0.059683 0.212279 0.224830
v 0.077433 0.210895 0.231716
v 0.080583 0.207115 0.234210
v 0.080583 0.210895 0.227634
v 0.077433 0.212279 0.224724
v 0.080583 0.212279 0.220523
v 0.077433 0.212280 0.098316
v 0.059683 0.212278 0.098315
v 0.077433 0.206350 0.083595
v 0.059683 0.206349 0.083594
v -0.000266 0.212278 0.098315
v -0.000266 0.212279 0.224830
v -0.060215 0.212278 0.098315
v -0.060215 0.212279 0.224830
v -0.077965 0.212279 0.224724
v -0.077965 0.212280 0.098316
v -0.077965 0.206350 0.083595
v -0.060215 0.206349 0.083594
v -0.077965 0.175477 0.006947
v -0.060215 0.175477 0.006947
v -0.060215 0.161618 -0.029220
v -0.087503 0.161619 -0.029219
v -0.100046 0.116446 -0.116962
v -0.060215 0.111666 -0.132548
v -0.081115 0.206350 0.086879
v -0.081115 0.212280 0.098316
v -0.081115 0.212279 0.220523
v -0.081115 0.210895 0.227634
v -0.077965 0.210895 0.231716
v -0.081115 0.207115 0.234210
v -0.077965 0.207113 0.238174
v -0.081115 0.201952 0.238488
v -0.077965 0.201947 0.242367
v -0.081115 0.196227 0.241322
v -0.077965 0.194752 0.245849
v -0.060215 0.201965 0.242358
v -0.077965 0.201947 0.242367
v -0.060215 0.207122 0.238183
v -0.060215 0.210897 0.231767
v -0.060215 0.194751 0.245848
v -0.077965 0.194752 0.245849
v 0.077433 0.175477 0.006947
v 0.059683 0.175477 0.006947
v 0.059683 0.161618 -0.029220
v 0.086971 0.161619 -0.029219
v 0.099514 0.116446 -0.116962
v 0.059683 0.111666 -0.132548
v 0.080583 0.206350 0.086879
v 0.080583 0.212280 0.098316
v 0.080583 0.201952 0.238488
v 0.077433 0.201947 0.242367
v 0.080583 0.196227 0.241322
v 0.077433 0.194752 0.245849
v 0.077433 0.194752 0.245849
v 0.087428 0.188299 0.227826
v 0.089963 0.185675 0.227826
v 0.089963 0.183702 0.220465
v 0.087428 0.185975 0.219153
v -0.090495 0.183702 0.220465
v -0.090495 0.185675 0.227826
v -0.087960 0.188299 0.227826
v -0.087960 0.185975 0.219153
v 0.022516 0.171137 -0.156043
v 0.028091 0.171137 -0.156043
v 0.022516 0.169587 -0.229941
v 0.028091 0.169587 -0.229941
v -0.028623 0.171137 -0.156043
v -0.023048 0.171137 -0.156043
v -0.023048 0.169587 -0.229941
v -0.028623 0.169587 -0.229941
v -0.000266 0.169587 -0.229941
v -0.000266 0.171137 -0.156043
v -0.000266 0.171137 -0.156043
v 0.022516 0.171137 -0.156043
v -0.000266 0.169587 -0.229941
v 0.022516 0.169587 -0.229941
v -0.057186 0.166864 -0.168661
v -0.057186 0.136983 -0.204496
v -0.057186 0.117096 -0.204810
v -0.057186 0.166864 -0.145124
v -0.057186 0.070458 -0.260286
v -0.057186 0.074584 -0.275683
v -0.057186 0.056182 -0.286810
v -0.057186 0.030956 -0.282781
v -0.057186 0.056182 -0.286810
v -0.057186 0.080508 -0.290695
v -0.057186 0.053565 -0.301654
v -0.057186 0.030956 -0.282781
v -0.057186 0.028339 -0.297625
v -0.057186 -0.169780 -0.251724
v -0.057186 -0.172397 -0.266568
v -0.057186 -0.179538 -0.245669
v -0.057186 -0.188184 -0.258016
v -0.057186 -0.172397 -0.266568
v -0.057186 -0.179538 -0.245669
v -0.057186 -0.200242 -0.243801
v -0.057186 -0.187895 -0.235156
v -0.057186 -0.207145 -0.220767
v -0.057186 -0.192301 -0.218150
v -0.057186 -0.205830 -0.198727
v -0.057186 -0.190986 -0.201344
v -0.057186 -0.194806 -0.177904
v -0.057186 -0.183259 -0.187592
v -0.057186 0.091994 0.157068
v -0.057186 0.084426 0.168148
v -0.057186 0.101079 0.165356
v -0.057186 0.095220 0.177685
v -0.057186 0.111531 0.170536
v -0.057186 0.099535 0.189843
v -0.057186 0.127162 0.190685
v -0.057186 0.127153 0.197287
v -0.057186 0.166864 0.197287
v -0.057186 0.127339 0.209969
v -0.057186 0.166864 0.209969
v -0.057186 0.097278 0.197725
v -0.057186 0.072254 0.210407
v -0.057186 0.123490 0.172399
v -0.057186 0.127162 0.190685
v -0.057186 0.138291 0.184630
v -0.057186 0.135829 0.171204
v -0.057186 0.098671 -0.308859
v -0.057186 0.135829 0.171204
v -0.057186 0.138291 0.184630
v -0.057186 0.151510 0.178966
v -0.057186 0.146988 0.166684
v -0.057186 0.146988 0.166684
v -0.057186 0.151510 0.178966
v -0.057186 0.166864 0.169393
v -0.057186 0.166864 0.154022
v -0.057186 0.077910 -0.230692
v -0.057186 0.098922 -0.209680
v -0.057186 0.093563 -0.239729
v -0.057186 0.107960 -0.225332
v -0.057186 0.117096 -0.204810
v -0.057186 0.127628 -0.220062
v -0.057186 0.136983 -0.204496
v -0.057186 0.147295 -0.225332
v -0.057186 0.156328 -0.209680
v -0.057186 0.177341 -0.230692
v -0.057186 0.161692 -0.239729
v -0.057186 0.185032 -0.259395
v -0.057186 0.185032 -0.259395
v -0.057186 0.166962 -0.259397
v -0.057186 0.161692 -0.239729
v -0.057186 0.177341 -0.288098
v -0.057186 0.161692 -0.279064
v -0.057186 0.166962 -0.259397
v -0.057186 0.177341 -0.288098
v -0.057186 0.147295 -0.293461
v -0.057186 0.156328 -0.309110
v -0.057186 0.127628 -0.298731
v -0.057186 0.127626 -0.316801
v -0.057186 0.107960 -0.293461
v -0.057186 0.093563 -0.239729
v -0.057186 0.088293 -0.259397
v -0.057186 0.077910 -0.230692
v -0.057186 0.070458 -0.260286
v -0.057186 0.074584 -0.275683
v -0.057186 0.093563 -0.279064
v -0.057186 0.080508 -0.290695
v -0.057186 0.107960 -0.293461
v -0.057186 0.098671 -0.308859
v -0.057186 0.127626 -0.316801
v 0.056654 0.074584 -0.275683
v 0.056654 0.070458 -0.260286
v 0.056654 0.056182 -0.286810
v 0.056654 0.030956 -0.282781
v 0.056654 -0.205830 -0.198727
v 0.056654 -0.207145 -0.220767
v 0.056654 -0.192301 -0.218150
v 0.056654 -0.190986 -0.201344
v 0.056654 -0.194806 -0.177904
v 0.056654 -0.183259 -0.187592
v 0.056654 -0.187895 -0.235156
v 0.056654 -0.200242 -0.243801
v 0.056654 -0.179538 -0.245669
v 0.056654 -0.188184 -0.258016
v 0.056654 -0.169780 -0.251724
v 0.056654 -0.179538 -0.245669
v 0.056654 -0.172397 -0.266568
v 0.056654 0.123490 0.172399
v 0.056654 0.135829 0.171204
v 0.056654 0.138291 0.184630
v 0.056654 0.111531 0.170536
v 0.056654 0.127162 0.190685
v 0.056654 0.099535 0.189843
v 0.056654 0.127153 0.197287
v 0.056654 0.095220 0.177685
v 0.056654 0.101079 0.165356
v 0.056654 0.084426 0.168148
v 0.056654 0.091994 0.157068
v 0.056654 -0.194806 -0.177904
v 0.056654 -0.183259 -0.187592
v 0.056654 0.138291 0.184630
v 0.056654 0.127162 0.190685
v 0.056654 0.123490 0.172399
v 0.056654 0.151510 0.178966
v 0.056654 0.135829 0.171204
v 0.056654 0.146988 0.166684
v 0.056654 0.166864 0.154022
v 0.056654 0.166864 0.169393
v 0.056654 0.074584 -0.275683
v 0.056654 0.093563 -0.279064
v 0.056654 0.088293 -0.259397
v 0.056654 0.070458 -0.260286
v 0.056654 0.080508 -0.290695
v 0.056654 0.107960 -0.293461
v 0.056654 0.098671 -0.308859
v 0.056654 0.127626 -0.316801
v 0.056654 0.077910 -0.230692
v 0.056654 0.093563 -0.239729
v 0.056654 0.156328 -0.309110
v 0.056654 0.147295 -0.293461
v 0.056654 0.127628 -0.298731
v 0.056654 0.127626 -0.316801
v 0.056654 0.177341 -0.288098
v 0.056654 0.161692 -0.279064
v 0.056654 0.166962 -0.259397
v 0.056654 0.107960 -0.293461
v 0.056654 0.185032 -0.259395
v 0.056654 0.177341 -0.230692
v 0.056654 0.161692 -0.239729
v 0.056654 0.147295 -0.225332
v 0.056654 0.156328 -0.209680
v 0.056654 0.136983 -0.204496
v 0.056654 0.127628 -0.220062
v 0.056654 0.117096 -0.204810
v 0.056654 0.107960 -0.225332
v 0.056654 0.098922 -0.209680
v 0.056654 0.093563 -0.239729
v 0.056654 0.077910 -0.230692
v 0.056654 0.166962 -0.259397
v 0.056654 0.177341 -0.288098
v 0.056654 0.185032 -0.259395
v 0.056654 0.161692 -0.239729
v 0.056654 0.166864 0.169393
v 0.056654 0.151510 0.178966
v 0.056654 0.146988 0.166684
v 0.056654 0.030956 -0.282781
v 0.056654 0.028339 -0.297625
v 0.056654 0.053565 -0.301654
v 0.056654 -0.169780 -0.251724
v 0.056654 0.056182 -0.286810
v 0.056654 0.080508 -0.290695
v 0.056654 0.098671 -0.308859
v 0.056654 -0.172397 -0.266568
v 0.056654 0.166864 0.197287
v 0.056654 0.127339 0.209969
v 0.056654 0.127153 0.197287
v 0.056654 0.166864 0.209969
v 0.056654 0.097278 0.197725
v 0.056654 0.099535 0.189843
v 0.056654 0.072254 0.210407
v 0.056654 0.166864 0.154022
v 0.056653 0.208712 -0.006779
v 0.056653 0.206885 0.219153
v 0.056653 0.200536 0.212804
v 0.056654 0.166864 -0.145124
v 0.056654 0.166864 0.169393
v 0.056654 0.191863 0.210480
v 0.056654 0.166864 0.197287
v 0.056654 0.177341 -0.230692
v 0.056654 0.166864 -0.168661
v 0.056654 0.166864 -0.220215
v 0.056653 0.208712 0.225973
v 0.056653 0.206885 0.219153
v 0.056653 0.208712 -0.006779
v 0.056654 0.191863 0.210480
v 0.056654 0.166864 0.210480
v 0.056654 0.166864 0.209969
v 0.056654 0.166864 0.197287
v 0.056653 0.208712 0.455202
v 0.056653 0.206885 0.236500
v 0.056653 0.208712 0.229680
v 0.056653 0.200536 0.242849
v 0.056654 0.191863 0.245173
v 0.056654 0.166864 0.245173
v 0.056654 0.191863 0.245173
v 0.056653 0.208712 0.455202
v 0.056654 0.166864 0.563548
v 0.056653 0.209577 0.563548
v -0.057186 0.166864 0.154022
v -0.057185 0.206885 0.219153
v -0.057185 0.208712 -0.006779
v -0.057186 0.191863 0.210480
v -0.057186 0.166864 0.209969
v -0.057186 0.166864 0.210480
v -0.057186 0.200536 0.212804
v -0.057186 0.166864 0.169393
v -0.057186 0.166864 0.154022
v -0.057185 0.206885 0.219153
v -0.057186 0.166864 -0.145124
v -0.057185 0.208712 -0.006779
v -0.057185 0.208712 0.225973
v -0.057186 0.177341 -0.230692
v -0.057186 0.166864 -0.168661
v -0.057186 0.166864 -0.220215
v -0.057186 0.166864 0.169393
v -0.057186 0.166864 0.197287
v -0.057186 0.191863 0.210480
v -0.057186 0.166864 0.209969
v -0.057185 0.206885 0.236500
v -0.057186 0.200536 0.242849
v -0.057185 0.208712 0.455202
v -0.057185 0.208712 0.229680
v -0.057186 0.191863 0.245173
v -0.057186 0.166864 0.245173
v -0.057186 0.166864 0.563548
v -0.057186 0.166864 0.563548
v -0.057185 0.209577 0.563548
v -0.057185 0.208712 0.455202
v -0.057186 0.097278 0.197725
v -0.057186 0.127339 0.209969
v -0.057186 0.127153 0.197287
v -0.057186 0.099535 0.189843
v 0.056654 0.117096 -0.204810
v 0.056654 0.136983 -0.204496
v 0.056654 0.166864 -0.168661
v 0.056654 0.166864 -0.145124
v -0.052405 -0.307045 -0.318513
v -0.052405 -0.365947 -0.309690
v -0.052405 -0.362142 -0.245562
v -0.052405 -0.328003 -0.208027
v -0.052405 -0.301377 -0.203897
v -0.052405 -0.275497 -0.270037
v -0.052405 -0.243017 -0.324054
v -0.052405 -0.260086 -0.309964
v -0.052405 -0.271492 -0.290996
v -0.052405 -0.275497 -0.270037
v -0.052405 -0.294708 -0.207283
v -0.052405 -0.275497 -0.238579
v -0.052405 -0.271726 -0.218285
v -0.052405 -0.262622 -0.199760
v -0.052405 0.046587 0.210503
v -0.052405 0.010800 0.210348
v -0.052405 -0.362142 -0.245562
v -0.052405 -0.351343 -0.221091
v -0.052405 -0.328003 -0.208027
v -0.052405 -0.358952 -0.232730
v -0.052405 -0.340475 -0.212416
v 0.051873 0.166864 -0.298575
v 0.051873 0.166864 -0.402964
v 0.051873 0.206933 -0.411576
v 0.051873 0.177341 -0.288098
v 0.051873 0.177341 -0.288098
v 0.051873 0.206933 -0.411576
v 0.051873 0.185032 -0.259395
v 0.051873 0.206933 -0.018961
v 0.051873 0.206933 -0.018961
v 0.051873 0.177341 -0.230692
v 0.051873 0.185032 -0.259395
v -0.052405 -0.275497 -0.238579
v -0.052405 -0.275497 -0.270037
v -0.052405 -0.301377 -0.203897
v -0.052405 -0.294708 -0.207283
v -0.052405 -0.262622 -0.199760
v -0.052405 0.010800 0.210348
v -0.052405 0.166864 -0.298575
v -0.052405 0.206933 -0.411576
v -0.052405 0.166864 -0.402964
v -0.052405 0.185032 -0.259395
v -0.052405 0.206933 -0.018961
v -0.052405 0.185032 -0.259395
v -0.052405 0.177341 -0.230692
v -0.052405 0.206933 -0.018961
v -0.052405 0.177341 -0.288098
v -0.052405 0.206933 -0.411576
v -0.052405 0.166864 -0.298575
v 0.051873 -0.307045 -0.318513
v 0.051873 -0.301377 -0.203897
v 0.051873 -0.328003 -0.208027
v 0.051873 -0.362142 -0.245562
v 0.051873 -0.365947 -0.309690
v 0.051873 -0.275497 -0.270037
v 0.051873 -0.271492 -0.290996
v 0.051873 -0.275497 -0.270037
v 0.051873 -0.260086 -0.309964
v 0.051873 -0.243017 -0.324054
v 0.051873 0.010800 0.210348
v 0.051873 -0.262622 -0.199760
v 0.051873 -0.294708 -0.207283
v 0.051873 -0.275497 -0.238579
v 0.051873 -0.271726 -0.218285
v 0.051873 -0.328003 -0.208027
v 0.051873 -0.340475 -0.212416
v 0.051873 -0.351343 -0.221091
v 0.051873 -0.362142 -0.245562
v 0.051873 -0.358952 -0.232730
v 0.051873 0.046587 0.210503
v 0.051873 0.010800 0.210348
v 0.051873 -0.262622 -0.199760
v 0.051873 -0.271726 -0.218285
v 0.051873 -0.294708 -0.207283
v 0.051873 -0.301377 -0.203897
v 0.051873 -0.275497 -0.270037
v 0.051873 -0.275497 -0.238579
v -0.052405 -0.271492 -0.290996
v -0.052405 -0.260086 -0.309964
v -0.052405 -0.307045 -0.318513
v -0.052405 -0.243017 -0.324054
v -0.052405 -0.222882 -0.331119
v 0.051873 -0.307045 -0.318513
v 0.051873 -0.260086 -0.309964
v 0.051873 -0.271492 -0.290996
v 0.051873 -0.243017 -0.324054
v 0.051873 -0.222882 -0.331119
v -0.000266 0.118453 0.567227
v -0.000266 0.118453 0.584976
v -0.042465 0.130510 0.567227
v -0.042479 0.130615 0.584976
v -0.073101 0.162583 0.584976
v -0.077180 0.163450 0.567186
v -0.090158 0.227316 0.584976
v -0.090896 0.231326 0.567103
v -0.104231 0.319094 0.584976
v -0.090896 0.231326 0.567103
v -0.028623 0.170403 -0.293977
v -0.023048 0.170403 -0.293977
v -0.023048 0.173256 -0.407494
v -0.028623 0.173256 -0.407494
v -0.000266 0.173256 -0.407494
v -0.000266 0.170403 -0.293977
v 0.022516 0.170403 -0.293977
v 0.028091 0.170403 -0.293977
v 0.022516 0.173256 -0.407494
v 0.028091 0.173256 -0.407494
v -0.000266 0.170403 -0.293977
v 0.022516 0.170403 -0.293977
v -0.000266 0.173256 -0.407494
v 0.022516 0.173256 -0.407494
v -0.000266 0.084395 0.219153
v -0.000266 0.082071 0.227826
v 0.031688 0.082071 0.227826
v 0.034012 0.084395 0.219153
v -0.032220 0.082071 0.227826
v -0.000266 0.082071 0.227826
v -0.000266 0.084395 0.219153
v -0.034544 0.084395 0.219153
v -0.000266 0.080746 0.210479
v -0.000266 0.080746 0.245171
v -0.008961 0.080746 0.242847
v -0.008961 0.080746 0.212803
v -0.015310 0.080746 0.219152
v -0.015310 0.080746 0.236498
v -0.017634 0.080746 0.227825
v -0.000266 0.080746 0.210479
v 0.008429 0.080746 0.242847
v -0.000266 0.080746 0.245171
v 0.008429 0.080746 0.212803
v 0.014778 0.080746 0.219152
v 0.014778 0.080746 0.236498
v 0.017102 0.080746 0.227825
v 0.017609 0.158549 -0.407681
v 0.017609 0.158549 -0.405020
v 0.022516 0.153642 -0.404195
v -0.000266 0.163333 -0.407681
v 0.030679 0.145479 -0.407681
v 0.028091 0.148067 -0.403257
v 0.030679 0.145479 -0.300092
v 0.035463 0.127626 -0.407681
v 0.035463 0.127626 -0.300092
v 0.030679 0.109772 -0.300092
v 0.030679 0.109772 -0.407682
v 0.028091 0.107184 -0.396338
v 0.017609 0.096702 -0.407682
v 0.022516 0.101609 -0.395309
v 0.017609 0.096702 -0.394403
v -0.000266 0.091919 -0.393521
v -0.000266 0.091919 -0.407682
v 0.028091 0.107184 -0.300442
v 0.027248 0.106341 -0.300092
v 0.028091 0.148067 -0.300729
v 0.025982 0.150176 -0.300092
v -0.000266 0.163333 -0.405825
v -0.018141 0.158549 -0.407681
v -0.018141 0.158549 -0.405020
v -0.000266 0.163333 -0.407681
v -0.023048 0.153642 -0.404195
v -0.031211 0.145479 -0.407681
v -0.028623 0.148067 -0.403257
v -0.031211 0.145479 -0.300092
v -0.035995 0.127626 -0.407681
v -0.035995 0.127626 -0.300092
v -0.031211 0.109772 -0.300092
v -0.031211 0.109772 -0.407682
v -0.028623 0.107184 -0.396338
v -0.018141 0.096702 -0.407682
v -0.023048 0.101609 -0.395309
v -0.018141 0.096702 -0.394403
v -0.000266 0.091919 -0.393521
v -0.000266 0.091919 -0.407682
v -0.028623 0.107184 -0.300442
v -0.027780 0.106341 -0.300092
v -0.028623 0.148067 -0.300729
v -0.026514 0.150176 -0.300092
v -0.000266 0.163333 -0.405825
v -0.000266 0.186839 0.090300
v -0.000266 0.192768 0.105022
v 0.051056 0.186839 0.090300
v 0.051056 0.155967 0.013653
v -0.051588 0.186839 0.090300
v -0.051588 0.155967 0.013653
v -0.000266 0.155967 0.013653
v 0.051056 0.142108 -0.022513
v -0.051588 0.142108 -0.022513
v -0.000266 0.142108 -0.022513
v 0.051056 0.093111 -0.125183
v -0.051588 0.093111 -0.125183
v -0.000266 0.093111 -0.125183
v -0.051588 0.192768 0.105022
v 0.051056 0.192768 0.105022
v -0.057186 0.161692 -0.239729
v -0.057186 0.166962 -0.259397
v -0.000266 0.166962 -0.259397
v -0.000266 0.161692 -0.239729
v -0.057186 0.147295 -0.225332
v -0.000266 0.147295 -0.225332
v -0.057186 0.127628 -0.220062
v -0.000266 0.127628 -0.220062
v -0.057186 0.161692 -0.279064
v -0.000266 0.161692 -0.279064
v -0.057186 0.147295 -0.293461
v -0.000266 0.147295 -0.293461
v -0.057186 0.127628 -0.298731
v -0.000266 0.127628 -0.298731
v -0.057186 0.107960 -0.293461
v -0.000266 0.107960 -0.293461
v -0.057186 0.093563 -0.279064
v -0.000266 0.093563 -0.279064
v -0.057186 0.088293 -0.259397
v -0.000266 0.088293 -0.259397
v -0.000266 0.093563 -0.239729
v -0.057186 0.093563 -0.239729
v -0.057186 0.107960 -0.225332
v -0.000266 0.107960 -0.225332
v -0.000266 0.127628 -0.220062
v -0.057186 0.127628 -0.220062
v -0.000266 0.147295 -0.293461
v -0.000266 0.127628 -0.298731
v 0.056654 0.127628 -0.298731
v 0.056654 0.147295 -0.293461
v -0.000266 0.161692 -0.279064
v 0.056654 0.161692 -0.279064
v -0.000266 0.166962 -0.259397
v 0.056654 0.166962 -0.259397
v 0.056654 0.161692 -0.239729
v -0.000266 0.161692 -0.239729
v 0.056654 0.147295 -0.225332
v -0.000266 0.147295 -0.225332
v 0.056654 0.127628 -0.220062
v -0.000266 0.127628 -0.220062
v 0.056654 0.107960 -0.293461
v -0.000266 0.107960 -0.293461
v 0.056654 0.093563 -0.279064
v -0.000266 0.093563 -0.279064
v 0.056654 0.088293 -0.259397
v -0.000266 0.088293 -0.259397
v -0.000266 0.093563 -0.239729
v 0.056654 0.093563 -0.239729
v 0.056654 0.107960 -0.225332
v -0.000266 0.107960 -0.225332
v -0.000266 0.127628 -0.220062
v 0.056654 0.127628 -0.220062
v 0.028091 -0.037886 0.011185
v 0.028091 -0.057735 0.008854
v 0.028091 -0.060939 0.001217
v 0.028091 -0.058779 0.017071
v 0.028091 -0.063791 0.023665
v 0.028091 -0.089348 0.053271
v 0.028091 -0.164830 -0.132908
v 0.028091 -0.173391 -0.154360
v 0.028091 -0.187277 -0.135759
v 0.028091 -0.179640 -0.138964
v 0.028091 -0.177980 -0.138753
v 0.028091 -0.171423 -0.137920
v 0.028091 -0.224852 -0.112274
v 0.028091 -0.086239 0.020813
v 0.028091 -0.193333 -0.120949
v 0.028091 -0.190129 -0.113311
v 0.028091 -0.192290 -0.129165
v 0.028091 -0.079645 0.025825
v 0.028091 -0.071429 0.026869
v 0.028091 -0.037886 0.011185
v 0.028091 -0.060939 0.001217
v 0.028091 -0.164830 -0.132908
v 0.028091 -0.057735 0.008854
v 0.028091 -0.058779 0.017071
v 0.028091 -0.171423 -0.137920
v 0.028091 -0.177980 -0.138753
v 0.028091 -0.173391 -0.154360
v 0.028091 -0.089348 0.053271
v 0.028091 -0.079645 0.025825
v 0.028091 -0.071429 0.026869
v 0.028091 -0.224852 -0.112274
v 0.028091 -0.190129 -0.113311
v 0.028091 -0.086239 0.020813
v 0.028091 -0.193333 -0.120949
v 0.028091 -0.192290 -0.129165
v 0.028091 0.148067 -0.300729
v 0.028091 0.148067 -0.403257
v 0.028091 0.173256 -0.407494
v 0.028091 0.170403 -0.293977
v 0.028091 0.087435 -0.335731
v 0.028091 0.107184 -0.300442
v 0.028091 0.094970 -0.295366
v 0.028091 0.088402 -0.344939
v 0.028091 0.087161 -0.333126
v 0.028091 0.080179 -0.323517
v 0.028091 0.069329 -0.318686
v 0.028091 0.074940 -0.273923
v 0.028091 0.065761 -0.318121
v 0.028091 0.038585 -0.294525
v 0.028091 0.035250 -0.313289
v 0.028091 -0.088398 -0.293705
v 0.028091 -0.115803 -0.270819
v 0.028091 -0.109819 -0.301928
v 0.028091 -0.100210 -0.294946
v 0.028091 -0.114651 -0.312778
v 0.028091 -0.131803 -0.352237
v 0.028091 -0.113409 -0.324591
v 0.028091 -0.095577 -0.339031
v 0.028091 0.023240 -0.380847
v 0.028091 -0.106427 -0.334200
v 0.028091 0.051644 -0.386089
v 0.028091 0.027216 -0.358480
v 0.028091 0.056418 -0.363105
v 0.028091 0.077155 -0.390796
v 0.028091 0.062150 -0.364013
v 0.028091 0.073962 -0.362771
v 0.028091 0.083572 -0.355789
v 0.028091 0.083776 -0.355331
v 0.028091 0.107184 -0.396338
v -0.028623 -0.037886 0.011185
v -0.028623 -0.057735 0.008854
v -0.028623 -0.058779 0.017071
v -0.028623 -0.063791 0.023665
v -0.028623 -0.089348 0.053271
v -0.028623 -0.060939 0.001217
v -0.028623 -0.164830 -0.132908
v -0.028623 -0.171423 -0.137920
v -0.028623 -0.173391 -0.154360
v -0.028623 -0.177980 -0.138753
v -0.028623 -0.187277 -0.135759
v -0.028623 -0.179640 -0.138964
v -0.028623 -0.224852 -0.112274
v -0.028623 -0.192290 -0.129165
v -0.028623 -0.193333 -0.120949
v -0.028623 -0.190129 -0.113311
v -0.028623 -0.086239 0.020813
v -0.028623 -0.071429 0.026869
v -0.028623 -0.079645 0.025825
v -0.028623 -0.224852 -0.112274
v -0.028623 -0.089348 0.053271
v -0.028623 -0.086239 0.020813
v -0.028623 -0.190129 -0.113311
v -0.028623 -0.193333 -0.120949
v -0.028623 -0.079645 0.025825
v -0.028623 -0.173391 -0.154360
v -0.028623 -0.179640 -0.138964
v -0.028623 -0.177980 -0.138753
v -0.028623 -0.164830 -0.132908
v -0.028623 -0.037886 0.011185
v -0.028623 -0.060939 0.001217
v -0.028623 -0.057735 0.008854
v 0.028091 0.171137 -0.156043
v 0.028091 0.130728 -0.207531
v 0.028091 0.169587 -0.229941
v -0.028623 0.107184 -0.396338
v -0.028623 0.088402 -0.344939
v -0.028623 0.107184 -0.300442
v -0.028623 0.083776 -0.355331
v -0.028623 0.077155 -0.390796
v -0.028623 0.083572 -0.355789
v -0.028623 0.073962 -0.362771
v -0.028623 0.062150 -0.364013
v -0.028623 0.051644 -0.386089
v -0.028623 0.056418 -0.363105
v -0.028623 0.027216 -0.358480
v -0.028623 0.023240 -0.380847
v -0.028623 0.087435 -0.335731
v -0.028623 0.094970 -0.295366
v -0.028623 0.087161 -0.333126
v -0.028623 0.080179 -0.323517
v -0.028623 0.069329 -0.318686
v -0.028623 0.074940 -0.273923
v -0.028623 0.065761 -0.318121
v -0.028623 0.038585 -0.294525
v -0.028623 0.035250 -0.313289
v -0.028623 -0.088398 -0.293705
v -0.028623 -0.115803 -0.270819
v -0.028623 -0.100210 -0.294946
v -0.028623 -0.114651 -0.312778
v -0.028623 -0.131803 -0.352237
v -0.028623 -0.113409 -0.324591
v -0.028623 -0.106427 -0.334200
v -0.028623 -0.095577 -0.339031
v -0.028623 0.173256 -0.407494
v -0.028623 0.148067 -0.403257
v -0.028623 0.148067 -0.300729
v -0.028623 0.170403 -0.293977
v -0.028623 -0.115803 -0.270819
v -0.028623 -0.109819 -0.301928
v -0.028623 -0.114651 -0.312778
v -0.028623 -0.100210 -0.294946
v -0.028623 -0.113409 -0.324591
v -0.028623 -0.131803 -0.352237
v -0.028623 -0.095577 -0.339031
v -0.028623 0.023240 -0.380847
v -0.028623 0.027216 -0.358480
v -0.028623 0.171137 -0.156043
v -0.028623 0.169587 -0.229941
v -0.028623 0.130728 -0.207531
v 0.028091 0.051644 -0.386089
v 0.028091 0.056418 -0.363105
v 0.028091 0.027216 -0.358480
v 0.028091 -0.115803 -0.270819
v 0.028091 -0.100210 -0.294946
v 0.028091 -0.088398 -0.293705
v 0.028091 -0.131803 -0.352237
v 0.028091 -0.106427 -0.334200
v 0.028091 -0.113409 -0.324591
v 0.045546 0.249479 -0.118559
v 0.042356 0.246289 -0.130465
v 0.042357 0.246289 0.285326
v 0.045547 0.249480 0.273419
v 0.054262 0.258195 -0.109843
v 0.054263 0.258195 0.264703
v 0.066168 0.270101 -0.106653
v 0.066169 0.270102 0.261513
v 0.072353 0.276286 -0.108310
v 0.072353 0.276285 0.263170
v 0.073886 0.282007 -0.109843
v 0.073886 0.282008 0.264703
v 0.076221 0.290724 -0.118559
v 0.076222 0.290724 0.273419
v 0.077076 0.293914 -0.130465
v 0.077077 0.293914 0.285326
v 0.083584 0.318200 -0.402988
v 0.077076 0.293914 -0.287475
v 0.076221 0.290724 -0.299381
v 0.076234 0.290772 -0.358388
v 0.075708 0.288806 -0.356184
v 0.073886 0.282007 -0.308097
v 0.074988 0.286120 -0.355152
v 0.072353 0.276286 -0.309630
v 0.072353 0.276286 -0.354026
v 0.066168 0.270101 -0.311287
v 0.047618 0.251551 -0.351193
v 0.054262 0.258195 -0.308097
v 0.044932 0.248865 -0.351610
v 0.045546 0.249479 -0.299381
v 0.042966 0.246899 -0.353364
v 0.042356 0.246289 -0.287475
v 0.042246 0.246179 -0.355985
v 0.041670 0.245603 -0.402988
v 0.042246 0.246179 -0.372445
v 0.042966 0.246899 -0.375231
v 0.044932 0.248865 -0.377435
v 0.047618 0.251551 -0.378467
v 0.072353 0.276286 -0.402989
v 0.041670 0.245602 0.584976
v 0.066169 0.270102 0.466148
v 0.054263 0.258195 0.462957
v 0.045547 0.249480 0.454242
v 0.042357 0.246289 0.442335
v 0.072353 0.276285 0.584976
v 0.083584 0.318199 0.584976
v 0.073886 0.282008 0.462958
v 0.072353 0.276285 0.464491
v 0.076222 0.290724 0.454242
v 0.077077 0.293914 0.442335
v 0.072353 0.360113 0.584976
v 0.072353 0.360114 -0.402988
v 0.041670 0.390796 0.584976
v 0.041670 0.390797 -0.402988
v -0.000266 0.402028 -0.402988
v -0.000266 0.402027 0.584976
v -0.042202 0.390796 0.584976
v -0.042202 0.390797 -0.402988
v -0.072885 0.360114 -0.402988
v -0.084116 0.318200 -0.402988
v -0.084116 0.318199 0.584976
v -0.072885 0.360113 0.584976
v -0.077608 0.293914 0.285326
v -0.077608 0.293914 0.442335
v -0.076754 0.290724 0.454242
v -0.074418 0.282008 0.462958
v -0.072885 0.276285 0.584976
v -0.072885 0.276285 0.464491
v -0.066701 0.270102 0.466148
v -0.042202 0.245602 0.584976
v -0.042202 0.245603 -0.402988
v -0.054795 0.258195 0.462957
v -0.046079 0.249480 0.454242
v -0.042889 0.246289 0.442335
v -0.042889 0.246289 0.285326
v -0.042888 0.246289 -0.130465
v -0.046078 0.249479 -0.118559
v -0.046079 0.249480 0.273419
v -0.054794 0.258195 -0.109843
v -0.054795 0.258195 0.264703
v -0.066700 0.270101 -0.106653
v -0.066701 0.270102 0.261513
v -0.072885 0.276286 -0.108310
v -0.072885 0.276285 0.263170
v -0.074418 0.282007 -0.109843
v -0.074418 0.282008 0.264703
v -0.076753 0.290724 -0.118559
v -0.076754 0.290724 0.273419
v -0.077608 0.293914 -0.130465
v -0.077608 0.293914 -0.287475
v -0.076753 0.290724 -0.299381
v -0.076766 0.290772 -0.358388
v -0.076240 0.288806 -0.356184
v -0.074418 0.282007 -0.308097
v -0.075520 0.286120 -0.355152
v -0.072885 0.276286 -0.309630
v -0.072885 0.276286 -0.354026
v -0.066700 0.270101 -0.311287
v -0.048150 0.251551 -0.351193
v -0.054794 0.258195 -0.308097
v -0.045464 0.248865 -0.351610
v -0.046078 0.249479 -0.299381
v -0.043498 0.246899 -0.353364
v -0.042888 0.246289 -0.287475
v -0.042778 0.246179 -0.355985
v -0.042778 0.246179 -0.372445
v -0.043498 0.246899 -0.375231
v -0.045464 0.248865 -0.377435
v -0.048150 0.251551 -0.378467
v -0.072885 0.276286 -0.402989
v -0.072885 0.276286 -0.381300
v -0.075520 0.286120 -0.382426
v -0.076240 0.288806 -0.382009
v -0.076766 0.290772 -0.380255
v -0.076959 0.291492 -0.377634
v -0.076959 0.291492 -0.361174
v 0.072353 0.276286 -0.381300
v 0.074988 0.286120 -0.382426
v 0.075708 0.288806 -0.382009
v 0.076234 0.290772 -0.380255
v 0.076427 0.291492 -0.377634
v 0.076427 0.291492 -0.361174
v 0.022516 -0.224852 -0.112274
v 0.022516 -0.257786 -0.152543
v 0.022516 -0.173391 -0.154360
v 0.022516 -0.201482 -0.197711
v 0.022516 -0.292423 -0.237090
v 0.022516 -0.201482 -0.197711
v 0.022516 -0.257786 -0.152543
v 0.022516 -0.200119 -0.230435
v 0.022516 -0.274931 -0.314703
v 0.022516 -0.187580 -0.250380
v 0.022516 -0.220497 -0.343032
v 0.022516 -0.169647 -0.262225
v 0.022516 -0.131803 -0.352237
v 0.022516 -0.115803 -0.270819
v 0.022516 0.231878 0.341039
v 0.022516 0.153475 0.245173
v 0.022516 0.191862 0.245173
v 0.022516 0.180416 0.383126
v 0.022516 0.099417 0.245173
v 0.022516 0.090744 0.242849
v 0.022516 0.061842 0.238138
v 0.022516 0.086034 0.238138
v 0.022516 0.231878 0.341039
v 0.022516 0.200535 0.242849
v 0.022516 0.200663 0.242721
v 0.022516 0.191862 0.245173
v 0.022516 0.173990 0.158710
v 0.022516 0.182095 0.184237
v 0.022516 0.128415 0.184237
v 0.022516 0.017760 0.184237
v 0.022516 -0.089348 0.053271
v 0.022516 -0.037886 0.011185
v 0.022516 0.103641 0.184237
v -0.023048 0.180416 0.383126
v -0.023048 0.090744 0.242849
v -0.023048 0.061842 0.238138
v -0.023048 0.099417 0.245173
v -0.023048 0.153475 0.245173
v -0.023048 0.231878 0.341039
v -0.023048 0.191862 0.245173
v -0.023048 0.200535 0.242849
v -0.023048 0.200663 0.242721
v -0.023048 0.086034 0.238138
v -0.023048 -0.224852 -0.112274
v -0.023048 -0.173391 -0.154360
v -0.023048 -0.257786 -0.152543
v -0.023048 -0.201482 -0.197711
v -0.023048 -0.292423 -0.237090
v -0.023048 -0.200119 -0.230435
v -0.023048 -0.274931 -0.314703
v -0.023048 -0.187580 -0.250380
v -0.023048 -0.220497 -0.343032
v -0.023048 -0.169647 -0.262225
v -0.023048 -0.131803 -0.352237
v -0.023048 -0.115803 -0.270819
v -0.023048 -0.037886 0.011185
v -0.023048 -0.089348 0.053271
v -0.023048 0.017760 0.184237
v -0.023048 0.103641 0.184237
v -0.023048 0.173990 0.158710
v -0.023048 0.128415 0.184237
v -0.023048 0.182095 0.184237
v -0.023048 0.231878 0.341039
v -0.023048 0.200535 0.242849
v -0.023048 0.191862 0.245173
v -0.000266 0.118453 0.584976
v 0.041933 0.130510 0.567227
v 0.041947 0.130615 0.584976
v -0.000266 0.118453 0.567227
v 0.072569 0.162583 0.584976
v 0.076648 0.163450 0.567186
v 0.056654 0.127153 0.197287
v 0.056654 0.127162 0.190685
v -0.000266 0.127115 0.190763
v -0.000266 0.127115 0.197384
v -0.057186 0.127153 0.197287
v -0.057186 0.127162 0.190685
v 0.014778 0.080746 0.236498
v 0.017102 0.080746 0.227825
v 0.017102 0.225063 0.227825
v 0.014778 0.225063 0.236498
v 0.008429 0.225063 0.242847
v 0.008429 0.080746 0.242847
v -0.000266 0.225063 0.245171
v -0.000266 0.080746 0.245171
v 0.014778 0.080746 0.219152
v 0.014778 0.225063 0.219152
v 0.008429 0.225063 0.212803
v 0.008429 0.080746 0.212803
v -0.000266 0.080746 0.210479
v -0.000266 0.225063 0.210479
v -0.008961 0.080746 0.242847
v -0.000266 0.080746 0.245171
v -0.000266 0.225063 0.245171
v -0.008961 0.225063 0.242847
v -0.015310 0.080746 0.236498
v -0.015310 0.225063 0.236498
v -0.017634 0.225063 0.227825
v -0.017634 0.080746 0.227825
v -0.015310 0.080746 0.219152
v -0.015310 0.225063 0.219152
v -0.008961 0.225063 0.212803
v -0.008961 0.080746 0.212803
v -0.000266 0.080746 0.210479
v -0.000266 0.225063 0.210479
v -0.000266 0.202205 0.247578
v 0.022516 0.231878 0.341039
v 0.022516 0.200663 0.242721
v 0.017883 0.200663 0.242721
v -0.000266 0.231878 0.341039
v -0.000266 0.179098 0.174798
v 0.017951 0.180646 0.179673
v 0.022516 0.173990 0.158710
v -0.000266 0.173990 0.158710
v 0.022516 0.182095 0.184237
v -0.000266 0.179098 0.174798
v -0.000266 0.173990 0.158710
v -0.023048 0.173990 0.158710
v -0.018483 0.180646 0.179673
v -0.023048 0.182095 0.184237
v -0.023048 0.231878 0.341039
v -0.000266 0.231878 0.341039
v -0.000266 0.202205 0.247578
v -0.023048 0.200663 0.242721
v -0.018415 0.200663 0.242721
v 0.080583 0.196227 0.241322
v 0.077433 0.194752 0.245849
v 0.077433 0.176840 0.187771
v 0.080583 0.179785 0.187772
v 0.077433 0.184980 0.170652
v 0.080583 0.187925 0.170652
v 0.080583 0.187923 0.142991
v 0.077433 0.184978 0.142991
v 0.080583 0.187922 0.086879
v 0.077433 0.184978 0.083595
v -0.081115 0.196227 0.241322
v -0.081115 0.179785 0.187772
v -0.077965 0.176840 0.187771
v -0.077965 0.194752 0.245849
v -0.077965 0.184980 0.170652
v -0.081115 0.187925 0.170652
v -0.081115 0.187923 0.142991
v -0.077965 0.184978 0.142991
v -0.081115 0.187922 0.086879
v -0.077965 0.184978 0.083595
v 0.041933 0.151273 0.159555
v 0.041933 0.124917 0.027484
v 0.059683 0.137052 0.022871
v 0.059683 0.158923 0.157019
v -0.000266 0.143633 0.162040
v -0.000266 0.117364 0.030403
v -0.042465 0.124917 0.027484
v -0.042465 0.151273 0.159555
v -0.060215 0.137052 0.022871
v -0.060215 0.158923 0.157019
v -0.077965 0.149187 0.018259
v -0.077965 0.166573 0.154483
v -0.100046 0.138996 -0.019742
v -0.077251 0.126861 -0.015129
v -0.054455 0.114726 -0.010517
v -0.077251 0.093112 -0.125183
v -0.100046 0.110027 -0.114210
v -0.054455 0.080977 -0.120570
v -0.000266 0.107173 -0.007598
v -0.000266 0.073424 -0.117652
v 0.053923 0.080977 -0.120570
v 0.076719 0.093112 -0.125183
v 0.053923 0.114726 -0.010517
v 0.076719 0.126861 -0.015129
v 0.077433 0.149187 0.018259
v 0.099514 0.138996 -0.019742
v 0.099514 0.110027 -0.114210
v 0.077433 0.166573 0.154483
v 0.059683 0.194751 0.245848
v -0.000266 0.194751 0.245848
v -0.000266 0.176839 0.187770
v 0.077433 0.194752 0.245849
v 0.077433 0.176840 0.187771
v 0.059683 0.176839 0.187770
v 0.077433 0.166573 0.154483
v 0.059683 0.166572 0.154483
v -0.000266 0.166572 0.154483
v -0.060215 0.176839 0.187770
v -0.060215 0.166572 0.154483
v -0.077965 0.166573 0.154483
v -0.077965 0.176840 0.187771
v -0.077965 0.194752 0.245849
v -0.060215 0.194751 0.245848
v 0.080583 0.187922 0.086879
v 0.077433 0.184978 0.083595
v 0.077433 0.206350 0.083595
v 0.080583 0.206350 0.086879
v -0.081115 0.187922 0.086879
v -0.081115 0.206350 0.086879
v -0.077965 0.206350 0.083595
v -0.077965 0.184978 0.083595
v -0.090495 0.158203 0.220465
v -0.087960 0.155931 0.219153
v -0.087960 0.153607 0.227826
v -0.090495 0.156231 0.227826
v -0.087960 0.185975 0.219153
v -0.087960 0.179626 0.212804
v -0.090495 0.178314 0.215077
v -0.090495 0.183702 0.220465
v 0.041933 0.130512 0.563545
v 0.041933 0.130512 0.402164
v 0.077433 0.163452 0.424297
v 0.077433 0.163452 0.563545
v -0.000266 0.118705 0.563545
v -0.000266 0.118705 0.395438
v -0.042465 0.130512 0.402164
v -0.042465 0.130512 0.563545
v -0.077965 0.163452 0.424297
v -0.077965 0.163452 0.563545
v 0.056653 0.206885 0.219153
v 0.056653 0.208712 0.225973
v 0.041670 0.206885 0.219153
v 0.041670 0.209209 0.227827
v 0.057988 0.209209 0.227827
v -0.058520 0.209209 0.227827
v -0.057185 0.208712 0.225973
v -0.042202 0.209209 0.227827
v -0.042202 0.206885 0.219153
v -0.057185 0.206885 0.219153
v 0.031688 0.209208 0.227826
v -0.000266 0.209208 0.227826
v -0.000266 0.206884 0.219153
v 0.034012 0.206884 0.219153
v -0.000266 0.206884 0.219153
v -0.000266 0.209208 0.227826
v -0.032220 0.209208 0.227826
v -0.034544 0.206884 0.219153
v 0.051056 0.155967 0.013653
v 0.059683 0.175477 0.006947
v 0.059683 0.161618 -0.029220
v 0.051056 0.142108 -0.022513
v 0.051056 0.186839 0.090300
v 0.059683 0.206349 0.083594
v 0.051056 0.192768 0.105022
v 0.059683 0.212278 0.098315
v 0.059683 0.111666 -0.132548
v 0.051056 0.093111 -0.125183
v -0.051588 0.142108 -0.022513
v -0.051588 0.093111 -0.125183
v -0.060215 0.111666 -0.132548
v -0.060215 0.161618 -0.029220
v -0.051588 0.155967 0.013653
v -0.060215 0.175477 0.006947
v -0.051588 0.186839 0.090300
v -0.060215 0.206349 0.083594
v -0.051588 0.192768 0.105022
v -0.060215 0.212278 0.098315
v -0.018483 0.220808 0.179673
v -0.000266 0.220808 0.174798
v -0.000266 0.179098 0.174798
v -0.018483 0.180646 0.179673
v -0.023048 0.182095 0.184237
v -0.031803 0.220808 0.192993
v -0.023048 0.128415 0.184237
v -0.031803 0.014434 0.192993
v -0.036489 0.099417 0.210480
v -0.036489 0.191862 0.210480
v -0.036678 0.194503 0.211188
v -0.036678 0.220808 0.211188
v -0.036245 0.200535 0.212804
v -0.034544 0.206884 0.219153
v -0.031803 0.220808 0.229383
v -0.032220 0.209208 0.227826
v -0.031803 0.208791 0.229383
v -0.024686 0.206884 0.236499
v -0.018483 0.220808 0.242703
v -0.018483 0.200681 0.242703
v -0.018415 0.200663 0.242721
v -0.000266 0.220808 0.247578
v -0.000266 0.202205 0.247578
v -0.036678 0.096776 0.211188
v -0.036678 0.014434 0.211188
v -0.036245 0.090744 0.212804
v -0.034544 0.084395 0.219153
v -0.031803 0.026819 0.229383
v -0.032220 0.082071 0.227826
v -0.031803 0.082488 0.229383
v -0.023048 0.061842 0.238138
v -0.024686 0.084395 0.236499
v -0.023048 0.086034 0.238138
v -0.018483 0.036725 0.242703
v -0.018483 0.065574 0.242703
v -0.000266 0.069562 0.247578
v -0.000266 0.040795 0.247578
v -0.023048 0.017760 0.184237
v -0.018981 0.014434 0.180171
v -0.023048 0.103641 0.184237
v -0.018483 0.099908 0.179673
v -0.018483 0.136564 0.179673
v -0.000266 0.095920 0.174798
v -0.000266 0.145268 0.174798
v 0.041670 0.224553 0.584976
v 0.041670 0.245602 0.584976
v 0.041670 0.245603 -0.402988
v 0.041670 0.224554 -0.402989
v 0.041670 0.209209 0.227827
v 0.041670 0.206885 0.236500
v 0.041670 0.203505 0.239880
v 0.041670 0.205940 0.584976
v 0.041670 0.203505 0.584976
v 0.041670 0.206885 0.219153
v 0.041670 0.203505 0.215773
v 0.041670 0.203505 -0.402989
v -0.042202 0.203505 0.239880
v -0.042202 0.205940 0.584976
v -0.042202 0.203505 0.584976
v -0.042202 0.224553 0.584976
v -0.042202 0.206885 0.236500
v -0.042202 0.209209 0.227827
v -0.042202 0.224554 -0.402989
v -0.042202 0.206885 0.219153
v -0.042202 0.203505 0.215773
v -0.042202 0.203505 -0.402989
v -0.042202 0.245603 -0.402988
v -0.042202 0.245602 0.584976
v 0.066168 0.270101 -0.106653
v 0.072353 0.276286 -0.108310
v 0.113823 0.270101 -0.106653
v 0.073886 0.282007 -0.109843
v 0.112665 0.282007 -0.109843
v 0.112119 0.287635 -0.115470
v 0.076221 0.290724 -0.118559
v 0.111293 0.290724 -0.118559
v 0.077076 0.293914 -0.130465
v 0.110441 0.293914 -0.130465
v -0.114355 0.270101 -0.106653
v -0.113197 0.282007 -0.109843
v -0.074418 0.282007 -0.109843
v -0.072885 0.276286 -0.108310
v -0.066700 0.270101 -0.106653
v -0.112651 0.287635 -0.115470
v -0.076753 0.290724 -0.118559
v -0.111825 0.290724 -0.118559
v -0.077608 0.293914 -0.130465
v -0.110973 0.293914 -0.130465
v -0.000266 0.099558 0.189932
v -0.057186 0.097278 0.197725
v -0.057186 0.099535 0.189843
v -0.000266 0.097322 0.197822
v 0.056654 0.097278 0.197725
v 0.056654 0.099535 0.189843
v 0.056654 0.166864 0.197287
v -0.000266 0.166864 0.197287
v -0.000266 0.166864 0.169394
v -0.057186 0.166864 0.169393
v -0.057186 0.166864 0.197287
v -0.000266 0.166864 0.169394
v 0.056654 0.166864 0.169393
v 0.056654 0.166864 0.197287
v -0.057186 0.166864 0.197287
v -0.000266 0.166864 0.197287
v -0.000266 0.166864 -0.298575
v -0.000266 0.166864 -0.402904
v 0.051873 0.166864 -0.298575
v -0.052405 0.166864 -0.298575
v 0.051873 0.166864 -0.402964
v -0.000266 0.166864 -0.168661
v -0.000266 0.166864 -0.220215
v 0.056654 0.166864 -0.220215
v -0.057186 0.166864 -0.168661
v -0.057186 0.166864 -0.220215
v 0.056654 0.166864 -0.220215
v 0.056654 0.166864 -0.168661
v -0.000266 0.166864 -0.168661
v -0.000266 0.166864 -0.220215
v -0.057186 0.166864 -0.220215
v -0.052405 0.166864 -0.298575
v -0.052405 0.166864 -0.402964
v -0.000266 0.166864 -0.402904
v -0.000266 0.166864 0.154020
v -0.057186 0.166864 0.154022
v -0.057186 0.166864 -0.145124
v -0.000266 0.166864 -0.145125
v 0.056654 0.166864 -0.145124
v 0.056654 0.166864 0.154022
v -0.000266 0.166864 0.563548
v -0.057186 0.166864 0.563548
v -0.057186 0.166864 0.245173
v -0.000266 0.166864 0.245173
v 0.056654 0.166864 0.245173
v 0.056654 0.166864 0.563548
v -0.057186 0.166864 0.210480
v -0.000266 0.166864 0.209970
v -0.000266 0.166864 0.210480
v 0.056654 0.166864 0.210480
v 0.056654 0.166864 0.209969
v -0.057186 0.166864 0.210480
v -0.057186 0.166864 0.209969
v -0.000266 0.166864 0.209970
v 0.113853 0.230004 0.455202
v 0.086329 0.225991 0.563548
v 0.056653 0.209577 0.563548
v 0.056653 0.208712 0.455202
v 0.056653 0.208712 0.229680
v 0.117230 0.235039 0.457412
v 0.057988 0.209209 0.227827
v 0.056653 0.208712 -0.006779
v 0.113863 0.230008 -0.416656
v 0.117230 0.235039 0.457412
v 0.117230 0.235041 -0.417667
v 0.113863 0.230008 -0.416656
v 0.051873 0.206933 -0.018961
v 0.051873 0.206933 -0.411576
v 0.056653 0.208712 0.225973
v 0.090364 0.231326 0.567103
v -0.114385 0.230004 0.455202
v -0.057185 0.208712 0.455202
v -0.057185 0.209577 0.563548
v -0.057185 0.208712 0.229680
v -0.086861 0.225991 0.563548
v -0.117762 0.235039 0.457412
v -0.058520 0.209209 0.227827
v -0.057185 0.208712 -0.006779
v -0.114395 0.230008 -0.416656
v -0.117762 0.235039 0.457412
v -0.117762 0.235041 -0.417667
v -0.114395 0.230008 -0.416656
v -0.052405 0.206933 -0.018961
v -0.052405 0.206933 -0.411576
v -0.057185 0.208712 0.225973
v -0.090896 0.231326 0.567103
v 0.022516 -0.089348 0.053271
v 0.028091 -0.089348 0.053271
v 0.022516 -0.037886 0.011185
v 0.028091 -0.037886 0.011185
v -0.028623 -0.089348 0.053271
v -0.023048 -0.089348 0.053271
v -0.023048 -0.037886 0.011185
v -0.028623 -0.037886 0.011185
v 0.087428 0.162280 0.212804
v 0.089963 0.163592 0.215077
v 0.089963 0.158203 0.220465
v 0.087428 0.155931 0.219153
v 0.089963 0.170953 0.213104
v 0.087428 0.170953 0.210480
v 0.087428 0.179626 0.212804
v 0.089963 0.178314 0.215077
v -0.087960 0.179626 0.212804
v -0.087960 0.170953 0.210480
v -0.090495 0.170953 0.213104
v -0.090495 0.178314 0.215077
v 0.028091 -0.058779 0.017071
v -0.000266 -0.063791 0.023665
v -0.000266 -0.058779 0.017071
v -0.000266 -0.057735 0.008854
v 0.028091 -0.063791 0.023665
v 0.028091 -0.057735 0.008854
v -0.000266 -0.060939 0.001217
v 0.028091 -0.060939 0.001217
v -0.000266 -0.164830 -0.132908
v 0.028091 -0.164830 -0.132908
v -0.000266 -0.171423 -0.137920
v 0.028091 -0.171423 -0.137920
v 0.028091 -0.177980 -0.138753
v -0.000266 -0.179640 -0.138964
v 0.028091 -0.179640 -0.138964
v -0.000266 -0.187277 -0.135759
v 0.028091 -0.187277 -0.135759
v -0.000266 -0.192290 -0.129165
v 0.028091 -0.192290 -0.129165
v 0.028091 -0.193333 -0.120949
v -0.000266 -0.193333 -0.120949
v 0.028091 -0.190129 -0.113311
v -0.000266 -0.190129 -0.113311
v 0.028091 -0.086239 0.020813
v -0.000266 -0.086239 0.020813
v -0.028623 -0.086239 0.020813
v -0.028623 -0.190129 -0.113311
v -0.028623 -0.060939 0.001217
v -0.028623 -0.164830 -0.132908
v -0.000266 -0.071429 0.026869
v 0.028091 -0.071429 0.026869
v -0.000266 -0.079645 0.025825
v 0.028091 -0.079645 0.025825
v -0.000266 -0.086239 0.020813
v 0.028091 -0.086239 0.020813
v 0.024154 0.084395 0.236499
v -0.000266 0.082071 0.227826
v -0.000266 0.084395 0.236499
v 0.031688 0.082071 0.227826
v 0.031271 0.082488 0.229383
v -0.024686 0.084395 0.236499
v -0.000266 0.084395 0.236499
v -0.000266 0.082071 0.227826
v -0.032220 0.082071 0.227826
v -0.031803 0.082488 0.229383
v 0.077955 0.207771 0.302716
v 0.082629 0.140917 0.218637
v -0.000266 0.140917 0.218637
v -0.000266 0.207771 0.302716
v 0.077586 0.213052 0.312872
v -0.000266 0.213052 0.312872
v 0.077433 0.215239 0.324107
v -0.000266 0.215239 0.324107
v -0.000266 0.215239 0.424216
v 0.077433 0.215239 0.424216
v -0.000266 0.215239 0.553390
v 0.077433 0.215239 0.553390
v -0.000266 0.213900 0.558396
v 0.077433 0.213900 0.558396
v -0.000266 0.210242 0.562080
v 0.077433 0.210242 0.562080
v 0.077433 0.205245 0.563453
v -0.000266 0.205245 0.563453
v 0.077433 0.191790 0.563545
v 0.041933 0.130512 0.563545
v 0.077433 0.163452 0.563545
v -0.000266 0.118705 0.563545
v -0.042465 0.130512 0.563545
v -0.077965 0.191790 0.563545
v -0.077965 0.163452 0.563545
v -0.077965 0.205245 0.563453
v -0.077965 0.210242 0.562080
v -0.077965 0.213900 0.558396
v -0.077965 0.215239 0.553390
v -0.077965 0.215239 0.424216
v -0.077965 0.215239 0.324107
v -0.078118 0.213052 0.312872
v -0.078487 0.207771 0.302716
v -0.083161 0.140917 0.218637
v -0.083514 0.132122 0.212020
v -0.000266 0.132122 0.212020
v 0.082982 0.132122 0.212020
v -0.000266 0.121450 0.209328
v 0.083099 0.121450 0.209328
v -0.083631 0.121450 0.209328
v 0.035256 -0.006490 0.210125
v -0.000266 -0.012929 0.210125
v -0.035788 -0.006490 0.210125
v -0.083138 0.007429 0.210125
v 0.082606 0.007429 0.210125
v 0.089963 0.170953 0.213104
v 0.089963 0.163592 0.215077
v 0.087428 0.162280 0.212804
v 0.087428 0.170953 0.210480
v -0.090495 0.170953 0.213104
v -0.087960 0.162280 0.212804
v -0.090495 0.163592 0.215077
v -0.087960 0.170953 0.210480
v -0.000266 0.135775 0.171243
v -0.000266 0.123471 0.172438
v -0.057186 0.123490 0.172399
v -0.000266 0.111548 0.170585
v 0.056654 0.123490 0.172399
v 0.056654 0.111531 0.170536
v -0.000266 0.101130 0.165424
v 0.056654 0.101079 0.165356
v -0.000266 0.092074 0.157163
v 0.056654 0.091994 0.157068
v -0.000266 -0.183259 -0.187592
v 0.056654 -0.183259 -0.187592
v -0.028623 0.080179 -0.323517
v -0.000266 0.080179 -0.323517
v -0.000266 0.069329 -0.318686
v -0.028623 0.069329 -0.318686
v -0.028623 0.087161 -0.333126
v -0.000266 0.087161 -0.333126
v -0.028623 0.087435 -0.335731
v -0.000266 0.088402 -0.344939
v -0.028623 0.088402 -0.344939
v -0.028623 0.083776 -0.355331
v -0.000266 0.083572 -0.355789
v -0.028623 0.083572 -0.355789
v -0.000266 0.073962 -0.362771
v -0.028623 0.073962 -0.362771
v -0.000266 0.062150 -0.364013
v -0.028623 0.062150 -0.364013
v -0.028623 0.027216 -0.358480
v -0.028623 0.056418 -0.363105
v -0.057186 0.077910 -0.230692
v -0.000266 0.070458 -0.260286
v -0.000266 0.077910 -0.230692
v -0.057186 0.070458 -0.260286
v -0.000266 0.098922 -0.209680
v -0.057186 0.098922 -0.209680
v -0.000266 0.117096 -0.204810
v -0.057186 0.117096 -0.204810
v 0.056654 0.077910 -0.230692
v -0.000266 0.077910 -0.230692
v -0.000266 0.070458 -0.260286
v 0.056654 0.070458 -0.260286
v -0.000266 0.098922 -0.209680
v 0.056654 0.098922 -0.209680
v -0.000266 0.117096 -0.204810
v 0.056654 0.117096 -0.204810
v -0.000266 0.166864 -0.145125
v -0.057186 0.166864 -0.145124
v -0.057186 0.117096 -0.204810
v -0.000266 0.117096 -0.204810
v -0.000266 0.166864 -0.145125
v -0.000266 0.117096 -0.204810
v 0.056654 0.117096 -0.204810
v 0.056654 0.166864 -0.145124
v 0.028091 -0.037886 0.011185
v 0.028091 -0.173391 -0.154360
v 0.022516 -0.173391 -0.154360
v 0.022516 -0.037886 0.011185
v -0.000266 -0.173391 -0.154360
v -0.000266 -0.037886 0.011185
v -0.023048 -0.037886 0.011185
v -0.000266 -0.037886 0.011185
v -0.000266 -0.173391 -0.154360
v -0.023048 -0.173391 -0.154360
v -0.023048 -0.173391 -0.154360
v -0.028623 -0.173391 -0.154360
v -0.028623 -0.037886 0.011185
v -0.023048 -0.037886 0.011185
v -0.000266 0.095920 0.174798
v 0.017951 0.099908 0.179673
v 0.022516 -0.037886 0.011185
v -0.000266 -0.037886 0.011185
v 0.022516 0.103641 0.184237
v -0.023048 0.103641 0.184237
v -0.018483 0.099908 0.179673
v -0.023048 -0.037886 0.011185
v -0.000266 0.095920 0.174798
v -0.000266 -0.037886 0.011185
v 0.022516 0.171137 -0.156043
v -0.000266 0.171137 -0.156043
v 0.022516 0.130728 -0.207531
v 0.028091 0.130728 -0.207531
v 0.028091 0.171137 -0.156043
v -0.000266 0.130728 -0.207531
v -0.023048 0.171137 -0.156043
v -0.028623 0.171137 -0.156043
v -0.023048 0.130728 -0.207531
v -0.028623 0.130728 -0.207531
v -0.023048 0.130728 -0.207531
v -0.000266 0.130728 -0.207531
v -0.023048 0.171137 -0.156043
v -0.000266 0.171137 -0.156043
v -0.000266 0.192768 0.105022
v -0.000266 0.212278 0.098315
v 0.051056 0.192768 0.105022
v -0.051588 0.192768 0.105022
v -0.060215 0.212278 0.098315
v 0.059683 0.212278 0.098315
v -0.057186 0.156328 -0.209680
v -0.057186 0.136983 -0.204496
v -0.000266 0.156328 -0.209680
v -0.000266 0.166864 -0.220215
v -0.057186 0.166864 -0.220215
v -0.057186 0.177341 -0.230692
v -0.000266 0.136983 -0.204496
v 0.056654 0.136983 -0.204496
v -0.000266 0.156328 -0.209680
v -0.000266 0.136983 -0.204496
v 0.056654 0.156328 -0.209680
v -0.000266 0.166864 -0.220215
v 0.056654 0.166864 -0.220215
v 0.056654 0.177341 -0.230692
v 0.041670 0.206885 0.236500
v 0.041670 0.209209 0.227827
v 0.056653 0.208712 0.229680
v 0.056653 0.206885 0.236500
v 0.057988 0.209209 0.227827
v -0.057185 0.208712 0.229680
v -0.042202 0.209209 0.227827
v -0.042202 0.206885 0.236500
v -0.057185 0.206885 0.236500
v -0.058520 0.209209 0.227827
v 0.031688 0.209208 0.227826
v 0.024154 0.206884 0.236499
v -0.000266 0.209208 0.227826
v 0.031271 0.208791 0.229383
v -0.000266 0.206884 0.236499
v -0.000266 0.209208 0.227826
v -0.024686 0.206884 0.236499
v -0.032220 0.209208 0.227826
v -0.000266 0.206884 0.236499
v -0.031803 0.208791 0.229383
v -0.000266 -0.173391 -0.154360
v 0.022516 -0.173391 -0.154360
v 0.022516 -0.201482 -0.197711
v -0.000266 -0.201482 -0.197711
v -0.023048 -0.173391 -0.154360
v -0.000266 -0.173391 -0.154360
v -0.023048 -0.201482 -0.197711
v -0.000266 -0.201482 -0.197711
v -0.057186 -0.190986 -0.201344
v -0.057186 -0.183259 -0.187592
v -0.000266 -0.183259 -0.187592
v -0.000266 -0.190986 -0.201344
v -0.057186 -0.192301 -0.218150
v -0.000266 -0.192301 -0.218150
v -0.057186 -0.187895 -0.235156
v -0.000266 -0.187895 -0.235156
v -0.057186 -0.179538 -0.245669
v -0.000266 -0.179538 -0.245669
v -0.000266 -0.169780 -0.251724
v -0.057186 -0.169780 -0.251724
v -0.000266 0.030956 -0.282781
v -0.057186 0.030956 -0.282781
v 0.056654 -0.179538 -0.245669
v 0.056654 -0.169780 -0.251724
v 0.056654 -0.187895 -0.235156
v 0.056654 -0.192301 -0.218150
v 0.056654 -0.190986 -0.201344
v 0.056654 -0.183259 -0.187592
v -0.057186 0.091994 0.157068
v -0.000266 0.092074 0.157163
v -0.057186 0.101079 0.165356
v -0.000266 0.101130 0.165424
v -0.057186 0.111531 0.170536
v -0.000266 0.111548 0.170585
v -0.057186 0.123490 0.172399
v -0.000266 0.123471 0.172438
v -0.000266 0.135775 0.171243
v 0.056654 0.123490 0.172399
v 0.056654 0.135829 0.171204
v -0.000266 0.146905 0.166734
v 0.056654 0.146988 0.166684
v -0.000266 0.166864 0.154020
v 0.056654 0.166864 0.154022
v -0.057186 0.146988 0.166684
v -0.057186 0.135829 0.171204
v -0.028623 -0.109819 -0.301928
v -0.028623 -0.100210 -0.294946
v -0.000266 -0.109819 -0.301928
v -0.000266 -0.114651 -0.312778
v -0.028623 -0.114651 -0.312778
v -0.028623 -0.113409 -0.324591
v -0.000266 -0.113409 -0.324591
v -0.028623 -0.106427 -0.334200
v -0.000266 -0.106427 -0.334200
v -0.028623 -0.095577 -0.339031
v -0.000266 -0.095577 -0.339031
v -0.000266 -0.100210 -0.294946
v -0.028623 -0.088398 -0.293705
v -0.000266 -0.088398 -0.293705
v -0.057186 0.146988 0.166684
v -0.057186 0.166864 0.154022
v -0.000266 0.166864 0.154020
v -0.023048 0.173990 0.158710
v -0.000266 0.173990 0.158710
v -0.000266 0.145268 0.174798
v -0.018483 0.136564 0.179673
v -0.023048 0.128415 0.184237
v 0.022516 0.173990 0.158710
v 0.017951 0.136564 0.179673
v 0.022516 0.128415 0.184237
v -0.000266 0.072298 0.210504
v -0.000266 0.097322 0.197822
v 0.056654 0.072254 0.210407
v -0.057186 0.072254 0.210407
v -0.057186 0.097278 0.197725
v 0.056654 0.097278 0.197725
v 0.077076 0.293914 -0.130465
v 0.077076 0.293914 -0.287475
v 0.110441 0.293914 -0.287475
v 0.110441 0.293914 -0.130465
v -0.077608 0.293914 -0.130465
v -0.110973 0.293914 -0.130465
v -0.110973 0.293914 -0.287475
v -0.077608 0.293914 -0.287475
v 0.077077 0.293914 0.442335
v 0.077077 0.293914 0.285326
v 0.110441 0.293914 0.285326
v 0.110441 0.293914 0.442335
v -0.077608 0.293914 0.442335
v -0.110973 0.293914 0.442335
v -0.110973 0.293914 0.285326
v -0.077608 0.293914 0.285326
v -0.052405 0.046587 0.210503
v -0.000266 0.046587 0.210503
v -0.052405 -0.262622 -0.199760
v -0.000266 -0.262623 -0.199760
v -0.057186 0.070458 -0.260286
v -0.057186 0.030956 -0.282781
v -0.000266 0.030956 -0.282781
v -0.000266 0.070458 -0.260286
v 0.056654 0.070458 -0.260286
v -0.000266 0.070458 -0.260286
v -0.000266 0.030956 -0.282781
v 0.056654 0.030956 -0.282781
v -0.000266 0.090744 0.242849
v 0.022516 0.090744 0.242849
v 0.022516 0.086034 0.238138
v -0.000266 0.084395 0.236499
v 0.024154 0.084395 0.236499
v -0.023048 0.086034 0.238138
v -0.023048 0.090744 0.242849
v -0.000266 0.090744 0.242849
v -0.000266 0.084395 0.236499
v -0.024686 0.084395 0.236499
v 0.054263 0.258195 0.462957
v 0.066169 0.270102 0.466148
v 0.114980 0.258195 0.462957
v 0.115588 0.251940 0.456702
v 0.115827 0.249480 0.454242
v 0.045547 0.249480 0.454242
v 0.116137 0.246289 0.442335
v 0.042357 0.246289 0.442335
v 0.113823 0.270102 0.466148
v -0.116669 0.246289 0.442335
v -0.116359 0.249480 0.454242
v -0.046079 0.249480 0.454242
v -0.042889 0.246289 0.442335
v -0.054795 0.258195 0.462957
v -0.116120 0.251940 0.456702
v -0.115512 0.258195 0.462957
v -0.066701 0.270102 0.466148
v -0.114355 0.270102 0.466148
v -0.023048 0.074940 -0.273923
v -0.000266 0.038585 -0.294525
v -0.000266 0.074940 -0.273923
v -0.023048 0.038585 -0.294525
v -0.028623 0.038585 -0.294525
v -0.028623 0.074940 -0.273923
v 0.022516 0.074940 -0.273923
v 0.022516 0.038585 -0.294525
v 0.028091 0.038585 -0.294525
v 0.028091 0.074940 -0.273923
v -0.000266 0.166864 0.197287
v 0.056654 0.166864 0.197287
v 0.056654 0.127153 0.197287
v -0.000266 0.127115 0.197384
v -0.057186 0.127153 0.197287
v -0.057186 0.166864 0.197287
v 0.022516 0.074940 -0.273923
v 0.028091 0.074940 -0.273923
v 0.022516 0.094970 -0.295366
v -0.000266 0.074940 -0.273923
v -0.000266 0.094970 -0.295366
v -0.023048 0.094970 -0.295366
v -0.023048 0.074940 -0.273923
v -0.028623 0.074940 -0.273923
v -0.028623 0.094970 -0.295366
v -0.027780 0.106341 -0.300092
v -0.028623 0.107184 -0.300442
v -0.023048 0.106341 -0.300092
v -0.000266 0.106341 -0.300092
v 0.022516 0.106341 -0.300092
v 0.027248 0.106341 -0.300092
v 0.028091 0.094970 -0.295366
v 0.028091 0.107184 -0.300442
v -0.000266 0.162280 0.212804
v -0.000266 0.170953 0.210480
v 0.087428 0.170953 0.210480
v 0.087428 0.162280 0.212804
v 0.087428 0.155931 0.219153
v 0.087428 0.162280 0.212804
v -0.000266 0.155931 0.219153
v 0.087428 0.153607 0.227826
v 0.087428 0.155931 0.219153
v -0.000266 0.153607 0.227826
v -0.000266 0.179626 0.212804
v 0.087428 0.170953 0.210480
v 0.087428 0.179626 0.212804
v -0.000266 0.185975 0.219153
v 0.087428 0.179626 0.212804
v 0.087428 0.185975 0.219153
v -0.000266 0.188299 0.227826
v 0.087428 0.185975 0.219153
v 0.087428 0.188299 0.227826
v -0.000266 0.188299 0.227826
v -0.087960 0.185975 0.219153
v -0.087960 0.188299 0.227826
v -0.000266 0.185975 0.219153
v -0.087960 0.179626 0.212804
v -0.087960 0.185975 0.219153
v -0.000266 0.179626 0.212804
v -0.087960 0.170953 0.210480
v -0.087960 0.179626 0.212804
v -0.000266 0.170953 0.210480
v -0.087960 0.162280 0.212804
v -0.087960 0.170953 0.210480
v -0.000266 0.162280 0.212804
v -0.087960 0.155931 0.219153
v -0.087960 0.162280 0.212804
v -0.000266 0.155931 0.219153
v -0.000266 0.153607 0.227826
v -0.087960 0.153607 0.227826
v -0.087960 0.155931 0.219153
v 0.113823 0.270101 -0.311287
v 0.112665 0.282007 -0.308097
v 0.073886 0.282007 -0.308097
v 0.072353 0.276286 -0.309630
v 0.066168 0.270101 -0.311287
v 0.114980 0.258195 -0.308097
v 0.054262 0.258195 -0.308097
v 0.115827 0.249479 -0.299381
v 0.045546 0.249479 -0.299381
v 0.116137 0.246289 -0.287475
v 0.042356 0.246289 -0.287475
v 0.112119 0.287635 -0.302469
v 0.076221 0.290724 -0.299381
v 0.111293 0.290724 -0.299381
v 0.077076 0.293914 -0.287475
v 0.110441 0.293914 -0.287475
v -0.077608 0.293914 -0.287475
v -0.110973 0.293914 -0.287475
v -0.111825 0.290724 -0.299381
v -0.076753 0.290724 -0.299381
v -0.112651 0.287635 -0.302469
v -0.074418 0.282007 -0.308097
v -0.113197 0.282007 -0.308097
v -0.114355 0.270101 -0.311287
v -0.072885 0.276286 -0.309630
v -0.066700 0.270101 -0.311287
v -0.115512 0.258195 -0.308097
v -0.054794 0.258195 -0.308097
v -0.116359 0.249479 -0.299381
v -0.046078 0.249479 -0.299381
v -0.116669 0.246289 -0.287475
v -0.042888 0.246289 -0.287475
v 0.056653 0.206885 0.236500
v 0.056653 0.200536 0.242849
v 0.041670 0.203505 0.239880
v 0.041670 0.206885 0.236500
v 0.030589 0.200536 0.242849
v -0.057185 0.206885 0.236500
v -0.042202 0.206885 0.236500
v -0.042202 0.203505 0.239880
v -0.057186 0.200536 0.242849
v -0.031121 0.200536 0.242849
v 0.024154 0.206884 0.236499
v 0.017883 0.200663 0.242721
v -0.000266 0.206884 0.236499
v 0.017951 0.200681 0.242703
v -0.000266 0.200535 0.242849
v 0.022516 0.200535 0.242849
v 0.022516 0.200663 0.242721
v -0.023048 0.200535 0.242849
v -0.018415 0.200663 0.242721
v -0.000266 0.200535 0.242849
v -0.023048 0.200663 0.242721
v -0.000266 0.206884 0.236499
v -0.024686 0.206884 0.236499
v -0.018483 0.200681 0.242703
v 0.022516 0.099417 0.245173
v -0.000266 0.090744 0.242849
v -0.000266 0.099417 0.245173
v 0.022516 0.090744 0.242849
v -0.023048 0.090744 0.242849
v -0.023048 0.099417 0.245173
v -0.000266 0.090744 0.242849
v -0.000266 0.099417 0.245173
v -0.000266 0.191862 0.245173
v 0.022516 0.191862 0.245173
v 0.022516 0.153475 0.245173
v -0.000266 0.099417 0.245173
v -0.023048 0.153475 0.245173
v -0.023048 0.191862 0.245173
v -0.023048 0.099417 0.245173
v 0.022516 0.099417 0.245173
v -0.057186 0.191863 0.245173
v -0.000266 0.191863 0.245173
v -0.000266 0.166864 0.245173
v -0.057186 0.166864 0.245173
v 0.056654 0.191863 0.245173
v 0.056654 0.166864 0.245173
v -0.116680 0.246179 -0.372445
v -0.116680 0.246179 -0.355985
v -0.042778 0.246179 -0.355985
v -0.042778 0.246179 -0.372445
v -0.043498 0.246899 -0.375231
v -0.116610 0.246899 -0.375231
v -0.045464 0.248865 -0.377435
v -0.116419 0.248865 -0.377435
v -0.048150 0.251551 -0.378467
v -0.116158 0.251551 -0.378467
v -0.072885 0.276286 -0.381300
v -0.112798 0.286120 -0.382426
v -0.075520 0.286120 -0.382426
v -0.076240 0.288806 -0.382009
v -0.112338 0.288806 -0.382009
v -0.112651 0.287635 -0.382191
v -0.076766 0.290772 -0.380255
v -0.111812 0.290772 -0.380255
v -0.076959 0.291492 -0.377634
v -0.111620 0.291492 -0.377634
v -0.111620 0.291492 -0.361174
v -0.076959 0.291492 -0.361174
v 0.022516 0.094970 -0.295366
v 0.028091 0.094970 -0.295366
v 0.027248 0.106341 -0.300092
v -0.023048 0.094970 -0.295366
v -0.023048 0.106341 -0.300092
v -0.027780 0.106341 -0.300092
v 0.022516 0.200535 0.242849
v -0.000266 0.191862 0.245173
v -0.000266 0.200535 0.242849
v 0.022516 0.191862 0.245173
v -0.023048 0.200535 0.242849
v -0.000266 0.200535 0.242849
v -0.000266 0.191862 0.245173
v -0.023048 0.191862 0.245173
v 0.030589 0.200536 0.242849
v 0.056653 0.200536 0.242849
v 0.056654 0.191863 0.245173
v -0.000266 0.191863 0.245173
v -0.000266 0.192274 0.245063
v -0.031121 0.200536 0.242849
v -0.000266 0.192274 0.245063
v -0.000266 0.191863 0.245173
v -0.057186 0.191863 0.245173
v -0.057186 0.200536 0.242849
v -0.028623 -0.193333 -0.120949
v -0.000266 -0.193333 -0.120949
v -0.000266 -0.192290 -0.129165
v -0.028623 -0.190129 -0.113311
v -0.028623 -0.192290 -0.129165
v -0.028623 -0.187277 -0.135759
v -0.000266 -0.187277 -0.135759
v -0.028623 -0.179640 -0.138964
v -0.000266 -0.179640 -0.138964
v -0.028623 -0.177980 -0.138753
v -0.000266 -0.171423 -0.137920
v -0.028623 -0.171423 -0.137920
v -0.028623 -0.164830 -0.132908
v -0.000266 -0.164830 -0.132908
v -0.000266 -0.190129 -0.113311
v -0.000266 -0.169780 -0.251724
v 0.056654 -0.169780 -0.251724
v -0.000266 0.030956 -0.282781
v 0.056654 0.030956 -0.282781
v -0.000266 0.056182 -0.286810
v -0.000266 0.080508 -0.290695
v -0.057186 0.080508 -0.290695
v -0.057186 0.056182 -0.286810
v -0.000266 0.056182 -0.286810
v 0.056654 0.056182 -0.286810
v 0.056654 0.080508 -0.290695
v -0.000266 0.080508 -0.290695
v -0.026514 0.150176 -0.300092
v -0.023048 0.150176 -0.300092
v -0.023048 0.170403 -0.293977
v -0.028623 0.170403 -0.293977
v -0.028623 0.148067 -0.300729
v -0.000266 0.150176 -0.300092
v -0.000266 0.170403 -0.293977
v 0.022516 0.170403 -0.293977
v 0.022516 0.150176 -0.300092
v 0.025982 0.150176 -0.300092
v 0.028091 0.170403 -0.293977
v 0.028091 0.148067 -0.300729
v 0.022516 0.106341 -0.300092
v -0.000266 0.150176 -0.300092
v -0.000266 0.106341 -0.300092
v 0.022516 0.150176 -0.300092
v 0.027248 0.106341 -0.300092
v 0.030679 0.109772 -0.300092
v 0.035463 0.127626 -0.300092
v 0.030679 0.145479 -0.300092
v 0.025982 0.150176 -0.300092
v -0.031211 0.109772 -0.300092
v -0.027780 0.106341 -0.300092
v -0.023048 0.106341 -0.300092
v -0.035995 0.127626 -0.300092
v -0.023048 0.150176 -0.300092
v -0.031211 0.145479 -0.300092
v -0.026514 0.150176 -0.300092
v -0.000266 0.150176 -0.300092
v -0.000266 0.106341 -0.300092
v -0.102652 -0.039809 -0.358541
v -0.052405 0.206933 -0.411576
v -0.114395 0.230008 -0.416656
v -0.052405 0.166864 -0.402964
v -0.052405 0.206933 -0.411576
v -0.052405 -0.039810 -0.358541
v -0.102652 -0.275496 -0.323238
v -0.066341 -0.275496 -0.323238
v -0.102652 -0.313662 -0.317522
v -0.099066 -0.333670 -0.314525
v -0.088853 -0.350632 -0.311984
v -0.073569 -0.361966 -0.310287
v -0.052405 -0.365947 -0.309690
v -0.000266 0.166864 -0.402904
v -0.000266 -0.039810 -0.358541
v -0.000266 -0.222883 -0.331119
v -0.052405 -0.222882 -0.331119
v 0.051873 -0.039810 -0.358541
v 0.051873 -0.222882 -0.331119
v 0.051873 -0.243017 -0.324054
v 0.102120 -0.039809 -0.358541
v 0.065809 -0.275496 -0.323238
v 0.065809 -0.275496 -0.323238
v 0.051873 -0.307045 -0.318513
v 0.051873 -0.365947 -0.309690
v 0.102120 -0.275496 -0.323238
v 0.102120 -0.313662 -0.317522
v 0.113863 0.230008 -0.416656
v 0.129414 0.232211 -0.416961
v 0.051873 0.206933 -0.411576
v 0.121268 0.231648 -0.416961
v 0.125847 0.290119 -0.427846
v 0.117230 0.235041 -0.417667
v 0.112119 0.287635 -0.427846
v 0.090026 0.370315 -0.427846
v 0.102111 0.377287 -0.427846
v 0.058849 0.420550 -0.427846
v 0.051873 0.408468 -0.427846
v -0.000266 0.422433 -0.427846
v -0.000266 0.435909 -0.427846
v -0.052405 0.408468 -0.427846
v -0.059381 0.420550 -0.427846
v -0.102643 0.377287 -0.427846
v -0.090558 0.370315 -0.427846
v -0.126379 0.290119 -0.427846
v -0.112651 0.287635 -0.427846
v -0.117762 0.235041 -0.417667
v -0.129946 0.232211 -0.416961
v -0.121800 0.231648 -0.416961
v -0.114395 0.230008 -0.416656
v -0.121800 0.231648 -0.416961
v -0.114395 0.230008 -0.416656
v -0.102652 -0.039809 -0.358541
v -0.052405 -0.222882 -0.331119
v -0.066341 -0.275496 -0.323238
v -0.052405 -0.039810 -0.358541
v -0.000266 -0.039810 -0.358541
v -0.000266 -0.222883 -0.331119
v 0.051873 -0.222882 -0.331119
v 0.051873 -0.039810 -0.358541
v -0.000266 0.166864 -0.402904
v 0.051873 0.166864 -0.402964
v 0.102120 -0.039809 -0.358541
v 0.051873 0.206933 -0.411576
v -0.052405 -0.243017 -0.324054
v -0.000266 -0.243017 -0.324054
v 0.051873 -0.243017 -0.324054
v -0.052405 -0.260086 -0.309964
v -0.000266 -0.260086 -0.309964
v -0.052405 -0.271492 -0.290996
v -0.000266 -0.271492 -0.290996
v -0.052405 -0.275497 -0.270037
v -0.000266 -0.275497 -0.270037
v -0.000266 -0.275497 -0.238579
v -0.052405 -0.275497 -0.238579
v -0.000266 -0.271726 -0.218285
v -0.052405 -0.271726 -0.218285
v 0.051873 -0.275497 -0.238579
v 0.051873 -0.275497 -0.270037
v 0.051873 -0.260086 -0.309964
v 0.051873 -0.271492 -0.290996
v -0.052405 -0.307045 -0.318513
v -0.066341 -0.275496 -0.323238
v -0.052405 -0.365947 -0.309690
v 0.051873 -0.260086 -0.309964
v -0.000266 -0.243017 -0.324054
v -0.000266 -0.260086 -0.309964
v -0.052405 -0.260086 -0.309964
v -0.000266 -0.271492 -0.290996
v -0.052405 -0.271492 -0.290996
v 0.051873 -0.271492 -0.290996
v 0.051873 -0.275497 -0.270037
v -0.000266 -0.275497 -0.270037
v -0.000266 -0.275497 -0.238579
v -0.000266 -0.271726 -0.218285
v -0.052405 -0.275497 -0.238579
v 0.051873 -0.271726 -0.218285
v 0.051873 -0.275497 -0.238579
v -0.000266 -0.262623 -0.199760
v -0.052405 -0.271726 -0.218285
v -0.052405 -0.262622 -0.199760
v 0.051873 -0.262622 -0.199760
v -0.000266 0.046587 0.210503
v 0.051873 0.046587 0.210503
v 0.022516 -0.201482 -0.197711
v 0.022516 -0.200119 -0.230435
v -0.000266 -0.201482 -0.197711
v -0.000266 -0.200119 -0.230435
v -0.023048 -0.200119 -0.230435
v -0.023048 -0.201482 -0.197711
v -0.023048 -0.187580 -0.250380
v -0.000266 -0.187580 -0.250380
v -0.023048 -0.169647 -0.262225
v -0.000266 -0.169647 -0.262225
v -0.023048 -0.115803 -0.270819
v -0.000266 -0.115803 -0.270819
v -0.023048 0.038585 -0.294525
v -0.028623 -0.115803 -0.270819
v -0.028623 0.038585 -0.294525
v -0.000266 0.038585 -0.294525
v 0.022516 0.038585 -0.294525
v 0.028091 -0.115803 -0.270819
v 0.028091 0.038585 -0.294525
v 0.022516 -0.115803 -0.270819
v 0.022516 -0.169647 -0.262225
v 0.022516 -0.187580 -0.250380
v 0.074988 0.286120 -0.382426
v 0.072353 0.276286 -0.381300
v 0.112266 0.286120 -0.382426
v 0.075708 0.288806 -0.382009
v 0.111806 0.288806 -0.382009
v 0.076234 0.290772 -0.380255
v 0.111280 0.290772 -0.380255
v 0.076427 0.291492 -0.377634
v 0.111088 0.291492 -0.377634
v 0.112119 0.287635 -0.382191
v 0.115625 0.251551 -0.378467
v 0.047618 0.251551 -0.378467
v 0.115887 0.248865 -0.377435
v 0.044932 0.248865 -0.377435
v 0.116078 0.246899 -0.375231
v 0.042966 0.246899 -0.375231
v 0.116148 0.246179 -0.372445
v 0.042246 0.246179 -0.372445
v 0.065809 -0.275496 -0.323238
v 0.051873 -0.365947 -0.309690
v 0.073037 -0.361966 -0.310287
v 0.088321 -0.350632 -0.311984
v 0.098534 -0.333670 -0.314525
v 0.102120 -0.313662 -0.317522
v 0.076648 0.163450 0.567186
v 0.074367 0.163908 0.563548
v 0.086329 0.225991 0.563548
v 0.090364 0.231326 0.567103
v 0.044031 0.135689 0.563548
v 0.041933 0.130510 0.567227
v 0.044031 0.135689 0.563548
v -0.000266 0.123004 0.563548
v -0.000266 0.118453 0.567227
v -0.000266 0.123004 0.563548
v -0.042465 0.130510 0.567227
v -0.044562 0.135689 0.563548
v -0.000266 0.118453 0.567227
v -0.044562 0.135689 0.563548
v -0.077180 0.163450 0.567186
v -0.074899 0.163908 0.563548
v -0.086861 0.225991 0.563548
v -0.090896 0.231326 0.567103
v -0.000266 0.192275 -0.402989
v -0.000266 0.402028 -0.402988
v -0.042202 0.245603 -0.402988
v -0.042202 0.224554 -0.402989
v -0.042202 0.203505 -0.402989
v 0.041670 0.203505 -0.402989
v 0.041670 0.224554 -0.402989
v 0.041670 0.245603 -0.402988
v 0.041670 0.390797 -0.402988
v 0.072353 0.360114 -0.402988
v 0.072353 0.276286 -0.402989
v 0.083584 0.318200 -0.402988
v -0.042202 0.390797 -0.402988
v -0.072885 0.360114 -0.402988
v -0.072885 0.276286 -0.402989
v -0.084116 0.318200 -0.402988
v 0.112119 0.287635 -0.427846
v 0.125847 0.290119 -0.427846
v 0.102111 0.377287 -0.427846
v -0.112651 0.287635 -0.427846
v -0.090558 0.370315 -0.427846
v -0.102643 0.377287 -0.427846
v 0.051873 0.408468 -0.427846
v 0.058849 0.420550 -0.427846
v -0.000266 0.435909 -0.427846
v 0.066169 0.270102 0.466148
v 0.072353 0.276285 0.464491
v 0.113823 0.270102 0.466148
v 0.073886 0.282008 0.462958
v 0.112665 0.282008 0.462958
v 0.112119 0.287635 0.457330
v 0.076222 0.290724 0.454242
v 0.111550 0.289763 0.455202
v 0.111293 0.290724 0.454242
v 0.077077 0.293914 0.442335
v 0.110441 0.293914 0.442335
v -0.114355 0.270102 0.466148
v -0.113197 0.282008 0.462958
v -0.074418 0.282008 0.462958
v -0.072885 0.276285 0.464491
v -0.066701 0.270102 0.466148
v -0.112651 0.287635 0.457330
v -0.076754 0.290724 0.454242
v -0.112082 0.289763 0.455202
v -0.111825 0.290724 0.454242
v -0.077608 0.293914 0.442335
v -0.110973 0.293914 0.442335
v -0.044562 0.135689 0.563548
v -0.057186 0.166864 0.563548
v -0.000266 0.166864 0.563548
v -0.000266 0.123004 0.563548
v 0.044031 0.135689 0.563548
v 0.056654 0.166864 0.563548
v -0.086861 0.225991 0.563548
v -0.057185 0.209577 0.563548
v -0.074899 0.163908 0.563548
v -0.057186 0.166864 0.563548
v -0.044562 0.135689 0.563548
v 0.056653 0.209577 0.563548
v 0.086329 0.225991 0.563548
v 0.074367 0.163908 0.563548
v 0.056654 0.166864 0.563548
v 0.044031 0.135689 0.563548
v -0.054847 0.382630 -0.282001
v -0.057963 0.394902 -0.267020
v -0.054847 0.410419 -0.281979
v -0.054847 0.382647 -0.301196
v -0.069381 0.382630 -0.282001
v -0.069381 0.382648 -0.301196
v -0.067213 0.395121 -0.266818
v -0.069381 0.410419 -0.281979
v -0.106478 0.354764 -0.277408
v -0.125345 0.320435 -0.282061
v -0.106098 0.356089 -0.295540
v -0.113514 0.368314 -0.276355
v -0.113134 0.369639 -0.294487
v -0.131813 0.334136 -0.279056
v -0.131922 0.337029 -0.296951
v -0.144670 0.270781 -0.285871
v -0.146319 0.272919 -0.303775
v -0.132375 0.277881 -0.286723
v -0.136483 0.227683 -0.297081
v -0.137820 0.229415 -0.311592
v -0.126518 0.233438 -0.297772
v -0.104299 0.183478 -0.309677
v -0.105323 0.184805 -0.320795
v -0.096663 0.187887 -0.310206
v -0.097688 0.189215 -0.321324
v -0.127854 0.235170 -0.312283
v -0.134025 0.280019 -0.304626
v -0.125455 0.323327 -0.299956
v -0.069381 0.410436 -0.301173
v -0.054847 0.410436 -0.301173
v -0.086330 0.416117 -0.309685
v -0.086330 0.399460 -0.309698
v -0.086330 0.416129 -0.323781
v -0.085636 0.440653 -0.318811
v -0.071797 0.416117 -0.309685
v -0.071797 0.416129 -0.323781
v -0.079688 0.440653 -0.318811
v -0.071797 0.399460 -0.309698
v -0.071797 0.399472 -0.323795
v -0.086330 0.399472 -0.323795
v -0.079688 0.440658 -0.324580
v -0.085636 0.440658 -0.324580
v -0.066880 0.412778 -0.265626
v -0.057630 0.412559 -0.265827
v -0.066733 0.412128 -0.252992
v -0.064852 0.438307 -0.257841
v -0.064753 0.437863 -0.249218
v -0.058539 0.438157 -0.257979
v -0.058440 0.437714 -0.249356
v -0.057484 0.411910 -0.253193
v -0.057817 0.394252 -0.254386
v -0.067066 0.394471 -0.254185
v -0.054027 0.415625 -0.285316
v -0.078615 0.417552 -0.285139
v -0.054135 0.461394 -0.281373
v -0.020641 0.423022 -0.297767
v -0.062349 0.413173 -0.331923
v -0.020641 0.423059 -0.342002
v -0.078615 0.419725 -0.310475
v -0.054135 0.477303 -0.328002
v -0.062349 0.413226 -0.396396
v -0.094480 0.426123 -0.344987
v -0.094480 0.426154 -0.383248
v -0.133847 0.407151 -0.348455
v -0.094480 0.459325 -0.344961
v -0.094480 0.459356 -0.383221
v -0.133847 0.434360 -0.348434
v -0.164706 0.410969 -0.351938
v -0.133847 0.434386 -0.379788
v -0.133847 0.407177 -0.379810
v -0.164706 0.410989 -0.376322
v -0.164706 0.389829 -0.376339
v -0.177288 0.403527 -0.373126
v -0.177288 0.403511 -0.355145
v -0.177288 0.387924 -0.373138
v -0.177288 0.387908 -0.355158
v -0.164706 0.389810 -0.351954
v -0.054135 0.477362 -0.400152
v -0.087068 0.477362 -0.400152
v -0.098325 0.470386 -0.396919
v -0.087068 0.477307 -0.328001
v -0.078615 0.419814 -0.417932
v -0.091820 0.433050 -0.419971
v -0.078615 0.417682 -0.443642
v -0.054027 0.415756 -0.443371
v -0.091820 0.428496 -0.438034
v -0.087068 0.461531 -0.447490
v -0.097429 0.462451 -0.434352
v -0.087068 0.499902 -0.430412
v -0.054135 0.461531 -0.447490
v -0.020641 0.461517 -0.430443
v -0.040525 0.499902 -0.430412
v -0.026562 0.513037 -0.386145
v -0.030450 0.532286 -0.413670
v -0.020642 0.499913 -0.430399
v -0.018376 0.551815 -0.409833
v -0.001837 0.499903 -0.430412
v -0.001946 0.556041 -0.408917
v 0.016968 0.499915 -0.430399
v -0.001837 0.461517 -0.430443
v 0.016968 0.461517 -0.430443
v -0.001837 0.423131 -0.430473
v -0.001837 0.423094 -0.386238
v 0.016968 0.423131 -0.430473
v -0.020641 0.423131 -0.430473
v -0.020641 0.423094 -0.386238
v 0.016968 0.423094 -0.386238
v 0.050353 0.415756 -0.443371
v 0.058676 0.413226 -0.396396
v 0.050461 0.461531 -0.447490
v 0.074941 0.417682 -0.443642
v 0.083394 0.461531 -0.447490
v 0.088145 0.428496 -0.438034
v 0.074941 0.419814 -0.417932
v 0.083394 0.477362 -0.400152
v 0.088145 0.433050 -0.419971
v 0.094651 0.470386 -0.396919
v 0.095381 0.502417 -0.388864
v 0.093754 0.462451 -0.434352
v 0.094651 0.470335 -0.331382
v 0.083394 0.477308 -0.328001
v 0.088145 0.432958 -0.308474
v 0.093754 0.462336 -0.294222
v 0.095381 0.502376 -0.339255
v 0.094429 0.492279 -0.304868
v 0.083394 0.512766 -0.341931
v 0.083394 0.499793 -0.297706
v 0.022651 0.513025 -0.341923
v 0.083394 0.512802 -0.386167
v 0.023129 0.513115 -0.386129
v 0.083394 0.499902 -0.430412
v 0.036852 0.499903 -0.430406
v 0.094429 0.492377 -0.423442
v 0.025143 0.533607 -0.408961
v 0.021741 0.554567 -0.380436
v 0.014253 0.552088 -0.408693
v 0.016613 0.618664 -0.385977
v -0.001838 0.620182 -0.386577
v 0.013969 0.657702 -0.406066
v 0.016968 0.620472 -0.341845
v -0.001837 0.620472 -0.341845
v 0.013969 0.657663 -0.361831
v 0.022171 0.555575 -0.340405
v 0.010295 0.537080 -0.297304
v 0.027748 0.539048 -0.297015
v -0.001837 0.538188 -0.297686
v 0.013691 0.498878 -0.298447
v 0.031190 0.500921 -0.298106
v 0.016968 0.461408 -0.297737
v -0.001837 0.499793 -0.297706
v -0.001837 0.461408 -0.297737
v -0.017365 0.498878 -0.298447
v -0.020641 0.461408 -0.297737
v -0.034864 0.500921 -0.298106
v -0.013975 0.537099 -0.297321
v -0.031435 0.539064 -0.296986
v -0.020641 0.620472 -0.341845
v -0.025924 0.555246 -0.340711
v -0.020320 0.618762 -0.386019
v -0.017644 0.657663 -0.361831
v -0.017644 0.657702 -0.406066
v -0.001837 0.657663 -0.361831
v -0.017644 0.664969 -0.361825
v -0.017644 0.665008 -0.406060
v -0.001837 0.664969 -0.361825
v -0.001837 0.665007 -0.406060
v 0.013969 0.664969 -0.361825
v 0.013969 0.665008 -0.406060
v 0.013969 0.665030 -0.433529
v -0.001837 0.665030 -0.433529
v 0.013969 0.657724 -0.433534
v -0.001837 0.657724 -0.433534
v -0.001837 0.657702 -0.406066
v -0.017644 0.657724 -0.433534
v -0.017644 0.665030 -0.433529
v -0.025787 0.554013 -0.381702
v -0.026248 0.512990 -0.341927
v -0.087068 0.512766 -0.341931
v -0.087068 0.499793 -0.297706
v -0.099056 0.502376 -0.339255
v -0.087068 0.512802 -0.386167
v -0.099056 0.502417 -0.388864
v -0.098102 0.492377 -0.423442
v -0.098102 0.492279 -0.304868
v -0.098325 0.470334 -0.331382
v -0.097429 0.462336 -0.294222
v -0.091820 0.432958 -0.308474
v -0.091820 0.428375 -0.290678
v -0.087068 0.461394 -0.281373
v -0.001837 0.423022 -0.297767
v 0.016968 0.423022 -0.297767
v -0.001837 0.423059 -0.342002
v 0.016968 0.423059 -0.342002
v 0.058676 0.413173 -0.331923
v 0.115033 0.426123 -0.344987
v 0.050461 0.477303 -0.328002
v 0.050353 0.415625 -0.285316
v 0.074941 0.419725 -0.310475
v 0.074941 0.417552 -0.285139
v 0.088145 0.428375 -0.290678
v 0.083394 0.461394 -0.281373
v 0.050461 0.461394 -0.281373
v 0.050461 0.477362 -0.400152
v 0.115033 0.459325 -0.344961
v 0.167157 0.434360 -0.348433
v 0.115033 0.459356 -0.383221
v 0.167157 0.434386 -0.379788
v 0.115033 0.426154 -0.383248
v 0.167157 0.407177 -0.379810
v 0.167157 0.407151 -0.348455
v 0.208017 0.389829 -0.376339
v 0.208017 0.389810 -0.351954
v 0.231063 0.387924 -0.373138
v 0.208017 0.410989 -0.376322
v 0.231063 0.403527 -0.373126
v 0.208017 0.410970 -0.351938
v 0.231063 0.403511 -0.355145
v 0.231063 0.387908 -0.355157
v 0.051173 0.382630 -0.282001
v 0.051173 0.410419 -0.281979
v 0.054289 0.394902 -0.267020
v 0.051173 0.382648 -0.301196
v 0.065706 0.382630 -0.282001
v 0.065706 0.382649 -0.301196
v 0.063539 0.395121 -0.266818
v 0.065706 0.410420 -0.281979
v 0.102804 0.354765 -0.277408
v 0.109841 0.368315 -0.276355
v 0.121671 0.320436 -0.282061
v 0.102423 0.356090 -0.295540
v 0.109459 0.369641 -0.294487
v 0.121781 0.323329 -0.299956
v 0.130351 0.280020 -0.304626
v 0.128249 0.337030 -0.296950
v 0.128139 0.334137 -0.279056
v 0.142645 0.272920 -0.303775
v 0.140996 0.270783 -0.285871
v 0.134145 0.229417 -0.311592
v 0.132809 0.227684 -0.297081
v 0.101649 0.184807 -0.320795
v 0.124181 0.235171 -0.312283
v 0.122844 0.233439 -0.297772
v 0.094014 0.189216 -0.321324
v 0.092990 0.187888 -0.310206
v 0.100625 0.183479 -0.309677
v 0.128702 0.277882 -0.286723
v 0.065706 0.410436 -0.301173
v 0.051173 0.410436 -0.301173
v 0.082656 0.416118 -0.309685
v 0.082656 0.399461 -0.309698
v 0.082656 0.416129 -0.323781
v 0.068122 0.416117 -0.309685
v 0.081962 0.440654 -0.318811
v 0.081962 0.440659 -0.324580
v 0.076014 0.440654 -0.318811
v 0.076014 0.440659 -0.324580
v 0.068122 0.416129 -0.323781
v 0.068122 0.399473 -0.323795
v 0.068122 0.399461 -0.309698
v 0.082656 0.399472 -0.323795
v 0.063205 0.412779 -0.265626
v 0.063060 0.412128 -0.252992
v 0.061178 0.438307 -0.257841
v 0.053956 0.412559 -0.265827
v 0.053809 0.411910 -0.253193
v 0.054865 0.438157 -0.257979
v 0.054766 0.437714 -0.249356
v 0.061079 0.437863 -0.249218
v 0.054143 0.394252 -0.254386
v 0.063393 0.394470 -0.254185
v -0.054847 0.382630 -0.082001
v -0.057963 0.394902 -0.067020
v -0.054847 0.410419 -0.081979
v -0.054847 0.382647 -0.101196
v -0.069381 0.382630 -0.082001
v -0.069381 0.382648 -0.101196
v -0.067213 0.395121 -0.066818
v -0.069381 0.410419 -0.081979
v -0.106478 0.354764 -0.077408
v -0.113514 0.368314 -0.076355
v -0.125345 0.320435 -0.082061
v -0.106098 0.356089 -0.095540
v -0.125455 0.323327 -0.099956
v -0.113134 0.369639 -0.094487
v -0.069381 0.410436 -0.101173
v -0.131922 0.337029 -0.096951
v -0.146319 0.272919 -0.103775
v -0.131813 0.334136 -0.079056
v -0.144670 0.270781 -0.085871
v -0.132375 0.277881 -0.086723
v -0.136483 0.227683 -0.097081
v -0.137820 0.229415 -0.111592
v -0.126518 0.233438 -0.097772
v -0.104299 0.183478 -0.109677
v -0.105323 0.184805 -0.120795
v -0.096663 0.187887 -0.110206
v -0.097688 0.189215 -0.121324
v -0.127854 0.235170 -0.112283
v -0.134025 0.280019 -0.104626
v -0.054847 0.410436 -0.101173
v -0.086330 0.416117 -0.109685
v -0.086330 0.399460 -0.109698
v -0.086330 0.416129 -0.123781
v -0.085636 0.440653 -0.118811
v -0.071797 0.416117 -0.109685
v -0.071797 0.399460 -0.109698
v -0.071797 0.416129 -0.123781
v -0.079688 0.440653 -0.118811
v -0.079688 0.440658 -0.124580
v -0.085636 0.440658 -0.124580
v -0.071797 0.399472 -0.123795
v -0.086330 0.399472 -0.123795
v -0.066880 0.412778 -0.065626
v -0.066733 0.412128 -0.052992
v -0.064852 0.438307 -0.057841
v -0.057630 0.412559 -0.065827
v -0.057484 0.411910 -0.053193
v -0.058539 0.438157 -0.057979
v -0.058440 0.437714 -0.049356
v -0.064753 0.437863 -0.049218
v -0.057817 0.394252 -0.054386
v -0.067066 0.394471 -0.054185
v -0.054027 0.415625 -0.085316
v -0.078615 0.417552 -0.085139
v -0.054135 0.461394 -0.081373
v -0.020641 0.423022 -0.097767
v -0.062349 0.413173 -0.131923
v -0.020641 0.423059 -0.142002
v -0.078615 0.419725 -0.110475
v -0.054135 0.477303 -0.128002
v -0.062349 0.413226 -0.196396
v -0.094480 0.426123 -0.144987
v -0.094480 0.426154 -0.183248
v -0.133847 0.407151 -0.148455
v -0.094480 0.459325 -0.144961
v -0.133847 0.434360 -0.148434
v -0.094480 0.459356 -0.183221
v -0.054135 0.477362 -0.200152
v -0.133847 0.434386 -0.179788
v -0.164706 0.410989 -0.176322
v -0.133847 0.407177 -0.179810
v -0.164706 0.389829 -0.176339
v -0.164706 0.389810 -0.151954
v -0.177288 0.387924 -0.173138
v -0.177288 0.387908 -0.155158
v -0.177288 0.403527 -0.173126
v -0.177288 0.403511 -0.155145
v -0.164706 0.410969 -0.151938
v -0.087068 0.477362 -0.200152
v -0.087068 0.477307 -0.128001
v -0.078615 0.419814 -0.217932
v -0.098325 0.470386 -0.196919
v -0.099056 0.502417 -0.188864
v -0.098325 0.470334 -0.131382
v -0.091820 0.433050 -0.219971
v -0.097429 0.462451 -0.234352
v -0.091820 0.428496 -0.238034
v -0.087068 0.461531 -0.247490
v -0.098102 0.492377 -0.223442
v -0.087068 0.499902 -0.230412
v -0.087068 0.512802 -0.186167
v -0.040525 0.499902 -0.230412
v -0.054135 0.461531 -0.247490
v -0.026562 0.513037 -0.186145
v -0.030450 0.532286 -0.213670
v -0.020642 0.499913 -0.230399
v -0.018376 0.551815 -0.209833
v -0.001837 0.499903 -0.230412
v -0.020641 0.461517 -0.230443
v -0.001837 0.461517 -0.230443
v -0.020641 0.423131 -0.230473
v -0.001837 0.423131 -0.230473
v -0.020641 0.423094 -0.186238
v -0.054027 0.415756 -0.243371
v -0.078615 0.417682 -0.243642
v -0.001837 0.423094 -0.186238
v 0.016968 0.423094 -0.186238
v -0.001837 0.423059 -0.142002
v -0.001837 0.423022 -0.097767
v 0.016968 0.423059 -0.142002
v 0.016968 0.423022 -0.097767
v 0.058676 0.413173 -0.131923
v 0.050461 0.477303 -0.128002
v 0.050353 0.415625 -0.085316
v 0.074941 0.419725 -0.110475
v 0.058676 0.413226 -0.196396
v 0.115033 0.426123 -0.144987
v 0.115033 0.426154 -0.183248
v 0.115033 0.459325 -0.144961
v 0.167157 0.407151 -0.148455
v 0.167157 0.407177 -0.179810
v 0.167157 0.434360 -0.148433
v 0.208017 0.389810 -0.151954
v 0.208017 0.389829 -0.176339
v 0.208017 0.410970 -0.151938
v 0.231063 0.387908 -0.155157
v 0.231063 0.387924 -0.173138
v 0.231063 0.403511 -0.155145
v 0.231063 0.403527 -0.173126
v 0.208017 0.410989 -0.176322
v 0.167157 0.434386 -0.179788
v 0.115033 0.459356 -0.183221
v 0.050461 0.477362 -0.200152
v 0.083394 0.477362 -0.200152
v 0.083394 0.477308 -0.128001
v 0.094651 0.470386 -0.196919
v 0.074941 0.419814 -0.217932
v 0.074941 0.417682 -0.243642
v 0.088145 0.433050 -0.219971
v 0.088145 0.428496 -0.238034
v 0.093754 0.462451 -0.234352
v 0.083394 0.461531 -0.247490
v 0.094429 0.492377 -0.223442
v 0.083394 0.499902 -0.230412
v 0.095381 0.502417 -0.188864
v 0.095381 0.502376 -0.139255
v 0.083394 0.512802 -0.186167
v 0.023129 0.513115 -0.186129
v 0.083394 0.512766 -0.141931
v 0.022651 0.513025 -0.141923
v 0.083394 0.499793 -0.097706
v 0.083394 0.461394 -0.081373
v 0.031190 0.500921 -0.098106
v 0.094429 0.492279 -0.104868
v 0.093754 0.462336 -0.094222
v 0.094651 0.470335 -0.131382
v 0.088145 0.428375 -0.090678
v 0.088145 0.432958 -0.108474
v 0.074941 0.417552 -0.085139
v 0.050461 0.461394 -0.081373
v 0.027748 0.539048 -0.097015
v 0.013691 0.498878 -0.098447
v 0.016968 0.461408 -0.097737
v -0.001837 0.499793 -0.097706
v 0.010295 0.537080 -0.097304
v 0.016968 0.620472 -0.141845
v -0.001837 0.538188 -0.097686
v -0.013975 0.537099 -0.097321
v -0.001837 0.620472 -0.141845
v -0.020641 0.620472 -0.141845
v -0.001837 0.657663 -0.161831
v -0.017644 0.657663 -0.161831
v -0.001837 0.664969 -0.161825
v 0.013969 0.657663 -0.161831
v 0.013969 0.657702 -0.206066
v 0.013969 0.664969 -0.161825
v 0.013969 0.665008 -0.206060
v 0.013969 0.665030 -0.233529
v -0.001837 0.665007 -0.206060
v -0.017644 0.665008 -0.206060
v -0.001837 0.665030 -0.233529
v -0.001837 0.657724 -0.233534
v -0.017644 0.665030 -0.233529
v -0.017644 0.657724 -0.233534
v -0.017644 0.657702 -0.206066
v -0.001837 0.657702 -0.206066
v -0.020320 0.618762 -0.186019
v -0.025787 0.554013 -0.181702
v -0.001838 0.620182 -0.186577
v -0.001946 0.556041 -0.208917
v 0.016613 0.618664 -0.185977
v 0.021741 0.554567 -0.180436
v 0.014253 0.552088 -0.208693
v 0.025143 0.533607 -0.208961
v 0.016968 0.499915 -0.230399
v 0.016968 0.461517 -0.230443
v 0.036852 0.499903 -0.230406
v 0.050461 0.461531 -0.247490
v 0.050353 0.415756 -0.243371
v 0.016968 0.423131 -0.230473
v 0.022171 0.555575 -0.140405
v -0.025924 0.555246 -0.140711
v -0.026248 0.512990 -0.141927
v -0.031435 0.539064 -0.096986
v -0.034864 0.500921 -0.098106
v -0.017365 0.498878 -0.098447
v -0.087068 0.499793 -0.097706
v -0.087068 0.461394 -0.081373
v -0.098102 0.492279 -0.104868
v -0.087068 0.512766 -0.141931
v -0.099056 0.502376 -0.139255
v -0.097429 0.462336 -0.094222
v -0.091820 0.428375 -0.090678
v -0.091820 0.432958 -0.108474
v -0.020641 0.461408 -0.097737
v -0.001837 0.461408 -0.097737
v 0.013969 0.657724 -0.233534
v -0.017644 0.664969 -0.161825
v 0.051173 0.382630 -0.082001
v 0.051173 0.410419 -0.081979
v 0.054289 0.394902 -0.067020
v 0.051173 0.382648 -0.101196
v 0.065706 0.382630 -0.082001
v 0.065706 0.382649 -0.101196
v 0.063539 0.395121 -0.066818
v 0.065706 0.410420 -0.081979
v 0.102804 0.354765 -0.077408
v 0.121671 0.320436 -0.082061
v 0.102423 0.356090 -0.095540
v 0.109841 0.368315 -0.076355
v 0.109459 0.369641 -0.094487
v 0.128139 0.334137 -0.079056
v 0.128249 0.337030 -0.096950
v 0.140996 0.270783 -0.085871
v 0.142645 0.272920 -0.103775
v 0.128702 0.277882 -0.086723
v 0.132809 0.227684 -0.097081
v 0.134145 0.229417 -0.111592
v 0.122844 0.233439 -0.097772
v 0.100625 0.183479 -0.109677
v 0.101649 0.184807 -0.120795
v 0.092990 0.187888 -0.110206
v 0.094014 0.189216 -0.121324
v 0.124181 0.235171 -0.112283
v 0.130351 0.280020 -0.104626
v 0.121781 0.323329 -0.099956
v 0.065706 0.410436 -0.101173
v 0.051173 0.410436 -0.101173
v 0.082656 0.416118 -0.109685
v 0.082656 0.399461 -0.109698
v 0.082656 0.416129 -0.123781
v 0.068122 0.416117 -0.109685
v 0.081962 0.440654 -0.118811
v 0.081962 0.440659 -0.124580
v 0.076014 0.440654 -0.118811
v 0.076014 0.440659 -0.124580
v 0.068122 0.416129 -0.123781
v 0.068122 0.399473 -0.123795
v 0.068122 0.399461 -0.109698
v 0.082656 0.399472 -0.123795
v 0.063205 0.412779 -0.065626
v 0.053956 0.412559 -0.065827
v 0.063060 0.412128 -0.052992
v 0.061178 0.438307 -0.057841
v 0.061079 0.437863 -0.049218
v 0.054865 0.438157 -0.057979
v 0.054766 0.437714 -0.049356
v 0.053809 0.411910 -0.053193
v 0.054143 0.394252 -0.054386
v 0.063393 0.394470 -0.054185
v -0.054847 0.382630 0.117999
v -0.057963 0.394902 0.132980
v -0.054847 0.410419 0.118021
v -0.054847 0.382647 0.098804
v -0.069381 0.382630 0.117999
v -0.069381 0.382648 0.098804
v -0.067213 0.395121 0.133182
v -0.069381 0.410419 0.118021
v -0.106478 0.354764 0.122592
v -0.113514 0.368314 0.123645
v -0.125345 0.320435 0.117939
v -0.106098 0.356089 0.104460
v -0.125455 0.323327 0.100044
v -0.113134 0.369639 0.105513
v -0.069381 0.410436 0.098827
v -0.131922 0.337029 0.103049
v -0.131813 0.334136 0.120944
v -0.146319 0.272919 0.096225
v -0.144670 0.270781 0.114129
v -0.137820 0.229415 0.088408
v -0.134025 0.280019 0.095374
v -0.127854 0.235170 0.087717
v -0.132375 0.277881 0.113277
v -0.126518 0.233438 0.102228
v -0.136483 0.227683 0.102919
v -0.096663 0.187887 0.089794
v -0.104299 0.183478 0.090323
v -0.097688 0.189215 0.078676
v -0.105323 0.184805 0.079205
v -0.054847 0.410436 0.098827
v -0.086330 0.416117 0.090315
v -0.086330 0.399460 0.090302
v -0.086330 0.416129 0.076219
v -0.085636 0.440653 0.081189
v -0.071797 0.416117 0.090315
v -0.071797 0.399460 0.090302
v -0.071797 0.416129 0.076219
v -0.079688 0.440653 0.081189
v -0.079688 0.440658 0.075420
v -0.085636 0.440658 0.075420
v -0.071797 0.399472 0.076205
v -0.086330 0.399472 0.076205
v -0.066880 0.412778 0.134374
v -0.066733 0.412128 0.147008
v -0.064852 0.438307 0.142159
v -0.057630 0.412559 0.134173
v -0.057484 0.411910 0.146807
v -0.058539 0.438157 0.142021
v -0.058440 0.437714 0.150644
v -0.064753 0.437863 0.150782
v -0.057817 0.394252 0.145614
v -0.067066 0.394471 0.145815
v -0.054027 0.415625 0.114684
v -0.078615 0.417552 0.114861
v -0.054135 0.461394 0.118627
v -0.020641 0.423022 0.102233
v -0.062349 0.413173 0.068077
v -0.020641 0.423059 0.057998
v -0.078615 0.419725 0.089525
v -0.054135 0.477303 0.071998
v -0.062349 0.413226 0.003604
v -0.094480 0.426123 0.055013
v -0.094480 0.426154 0.016752
v -0.133847 0.407151 0.051545
v -0.094480 0.459325 0.055039
v -0.133847 0.434360 0.051566
v -0.094480 0.459356 0.016779
v -0.054135 0.477362 -0.000152
v -0.133847 0.434386 0.020212
v -0.133847 0.407177 0.020190
v -0.164706 0.410989 0.023678
v -0.164706 0.389829 0.023661
v -0.177288 0.403527 0.026874
v -0.164706 0.410969 0.048062
v -0.164706 0.389810 0.048046
v -0.177288 0.403511 0.044855
v -0.177288 0.387908 0.044842
v -0.177288 0.387924 0.026862
v -0.087068 0.477362 -0.000152
v -0.078615 0.419814 -0.017932
v -0.098325 0.470386 0.003081
v -0.087068 0.477307 0.071999
v -0.098325 0.470334 0.068618
v -0.099056 0.502376 0.060745
v -0.091820 0.432958 0.091526
v -0.097429 0.462336 0.105778
v -0.091820 0.428375 0.109322
v -0.087068 0.461394 0.118627
v -0.098102 0.492279 0.095132
v -0.087068 0.499793 0.102294
v -0.034864 0.500921 0.101894
v -0.087068 0.512766 0.058069
v -0.026248 0.512990 0.058073
v -0.087068 0.512802 0.013833
v -0.099056 0.502417 0.011136
v -0.087068 0.499902 -0.030412
v -0.026562 0.513037 0.013855
v -0.040525 0.499902 -0.030412
v -0.025787 0.554013 0.018298
v -0.025924 0.555246 0.059289
v -0.030450 0.532286 -0.013670
v -0.020320 0.618762 0.013981
v -0.020641 0.620472 0.058155
v -0.017644 0.657702 -0.006066
v -0.001838 0.620182 0.013423
v -0.018376 0.551815 -0.009833
v -0.001946 0.556041 -0.008917
v -0.020642 0.499913 -0.030399
v -0.001837 0.499903 -0.030412
v -0.020641 0.461517 -0.030443
v -0.001837 0.461517 -0.030443
v -0.020641 0.423131 -0.030473
v -0.054135 0.461531 -0.047490
v -0.087068 0.461531 -0.047490
v -0.054027 0.415756 -0.043371
v -0.078615 0.417682 -0.043642
v -0.091820 0.428496 -0.038034
v -0.091820 0.433050 -0.019971
v -0.097429 0.462451 -0.034352
v -0.098102 0.492377 -0.023442
v -0.001837 0.423131 -0.030473
v -0.020641 0.423094 0.013762
v -0.001837 0.423094 0.013762
v -0.001837 0.423059 0.057998
v 0.016968 0.423094 0.013762
v 0.016968 0.423059 0.057998
v 0.058676 0.413226 0.003604
v 0.016968 0.423131 -0.030473
v 0.050353 0.415756 -0.043371
v 0.016968 0.461517 -0.030443
v 0.016968 0.499915 -0.030399
v 0.050461 0.461531 -0.047490
v 0.083394 0.461531 -0.047490
v 0.036852 0.499903 -0.030406
v 0.025143 0.533607 -0.008961
v 0.023129 0.513115 0.013871
v 0.083394 0.499902 -0.030412
v 0.083394 0.512802 0.013833
v 0.094429 0.492377 -0.023442
v 0.095381 0.502417 0.011136
v 0.093754 0.462451 -0.034352
v 0.094651 0.470386 0.003081
v 0.088145 0.428496 -0.038034
v 0.074941 0.417682 -0.043642
v 0.088145 0.433050 -0.019971
v 0.074941 0.419814 -0.017932
v 0.083394 0.477362 -0.000152
v 0.050461 0.477362 -0.000152
v 0.083394 0.477308 0.071999
v 0.050461 0.477303 0.071998
v 0.094651 0.470335 0.068618
v 0.074941 0.419725 0.089525
v 0.058676 0.413173 0.068077
v 0.088145 0.432958 0.091526
v 0.074941 0.417552 0.114861
v 0.083394 0.461394 0.118627
v 0.050353 0.415625 0.114684
v 0.088145 0.428375 0.109322
v 0.093754 0.462336 0.105778
v 0.094429 0.492279 0.095132
v 0.083394 0.499793 0.102294
v 0.095381 0.502376 0.060745
v 0.083394 0.512766 0.058069
v 0.022651 0.513025 0.058077
v 0.022171 0.555575 0.059595
v 0.031190 0.500921 0.101894
v 0.050461 0.461394 0.118627
v 0.027748 0.539048 0.102985
v 0.013691 0.498878 0.101553
v 0.016968 0.461408 0.102263
v -0.001837 0.499793 0.102294
v 0.010295 0.537080 0.102696
v 0.016968 0.620472 0.058155
v -0.001837 0.538188 0.102314
v -0.013975 0.537099 0.102679
v -0.001837 0.620472 0.058155
v -0.001837 0.657663 0.038169
v -0.001837 0.664969 0.038175
v 0.013969 0.657663 0.038169
v -0.017644 0.657663 0.038169
v -0.017644 0.664969 0.038175
v -0.017644 0.665008 -0.006060
v -0.001837 0.665007 -0.006060
v -0.017644 0.665030 -0.033529
v -0.017644 0.657724 -0.033534
v -0.001837 0.665030 -0.033529
v -0.001837 0.657724 -0.033534
v 0.013969 0.665030 -0.033529
v 0.013969 0.657724 -0.033534
v 0.013969 0.665008 -0.006060
v 0.013969 0.664969 0.038175
v 0.013969 0.657702 -0.006066
v 0.016613 0.618664 0.014023
v -0.001837 0.657702 -0.006066
v 0.021741 0.554567 0.019564
v 0.014253 0.552088 -0.008693
v -0.031435 0.539064 0.103014
v -0.017365 0.498878 0.101553
v -0.020641 0.461408 0.102263
v -0.001837 0.461408 0.102263
v -0.001837 0.423022 0.102233
v 0.016968 0.423022 0.102233
v 0.115033 0.426123 0.055013
v 0.115033 0.426154 0.016752
v 0.115033 0.459325 0.055039
v 0.167157 0.407151 0.051545
v 0.167157 0.407177 0.020190
v 0.167157 0.434360 0.051567
v 0.208017 0.389810 0.048046
v 0.208017 0.389829 0.023661
v 0.208017 0.410970 0.048062
v 0.231063 0.387908 0.044843
v 0.231063 0.387924 0.026862
v 0.231063 0.403511 0.044855
v 0.231063 0.403527 0.026874
v 0.208017 0.410989 0.023678
v 0.167157 0.434386 0.020212
v 0.115033 0.459356 0.016779
v 0.051173 0.382630 0.117999
v 0.051173 0.410419 0.118021
v 0.054289 0.394902 0.132980
v 0.051173 0.382648 0.098804
v 0.065706 0.382630 0.117999
v 0.065706 0.382649 0.098804
v 0.063539 0.395121 0.133182
v 0.065706 0.410420 0.118021
v 0.102804 0.354765 0.122592
v 0.109841 0.368315 0.123645
v 0.121671 0.320436 0.117939
v 0.102423 0.356090 0.104460
v 0.109459 0.369641 0.105513
v 0.121781 0.323329 0.100044
v 0.128249 0.337030 0.103050
v 0.130351 0.280020 0.095374
v 0.124181 0.235171 0.087717
v 0.142645 0.272920 0.096225
v 0.128702 0.277882 0.113277
v 0.140996 0.270783 0.114129
v 0.122844 0.233439 0.102228
v 0.092990 0.187888 0.089794
v 0.132809 0.227684 0.102919
v 0.134145 0.229417 0.088408
v 0.100625 0.183479 0.090323
v 0.101649 0.184807 0.079205
v 0.094014 0.189216 0.078676
v 0.128139 0.334137 0.120944
v 0.065706 0.410436 0.098827
v 0.051173 0.410436 0.098827
v 0.082656 0.416118 0.090315
v 0.082656 0.399461 0.090302
v 0.082656 0.416129 0.076219
v 0.068122 0.416117 0.090315
v 0.081962 0.440654 0.081189
v 0.081962 0.440659 0.075420
v 0.076014 0.440654 0.081189
v 0.076014 0.440659 0.075420
v 0.068122 0.416129 0.076219
v 0.068122 0.399473 0.076205
v 0.068122 0.399461 0.090302
v 0.082656 0.399472 0.076205
v 0.063205 0.412779 0.134374
v 0.063060 0.412128 0.147008
v 0.061178 0.438307 0.142159
v 0.053956 0.412559 0.134173
v 0.053809 0.411910 0.146807
v 0.054865 0.438157 0.142021
v 0.054766 0.437714 0.150644
v 0.061079 0.437863 0.150782
v 0.054143 0.394252 0.145614
v 0.063393 0.394470 0.145815
v -0.054847 0.382630 0.317999
v -0.057963 0.394902 0.332980
v -0.054847 0.410419 0.318021
v -0.054847 0.382647 0.298804
v -0.069381 0.382630 0.317999
v -0.069381 0.382648 0.298804
v -0.067213 0.395121 0.333182
v -0.069381 0.410419 0.318021
v -0.106478 0.354764 0.322592
v -0.113514 0.368314 0.323645
v -0.125345 0.320435 0.317939
v -0.106098 0.356089 0.304460
v -0.125455 0.323327 0.300044
v -0.113134 0.369639 0.305513
v -0.131922 0.337029 0.303049
v -0.069381 0.410436 0.298827
v -0.054847 0.410436 0.298827
v -0.086330 0.416117 0.290315
v -0.086330 0.399460 0.290302
v -0.086330 0.416129 0.276219
v -0.085636 0.440653 0.281189
v -0.071797 0.416117 0.290315
v -0.071797 0.416129 0.276219
v -0.079688 0.440653 0.281189
v -0.071797 0.399460 0.290302
v -0.071797 0.399472 0.276205
v -0.086330 0.399472 0.276205
v -0.079688 0.440658 0.275420
v -0.085636 0.440658 0.275420
v -0.131813 0.334136 0.320944
v -0.146319 0.272919 0.296225
v -0.144670 0.270781 0.314129
v -0.137820 0.229415 0.288408
v -0.134025 0.280019 0.295374
v -0.132375 0.277881 0.313277
v -0.127854 0.235170 0.287717
v -0.126518 0.233438 0.302228
v -0.097688 0.189215 0.278676
v -0.096663 0.187887 0.289794
v -0.105323 0.184805 0.279205
v -0.104299 0.183478 0.290323
v -0.136483 0.227683 0.302919
v -0.066880 0.412778 0.334374
v -0.066733 0.412128 0.347008
v -0.064852 0.438307 0.342159
v -0.057630 0.412559 0.334173
v -0.057484 0.411910 0.346807
v -0.058539 0.438157 0.342021
v -0.058440 0.437714 0.350644
v -0.064753 0.437863 0.350782
v -0.057817 0.394252 0.345614
v -0.067066 0.394471 0.345815
v -0.054027 0.415625 0.314684
v -0.078615 0.417552 0.314861
v -0.054135 0.461394 0.318627
v -0.020641 0.423022 0.302233
v -0.062349 0.413173 0.268077
v -0.020641 0.423059 0.257998
v -0.078615 0.419725 0.289525
v -0.054135 0.477303 0.271998
v -0.062349 0.413226 0.203604
v -0.094480 0.426123 0.255013
v -0.094480 0.426154 0.216752
v -0.133847 0.407151 0.251545
v -0.094480 0.459325 0.255039
v -0.094480 0.459356 0.216779
v -0.133847 0.434360 0.251566
v -0.164706 0.410969 0.248062
v -0.133847 0.434386 0.220212
v -0.133847 0.407177 0.220190
v -0.164706 0.410989 0.223678
v -0.177288 0.403527 0.226874
v -0.164706 0.389829 0.223661
v -0.164706 0.389810 0.248046
v -0.177288 0.387924 0.226862
v -0.177288 0.387908 0.244842
v -0.177288 0.403511 0.244855
v -0.054135 0.477362 0.199848
v -0.087068 0.477362 0.199848
v -0.098325 0.470386 0.203081
v -0.087068 0.477307 0.271999
v -0.078615 0.419814 0.182068
v -0.091820 0.433050 0.180029
v -0.078615 0.417682 0.156358
v -0.054027 0.415756 0.156629
v -0.091820 0.428496 0.161966
v -0.087068 0.461531 0.152510
v -0.097429 0.462451 0.165648
v -0.087068 0.499902 0.169588
v -0.054135 0.461531 0.152510
v -0.040525 0.499902 0.169588
v -0.020641 0.461517 0.169557
v -0.020642 0.499913 0.169601
v -0.001837 0.461517 0.169557
v -0.020641 0.423131 0.169527
v -0.001837 0.423131 0.169527
v -0.020641 0.423094 0.213762
v -0.001837 0.423094 0.213762
v -0.001837 0.423059 0.257998
v 0.016968 0.423094 0.213762
v 0.016968 0.423059 0.257998
v 0.058676 0.413226 0.203604
v 0.016968 0.423131 0.169527
v 0.016968 0.461517 0.169557
v 0.050353 0.415756 0.156629
v 0.074941 0.417682 0.156358
v 0.050461 0.461531 0.152510
v 0.036852 0.499903 0.169594
v 0.083394 0.461531 0.152510
v 0.083394 0.499902 0.169588
v 0.093754 0.462451 0.165648
v 0.094429 0.492377 0.176558
v 0.094651 0.470386 0.203081
v 0.088145 0.428496 0.161966
v 0.088145 0.433050 0.180029
v 0.074941 0.419814 0.182068
v 0.083394 0.477362 0.199848
v 0.050461 0.477362 0.199848
v 0.083394 0.477308 0.271999
v 0.050461 0.477303 0.271998
v 0.094651 0.470335 0.268618
v 0.074941 0.419725 0.289525
v 0.058676 0.413173 0.268077
v 0.088145 0.432958 0.291526
v 0.074941 0.417552 0.314861
v 0.088145 0.428375 0.309322
v 0.083394 0.461394 0.318627
v 0.050353 0.415625 0.314684
v 0.050461 0.461394 0.318627
v 0.016968 0.423022 0.302233
v 0.016968 0.461408 0.302263
v -0.001837 0.423022 0.302233
v -0.001837 0.461408 0.302263
v -0.001837 0.499793 0.302294
v -0.020641 0.461408 0.302263
v -0.017365 0.498878 0.301553
v -0.013975 0.537099 0.302679
v -0.034864 0.500921 0.301894
v -0.087068 0.499793 0.302294
v -0.026248 0.512990 0.258073
v -0.031435 0.539064 0.303014
v -0.025924 0.555246 0.259289
v -0.025787 0.554013 0.218298
v -0.020641 0.620472 0.258155
v -0.020320 0.618762 0.213981
v -0.001837 0.620472 0.258155
v -0.017644 0.657663 0.238169
v -0.017644 0.657702 0.193934
v -0.001837 0.657663 0.238169
v -0.017644 0.664969 0.238175
v -0.017644 0.665008 0.193940
v -0.001837 0.664969 0.238175
v -0.001837 0.665007 0.193940
v 0.013969 0.664969 0.238175
v 0.013969 0.665008 0.193940
v 0.013969 0.657663 0.238169
v 0.013969 0.657702 0.193934
v 0.016968 0.620472 0.258155
v 0.016613 0.618664 0.214023
v 0.022171 0.555575 0.259595
v 0.010295 0.537080 0.302696
v 0.027748 0.539048 0.302985
v -0.001837 0.538188 0.302314
v 0.013691 0.498878 0.301553
v 0.031190 0.500921 0.301894
v 0.083394 0.499793 0.302294
v 0.022651 0.513025 0.258077
v 0.083394 0.512766 0.258069
v 0.023129 0.513115 0.213871
v 0.021741 0.554567 0.219564
v 0.083394 0.512802 0.213833
v 0.095381 0.502417 0.211136
v 0.095381 0.502376 0.260745
v 0.094429 0.492279 0.295132
v 0.093754 0.462336 0.305778
v 0.025143 0.533607 0.191039
v 0.014253 0.552088 0.191307
v -0.001946 0.556041 0.191083
v 0.016968 0.499915 0.169601
v -0.001837 0.499903 0.169588
v -0.001838 0.620182 0.213423
v -0.018376 0.551815 0.190167
v -0.030450 0.532286 0.186330
v -0.001837 0.657702 0.193934
v -0.001837 0.657724 0.166466
v -0.017644 0.657724 0.166466
v 0.013969 0.657724 0.166466
v -0.001837 0.665030 0.166471
v -0.017644 0.665030 0.166471
v 0.013969 0.665030 0.166471
v -0.026562 0.513037 0.213855
v -0.087068 0.512802 0.213833
v -0.099056 0.502417 0.211136
v -0.087068 0.512766 0.258069
v -0.099056 0.502376 0.260745
v -0.098102 0.492279 0.295132
v -0.098325 0.470334 0.268618
v -0.091820 0.432958 0.291526
v -0.097429 0.462336 0.305778
v -0.087068 0.461394 0.318627
v -0.091820 0.428375 0.309322
v -0.098102 0.492377 0.176558
v 0.115033 0.426123 0.255013
v 0.115033 0.426154 0.216752
v 0.115033 0.459325 0.255039
v 0.167157 0.407151 0.251545
v 0.167157 0.407177 0.220190
v 0.167157 0.434360 0.251567
v 0.208017 0.389810 0.248046
v 0.208017 0.389829 0.223661
v 0.208017 0.410970 0.248062
v 0.231063 0.387908 0.244843
v 0.231063 0.387924 0.226862
v 0.231063 0.403511 0.244855
v 0.231063 0.403527 0.226874
v 0.208017 0.410989 0.223678
v 0.167157 0.434386 0.220212
v 0.115033 0.459356 0.216779
v 0.051173 0.382630 0.317999
v 0.051173 0.410419 0.318021
v 0.054289 0.394902 0.332980
v 0.051173 0.382648 0.298804
v 0.065706 0.382630 0.317999
v 0.065706 0.382649 0.298804
v 0.063539 0.395121 0.333182
v 0.065706 0.410420 0.318021
v 0.102804 0.354765 0.322592
v 0.109841 0.368315 0.323645
v 0.121671 0.320436 0.317939
v 0.102423 0.356090 0.304460
v 0.109459 0.369641 0.305513
v 0.121781 0.323329 0.300044
v 0.130351 0.280020 0.295374
v 0.128249 0.337030 0.303050
v 0.128139 0.334137 0.320944
v 0.142645 0.272920 0.296225
v 0.140996 0.270783 0.314129
v 0.134145 0.229417 0.288408
v 0.132809 0.227684 0.302919
v 0.101649 0.184807 0.279205
v 0.124181 0.235171 0.287717
v 0.094014 0.189216 0.278676
v 0.122844 0.233439 0.302228
v 0.128702 0.277882 0.313277
v 0.092990 0.187888 0.289794
v 0.100625 0.183479 0.290323
v 0.065706 0.410436 0.298827
v 0.051173 0.410436 0.298827
v 0.082656 0.416118 0.290315
v 0.082656 0.399461 0.290302
v 0.082656 0.416129 0.276219
v 0.068122 0.416117 0.290315
v 0.081962 0.440654 0.281189
v 0.076014 0.440654 0.281189
v 0.081962 0.440659 0.275420
v 0.076014 0.440659 0.275420
v 0.068122 0.416129 0.276219
v 0.068122 0.399473 0.276205
v 0.068122 0.399461 0.290302
v 0.082656 0.399472 0.276205
v 0.063205 0.412779 0.334374
v 0.063060 0.412128 0.347008
v 0.061178 0.438307 0.342159
v 0.053956 0.412559 0.334173
v 0.053809 0.411910 0.346807
v 0.054865 0.438157 0.342021
v 0.054766 0.437714 0.350644
v 0.061079 0.437863 0.350782
v 0.054143 0.394252 0.345614
v 0.063393 0.394470 0.345815
v -0.054027 0.369041 -0.449900
v -0.054135 0.365775 -0.495723
v -0.020641 0.355586 -0.455258
v -0.078615 0.368914 -0.451831
v -0.062349 0.323391 -0.440187
v -0.078615 0.343550 -0.450014
v -0.020641 0.311889 -0.448375
v -0.062349 0.259703 -0.430154
v -0.054135 0.317231 -0.504142
v -0.094480 0.308462 -0.450934
v -0.094480 0.303294 -0.483732
v -0.094480 0.270667 -0.444980
v -0.133847 0.308005 -0.431653
v -0.133847 0.277031 -0.426774
v -0.133847 0.303769 -0.458531
v -0.164706 0.307261 -0.413978
v -0.164706 0.303967 -0.434879
v -0.177288 0.304394 -0.411599
v -0.164706 0.283174 -0.410183
v -0.164706 0.279880 -0.431085
v -0.177288 0.286633 -0.408802
v -0.177288 0.284204 -0.424214
v -0.177288 0.301966 -0.427012
v -0.133847 0.272797 -0.453651
v -0.094480 0.265500 -0.477778
v -0.054135 0.245961 -0.492913
v -0.087068 0.245961 -0.492913
v -0.087068 0.317232 -0.504146
v -0.078615 0.237402 -0.433292
v -0.098325 0.250245 -0.486528
v -0.098325 0.314983 -0.496729
v -0.091820 0.233318 -0.446046
v -0.099056 0.253190 -0.519425
v -0.097429 0.214514 -0.472835
v -0.091820 0.216189 -0.438723
v -0.087068 0.201682 -0.469872
v -0.098102 0.220609 -0.504100
v -0.087068 0.212547 -0.510442
v -0.040525 0.212547 -0.510442
v -0.087068 0.254229 -0.530105
v -0.026562 0.254214 -0.530340
v -0.087068 0.297926 -0.536988
v -0.099056 0.302195 -0.527145
v -0.087068 0.343636 -0.531094
v -0.026248 0.297895 -0.537211
v -0.034864 0.343065 -0.532146
v -0.025924 0.292486 -0.579136
v -0.031435 0.338204 -0.569994
v -0.020641 0.281162 -0.643382
v -0.025787 0.252193 -0.571507
v -0.020320 0.237800 -0.634783
v -0.030450 0.224017 -0.545046
v -0.018376 0.224752 -0.564935
v -0.001946 0.224995 -0.569252
v -0.020642 0.212558 -0.510454
v -0.020641 0.218521 -0.472524
v -0.001838 0.212547 -0.510443
v 0.016968 0.212558 -0.510456
v -0.001838 0.218521 -0.472524
v -0.001838 0.224496 -0.434606
v 0.016968 0.218521 -0.472524
v 0.050461 0.201682 -0.469872
v 0.016968 0.224496 -0.434606
v 0.016968 0.268192 -0.441490
v 0.050353 0.212911 -0.425304
v 0.058676 0.259703 -0.430154
v 0.074941 0.212342 -0.427165
v 0.083394 0.201682 -0.469872
v 0.088145 0.216189 -0.438723
v 0.074941 0.237402 -0.433292
v 0.088145 0.233318 -0.446046
v 0.083394 0.245961 -0.492913
v 0.094651 0.250245 -0.486528
v 0.050461 0.245961 -0.492913
v 0.083394 0.317232 -0.504147
v 0.094651 0.314983 -0.496730
v 0.050461 0.317231 -0.504142
v 0.074941 0.343550 -0.450014
v 0.058676 0.323391 -0.440187
v 0.088145 0.343456 -0.463397
v 0.074941 0.368914 -0.451831
v 0.050353 0.369041 -0.449900
v 0.088145 0.361750 -0.461654
v 0.083394 0.365775 -0.495723
v 0.093754 0.352937 -0.494643
v 0.050461 0.365775 -0.495723
v 0.083394 0.343636 -0.531094
v 0.031190 0.343065 -0.532146
v 0.083394 0.297926 -0.536988
v 0.094429 0.337738 -0.522552
v 0.095381 0.302195 -0.527145
v 0.095381 0.253190 -0.519425
v 0.083394 0.254229 -0.530105
v 0.094429 0.220609 -0.504100
v 0.083394 0.212547 -0.510442
v 0.093754 0.214514 -0.472835
v 0.036852 0.212553 -0.510444
v 0.023129 0.254218 -0.530419
v 0.025143 0.228461 -0.547088
v 0.014253 0.225835 -0.565382
v 0.021741 0.253356 -0.572252
v 0.016613 0.237856 -0.634693
v 0.022171 0.292737 -0.579510
v 0.016968 0.281162 -0.643382
v 0.027748 0.338178 -0.569974
v 0.022651 0.297894 -0.537246
v 0.010295 0.338200 -0.567985
v -0.001838 0.337650 -0.569019
v 0.013691 0.343047 -0.530075
v 0.016968 0.349610 -0.493176
v -0.001838 0.343636 -0.531094
v -0.001838 0.349610 -0.493176
v -0.017365 0.343047 -0.530075
v -0.020641 0.349610 -0.493176
v -0.013975 0.338181 -0.568000
v -0.001838 0.355586 -0.455258
v 0.016968 0.355586 -0.455258
v -0.001838 0.311889 -0.448375
v -0.001838 0.268192 -0.441490
v 0.016968 0.311889 -0.448375
v -0.020641 0.268192 -0.441490
v -0.020641 0.224496 -0.434606
v -0.054027 0.212911 -0.425304
v -0.078615 0.212342 -0.427165
v -0.054135 0.201682 -0.469872
v -0.001838 0.281162 -0.643382
v -0.001838 0.255605 -0.676989
v -0.017644 0.255605 -0.676989
v -0.001838 0.254467 -0.684206
v 0.013969 0.255605 -0.676989
v 0.013969 0.254467 -0.684206
v 0.013969 0.211908 -0.670107
v 0.013969 0.210771 -0.677324
v -0.001838 0.211908 -0.670107
v 0.013969 0.184775 -0.665832
v -0.001838 0.184775 -0.665832
v 0.013969 0.183637 -0.673049
v -0.001838 0.183637 -0.673049
v -0.001838 0.210771 -0.677323
v -0.017644 0.183637 -0.673049
v -0.017644 0.184775 -0.665832
v -0.017644 0.210771 -0.677324
v -0.017644 0.211908 -0.670107
v -0.017644 0.254467 -0.684206
v -0.001838 0.237027 -0.636098
v 0.115033 0.308462 -0.450934
v 0.115033 0.303294 -0.483732
v 0.115033 0.270667 -0.444980
v 0.167157 0.308005 -0.431653
v 0.167157 0.277031 -0.426774
v 0.167157 0.303770 -0.458531
v 0.208017 0.307261 -0.413978
v 0.208017 0.283174 -0.410183
v 0.208017 0.303967 -0.434880
v 0.231063 0.304395 -0.411599
v 0.231063 0.286633 -0.408802
v 0.231063 0.301966 -0.427012
v 0.231063 0.284204 -0.424214
v 0.208017 0.279880 -0.431085
v 0.167157 0.272797 -0.453651
v 0.115033 0.265500 -0.477778
v -0.087068 0.365775 -0.495723
v -0.098102 0.337738 -0.522552
v -0.097429 0.352937 -0.494643
v -0.091820 0.361750 -0.461654
v -0.091820 0.343456 -0.463397
v -0.052823 0.387935 -0.138812
v -0.052823 0.397914 -0.164748
v -0.052823 0.370021 -0.145707
v -0.055939 0.406318 -0.144900
v -0.067357 0.387935 -0.138812
v -0.065189 0.406585 -0.145033
v -0.067357 0.370021 -0.145708
v -0.104454 0.382236 -0.111151
v -0.067357 0.397914 -0.164748
v -0.064855 0.414026 -0.161090
v -0.111490 0.388075 -0.123424
v -0.067357 0.380001 -0.171642
v -0.052823 0.380001 -0.171642
v -0.084306 0.374090 -0.179996
v -0.111110 0.371622 -0.131159
v -0.104074 0.365783 -0.118886
v -0.129898 0.357635 -0.101598
v -0.129789 0.373305 -0.092484
v -0.144295 0.328290 -0.044191
v -0.123431 0.349920 -0.089883
v -0.123321 0.365590 -0.080770
v -0.132000 0.330040 -0.051125
v -0.125830 0.306819 -0.011998
v -0.130351 0.345988 -0.042713
v -0.142646 0.344238 -0.035779
v -0.124494 0.319745 -0.005181
v -0.094639 0.291814 0.032888
v -0.134459 0.318328 0.000439
v -0.135795 0.305402 -0.006378
v -0.102274 0.290727 0.037194
v -0.103299 0.280823 0.031971
v -0.095664 0.281910 0.027664
v -0.069772 0.374090 -0.179996
v -0.084306 0.368109 -0.164450
v -0.084306 0.360934 -0.185059
v -0.083612 0.374363 -0.206173
v -0.083612 0.368979 -0.208245
v -0.077664 0.374363 -0.206173
v -0.077664 0.368979 -0.208245
v -0.069772 0.360934 -0.185059
v -0.069772 0.354952 -0.169514
v -0.069772 0.368109 -0.164450
v -0.084306 0.354952 -0.169514
v -0.055605 0.413760 -0.160957
v -0.064709 0.425588 -0.155955
v -0.062828 0.430443 -0.182133
v -0.062729 0.438334 -0.178628
v -0.056515 0.430260 -0.182042
v -0.056415 0.438152 -0.178539
v -0.055460 0.425322 -0.155824
v -0.055792 0.417880 -0.139766
v -0.065042 0.418147 -0.139899
v -0.052824 0.347935 -0.188812
v -0.052824 0.357914 -0.214748
v -0.052824 0.330021 -0.195707
v -0.055939 0.366318 -0.194900
v -0.067357 0.347935 -0.188812
v -0.065189 0.366585 -0.195033
v -0.067357 0.330021 -0.195708
v -0.104454 0.342236 -0.161151
v -0.067357 0.357914 -0.214748
v -0.064855 0.374026 -0.211090
v -0.111490 0.348075 -0.173424
v -0.067357 0.340001 -0.221642
v -0.111110 0.331622 -0.181159
v -0.052824 0.340001 -0.221642
v -0.084306 0.334090 -0.229996
v -0.069773 0.334090 -0.229996
v -0.084306 0.328109 -0.214450
v -0.084306 0.320934 -0.235059
v -0.083612 0.334363 -0.256173
v -0.083612 0.328979 -0.258245
v -0.077664 0.334363 -0.256173
v -0.077664 0.328979 -0.258245
v -0.069773 0.320934 -0.235059
v -0.069773 0.314952 -0.219514
v -0.069773 0.328109 -0.214450
v -0.084306 0.314952 -0.219514
v -0.104074 0.325783 -0.168886
v -0.129899 0.317636 -0.151598
v -0.123431 0.309920 -0.139883
v -0.129789 0.333305 -0.142484
v -0.144295 0.288290 -0.094191
v -0.142646 0.304238 -0.085779
v -0.132001 0.290040 -0.101125
v -0.135796 0.265402 -0.056378
v -0.134459 0.278328 -0.049561
v -0.125830 0.266819 -0.061998
v -0.103299 0.240823 -0.018029
v -0.102275 0.250727 -0.012806
v -0.095665 0.241910 -0.022336
v -0.094639 0.251814 -0.017112
v -0.124494 0.279745 -0.055181
v -0.130352 0.305988 -0.092713
v -0.123321 0.325590 -0.130770
v -0.055606 0.373760 -0.210957
v -0.064709 0.385588 -0.205956
v -0.062828 0.390443 -0.232133
v -0.062729 0.398334 -0.228628
v -0.056515 0.390260 -0.232042
v -0.056416 0.398152 -0.228539
v -0.055460 0.385322 -0.205824
v -0.055793 0.377880 -0.189766
v -0.065042 0.378147 -0.189899
v -0.052823 0.387935 0.061188
v -0.052823 0.397914 0.035252
v -0.052823 0.370021 0.054293
v -0.055939 0.406318 0.055100
v -0.067357 0.387935 0.061188
v -0.065189 0.406585 0.054967
v -0.067357 0.370021 0.054292
v -0.104454 0.382236 0.088849
v -0.067357 0.397914 0.035252
v -0.064855 0.414026 0.038910
v -0.111490 0.388075 0.076576
v -0.067357 0.380001 0.028358
v -0.052823 0.380001 0.028358
v -0.084306 0.374090 0.020004
v -0.111110 0.371622 0.068841
v -0.104074 0.365783 0.081114
v -0.129898 0.357635 0.098402
v -0.129789 0.373305 0.107516
v -0.144295 0.328290 0.155809
v -0.123431 0.349920 0.110117
v -0.123321 0.365590 0.119230
v -0.132000 0.330040 0.148875
v -0.125830 0.306819 0.188002
v -0.130351 0.345988 0.157287
v -0.142646 0.344238 0.164221
v -0.124494 0.319745 0.194819
v -0.094639 0.291814 0.232888
v -0.134459 0.318328 0.200439
v -0.135795 0.305402 0.193622
v -0.102274 0.290727 0.237194
v -0.103299 0.280823 0.231971
v -0.095664 0.281910 0.227664
v -0.069772 0.374090 0.020004
v -0.084306 0.368109 0.035550
v -0.084306 0.360934 0.014941
v -0.083612 0.374363 -0.006173
v -0.083612 0.368979 -0.008245
v -0.077664 0.374363 -0.006173
v -0.077664 0.368979 -0.008245
v -0.069772 0.360934 0.014941
v -0.069772 0.354952 0.030487
v -0.069772 0.368109 0.035550
v -0.084306 0.354952 0.030487
v -0.055605 0.413760 0.039043
v -0.064709 0.425588 0.044044
v -0.062828 0.430443 0.017867
v -0.062729 0.438334 0.021372
v -0.056515 0.430260 0.017958
v -0.056415 0.438152 0.021461
v -0.055460 0.425322 0.044176
v -0.055792 0.417880 0.060234
v -0.065042 0.418147 0.060101
v -0.052824 0.347935 0.011188
v -0.052824 0.357914 -0.014748
v -0.052824 0.330021 0.004293
v -0.055939 0.366318 0.005100
v -0.067357 0.347935 0.011188
v -0.065189 0.366585 0.004967
v -0.067357 0.330021 0.004292
v -0.104454 0.342236 0.038849
v -0.067357 0.357914 -0.014748
v -0.064855 0.374026 -0.011090
v -0.111490 0.348075 0.026576
v -0.067357 0.340001 -0.021642
v -0.111110 0.331622 0.018841
v -0.052824 0.340001 -0.021642
v -0.084306 0.334090 -0.029996
v -0.069773 0.334090 -0.029996
v -0.084306 0.328109 -0.014450
v -0.084306 0.320934 -0.035059
v -0.083612 0.334363 -0.056173
v -0.083612 0.328979 -0.058245
v -0.077664 0.334363 -0.056173
v -0.077664 0.328979 -0.058245
v -0.069773 0.320934 -0.035059
v -0.069773 0.314952 -0.019514
v -0.069773 0.328109 -0.014450
v -0.084306 0.314952 -0.019514
v -0.104074 0.325783 0.031114
v -0.129899 0.317636 0.048402
v -0.123431 0.309920 0.060117
v -0.129789 0.333305 0.057516
v -0.144295 0.288290 0.105809
v -0.142646 0.304238 0.114221
v -0.132001 0.290040 0.098875
v -0.135796 0.265402 0.143622
v -0.134459 0.278328 0.150439
v -0.125830 0.266819 0.138002
v -0.103299 0.240823 0.181971
v -0.102275 0.250727 0.187194
v -0.095665 0.241910 0.177664
v -0.094639 0.251814 0.182888
v -0.124494 0.279745 0.144819
v -0.130352 0.305988 0.107287
v -0.123321 0.325590 0.069230
v -0.055606 0.373760 -0.010957
v -0.064709 0.385588 -0.005956
v -0.062828 0.390443 -0.032133
v -0.062729 0.398334 -0.028628
v -0.056515 0.390260 -0.032042
v -0.056416 0.398152 -0.028539
v -0.055460 0.385322 -0.005824
v -0.055793 0.377880 0.010234
v -0.065042 0.378147 0.010101
v -0.052823 0.387935 -0.338812
v -0.052823 0.397914 -0.364748
v -0.052823 0.370021 -0.345707
v -0.055939 0.406318 -0.344900
v -0.067357 0.387935 -0.338812
v -0.065189 0.406585 -0.345033
v -0.067357 0.370021 -0.345708
v -0.104454 0.382236 -0.311151
v -0.067357 0.397914 -0.364748
v -0.064855 0.414026 -0.361090
v -0.111490 0.388075 -0.323424
v -0.067357 0.380001 -0.371642
v -0.052823 0.380001 -0.371642
v -0.084306 0.374090 -0.379996
v -0.111110 0.371622 -0.331159
v -0.104074 0.365783 -0.318886
v -0.129898 0.357635 -0.301598
v -0.129789 0.373305 -0.292484
v -0.144295 0.328290 -0.244191
v -0.123431 0.349920 -0.289883
v -0.123321 0.365590 -0.280770
v -0.132000 0.330040 -0.251125
v -0.125830 0.306819 -0.211998
v -0.130351 0.345988 -0.242713
v -0.142646 0.344238 -0.235779
v -0.124494 0.319745 -0.205181
v -0.094639 0.291814 -0.167112
v -0.134459 0.318328 -0.199561
v -0.135795 0.305402 -0.206378
v -0.102274 0.290727 -0.162806
v -0.103299 0.280823 -0.168029
v -0.095664 0.281910 -0.172336
v -0.069772 0.374090 -0.379996
v -0.084306 0.368109 -0.364450
v -0.084306 0.360934 -0.385059
v -0.083612 0.374363 -0.406173
v -0.083612 0.368979 -0.408245
v -0.077664 0.374363 -0.406173
v -0.077664 0.368979 -0.408245
v -0.069772 0.360934 -0.385059
v -0.069772 0.354952 -0.369514
v -0.069772 0.368109 -0.364450
v -0.084306 0.354952 -0.369514
v -0.055605 0.413760 -0.360957
v -0.064709 0.425588 -0.355956
v -0.062828 0.430443 -0.382133
v -0.062729 0.438334 -0.378628
v -0.056515 0.430260 -0.382042
v -0.056415 0.438152 -0.378539
v -0.055460 0.425322 -0.355824
v -0.055792 0.417880 -0.339766
v -0.065042 0.418147 -0.339899
v -0.052824 0.347935 -0.388812
v -0.052824 0.357914 -0.414748
v -0.052824 0.330021 -0.395707
v -0.055939 0.366318 -0.394900
v -0.067357 0.347935 -0.388812
v -0.065189 0.366585 -0.395033
v -0.067357 0.330021 -0.395708
v -0.104454 0.342236 -0.361151
v -0.067357 0.357914 -0.414748
v -0.064855 0.374026 -0.411090
v -0.111490 0.348075 -0.373424
v -0.067357 0.340001 -0.421642
v -0.111110 0.331622 -0.381159
v -0.052824 0.340001 -0.421642
v -0.084306 0.334090 -0.429996
v -0.069773 0.334090 -0.429996
v -0.084306 0.328109 -0.414450
v -0.084306 0.320934 -0.435059
v -0.083612 0.334363 -0.456173
v -0.083612 0.328979 -0.458245
v -0.077664 0.334363 -0.456173
v -0.077664 0.328979 -0.458245
v -0.069773 0.320934 -0.435059
v -0.069773 0.314952 -0.419514
v -0.069773 0.328109 -0.414450
v -0.084306 0.314952 -0.419514
v -0.104074 0.325783 -0.368886
v -0.129899 0.317636 -0.351598
v -0.123431 0.309920 -0.339883
v -0.129789 0.333305 -0.342484
v -0.144295 0.288290 -0.294191
v -0.142646 0.304238 -0.285779
v -0.132001 0.290040 -0.301125
v -0.135796 0.265402 -0.256378
v -0.134459 0.278328 -0.249561
v -0.125830 0.266819 -0.261998
v -0.103299 0.240823 -0.218029
v -0.102275 0.250727 -0.212806
v -0.095665 0.241910 -0.222336
v -0.094639 0.251814 -0.217112
v -0.124494 0.279745 -0.255181
v -0.130352 0.305988 -0.292713
v -0.123321 0.325590 -0.330770
v -0.055606 0.373760 -0.410957
v -0.064709 0.385588 -0.405956
v -0.062828 0.390443 -0.432133
v -0.062729 0.398334 -0.428628
v -0.056515 0.390260 -0.432042
v -0.056416 0.398152 -0.428539
v -0.055460 0.385322 -0.405824
v -0.055793 0.377880 -0.389766
v -0.065042 0.378147 -0.389899
v -0.052823 0.387935 0.261188
v -0.052823 0.397914 0.235252
v -0.052823 0.370021 0.254293
v -0.055939 0.406318 0.255100
v -0.067357 0.387935 0.261188
v -0.065189 0.406585 0.254967
v -0.067357 0.370021 0.254292
v -0.104454 0.382236 0.288849
v -0.067357 0.397914 0.235252
v -0.064855 0.414026 0.238910
v -0.111490 0.388075 0.276576
v -0.067357 0.380001 0.228358
v -0.052823 0.380001 0.228358
v -0.084306 0.374090 0.220004
v -0.111110 0.371622 0.268841
v -0.104074 0.365783 0.281114
v -0.129898 0.357635 0.298402
v -0.129789 0.373305 0.307516
v -0.144295 0.328290 0.355809
v -0.123431 0.349920 0.310117
v -0.123321 0.365590 0.319230
v -0.132000 0.330040 0.348875
v -0.125830 0.306819 0.388002
v -0.130351 0.345988 0.357287
v -0.142646 0.344238 0.364221
v -0.124494 0.319745 0.394819
v -0.094639 0.291814 0.432888
v -0.134459 0.318328 0.400439
v -0.135795 0.305402 0.393622
v -0.102274 0.290727 0.437194
v -0.103299 0.280823 0.431971
v -0.095664 0.281910 0.427664
v -0.069772 0.374090 0.220004
v -0.084306 0.368109 0.235550
v -0.084306 0.360934 0.214941
v -0.083612 0.374363 0.193827
v -0.083612 0.368979 0.191755
v -0.077664 0.374363 0.193827
v -0.077664 0.368979 0.191755
v -0.069772 0.360934 0.214941
v -0.069772 0.354952 0.230486
v -0.069772 0.368109 0.235550
v -0.084306 0.354952 0.230486
v -0.055605 0.413760 0.239043
v -0.064709 0.425588 0.244044
v -0.062828 0.430443 0.217867
v -0.062729 0.438334 0.221372
v -0.056515 0.430260 0.217958
v -0.056415 0.438152 0.221461
v -0.055460 0.425322 0.244176
v -0.055792 0.417880 0.260234
v -0.065042 0.418147 0.260101
v -0.052824 0.347935 0.211188
v -0.052824 0.357914 0.185252
v -0.052824 0.330021 0.204293
v -0.055939 0.366318 0.205100
v -0.067357 0.347935 0.211188
v -0.065189 0.366585 0.204967
v -0.067357 0.330021 0.204292
v -0.104454 0.342236 0.238849
v -0.067357 0.357914 0.185252
v -0.064855 0.374026 0.188910
v -0.111490 0.348075 0.226576
v -0.067357 0.340001 0.178358
v -0.111110 0.331622 0.218841
v -0.052824 0.340001 0.178358
v -0.084306 0.334090 0.170004
v -0.069773 0.334090 0.170004
v -0.084306 0.328109 0.185550
v -0.084306 0.320934 0.164941
v -0.083612 0.334363 0.143827
v -0.083612 0.328979 0.141755
v -0.077664 0.334363 0.143827
v -0.077664 0.328979 0.141755
v -0.069773 0.320934 0.164941
v -0.069773 0.314952 0.180486
v -0.069773 0.328109 0.185550
v -0.084306 0.314952 0.180486
v -0.104074 0.325783 0.231114
v -0.129899 0.317636 0.248402
v -0.123431 0.309920 0.260117
v -0.129789 0.333305 0.257516
v -0.144295 0.288290 0.305809
v -0.142646 0.304238 0.314221
v -0.132001 0.290040 0.298875
v -0.135796 0.265402 0.343622
v -0.134459 0.278328 0.350439
v -0.125830 0.266819 0.338002
v -0.103299 0.240823 0.381971
v -0.102275 0.250727 0.387194
v -0.095665 0.241910 0.377664
v -0.094639 0.251814 0.382888
v -0.124494 0.279745 0.344819
v -0.130352 0.305988 0.307287
v -0.123321 0.325590 0.269230
v -0.055606 0.373760 0.189043
v -0.064709 0.385588 0.194044
v -0.062828 0.390443 0.167867
v -0.062729 0.398334 0.171372
v -0.056515 0.390260 0.167958
v -0.056416 0.398152 0.171461
v -0.055460 0.385322 0.194176
v -0.055793 0.377880 0.210234
v -0.065042 0.378147 0.210101
v -0.054847 0.382630 0.517999
v -0.057963 0.394902 0.532980
v -0.054847 0.410419 0.518021
v -0.054847 0.382647 0.498804
v -0.069381 0.382630 0.517999
v -0.069381 0.382648 0.498804
v -0.067213 0.395121 0.533182
v -0.069381 0.410419 0.518021
v -0.106478 0.354764 0.522592
v -0.113514 0.368314 0.523645
v -0.125345 0.320435 0.517939
v -0.106098 0.356089 0.504460
v -0.125455 0.323327 0.500044
v -0.113134 0.369639 0.505513
v -0.069381 0.410436 0.498827
v -0.131922 0.337029 0.503049
v -0.146319 0.272919 0.496225
v -0.131813 0.334136 0.520944
v -0.144670 0.270781 0.514129
v -0.132375 0.277881 0.513277
v -0.136483 0.227683 0.502919
v -0.137820 0.229415 0.488408
v -0.126518 0.233438 0.502228
v -0.104299 0.183478 0.490323
v -0.105323 0.184805 0.479205
v -0.096663 0.187887 0.489794
v -0.097688 0.189215 0.478676
v -0.127854 0.235170 0.487717
v -0.134025 0.280019 0.495374
v -0.054847 0.410436 0.498827
v -0.086330 0.416117 0.490315
v -0.086330 0.399460 0.490302
v -0.086330 0.416129 0.476219
v -0.085636 0.440653 0.481189
v -0.071797 0.416117 0.490315
v -0.071797 0.399460 0.490302
v -0.071797 0.416129 0.476219
v -0.079688 0.440653 0.481189
v -0.079688 0.440658 0.475420
v -0.085636 0.440658 0.475420
v -0.071797 0.399472 0.476205
v -0.086330 0.399472 0.476205
v -0.066880 0.412778 0.534374
v -0.066733 0.412128 0.547008
v -0.064852 0.438307 0.542159
v -0.057630 0.412559 0.534173
v -0.057484 0.411910 0.546807
v -0.058539 0.438157 0.542021
v -0.058440 0.437714 0.550644
v -0.064753 0.437863 0.550782
v -0.057817 0.394252 0.545614
v -0.067066 0.394471 0.545815
v 0.051173 0.382630 0.517999
v 0.051173 0.410419 0.518021
v 0.054289 0.394902 0.532980
v 0.051173 0.382648 0.498804
v 0.065706 0.382630 0.517999
v 0.065706 0.382649 0.498804
v 0.063539 0.395121 0.533182
v 0.065706 0.410420 0.518021
v 0.102804 0.354765 0.522592
v 0.121671 0.320436 0.517939
v 0.102423 0.356090 0.504460
v 0.109841 0.368315 0.523645
v 0.109459 0.369641 0.505513
v 0.128139 0.334137 0.520944
v 0.128249 0.337030 0.503050
v 0.140996 0.270783 0.514129
v 0.142645 0.272920 0.496225
v 0.128702 0.277882 0.513277
v 0.132809 0.227684 0.502919
v 0.134145 0.229417 0.488408
v 0.122844 0.233439 0.502228
v 0.100625 0.183479 0.490323
v 0.101649 0.184807 0.479205
v 0.092990 0.187888 0.489794
v 0.094014 0.189216 0.478676
v 0.124181 0.235171 0.487717
v 0.130351 0.280020 0.495374
v 0.121781 0.323329 0.500044
v 0.065706 0.410436 0.498827
v 0.051173 0.410436 0.498827
v 0.082656 0.416118 0.490315
v 0.082656 0.399461 0.490302
v 0.082656 0.416129 0.476219
v 0.068122 0.416117 0.490315
v 0.081962 0.440654 0.481189
v 0.081962 0.440659 0.475420
v 0.076014 0.440654 0.481189
v 0.076014 0.440659 0.475420
v 0.068122 0.416129 0.476219
v 0.068122 0.399473 0.476205
v 0.068122 0.399461 0.490302
v 0.082656 0.399472 0.476205
v 0.063205 0.412779 0.534374
v 0.053956 0.412559 0.534173
v 0.063060 0.412128 0.547008
v 0.061178 0.438307 0.542159
v 0.061079 0.437863 0.550782
v 0.054865 0.438157 0.542021
v 0.054766 0.437714 0.550644
v 0.053809 0.411910 0.546807
v 0.054143 0.394252 0.545614
v 0.063393 0.394470 0.545815
v -0.052823 0.387935 0.461188
v -0.052823 0.397914 0.435252
v -0.052823 0.370021 0.454293
v -0.055939 0.406318 0.455100
v -0.067357 0.387935 0.461188
v -0.065189 0.406585 0.454967
v -0.067357 0.370021 0.454292
v -0.104454 0.382236 0.488849
v -0.067357 0.397914 0.435252
v -0.064855 0.414026 0.438910
v -0.111490 0.388075 0.476576
v -0.067357 0.380001 0.428358
v -0.111110 0.371622 0.468841
v -0.052823 0.380001 0.428358
v -0.084306 0.374090 0.420004
v -0.069772 0.374090 0.420004
v -0.084306 0.368109 0.435550
v -0.084306 0.360934 0.414941
v -0.083612 0.374363 0.393827
v -0.083612 0.368979 0.391755
v -0.077664 0.374363 0.393827
v -0.077664 0.368979 0.391755
v -0.069772 0.360934 0.414941
v -0.069772 0.354952 0.430487
v -0.069772 0.368109 0.435550
v -0.084306 0.354952 0.430487
v -0.104074 0.365783 0.481114
v -0.129898 0.357635 0.498402
v -0.123431 0.349920 0.510117
v -0.129789 0.373305 0.507516
v -0.144295 0.328290 0.555809
v -0.142646 0.344238 0.564221
v -0.132000 0.330040 0.548875
v -0.135795 0.305402 0.593622
v -0.134459 0.318328 0.600439
v -0.125830 0.306819 0.588002
v -0.103299 0.280823 0.631971
v -0.095664 0.281910 0.627664
v -0.102274 0.290727 0.637194
v -0.094639 0.291814 0.632888
v -0.124494 0.319745 0.594819
v -0.130351 0.345988 0.557287
v -0.123321 0.365590 0.519230
v -0.055605 0.413760 0.439043
v -0.064709 0.425588 0.444044
v -0.062828 0.430443 0.417867
v -0.062729 0.438334 0.421372
v -0.056515 0.430260 0.417958
v -0.056415 0.438152 0.421461
v -0.055460 0.425322 0.444176
v -0.055792 0.417880 0.460234
v -0.065042 0.418147 0.460101
v -0.052824 0.347935 0.411188
v -0.052824 0.357914 0.385252
v -0.052824 0.330021 0.404293
v -0.055939 0.366318 0.405100
v -0.067357 0.347935 0.411188
v -0.065189 0.366585 0.404967
v -0.067357 0.330021 0.404292
v -0.104454 0.342236 0.438849
v -0.067357 0.357914 0.385252
v -0.064855 0.374026 0.388910
v -0.111490 0.348075 0.426576
v -0.067357 0.340001 0.378358
v -0.111110 0.331622 0.418841
v -0.052824 0.340001 0.378358
v -0.084306 0.334090 0.370004
v -0.069773 0.334090 0.370004
v -0.084306 0.328109 0.385550
v -0.084306 0.320934 0.364941
v -0.083612 0.334363 0.343827
v -0.083612 0.328979 0.341755
v -0.077664 0.334363 0.343827
v -0.077664 0.328979 0.341755
v -0.069773 0.320934 0.364941
v -0.069773 0.314952 0.380486
v -0.069773 0.328109 0.385550
v -0.084306 0.314952 0.380486
v -0.129899 0.317636 0.448402
v -0.104074 0.325783 0.431114
v -0.123431 0.309920 0.460117
v -0.132001 0.290040 0.498875
v -0.123321 0.325590 0.469230
v -0.129789 0.333305 0.457516
v -0.130352 0.305988 0.507287
v -0.124494 0.279745 0.544819
v -0.142646 0.304238 0.514221
v -0.144295 0.288290 0.505809
v -0.134459 0.278328 0.550439
v -0.135796 0.265402 0.543622
v -0.102275 0.250727 0.587194
v -0.094639 0.251814 0.582888
v -0.103299 0.240823 0.581971
v -0.095665 0.241910 0.577664
v -0.125830 0.266819 0.538002
v -0.055606 0.373760 0.389043
v -0.064709 0.385588 0.394044
v -0.062828 0.390443 0.367867
v -0.062729 0.398334 0.371372
v -0.056515 0.390260 0.367958
v -0.056416 0.398152 0.371461
v -0.055460 0.385322 0.394176
v -0.055793 0.377880 0.410234
v -0.065042 0.378147 0.410101
v 0.053173 0.387935 -0.338812
v 0.053173 0.370021 -0.345707
v 0.053173 0.397914 -0.364748
v 0.056289 0.406318 -0.344900
v 0.067707 0.387935 -0.338812
v 0.065539 0.406585 -0.345033
v 0.067707 0.370021 -0.345708
v 0.104804 0.382236 -0.311151
v 0.067707 0.397914 -0.364748
v 0.065205 0.414026 -0.361090
v 0.111839 0.388075 -0.323424
v 0.067707 0.380001 -0.371642
v 0.111459 0.371622 -0.331159
v 0.053173 0.380001 -0.371642
v 0.084656 0.374090 -0.379996
v 0.070122 0.374090 -0.379996
v 0.084656 0.368109 -0.364450
v 0.084656 0.360934 -0.385059
v 0.083962 0.374363 -0.406173
v 0.083962 0.368979 -0.408245
v 0.078014 0.374363 -0.406173
v 0.078014 0.368979 -0.408245
v 0.070122 0.360934 -0.385059
v 0.070122 0.354952 -0.369514
v 0.070122 0.368109 -0.364450
v 0.084656 0.354952 -0.369514
v 0.104424 0.365783 -0.318886
v 0.130248 0.357635 -0.301598
v 0.123780 0.349920 -0.289883
v 0.130139 0.373305 -0.292484
v 0.144644 0.328290 -0.244191
v 0.142995 0.344238 -0.235779
v 0.132350 0.330040 -0.251125
v 0.136145 0.305402 -0.206378
v 0.134808 0.318328 -0.199561
v 0.126180 0.306819 -0.211998
v 0.103649 0.280823 -0.168029
v 0.096014 0.281910 -0.172336
v 0.102624 0.290727 -0.162806
v 0.094989 0.291814 -0.167112
v 0.124844 0.319745 -0.205181
v 0.130701 0.345988 -0.242713
v 0.123671 0.365590 -0.280770
v 0.055955 0.413760 -0.360957
v 0.065059 0.425588 -0.355956
v 0.063178 0.430443 -0.382133
v 0.063079 0.438334 -0.378628
v 0.056865 0.430260 -0.382042
v 0.056765 0.438152 -0.378539
v 0.055809 0.425322 -0.355824
v 0.056142 0.417880 -0.339766
v 0.065392 0.418147 -0.339899
v 0.053173 0.347935 -0.388812
v 0.053173 0.330021 -0.395707
v 0.053173 0.357914 -0.414748
v 0.056289 0.366318 -0.394900
v 0.067707 0.347935 -0.388812
v 0.065539 0.366585 -0.395033
v 0.067707 0.330021 -0.395708
v 0.104804 0.342236 -0.361151
v 0.067707 0.357914 -0.414748
v 0.065205 0.374026 -0.411090
v 0.111840 0.348075 -0.373424
v 0.067707 0.340001 -0.421642
v 0.111459 0.331622 -0.381159
v 0.053173 0.340001 -0.421642
v 0.084656 0.334090 -0.429996
v 0.070122 0.334090 -0.429996
v 0.084656 0.328109 -0.414450
v 0.084656 0.320934 -0.435059
v 0.083962 0.334363 -0.456173
v 0.083962 0.328979 -0.458245
v 0.078014 0.334363 -0.456173
v 0.078014 0.328979 -0.458245
v 0.070122 0.320934 -0.435059
v 0.070122 0.314952 -0.419514
v 0.070122 0.328109 -0.414450
v 0.084656 0.314952 -0.419514
v 0.130248 0.317636 -0.351598
v 0.104424 0.325783 -0.368886
v 0.123780 0.309920 -0.339883
v 0.132350 0.290040 -0.301125
v 0.123671 0.325590 -0.330770
v 0.130139 0.333305 -0.342484
v 0.130701 0.305988 -0.292713
v 0.124844 0.279745 -0.255181
v 0.142996 0.304238 -0.285779
v 0.144645 0.288290 -0.294191
v 0.134809 0.278328 -0.249561
v 0.136145 0.265402 -0.256378
v 0.102624 0.250727 -0.212806
v 0.094989 0.251814 -0.217112
v 0.103649 0.240823 -0.218029
v 0.096014 0.241910 -0.222336
v 0.126180 0.266819 -0.261998
v 0.055955 0.373760 -0.410957
v 0.065059 0.385588 -0.405956
v 0.063178 0.390443 -0.432133
v 0.063079 0.398334 -0.428628
v 0.056865 0.390260 -0.432042
v 0.056765 0.398152 -0.428539
v 0.055809 0.385322 -0.405824
v 0.056142 0.377880 -0.389766
v 0.065392 0.378147 -0.389899
v 0.053173 0.387935 -0.148812
v 0.053173 0.370021 -0.155707
v 0.053173 0.397914 -0.174748
v 0.056289 0.406318 -0.154900
v 0.067707 0.387935 -0.148812
v 0.065539 0.406585 -0.155033
v 0.067707 0.370021 -0.155708
v 0.104804 0.382236 -0.121151
v 0.067707 0.397914 -0.174748
v 0.065205 0.414026 -0.171090
v 0.111839 0.388075 -0.133424
v 0.067707 0.380001 -0.181642
v 0.111459 0.371622 -0.141159
v 0.053173 0.380001 -0.181642
v 0.084656 0.374090 -0.189996
v 0.070122 0.374090 -0.189996
v 0.084656 0.368109 -0.174450
v 0.084656 0.360934 -0.195059
v 0.083962 0.374363 -0.216173
v 0.083962 0.368979 -0.218245
v 0.078014 0.374363 -0.216173
v 0.078014 0.368979 -0.218245
v 0.070122 0.360934 -0.195059
v 0.070122 0.354952 -0.179514
v 0.070122 0.368109 -0.174450
v 0.084656 0.354952 -0.179514
v 0.104424 0.365783 -0.128886
v 0.130248 0.357635 -0.111598
v 0.123780 0.349920 -0.099883
v 0.130139 0.373305 -0.102484
v 0.144644 0.328290 -0.054191
v 0.142995 0.344238 -0.045779
v 0.132350 0.330040 -0.061125
v 0.136145 0.305402 -0.016378
v 0.134808 0.318328 -0.009561
v 0.126180 0.306819 -0.021998
v 0.103649 0.280823 0.021971
v 0.096014 0.281910 0.017665
v 0.102624 0.290727 0.027194
v 0.094989 0.291814 0.022888
v 0.124844 0.319745 -0.015181
v 0.130701 0.345988 -0.052713
v 0.123671 0.365590 -0.090770
v 0.055955 0.413760 -0.170957
v 0.065059 0.425588 -0.165955
v 0.063178 0.430443 -0.192133
v 0.063079 0.438334 -0.188628
v 0.056865 0.430260 -0.192042
v 0.056765 0.438152 -0.188539
v 0.055809 0.425322 -0.165824
v 0.056142 0.417880 -0.149766
v 0.065392 0.418147 -0.149899
v 0.053173 0.347935 -0.198812
v 0.053173 0.330021 -0.205707
v 0.053173 0.357914 -0.224748
v 0.056289 0.366318 -0.204900
v 0.067707 0.347935 -0.198812
v 0.065539 0.366585 -0.205033
v 0.067707 0.330021 -0.205708
v 0.104804 0.342236 -0.171151
v 0.067707 0.357914 -0.224748
v 0.065205 0.374026 -0.221090
v 0.111840 0.348075 -0.183424
v 0.067707 0.340001 -0.231642
v 0.111459 0.331622 -0.191159
v 0.053173 0.340001 -0.231642
v 0.084656 0.334090 -0.239996
v 0.070122 0.334090 -0.239996
v 0.084656 0.328109 -0.224450
v 0.084656 0.320934 -0.245059
v 0.083962 0.334363 -0.266173
v 0.083962 0.328979 -0.268245
v 0.078014 0.334363 -0.266173
v 0.078014 0.328979 -0.268245
v 0.070122 0.320934 -0.245059
v 0.070122 0.314952 -0.229514
v 0.070122 0.328109 -0.224450
v 0.084656 0.314952 -0.229514
v 0.130248 0.317636 -0.161598
v 0.104424 0.325783 -0.178886
v 0.123780 0.309920 -0.149883
v 0.132350 0.290040 -0.111125
v 0.123671 0.325590 -0.140770
v 0.130139 0.333305 -0.152484
v 0.130701 0.305988 -0.102713
v 0.124844 0.279745 -0.065181
v 0.142996 0.304238 -0.095779
v 0.144645 0.288290 -0.104191
v 0.134809 0.278328 -0.059561
v 0.136145 0.265402 -0.066378
v 0.102624 0.250727 -0.022806
v 0.094989 0.251814 -0.027112
v 0.103649 0.240823 -0.028029
v 0.096014 0.241910 -0.032336
v 0.126180 0.266819 -0.071998
v 0.055955 0.373760 -0.220957
v 0.065059 0.385588 -0.215956
v 0.063178 0.390443 -0.242133
v 0.063079 0.398334 -0.238628
v 0.056865 0.390260 -0.242042
v 0.056765 0.398152 -0.238539
v 0.055809 0.385322 -0.215824
v 0.056142 0.377880 -0.199766
v 0.065392 0.378147 -0.199899
v 0.053173 0.387935 0.051188
v 0.053173 0.370021 0.044293
v 0.053173 0.397914 0.025252
v 0.056289 0.406318 0.045100
v 0.067707 0.387935 0.051188
v 0.065539 0.406585 0.044967
v 0.067707 0.370021 0.044292
v 0.104804 0.382236 0.078849
v 0.067707 0.397914 0.025252
v 0.065205 0.414026 0.028910
v 0.111839 0.388075 0.066576
v 0.067707 0.380001 0.018358
v 0.111459 0.371622 0.058841
v 0.053173 0.380001 0.018358
v 0.084656 0.374090 0.010004
v 0.070122 0.374090 0.010004
v 0.084656 0.368109 0.025550
v 0.084656 0.360934 0.004941
v 0.083962 0.374363 -0.016173
v 0.083962 0.368979 -0.018245
v 0.078014 0.374363 -0.016173
v 0.078014 0.368979 -0.018245
v 0.070122 0.360934 0.004941
v 0.070122 0.354952 0.020487
v 0.070122 0.368109 0.025550
v 0.084656 0.354952 0.020487
v 0.104424 0.365783 0.071114
v 0.130248 0.357635 0.088402
v 0.123780 0.349920 0.100117
v 0.130139 0.373305 0.097516
v 0.144644 0.328290 0.145809
v 0.142995 0.344238 0.154221
v 0.132350 0.330040 0.138875
v 0.136145 0.305402 0.183622
v 0.134808 0.318328 0.190439
v 0.126180 0.306819 0.178002
v 0.103649 0.280823 0.221971
v 0.096014 0.281910 0.217664
v 0.102624 0.290727 0.227194
v 0.094989 0.291814 0.222888
v 0.124844 0.319745 0.184819
v 0.130701 0.345988 0.147287
v 0.123671 0.365590 0.109230
v 0.055955 0.413760 0.029043
v 0.065059 0.425588 0.034044
v 0.063178 0.430443 0.007867
v 0.063079 0.438334 0.011372
v 0.056865 0.430260 0.007958
v 0.056765 0.438152 0.011461
v 0.055809 0.425322 0.034176
v 0.056142 0.417880 0.050234
v 0.065392 0.418147 0.050101
v 0.053173 0.347935 0.001188
v 0.053173 0.330021 -0.005707
v 0.053173 0.357914 -0.024748
v 0.056289 0.366318 -0.004900
v 0.067707 0.347935 0.001188
v 0.065539 0.366585 -0.005033
v 0.067707 0.330021 -0.005708
v 0.104804 0.342236 0.028849
v 0.067707 0.357914 -0.024748
v 0.065205 0.374026 -0.021090
v 0.111840 0.348075 0.016576
v 0.067707 0.340001 -0.031642
v 0.111459 0.331622 0.008841
v 0.053173 0.340001 -0.031642
v 0.084656 0.334090 -0.039996
v 0.070122 0.334090 -0.039996
v 0.084656 0.328109 -0.024450
v 0.084656 0.320934 -0.045059
v 0.083962 0.334363 -0.066173
v 0.083962 0.328979 -0.068245
v 0.078014 0.334363 -0.066173
v 0.078014 0.328979 -0.068245
v 0.070122 0.320934 -0.045059
v 0.070122 0.314952 -0.029514
v 0.070122 0.328109 -0.024450
v 0.084656 0.314952 -0.029514
v 0.130248 0.317636 0.038402
v 0.104424 0.325783 0.021114
v 0.123780 0.309920 0.050117
v 0.132350 0.290040 0.088875
v 0.123671 0.325590 0.059230
v 0.130139 0.333305 0.047516
v 0.130701 0.305988 0.097287
v 0.124844 0.279745 0.134819
v 0.142996 0.304238 0.104221
v 0.144645 0.288290 0.095809
v 0.134809 0.278328 0.140439
v 0.136145 0.265402 0.133622
v 0.102624 0.250727 0.177194
v 0.094989 0.251814 0.172888
v 0.103649 0.240823 0.171971
v 0.096014 0.241910 0.167664
v 0.126180 0.266819 0.128002
v 0.055955 0.373760 -0.020957
v 0.065059 0.385588 -0.015956
v 0.063178 0.390443 -0.042133
v 0.063079 0.398334 -0.038628
v 0.056865 0.390260 -0.042042
v 0.056765 0.398152 -0.038539
v 0.055809 0.385322 -0.015824
v 0.056142 0.377880 0.000234
v 0.065392 0.378147 0.000101
v 0.053173 0.387935 0.251188
v 0.053173 0.370021 0.244293
v 0.053173 0.397914 0.225252
v 0.056289 0.406318 0.245100
v 0.067707 0.387935 0.251188
v 0.065539 0.406585 0.244967
v 0.067707 0.370021 0.244292
v 0.104804 0.382236 0.278849
v 0.067707 0.397914 0.225252
v 0.065205 0.414026 0.228910
v 0.111839 0.388075 0.266576
v 0.067707 0.380001 0.218358
v 0.111459 0.371622 0.258841
v 0.053173 0.380001 0.218358
v 0.084656 0.374090 0.210004
v 0.070122 0.374090 0.210004
v 0.084656 0.368109 0.225550
v 0.084656 0.360934 0.204941
v 0.083962 0.374363 0.183827
v 0.083962 0.368979 0.181755
v 0.078014 0.374363 0.183827
v 0.078014 0.368979 0.181755
v 0.070122 0.360934 0.204941
v 0.070122 0.354952 0.220486
v 0.070122 0.368109 0.225550
v 0.084656 0.354952 0.220486
v 0.104424 0.365783 0.271114
v 0.130248 0.357635 0.288402
v 0.123780 0.349920 0.300117
v 0.130139 0.373305 0.297516
v 0.144644 0.328290 0.345809
v 0.142995 0.344238 0.354221
v 0.132350 0.330040 0.338875
v 0.136145 0.305402 0.383622
v 0.134808 0.318328 0.390439
v 0.126180 0.306819 0.378002
v 0.103649 0.280823 0.421971
v 0.096014 0.281910 0.417664
v 0.102624 0.290727 0.427194
v 0.094989 0.291814 0.422888
v 0.124844 0.319745 0.384819
v 0.130701 0.345988 0.347287
v 0.123671 0.365590 0.309230
v 0.055955 0.413760 0.229043
v 0.065059 0.425588 0.234044
v 0.063178 0.430443 0.207867
v 0.063079 0.438334 0.211372
v 0.056865 0.430260 0.207958
v 0.056765 0.438152 0.211461
v 0.055809 0.425322 0.234176
v 0.056142 0.417880 0.250234
v 0.065392 0.418147 0.250101
v 0.053173 0.347935 0.201188
v 0.053173 0.330021 0.194293
v 0.053173 0.357914 0.175252
v 0.056289 0.366318 0.195100
v 0.067707 0.347935 0.201188
v 0.065539 0.366585 0.194967
v 0.067707 0.330021 0.194292
v 0.104804 0.342236 0.228849
v 0.067707 0.357914 0.175252
v 0.065205 0.374026 0.178910
v 0.111840 0.348075 0.216576
v 0.067707 0.340001 0.168358
v 0.111459 0.331622 0.208841
v 0.053173 0.340001 0.168358
v 0.084656 0.334090 0.160004
v 0.070122 0.334090 0.160004
v 0.084656 0.328109 0.175550
v 0.084656 0.320934 0.154941
v 0.083962 0.334363 0.133827
v 0.083962 0.328979 0.131755
v 0.078014 0.334363 0.133827
v 0.078014 0.328979 0.131755
v 0.070122 0.320934 0.154941
v 0.070122 0.314952 0.170486
v 0.070122 0.328109 0.175550
v 0.084656 0.314952 0.170486
v 0.130248 0.317636 0.238402
v 0.104424 0.325783 0.221114
v 0.123780 0.309920 0.250117
v 0.132350 0.290040 0.288875
v 0.123671 0.325590 0.259230
v 0.130139 0.333305 0.247516
v 0.130701 0.305988 0.297287
v 0.124844 0.279745 0.334819
v 0.142996 0.304238 0.304221
v 0.144645 0.288290 0.295809
v 0.134809 0.278328 0.340439
v 0.136145 0.265402 0.333622
v 0.102624 0.250727 0.377194
v 0.094989 0.251814 0.372888
v 0.103649 0.240823 0.371971
v 0.096014 0.241910 0.367664
v 0.126180 0.266819 0.328002
v 0.055955 0.373760 0.179043
v 0.065059 0.385588 0.184044
v 0.063178 0.390443 0.157867
v 0.063079 0.398334 0.161372
v 0.056865 0.390260 0.157958
v 0.056765 0.398152 0.161461
v 0.055809 0.385322 0.184176
v 0.056142 0.377880 0.200234
v 0.065392 0.378147 0.200101
v 0.053173 0.387935 0.451188
v 0.053173 0.370021 0.444293
v 0.053173 0.397914 0.425252
v 0.056289 0.406318 0.445100
v 0.067707 0.387935 0.451188
v 0.065539 0.406585 0.444967
v 0.067707 0.370021 0.444292
v 0.104804 0.382236 0.478849
v 0.067707 0.397914 0.425252
v 0.065205 0.414026 0.428910
v 0.111839 0.388075 0.466576
v 0.067707 0.380001 0.418358
v 0.111459 0.371622 0.458841
v 0.053173 0.380001 0.418358
v 0.084656 0.374090 0.410004
v 0.070122 0.374090 0.410004
v 0.084656 0.368109 0.425550
v 0.084656 0.360934 0.404941
v 0.083962 0.374363 0.383827
v 0.083962 0.368979 0.381755
v 0.078014 0.374363 0.383827
v 0.078014 0.368979 0.381755
v 0.070122 0.360934 0.404941
v 0.070122 0.354952 0.420487
v 0.070122 0.368109 0.425550
v 0.084656 0.354952 0.420487
v 0.104424 0.365783 0.471114
v 0.130248 0.357635 0.488402
v 0.123780 0.349920 0.500117
v 0.130139 0.373305 0.497516
v 0.144644 0.328290 0.545809
v 0.142995 0.344238 0.554221
v 0.132350 0.330040 0.538875
v 0.136145 0.305402 0.583622
v 0.134808 0.318328 0.590439
v 0.126180 0.306819 0.578002
v 0.103649 0.280823 0.621971
v 0.096014 0.281910 0.617664
v 0.102624 0.290727 0.627194
v 0.094989 0.291814 0.622888
v 0.124844 0.319745 0.584819
v 0.130701 0.345988 0.547287
v 0.123671 0.365590 0.509230
v 0.055955 0.413760 0.429043
v 0.065059 0.425588 0.434044
v 0.063178 0.430443 0.407867
v 0.063079 0.438334 0.411372
v 0.056865 0.430260 0.407958
v 0.056765 0.438152 0.411461
v 0.055809 0.425322 0.434176
v 0.056142 0.417880 0.450234
v 0.065392 0.418147 0.450101
v 0.053173 0.347935 0.401188
v 0.053173 0.330021 0.394293
v 0.053173 0.357914 0.375252
v 0.056289 0.366318 0.395100
v 0.067707 0.347935 0.401188
v 0.065539 0.366585 0.394967
v 0.067707 0.330021 0.394292
v 0.104804 0.342236 0.428849
v 0.067707 0.357914 0.375252
v 0.065205 0.374026 0.378910
v 0.111840 0.348075 0.416576
v 0.067707 0.340001 0.368358
v 0.111459 0.331622 0.408841
v 0.053173 0.340001 0.368358
v 0.084656 0.334090 0.360004
v 0.070122 0.334090 0.360004
v 0.084656 0.328109 0.375550
v 0.084656 0.320934 0.354941
v 0.083962 0.334363 0.333827
v 0.083962 0.328979 0.331755
v 0.078014 0.334363 0.333827
v 0.078014 0.328979 0.331755
v 0.070122 0.320934 0.354941
v 0.070122 0.314952 0.370486
v 0.070122 0.328109 0.375550
v 0.084656 0.314952 0.370486
v 0.130248 0.317636 0.438402
v 0.104424 0.325783 0.421114
v 0.123780 0.309920 0.450117
v 0.132350 0.290040 0.488875
v 0.123671 0.325590 0.459230
v 0.130139 0.333305 0.447516
v 0.130701 0.305988 0.497287
v 0.124844 0.279745 0.534819
v 0.142996 0.304238 0.504221
v 0.144645 0.288290 0.495809
v 0.134809 0.278328 0.540439
v 0.136145 0.265402 0.533622
v 0.102624 0.250727 0.577194
v 0.094989 0.251814 0.572888
v 0.103649 0.240823 0.571971
v 0.096014 0.241910 0.567664
v 0.126180 0.266819 0.528002
v 0.055955 0.373760 0.379043
v 0.065059 0.385588 0.384044
v 0.063178 0.390443 0.357867
v 0.063079 0.398334 0.361372
v 0.056865 0.390260 0.357958
v 0.056765 0.398152 0.361461
v 0.055809 0.385322 0.384176
v 0.056142 0.377880 0.400234
v 0.065392 0.378147 0.400101
v -0.104182 -0.141711 -0.058427
v -0.115095 -0.148889 -0.043295
v -0.129327 -0.153485 -0.059588
v -0.101851 -0.144841 -0.077221
v -0.094753 -0.162301 -0.053828
v -0.109317 -0.162053 -0.040180
v -0.092423 -0.165432 -0.072622
v -0.046035 -0.202298 -0.036406
v -0.119897 -0.174075 -0.054989
v -0.125654 -0.168870 -0.039870
v -0.053859 -0.217837 -0.033726
v -0.117566 -0.177206 -0.073782
v -0.053087 -0.220810 -0.051655
v -0.126996 -0.156616 -0.078381
v -0.110668 -0.205010 -0.076994
v -0.120098 -0.184420 -0.081593
v -0.095597 -0.197952 -0.076298
v -0.108956 -0.207308 -0.090795
v -0.132202 -0.215910 -0.087193
v -0.131501 -0.216851 -0.092841
v -0.136061 -0.207484 -0.089075
v -0.135360 -0.208425 -0.094723
v -0.118385 -0.186718 -0.095395
v -0.103314 -0.179661 -0.094699
v -0.093884 -0.200251 -0.090100
v -0.105026 -0.177362 -0.080897
v -0.045263 -0.205271 -0.054335
v -0.011092 -0.234008 -0.046734
v -0.002524 -0.219527 -0.051140
v -0.010734 -0.229715 -0.029125
v 0.057086 -0.228342 -0.046132
v 0.055761 -0.222186 -0.029034
v 0.042789 -0.214072 -0.051158
v 0.091887 -0.199134 -0.054624
v 0.090812 -0.194145 -0.040766
v 0.080299 -0.187567 -0.058699
v 0.112289 -0.135686 -0.072019
v 0.103411 -0.126825 -0.075141
v 0.111465 -0.131863 -0.061402
v 0.102587 -0.123001 -0.064523
v 0.079225 -0.182580 -0.044840
v 0.041465 -0.207917 -0.034060
v -0.002167 -0.215235 -0.033531
v -0.131433 -0.155706 -0.042984
v -0.126706 -0.166333 -0.027519
v -0.151018 -0.175552 -0.033976
v -0.151735 -0.173821 -0.025546
v -0.154961 -0.166567 -0.036102
v -0.155680 -0.164835 -0.027672
v -0.132485 -0.153169 -0.030633
v -0.116147 -0.146350 -0.030945
v -0.110369 -0.159515 -0.027830
v 0.091152 -0.131523 -0.045052
v 0.101082 -0.119040 -0.032639
v 0.116171 -0.120108 -0.049047
v 0.090133 -0.136016 -0.064279
v 0.082175 -0.113183 -0.048863
v 0.095577 -0.107231 -0.034894
v 0.081158 -0.117675 -0.068089
v 0.034422 -0.076735 -0.049961
v 0.107194 -0.101767 -0.052857
v 0.111744 -0.100122 -0.036164
v 0.042333 -0.062046 -0.052709
v 0.106176 -0.106260 -0.072083
v 0.042784 -0.066232 -0.070961
v 0.115153 -0.124600 -0.068272
v 0.100363 -0.084535 -0.085872
v 0.109340 -0.102875 -0.082062
v 0.085367 -0.091377 -0.083478
v 0.099615 -0.087834 -0.099991
v 0.122390 -0.077475 -0.098376
v 0.122084 -0.078826 -0.104155
v 0.126063 -0.084981 -0.096817
v 0.125757 -0.086331 -0.102595
v 0.108591 -0.106174 -0.096181
v 0.093595 -0.113017 -0.093788
v 0.084619 -0.094677 -0.097598
v 0.094343 -0.109717 -0.079667
v 0.001688 -0.056490 -0.073641
v 0.034873 -0.080921 -0.068212
v -0.006814 -0.070982 -0.072975
v -0.051349 -0.079045 -0.073639
v -0.008386 -0.068112 -0.054606
v 0.000115 -0.053621 -0.055272
v -0.051291 -0.077807 -0.054968
v -0.088280 -0.106037 -0.058075
v -0.065230 -0.065008 -0.056312
v -0.065289 -0.066246 -0.074984
v -0.099578 -0.095664 -0.059163
v -0.099626 -0.096668 -0.074297
v -0.120175 -0.157382 -0.056952
v -0.111518 -0.165330 -0.056117
v -0.120212 -0.158151 -0.068547
v -0.111555 -0.166098 -0.067712
v -0.088327 -0.107042 -0.073208
v 0.117249 -0.111932 -0.033909
v 0.111930 -0.097611 -0.023379
v 0.136399 -0.090373 -0.031525
v 0.136525 -0.088658 -0.022799
v 0.140155 -0.098433 -0.029987
v 0.140283 -0.096719 -0.021261
v 0.117435 -0.109420 -0.021124
v 0.101268 -0.116531 -0.019854
v 0.095763 -0.104721 -0.022109
v -0.104182 -0.201711 -0.148427
v -0.115095 -0.208889 -0.133295
v -0.129327 -0.213485 -0.149587
v -0.101851 -0.204841 -0.167221
v -0.094753 -0.222301 -0.143828
v -0.109317 -0.222053 -0.130180
v -0.092423 -0.225432 -0.162622
v -0.046035 -0.262298 -0.126406
v -0.119897 -0.234075 -0.144988
v -0.125654 -0.228870 -0.129870
v -0.053859 -0.277837 -0.123726
v -0.117566 -0.237206 -0.163782
v -0.053087 -0.280811 -0.141655
v -0.126996 -0.216616 -0.168381
v -0.110668 -0.265010 -0.166994
v -0.120098 -0.244420 -0.171593
v -0.095597 -0.257952 -0.166298
v -0.108956 -0.267308 -0.180795
v -0.132202 -0.275910 -0.177193
v -0.131501 -0.276851 -0.182841
v -0.136061 -0.267484 -0.179075
v -0.135360 -0.268425 -0.184723
v -0.118385 -0.246718 -0.185394
v -0.103314 -0.239661 -0.184699
v -0.093884 -0.260251 -0.180100
v -0.105026 -0.237362 -0.170897
v -0.045263 -0.265271 -0.144335
v -0.011092 -0.294008 -0.136734
v -0.002524 -0.279527 -0.141140
v -0.010734 -0.289715 -0.119125
v 0.057086 -0.288342 -0.136132
v 0.055761 -0.282186 -0.119034
v 0.042789 -0.274072 -0.141158
v 0.091887 -0.259134 -0.144624
v 0.090812 -0.254145 -0.130766
v 0.080299 -0.247567 -0.148699
v 0.112289 -0.195686 -0.162019
v 0.103411 -0.186825 -0.165140
v 0.111465 -0.191863 -0.151401
v 0.102587 -0.183001 -0.154523
v 0.079225 -0.242580 -0.134840
v 0.041465 -0.267917 -0.124060
v -0.002167 -0.275235 -0.123531
v -0.131433 -0.215706 -0.132984
v -0.126706 -0.226333 -0.117519
v -0.151018 -0.235552 -0.123976
v -0.151735 -0.233821 -0.115545
v -0.154961 -0.226567 -0.126102
v -0.155680 -0.224835 -0.117672
v -0.132485 -0.213169 -0.120633
v -0.116147 -0.206350 -0.120945
v -0.110369 -0.219515 -0.117830
v 0.091152 -0.191523 -0.135052
v 0.101082 -0.179040 -0.122639
v 0.116171 -0.180108 -0.139047
v 0.090133 -0.196016 -0.154279
v 0.082175 -0.173183 -0.138863
v 0.095577 -0.167231 -0.124894
v 0.081158 -0.177675 -0.158089
v 0.034422 -0.136735 -0.139961
v 0.107194 -0.161767 -0.142857
v 0.111744 -0.160122 -0.126164
v 0.042333 -0.122046 -0.142709
v 0.106176 -0.166260 -0.162083
v 0.042784 -0.126232 -0.160961
v 0.115153 -0.184600 -0.158272
v 0.100363 -0.144535 -0.175872
v 0.109340 -0.162875 -0.172062
v 0.085367 -0.151377 -0.173478
v 0.099615 -0.147834 -0.189991
v 0.122390 -0.137475 -0.188376
v 0.122084 -0.138826 -0.194155
v 0.126063 -0.144981 -0.186817
v 0.125757 -0.146331 -0.192595
v 0.108591 -0.166174 -0.186181
v 0.093595 -0.173017 -0.183788
v 0.084619 -0.154677 -0.187598
v 0.094343 -0.169717 -0.169667
v 0.001688 -0.116490 -0.163641
v 0.034873 -0.140921 -0.158212
v -0.006814 -0.130982 -0.162975
v -0.051349 -0.139045 -0.163639
v -0.008386 -0.128112 -0.144606
v 0.000115 -0.113621 -0.145272
v -0.051291 -0.137807 -0.144968
v -0.088280 -0.166037 -0.148075
v -0.065230 -0.125008 -0.146312
v -0.065289 -0.126246 -0.164984
v -0.099578 -0.155664 -0.149163
v -0.099626 -0.156668 -0.164297
v -0.120175 -0.217382 -0.146951
v -0.111518 -0.225330 -0.146117
v -0.120212 -0.218151 -0.158547
v -0.111555 -0.226098 -0.157712
v -0.088327 -0.167042 -0.163208
v 0.117249 -0.171932 -0.123909
v 0.111930 -0.157611 -0.113379
v 0.136399 -0.150373 -0.121525
v 0.136525 -0.148658 -0.112799
v 0.140155 -0.158433 -0.119987
v 0.140283 -0.156719 -0.111261
v 0.117435 -0.169420 -0.111123
v 0.101268 -0.176531 -0.109854
v 0.095763 -0.164721 -0.112109
v -0.104182 -0.071711 0.031573
v -0.115095 -0.078889 0.046704
v -0.129327 -0.083486 0.030412
v -0.101851 -0.074841 0.012779
v -0.094753 -0.092301 0.036172
v -0.109317 -0.092054 0.049820
v -0.092423 -0.095432 0.017378
v -0.046035 -0.132298 0.053594
v -0.119897 -0.104075 0.035011
v -0.125654 -0.098871 0.050130
v -0.053859 -0.147837 0.056274
v -0.117566 -0.107206 0.016218
v -0.053087 -0.150811 0.038345
v -0.126996 -0.086616 0.011619
v -0.110668 -0.135010 0.013006
v -0.120098 -0.114420 0.008407
v -0.095597 -0.127952 0.013702
v -0.108956 -0.137308 -0.000796
v -0.132202 -0.145910 0.002807
v -0.131501 -0.146851 -0.002841
v -0.136061 -0.137484 0.000925
v -0.135360 -0.138425 -0.004723
v -0.118385 -0.116718 -0.005395
v -0.103314 -0.109661 -0.004699
v -0.093884 -0.130251 -0.000100
v -0.105026 -0.107362 0.009103
v -0.045263 -0.135271 0.035665
v -0.011092 -0.164008 0.043266
v -0.002524 -0.149527 0.038860
v -0.010734 -0.159715 0.060875
v 0.057086 -0.158342 0.043868
v 0.055761 -0.152186 0.060966
v 0.042789 -0.144072 0.038842
v 0.091887 -0.129134 0.035376
v 0.090812 -0.124145 0.049234
v 0.080299 -0.117567 0.031301
v 0.112289 -0.065686 0.017981
v 0.103411 -0.056825 0.014860
v 0.111465 -0.061863 0.028598
v 0.102587 -0.053001 0.025477
v 0.079225 -0.112580 0.045160
v 0.041465 -0.137917 0.055940
v -0.002167 -0.145235 0.056469
v -0.131433 -0.085706 0.047016
v -0.126706 -0.096333 0.062481
v -0.151018 -0.105552 0.056024
v -0.151735 -0.103821 0.064455
v -0.154961 -0.096567 0.053898
v -0.155680 -0.094835 0.062328
v -0.132485 -0.083169 0.059367
v -0.116147 -0.076350 0.059055
v -0.110369 -0.089515 0.062170
v 0.091152 -0.061523 0.044948
v 0.101082 -0.049040 0.057361
v 0.116171 -0.050108 0.040953
v 0.090133 -0.066016 0.025721
v 0.082175 -0.043183 0.041137
v 0.095577 -0.037231 0.055106
v 0.081158 -0.047675 0.021911
v 0.034422 -0.006735 0.040039
v 0.107194 -0.031767 0.037143
v 0.111744 -0.030122 0.053836
v 0.042333 0.007954 0.037291
v 0.106176 -0.036260 0.017917
v 0.042784 0.003768 0.019039
v 0.115153 -0.054600 0.021728
v 0.100363 -0.014535 0.004128
v 0.109340 -0.032875 0.007938
v 0.085367 -0.021377 0.006522
v 0.099615 -0.017834 -0.009991
v 0.122390 -0.007475 -0.008376
v 0.122084 -0.008826 -0.014155
v 0.126063 -0.014981 -0.006817
v 0.125757 -0.016331 -0.012595
v 0.108591 -0.036175 -0.006181
v 0.093595 -0.043017 -0.003788
v 0.084619 -0.024677 -0.007598
v 0.094343 -0.039717 0.010333
v 0.001688 0.013510 0.016359
v 0.034873 -0.010921 0.021788
v -0.006814 -0.000982 0.017025
v -0.051349 -0.009045 0.016361
v -0.008386 0.001888 0.035394
v 0.000115 0.016379 0.034728
v -0.051291 -0.007807 0.035032
v -0.088280 -0.036037 0.031925
v -0.065230 0.004992 0.033688
v -0.065289 0.003754 0.015016
v -0.099578 -0.025664 0.030837
v -0.099626 -0.026668 0.015703
v -0.120175 -0.087382 0.033048
v -0.111518 -0.095330 0.033883
v -0.120212 -0.088151 0.021453
v -0.111555 -0.096098 0.022288
v -0.088327 -0.037042 0.016792
v 0.117249 -0.041932 0.056091
v 0.111930 -0.027611 0.066621
v 0.136399 -0.020373 0.058474
v 0.136525 -0.018659 0.067201
v 0.140155 -0.028433 0.060013
v 0.140283 -0.026719 0.068739
v 0.117435 -0.039420 0.068876
v 0.101268 -0.046531 0.070146
v 0.095763 -0.034721 0.067891
v -0.104182 -0.001711 0.121573
v -0.115095 -0.008889 0.136705
v -0.129327 -0.013486 0.120412
v -0.101851 -0.004841 0.102779
v -0.094753 -0.022301 0.126172
v -0.109317 -0.022054 0.139820
v -0.092423 -0.025432 0.107378
v -0.046035 -0.062298 0.143594
v -0.119897 -0.034075 0.125011
v -0.125654 -0.028871 0.140130
v -0.053859 -0.077837 0.146274
v -0.117566 -0.037206 0.106218
v -0.053087 -0.080811 0.128345
v -0.126996 -0.016616 0.101619
v -0.110668 -0.065010 0.103006
v -0.120098 -0.044420 0.098407
v -0.095597 -0.057952 0.103702
v -0.108956 -0.067308 0.089205
v -0.132202 -0.075910 0.092807
v -0.131501 -0.076851 0.087159
v -0.136061 -0.067484 0.090925
v -0.135360 -0.068425 0.085277
v -0.118385 -0.046719 0.084606
v -0.103314 -0.039661 0.085301
v -0.093884 -0.060251 0.089900
v -0.105026 -0.037362 0.099103
v -0.045263 -0.065271 0.125665
v -0.011092 -0.094008 0.133266
v -0.002524 -0.079527 0.128860
v -0.010734 -0.089715 0.150875
v 0.057086 -0.088342 0.133868
v 0.055761 -0.082186 0.150966
v 0.042789 -0.074072 0.128842
v 0.091887 -0.059134 0.125376
v 0.090812 -0.054145 0.139234
v 0.080299 -0.047567 0.121301
v 0.112289 0.004314 0.107981
v 0.103411 0.013175 0.104860
v 0.111465 0.008137 0.118598
v 0.102587 0.016999 0.115477
v 0.079225 -0.042580 0.135160
v 0.041465 -0.067917 0.145940
v -0.002167 -0.075235 0.146469
v -0.131433 -0.015706 0.137016
v -0.126706 -0.026333 0.152481
v -0.151018 -0.035552 0.146024
v -0.151735 -0.033821 0.154455
v -0.154961 -0.026567 0.143898
v -0.155680 -0.024835 0.152328
v -0.132485 -0.013169 0.149367
v -0.116147 -0.006350 0.149055
v -0.110369 -0.019515 0.152170
v 0.091152 0.008477 0.134948
v 0.101082 0.020960 0.147361
v 0.116171 0.019892 0.130953
v 0.090133 0.003984 0.115721
v 0.082175 0.026817 0.131137
v 0.095577 0.032769 0.145106
v 0.081158 0.022325 0.111911
v 0.034422 0.063265 0.130039
v 0.107194 0.038233 0.127143
v 0.111744 0.039878 0.143836
v 0.042333 0.077954 0.127291
v 0.106176 0.033740 0.107917
v 0.042784 0.073768 0.109039
v 0.115153 0.015400 0.111728
v 0.100363 0.055465 0.094128
v 0.109340 0.037125 0.097938
v 0.085367 0.048623 0.096522
v 0.099615 0.052166 0.080009
v 0.122390 0.062525 0.081624
v 0.122084 0.061174 0.075845
v 0.126063 0.055019 0.083183
v 0.125757 0.053669 0.077405
v 0.108591 0.033825 0.083819
v 0.093595 0.026983 0.086212
v 0.084619 0.045323 0.082402
v 0.094343 0.030283 0.100333
v 0.001688 0.083510 0.106359
v 0.034873 0.059079 0.111788
v -0.006814 0.069018 0.107025
v -0.051349 0.060955 0.106361
v -0.008386 0.071888 0.125394
v 0.000115 0.086379 0.124728
v -0.051291 0.062193 0.125032
v -0.088280 0.033963 0.121925
v -0.065230 0.074992 0.123688
v -0.065289 0.073754 0.105016
v -0.099578 0.044336 0.120837
v -0.099626 0.043332 0.105703
v -0.120175 -0.017382 0.123048
v -0.111518 -0.025330 0.123883
v -0.120212 -0.018151 0.111453
v -0.111555 -0.026098 0.112288
v -0.088327 0.032958 0.106792
v 0.117249 0.028068 0.146091
v 0.111930 0.042389 0.156621
v 0.136399 0.049627 0.148475
v 0.136525 0.051341 0.157201
v 0.140155 0.041567 0.150013
v 0.140283 0.043281 0.158739
v 0.117435 0.030580 0.158876
v 0.101268 0.023469 0.160146
v 0.095763 0.035279 0.157891
v -0.074619 0.097391 -0.237827
v -0.089064 0.099561 -0.224182
v -0.101612 0.102361 -0.242177
v -0.072779 0.091489 -0.255999
v -0.079644 0.075794 -0.231322
v -0.092495 0.085917 -0.219885
v -0.077805 0.069892 -0.249494
v -0.065847 0.017103 -0.205987
v -0.106636 0.080763 -0.235672
v -0.109645 0.089933 -0.221683
v -0.081543 0.009392 -0.203973
v -0.104797 0.074862 -0.253843
v -0.080945 0.004616 -0.221515
v -0.099772 0.096459 -0.260349
v -0.115350 0.048072 -0.255208
v -0.110326 0.069669 -0.261713
v -0.099171 0.045093 -0.252600
v -0.113999 0.043738 -0.268553
v -0.138059 0.050678 -0.268016
v -0.137506 0.048904 -0.273478
v -0.136002 0.059516 -0.270678
v -0.135449 0.057743 -0.276140
v -0.108974 0.065335 -0.275058
v -0.092795 0.062356 -0.272451
v -0.097819 0.040759 -0.265946
v -0.094146 0.066690 -0.259105
v -0.065249 0.012327 -0.223529
v -0.055529 -0.029886 -0.210308
v -0.039694 -0.023647 -0.213892
v -0.054412 -0.024735 -0.192963
v 0.002422 -0.064829 -0.200240
v 0.003337 -0.057252 -0.183695
v -0.000141 -0.045553 -0.207665
v 0.048371 -0.062373 -0.204601
v 0.049112 -0.056232 -0.191192
v 0.046293 -0.046749 -0.210621
v 0.103824 -0.024880 -0.220842
v 0.102232 -0.012911 -0.225453
v 0.104392 -0.020175 -0.210567
v 0.102800 -0.008204 -0.215179
v 0.047034 -0.040609 -0.197211
v 0.000774 -0.037977 -0.191121
v -0.038579 -0.018496 -0.196547
v -0.106214 0.103577 -0.225979
v -0.110185 0.093920 -0.209687
v -0.134492 0.099900 -0.219237
v -0.134861 0.102620 -0.211049
v -0.132150 0.109211 -0.222170
v -0.132520 0.111933 -0.213982
v -0.106756 0.107565 -0.213983
v -0.089604 0.103549 -0.212186
v -0.093035 0.089905 -0.207891
v 0.086724 -0.006349 -0.197273
v 0.100847 -0.000704 -0.183963
v 0.113903 -0.012090 -0.198031
v 0.085116 -0.011452 -0.216306
v 0.090709 0.013255 -0.202866
v 0.103615 0.011781 -0.187328
v 0.089102 0.008152 -0.221899
v 0.074017 0.070276 -0.211806
v 0.117887 0.007514 -0.203624
v 0.120893 0.007996 -0.186513
v 0.089287 0.077243 -0.213850
v 0.116280 0.002411 -0.222656
v 0.088944 0.071640 -0.231719
v 0.112295 -0.017193 -0.217063
v 0.125762 0.021836 -0.237778
v 0.121777 0.002233 -0.232185
v 0.109472 0.025278 -0.237323
v 0.124581 0.018089 -0.251755
v 0.148795 0.013401 -0.247248
v 0.148312 0.011867 -0.252968
v 0.147165 0.005378 -0.244959
v 0.146681 0.003845 -0.250680
v 0.120596 -0.001515 -0.246162
v 0.104305 0.001926 -0.245709
v 0.108290 0.021530 -0.251302
v 0.105486 0.005674 -0.231731
v 0.061995 0.103072 -0.240478
v 0.073673 0.064673 -0.229675
v 0.046567 0.096384 -0.240584
v 0.006167 0.115659 -0.247297
v 0.045224 0.101588 -0.222717
v 0.060651 0.108277 -0.222611
v 0.005140 0.118633 -0.228851
v -0.040866 0.116989 -0.236305
v 0.001639 0.136911 -0.232538
v 0.002667 0.133937 -0.250985
v -0.043704 0.131803 -0.239293
v -0.042871 0.129392 -0.254244
v -0.096826 0.094187 -0.238157
v -0.094652 0.082836 -0.235867
v -0.096188 0.092340 -0.249612
v -0.094014 0.080990 -0.247323
v -0.040034 0.114577 -0.251256
v 0.118125 -0.004488 -0.183147
v 0.121287 0.011290 -0.173911
v 0.145962 0.002050 -0.178730
v 0.146231 0.004300 -0.170129
v 0.144073 -0.006470 -0.176433
v 0.144342 -0.004222 -0.167833
v 0.118520 -0.001195 -0.170545
v 0.101241 0.002589 -0.171361
v 0.104008 0.015074 -0.174727
vn 0.0005 -0.0005 1.0000
vn -0.0005 -0.0005 1.0000
vn -0.0000 -0.0000 1.0000
vn -0.0005 0.0005 1.0000
vn 0.0005 0.0005 1.0000
vn -0.0003 -0.0003 1.0000
vn 0.0005 -0.9996 0.0298
vn 0.0005 -1.0000 0.0005
vn 0.0610 -0.9979 0.0200
vn 0.0933 -0.9956 0.0004
vn 0.4081 -0.9129 -0.0000
vn 0.3925 -0.9198 -0.0000
vn 0.7493 -0.6623 -0.0005
vn 0.7309 -0.6825 -0.0000
vn 0.9302 -0.3670 -0.0000
vn 0.9416 -0.3367 -0.0005
vn 0.9953 -0.0972 -0.0005
vn -0.0610 -0.9979 0.0200
vn -0.0005 -0.9885 0.1510
vn 0.0005 -0.9886 0.1509
vn 0.0005 -0.9885 0.1511
vn -0.0005 -0.9169 0.3990
vn -0.0003 -0.9168 0.3993
vn -0.0005 -0.9885 0.1511
vn -0.0005 -0.7401 0.6725
vn -0.0005 -0.9169 0.3992
vn 0.0005 -0.7401 0.6725
vn -0.0004 -0.7399 0.6727
vn -0.0005 -0.7399 0.6727
vn -0.0014 -0.4858 0.8741
vn -0.0005 -0.4854 0.8743
vn -0.0015 -0.2447 0.9696
vn -0.0017 -0.1534 0.9882
vn -0.0018 -0.1533 0.9882
vn -0.0005 -0.2438 0.9698
vn 0.0002 -0.1506 0.9886
vn -0.0005 -0.2437 0.9699
vn 0.0014 -0.1528 0.9883
vn -0.0000 -0.9755 -0.2199
vn -0.0004 -0.9755 -0.2202
vn 0.0005 0.0005 -1.0000
vn -0.0005 -0.1011 -0.9949
vn -0.0005 0.0005 -1.0000
vn -0.0000 -0.1031 -0.9947
vn -0.0036 -0.1989 -0.9800
vn 0.0005 -0.1774 -0.9841
vn -0.0034 -0.1783 -0.9840
vn 0.0008 -0.1480 -0.9890
vn -0.0000 -0.1481 -0.9890
vn 0.0006 -0.1480 -0.9890
vn -0.0006 -0.1480 -0.9890
vn 0.0007 -0.1480 -0.9890
vn -0.0000 -0.1482 -0.9890
vn 0.0003 -0.1480 -0.9890
vn -0.0003 -0.1480 -0.9890
vn -0.0005 -0.1480 -0.9890
vn 0.0005 -0.1772 -0.9842
vn 0.0033 -0.1783 -0.9840
vn 0.0037 -0.1989 -0.9800
vn -0.0034 -0.1782 -0.9840
vn 0.0003 0.0003 -1.0000
vn 0.0004 0.0004 -1.0000
vn -0.0003 0.0003 -1.0000
vn -0.0004 0.0004 -1.0000
vn -0.0001 -0.0000 -1.0000
vn -0.0000 -0.1815 -0.9834
vn -0.0000 -0.1555 -0.9878
vn -0.0000 -0.1425 -0.9898
vn -0.0000 -0.2875 -0.9578
vn -0.0000 -0.4617 -0.8871
vn -0.0004 -0.4619 -0.8870
vn -0.0000 -0.1659 -0.9861
vn -0.0005 -0.1656 -0.9862
vn -0.0006 -0.1655 -0.9862
vn -0.0003 -0.1656 -0.9862
vn -0.0008 -0.1655 -0.9862
vn -0.0000 0.0282 -0.9996
vn -0.0000 -0.1138 -0.9935
vn 0.0005 -0.2312 -0.9729
vn -0.0000 -0.2183 -0.9759
vn -0.0000 -0.5420 -0.8404
vn 0.0006 -0.3588 -0.9334
vn -0.0000 -0.8734 -0.4871
vn -0.0005 -0.9917 -0.1285
vn -0.0004 -0.9917 -0.1286
vn -0.0000 -0.9907 0.1361
vn -0.0000 0.0869 -0.9962
vn -0.0000 0.4414 -0.8973
vn -0.0000 0.5481 -0.8364
vn -0.0000 0.8547 -0.5191
vn -0.0000 0.8964 -0.4432
vn -0.0000 0.9912 -0.1325
vn -0.0000 0.9926 -0.1216
vn -0.0000 0.9921 0.1254
vn -0.0000 0.9933 0.1156
vn -0.0000 0.6331 0.7741
vn -0.0004 0.6328 0.7743
vn -0.0004 -0.2311 -0.9729
vn -0.0007 -0.3585 -0.9335
vn -0.0005 -0.9917 -0.1287
vn -0.0005 0.9912 -0.1326
vn -0.0005 0.9926 -0.1218
vn -0.0005 -0.9910 0.1335
vn -0.0000 -0.8553 0.5181
vn -0.0000 -0.7071 0.7071
vn -0.0000 -0.4678 0.8838
vn -0.0000 -0.4881 0.8728
vn -0.0000 0.0160 0.9999
vn -0.0003 -0.2587 0.9660
vn -0.0000 0.1299 0.9915
vn -0.0000 0.6028 0.7979
vn -0.0000 0.5120 0.8590
vn -0.0000 0.8701 0.4930
vn -0.0003 0.9048 0.4258
vn -0.0005 0.9915 0.1297
vn -0.0005 0.9929 0.1189
vn -0.0004 0.9048 0.4257
vn -0.0000 -0.1553 -0.9879
vn -0.0000 -0.1577 -0.9875
vn -0.0000 -0.2115 -0.9774
vn -0.0005 -0.3190 -0.9478
vn 0.0044 0.9981 0.0612
vn -0.0005 1.0000 0.0005
vn -0.0000 0.8660 -0.5000
vn -0.0000 0.7071 -0.7071
vn -0.0000 0.5000 -0.8660
vn -0.0000 -0.0030 -1.0000
vn -0.0000 -0.0029 -1.0000
vn -0.0044 0.9981 0.0612
vn -0.0004 -0.6328 -0.7743
vn -0.0000 -0.6331 -0.7741
vn -0.0004 -0.6329 -0.7743
vn 0.4999 0.8661 -0.0000
vn -0.0002 1.0000 -0.0005
vn 0.5103 0.8600 -0.0015
vn 0.0001 1.0000 0.0005
vn -0.0000 1.0000 -0.0064
vn 0.3853 0.9228 0.0073
vn -0.0002 0.9999 -0.0132
vn 0.6883 0.7254 0.0103
vn 0.5107 0.8597 -0.0015
vn 0.3857 0.9226 0.0073
vn 0.8739 0.4861 -0.0025
vn 0.8980 0.4399 -0.0044
vn 0.9683 0.2498 -0.0044
vn 0.9670 0.2546 -0.0024
vn 0.9661 0.2582 -0.0001
vn 0.8662 0.4997 -0.0000
vn 0.9661 0.2581 -0.0000
vn 0.9660 0.2585 0.0006
vn 0.9661 0.2583 -0.0001
vn 0.9661 0.2582 -0.0000
vn 0.9660 0.2585 0.0008
vn 0.9660 0.2584 -0.0000
vn 0.9661 0.2583 -0.0000
vn 0.9661 0.2582 0.0001
vn 0.5000 0.8661 -0.0000
vn 0.9660 0.2586 0.0005
vn -0.0005 0.4999 0.8661
vn -0.0005 0.8661 0.4999
vn -0.0005 0.4996 0.8663
vn -0.0005 0.0008 1.0000
vn 0.0005 0.4999 0.8661
vn 0.0005 0.8661 0.4999
vn 0.0005 0.4996 0.8663
vn 0.0005 0.0008 1.0000
vn -0.7195 0.3472 0.6015
vn -0.7196 0.3472 0.6014
vn -0.7192 0.0007 0.6948
vn -0.7192 -0.0001 0.6948
vn 0.7192 -0.0001 0.6948
vn 0.7195 0.3472 0.6014
vn 0.7192 0.0006 0.6948
vn 0.7195 0.3472 0.6015
vn -0.0000 0.0030 1.0000
vn 0.0005 0.0024 1.0000
vn -0.0005 0.0024 1.0000
vn 0.0007 0.0028 1.0000
vn -0.0008 0.0044 1.0000
vn -0.0004 0.0052 1.0000
vn -0.0034 0.0064 1.0000
vn -0.0007 0.0028 1.0000
vn 0.0005 0.0044 1.0000
vn 0.0004 0.0052 1.0000
vn 0.0034 0.0064 1.0000
vn 0.7195 -0.3471 0.6015
vn 0.7192 -0.0009 0.6948
vn 0.7195 -0.3472 0.6015
vn 0.7192 0.0001 0.6948
vn -0.7196 -0.3471 0.6014
vn -0.7195 -0.3471 0.6016
vn -0.7192 -0.0009 0.6948
vn -0.7192 0.0001 0.6948
vn -0.0006 -0.0035 1.0000
vn -0.0008 -0.0037 1.0000
vn -0.0004 -0.0032 1.0000
vn -0.0000 -0.0033 1.0000
vn -0.0004 -0.0034 1.0000
vn 0.0007 -0.0032 1.0000
vn 0.0006 -0.0035 1.0000
vn -0.0006 -0.0033 1.0000
vn -0.0007 -0.0032 1.0000
vn 0.0004 -0.0032 1.0000
vn 0.0008 -0.0037 1.0000
vn 0.7196 0.6012 0.3476
vn 0.7196 0.3474 0.6012
vn 0.7195 0.6012 0.3476
vn 0.7196 0.3476 0.6012
vn -0.7195 0.6012 0.3476
vn -0.7196 0.3474 0.6012
vn -0.7195 0.3476 0.6013
vn 0.0015 0.0046 1.0000
vn -0.0005 0.0044 1.0000
vn 0.0017 0.0080 1.0000
vn -0.0005 0.0083 1.0000
vn -0.0004 0.0015 1.0000
vn -0.0005 0.0015 1.0000
vn -0.0015 0.0044 1.0000
vn 0.0005 0.0015 1.0000
vn 0.0015 0.0044 1.0000
vn -0.0006 0.0045 1.0000
vn -0.0006 0.0016 1.0000
vn -0.0015 0.0046 1.0000
vn -0.0017 0.0080 1.0000
vn -0.2458 -0.7745 0.5829
vn -0.2214 -0.7791 0.5866
vn -0.0006 -0.7989 0.6015
vn -0.0005 -0.7989 0.6015
vn -0.0000 -0.7989 0.6014
vn -0.2213 -0.7791 0.5866
vn 0.2213 -0.7791 0.5866
vn -0.0000 -0.7989 0.6015
vn 0.2215 -0.7790 0.5866
vn 0.2457 -0.7745 0.5829
vn 0.3269 -0.7550 0.5684
vn -0.3268 -0.7550 0.5684
vn -0.3270 -0.7550 0.5684
vn -0.9683 0.2498 -0.0044
vn -0.8740 0.4860 -0.0024
vn -0.9670 0.2547 -0.0024
vn -0.9661 0.2582 -0.0001
vn -0.9661 0.2583 -0.0000
vn -0.8662 0.4997 -0.0000
vn -0.9661 0.2581 -0.0000
vn -0.9661 0.2583 -0.0001
vn -0.9661 0.2582 -0.0000
vn -0.9660 0.2584 -0.0000
vn -0.9661 0.2582 0.0001
vn -0.4999 0.8661 -0.0000
vn -0.5000 0.8661 -0.0000
vn -0.0006 1.0000 0.0005
vn -0.0009 1.0000 -0.0005
vn -0.5103 0.8600 -0.0015
vn -0.0007 1.0000 -0.0064
vn -0.3853 0.9228 0.0073
vn -0.5107 0.8597 -0.0015
vn -0.6883 0.7254 0.0103
vn -0.3857 0.9226 0.0073
vn -0.0010 0.9999 -0.0132
vn -0.8980 0.4399 -0.0044
vn -0.9990 -0.0442 -0.0000
vn -0.9996 -0.0294 -0.0000
vn -0.9985 -0.0556 -0.0000
vn -1.0000 -0.0005 0.0005
vn -0.9875 0.1576 -0.0003
vn -1.0000 -0.0090 -0.0000
vn -0.9856 0.1693 -0.0000
vn -0.8651 0.5016 -0.0006
vn -0.8650 0.5018 -0.0000
vn -0.4967 0.8679 0.0009
vn -0.4967 0.8679 0.0010
vn -0.0008 1.0000 0.0005
vn -0.9968 -0.0802 -0.0000
vn -0.9953 -0.0973 -0.0007
vn -0.9302 -0.3670 -0.0000
vn -0.9415 -0.3370 -0.0000
vn -0.7492 -0.6623 -0.0000
vn -0.7312 -0.6822 -0.0007
vn -0.3925 -0.9198 -0.0000
vn -0.4081 -0.9129 -0.0000
vn -0.0932 -0.9956 0.0006
vn 0.0005 -0.9885 0.1510
vn -0.0005 -0.9886 0.1509
vn 0.0002 -0.9167 0.3995
vn 0.0004 -0.7399 0.6727
vn 0.0014 -0.4858 0.8741
vn -0.0005 -0.4852 0.8744
vn 0.0015 -0.2442 0.9697
vn 0.0017 -0.1534 0.9882
vn -0.0002 -0.1506 0.9886
vn -0.0014 -0.1527 0.9883
vn 0.0018 -0.1533 0.9882
vn -0.0000 -0.7741 0.6331
vn -0.0000 -0.8593 0.5115
vn -0.0005 -0.7739 0.6333
vn -0.0000 -0.7738 0.6334
vn -0.0000 -0.8592 0.5117
vn -0.0000 -0.9254 0.3791
vn -0.0005 -0.8594 0.5114
vn -0.0003 -0.9253 0.3792
vn 0.3270 -0.7550 0.5684
vn 0.2458 -0.7745 0.5829
vn 0.1920 -0.8255 0.5307
vn 0.2400 -0.8166 0.5250
vn 0.1991 -0.8243 0.5299
vn -0.0000 -0.8412 0.5408
vn -0.1920 -0.8255 0.5307
vn -0.1991 -0.8243 0.5299
vn -0.2400 -0.8166 0.5250
vn 0.3092 -0.7830 0.5397
vn 0.2535 -0.7975 0.5475
vn 0.2175 -0.8050 0.5520
vn -0.0000 -0.8263 0.5632
vn -0.0004 -0.8261 0.5636
vn -0.2175 -0.8050 0.5520
vn -0.2535 -0.7975 0.5475
vn -0.3092 -0.7830 0.5397
vn -0.0000 0.2588 0.9659
vn -0.0000 0.2589 0.9659
vn -0.0003 -0.8269 0.5624
vn -0.0000 -0.8187 0.5742
vn -0.0000 -0.8147 0.5799
vn -0.0000 -0.7980 0.6026
vn -0.0007 -0.7853 0.6191
vn -0.0004 -0.7678 0.6407
vn -0.0000 -0.8267 0.5627
vn -0.0000 -0.7853 0.6191
vn -0.0000 -0.7676 0.6409
vn 0.4967 0.8679 0.0009
vn 0.4967 0.8679 -0.0000
vn 0.8650 0.5018 -0.0000
vn 0.8651 0.5017 -0.0005
vn 0.9875 0.1577 -0.0004
vn 0.9856 0.1693 -0.0000
vn 1.0000 -0.0093 -0.0005
vn 0.9996 -0.0297 -0.0005
vn -0.0004 1.0000 0.0005
vn -0.0000 0.5174 -0.8557
vn -0.0005 -0.7738 0.6334
vn -0.0001 -0.7741 0.6331
vn -0.0004 -0.7743 0.6328
vn -0.0003 -0.7743 0.6328
vn -0.0004 -0.7743 0.6329
vn 0.0002 -0.7741 0.6331
vn 0.0005 -0.7739 0.6333
vn -0.0005 -0.8592 0.5117
vn -0.0004 -0.7739 0.6333
vn -0.0007 -0.7739 0.6333
vn 0.0004 -0.7743 0.6328
vn 0.0003 -0.7743 0.6328
vn 0.0008 -0.7738 0.6334
vn 0.0001 -0.7741 0.6331
vn -0.0005 -0.2585 0.9660
vn -0.0005 -0.2587 0.9660
vn -0.0000 -0.2588 0.9659
vn -0.0005 -0.2588 0.9659
vn -0.0000 -0.2589 0.9659
vn 0.0004 -0.2586 0.9660
vn -0.0000 -0.3193 -0.9477
vn -0.0000 -0.6303 -0.7764
vn -0.0006 -0.6307 -0.7761
vn -0.0000 -0.8789 -0.4771
vn -0.0005 -0.8788 -0.4772
vn -0.0000 -0.9933 -0.1155
vn -0.0000 -0.9629 0.2699
vn -0.0000 -0.8349 0.5505
vn -0.0005 -0.8348 0.5505
vn -0.0002 -0.7228 0.6910
vn -0.0001 -0.7226 0.6912
vn -0.0002 -0.8288 0.5596
vn -0.0003 -0.8291 0.5591
vn 0.0003 -0.9425 0.3341
vn -0.0005 -0.9427 0.3337
vn -0.0005 -0.3193 -0.9476
vn -0.0000 -0.3192 -0.9477
vn -0.0002 0.4629 0.8864
vn -0.0003 0.4363 0.8998
vn -0.0002 0.4627 0.8865
vn -0.0000 0.5290 0.8486
vn -0.0000 0.5291 0.8486
vn -0.0005 0.4375 0.8992
vn -0.0005 0.4790 0.8778
vn -0.0005 0.4791 0.8777
vn 0.0002 0.4629 0.8864
vn 0.0002 0.4627 0.8865
vn 0.0003 0.4363 0.8998
vn 0.0005 0.4375 0.8992
vn 0.0005 0.4790 0.8778
vn -0.0005 0.4792 0.8777
vn 0.9747 -0.0982 0.2008
vn 0.9772 -0.1734 0.1226
vn 0.9813 -0.1666 0.0962
vn 0.9813 -0.1664 0.0964
vn 0.9705 -0.0487 0.2361
vn -0.9705 -0.0487 0.2361
vn -0.9813 -0.1664 0.0964
vn -0.9747 -0.0982 0.2008
vn -0.9772 -0.1734 0.1226
vn -0.9813 -0.1666 0.0962
vn 0.0005 0.3133 0.9497
vn -0.0005 0.3143 0.9493
vn -0.0000 0.3147 0.9492
vn 0.0005 0.3151 0.9491
vn -0.0005 0.3132 0.9497
vn -0.0003 0.3125 0.9499
vn -0.0005 0.0163 -0.9999
vn -0.0000 0.5120 -0.8590
vn -0.0005 0.1296 -0.9916
vn -0.0000 0.6028 -0.7979
vn -0.0000 0.8701 -0.4929
vn -0.0000 0.9047 -0.4260
vn -0.0005 0.9916 -0.1296
vn -0.0005 0.9929 -0.1188
vn -0.0000 -0.9812 0.1928
vn -0.0005 -0.9812 0.1929
vn 0.7195 -0.3475 0.6013
vn 0.7196 -0.3474 0.6013
vn 0.7196 -0.6013 0.3474
vn 0.7196 -0.6012 0.3475
vn -0.7195 -0.6013 0.3475
vn -0.7196 -0.6012 0.3475
vn -0.7195 -0.3475 0.6013
vn -0.7196 -0.3475 0.6012
vn -0.0000 -0.4996 -0.8663
vn -0.7195 0.6014 0.3472
vn -0.7192 0.6948 -0.0004
vn -0.7192 0.6948 0.0009
vn 0.7192 0.6948 0.0008
vn 0.7192 0.6948 -0.0004
vn 0.7196 0.6013 0.3472
vn 0.7195 0.6014 0.3472
vn -0.0000 0.7071 0.7071
vn -0.0009 0.7071 0.7071
vn -0.0007 0.7071 0.7071
vn -0.0005 -1.0000 -0.0004
vn 0.0005 -1.0000 -0.0004
vn -0.0005 -0.8663 0.4996
vn 0.0005 -0.8663 0.4996
vn -0.0005 -0.8661 0.4999
vn 0.0005 -0.8661 0.4999
vn -0.0005 -0.4999 0.8661
vn -0.0005 0.0004 1.0000
vn -0.0005 -0.4996 0.8663
vn 0.0005 0.0004 1.0000
vn 0.0005 -0.4996 0.8663
vn 0.0005 -0.4999 0.8661
vn -0.0000 0.7680 -0.6404
vn -0.0004 0.7682 -0.6403
vn 0.0050 -0.7790 0.6270
vn -0.0050 -0.7790 0.6270
vn -0.0005 0.8663 0.4996
vn -0.0005 1.0000 -0.0004
vn 0.0005 0.8663 0.4996
vn 0.0005 1.0000 -0.0004
vn 0.0002 -0.8288 0.5596
vn 0.0001 -0.7226 0.6912
vn 0.0002 -0.7228 0.6910
vn -0.0005 -0.8348 0.5506
vn -0.0003 -0.9425 0.3341
vn -0.0005 -0.9427 0.3336
vn -0.0000 0.9916 -0.1294
vn -0.0000 0.9916 0.1294
vn -0.0000 0.9929 -0.1186
vn -0.0000 0.9929 0.1186
vn 0.4139 -0.0847 -0.9064
vn 0.4138 -0.0845 -0.9064
vn 0.4140 -0.0847 -0.9063
vn 0.4146 -0.0838 -0.9062
vn -0.4138 -0.0845 -0.9064
vn -0.4140 -0.0847 -0.9063
vn -0.4146 -0.0838 -0.9062
vn -0.4139 -0.0847 -0.9064
vn -0.0004 -0.9303 -0.3668
vn -0.0005 -0.9303 -0.3668
vn 0.0005 -0.9303 -0.3668
vn -0.0000 -0.9302 -0.3671
vn 0.0004 -0.9303 -0.3668
vn 0.9953 0.0967 -0.0000
vn 0.9953 0.0973 0.0007
vn 0.9953 0.0972 0.0004
vn 0.9953 0.0971 0.0003
vn 0.9953 0.0973 0.0005
vn 0.9953 0.0972 0.0005
vn 0.9953 0.0971 0.0004
vn -0.9953 0.0967 -0.0000
vn -0.9952 0.0974 0.0006
vn -0.9953 0.0973 0.0007
vn -0.9953 0.0966 -0.0000
vn -0.9952 0.0974 0.0007
vn -0.9953 0.0971 -0.0004
vn -0.9953 0.0972 -0.0005
vn -0.9953 0.0970 -0.0004
vn -0.9953 0.0970 -0.0001
vn -0.9953 0.0968 -0.0000
vn -0.9953 0.0973 -0.0006
vn -0.9953 0.0970 -0.0003
vn -0.9952 0.0976 -0.0009
vn -0.9953 0.0973 0.0005
vn -0.9952 0.0974 -0.0006
vn -0.9953 0.0971 -0.0003
vn -0.9953 0.0972 -0.0004
vn -0.9953 0.0971 -0.0005
vn -0.9952 0.0974 -0.0005
vn -0.9953 0.0973 -0.0005
vn -0.9953 0.0972 -0.0003
vn 0.9953 0.0969 -0.0000
vn 0.9953 0.0966 -0.0000
vn 0.9953 0.0968 -0.0000
vn 0.9953 0.0971 -0.0004
vn 0.9953 0.0973 -0.0005
vn 0.9953 0.0972 -0.0005
vn 0.9953 0.0972 -0.0004
vn 0.9953 0.0968 -0.0001
vn 0.9952 0.0974 -0.0006
vn 0.9953 0.0970 0.0003
vn 0.9953 0.0971 -0.0003
vn 0.9953 0.0973 -0.0006
vn 0.9813 -0.1666 0.0961
vn 0.9792 -0.1939 0.0600
vn 0.8829 -0.4614 0.0876
vn 0.8575 -0.5075 0.0845
vn -0.0000 0.0260 0.9997
vn -0.0000 0.1565 0.9877
vn -0.0005 0.0260 0.9997
vn -0.0005 0.2838 0.9589
vn -0.0005 0.0259 0.9997
vn -0.0000 0.1564 0.9877
vn -0.0005 -0.3581 0.9337
vn -0.0000 -0.3584 0.9336
vn -0.0000 0.0262 0.9997
vn -0.0007 -0.7770 0.6295
vn -0.0000 -0.9135 0.4068
vn -0.0006 -0.7769 0.6296
vn -0.0003 -0.9877 0.1566
vn -0.0000 -0.9945 -0.1045
vn -0.0000 -0.9336 -0.3584
vn -0.0000 -0.9877 0.1564
vn -0.0000 -0.6293 -0.7772
vn -0.0000 -0.6293 -0.7771
vn -0.0000 -0.2839 -0.9588
vn -0.0000 0.2837 0.9589
vn -0.0000 0.2840 0.9588
vn -0.0000 0.6293 0.7772
vn -0.0000 0.6293 0.7771
vn -0.0000 0.9336 0.3584
vn -0.0003 0.9877 -0.1567
vn -0.0005 0.9876 -0.1568
vn -0.0000 0.7771 -0.6293
vn -0.0004 0.7770 -0.6295
vn -0.0000 0.3584 -0.9336
vn -0.0006 0.3581 -0.9337
vn -0.0000 -0.0262 -0.9997
vn -0.0005 -0.0259 -0.9997
vn -0.0000 -0.1564 -0.9877
vn -0.0005 -0.2836 -0.9590
vn -0.0000 -0.2837 -0.9589
vn -0.0000 -0.2836 -0.9589
vn -0.0000 -0.0260 -0.9997
vn 0.9990 -0.0445 -0.0005
vn 0.9985 -0.0553 -0.0005
vn 0.9996 -0.0298 -0.0005
vn 0.9968 -0.0802 -0.0000
vn 0.9417 -0.3364 -0.0005
vn 1.0000 -0.0005 0.0005
vn -0.0005 1.0000 -0.0005
vn 0.0005 1.0000 -0.0005
vn 0.0005 -0.3590 -0.9333
vn 0.0002 -0.3593 -0.9332
vn -0.0005 -0.3590 -0.9333
vn -0.0005 -0.3591 -0.9333
vn -0.0002 -0.3593 -0.9332
vn 0.9985 -0.0552 -0.0005
vn 0.9990 -0.0444 -0.0005
vn 0.8122 0.5577 -0.1710
vn 0.8054 0.5857 -0.0910
vn 0.8076 0.5790 -0.1118
vn 0.7951 0.6061 -0.0226
vn -0.7951 0.6061 -0.0226
vn -0.8054 0.5857 -0.0910
vn -0.8077 0.5789 -0.1120
vn -0.8122 0.5577 -0.1710
vn -0.0005 -1.0000 0.0005
vn -0.0005 -0.7071 0.7071
vn -0.0003 -0.7071 0.7071
vn 0.0044 0.9981 0.0609
vn 0.0073 0.9904 -0.1383
vn -0.0044 0.9981 0.0609
vn -0.0044 0.9981 0.0608
vn -0.0073 0.9904 -0.1383
vn 1.0000 0.0005 0.0005
vn 1.0000 -0.0000 -0.0000
vn 1.0000 0.0003 0.0003
vn -1.0000 0.0005 0.0005
vn -1.0000 -0.0000 -0.0000
vn -1.0000 0.0003 0.0003
vn -0.2587 0.9660 -0.0000
vn -0.2588 0.9659 -0.0000
vn -0.0003 1.0000 -0.0003
vn -0.2587 0.9659 -0.0000
vn 0.2587 0.9659 -0.0000
vn 0.2588 0.9659 -0.0000
vn 0.2587 0.9660 -0.0000
vn 1.0000 0.0005 -0.0005
vn 0.9746 0.0882 0.2057
vn 0.9670 0.1006 0.2342
vn 0.9618 0.1078 0.2516
vn 0.9742 0.0893 0.2073
vn 0.9623 0.1072 0.2498
vn -1.0000 0.0005 -0.0005
vn -0.9746 0.0882 0.2057
vn -0.9670 0.1006 0.2342
vn -0.9618 0.1078 0.2516
vn -0.9623 0.1072 0.2498
vn -0.9742 0.0893 0.2073
vn -0.0000 -0.8641 0.5033
vn -0.0000 -0.8641 0.5034
vn -0.0000 -0.9908 0.1350
vn -0.0000 -0.9256 -0.3785
vn -0.0000 -0.6123 -0.7906
vn -0.0000 -0.6124 -0.7906
vn -0.0000 -0.1350 -0.9908
vn -0.0000 0.3785 -0.9256
vn -0.0000 0.7036 -0.7106
vn 1.0000 -0.0054 0.0014
vn 1.0000 -0.0034 0.0034
vn 0.9999 -0.0005 0.0171
vn 0.9997 0.0025 0.0239
vn 0.9995 -0.0170 0.0268
vn 0.9990 0.0103 0.0435
vn 0.9991 0.0279 0.0308
vn 0.9998 0.0151 0.0122
vn 0.9997 0.0093 0.0210
vn 0.9996 0.0277 -0.0069
vn 1.0000 0.0005 -0.0037
vn 1.0000 -0.0044 0.0005
vn 0.9997 -0.0249 0.0054
vn -0.9997 0.0025 0.0239
vn -0.9999 -0.0005 0.0171
vn -1.0000 -0.0034 0.0034
vn -0.9995 -0.0175 0.0273
vn -0.9990 0.0103 0.0435
vn -0.9991 0.0279 0.0308
vn -0.9997 0.0093 0.0210
vn -0.9998 0.0151 0.0122
vn -0.9996 0.0278 -0.0064
vn -1.0000 0.0005 -0.0035
vn -1.0000 -0.0044 0.0005
vn -1.0000 -0.0054 0.0013
vn -0.9997 -0.0249 0.0054
vn -0.7195 -0.6015 0.3472
vn -0.7196 -0.6013 0.3472
vn -0.7192 -0.6948 -0.0004
vn -0.7192 -0.6948 0.0008
vn 0.9772 -0.1734 0.1224
vn 0.9792 -0.1939 0.0601
vn 0.9659 -0.0000 0.2588
vn 0.9660 0.0005 0.2585
vn 0.9763 0.0001 -0.2163
vn 0.8660 -0.0000 -0.5000
vn 0.8660 -0.0000 0.5000
vn 0.8463 -0.0007 0.5327
vn 0.7071 -0.0000 0.7071
vn 0.4999 -0.0000 0.8661
vn 0.4254 0.0004 0.9050
vn 0.2584 0.0004 0.9660
vn -0.0003 0.0005 1.0000
vn -0.0002 0.0005 1.0000
vn 0.9660 0.0005 -0.2585
vn 0.9659 -0.0000 -0.2588
vn 0.7071 -0.0000 -0.7071
vn 0.4999 -0.0000 -0.8661
vn 0.4762 -0.0000 -0.8793
vn -0.0004 0.0005 -1.0000
vn -0.0003 0.0005 -1.0000
vn 0.4386 -0.0000 -0.8987
vn 0.2037 -0.2533 -0.9457
vn 0.0007 0.0005 -1.0000
vn -0.0005 -0.3288 -0.9444
vn 0.7071 0.0006 -0.7071
vn 0.7071 0.0007 -0.7071
vn 0.9764 -0.0001 -0.2161
vn 0.9982 -0.0000 -0.0608
vn 0.9660 -0.0003 0.2586
vn 0.9067 -0.0008 0.4217
vn 0.8462 -0.0000 0.5328
vn 0.5464 0.0007 0.8375
vn 0.4383 0.0004 0.8988
vn 0.7072 -0.0000 0.7070
vn 0.7073 -0.0000 0.7069
vn -0.0000 0.4355 0.9002
vn 0.0001 0.5364 0.8440
vn 0.0001 0.5360 0.8442
vn 0.3389 0.6978 0.6310
vn 0.0004 0.7577 0.6526
vn -0.0000 0.5359 0.8443
vn 0.0004 0.9344 0.3562
vn -0.0000 0.7577 0.6526
vn 0.0002 0.9952 0.0983
vn -0.0000 0.9344 0.3562
vn 0.2434 0.8939 0.3764
vn 0.5946 0.6523 0.4700
vn 0.0986 0.9874 0.1236
vn 0.3248 0.9123 0.2493
vn 0.0525 0.9978 0.0394
vn -0.0001 0.9920 -0.1266
vn 0.0542 0.9785 -0.1988
vn 0.0444 0.9234 -0.3814
vn -0.0000 0.9276 -0.3736
vn 0.0001 0.9920 -0.1266
vn -0.0000 0.9952 0.0982
vn -0.0002 0.9952 0.0983
vn -0.0986 0.9874 0.1236
vn -0.0542 0.9785 -0.1988
vn -0.0444 0.9233 -0.3814
vn -0.0000 0.9309 -0.3652
vn 0.0003 0.9307 -0.3658
vn -0.0200 0.9159 -0.4010
vn -0.0220 0.9135 -0.4062
vn -0.0396 0.8956 -0.4431
vn -0.2106 0.8902 -0.4039
vn -0.1076 0.9723 -0.2075
vn -0.0525 0.9978 0.0394
vn -0.3240 0.9125 0.2498
vn -0.2434 0.8939 0.3764
vn -0.5945 0.6521 0.4705
vn -0.3389 0.6978 0.6310
vn -0.7128 0.3996 0.5763
vn -0.7384 0.2963 0.6058
vn -0.7244 0.3544 0.5913
vn -0.7385 0.2967 0.6055
vn -0.0004 0.7577 0.6526
vn -0.0001 0.5360 0.8442
vn -0.0001 0.5364 0.8440
vn -0.0004 0.9344 0.3562
vn 0.0001 0.4356 0.9001
vn -0.0006 0.9306 -0.3660
vn 0.0200 0.9159 -0.4010
vn 0.0220 0.9135 -0.4062
vn 0.0396 0.8956 -0.4431
vn 0.2106 0.8902 -0.4039
vn 0.1077 0.9723 -0.2075
vn 0.7127 0.3993 0.5767
vn 0.7244 0.3544 0.5913
vn 0.7384 0.2965 0.6057
vn 0.7385 0.2967 0.6055
vn -0.0001 0.4356 0.9001
vn 0.7192 0.6948 -0.0000
vn 0.7196 0.6013 -0.3472
vn 0.7192 0.6948 -0.0006
vn 0.7196 0.6014 -0.3471
vn -0.7192 0.6948 -0.0000
vn -0.7192 0.6948 -0.0006
vn -0.7196 0.6013 -0.3472
vn -0.7195 0.6014 -0.3472
vn -0.0000 0.9998 -0.0210
vn -1.0000 0.0003 -0.0003
vn -1.0000 -0.0003 0.0003
vn -1.0000 -0.0006 0.0006
vn 1.0000 0.0003 -0.0003
vn 1.0000 0.0004 -0.0005
vn 1.0000 0.0004 0.0003
vn 1.0000 0.0004 0.0004
vn 1.0000 0.0008 0.0008
vn -1.0000 0.0007 0.0007
vn -1.0000 0.0003 -0.0002
vn -1.0000 0.0004 -0.0002
vn -1.0000 0.0006 0.0006
vn -1.0000 0.0001 -0.0000
vn -1.0000 0.0008 0.0008
vn -1.0000 -0.0005 -0.0005
vn -1.0000 -0.0003 -0.0003
vn 1.0000 -0.0005 -0.0005
vn -0.0001 -1.0000 0.0024
vn -0.5055 -0.8621 0.0347
vn 0.0003 -1.0000 0.0024
vn -0.5067 -0.8614 0.0356
vn -0.8574 -0.5076 0.0846
vn -0.8827 -0.4616 0.0875
vn -0.9792 -0.1939 0.0600
vn -0.9813 -0.1666 0.0961
vn -0.9772 -0.1734 0.1224
vn -0.9792 -0.1939 0.0601
vn -0.0000 0.9997 0.0251
vn -0.0003 0.9997 0.0250
vn -0.0000 0.9659 0.2588
vn -0.0003 0.9660 0.2587
vn -0.0004 0.9660 0.2586
vn -0.0006 0.9660 0.2585
vn 0.5115 0.8593 -0.0000
vn -0.0002 1.0000 0.0005
vn 0.7071 0.7071 -0.0000
vn 0.8660 0.5000 -0.0000
vn 0.8660 -0.5000 -0.0000
vn 0.7071 -0.7071 -0.0000
vn 0.4998 -0.8661 -0.0000
vn 0.4863 -0.8738 -0.0000
vn 0.0001 -1.0000 -0.0005
vn 0.7071 -0.7071 -0.0003
vn -0.5115 0.8593 -0.0000
vn -0.7071 0.7071 -0.0000
vn -0.0009 1.0000 0.0005
vn -0.8660 0.5000 -0.0000
vn -0.8660 -0.5000 -0.0000
vn -0.7071 -0.7071 -0.0000
vn -0.4998 -0.8661 -0.0000
vn -0.4863 -0.8738 -0.0000
vn -0.0006 -1.0000 -0.0005
vn -0.0008 -1.0000 -0.0005
vn -0.0000 0.9307 -0.3657
vn -0.0000 0.9189 -0.3946
vn -0.0003 0.9189 -0.3944
vn -0.0000 0.9025 -0.4307
vn -0.0005 0.9025 -0.4306
vn -0.0004 0.9026 -0.4304
vn -0.0008 0.9276 -0.3737
vn -0.0000 -0.8660 -0.5000
vn -0.0000 -0.5000 -0.8660
vn -0.0000 0.0004 -1.0000
vn -0.0000 -0.8660 0.5000
vn -0.0000 -0.5000 0.8660
vn -0.0000 0.5000 0.8660
vn -0.0000 0.8660 0.5000
vn 0.0005 1.0000 0.0005
vn -0.0000 0.0006 -1.0000
vn -0.0003 -0.8661 -0.4999
vn -1.0000 0.0004 0.0005
vn -0.7074 0.7068 -0.0000
vn -0.7070 0.7072 -0.0000
vn -0.7072 0.7070 -0.0000
vn -0.8838 0.4678 -0.0000
vn -0.9659 0.2588 -0.0000
vn -0.9659 0.2589 -0.0000
vn -0.9660 0.2587 0.0003
vn -0.9660 0.2586 0.0004
vn -0.9660 0.2586 0.0003
vn -0.9660 0.2586 -0.0000
vn -0.8740 0.4860 -0.0000
vn -0.7071 0.7071 0.0006
vn -0.4998 -0.8661 -0.0005
vn -0.4998 -0.8662 -0.0004
vn -0.0005 -1.0000 -0.0005
vn 0.4999 -0.8661 -0.0008
vn 0.4997 -0.8662 -0.0004
vn 1.0000 -0.0003 -0.0003
vn 0.9659 0.2588 -0.0000
vn 0.9659 0.2587 -0.0000
vn 0.8838 0.4678 -0.0000
vn 0.7071 0.7071 0.0005
vn 0.7070 0.7072 -0.0000
vn 0.7072 0.7070 -0.0000
vn 0.7074 0.7068 -0.0000
vn 0.9659 0.2589 -0.0000
vn 0.9660 0.2587 -0.0000
vn 0.9660 0.2587 0.0003
vn 0.9660 0.2586 -0.0000
vn 0.8740 0.4860 -0.0000
vn 0.7071 0.7071 0.0003
vn 0.8577 0.5142 -0.0000
vn 0.9659 0.2588 -0.0001
vn -0.9659 0.2588 -0.0001
vn -0.8577 0.5142 -0.0000
vn -1.0000 0.0006 -0.0006
vn 0.0009 -1.0000 0.0025
vn 0.5055 -0.8621 0.0347
vn 0.0006 -1.0000 0.0025
vn 0.5067 -0.8614 0.0356
vn 0.8573 -0.5079 0.0845
vn 0.8827 -0.4618 0.0874
vn -0.0007 1.0000 0.0009
vn -0.0000 1.0000 0.0001
vn -0.0008 1.0000 0.0013
vn 0.0008 1.0000 0.0013
vn 0.0008 1.0000 0.0014
vn 0.4997 -0.0000 0.8662
vn 0.8661 0.0004 -0.4998
vn 0.4997 -0.0000 -0.8662
vn 0.4998 0.0003 -0.8662
vn -0.0001 -0.0005 -1.0000
vn -0.0003 -0.0005 -1.0000
vn -0.0007 0.0005 1.0000
vn -0.0006 0.0005 1.0000
vn -0.4997 -0.0000 0.8662
vn -0.8662 0.0004 0.4997
vn -0.8660 -0.0000 0.5000
vn -0.8660 -0.0000 -0.5000
vn -0.4997 -0.0000 -0.8662
vn -0.0008 -0.0005 -1.0000
vn -0.0010 -0.0005 -1.0000
vn -0.0000 0.9531 -0.3026
vn -0.0003 0.9532 -0.3025
vn 0.6613 -0.7170 0.2204
vn 0.6796 -0.7322 -0.0454
vn 0.6795 -0.7310 -0.0630
vn 0.6717 -0.7186 -0.1802
vn 0.6753 -0.7223 -0.1489
vn 0.6829 -0.7305 -0.0000
vn 0.6828 -0.7306 -0.0000
vn 0.6828 -0.7306 0.0005
vn -0.6793 -0.7311 -0.0630
vn -0.6796 -0.7322 -0.0454
vn -0.6613 -0.7170 0.2204
vn -0.6717 -0.7186 -0.1800
vn -0.6753 -0.7223 -0.1489
vn -0.6829 -0.7305 -0.0000
vn -0.6828 -0.7306 -0.0000
vn -0.0006 -0.9806 0.1959
vn 0.3415 -0.9042 0.2565
vn 0.3462 -0.9215 0.1763
vn 0.5251 -0.8016 0.2858
vn 0.5035 -0.8525 0.1402
vn -0.0005 -0.9710 0.2390
vn -0.3415 -0.9042 0.2565
vn -0.3462 -0.9215 0.1763
vn -0.5251 -0.8016 0.2858
vn -0.5035 -0.8525 0.1402
vn -0.5273 -0.7834 0.3289
vn -0.5019 -0.8559 0.1246
vn -0.5124 -0.7879 0.3414
vn -0.5165 -0.7813 0.3504
vn -0.3610 -0.8759 0.3200
vn -0.4941 -0.8312 0.2549
vn -0.4941 -0.8313 0.2546
vn -0.3287 -0.9029 0.2769
vn -0.0005 -0.9575 0.2884
vn -0.0000 -0.9561 0.2932
vn 0.3287 -0.9029 0.2769
vn 0.4941 -0.8312 0.2549
vn 0.3610 -0.8759 0.3200
vn 0.5165 -0.7813 0.3504
vn 0.5273 -0.7834 0.3289
vn 0.5124 -0.7879 0.3415
vn 0.5019 -0.8559 0.1246
vn -0.0000 -0.9556 0.2947
vn 0.0005 -0.9557 0.2943
vn 0.0005 -0.9556 0.2945
vn 0.0005 -0.9557 0.2944
vn -0.0005 -0.9557 0.2944
vn 0.7217 -0.0000 -0.6922
vn 0.7216 -0.0003 -0.6923
vn 0.7216 -0.0007 -0.6923
vn -0.7216 -0.0007 -0.6923
vn -0.7217 -0.0000 -0.6922
vn -0.7195 -0.6015 -0.3471
vn -0.7192 -0.6948 -0.0006
vn -0.7196 -0.6013 -0.3472
vn -0.7192 -0.6948 0.0001
vn -0.7196 0.3475 -0.6012
vn -0.7195 0.3476 -0.6013
vn -0.7194 0.6013 -0.3477
vn -0.7196 0.6011 -0.3477
vn 0.4885 -0.8725 -0.0000
vn 0.4452 -0.8955 -0.0000
vn 0.6802 -0.7330 -0.0000
vn -0.4452 -0.8955 -0.0000
vn -0.4885 -0.8725 -0.0000
vn -0.6802 -0.7330 -0.0000
vn -0.6802 -0.7330 0.0003
vn -0.0000 -0.9659 0.2589
vn -0.0000 -0.9659 0.2588
vn -0.0005 -0.9660 0.2585
vn -0.0004 -0.9660 0.2586
vn -0.0003 -0.9660 0.2587
vn -0.0005 -0.9660 0.2584
vn -0.0006 -0.9660 0.2585
vn -0.9225 0.3594 -0.1411
vn -0.9225 0.3580 -0.1441
vn -0.9225 0.3593 -0.1413
vn -0.9214 0.3573 -0.1530
vn -0.9212 0.3570 -0.1549
vn -0.9224 0.3583 -0.1443
vn -0.9196 0.3540 -0.1704
vn -0.9196 0.3541 -0.1704
vn 0.9195 0.3541 -0.1704
vn 0.9196 0.3540 -0.1704
vn 0.9212 0.3569 -0.1549
vn 0.9214 0.3573 -0.1530
vn 0.9225 0.3594 -0.1411
vn 0.9225 0.3593 -0.1413
vn 0.9224 0.3583 -0.1443
vn 0.9226 0.3580 -0.1440
vn -0.0009 0.0005 -1.0000
vn -0.0007 0.0005 -1.0000
vn -0.4999 -0.0000 -0.8661
vn -0.4762 -0.0000 -0.8793
vn -0.7071 -0.0000 -0.7071
vn -0.9659 -0.0000 -0.2588
vn -0.9763 0.0001 -0.2164
vn -0.9659 -0.0000 0.2588
vn -0.8661 -0.0003 0.4998
vn -0.8462 -0.0000 0.5328
vn -0.7071 -0.0000 0.7071
vn -0.4999 -0.0000 0.8661
vn -0.4254 0.0005 0.9050
vn -0.2581 -0.0000 0.9661
vn -0.0008 0.0005 1.0000
vn -0.0009 0.0005 1.0000
vn -0.9764 -0.0001 -0.2161
vn -0.9982 -0.0000 -0.0608
vn -0.9067 -0.0008 0.4217
vn -0.7072 -0.0000 0.7070
vn -0.7071 0.0004 0.7071
vn -0.5464 0.0005 0.8375
vn -0.4386 -0.0000 0.8987
vn -0.7071 -0.0001 -0.7071
vn -0.7071 0.0007 -0.7071
vn -0.4386 -0.0000 -0.8987
vn 0.0004 0.0005 -1.0000
vn -0.2037 -0.2533 -0.9457
vn -0.0000 -0.2588 -0.9659
vn -0.0005 0.0160 -0.9999
vn -0.0005 0.1294 -0.9916
vn -0.0000 -0.4678 -0.8838
vn -0.0000 -0.4880 -0.8728
vn -0.0000 -0.7071 -0.7071
vn -0.0000 -0.8553 -0.5182
vn -0.0000 -0.8553 -0.5181
vn -0.0005 -0.9910 -0.1335
vn -0.0004 -0.2586 -0.9660
vn -0.0005 -0.9617 -0.2740
vn 0.0015 -0.9617 -0.2741
vn -0.0005 -0.9617 -0.2741
vn 0.0014 -0.9617 -0.2743
vn -0.0016 -0.9617 -0.2740
vn -0.0015 -0.9617 -0.2742
vn 0.0005 -1.0000 -0.0005
vn 0.7908 -0.6042 0.0982
vn 0.5975 -0.7948 0.1060
vn 0.6253 -0.7790 0.0474
vn 0.3980 -0.9166 0.0376
vn 0.3736 -0.9274 0.0190
vn 0.3489 -0.9372 -0.0000
vn 0.3488 -0.9372 -0.0000
vn 0.6257 -0.7786 0.0474
vn 0.8312 -0.5560 -0.0000
vn 0.7908 -0.6042 0.0980
vn 0.8310 -0.5563 0.0005
vn 0.3491 -0.9371 -0.0005
vn 0.7561 -0.6329 0.1667
vn -0.3489 -0.9372 -0.0000
vn -0.3736 -0.9274 0.0190
vn -0.6253 -0.7790 0.0474
vn -0.3980 -0.9166 0.0376
vn -0.5975 -0.7948 0.1060
vn -0.7908 -0.6042 0.0982
vn -0.3488 -0.9372 -0.0000
vn -0.7908 -0.6042 0.0980
vn -0.8310 -0.5562 0.0004
vn -0.6257 -0.7786 0.0474
vn -0.8310 -0.5563 0.0004
vn -0.3490 -0.9371 -0.0003
vn -0.7561 -0.6329 0.1667
vn -0.0005 0.6327 0.7744
vn 0.7196 -0.3474 -0.6013
vn 0.7196 -0.6013 -0.3474
vn 0.7196 -0.3476 -0.6012
vn 0.7196 -0.6012 -0.3475
vn 0.7192 0.0009 -0.6948
vn 0.7195 0.3472 -0.6015
vn 0.7192 -0.0001 -0.6948
vn 0.7196 0.3472 -0.6013
vn -0.7192 0.0009 -0.6948
vn -0.7192 -0.0001 -0.6948
vn -0.7195 0.3472 -0.6015
vn -0.0004 -0.6121 -0.7907
vn -0.0005 -0.9256 -0.3785
vn -0.0005 -0.8639 0.5036
vn -0.0004 -0.8639 0.5036
vn -0.0005 -0.7037 0.7105
vn -0.0007 -0.7035 0.7107
vn -0.0000 -0.3785 0.9256
vn -0.0000 -0.1261 0.9920
vn -0.0000 0.1351 0.9908
vn -0.0000 0.1350 0.9908
vn -0.0004 0.6122 0.7907
vn -0.0000 0.6124 0.7906
vn -0.0000 0.9256 0.3785
vn -0.0000 0.9908 -0.1350
vn -0.0000 0.8638 -0.5039
vn -0.0005 0.8639 -0.5036
vn -0.0000 0.7038 -0.7104
vn -0.0005 0.7038 -0.7104
vn -0.0000 0.8639 -0.5036
vn -0.0000 -0.7038 0.7104
vn -0.0000 -0.8639 0.5036
vn -0.0006 0.9660 -0.2585
vn -0.0000 0.9659 -0.2588
vn -0.0006 0.9660 -0.2586
vn -0.0005 0.9660 -0.2585
vn 0.0002 0.9660 -0.2586
vn -0.0004 0.9660 -0.2586
vn 0.0005 0.9660 -0.2586
vn -0.0002 0.9660 -0.2586
vn -0.0000 0.6954 -0.7186
vn -0.0004 0.6974 -0.7167
vn -0.0000 0.8376 -0.5463
vn -0.0000 0.8388 -0.5444
vn -0.0000 0.9434 -0.3316
vn -0.0000 0.9441 -0.3296
vn -0.0000 0.9953 -0.0964
vn -0.0000 0.9954 -0.0960
vn -0.0000 1.0000 -0.0000
vn -0.0000 0.9915 0.1303
vn -0.0005 0.9915 0.1305
vn -0.0005 0.8668 0.4986
vn -0.0000 0.8670 0.4983
vn -0.0004 0.5046 0.8634
vn -0.0000 0.5043 0.8635
vn -0.0005 0.1344 0.9909
vn -0.0000 0.1344 0.9909
vn -0.0005 0.0014 1.0000
vn -0.0006 0.0008 1.0000
vn -0.0004 0.0014 1.0000
vn 0.0006 0.0008 1.0000
vn 0.0005 0.0014 1.0000
vn 0.0005 0.1343 0.9909
vn -0.0000 0.4289 -0.9033
vn -0.0000 0.4314 -0.9022
vn -0.0000 0.1202 -0.9928
vn 0.0002 0.1198 -0.9928
vn -0.0002 0.1198 -0.9928
vn 0.0012 -0.0063 -1.0000
vn -0.0012 -0.0063 -1.0000
vn -0.0000 -0.0059 -1.0000
vn -0.0006 -0.0064 -1.0000
vn 0.0006 -0.0064 -1.0000
vn 0.7195 -0.3472 -0.6015
vn 0.7192 -0.0010 -0.6948
vn 0.7192 0.0002 -0.6948
vn -0.7192 -0.0010 -0.6948
vn -0.7192 0.0002 -0.6948
vn -0.7195 -0.3472 -0.6015
vn -0.7196 -0.3472 -0.6014
vn 0.0006 0.0287 -0.9996
vn 0.0005 0.0287 -0.9996
vn 0.0006 -0.2377 -0.9713
vn -0.0007 0.0289 -0.9996
vn -0.0008 0.0289 -0.9996
vn -0.0007 0.3022 -0.9532
vn -0.0007 0.3026 -0.9531
vn -0.0005 0.5643 -0.8255
vn -0.0005 0.5646 -0.8254
vn -0.0001 0.7300 -0.6834
vn -0.0001 0.7298 -0.6836
vn -0.0000 0.8294 -0.5587
vn -0.0007 -0.9337 -0.3580
vn -0.0004 -0.7770 0.6295
vn -0.0000 -0.7771 0.6294
vn -0.0006 -0.3580 0.9337
vn -0.0000 0.0258 0.9997
vn -0.0000 -0.9697 0.2442
vn -0.0000 -0.8698 0.4934
vn -0.0000 -0.7680 0.6404
vn -0.0006 -0.7682 0.6402
vn -0.0004 -0.7682 0.6402
vn -0.0000 0.7738 -0.6334
vn -0.0005 0.7968 -0.6043
vn -0.0000 0.8076 -0.5897
vn -0.0005 0.7739 -0.6333
vn -0.0007 0.7739 -0.6333
vn -0.0000 0.7968 -0.6043
vn -0.0004 0.7743 -0.6328
vn -0.0000 0.7741 -0.6331
vn -0.0005 0.7743 -0.6328
vn -0.0001 0.7741 -0.6331
vn 0.0001 0.7741 -0.6331
vn -0.0003 0.7740 -0.6332
vn -0.0006 -0.7871 0.6169
vn -0.0000 -0.7867 0.6174
vn -0.0005 -0.7868 0.6172
vn -0.0005 -0.7870 0.6170
vn -0.0003 -0.7869 0.6171
vn -0.0000 -0.3251 -0.9457
vn -0.0006 -0.3250 -0.9457
vn 0.0003 0.4998 0.8661
vn 0.0002 0.7071 0.7071
vn 0.0003 0.7069 0.7073
vn 0.0002 0.5000 0.8660
vn -0.0002 0.7071 0.7071
vn -0.0001 0.7070 0.7072
vn 0.0004 -0.9660 -0.2586
vn -0.0000 -0.9659 -0.2589
vn -0.0000 -0.9659 -0.2588
vn 0.0002 -0.9659 -0.2588
vn -0.0002 -0.9659 -0.2588
vn 0.0002 -0.9660 -0.2586
vn 0.0001 -0.9659 -0.2588
vn -0.0001 -0.9659 -0.2588
vn -0.0002 -0.9660 -0.2586
vn -0.0000 0.7968 -0.6042
vn -0.0006 0.8391 -0.5440
vn -0.0000 0.8392 -0.5438
vn -0.0005 0.8391 -0.5439
vn -0.0005 0.8294 -0.5586
vn -0.0000 0.9568 -0.2907
vn -0.0000 0.9962 0.0876
vn -0.0004 0.9962 0.0875
vn -0.0000 0.8949 0.4463
vn -0.0000 0.8949 0.4462
vn -0.0000 0.6648 0.7470
vn -0.0005 0.3474 0.9377
vn -0.0000 0.3471 0.9378
vn -0.0000 0.1529 0.9882
vn -0.0007 0.1529 0.9882
vn -0.0000 0.3475 0.9377
vn -0.0000 0.8294 -0.5586
vn 0.0001 0.7300 -0.6834
vn -0.0004 0.7301 -0.6833
vn 0.0005 0.5646 -0.8254
vn 0.0005 0.5643 -0.8255
vn 0.0007 0.3026 -0.9531
vn -0.0000 0.3023 -0.9532
vn 0.0008 0.0289 -0.9996
vn 0.0007 0.0289 -0.9996
vn -0.0005 -0.2381 -0.9712
vn -0.0006 0.0287 -0.9996
vn -0.0004 -0.2385 -0.9711
vn -0.0000 -0.4582 -0.8889
vn -0.0005 -0.4587 -0.8886
vn -0.0002 -0.5371 -0.8435
vn 0.0002 -0.5371 -0.8435
vn 0.0002 -0.4587 -0.8886
vn 0.0004 -0.2385 -0.9711
vn -0.0005 0.7769 -0.6296
vn -0.0004 0.9877 -0.1567
vn -0.0000 0.2839 0.9588
vn -0.0008 0.3580 -0.9337
vn -0.0000 -0.0257 -0.9997
vn -0.0000 -0.5373 -0.8434
vn -0.0004 -0.5369 -0.8436
vn -0.0000 -0.4587 -0.8886
vn -0.0000 -0.4887 -0.8725
vn -0.0005 -0.3289 -0.9444
vn 0.0006 -0.4892 -0.8722
vn -0.2034 -0.2535 -0.9457
vn 0.0004 -0.4892 -0.8722
vn 0.2034 -0.2535 -0.9457
vn -0.0001 -0.4887 -0.8725
vn -0.0000 -0.4521 -0.8920
vn 0.0019 -0.4521 -0.8920
vn 0.0003 -0.4521 -0.8920
vn -0.0019 -0.4521 -0.8920
vn -0.0000 -0.9911 0.1332
vn -0.0000 -0.9911 -0.1332
vn -0.0000 0.7986 -0.6019
vn -0.0000 0.8515 -0.5244
vn -0.0005 -0.4948 0.8690
vn 0.0005 -0.4948 0.8690
vn -0.0000 -0.4949 0.8690
vn -0.0003 0.7071 -0.7071
vn -0.0006 0.7071 -0.7071
vn -0.0000 0.7072 -0.7071
vn -0.0000 0.7072 -0.7070
vn -0.0005 0.1297 -0.9915
vn -0.0000 0.8700 -0.4930
vn -0.0005 0.9915 -0.1297
vn -0.0005 0.9929 -0.1189
vn -0.0005 0.0164 -0.9999
vn -0.0000 -0.4930 0.8700
vn -0.0005 -0.4929 0.8701
vn -0.0008 -0.4929 0.8701
vn -0.0007 -0.4929 0.8701
vn -0.0005 -0.0015 -1.0000
vn -0.0007 -0.0009 -1.0000
vn -0.0000 -0.0015 -1.0000
vn 0.0005 -0.0015 -1.0000
vn 0.0007 -0.0009 -1.0000
vn -0.0000 0.7308 0.6826
vn -0.0005 0.5703 0.8214
vn -0.0000 0.5701 0.8215
vn -0.0005 0.7307 0.6827
vn 0.0005 0.1940 0.9810
vn -0.0005 0.3834 0.9236
vn -0.0000 0.1961 0.9806
vn 0.0005 0.1961 0.9806
vn -0.0005 0.1961 0.9806
vn -0.0005 0.1941 0.9810
vn -0.0004 0.3838 0.9234
vn -0.0004 0.5701 0.8216
vn -0.0000 0.5706 0.8212
vn -0.0005 0.0004 -1.0000
vn 0.0005 0.0004 -1.0000
vn -0.0005 -0.4996 -0.8663
vn 0.0005 -0.4996 -0.8663
vn -0.0005 -0.4999 -0.8661
vn 0.0005 -0.8661 -0.4999
vn -0.0005 -0.8661 -0.4999
vn 0.0005 -0.4999 -0.8661
vn -0.0005 -0.8663 -0.4996
vn 0.0005 -1.0000 -0.0006
vn -0.0005 -1.0000 -0.0006
vn 0.0005 -0.8663 -0.4996
vn -0.0005 0.4996 -0.8663
vn 0.0005 0.0006 -1.0000
vn -0.0005 0.0006 -1.0000
vn 0.0005 0.4996 -0.8663
vn -0.0005 0.8661 -0.4999
vn 0.0005 0.4999 -0.8661
vn -0.0005 0.4999 -0.8661
vn -0.0005 1.0000 -0.0006
vn -0.0005 0.8663 -0.4996
vn 0.0005 0.8663 -0.4996
vn 0.0005 1.0000 -0.0006
vn 0.0005 0.8661 -0.4999
vn 0.0006 0.0161 0.9999
vn -0.0000 0.8701 0.4929
vn -0.0000 0.9047 0.4260
vn -0.0005 0.9916 0.1296
vn -0.0005 0.9929 0.1188
vn -0.0000 -0.7071 0.7072
vn -0.0000 -0.8553 0.5182
vn 0.0005 -0.4677 0.8839
vn -0.0006 0.0161 0.9999
vn -0.0005 -0.7071 -0.7071
vn -0.0003 -0.7071 -0.7071
vn -0.0005 -0.7072 -0.7070
vn -0.0006 -0.7070 -0.7072
vn -0.0000 -0.7072 -0.7070
vn -0.0000 -0.7072 -0.7071
vn -0.0000 0.2588 -0.9659
vn -0.0003 0.2586 -0.9660
vn -0.0005 -0.0005 -1.0000
vn -0.0000 0.9912 -0.1323
vn -0.0004 0.9921 0.1255
vn -0.0003 0.9933 0.1156
vn -0.0000 0.9136 0.4066
vn -0.0003 0.8855 0.4647
vn -0.0000 0.6542 0.7563
vn -0.0000 0.5783 0.8158
vn -0.0000 0.2984 0.9545
vn -0.0000 0.2455 0.9694
vn -0.0000 0.1138 0.9935
vn -0.0000 -0.0118 0.9999
vn -0.0000 0.0023 1.0000
vn 0.0004 -0.3882 0.9216
vn 0.0004 -0.3883 0.9215
vn 0.0005 -0.1529 0.9882
vn -0.0000 -0.8368 0.5475
vn -0.0000 -0.9906 0.1366
vn -0.0000 -0.9917 -0.1284
vn -0.0005 0.5700 0.8216
vn 0.0005 0.1942 0.9810
vn -0.0000 0.5700 0.8216
vn -0.0003 -0.2587 -0.9660
vn -0.0000 -0.2586 -0.9660
vn -0.0000 -0.2582 -0.9661
vn -0.0000 -0.2585 -0.9660
vn 0.0003 -0.2587 -0.9660
vn -0.0000 0.8641 -0.5034
vn -0.0005 0.1354 0.9908
vn -0.0000 -0.7037 0.7105
vn -0.0000 -0.7036 0.7106
vn -0.0000 0.3472 0.9378
vn 0.0011 0.1529 0.9882
vn -0.0000 0.1577 0.9875
vn -0.0005 -0.1462 0.9893
vn -0.0000 -0.2894 0.9572
vn -0.0005 -0.1453 0.9894
vn -0.0007 -0.2897 0.9571
vn -0.0002 -0.2897 0.9571
vn 0.0005 -0.1462 0.9893
vn 0.0005 -0.1453 0.9894
vn 0.0004 -0.2896 0.9571
vn -0.0002 -0.2894 0.9572
vn -0.0000 -0.1459 0.9893
vn -0.0005 0.1957 0.9807
vn 0.0005 -0.1459 0.9893
vn -0.0000 0.1957 0.9807
vn -0.0005 0.1936 0.9811
vn 0.0005 -0.1450 0.9894
vn 0.0005 0.1936 0.9811
vn 0.0005 0.1957 0.9807
vn -0.0005 -0.1459 0.9893
vn -0.0005 -0.1450 0.9894
vn 0.0003 0.2106 0.9776
vn 0.0015 0.2085 0.9780
vn 0.0005 0.1803 0.9836
vn -0.0003 0.2101 0.9777
vn -0.0005 0.1794 0.9838
vn 0.0001 0.2101 0.9777
vn -0.0000 0.1481 0.9890
vn 0.0003 0.1480 0.9890
vn -0.0010 0.2101 0.9777
vn -0.0000 0.2407 0.9706
vn -0.0005 0.1793 0.9838
vn 0.0005 0.1950 0.9808
vn 0.0005 0.1793 0.9838
vn -0.0005 0.1950 0.9808
vn -0.0005 0.1803 0.9836
vn -0.0000 0.1951 0.9808
vn -0.0005 0.2409 0.9705
vn -0.0000 0.4915 0.8709
vn -0.0001 0.1481 0.9890
vn -0.0007 0.1479 0.9890
vn -0.0003 0.2106 0.9776
vn -0.0015 0.2085 0.9780
vn -0.0132 0.1971 0.9803
vn -0.0103 0.1999 0.9798
vn -0.0161 0.1910 0.9815
vn -0.0122 0.0924 0.9956
vn -0.0122 0.0935 0.9955
vn -0.0122 0.0933 0.9956
vn 0.0123 0.0923 0.9957
vn 0.0122 0.0933 0.9956
vn 0.0160 0.1910 0.9815
vn 0.0132 0.1968 0.9804
vn 0.0103 0.1998 0.9798
vn 0.0103 0.1999 0.9798
vn 0.0005 0.1794 0.9838
vn -0.0004 0.2096 0.9778
vn 0.0003 0.2101 0.9777
vn -0.0001 0.2101 0.9777
vn -0.0005 0.4916 0.8708
vn -0.0005 0.4914 0.8709
vn -0.0000 0.7578 0.6525
vn -0.0000 0.7581 0.6522
vn -0.0000 0.9341 0.3571
vn -0.0005 0.7581 0.6522
vn -0.0000 0.9342 0.3568
vn -0.0000 0.9955 0.0943
vn -0.0000 0.9958 -0.0913
vn -0.0000 0.9958 -0.0915
vn -0.0000 0.9491 -0.3149
vn -0.0005 0.9491 -0.3149
vn -0.0000 0.9958 -0.0914
vn 0.0001 0.1481 0.9890
vn 0.0006 0.1479 0.9890
vn -0.0000 0.4919 0.8706
vn -0.0005 0.4919 0.8706
vn -0.0005 0.7578 0.6525
vn 0.0005 0.7578 0.6525
vn -0.0005 0.9341 0.3570
vn -0.0000 0.9342 0.3569
vn 0.0005 0.9341 0.3571
vn 0.0005 0.9958 -0.0915
vn -0.0005 0.9490 -0.3152
vn -0.0005 0.8516 -0.5242
vn -0.0000 0.9492 -0.3148
vn -0.0000 0.9490 -0.3153
vn -0.0000 0.8517 -0.5241
vn -0.0000 0.8518 -0.5238
vn -0.0000 0.9549 0.2969
vn -0.0000 0.9991 0.0416
vn -0.0000 0.7150 0.6991
vn -0.0000 0.3626 0.9320
vn -0.0005 0.3630 0.9318
vn -0.0000 0.1537 0.9881
vn -0.0000 0.1547 0.9880
vn -0.0000 0.1518 0.9884
vn -0.0000 -0.3887 0.9214
vn -0.0003 -0.3884 0.9215
vn -0.0005 -0.9906 0.1365
vn -0.0005 -0.1529 0.9882
vn -0.0002 0.8854 0.4648
vn -0.0005 0.9921 0.1257
vn -0.0005 0.9933 0.1159
vn -0.0007 0.1480 0.9890
vn 0.4813 -0.6433 -0.5955
vn 0.7078 -0.4303 -0.5602
vn 0.7287 -0.3807 -0.5693
vn 0.7925 -0.1567 -0.5894
vn 0.2879 -0.6354 -0.7165
vn 0.4811 -0.6433 -0.5956
vn 0.2876 -0.6355 -0.7165
vn -0.0003 -0.6279 -0.7783
vn -0.0004 -0.6279 -0.7783
vn -0.0007 -0.6278 -0.7783
vn -0.2876 -0.6355 -0.7165
vn -0.0009 -0.6279 -0.7783
vn -0.4810 -0.6433 -0.5956
vn -0.4813 -0.6433 -0.5955
vn -0.2878 -0.6355 -0.7165
vn -0.7287 -0.3807 -0.5693
vn -0.7078 -0.4303 -0.5602
vn -0.7925 -0.1567 -0.5894
vn -0.0004 -0.0004 1.0000
vn -0.0002 -0.0002 1.0000
vn -0.0122 0.0922 0.9957
vn -0.0005 0.1293 -0.9916
vn -0.0000 -0.4881 -0.8728
vn -0.0000 -0.7070 -0.7073
vn -0.0000 -0.8552 -0.5183
vn 0.0007 -0.4677 -0.8839
vn -0.0006 -0.2585 -0.9660
vn 0.0004 -0.7071 -0.7071
vn 0.7995 -0.5365 0.2701
vn -0.8286 -0.5033 0.2450
vn 0.0679 -0.8172 0.5723
vn 0.7011 -0.6650 0.2572
vn 0.8889 0.3975 -0.2278
vn 0.7900 0.6118 0.0403
vn 0.6860 -0.5940 -0.4202
vn 0.7427 0.5614 -0.3650
vn 0.0544 -0.7766 -0.6276
vn 0.5743 -0.4976 0.6501
vn 0.5184 -0.4681 -0.7157
vn -0.8841 0.4104 -0.2234
vn -0.5770 0.7989 0.1695
vn -0.6005 0.4664 0.6495
vn 0.7557 -0.3181 0.5725
vn 0.6539 -0.1723 -0.7367
vn -0.7439 0.2032 0.6367
vn -0.6794 0.5152 -0.5225
vn -0.3431 0.8568 0.3849
vn -0.7873 0.3546 -0.5044
vn -0.8821 0.0775 -0.4647
vn -0.7585 -0.1111 0.6422
vn 0.8188 -0.1132 0.5628
vn -0.8184 -0.2499 -0.5174
vn -0.6781 -0.4443 0.5855
vn 0.7882 0.1280 0.6020
vn -0.2812 -0.7528 -0.5952
vn -0.1172 -0.8908 0.4391
vn 0.9074 -0.2368 0.3472
vn 0.8182 -0.1096 -0.5644
vn 0.6004 0.3509 -0.7186
vn 0.6805 0.0863 -0.7277
vn 0.7501 0.5988 0.2808
vn -0.8123 0.1868 0.5525
vn -0.7716 -0.5330 0.3472
vn -0.8028 0.0021 -0.5962
vn -0.6545 -0.5706 -0.4960
vn -0.6530 0.6427 0.4006
vn -0.6435 0.5742 -0.5062
vn 0.5293 0.7393 0.4163
vn 0.5318 0.6571 -0.5342
vn 0.8179 0.1208 -0.5625
vn 0.6545 -0.5706 -0.4960
vn 0.5170 -0.4809 -0.7081
vn -0.6280 0.6705 -0.3949
vn 0.6422 0.6471 -0.4108
vn -0.6556 -0.5895 0.4719
vn -0.8004 -0.0247 0.5989
vn -0.6138 0.5532 0.5632
vn 0.6568 0.5248 0.5415
vn 0.8173 -0.0536 0.5736
vn 0.6467 -0.6122 0.4550
vn -0.4355 -0.7209 0.5390
vn -0.4408 -0.7842 -0.4367
vn -0.1912 -0.9815 0.0098
vn 0.1513 -0.7596 0.6326
vn -0.3937 0.1136 0.9122
vn 0.1583 0.1223 0.9798
vn 0.2293 -0.7535 0.6162
vn 0.1845 0.0242 0.9825
vn 0.1150 -0.9934 0.0005
vn -0.1916 -0.9814 -0.0114
vn 0.1150 -0.9934 -0.0021
vn 0.0423 -0.8346 -0.5492
vn -0.9245 -0.3328 -0.1860
vn -0.5114 0.6621 0.5478
vn -0.1803 -0.6824 0.7084
vn -0.1806 -0.6813 -0.7094
vn 0.2877 -0.6872 0.6671
vn 0.2877 -0.6861 -0.6682
vn -0.4880 0.6195 0.6149
vn -0.5116 0.6630 -0.5465
vn -0.9245 -0.3331 0.1854
vn -0.4880 0.6206 -0.6138
vn -0.5023 0.5896 0.6325
vn 0.1485 -0.7551 0.6386
vn -0.5023 0.5906 -0.6316
vn 0.1485 -0.7540 -0.6398
vn -0.6550 -0.6174 -0.4356
vn -0.8052 0.3943 -0.4430
vn -0.8052 0.3935 0.4436
vn -0.6549 -0.6182 0.4347
vn 0.0403 -0.8368 0.5460
vn -0.4417 -0.7852 0.4340
vn -0.8182 -0.4989 0.2856
vn -0.7603 -0.4928 0.4233
vn -0.8171 -0.5000 -0.2871
vn -0.4358 -0.7206 -0.5393
vn 0.1556 -0.7588 -0.6325
vn -0.8590 -0.4203 -0.2923
vn -0.3961 0.1195 -0.9104
vn 0.1662 0.1279 -0.9778
vn -0.9307 -0.0120 -0.3655
vn -0.8925 0.3319 -0.3054
vn -0.3666 0.7164 -0.5936
vn -0.0994 0.6118 -0.7848
vn 0.2339 -0.7534 -0.6145
vn 0.1848 0.0293 -0.9823
vn 0.0333 0.2435 -0.9693
vn -0.3447 0.9303 -0.1256
vn -0.7975 0.6028 0.0236
vn -0.9923 0.1040 -0.0668
vn -0.8674 0.3085 -0.3905
vn -0.5483 0.3456 -0.7615
vn 0.0073 0.1888 -0.9820
vn 0.0144 0.3448 -0.9385
vn -0.0000 0.0009 -1.0000
vn 0.5679 0.3347 -0.7520
vn 0.0093 0.2634 -0.9646
vn -0.1847 0.0293 -0.9824
vn -0.0000 -0.7547 -0.6561
vn -0.2339 -0.7534 -0.6145
vn -0.0000 -1.0000 -0.0008
vn -0.1150 -0.9934 -0.0021
vn -0.1662 0.1279 -0.9778
vn -0.1556 -0.7588 -0.6325
vn 0.1259 -0.9913 -0.0376
vn 0.4358 -0.7205 -0.5394
vn 0.4417 -0.7852 0.4339
vn 0.3962 0.1195 -0.9104
vn 0.9307 -0.0120 -0.3655
vn 0.8590 -0.4203 -0.2923
vn 0.7603 -0.4928 0.4233
vn -0.0403 -0.8368 0.5460
vn 0.9414 -0.3127 0.1265
vn 0.8182 -0.4989 0.2856
vn 0.9038 0.4209 0.0777
vn 0.8172 -0.4999 -0.2869
vn 0.9037 0.4213 -0.0769
vn 0.8925 0.3319 -0.3054
vn -0.0422 -0.8346 -0.5492
vn 0.7589 -0.4917 -0.4269
vn 0.4408 -0.7842 -0.4367
vn 0.9299 -0.0146 0.3675
vn 0.8579 -0.4214 0.2941
vn 0.8925 0.3298 0.3076
vn 0.3696 0.7109 0.5983
vn 0.3472 0.9295 0.1244
vn 0.3451 0.9301 -0.1255
vn 0.1819 0.4834 0.8563
vn 0.7973 0.6035 0.0127
vn 0.7921 0.6102 0.0158
vn 0.3669 0.7162 -0.5937
vn 0.1099 0.6209 -0.7762
vn 0.8912 0.3100 -0.3311
vn 0.9924 0.0981 -0.0741
vn 0.8643 0.0463 -0.5009
vn 0.0076 -0.0921 -0.9957
vn 0.7639 0.3556 0.5385
vn 0.9864 0.1389 0.0880
vn -0.0001 -0.8717 -0.4901
vn 0.8899 -0.3897 -0.2371
vn 0.8264 0.1739 0.5356
vn -0.0000 0.4726 0.8813
vn -0.0002 0.2522 0.9677
vn 0.2638 0.2175 0.9397
vn -0.0000 0.2471 0.9690
vn 0.8983 0.1465 0.4143
vn -0.0756 0.0231 0.9969
vn -0.0002 -0.0028 1.0000
vn -0.1845 0.0242 0.9825
vn -0.1583 0.1221 0.9798
vn -0.0000 0.0046 1.0000
vn 0.0758 0.0231 0.9969
vn -0.2651 0.2176 0.9394
vn -0.1818 0.4832 0.8564
vn -0.8985 0.1449 0.4144
vn -0.7628 0.3565 0.5395
vn -0.9869 0.1360 0.0871
vn -0.8630 0.0521 -0.5024
vn -0.8261 0.1742 0.5359
vn -0.8899 -0.3896 -0.2372
vn -0.6545 0.5706 0.4960
vn -0.7535 0.6575 0.0006
vn -0.0000 0.7547 0.6561
vn -0.0000 1.0000 0.0008
vn 0.6545 0.5705 0.4961
vn 0.7535 0.6575 0.0006
vn 0.6544 0.5715 -0.4951
vn -0.0000 0.7558 -0.6548
vn -0.6545 -0.5707 -0.4960
vn -0.6544 0.5715 -0.4951
vn -0.7989 0.6014 0.0126
vn -0.3469 0.9297 0.1241
vn -0.3695 0.7111 0.5982
vn -0.9038 0.4209 0.0777
vn -0.8925 0.3298 0.3076
vn -0.9037 0.4213 -0.0769
vn -0.9299 -0.0146 0.3675
vn -0.7589 -0.4917 -0.4269
vn -0.8579 -0.4214 0.2941
vn -0.0000 -0.7558 0.6548
vn -0.2293 -0.7535 0.6162
vn -0.1150 -0.9934 0.0005
vn 0.1256 -0.9914 0.0359
vn -0.1513 -0.7596 0.6326
vn 0.0769 -0.7104 -0.6996
vn 0.0767 -0.7116 0.6984
vn 0.3703 0.7150 0.5930
vn 0.9414 -0.3120 -0.1279
vn 0.4356 -0.7210 0.5390
vn 0.3937 0.1136 0.9122
vn 0.3705 0.7160 -0.5917
vn -0.2281 -0.7123 0.6638
vn 0.3966 0.6697 0.6279
vn 0.3966 0.6706 -0.6269
vn -0.2280 -0.7112 -0.6650
vn -0.1236 -0.7646 -0.6326
vn -0.1236 -0.7656 0.6313
vn 0.3656 0.6577 -0.6586
vn 0.6571 -0.5956 -0.4620
vn 0.6570 -0.5964 0.4611
vn 0.7469 0.4731 -0.4673
vn 0.3656 0.6566 0.6597
vn 0.7469 0.4722 0.4681
vn -0.7427 0.5614 -0.3650
vn -0.6857 -0.5942 -0.4204
vn -0.7011 -0.6650 0.2572
vn -0.7901 0.6117 0.0403
vn -0.7995 -0.5365 0.2701
vn -0.8889 0.3975 -0.2278
vn -0.0679 -0.8172 0.5723
vn 0.8286 -0.5034 0.2450
vn -0.0544 -0.7766 -0.6277
vn -0.5184 -0.4681 -0.7157
vn -0.5739 -0.4982 0.6500
vn 0.5770 0.7990 0.1695
vn 0.8841 0.4104 -0.2234
vn 0.6005 0.4664 0.6495
vn -0.7556 -0.3181 0.5726
vn 0.7439 0.2032 0.6367
vn -0.6538 -0.1723 -0.7368
vn 0.3430 0.8568 0.3849
vn 0.6794 0.5152 -0.5225
vn 0.7872 0.3546 -0.5045
vn -0.6806 0.0863 -0.7276
vn -0.8188 -0.1132 0.5627
vn 0.8820 0.0775 -0.4648
vn 0.7584 -0.1111 0.6423
vn 0.6782 -0.4443 0.5853
vn 0.8184 -0.2499 -0.5175
vn -0.6005 0.3508 -0.7186
vn 0.1172 -0.8908 0.4391
vn 0.2812 -0.7528 -0.5952
vn -0.8182 -0.1096 -0.5644
vn -0.9074 -0.2368 0.3472
vn -0.7881 0.1280 0.6020
vn 0.8123 0.1867 0.5526
vn -0.7501 0.5988 0.2808
vn 0.7716 -0.5330 0.3472
vn 0.6545 -0.5707 -0.4959
vn 0.8028 0.0021 -0.5962
vn 0.6435 0.5741 -0.5062
vn 0.6530 0.6427 0.4006
vn -0.5293 0.7393 0.4163
vn -0.5318 0.6571 -0.5342
vn -0.8182 0.1191 -0.5625
vn -0.6543 -0.5707 -0.4961
vn -0.5170 -0.4809 -0.7081
vn 0.6280 0.6705 -0.3950
vn 0.6137 0.5532 0.5634
vn 0.8005 -0.0247 0.5989
vn 0.6557 -0.5894 0.4719
vn -0.6417 0.6476 -0.4108
vn -0.6466 -0.6122 0.4551
vn -0.8173 -0.0536 0.5737
vn -0.6568 0.5248 0.5415
vn -0.7438 0.2032 0.6367
vn 0.7556 -0.3181 0.5726
vn -0.7872 0.3546 -0.5045
vn 0.8183 -0.1096 -0.5643
vn 0.6003 0.3509 -0.7187
vn 0.8182 0.1190 -0.5625
vn -0.6557 -0.5895 0.4718
vn 0.1583 0.1222 0.9798
vn -0.8183 -0.4989 0.2856
vn -0.3962 0.1195 -0.9104
vn 0.1847 0.0293 -0.9824
vn 0.0333 0.2433 -0.9694
vn 0.0073 0.1887 -0.9820
vn -0.0422 -0.8346 -0.5493
vn 0.8171 -0.4999 -0.2869
vn -0.1583 0.1222 0.9798
vn -0.1844 0.0242 0.9826
vn 0.7638 0.3556 0.5387
vn -0.8261 0.1742 0.5360
vn 0.8264 0.1739 0.5355
vn -0.6858 -0.5942 -0.4203
vn 0.5769 0.7990 0.1695
vn -0.7557 -0.3181 0.5725
vn 0.7438 0.2032 0.6367
vn 0.3430 0.8568 0.3850
vn 0.7872 0.3546 -0.5046
vn -0.8188 -0.1132 0.5628
vn 0.6782 -0.4443 0.5854
vn -0.7882 0.1280 0.6020
vn -0.6544 -0.5707 -0.4961
vn 0.6136 0.5532 0.5634
vn -0.6467 -0.6122 0.4550
vn -0.8820 0.0775 -0.4648
vn 0.8189 -0.1132 0.5627
vn -0.7629 0.3565 0.5394
vn 0.0333 0.2436 -0.9693
vn -0.1662 0.1278 -0.9778
vn 0.4363 -0.7202 -0.5394
vn 0.7638 0.3556 0.5386
vn 0.8287 -0.5033 0.2450
vn 0.8820 0.0775 -0.4649
vn 0.7583 -0.1111 0.6424
vn 0.2812 -0.7528 -0.5951
vn -0.7584 -0.1111 0.6423
vn 0.6466 -0.6122 0.4551
vn 0.1662 0.1278 -0.9778
vn 0.0093 0.2633 -0.9647
vn -0.0002 0.2520 0.9677
vn -0.7629 0.3565 0.5393
vn -0.0000 0.2470 0.9690
vn 0.0144 0.3453 -0.9384
vn 0.8184 -0.2499 -0.5174
vn -0.6005 0.3508 -0.7185
vn -0.8179 0.1208 -0.5625
vn -0.3937 0.8832 -0.2549
vn -0.4358 0.6451 0.6276
vn 0.1513 0.7436 0.6513
vn 0.1583 0.9486 -0.2740
vn 0.2293 0.7265 0.6478
vn 0.1845 0.9667 -0.1776
vn -0.1912 0.1632 0.9679
vn 0.1155 0.1559 0.9810
vn -0.4408 -0.3086 0.8429
vn 0.0422 -0.4120 0.9102
vn -0.9244 -0.1316 0.3579
vn -0.1916 0.1423 0.9711
vn 0.1150 0.1533 0.9815
vn -0.1803 0.8064 0.5632
vn -0.1806 -0.5941 0.7839
vn -0.5114 0.4375 -0.7397
vn -0.4880 0.5104 -0.7081
vn 0.2877 0.7664 0.5744
vn 0.2877 -0.5527 0.7822
vn 0.1485 0.7489 0.6458
vn 0.1485 -0.5140 0.8448
vn -0.5023 0.5325 -0.6813
vn -0.8052 0.3765 -0.4581
vn -0.6547 0.5263 0.5426
vn -0.6550 -0.3337 0.6780
vn -0.5023 -0.7162 -0.4845
vn -0.4880 -0.7033 -0.5169
vn -0.8052 -0.4992 -0.3201
vn -0.5116 -0.6435 -0.5693
vn -0.9245 0.2352 0.3000
vn 0.0403 0.6702 0.7411
vn -0.4417 0.5515 0.7077
vn -0.8170 -0.2053 0.5388
vn -0.8182 0.3602 0.4482
vn -0.7603 0.4952 0.4205
vn -0.9038 0.0109 -0.4279
vn -0.9037 -0.1418 -0.4041
vn -0.8590 -0.2229 0.4609
vn -0.9307 -0.3591 0.0690
vn -0.8925 -0.3536 -0.2800
vn -0.3962 -0.9178 0.0244
vn -0.4358 -0.4200 0.7961
vn -0.3666 -0.6983 -0.6147
vn -0.3446 -0.2695 -0.8992
vn -0.7976 -0.0710 -0.5990
vn -0.0994 -0.8708 -0.4815
vn 0.1662 -0.9857 0.0267
vn -0.3468 -0.0228 -0.9377
vn -0.7988 -0.0816 -0.5960
vn -0.8925 0.2522 -0.3738
vn -0.3695 0.4796 -0.7959
vn -0.1818 0.7703 -0.6113
vn -0.8985 0.3866 -0.2079
vn -0.9869 0.0648 -0.1479
vn -0.9923 -0.0823 -0.0922
vn -0.2651 0.8937 -0.3619
vn -0.7629 0.4769 -0.4364
vn -0.8630 -0.5045 0.0271
vn -0.5483 -0.8062 -0.2222
vn -0.8674 -0.4340 -0.2436
vn 0.0333 -0.9955 -0.0887
vn 0.0077 -0.9689 0.2472
vn 0.0144 -0.9808 -0.1945
vn 0.0073 -0.9994 -0.0327
vn 0.1848 -0.9748 0.1247
vn -0.0000 -0.9878 0.1556
vn 0.5679 -0.7951 -0.2129
vn 0.0093 -0.9940 -0.1092
vn -0.1847 -0.9749 0.1247
vn -0.0000 -0.5299 0.8481
vn 0.2339 -0.4891 0.8403
vn -0.2339 -0.4891 0.8403
vn 0.1099 -0.8637 -0.4918
vn -0.1662 -0.9857 0.0266
vn -0.1556 -0.5060 0.8484
vn 0.1259 0.1180 0.9850
vn -0.1150 0.1533 0.9815
vn -0.0000 0.1556 0.9878
vn 0.4358 -0.4200 0.7960
vn 0.4417 0.5514 0.7077
vn 0.3962 -0.9178 0.0244
vn 0.9307 -0.3591 0.0690
vn 0.8590 -0.2229 0.4609
vn 0.7603 0.4952 0.4205
vn 0.8182 0.3601 0.4481
vn -0.0403 0.6702 0.7411
vn 0.9414 0.1738 0.2891
vn 0.8172 -0.2052 0.5386
vn -0.0422 -0.4119 0.9102
vn 0.9414 -0.0775 0.3282
vn 0.7589 -0.3447 0.5524
vn 0.4408 -0.3086 0.8429
vn 0.1256 0.1906 0.9736
vn 0.4356 0.6451 0.6278
vn -0.1513 0.7436 0.6513
vn 0.8579 0.3564 0.3702
vn 0.3937 0.8832 -0.2549
vn -0.1583 0.9486 -0.2740
vn 0.9299 0.3652 -0.0430
vn 0.8925 0.2522 -0.3738
vn 0.3696 0.4797 -0.7958
vn 0.1819 0.7701 -0.6114
vn 0.3472 -0.0226 -0.9375
vn 0.7973 -0.0819 -0.5980
vn 0.9038 0.0109 -0.4279
vn 0.9037 -0.1418 -0.4041
vn 0.3453 -0.2696 -0.8989
vn 0.8925 -0.3536 -0.2800
vn 0.3669 -0.6984 -0.6145
vn 0.7922 -0.0798 -0.6050
vn 0.8912 -0.3755 -0.2544
vn 0.9924 -0.0886 -0.0853
vn 0.8643 -0.5019 0.0326
vn 0.9864 0.0652 -0.1511
vn 0.7639 0.4763 -0.4354
vn 0.2638 0.8941 -0.3619
vn 0.8983 0.3863 -0.2095
vn -0.0756 0.9810 -0.1788
vn -0.0002 0.9163 -0.4005
vn -0.0002 0.9881 -0.1537
vn -0.0000 0.7965 -0.6046
vn -0.1845 0.9667 -0.1776
vn -0.0000 0.9870 -0.1609
vn 0.0758 0.9810 -0.1788
vn -0.0000 0.7650 0.6440
vn -0.2293 0.7265 0.6478
vn -0.1150 0.1559 0.9811
vn 0.1556 -0.5060 0.8484
vn 0.8263 0.5018 -0.2556
vn -0.0000 0.9184 -0.3956
vn -0.8262 0.5020 -0.2559
vn -0.0000 0.5299 -0.8481
vn -0.6545 0.4006 -0.6412
vn 0.6545 0.4007 -0.6411
vn 0.8899 -0.1733 0.4220
vn 0.7535 -0.1023 -0.6495
vn 0.6545 -0.4006 0.6412
vn 0.6544 -0.5784 -0.4870
vn -0.0001 -0.3477 0.9376
vn -0.0000 -0.5299 0.8480
vn -0.0000 -0.7650 -0.6440
vn -0.0000 -0.1556 -0.9878
vn -0.6544 -0.5784 -0.4870
vn -0.6544 -0.4006 0.6413
vn -0.7535 -0.1023 -0.6495
vn -0.8899 -0.1734 0.4219
vn 0.0769 -0.5798 0.8111
vn 0.0767 0.8011 0.5936
vn 0.3703 0.4738 -0.7990
vn -0.2281 0.7671 0.5996
vn 0.3966 0.5154 -0.7596
vn -0.2280 -0.5455 0.8065
vn -0.1236 -0.5051 0.8542
vn -0.1236 0.7433 0.6575
vn 0.3656 0.5488 -0.7517
vn 0.6570 -0.3632 0.6606
vn 0.6570 0.5487 0.5170
vn 0.7469 0.3886 -0.5396
vn 0.7469 -0.5356 -0.3941
vn 0.3656 -0.7534 -0.5465
vn 0.3966 -0.7241 -0.5643
vn 0.3705 -0.6964 -0.6146
vn -0.9299 0.3652 -0.0430
vn -0.7589 -0.3447 0.5524
vn -0.8579 0.3564 0.3702
vn 0.8889 -0.0702 -0.4527
vn 0.7995 0.0599 0.5977
vn 0.7011 0.0018 0.7131
vn 0.7901 0.2568 -0.5566
vn 0.6860 -0.6051 0.4040
vn 0.7427 -0.1395 -0.6549
vn 0.0679 0.2415 0.9680
vn 0.0544 -0.8643 0.5001
vn -0.8286 0.0484 0.5577
vn -0.8841 -0.0615 -0.4632
vn -0.5770 0.4446 -0.6851
vn 0.5743 0.4286 0.6975
vn 0.5184 -0.8359 0.1805
vn -0.6005 0.7735 -0.2027
vn -0.6794 -0.3032 -0.6682
vn -0.3431 0.6664 -0.6620
vn -0.8123 0.5828 0.0236
vn -0.7716 0.1332 0.6220
vn 0.7501 0.4767 -0.4584
vn 0.5293 0.6536 -0.5410
vn -0.6530 0.6044 -0.4564
vn -0.8027 -0.5560 -0.2156
vn -0.6543 -0.6677 0.3550
vn -0.6441 -0.2670 -0.7168
vn 0.5327 -0.2634 -0.8043
vn 0.8179 -0.4818 -0.3143
vn 0.6543 -0.6677 0.3550
vn 0.5170 -0.8334 0.1952
vn 0.6538 -0.7496 -0.1033
vn -0.7872 -0.3439 -0.5118
vn -0.7439 0.6672 0.0384
vn 0.6805 -0.6484 -0.3413
vn -0.8820 -0.4062 -0.2390
vn -0.7585 0.5597 0.3338
vn -0.8184 -0.5726 0.0479
vn -0.6781 0.3873 0.6246
vn 0.6004 -0.5451 -0.5851
vn -0.2812 -0.8254 0.4895
vn -0.1172 0.0907 0.9890
vn 0.8182 -0.5661 -0.0998
vn 0.9074 0.2391 0.3455
vn 0.7882 0.6079 0.0962
vn 0.8188 0.4848 0.3073
vn 0.7557 0.4205 0.5021
vn -0.6280 -0.1283 -0.7675
vn 0.6422 -0.1516 -0.7514
vn -0.6138 0.7241 -0.3147
vn -0.8004 0.5503 0.2377
vn -0.6557 0.2292 0.7194
vn 0.6568 0.6936 -0.2958
vn 0.8173 0.5164 0.2556
vn 0.6466 0.2054 0.7346
vn 0.5743 0.4285 0.6975
vn -0.7873 -0.3439 -0.5118
vn -0.7440 0.6671 0.0384
vn 0.6538 -0.7496 -0.1032
vn -0.8820 -0.4061 -0.2389
vn -0.7585 0.5596 0.3338
vn 0.6806 -0.6483 -0.3413
vn 0.7556 0.4206 0.5021
vn 0.6005 -0.5451 -0.5851
vn 0.8182 -0.5662 -0.0998
vn 0.8180 -0.4818 -0.3143
vn -0.8004 0.5503 0.2378
vn -0.6280 -0.1283 -0.7676
vn -0.6138 0.7240 -0.3147
vn 0.6467 0.2054 0.7346
vn -0.8820 -0.4062 -0.2389
vn -0.6137 0.7241 -0.3147
vn -0.7873 -0.3438 -0.5118
vn -0.8821 -0.4060 -0.2389
vn -0.6545 -0.6675 0.3550
vn 0.6545 -0.6675 0.3550
vn 0.8173 0.5163 0.2556
vn -0.6782 0.3872 0.6246
vn 0.6466 0.2055 0.7346
vn 0.5326 -0.2634 -0.8043
vn -0.8820 -0.4061 -0.2390
vn 0.6466 0.2054 0.7347
vn 0.5743 -0.4976 0.6500
vn 0.7438 0.2032 0.6368
vn -0.7500 0.5988 0.2808
vn 0.6004 -0.5452 -0.5851
vn -0.6860 -0.6051 0.4040
vn -0.0544 -0.8643 0.5001
vn -0.0679 0.2415 0.9680
vn -0.7011 0.0018 0.7131
vn -0.7427 -0.1395 -0.6549
vn -0.7901 0.2568 -0.5566
vn -0.7995 0.0599 0.5977
vn -0.8889 -0.0702 -0.4527
vn 0.8286 0.0484 0.5577
vn 0.5770 0.4446 -0.6851
vn 0.8841 -0.0615 -0.4632
vn -0.5184 -0.8359 0.1805
vn -0.5743 0.4286 0.6975
vn 0.6005 0.7735 -0.2027
vn 0.3431 0.6664 -0.6620
vn 0.6794 -0.3032 -0.6682
vn 0.7716 0.1332 0.6220
vn 0.8123 0.5828 0.0236
vn -0.7501 0.4767 -0.4584
vn 0.6530 0.6044 -0.4564
vn -0.5293 0.6536 -0.5410
vn 0.8027 -0.5560 -0.2156
vn 0.6441 -0.2671 -0.7168
vn -0.5326 -0.2634 -0.8043
vn -0.8182 -0.4824 -0.3127
vn -0.5170 -0.8334 0.1952
vn 0.7439 0.6672 0.0385
vn 0.7873 -0.3439 -0.5118
vn -0.6539 -0.7495 -0.1032
vn 0.8821 -0.4060 -0.2389
vn -0.6806 -0.6483 -0.3413
vn 0.7585 0.5597 0.3338
vn 0.6781 0.3873 0.6246
vn 0.8184 -0.5727 0.0479
vn -0.6004 -0.5451 -0.5851
vn 0.1172 0.0907 0.9890
vn 0.2812 -0.8254 0.4895
vn -0.8182 -0.5662 -0.0998
vn -0.9074 0.2391 0.3455
vn -0.7881 0.6080 0.0963
vn -0.8188 0.4848 0.3073
vn -0.7556 0.4206 0.5021
vn -0.6422 -0.1516 -0.7514
vn 0.6280 -0.1283 -0.7675
vn 0.6137 0.7241 -0.3147
vn 0.8004 0.5503 0.2377
vn 0.6557 0.2292 0.7194
vn -0.6568 0.6936 -0.2958
vn -0.8173 0.5164 0.2556
vn -0.6467 0.2054 0.7346
vn 0.7440 0.6671 0.0384
vn -0.6538 -0.7496 -0.1032
vn -0.6805 -0.6484 -0.3413
vn 0.7585 0.5596 0.3338
vn -0.6005 -0.5451 -0.5851
vn -0.7882 0.6079 0.0962
vn 0.8184 -0.5726 0.0479
vn 0.6138 0.7241 -0.3147
vn -0.5183 -0.8359 0.1805
vn 0.6441 -0.2670 -0.7168
vn -0.5327 -0.2634 -0.8043
vn 0.7872 -0.3440 -0.5118
vn -0.6004 -0.5452 -0.5851
vn -0.7881 0.6079 0.0963
vn -0.7557 0.4205 0.5021
vn 0.6280 -0.1283 -0.7676
vn 0.6138 0.7240 -0.3147
vn 0.8004 0.5503 0.2378
vn -0.6567 0.6937 -0.2958
vn -0.8173 0.5163 0.2556
vn -0.8183 -0.5661 -0.0998
vn 0.7440 0.6671 0.0385
vn 0.7873 -0.3438 -0.5118
vn 0.6004 0.7736 -0.2026
vn 0.3155 0.9184 0.2389
vn 0.8342 -0.2762 0.4773
vn 0.6528 0.4782 0.5874
vn 0.4653 0.8549 0.2295
vn -0.7746 0.4049 -0.4859
vn -0.9645 0.2410 -0.1083
vn 0.4878 0.6713 -0.5580
vn -0.8009 0.1458 -0.5808
vn 0.7661 0.2578 -0.5888
vn -0.1611 -0.9717 -0.1727
vn -0.6663 -0.7098 0.2285
vn 0.2503 0.7135 0.6545
vn 0.4130 0.4069 -0.8148
vn -0.3927 -0.4846 0.7816
vn -0.7618 -0.5113 0.3978
vn -0.2683 -0.8056 -0.5282
vn -0.0362 -0.5733 0.8186
vn 0.7971 -0.1876 0.5740
vn -0.9461 0.2613 0.1915
vn -0.9388 0.0559 0.3400
vn -0.5372 -0.6654 0.5184
vn 0.3546 -0.7011 -0.6186
vn 0.8653 -0.2389 -0.4407
vn -0.3370 -0.7930 -0.5075
vn -0.7309 -0.0732 -0.6785
vn -0.3246 0.4091 -0.8528
vn 0.4750 0.6133 -0.6310
vn 0.4248 0.4132 -0.8055
vn -0.0722 -0.8518 -0.5189
vn -0.0867 -0.4898 0.8675
vn 0.0907 0.3711 -0.9241
vn -0.1930 0.2668 -0.9442
vn 0.2936 -0.8279 -0.4780
vn 0.2683 -0.3387 0.9018
vn 0.6474 -0.5663 -0.5101
vn 0.5937 -0.1136 0.7966
vn -0.4339 0.0802 -0.8974
vn 0.8465 0.0662 -0.5283
vn 0.7855 0.3849 0.4845
vn -0.0542 0.5356 -0.8427
vn -0.0861 0.9388 0.3334
vn -0.4957 0.6142 0.6141
vn -0.2290 0.7759 0.5878
vn 0.0294 0.8050 0.5925
vn -0.4552 -0.8026 -0.3856
vn -0.8080 0.0217 -0.5888
vn -0.4686 -0.5540 0.6881
vn 0.1975 -0.4352 0.8784
vn 0.7484 -0.0476 0.6615
vn -0.8252 0.2719 0.4950
vn -0.2997 0.7435 0.5978
vn 0.3844 0.8050 0.4519
vn -0.3225 -0.7801 0.5361
vn -0.8776 0.3988 0.2661
vn -0.6772 -0.2516 0.6914
vn -0.4764 -0.7223 0.5012
vn 0.8100 -0.5298 -0.2516
vn 0.9737 -0.2245 0.0398
vn -0.4385 -0.8534 -0.2818
vn 0.8545 -0.3276 -0.4032
vn -0.7148 -0.4864 -0.5024
vn 0.1543 0.8369 -0.5251
vn 0.6320 0.7739 -0.0415
vn -0.2596 -0.4270 0.8662
vn -0.3176 -0.7103 -0.6282
vn 0.2961 0.7641 0.5732
vn 0.2543 0.5654 -0.7846
vn 0.7101 0.6705 0.2150
vn -0.0253 0.8512 0.5242
vn -0.8499 0.3706 0.3747
vn 0.9275 -0.1471 0.3437
vn 0.9168 0.0974 0.3872
vn 0.4880 0.8343 0.2566
vn -0.3193 0.3976 -0.8602
vn -0.8383 0.0219 -0.5447
vn 0.3634 0.5482 -0.7533
vn 0.7797 -0.1750 -0.6012
vn 0.3759 -0.6979 -0.6096
vn -0.4161 -0.8251 -0.3822
vn -0.3555 -0.7211 -0.5947
vn 0.0754 0.5864 -0.8065
vn -0.0162 0.7789 0.6269
vn 0.0055 -0.6939 -0.7200
vn -0.0409 -0.5264 0.8493
vn 0.2721 -0.5981 -0.7538
vn -0.2679 0.5720 -0.7753
vn 0.2000 -0.4929 0.8468
vn -0.3420 0.6345 0.6931
vn 0.4418 -0.3464 0.8276
vn 0.4955 -0.4106 -0.7654
vn -0.6372 0.4012 0.6580
vn -0.5964 0.3326 -0.7305
vn -0.8204 -0.1951 0.5375
vn 0.0729 -0.7369 0.6721
vn -0.8122 -0.2946 -0.5035
vn 0.1288 -0.8047 -0.5796
vn -0.7963 0.2671 0.5427
vn -0.2724 0.7250 0.6326
vn 0.4739 0.6114 -0.6337
vn 0.8503 -0.2160 -0.4800
vn 0.4029 0.7924 0.4581
vn 0.7945 -0.0347 0.6063
vn 0.2613 -0.4496 0.8542
vn -0.4094 -0.5826 0.7021
vn 0.4878 0.6714 -0.5580
vn -0.8009 0.1457 -0.5808
vn -0.5372 -0.6653 0.5184
vn 0.7855 0.3849 0.4846
vn 0.8101 -0.5297 -0.2515
vn 0.9737 -0.2244 0.0398
vn 0.2961 0.7640 0.5732
vn 0.9275 -0.1470 0.3437
vn -0.3420 0.6344 0.6932
vn -0.8204 -0.1951 0.5374
vn -0.7963 0.2672 0.5427
vn 0.2613 -0.4497 0.8541
vn 0.8342 -0.2763 0.4773
vn 0.4654 0.8548 0.2295
vn -0.9645 0.2409 -0.1083
vn -0.8009 0.1456 -0.5808
vn -0.1611 -0.9717 -0.1728
vn 0.4129 0.4071 -0.8147
vn -0.2684 -0.8056 -0.5281
vn 0.7484 -0.0475 0.6615
vn 0.3843 0.8050 0.4519
vn 0.8100 -0.5297 -0.2516
vn -0.4386 -0.8534 -0.2818
vn -0.4162 -0.8251 -0.3822
vn 0.4028 0.7924 0.4581
vn 0.4654 0.8549 0.2295
vn -0.9461 0.2613 0.1914
vn -0.5373 -0.6653 0.5184
vn -0.4551 -0.8026 -0.3856
vn 0.4882 0.8342 0.2566
vn -0.5964 0.3326 -0.7306
vn 0.7713 0.5838 0.2534
vn 0.4600 -0.6558 0.5986
vn 0.7487 0.0701 0.6592
vn 0.8551 0.4444 0.2671
vn -0.3354 0.7242 -0.6025
vn -0.6207 0.7428 -0.2509
vn 0.8410 0.1986 -0.5033
vn -0.5002 0.5201 -0.6923
vn 0.8232 -0.3000 -0.4820
vn -0.6855 -0.7093 -0.1644
vn -0.9749 -0.1615 0.1533
vn 0.5581 0.5009 0.6615
vn 0.6499 0.0011 -0.7601
vn -0.6762 -0.0790 0.7325
vn -0.9508 0.0724 0.3013
vn -0.6391 -0.5513 -0.5363
vn -0.4461 -0.3537 0.8221
vn 0.4731 -0.5524 0.6863
vn -0.6231 0.7807 0.0477
vn -0.7526 0.6267 0.2019
vn -0.8732 -0.1692 0.4571
vn -0.0693 -0.8383 -0.5408
vn 0.5956 -0.7425 -0.3065
vn -0.6887 -0.4990 -0.5260
vn -0.5637 0.2923 -0.7726
vn 0.0634 0.4269 -0.9021
vn 0.8035 0.1513 -0.5757
vn 0.6621 0.0002 -0.7494
vn -0.5100 -0.7014 -0.4980
vn -0.4421 -0.2516 0.8609
vn 0.3809 0.1474 -0.9128
vn 0.0938 0.2259 -0.9696
vn -0.2065 -0.8900 -0.4064
vn -0.0718 -0.3321 0.9405
vn 0.2345 -0.8878 -0.3961
vn 0.3321 -0.3507 0.8756
vn -0.2139 0.2200 -0.9518
vn 0.7689 -0.4948 -0.4050
vn 0.8100 -0.0933 0.5789
vn 0.3538 0.3731 -0.8577
vn 0.4523 0.8437 0.2893
vn -0.0947 0.8495 0.5190
vn 0.2172 0.8224 0.5258
vn 0.4410 0.6964 0.5662
vn -0.8009 -0.4250 -0.4217
vn -0.5781 0.4233 -0.6976
vn -0.7689 -0.1010 0.6313
vn -0.1832 -0.3714 0.9102
vn 0.5081 -0.4018 0.7618
vn -0.5492 0.7518 0.3649
vn 0.1403 0.8384 0.5267
vn 0.7392 0.4753 0.4772
vn -0.7704 -0.3848 0.5083
vn -0.4941 0.8601 0.1271
vn -0.7582 0.2645 0.5959
vn -0.8565 -0.2524 0.4503
vn 0.3614 -0.9249 -0.1184
vn 0.6445 -0.7422 0.1839
vn -0.8276 -0.4646 -0.3152
vn 0.5309 -0.8039 -0.2682
vn -0.8114 -0.0316 -0.5837
vn 0.6680 0.5294 -0.5230
vn 0.9671 0.2532 0.0250
vn -0.5436 -0.1008 0.8332
vn -0.6128 -0.4565 -0.6451
vn 0.6325 0.5064 0.5860
vn 0.6133 0.2240 -0.7575
vn 0.9440 0.1520 0.2929
vn 0.4309 0.7581 0.4895
vn -0.4992 0.8328 0.2394
vn 0.6238 -0.6201 0.4757
vn 0.7552 -0.4120 0.5099
vn 0.8585 0.4175 0.2978
vn 0.0615 0.4137 -0.9083
vn -0.6067 0.4458 -0.6582
vn 0.6875 0.1504 -0.7105
vn 0.5801 -0.6586 -0.4793
vn -0.0512 -0.8471 -0.5290
vn -0.7833 -0.4654 -0.4121
vn -0.6528 -0.4395 -0.6170
vn 0.4842 0.3427 -0.8051
vn 0.3857 0.7055 0.5945
vn -0.3352 -0.6408 -0.6907
vn -0.4253 -0.3097 0.8504
vn -0.0616 -0.7218 -0.6894
vn 0.1973 0.5338 -0.8223
vn -0.2121 -0.4228 0.8811
vn 0.0329 0.7851 0.6185
vn 0.0700 -0.4470 0.8918
vn 0.2292 -0.7014 -0.6749
vn -0.3379 0.7645 0.5489
vn -0.2115 0.5360 -0.8173
vn -0.8249 0.3766 0.4216
vn -0.4410 -0.5648 0.6975
vn -0.7763 0.1796 -0.6042
vn -0.3152 -0.7866 -0.5310
vn -0.5335 0.7363 0.4163
vn 0.1479 0.8113 0.5656
vn 0.8018 0.1501 -0.5784
vn 0.6008 -0.7196 -0.3482
vn 0.7460 0.4549 0.4864
vn 0.5580 -0.4240 0.7133
vn -0.1381 -0.4227 0.8957
vn -0.7398 -0.1569 0.6543
vt 0.750000 0.010000
vt 0.630000 0.042154
vt 0.652979 0.035997
vt 0.653493 0.035859
vt 0.653293 0.074380
vt 0.552833 0.098172
vt 0.653190 0.117216
vt 0.582337 0.182630
vt 0.520374 0.253323
vt 0.551077 0.365515
vt 0.556868 0.258101
vt 0.582818 0.349750
vt 0.114866 0.500000
vt 0.653477 0.419706
vt 0.677983 0.460877
vt 0.750000 0.445593
vt 0.750000 0.480254
vt 0.556745 0.114893
vt 0.496133 0.985793
vt 0.496068 0.999995
vt 0.412506 0.985694
vt 0.412373 0.999893
vt 0.382124 1.000234
vt 0.382207 0.985934
vt 0.333333 1.000000
vt 0.341063 0.986558
vt 0.335342 0.985795
vt 0.333333 0.985798
vt 0.412494 0.985694
vt 0.412458 0.985695
vt 0.412206 0.985700
vt 0.496129 0.985793
vt 0.412015 0.985704
vt 0.451449 0.985750
vt 0.411609 0.985712
vt 0.493330 0.985790
vt 0.875000 0.500000
vt 0.749878 0.500000
vt 0.130000 0.457846
vt 0.250000 0.250000
vt 0.250000 0.490000
vt 0.042154 0.370000
vt 0.042154 0.221600
vt 0.042154 0.130000
vt 0.250000 0.010000
vt 0.105637 0.066517
vt 0.114135 0.058019
vt 0.130000 0.042154
vt 0.048841 0.123313
vt 0.067883 0.104270
vt 0.096383 0.075771
vt 0.510000 0.250000
vt 0.542154 0.370000
vt 0.542154 0.130000
vt 0.750000 0.490000
vt 0.630000 0.457846
vt 0.848054 0.500000
vt 0.749998 0.500000
vt 0.404638 0.275113
vt 0.541106 0.312417
vt 0.595362 0.278009
vt 0.595362 0.310145
vt 0.610482 0.309525
vt 0.610482 0.278406
vt 0.603892 0.278136
vt 0.623676 0.309071
vt 0.623676 0.278859
vt 0.625000 0.279025
vt 0.625000 0.308904
vt 0.404638 0.333740
vt 0.390120 0.274888
vt 0.390120 0.336055
vt 0.376324 0.274723
vt 0.376324 0.337750
vt 0.375000 0.274663
vt 0.375000 0.338371
vt 0.375000 0.250000
vt 0.625000 0.375122
vt 0.375000 0.375122
vt 0.625000 0.250000
vt 0.750000 0.937116
vt 0.666667 0.938557
vt 0.750000 0.880713
vt 0.666667 0.879268
vt 0.637133 0.939952
vt 0.583333 0.875320
vt 0.583333 0.940877
vt 0.500000 0.942833
vt 0.543282 0.872728
vt 0.500000 0.862274
vt 0.416667 0.842147
vt 0.416667 0.944789
vt 0.333333 0.946221
vt 0.333333 0.827413
vt 0.250000 0.946745
vt 0.250000 0.822019
vt 0.556779 1.000000
vt 0.556779 0.875000
vt 0.578802 1.000000
vt 0.578802 0.875000
vt 0.618180 1.000000
vt 0.375000 0.875000
vt 0.375000 1.000000
vt 0.618180 0.875000
vt 0.833333 0.957991
vt 0.750000 1.000000
vt 0.833333 1.000000
vt 0.750000 0.957990
vt 0.666667 0.957990
vt 0.666667 1.000000
vt 0.625117 0.957991
vt 0.583333 1.000000
vt 0.583333 0.500000
vt 0.500000 1.000000
vt 0.500000 0.500000
vt 0.415669 1.000000
vt 0.415669 0.500000
vt 0.625116 0.500000
vt 0.375000 0.007720
vt 0.625000 0.007720
vt 0.083333 0.540916
vt 0.000000 0.540916
vt 0.083333 0.520458
vt 0.000000 0.985798
vt 0.000000 0.520458
vt 0.056826 0.500903
vt 0.000000 0.500925
vt 0.113076 0.500925
vt 0.166667 0.520458
vt 0.166667 0.500925
vt 0.249728 0.500927
vt 0.291667 0.520458
vt 0.267070 0.540916
vt 0.166667 0.540916
vt 0.261897 0.835976
vt 0.166667 0.985798
vt 0.265872 0.541400
vt 0.261896 0.547398
vt 0.261896 0.626500
vt 0.265872 0.632499
vt 0.265873 0.829978
vt 0.261897 0.915078
vt 0.265873 0.921077
vt 0.265813 0.950804
vt 0.268263 0.949694
vt 0.269723 0.922633
vt 0.269723 0.949467
vt 0.264915 0.952208
vt 0.264916 0.960501
vt 0.265813 0.961821
vt 0.269723 0.985798
vt 0.268263 0.962705
vt 0.269723 0.962796
vt 0.269723 0.634055
vt 0.269723 0.828422
vt 0.083333 0.985798
vt 0.271093 0.539638
vt 0.916667 0.749941
vt 0.833333 0.992975
vt 0.833333 0.749941
vt 0.916667 0.992975
vt 1.000000 0.992975
vt 1.000000 0.749941
vt 0.922971 1.000000
vt 0.993697 1.000000
vt 0.000000 0.000000
vt 0.077029 1.000000
vt 0.006304 1.000000
vt 0.083333 0.992975
vt 0.000000 0.992975
vt 0.451539 0.985750
vt 0.411129 0.985722
vt 0.493290 0.985790
vt 0.531027 0.985827
vt 0.839637 1.000000
vt 0.910363 1.000000
vt 0.625000 0.375000
vt 0.616168 0.250000
vt 0.616192 0.375000
vt 0.500000 0.750001
vt 0.500000 0.907687
vt 0.500000 0.749941
vt 0.500000 0.850327
vt 0.269723 1.000000
vt 0.166667 1.000000
vt 0.083333 1.000000
vt 0.000000 1.000000
vt 0.875000 0.742280
vt 0.749878 0.742280
vt 0.375000 0.375358
vt 0.416667 0.749941
vt 0.416667 0.849653
vt 0.474622 0.850853
vt 0.750145 0.250000
vt 0.750145 0.370000
vt 0.750145 0.457846
vt 0.584252 1.000000
vt 0.518466 0.875000
vt 0.518466 1.000000
vt 0.584252 0.875000
vt 0.125000 0.742280
vt 0.250122 0.742280
vt 0.147334 0.649071
vt 0.125000 0.646085
vt 0.250122 0.649071
vt 0.250122 0.500000
vt 0.250001 0.599561
vt 0.125000 0.500000
vt 0.150069 0.603142
vt 0.125000 0.606494
vt 0.503952 0.750001
vt 0.583333 0.835453
vt 0.583333 0.907687
vt 0.583333 0.749941
vt 0.583333 0.849653
vt 0.525378 0.850853
vt 0.375000 0.375000
vt 0.602123 0.250000
vt 0.602186 0.375000
vt 0.609346 0.250000
vt 0.609389 0.375000
vt 0.875000 0.588101
vt 0.875000 0.560284
vt 0.750000 0.587864
vt 0.750000 0.623508
vt 0.875000 0.623509
vt 0.750000 0.560122
vt 0.750000 0.500000
vt 0.250753 0.500850
vt 0.329725 0.507625
vt 0.330740 0.506868
vt 0.330632 0.539589
vt 0.000000 0.942833
vt 0.083333 0.944789
vt 0.000000 0.862273
vt 0.083333 0.842146
vt 0.166667 0.946221
vt 0.166667 0.827411
vt 0.250000 0.822018
vt 0.089637 1.000000
vt 0.160363 1.000000
vt 0.166667 0.992975
vt 0.827030 1.000000
vt 0.750000 0.992975
vt 0.756304 1.000000
vt 0.333333 0.749941
vt 0.333333 0.844938
vt 0.250000 0.749941
vt 0.250000 0.992975
vt 0.166667 0.749941
vt 0.083333 0.749941
vt 0.000000 0.749941
vt 0.418151 0.875000
vt 0.418151 1.000000
vt 0.561987 0.875000
vt 0.561988 1.000000
vt 0.750000 0.749941
vt 0.250000 0.500000
vt 0.297289 0.500000
vt 0.297289 1.000000
vt 0.343634 0.500000
vt 0.343634 1.000000
vt 0.296602 0.534344
vt 0.281082 0.536260
vt 0.308014 0.536260
vt 0.311060 0.540016
vt 0.276087 0.925945
vt 0.271436 0.949311
vt 0.289554 0.928574
vt 0.310534 0.950427
vt 0.303020 0.927979
vt 0.313572 0.950881
vt 0.312878 0.924296
vt 0.315796 0.951951
vt 0.316486 0.918511
vt 0.316610 0.953349
vt 0.329208 0.985798
vt 0.316486 0.838684
vt 0.329209 0.539797
vt 0.316485 0.627288
vt 0.312878 0.832426
vt 0.312877 0.633276
vt 0.303020 0.827447
vt 0.303019 0.637519
vt 0.289554 0.825080
vt 0.289553 0.638879
vt 0.276087 0.825942
vt 0.276087 0.637011
vt 0.316486 0.547454
vt 0.312877 0.541404
vt 0.310095 0.540157
vt 0.316610 0.961720
vt 0.315796 0.963070
vt 0.313572 0.964007
vt 0.310534 0.964281
vt 0.271436 0.963055
vt 0.333333 0.507625
vt 0.333333 0.504050
vt 0.333333 0.507042
vt 0.333333 0.501684
vt 0.500000 0.853887
vt 0.500000 0.853888
vt 0.500000 0.749918
vt 0.583333 0.853888
vt 0.583333 0.749918
vt 0.666667 0.853888
vt 0.670190 0.853888
vt 0.666667 0.749918
vt 0.750000 0.749918
vt 0.814958 0.853888
vt 0.833333 0.749918
vt 0.750000 0.853888
vt 0.833333 0.853888
vt 0.916667 0.749918
vt 0.916667 0.853888
vt 1.000000 0.853888
vt 1.000000 0.749918
vt 0.416667 0.853888
vt 0.416667 0.749918
vt 0.333333 0.749918
vt 0.333333 0.853888
vt 0.250000 0.749918
vt 0.250000 0.853888
vt 0.166667 0.853888
vt 0.166667 0.749918
vt 0.083333 0.853888
vt 0.083333 0.749918
vt 0.000000 0.853888
vt 0.000000 0.749918
vt 0.870000 0.042154
vt 0.870000 0.457846
vt 0.957846 0.130000
vt 0.957846 0.370000
vt 0.990000 0.250000
vt 0.010000 0.250000
vt 0.750145 0.045439
vt 0.626715 0.045439
vt 0.666667 0.866161
vt 0.622302 0.866161
vt 0.666667 0.907687
vt 0.666667 0.749941
vt 0.666667 0.844938
vt 0.453690 0.250000
vt 0.426401 0.351845
vt 0.426401 0.148155
vt 0.351845 0.073599
vt 0.148155 0.073599
vt 0.250000 0.046310
vt 0.351845 0.426401
vt 0.073599 0.351845
vt 0.073599 0.148155
vt 0.046310 0.250000
vt 0.148155 0.426401
vt 0.249999 0.453690
vt 0.500000 0.898979
vt 0.500000 0.749883
vt 0.583333 0.898979
vt 0.583333 0.749883
vt 0.666667 0.898979
vt 0.750000 0.749883
vt 0.666667 0.749883
vt 0.750000 0.898979
vt 0.833333 0.749883
vt 0.833333 0.898979
vt 0.916667 0.749883
vt 0.916667 0.898979
vt 1.000000 0.749883
vt 1.000000 0.898979
vt 0.172970 1.000000
vt 0.243696 1.000000
vt 0.330196 0.507450
vt 0.250006 0.501125
vt 0.213519 0.965304
vt 0.242598 0.950572
vt 0.250000 1.000000
vt 0.250000 0.936270
vt 0.173796 0.970305
vt 0.166667 0.969028
vt 0.122143 0.963144
vt 0.083333 0.945332
vt 0.083022 0.945279
vt 0.000000 0.948329
vt 0.253241 0.929871
vt 0.253241 0.705896
vt 0.333333 0.500000
vt 0.388110 0.776152
vt 0.388110 0.906207
vt 0.416667 1.000000
vt 0.416667 0.902696
vt 0.500000 0.898946
vt 0.388110 0.716129
vt 0.416667 0.707085
vt 0.416667 0.795895
vt 0.500000 0.697424
vt 0.500000 0.816984
vt 0.388110 0.508057
vt 0.413551 0.500000
vt 0.250000 0.699497
vt 0.242598 0.683103
vt 0.213519 0.660272
vt 0.166667 0.500000
vt 0.166667 0.643486
vt 0.173796 0.644241
vt 0.111890 0.575732
vt 0.083333 0.500000
vt 0.083333 0.578359
vt 0.000000 0.579903
vt 0.000000 0.500000
vt 0.122143 0.638250
vt 0.111890 0.640296
vt 0.743696 1.000000
vt 0.672970 1.000000
vt 0.666667 0.992975
vt 0.418151 0.000000
vt 0.378002 0.250000
vt 0.561988 0.000000
vt 0.617570 0.250000
vt 0.584934 0.002755
vt 0.518466 0.000000
vt 0.595888 0.250000
vt 0.451908 0.250000
vt 0.600038 0.250000
vt 0.578802 0.000000
vt 0.578802 0.250000
vt 0.556779 0.250000
vt 0.556779 0.000000
vt 0.375000 0.000000
vt 0.601466 0.000000
vt 0.609844 -0.035684
vt 0.610319 0.213700
vt 0.619686 -0.139252
vt 0.620083 0.108343
vt 0.625000 0.033369
vt 0.625000 0.000000
vt 0.625000 0.015879
vt 0.625000 0.077619
vt 0.625000 -0.011236
vt 0.618180 0.000000
vt 0.625000 0.077041
vt 0.625000 0.070466
vt 0.625000 -0.006381
vt 0.159405 0.393962
vt 0.187513 0.415919
vt 0.205979 0.478205
vt 0.261030 0.427574
vt 0.289122 0.479517
vt 0.336910 0.397983
vt 0.370000 0.457846
vt 0.457846 0.370000
vt 0.373735 0.309944
vt 0.299817 0.023348
vt 0.457846 0.130000
vt 0.351366 0.174805
vt 0.377762 0.150296
vt 0.349660 0.128347
vt 0.370000 0.042154
vt 0.315212 0.163252
vt 0.344715 0.318434
vt 0.225160 0.416359
vt 0.205504 0.478077
vt 0.280021 0.481956
vt 0.306623 0.404963
vt 0.343237 0.465017
vt 0.428111 0.399735
vt 0.410643 0.985732
vt 0.410929 0.985726
vt 0.411130 0.985722
vt 0.411143 0.985722
vt 0.411486 0.985715
vt 0.410328 0.985738
vt 0.500000 0.501706
vt 0.416667 0.507026
vt 0.500000 0.507026
vt 0.416667 0.501705
vt 0.250000 0.838497
vt 0.490000 0.250000
vt 0.416667 0.512366
vt 0.416667 0.500000
vt 0.385385 0.516201
vt 0.349837 0.520560
vt 0.150164 0.552718
vt 0.083333 0.561707
vt 0.114616 0.557499
vt 0.000000 0.565809
vt 0.150164 0.998372
vt 0.144791 1.000000
vt 0.349837 0.997038
vt 0.363280 1.000000
vt 0.500000 0.508627
vt 0.750000 0.923334
vt 0.750000 0.784912
vt 0.833333 0.923334
vt 0.833333 0.784912
vt 0.916667 0.923333
vt 1.000000 0.923333
vt 0.916667 0.784912
vt 1.000000 0.784912
vt 0.666667 0.923334
vt 0.666667 0.784912
vt 0.583333 0.923333
vt 0.583333 0.784912
vt 0.500000 0.923333
vt 0.500000 0.784912
vt 0.416667 0.923333
vt 0.416667 0.784912
vt 0.333333 0.923333
vt 0.333333 0.784912
vt 0.250000 0.923334
vt 0.250000 0.784912
vt 0.166667 0.784912
vt 0.166667 0.923333
vt 0.083333 0.923333
vt 0.083333 0.784912
vt 0.000000 0.784912
vt 0.000000 0.923334
vt 0.566763 0.007720
vt 0.568366 0.007720
vt 0.548499 0.007720
vt 0.519471 0.007720
vt 0.418458 0.007720
vt 0.432140 0.007720
vt 0.460381 0.007720
vt 0.428652 0.007720
vt 0.416770 0.007720
vt 0.467114 0.007720
vt 0.511853 0.007720
vt 0.518751 0.007720
vt 0.490251 0.007720
vt 0.470992 0.007720
vt 0.490360 0.007720
vt 0.480745 0.250000
vt 0.502871 0.250000
vt 0.474972 0.250000
vt 0.463254 0.250000
vt 0.469425 0.250000
vt 0.473511 0.250000
vt 0.429341 0.250000
vt 0.429886 0.250000
vt 0.464509 0.250000
vt 0.499110 0.250000
vt 0.439151 0.250000
vt 0.533508 0.250000
vt 0.558319 0.250000
vt 0.566869 0.250000
vt 0.560220 0.250000
vt 0.573772 0.250000
vt 0.571230 0.250000
vt 0.559110 0.250000
vt 0.533417 0.250000
vt 0.532090 0.250000
vt 0.625000 0.179585
vt 0.625000 0.190417
vt 0.467637 0.160127
vt 0.447922 0.155982
vt 0.375000 0.143506
vt 0.445424 0.152214
vt 0.625000 0.191693
vt 0.625000 0.191665
vt 0.625000 0.156965
vt 0.625000 0.141818
vt 0.375000 0.103915
vt 0.625000 0.134828
vt 0.833333 0.500000
vt 0.916667 0.500000
vt 0.916667 1.000000
vt 1.000000 0.500000
vt 1.000000 1.000000
vt 0.666667 0.500000
vt 0.749878 0.503545
vt 0.875000 0.507097
vt 0.749999 0.557183
vt 0.875000 0.561605
vt 0.849558 0.561270
vt 0.849931 0.596448
vt 0.875000 0.608182
vt 0.749999 0.598949
vt 0.749878 0.608182
vt 0.875000 0.594029
vt 0.333333 0.992975
vt 0.327030 1.000000
vt 0.256304 1.000000
vt 0.583333 0.992975
vt 0.589637 1.000000
vt 0.660363 1.000000
vt 0.732187 0.907686
vt 0.750000 0.866161
vt 0.750000 0.911385
vt 0.750000 0.838497
vt 0.956714 0.872728
vt 1.000000 0.942833
vt 1.000000 0.862273
vt 0.916667 0.875320
vt 0.916667 0.940877
vt 0.862862 0.939952
vt 0.833333 0.879268
vt 0.833333 0.938557
vt 0.341022 0.508483
vt 0.338066 0.540916
vt 0.406172 0.508483
vt 0.410605 0.540916
vt 0.409601 0.656590
vt 0.407922 0.657527
vt 0.408548 0.777874
vt 0.337817 0.985792
vt 0.414391 0.784227
vt 0.409584 0.658492
vt 0.410363 1.000000
vt 0.339637 1.000000
vt 0.416667 0.992975
vt 0.500000 0.992975
vt 0.506304 1.000000
vt 0.577030 1.000000
vt 0.416667 0.749883
vt 0.416667 0.898979
vt 0.350170 0.898979
vt 0.333333 0.749883
vt 0.333333 0.898979
vt 0.250000 0.749883
vt 0.250000 0.898979
vt 0.166667 0.749883
vt 0.166667 0.898979
vt 0.083333 0.898979
vt 0.083333 0.749883
vt 0.000000 0.898979
vt 0.000000 0.749883
vt 0.166667 0.817619
vt 0.235043 0.837341
vt 0.422971 1.000000
vt 0.493696 1.000000
vt 0.625000 0.875000
vt 0.625000 1.000000
vt 0.616013 0.875000
vt 0.615987 1.000000
vt 0.608959 0.875000
vt 0.608915 1.000000
vt 0.601466 1.000000
vt 0.601531 0.875000
vt 0.252587 1.000000
vt 0.252587 0.500000
vt 0.030570 0.500000
vt 0.030570 1.000000
vt 0.617569 0.375000
vt 0.378002 0.375000
vt 0.375000 0.375359
vt 0.625000 0.375358
vt 0.849931 0.618524
vt 0.749999 0.622106
vt 0.875000 0.615172
vt 0.972832 1.000000
vt 0.874885 0.500000
vt 0.874883 1.000000
vt 0.972832 0.500000
vt 0.767813 0.907686
vt 0.833333 0.866161
vt 0.833333 0.907687
vt 0.764957 0.837341
vt 0.833333 0.817619
vt 0.556779 0.375000
vt 0.749999 0.608182
vt 0.849931 0.608182
vt 0.451908 0.375000
vt 0.595888 0.375000
vt 0.083333 0.813077
vt 0.145157 0.813077
vt 0.000000 0.862275
vt 0.083333 0.842147
vt 0.143145 0.945817
vt 0.166667 0.827413
vt 0.250000 0.822020
vt 0.543287 0.872728
vt 0.500000 0.862273
vt 0.416667 0.842145
vt 0.333333 0.827411
vt 0.637138 0.939952
vt 0.916667 0.907687
vt 0.877699 0.866161
vt 0.916667 0.835453
vt 0.914752 0.800427
vt 0.914991 0.800239
vt 0.916667 0.813077
vt 0.914991 0.813077
vt 0.000000 0.813077
vt 1.000000 0.813077
vt 1.000000 0.750001
vt 1.000000 0.907687
vt 0.389518 0.336055
vt 0.389518 0.274888
vt 0.609880 0.309525
vt 0.609880 0.278406
vt 0.603552 0.278136
vt 0.996049 0.750001
vt 0.600038 0.375000
vt 0.578802 0.375000
vt 0.250147 0.098432
vt 0.097024 0.393060
vt 0.097024 0.098432
vt 0.250147 0.393060
vt 0.065214 0.393060
vt 0.073722 0.098432
vt 0.407540 0.985796
vt 0.390549 0.985722
vt 0.334480 0.985736
vt 0.412932 0.508483
vt 0.341912 0.508483
vt 0.413391 0.508483
vt 0.500000 0.508483
vt 0.956719 0.872728
vt 1.000000 0.862275
vt 0.862868 0.939952
vt 0.842521 0.938991
vt 0.393675 0.508483
vt 0.390454 0.508483
s 1
usemtl Material.200
f 2/1/1 3/1/2 1/2/1
f 4/2/1 5/3/1 1/2/1
f 6/4/1 4/2/1 7/5/1
f 4/2/1 8/6/1 7/5/1
f 7/5/1 8/6/1 9/7/1
f 10/8/1 9/7/1 8/6/1
f 10/8/1 8/6/1 11/9/1
f 11/9/1 13/10/1 12/11/1
f 12/11/1 10/8/1 11/9/1
f 14/12/1 12/11/1 13/10/1
f 14/12/1 16/13/1 15/14/1
f 17/15/1 15/14/1 16/13/1
f 17/15/1 18/16/1 15/14/1
f 19/17/2 18/16/1 17/15/1
s 0
f 2/1/3 20/1/3 3/1/3
s 1
f 20/1/2 21/2/2 3/1/2
f 22/3/2 21/2/2 20/1/2
f 21/2/2 24/2/2 23/18/4
f 25/4/2 24/2/2 22/3/2
f 26/6/2 23/18/4 24/2/2
s 0
f 27/1/3 22/3/3 20/1/3
s 1
f 30/3/1 29/2/1 28/4/1
f 32/6/1 29/2/1 31/18/5
f 33/2/1 31/18/5 29/2/1
f 35/2/2 36/3/2 34/2/2
f 37/4/2 38/5/2 34/2/2
f 34/2/2 38/5/2 39/6/2
f 40/7/2 39/6/2 38/5/2
f 41/8/6 39/6/2 40/7/2
f 39/6/2 41/8/6 42/9/2
f 43/11/2 42/9/2 41/8/6
f 44/10/2 42/9/2 43/11/2
f 44/10/2 43/11/2 45/12/2
f 46/14/6 47/13/2 45/12/2
f 46/14/6 48/15/2 47/13/2
f 48/15/2 46/14/6 49/16/2
f 49/16/2 50/17/2 48/15/2
f 52/12/1 53/10/1 51/13/1
f 55/10/2 56/12/2 54/13/2
f 58/19/7 59/20/8 57/21/9
f 60/22/10 57/21/9 59/20/8
f 60/22/10 61/23/11 57/21/9
f 61/23/11 62/24/12 57/21/9
f 61/23/11 63/25/13 62/24/12
f 63/25/13 64/26/14 62/24/12
f 64/26/14 63/25/13 65/27/15
f 65/27/15 66/25/16 67/28/17
f 66/25/16 65/27/15 63/25/13
f 68/21/18 58/19/7 69/21/19
f 70/19/20 58/19/7 71/21/20
f 70/19/21 73/19/22 72/29/23
f 69/21/24 70/19/21 72/29/23
f 72/29/23 73/19/22 74/30/25
f 75/19/25 73/19/26 76/30/27
f 74/30/28 75/19/29 77/31/30
f 75/19/29 78/32/31 77/31/30
f 77/31/30 78/32/31 79/33/32
f 79/33/32 81/34/33 80/35/34
f 81/34/33 79/33/32 82/19/35
f 83/36/36 82/19/37 84/34/38
f 86/37/39 87/37/39 85/38/40
f 88/38/39 85/38/40 87/37/39
f 88/38/39 89/37/40 85/38/40
f 85/38/40 89/37/40 90/37/39
f 92/39/41 93/40/42 91/41/43
f 92/39/41 94/42/41 93/40/42
f 94/42/41 95/43/44 93/40/42
f 95/43/44 96/44/45 93/40/42
f 93/40/42 96/44/45 97/45/46
f 98/44/47 97/45/46 96/44/45
f 97/45/46 98/44/47 99/46/48
f 100/47/49 102/45/49 99/46/49
f 100/47/49 99/46/49 101/44/49
f 103/48/50 104/45/51 100/47/50
f 105/45/49 106/48/49 104/45/49
f 108/44/49 109/49/49 107/47/50
f 110/50/49 107/47/50 109/49/49
f 111/51/52 107/47/50 110/50/49
f 112/48/49 107/47/50 111/51/52
f 113/45/49 107/47/53 114/45/49
f 112/48/54 115/45/55 114/45/55
f 114/45/49 116/47/55 113/45/49
f 114/45/49 117/48/49 116/47/55
f 117/48/49 118/51/49 116/47/55
f 119/50/51 116/47/55 118/51/49
f 119/50/51 120/49/56 116/47/55
f 121/44/49 116/47/55 120/49/56
f 116/47/55 121/44/49 122/46/49
f 113/45/49 122/46/49 125/45/57
f 116/47/55 122/46/49 113/45/49
f 122/46/49 124/44/49 123/44/58
f 125/45/57 122/46/49 123/44/58
f 126/46/49 113/45/49 125/45/57
f 123/44/58 127/44/59 125/45/57
f 128/40/42 125/45/57 127/44/59
f 129/43/44 130/42/43 128/40/42
f 127/44/59 129/43/44 128/40/42
f 130/42/43 131/39/43 128/40/42
f 132/41/43 128/40/42 131/39/43
f 133/44/49 126/46/49 134/44/60
f 133/44/49 108/44/49 126/46/49
f 136/52/61 137/53/41 135/54/62
f 135/54/62 137/53/41 138/2/41
f 140/55/43 138/2/41 139/56/41
f 137/53/41 139/56/41 138/2/41
f 138/2/41 140/55/43 141/1/43
f 146/1/43 143/56/43 142/2/43
f 143/56/43 144/53/63 142/2/43
f 145/54/64 142/2/43 144/53/63
f 147/55/43 143/56/43 146/1/43
f 148/52/65 145/54/64 144/53/63
f 150/44/49 151/46/49 149/44/49
f 152/37/66 156/37/66 153/37/66
f 153/37/66 154/37/66 152/37/66
f 155/37/66 152/37/66 154/37/66
f 157/37/66 156/37/66 152/37/66
f 157/37/66 158/37/66 156/37/66
f 159/37/66 158/37/66 157/37/66
f 159/37/66 160/37/67 158/37/66
f 161/37/66 160/37/67 159/37/66
f 158/37/66 160/37/67 162/38/66
f 163/38/68 162/38/66 160/37/67
f 160/37/67 164/37/69 163/38/68
f 165/38/69 163/38/68 164/37/69
f 164/37/69 166/37/70 165/38/69
f 167/38/70 165/38/69 166/37/70
f 167/38/70 168/37/71 165/38/69
f 165/38/69 168/37/71 169/37/69
f 165/38/69 169/37/69 163/38/68
f 163/38/68 169/37/69 170/37/67
f 162/38/66 170/37/67 171/37/66
f 171/37/66 170/37/67 172/37/66
f 173/37/66 172/37/66 170/37/67
f 163/38/68 170/37/67 162/38/66
f 172/37/66 174/37/66 171/37/66
f 176/37/66 171/37/66 174/37/66
f 174/37/66 175/37/66 176/37/66
f 171/37/66 176/37/66 177/38/66
f 177/38/66 176/37/66 179/38/66
f 178/37/66 176/37/66 175/37/66
f 176/37/66 178/37/66 179/38/66
f 153/37/66 156/37/66 179/38/66
f 153/37/66 179/38/66 180/57/66
f 181/58/66 180/57/66 179/38/66
f 177/38/66 179/38/66 156/37/66
f 179/38/66 182/57/66 181/58/66
f 179/38/66 178/37/66 182/57/66
f 182/57/66 178/37/66 183/37/66
f 178/37/66 175/37/66 183/37/66
f 184/37/66 183/37/66 175/37/66
f 180/57/66 154/37/66 153/37/66
f 162/38/66 177/38/66 158/37/66
f 156/37/66 158/37/66 177/38/66
f 162/38/66 171/37/66 177/38/66
f 186/37/72 187/37/72 185/37/72
f 187/37/72 188/57/72 185/37/72
f 185/37/72 188/57/72 189/38/72
f 190/58/72 189/38/72 188/57/72
f 190/58/72 191/57/72 189/38/72
f 192/37/72 187/37/72 186/37/72
f 194/37/72 195/37/72 193/37/73
f 195/37/72 196/37/74 193/37/73
f 197/57/72 200/37/75 198/37/76
f 198/37/76 199/38/72 197/57/72
f 202/59/77 203/60/78 201/61/79
f 204/62/80 201/61/79 203/60/78
f 205/63/81 201/61/79 204/62/80
f 205/63/81 206/64/81 201/61/79
f 207/65/82 201/61/79 206/64/81
f 205/63/81 208/66/83 206/64/81
f 209/67/83 206/64/81 208/66/83
f 211/68/84 209/67/83 210/69/85
f 208/66/83 210/69/85 209/67/83
f 210/69/85 212/69/86 211/68/84
f 213/68/86 211/68/84 212/69/86
f 203/60/78 202/59/77 214/70/87
f 202/59/77 215/71/88 214/70/87
f 216/72/89 214/70/87 215/71/88
f 215/71/88 217/73/90 216/72/89
f 218/74/91 216/72/89 217/73/90
f 217/73/90 219/75/92 218/74/91
f 220/76/93 218/74/91 219/75/92
f 219/75/92 221/75/94 220/76/93
f 222/76/95 220/76/93 221/75/94
f 224/77/96 225/78/97 223/79/97
f 226/80/96 225/78/97 224/77/96
f 227/78/96 230/80/96 228/77/96
f 228/77/96 229/79/96 227/78/96
f 232/62/80 231/61/98 234/63/81
f 232/62/80 233/60/78 231/61/98
f 235/59/77 231/61/98 233/60/78
f 234/63/81 231/61/98 236/64/81
f 237/65/99 236/64/81 231/61/98
f 234/63/81 236/64/81 238/66/83
f 239/67/83 238/66/83 236/64/81
f 238/66/83 239/67/83 240/69/100
f 241/68/100 240/69/100 239/67/83
f 235/59/77 242/70/87 243/71/88
f 233/60/78 242/70/87 235/59/77
f 244/72/89 243/71/88 242/70/87
f 243/71/88 244/72/89 245/73/90
f 246/74/91 245/73/90 244/72/89
f 245/73/90 246/74/91 247/75/101
f 248/76/102 247/75/101 246/74/91
f 250/81/103 251/82/104 249/83/103
f 252/84/104 249/83/103 251/82/104
f 251/82/104 253/85/105 252/84/104
f 254/86/106 252/84/104 253/85/105
f 255/87/107 254/86/106 253/85/105
f 255/87/107 256/88/108 254/86/106
f 257/89/109 254/86/106 256/88/108
f 257/89/109 256/88/108 258/90/110
f 260/91/111 258/90/110 259/92/112
f 256/88/108 259/92/112 258/90/110
f 259/92/112 261/93/113 260/91/111
f 262/94/114 260/91/111 261/93/113
f 261/93/113 263/95/115 262/94/114
f 264/96/116 262/94/114 263/95/115
f 266/84/104 267/82/104 265/83/103
f 268/81/103 265/83/103 267/82/104
f 267/82/104 266/84/104 269/85/105
f 270/86/106 269/85/105 266/84/104
f 271/87/107 269/85/105 270/86/106
f 271/87/107 270/86/106 272/88/108
f 273/89/109 272/88/108 270/86/106
f 274/90/110 272/88/108 273/89/109
f 272/88/108 274/90/110 275/92/112
f 276/91/111 275/92/112 274/90/110
f 275/92/112 276/91/111 277/93/113
f 278/94/117 277/93/113 276/91/111
f 277/93/113 278/94/117 279/95/115
f 280/96/116 279/95/115 278/94/117
f 285/97/118 282/98/118 281/99/119
f 282/98/118 283/100/119 281/99/119
f 281/99/119 283/100/119 284/101/120
f 285/97/118 286/102/121 282/98/118
f 287/103/121 286/102/121 285/97/118
f 284/101/120 283/100/119 288/104/120
f 290/105/122 291/106/123 289/107/122
f 292/108/123 291/106/123 290/105/122
f 292/108/123 293/109/124 291/106/123
f 294/110/124 291/106/123 293/109/124
f 293/109/124 295/111/125 294/110/124
f 295/111/125 296/112/126 294/110/124
f 296/112/126 295/111/125 297/113/126
f 296/112/126 297/113/126 298/114/127
f 299/115/128 298/114/127 297/113/126
f 300/116/120 298/114/127 299/115/128
f 301/117/120 300/116/120 299/115/128
f 302/118/125 297/113/126 295/111/125
f 303/106/123 306/108/123 304/105/129
f 304/105/129 305/107/129 303/106/123
f 306/108/123 303/106/123 307/109/124
f 308/110/124 307/109/124 303/106/123
f 307/109/124 308/110/124 309/111/125
f 310/112/126 309/111/125 308/110/124
f 310/112/126 311/113/126 309/111/125
f 312/114/127 311/113/126 310/112/126
f 314/116/120 313/115/128 312/114/127
f 311/113/126 312/114/127 313/115/128
f 313/115/128 314/116/120 315/117/120
f 311/113/126 316/118/125 309/111/125
f 318/119/130 319/120/131 317/119/131
f 320/120/131 317/119/131 319/120/131
f 322/119/131 323/120/131 321/119/131
f 324/120/132 323/120/131 322/119/131
f 326/121/133 325/122/134 328/123/135
f 326/121/133 327/124/136 325/122/134
f 325/122/134 329/125/137 328/123/135
f 328/123/135 329/125/137 330/126/138
f 330/126/138 329/125/137 331/127/139
f 332/128/140 333/123/141 330/126/142
f 333/123/141 332/128/140 334/129/143
f 334/129/143 335/130/144 336/131/145
f 335/130/144 334/129/143 332/128/140
f 334/129/143 336/131/145 337/132/146
f 334/129/143 337/132/146 338/133/147
f 339/134/148 334/129/143 338/133/147
f 334/129/143 339/134/148 328/123/135
f 346/135/149 340/136/148 339/134/148
f 339/134/148 340/136/148 326/121/133
f 326/121/133 328/123/135 339/134/148
f 341/137/147 339/134/148 338/133/147
f 342/138/150 339/134/148 341/137/147
f 339/134/148 342/138/150 343/139/151
f 343/139/151 344/140/152 339/134/148
f 344/140/152 345/141/153 339/134/148
f 346/135/149 339/134/148 345/141/153
f 347/142/149 340/136/148 346/135/149
f 347/142/149 348/143/152 340/136/148
f 340/136/148 348/143/152 349/144/152
f 349/144/152 348/143/152 350/145/154
f 351/146/155 350/145/154 348/143/152
f 352/147/152 350/145/154 351/146/155
f 349/144/152 353/148/156 340/136/148
f 353/148/156 354/149/149 340/136/148
f 354/149/149 355/150/147 340/136/148
f 340/136/148 355/150/147 356/151/152
f 357/152/154 356/151/152 355/150/147
f 356/151/152 357/152/154 358/153/152
f 344/140/152 359/154/155 345/141/153
f 360/155/155 345/141/153 359/154/155
f 361/156/157 326/121/133 340/136/148
f 361/156/157 327/124/136 326/121/133
f 362/157/158 338/133/147 337/132/146
f 364/158/159 365/159/160 363/160/160
f 365/159/160 364/158/159 366/161/159
f 367/161/161 364/158/161 368/162/162
f 369/163/162 368/162/162 364/158/161
f 371/161/163 372/158/159 370/159/164
f 373/160/160 370/159/164 372/158/159
f 372/158/161 375/161/165 374/163/162
f 375/161/165 376/162/166 374/163/162
f 378/161/167 379/164/168 377/162/169
f 380/165/170 377/162/169 379/164/168
f 382/165/171 383/164/172 381/162/173
f 384/161/174 381/162/173 383/164/172
f 385/166/175 388/166/176 386/166/175
f 386/166/175 387/166/177 385/166/175
f 389/166/178 386/166/175 388/166/176
f 388/166/176 390/166/179 389/166/178
f 390/166/179 391/166/180 389/166/178
f 391/166/180 390/166/179 392/166/181
f 393/166/181 392/166/181 390/166/179
f 387/166/177 386/166/175 394/166/182
f 394/166/182 395/166/183 387/166/177
f 395/166/183 394/166/182 396/166/184
f 396/166/184 397/166/185 395/166/183
f 398/166/185 395/166/183 397/166/185
f 400/167/186 401/168/187 399/169/188
f 402/170/189 399/169/188 401/168/187
f 404/167/190 405/169/191 403/168/192
f 406/170/193 403/168/192 405/169/191
f 408/35/194 409/171/195 407/172/196
f 407/172/196 409/171/195 410/19/197
f 411/19/198 412/171/199 410/19/198
f 411/19/200 414/173/200 413/174/200
f 416/19/201 417/19/202 415/171/201
f 418/172/203 417/19/197 419/171/204
f 420/35/200 418/172/203 419/171/204
f 421/173/194 416/19/194 422/174/194
f 424/159/205 425/161/206 423/175/207
f 426/176/208 423/175/207 425/161/206
f 428/159/209 429/175/209 427/161/210
f 430/176/211 427/161/210 429/175/209
f 432/80/212 433/177/213 431/178/214
f 434/179/215 431/178/214 433/177/213
f 433/177/213 432/80/212 435/177/216
f 436/80/217 437/80/218 435/177/217
f 439/80/219 440/177/217 438/80/220
f 441/177/221 440/177/222 442/80/223
f 442/80/223 443/178/224 441/177/221
f 444/179/215 441/177/221 443/178/224
f 446/180/4 447/181/2 445/182/2
f 447/181/2 446/180/4 448/181/2
f 450/171/225 451/34/226 449/19/227
f 452/19/228 449/19/229 454/34/230
f 452/19/228 453/34/231 449/19/229
f 449/19/232 456/34/233 455/171/234
f 456/34/233 457/35/235 455/171/234
f 451/34/226 450/171/225 458/35/236
f 459/35/237 458/35/236 450/171/225
f 463/182/2 461/181/2 460/180/4
f 461/181/2 462/181/2 460/180/4
f 464/183/4 467/182/4 465/182/4
f 465/182/4 466/183/4 464/183/4
f 467/182/4 468/183/4 465/182/4
f 469/183/4 465/182/4 468/183/4
f 471/131/238 472/129/239 470/132/240
f 472/129/239 474/133/241 470/132/240
f 473/157/242 470/132/240 474/133/241
f 476/137/241 474/133/241 475/134/243
f 475/134/243 474/133/241 472/129/239
f 477/138/244 476/137/241 475/134/243
f 478/139/245 477/138/244 475/134/243
f 478/139/245 475/134/243 479/140/246
f 479/140/246 480/141/244 481/154/242
f 475/134/243 480/141/244 479/140/246
f 482/155/242 481/154/242 480/141/244
f 483/135/244 480/141/244 475/134/243
f 485/142/244 483/135/244 484/136/243
f 483/135/244 475/134/243 484/136/243
f 485/142/244 484/136/243 486/143/246
f 487/144/246 488/145/247 486/143/246
f 486/143/246 484/136/243 487/144/246
f 486/143/246 488/145/247 489/146/242
f 490/147/246 489/146/242 488/145/247
f 491/148/248 487/144/246 484/136/243
f 492/149/244 491/148/248 484/136/243
f 493/150/241 492/149/244 484/136/243
f 484/136/243 494/151/246 493/150/241
f 495/152/247 493/150/241 494/151/246
f 496/153/246 495/152/247 494/151/246
f 475/134/243 497/121/249 484/136/243
f 498/156/250 484/136/243 497/121/249
f 499/124/251 498/156/250 497/121/249
f 497/121/249 500/122/252 499/124/251
f 500/122/252 502/123/253 501/125/254
f 502/123/253 500/122/252 497/121/249
f 501/125/254 502/123/253 503/126/255
f 497/121/249 475/134/243 502/123/253
f 472/129/239 502/123/253 475/134/243
f 505/123/256 504/128/257 503/126/258
f 503/126/255 506/127/259 501/125/254
f 505/123/256 472/129/239 504/128/257
f 507/130/260 504/128/257 472/129/239
f 507/130/260 472/129/239 471/131/238
f 508/28/261 512/28/262 509/25/263
f 509/25/263 510/25/264 508/28/261
f 511/28/264 508/28/261 510/25/264
f 512/28/262 513/151/265 514/25/266
f 514/25/266 509/25/263 512/28/262
f 515/184/267 514/25/266 513/151/265
f 515/184/267 513/151/265 516/185/268
f 517/136/269 516/185/268 513/151/265
f 517/136/269 518/156/270 516/185/268
f 519/186/271 516/185/268 518/156/270
f 518/156/270 520/187/272 519/186/271
f 520/187/272 518/156/270 521/124/272
f 510/25/264 522/25/273 511/28/264
f 523/28/274 511/28/264 522/25/273
f 525/27/275 523/28/274 524/25/276
f 522/25/273 524/25/276 523/28/274
f 524/25/276 526/25/277 525/27/275
f 527/26/278 525/27/275 526/25/277
f 527/26/278 526/25/277 528/24/279
f 526/25/277 529/23/280 528/24/279
f 528/24/279 529/23/280 530/21/18
f 531/22/281 530/21/18 529/23/280
f 531/22/281 532/20/8 530/21/18
f 533/19/7 530/21/18 532/20/8
f 534/21/9 535/21/282 533/19/7
f 533/19/7 537/19/20 536/21/283
f 535/21/21 538/29/284 537/19/282
f 539/19/22 537/19/282 538/29/284
f 538/29/284 540/30/27 539/19/22
f 539/19/26 542/19/25 541/30/25
f 540/30/285 543/31/286 542/19/29
f 544/32/287 542/19/29 543/31/286
f 543/31/286 545/33/288 544/32/287
f 546/19/35 544/32/287 545/33/288
f 544/32/287 546/19/35 547/33/32
f 546/19/35 545/33/288 548/34/289
f 546/19/35 550/36/290 549/34/291
f 551/35/292 548/34/289 545/33/288
f 553/188/293 554/38/294 552/189/295
f 552/189/296 557/188/296 555/119/296
f 555/119/296 556/190/296 552/189/296
f 558/120/295 559/119/295 557/188/295
f 560/37/297 554/38/294 553/188/293
f 560/37/297 561/38/298 554/38/294
f 562/37/299 554/38/294 561/38/298
f 561/38/298 563/37/298 562/37/299
f 564/37/300 561/38/298 560/37/297
f 565/119/296 566/119/296 553/188/296
f 568/35/301 569/171/302 567/35/235
f 573/166/303 571/166/304 570/166/305
f 571/166/304 572/166/304 570/166/305
f 570/166/305 574/166/306 573/166/303
f 575/166/306 573/166/303 574/166/306
f 575/166/306 574/166/306 576/166/307
f 577/166/308 576/166/307 574/166/306
f 576/166/307 577/166/308 578/166/309
f 579/166/309 578/166/309 577/166/308
f 581/166/310 582/166/311 580/166/310
f 583/166/312 580/166/310 582/166/311
f 582/166/311 584/166/313 583/166/312
f 585/166/314 583/166/312 584/166/313
f 585/166/314 584/166/313 586/166/315
f 587/166/316 586/166/315 584/166/313
f 586/166/315 587/166/316 588/166/317
f 589/166/317 588/166/317 587/166/316
f 591/191/318 592/182/318 590/192/318
f 590/192/318 592/182/318 593/193/319
f 594/183/319 593/193/319 592/182/318
f 596/193/319 597/182/318 595/192/318
f 598/191/318 595/192/318 597/182/318
f 599/183/319 597/182/318 596/193/319
f 601/194/320 602/53/321 600/195/322
f 602/53/321 603/56/323 600/195/322
f 604/196/324 600/195/322 603/56/323
f 605/55/325 604/196/324 603/56/323
f 601/194/320 606/52/326 602/53/321
f 608/196/327 609/56/323 607/195/322
f 610/53/321 607/195/322 609/56/323
f 610/53/321 611/194/326 607/195/322
f 612/52/326 611/194/326 610/53/321
f 608/196/327 613/55/328 609/56/323
f 615/186/329 616/156/330 614/185/331
f 617/136/332 614/185/331 616/156/330
f 614/185/331 617/136/332 618/151/333
f 618/151/333 619/184/334 614/185/331
f 619/184/334 618/151/333 620/25/335
f 621/28/336 620/25/335 618/151/333
f 615/186/329 622/187/337 616/156/330
f 622/187/337 623/124/337 616/156/330
f 625/197/338 626/198/338 624/199/338
f 626/198/338 625/197/338 627/200/338
f 631/199/338 629/198/338 628/197/338
f 629/198/338 630/200/338 628/197/338
f 632/201/339 635/202/293 633/203/340
f 633/203/340 634/204/341 632/201/339
f 636/205/342 633/203/340 635/202/293
f 638/206/293 639/207/343 637/208/293
f 640/209/341 637/208/293 639/207/343
f 640/209/341 641/210/344 637/208/293
f 643/119/345 644/188/295 642/119/295
f 645/37/346 644/188/293 646/38/346
f 647/189/347 646/38/346 644/188/293
f 648/190/296 649/119/296 647/189/295
f 650/188/296 647/189/295 649/119/296
f 651/120/295 650/188/295 652/119/348
f 654/209/349 653/208/349 657/210/350
f 654/209/349 655/207/342 653/208/349
f 656/206/293 653/208/349 655/207/342
f 659/205/293 660/202/293 658/203/349
f 661/201/351 658/203/349 660/202/293
f 658/203/349 661/201/351 662/204/352
f 664/211/353 665/182/354 663/212/355
f 666/181/355 663/212/355 665/182/354
f 666/181/355 667/213/355 663/212/355
f 669/211/353 670/212/355 668/182/356
f 671/181/355 668/182/356 670/212/355
f 672/213/355 671/181/355 670/212/355
f 674/214/355 675/182/355 673/215/355
f 676/216/357 673/215/355 675/182/355
f 677/183/358 676/216/357 675/182/355
f 679/214/355 680/215/353 678/182/355
f 681/216/357 678/182/355 680/215/353
f 682/183/109 678/182/355 681/216/357
f 684/103/359 685/217/360 683/77/361
f 686/77/362 683/77/361 685/217/360
f 687/217/363 686/77/362 685/217/360
f 688/77/364 686/77/362 687/217/363
f 688/77/364 689/217/364 690/77/365
f 689/217/364 688/77/364 687/217/363
f 689/217/364 691/217/365 690/77/365
f 690/77/365 691/217/365 692/77/366
f 693/217/367 692/77/366 691/217/365
f 692/77/366 693/217/367 694/218/368
f 694/218/368 695/219/369 696/220/370
f 695/219/369 694/218/368 693/217/367
f 695/219/369 697/221/371 696/220/370
f 696/220/370 697/221/371 698/178/372
f 697/221/371 699/179/373 698/178/372
f 691/217/365 700/77/367 693/217/367
f 700/77/367 691/217/365 701/77/365
f 689/217/364 701/77/365 691/217/365
f 701/77/365 689/217/364 702/77/364
f 703/77/362 702/77/364 687/217/363
f 689/217/364 687/217/363 702/77/364
f 687/217/363 685/217/360 703/77/362
f 704/77/361 703/77/362 685/217/360
f 704/77/361 685/217/360 705/103/374
f 685/217/360 706/102/375 705/103/374
f 685/217/360 684/103/359 706/102/375
f 684/103/359 707/97/118 706/102/375
f 708/98/118 706/102/375 707/97/118
f 707/97/118 709/99/119 708/98/118
f 710/100/119 708/98/118 709/99/119
f 710/100/119 711/101/120 712/104/120
f 710/100/119 709/99/119 711/101/120
f 713/222/376 717/223/377 714/224/378
f 714/224/378 715/225/379 713/222/376
f 716/226/380 713/222/376 715/225/379
f 718/227/381 714/224/378 717/223/377
f 717/223/377 719/37/382 718/227/381
f 720/228/383 718/227/381 719/37/382
f 722/222/384 723/224/385 721/223/386
f 724/227/387 721/223/386 723/224/385
f 721/223/386 724/227/387 725/37/388
f 726/228/389 725/37/388 724/227/387
f 727/225/379 723/224/385 722/222/384
f 728/226/380 727/225/379 722/222/384
f 730/132/390 731/229/391 729/230/392
f 732/231/393 733/232/394 730/132/390
f 735/232/395 736/231/396 734/132/397
f 737/229/398 734/132/397 738/230/399
f 740/166/400 741/166/401 739/166/402
f 742/166/402 739/166/402 741/166/401
f 742/166/402 743/166/403 739/166/402
f 744/166/402 742/166/402 741/166/401
f 741/166/401 745/166/402 744/166/402
f 745/166/402 741/166/401 747/166/402
f 746/166/402 745/166/402 747/166/402
f 747/166/402 741/166/401 748/166/404
f 749/166/405 748/166/404 741/166/401
f 741/166/401 740/166/400 749/166/405
f 751/233/406 752/234/407 750/235/408
f 753/236/409 750/235/408 752/234/407
f 754/237/410 753/236/409 752/234/407
f 753/236/409 754/237/410 755/238/411
f 755/238/411 756/95/412 757/239/413
f 756/95/412 755/238/411 754/237/410
f 761/239/413 759/95/412 758/238/411
f 759/95/412 760/237/410 758/238/411
f 758/238/411 760/237/410 762/236/409
f 760/237/410 763/234/407 762/236/409
f 762/236/409 763/234/407 764/235/408
f 765/233/406 764/235/408 763/234/407
f 767/77/414 768/80/414 766/77/414
f 769/80/414 768/80/414 767/77/414
f 770/80/415 773/80/414 771/77/414
f 771/77/414 772/77/414 770/80/415
f 775/240/416 776/169/417 774/241/418
f 777/242/419 774/241/418 776/169/417
f 778/241/420 781/242/421 779/169/422
f 779/169/422 780/240/423 778/241/420
f 783/37/424 784/37/424 782/37/424
f 785/37/424 784/37/424 783/37/424
f 786/38/424 785/37/424 783/37/424
f 787/38/424 785/37/424 786/38/424
f 787/38/424 786/38/424 788/37/424
f 788/37/424 789/37/424 790/37/424
f 789/37/424 788/37/424 786/38/424
f 791/37/424 790/37/424 789/37/424
f 792/243/425 795/159/425 793/244/426
f 793/244/426 794/245/427 792/243/425
f 797/245/428 798/244/429 796/243/430
f 799/159/431 796/243/430 798/244/429
f 801/246/432 802/247/432 800/191/432
f 803/192/433 800/191/432 802/247/432
f 805/246/432 806/191/432 804/247/432
f 807/192/434 804/247/432 806/191/432
f 809/248/435 810/249/436 808/250/437
f 811/242/438 808/250/437 810/249/436
f 808/250/439 813/242/440 812/251/441
f 814/169/441 812/251/441 813/242/440
f 815/252/442 812/251/443 816/170/442
f 817/169/443 816/170/442 812/251/443
f 819/170/444 820/169/445 818/252/442
f 821/251/443 818/252/442 820/169/445
f 822/250/439 821/251/441 823/169/446
f 824/242/439 822/250/439 823/169/446
f 825/242/437 826/249/435 822/250/437
f 827/248/435 822/250/437 826/249/435
f 829/253/447 830/254/447 828/255/447
f 831/256/447 828/255/447 830/254/447
f 833/256/447 834/254/448 832/255/447
f 835/253/448 832/255/447 834/254/448
f 837/166/449 838/166/449 836/166/449
f 840/166/450 841/166/450 839/166/450
f 843/160/451 844/159/451 842/257/452
f 845/244/452 842/257/452 844/159/451
f 847/160/451 848/257/452 846/159/453
f 849/244/454 846/159/453 848/257/452
f 851/220/455 852/219/456 850/218/457
f 852/219/456 853/217/458 850/218/457
f 854/77/458 850/218/457 853/217/458
f 852/219/456 851/220/455 855/221/371
f 856/178/459 855/221/371 851/220/455
f 855/221/371 856/178/459 857/179/460
f 859/258/461 860/258/462 858/258/463
f 861/258/464 858/258/463 860/258/462
f 863/258/463 864/258/462 862/258/461
f 865/258/464 864/258/462 863/258/463
f 867/258/462 868/258/463 866/258/461
f 867/258/462 869/258/464 868/258/463
f 871/258/464 872/258/462 870/258/463
f 873/258/461 870/258/463 872/258/462
f 877/166/465 875/166/466 874/166/467
f 875/166/466 876/166/468 874/166/467
f 879/166/469 880/166/470 878/166/471
f 881/166/472 880/166/470 879/166/469
f 885/259/473 883/260/474 882/261/473
f 883/260/474 884/262/473 882/261/473
f 887/261/473 888/260/475 886/259/476
f 888/260/475 887/261/473 889/262/477
f 893/263/478 891/264/479 890/132/480
f 891/264/479 892/157/481 890/132/480
f 893/263/478 890/132/480 894/265/482
f 894/265/482 890/132/480 895/232/483
f 896/266/484 894/265/482 895/232/483
f 900/263/485 898/265/486 897/132/486
f 898/265/486 899/232/485 897/132/486
f 900/263/485 897/132/486 901/264/487
f 901/264/487 897/132/486 902/157/488
f 899/232/485 898/265/486 903/266/489
f 905/146/490 906/147/491 904/267/492
f 907/268/493 904/267/492 906/147/491
f 904/267/492 907/268/493 908/269/494
f 909/270/485 908/269/494 907/268/493
f 908/269/494 909/270/485 910/271/485
f 909/270/485 911/272/495 910/271/485
f 910/271/485 911/272/495 912/273/485
f 913/274/485 912/273/485 911/272/495
f 912/273/485 913/274/485 914/275/485
f 915/276/496 914/275/485 913/274/485
f 916/277/497 914/275/485 915/276/496
f 914/275/485 916/277/497 917/278/485
f 916/277/497 918/279/498 917/278/485
f 919/280/499 917/278/485 918/279/498
f 917/278/485 919/280/499 920/281/500
f 921/282/501 920/281/500 919/280/499
f 920/281/500 921/282/501 922/283/500
f 923/284/500 922/283/500 921/282/501
f 922/283/500 923/284/500 924/285/494
f 925/286/494 924/285/494 923/284/500
f 924/285/494 925/286/494 926/287/495
f 927/288/502 926/287/495 925/286/494
f 927/288/502 928/154/503 926/287/495
f 929/155/504 926/287/495 928/154/503
f 918/279/498 930/289/485 919/280/499
f 931/290/505 930/289/485 918/279/498
f 932/291/485 931/290/505 918/279/498
f 915/276/496 933/292/505 916/277/497
f 934/293/501 916/277/497 933/292/505
f 934/293/501 935/294/485 916/277/497
f 935/294/485 936/295/485 916/277/497
f 916/277/497 936/295/485 937/151/499
f 938/296/492 937/151/499 936/295/485
f 939/153/504 937/151/499 938/296/492
f 940/270/506 944/268/507 941/269/478
f 941/269/478 942/271/478 940/270/506
f 940/270/506 942/271/478 943/272/508
f 941/269/478 944/268/507 945/267/478
f 946/147/507 945/267/478 944/268/507
f 947/146/509 945/267/478 946/147/507
f 948/273/478 943/272/508 942/271/478
f 949/274/478 943/272/508 948/273/478
f 951/276/478 949/274/478 950/275/478
f 948/273/478 950/275/478 949/274/478
f 951/276/478 950/275/478 952/277/510
f 953/292/511 951/276/478 952/277/510
f 954/293/512 953/292/511 952/277/510
f 954/293/512 952/277/510 955/294/513
f 955/294/513 952/277/510 956/295/506
f 957/151/478 958/296/507 956/295/506
f 957/151/478 956/295/506 952/277/510
f 958/296/507 957/151/478 959/153/510
f 950/275/478 960/278/514 952/277/510
f 961/279/515 952/277/510 960/278/514
f 962/280/478 961/279/515 960/278/514
f 963/289/478 961/279/515 962/280/478
f 964/290/512 961/279/515 963/289/478
f 965/291/478 961/279/515 964/290/512
f 966/281/514 962/280/478 960/278/514
f 962/280/478 966/281/514 967/282/478
f 968/283/516 967/282/478 966/281/514
f 967/282/478 968/283/516 969/284/510
f 970/285/508 969/284/510 968/283/516
f 969/284/510 970/285/508 971/286/508
f 973/288/509 971/286/508 972/287/517
f 970/285/508 972/287/517 971/286/508
f 973/288/509 972/287/517 974/154/510
f 975/155/510 974/154/510 972/287/517
f 977/297/518 978/298/519 976/299/520
f 979/300/521 976/299/520 978/298/519
f 981/301/522 982/302/523 980/303/524
f 983/303/525 980/303/526 985/301/527
f 983/303/525 984/301/527 980/303/526
f 989/302/527 980/303/526 984/301/527
f 980/303/526 987/304/528 986/305/529
f 987/304/528 980/303/526 988/301/530
f 988/301/530 980/303/526 989/302/527
f 990/306/531 986/305/529 987/304/528
f 991/307/532 992/308/533 990/306/531
f 986/305/529 990/306/531 992/308/533
f 992/308/533 991/307/532 993/309/534
f 993/309/534 995/310/535 994/311/536
f 995/310/535 993/309/534 996/312/537
f 991/307/532 996/312/537 993/309/534
f 997/313/536 994/311/536 995/310/535
f 998/314/538 994/311/536 997/313/536
f 999/315/539 998/314/538 997/313/536
f 1001/316/540 1000/317/540 999/315/539
f 1000/317/540 998/314/538 999/315/539
f 985/301/527 1002/302/541 983/303/525
f 983/303/525 1003/302/542 984/301/527
f 1005/318/543 1003/302/542 1004/319/544
f 983/303/525 1004/319/544 1003/302/542
f 1004/319/544 1006/320/545 1005/318/543
f 1007/321/545 1005/318/543 1006/320/545
f 1006/320/545 1008/322/546 1007/321/545
f 1009/323/547 1007/321/545 1008/322/546
f 1009/323/547 1008/322/546 1010/324/548
f 1010/324/548 1011/325/549 1012/326/550
f 1008/322/546 1011/325/549 1010/324/548
f 1011/325/549 1013/327/551 1012/326/550
f 1012/326/550 1013/327/551 1014/328/552
f 1013/327/551 1015/329/553 1014/328/552
f 1014/328/552 1015/329/553 1016/328/554
f 1017/329/555 1016/328/554 1015/329/553
f 1016/328/554 1017/329/555 1018/328/554
f 1018/328/554 1017/329/555 1019/328/556
f 1021/328/554 1017/329/555 1020/328/554
f 1015/329/553 1020/328/554 1017/329/555
f 1021/328/554 1022/328/557 1017/329/555
f 1023/328/558 1020/328/554 1015/329/553
f 1025/28/559 1026/25/560 1024/28/561
f 1027/25/335 1024/28/561 1026/25/560
f 1029/25/562 1030/28/17 1028/25/563
f 1030/28/17 1029/25/562 1031/28/564
f 1032/25/564 1031/28/564 1029/25/562
f 1034/330/565 1033/331/565 1037/332/565
f 1034/330/565 1035/1/566 1033/331/565
f 1036/55/566 1033/331/565 1035/1/566
f 1038/333/565 1037/332/565 1033/331/565
f 1039/334/565 1037/332/565 1038/333/565
f 1043/334/566 1041/333/566 1040/332/566
f 1041/333/566 1042/331/566 1040/332/566
f 1044/330/566 1040/332/566 1042/331/566
f 1044/330/566 1042/331/566 1045/1/566
f 1046/55/566 1045/1/566 1042/331/566
f 1048/166/567 1047/166/568 1051/166/569
f 1048/166/567 1049/166/567 1047/166/568
f 1050/166/567 1047/166/568 1049/166/567
f 1052/166/570 1051/166/569 1047/166/568
f 1052/166/570 1053/166/571 1051/166/569
f 1054/166/569 1051/166/569 1053/166/571
f 1054/166/569 1053/166/571 1055/166/569
f 1056/166/569 1055/166/569 1053/166/571
f 1058/39/566 1059/44/566 1057/42/566
f 1060/335/566 1057/42/566 1059/44/566
f 1059/44/566 1058/39/566 1061/48/566
f 1058/39/566 1062/41/565 1061/48/566
f 1063/45/565 1061/48/566 1062/41/565
f 1065/39/565 1066/48/565 1064/41/565
f 1067/45/565 1064/41/565 1066/48/565
f 1068/44/565 1066/48/565 1065/39/565
f 1065/39/565 1069/42/565 1068/44/565
f 1070/335/565 1068/44/565 1069/42/565
f 1072/25/572 1073/28/573 1071/25/564
f 1074/28/564 1071/25/564 1073/28/573
f 1076/166/574 1077/166/575 1075/166/576
f 1077/166/575 1078/166/577 1075/166/576
f 1082/166/578 1080/166/579 1079/166/580
f 1080/166/579 1081/166/581 1079/166/580
f 1084/336/582 1085/337/582 1083/194/582
f 1086/54/582 1083/194/582 1085/337/582
f 1087/52/582 1083/194/582 1086/54/582
f 1089/52/582 1090/54/582 1088/194/582
f 1091/337/582 1088/194/582 1090/54/582
f 1092/336/582 1088/194/582 1091/337/582
f 1094/338/105 1095/339/105 1093/340/105
f 1096/213/105 1093/340/105 1095/339/105
f 1095/339/105 1097/212/105 1096/213/105
f 1099/213/105 1100/339/105 1098/340/105
f 1101/338/583 1098/340/105 1100/339/105
f 1100/339/105 1099/213/105 1102/212/105
f 1104/341/105 1105/214/105 1103/342/105
f 1106/215/105 1103/342/105 1105/214/105
f 1108/341/105 1109/342/584 1107/214/105
f 1110/215/105 1107/214/105 1109/342/584
f 1112/172/585 1113/172/585 1111/172/586
f 1114/172/587 1117/172/588 1115/172/589
f 1115/172/589 1116/172/589 1114/172/587
f 1119/172/586 1120/172/586 1118/172/585
f 1122/343/590 1123/344/590 1121/345/590
f 1121/345/590 1123/344/590 1124/346/590
f 1124/346/590 1123/344/590 1125/347/591
f 1126/348/590 1124/346/590 1125/347/591
f 1127/349/590 1125/347/591 1123/344/590
f 1125/347/591 1127/349/590 1130/350/592
f 1128/351/590 1125/347/591 1129/352/590
f 1129/352/590 1125/347/591 1130/350/592
f 1131/353/590 1130/350/592 1127/349/590
f 1132/354/590 1131/353/590 1127/349/590
f 1136/343/593 1134/345/593 1133/344/593
f 1134/345/593 1135/346/593 1133/344/593
f 1135/346/593 1137/347/594 1133/344/593
f 1138/349/593 1133/344/593 1137/347/594
f 1138/349/593 1137/347/594 1141/350/595
f 1139/354/593 1138/349/593 1140/353/593
f 1140/353/593 1138/349/593 1141/350/595
f 1142/352/593 1141/350/595 1137/347/594
f 1143/351/593 1142/352/593 1137/347/594
f 1144/348/593 1137/347/594 1135/346/593
f 1146/166/596 1147/166/597 1145/166/598
f 1148/166/599 1145/166/598 1147/166/597
f 1149/166/565 1145/166/598 1148/166/599
f 1150/166/600 1145/166/598 1149/166/565
f 1150/166/600 1151/166/601 1145/166/598
f 1152/166/602 1145/166/598 1151/166/601
f 1154/166/599 1155/166/596 1153/166/123
f 1156/166/123 1153/166/123 1155/166/596
f 1156/166/123 1157/166/602 1153/166/123
f 1158/166/600 1153/166/123 1157/166/602
f 1158/166/600 1157/166/602 1159/166/601
f 1160/166/597 1155/166/596 1154/166/599
f 1161/166/591 1164/166/603 1162/166/603
f 1162/166/603 1163/166/604 1161/166/591
f 1167/166/605 1161/166/591 1163/166/604
f 1165/166/591 1164/166/603 1161/166/591
f 1165/166/591 1161/166/591 1166/166/564
f 1166/166/564 1161/166/591 1167/166/605
f 1163/166/604 1168/166/606 1167/166/605
f 1167/166/605 1169/166/607 1166/166/564
f 1170/166/608 1167/166/605 1168/166/606
f 1170/166/608 1169/166/607 1167/166/605
f 1168/166/606 1171/166/564 1170/166/608
f 1172/166/564 1170/166/608 1171/166/564
f 1173/166/564 1166/166/564 1169/166/607
f 1174/166/603 1162/166/603 1164/166/603
f 1176/166/609 1177/166/594 1175/166/610
f 1178/166/611 1175/166/610 1177/166/594
f 1175/166/610 1178/166/611 1179/166/612
f 1180/166/613 1179/166/612 1178/166/611
f 1179/166/612 1180/166/613 1181/166/593
f 1182/166/593 1181/166/593 1180/166/613
f 1183/166/614 1180/166/613 1178/166/611
f 1185/166/264 1183/166/614 1184/166/264
f 1178/166/611 1184/166/264 1183/166/614
f 1186/166/264 1184/166/264 1177/166/594
f 1184/166/264 1178/166/611 1177/166/594
f 1187/166/609 1186/166/264 1177/166/594
f 1187/166/609 1177/166/594 1176/166/609
f 1187/166/609 1176/166/609 1188/166/609
f 1192/355/615 1190/356/616 1189/357/617
f 1190/356/616 1191/358/617 1189/357/617
f 1189/357/617 1191/358/617 1193/359/618
f 1195/360/619 1193/359/618 1194/361/618
f 1194/361/618 1193/359/618 1191/358/617
f 1193/359/618 1195/360/619 1196/362/620
f 1197/363/621 1196/362/620 1195/360/619
f 1196/362/620 1197/363/621 1198/364/621
f 1199/365/622 1198/364/621 1197/363/621
f 1198/364/621 1199/365/622 1200/366/622
f 1201/367/623 1200/366/622 1199/365/622
f 1200/366/622 1201/367/623 1202/368/623
f 1204/166/603 1203/166/603 1207/166/603
f 1204/166/603 1205/166/603 1203/166/603
f 1206/166/603 1203/166/603 1205/166/603
f 1207/166/603 1203/166/603 1208/166/603
f 1208/166/603 1209/166/603 1207/166/603
f 1210/166/603 1209/166/603 1208/166/603
f 1208/166/603 1211/166/603 1210/166/603
f 1212/166/603 1210/166/603 1211/166/603
f 1207/166/603 1209/166/603 1213/166/603
f 1215/166/264 1216/166/593 1214/166/593
f 1217/166/593 1214/166/593 1216/166/593
f 1215/166/264 1218/166/609 1216/166/593
f 1216/166/593 1218/166/609 1219/166/264
f 1218/166/609 1220/166/609 1219/166/264
f 1221/166/264 1219/166/264 1220/166/609
f 1219/166/264 1221/166/264 1222/166/264
f 1223/166/264 1222/166/264 1221/166/264
f 1220/166/609 1218/166/609 1224/166/609
f 1226/166/624 1227/166/591 1225/166/564
f 1228/166/564 1225/166/564 1227/166/591
f 1229/166/591 1228/166/564 1227/166/591
f 1230/166/564 1228/166/564 1229/166/591
f 1231/166/564 1230/166/564 1229/166/591
f 1232/166/564 1231/166/564 1229/166/591
f 1233/166/564 1229/166/591 1227/166/591
f 1233/166/564 1227/166/591 1234/166/625
f 1235/166/626 1234/166/625 1227/166/591
f 1236/166/627 1234/166/625 1235/166/626
f 1234/166/625 1236/166/627 1237/166/628
f 1237/166/628 1236/166/627 1238/166/629
f 1238/166/629 1235/166/626 1239/166/630
f 1236/166/627 1235/166/626 1238/166/629
f 1241/166/631 1239/166/630 1240/166/632
f 1240/166/632 1239/166/630 1235/166/626
f 1239/166/630 1241/166/631 1242/166/633
f 1242/166/633 1241/166/631 1243/166/634
f 1244/166/635 1243/166/634 1240/166/632
f 1241/166/631 1240/166/632 1243/166/634
f 1245/166/635 1243/166/634 1244/166/635
f 1226/166/624 1235/166/626 1227/166/591
f 1226/166/624 1246/166/636 1235/166/626
f 1247/166/636 1235/166/626 1246/166/636
f 1252/166/637 1249/166/638 1248/166/639
f 1249/166/638 1250/166/594 1248/166/639
f 1251/166/593 1248/166/639 1250/166/594
f 1252/166/637 1248/166/639 1253/166/640
f 1252/166/637 1253/166/640 1254/166/641
f 1249/166/638 1254/166/641 1255/166/642
f 1252/166/637 1254/166/641 1249/166/638
f 1249/166/638 1255/166/642 1256/166/643
f 1257/166/644 1256/166/643 1255/166/642
f 1257/166/644 1255/166/642 1258/166/645
f 1257/166/644 1258/166/645 1259/166/646
f 1256/166/643 1259/166/646 1260/166/647
f 1257/166/644 1259/166/646 1256/166/643
f 1261/166/647 1260/166/647 1259/166/646
f 1251/166/593 1250/166/594 1262/166/594
f 1250/166/594 1266/166/264 1262/166/594
f 1263/166/593 1264/166/593 1262/166/594
f 1263/166/593 1262/166/594 1266/166/264
f 1265/166/593 1262/166/594 1264/166/593
f 1266/166/264 1250/166/594 1267/166/264
f 1268/166/648 1267/166/264 1250/166/594
f 1249/166/638 1268/166/648 1250/166/594
f 1249/166/638 1269/166/649 1268/166/648
f 1270/166/649 1269/166/649 1249/166/638
f 1272/242/650 1273/369/651 1271/249/652
f 1274/370/653 1271/249/652 1273/369/651
f 1276/371/518 1277/372/654 1275/298/655
f 1281/373/656 1279/374/657 1278/375/590
f 1279/374/657 1280/376/658 1278/375/590
f 1278/375/590 1280/376/658 1282/25/659
f 1278/375/590 1283/185/660 1281/373/656
f 1284/377/656 1281/373/656 1283/185/660
f 1285/378/661 1284/377/656 1283/185/660
f 1285/378/661 1283/185/660 1286/379/662
f 1287/186/663 1286/379/662 1283/185/660
f 1286/379/662 1287/186/663 1288/380/664
f 1288/380/664 1287/186/663 1289/381/665
f 1290/187/666 1289/381/665 1287/186/663
f 1291/382/667 1289/381/665 1290/187/666
f 1292/383/668 1282/25/659 1280/376/658
f 1292/383/668 1293/384/669 1282/25/659
f 1293/384/669 1294/385/659 1282/25/659
f 1282/25/659 1294/385/659 1295/386/670
f 1296/387/670 1282/25/659 1295/386/670
f 1282/25/659 1296/387/670 1297/388/671
f 1298/389/672 1297/388/671 1296/387/670
f 1298/389/672 1299/390/673 1297/388/671
f 1299/390/673 1300/114/674 1297/388/671
f 1301/391/670 1295/386/670 1294/385/659
f 1295/386/670 1301/391/670 1302/392/675
f 1303/393/676 1295/386/670 1302/392/675
f 1302/392/675 1304/394/677 1303/393/676
f 1303/393/676 1304/394/677 1305/395/678
f 1294/385/659 1306/396/679 1301/391/670
f 1306/396/679 1294/385/659 1307/397/680
f 1308/398/681 1294/385/659 1293/384/669
f 1309/258/682 1294/385/659 1308/398/681
f 1310/399/683 1309/258/682 1308/398/681
f 1311/400/656 1309/258/682 1310/399/683
f 1309/258/682 1311/400/656 1312/401/684
f 1314/402/685 1312/401/684 1313/403/656
f 1313/403/656 1312/401/684 1311/400/656
f 1315/404/662 1312/401/684 1314/402/685
f 1312/401/684 1315/404/662 1316/405/686
f 1317/406/687 1316/405/686 1315/404/662
f 1317/406/687 1318/407/667 1316/405/686
f 1319/408/666 1316/405/686 1318/407/667
f 1314/402/685 1320/409/688 1315/404/662
f 1321/410/689 1315/404/662 1320/409/688
f 1325/166/690 1323/166/691 1322/166/692
f 1323/166/691 1324/166/693 1322/166/692
f 1328/166/694 1322/166/692 1324/166/693
f 1322/166/692 1326/166/690 1325/166/690
f 1326/166/690 1322/166/692 1327/166/695
f 1322/166/692 1328/166/694 1327/166/695
f 1328/166/694 1324/166/693 1330/166/696
f 1328/166/694 1330/166/696 1329/166/697
f 1329/166/697 1327/166/695 1328/166/694
f 1330/166/696 1332/166/698 1331/166/699
f 1331/166/699 1329/166/697 1330/166/696
f 1330/166/696 1333/166/700 1332/166/698
f 1333/166/700 1330/166/696 1324/166/693
f 1324/166/693 1334/166/701 1333/166/700
f 1336/166/702 1332/166/698 1333/166/700
f 1335/166/703 1333/166/700 1334/166/701
f 1333/166/700 1335/166/703 1336/166/702
f 1337/166/704 1336/166/702 1335/166/703
f 1332/166/698 1336/166/702 1339/166/705
f 1337/166/704 1338/166/706 1336/166/702
f 1338/166/706 1339/166/705 1336/166/702
f 1340/166/707 1341/166/708 1339/166/705
f 1340/166/707 1339/166/705 1338/166/706
f 1339/166/705 1342/166/565 1332/166/698
f 1342/166/565 1344/166/709 1343/166/710
f 1343/166/710 1332/166/698 1342/166/565
f 1343/166/710 1344/166/709 1345/166/711
f 1345/166/711 1344/166/709 1346/166/712
f 1347/166/713 1346/166/712 1344/166/709
f 1344/166/709 1348/166/714 1347/166/713
f 1349/166/708 1348/166/714 1344/166/709
f 1349/166/708 1350/166/715 1348/166/714
f 1351/166/716 1350/166/715 1349/166/708
f 1351/166/716 1352/166/717 1350/166/715
f 1353/166/718 1350/166/715 1352/166/717
f 1353/166/718 1352/166/717 1354/166/719
f 1354/166/719 1352/166/717 1355/166/719
f 1348/166/714 1356/166/720 1347/166/713
f 1357/166/721 1347/166/713 1356/166/720
f 1357/166/721 1358/166/722 1347/166/713
f 1358/166/722 1359/166/723 1346/166/712
f 1358/166/722 1346/166/712 1347/166/713
f 1360/166/724 1346/166/712 1359/166/723
f 1359/166/723 1361/166/725 1360/166/724
f 1362/166/726 1360/166/724 1361/166/725
f 1361/166/725 1363/166/727 1362/166/726
f 1363/166/727 1365/166/728 1364/166/729
f 1364/166/729 1362/166/726 1363/166/727
f 1366/166/730 1364/166/729 1365/166/728
f 1369/166/731 1362/166/726 1367/166/732
f 1362/166/726 1368/166/733 1367/166/732
f 1369/166/731 1370/166/734 1362/166/726
f 1360/166/724 1362/166/726 1370/166/734
f 1345/166/711 1370/166/734 1331/166/699
f 1331/166/699 1370/166/734 1329/166/697
f 1370/166/734 1345/166/711 1360/166/724
f 1370/166/734 1369/166/731 1329/166/697
f 1369/166/731 1367/166/732 1329/166/697
f 1367/166/732 1368/166/733 1371/166/690
f 1372/166/735 1371/166/690 1368/166/733
f 1371/166/690 1326/166/690 1367/166/732
f 1327/166/695 1329/166/697 1367/166/732
f 1327/166/695 1367/166/732 1326/166/690
f 1346/166/712 1360/166/724 1345/166/711
f 1343/166/710 1345/166/711 1331/166/699
f 1343/166/710 1331/166/699 1332/166/698
f 1341/166/708 1340/166/707 1373/166/715
f 1373/166/715 1374/166/736 1341/166/708
f 1374/166/736 1373/166/715 1375/166/737
f 1376/166/738 1375/166/737 1373/166/715
f 1375/166/737 1376/166/738 1377/166/739
f 1377/166/739 1378/166/739 1375/166/737
f 1340/166/707 1338/166/706 1379/166/740
f 1380/166/741 1379/166/740 1338/166/706
f 1380/166/741 1338/166/706 1337/166/704
f 1334/166/701 1324/166/693 1381/166/742
f 1382/166/743 1381/166/742 1324/166/693
f 1383/166/744 1381/166/742 1382/166/743
f 1383/166/744 1382/166/743 1384/166/745
f 1323/166/691 1325/166/690 1385/166/746
f 1387/411/747 1388/412/748 1386/244/749
f 1389/413/750 1386/244/749 1388/412/748
f 1391/411/751 1392/244/752 1390/412/753
f 1393/413/754 1390/412/753 1392/244/752
f 1395/77/755 1396/80/755 1394/77/755
f 1397/80/755 1396/80/755 1395/77/755
f 1399/77/755 1400/80/755 1398/77/755
f 1401/80/755 1398/77/755 1400/80/755
f 1402/78/755 1400/80/755 1399/77/755
f 1399/77/755 1403/79/755 1402/78/755
f 1405/77/755 1406/78/755 1404/79/755
f 1407/80/755 1406/78/755 1405/77/755
f 1409/414/609 1410/415/593 1408/416/609
f 1411/417/593 1408/416/609 1410/415/593
f 1413/418/593 1414/419/593 1412/420/593
f 1414/419/593 1415/421/593 1412/420/593
f 1417/422/593 1418/423/593 1416/424/593
f 1416/424/593 1418/423/593 1419/425/593
f 1420/426/264 1419/425/593 1418/423/593
f 1419/425/593 1420/426/264 1421/77/593
f 1422/427/264 1421/77/593 1420/426/264
f 1423/103/593 1421/77/593 1424/77/593
f 1425/103/264 1424/77/593 1421/77/593
f 1424/77/593 1427/77/756 1426/427/593
f 1428/427/609 1426/427/593 1427/77/756
f 1427/77/756 1429/77/609 1428/427/609
f 1430/427/609 1428/427/609 1429/77/609
f 1429/77/609 1431/77/609 1430/427/609
f 1432/427/609 1430/427/609 1431/77/609
f 1431/77/609 1433/77/593 1432/427/609
f 1434/427/593 1432/427/609 1433/77/593
f 1434/427/593 1433/77/593 1435/428/595
f 1436/218/264 1435/428/595 1433/77/593
f 1435/428/595 1436/218/264 1437/429/595
f 1437/429/595 1436/218/264 1438/430/756
f 1438/430/756 1439/431/609 1437/429/595
f 1438/430/756 1440/432/593 1439/431/609
f 1442/433/609 1441/433/757 1440/432/593
f 1440/432/593 1441/433/757 1439/431/609
f 1442/433/609 1444/433/609 1443/433/593
f 1445/433/593 1443/433/593 1444/433/609
f 1446/432/609 1447/432/609 1444/433/609
f 1448/434/264 1439/431/609 1441/433/757
f 1449/435/264 1450/436/264 1448/434/264
f 1451/437/758 1448/434/264 1450/436/264
f 1417/422/593 1452/438/593 1418/423/593
f 1454/436/264 1455/439/609 1453/437/264
f 1456/434/609 1453/437/264 1455/439/609
f 1458/439/609 1459/440/593 1457/434/609
f 1460/441/593 1457/434/609 1459/440/593
f 1462/39/264 1463/442/264 1461/42/264
f 1463/442/264 1462/39/264 1464/443/264
f 1465/444/593 1464/443/264 1462/39/264
f 1464/443/264 1465/444/593 1466/445/264
f 1467/446/756 1466/445/264 1465/444/593
f 1466/445/264 1467/446/756 1468/447/264
f 1469/448/264 1468/447/264 1467/446/756
f 1469/448/264 1470/449/264 1468/447/264
f 1471/450/264 1468/447/264 1470/449/264
f 1470/449/264 1472/451/264 1471/450/264
f 1473/451/264 1476/452/264 1474/453/264
f 1474/453/264 1475/450/264 1473/451/264
f 1478/453/264 1479/452/264 1477/454/264
f 1479/452/264 1480/455/264 1477/454/264
f 1481/456/264 1480/455/264 1479/452/264
f 1480/455/264 1481/456/264 1482/457/264
f 1483/45/264 1482/457/264 1481/456/264
f 1482/457/264 1483/45/264 1484/458/264
f 1486/459/264 1487/42/264 1485/442/264
f 1488/460/593 1487/42/264 1486/459/264
f 1488/460/593 1486/459/264 1489/461/593
f 1489/461/593 1490/462/264 1491/463/593
f 1490/462/264 1489/461/593 1486/459/264
f 1490/462/264 1492/458/264 1491/463/593
f 1493/464/593 1491/463/593 1492/458/264
f 1493/464/593 1492/458/264 1494/45/264
f 1496/420/590 1497/419/590 1495/418/590
f 1496/420/590 1498/421/590 1497/419/590
f 1500/77/603 1501/427/603 1499/77/590
f 1502/427/590 1499/77/590 1501/427/603
f 1499/77/590 1502/427/590 1503/77/590
f 1504/427/590 1503/77/590 1502/427/590
f 1501/427/603 1500/77/603 1505/427/603
f 1506/77/759 1505/427/603 1500/77/603
f 1505/427/603 1506/77/759 1507/427/590
f 1508/77/590 1507/427/590 1506/77/759
f 1508/77/590 1511/103/564 1509/77/590
f 1509/77/590 1510/103/590 1508/77/590
f 1513/437/564 1514/436/564 1512/434/564
f 1512/434/564 1516/433/592 1515/431/603
f 1517/432/603 1515/431/603 1516/433/592
f 1516/433/592 1518/433/603 1517/432/603
f 1519/430/603 1515/431/603 1517/432/603
f 1515/431/603 1519/430/603 1520/429/603
f 1519/430/603 1521/218/590 1520/429/603
f 1521/218/590 1523/77/590 1522/428/592
f 1521/218/590 1522/428/592 1520/429/603
f 1524/427/590 1522/428/592 1523/77/590
f 1526/435/590 1527/434/564 1525/436/564
f 1525/436/564 1529/437/564 1528/439/603
f 1530/434/760 1528/439/603 1529/437/564
f 1531/441/590 1532/440/590 1530/434/603
f 1533/461/590 1537/463/590 1534/462/590
f 1534/462/590 1535/459/590 1533/461/590
f 1536/460/590 1533/461/590 1535/459/590
f 1539/464/590 1538/458/590 1537/463/590
f 1534/462/590 1537/463/590 1538/458/590
f 1540/45/590 1538/458/590 1539/464/590
f 1536/460/590 1535/459/590 1541/42/603
f 1542/442/603 1541/42/603 1535/459/590
f 1543/456/590 1547/452/590 1544/455/590
f 1544/455/590 1545/457/590 1543/456/590
f 1545/457/590 1546/45/590 1543/456/590
f 1547/452/590 1548/454/590 1544/455/590
f 1548/454/590 1547/452/590 1549/453/603
f 1546/45/590 1545/457/590 1550/458/590
f 1552/449/603 1553/450/603 1551/451/603
f 1553/450/603 1552/449/603 1554/447/603
f 1555/448/603 1554/447/603 1552/449/603
f 1556/446/759 1554/447/603 1555/448/603
f 1554/447/603 1556/446/759 1557/445/603
f 1558/444/603 1557/445/603 1556/446/759
f 1559/443/603 1557/445/603 1558/444/603
f 1558/444/603 1560/39/603 1559/443/603
f 1559/443/603 1560/39/603 1561/442/603
f 1562/42/603 1561/442/603 1560/39/603
f 1564/452/590 1565/451/603 1563/453/603
f 1563/453/603 1565/451/603 1566/450/603
f 1568/439/603 1569/434/603 1567/440/590
f 1570/425/592 1573/77/590 1571/426/590
f 1571/426/590 1572/423/590 1570/425/592
f 1574/424/590 1570/425/592 1572/423/590
f 1572/423/590 1575/422/590 1574/424/590
f 1575/422/590 1572/423/590 1576/438/590
f 1577/427/564 1571/426/590 1573/77/590
f 1578/433/590 1581/433/590 1579/433/590
f 1579/433/590 1580/433/603 1578/433/590
f 1580/433/603 1579/433/590 1582/432/603
f 1583/432/603 1580/433/603 1582/432/603
f 1582/432/603 1579/433/590 1584/432/603
f 1585/172/590 1589/172/590 1586/172/590
f 1586/172/590 1587/172/590 1585/172/590
f 1588/172/592 1585/172/590 1587/172/590
f 1585/172/590 1588/172/592 1590/172/761
f 1591/172/590 1590/172/761 1588/172/592
f 1592/172/590 1590/172/761 1591/172/590
f 1586/172/590 1589/172/590 1593/172/590
f 1594/172/590 1593/172/590 1589/172/590
f 1595/172/590 1593/172/590 1594/172/590
f 1597/172/590 1598/172/590 1596/172/590
f 1600/172/590 1601/172/590 1599/172/590
f 1602/172/590 1599/172/590 1601/172/590
f 1604/172/590 1603/172/762 1606/172/590
f 1604/172/590 1605/172/590 1603/172/762
f 1606/172/590 1603/172/762 1607/172/762
f 1609/172/590 1610/172/590 1608/172/590
f 1611/172/590 1608/172/590 1610/172/590
f 1612/172/763 1611/172/590 1610/172/590
f 1614/172/764 1615/172/764 1613/172/764
f 1617/172/593 1618/172/593 1616/172/593
f 1619/172/765 1620/172/593 1616/172/593
f 1620/172/593 1619/172/765 1621/172/593
f 1622/172/766 1621/172/593 1619/172/765
f 1623/172/593 1621/172/767 1624/172/593
f 1622/172/593 1625/172/593 1624/172/593
f 1623/172/593 1624/172/593 1626/172/593
f 1627/172/756 1623/172/593 1626/172/593
f 1626/172/593 1628/172/593 1627/172/756
f 1630/172/593 1631/172/593 1629/172/593
f 1631/172/593 1630/172/593 1632/172/593
f 1634/172/768 1635/172/594 1633/172/593
f 1633/172/593 1635/172/594 1636/172/593
f 1634/172/768 1637/172/593 1635/172/594
f 1637/172/593 1638/172/593 1635/172/594
f 1635/172/594 1638/172/593 1639/172/593
f 1641/172/769 1642/172/769 1640/172/769
f 1644/433/609 1645/433/609 1643/432/609
f 1646/432/593 1643/432/609 1645/433/609
f 1648/414/603 1649/416/590 1647/415/603
f 1650/417/590 1647/415/603 1649/416/590
f 1652/21/770 1653/21/770 1651/35/770
f 1653/21/770 1654/33/770 1651/35/770
f 1655/35/770 1651/35/770 1654/33/770
f 1656/172/770 1651/35/770 1655/35/770
f 1657/465/770 1651/35/770 1658/466/770
f 1659/467/770 1651/35/770 1660/468/770
f 1661/469/771 1662/172/770 1655/35/770
f 1661/469/771 1663/172/770 1662/172/770
f 1661/469/771 1664/172/770 1663/172/770
f 1665/172/770 1664/172/770 1666/35/770
f 1670/29/770 1668/30/770 1667/21/770
f 1668/30/770 1669/33/770 1667/21/770
f 1671/31/770 1669/33/770 1668/30/770
f 1673/172/603 1674/172/603 1672/172/603
f 1675/172/603 1672/172/603 1674/172/603
f 1677/172/603 1678/172/603 1676/172/603
f 1678/172/603 1677/172/603 1679/172/603
f 1681/172/603 1682/172/603 1680/172/603
f 1684/172/770 1685/35/770 1683/172/770
f 1686/469/770 1685/35/770 1687/172/770
f 1687/172/770 1685/35/770 1688/35/770
f 1690/172/593 1691/172/593 1689/172/593
f 1692/172/593 1693/172/593 1690/172/593
f 1695/172/593 1696/172/593 1694/172/593
f 1697/172/593 1694/172/593 1698/172/593
f 1697/172/593 1698/172/593 1699/172/593
f 1705/172/772 1701/35/772 1700/35/772
f 1701/35/772 1702/33/772 1700/35/772
f 1700/35/772 1702/33/772 1703/21/772
f 1704/21/772 1700/35/772 1703/21/772
f 1706/467/772 1707/468/772 1700/35/772
f 1708/466/772 1700/35/772 1709/465/772
f 1701/35/772 1711/172/772 1710/35/772
f 1712/469/772 1701/35/772 1713/172/772
f 1714/172/772 1712/469/772 1713/172/772
f 1716/31/772 1717/30/772 1715/33/772
f 1717/30/772 1718/21/772 1715/33/772
f 1719/29/772 1718/21/772 1717/30/772
f 1721/35/772 1722/172/772 1720/172/772
f 1722/172/772 1724/469/772 1723/172/772
f 1725/35/772 1724/469/772 1722/172/772
f 1726/172/772 1727/172/772 1725/35/772
f 1729/466/770 1730/35/770 1728/467/770
f 1731/465/770 1732/470/770 1730/35/770
f 1734/466/772 1735/467/772 1733/35/772
f 1736/465/772 1733/35/772 1737/470/772
f 1739/471/773 1740/472/774 1738/473/775
f 1740/472/774 1739/471/773 1741/474/776
f 1741/474/776 1742/300/777 1740/472/774
f 1743/299/778 1740/472/774 1742/300/777
f 1742/300/777 1744/298/779 1743/299/778
f 1745/297/780 1743/299/778 1744/298/779
f 1746/372/781 1747/371/399 1744/298/782
f 1749/77/783 1750/80/783 1748/77/784
f 1751/80/783 1748/77/784 1750/80/783
f 1752/78/784 1750/80/783 1749/77/783
f 1749/77/783 1753/79/783 1752/78/784
f 1755/77/784 1756/80/784 1754/77/783
f 1757/80/783 1756/80/784 1755/77/784
f 1759/77/784 1760/78/784 1758/79/783
f 1761/80/783 1760/78/784 1759/77/784
f 1763/248/785 1764/475/785 1762/246/785
f 1765/247/786 1762/246/785 1764/475/785
f 1767/248/787 1768/246/786 1766/475/788
f 1769/247/785 1766/475/788 1768/246/786
f 1771/41/582 1772/448/582 1770/45/582
f 1770/45/582 1772/448/582 1773/456/582
f 1773/456/582 1772/448/582 1774/452/582
f 1772/448/582 1775/449/582 1774/452/582
f 1776/476/582 1774/452/582 1775/449/582
f 1777/45/582 1780/456/8 1778/448/8
f 1778/448/8 1779/41/582 1777/45/582
f 1781/452/8 1778/448/8 1780/456/8
f 1778/448/8 1781/452/8 1782/449/8
f 1783/476/8 1782/449/8 1781/452/8
f 1785/477/789 1784/478/133 1787/115/790
f 1785/477/789 1786/479/791 1784/478/133
f 1788/385/792 1784/478/133 1786/479/791
f 1789/480/791 1788/385/792 1786/479/791
f 1788/385/792 1789/480/791 1790/25/792
f 1788/385/792 1790/25/792 1791/258/564
f 1792/375/564 1793/185/793 1791/258/564
f 1792/375/564 1791/258/564 1790/25/792
f 1794/401/793 1791/258/564 1793/185/793
f 1795/481/794 1794/401/793 1793/185/793
f 1794/401/793 1795/481/794 1796/405/795
f 1798/482/796 1796/405/795 1797/483/794
f 1797/483/794 1796/405/795 1795/481/794
f 1798/482/796 1799/484/797 1796/405/795
f 1800/408/797 1796/405/795 1799/484/797
f 1793/185/793 1801/485/794 1795/481/794
f 1801/485/794 1793/185/793 1802/486/798
f 1803/487/791 1790/25/792 1789/480/791
f 1803/487/791 1804/488/791 1790/25/792
f 1787/115/790 1805/489/790 1785/477/789
f 1807/477/799 1806/478/249 1809/479/800
f 1807/477/799 1808/115/801 1806/478/249
f 1810/385/802 1809/479/800 1806/478/249
f 1811/480/800 1809/479/800 1810/385/802
f 1811/480/800 1810/385/802 1812/25/802
f 1810/385/802 1813/258/264 1812/25/802
f 1814/375/264 1812/25/802 1813/258/264
f 1814/375/264 1813/258/264 1815/185/803
f 1813/258/264 1816/401/803 1815/185/803
f 1817/481/804 1815/185/803 1816/401/803
f 1816/401/803 1818/405/805 1817/481/804
f 1819/483/804 1817/481/804 1818/405/805
f 1820/482/806 1819/483/804 1818/405/805
f 1820/482/806 1818/405/805 1821/484/807
f 1822/408/808 1821/484/807 1818/405/805
f 1815/185/803 1817/481/804 1823/485/804
f 1823/485/804 1824/486/804 1815/185/803
f 1812/25/802 1825/487/800 1811/480/800
f 1825/487/800 1812/25/802 1826/488/800
f 1808/115/801 1807/477/799 1827/489/272
f 1828/166/708 1832/166/708 1829/166/708
f 1829/166/708 1830/166/708 1828/166/708
f 1831/166/809 1828/166/708 1830/166/708
f 1831/166/809 1834/166/809 1828/166/708
f 1828/166/708 1833/166/809 1832/166/708
f 1834/166/809 1833/166/809 1828/166/708
f 1834/166/809 1836/166/810 1833/166/809
f 1835/166/811 1837/166/810 1834/166/809
f 1835/166/811 1834/166/809 1831/166/809
f 1837/166/810 1836/166/810 1834/166/809
f 1837/166/810 1835/166/811 1838/166/812
f 1837/166/810 1839/166/813 1836/166/810
f 1838/166/812 1840/166/814 1837/166/810
f 1840/166/814 1839/166/813 1837/166/810
f 1832/166/708 1841/166/815 1829/166/708
f 1830/166/708 1829/166/708 1842/166/708
f 1844/490/582 1845/491/582 1843/492/816
f 1846/493/816 1843/492/816 1845/491/582
f 1847/494/817 1843/492/816 1846/493/816
f 1849/495/818 1847/494/817 1848/496/817
f 1848/496/817 1847/494/817 1846/493/816
f 1850/497/818 1849/495/818 1848/496/817
f 1844/490/582 1851/498/819 1845/491/582
f 1852/499/819 1845/491/582 1851/498/819
f 1851/498/819 1853/500/820 1852/499/819
f 1854/501/820 1852/499/819 1853/500/820
f 1853/500/820 1855/502/1 1854/501/820
f 1856/503/2 1854/501/820 1855/502/1
f 1857/504/821 1856/503/2 1855/502/1
f 1856/503/2 1857/504/821 1858/505/821
f 1859/506/822 1858/505/821 1857/504/821
f 1858/505/821 1859/506/822 1860/507/822
f 1861/508/823 1860/507/822 1859/506/822
f 1860/507/822 1861/508/823 1862/509/123
f 1862/509/123 1861/508/823 1863/510/124
f 1864/511/124 1863/510/124 1861/508/823
f 1865/512/126 1863/510/124 1864/511/124
f 1863/510/124 1865/512/126 1866/513/126
f 1866/513/126 1865/512/126 1867/514/824
f 1868/515/824 1867/514/824 1865/512/126
f 1870/503/2 1871/502/2 1869/501/820
f 1872/500/820 1869/501/820 1871/502/2
f 1869/501/820 1872/500/820 1873/499/819
f 1874/498/819 1873/499/819 1872/500/820
f 1873/499/819 1874/498/819 1875/491/582
f 1876/490/8 1875/491/582 1874/498/819
f 1877/492/816 1875/491/582 1876/490/8
f 1875/491/582 1877/492/816 1878/493/825
f 1877/492/816 1879/494/817 1878/493/825
f 1880/496/817 1878/493/825 1879/494/817
f 1882/497/818 1880/496/817 1881/495/818
f 1879/494/817 1881/495/818 1880/496/817
f 1871/502/2 1870/503/2 1883/504/821
f 1870/503/2 1884/505/821 1883/504/821
f 1883/504/821 1884/505/821 1885/506/822
f 1884/505/821 1886/507/822 1885/506/822
f 1885/506/822 1886/507/822 1887/508/123
f 1886/507/822 1888/509/123 1887/508/123
f 1888/509/123 1889/510/124 1887/508/123
f 1890/511/124 1887/508/123 1889/510/124
f 1890/511/124 1889/510/124 1891/512/126
f 1889/510/124 1892/513/126 1891/512/126
f 1892/513/126 1893/514/824 1891/512/126
f 1894/515/824 1891/512/126 1893/514/824
f 1896/516/590 1897/517/603 1895/120/590
f 1898/518/590 1895/120/590 1899/519/590
f 1899/519/590 1895/120/590 1900/119/590
f 1901/520/603 1902/119/590 1895/120/590
f 1902/119/590 1904/521/590 1903/522/590
f 1903/522/590 1907/120/590 1902/119/590
f 1904/521/590 1902/119/590 1905/523/590
f 1906/524/603 1902/119/590 1901/520/603
f 1908/525/590 1900/119/590 1907/120/590
f 1909/526/590 1910/527/590 1907/120/590
f 1911/528/592 1907/120/590 1903/522/590
f 1912/529/590 1900/119/590 1908/525/590
f 1913/530/590 1899/519/590 1900/119/590
f 1915/517/603 1916/520/603 1914/120/590
f 1917/516/590 1914/120/590 1918/518/590
f 1920/523/590 1921/119/590 1919/524/603
f 1923/529/590 1924/530/590 1922/119/590
f 1926/527/590 1927/525/590 1925/120/590
f 1925/120/590 1929/528/590 1928/526/590
f 1931/80/564 1932/80/564 1930/77/564
f 1933/77/564 1930/77/564 1932/80/564
f 1934/531/603 1937/532/603 1935/77/603
f 1935/77/603 1936/77/591 1934/531/603
f 1938/533/603 1934/531/603 1936/77/591
f 1939/534/603 1938/533/603 1936/77/591
f 1940/535/603 1939/534/603 1936/77/591
f 1942/536/590 1940/535/603 1941/77/590
f 1936/77/591 1941/77/590 1940/535/603
f 1942/536/590 1941/77/590 1943/77/590
f 1942/536/590 1943/77/590 1944/537/590
f 1943/77/590 1945/538/590 1944/537/590
f 1945/538/590 1943/77/590 1946/77/590
f 1947/539/590 1946/77/590 1949/540/590
f 1947/539/590 1948/541/590 1946/77/590
f 1949/540/590 1946/77/590 1950/80/590
f 1951/542/590 1949/540/590 1950/80/590
f 1954/543/590 1950/80/590 1952/544/592
f 1952/544/592 1950/80/590 1953/80/590
f 1953/80/590 1955/80/590 1956/545/590
f 1953/80/590 1956/545/590 1952/544/592
f 1957/546/590 1955/80/590 1959/547/564
f 1958/80/591 1959/547/564 1955/80/590
f 1960/548/564 1959/547/564 1958/80/591
f 1961/549/591 1960/548/564 1958/80/591
f 1961/549/591 1958/80/591 1962/550/603
f 1937/532/603 1962/550/603 1963/80/603
f 1958/80/591 1963/80/603 1962/550/603
f 1963/80/603 1935/77/603 1937/532/603
f 1965/516/593 1966/518/593 1964/120/593
f 1966/518/593 1967/519/593 1964/120/593
f 1967/519/593 1968/119/593 1964/120/593
f 1969/517/593 1964/120/593 1970/520/593
f 1970/520/593 1972/119/593 1971/524/593
f 1973/523/593 1971/524/593 1972/119/593
f 1974/522/593 1972/119/593 1976/120/593
f 1974/522/593 1975/521/767 1972/119/593
f 1977/528/593 1974/522/593 1976/120/593
f 1977/528/593 1976/120/593 1978/526/593
f 1979/527/593 1976/120/593 1980/525/593
f 1981/530/593 1968/119/593 1967/519/593
f 1981/530/593 1982/529/593 1968/119/593
f 1984/119/593 1985/525/593 1983/120/593
f 1986/527/593 1987/526/593 1983/120/593
f 1988/529/593 1985/525/593 1984/119/593
f 1990/521/593 1991/523/593 1989/119/593
f 1992/520/593 1993/120/593 1989/119/593
f 1994/517/593 1995/516/593 1993/120/593
f 1997/80/590 1998/80/590 1996/77/590
f 2000/532/609 1999/80/609 2002/550/609
f 2000/532/609 2001/77/609 1999/80/609
f 2003/80/594 2002/550/609 1999/80/609
f 2004/549/264 2002/550/609 2003/80/594
f 2004/549/264 2003/80/594 2005/548/264
f 2005/548/264 2003/80/594 2006/547/264
f 2007/80/593 2006/547/264 2003/80/594
f 2006/547/264 2007/80/593 2008/546/593
f 2008/546/593 2007/80/593 2009/545/593
f 2010/80/593 2009/545/593 2007/80/593
f 2000/532/609 2011/531/756 2001/77/609
f 2012/77/594 2001/77/609 2011/531/756
f 2013/533/593 2012/77/594 2011/531/756
f 2014/534/593 2012/77/594 2013/533/593
f 2014/534/593 2015/535/593 2012/77/594
f 2012/77/594 2015/535/593 2016/77/593
f 2015/535/593 2017/536/826 2016/77/593
f 2016/77/593 2017/536/826 2018/77/593
f 2018/77/593 2017/536/826 2019/537/593
f 2018/77/593 2019/537/593 2020/538/593
f 2020/538/593 2021/77/593 2018/77/593
f 2022/541/593 2021/77/593 2020/538/593
f 2023/540/593 2024/80/593 2021/77/593
f 2025/542/593 2026/543/593 2024/80/593
f 2026/543/593 2027/544/593 2024/80/593
f 2029/80/264 2030/77/264 2028/80/264
f 2031/77/264 2028/80/264 2030/77/264
f 2035/541/593 2033/539/593 2032/77/593
f 2033/539/593 2034/540/593 2032/77/593
f 2036/542/593 2037/80/593 2034/540/593
f 2038/544/593 2039/80/593 2037/80/593
f 2039/80/593 2038/544/593 2040/545/593
f 2042/80/593 2043/80/593 2041/77/593
f 2045/546/590 2046/545/590 2044/80/590
f 2048/541/590 2049/538/590 2047/77/590
f 2051/543/590 2052/542/590 2050/80/590
f 2054/166/827 2055/166/828 2053/166/800
f 2056/166/829 2053/166/800 2055/166/828
f 2053/166/800 2056/166/829 2057/166/800
f 2057/166/800 2058/166/800 2059/166/800
f 2058/166/800 2057/166/800 2056/166/829
f 2060/166/800 2059/166/800 2058/166/800
f 2059/166/800 2060/166/800 2061/166/830
f 2062/166/830 2061/166/830 2060/166/800
f 2061/166/830 2062/166/830 2063/166/831
f 2064/166/831 2063/166/831 2062/166/830
f 2063/166/831 2064/166/831 2065/166/832
f 2065/166/832 2066/166/832 2067/166/833
f 2066/166/832 2065/166/832 2064/166/831
f 2066/166/832 2068/166/831 2067/166/833
f 2067/166/833 2068/166/831 2069/166/771
f 2070/166/834 2067/166/833 2069/166/771
f 2070/166/834 2069/166/771 2071/166/835
f 2072/166/831 2071/166/835 2069/166/771
f 2073/166/836 2071/166/835 2072/166/831
f 2071/166/835 2073/166/836 2074/166/831
f 2075/166/832 2074/166/831 2073/166/836
f 2074/166/831 2075/166/832 2076/166/830
f 2077/166/837 2076/166/830 2075/166/832
f 2076/166/830 2077/166/837 2078/166/800
f 2079/166/800 2078/166/800 2077/166/837
f 2078/166/800 2079/166/800 2080/166/800
f 2081/166/800 2080/166/800 2079/166/800
f 2080/166/800 2081/166/800 2082/166/800
f 2083/166/800 2082/166/800 2081/166/800
f 2082/166/800 2083/166/800 2084/166/800
f 2085/166/800 2084/166/800 2083/166/800
f 2054/166/827 2084/166/800 2086/166/838
f 2084/166/800 2085/166/800 2086/166/838
f 2087/166/800 2086/166/838 2085/166/800
f 2088/166/800 2086/166/838 2087/166/800
f 2089/166/800 2086/166/838 2088/166/800
f 2089/166/800 2090/166/800 2086/166/838
f 2086/166/838 2090/166/800 2091/166/802
f 2086/166/838 2092/166/800 2055/166/828
f 2055/166/828 2054/166/827 2086/166/838
f 2094/166/800 2092/166/800 2093/166/800
f 2097/166/802 2093/166/800 2092/166/800
f 2095/166/829 2092/166/800 2094/166/800
f 2095/166/829 2096/166/800 2092/166/800
f 2096/166/800 2055/166/828 2092/166/800
f 2098/166/594 2099/166/831 2097/166/802
f 2100/166/830 2097/166/802 2099/166/831
f 2093/166/800 2097/166/802 2100/166/830
f 2101/166/833 2099/166/831 2098/166/594
f 2102/166/833 2101/166/833 2098/166/594
f 2102/166/833 2098/166/594 2068/166/831
f 2103/166/803 2104/166/803 2098/166/594
f 2098/166/594 2069/166/771 2068/166/831
f 2069/166/771 2098/166/594 2104/166/803
f 2103/166/803 2105/166/839 2104/166/803
f 2104/166/803 2105/166/839 2106/166/840
f 2106/166/840 2105/166/839 2107/166/841
f 2108/166/841 2107/166/841 2105/166/839
f 2109/166/842 2107/166/841 2108/166/841
f 2110/166/843 2107/166/841 2109/166/842
f 2110/166/843 2109/166/842 2111/166/793
f 2112/166/844 2111/166/793 2113/166/591
f 2109/166/842 2114/166/793 2111/166/793
f 2114/166/793 2113/166/591 2111/166/793
f 2113/166/591 2115/166/845 2112/166/844
f 2116/166/845 2115/166/845 2113/166/591
f 2116/166/845 2113/166/591 2117/166/846
f 2117/166/846 2113/166/591 2118/166/845
f 2119/166/792 2118/166/845 2113/166/591
f 2120/166/847 2118/166/845 2119/166/792
f 2120/166/847 2119/166/792 2121/166/791
f 2122/166/791 2121/166/791 2119/166/792
f 2124/166/791 2121/166/791 2122/166/791
f 2122/166/791 2123/166/848 2127/166/849
f 2125/166/850 2124/166/791 2122/166/791
f 2125/166/850 2122/166/791 2126/166/791
f 2126/166/791 2122/166/791 2127/166/849
f 2127/166/849 2123/166/848 2128/166/851
f 2129/166/791 2127/166/849 2128/166/851
f 2127/166/849 2129/166/791 2130/166/850
f 2131/166/791 2130/166/850 2129/166/791
f 2130/166/850 2131/166/791 2132/166/791
f 2133/166/791 2132/166/791 2131/166/791
f 2132/166/791 2133/166/791 2134/166/791
f 2135/166/847 2134/166/791 2133/166/791
f 2136/166/847 2134/166/791 2135/166/847
f 2135/166/847 2137/166/845 2136/166/847
f 2138/166/845 2136/166/847 2137/166/845
f 2137/166/845 2139/166/852 2138/166/845
f 2138/166/845 2139/166/852 2140/166/853
f 2141/166/854 2140/166/853 2139/166/852
f 2140/166/853 2141/166/854 2115/166/845
f 2141/166/854 2112/166/844 2115/166/845
f 2142/166/854 2112/166/844 2141/166/854
f 2142/166/854 2143/166/845 2112/166/844
f 2143/166/845 2144/166/845 2112/166/844
f 2144/166/845 2143/166/845 2145/166/855
f 2146/166/845 2145/166/855 2143/166/845
f 2147/166/852 2145/166/855 2146/166/845
f 2146/166/845 2148/166/847 2147/166/852
f 2149/166/856 2147/166/852 2148/166/847
f 2149/166/856 2148/166/847 2150/166/791
f 2149/166/856 2150/166/791 2151/166/791
f 2152/166/791 2151/166/791 2150/166/791
f 2151/166/791 2152/166/791 2153/166/791
f 2154/166/791 2153/166/791 2152/166/791
f 2153/166/791 2154/166/791 2155/166/791
f 2156/166/857 2155/166/791 2154/166/791
f 2156/166/857 2157/166/791 2155/166/791
f 2156/166/857 2123/166/848 2157/166/791
f 2128/166/851 2123/166/848 2156/166/857
f 2158/166/791 2157/166/791 2123/166/848
f 2159/166/791 2158/166/791 2123/166/848
f 2160/166/791 2159/166/791 2123/166/848
f 2161/166/791 2160/166/791 2123/166/848
f 2123/166/848 2162/166/792 2161/166/791
f 2163/166/858 2161/166/791 2162/166/792
f 2164/166/852 2163/166/858 2162/166/792
f 2164/166/852 2162/166/792 2165/166/859
f 2166/166/859 2165/166/859 2112/166/844
f 2112/166/844 2165/166/859 2162/166/792
f 2166/166/859 2112/166/844 2167/166/845
f 2168/166/845 2167/166/845 2112/166/844
f 2168/166/845 2112/166/844 2144/166/845
f 2091/166/802 2171/166/860 2069/166/771
f 2169/166/861 2091/166/802 2090/166/800
f 2091/166/802 2169/166/861 2170/166/832
f 2170/166/832 2171/166/860 2091/166/802
f 2172/166/860 2069/166/771 2171/166/860
f 2173/166/833 2069/166/771 2172/166/860
f 2174/166/834 2069/166/771 2173/166/833
f 2174/166/834 2072/166/831 2069/166/771
f 2176/80/590 2177/119/590 2175/120/590
f 2176/80/590 2178/77/590 2177/119/590
f 2182/77/590 2180/77/590 2179/80/592
f 2180/77/590 2181/80/590 2179/80/592
f 2179/80/592 2183/80/590 2182/77/590
f 2184/77/592 2182/77/590 2183/80/590
f 2183/80/590 2185/80/590 2184/77/592
f 2184/77/592 2185/80/590 2186/77/590
f 2187/80/590 2186/77/590 2185/80/590
f 2187/80/590 2188/77/590 2186/77/590
f 2190/551/590 2189/80/590 2192/77/590
f 2190/551/590 2191/552/603 2189/80/590
f 2190/551/590 2192/77/590 2193/553/590
f 2193/553/590 2192/77/590 2194/554/590
f 2194/554/590 2192/77/590 2195/555/590
f 2196/556/590 2194/554/590 2195/555/590
f 2200/552/603 2198/557/603 2197/80/590
f 2198/557/603 2199/558/603 2197/80/590
f 2202/559/590 2203/560/590 2201/560/590
f 2205/119/590 2206/120/590 2204/561/590
f 2207/562/590 2204/561/590 2206/120/590
f 2211/553/593 2209/554/593 2208/77/593
f 2209/554/593 2210/555/593 2208/77/593
f 2211/553/593 2208/77/593 2212/551/593
f 2213/80/593 2212/551/593 2208/77/593
f 2214/552/609 2212/551/593 2213/80/593
f 2215/557/609 2213/80/593 2216/558/609
f 2217/556/593 2210/555/593 2209/554/593
f 2219/119/593 2220/80/593 2218/120/593
f 2221/77/593 2220/80/593 2219/119/593
f 2221/77/593 2222/80/593 2220/80/593
f 2222/80/593 2223/77/593 2224/80/593
f 2223/77/593 2222/80/593 2221/77/593
f 2223/77/593 2225/77/593 2224/80/593
f 2226/80/593 2224/80/593 2225/77/593
f 2225/77/593 2227/77/595 2226/80/593
f 2227/77/595 2228/80/593 2226/80/593
f 2229/77/593 2228/80/593 2227/77/595
f 2231/119/593 2232/561/593 2230/120/593
f 2233/562/593 2230/120/593 2232/561/593
f 2235/560/593 2236/559/593 2234/560/593
f 2238/557/862 2239/552/862 2237/80/767
f 2243/473/863 2241/472/864 2240/471/865
f 2241/472/864 2242/474/866 2240/471/865
f 2242/474/866 2241/472/864 2244/300/867
f 2245/299/868 2244/300/867 2241/472/864
f 2247/37/869 2248/228/870 2246/37/871
f 2249/228/123 2246/37/871 2248/228/870
f 2249/228/123 2248/228/870 2250/37/872
f 2251/37/873 2250/37/872 2248/228/870
f 2253/106/603 2254/228/603 2252/107/660
f 2255/563/660 2252/107/660 2254/228/603
f 2255/563/660 2256/564/874 2252/107/660
f 2252/107/660 2256/564/874 2257/565/874
f 2256/564/874 2258/566/667 2257/565/874
f 2257/565/874 2258/566/667 2259/567/666
f 2260/110/659 2254/228/603 2253/106/603
f 2261/568/875 2254/228/603 2260/110/659
f 2261/568/875 2260/110/659 2262/113/876
f 2263/112/877 2264/114/878 2262/113/876
f 2263/112/877 2262/113/876 2260/110/659
f 2262/113/876 2264/114/878 2265/115/879
f 2267/567/880 2268/566/881 2266/565/882
f 2269/564/882 2266/565/882 2268/566/881
f 2266/565/882 2269/564/882 2270/107/883
f 2271/563/884 2270/107/883 2269/564/882
f 2271/563/884 2272/228/609 2270/107/883
f 2273/106/609 2270/107/883 2272/228/609
f 2273/106/609 2272/228/609 2274/110/885
f 2275/568/885 2274/110/885 2272/228/609
f 2275/568/885 2276/113/886 2274/110/885
f 2277/112/886 2274/110/885 2276/113/886
f 2278/114/887 2277/112/886 2276/113/886
f 2276/113/886 2279/115/888 2278/114/887
f 2284/569/889 2281/570/889 2280/571/889
f 2281/570/889 2282/572/889 2280/571/889
f 2283/573/889 2280/571/889 2282/572/889
f 2286/574/889 2287/575/889 2285/576/889
f 2288/577/890 2285/576/889 2287/575/889
f 2286/574/889 2289/578/889 2287/575/889
f 2291/577/890 2292/575/889 2290/576/889
f 2293/574/889 2290/576/889 2292/575/889
f 2293/574/889 2292/575/889 2294/578/889
f 2296/569/889 2297/571/889 2295/570/889
f 2295/570/889 2297/571/889 2298/572/890
f 2299/573/889 2298/572/890 2297/571/889
f 2301/166/891 2302/166/892 2300/166/891
f 2303/166/893 2300/166/891 2302/166/892
f 2302/166/892 2304/166/894 2303/166/893
f 2305/166/895 2303/166/893 2304/166/894
f 2304/166/894 2306/166/896 2305/166/895
f 2306/166/896 2304/166/894 2307/166/896
f 2307/166/896 2308/166/897 2306/166/896
f 2308/166/897 2307/166/896 2309/166/898
f 2311/166/899 2312/166/900 2310/166/901
f 2313/166/901 2310/166/901 2312/166/900
f 2312/166/900 2311/166/899 2314/166/902
f 2315/166/903 2314/166/902 2311/166/899
f 2315/166/903 2316/166/904 2314/166/902
f 2317/166/904 2314/166/902 2316/166/904
f 2316/166/904 2318/166/905 2317/166/904
f 2319/166/905 2317/166/904 2318/166/905
f 2324/166/906 2321/166/907 2320/166/908
f 2321/166/907 2322/166/909 2320/166/908
f 2323/166/910 2320/166/908 2322/166/909
f 2325/166/911 2321/166/907 2324/166/906
f 2326/166/912 2325/166/911 2324/166/906
f 2324/166/906 2327/166/913 2326/166/912
f 2326/166/912 2327/166/913 2328/166/914
f 2329/166/915 2328/166/914 2327/166/913
f 2328/166/914 2329/166/915 2330/166/916
f 2331/166/917 2330/166/916 2329/166/915
f 2332/166/918 2333/166/919 2330/166/916
f 2328/166/914 2330/166/916 2333/166/919
f 2333/166/919 2334/166/920 2328/166/914
f 2333/166/919 2335/166/921 2334/166/920
f 2335/166/921 2333/166/919 2336/166/922
f 2332/166/918 2336/166/922 2333/166/919
f 2337/166/923 2334/166/920 2335/166/921
f 2338/166/924 2334/166/920 2337/166/923
f 2337/166/923 2339/166/925 2338/166/924
f 2339/166/925 2340/166/926 2338/166/924
f 2340/166/926 2341/166/927 2342/166/928
f 2338/166/924 2340/166/926 2342/166/928
f 2322/166/909 2321/166/907 2342/166/928
f 2342/166/928 2343/166/929 2322/166/909
f 2343/166/929 2342/166/928 2341/166/927
f 2342/166/928 2321/166/907 2338/166/924
f 2344/166/930 2322/166/909 2343/166/929
f 2343/166/929 2345/166/931 2344/166/930
f 2345/166/931 2343/166/929 2346/166/927
f 2341/166/927 2346/166/927 2343/166/929
f 2322/166/909 2344/166/930 2323/166/910
f 2347/166/932 2323/166/910 2344/166/930
f 2325/166/911 2338/166/924 2321/166/907
f 2325/166/911 2326/166/912 2338/166/924
f 2334/166/920 2338/166/924 2326/166/912
f 2326/166/912 2328/166/914 2334/166/920
f 2349/166/933 2350/166/933 2348/166/933
f 2353/166/933 2348/166/933 2350/166/933
f 2351/166/934 2348/166/933 2352/166/935
f 2353/166/933 2352/166/935 2348/166/933
f 2352/166/935 2353/166/933 2354/166/936
f 2355/166/933 2354/166/936 2353/166/933
f 2355/166/933 2353/166/933 2356/166/933
f 2350/166/933 2356/166/933 2353/166/933
f 2356/166/933 2350/166/933 2357/166/933
f 2358/166/933 2356/166/933 2357/166/933
f 2358/166/933 2357/166/933 2359/166/937
f 2360/166/933 2359/166/937 2357/166/933
f 2361/166/933 2360/166/933 2362/166/937
f 2357/166/933 2362/166/937 2360/166/933
f 2357/166/933 2350/166/933 2362/166/937
f 2350/166/933 2349/166/933 2362/166/937
f 2364/166/938 2365/166/939 2363/166/938
f 2366/166/940 2363/166/938 2365/166/939
f 2368/166/941 2369/166/942 2367/166/942
f 2370/166/942 2367/166/942 2369/166/942
f 2372/579/943 2373/249/944 2371/580/945
f 2374/581/946 2371/580/945 2373/249/944
f 2376/582/947 2377/583/948 2375/413/949
f 2378/584/950 2375/413/949 2377/583/948
f 2379/166/951 2383/166/582 2380/166/952
f 2380/166/952 2381/166/953 2379/166/951
f 2382/166/953 2379/166/951 2381/166/953
f 2384/166/582 2380/166/952 2383/166/582
f 2384/166/582 2383/166/582 2385/166/954
f 2386/166/955 2385/166/954 2383/166/582
f 2385/166/954 2386/166/955 2387/166/956
f 2388/166/957 2387/166/956 2386/166/955
f 2390/585/958 2391/338/959 2389/340/959
f 2391/338/959 2390/585/958 2392/586/959
f 2390/585/958 2393/587/960 2392/586/959
f 2395/585/958 2396/586/959 2394/587/961
f 2397/338/961 2396/586/959 2395/585/958
f 2398/340/959 2397/338/961 2395/585/958
f 2400/257/959 2401/341/962 2399/588/959
f 2402/342/961 2399/588/959 2401/341/962
f 2404/257/959 2405/588/963 2403/341/960
f 2406/342/964 2403/341/960 2405/588/963
f 2407/166/965 2411/166/966 2408/166/967
f 2408/166/967 2409/166/968 2407/166/965
f 2410/166/969 2407/166/965 2409/166/968
f 2412/166/970 2408/166/967 2411/166/966
f 2411/166/966 2413/166/970 2412/166/970
f 2414/166/970 2412/166/970 2413/166/970
f 2409/166/968 2415/166/971 2410/166/969
f 2416/166/972 2410/166/969 2415/166/971
f 2418/166/973 2419/166/974 2417/166/975
f 2420/166/976 2417/166/975 2419/166/974
f 2417/166/975 2420/166/976 2421/166/977
f 2422/166/978 2421/166/977 2420/166/976
f 2421/166/977 2422/166/978 2423/166/979
f 2424/166/979 2423/166/979 2422/166/978
f 2423/166/979 2424/166/979 2425/166/980
f 2426/166/979 2425/166/980 2424/166/979
f 2428/114/981 2429/390/982 2427/388/983
f 2430/389/984 2427/388/983 2429/390/982
f 2431/387/985 2427/388/983 2430/389/984
f 2432/25/885 2427/388/983 2431/387/985
f 2431/387/985 2433/386/985 2432/25/885
f 2432/25/885 2433/386/985 2434/385/885
f 2435/384/986 2432/25/885 2434/385/885
f 2436/383/986 2432/25/885 2435/384/986
f 2436/383/986 2437/376/987 2432/25/885
f 2438/375/593 2432/25/885 2437/376/987
f 2440/373/988 2438/375/593 2439/374/988
f 2439/374/988 2438/375/593 2437/376/987
f 2438/375/593 2440/373/988 2441/185/989
f 2442/377/988 2443/378/990 2441/185/989
f 2442/377/988 2441/185/989 2440/373/988
f 2443/378/990 2444/379/991 2441/185/989
f 2445/186/992 2441/185/989 2444/379/991
f 2444/379/991 2446/380/993 2445/186/992
f 2446/380/993 2447/381/994 2445/186/992
f 2448/187/995 2445/186/992 2447/381/994
f 2449/382/996 2448/187/995 2447/381/994
f 2450/398/997 2435/384/986 2434/385/885
f 2434/385/885 2451/258/998 2450/398/997
f 2452/399/988 2450/398/997 2451/258/998
f 2452/399/988 2451/258/998 2453/400/988
f 2454/401/999 2453/400/988 2451/258/998
f 2455/403/988 2453/400/988 2454/401/999
f 2455/403/988 2454/401/999 2456/402/990
f 2456/402/990 2457/404/991 2458/409/1000
f 2457/404/991 2456/402/990 2454/401/999
f 2459/410/1001 2458/409/1000 2457/404/991
f 2460/405/1002 2461/406/1003 2457/404/991
f 2460/405/1002 2457/404/991 2454/401/999
f 2461/406/1003 2460/405/1002 2462/407/996
f 2463/408/995 2462/407/996 2460/405/1002
f 2466/391/985 2434/385/885 2433/386/985
f 2434/385/885 2466/391/985 2464/396/1004
f 2464/396/1004 2465/397/1005 2434/385/885
f 2466/391/985 2433/386/985 2467/392/1006
f 2469/394/1007 2467/392/1006 2468/393/1008
f 2468/393/1008 2467/392/1006 2433/386/985
f 2468/393/1008 2470/395/678 2469/394/1007
f 2472/166/770 2473/166/770 2471/166/594
f 2474/166/594 2471/166/594 2473/166/770
f 2475/166/264 2471/166/594 2474/166/594
f 2476/166/264 2471/166/594 2475/166/264
f 2477/166/757 2471/166/594 2476/166/264
f 2471/166/594 2477/166/757 2478/166/264
f 2478/166/264 2477/166/757 2479/166/264
f 2475/166/264 2474/166/594 2480/166/264
f 2480/166/264 2474/166/594 2481/166/264
f 2482/166/264 2481/166/264 2474/166/594
f 2486/166/591 2484/166/564 2483/166/564
f 2484/166/564 2485/166/564 2483/166/564
f 2487/166/564 2486/166/591 2483/166/564
f 2487/166/564 2488/166/564 2486/166/591
f 2488/166/564 2489/166/591 2486/166/591
f 2490/166/564 2489/166/591 2488/166/564
f 2490/166/564 2491/166/564 2489/166/591
f 2491/166/564 2492/166/564 2489/166/591
f 2489/166/591 2493/166/772 2486/166/591
f 2494/166/772 2486/166/591 2493/166/772
f 2496/589/1009 2497/590/1010 2495/591/1011
f 2496/589/1009 2498/592/1012 2497/590/1010
f 2499/593/1013 2497/590/1010 2498/592/1012
f 2499/593/1013 2498/592/1012 2500/594/1014
f 2501/595/1015 2500/594/1014 2498/592/1012
f 2500/594/1014 2501/595/1015 2502/596/1016
f 2504/81/1017 2502/596/1016 2503/83/1017
f 2501/595/1015 2503/83/1017 2502/596/1016
f 2506/593/1013 2507/592/1012 2505/590/1010
f 2508/589/1018 2505/590/1010 2507/592/1012
f 2509/591/1011 2505/590/1010 2508/589/1018
f 2506/593/1013 2510/594/1014 2507/592/1012
f 2511/595/1015 2507/592/1012 2510/594/1014
f 2511/595/1015 2512/596/1016 2513/83/1017
f 2510/594/1014 2512/596/1016 2511/595/1015
f 2514/81/1017 2513/83/1017 2512/596/1016
f 2518/179/1019 2516/178/1020 2515/179/1021
f 2516/178/1020 2517/178/1022 2515/179/1021
f 2515/179/1021 2519/178/1023 2518/179/1019
f 2519/178/1023 2515/179/1021 2520/178/1024
f 2522/19/841 2523/19/841 2521/172/1025
f 2524/172/841 2523/19/841 2525/172/841
f 2527/172/1025 2528/172/1025 2526/19/841
f 2526/19/841 2530/19/841 2529/172/841
f 2531/19/841 2534/172/841 2532/19/841
f 2532/19/841 2533/172/1025 2531/19/841
f 2532/19/841 2535/172/1025 2533/172/1025
f 2537/19/841 2538/172/1025 2536/19/841
f 2539/172/841 2540/172/841 2536/19/841
f 2542/172/1025 2543/19/841 2541/172/1025
f 2544/19/841 2543/19/841 2545/172/841
f 2547/172/841 2548/19/841 2546/172/841
f 2550/172/841 2551/172/841 2549/19/841
f 2552/19/841 2549/19/841 2551/172/841
f 2552/19/841 2553/172/1025 2549/19/841
f 2554/172/1025 2549/19/841 2553/172/1025
f 2556/172/582 2557/172/582 2555/19/582
f 2558/19/582 2555/19/582 2557/172/582
f 2558/19/582 2559/172/8 2555/19/582
f 2560/172/8 2555/19/582 2559/172/8
f 2562/19/841 2563/19/841 2561/172/1025
f 2563/19/841 2562/19/841 2564/172/841
f 2565/172/841 2564/172/841 2562/19/841
f 2567/172/1025 2568/19/841 2566/172/1025
f 2574/232/1026 2570/597/1027 2569/598/1028
f 2570/597/1027 2571/599/1029 2569/598/1028
f 2572/600/1030 2569/598/1028 2571/599/1029
f 2569/598/1028 2572/600/1030 2573/601/1031
f 2569/598/1028 2573/601/1031 2575/602/1031
f 2575/602/1031 2576/603/1032 2569/598/1028
f 2576/603/1032 2577/604/1031 2569/598/1028
f 2569/598/1033 2579/277/1034 2578/279/1035
f 2579/277/1034 2569/598/1033 2580/604/1036
f 2582/21/1031 2577/604/1031 2581/605/1037
f 2576/603/1032 2581/605/1037 2577/604/1031
f 2575/602/1031 2583/606/1031 2576/603/1032
f 2584/231/1038 2570/597/1027 2574/232/1026
f 2588/601/1039 2586/600/1040 2585/598/1041
f 2586/600/1040 2587/599/1042 2585/598/1041
f 2589/597/1043 2585/598/1041 2587/599/1042
f 2591/602/1039 2588/601/1039 2585/598/1041
f 2590/232/1044 2585/598/1041 2589/597/1043
f 2591/602/1039 2585/598/1041 2592/603/1045
f 2592/603/1045 2585/598/1041 2593/604/1039
f 2594/279/1046 2595/277/1047 2585/598/1048
f 2596/604/1049 2585/598/1048 2595/277/1047
f 2598/21/1039 2597/605/1050 2593/604/1039
f 2592/603/1045 2593/604/1039 2597/605/1050
f 2599/606/1039 2591/602/1039 2592/603/1045
f 2589/597/1043 2600/231/1051 2590/232/1044
f 2602/119/1052 2603/120/96 2601/119/96
f 2604/120/96 2603/120/96 2602/119/1052
f 2606/119/96 2607/120/96 2605/119/96
f 2608/120/96 2605/119/96 2607/120/96
f 2610/607/1053 2611/608/1054 2609/609/1055
f 2612/579/1056 2609/609/1055 2611/608/1054
f 2614/610/1057 2615/582/1058 2613/611/1059
f 2616/612/1060 2613/611/1059 2615/582/1058
f 2618/610/1061 2619/611/1062 2617/582/1063
f 2620/612/1063 2617/582/1063 2619/611/1062
f 2625/362/620 2622/360/1064 2621/359/618
f 2622/360/1064 2623/361/1065 2621/359/618
f 2623/361/1065 2624/358/617 2621/359/618
f 2626/357/617 2621/359/618 2624/358/617
f 2627/356/1066 2626/357/617 2624/358/617
f 2626/357/617 2627/356/1066 2628/355/1067
f 2629/356/1068 2630/355/1069 2628/355/1067
f 2628/355/1067 2627/356/1066 2629/356/1068
f 2630/355/1069 2631/613/1070 2632/614/1070
f 2631/613/1070 2630/355/1069 2629/356/1068
f 2633/615/1071 2632/614/1070 2631/613/1070
f 2634/616/1072 2633/615/1071 2631/613/1070
f 2633/615/1071 2634/616/1072 2635/617/1073
f 2634/616/1072 2636/618/1074 2635/617/1073
f 2637/619/1075 2635/617/1073 2636/618/1074
f 2636/618/1074 2638/620/1076 2637/619/1075
f 2639/621/1076 2637/619/1075 2638/620/1076
f 2639/621/1076 2638/620/1076 2640/622/1077
f 2641/623/1077 2640/622/1077 2638/620/1076
f 2640/622/1077 2641/623/1077 2642/624/1078
f 2641/623/1077 2643/625/1079 2642/624/1078
f 2642/624/1078 2643/625/1079 2644/624/1080
f 2644/624/1080 2643/625/1079 2645/625/1081
f 2646/624/1080 2645/625/1081 2643/625/1079
f 2643/625/1079 2647/624/1082 2646/624/1080
f 2649/355/1083 2629/356/1068 2648/355/1084
f 2648/355/1084 2629/356/1068 2627/356/1066
f 2622/360/1064 2625/362/620 2650/363/621
f 2651/364/621 2650/363/621 2625/362/620
f 2652/365/622 2650/363/621 2651/364/621
f 2653/366/622 2652/365/622 2651/364/621
f 2654/367/623 2652/365/622 2653/366/622
f 2655/368/623 2654/367/623 2653/366/622
f 2657/248/1085 2656/626/1086 2659/475/1087
f 2657/248/1085 2658/250/1088 2656/626/1086
f 2660/627/1089 2659/475/1087 2656/626/1086
f 2662/250/1088 2663/248/1090 2661/626/1086
f 2663/248/1090 2664/475/1091 2661/626/1086
f 2665/627/1092 2661/626/1086 2664/475/1091
f 2667/166/1093 2668/166/1094 2666/166/1095
f 2669/166/1096 2666/166/1095 2668/166/1094
f 2666/166/1095 2669/166/1096 2670/166/1097
f 2671/166/1098 2670/166/1097 2669/166/1096
f 2670/166/1097 2671/166/1098 2672/166/1099
f 2672/166/1099 2673/166/1100 2674/166/1101
f 2673/166/1100 2672/166/1099 2671/166/1098
f 2672/166/1099 2674/166/1101 2675/166/598
f 2674/166/1101 2676/166/1102 2675/166/598
f 2677/166/1103 2675/166/598 2676/166/1102
f 2679/166/1104 2677/166/1103 2678/166/1105
f 2676/166/1102 2678/166/1105 2677/166/1103
f 2678/166/1105 2680/166/1106 2679/166/1104
f 2681/166/1107 2679/166/1104 2680/166/1106
f 2681/166/1107 2680/166/1106 2682/166/1108
f 2682/166/1108 2683/166/1109 2684/166/1110
f 2683/166/1109 2682/166/1108 2680/166/1106
f 2685/166/1111 2684/166/1110 2683/166/1109
f 2684/166/1110 2685/166/1111 2686/166/1110
f 2685/166/1111 2683/166/1109 2687/166/1112
f 2687/166/1112 2683/166/1109 2688/166/1113
f 2683/166/1109 2689/166/1114 2688/166/1113
f 2690/166/1114 2688/166/1113 2689/166/1114
f 2691/166/1115 2689/166/1114 2683/166/1109
f 2683/166/1109 2680/166/1106 2691/166/1115
f 2692/166/1107 2691/166/1115 2680/166/1106
f 2693/166/1105 2692/166/1107 2680/166/1106
f 2678/166/1105 2693/166/1105 2680/166/1106
f 2694/166/1103 2693/166/1105 2678/166/1105
f 2695/166/598 2694/166/1103 2676/166/1102
f 2676/166/1102 2694/166/1103 2678/166/1105
f 2674/166/1101 2696/166/1099 2695/166/598
f 2674/166/1101 2695/166/598 2676/166/1102
f 2673/166/1100 2696/166/1099 2674/166/1101
f 2673/166/1100 2671/166/1098 2696/166/1099
f 2697/166/1097 2696/166/1099 2671/166/1098
f 2671/166/1098 2669/166/1096 2697/166/1097
f 2698/166/1095 2697/166/1097 2669/166/1096
f 2669/166/1096 2668/166/1094 2698/166/1095
f 2699/166/1093 2698/166/1095 2668/166/1094
f 2700/166/1116 2699/166/1093 2701/166/1117
f 2668/166/1094 2701/166/1117 2699/166/1093
f 2668/166/1094 2667/166/1093 2701/166/1117
f 2702/166/1116 2701/166/1117 2667/166/1093
f 2701/166/1117 2702/166/1116 2703/166/1118
f 2701/166/1117 2703/166/1118 2700/166/1116
f 2704/166/1119 2703/166/1118 2702/166/1116
f 2705/166/1120 2700/166/1116 2703/166/1118
f 2704/166/1119 2706/166/1121 2703/166/1118
f 2703/166/1118 2708/166/1122 2705/166/1120
f 2707/166/1123 2703/166/1118 2706/166/1121
f 2707/166/1123 2708/166/1122 2703/166/1118
f 2709/166/1124 2705/166/1120 2708/166/1122
f 2710/166/1125 2706/166/1121 2704/166/1119
f 2712/628/1126 2713/609/1126 2711/629/1127
f 2714/610/1128 2711/629/1127 2713/609/1126
f 2715/629/1129 2718/610/1130 2716/609/1131
f 2716/609/1131 2717/628/1132 2715/629/1129
f 2720/630/1133 2721/631/1134 2719/630/1135
f 2720/630/1136 2723/631/1137 2722/632/1138
f 2724/633/1139 2722/632/1138 2723/631/1137
f 2722/632/1138 2724/633/1139 2725/634/1140
f 2726/635/1141 2725/634/1140 2724/633/1139
f 2728/636/1142 2727/637/1143 2726/635/1141
f 2725/634/1140 2726/635/1141 2727/637/1143
f 2728/636/1142 2729/102/1144 2727/637/1143
f 2730/103/1144 2729/102/1144 2728/636/1142
f 2731/315/539 2735/313/1145 2732/314/538
f 2732/314/538 2733/317/540 2731/315/539
f 2734/316/540 2731/315/539 2733/317/540
f 2735/313/1145 2737/310/535 2736/311/536
f 2736/311/536 2732/314/538 2735/313/1145
f 2738/309/537 2736/311/536 2737/310/535
f 2739/312/537 2738/309/537 2737/310/535
f 2739/312/537 2740/307/532 2738/309/537
f 2741/308/1146 2738/309/537 2740/307/532
f 2742/306/1147 2741/308/1146 2740/307/532
f 2744/304/528 2743/305/1148 2742/306/1147
f 2743/305/1148 2741/308/1146 2742/306/1147
f 2745/303/1149 2743/305/1148 2744/304/528
f 2746/301/1149 2745/303/1149 2744/304/528
f 2747/301/527 2745/303/524 2748/302/527
f 2752/638/1150 2750/639/1150 2749/185/1151
f 2750/639/1150 2751/401/1151 2749/185/1151
f 2751/401/1151 2753/405/820 2749/185/1151
f 2754/186/820 2749/185/1151 2753/405/820
f 2753/405/820 2755/640/353 2754/186/820
f 2756/641/355 2754/186/820 2755/640/353
f 2758/401/1151 2757/185/1151 2761/405/820
f 2758/401/1151 2759/639/1150 2757/185/1151
f 2760/638/1150 2757/185/1151 2759/639/1150
f 2762/186/820 2761/405/820 2757/185/1151
f 2761/405/820 2762/186/820 2763/640/355
f 2764/641/355 2763/640/355 2762/186/820
f 2766/417/1152 2767/415/1152 2765/642/1153
f 2768/643/1152 2765/642/1153 2767/415/1152
f 2770/643/1152 2771/415/1152 2769/642/1154
f 2772/417/1154 2769/642/1154 2771/415/1152
f 2774/119/1155 2775/119/1156 2773/120/1155
f 2776/120/1155 2773/120/1155 2775/119/1156
f 2775/119/1156 2777/644/1157 2776/120/1155
f 2778/645/1158 2776/120/1155 2777/644/1157
f 2780/645/1159 2781/644/1157 2779/120/1155
f 2782/119/1160 2779/120/1155 2781/644/1157
f 2784/119/1155 2785/120/1155 2783/119/1160
f 2786/120/1155 2783/119/1160 2785/120/1155
f 2788/646/1161 2789/188/1162 2787/647/1163
f 2790/189/1162 2787/647/1163 2789/188/1162
f 2788/646/1161 2791/648/1164 2789/188/1162
f 2793/646/1165 2794/188/1166 2792/648/1165
f 2793/646/1165 2795/647/1162 2794/188/1166
f 2796/189/1162 2794/188/1166 2795/647/1162
f 2798/79/1167 2799/37/1168 2797/77/1168
f 2800/37/1169 2797/77/1168 2799/37/1168
f 2797/77/1168 2800/37/1169 2801/77/1168
f 2802/38/1168 2799/37/1168 2798/79/1167
f 2804/77/1170 2805/37/1170 2803/77/1171
f 2806/37/1171 2805/37/1170 2804/77/1170
f 2808/38/1171 2809/77/1167 2807/37/1168
f 2809/77/1167 2808/38/1171 2810/79/1171
f 2811/166/1172 2814/166/1172 2812/166/1172
f 2812/166/1172 2813/166/1172 2811/166/1172
f 2814/166/1172 2815/166/1172 2812/166/1172
f 2813/166/1172 2812/166/1172 2816/166/1173
f 2818/649/318 2819/564/821 2817/565/1174
f 2819/564/821 2820/650/432 2817/565/1174
f 2821/651/1175 2817/565/1174 2820/650/432
f 2821/651/1175 2822/107/1176 2817/565/1174
f 2819/564/821 2818/649/318 2823/652/318
f 2827/565/1177 2825/564/821 2824/649/318
f 2825/564/821 2826/652/318 2824/649/318
f 2828/650/432 2825/564/821 2827/565/1177
f 2829/651/1178 2828/650/432 2827/565/1177
f 2829/651/1178 2827/565/1177 2830/107/1179
f 2832/586/1180 2833/653/1181 2831/654/1180
f 2834/655/1182 2831/654/1180 2833/653/1181
f 2833/653/1181 2832/586/1180 2835/587/1183
f 2836/653/1181 2840/587/1184 2837/586/1182
f 2837/586/1182 2838/654/1182 2836/653/1181
f 2839/655/1182 2836/653/1181 2838/654/1182
f 2844/656/1185 2842/657/1182 2841/588/1186
f 2842/657/1182 2843/257/1182 2841/588/1186
f 2845/160/1182 2843/257/1182 2842/657/1182
f 2849/160/1182 2847/657/1182 2846/257/1182
f 2847/657/1182 2848/588/1187 2846/257/1182
f 2850/656/1188 2848/588/1187 2847/657/1182
f 2852/201/1189 2853/208/1190 2851/202/1157
f 2854/206/1191 2851/202/1157 2853/208/1190
f 2856/202/1157 2857/208/1191 2855/201/1160
f 2858/206/1192 2857/208/1191 2856/202/1157
f 2860/103/1193 2861/102/1193 2859/103/1194
f 2862/102/1194 2859/103/1194 2861/102/1193
f 2863/103/1195 2859/103/1194 2862/102/1194
f 2864/102/1196 2863/103/1195 2862/102/1194
f 2865/103/1197 2863/103/1195 2864/102/1196
f 2866/102/1198 2865/103/1197 2864/102/1196
f 2867/103/1199 2865/103/1197 2866/102/1198
f 2868/102/1199 2867/103/1199 2866/102/1198
f 2868/102/1199 2869/217/1200 2867/103/1199
f 2870/77/1201 2867/103/1199 2869/217/1200
f 2870/77/1201 2869/217/1200 2871/658/1202
f 2871/658/1202 2872/425/1203 2870/77/1201
f 2874/77/1204 2869/217/1200 2873/103/1199
f 2869/217/1200 2868/102/1199 2873/103/1199
f 2866/102/1198 2873/103/1199 2868/102/1199
f 2873/103/1199 2866/102/1198 2875/103/1197
f 2875/103/1197 2864/102/1196 2876/103/1195
f 2864/102/1196 2875/103/1197 2866/102/1198
f 2862/102/1194 2876/103/1195 2864/102/1196
f 2876/103/1195 2862/102/1194 2877/103/1194
f 2861/102/1193 2877/103/1194 2862/102/1194
f 2877/103/1194 2861/102/1193 2878/103/1205
f 2860/103/1193 2879/636/1206 2861/102/1193
f 2880/637/1207 2861/102/1193 2879/636/1206
f 2879/636/1206 2881/635/1208 2880/637/1207
f 2882/634/1209 2880/637/1207 2881/635/1208
f 2881/635/1208 2883/633/1210 2882/634/1209
f 2884/632/1211 2882/634/1209 2883/633/1210
f 2883/633/1210 2885/631/1212 2884/632/1211
f 2886/630/1213 2884/632/1211 2885/631/1212
f 2887/630/1214 2888/631/1215 2886/630/1215
f 2888/631/1215 2887/630/1214 2889/631/1216
f 2890/630/1217 2889/631/1216 2887/630/1214
f 2889/631/1216 2890/630/1217 2891/631/1218
f 2890/630/1217 2892/630/1219 2891/631/1218
f 2893/631/1220 2891/631/1218 2892/630/1219
f 2890/630/1217 2894/631/1221 2892/630/1219
f 2895/631/1222 2894/631/1221 2890/630/1217
f 2887/630/1214 2895/631/1222 2890/630/1217
f 2885/631/1133 2895/631/1222 2887/630/1214
f 2897/326/551 2898/325/1223 2896/324/548
f 2899/322/1224 2896/324/548 2898/325/1223
f 2896/324/548 2899/322/1224 2900/323/547
f 2901/321/545 2900/323/547 2899/322/1224
f 2903/318/543 2901/321/545 2902/320/545
f 2902/320/545 2901/321/545 2899/322/1224
f 2904/319/544 2903/318/543 2902/320/545
f 2905/302/1225 2903/318/543 2904/319/544
f 2906/303/1225 2905/302/1225 2904/319/544
f 2898/325/1223 2897/326/551 2907/327/1226
f 2908/328/1227 2907/327/1226 2897/326/551
f 2907/327/1226 2908/328/1227 2909/329/1227
f 2911/631/1228 2912/630/1229 2910/631/1230
f 2914/577/1231 2915/659/1232 2913/575/1233
f 2916/660/1234 2913/575/1233 2915/659/1232
f 2916/660/1234 2917/575/1235 2913/575/1233
f 2915/659/1232 2914/577/1231 2918/575/1231
f 2919/660/1236 2915/659/1232 2918/575/1231
f 2919/660/1236 2918/575/1231 2920/575/1237
f 2921/179/1238 2924/178/1239 2922/179/1240
f 2922/179/1240 2923/178/1241 2921/179/1238
f 2924/178/1239 2925/178/1239 2922/179/1240
f 2923/178/1241 2922/179/1240 2926/178/1241
f 2928/106/1242 2929/106/1242 2927/106/1243
f 2930/106/1243 2927/106/1243 2929/106/1242
f 2932/106/1243 2933/106/1242 2931/106/1243
f 2934/106/1242 2931/106/1243 2933/106/1242
f 2936/106/1242 2937/106/1242 2935/106/1243
f 2938/106/1243 2935/106/1243 2937/106/1242
f 2940/106/1243 2941/106/1242 2939/106/1243
f 2942/106/1242 2939/106/1243 2941/106/1242
f 2944/19/1244 2945/172/1245 2943/172/1244
f 2946/19/1245 2945/172/1245 2944/19/1244
f 2948/421/1246 2949/661/1247 2947/420/1248
f 2950/662/1248 2947/420/1248 2949/661/1247
f 2952/662/1248 2953/661/1248 2951/420/1248
f 2954/421/1247 2951/420/1248 2953/661/1248
f 2956/663/1249 2957/664/125 2955/251/1250
f 2958/250/1251 2955/251/1250 2957/664/125
f 2957/664/125 2959/626/125 2958/250/1251
f 2961/663/1252 2962/251/1252 2960/664/125
f 2963/250/1251 2960/664/125 2962/251/1252
f 2960/664/125 2963/250/1251 2964/626/125
f 2966/665/1253 2967/234/407 2965/666/409
f 2967/234/407 2968/667/125 2965/666/409
f 2968/667/125 2969/237/1254 2965/666/409
f 2970/668/411 2965/666/409 2969/237/1254
f 2969/237/1254 2971/95/1255 2970/668/411
f 2972/669/1256 2970/668/411 2971/95/1255
f 2967/234/407 2966/665/1253 2973/233/1257
f 2975/237/1254 2976/668/411 2974/95/1255
f 2977/669/1256 2974/95/1255 2976/668/411
f 2976/668/411 2975/237/1254 2978/666/409
f 2979/667/125 2978/666/409 2975/237/1254
f 2980/234/407 2978/666/409 2979/667/125
f 2978/666/409 2980/234/407 2981/665/1253
f 2980/234/407 2982/233/1257 2981/665/1253
f 2986/208/1258 2984/206/1258 2983/208/1259
f 2984/206/1258 2985/206/1259 2983/208/1259
f 2987/208/1260 2986/208/1258 2983/208/1259
f 2983/208/1259 2988/208/1259 2987/208/1260
f 2985/206/1259 2984/206/1258 2989/208/1258
f 2990/208/1258 2989/208/1258 2984/206/1258
f 2990/208/1258 2991/208/1261 2989/208/1258
f 2992/208/1258 2989/208/1258 2991/208/1261
f 2994/37/1262 2995/37/1263 2993/228/1264
f 2996/228/1265 2993/228/1264 2995/37/1263
f 2996/228/1265 2997/37/1266 2993/228/1264
f 2997/37/1266 2998/37/1265 2993/228/1264
f 3000/208/1267 3001/208/1268 2999/208/1267
f 3001/208/1268 3002/206/1267 2999/208/1267
f 3001/208/1268 3003/206/1269 3002/206/1267
f 3003/206/1269 3004/208/1268 3002/206/1267
f 3002/206/1267 3004/208/1268 3005/208/1270
f 3005/208/1270 3004/208/1268 3006/208/1267
f 3007/208/1269 3006/208/1267 3004/208/1268
f 3007/208/1269 3004/208/1268 3008/208/1271
f 3008/208/1271 3009/208/1272 3007/208/1269
f 3010/208/1273 3004/208/1268 3003/206/1269
f 3011/206/1274 3010/208/1273 3003/206/1269
f 3003/206/1269 3012/208/1275 3011/206/1274
f 3012/208/1275 3003/206/1269 3001/208/1268
f 3012/208/1275 3001/208/1268 3013/208/1276
f 3015/208/1277 3013/208/1276 3014/208/1278
f 3014/208/1279 3001/208/1268 3000/208/1267
f 3017/182/1280 3018/610/1281 3016/191/1282
f 3019/609/1283 3016/191/1282 3018/610/1281
f 3016/191/1284 3020/579/1285 3022/246/1286
f 3020/579/1285 3016/191/1284 3021/609/1287
f 3022/246/1288 3023/249/1289 3025/248/1290
f 3023/249/1289 3022/246/1288 3024/579/1291
f 3026/214/1292 3027/610/1293 3017/182/1294
f 3027/610/1293 3026/214/1292 3028/582/1295
f 3029/341/1296 3030/582/1297 3026/214/1298
f 3030/582/1297 3029/341/1296 3031/413/1296
f 3032/257/1299 3033/413/1300 3029/341/1300
f 3033/413/1300 3032/257/1299 3034/244/1299
f 3038/341/1300 3036/413/1301 3035/257/1299
f 3036/413/1301 3037/244/1302 3035/257/1299
f 3041/214/1298 3039/582/1298 3038/341/1296
f 3039/582/1298 3040/413/1303 3038/341/1296
f 3044/182/1294 3042/610/1294 3041/214/1292
f 3042/610/1294 3043/582/1292 3041/214/1292
f 3047/191/1282 3045/609/1282 3044/182/1280
f 3045/609/1282 3046/610/1280 3044/182/1280
f 3050/246/1286 3048/579/1286 3047/191/1284
f 3048/579/1286 3049/609/1284 3047/191/1284
f 3051/248/1290 3052/249/1290 3050/246/1288
f 3052/249/1290 3053/579/1288 3050/246/1288
f 3055/87/107 3056/86/106 3054/88/1304
f 3057/670/355 3054/88/1304 3056/86/106
f 3058/671/110 3054/88/1304 3057/670/355
f 3054/88/1304 3058/671/110 3059/92/112
f 3059/92/112 3060/672/111 3061/93/1305
f 3060/672/111 3059/92/112 3058/671/110
f 3062/673/1306 3061/93/1305 3060/672/111
f 3061/93/1305 3062/673/1306 3063/95/1307
f 3064/239/1308 3063/95/1307 3062/673/1306
f 3055/87/107 3065/674/1309 3056/86/106
f 3066/84/1310 3056/86/106 3065/674/1309
f 3067/82/1310 3066/84/1310 3065/674/1309
f 3066/84/1310 3067/82/1310 3068/83/103
f 3069/81/103 3068/83/103 3067/82/1310
f 3071/81/103 3072/82/1310 3070/83/103
f 3073/84/1310 3070/83/103 3072/82/1310
f 3072/82/1310 3074/674/1309 3073/84/1310
f 3073/84/1310 3074/674/1309 3075/86/1311
f 3076/87/107 3075/86/1311 3074/674/1309
f 3076/87/107 3077/88/1312 3075/86/1311
f 3078/670/355 3075/86/1311 3077/88/1312
f 3078/670/355 3077/88/1312 3079/671/110
f 3081/672/111 3079/671/110 3080/92/112
f 3077/88/1312 3080/92/112 3079/671/110
f 3080/92/112 3082/93/1305 3081/672/111
f 3083/673/1306 3081/672/111 3082/93/1305
f 3082/93/1305 3084/95/1307 3083/673/1306
f 3085/239/1308 3083/673/1306 3084/95/1307
f 3087/675/1014 3088/676/1014 3086/655/1014
f 3089/654/1014 3086/655/1014 3088/676/1014
f 3088/676/1014 3087/675/1014 3090/677/1014
f 3092/654/1313 3093/676/1014 3091/655/1314
f 3094/675/1014 3091/655/1314 3093/676/1014
f 3093/676/1014 3095/677/1014 3094/675/1014
f 3099/678/1315 3097/679/1316 3096/657/1317
f 3097/679/1316 3098/160/1313 3096/657/1317
f 3100/158/1318 3098/160/1313 3097/679/1316
f 3097/679/1316 3101/680/1313 3100/158/1318
f 3101/680/1313 3097/679/1316 3102/681/1014
f 3103/680/1014 3106/681/1014 3104/679/1014
f 3104/679/1014 3105/158/1318 3103/680/1014
f 3105/158/1318 3104/679/1014 3107/160/1317
f 3108/657/1313 3107/160/1317 3104/679/1014
f 3109/678/1317 3108/657/1313 3104/679/1014
f 3113/663/1319 3111/251/1319 3110/682/1319
f 3111/251/1319 3112/252/1319 3110/682/1319
f 3115/682/1320 3116/251/1319 3114/663/1319
f 3116/251/1319 3115/682/1320 3117/252/1319
f 3119/683/43 3120/683/43 3118/163/43
f 3120/683/43 3121/163/43 3118/163/43
f 3122/683/43 3118/163/43 3121/163/43
f 3122/683/43 3123/683/43 3118/163/43
f 3121/163/43 3124/683/43 3122/683/43
f 3125/683/43 3121/163/43 3120/683/43
f 3127/163/1321 3128/684/1321 3126/685/1321
f 3129/685/1321 3126/685/1321 3128/684/1321
f 3127/163/1321 3130/685/1321 3128/684/1321
f 3131/685/1321 3128/684/1321 3130/685/1321
f 3133/75/1322 3134/76/93 3132/75/1323
f 3135/76/1324 3132/75/1323 3134/76/93
f 3136/74/1325 3132/75/1323 3135/76/1324
f 3132/75/1323 3136/74/1325 3137/73/1326
f 3137/73/1326 3138/686/1327 3139/687/1328
f 3138/686/1327 3137/73/1326 3136/74/1325
f 3140/70/1329 3139/687/1328 3138/686/1327
f 3139/687/1328 3140/70/1329 3141/59/1330
f 3142/60/1331 3141/59/1330 3140/70/1329
f 3143/61/1332 3141/59/1330 3142/60/1331
f 3144/62/1333 3143/61/1332 3142/60/1331
f 3145/688/1334 3143/61/1332 3144/62/1333
f 3145/688/1334 3146/689/1335 3143/61/1332
f 3147/690/1336 3143/61/1332 3146/689/1335
f 3145/688/1334 3148/66/1337 3146/689/1335
f 3149/67/1337 3146/689/1335 3148/66/1337
f 3148/66/1337 3150/69/1338 3149/67/1337
f 3151/68/1338 3149/67/1337 3150/69/1338
f 3151/68/1338 3150/69/1338 3152/68/1339
f 3150/69/1338 3153/69/1339 3152/68/1339
f 3155/208/1340 3156/208/1276 3154/208/1340
f 3158/208/1273 3159/208/1341 3157/208/1342
f 3163/683/1009 3161/163/1009 3160/680/1009
f 3161/163/1009 3162/158/1009 3160/680/1009
f 3165/158/1009 3166/163/1009 3164/680/1343
f 3167/683/1009 3164/680/1343 3166/163/1009
f 3169/675/1009 3170/685/1009 3168/677/1009
f 3170/685/1009 3171/163/1344 3168/677/1009
f 3172/691/1345 3168/677/1009 3171/163/1344
f 3174/691/1346 3175/163/1344 3173/677/1009
f 3176/685/1347 3173/677/1009 3175/163/1344
f 3176/685/1347 3177/675/1009 3173/677/1009
f 3181/624/1348 3179/623/1077 3178/622/1077
f 3179/623/1077 3180/620/1076 3178/622/1077
f 3182/621/1076 3178/622/1077 3180/620/1076
f 3183/619/1075 3182/621/1076 3180/620/1076
f 3184/618/1075 3183/619/1075 3180/620/1076
f 3185/617/1349 3183/619/1075 3184/618/1075
f 3186/616/1072 3185/617/1349 3184/618/1075
f 3185/617/1349 3186/616/1072 3187/615/1071
f 3186/616/1072 3188/613/1070 3187/615/1071
f 3189/614/1070 3187/615/1071 3188/613/1070
f 3189/614/1070 3188/613/1070 3190/355/1350
f 3188/613/1070 3191/356/1351 3190/355/1350
f 3179/623/1077 3181/624/1348 3192/625/1348
f 3194/77/1352 3195/658/1202 3193/217/1352
f 3196/425/1353 3195/658/1202 3194/77/1352
f 3198/692/1354 3199/422/1354 3197/693/1354
f 3200/424/1354 3197/693/1354 3199/422/1354
f 3202/424/1354 3203/422/1354 3201/693/1354
f 3204/692/1354 3201/693/1354 3203/422/1354
f 3206/208/1355 3207/208/1356 3205/208/1357
f 3208/208/1358 3205/208/1357 3207/208/1356
f 3205/208/1357 3208/208/1358 3209/208/1359
f 3206/208/1355 3210/206/1360 3207/208/1356
f 3207/208/1356 3210/206/1360 3211/206/1356
f 3210/206/1360 3212/208/1356 3211/206/1356
f 3210/206/1360 3213/208/1360 3212/208/1356
f 3213/208/1360 3214/208/1361 3212/208/1356
f 3212/208/1356 3214/208/1361 3215/208/1362
f 3216/208/1363 3215/208/1362 3214/208/1361
f 3218/694/1364 3217/695/1365 3220/696/1366
f 3218/694/1364 3219/697/1367 3217/695/1365
f 3220/696/1366 3217/695/1365 3223/335/4
f 3221/698/1368 3222/42/4 3217/695/1365
f 3223/335/4 3217/695/1365 3222/42/4
f 3224/44/3 3220/696/1366 3223/335/4
f 3225/699/1369 3220/696/1366 3224/44/3
f 3227/698/1370 3228/695/1371 3226/42/5
f 3229/335/5 3226/42/5 3228/695/1371
f 3228/695/1371 3230/696/1372 3229/335/5
f 3229/335/5 3230/696/1372 3231/44/5
f 3232/699/1373 3231/44/5 3230/696/1372
f 3233/694/1364 3230/696/1372 3228/695/1371
f 3234/697/1367 3233/694/1364 3228/695/1371
f 3236/21/1374 3237/604/1375 3235/28/1376
f 3238/172/1377 3235/28/1376 3240/700/1378
f 3238/172/1377 3239/172/1379 3235/28/1376
f 3241/28/1380 3242/701/1381 3235/28/1376
f 3241/28/1380 3243/28/1380 3242/701/1381
f 3243/28/1380 3244/27/1380 3242/701/1381
f 3245/26/1380 3242/701/1381 3244/27/1380
f 3245/26/1380 3246/24/1380 3242/701/1381
f 3247/21/1380 3242/701/1381 3246/24/1380
f 3238/172/1377 3240/700/1378 3248/19/1382
f 3249/19/1378 3248/19/1382 3240/700/1378
f 3250/19/1383 3249/19/1384 3251/470/1385
f 3252/700/1386 3249/19/1384 3253/470/1387
f 3252/700/1386 3253/470/1387 3255/28/1388
f 3253/470/1389 3250/19/1390 3254/465/1391
f 3253/470/1387 3256/701/1380 3255/28/1388
f 3253/470/1387 3258/35/1392 3257/701/1393
f 3258/35/1392 3259/21/1392 3257/701/1393
f 3256/701/1380 3260/28/1380 3255/28/1388
f 3260/28/1380 3256/701/1380 3261/28/1380
f 3264/21/1394 3255/28/1388 3262/604/1395
f 3255/28/1388 3263/28/1396 3262/604/1395
f 3265/28/1397 3262/604/1395 3263/28/1396
f 3265/28/1397 3263/28/1396 3267/277/1398
f 3266/151/1399 3267/277/1398 3263/28/1396
f 3268/151/1400 3267/277/1398 3266/151/1399
f 3269/136/2 3268/151/1401 3270/136/2
f 3270/136/2 3271/156/2 3269/136/2
f 3272/156/2 3269/136/2 3271/156/2
f 3273/124/2 3272/156/2 3274/124/2
f 3273/124/2 3274/124/2 3275/156/1
f 3276/156/1 3275/156/1 3274/124/2
f 3277/136/1 3278/136/1 3276/156/1
f 3275/156/1 3276/156/1 3278/136/1
f 3279/151/1402 3280/151/1403 3277/136/1
f 3280/151/1403 3279/151/1402 3281/277/1404
f 3279/151/1402 3282/28/1405 3281/277/1404
f 3283/28/1406 3281/277/1404 3282/28/1405
f 3283/28/1406 3284/702/1375 3281/277/1404
f 3285/28/1407 3282/28/1405 3286/604/1375
f 3287/28/1376 3286/604/1375 3282/28/1405
f 3290/700/1384 3287/28/1376 3288/470/1385
f 3288/470/1385 3287/28/1376 3289/701/1381
f 3290/700/1384 3288/470/1385 3291/19/1384
f 3292/19/1383 3293/470/1387 3291/19/1384
f 3291/19/1378 3294/700/1408 3295/19/1409
f 3296/172/1410 3295/19/1409 3294/700/1408
f 3298/172/1411 3296/172/1410 3297/28/1388
f 3297/28/1388 3296/172/1410 3294/700/1408
f 3300/19/1412 3292/19/1390 3299/465/1391
f 3288/470/1389 3299/465/1391 3292/19/1390
f 3300/19/1412 3301/465/1413 3292/19/1390
f 3299/465/1391 3302/172/1414 3300/19/1412
f 3302/172/1415 3304/172/1416 3303/19/1417
f 3304/172/1418 3306/172/1419 3305/19/1418
f 3307/19/1419 3305/19/1418 3306/172/1419
f 3307/19/1419 3306/172/1419 3308/19/1420
f 3306/172/1419 3309/172/1420 3308/19/1420
f 3309/172/1421 3311/172/1422 3310/19/1423
f 3308/19/1424 3310/19/1422 3312/172/1420
f 3312/172/1420 3313/172/1419 3308/19/1424
f 3314/172/1415 3303/19/1417 3315/172/1416
f 3316/35/1425 3288/470/1385 3317/701/1426
f 3318/21/1425 3316/35/1425 3317/701/1426
f 3254/465/1427 3320/19/1428 3319/172/1414
f 3321/19/1429 3319/172/1414 3320/19/1428
f 3321/19/1429 3320/19/1428 3322/172/1430
f 3323/19/1431 3325/172/1432 3321/19/1417
f 3323/19/1431 3321/19/1417 3324/172/1433
f 3325/172/1432 3323/19/1431 3326/172/1419
f 3327/19/1419 3326/172/1419 3323/19/1431
f 3327/19/1419 3328/19/1420 3326/172/1419
f 3328/19/1421 3330/172/1434 3329/19/1422
f 3329/19/1435 3333/19/1436 3331/172/1437
f 3331/172/1437 3332/172/1421 3329/19/1435
f 3329/19/1435 3334/172/1438 3333/19/1436
f 3334/172/1438 3335/172/1439 3333/19/1436
f 3336/172/1440 3331/172/1437 3333/19/1436
f 3333/19/1436 3337/19/1244 3336/172/1440
f 3338/172/1244 3336/172/1440 3337/19/1244
f 3340/208/1441 3341/206/1442 3339/208/1442
f 3340/208/1441 3342/206/1441 3341/206/1442
f 3342/206/1441 3343/208/1441 3341/206/1442
f 3344/208/1442 3341/206/1442 3343/208/1441
f 3343/208/1441 3342/206/1441 3345/208/1443
f 3346/206/1443 3347/208/1444 3345/208/1443
f 3346/206/1443 3345/208/1443 3342/206/1441
f 3348/206/1445 3347/208/1444 3346/206/1443
f 3348/206/1445 3349/208/1446 3347/208/1444
f 3350/206/1447 3349/208/1446 3348/206/1445
f 3350/206/1447 3351/208/1448 3349/208/1446
f 3349/208/1446 3351/208/1448 3352/208/1448
f 3353/208/1448 3352/208/1448 3351/208/1448
f 3354/206/1448 3351/208/1448 3350/206/1447
f 3355/208/1448 3354/206/1448 3350/206/1447
f 3357/208/1448 3355/208/1448 3356/208/1448
f 3356/208/1448 3355/208/1448 3358/208/1446
f 3350/206/1447 3358/208/1446 3355/208/1448
f 3348/206/1445 3359/208/1444 3358/208/1446
f 3358/208/1446 3350/206/1447 3348/206/1445
f 3359/208/1444 3348/206/1445 3346/206/1443
f 3359/208/1444 3346/206/1443 3360/208/1443
f 3360/208/1443 3342/206/1441 3340/208/1441
f 3360/208/1443 3346/206/1443 3342/206/1441
f 3362/60/1331 3363/61/1332 3361/62/1333
f 3361/62/1333 3363/61/1332 3364/688/1449
f 3364/688/1449 3363/61/1332 3365/689/1450
f 3364/688/1449 3365/689/1450 3366/66/1337
f 3367/67/1337 3366/66/1337 3365/689/1450
f 3366/66/1337 3367/67/1337 3368/69/1451
f 3369/68/1451 3368/69/1451 3367/67/1337
f 3370/690/1452 3365/689/1450 3363/61/1332
f 3363/61/1332 3362/60/1331 3371/59/1330
f 3362/60/1331 3372/70/1329 3371/59/1330
f 3371/59/1330 3372/70/1329 3373/687/1328
f 3373/687/1328 3374/686/1327 3375/73/1453
f 3372/70/1329 3374/686/1327 3373/687/1328
f 3374/686/1327 3376/74/1325 3375/73/1453
f 3375/73/1453 3376/74/1325 3377/75/1454
f 3376/74/1325 3378/76/1455 3377/75/1454
f 3380/21/1380 3381/24/1380 3379/701/1380
f 3381/24/1380 3382/26/1456 3379/701/1380
f 3382/26/1456 3383/27/1380 3379/701/1380
f 3384/28/1380 3379/701/1380 3383/27/1380
f 3389/703/1457 3386/704/1458 3385/299/1459
f 3386/704/1458 3387/597/1460 3385/299/1459
f 3388/297/1460 3385/299/1459 3387/597/1460
f 3389/703/1457 3385/299/1459 3390/472/1461
f 3391/705/1462 3390/472/1463 3392/706/1464
f 3392/706/1464 3390/472/1463 3393/473/1465
f 3397/473/1466 3395/472/1467 3394/706/1468
f 3395/472/1467 3396/705/1469 3394/706/1468
f 3398/703/1470 3395/472/1471 3399/299/1472
f 3400/704/1473 3398/703/1470 3399/299/1472
f 3400/704/1473 3399/299/1472 3401/597/1474
f 3402/297/1474 3401/597/1474 3399/299/1472
f 3404/166/2 3403/166/3 3410/166/3
f 3404/166/2 3405/166/3 3403/166/3
f 3406/166/1475 3403/166/3 3405/166/3
f 3406/166/1475 3407/166/2 3403/166/3
f 3408/166/2 3409/166/2 3403/166/3
f 3409/166/2 3410/166/3 3403/166/3
f 3411/166/2 3404/166/2 3410/166/3
f 3412/166/2 3411/166/2 3410/166/3
f 3410/166/3 3413/166/1476 3412/166/2
f 3414/166/2 3412/166/2 3413/166/1476
f 3404/166/2 3415/166/2 3405/166/3
f 3416/166/2 3405/166/3 3415/166/2
f 3405/166/3 3416/166/2 3417/166/1475
f 3418/166/6 3417/166/1475 3416/166/2
f 3420/151/1477 3421/136/2 3419/151/1401
f 3423/136/1 3424/136/1 3422/151/1403
f 3426/156/2 3427/124/2 3425/156/2
f 3429/707/1009 3430/590/1010 3428/708/1478
f 3429/707/1009 3431/592/1012 3430/590/1010
f 3432/593/1479 3430/590/1010 3431/592/1012
f 3432/593/1479 3431/592/1012 3433/709/1014
f 3434/595/1016 3433/709/1014 3431/592/1012
f 3433/709/1014 3434/595/1016 3435/710/1480
f 3435/710/1480 3434/595/1016 3436/596/1481
f 3434/595/1016 3437/83/1017 3436/596/1481
f 3438/81/1017 3436/596/1481 3437/83/1017
f 3440/593/1479 3441/592/1482 3439/590/1010
f 3442/707/1483 3439/590/1010 3441/592/1482
f 3443/708/1011 3439/590/1010 3442/707/1483
f 3440/593/1479 3444/709/1014 3441/592/1482
f 3445/595/1016 3441/592/1482 3444/709/1014
f 3446/710/1484 3445/595/1016 3444/709/1014
f 3447/596/1481 3445/595/1016 3446/710/1484
f 3445/595/1016 3447/596/1481 3448/83/1017
f 3449/81/1017 3448/83/1017 3447/596/1481
f 3451/711/41 3452/706/43 3450/705/41
f 3453/706/43 3450/705/41 3452/706/43
f 3453/706/43 3452/706/43 3454/705/43
f 3455/711/43 3454/705/43 3452/706/43
f 3457/599/41 3458/704/41 3456/597/41
f 3459/712/41 3458/704/41 3457/599/41
f 3459/712/41 3460/703/41 3458/704/41
f 3462/597/43 3463/704/63 3461/599/43
f 3464/712/43 3461/599/43 3463/704/63
f 3463/704/63 3465/703/43 3464/712/43
f 3467/166/1485 3472/166/1486 3470/166/1487 3466/166/1488
f 3509/166/1489 3467/166/1485 3466/166/1488 3468/166/1490
f 3466/166/1488 3469/166/1491 3495/166/1492 3468/166/1490
f 3470/166/1487 3471/166/1493 3469/166/1491 3466/166/1488
f 3474/166/1494 3476/166/1495 3471/166/1493 3470/166/1487
f 3472/166/1486 3508/166/1496 3473/166/1497 3470/166/1487
f 3477/166/1498 3474/166/1494 3470/166/1487 3473/166/1497
f 3475/166/1499 3493/166/1500 3476/166/1495 3474/166/1494
f 3479/166/1501 3475/166/1499 3474/166/1494 3477/166/1498
f 3478/166/1502 3477/166/1498 3473/166/1497 3494/166/1503
f 3480/166/1504 3479/166/1501 3477/166/1498 3478/166/1502
f 3482/166/1505 3481/166/1506 3479/166/1501 3480/166/1504
f 3481/166/1506 3483/166/1507 3475/166/1499 3479/166/1501
f 3485/166/1508 3484/166/1509 3481/166/1506 3482/166/1505
f 3484/166/1509 3486/166/1510 3483/166/1507 3481/166/1506
f 3488/166/1511 3487/166/1512 3484/166/1509 3485/166/1508
f 3487/166/1512 3489/166/1513 3486/166/1510 3484/166/1509
f 3490/166/1514 3489/166/1513 3487/166/1512 3488/166/1511
f 3489/166/1513 3490/166/1514 3491/166/1515 3486/166/1510
f 3490/166/1514 3488/166/1511 3485/166/1508 3491/166/1515
f 3491/166/1515 3485/166/1508 3482/166/1505 3492/166/1516
f 3486/166/1510 3491/166/1515 3492/166/1516 3483/166/1507
f 3492/166/1516 3482/166/1505 3480/166/1504 3493/166/1500
f 3483/166/1507 3492/166/1516 3493/166/1500 3475/166/1499
f 3493/166/1500 3480/166/1504 3478/166/1502 3476/166/1495
f 3476/166/1495 3478/166/1502 3494/166/1503 3471/166/1493
f 3468/166/1490 3495/166/1492 3494/166/1503 3473/166/1497
f 3500/166/1517 3496/166/1518 3494/166/1503 3495/166/1492
f 3496/166/1518 3497/166/1519 3471/166/1493 3494/166/1503
f 3498/166/1520 3505/166/1521 3497/166/1519 3496/166/1518
f 3499/166/1522 3507/166/1523 3498/166/1520 3496/166/1518
f 3502/166/1524 3499/166/1522 3496/166/1518 3500/166/1517
f 3506/166/1525 3502/166/1524 3500/166/1517 3501/166/1526
f 3504/166/1527 3501/166/1526 3500/166/1517 3503/166/1528
f 3503/166/1528 3500/166/1517 3495/166/1492 3469/166/1491
f 3505/166/1521 3504/166/1527 3503/166/1528 3497/166/1519
f 3497/166/1519 3503/166/1528 3469/166/1491 3471/166/1493
f 3504/166/1527 3505/166/1521 3498/166/1520 3501/166/1526
f 3506/166/1525 3507/166/1523 3499/166/1522 3502/166/1524
f 3507/166/1523 3506/166/1525 3501/166/1526 3498/166/1520
f 3508/166/1496 3509/166/1489 3468/166/1490 3473/166/1497
f 3511/166/1529 3513/166/1530 3509/166/1489 3508/166/1496
f 3517/166/1531 3510/166/1532 3508/166/1496 3472/166/1486
f 3512/166/1533 3511/166/1529 3508/166/1496 3510/166/1532
f 3512/166/1533 3514/166/1534 3513/166/1530 3511/166/1529
f 3513/166/1530 3514/166/1534 3515/166/1535 3509/166/1489
f 3514/166/1534 3512/166/1533 3510/166/1532 3515/166/1535
f 3515/166/1535 3516/166/1536 3467/166/1485 3509/166/1489
f 3517/166/1531 3516/166/1536 3515/166/1535 3510/166/1532
f 3516/166/1536 3517/166/1531 3472/166/1486 3467/166/1485
f 3519/166/1537 3524/166/1538 3522/166/1539 3518/166/1540
f 3654/166/1541 3519/166/1537 3518/166/1540 3520/166/1542
f 3518/166/1540 3521/166/1543 3618/166/1544 3520/166/1542
f 3518/166/1540 3522/166/1539 3523/166/1545 3521/166/1543
f 3522/166/1539 3526/166/1546 3571/166/1547 3523/166/1545
f 3524/166/1538 3546/166/1548 3525/166/1549 3522/166/1539
f 3530/166/1550 3527/166/1551 3522/166/1539 3525/166/1549
f 3527/166/1551 3528/166/1552 3526/166/1546 3522/166/1539
f 3529/166/1553 3535/166/1554 3528/166/1552 3527/166/1551
f 3532/166/1555 3529/166/1553 3527/166/1551 3530/166/1550
f 3531/166/1556 3530/166/1550 3525/166/1549 3543/166/1557
f 3534/166/1558 3532/166/1555 3530/166/1550 3531/166/1556
f 3533/166/1559 3542/166/1560 3529/166/1553 3532/166/1555
f 3536/166/1561 3533/166/1559 3532/166/1555 3534/166/1558
f 3535/166/1554 3534/166/1558 3531/166/1556 3528/166/1552
f 3537/166/1562 3536/166/1561 3534/166/1558 3535/166/1554
f 3540/166/1563 3538/166/1564 3536/166/1561 3537/166/1562
f 3538/166/1564 3539/166/1565 3533/166/1559 3536/166/1561
f 3540/166/1563 3541/166/1566 3539/166/1565 3538/166/1564
f 3541/166/1566 3540/166/1563 3537/166/1562 3542/166/1560
f 3539/166/1565 3541/166/1566 3542/166/1560 3533/166/1559
f 3542/166/1560 3537/166/1562 3535/166/1554 3529/166/1553
f 3528/166/1552 3531/166/1556 3543/166/1557 3526/166/1546
f 3546/166/1548 3544/166/1567 3543/166/1557 3525/166/1549
f 3544/166/1567 3547/166/1568 3526/166/1546 3543/166/1557
f 3545/166/1569 3548/166/1570 3547/166/1568 3544/166/1567
f 3650/166/1571 3545/166/1569 3544/166/1567 3546/166/1548
f 3547/166/1568 3549/166/1572 3550/166/1573 3526/166/1546
f 3548/166/1570 3551/166/1574 3549/166/1572 3547/166/1568
f 3549/166/1572 3552/166/1575 3555/166/1576 3550/166/1573
f 3551/166/1574 3553/166/1577 3552/166/1575 3549/166/1572
f 3553/166/1577 3648/166/1578 3554/166/1579 3552/166/1575
f 3552/166/1575 3554/166/1579 3557/166/1580 3555/166/1576
f 3570/166/1581 3550/166/1573 3555/166/1576 3556/166/1582
f 3556/166/1582 3555/166/1576 3557/166/1580 3560/166/1583
f 3554/166/1579 3646/166/1584 3558/166/1585 3557/166/1580
f 3557/166/1580 3558/166/1585 3641/166/1586 3559/166/1587
f 3560/166/1583 3557/166/1580 3559/166/1587 3561/166/1588
f 3562/166/1589 3560/166/1583 3561/166/1588 3563/166/1590
f 3565/166/1591 3556/166/1582 3560/166/1583 3562/166/1589
f 3601/166/1592 3564/166/1593 3562/166/1589 3563/166/1590
f 3564/166/1593 3566/166/1594 3565/166/1591 3562/166/1589
f 3567/166/1595 3570/166/1581 3556/166/1582 3565/166/1591
f 3566/166/1594 3569/166/1596 3567/166/1595 3565/166/1591
f 3571/166/1547 3570/166/1581 3567/166/1595 3568/166/1597
f 3567/166/1595 3569/166/1596 3572/166/1598 3568/166/1597
f 3526/166/1546 3550/166/1573 3570/166/1581 3571/166/1547
f 3523/166/1545 3571/166/1547 3568/166/1597 3657/166/1597
f 3575/166/1599 3573/166/1600 3569/166/1596 3566/166/1594
f 3569/166/1596 3573/166/1600 3574/166/1601 3572/166/1598
f 3573/166/1600 3576/166/1602 3579/166/1603 3574/166/1601
f 3575/166/1599 3577/166/1604 3576/166/1602 3573/166/1600
f 3577/166/1604 3584/166/1605 3578/166/1606 3576/166/1602
f 3576/166/1602 3578/166/1606 3581/166/1607 3579/166/1603
f 3574/166/1601 3579/166/1603 3580/166/1608 3668/166/1609
f 3579/166/1603 3581/166/1607 3582/166/1610 3580/166/1608
f 3582/166/1610 3581/166/1607 3578/166/1606 3584/166/1605
f 3589/166/1611 3585/166/1612 3582/166/1610 3583/166/1613
f 3583/166/1613 3582/166/1610 3584/166/1605 3598/166/1614
f 3580/166/1608 3582/166/1610 3585/166/1612 3586/166/1615
f 3586/166/1615 3585/166/1612 3587/166/1616 3663/166/1617
f 3588/166/1618 3665/166/1619 3587/166/1616 3585/166/1612
f 3590/166/1620 3588/166/1618 3585/166/1612 3589/166/1611
f 3592/166/1621 3590/166/1620 3589/166/1611 3591/166/1622
f 3591/166/1622 3589/166/1611 3583/166/1613 3594/166/1623
f 3613/166/1624 3592/166/1621 3591/166/1622 3593/166/1625
f 3593/166/1625 3591/166/1622 3594/166/1623 3595/166/1626
f 3595/166/1626 3594/166/1623 3596/166/1627 3597/166/1628
f 3594/166/1623 3583/166/1613 3598/166/1614 3596/166/1627
f 3597/166/1628 3596/166/1627 3577/166/1604 3575/166/1599
f 3596/166/1627 3598/166/1614 3584/166/1605 3577/166/1604
f 3597/166/1628 3575/166/1599 3566/166/1594 3564/166/1593
f 3599/166/1629 3597/166/1628 3564/166/1593 3601/166/1592
f 3600/166/1630 3595/166/1626 3597/166/1628 3599/166/1629
f 3599/166/1629 3601/166/1592 3602/166/1631 3600/166/1630
f 3601/166/1592 3563/166/1590 3603/166/1632 3602/166/1631
f 3600/166/1630 3602/166/1631 3605/166/1633 3608/166/1634
f 3603/166/1632 3638/166/1635 3604/166/1636 3602/166/1631
f 3602/166/1631 3604/166/1636 3607/166/1637 3605/166/1633
f 3605/166/1633 3606/166/1638 3611/166/1639 3609/166/1640
f 3605/166/1633 3607/166/1637 3627/166/1641 3606/166/1638
f 3608/166/1634 3605/166/1633 3609/166/1640 3610/166/1642
f 3609/166/1640 3612/166/1643 3613/166/1624 3610/166/1642
f 3611/166/1639 3615/166/1644 3612/166/1643 3609/166/1640
f 3612/166/1643 3614/166/1645 3667/166/1646 3613/166/1624
f 3615/166/1644 3616/166/1647 3614/166/1645 3612/166/1643
f 3617/166/1648 3615/166/1644 3611/166/1639 3620/166/1649
f 3618/166/1544 3616/166/1647 3615/166/1644 3617/166/1648
f 3520/166/1542 3618/166/1544 3617/166/1648 3619/166/1650
f 3619/166/1650 3617/166/1648 3620/166/1649 3621/166/1651
f 3620/166/1649 3622/166/1652 3623/166/1653 3621/166/1651
f 3611/166/1639 3606/166/1638 3622/166/1652 3620/166/1649
f 3622/166/1652 3624/166/1654 3641/166/1586 3623/166/1653
f 3625/166/1655 3626/166/1656 3624/166/1654 3622/166/1652
f 3627/166/1641 3625/166/1655 3622/166/1652 3606/166/1638
f 3628/166/1657 3629/166/1658 3626/166/1656 3625/166/1655
f 3630/166/1659 3628/166/1657 3625/166/1655 3627/166/1641
f 3630/166/1659 3631/166/1660 3629/166/1658 3628/166/1657
f 3607/166/1637 3632/166/1661 3630/166/1659 3627/166/1641
f 3633/166/1662 3631/166/1660 3630/166/1659 3632/166/1661
f 3604/166/1636 3633/166/1662 3632/166/1661 3607/166/1637
f 3633/166/1662 3634/166/1663 3635/166/1664 3631/166/1660
f 3604/166/1636 3636/166/1527 3634/166/1663 3633/166/1662
f 3637/166/1595 3635/166/1664 3634/166/1663 3636/166/1527
f 3638/166/1635 3637/166/1595 3636/166/1527 3604/166/1636
f 3639/166/1665 3637/166/1595 3638/166/1635 3626/166/1656
f 3640/166/1666 3635/166/1664 3637/166/1595 3639/166/1665
f 3640/166/1666 3639/166/1665 3626/166/1656 3629/166/1658
f 3635/166/1664 3640/166/1666 3629/166/1658 3631/166/1660
f 3626/166/1656 3638/166/1635 3603/166/1632 3624/166/1654
f 3603/166/1632 3563/166/1590 3561/166/1588 3624/166/1654
f 3624/166/1654 3561/166/1588 3559/166/1587 3641/166/1586
f 3558/166/1585 3642/166/1667 3623/166/1653 3641/166/1586
f 3642/166/1667 3619/166/1650 3621/166/1651 3623/166/1653
f 3646/166/1584 3643/166/1668 3642/166/1667 3558/166/1585
f 3643/166/1668 3644/166/1669 3619/166/1650 3642/166/1667
f 3645/166/1670 3649/166/1671 3644/166/1669 3643/166/1668
f 3647/166/1672 3645/166/1670 3643/166/1668 3646/166/1584
f 3648/166/1578 3647/166/1672 3646/166/1584 3554/166/1579
f 3545/166/1569 3650/166/1571 3645/166/1670 3647/166/1672
f 3553/166/1577 3545/166/1569 3647/166/1672 3648/166/1578
f 3650/166/1571 3651/166/1673 3649/166/1671 3645/166/1670
f 3652/166/1674 3653/166/1675 3651/166/1673 3650/166/1571
f 3652/166/1674 3650/166/1571 3546/166/1548 3524/166/1538
f 3653/166/1675 3652/166/1674 3524/166/1538 3519/166/1537
f 3651/166/1673 3653/166/1675 3519/166/1537 3654/166/1541
f 3649/166/1671 3651/166/1673 3654/166/1541 3644/166/1669
f 3644/166/1669 3654/166/1541 3520/166/1542 3619/166/1650
f 3521/166/1543 3655/166/1676 3616/166/1647 3618/166/1544
f 3616/166/1647 3655/166/1676 3656/166/1677 3614/166/1645
f 3521/166/1543 3523/166/1545 3657/166/1597 3655/166/1676
f 3657/166/1597 3658/166/1678 3656/166/1677 3655/166/1676
f 3568/166/1597 3572/166/1598 3658/166/1678 3657/166/1597
f 3572/166/1598 3574/166/1601 3659/166/1679 3658/166/1678
f 3658/166/1678 3659/166/1679 3662/166/1680 3656/166/1677
f 3574/166/1601 3673/166/1681 3660/166/1682 3659/166/1679
f 3659/166/1679 3660/166/1682 3669/166/1683 3661/166/1684
f 3661/166/1684 3586/166/1615 3663/166/1617 3659/166/1679
f 3659/166/1679 3663/166/1617 3664/166/1685 3662/166/1680
f 3663/166/1617 3587/166/1616 3665/166/1619 3664/166/1685
f 3664/166/1685 3665/166/1619 3588/166/1618 3666/166/1686
f 3662/166/1680 3664/166/1685 3666/166/1686 3667/166/1646
f 3666/166/1686 3588/166/1618 3590/166/1620 3592/166/1621
f 3667/166/1646 3666/166/1686 3592/166/1621 3613/166/1624
f 3614/166/1645 3656/166/1677 3662/166/1680 3667/166/1646
f 3661/166/1684 3669/166/1683 3671/166/1687 3668/166/1609
f 3668/166/1609 3580/166/1608 3586/166/1615 3661/166/1684
f 3660/166/1682 3675/166/1688 3670/166/1689 3669/166/1683
f 3669/166/1683 3670/166/1689 3672/166/1690 3671/166/1687
f 3671/166/1687 3672/166/1690 3674/166/1691 3673/166/1681
f 3668/166/1609 3671/166/1687 3673/166/1681 3574/166/1601
f 3673/166/1681 3674/166/1691 3675/166/1688 3660/166/1682
f 3674/166/1691 3676/166/1692 3677/166/1693 3675/166/1688
f 3672/166/1690 3679/166/1694 3676/166/1692 3674/166/1691
f 3676/166/1692 3678/166/1695 3683/166/1696 3677/166/1693
f 3679/166/1694 3680/166/1697 3678/166/1695 3676/166/1692
f 3681/166/1698 3682/166/1699 3680/166/1697 3679/166/1694
f 3670/166/1689 3681/166/1698 3679/166/1694 3672/166/1690
f 3675/166/1688 3677/166/1693 3681/166/1698 3670/166/1689
f 3677/166/1693 3683/166/1696 3682/166/1699 3681/166/1698
f 3682/166/1699 3683/166/1696 3678/166/1695 3680/166/1697
f 3610/166/1642 3613/166/1624 3593/166/1625 3608/166/1634
f 3608/166/1634 3593/166/1625 3595/166/1626 3600/166/1630
f 3551/166/1574 3548/166/1570 3545/166/1569 3553/166/1577
f 3713/166/1700 3687/166/1701 3684/166/1702 3685/166/1703
f 3684/166/1702 3686/166/1704 3729/166/1705 3685/166/1703
f 3688/166/1706 3690/166/1707 3686/166/1704 3684/166/1702
f 3687/166/1701 3689/166/1708 3688/166/1706 3684/166/1702
f 3689/166/1708 3695/166/1709 3692/166/1710 3688/166/1706
f 3691/166/1711 3726/166/1712 3690/166/1707 3688/166/1706
f 3688/166/1706 3692/166/1710 3693/166/1713 3691/166/1711
f 3692/166/1710 3694/166/1714 3700/166/1715 3693/166/1713
f 3695/166/1709 3697/166/1716 3694/166/1714 3692/166/1710
f 3712/166/1717 3696/166/1718 3695/166/1709 3689/166/1708
f 3696/166/1718 3699/166/1719 3697/166/1716 3695/166/1709
f 3697/166/1716 3698/166/1720 3711/166/1721 3694/166/1714
f 3699/166/1719 3701/166/1722 3698/166/1720 3697/166/1716
f 3693/166/1713 3700/166/1715 3699/166/1719 3696/166/1718
f 3700/166/1715 3702/166/1723 3701/166/1722 3699/166/1719
f 3702/166/1723 3704/166/1724 3703/166/1725 3701/166/1722
f 3701/166/1722 3703/166/1725 3706/166/1726 3698/166/1720
f 3704/166/1724 3710/166/1727 3705/166/1728 3703/166/1725
f 3703/166/1725 3705/166/1728 3708/166/1729 3706/166/1726
f 3706/166/1726 3708/166/1729 3709/166/1730 3707/166/1731
f 3698/166/1720 3706/166/1726 3707/166/1731 3711/166/1721
f 3710/166/1727 3709/166/1730 3708/166/1729 3705/166/1728
f 3707/166/1731 3709/166/1730 3710/166/1727 3704/166/1724
f 3711/166/1721 3707/166/1731 3704/166/1724 3702/166/1723
f 3694/166/1714 3711/166/1721 3702/166/1723 3700/166/1715
f 3691/166/1711 3693/166/1713 3696/166/1718 3712/166/1717
f 3712/166/1717 3713/166/1700 3685/166/1703 3691/166/1711
f 3712/166/1717 3714/166/1732 3717/166/1733 3713/166/1700
f 3689/166/1708 3715/166/1734 3714/166/1732 3712/166/1717
f 3715/166/1734 3725/166/1735 3716/166/1736 3714/166/1732
f 3716/166/1736 3719/166/1737 3718/166/1738 3714/166/1732
f 3714/166/1732 3718/166/1738 3720/166/1739 3717/166/1733
f 3718/166/1738 3719/166/1737 3721/166/1740 3720/166/1739
f 3717/166/1733 3720/166/1739 3721/166/1740 3722/166/1741
f 3722/166/1741 3721/166/1740 3719/166/1737 3716/166/1736
f 3716/166/1736 3725/166/1735 3723/166/1742 3722/166/1741
f 3717/166/1733 3722/166/1741 3723/166/1742 3724/166/1743
f 3724/166/1743 3723/166/1742 3725/166/1735 3715/166/1734
f 3713/166/1700 3717/166/1733 3724/166/1743 3687/166/1701
f 3687/166/1701 3724/166/1743 3715/166/1734 3689/166/1708
f 3685/166/1703 3729/166/1705 3726/166/1712 3691/166/1711
f 3726/166/1712 3728/166/1744 3733/166/1745 3727/166/1746
f 3726/166/1712 3727/166/1746 3735/166/1747 3690/166/1707
f 3729/166/1705 3731/166/1748 3728/166/1744 3726/166/1712
f 3686/166/1704 3734/166/1749 3730/166/1750 3729/166/1705
f 3730/166/1750 3732/166/1751 3731/166/1748 3729/166/1705
f 3731/166/1748 3732/166/1751 3733/166/1745 3728/166/1744
f 3727/166/1746 3733/166/1745 3732/166/1751 3730/166/1750
f 3730/166/1750 3734/166/1749 3735/166/1747 3727/166/1746
f 3690/166/1707 3735/166/1747 3734/166/1749 3686/166/1704
usemtl Material.201
f 3737/166/1485 3742/166/1486 3740/166/1487 3736/166/1488
f 3781/166/1489 3737/166/1485 3736/166/1488 3738/166/1490
f 3736/166/1488 3739/166/1491 3765/166/1492 3738/166/1490
f 3740/166/1487 3741/166/1493 3739/166/1491 3736/166/1488
f 3744/166/1494 3747/166/1495 3741/166/1493 3740/166/1487
f 3742/166/1486 3778/166/1496 3743/166/1497 3740/166/1487
f 3745/166/1498 3744/166/1494 3740/166/1487 3743/166/1497
f 3753/166/1752 3746/166/1753 3744/166/1494 3745/166/1498
f 3746/166/1753 3748/166/1500 3747/166/1495 3744/166/1494
f 3748/166/1500 3751/166/1754 3749/166/1502 3747/166/1495
f 3747/166/1495 3749/166/1502 3750/166/1503 3741/166/1493
f 3749/166/1502 3745/166/1498 3743/166/1497 3750/166/1503
f 3751/166/1754 3753/166/1752 3745/166/1498 3749/166/1502
f 3764/166/1516 3752/166/1505 3751/166/1754 3748/166/1500
f 3752/166/1505 3754/166/1506 3753/166/1752 3751/166/1754
f 3754/166/1506 3755/166/1507 3746/166/1753 3753/166/1752
f 3757/166/1508 3756/166/1509 3754/166/1506 3752/166/1505
f 3756/166/1509 3758/166/1510 3755/166/1507 3754/166/1506
f 3760/166/1511 3759/166/1512 3756/166/1509 3757/166/1508
f 3759/166/1512 3761/166/1513 3758/166/1510 3756/166/1509
f 3762/166/1755 3761/166/1513 3759/166/1512 3760/166/1511
f 3761/166/1513 3762/166/1755 3763/166/1756 3758/166/1510
f 3762/166/1755 3760/166/1511 3757/166/1508 3763/166/1756
f 3758/166/1510 3763/166/1756 3764/166/1516 3755/166/1507
f 3763/166/1756 3757/166/1508 3752/166/1505 3764/166/1516
f 3755/166/1507 3764/166/1516 3748/166/1500 3746/166/1753
f 3738/166/1490 3765/166/1492 3750/166/1503 3743/166/1497
f 3770/166/1517 3766/166/1518 3750/166/1503 3765/166/1492
f 3766/166/1518 3767/166/1519 3741/166/1493 3750/166/1503
f 3768/166/1520 3777/166/1521 3767/166/1519 3766/166/1518
f 3769/166/1522 3775/166/1523 3768/166/1520 3766/166/1518
f 3773/166/1524 3769/166/1522 3766/166/1518 3770/166/1517
f 3771/166/1528 3770/166/1517 3765/166/1492 3739/166/1491
f 3776/166/1527 3772/166/1757 3770/166/1517 3771/166/1528
f 3774/166/1525 3773/166/1524 3770/166/1517 3772/166/1757
f 3774/166/1525 3775/166/1523 3769/166/1522 3773/166/1524
f 3775/166/1523 3774/166/1525 3772/166/1757 3768/166/1520
f 3776/166/1527 3777/166/1521 3768/166/1520 3772/166/1757
f 3777/166/1521 3776/166/1527 3771/166/1528 3767/166/1519
f 3767/166/1519 3771/166/1528 3739/166/1491 3741/166/1493
f 3778/166/1496 3781/166/1489 3738/166/1490 3743/166/1497
f 3787/166/1758 3779/166/1532 3778/166/1496 3742/166/1486
f 3785/166/1533 3780/166/1529 3778/166/1496 3779/166/1532
f 3780/166/1529 3783/166/1530 3781/166/1489 3778/166/1496
f 3782/166/1535 3786/166/1536 3737/166/1485 3781/166/1489
f 3783/166/1530 3784/166/1534 3782/166/1535 3781/166/1489
f 3785/166/1533 3784/166/1534 3783/166/1530 3780/166/1529
f 3784/166/1534 3785/166/1533 3779/166/1532 3782/166/1535
f 3787/166/1758 3786/166/1536 3782/166/1535 3779/166/1532
f 3786/166/1536 3787/166/1758 3742/166/1486 3737/166/1485
f 3789/166/1537 3794/166/1538 3792/166/1539 3788/166/1540
f 3943/166/1541 3789/166/1537 3788/166/1540 3790/166/1759
f 3788/166/1540 3791/166/1543 3950/166/1544 3790/166/1759
f 3788/166/1540 3792/166/1539 3793/166/1545 3791/166/1543
f 3792/166/1539 3796/166/1546 3838/166/1547 3793/166/1545
f 3794/166/1538 3815/166/1548 3795/166/1549 3792/166/1539
f 3800/166/1550 3797/166/1551 3792/166/1539 3795/166/1549
f 3797/166/1551 3798/166/1552 3796/166/1546 3792/166/1539
f 3799/166/1553 3806/166/1554 3798/166/1552 3797/166/1551
f 3801/166/1555 3799/166/1553 3797/166/1551 3800/166/1550
f 3802/166/1556 3800/166/1550 3795/166/1549 3803/166/1557
f 3804/166/1558 3801/166/1555 3800/166/1550 3802/166/1556
f 3798/166/1552 3802/166/1556 3803/166/1557 3796/166/1546
f 3806/166/1554 3804/166/1558 3802/166/1556 3798/166/1552
f 3805/166/1561 3813/166/1559 3801/166/1555 3804/166/1558
f 3807/166/1562 3805/166/1561 3804/166/1558 3806/166/1554
f 3808/166/1560 3807/166/1562 3806/166/1554 3799/166/1553
f 3810/166/1566 3809/166/1563 3807/166/1562 3808/166/1560
f 3809/166/1563 3811/166/1564 3805/166/1561 3807/166/1562
f 3809/166/1563 3810/166/1566 3812/166/1565 3811/166/1564
f 3811/166/1564 3812/166/1565 3813/166/1559 3805/166/1561
f 3812/166/1565 3810/166/1566 3808/166/1560 3813/166/1559
f 3813/166/1559 3808/166/1560 3799/166/1553 3801/166/1555
f 3815/166/1548 3814/166/1567 3803/166/1557 3795/166/1549
f 3814/166/1567 3816/166/1568 3796/166/1546 3803/166/1557
f 3819/166/1571 3817/166/1760 3814/166/1567 3815/166/1548
f 3817/166/1760 3820/166/1570 3816/166/1568 3814/166/1567
f 3821/166/1577 3817/166/1760 3818/166/1672 3824/166/1578
f 3817/166/1760 3819/166/1571 3946/166/1670 3818/166/1672
f 3822/166/1574 3820/166/1570 3817/166/1760 3821/166/1577
f 3822/166/1574 3821/166/1577 3823/166/1761 3840/166/1572
f 3821/166/1577 3824/166/1578 3825/166/1579 3823/166/1761
f 3824/166/1578 3818/166/1672 3826/166/1584 3825/166/1579
f 3823/166/1761 3825/166/1579 3827/166/1580 3828/166/1576
f 3825/166/1579 3826/166/1584 3829/166/1585 3827/166/1580
f 3834/166/1762 3828/166/1576 3827/166/1580 3831/166/1763
f 3827/166/1580 3829/166/1585 3923/166/1586 3830/166/1587
f 3831/166/1763 3827/166/1580 3830/166/1587 3832/166/1588
f 3833/166/1764 3831/166/1763 3832/166/1588 3925/166/1590
f 3835/166/1591 3834/166/1762 3831/166/1763 3833/166/1764
f 3836/166/1581 3839/166/1573 3828/166/1576 3834/166/1762
f 3837/166/1595 3836/166/1581 3834/166/1762 3835/166/1591
f 3838/166/1547 3836/166/1581 3837/166/1595 3841/166/1597
f 3796/166/1546 3839/166/1573 3836/166/1581 3838/166/1547
f 3816/166/1568 3840/166/1572 3839/166/1573 3796/166/1546
f 3840/166/1572 3823/166/1761 3828/166/1576 3839/166/1573
f 3820/166/1570 3822/166/1574 3840/166/1572 3816/166/1568
f 3793/166/1545 3838/166/1547 3841/166/1597 3843/166/1597
f 3837/166/1595 3935/166/1596 3842/166/1598 3841/166/1597
f 3841/166/1597 3842/166/1598 3845/166/1678 3843/166/1597
f 3843/166/1597 3845/166/1678 3846/166/1677 3844/166/1676
f 3791/166/1543 3793/166/1545 3843/166/1597 3844/166/1676
f 3845/166/1678 3847/166/1679 3849/166/1680 3846/166/1677
f 3842/166/1598 3851/166/1601 3847/166/1679 3845/166/1678
f 3847/166/1679 3852/166/1682 3854/166/1683 3848/166/1684
f 3848/166/1684 3870/166/1765 3850/166/1617 3847/166/1679
f 3847/166/1679 3850/166/1617 3894/166/1685 3849/166/1680
f 3851/166/1601 3853/166/1681 3852/166/1682 3847/166/1679
f 3853/166/1681 3856/166/1691 3855/166/1688 3852/166/1682
f 3852/166/1682 3855/166/1688 3857/166/1689 3854/166/1683
f 3856/166/1691 3859/166/1692 3858/166/1693 3855/166/1688
f 3855/166/1688 3858/166/1693 3860/166/1698 3857/166/1689
f 3859/166/1692 3862/166/1695 3861/166/1696 3858/166/1693
f 3858/166/1693 3861/166/1696 3863/166/1699 3860/166/1698
f 3863/166/1699 3861/166/1696 3862/166/1695 3864/166/1697
f 3860/166/1698 3863/166/1699 3864/166/1697 3865/166/1694
f 3865/166/1694 3864/166/1697 3862/166/1695 3859/166/1692
f 3857/166/1689 3860/166/1698 3865/166/1694 3866/166/1690
f 3866/166/1690 3865/166/1694 3859/166/1692 3856/166/1691
f 3854/166/1683 3857/166/1689 3866/166/1690 3867/166/1687
f 3867/166/1687 3866/166/1690 3856/166/1691 3853/166/1681
f 3848/166/1684 3854/166/1683 3867/166/1687 3868/166/1609
f 3868/166/1609 3867/166/1687 3853/166/1681 3851/166/1601
f 3868/166/1609 3869/166/1608 3870/166/1765 3848/166/1684
f 3851/166/1601 3872/166/1603 3869/166/1608 3868/166/1609
f 3869/166/1608 3871/166/1610 3891/166/1766 3870/166/1765
f 3872/166/1603 3874/166/1607 3871/166/1610 3869/166/1608
f 3934/166/1600 3873/166/1602 3872/166/1603 3851/166/1601
f 3873/166/1602 3875/166/1606 3874/166/1607 3872/166/1603
f 3871/166/1610 3874/166/1607 3875/166/1606 3876/166/1605
f 3877/166/1604 3876/166/1605 3875/166/1606 3873/166/1602
f 3880/166/1613 3871/166/1610 3876/166/1605 3878/166/1614
f 3879/166/1627 3878/166/1614 3876/166/1605 3877/166/1604
f 3882/166/1623 3880/166/1613 3878/166/1614 3879/166/1627
f 3881/166/1611 3891/166/1766 3871/166/1610 3880/166/1613
f 3884/166/1622 3881/166/1611 3880/166/1613 3882/166/1623
f 3885/166/1625 3884/166/1622 3882/166/1623 3883/166/1626
f 3883/166/1626 3882/166/1623 3879/166/1627 3932/166/1628
f 3888/166/1624 3886/166/1621 3884/166/1622 3885/166/1625
f 3886/166/1621 3889/166/1620 3881/166/1611 3884/166/1622
f 3887/166/1686 3890/166/1618 3889/166/1620 3886/166/1621
f 3895/166/1767 3887/166/1686 3886/166/1621 3888/166/1624
f 3889/166/1620 3890/166/1618 3891/166/1766 3881/166/1611
f 3890/166/1618 3892/166/1619 3893/166/1616 3891/166/1766
f 3894/166/1685 3892/166/1619 3890/166/1618 3887/166/1686
f 3850/166/1617 3893/166/1616 3892/166/1619 3894/166/1685
f 3849/166/1680 3894/166/1685 3887/166/1686 3895/166/1767
f 3870/166/1765 3891/166/1766 3893/166/1616 3850/166/1617
f 3897/166/1643 3898/166/1768 3895/166/1767 3888/166/1624
f 3896/166/1642 3888/166/1624 3885/166/1625 3936/166/1634
f 3900/166/1640 3897/166/1643 3888/166/1624 3896/166/1642
f 3899/166/1644 3951/166/1647 3898/166/1768 3897/166/1643
f 3902/166/1639 3899/166/1644 3897/166/1643 3900/166/1640
f 3901/166/1769 3904/166/1638 3902/166/1639 3900/166/1640
f 3936/166/1634 3901/166/1769 3900/166/1640 3896/166/1642
f 3941/166/1648 3899/166/1644 3902/166/1639 3903/166/1649
f 3902/166/1639 3904/166/1638 3905/166/1652 3903/166/1649
f 3906/166/1641 3907/166/1770 3905/166/1652 3904/166/1638
f 3901/166/1769 3909/166/1771 3906/166/1641 3904/166/1638
f 3908/166/1659 3953/166/1657 3907/166/1770 3906/166/1641
f 3909/166/1771 3911/166/1661 3908/166/1659 3906/166/1641
f 3926/166/1631 3910/166/1636 3909/166/1771 3901/166/1769
f 3910/166/1636 3912/166/1662 3911/166/1661 3909/166/1771
f 3912/166/1662 3914/166/1660 3908/166/1659 3911/166/1661
f 3910/166/1636 3952/166/1527 3913/166/1663 3912/166/1662
f 3912/166/1662 3913/166/1663 3916/166/1664 3914/166/1660
f 3916/166/1664 3918/166/1666 3915/166/1658 3914/166/1660
f 3908/166/1659 3914/166/1660 3915/166/1658 3953/166/1657
f 3917/166/1595 3916/166/1664 3913/166/1663 3952/166/1527
f 3918/166/1666 3916/166/1664 3917/166/1595 3919/166/1665
f 3918/166/1666 3919/166/1665 3920/166/1656 3915/166/1658
f 3919/166/1665 3917/166/1595 3921/166/1635 3920/166/1656
f 3953/166/1657 3915/166/1658 3920/166/1656 3907/166/1770
f 3907/166/1770 3920/166/1656 3922/166/1654 3905/166/1652
f 3920/166/1656 3921/166/1635 3924/166/1632 3922/166/1654
f 3922/166/1654 3832/166/1588 3830/166/1587 3923/166/1586
f 3905/166/1652 3922/166/1654 3923/166/1586 3937/166/1653
f 3924/166/1632 3925/166/1590 3832/166/1588 3922/166/1654
f 3928/166/1592 3925/166/1590 3924/166/1632 3926/166/1631
f 3924/166/1632 3921/166/1635 3910/166/1636 3926/166/1631
f 3927/166/1630 3926/166/1631 3901/166/1769 3936/166/1634
f 3929/166/1629 3928/166/1592 3926/166/1631 3927/166/1630
f 3929/166/1629 3932/166/1628 3930/166/1593 3928/166/1592
f 3928/166/1592 3930/166/1593 3833/166/1764 3925/166/1590
f 3930/166/1593 3931/166/1594 3835/166/1591 3833/166/1764
f 3932/166/1628 3933/166/1599 3931/166/1594 3930/166/1593
f 3927/166/1630 3883/166/1626 3932/166/1628 3929/166/1629
f 3932/166/1628 3879/166/1627 3877/166/1604 3933/166/1599
f 3933/166/1599 3877/166/1604 3873/166/1602 3934/166/1600
f 3933/166/1599 3934/166/1600 3935/166/1596 3931/166/1594
f 3935/166/1596 3934/166/1600 3851/166/1601 3842/166/1598
f 3931/166/1594 3935/166/1596 3837/166/1595 3835/166/1591
f 3936/166/1634 3885/166/1625 3883/166/1626 3927/166/1630
f 3829/166/1585 3938/166/1667 3937/166/1653 3923/166/1586
f 3938/166/1667 3940/166/1650 3939/166/1651 3937/166/1653
f 3903/166/1649 3905/166/1652 3937/166/1653 3939/166/1651
f 3940/166/1650 3941/166/1648 3903/166/1649 3939/166/1651
f 3945/166/1668 3942/166/1669 3940/166/1650 3938/166/1667
f 3790/166/1759 3950/166/1544 3941/166/1648 3940/166/1650
f 3942/166/1669 3943/166/1541 3790/166/1759 3940/166/1650
f 3944/166/1671 3947/166/1673 3943/166/1541 3942/166/1669
f 3946/166/1670 3944/166/1671 3942/166/1669 3945/166/1668
f 3826/166/1584 3945/166/1668 3938/166/1667 3829/166/1585
f 3818/166/1672 3946/166/1670 3945/166/1668 3826/166/1584
f 3819/166/1571 3947/166/1673 3944/166/1671 3946/166/1670
f 3949/166/1674 3948/166/1675 3947/166/1673 3819/166/1571
f 3947/166/1673 3948/166/1675 3789/166/1537 3943/166/1541
f 3948/166/1675 3949/166/1674 3794/166/1538 3789/166/1537
f 3949/166/1674 3819/166/1571 3815/166/1548 3794/166/1538
f 3950/166/1544 3951/166/1647 3899/166/1644 3941/166/1648
f 3791/166/1543 3844/166/1676 3951/166/1647 3950/166/1544
f 3951/166/1647 3844/166/1676 3846/166/1677 3898/166/1768
f 3921/166/1635 3917/166/1595 3952/166/1527 3910/166/1636
f 3898/166/1768 3846/166/1677 3849/166/1680 3895/166/1767
f 3983/166/1700 3957/166/1772 3954/166/1702 3955/166/1703
f 3954/166/1702 3956/166/1704 3997/166/1705 3955/166/1703
f 3958/166/1706 3960/166/1707 3956/166/1704 3954/166/1702
f 3957/166/1772 3959/166/1708 3958/166/1706 3954/166/1702
f 3959/166/1708 3964/166/1709 3962/166/1710 3958/166/1706
f 3961/166/1773 3996/166/1712 3960/166/1707 3958/166/1706
f 3958/166/1706 3962/166/1710 3965/166/1713 3961/166/1773
f 3964/166/1709 3981/166/1716 3963/166/1774 3962/166/1710
f 3962/166/1710 3963/166/1774 3967/166/1775 3965/166/1713
f 3961/166/1773 3965/166/1713 3966/166/1718 3982/166/1776
f 3965/166/1713 3967/166/1775 3968/166/1777 3966/166/1718
f 3967/166/1775 3969/166/1723 3970/166/1722 3968/166/1777
f 3963/166/1774 3971/166/1778 3969/166/1723 3967/166/1775
f 3969/166/1723 3972/166/1779 3973/166/1725 3970/166/1722
f 3971/166/1778 3974/166/1780 3972/166/1779 3969/166/1723
f 3972/166/1779 3975/166/1727 3976/166/1728 3973/166/1725
f 3974/166/1780 3977/166/1730 3975/166/1727 3972/166/1779
f 3975/166/1727 3977/166/1730 3978/166/1729 3976/166/1728
f 3979/166/1726 3978/166/1729 3977/166/1730 3974/166/1780
f 3973/166/1725 3976/166/1728 3978/166/1729 3979/166/1726
f 3970/166/1722 3973/166/1725 3979/166/1726 3980/166/1720
f 3980/166/1720 3979/166/1726 3974/166/1780 3971/166/1778
f 3968/166/1777 3970/166/1722 3980/166/1720 3981/166/1716
f 3981/166/1716 3980/166/1720 3971/166/1778 3963/166/1774
f 3966/166/1718 3968/166/1777 3981/166/1716 3964/166/1709
f 3982/166/1776 3966/166/1718 3964/166/1709 3959/166/1708
f 3982/166/1776 3983/166/1700 3955/166/1703 3961/166/1773
f 3982/166/1776 3984/166/1732 3987/166/1733 3983/166/1700
f 3959/166/1708 3985/166/1734 3984/166/1732 3982/166/1776
f 3985/166/1734 3995/166/1735 3986/166/1736 3984/166/1732
f 3986/166/1736 3989/166/1737 3988/166/1738 3984/166/1732
f 3984/166/1732 3988/166/1738 3990/166/1739 3987/166/1733
f 3988/166/1738 3989/166/1737 3991/166/1740 3990/166/1739
f 3987/166/1733 3990/166/1739 3991/166/1740 3992/166/1741
f 3992/166/1741 3991/166/1740 3989/166/1737 3986/166/1736
f 3987/166/1733 3992/166/1741 3993/166/1781 3994/166/1743
f 3986/166/1736 3995/166/1735 3993/166/1781 3992/166/1741
f 3994/166/1743 3993/166/1781 3995/166/1735 3985/166/1734
f 3957/166/1772 3994/166/1743 3985/166/1734 3959/166/1708
f 3983/166/1700 3987/166/1733 3994/166/1743 3957/166/1772
f 3955/166/1703 3997/166/1705 3996/166/1712 3961/166/1773
f 3997/166/1705 4001/166/1748 3999/166/1744 3996/166/1712
f 3996/166/1712 3998/166/1746 4005/166/1747 3960/166/1707
f 3996/166/1712 3999/166/1744 4000/166/1782 3998/166/1746
f 4001/166/1748 4002/166/1751 4000/166/1782 3999/166/1744
f 4003/166/1750 4002/166/1751 4001/166/1748 3997/166/1705
f 3998/166/1746 4000/166/1782 4002/166/1751 4003/166/1750
f 3956/166/1704 4004/166/1783 4003/166/1750 3997/166/1705
f 4003/166/1750 4004/166/1783 4005/166/1747 3998/166/1746
f 3960/166/1707 4005/166/1747 4004/166/1783 3956/166/1704
usemtl Material.202
f 4007/166/1485 4012/166/1486 4010/166/1487 4006/166/1488
f 4051/166/1489 4007/166/1485 4006/166/1488 4008/166/1490
f 4006/166/1488 4009/166/1491 4035/166/1492 4008/166/1490
f 4010/166/1487 4011/166/1493 4009/166/1491 4006/166/1488
f 4014/166/1494 4017/166/1495 4011/166/1493 4010/166/1487
f 4012/166/1486 4048/166/1496 4013/166/1497 4010/166/1487
f 4015/166/1498 4014/166/1494 4010/166/1487 4013/166/1497
f 4022/166/1501 4016/166/1499 4014/166/1494 4015/166/1498
f 4016/166/1499 4018/166/1500 4017/166/1495 4014/166/1494
f 4018/166/1500 4021/166/1504 4019/166/1502 4017/166/1495
f 4017/166/1495 4019/166/1502 4020/166/1503 4011/166/1493
f 4019/166/1502 4015/166/1498 4013/166/1497 4020/166/1503
f 4021/166/1504 4022/166/1501 4015/166/1498 4019/166/1502
f 4023/166/1784 4024/166/1506 4022/166/1501 4021/166/1504
f 4026/166/1516 4023/166/1784 4021/166/1504 4018/166/1500
f 4025/166/1508 4030/166/1509 4024/166/1506 4023/166/1784
f 4027/166/1756 4025/166/1508 4023/166/1784 4026/166/1516
f 4029/166/1510 4027/166/1756 4026/166/1516 4028/166/1785
f 4028/166/1785 4026/166/1516 4018/166/1500 4016/166/1499
f 4030/166/1509 4029/166/1510 4028/166/1785 4024/166/1506
f 4024/166/1506 4028/166/1785 4016/166/1499 4022/166/1501
f 4032/166/1512 4031/166/1513 4029/166/1510 4030/166/1509
f 4031/166/1513 4033/166/1755 4027/166/1756 4029/166/1510
f 4033/166/1755 4031/166/1513 4032/166/1512 4034/166/1511
f 4033/166/1755 4034/166/1511 4025/166/1508 4027/166/1756
f 4034/166/1511 4032/166/1512 4030/166/1509 4025/166/1508
f 4008/166/1490 4035/166/1492 4020/166/1503 4013/166/1497
f 4040/166/1517 4036/166/1518 4020/166/1503 4035/166/1492
f 4036/166/1518 4037/166/1519 4011/166/1493 4020/166/1503
f 4038/166/1520 4047/166/1521 4037/166/1519 4036/166/1518
f 4039/166/1522 4045/166/1523 4038/166/1520 4036/166/1518
f 4043/166/1524 4039/166/1522 4036/166/1518 4040/166/1517
f 4041/166/1528 4040/166/1517 4035/166/1492 4009/166/1491
f 4046/166/1527 4042/166/1757 4040/166/1517 4041/166/1528
f 4044/166/1525 4043/166/1524 4040/166/1517 4042/166/1757
f 4044/166/1525 4045/166/1523 4039/166/1522 4043/166/1524
f 4045/166/1523 4044/166/1525 4042/166/1757 4038/166/1520
f 4046/166/1527 4047/166/1521 4038/166/1520 4042/166/1757
f 4047/166/1521 4046/166/1527 4041/166/1528 4037/166/1519
f 4037/166/1519 4041/166/1528 4009/166/1491 4011/166/1493
f 4048/166/1496 4051/166/1489 4008/166/1490 4013/166/1497
f 4055/166/1533 4050/166/1529 4048/166/1496 4049/166/1532
f 4057/166/1758 4049/166/1532 4048/166/1496 4012/166/1486
f 4050/166/1529 4053/166/1530 4051/166/1489 4048/166/1496
f 4052/166/1535 4056/166/1536 4007/166/1485 4051/166/1489
f 4053/166/1530 4054/166/1534 4052/166/1535 4051/166/1489
f 4055/166/1533 4054/166/1534 4053/166/1530 4050/166/1529
f 4054/166/1534 4055/166/1533 4049/166/1532 4052/166/1535
f 4057/166/1758 4056/166/1536 4052/166/1535 4049/166/1532
f 4056/166/1536 4057/166/1758 4012/166/1486 4007/166/1485
f 4059/166/1537 4064/166/1538 4062/166/1539 4058/166/1540
f 4093/166/1541 4059/166/1537 4058/166/1540 4060/166/1542
f 4058/166/1540 4061/166/1543 4204/166/1544 4060/166/1542
f 4058/166/1540 4062/166/1539 4063/166/1545 4061/166/1543
f 4062/166/1539 4066/166/1546 4127/166/1547 4063/166/1545
f 4064/166/1538 4087/166/1548 4065/166/1549 4062/166/1539
f 4070/166/1550 4067/166/1551 4062/166/1539 4065/166/1549
f 4067/166/1551 4068/166/1552 4066/166/1546 4062/166/1539
f 4069/166/1553 4075/166/1554 4068/166/1552 4067/166/1551
f 4071/166/1555 4069/166/1553 4067/166/1551 4070/166/1550
f 4074/166/1558 4071/166/1555 4070/166/1550 4072/166/1556
f 4072/166/1556 4070/166/1550 4065/166/1549 4073/166/1557
f 4068/166/1552 4072/166/1556 4073/166/1557 4066/166/1546
f 4075/166/1554 4074/166/1558 4072/166/1556 4068/166/1552
f 4077/166/1562 4076/166/1561 4074/166/1558 4075/166/1554
f 4076/166/1561 4079/166/1559 4071/166/1555 4074/166/1558
f 4083/166/1563 4078/166/1564 4076/166/1561 4077/166/1562
f 4078/166/1564 4081/166/1565 4079/166/1559 4076/166/1561
f 4079/166/1559 4080/166/1560 4069/166/1553 4071/166/1555
f 4081/166/1565 4082/166/1566 4080/166/1560 4079/166/1559
f 4083/166/1563 4082/166/1566 4081/166/1565 4078/166/1564
f 4082/166/1566 4083/166/1563 4077/166/1562 4080/166/1560
f 4080/166/1560 4077/166/1562 4075/166/1554 4069/166/1553
f 4084/166/1567 4085/166/1568 4066/166/1546 4073/166/1557
f 4087/166/1548 4084/166/1567 4073/166/1557 4065/166/1549
f 4086/166/1569 4123/166/1570 4085/166/1568 4084/166/1567
f 4088/166/1571 4086/166/1569 4084/166/1567 4087/166/1548
f 4090/166/1674 4088/166/1571 4087/166/1548 4064/166/1538
f 4086/166/1569 4088/166/1571 4089/166/1670 4100/166/1672
f 4088/166/1571 4091/166/1673 4094/166/1671 4089/166/1670
f 4090/166/1674 4092/166/1675 4091/166/1673 4088/166/1571
f 4091/166/1673 4092/166/1675 4059/166/1537 4093/166/1541
f 4094/166/1671 4091/166/1673 4093/166/1541 4095/166/1669
f 4089/166/1670 4094/166/1671 4095/166/1669 4097/166/1668
f 4095/166/1669 4093/166/1541 4060/166/1542 4096/166/1650
f 4097/166/1668 4095/166/1669 4096/166/1650 4098/166/1667
f 4099/166/1584 4097/166/1668 4098/166/1667 4102/166/1585
f 4100/166/1672 4089/166/1670 4097/166/1668 4099/166/1584
f 4125/166/1578 4100/166/1672 4099/166/1584 4101/166/1579
f 4101/166/1579 4099/166/1584 4102/166/1585 4103/166/1580
f 4103/166/1580 4102/166/1585 4104/166/1586 4106/166/1587
f 4102/166/1585 4098/166/1667 4105/166/1653 4104/166/1586
f 4108/166/1786 4107/166/1654 4104/166/1586 4105/166/1653
f 4107/166/1654 4111/166/1588 4106/166/1587 4104/166/1586
f 4185/166/1770 4109/166/1656 4107/166/1654 4108/166/1786
f 4109/166/1656 4199/166/1635 4110/166/1632 4107/166/1654
f 4110/166/1632 4112/166/1590 4111/166/1588 4107/166/1654
f 4114/166/1764 4113/166/1787 4111/166/1588 4112/166/1590
f 4113/166/1787 4103/166/1580 4106/166/1587 4111/166/1588
f 4116/166/1591 4115/166/1762 4113/166/1787 4114/166/1764
f 4115/166/1762 4118/166/1576 4103/166/1580 4113/166/1787
f 4126/166/1595 4117/166/1581 4115/166/1762 4116/166/1591
f 4117/166/1581 4120/166/1573 4118/166/1576 4115/166/1762
f 4121/166/1572 4119/166/1575 4118/166/1576 4120/166/1573
f 4119/166/1575 4101/166/1579 4103/166/1580 4118/166/1576
f 4066/166/1546 4120/166/1573 4117/166/1581 4127/166/1547
f 4085/166/1568 4121/166/1572 4120/166/1573 4066/166/1546
f 4123/166/1570 4122/166/1574 4121/166/1572 4085/166/1568
f 4122/166/1574 4124/166/1577 4119/166/1575 4121/166/1572
f 4122/166/1574 4123/166/1570 4086/166/1569 4124/166/1577
f 4124/166/1577 4086/166/1569 4100/166/1672 4125/166/1578
f 4124/166/1577 4125/166/1578 4101/166/1579 4119/166/1575
f 4127/166/1547 4117/166/1581 4126/166/1595 4128/166/1597
f 4063/166/1545 4127/166/1547 4128/166/1597 4129/166/1597
f 4128/166/1597 4130/166/1598 4131/166/1678 4129/166/1597
f 4126/166/1595 4133/166/1596 4130/166/1598 4128/166/1597
f 4130/166/1598 4132/166/1601 4158/166/1679 4131/166/1678
f 4133/166/1596 4134/166/1600 4132/166/1601 4130/166/1598
f 4137/166/1788 4134/166/1600 4133/166/1596 4135/166/1594
f 4135/166/1594 4133/166/1596 4126/166/1595 4116/166/1591
f 4136/166/1593 4135/166/1594 4116/166/1591 4114/166/1764
f 4139/166/1628 4137/166/1788 4135/166/1594 4136/166/1593
f 4137/166/1788 4138/166/1604 4149/166/1789 4134/166/1600
f 4139/166/1628 4142/166/1627 4138/166/1604 4137/166/1788
f 4140/166/1629 4139/166/1628 4136/166/1593 4201/166/1592
f 4200/166/1630 4141/166/1626 4139/166/1628 4140/166/1629
f 4141/166/1626 4143/166/1623 4142/166/1627 4139/166/1628
f 4142/166/1627 4144/166/1614 4146/166/1605 4138/166/1604
f 4143/166/1623 4145/166/1613 4144/166/1614 4142/166/1627
f 4145/166/1613 4147/166/1610 4146/166/1605 4144/166/1614
f 4138/166/1604 4146/166/1605 4148/166/1606 4149/166/1789
f 4147/166/1610 4150/166/1607 4148/166/1606 4146/166/1605
f 4149/166/1789 4148/166/1606 4150/166/1607 4151/166/1603
f 4151/166/1603 4150/166/1607 4147/166/1610 4152/166/1608
f 4134/166/1600 4149/166/1789 4151/166/1603 4132/166/1601
f 4132/166/1601 4151/166/1603 4152/166/1608 4153/166/1609
f 4152/166/1608 4147/166/1610 4156/166/1766 4154/166/1765
f 4153/166/1609 4152/166/1608 4154/166/1765 4155/166/1684
f 4155/166/1684 4154/166/1765 4157/166/1617 4158/166/1679
f 4154/166/1765 4156/166/1766 4159/166/1616 4157/166/1617
f 4158/166/1679 4157/166/1617 4160/166/1685 4162/166/1680
f 4157/166/1617 4159/166/1616 4163/166/1619 4160/166/1685
f 4162/166/1680 4160/166/1685 4161/166/1686 4172/166/1767
f 4160/166/1685 4163/166/1619 4164/166/1618 4161/166/1686
f 4164/166/1618 4163/166/1619 4159/166/1616 4156/166/1766
f 4165/166/1620 4164/166/1618 4156/166/1766 4167/166/1611
f 4161/166/1686 4164/166/1618 4165/166/1620 4166/166/1621
f 4166/166/1621 4165/166/1620 4167/166/1611 4168/166/1622
f 4167/166/1611 4156/166/1766 4147/166/1610 4145/166/1613
f 4168/166/1622 4167/166/1611 4145/166/1613 4143/166/1623
f 4169/166/1625 4168/166/1622 4143/166/1623 4141/166/1626
f 4171/166/1624 4166/166/1621 4168/166/1622 4169/166/1625
f 4170/166/1634 4169/166/1625 4141/166/1626 4200/166/1630
f 4173/166/1642 4171/166/1624 4169/166/1625 4170/166/1634
f 4174/166/1643 4175/166/1645 4172/166/1767 4171/166/1624
f 4172/166/1767 4161/166/1686 4166/166/1621 4171/166/1624
f 4177/166/1640 4174/166/1643 4171/166/1624 4173/166/1642
f 4176/166/1644 4205/166/1647 4175/166/1645 4174/166/1643
f 4179/166/1639 4176/166/1644 4174/166/1643 4177/166/1640
f 4178/166/1790 4181/166/1638 4179/166/1639 4177/166/1640
f 4170/166/1634 4178/166/1790 4177/166/1640 4173/166/1642
f 4203/166/1648 4176/166/1644 4179/166/1639 4180/166/1649
f 4179/166/1639 4181/166/1638 4108/166/1786 4180/166/1649
f 4182/166/1641 4185/166/1770 4108/166/1786 4181/166/1638
f 4178/166/1790 4184/166/1637 4182/166/1641 4181/166/1638
f 4184/166/1637 4196/166/1661 4183/166/1659 4182/166/1641
f 4183/166/1659 4186/166/1657 4185/166/1770 4182/166/1641
f 4186/166/1657 4187/166/1658 4109/166/1656 4185/166/1770
f 4183/166/1659 4188/166/1660 4187/166/1658 4186/166/1657
f 4191/166/1664 4189/166/1666 4187/166/1658 4188/166/1660
f 4189/166/1666 4190/166/1665 4109/166/1656 4187/166/1658
f 4189/166/1666 4191/166/1664 4192/166/1595 4190/166/1665
f 4192/166/1595 4191/166/1664 4193/166/1663 4194/166/1527
f 4195/166/1662 4193/166/1663 4191/166/1664 4188/166/1660
f 4197/166/1636 4194/166/1527 4193/166/1663 4195/166/1662
f 4195/166/1662 4188/166/1660 4183/166/1659 4196/166/1661
f 4197/166/1636 4195/166/1662 4196/166/1661 4184/166/1637
f 4110/166/1632 4199/166/1635 4197/166/1636 4198/166/1631
f 4198/166/1631 4197/166/1636 4184/166/1637 4178/166/1790
f 4199/166/1635 4192/166/1595 4194/166/1527 4197/166/1636
f 4190/166/1665 4192/166/1595 4199/166/1635 4109/166/1656
f 4200/166/1630 4198/166/1631 4178/166/1790 4170/166/1634
f 4140/166/1629 4201/166/1592 4198/166/1631 4200/166/1630
f 4201/166/1592 4112/166/1590 4110/166/1632 4198/166/1631
f 4201/166/1592 4136/166/1593 4114/166/1764 4112/166/1590
f 4096/166/1650 4203/166/1648 4180/166/1649 4202/166/1651
f 4180/166/1649 4108/166/1786 4105/166/1653 4202/166/1651
f 4204/166/1544 4205/166/1647 4176/166/1644 4203/166/1648
f 4060/166/1542 4204/166/1544 4203/166/1648 4096/166/1650
f 4061/166/1543 4206/166/1676 4205/166/1647 4204/166/1544
f 4205/166/1647 4206/166/1676 4207/166/1677 4175/166/1645
f 4129/166/1597 4131/166/1678 4207/166/1677 4206/166/1676
f 4061/166/1543 4063/166/1545 4129/166/1597 4206/166/1676
f 4131/166/1678 4158/166/1679 4162/166/1680 4207/166/1677
f 4175/166/1645 4207/166/1677 4162/166/1680 4172/166/1767
f 4098/166/1667 4096/166/1650 4202/166/1651 4105/166/1653
f 4158/166/1679 4208/166/1682 4210/166/1683 4155/166/1684
f 4132/166/1601 4209/166/1681 4208/166/1682 4158/166/1679
f 4209/166/1681 4212/166/1691 4211/166/1688 4208/166/1682
f 4208/166/1682 4211/166/1688 4213/166/1689 4210/166/1683
f 4212/166/1691 4215/166/1692 4214/166/1693 4211/166/1688
f 4211/166/1688 4214/166/1693 4216/166/1698 4213/166/1689
f 4215/166/1692 4218/166/1695 4217/166/1696 4214/166/1693
f 4214/166/1693 4217/166/1696 4219/166/1699 4216/166/1698
f 4219/166/1699 4217/166/1696 4218/166/1695 4220/166/1697
f 4216/166/1698 4219/166/1699 4220/166/1697 4221/166/1694
f 4221/166/1694 4220/166/1697 4218/166/1695 4215/166/1692
f 4222/166/1690 4221/166/1694 4215/166/1692 4212/166/1691
f 4213/166/1689 4216/166/1698 4221/166/1694 4222/166/1690
f 4223/166/1687 4222/166/1690 4212/166/1691 4209/166/1681
f 4210/166/1683 4213/166/1689 4222/166/1690 4223/166/1687
f 4153/166/1609 4223/166/1687 4209/166/1681 4132/166/1601
f 4155/166/1684 4210/166/1683 4223/166/1687 4153/166/1609
f 4092/166/1675 4090/166/1674 4064/166/1538 4059/166/1537
f 4253/166/1700 4227/166/1772 4224/166/1702 4225/166/1703
f 4224/166/1702 4226/166/1704 4269/166/1705 4225/166/1703
f 4228/166/1706 4230/166/1791 4226/166/1704 4224/166/1702
f 4227/166/1772 4229/166/1708 4228/166/1706 4224/166/1702
f 4229/166/1708 4235/166/1709 4232/166/1710 4228/166/1706
f 4231/166/1773 4266/166/1712 4230/166/1791 4228/166/1706
f 4228/166/1706 4232/166/1710 4233/166/1713 4231/166/1773
f 4232/166/1710 4234/166/1774 4251/166/1775 4233/166/1713
f 4235/166/1709 4237/166/1716 4234/166/1774 4232/166/1710
f 4252/166/1776 4236/166/1718 4235/166/1709 4229/166/1708
f 4236/166/1718 4238/166/1777 4237/166/1716 4235/166/1709
f 4238/166/1777 4241/166/1792 4239/166/1720 4237/166/1716
f 4237/166/1716 4239/166/1720 4242/166/1721 4234/166/1774
f 4241/166/1792 4247/166/1725 4240/166/1726 4239/166/1720
f 4239/166/1720 4240/166/1726 4244/166/1780 4242/166/1721
f 4234/166/1774 4242/166/1721 4243/166/1793 4251/166/1775
f 4242/166/1721 4244/166/1780 4246/166/1779 4243/166/1793
f 4240/166/1726 4250/166/1729 4245/166/1730 4244/166/1780
f 4244/166/1780 4245/166/1730 4248/166/1727 4246/166/1779
f 4243/166/1793 4246/166/1779 4247/166/1725 4241/166/1792
f 4246/166/1779 4248/166/1727 4249/166/1794 4247/166/1725
f 4248/166/1727 4245/166/1730 4250/166/1729 4249/166/1794
f 4247/166/1725 4249/166/1794 4250/166/1729 4240/166/1726
f 4251/166/1775 4243/166/1793 4241/166/1792 4238/166/1777
f 4233/166/1713 4251/166/1775 4238/166/1777 4236/166/1718
f 4231/166/1773 4233/166/1713 4236/166/1718 4252/166/1776
f 4252/166/1776 4253/166/1700 4225/166/1703 4231/166/1773
f 4252/166/1776 4254/166/1732 4257/166/1733 4253/166/1700
f 4229/166/1708 4255/166/1734 4254/166/1732 4252/166/1776
f 4255/166/1734 4265/166/1735 4256/166/1736 4254/166/1732
f 4256/166/1736 4259/166/1737 4258/166/1738 4254/166/1732
f 4254/166/1732 4258/166/1738 4260/166/1739 4257/166/1733
f 4258/166/1738 4259/166/1737 4261/166/1740 4260/166/1739
f 4257/166/1733 4260/166/1739 4261/166/1740 4262/166/1741
f 4262/166/1741 4261/166/1740 4259/166/1737 4256/166/1736
f 4256/166/1736 4265/166/1735 4263/166/1742 4262/166/1741
f 4257/166/1733 4262/166/1741 4263/166/1742 4264/166/1743
f 4264/166/1743 4263/166/1742 4265/166/1735 4255/166/1734
f 4227/166/1772 4264/166/1743 4255/166/1734 4229/166/1708
f 4253/166/1700 4257/166/1733 4264/166/1743 4227/166/1772
f 4225/166/1703 4269/166/1705 4266/166/1712 4231/166/1773
f 4266/166/1712 4267/166/1746 4275/166/1747 4230/166/1791
f 4266/166/1712 4268/166/1744 4273/166/1745 4267/166/1746
f 4269/166/1705 4271/166/1748 4268/166/1744 4266/166/1712
f 4226/166/1704 4274/166/1783 4270/166/1750 4269/166/1705
f 4270/166/1750 4272/166/1751 4271/166/1748 4269/166/1705
f 4271/166/1748 4272/166/1751 4273/166/1745 4268/166/1744
f 4267/166/1746 4273/166/1745 4272/166/1751 4270/166/1750
f 4270/166/1750 4274/166/1783 4275/166/1747 4267/166/1746
f 4230/166/1791 4275/166/1747 4274/166/1783 4226/166/1704
usemtl Material.203
f 4277/166/1485 4282/166/1486 4280/166/1487 4276/166/1488
f 4321/166/1489 4277/166/1485 4276/166/1488 4278/166/1490
f 4276/166/1488 4279/166/1491 4292/166/1492 4278/166/1490
f 4280/166/1487 4281/166/1493 4279/166/1491 4276/166/1488
f 4284/166/1494 4287/166/1495 4281/166/1493 4280/166/1487
f 4282/166/1486 4318/166/1496 4283/166/1497 4280/166/1487
f 4285/166/1498 4284/166/1494 4280/166/1487 4283/166/1497
f 4305/166/1501 4286/166/1753 4284/166/1494 4285/166/1498
f 4286/166/1753 4288/166/1500 4287/166/1495 4284/166/1494
f 4288/166/1500 4290/166/1754 4289/166/1502 4287/166/1495
f 4287/166/1495 4289/166/1502 4291/166/1503 4281/166/1493
f 4290/166/1754 4305/166/1501 4285/166/1498 4289/166/1502
f 4289/166/1502 4285/166/1498 4283/166/1497 4291/166/1503
f 4278/166/1490 4292/166/1492 4291/166/1503 4283/166/1497
f 4297/166/1517 4293/166/1518 4291/166/1503 4292/166/1492
f 4293/166/1518 4294/166/1519 4281/166/1493 4291/166/1503
f 4295/166/1520 4302/166/1521 4294/166/1519 4293/166/1518
f 4296/166/1522 4304/166/1523 4295/166/1520 4293/166/1518
f 4299/166/1524 4296/166/1522 4293/166/1518 4297/166/1517
f 4303/166/1525 4299/166/1524 4297/166/1517 4298/166/1526
f 4301/166/1527 4298/166/1526 4297/166/1517 4300/166/1528
f 4300/166/1528 4297/166/1517 4292/166/1492 4279/166/1491
f 4294/166/1519 4300/166/1528 4279/166/1491 4281/166/1493
f 4302/166/1521 4301/166/1527 4300/166/1528 4294/166/1519
f 4301/166/1527 4302/166/1521 4295/166/1520 4298/166/1526
f 4303/166/1525 4304/166/1523 4296/166/1522 4299/166/1524
f 4304/166/1523 4303/166/1525 4298/166/1526 4295/166/1520
f 4306/166/1505 4307/166/1795 4305/166/1501 4290/166/1754
f 4309/166/1516 4306/166/1505 4290/166/1754 4288/166/1500
f 4308/166/1508 4317/166/1509 4307/166/1795 4306/166/1505
f 4311/166/1756 4308/166/1508 4306/166/1505 4309/166/1516
f 4310/166/1507 4309/166/1516 4288/166/1500 4286/166/1753
f 4312/166/1510 4311/166/1756 4309/166/1516 4310/166/1507
f 4313/166/1514 4315/166/1511 4308/166/1508 4311/166/1756
f 4314/166/1513 4313/166/1514 4311/166/1756 4312/166/1510
f 4313/166/1514 4314/166/1513 4316/166/1512 4315/166/1511
f 4315/166/1511 4316/166/1512 4317/166/1509 4308/166/1508
f 4316/166/1512 4314/166/1513 4312/166/1510 4317/166/1509
f 4317/166/1509 4312/166/1510 4310/166/1507 4307/166/1795
f 4307/166/1795 4310/166/1507 4286/166/1753 4305/166/1501
f 4318/166/1496 4321/166/1489 4278/166/1490 4283/166/1497
f 4325/166/1533 4320/166/1529 4318/166/1496 4319/166/1532
f 4327/166/1758 4319/166/1532 4318/166/1496 4282/166/1486
f 4320/166/1529 4323/166/1530 4321/166/1489 4318/166/1496
f 4322/166/1535 4326/166/1796 4277/166/1485 4321/166/1489
f 4323/166/1530 4324/166/1534 4322/166/1535 4321/166/1489
f 4325/166/1533 4324/166/1534 4323/166/1530 4320/166/1529
f 4324/166/1534 4325/166/1533 4319/166/1532 4322/166/1535
f 4327/166/1758 4326/166/1796 4322/166/1535 4319/166/1532
f 4326/166/1796 4327/166/1758 4282/166/1486 4277/166/1485
f 4329/166/1537 4334/166/1538 4332/166/1539 4328/166/1540
f 4475/166/1541 4329/166/1537 4328/166/1540 4330/166/1542
f 4328/166/1540 4331/166/1543 4410/166/1544 4330/166/1542
f 4328/166/1540 4332/166/1539 4333/166/1545 4331/166/1543
f 4332/166/1539 4336/166/1546 4372/166/1547 4333/166/1545
f 4334/166/1538 4356/166/1548 4335/166/1549 4332/166/1539
f 4340/166/1550 4337/166/1551 4332/166/1539 4335/166/1549
f 4337/166/1551 4338/166/1552 4336/166/1546 4332/166/1539
f 4339/166/1553 4345/166/1554 4338/166/1552 4337/166/1551
f 4342/166/1555 4339/166/1553 4337/166/1551 4340/166/1550
f 4341/166/1556 4340/166/1550 4335/166/1549 4353/166/1557
f 4344/166/1558 4342/166/1555 4340/166/1550 4341/166/1556
f 4343/166/1559 4349/166/1560 4339/166/1553 4342/166/1555
f 4346/166/1561 4343/166/1559 4342/166/1555 4344/166/1558
f 4345/166/1554 4344/166/1558 4341/166/1556 4338/166/1552
f 4348/166/1562 4346/166/1561 4344/166/1558 4345/166/1554
f 4347/166/1564 4352/166/1565 4343/166/1559 4346/166/1561
f 4350/166/1563 4347/166/1564 4346/166/1561 4348/166/1562
f 4349/166/1560 4348/166/1562 4345/166/1554 4339/166/1553
f 4351/166/1566 4350/166/1563 4348/166/1562 4349/166/1560
f 4350/166/1563 4351/166/1566 4352/166/1565 4347/166/1564
f 4352/166/1565 4351/166/1566 4349/166/1560 4343/166/1559
f 4338/166/1552 4341/166/1556 4353/166/1557 4336/166/1546
f 4356/166/1548 4354/166/1567 4353/166/1557 4335/166/1549
f 4354/166/1567 4357/166/1568 4336/166/1546 4353/166/1557
f 4355/166/1760 4358/166/1570 4357/166/1568 4354/166/1567
f 4472/166/1571 4355/166/1760 4354/166/1567 4356/166/1548
f 4357/166/1568 4359/166/1572 4360/166/1573 4336/166/1546
f 4358/166/1570 4361/166/1574 4359/166/1572 4357/166/1568
f 4359/166/1572 4362/166/1575 4365/166/1797 4360/166/1573
f 4361/166/1574 4363/166/1577 4362/166/1575 4359/166/1572
f 4363/166/1577 4477/166/1578 4364/166/1579 4362/166/1575
f 4362/166/1575 4364/166/1579 4366/166/1580 4365/166/1797
f 4367/166/1582 4365/166/1797 4366/166/1580 4368/166/1787
f 4370/166/1581 4360/166/1573 4365/166/1797 4367/166/1582
f 4369/166/1591 4367/166/1582 4368/166/1787 4455/166/1589
f 4371/166/1595 4370/166/1581 4367/166/1582 4369/166/1591
f 4372/166/1547 4370/166/1581 4371/166/1595 4373/166/1597
f 4336/166/1546 4360/166/1573 4370/166/1581 4372/166/1547
f 4333/166/1545 4372/166/1547 4373/166/1597 4374/166/1597
f 4373/166/1597 4375/166/1598 4376/166/1678 4374/166/1597
f 4371/166/1595 4378/166/1596 4375/166/1598 4373/166/1597
f 4375/166/1598 4377/166/1601 4398/166/1679 4376/166/1678
f 4378/166/1596 4380/166/1600 4377/166/1601 4375/166/1598
f 4379/166/1594 4378/166/1596 4371/166/1595 4369/166/1591
f 4382/166/1788 4380/166/1600 4378/166/1596 4379/166/1594
f 4382/166/1788 4384/166/1604 4381/166/1789 4380/166/1600
f 4380/166/1600 4381/166/1789 4391/166/1603 4377/166/1601
f 4383/166/1628 4382/166/1788 4379/166/1594 4454/166/1798
f 4383/166/1628 4385/166/1627 4384/166/1604 4382/166/1788
f 4385/166/1627 4387/166/1614 4386/166/1605 4384/166/1604
f 4384/166/1604 4386/166/1605 4389/166/1606 4381/166/1789
f 4447/166/1613 4388/166/1610 4386/166/1605 4387/166/1614
f 4388/166/1610 4390/166/1607 4389/166/1606 4386/166/1605
f 4381/166/1789 4389/166/1606 4390/166/1607 4391/166/1603
f 4391/166/1603 4390/166/1607 4388/166/1610 4392/166/1608
f 4377/166/1601 4391/166/1603 4392/166/1608 4393/166/1609
f 4393/166/1609 4392/166/1608 4394/166/1615 4395/166/1684
f 4392/166/1608 4388/166/1610 4396/166/1612 4394/166/1615
f 4395/166/1684 4394/166/1615 4397/166/1617 4398/166/1679
f 4394/166/1615 4396/166/1612 4399/166/1616 4397/166/1617
f 4398/166/1679 4397/166/1617 4400/166/1685 4403/166/1680
f 4397/166/1617 4399/166/1616 4401/166/1619 4400/166/1685
f 4400/166/1685 4401/166/1619 4450/166/1618 4402/166/1686
f 4403/166/1680 4400/166/1685 4402/166/1686 4404/166/1767
f 4376/166/1678 4398/166/1679 4403/166/1680 4405/166/1677
f 4406/166/1645 4405/166/1677 4403/166/1680 4404/166/1767
f 4408/166/1647 4407/166/1676 4405/166/1677 4406/166/1645
f 4374/166/1597 4376/166/1678 4405/166/1677 4407/166/1676
f 4331/166/1543 4333/166/1545 4374/166/1597 4407/166/1676
f 4331/166/1543 4407/166/1676 4408/166/1647 4410/166/1544
f 4409/166/1644 4408/166/1647 4406/166/1645 4439/166/1643
f 4410/166/1544 4408/166/1647 4409/166/1644 4411/166/1648
f 4330/166/1542 4410/166/1544 4411/166/1648 4413/166/1650
f 4413/166/1650 4411/166/1648 4412/166/1649 4416/166/1651
f 4411/166/1648 4409/166/1644 4438/166/1799 4412/166/1649
f 4469/166/1668 4414/166/1669 4413/166/1650 4415/166/1667
f 4414/166/1669 4475/166/1541 4330/166/1542 4413/166/1650
f 4415/166/1667 4413/166/1650 4416/166/1651 4417/166/1653
f 4412/166/1649 4419/166/1800 4417/166/1653 4416/166/1651
f 4419/166/1800 4420/166/1654 4418/166/1586 4417/166/1653
f 4466/166/1585 4415/166/1667 4417/166/1653 4418/166/1586
f 4438/166/1799 4421/166/1638 4419/166/1800 4412/166/1649
f 4422/166/1770 4423/166/1656 4420/166/1654 4419/166/1800
f 4424/166/1801 4422/166/1770 4419/166/1800 4421/166/1638
f 4425/166/1657 4426/166/1658 4423/166/1656 4422/166/1770
f 4427/166/1659 4425/166/1657 4422/166/1770 4424/166/1801
f 4427/166/1659 4428/166/1660 4426/166/1658 4425/166/1657
f 4430/166/1662 4428/166/1660 4427/166/1659 4429/166/1661
f 4431/166/1637 4429/166/1661 4427/166/1659 4424/166/1801
f 4432/166/1636 4430/166/1662 4429/166/1661 4431/166/1637
f 4434/166/1631 4432/166/1636 4431/166/1637 4433/166/1633
f 4433/166/1633 4431/166/1637 4424/166/1801 4421/166/1638
f 4433/166/1633 4421/166/1638 4438/166/1799 4436/166/1640
f 4445/166/1630 4434/166/1631 4433/166/1633 4435/166/1634
f 4435/166/1634 4433/166/1633 4436/166/1640 4437/166/1642
f 4436/166/1640 4439/166/1643 4440/166/1624 4437/166/1642
f 4438/166/1799 4409/166/1644 4439/166/1643 4436/166/1640
f 4439/166/1643 4406/166/1645 4404/166/1767 4440/166/1624
f 4404/166/1767 4402/166/1686 4441/166/1621 4440/166/1624
f 4440/166/1624 4441/166/1621 4443/166/1622 4442/166/1625
f 4437/166/1642 4440/166/1624 4442/166/1625 4435/166/1634
f 4435/166/1634 4442/166/1625 4444/166/1626 4445/166/1630
f 4442/166/1625 4443/166/1622 4446/166/1623 4444/166/1626
f 4445/166/1630 4444/166/1626 4383/166/1628 4451/166/1629
f 4444/166/1626 4446/166/1623 4385/166/1627 4383/166/1628
f 4446/166/1623 4447/166/1613 4387/166/1614 4385/166/1627
f 4443/166/1622 4448/166/1611 4447/166/1613 4446/166/1623
f 4448/166/1611 4396/166/1612 4388/166/1610 4447/166/1613
f 4449/166/1620 4450/166/1618 4396/166/1612 4448/166/1611
f 4441/166/1621 4449/166/1620 4448/166/1611 4443/166/1622
f 4402/166/1686 4450/166/1618 4449/166/1620 4441/166/1621
f 4450/166/1618 4401/166/1619 4399/166/1616 4396/166/1612
f 4451/166/1629 4452/166/1592 4434/166/1631 4445/166/1630
f 4451/166/1629 4383/166/1628 4454/166/1798 4452/166/1592
f 4452/166/1592 4453/166/1802 4456/166/1632 4434/166/1631
f 4452/166/1592 4454/166/1798 4455/166/1589 4453/166/1802
f 4454/166/1798 4379/166/1594 4369/166/1591 4455/166/1589
f 4455/166/1589 4368/166/1787 4457/166/1588 4453/166/1802
f 4456/166/1632 4453/166/1802 4457/166/1588 4420/166/1654
f 4420/166/1654 4457/166/1588 4458/166/1587 4418/166/1586
f 4368/166/1787 4366/166/1580 4458/166/1587 4457/166/1588
f 4366/166/1580 4466/166/1585 4418/166/1586 4458/166/1587
f 4456/166/1632 4459/166/1635 4432/166/1636 4434/166/1631
f 4423/166/1656 4459/166/1635 4456/166/1632 4420/166/1654
f 4461/166/1665 4460/166/1595 4459/166/1635 4423/166/1656
f 4459/166/1635 4460/166/1595 4462/166/1527 4432/166/1636
f 4464/166/1666 4463/166/1664 4460/166/1595 4461/166/1665
f 4460/166/1595 4463/166/1664 4465/166/1663 4462/166/1527
f 4463/166/1664 4464/166/1666 4426/166/1658 4428/166/1660
f 4430/166/1662 4465/166/1663 4463/166/1664 4428/166/1660
f 4432/166/1636 4462/166/1527 4465/166/1663 4430/166/1662
f 4464/166/1666 4461/166/1665 4423/166/1656 4426/166/1658
f 4364/166/1579 4467/166/1584 4466/166/1585 4366/166/1580
f 4467/166/1584 4469/166/1668 4415/166/1667 4466/166/1585
f 4477/166/1578 4468/166/1672 4467/166/1584 4364/166/1579
f 4468/166/1672 4470/166/1670 4469/166/1668 4467/166/1584
f 4470/166/1670 4471/166/1671 4414/166/1669 4469/166/1668
f 4472/166/1571 4474/166/1673 4471/166/1671 4470/166/1670
f 4355/166/1760 4472/166/1571 4470/166/1670 4468/166/1672
f 4473/166/1674 4472/166/1571 4356/166/1548 4334/166/1538
f 4473/166/1674 4476/166/1675 4474/166/1673 4472/166/1571
f 4471/166/1671 4474/166/1673 4475/166/1541 4414/166/1669
f 4474/166/1673 4476/166/1675 4329/166/1537 4475/166/1541
f 4476/166/1675 4473/166/1674 4334/166/1538 4329/166/1537
f 4363/166/1577 4355/166/1760 4468/166/1672 4477/166/1578
f 4377/166/1601 4479/166/1681 4478/166/1682 4398/166/1679
f 4398/166/1679 4478/166/1682 4480/166/1683 4395/166/1684
f 4479/166/1681 4482/166/1691 4481/166/1688 4478/166/1682
f 4478/166/1682 4481/166/1688 4483/166/1689 4480/166/1683
f 4482/166/1691 4485/166/1692 4484/166/1693 4481/166/1688
f 4481/166/1688 4484/166/1693 4486/166/1698 4483/166/1689
f 4485/166/1692 4488/166/1695 4487/166/1696 4484/166/1693
f 4484/166/1693 4487/166/1696 4489/166/1699 4486/166/1698
f 4489/166/1699 4487/166/1696 4488/166/1695 4490/166/1697
f 4486/166/1698 4489/166/1699 4490/166/1697 4491/166/1694
f 4491/166/1694 4490/166/1697 4488/166/1695 4485/166/1692
f 4483/166/1689 4486/166/1698 4491/166/1694 4492/166/1690
f 4492/166/1690 4491/166/1694 4485/166/1692 4482/166/1691
f 4493/166/1687 4492/166/1690 4482/166/1691 4479/166/1681
f 4480/166/1683 4483/166/1689 4492/166/1690 4493/166/1687
f 4393/166/1609 4493/166/1687 4479/166/1681 4377/166/1601
f 4395/166/1684 4480/166/1683 4493/166/1687 4393/166/1609
f 4361/166/1574 4358/166/1570 4355/166/1760 4363/166/1577
f 4523/166/1700 4497/166/1772 4494/166/1702 4495/166/1703
f 4494/166/1702 4496/166/1704 4539/166/1705 4495/166/1703
f 4498/166/1706 4500/166/1707 4496/166/1704 4494/166/1702
f 4497/166/1772 4499/166/1708 4498/166/1706 4494/166/1702
f 4499/166/1708 4505/166/1709 4502/166/1710 4498/166/1706
f 4501/166/1711 4536/166/1712 4500/166/1707 4498/166/1706
f 4498/166/1706 4502/166/1710 4503/166/1713 4501/166/1711
f 4502/166/1710 4504/166/1714 4510/166/1775 4503/166/1713
f 4505/166/1709 4507/166/1716 4504/166/1714 4502/166/1710
f 4522/166/1776 4506/166/1718 4505/166/1709 4499/166/1708
f 4506/166/1718 4509/166/1719 4507/166/1716 4505/166/1709
f 4507/166/1716 4508/166/1720 4519/166/1721 4504/166/1714
f 4509/166/1719 4511/166/1722 4508/166/1720 4507/166/1716
f 4503/166/1713 4510/166/1775 4509/166/1719 4506/166/1718
f 4510/166/1775 4512/166/1723 4511/166/1722 4509/166/1719
f 4512/166/1723 4514/166/1779 4513/166/1803 4511/166/1722
f 4511/166/1722 4513/166/1803 4516/166/1804 4508/166/1720
f 4514/166/1779 4521/166/1727 4515/166/1794 4513/166/1803
f 4513/166/1803 4515/166/1794 4517/166/1729 4516/166/1804
f 4508/166/1720 4516/166/1804 4518/166/1780 4519/166/1721
f 4516/166/1804 4517/166/1729 4520/166/1730 4518/166/1780
f 4519/166/1721 4518/166/1780 4514/166/1779 4512/166/1723
f 4518/166/1780 4520/166/1730 4521/166/1727 4514/166/1779
f 4521/166/1727 4520/166/1730 4517/166/1729 4515/166/1794
f 4504/166/1714 4519/166/1721 4512/166/1723 4510/166/1775
f 4501/166/1711 4503/166/1713 4506/166/1718 4522/166/1776
f 4522/166/1776 4523/166/1700 4495/166/1703 4501/166/1711
f 4522/166/1776 4524/166/1732 4527/166/1733 4523/166/1700
f 4499/166/1708 4525/166/1734 4524/166/1732 4522/166/1776
f 4525/166/1734 4535/166/1735 4526/166/1736 4524/166/1732
f 4526/166/1736 4530/166/1737 4528/166/1738 4524/166/1732
f 4524/166/1732 4528/166/1738 4529/166/1739 4527/166/1733
f 4528/166/1738 4530/166/1737 4531/166/1740 4529/166/1739
f 4532/166/1805 4531/166/1740 4530/166/1737 4526/166/1736
f 4527/166/1733 4529/166/1739 4531/166/1740 4532/166/1805
f 4526/166/1736 4535/166/1735 4533/166/1742 4532/166/1805
f 4527/166/1733 4532/166/1805 4533/166/1742 4534/166/1743
f 4534/166/1743 4533/166/1742 4535/166/1735 4525/166/1734
f 4523/166/1700 4527/166/1733 4534/166/1743 4497/166/1772
f 4497/166/1772 4534/166/1743 4525/166/1734 4499/166/1708
f 4495/166/1703 4539/166/1705 4536/166/1712 4501/166/1711
f 4536/166/1712 4538/166/1744 4543/166/1782 4537/166/1746
f 4536/166/1712 4537/166/1746 4545/166/1747 4500/166/1707
f 4539/166/1705 4541/166/1748 4538/166/1744 4536/166/1712
f 4496/166/1704 4544/166/1783 4540/166/1750 4539/166/1705
f 4540/166/1750 4542/166/1751 4541/166/1748 4539/166/1705
f 4541/166/1748 4542/166/1751 4543/166/1782 4538/166/1744
f 4537/166/1746 4543/166/1782 4542/166/1751 4540/166/1750
f 4540/166/1750 4544/166/1783 4545/166/1747 4537/166/1746
f 4500/166/1707 4545/166/1747 4544/166/1783 4496/166/1704
usemtl Material.204
f 4707/166/1806 4549/166/1807 4546/166/1808 4547/166/1809
f 4546/166/1808 4548/166/1810 4659/166/1811 4547/166/1809
f 4546/166/1808 4550/166/1812 4552/166/1813 4548/166/1810
f 4549/166/1807 4551/166/1814 4550/166/1812 4546/166/1808
f 4551/166/1814 4573/166/1815 4554/166/1816 4550/166/1812
f 4550/166/1812 4553/166/1817 4666/166/1818 4552/166/1813
f 4555/166/1819 4557/166/1820 4553/166/1817 4550/166/1812
f 4556/166/1821 4555/166/1819 4550/166/1812 4554/166/1816
f 4560/166/1822 4558/166/1823 4555/166/1819 4556/166/1821
f 4558/166/1823 4559/166/1824 4557/166/1820 4555/166/1819
f 4561/166/1825 4564/166/1826 4559/166/1824 4558/166/1823
f 4562/166/1827 4561/166/1825 4558/166/1823 4560/166/1822
f 4568/166/1828 4563/166/1829 4561/166/1825 4562/166/1827
f 4563/166/1829 4566/166/1830 4564/166/1826 4561/166/1825
f 4564/166/1826 4565/166/1831 4569/166/1832 4559/166/1824
f 4566/166/1830 4567/166/1833 4565/166/1831 4564/166/1826
f 4566/166/1830 4563/166/1829 4568/166/1828 4567/166/1833
f 4567/166/1833 4568/166/1828 4562/166/1827 4565/166/1831
f 4565/166/1831 4562/166/1827 4560/166/1822 4569/166/1832
f 4569/166/1832 4560/166/1822 4556/166/1821 4570/166/1834
f 4559/166/1824 4569/166/1832 4570/166/1834 4557/166/1820
f 4570/166/1834 4556/166/1821 4554/166/1816 4571/166/1835
f 4557/166/1820 4570/166/1834 4571/166/1835 4553/166/1817
f 4573/166/1815 4572/166/1836 4571/166/1835 4554/166/1816
f 4572/166/1836 4574/166/1837 4553/166/1817 4571/166/1835
f 4576/166/1838 4575/166/1839 4572/166/1836 4573/166/1815
f 4575/166/1839 4577/166/1840 4574/166/1837 4572/166/1836
f 4575/166/1839 4576/166/1838 4588/166/1841 4578/166/1842
f 4580/166/1843 4577/166/1840 4575/166/1839 4579/166/1844
f 4579/166/1844 4575/166/1839 4578/166/1842 4582/166/1845
f 4580/166/1843 4579/166/1844 4581/166/1846 4669/166/1847
f 4579/166/1844 4582/166/1845 4583/166/1848 4581/166/1846
f 4582/166/1845 4578/166/1842 4585/166/1849 4583/166/1848
f 4583/166/1848 4585/166/1849 4586/166/1850 4584/166/1851
f 4581/166/1846 4583/166/1848 4584/166/1851 4670/166/1852
f 4585/166/1849 4587/166/1853 4590/166/1854 4586/166/1850
f 4578/166/1842 4588/166/1841 4587/166/1853 4585/166/1849
f 4588/166/1841 4708/166/1855 4589/166/1856 4587/166/1853
f 4587/166/1853 4589/166/1856 4591/166/1857 4590/166/1854
f 4590/166/1854 4591/166/1857 4593/166/1858 4592/166/1859
f 4586/166/1850 4590/166/1854 4592/166/1859 4595/166/1860
f 4660/166/1861 4594/166/1862 4592/166/1859 4593/166/1858
f 4594/166/1862 4596/166/1863 4595/166/1860 4592/166/1859
f 4596/166/1863 4598/166/1864 4597/166/1865 4595/166/1860
f 4584/166/1851 4586/166/1850 4595/166/1860 4597/166/1865
f 4600/166/1866 4584/166/1851 4597/166/1865 4598/166/1864
f 4690/166/1867 4599/166/1868 4598/166/1864 4596/166/1863
f 4602/166/1869 4600/166/1866 4598/166/1864 4599/166/1868
f 4601/166/1870 4670/166/1852 4584/166/1851 4600/166/1866
f 4604/166/1871 4601/166/1870 4600/166/1866 4602/166/1869
f 4645/166/1872 4603/166/1873 4602/166/1869 4599/166/1868
f 4603/166/1873 4606/166/1874 4604/166/1871 4602/166/1869
f 4605/166/1875 4667/166/1876 4601/166/1870 4604/166/1871
f 4606/166/1874 4608/166/1877 4605/166/1875 4604/166/1871
f 4642/166/1878 4607/166/1879 4606/166/1874 4603/166/1873
f 4607/166/1879 4610/166/1880 4608/166/1877 4606/166/1874
f 4608/166/1877 4610/166/1880 4611/166/1881 4609/166/1882
f 4605/166/1875 4608/166/1877 4609/166/1882 4664/166/1883
f 4610/166/1880 4612/166/1884 4615/166/1885 4611/166/1881
f 4607/166/1879 4613/166/1886 4612/166/1884 4610/166/1880
f 4613/166/1886 4641/166/1887 4614/166/1888 4612/166/1884
f 4612/166/1884 4614/166/1888 4616/166/1889 4615/166/1885
f 4615/166/1885 4616/166/1889 4618/166/1890 4617/166/1891
f 4611/166/1881 4615/166/1885 4617/166/1891 4619/166/1892
f 4617/166/1891 4618/166/1890 4621/166/1893 4620/166/1894
f 4619/166/1892 4617/166/1891 4620/166/1894 4622/166/1895
f 4620/166/1894 4621/166/1893 4625/166/1896 4623/166/1897
f 4622/166/1895 4620/166/1894 4623/166/1897 4624/166/1898
f 4624/166/1898 4623/166/1897 4626/166/1899 4627/166/1900
f 4623/166/1897 4625/166/1896 4628/166/1901 4626/166/1899
f 4627/166/1900 4626/166/1899 4629/166/1902 4631/166/1903
f 4626/166/1899 4628/166/1901 4630/166/1904 4629/166/1902
f 4629/166/1902 4630/166/1904 4635/166/1905 4632/166/1906
f 4631/166/1903 4629/166/1902 4632/166/1906 4633/166/1907
f 4633/166/1907 4632/166/1906 4634/166/1908 4651/166/1909
f 4632/166/1906 4635/166/1905 4636/166/1910 4634/166/1908
f 4635/166/1905 4630/166/1904 4621/166/1893 4636/166/1910
f 4636/166/1910 4621/166/1893 4618/166/1890 4637/166/1911
f 4634/166/1908 4636/166/1910 4637/166/1911 4638/166/1912
f 4638/166/1912 4637/166/1911 4639/166/1913 4640/166/1914
f 4637/166/1911 4618/166/1890 4641/166/1887 4639/166/1913
f 4640/166/1914 4639/166/1913 4641/166/1887 4613/166/1886
f 4618/166/1890 4616/166/1889 4614/166/1888 4641/166/1887
f 4643/166/1915 4638/166/1912 4640/166/1914 4642/166/1878
f 4642/166/1878 4640/166/1914 4613/166/1886 4607/166/1879
f 4644/166/1916 4642/166/1878 4603/166/1873 4645/166/1872
f 4646/166/1917 4643/166/1915 4642/166/1878 4644/166/1916
f 4644/166/1916 4645/166/1872 4647/166/1918 4646/166/1917
f 4648/166/1919 4651/166/1909 4643/166/1915 4646/166/1917
f 4646/166/1917 4647/166/1918 4649/166/1920 4648/166/1919
f 4648/166/1919 4649/166/1920 4652/166/1921 4650/166/1922
f 4650/166/1922 4633/166/1907 4651/166/1909 4648/166/1919
f 4651/166/1909 4634/166/1908 4638/166/1912 4643/166/1915
f 4652/166/1921 4654/166/1923 4633/166/1907 4650/166/1922
f 4653/166/1924 4656/166/1925 4654/166/1923 4652/166/1921
f 4649/166/1920 4671/166/1926 4653/166/1924 4652/166/1921
f 4654/166/1923 4655/166/1927 4631/166/1903 4633/166/1907
f 4656/166/1925 4657/166/1928 4655/166/1927 4654/166/1923
f 4659/166/1811 4657/166/1928 4656/166/1925 4658/166/1929
f 4658/166/1929 4656/166/1925 4653/166/1924 4660/166/1861
f 4547/166/1809 4659/166/1811 4658/166/1929 4591/166/1857
f 4591/166/1857 4658/166/1929 4660/166/1861 4593/166/1858
f 4653/166/1924 4671/166/1926 4594/166/1862 4660/166/1861
f 4548/166/1810 4661/166/1930 4657/166/1928 4659/166/1811
f 4657/166/1928 4661/166/1930 4662/166/1931 4655/166/1927
f 4663/166/1883 4665/166/1932 4662/166/1931 4661/166/1930
f 4548/166/1810 4552/166/1813 4663/166/1883 4661/166/1930
f 4552/166/1813 4666/166/1818 4664/166/1883 4663/166/1883
f 4664/166/1883 4609/166/1882 4665/166/1932 4663/166/1883
f 4609/166/1882 4611/166/1881 4624/166/1898 4665/166/1932
f 4665/166/1932 4624/166/1898 4627/166/1900 4662/166/1931
f 4666/166/1818 4667/166/1876 4605/166/1875 4664/166/1883
f 4553/166/1817 4668/166/1933 4667/166/1876 4666/166/1818
f 4667/166/1876 4668/166/1933 4670/166/1852 4601/166/1870
f 4669/166/1847 4581/166/1846 4670/166/1852 4668/166/1933
f 4574/166/1837 4669/166/1847 4668/166/1933 4553/166/1817
f 4577/166/1840 4580/166/1843 4669/166/1847 4574/166/1837
f 4655/166/1927 4662/166/1931 4627/166/1900 4631/166/1903
f 4649/166/1920 4675/166/1934 4672/166/1935 4671/166/1926
f 4672/166/1935 4673/166/1936 4594/166/1862 4671/166/1926
f 4674/166/1937 4689/166/1938 4673/166/1936 4672/166/1935
f 4675/166/1934 4676/166/1939 4674/166/1937 4672/166/1935
f 4677/166/1940 4678/166/1941 4676/166/1939 4675/166/1934
f 4647/166/1918 4677/166/1940 4675/166/1934 4649/166/1920
f 4677/166/1940 4680/166/1942 4682/166/1943 4678/166/1941
f 4690/166/1867 4679/166/1944 4677/166/1940 4647/166/1918
f 4679/166/1944 4681/166/1945 4680/166/1942 4677/166/1940
f 4681/166/1945 4683/166/1946 4682/166/1943 4680/166/1942
f 4678/166/1941 4682/166/1943 4683/166/1946 4684/166/1947
f 4685/166/1948 4683/166/1946 4681/166/1945 4686/166/1949
f 4683/166/1946 4685/166/1948 4687/166/1950 4684/166/1947
f 4685/166/1948 4686/166/1949 4688/166/1951 4687/166/1950
f 4689/166/1938 4687/166/1950 4688/166/1951 4673/166/1936
f 4674/166/1937 4684/166/1947 4687/166/1950 4689/166/1938
f 4688/166/1951 4679/166/1944 4690/166/1867 4596/166/1863
f 4673/166/1936 4688/166/1951 4596/166/1863 4594/166/1862
f 4686/166/1949 4681/166/1945 4679/166/1944 4688/166/1951
f 4678/166/1941 4684/166/1947 4674/166/1937 4676/166/1939
f 4645/166/1872 4599/166/1868 4690/166/1867 4647/166/1918
f 4630/166/1904 4628/166/1901 4625/166/1896 4621/166/1893
f 4611/166/1881 4693/166/1952 4691/166/1953 4624/166/1898
f 4624/166/1898 4691/166/1953 4692/166/1954 4622/166/1895
f 4691/166/1953 4694/166/1955 4696/166/1956 4692/166/1954
f 4693/166/1952 4695/166/1957 4694/166/1955 4691/166/1953
f 4695/166/1957 4698/166/1958 4697/166/1959 4694/166/1955
f 4694/166/1955 4697/166/1959 4699/166/1960 4696/166/1956
f 4698/166/1958 4701/166/1961 4700/166/1962 4697/166/1959
f 4697/166/1959 4700/166/1962 4702/166/1963 4699/166/1960
f 4702/166/1963 4700/166/1962 4701/166/1961 4703/166/1964
f 4699/166/1960 4702/166/1963 4703/166/1964 4704/166/1965
f 4704/166/1965 4703/166/1964 4701/166/1961 4698/166/1958
f 4705/166/1966 4704/166/1965 4698/166/1958 4695/166/1957
f 4696/166/1956 4699/166/1960 4704/166/1965 4705/166/1966
f 4692/166/1954 4696/166/1956 4705/166/1966 4706/166/1967
f 4706/166/1967 4705/166/1966 4695/166/1957 4693/166/1952
f 4619/166/1892 4706/166/1967 4693/166/1952 4611/166/1881
f 4622/166/1895 4692/166/1954 4706/166/1967 4619/166/1892
f 4589/166/1856 4707/166/1806 4547/166/1809 4591/166/1857
f 4708/166/1855 4709/166/1968 4707/166/1806 4589/166/1856
f 4576/166/1838 4709/166/1968 4708/166/1855 4588/166/1841
f 4711/166/1969 4710/166/1970 4709/166/1968 4576/166/1838
f 4709/166/1968 4710/166/1970 4549/166/1807 4707/166/1806
f 4710/166/1970 4711/166/1969 4551/166/1814 4549/166/1807
f 4711/166/1969 4576/166/1838 4573/166/1815 4551/166/1814
f 5015/166/1971 4975/166/1972 4972/166/1973 4973/166/1974
f 4972/166/1973 4974/166/1975 4985/166/1976 4973/166/1974
f 4976/166/1977 4978/166/1978 4974/166/1975 4972/166/1973
f 4975/166/1972 4977/166/1979 4976/166/1977 4972/166/1973
f 4977/166/1979 4981/166/1980 4980/166/1981 4976/166/1977
f 4979/166/1982 4998/166/1983 4978/166/1978 4976/166/1977
f 4982/166/1984 4979/166/1982 4976/166/1977 4980/166/1981
f 4981/166/1980 5015/166/1971 4973/166/1974 4980/166/1981
f 4984/166/1985 4982/166/1984 4980/166/1981 4983/166/1986
f 4973/166/1974 4985/166/1976 4983/166/1986 4980/166/1981
f 4998/166/1983 4984/166/1985 4983/166/1986 4978/166/1978
f 4986/166/1987 4988/166/1988 4978/166/1978 4983/166/1986
f 4987/166/1989 4986/166/1987 4983/166/1986 4985/166/1976
f 4992/166/1990 4990/166/1991 4986/166/1987 4987/166/1989
f 4989/166/1992 4997/166/1993 4988/166/1988 4986/166/1987
f 4990/166/1991 4991/166/1994 4989/166/1992 4986/166/1987
f 4993/166/1995 4991/166/1994 4990/166/1991 4992/166/1990
f 4993/166/1995 4992/166/1990 4987/166/1989 4994/166/1996
f 4991/166/1994 4993/166/1995 4994/166/1996 4989/166/1992
f 4995/166/1997 4997/166/1993 4989/166/1992 4994/166/1996
f 4995/166/1997 4994/166/1996 4987/166/1989 4996/166/1998
f 4997/166/1993 4995/166/1997 4996/166/1998 4988/166/1988
f 4988/166/1988 4996/166/1998 4974/166/1975 4978/166/1978
f 4996/166/1998 4987/166/1989 4985/166/1976 4974/166/1975
f 5000/166/1999 4999/166/2000 4984/166/1985 4998/166/1983
f 4999/166/2000 5001/166/2001 4982/166/1984 4984/166/1985
f 5004/166/2002 5002/166/2003 4999/166/2000 5000/166/1999
f 5002/166/2003 5003/166/2004 5001/166/2001 4999/166/2000
f 5005/166/2005 5006/166/2006 5003/166/2004 5002/166/2003
f 5007/166/2007 5005/166/2005 5002/166/2003 5004/166/2002
f 5008/166/2008 5009/166/2009 5006/166/2006 5005/166/2005
f 5010/166/2010 5008/166/2008 5005/166/2005 5007/166/2007
f 5010/166/2010 5011/166/2011 5009/166/2009 5008/166/2008
f 5011/166/2011 5010/166/2010 5007/166/2007 5012/166/2012
f 5009/166/2009 5011/166/2011 5012/166/2012 5006/166/2006
f 5006/166/2006 5012/166/2012 5013/166/2013 5003/166/2004
f 5012/166/2012 5007/166/2007 5004/166/2002 5013/166/2013
f 5003/166/2004 5013/166/2013 5014/166/2014 5001/166/2001
f 5013/166/2013 5004/166/2002 5000/166/1999 5014/166/2014
f 5001/166/2001 5014/166/2014 4979/166/1982 4982/166/1984
f 5014/166/2014 5000/166/1999 4998/166/1983 4979/166/1982
f 5017/166/2015 5019/166/2016 5015/166/1971 4981/166/1980
f 5018/166/2017 5017/166/2015 4981/166/1980 5016/166/2018
f 5023/166/2019 5016/166/2018 4981/166/1980 4977/166/1979
f 5018/166/2017 5020/166/2020 5019/166/2016 5017/166/2015
f 5019/166/2016 5020/166/2020 5021/166/2021 5015/166/1971
f 5020/166/2020 5018/166/2017 5016/166/2018 5021/166/2021
f 5023/166/2019 5022/166/2022 5021/166/2021 5016/166/2018
f 5021/166/2021 5022/166/2022 4975/166/1972 5015/166/1971
f 5022/166/2022 5023/166/2019 4977/166/1979 4975/166/1972
usemtl Material.205
f 4755/166/1971 4715/166/1972 4712/166/1973 4713/166/1974
f 4712/166/1973 4714/166/1975 4724/166/1976 4713/166/1974
f 4716/166/1977 4718/166/1978 4714/166/1975 4712/166/1973
f 4715/166/1972 4717/166/1979 4716/166/1977 4712/166/1973
f 4717/166/1979 4721/166/1980 4720/166/1981 4716/166/1977
f 4719/166/2023 4727/166/1983 4718/166/1978 4716/166/1977
f 4722/166/1984 4719/166/2023 4716/166/1977 4720/166/1981
f 4721/166/1980 4755/166/1971 4713/166/1974 4720/166/1981
f 4726/166/1985 4722/166/1984 4720/166/1981 4723/166/1986
f 4713/166/1974 4724/166/1976 4723/166/1986 4720/166/1981
f 4744/166/1989 4725/166/1987 4723/166/1986 4724/166/1976
f 4725/166/1987 4745/166/1988 4718/166/1978 4723/166/1986
f 4727/166/1983 4726/166/1985 4723/166/1986 4718/166/1978
f 4728/166/2024 4729/166/2025 4722/166/1984 4726/166/1985
f 4731/166/2026 4728/166/2024 4726/166/1985 4727/166/1983
f 4730/166/2027 4736/166/2028 4729/166/2025 4728/166/2024
f 4733/166/2029 4730/166/2027 4728/166/2024 4731/166/2026
f 4735/166/2013 4733/166/2029 4731/166/2026 4732/166/2030
f 4732/166/2030 4731/166/2026 4727/166/1983 4719/166/2023
f 4734/166/2031 4740/166/2005 4730/166/2027 4733/166/2029
f 4737/166/2012 4734/166/2031 4733/166/2029 4735/166/2013
f 4736/166/2028 4735/166/2013 4732/166/2030 4729/166/2025
f 4739/166/2006 4737/166/2012 4735/166/2013 4736/166/2028
f 4738/166/2011 4743/166/2032 4734/166/2031 4737/166/2012
f 4741/166/2009 4738/166/2011 4737/166/2012 4739/166/2006
f 4740/166/2005 4739/166/2006 4736/166/2028 4730/166/2027
f 4742/166/2008 4741/166/2009 4739/166/2006 4740/166/2005
f 4743/166/2032 4738/166/2011 4741/166/2009 4742/166/2008
f 4743/166/2032 4742/166/2008 4740/166/2005 4734/166/2031
f 4729/166/2025 4732/166/2030 4719/166/2023 4722/166/1984
f 4749/166/1990 4747/166/1991 4725/166/1987 4744/166/1989
f 4746/166/1992 4754/166/1993 4745/166/1988 4725/166/1987
f 4747/166/1991 4748/166/1994 4746/166/1992 4725/166/1987
f 4750/166/1995 4748/166/1994 4747/166/1991 4749/166/1990
f 4750/166/1995 4749/166/1990 4744/166/1989 4751/166/2033
f 4748/166/1994 4750/166/1995 4751/166/2033 4746/166/1992
f 4752/166/1997 4754/166/1993 4746/166/1992 4751/166/2033
f 4752/166/1997 4751/166/2033 4744/166/1989 4753/166/1998
f 4754/166/1993 4752/166/1997 4753/166/1998 4745/166/1988
f 4745/166/1988 4753/166/1998 4714/166/1975 4718/166/1978
f 4753/166/1998 4744/166/1989 4724/166/1976 4714/166/1975
f 4763/166/2019 4756/166/2034 4721/166/1980 4717/166/1979
f 4757/166/2035 4759/166/2016 4755/166/1971 4721/166/1980
f 4758/166/2036 4757/166/2035 4721/166/1980 4756/166/2034
f 4758/166/2036 4760/166/2020 4759/166/2016 4757/166/2035
f 4759/166/2016 4760/166/2020 4761/166/2021 4755/166/1971
f 4760/166/2020 4758/166/2036 4756/166/2034 4761/166/2021
f 4763/166/2019 4762/166/2037 4761/166/2021 4756/166/2034
f 4761/166/2021 4762/166/2037 4715/166/1972 4755/166/1971
f 4762/166/2037 4763/166/2019 4717/166/1979 4715/166/1972
usemtl Material.206
f 4807/166/1971 4767/166/1972 4764/166/1973 4765/166/1974
f 4764/166/1973 4766/166/1975 4777/166/1976 4765/166/1974
f 4768/166/1977 4770/166/1978 4766/166/1975 4764/166/1973
f 4767/166/1972 4769/166/1979 4768/166/1977 4764/166/1973
f 4769/166/1979 4773/166/1980 4772/166/1981 4768/166/1977
f 4771/166/1982 4790/166/1983 4770/166/1978 4768/166/1977
f 4774/166/1984 4771/166/1982 4768/166/1977 4772/166/1981
f 4773/166/1980 4807/166/1971 4765/166/1974 4772/166/1981
f 4776/166/1985 4774/166/1984 4772/166/1981 4775/166/1986
f 4765/166/1974 4777/166/1976 4775/166/1986 4772/166/1981
f 4790/166/1983 4776/166/1985 4775/166/1986 4770/166/1978
f 4778/166/1987 4780/166/1988 4770/166/1978 4775/166/1986
f 4779/166/1989 4778/166/1987 4775/166/1986 4777/166/1976
f 4784/166/1990 4782/166/1991 4778/166/1987 4779/166/1989
f 4781/166/1992 4789/166/1993 4780/166/1988 4778/166/1987
f 4782/166/1991 4783/166/1994 4781/166/1992 4778/166/1987
f 4785/166/1995 4783/166/1994 4782/166/1991 4784/166/1990
f 4785/166/1995 4784/166/1990 4779/166/1989 4786/166/1996
f 4783/166/1994 4785/166/1995 4786/166/1996 4781/166/1992
f 4787/166/1997 4789/166/1993 4781/166/1992 4786/166/1996
f 4787/166/1997 4786/166/1996 4779/166/1989 4788/166/1998
f 4789/166/1993 4787/166/1997 4788/166/1998 4780/166/1988
f 4780/166/1988 4788/166/1998 4766/166/1975 4770/166/1978
f 4788/166/1998 4779/166/1989 4777/166/1976 4766/166/1975
f 4792/166/1999 4791/166/2000 4776/166/1985 4790/166/1983
f 4791/166/2000 4793/166/2001 4774/166/1984 4776/166/1985
f 4796/166/2002 4794/166/2038 4791/166/2000 4792/166/1999
f 4794/166/2038 4795/166/2004 4793/166/2001 4791/166/2000
f 4797/166/2005 4798/166/2006 4795/166/2004 4794/166/2038
f 4799/166/2007 4797/166/2005 4794/166/2038 4796/166/2002
f 4800/166/2008 4801/166/2009 4798/166/2006 4797/166/2005
f 4802/166/2032 4800/166/2008 4797/166/2005 4799/166/2007
f 4802/166/2032 4803/166/2011 4801/166/2009 4800/166/2008
f 4803/166/2011 4802/166/2032 4799/166/2007 4804/166/2012
f 4801/166/2009 4803/166/2011 4804/166/2012 4798/166/2006
f 4798/166/2006 4804/166/2012 4805/166/2013 4795/166/2004
f 4804/166/2012 4799/166/2007 4796/166/2002 4805/166/2013
f 4795/166/2004 4805/166/2013 4806/166/2014 4793/166/2001
f 4805/166/2013 4796/166/2002 4792/166/1999 4806/166/2014
f 4793/166/2001 4806/166/2014 4771/166/1982 4774/166/1984
f 4806/166/2014 4792/166/1999 4790/166/1983 4771/166/1982
f 4809/166/2035 4811/166/2016 4807/166/1971 4773/166/1980
f 4810/166/2039 4809/166/2035 4773/166/1980 4808/166/2018
f 4815/166/2019 4808/166/2018 4773/166/1980 4769/166/1979
f 4810/166/2039 4812/166/2020 4811/166/2016 4809/166/2035
f 4811/166/2016 4812/166/2020 4813/166/2021 4807/166/1971
f 4812/166/2020 4810/166/2039 4808/166/2018 4813/166/2021
f 4815/166/2019 4814/166/2022 4813/166/2021 4808/166/2018
f 4813/166/2021 4814/166/2022 4767/166/1972 4807/166/1971
f 4814/166/2022 4815/166/2019 4769/166/1979 4767/166/1972
usemtl Material.207
f 4859/166/1971 4819/166/1972 4816/166/1973 4817/166/1974
f 4816/166/1973 4818/166/1975 4828/166/1976 4817/166/1974
f 4820/166/1977 4822/166/1978 4818/166/1975 4816/166/1973
f 4819/166/1972 4821/166/1979 4820/166/1977 4816/166/1973
f 4821/166/1979 4825/166/1980 4824/166/1981 4820/166/1977
f 4823/166/2023 4831/166/1983 4822/166/1978 4820/166/1977
f 4826/166/1984 4823/166/2023 4820/166/1977 4824/166/1981
f 4825/166/1980 4859/166/1971 4817/166/1974 4824/166/1981
f 4830/166/1985 4826/166/1984 4824/166/1981 4827/166/1986
f 4817/166/1974 4828/166/1976 4827/166/1986 4824/166/1981
f 4848/166/1989 4829/166/1987 4827/166/1986 4828/166/1976
f 4829/166/1987 4849/166/1988 4822/166/1978 4827/166/1986
f 4831/166/1983 4830/166/1985 4827/166/1986 4822/166/1978
f 4832/166/2040 4833/166/2025 4826/166/1984 4830/166/1985
f 4835/166/2026 4832/166/2040 4830/166/1985 4831/166/1983
f 4834/166/2041 4840/166/2028 4833/166/2025 4832/166/2040
f 4837/166/2029 4834/166/2041 4832/166/2040 4835/166/2026
f 4839/166/2013 4837/166/2029 4835/166/2026 4836/166/2014
f 4836/166/2014 4835/166/2026 4831/166/1983 4823/166/2023
f 4838/166/2031 4844/166/2005 4834/166/2041 4837/166/2029
f 4841/166/2012 4838/166/2031 4837/166/2029 4839/166/2013
f 4840/166/2028 4839/166/2013 4836/166/2014 4833/166/2025
f 4843/166/2006 4841/166/2012 4839/166/2013 4840/166/2028
f 4842/166/2011 4847/166/2032 4838/166/2031 4841/166/2012
f 4845/166/2009 4842/166/2011 4841/166/2012 4843/166/2006
f 4844/166/2005 4843/166/2006 4840/166/2028 4834/166/2041
f 4846/166/2008 4845/166/2009 4843/166/2006 4844/166/2005
f 4847/166/2032 4842/166/2011 4845/166/2009 4846/166/2008
f 4847/166/2032 4846/166/2008 4844/166/2005 4838/166/2031
f 4833/166/2025 4836/166/2014 4823/166/2023 4826/166/1984
f 4853/166/1990 4851/166/1991 4829/166/1987 4848/166/1989
f 4850/166/1992 4858/166/2042 4849/166/1988 4829/166/1987
f 4851/166/1991 4852/166/1994 4850/166/1992 4829/166/1987
f 4854/166/1995 4852/166/1994 4851/166/1991 4853/166/1990
f 4854/166/1995 4853/166/1990 4848/166/1989 4855/166/2033
f 4852/166/1994 4854/166/1995 4855/166/2033 4850/166/1992
f 4856/166/2043 4858/166/2042 4850/166/1992 4855/166/2033
f 4856/166/2043 4855/166/2033 4848/166/1989 4857/166/1998
f 4858/166/2042 4856/166/2043 4857/166/1998 4849/166/1988
f 4849/166/1988 4857/166/1998 4818/166/1975 4822/166/1978
f 4857/166/1998 4848/166/1989 4828/166/1976 4818/166/1975
f 4867/166/2019 4860/166/2018 4825/166/1980 4821/166/1979
f 4861/166/2015 4863/166/2016 4859/166/1971 4825/166/1980
f 4862/166/2039 4861/166/2015 4825/166/1980 4860/166/2018
f 4862/166/2039 4864/166/2020 4863/166/2016 4861/166/2015
f 4863/166/2016 4864/166/2020 4865/166/2044 4859/166/1971
f 4864/166/2020 4862/166/2039 4860/166/2018 4865/166/2044
f 4867/166/2019 4866/166/2037 4865/166/2044 4860/166/2018
f 4865/166/2044 4866/166/2037 4819/166/1972 4859/166/1971
f 4866/166/2037 4867/166/2019 4821/166/1979 4819/166/1972
usemtl Material.208
f 4911/166/1971 4871/166/1972 4868/166/1973 4869/166/1974
f 4868/166/1973 4870/166/1975 4881/166/1976 4869/166/1974
f 4872/166/1977 4874/166/1978 4870/166/1975 4868/166/1973
f 4871/166/1972 4873/166/1979 4872/166/1977 4868/166/1973
f 4873/166/1979 4877/166/1980 4876/166/1981 4872/166/1977
f 4875/166/1982 4894/166/1983 4874/166/1978 4872/166/1977
f 4878/166/1984 4875/166/1982 4872/166/1977 4876/166/1981
f 4877/166/1980 4911/166/1971 4869/166/1974 4876/166/1981
f 4880/166/1985 4878/166/1984 4876/166/1981 4879/166/1986
f 4869/166/1974 4881/166/1976 4879/166/1986 4876/166/1981
f 4894/166/1983 4880/166/1985 4879/166/1986 4874/166/1978
f 4882/166/1987 4884/166/1988 4874/166/1978 4879/166/1986
f 4883/166/1989 4882/166/1987 4879/166/1986 4881/166/1976
f 4888/166/1990 4886/166/1991 4882/166/1987 4883/166/1989
f 4885/166/1992 4893/166/1993 4884/166/1988 4882/166/1987
f 4886/166/1991 4887/166/1994 4885/166/1992 4882/166/1987
f 4889/166/1995 4887/166/1994 4886/166/1991 4888/166/1990
f 4889/166/1995 4888/166/1990 4883/166/1989 4890/166/1996
f 4887/166/1994 4889/166/1995 4890/166/1996 4885/166/1992
f 4891/166/1997 4893/166/1993 4885/166/1992 4890/166/1996
f 4891/166/1997 4890/166/1996 4883/166/1989 4892/166/1998
f 4893/166/1993 4891/166/1997 4892/166/1998 4884/166/1988
f 4884/166/1988 4892/166/1998 4870/166/1975 4874/166/1978
f 4892/166/1998 4883/166/1989 4881/166/1976 4870/166/1975
f 4896/166/1999 4895/166/2000 4880/166/1985 4894/166/1983
f 4895/166/2000 4897/166/2001 4878/166/1984 4880/166/1985
f 4900/166/2002 4898/166/2003 4895/166/2000 4896/166/1999
f 4898/166/2003 4899/166/2004 4897/166/2001 4895/166/2000
f 4901/166/2005 4902/166/2045 4899/166/2004 4898/166/2003
f 4903/166/2007 4901/166/2005 4898/166/2003 4900/166/2002
f 4904/166/2008 4905/166/2009 4902/166/2045 4901/166/2005
f 4906/166/2032 4904/166/2008 4901/166/2005 4903/166/2007
f 4906/166/2032 4907/166/2011 4905/166/2009 4904/166/2008
f 4907/166/2011 4906/166/2032 4903/166/2007 4908/166/2012
f 4905/166/2009 4907/166/2011 4908/166/2012 4902/166/2045
f 4902/166/2045 4908/166/2012 4909/166/2013 4899/166/2004
f 4908/166/2012 4903/166/2007 4900/166/2002 4909/166/2013
f 4899/166/2004 4909/166/2013 4910/166/2014 4897/166/2001
f 4909/166/2013 4900/166/2002 4896/166/1999 4910/166/2014
f 4897/166/2001 4910/166/2014 4875/166/1982 4878/166/1984
f 4910/166/2014 4896/166/1999 4894/166/1983 4875/166/1982
f 4913/166/2035 4915/166/2016 4911/166/1971 4877/166/1980
f 4914/166/2039 4913/166/2035 4877/166/1980 4912/166/2018
f 4919/166/2019 4912/166/2018 4877/166/1980 4873/166/1979
f 4914/166/2039 4916/166/2020 4915/166/2016 4913/166/2035
f 4915/166/2016 4916/166/2020 4917/166/2021 4911/166/1971
f 4916/166/2020 4914/166/2039 4912/166/2018 4917/166/2021
f 4919/166/2019 4918/166/2046 4917/166/2021 4912/166/2018
f 4917/166/2021 4918/166/2046 4871/166/1972 4911/166/1971
f 4918/166/2046 4919/166/2019 4873/166/1979 4871/166/1972
usemtl Material.209
f 4963/166/1971 4923/166/1972 4920/166/1973 4921/166/1974
f 4920/166/1973 4922/166/1975 4932/166/1976 4921/166/1974
f 4924/166/1977 4926/166/1978 4922/166/1975 4920/166/1973
f 4923/166/1972 4925/166/1979 4924/166/1977 4920/166/1973
f 4925/166/1979 4929/166/1980 4928/166/1981 4924/166/1977
f 4927/166/1982 4935/166/1983 4926/166/1978 4924/166/1977
f 4930/166/1984 4927/166/1982 4924/166/1977 4928/166/1981
f 4929/166/1980 4963/166/1971 4921/166/1974 4928/166/1981
f 4934/166/1985 4930/166/1984 4928/166/1981 4931/166/1986
f 4921/166/1974 4932/166/1976 4931/166/1986 4928/166/1981
f 4952/166/1989 4933/166/1987 4931/166/1986 4932/166/1976
f 4933/166/1987 4953/166/1988 4926/166/1978 4931/166/1986
f 4935/166/1983 4934/166/1985 4931/166/1986 4926/166/1978
f 4936/166/2040 4937/166/2025 4930/166/1984 4934/166/1985
f 4939/166/2026 4936/166/2040 4934/166/1985 4935/166/1983
f 4938/166/2041 4944/166/2028 4937/166/2025 4936/166/2040
f 4941/166/2029 4938/166/2041 4936/166/2040 4939/166/2026
f 4943/166/2013 4941/166/2029 4939/166/2026 4940/166/2030
f 4940/166/2030 4939/166/2026 4935/166/1983 4927/166/1982
f 4942/166/2007 4948/166/2005 4938/166/2041 4941/166/2029
f 4945/166/2012 4942/166/2007 4941/166/2029 4943/166/2013
f 4944/166/2028 4943/166/2013 4940/166/2030 4937/166/2025
f 4947/166/2006 4945/166/2012 4943/166/2013 4944/166/2028
f 4946/166/2011 4951/166/2032 4942/166/2007 4945/166/2012
f 4949/166/2009 4946/166/2011 4945/166/2012 4947/166/2006
f 4948/166/2005 4947/166/2006 4944/166/2028 4938/166/2041
f 4950/166/2008 4949/166/2009 4947/166/2006 4948/166/2005
f 4951/166/2032 4946/166/2011 4949/166/2009 4950/166/2008
f 4951/166/2032 4950/166/2008 4948/166/2005 4942/166/2007
f 4937/166/2025 4940/166/2030 4927/166/1982 4930/166/1984
f 4957/166/1990 4955/166/1991 4933/166/1987 4952/166/1989
f 4954/166/1992 4962/166/1993 4953/166/1988 4933/166/1987
f 4955/166/1991 4956/166/1994 4954/166/1992 4933/166/1987
f 4958/166/2047 4956/166/1994 4955/166/1991 4957/166/1990
f 4958/166/2047 4957/166/1990 4952/166/1989 4959/166/2033
f 4956/166/1994 4958/166/2047 4959/166/2033 4954/166/1992
f 4960/166/1997 4962/166/1993 4954/166/1992 4959/166/2033
f 4960/166/1997 4959/166/2033 4952/166/1989 4961/166/1998
f 4962/166/1993 4960/166/1997 4961/166/1998 4953/166/1988
f 4953/166/1988 4961/166/1998 4922/166/1975 4926/166/1978
f 4961/166/1998 4952/166/1989 4932/166/1976 4922/166/1975
f 4971/166/2019 4964/166/2018 4929/166/1980 4925/166/1979
f 4965/166/2015 4967/166/2016 4963/166/1971 4929/166/1980
f 4966/166/2039 4965/166/2015 4929/166/1980 4964/166/2018
f 4966/166/2039 4968/166/2020 4967/166/2016 4965/166/2015
f 4967/166/2016 4968/166/2020 4969/166/2044 4963/166/1971
f 4968/166/2020 4966/166/2039 4964/166/2018 4969/166/2044
f 4971/166/2019 4970/166/2037 4969/166/2044 4964/166/2018
f 4969/166/2044 4970/166/2037 4923/166/1972 4963/166/1971
f 4970/166/2037 4971/166/2019 4925/166/1979 4923/166/1972
usemtl Material.210
f 5067/166/1971 5027/166/1972 5024/166/1973 5025/166/1974
f 5024/166/1973 5026/166/1975 5036/166/1976 5025/166/1974
f 5028/166/1977 5030/166/1978 5026/166/1975 5024/166/1973
f 5027/166/1972 5029/166/1979 5028/166/1977 5024/166/1973
f 5029/166/1979 5033/166/1980 5032/166/1981 5028/166/1977
f 5031/166/1982 5039/166/1983 5030/166/1978 5028/166/1977
f 5034/166/1984 5031/166/1982 5028/166/1977 5032/166/1981
f 5033/166/1980 5067/166/1971 5025/166/1974 5032/166/1981
f 5038/166/1985 5034/166/1984 5032/166/1981 5035/166/1986
f 5025/166/1974 5036/166/1976 5035/166/1986 5032/166/1981
f 5056/166/1989 5037/166/1987 5035/166/1986 5036/166/1976
f 5037/166/1987 5057/166/1988 5030/166/1978 5035/166/1986
f 5039/166/1983 5038/166/1985 5035/166/1986 5030/166/1978
f 5040/166/2024 5041/166/2025 5034/166/1984 5038/166/1985
f 5043/166/2026 5040/166/2024 5038/166/1985 5039/166/1983
f 5042/166/2027 5048/166/2028 5041/166/2025 5040/166/2024
f 5045/166/2029 5042/166/2027 5040/166/2024 5043/166/2026
f 5047/166/2013 5045/166/2029 5043/166/2026 5044/166/2030
f 5044/166/2030 5043/166/2026 5039/166/1983 5031/166/1982
f 5046/166/2007 5052/166/2005 5042/166/2027 5045/166/2029
f 5049/166/2012 5046/166/2007 5045/166/2029 5047/166/2013
f 5048/166/2028 5047/166/2013 5044/166/2030 5041/166/2025
f 5051/166/2006 5049/166/2012 5047/166/2013 5048/166/2028
f 5050/166/2011 5055/166/2032 5046/166/2007 5049/166/2012
f 5053/166/2009 5050/166/2011 5049/166/2012 5051/166/2006
f 5052/166/2005 5051/166/2006 5048/166/2028 5042/166/2027
f 5054/166/2008 5053/166/2009 5051/166/2006 5052/166/2005
f 5055/166/2032 5050/166/2011 5053/166/2009 5054/166/2008
f 5055/166/2032 5054/166/2008 5052/166/2005 5046/166/2007
f 5041/166/2025 5044/166/2030 5031/166/1982 5034/166/1984
f 5061/166/1990 5059/166/1991 5037/166/1987 5056/166/1989
f 5058/166/1992 5066/166/1993 5057/166/1988 5037/166/1987
f 5059/166/1991 5060/166/1994 5058/166/1992 5037/166/1987
f 5062/166/1995 5060/166/1994 5059/166/1991 5061/166/1990
f 5062/166/1995 5061/166/1990 5056/166/1989 5063/166/2033
f 5060/166/1994 5062/166/1995 5063/166/2033 5058/166/1992
f 5064/166/1997 5066/166/1993 5058/166/1992 5063/166/2033
f 5064/166/1997 5063/166/2033 5056/166/1989 5065/166/1998
f 5066/166/1993 5064/166/1997 5065/166/1998 5057/166/1988
f 5057/166/1988 5065/166/1998 5026/166/1975 5030/166/1978
f 5065/166/1998 5056/166/1989 5036/166/1976 5026/166/1975
f 5075/166/2019 5068/166/2018 5033/166/1980 5029/166/1979
f 5069/166/2035 5071/166/2016 5067/166/1971 5033/166/1980
f 5070/166/2039 5069/166/2035 5033/166/1980 5068/166/2018
f 5070/166/2039 5072/166/2020 5071/166/2016 5069/166/2035
f 5071/166/2016 5072/166/2020 5073/166/2044 5067/166/1971
f 5072/166/2020 5070/166/2039 5068/166/2018 5073/166/2044
f 5075/166/2019 5074/166/2037 5073/166/2044 5068/166/2018
f 5073/166/2044 5074/166/2037 5027/166/1972 5067/166/1971
f 5074/166/2037 5075/166/2019 5029/166/1979 5027/166/1972
usemtl Material.211
f 5119/166/1971 5079/166/1972 5076/166/1973 5077/166/1974
f 5076/166/1973 5078/166/1975 5089/166/1976 5077/166/1974
f 5080/166/1977 5082/166/1978 5078/166/1975 5076/166/1973
f 5079/166/1972 5081/166/1979 5080/166/1977 5076/166/1973
f 5081/166/1979 5085/166/1980 5084/166/1981 5080/166/1977
f 5083/166/1982 5102/166/1983 5082/166/1978 5080/166/1977
f 5086/166/1984 5083/166/1982 5080/166/1977 5084/166/1981
f 5085/166/1980 5119/166/1971 5077/166/1974 5084/166/1981
f 5088/166/1985 5086/166/1984 5084/166/1981 5087/166/1986
f 5077/166/1974 5089/166/1976 5087/166/1986 5084/166/1981
f 5102/166/1983 5088/166/1985 5087/166/1986 5082/166/1978
f 5090/166/1987 5092/166/1988 5082/166/1978 5087/166/1986
f 5091/166/1989 5090/166/1987 5087/166/1986 5089/166/1976
f 5096/166/1990 5094/166/1991 5090/166/1987 5091/166/1989
f 5093/166/1992 5101/166/1993 5092/166/1988 5090/166/1987
f 5094/166/1991 5095/166/1994 5093/166/1992 5090/166/1987
f 5097/166/1995 5095/166/1994 5094/166/1991 5096/166/1990
f 5097/166/1995 5096/166/1990 5091/166/1989 5098/166/1996
f 5095/166/1994 5097/166/1995 5098/166/1996 5093/166/1992
f 5099/166/1997 5101/166/1993 5093/166/1992 5098/166/1996
f 5099/166/1997 5098/166/1996 5091/166/1989 5100/166/1998
f 5101/166/1993 5099/166/1997 5100/166/1998 5092/166/1988
f 5092/166/1988 5100/166/1998 5078/166/1975 5082/166/1978
f 5100/166/1998 5091/166/1989 5089/166/1976 5078/166/1975
f 5104/166/1999 5103/166/2000 5088/166/1985 5102/166/1983
f 5103/166/2000 5105/166/2001 5086/166/1984 5088/166/1985
f 5108/166/2002 5106/166/2048 5103/166/2000 5104/166/1999
f 5106/166/2048 5107/166/2004 5105/166/2001 5103/166/2000
f 5109/166/2005 5110/166/2006 5107/166/2004 5106/166/2048
f 5111/166/2007 5109/166/2005 5106/166/2048 5108/166/2002
f 5112/166/2008 5113/166/2009 5110/166/2006 5109/166/2005
f 5114/166/2032 5112/166/2008 5109/166/2005 5111/166/2007
f 5114/166/2032 5115/166/2011 5113/166/2009 5112/166/2008
f 5115/166/2011 5114/166/2032 5111/166/2007 5116/166/2012
f 5113/166/2009 5115/166/2011 5116/166/2012 5110/166/2006
f 5110/166/2006 5116/166/2012 5117/166/2013 5107/166/2004
f 5116/166/2012 5111/166/2007 5108/166/2002 5117/166/2013
f 5107/166/2004 5117/166/2013 5118/166/2014 5105/166/2001
f 5117/166/2013 5108/166/2002 5104/166/1999 5118/166/2014
f 5105/166/2001 5118/166/2014 5083/166/1982 5086/166/1984
f 5118/166/2014 5104/166/1999 5102/166/1983 5083/166/1982
f 5121/166/2015 5123/166/2016 5119/166/1971 5085/166/1980
f 5122/166/2036 5121/166/2015 5085/166/1980 5120/166/2018
f 5127/166/2019 5120/166/2018 5085/166/1980 5081/166/1979
f 5122/166/2036 5124/166/2020 5123/166/2016 5121/166/2015
f 5123/166/2016 5124/166/2020 5125/166/2021 5119/166/1971
f 5124/166/2020 5122/166/2036 5120/166/2018 5125/166/2021
f 5127/166/2019 5126/166/2049 5125/166/2021 5120/166/2018
f 5125/166/2021 5126/166/2049 5079/166/1972 5119/166/1971
f 5126/166/2049 5127/166/2019 5081/166/1979 5079/166/1972
usemtl Material.212
f 5129/166/1485 5134/166/1486 5132/166/1487 5128/166/1488
f 5173/166/1489 5129/166/1485 5128/166/1488 5130/166/1490
f 5128/166/1488 5131/166/1491 5157/166/1492 5130/166/1490
f 5132/166/1487 5133/166/1493 5131/166/1491 5128/166/1488
f 5136/166/2050 5139/166/1495 5133/166/1493 5132/166/1487
f 5134/166/1486 5170/166/1496 5135/166/1497 5132/166/1487
f 5137/166/1498 5136/166/2050 5132/166/1487 5135/166/1497
f 5145/166/1501 5138/166/1499 5136/166/2050 5137/166/1498
f 5138/166/1499 5140/166/1500 5139/166/1495 5136/166/2050
f 5140/166/1500 5143/166/1504 5141/166/1502 5139/166/1495
f 5139/166/1495 5141/166/1502 5142/166/1503 5133/166/1493
f 5141/166/1502 5137/166/1498 5135/166/1497 5142/166/1503
f 5143/166/1504 5145/166/1501 5137/166/1498 5141/166/1502
f 5156/166/1516 5144/166/1784 5143/166/1504 5140/166/1500
f 5144/166/1784 5146/166/1795 5145/166/1501 5143/166/1504
f 5146/166/1795 5147/166/1507 5138/166/1499 5145/166/1501
f 5149/166/1508 5148/166/1509 5146/166/1795 5144/166/1784
f 5148/166/1509 5150/166/1510 5147/166/1507 5146/166/1795
f 5152/166/1511 5151/166/1512 5148/166/1509 5149/166/1508
f 5151/166/1512 5153/166/1513 5150/166/1510 5148/166/1509
f 5154/166/1514 5153/166/1513 5151/166/1512 5152/166/1511
f 5153/166/1513 5154/166/1514 5155/166/1756 5150/166/1510
f 5154/166/1514 5152/166/1511 5149/166/1508 5155/166/1756
f 5150/166/1510 5155/166/1756 5156/166/1516 5147/166/1507
f 5155/166/1756 5149/166/1508 5144/166/1784 5156/166/1516
f 5147/166/1507 5156/166/1516 5140/166/1500 5138/166/1499
f 5130/166/1490 5157/166/1492 5142/166/1503 5135/166/1497
f 5162/166/1517 5158/166/1518 5142/166/1503 5157/166/1492
f 5158/166/1518 5159/166/1519 5133/166/1493 5142/166/1503
f 5160/166/1520 5169/166/1521 5159/166/1519 5158/166/1518
f 5161/166/1522 5167/166/1523 5160/166/1520 5158/166/1518
f 5165/166/1524 5161/166/1522 5158/166/1518 5162/166/1517
f 5163/166/1528 5162/166/1517 5157/166/1492 5131/166/1491
f 5168/166/1527 5164/166/1757 5162/166/1517 5163/166/1528
f 5166/166/1525 5165/166/1524 5162/166/1517 5164/166/1757
f 5166/166/1525 5167/166/1523 5161/166/1522 5165/166/1524
f 5167/166/1523 5166/166/1525 5164/166/1757 5160/166/1520
f 5168/166/1527 5169/166/1521 5160/166/1520 5164/166/1757
f 5169/166/1521 5168/166/1527 5163/166/1528 5159/166/1519
f 5159/166/1519 5163/166/1528 5131/166/1491 5133/166/1493
f 5170/166/1496 5173/166/1489 5130/166/1490 5135/166/1497
f 5179/166/1758 5171/166/1532 5170/166/1496 5134/166/1486
f 5177/166/1533 5172/166/1529 5170/166/1496 5171/166/1532
f 5172/166/1529 5175/166/1530 5173/166/1489 5170/166/1496
f 5174/166/1535 5178/166/1796 5129/166/1485 5173/166/1489
f 5175/166/1530 5176/166/1534 5174/166/1535 5173/166/1489
f 5177/166/1533 5176/166/1534 5175/166/1530 5172/166/1529
f 5176/166/1534 5177/166/1533 5171/166/1532 5174/166/1535
f 5179/166/1758 5178/166/1796 5174/166/1535 5171/166/1532
f 5178/166/1796 5179/166/1758 5134/166/1486 5129/166/1485
f 5209/166/1700 5183/166/1772 5180/166/1702 5181/166/1703
f 5180/166/1702 5182/166/1704 5223/166/1705 5181/166/1703
f 5184/166/1706 5186/166/1707 5182/166/1704 5180/166/1702
f 5183/166/1772 5185/166/1708 5184/166/1706 5180/166/1702
f 5185/166/1708 5190/166/1709 5188/166/1710 5184/166/1706
f 5187/166/1711 5222/166/1712 5186/166/1707 5184/166/1706
f 5184/166/1706 5188/166/1710 5191/166/1713 5187/166/1711
f 5190/166/1709 5207/166/1716 5189/166/1774 5188/166/1710
f 5188/166/1710 5189/166/1774 5193/166/2051 5191/166/1713
f 5187/166/1711 5191/166/1713 5192/166/1718 5208/166/1717
f 5191/166/1713 5193/166/2051 5194/166/1719 5192/166/1718
f 5193/166/2051 5195/166/1793 5196/166/1722 5194/166/1719
f 5189/166/1774 5197/166/1721 5195/166/1793 5193/166/2051
f 5195/166/1793 5198/166/1779 5199/166/1803 5196/166/1722
f 5197/166/1721 5200/166/1780 5198/166/1779 5195/166/1793
f 5198/166/1779 5201/166/1727 5202/166/1794 5199/166/1803
f 5200/166/1780 5203/166/1730 5201/166/1727 5198/166/1779
f 5201/166/1727 5203/166/1730 5204/166/1729 5202/166/1794
f 5205/166/1726 5204/166/1729 5203/166/1730 5200/166/1780
f 5199/166/1803 5202/166/1794 5204/166/1729 5205/166/1726
f 5196/166/1722 5199/166/1803 5205/166/1726 5206/166/1720
f 5206/166/1720 5205/166/1726 5200/166/1780 5197/166/1721
f 5194/166/1719 5196/166/1722 5206/166/1720 5207/166/1716
f 5207/166/1716 5206/166/1720 5197/166/1721 5189/166/1774
f 5192/166/1718 5194/166/1719 5207/166/1716 5190/166/1709
f 5208/166/1717 5192/166/1718 5190/166/1709 5185/166/1708
f 5208/166/1717 5209/166/1700 5181/166/1703 5187/166/1711
f 5208/166/1717 5210/166/1732 5213/166/2052 5209/166/1700
f 5185/166/1708 5211/166/1734 5210/166/1732 5208/166/1717
f 5211/166/1734 5221/166/1735 5212/166/1736 5210/166/1732
f 5212/166/1736 5215/166/1737 5214/166/1738 5210/166/1732
f 5210/166/1732 5214/166/1738 5216/166/1739 5213/166/2052
f 5214/166/1738 5215/166/1737 5217/166/1740 5216/166/1739
f 5213/166/2052 5216/166/1739 5217/166/1740 5218/166/1741
f 5218/166/1741 5217/166/1740 5215/166/1737 5212/166/1736
f 5213/166/2052 5218/166/1741 5219/166/1781 5220/166/1743
f 5212/166/1736 5221/166/1735 5219/166/1781 5218/166/1741
f 5220/166/1743 5219/166/1781 5221/166/1735 5211/166/1734
f 5183/166/1772 5220/166/1743 5211/166/1734 5185/166/1708
f 5209/166/1700 5213/166/2052 5220/166/1743 5183/166/1772
f 5181/166/1703 5223/166/1705 5222/166/1712 5187/166/1711
f 5223/166/1705 5227/166/1748 5225/166/1744 5222/166/1712
f 5222/166/1712 5224/166/1746 5231/166/1747 5186/166/1707
f 5222/166/1712 5225/166/1744 5226/166/1745 5224/166/1746
f 5227/166/1748 5228/166/1751 5226/166/1745 5225/166/1744
f 5229/166/1750 5228/166/1751 5227/166/1748 5223/166/1705
f 5224/166/1746 5226/166/1745 5228/166/1751 5229/166/1750
f 5182/166/1704 5230/166/1783 5229/166/1750 5223/166/1705
f 5229/166/1750 5230/166/1783 5231/166/1747 5224/166/1746
f 5186/166/1707 5231/166/1747 5230/166/1783 5182/166/1704
usemtl Material.213
f 5275/166/1971 5235/166/1972 5232/166/1973 5233/166/1974
f 5232/166/1973 5234/166/1975 5245/166/1976 5233/166/1974
f 5236/166/1977 5238/166/1978 5234/166/1975 5232/166/1973
f 5235/166/1972 5237/166/1979 5236/166/1977 5232/166/1973
f 5237/166/1979 5241/166/1980 5240/166/1981 5236/166/1977
f 5239/166/1982 5258/166/1983 5238/166/1978 5236/166/1977
f 5242/166/1984 5239/166/1982 5236/166/1977 5240/166/1981
f 5241/166/1980 5275/166/1971 5233/166/1974 5240/166/1981
f 5233/166/1974 5245/166/1976 5243/166/1986 5240/166/1981
f 5244/166/1985 5242/166/1984 5240/166/1981 5243/166/1986
f 5258/166/1983 5244/166/1985 5243/166/1986 5238/166/1978
f 5246/166/1987 5248/166/1988 5238/166/1978 5243/166/1986
f 5247/166/1989 5246/166/1987 5243/166/1986 5245/166/1976
f 5252/166/1990 5250/166/1991 5246/166/1987 5247/166/1989
f 5249/166/1992 5257/166/2042 5248/166/1988 5246/166/1987
f 5250/166/1991 5251/166/1994 5249/166/1992 5246/166/1987
f 5253/166/1995 5251/166/1994 5250/166/1991 5252/166/1990
f 5253/166/1995 5252/166/1990 5247/166/1989 5254/166/2033
f 5251/166/1994 5253/166/1995 5254/166/2033 5249/166/1992
f 5255/166/2043 5257/166/2042 5249/166/1992 5254/166/2033
f 5255/166/2043 5254/166/2033 5247/166/1989 5256/166/1998
f 5257/166/2042 5255/166/2043 5256/166/1998 5248/166/1988
f 5256/166/1998 5247/166/1989 5245/166/1976 5234/166/1975
f 5248/166/1988 5256/166/1998 5234/166/1975 5238/166/1978
f 5259/166/2040 5261/166/2025 5242/166/1984 5244/166/1985
f 5260/166/2026 5259/166/2040 5244/166/1985 5258/166/1983
f 5264/166/2029 5262/166/2041 5259/166/2040 5260/166/2026
f 5262/166/2041 5263/166/2028 5261/166/2025 5259/166/2040
f 5265/166/2005 5266/166/2006 5263/166/2028 5262/166/2041
f 5267/166/2007 5265/166/2005 5262/166/2041 5264/166/2029
f 5268/166/2008 5270/166/2009 5266/166/2006 5265/166/2005
f 5269/166/2032 5268/166/2008 5265/166/2005 5267/166/2007
f 5269/166/2032 5271/166/2011 5270/166/2009 5268/166/2008
f 5270/166/2009 5271/166/2011 5272/166/2012 5266/166/2006
f 5271/166/2011 5269/166/2032 5267/166/2007 5272/166/2012
f 5266/166/2006 5272/166/2012 5273/166/2013 5263/166/2028
f 5272/166/2012 5267/166/2007 5264/166/2029 5273/166/2013
f 5263/166/2028 5273/166/2013 5274/166/2030 5261/166/2025
f 5273/166/2013 5264/166/2029 5260/166/2026 5274/166/2030
f 5274/166/2030 5260/166/2026 5258/166/1983 5239/166/1982
f 5261/166/2025 5274/166/2030 5239/166/1982 5242/166/1984
f 5277/166/2015 5279/166/2016 5275/166/1971 5241/166/1980
f 5278/166/2039 5277/166/2015 5241/166/1980 5276/166/2018
f 5283/166/2019 5276/166/2018 5241/166/1980 5237/166/1979
f 5278/166/2039 5280/166/2020 5279/166/2016 5277/166/2015
f 5279/166/2016 5280/166/2020 5281/166/2044 5275/166/1971
f 5280/166/2020 5278/166/2039 5276/166/2018 5281/166/2044
f 5283/166/2019 5282/166/2037 5281/166/2044 5276/166/2018
f 5281/166/2044 5282/166/2037 5235/166/1972 5275/166/1971
f 5282/166/2037 5283/166/2019 5237/166/1979 5235/166/1972
usemtl Material.214
f 5327/166/1971 5287/166/1972 5284/166/1973 5285/166/1974
f 5284/166/1973 5286/166/1975 5297/166/1976 5285/166/1974
f 5288/166/1977 5290/166/1978 5286/166/1975 5284/166/1973
f 5287/166/1972 5289/166/1979 5288/166/1977 5284/166/1973
f 5289/166/1979 5293/166/1980 5292/166/1981 5288/166/1977
f 5291/166/1982 5311/166/1983 5290/166/1978 5288/166/1977
f 5294/166/1984 5291/166/1982 5288/166/1977 5292/166/1981
f 5293/166/1980 5327/166/1971 5285/166/1974 5292/166/1981
f 5296/166/1985 5294/166/1984 5292/166/1981 5295/166/1986
f 5285/166/1974 5297/166/1976 5295/166/1986 5292/166/1981
f 5311/166/1983 5296/166/1985 5295/166/1986 5290/166/1978
f 5298/166/1987 5300/166/1988 5290/166/1978 5295/166/1986
f 5299/166/1989 5298/166/1987 5295/166/1986 5297/166/1976
f 5304/166/1990 5302/166/1991 5298/166/1987 5299/166/1989
f 5301/166/1992 5309/166/1993 5300/166/1988 5298/166/1987
f 5302/166/1991 5303/166/1994 5301/166/1992 5298/166/1987
f 5305/166/1995 5303/166/1994 5302/166/1991 5304/166/1990
f 5305/166/1995 5304/166/1990 5299/166/1989 5306/166/1996
f 5303/166/1994 5305/166/1995 5306/166/1996 5301/166/1992
f 5307/166/1997 5309/166/1993 5301/166/1992 5306/166/1996
f 5307/166/1997 5306/166/1996 5299/166/1989 5308/166/1998
f 5309/166/1993 5307/166/1997 5308/166/1998 5300/166/1988
f 5300/166/1988 5308/166/1998 5286/166/1975 5290/166/1978
f 5308/166/1998 5299/166/1989 5297/166/1976 5286/166/1975
f 5310/166/2024 5315/166/2001 5294/166/1984 5296/166/1985
f 5312/166/1999 5310/166/2024 5296/166/1985 5311/166/1983
f 5314/166/2030 5312/166/1999 5311/166/1983 5291/166/1982
f 5313/166/2002 5319/166/2048 5310/166/2024 5312/166/1999
f 5316/166/2013 5313/166/2002 5312/166/1999 5314/166/2030
f 5315/166/2001 5314/166/2030 5291/166/1982 5294/166/1984
f 5318/166/2004 5316/166/2013 5314/166/2030 5315/166/2001
f 5317/166/2012 5326/166/2053 5313/166/2002 5316/166/2013
f 5320/166/2045 5317/166/2012 5316/166/2013 5318/166/2004
f 5319/166/2048 5318/166/2004 5315/166/2001 5310/166/2024
f 5321/166/2005 5320/166/2045 5318/166/2004 5319/166/2048
f 5322/166/2009 5323/166/2011 5317/166/2012 5320/166/2045
f 5324/166/2008 5322/166/2009 5320/166/2045 5321/166/2005
f 5325/166/2032 5323/166/2011 5322/166/2009 5324/166/2008
f 5325/166/2032 5324/166/2008 5321/166/2005 5326/166/2053
f 5323/166/2011 5325/166/2032 5326/166/2053 5317/166/2012
f 5326/166/2053 5321/166/2005 5319/166/2048 5313/166/2002
f 5335/166/2019 5328/166/2018 5293/166/1980 5289/166/1979
f 5329/166/2015 5331/166/2016 5327/166/1971 5293/166/1980
f 5330/166/2017 5329/166/2015 5293/166/1980 5328/166/2018
f 5330/166/2017 5332/166/2020 5331/166/2016 5329/166/2015
f 5331/166/2016 5332/166/2020 5333/166/2021 5327/166/1971
f 5332/166/2020 5330/166/2017 5328/166/2018 5333/166/2021
f 5333/166/2021 5334/166/2022 5287/166/1972 5327/166/1971
f 5335/166/2019 5334/166/2022 5333/166/2021 5328/166/2018
f 5334/166/2022 5335/166/2019 5289/166/1979 5287/166/1972
usemtl Material.215
f 5337/166/2054 5342/166/2055 5340/166/2056 5336/166/2057
f 5349/166/2058 5337/166/2054 5336/166/2057 5338/166/2059
f 5336/166/2057 5339/166/2060 5379/166/2061 5338/166/2059
f 5340/166/2056 5341/166/2062 5339/166/2060 5336/166/2057
f 5344/166/2063 5345/166/2064 5341/166/2062 5340/166/2056
f 5342/166/2055 5362/166/2065 5343/166/2066 5340/166/2056
f 5340/166/2056 5343/166/2066 5346/166/2067 5344/166/2063
f 5338/166/2059 5379/166/2061 5345/166/2064 5344/166/2063
f 5347/166/2068 5349/166/2058 5338/166/2059 5344/166/2063
f 5344/166/2063 5346/166/2067 5348/166/2069 5347/166/2068
f 5342/166/2055 5352/166/2070 5350/166/2071 5347/166/2068
f 5347/166/2068 5348/166/2069 5362/166/2065 5342/166/2055
f 5347/166/2068 5350/166/2071 5351/166/2072 5349/166/2058
f 5350/166/2071 5354/166/2073 5356/166/2074 5351/166/2072
f 5352/166/2070 5361/166/1997 5353/166/2075 5350/166/2071
f 5353/166/2075 5355/166/2076 5354/166/2073 5350/166/2071
f 5354/166/2073 5355/166/2076 5357/166/2077 5356/166/2074
f 5351/166/2072 5356/166/2074 5357/166/2077 5358/166/2078
f 5358/166/2078 5357/166/2077 5355/166/2076 5353/166/2075
f 5353/166/2075 5361/166/1997 5359/166/1993 5358/166/2078
f 5351/166/2072 5358/166/2078 5359/166/1993 5360/166/2079
f 5360/166/2079 5359/166/1993 5361/166/1997 5352/166/2070
f 5349/166/2058 5351/166/2072 5360/166/2079 5337/166/2054
f 5337/166/2054 5360/166/2079 5352/166/2070 5342/166/2055
f 5346/166/2067 5365/166/2080 5363/166/2081 5348/166/2069
f 5348/166/2069 5363/166/2081 5364/166/2082 5362/166/2065
f 5363/166/2081 5366/166/2083 5368/166/2084 5364/166/2082
f 5365/166/2080 5367/166/2085 5366/166/2083 5363/166/2081
f 5367/166/2085 5370/166/2086 5369/166/2087 5366/166/2083
f 5366/166/2083 5369/166/2087 5371/166/2088 5368/166/2084
f 5370/166/2086 5374/166/2089 5372/166/2090 5369/166/2087
f 5369/166/2087 5372/166/2090 5373/166/2091 5371/166/2088
f 5374/166/2089 5375/166/2092 5373/166/2091 5372/166/2090
f 5376/166/2093 5375/166/2092 5374/166/2089 5370/166/2086
f 5371/166/2088 5373/166/2091 5375/166/2092 5376/166/2093
f 5377/166/2094 5376/166/2093 5370/166/2086 5367/166/2085
f 5368/166/2084 5371/166/2088 5376/166/2093 5377/166/2094
f 5378/166/2095 5377/166/2094 5367/166/2085 5365/166/2080
f 5364/166/2082 5368/166/2084 5377/166/2094 5378/166/2095
f 5362/166/2065 5364/166/2082 5378/166/2095 5343/166/2066
f 5343/166/2066 5378/166/2095 5365/166/2080 5346/166/2067
f 5379/166/2061 5383/166/2096 5381/166/2097 5345/166/2064
f 5345/166/2064 5381/166/2097 5382/166/2098 5380/166/2099
f 5345/166/2064 5380/166/2099 5387/166/2100 5341/166/2062
f 5383/166/2096 5384/166/2101 5382/166/2098 5381/166/2097
f 5385/166/2102 5384/166/2101 5383/166/2096 5379/166/2061
f 5380/166/2099 5382/166/2098 5384/166/2101 5385/166/2102
f 5385/166/2102 5386/166/2103 5387/166/2100 5380/166/2099
f 5339/166/2060 5386/166/2103 5385/166/2102 5379/166/2061
f 5341/166/2062 5387/166/2100 5386/166/2103 5339/166/2060
usemtl Material.216
f 5389/166/2054 5394/166/2055 5392/166/2056 5388/166/2057
f 5401/166/2058 5389/166/2054 5388/166/2057 5390/166/2059
f 5388/166/2057 5391/166/2060 5431/166/2061 5390/166/2059
f 5392/166/2056 5393/166/2062 5391/166/2060 5388/166/2057
f 5396/166/2063 5397/166/2064 5393/166/2062 5392/166/2056
f 5394/166/2055 5415/166/2065 5395/166/2066 5392/166/2056
f 5392/166/2056 5395/166/2066 5398/166/2067 5396/166/2063
f 5390/166/2059 5431/166/2061 5397/166/2064 5396/166/2063
f 5396/166/2063 5398/166/2067 5400/166/2069 5399/166/2068
f 5399/166/2068 5401/166/2058 5390/166/2059 5396/166/2063
f 5394/166/2055 5404/166/2070 5402/166/2071 5399/166/2068
f 5399/166/2068 5400/166/2069 5415/166/2065 5394/166/2055
f 5399/166/2068 5402/166/2071 5403/166/2072 5401/166/2058
f 5402/166/2071 5406/166/2073 5408/166/2074 5403/166/2072
f 5404/166/2070 5413/166/1997 5405/166/2075 5402/166/2071
f 5405/166/2075 5407/166/2076 5406/166/2073 5402/166/2071
f 5406/166/2073 5407/166/2076 5409/166/2077 5408/166/2074
f 5403/166/2072 5408/166/2074 5409/166/2077 5410/166/2078
f 5410/166/2078 5409/166/2077 5407/166/2076 5405/166/2075
f 5405/166/2075 5413/166/1997 5411/166/1993 5410/166/2078
f 5403/166/2072 5410/166/2078 5411/166/1993 5412/166/2079
f 5412/166/2079 5411/166/1993 5413/166/1997 5404/166/2070
f 5389/166/2054 5412/166/2079 5404/166/2070 5394/166/2055
f 5401/166/2058 5403/166/2072 5412/166/2079 5389/166/2054
f 5398/166/2067 5419/166/2104 5414/166/2081 5400/166/2069
f 5400/166/2069 5414/166/2081 5416/166/2105 5415/166/2065
f 5415/166/2065 5416/166/2105 5418/166/2095 5395/166/2066
f 5414/166/2081 5423/166/2083 5417/166/2106 5416/166/2105
f 5416/166/2105 5417/166/2106 5420/166/2094 5418/166/2095
f 5395/166/2066 5418/166/2095 5419/166/2104 5398/166/2067
f 5418/166/2095 5420/166/2094 5422/166/2107 5419/166/2104
f 5417/166/2106 5430/166/2108 5421/166/2109 5420/166/2094
f 5420/166/2094 5421/166/2109 5424/166/2086 5422/166/2107
f 5419/166/2104 5422/166/2107 5423/166/2083 5414/166/2081
f 5422/166/2107 5424/166/2086 5425/166/2110 5423/166/2083
f 5421/166/2109 5427/166/2092 5426/166/2089 5424/166/2086
f 5424/166/2086 5426/166/2089 5428/166/2090 5425/166/2110
f 5426/166/2089 5427/166/2092 5429/166/2091 5428/166/2090
f 5425/166/2110 5428/166/2090 5429/166/2091 5430/166/2108
f 5430/166/2108 5429/166/2091 5427/166/2092 5421/166/2109
f 5423/166/2083 5425/166/2110 5430/166/2108 5417/166/2106
f 5397/166/2064 5432/166/2099 5439/166/2100 5393/166/2062
f 5431/166/2061 5435/166/2096 5433/166/2097 5397/166/2064
f 5397/166/2064 5433/166/2097 5434/166/2111 5432/166/2099
f 5435/166/2096 5436/166/2101 5434/166/2111 5433/166/2097
f 5437/166/2102 5436/166/2101 5435/166/2096 5431/166/2061
f 5432/166/2099 5434/166/2111 5436/166/2101 5437/166/2102
f 5391/166/2060 5438/166/2103 5437/166/2102 5431/166/2061
f 5437/166/2102 5438/166/2103 5439/166/2100 5432/166/2099
f 5393/166/2062 5439/166/2100 5438/166/2103 5391/166/2060
usemtl Material.217
f 5441/166/2054 5446/166/2055 5444/166/2056 5440/166/2057
f 5453/166/2058 5441/166/2054 5440/166/2057 5442/166/2059
f 5440/166/2057 5443/166/2060 5483/166/2061 5442/166/2059
f 5444/166/2056 5445/166/2062 5443/166/2060 5440/166/2057
f 5448/166/2063 5449/166/2064 5445/166/2062 5444/166/2056
f 5446/166/2055 5466/166/2112 5447/166/2066 5444/166/2056
f 5444/166/2056 5447/166/2066 5450/166/2067 5448/166/2063
f 5442/166/2059 5483/166/2061 5449/166/2064 5448/166/2063
f 5451/166/2068 5453/166/2058 5442/166/2059 5448/166/2063
f 5448/166/2063 5450/166/2067 5452/166/2069 5451/166/2068
f 5446/166/2055 5456/166/2070 5454/166/2071 5451/166/2068
f 5451/166/2068 5452/166/2069 5466/166/2112 5446/166/2055
f 5451/166/2068 5454/166/2071 5455/166/2072 5453/166/2058
f 5454/166/2071 5458/166/2073 5460/166/2074 5455/166/2072
f 5456/166/2070 5465/166/1997 5457/166/2075 5454/166/2071
f 5457/166/2075 5459/166/2113 5458/166/2073 5454/166/2071
f 5458/166/2073 5459/166/2113 5461/166/2114 5460/166/2074
f 5455/166/2072 5460/166/2074 5461/166/2114 5462/166/2078
f 5462/166/2078 5461/166/2114 5459/166/2113 5457/166/2075
f 5457/166/2075 5465/166/1997 5463/166/1993 5462/166/2078
f 5455/166/2072 5462/166/2078 5463/166/1993 5464/166/2079
f 5464/166/2079 5463/166/1993 5465/166/1997 5456/166/2070
f 5453/166/2058 5455/166/2072 5464/166/2079 5441/166/2054
f 5441/166/2054 5464/166/2079 5456/166/2070 5446/166/2055
f 5450/166/2067 5469/166/2080 5467/166/2115 5452/166/2069
f 5452/166/2069 5467/166/2115 5468/166/2082 5466/166/2112
f 5467/166/2115 5470/166/2083 5472/166/2084 5468/166/2082
f 5469/166/2080 5471/166/2085 5470/166/2083 5467/166/2115
f 5471/166/2085 5474/166/2086 5473/166/2110 5470/166/2083
f 5470/166/2083 5473/166/2110 5475/166/2116 5472/166/2084
f 5474/166/2086 5478/166/2089 5476/166/2090 5473/166/2110
f 5473/166/2110 5476/166/2090 5477/166/2091 5475/166/2116
f 5478/166/2089 5479/166/2092 5477/166/2091 5476/166/2090
f 5480/166/2117 5479/166/2092 5478/166/2089 5474/166/2086
f 5475/166/2116 5477/166/2091 5479/166/2092 5480/166/2117
f 5481/166/2094 5480/166/2117 5474/166/2086 5471/166/2085
f 5472/166/2084 5475/166/2116 5480/166/2117 5481/166/2094
f 5482/166/2118 5481/166/2094 5471/166/2085 5469/166/2080
f 5468/166/2082 5472/166/2084 5481/166/2094 5482/166/2118
f 5466/166/2112 5468/166/2082 5482/166/2118 5447/166/2066
f 5447/166/2066 5482/166/2118 5469/166/2080 5450/166/2067
f 5483/166/2061 5487/166/2096 5485/166/2119 5449/166/2064
f 5449/166/2064 5485/166/2119 5486/166/2120 5484/166/2121
f 5449/166/2064 5484/166/2121 5491/166/2100 5445/166/2062
f 5487/166/2096 5488/166/2122 5486/166/2120 5485/166/2119
f 5489/166/2123 5488/166/2122 5487/166/2096 5483/166/2061
f 5484/166/2121 5486/166/2120 5488/166/2122 5489/166/2123
f 5489/166/2123 5490/166/2103 5491/166/2100 5484/166/2121
f 5443/166/2060 5490/166/2103 5489/166/2123 5483/166/2061
f 5445/166/2062 5491/166/2100 5490/166/2103 5443/166/2060
usemtl Material.218
f 5493/166/2054 5498/166/2055 5496/166/2056 5492/166/2057
f 5505/166/2058 5493/166/2054 5492/166/2057 5494/166/2059
f 5492/166/2057 5495/166/2060 5535/166/2061 5494/166/2059
f 5496/166/2056 5497/166/2062 5495/166/2060 5492/166/2057
f 5500/166/2063 5501/166/2064 5497/166/2062 5496/166/2056
f 5498/166/2055 5519/166/2065 5499/166/2066 5496/166/2056
f 5496/166/2056 5499/166/2066 5502/166/2067 5500/166/2063
f 5494/166/2059 5535/166/2061 5501/166/2064 5500/166/2063
f 5500/166/2063 5502/166/2067 5504/166/2069 5503/166/2068
f 5503/166/2068 5505/166/2058 5494/166/2059 5500/166/2063
f 5498/166/2055 5508/166/2070 5506/166/2071 5503/166/2068
f 5503/166/2068 5504/166/2069 5519/166/2065 5498/166/2055
f 5503/166/2068 5506/166/2071 5507/166/2072 5505/166/2058
f 5506/166/2071 5510/166/2073 5512/166/2074 5507/166/2072
f 5508/166/2070 5517/166/1997 5509/166/2075 5506/166/2071
f 5509/166/2075 5511/166/2113 5510/166/2073 5506/166/2071
f 5510/166/2073 5511/166/2113 5513/166/2114 5512/166/2074
f 5507/166/2072 5512/166/2074 5513/166/2114 5514/166/2078
f 5514/166/2078 5513/166/2114 5511/166/2113 5509/166/2075
f 5509/166/2075 5517/166/1997 5515/166/1993 5514/166/2078
f 5507/166/2072 5514/166/2078 5515/166/1993 5516/166/2079
f 5516/166/2079 5515/166/1993 5517/166/1997 5508/166/2070
f 5493/166/2054 5516/166/2079 5508/166/2070 5498/166/2055
f 5505/166/2058 5507/166/2072 5516/166/2079 5493/166/2054
f 5502/166/2067 5523/166/2104 5518/166/2081 5504/166/2069
f 5504/166/2069 5518/166/2081 5520/166/2105 5519/166/2065
f 5519/166/2065 5520/166/2105 5522/166/2118 5499/166/2066
f 5518/166/2081 5527/166/2083 5521/166/2106 5520/166/2105
f 5520/166/2105 5521/166/2106 5524/166/2094 5522/166/2118
f 5499/166/2066 5522/166/2118 5523/166/2104 5502/166/2067
f 5522/166/2118 5524/166/2094 5526/166/2107 5523/166/2104
f 5521/166/2106 5534/166/2116 5525/166/2109 5524/166/2094
f 5524/166/2094 5525/166/2109 5528/166/2086 5526/166/2107
f 5523/166/2104 5526/166/2107 5527/166/2083 5518/166/2081
f 5526/166/2107 5528/166/2086 5529/166/2110 5527/166/2083
f 5525/166/2109 5531/166/2092 5530/166/2089 5528/166/2086
f 5528/166/2086 5530/166/2089 5532/166/2090 5529/166/2110
f 5530/166/2089 5531/166/2092 5533/166/2091 5532/166/2090
f 5529/166/2110 5532/166/2090 5533/166/2091 5534/166/2116
f 5534/166/2116 5533/166/2091 5531/166/2092 5525/166/2109
f 5527/166/2083 5529/166/2110 5534/166/2116 5521/166/2106
f 5501/166/2064 5536/166/2099 5543/166/2100 5497/166/2062
f 5535/166/2061 5539/166/2096 5537/166/2119 5501/166/2064
f 5501/166/2064 5537/166/2119 5538/166/2098 5536/166/2099
f 5539/166/2096 5540/166/2101 5538/166/2098 5537/166/2119
f 5541/166/2102 5540/166/2101 5539/166/2096 5535/166/2061
f 5536/166/2099 5538/166/2098 5540/166/2101 5541/166/2102
f 5495/166/2060 5542/166/2103 5541/166/2102 5535/166/2061
f 5541/166/2102 5542/166/2103 5543/166/2100 5536/166/2099
f 5497/166/2062 5543/166/2100 5542/166/2103 5495/166/2060
usemtl Material.219
f 5545/166/2054 5550/166/2055 5548/166/2056 5544/166/2057
f 5557/166/2058 5545/166/2054 5544/166/2057 5546/166/2059
f 5544/166/2057 5547/166/2060 5587/166/2061 5546/166/2059
f 5548/166/2056 5549/166/2062 5547/166/2060 5544/166/2057
f 5552/166/2063 5553/166/2064 5549/166/2062 5548/166/2056
f 5550/166/2055 5570/166/2065 5551/166/2066 5548/166/2056
f 5548/166/2056 5551/166/2066 5554/166/2067 5552/166/2063
f 5546/166/2059 5587/166/2061 5553/166/2064 5552/166/2063
f 5555/166/2068 5557/166/2058 5546/166/2059 5552/166/2063
f 5552/166/2063 5554/166/2067 5556/166/2069 5555/166/2068
f 5550/166/2055 5560/166/2070 5558/166/2071 5555/166/2068
f 5555/166/2068 5556/166/2069 5570/166/2065 5550/166/2055
f 5555/166/2068 5558/166/2071 5559/166/2072 5557/166/2058
f 5558/166/2071 5562/166/2073 5564/166/2074 5559/166/2072
f 5560/166/2070 5569/166/2043 5561/166/2075 5558/166/2071
f 5561/166/2075 5563/166/2113 5562/166/2073 5558/166/2071
f 5562/166/2073 5563/166/2113 5565/166/2114 5564/166/2074
f 5559/166/2072 5564/166/2074 5565/166/2114 5566/166/2078
f 5566/166/2078 5565/166/2114 5563/166/2113 5561/166/2075
f 5561/166/2075 5569/166/2043 5567/166/2042 5566/166/2078
f 5559/166/2072 5566/166/2078 5567/166/2042 5568/166/2079
f 5568/166/2079 5567/166/2042 5569/166/2043 5560/166/2070
f 5557/166/2058 5559/166/2072 5568/166/2079 5545/166/2054
f 5545/166/2054 5568/166/2079 5560/166/2070 5550/166/2055
f 5554/166/2067 5573/166/2080 5571/166/2115 5556/166/2069
f 5556/166/2069 5571/166/2115 5572/166/2082 5570/166/2065
f 5571/166/2115 5574/166/2083 5576/166/2084 5572/166/2082
f 5573/166/2080 5575/166/2085 5574/166/2083 5571/166/2115
f 5575/166/2085 5578/166/2086 5577/166/2087 5574/166/2083
f 5574/166/2083 5577/166/2087 5579/166/2088 5576/166/2084
f 5578/166/2086 5582/166/2089 5580/166/2090 5577/166/2087
f 5577/166/2087 5580/166/2090 5581/166/2124 5579/166/2088
f 5582/166/2089 5583/166/2092 5581/166/2124 5580/166/2090
f 5584/166/2109 5583/166/2092 5582/166/2089 5578/166/2086
f 5579/166/2088 5581/166/2124 5583/166/2092 5584/166/2109
f 5585/166/2094 5584/166/2109 5578/166/2086 5575/166/2085
f 5576/166/2084 5579/166/2088 5584/166/2109 5585/166/2094
f 5586/166/2095 5585/166/2094 5575/166/2085 5573/166/2080
f 5572/166/2082 5576/166/2084 5585/166/2094 5586/166/2095
f 5570/166/2065 5572/166/2082 5586/166/2095 5551/166/2066
f 5551/166/2066 5586/166/2095 5573/166/2080 5554/166/2067
f 5587/166/2061 5591/166/2096 5589/166/2119 5553/166/2064
f 5553/166/2064 5589/166/2119 5590/166/2111 5588/166/2099
f 5553/166/2064 5588/166/2099 5595/166/2100 5549/166/2062
f 5591/166/2096 5592/166/2101 5590/166/2111 5589/166/2119
f 5593/166/2102 5592/166/2101 5591/166/2096 5587/166/2061
f 5588/166/2099 5590/166/2111 5592/166/2101 5593/166/2102
f 5593/166/2102 5594/166/2103 5595/166/2100 5588/166/2099
f 5547/166/2060 5594/166/2103 5593/166/2102 5587/166/2061
f 5549/166/2062 5595/166/2100 5594/166/2103 5547/166/2060
usemtl Material.220
f 5597/166/2054 5602/166/2055 5600/166/2056 5596/166/2057
f 5609/166/2058 5597/166/2054 5596/166/2057 5598/166/2059
f 5596/166/2057 5599/166/2060 5639/166/2061 5598/166/2059
f 5600/166/2056 5601/166/2062 5599/166/2060 5596/166/2057
f 5604/166/2063 5605/166/2064 5601/166/2062 5600/166/2056
f 5602/166/2055 5623/166/2065 5603/166/2066 5600/166/2056
f 5600/166/2056 5603/166/2066 5606/166/2067 5604/166/2063
f 5598/166/2059 5639/166/2061 5605/166/2064 5604/166/2063
f 5604/166/2063 5606/166/2067 5608/166/2069 5607/166/2068
f 5607/166/2068 5609/166/2058 5598/166/2059 5604/166/2063
f 5602/166/2055 5612/166/2070 5610/166/2071 5607/166/2068
f 5607/166/2068 5608/166/2069 5623/166/2065 5602/166/2055
f 5607/166/2068 5610/166/2071 5611/166/2072 5609/166/2058
f 5610/166/2071 5614/166/2073 5616/166/2074 5611/166/2072
f 5612/166/2070 5621/166/1997 5613/166/2075 5610/166/2071
f 5613/166/2075 5615/166/2113 5614/166/2073 5610/166/2071
f 5614/166/2073 5615/166/2113 5617/166/2114 5616/166/2074
f 5611/166/2072 5616/166/2074 5617/166/2114 5618/166/2078
f 5618/166/2078 5617/166/2114 5615/166/2113 5613/166/2075
f 5613/166/2075 5621/166/1997 5619/166/1993 5618/166/2078
f 5611/166/2072 5618/166/2078 5619/166/1993 5620/166/2079
f 5620/166/2079 5619/166/1993 5621/166/1997 5612/166/2070
f 5597/166/2054 5620/166/2079 5612/166/2070 5602/166/2055
f 5609/166/2058 5611/166/2072 5620/166/2079 5597/166/2054
f 5606/166/2067 5627/166/2080 5622/166/2081 5608/166/2069
f 5608/166/2069 5622/166/2081 5624/166/2105 5623/166/2065
f 5623/166/2065 5624/166/2105 5626/166/2118 5603/166/2066
f 5622/166/2081 5631/166/2083 5625/166/2106 5624/166/2105
f 5624/166/2105 5625/166/2106 5628/166/2094 5626/166/2118
f 5603/166/2066 5626/166/2118 5627/166/2080 5606/166/2067
f 5626/166/2118 5628/166/2094 5630/166/2107 5627/166/2080
f 5625/166/2106 5638/166/2116 5629/166/2109 5628/166/2094
f 5628/166/2094 5629/166/2109 5632/166/2086 5630/166/2107
f 5627/166/2080 5630/166/2107 5631/166/2083 5622/166/2081
f 5630/166/2107 5632/166/2086 5633/166/2110 5631/166/2083
f 5629/166/2109 5635/166/2092 5634/166/2089 5632/166/2086
f 5632/166/2086 5634/166/2089 5636/166/2090 5633/166/2110
f 5634/166/2089 5635/166/2092 5637/166/2091 5636/166/2090
f 5633/166/2110 5636/166/2090 5637/166/2091 5638/166/2116
f 5638/166/2116 5637/166/2091 5635/166/2092 5629/166/2109
f 5631/166/2083 5633/166/2110 5638/166/2116 5625/166/2106
f 5605/166/2064 5640/166/2099 5647/166/2100 5601/166/2062
f 5639/166/2061 5643/166/2096 5641/166/2097 5605/166/2064
f 5605/166/2064 5641/166/2097 5642/166/2098 5640/166/2099
f 5643/166/2096 5644/166/2101 5642/166/2098 5641/166/2097
f 5645/166/2102 5644/166/2101 5643/166/2096 5639/166/2061
f 5640/166/2099 5642/166/2098 5644/166/2101 5645/166/2102
f 5599/166/2060 5646/166/2103 5645/166/2102 5639/166/2061
f 5645/166/2102 5646/166/2103 5647/166/2100 5640/166/2099
f 5601/166/2062 5647/166/2100 5646/166/2103 5599/166/2060
usemtl Material.221
f 5649/166/2054 5654/166/2055 5652/166/2056 5648/166/2057
f 5661/166/2058 5649/166/2054 5648/166/2057 5650/166/2059
f 5648/166/2057 5651/166/2060 5691/166/2061 5650/166/2059
f 5652/166/2056 5653/166/2062 5651/166/2060 5648/166/2057
f 5656/166/2063 5657/166/2064 5653/166/2062 5652/166/2056
f 5654/166/2055 5674/166/2065 5655/166/2066 5652/166/2056
f 5652/166/2056 5655/166/2066 5658/166/2067 5656/166/2063
f 5650/166/2059 5691/166/2061 5657/166/2064 5656/166/2063
f 5659/166/2068 5661/166/2058 5650/166/2059 5656/166/2063
f 5656/166/2063 5658/166/2067 5660/166/2069 5659/166/2068
f 5654/166/2055 5664/166/2070 5662/166/2071 5659/166/2068
f 5659/166/2068 5660/166/2069 5674/166/2065 5654/166/2055
f 5659/166/2068 5662/166/2071 5663/166/2072 5661/166/2058
f 5662/166/2071 5666/166/2073 5668/166/2074 5663/166/2072
f 5664/166/2070 5673/166/1997 5665/166/2075 5662/166/2071
f 5665/166/2075 5667/166/2113 5666/166/2073 5662/166/2071
f 5666/166/2073 5667/166/2113 5669/166/2114 5668/166/2074
f 5663/166/2072 5668/166/2074 5669/166/2114 5670/166/2078
f 5670/166/2078 5669/166/2114 5667/166/2113 5665/166/2075
f 5665/166/2075 5673/166/1997 5671/166/1993 5670/166/2078
f 5663/166/2072 5670/166/2078 5671/166/1993 5672/166/2079
f 5672/166/2079 5671/166/1993 5673/166/1997 5664/166/2070
f 5661/166/2058 5663/166/2072 5672/166/2079 5649/166/2054
f 5649/166/2054 5672/166/2079 5664/166/2070 5654/166/2055
f 5658/166/2067 5677/166/2125 5675/166/2126 5660/166/2069
f 5660/166/2069 5675/166/2126 5676/166/2082 5674/166/2065
f 5675/166/2126 5678/166/2083 5680/166/2084 5676/166/2082
f 5677/166/2125 5679/166/2085 5678/166/2083 5675/166/2126
f 5679/166/2085 5682/166/2086 5681/166/2087 5678/166/2083
f 5678/166/2083 5681/166/2087 5683/166/2088 5680/166/2084
f 5682/166/2086 5686/166/2089 5684/166/2090 5681/166/2087
f 5681/166/2087 5684/166/2090 5685/166/2091 5683/166/2088
f 5686/166/2089 5687/166/2092 5685/166/2091 5684/166/2090
f 5688/166/2109 5687/166/2092 5686/166/2089 5682/166/2086
f 5683/166/2088 5685/166/2091 5687/166/2092 5688/166/2109
f 5689/166/2094 5688/166/2109 5682/166/2086 5679/166/2085
f 5680/166/2084 5683/166/2088 5688/166/2109 5689/166/2094
f 5690/166/2118 5689/166/2094 5679/166/2085 5677/166/2125
f 5676/166/2082 5680/166/2084 5689/166/2094 5690/166/2118
f 5674/166/2065 5676/166/2082 5690/166/2118 5655/166/2066
f 5655/166/2066 5690/166/2118 5677/166/2125 5658/166/2067
f 5691/166/2061 5695/166/2096 5693/166/2097 5657/166/2064
f 5657/166/2064 5693/166/2097 5694/166/2098 5692/166/2099
f 5657/166/2064 5692/166/2099 5699/166/2100 5653/166/2062
f 5695/166/2096 5696/166/2101 5694/166/2098 5693/166/2097
f 5697/166/2102 5696/166/2101 5695/166/2096 5691/166/2061
f 5692/166/2099 5694/166/2098 5696/166/2101 5697/166/2102
f 5697/166/2102 5698/166/2103 5699/166/2100 5692/166/2099
f 5651/166/2060 5698/166/2103 5697/166/2102 5691/166/2061
f 5653/166/2062 5699/166/2100 5698/166/2103 5651/166/2060
usemtl Material.222
f 5701/166/2054 5706/166/2055 5704/166/2056 5700/166/2057
f 5713/166/2058 5701/166/2054 5700/166/2057 5702/166/2059
f 5700/166/2057 5703/166/2060 5743/166/2061 5702/166/2059
f 5704/166/2056 5705/166/2062 5703/166/2060 5700/166/2057
f 5708/166/2063 5709/166/2064 5705/166/2062 5704/166/2056
f 5706/166/2055 5727/166/2065 5707/166/2066 5704/166/2056
f 5704/166/2056 5707/166/2066 5710/166/2067 5708/166/2063
f 5702/166/2059 5743/166/2061 5709/166/2064 5708/166/2063
f 5708/166/2063 5710/166/2067 5712/166/2069 5711/166/2068
f 5711/166/2068 5713/166/2058 5702/166/2059 5708/166/2063
f 5706/166/2055 5716/166/2070 5714/166/2071 5711/166/2068
f 5711/166/2068 5712/166/2069 5727/166/2065 5706/166/2055
f 5711/166/2068 5714/166/2071 5715/166/2072 5713/166/2058
f 5714/166/2071 5718/166/2073 5720/166/2074 5715/166/2072
f 5716/166/2070 5725/166/1997 5717/166/2075 5714/166/2071
f 5717/166/2075 5719/166/2113 5718/166/2073 5714/166/2071
f 5718/166/2073 5719/166/2113 5721/166/2114 5720/166/2074
f 5715/166/2072 5720/166/2074 5721/166/2114 5722/166/2078
f 5722/166/2078 5721/166/2114 5719/166/2113 5717/166/2075
f 5717/166/2075 5725/166/1997 5723/166/1993 5722/166/2078
f 5715/166/2072 5722/166/2078 5723/166/1993 5724/166/2079
f 5724/166/2079 5723/166/1993 5725/166/1997 5716/166/2070
f 5701/166/2054 5724/166/2079 5716/166/2070 5706/166/2055
f 5713/166/2058 5715/166/2072 5724/166/2079 5701/166/2054
f 5710/166/2067 5731/166/2080 5726/166/2081 5712/166/2069
f 5712/166/2069 5726/166/2081 5728/166/2105 5727/166/2065
f 5727/166/2065 5728/166/2105 5730/166/2095 5707/166/2066
f 5726/166/2081 5735/166/2083 5729/166/2106 5728/166/2105
f 5728/166/2105 5729/166/2106 5732/166/2094 5730/166/2095
f 5707/166/2066 5730/166/2095 5731/166/2080 5710/166/2067
f 5730/166/2095 5732/166/2094 5734/166/2107 5731/166/2080
f 5729/166/2106 5742/166/2116 5733/166/2109 5732/166/2094
f 5732/166/2094 5733/166/2109 5736/166/2086 5734/166/2107
f 5731/166/2080 5734/166/2107 5735/166/2083 5726/166/2081
f 5734/166/2107 5736/166/2086 5737/166/2110 5735/166/2083
f 5733/166/2109 5739/166/2092 5738/166/2089 5736/166/2086
f 5736/166/2086 5738/166/2089 5740/166/2090 5737/166/2110
f 5738/166/2089 5739/166/2092 5741/166/2091 5740/166/2090
f 5737/166/2110 5740/166/2090 5741/166/2091 5742/166/2116
f 5742/166/2116 5741/166/2091 5739/166/2092 5733/166/2109
f 5735/166/2083 5737/166/2110 5742/166/2116 5729/166/2106
f 5709/166/2064 5744/166/2099 5751/166/2100 5705/166/2062
f 5743/166/2061 5747/166/2096 5745/166/2097 5709/166/2064
f 5709/166/2064 5745/166/2097 5746/166/2098 5744/166/2099
f 5747/166/2096 5748/166/2101 5746/166/2098 5745/166/2097
f 5749/166/2102 5748/166/2101 5747/166/2096 5743/166/2061
f 5744/166/2099 5746/166/2098 5748/166/2101 5749/166/2102
f 5703/166/2060 5750/166/2103 5749/166/2102 5743/166/2061
f 5749/166/2102 5750/166/2103 5751/166/2100 5744/166/2099
f 5705/166/2062 5751/166/2100 5750/166/2103 5703/166/2060
usemtl Material.223
f 5753/166/2054 5758/166/2055 5756/166/2056 5752/166/2057
f 5765/166/2058 5753/166/2054 5752/166/2057 5754/166/2059
f 5752/166/2057 5755/166/2060 5795/166/2061 5754/166/2059
f 5756/166/2056 5757/166/2062 5755/166/2060 5752/166/2057
f 5760/166/2063 5761/166/2064 5757/166/2062 5756/166/2056
f 5758/166/2055 5778/166/2065 5759/166/2066 5756/166/2056
f 5756/166/2056 5759/166/2066 5762/166/2127 5760/166/2063
f 5754/166/2059 5795/166/2061 5761/166/2064 5760/166/2063
f 5763/166/2068 5765/166/2058 5754/166/2059 5760/166/2063
f 5760/166/2063 5762/166/2127 5764/166/2069 5763/166/2068
f 5758/166/2055 5768/166/2070 5766/166/2071 5763/166/2068
f 5763/166/2068 5764/166/2069 5778/166/2065 5758/166/2055
f 5763/166/2068 5766/166/2071 5767/166/2072 5765/166/2058
f 5766/166/2071 5770/166/2073 5772/166/2074 5767/166/2072
f 5768/166/2070 5777/166/2043 5769/166/2075 5766/166/2071
f 5769/166/2075 5771/166/2113 5770/166/2073 5766/166/2071
f 5770/166/2073 5771/166/2113 5773/166/2114 5772/166/2074
f 5767/166/2072 5772/166/2074 5773/166/2114 5774/166/2078
f 5774/166/2078 5773/166/2114 5771/166/2113 5769/166/2075
f 5769/166/2075 5777/166/2043 5775/166/2042 5774/166/2078
f 5767/166/2072 5774/166/2078 5775/166/2042 5776/166/2079
f 5776/166/2079 5775/166/2042 5777/166/2043 5768/166/2070
f 5765/166/2058 5767/166/2072 5776/166/2079 5753/166/2054
f 5753/166/2054 5776/166/2079 5768/166/2070 5758/166/2055
f 5762/166/2127 5781/166/2080 5779/166/2081 5764/166/2069
f 5764/166/2069 5779/166/2081 5780/166/2082 5778/166/2065
f 5779/166/2081 5782/166/2083 5784/166/2084 5780/166/2082
f 5781/166/2080 5783/166/2085 5782/166/2083 5779/166/2081
f 5783/166/2085 5786/166/2086 5785/166/2087 5782/166/2083
f 5782/166/2083 5785/166/2087 5787/166/2088 5784/166/2084
f 5786/166/2086 5790/166/2089 5788/166/2090 5785/166/2087
f 5785/166/2087 5788/166/2090 5789/166/2091 5787/166/2088
f 5790/166/2089 5791/166/2092 5789/166/2091 5788/166/2090
f 5792/166/2109 5791/166/2092 5790/166/2089 5786/166/2086
f 5787/166/2088 5789/166/2091 5791/166/2092 5792/166/2109
f 5793/166/2094 5792/166/2109 5786/166/2086 5783/166/2085
f 5784/166/2084 5787/166/2088 5792/166/2109 5793/166/2094
f 5794/166/2118 5793/166/2094 5783/166/2085 5781/166/2080
f 5780/166/2082 5784/166/2084 5793/166/2094 5794/166/2118
f 5778/166/2065 5780/166/2082 5794/166/2118 5759/166/2066
f 5759/166/2066 5794/166/2118 5781/166/2080 5762/166/2127
f 5795/166/2061 5799/166/2096 5797/166/2097 5761/166/2064
f 5761/166/2064 5797/166/2097 5798/166/2111 5796/166/2099
f 5761/166/2064 5796/166/2099 5803/166/2100 5757/166/2062
f 5799/166/2096 5800/166/2101 5798/166/2111 5797/166/2097
f 5801/166/2102 5800/166/2101 5799/166/2096 5795/166/2061
f 5796/166/2099 5798/166/2111 5800/166/2101 5801/166/2102
f 5801/166/2102 5802/166/2103 5803/166/2100 5796/166/2099
f 5755/166/2060 5802/166/2103 5801/166/2102 5795/166/2061
f 5757/166/2062 5803/166/2100 5802/166/2103 5755/166/2060
usemtl Material.224
f 5805/166/2054 5810/166/2055 5808/166/2056 5804/166/2057
f 5817/166/2058 5805/166/2054 5804/166/2057 5806/166/2059
f 5804/166/2057 5807/166/2060 5847/166/2061 5806/166/2059
f 5808/166/2056 5809/166/2062 5807/166/2060 5804/166/2057
f 5812/166/2063 5813/166/2064 5809/166/2062 5808/166/2056
f 5810/166/2055 5831/166/2065 5811/166/2066 5808/166/2056
f 5808/166/2056 5811/166/2066 5814/166/2067 5812/166/2063
f 5806/166/2059 5847/166/2061 5813/166/2064 5812/166/2063
f 5812/166/2063 5814/166/2067 5816/166/2069 5815/166/2068
f 5815/166/2068 5817/166/2058 5806/166/2059 5812/166/2063
f 5810/166/2055 5820/166/2070 5818/166/2071 5815/166/2068
f 5815/166/2068 5816/166/2069 5831/166/2065 5810/166/2055
f 5815/166/2068 5818/166/2071 5819/166/2072 5817/166/2058
f 5818/166/2071 5822/166/2073 5824/166/2074 5819/166/2072
f 5820/166/2070 5829/166/1997 5821/166/2075 5818/166/2071
f 5821/166/2075 5823/166/2076 5822/166/2073 5818/166/2071
f 5822/166/2073 5823/166/2076 5825/166/2114 5824/166/2074
f 5819/166/2072 5824/166/2074 5825/166/2114 5826/166/2078
f 5826/166/2078 5825/166/2114 5823/166/2076 5821/166/2075
f 5821/166/2075 5829/166/1997 5827/166/1993 5826/166/2078
f 5819/166/2072 5826/166/2078 5827/166/1993 5828/166/2079
f 5828/166/2079 5827/166/1993 5829/166/1997 5820/166/2070
f 5805/166/2054 5828/166/2079 5820/166/2070 5810/166/2055
f 5817/166/2058 5819/166/2072 5828/166/2079 5805/166/2054
f 5814/166/2067 5835/166/2104 5830/166/2081 5816/166/2069
f 5816/166/2069 5830/166/2081 5832/166/2105 5831/166/2065
f 5831/166/2065 5832/166/2105 5834/166/2095 5811/166/2066
f 5830/166/2081 5839/166/2083 5833/166/2106 5832/166/2105
f 5832/166/2105 5833/166/2106 5836/166/2094 5834/166/2095
f 5811/166/2066 5834/166/2095 5835/166/2104 5814/166/2067
f 5834/166/2095 5836/166/2094 5838/166/2107 5835/166/2104
f 5833/166/2106 5846/166/2116 5837/166/2109 5836/166/2094
f 5836/166/2094 5837/166/2109 5840/166/2086 5838/166/2107
f 5835/166/2104 5838/166/2107 5839/166/2083 5830/166/2081
f 5838/166/2107 5840/166/2086 5841/166/2110 5839/166/2083
f 5837/166/2109 5843/166/2092 5842/166/2089 5840/166/2086
f 5840/166/2086 5842/166/2089 5844/166/2090 5841/166/2110
f 5842/166/2089 5843/166/2092 5845/166/2091 5844/166/2090
f 5841/166/2110 5844/166/2090 5845/166/2091 5846/166/2116
f 5846/166/2116 5845/166/2091 5843/166/2092 5837/166/2109
f 5839/166/2083 5841/166/2110 5846/166/2116 5833/166/2106
f 5813/166/2064 5848/166/2099 5855/166/2100 5809/166/2062
f 5847/166/2061 5851/166/2096 5849/166/2097 5813/166/2064
f 5813/166/2064 5849/166/2097 5850/166/2111 5848/166/2099
f 5851/166/2096 5852/166/2122 5850/166/2111 5849/166/2097
f 5853/166/2102 5852/166/2122 5851/166/2096 5847/166/2061
f 5848/166/2099 5850/166/2111 5852/166/2122 5853/166/2102
f 5807/166/2060 5854/166/2103 5853/166/2102 5847/166/2061
f 5853/166/2102 5854/166/2103 5855/166/2100 5848/166/2099
f 5809/166/2062 5855/166/2100 5854/166/2103 5807/166/2060
usemtl Material.225
f 5857/166/2128 5861/166/2129 5860/166/2130 5856/166/2131
f 5899/166/2132 5857/166/2128 5856/166/2131 5858/166/2133
f 5856/166/2131 5859/166/2134 5869/166/2135 5858/166/2133
f 5860/166/2130 5862/166/2136 5859/166/2134 5856/166/2131
f 5861/166/2129 5865/166/2137 5864/166/2138 5860/166/2130
f 5863/166/2139 5882/166/2140 5862/166/2136 5860/166/2130
f 5866/166/2141 5863/166/2139 5860/166/2130 5864/166/2138
f 5865/166/2137 5899/166/2132 5858/166/2133 5864/166/2138
f 5858/166/2133 5869/166/2135 5867/166/2142 5864/166/2138
f 5868/166/2143 5866/166/2141 5864/166/2138 5867/166/2142
f 5882/166/2140 5868/166/2143 5867/166/2142 5862/166/2136
f 5870/166/2144 5872/166/2145 5862/166/2136 5867/166/2142
f 5871/166/2146 5870/166/2144 5867/166/2142 5869/166/2135
f 5876/166/2147 5874/166/2148 5870/166/2144 5871/166/2146
f 5873/166/2149 5880/166/2150 5872/166/2145 5870/166/2144
f 5874/166/2148 5875/166/2151 5873/166/2149 5870/166/2144
f 5877/166/2152 5875/166/2151 5874/166/2148 5876/166/2147
f 5877/166/2152 5876/166/2147 5871/166/2146 5878/166/2153
f 5875/166/2151 5877/166/2152 5878/166/2153 5873/166/2149
f 5879/166/2154 5880/166/2150 5873/166/2149 5878/166/2153
f 5879/166/2154 5878/166/2153 5871/166/2146 5881/166/2155
f 5880/166/2150 5879/166/2154 5881/166/2155 5872/166/2145
f 5881/166/2155 5871/166/2146 5869/166/2135 5859/166/2134
f 5872/166/2145 5881/166/2155 5859/166/2134 5862/166/2136
f 5883/166/2156 5885/166/2157 5866/166/2141 5868/166/2143
f 5884/166/2158 5883/166/2156 5868/166/2143 5882/166/2140
f 5888/166/2159 5886/166/2160 5883/166/2156 5884/166/2158
f 5886/166/2160 5887/166/2161 5885/166/2157 5883/166/2156
f 5889/166/2162 5890/166/2163 5887/166/2161 5886/166/2160
f 5891/166/2164 5889/166/2162 5886/166/2160 5888/166/2159
f 5892/166/2165 5894/166/2166 5890/166/2163 5889/166/2162
f 5893/166/2167 5892/166/2165 5889/166/2162 5891/166/2164
f 5893/166/2167 5895/166/2168 5894/166/2166 5892/166/2165
f 5894/166/2166 5895/166/2168 5896/166/2169 5890/166/2163
f 5895/166/2168 5893/166/2167 5891/166/2164 5896/166/2169
f 5890/166/2163 5896/166/2169 5897/166/2170 5887/166/2161
f 5896/166/2169 5891/166/2164 5888/166/2159 5897/166/2170
f 5887/166/2161 5897/166/2170 5898/166/2171 5885/166/2157
f 5897/166/2170 5888/166/2159 5884/166/2158 5898/166/2171
f 5898/166/2171 5884/166/2158 5882/166/2140 5863/166/2139
f 5885/166/2157 5898/166/2171 5863/166/2139 5866/166/2141
f 5901/166/2172 5903/166/2173 5899/166/2132 5865/166/2137
f 5902/166/2174 5901/166/2172 5865/166/2137 5900/166/2175
f 5907/166/2176 5900/166/2175 5865/166/2137 5861/166/2129
f 5902/166/2174 5904/166/2177 5903/166/2173 5901/166/2172
f 5903/166/2173 5904/166/2177 5905/166/2178 5899/166/2132
f 5904/166/2177 5902/166/2174 5900/166/2175 5905/166/2178
f 5907/166/2176 5906/166/2179 5905/166/2178 5900/166/2175
f 5905/166/2178 5906/166/2179 5857/166/2128 5899/166/2132
f 5906/166/2179 5907/166/2176 5861/166/2129 5857/166/2128
usemtl Material.226
f 5909/166/2180 5913/166/2181 5912/166/2182 5908/166/2183
f 5951/166/2184 5909/166/2180 5908/166/2183 5910/166/2185
f 5908/166/2183 5911/166/2186 5921/166/2187 5910/166/2185
f 5912/166/2182 5914/166/2188 5911/166/2186 5908/166/2183
f 5913/166/2181 5917/166/2189 5916/166/2190 5912/166/2182
f 5915/166/2191 5935/166/2192 5914/166/2188 5912/166/2182
f 5918/166/2193 5915/166/2191 5912/166/2182 5916/166/2190
f 5917/166/2189 5951/166/2184 5910/166/2185 5916/166/2190
f 5920/166/2194 5918/166/2193 5916/166/2190 5919/166/2195
f 5910/166/2185 5921/166/2187 5919/166/2195 5916/166/2190
f 5935/166/2192 5920/166/2194 5919/166/2195 5914/166/2188
f 5922/166/2196 5924/166/2197 5914/166/2188 5919/166/2195
f 5923/166/2198 5922/166/2196 5919/166/2195 5921/166/2187
f 5928/166/2199 5926/166/2200 5922/166/2196 5923/166/2198
f 5925/166/2201 5932/166/2202 5924/166/2197 5922/166/2196
f 5926/166/2200 5927/166/2203 5925/166/2201 5922/166/2196
f 5929/166/2204 5927/166/2203 5926/166/2200 5928/166/2199
f 5929/166/2204 5928/166/2199 5923/166/2198 5930/166/2205
f 5927/166/2203 5929/166/2204 5930/166/2205 5925/166/2201
f 5931/166/2206 5930/166/2205 5923/166/2198 5933/166/2207
f 5931/166/2206 5932/166/2202 5925/166/2201 5930/166/2205
f 5932/166/2202 5931/166/2206 5933/166/2207 5924/166/2197
f 5924/166/2197 5933/166/2207 5911/166/2186 5914/166/2188
f 5933/166/2207 5923/166/2198 5921/166/2187 5911/166/2186
f 5934/166/2208 5939/166/2209 5918/166/2193 5920/166/2194
f 5936/166/2210 5934/166/2208 5920/166/2194 5935/166/2192
f 5938/166/2211 5936/166/2210 5935/166/2192 5915/166/2191
f 5937/166/2212 5943/166/2213 5934/166/2208 5936/166/2210
f 5940/166/2214 5937/166/2212 5936/166/2210 5938/166/2211
f 5939/166/2209 5938/166/2211 5915/166/2191 5918/166/2193
f 5942/166/2215 5940/166/2214 5938/166/2211 5939/166/2209
f 5941/166/2216 5950/166/2217 5937/166/2212 5940/166/2214
f 5944/166/2218 5941/166/2216 5940/166/2214 5942/166/2215
f 5943/166/2213 5942/166/2215 5939/166/2209 5934/166/2208
f 5945/166/2219 5944/166/2218 5942/166/2215 5943/166/2213
f 5946/166/2220 5947/166/2221 5941/166/2216 5944/166/2218
f 5948/166/2222 5946/166/2220 5944/166/2218 5945/166/2219
f 5949/166/2223 5947/166/2221 5946/166/2220 5948/166/2222
f 5949/166/2223 5948/166/2222 5945/166/2219 5950/166/2217
f 5947/166/2221 5949/166/2223 5950/166/2217 5941/166/2216
f 5950/166/2217 5945/166/2219 5943/166/2213 5937/166/2212
f 5959/166/2224 5952/166/2225 5917/166/2189 5913/166/2181
f 5953/166/2226 5955/166/2227 5951/166/2184 5917/166/2189
f 5954/166/2228 5953/166/2226 5917/166/2189 5952/166/2225
f 5954/166/2228 5956/166/2229 5955/166/2227 5953/166/2226
f 5955/166/2227 5956/166/2229 5957/166/2230 5951/166/2184
f 5956/166/2229 5954/166/2228 5952/166/2225 5957/166/2230
f 5957/166/2230 5958/166/2231 5909/166/2180 5951/166/2184
f 5959/166/2224 5958/166/2231 5957/166/2230 5952/166/2225
f 5958/166/2231 5959/166/2224 5913/166/2181 5909/166/2180
usemtl Material.227
f 5961/166/2128 5965/166/2129 5964/166/2130 5960/166/2131
f 6003/166/2132 5961/166/2128 5960/166/2131 5962/166/2133
f 5960/166/2131 5963/166/2232 5973/166/2233 5962/166/2133
f 5964/166/2130 5966/166/2136 5963/166/2232 5960/166/2131
f 5965/166/2129 5969/166/2137 5968/166/2138 5964/166/2130
f 5967/166/2139 5986/166/2140 5966/166/2136 5964/166/2130
f 5970/166/2141 5967/166/2139 5964/166/2130 5968/166/2138
f 5969/166/2137 6003/166/2132 5962/166/2133 5968/166/2138
f 5962/166/2133 5973/166/2233 5971/166/2142 5968/166/2138
f 5972/166/2143 5970/166/2141 5968/166/2138 5971/166/2142
f 5986/166/2140 5972/166/2143 5971/166/2142 5966/166/2136
f 5974/166/2144 5976/166/2145 5966/166/2136 5971/166/2142
f 5975/166/2146 5974/166/2144 5971/166/2142 5973/166/2233
f 5980/166/2147 5978/166/2234 5974/166/2144 5975/166/2146
f 5977/166/2149 5984/166/2150 5976/166/2145 5974/166/2144
f 5978/166/2234 5979/166/2151 5977/166/2149 5974/166/2144
f 5981/166/2152 5979/166/2151 5978/166/2234 5980/166/2147
f 5981/166/2152 5980/166/2147 5975/166/2146 5982/166/2153
f 5979/166/2151 5981/166/2152 5982/166/2153 5977/166/2149
f 5983/166/2154 5984/166/2150 5977/166/2149 5982/166/2153
f 5983/166/2154 5982/166/2153 5975/166/2146 5985/166/2155
f 5984/166/2150 5983/166/2154 5985/166/2155 5976/166/2145
f 5985/166/2155 5975/166/2146 5973/166/2233 5963/166/2232
f 5976/166/2145 5985/166/2155 5963/166/2232 5966/166/2136
f 5987/166/2156 5989/166/2157 5970/166/2141 5972/166/2143
f 5988/166/2158 5987/166/2156 5972/166/2143 5986/166/2140
f 5992/166/2159 5990/166/2160 5987/166/2156 5988/166/2158
f 5990/166/2160 5991/166/2161 5989/166/2157 5987/166/2156
f 5993/166/2162 5994/166/2163 5991/166/2161 5990/166/2160
f 5995/166/2164 5993/166/2162 5990/166/2160 5992/166/2159
f 5996/166/2165 5998/166/2235 5994/166/2163 5993/166/2162
f 5997/166/2167 5996/166/2165 5993/166/2162 5995/166/2164
f 5997/166/2167 5999/166/2168 5998/166/2235 5996/166/2165
f 5998/166/2235 5999/166/2168 6000/166/2169 5994/166/2163
f 5999/166/2168 5997/166/2167 5995/166/2164 6000/166/2169
f 5994/166/2163 6000/166/2169 6001/166/2170 5991/166/2161
f 6000/166/2169 5995/166/2164 5992/166/2159 6001/166/2170
f 5991/166/2161 6001/166/2170 6002/166/2171 5989/166/2157
f 6001/166/2170 5992/166/2159 5988/166/2158 6002/166/2171
f 6002/166/2171 5988/166/2158 5986/166/2140 5967/166/2139
f 5989/166/2157 6002/166/2171 5967/166/2139 5970/166/2141
f 6005/166/2172 6007/166/2173 6003/166/2132 5969/166/2137
f 6006/166/2174 6005/166/2172 5969/166/2137 6004/166/2175
f 6011/166/2176 6004/166/2175 5969/166/2137 5965/166/2129
f 6006/166/2174 6008/166/2177 6007/166/2173 6005/166/2172
f 6007/166/2173 6008/166/2177 6009/166/2178 6003/166/2132
f 6008/166/2177 6006/166/2174 6004/166/2175 6009/166/2178
f 6011/166/2176 6010/166/2179 6009/166/2178 6004/166/2175
f 6009/166/2178 6010/166/2179 5961/166/2128 6003/166/2132
f 6010/166/2179 6011/166/2176 5965/166/2129 5961/166/2128
usemtl Material.228
f 6013/166/2180 6017/166/2181 6016/166/2182 6012/166/2183
f 6055/166/2236 6013/166/2180 6012/166/2183 6014/166/2237
f 6012/166/2183 6015/166/2186 6025/166/2187 6014/166/2237
f 6016/166/2182 6018/166/2188 6015/166/2186 6012/166/2183
f 6017/166/2181 6021/166/2189 6020/166/2190 6016/166/2182
f 6019/166/2191 6039/166/2192 6018/166/2188 6016/166/2182
f 6022/166/2238 6019/166/2191 6016/166/2182 6020/166/2190
f 6021/166/2189 6055/166/2236 6014/166/2237 6020/166/2190
f 6024/166/2194 6022/166/2238 6020/166/2190 6023/166/2195
f 6014/166/2237 6025/166/2187 6023/166/2195 6020/166/2190
f 6039/166/2192 6024/166/2194 6023/166/2195 6018/166/2188
f 6026/166/2196 6028/166/2197 6018/166/2188 6023/166/2195
f 6027/166/2239 6026/166/2196 6023/166/2195 6025/166/2187
f 6032/166/2199 6030/166/2200 6026/166/2196 6027/166/2239
f 6029/166/2201 6036/166/2202 6028/166/2197 6026/166/2196
f 6030/166/2200 6031/166/2203 6029/166/2201 6026/166/2196
f 6033/166/2204 6031/166/2203 6030/166/2200 6032/166/2199
f 6033/166/2204 6032/166/2199 6027/166/2239 6034/166/2205
f 6031/166/2203 6033/166/2204 6034/166/2205 6029/166/2201
f 6035/166/2206 6034/166/2205 6027/166/2239 6037/166/2207
f 6035/166/2206 6036/166/2202 6029/166/2201 6034/166/2205
f 6036/166/2202 6035/166/2206 6037/166/2207 6028/166/2197
f 6028/166/2197 6037/166/2207 6015/166/2186 6018/166/2188
f 6037/166/2207 6027/166/2239 6025/166/2187 6015/166/2186
f 6038/166/2208 6043/166/2209 6022/166/2238 6024/166/2194
f 6040/166/2210 6038/166/2208 6024/166/2194 6039/166/2192
f 6042/166/2211 6040/166/2210 6039/166/2192 6019/166/2191
f 6041/166/2212 6047/166/2213 6038/166/2208 6040/166/2210
f 6044/166/2214 6041/166/2212 6040/166/2210 6042/166/2211
f 6043/166/2209 6042/166/2211 6019/166/2191 6022/166/2238
f 6046/166/2240 6044/166/2214 6042/166/2211 6043/166/2209
f 6045/166/2216 6054/166/2217 6041/166/2212 6044/166/2214
f 6048/166/2218 6045/166/2216 6044/166/2214 6046/166/2240
f 6047/166/2213 6046/166/2240 6043/166/2209 6038/166/2208
f 6049/166/2219 6048/166/2218 6046/166/2240 6047/166/2213
f 6050/166/2241 6051/166/2221 6045/166/2216 6048/166/2218
f 6052/166/2222 6050/166/2241 6048/166/2218 6049/166/2219
f 6053/166/2223 6051/166/2221 6050/166/2241 6052/166/2222
f 6053/166/2223 6052/166/2222 6049/166/2219 6054/166/2217
f 6051/166/2221 6053/166/2223 6054/166/2217 6045/166/2216
f 6054/166/2217 6049/166/2219 6047/166/2213 6041/166/2212
f 6063/166/2242 6056/166/2225 6021/166/2189 6017/166/2181
f 6057/166/2226 6059/166/2227 6055/166/2236 6021/166/2189
f 6058/166/2228 6057/166/2226 6021/166/2189 6056/166/2225
f 6058/166/2228 6060/166/2229 6059/166/2227 6057/166/2226
f 6059/166/2227 6060/166/2229 6061/166/2243 6055/166/2236
f 6060/166/2229 6058/166/2228 6056/166/2225 6061/166/2243
f 6061/166/2243 6062/166/2231 6013/166/2180 6055/166/2236
f 6063/166/2242 6062/166/2231 6061/166/2243 6056/166/2225
f 6062/166/2231 6063/166/2242 6017/166/2181 6013/166/2180
usemtl Material.229
f 6065/166/2128 6069/166/2244 6068/166/2130 6064/166/2245
f 6107/166/2132 6065/166/2128 6064/166/2245 6066/166/2246
f 6064/166/2245 6067/166/2134 6077/166/2247 6066/166/2246
f 6068/166/2130 6070/166/2136 6067/166/2134 6064/166/2245
f 6069/166/2244 6073/166/2248 6072/166/2138 6068/166/2130
f 6071/166/2139 6090/166/2249 6070/166/2136 6068/166/2130
f 6074/166/2141 6071/166/2139 6068/166/2130 6072/166/2138
f 6073/166/2248 6107/166/2132 6066/166/2246 6072/166/2138
f 6066/166/2246 6077/166/2247 6075/166/2142 6072/166/2138
f 6076/166/2250 6074/166/2141 6072/166/2138 6075/166/2142
f 6090/166/2249 6076/166/2250 6075/166/2142 6070/166/2136
f 6078/166/2144 6080/166/2145 6070/166/2136 6075/166/2142
f 6079/166/2146 6078/166/2144 6075/166/2142 6077/166/2247
f 6084/166/2147 6082/166/2234 6078/166/2144 6079/166/2146
f 6081/166/2149 6088/166/2150 6080/166/2145 6078/166/2144
f 6082/166/2234 6083/166/2151 6081/166/2149 6078/166/2144
f 6085/166/2152 6083/166/2151 6082/166/2234 6084/166/2147
f 6085/166/2152 6084/166/2147 6079/166/2146 6086/166/2153
f 6083/166/2151 6085/166/2152 6086/166/2153 6081/166/2149
f 6087/166/2154 6088/166/2150 6081/166/2149 6086/166/2153
f 6087/166/2154 6086/166/2153 6079/166/2146 6089/166/2155
f 6088/166/2150 6087/166/2154 6089/166/2155 6080/166/2145
f 6089/166/2155 6079/166/2146 6077/166/2247 6067/166/2134
f 6080/166/2145 6089/166/2155 6067/166/2134 6070/166/2136
f 6091/166/2156 6093/166/2157 6074/166/2141 6076/166/2250
f 6092/166/2158 6091/166/2156 6076/166/2250 6090/166/2249
f 6096/166/2159 6094/166/2160 6091/166/2156 6092/166/2158
f 6094/166/2160 6095/166/2161 6093/166/2157 6091/166/2156
f 6097/166/2162 6098/166/2163 6095/166/2161 6094/166/2160
f 6099/166/2164 6097/166/2162 6094/166/2160 6096/166/2159
f 6100/166/2165 6102/166/2166 6098/166/2163 6097/166/2162
f 6101/166/2167 6100/166/2165 6097/166/2162 6099/166/2164
f 6101/166/2167 6103/166/2168 6102/166/2166 6100/166/2165
f 6102/166/2166 6103/166/2168 6104/166/2169 6098/166/2163
f 6103/166/2168 6101/166/2167 6099/166/2164 6104/166/2169
f 6098/166/2163 6104/166/2169 6105/166/2170 6095/166/2161
f 6104/166/2169 6099/166/2164 6096/166/2159 6105/166/2170
f 6095/166/2161 6105/166/2170 6106/166/2171 6093/166/2157
f 6105/166/2170 6096/166/2159 6092/166/2158 6106/166/2171
f 6106/166/2171 6092/166/2158 6090/166/2249 6071/166/2139
f 6093/166/2157 6106/166/2171 6071/166/2139 6074/166/2141
f 6109/166/2172 6111/166/2173 6107/166/2132 6073/166/2248
f 6110/166/2174 6109/166/2172 6073/166/2248 6108/166/2175
f 6115/166/2251 6108/166/2175 6073/166/2248 6069/166/2244
f 6110/166/2174 6112/166/2177 6111/166/2173 6109/166/2172
f 6111/166/2173 6112/166/2177 6113/166/2178 6107/166/2132
f 6112/166/2177 6110/166/2174 6108/166/2175 6113/166/2178
f 6115/166/2251 6114/166/2252 6113/166/2178 6108/166/2175
f 6113/166/2178 6114/166/2252 6065/166/2128 6107/166/2132
f 6114/166/2252 6115/166/2251 6069/166/2244 6065/166/2128
usemtl Material.230
f 6117/166/2180 6121/166/2181 6120/166/2182 6116/166/2183
f 6159/166/2253 6117/166/2180 6116/166/2183 6118/166/2237
f 6116/166/2183 6119/166/2254 6129/166/2187 6118/166/2237
f 6120/166/2182 6122/166/2188 6119/166/2254 6116/166/2183
f 6121/166/2181 6125/166/2189 6124/166/2190 6120/166/2182
f 6123/166/2191 6143/166/2192 6122/166/2188 6120/166/2182
f 6126/166/2193 6123/166/2191 6120/166/2182 6124/166/2190
f 6125/166/2189 6159/166/2253 6118/166/2237 6124/166/2190
f 6128/166/2194 6126/166/2193 6124/166/2190 6127/166/2195
f 6118/166/2237 6129/166/2187 6127/166/2195 6124/166/2190
f 6143/166/2192 6128/166/2194 6127/166/2195 6122/166/2188
f 6130/166/2196 6132/166/2197 6122/166/2188 6127/166/2195
f 6131/166/2239 6130/166/2196 6127/166/2195 6129/166/2187
f 6136/166/2199 6134/166/2200 6130/166/2196 6131/166/2239
f 6133/166/2201 6140/166/2202 6132/166/2197 6130/166/2196
f 6134/166/2200 6135/166/2203 6133/166/2201 6130/166/2196
f 6137/166/2204 6135/166/2203 6134/166/2200 6136/166/2199
f 6137/166/2204 6136/166/2199 6131/166/2239 6138/166/2205
f 6135/166/2203 6137/166/2204 6138/166/2205 6133/166/2201
f 6139/166/2255 6138/166/2205 6131/166/2239 6141/166/2207
f 6139/166/2255 6140/166/2202 6133/166/2201 6138/166/2205
f 6140/166/2202 6139/166/2255 6141/166/2207 6132/166/2197
f 6132/166/2197 6141/166/2207 6119/166/2254 6122/166/2188
f 6141/166/2207 6131/166/2239 6129/166/2187 6119/166/2254
f 6142/166/2208 6147/166/2209 6126/166/2193 6128/166/2194
f 6144/166/2210 6142/166/2208 6128/166/2194 6143/166/2192
f 6146/166/2211 6144/166/2210 6143/166/2192 6123/166/2191
f 6145/166/2212 6151/166/2213 6142/166/2208 6144/166/2210
f 6148/166/2214 6145/166/2212 6144/166/2210 6146/166/2211
f 6147/166/2209 6146/166/2211 6123/166/2191 6126/166/2193
f 6150/166/2240 6148/166/2214 6146/166/2211 6147/166/2209
f 6149/166/2216 6158/166/2217 6145/166/2212 6148/166/2214
f 6152/166/2218 6149/166/2216 6148/166/2214 6150/166/2240
f 6151/166/2213 6150/166/2240 6147/166/2209 6142/166/2208
f 6153/166/2219 6152/166/2218 6150/166/2240 6151/166/2213
f 6154/166/2220 6155/166/2221 6149/166/2216 6152/166/2218
f 6156/166/2222 6154/166/2220 6152/166/2218 6153/166/2219
f 6157/166/2223 6155/166/2221 6154/166/2220 6156/166/2222
f 6157/166/2223 6156/166/2222 6153/166/2219 6158/166/2217
f 6155/166/2221 6157/166/2223 6158/166/2217 6149/166/2216
f 6158/166/2217 6153/166/2219 6151/166/2213 6145/166/2212
f 6167/166/2224 6160/166/2225 6125/166/2189 6121/166/2181
f 6161/166/2226 6163/166/2227 6159/166/2253 6125/166/2189
f 6162/166/2256 6161/166/2226 6125/166/2189 6160/166/2225
f 6162/166/2256 6164/166/2229 6163/166/2227 6161/166/2226
f 6163/166/2227 6164/166/2229 6165/166/2230 6159/166/2253
f 6164/166/2229 6162/166/2256 6160/166/2225 6165/166/2230
f 6165/166/2230 6166/166/2231 6117/166/2180 6159/166/2253
f 6167/166/2224 6166/166/2231 6165/166/2230 6160/166/2225
f 6166/166/2231 6167/166/2224 6121/166/2181 6117/166/2180
usemtl Material.231
f 6169/166/2128 6173/166/2129 6172/166/2130 6168/166/2257
f 6211/166/2132 6169/166/2128 6168/166/2257 6170/166/2246
f 6168/166/2257 6171/166/2134 6181/166/2233 6170/166/2246
f 6172/166/2130 6174/166/2136 6171/166/2134 6168/166/2257
f 6173/166/2129 6177/166/2248 6176/166/2138 6172/166/2130
f 6175/166/2139 6194/166/2140 6174/166/2136 6172/166/2130
f 6178/166/2141 6175/166/2139 6172/166/2130 6176/166/2138
f 6177/166/2248 6211/166/2132 6170/166/2246 6176/166/2138
f 6170/166/2246 6181/166/2233 6179/166/2142 6176/166/2138
f 6180/166/2143 6178/166/2141 6176/166/2138 6179/166/2142
f 6194/166/2140 6180/166/2143 6179/166/2142 6174/166/2136
f 6182/166/2144 6184/166/2145 6174/166/2136 6179/166/2142
f 6183/166/2258 6182/166/2144 6179/166/2142 6181/166/2233
f 6188/166/2147 6186/166/2259 6182/166/2144 6183/166/2258
f 6185/166/2149 6192/166/2150 6184/166/2145 6182/166/2144
f 6186/166/2259 6187/166/2151 6185/166/2149 6182/166/2144
f 6189/166/2152 6187/166/2151 6186/166/2259 6188/166/2147
f 6189/166/2152 6188/166/2147 6183/166/2258 6190/166/2153
f 6187/166/2151 6189/166/2152 6190/166/2153 6185/166/2149
f 6191/166/2154 6192/166/2150 6185/166/2149 6190/166/2153
f 6191/166/2154 6190/166/2153 6183/166/2258 6193/166/2155
f 6192/166/2150 6191/166/2154 6193/166/2155 6184/166/2145
f 6193/166/2155 6183/166/2258 6181/166/2233 6171/166/2134
f 6184/166/2145 6193/166/2155 6171/166/2134 6174/166/2136
f 6195/166/2156 6197/166/2157 6178/166/2141 6180/166/2143
f 6196/166/2158 6195/166/2156 6180/166/2143 6194/166/2140
f 6200/166/2159 6198/166/2160 6195/166/2156 6196/166/2158
f 6198/166/2160 6199/166/2161 6197/166/2157 6195/166/2156
f 6201/166/2162 6202/166/2163 6199/166/2161 6198/166/2160
f 6203/166/2164 6201/166/2162 6198/166/2160 6200/166/2159
f 6204/166/2165 6206/166/2166 6202/166/2163 6201/166/2162
f 6205/166/2167 6204/166/2165 6201/166/2162 6203/166/2164
f 6205/166/2167 6207/166/2168 6206/166/2166 6204/166/2165
f 6206/166/2166 6207/166/2168 6208/166/2169 6202/166/2163
f 6207/166/2168 6205/166/2167 6203/166/2164 6208/166/2169
f 6202/166/2163 6208/166/2169 6209/166/2170 6199/166/2161
f 6208/166/2169 6203/166/2164 6200/166/2159 6209/166/2170
f 6199/166/2161 6209/166/2170 6210/166/2171 6197/166/2157
f 6209/166/2170 6200/166/2159 6196/166/2158 6210/166/2171
f 6210/166/2171 6196/166/2158 6194/166/2140 6175/166/2139
f 6197/166/2157 6210/166/2171 6175/166/2139 6178/166/2141
f 6213/166/2260 6215/166/2173 6211/166/2132 6177/166/2248
f 6214/166/2174 6213/166/2260 6177/166/2248 6212/166/2175
f 6219/166/2251 6212/166/2175 6177/166/2248 6173/166/2129
f 6214/166/2174 6216/166/2177 6215/166/2173 6213/166/2260
f 6215/166/2173 6216/166/2177 6217/166/2178 6211/166/2132
f 6216/166/2177 6214/166/2174 6212/166/2175 6217/166/2178
f 6219/166/2251 6218/166/2252 6217/166/2178 6212/166/2175
f 6217/166/2178 6218/166/2252 6169/166/2128 6211/166/2132
f 6218/166/2252 6219/166/2251 6173/166/2129 6169/166/2128
usemtl Material.232
f 6221/166/2180 6225/166/2181 6224/166/2182 6220/166/2183
f 6263/166/2184 6221/166/2180 6220/166/2183 6222/166/2185
f 6220/166/2183 6223/166/2186 6233/166/2187 6222/166/2185
f 6224/166/2182 6226/166/2188 6223/166/2186 6220/166/2183
f 6225/166/2181 6229/166/2189 6228/166/2190 6224/166/2182
f 6227/166/2191 6247/166/2192 6226/166/2188 6224/166/2182
f 6230/166/2238 6227/166/2191 6224/166/2182 6228/166/2190
f 6229/166/2189 6263/166/2184 6222/166/2185 6228/166/2190
f 6232/166/2194 6230/166/2238 6228/166/2190 6231/166/2195
f 6222/166/2185 6233/166/2187 6231/166/2195 6228/166/2190
f 6247/166/2192 6232/166/2194 6231/166/2195 6226/166/2188
f 6234/166/2196 6236/166/2197 6226/166/2188 6231/166/2195
f 6235/166/2239 6234/166/2196 6231/166/2195 6233/166/2187
f 6240/166/2199 6238/166/2261 6234/166/2196 6235/166/2239
f 6237/166/2201 6244/166/2202 6236/166/2197 6234/166/2196
f 6238/166/2261 6239/166/2203 6237/166/2201 6234/166/2196
f 6241/166/2204 6239/166/2203 6238/166/2261 6240/166/2199
f 6241/166/2204 6240/166/2199 6235/166/2239 6242/166/2205
f 6239/166/2203 6241/166/2204 6242/166/2205 6237/166/2201
f 6243/166/2255 6242/166/2205 6235/166/2239 6245/166/2207
f 6243/166/2255 6244/166/2202 6237/166/2201 6242/166/2205
f 6244/166/2202 6243/166/2255 6245/166/2207 6236/166/2197
f 6236/166/2197 6245/166/2207 6223/166/2186 6226/166/2188
f 6245/166/2207 6235/166/2239 6233/166/2187 6223/166/2186
f 6246/166/2208 6251/166/2209 6230/166/2238 6232/166/2194
f 6248/166/2210 6246/166/2208 6232/166/2194 6247/166/2192
f 6250/166/2211 6248/166/2210 6247/166/2192 6227/166/2191
f 6249/166/2212 6255/166/2213 6246/166/2208 6248/166/2210
f 6252/166/2214 6249/166/2212 6248/166/2210 6250/166/2211
f 6251/166/2209 6250/166/2211 6227/166/2191 6230/166/2238
f 6254/166/2240 6252/166/2214 6250/166/2211 6251/166/2209
f 6253/166/2216 6262/166/2217 6249/166/2212 6252/166/2214
f 6256/166/2218 6253/166/2216 6252/166/2214 6254/166/2240
f 6255/166/2213 6254/166/2240 6251/166/2209 6246/166/2208
f 6257/166/2262 6256/166/2218 6254/166/2240 6255/166/2213
f 6258/166/2220 6259/166/2221 6253/166/2216 6256/166/2218
f 6260/166/2222 6258/166/2220 6256/166/2218 6257/166/2262
f 6261/166/2223 6259/166/2221 6258/166/2220 6260/166/2222
f 6261/166/2223 6260/166/2222 6257/166/2262 6262/166/2217
f 6259/166/2221 6261/166/2223 6262/166/2217 6253/166/2216
f 6262/166/2217 6257/166/2262 6255/166/2213 6249/166/2212
f 6271/166/2224 6264/166/2225 6229/166/2189 6225/166/2181
f 6265/166/2226 6267/166/2227 6263/166/2184 6229/166/2189
f 6266/166/2228 6265/166/2226 6229/166/2189 6264/166/2225
f 6266/166/2228 6268/166/2229 6267/166/2227 6265/166/2226
f 6267/166/2227 6268/166/2229 6269/166/2230 6263/166/2184
f 6268/166/2229 6266/166/2228 6264/166/2225 6269/166/2230
f 6269/166/2230 6270/166/2231 6221/166/2180 6263/166/2184
f 6271/166/2224 6270/166/2231 6269/166/2230 6264/166/2225
f 6270/166/2231 6271/166/2224 6225/166/2181 6221/166/2180
usemtl Material.233
f 6273/166/2263 6277/166/2264 6276/166/2265 6272/166/2266
f 6315/166/2267 6273/166/2263 6272/166/2266 6274/166/2268
f 6272/166/2266 6275/166/2269 6285/166/2270 6274/166/2268
f 6276/166/2265 6278/166/2271 6275/166/2269 6272/166/2266
f 6277/166/2264 6281/166/2272 6280/166/2273 6276/166/2265
f 6279/166/2274 6298/166/2275 6278/166/2271 6276/166/2265
f 6282/166/2276 6279/166/2274 6276/166/2265 6280/166/2273
f 6281/166/2272 6315/166/2267 6274/166/2268 6280/166/2273
f 6274/166/2268 6285/166/2270 6283/166/2277 6280/166/2273
f 6284/166/2278 6282/166/2276 6280/166/2273 6283/166/2277
f 6298/166/2275 6284/166/2278 6283/166/2277 6278/166/2271
f 6286/166/2279 6288/166/2280 6278/166/2271 6283/166/2277
f 6287/166/2281 6286/166/2279 6283/166/2277 6285/166/2270
f 6292/166/2282 6290/166/2283 6286/166/2279 6287/166/2281
f 6289/166/2284 6296/166/2285 6288/166/2280 6286/166/2279
f 6290/166/2283 6291/166/2286 6289/166/2284 6286/166/2279
f 6293/166/2287 6291/166/2286 6290/166/2283 6292/166/2282
f 6293/166/2287 6292/166/2282 6287/166/2281 6294/166/2288
f 6291/166/2286 6293/166/2287 6294/166/2288 6289/166/2284
f 6295/166/2289 6296/166/2285 6289/166/2284 6294/166/2288
f 6295/166/2289 6294/166/2288 6287/166/2281 6297/166/2290
f 6296/166/2285 6295/166/2289 6297/166/2290 6288/166/2280
f 6297/166/2290 6287/166/2281 6285/166/2270 6275/166/2269
f 6288/166/2280 6297/166/2290 6275/166/2269 6278/166/2271
f 6299/166/2291 6301/166/2292 6282/166/2276 6284/166/2278
f 6300/166/2293 6299/166/2291 6284/166/2278 6298/166/2275
f 6304/166/2294 6302/166/2295 6299/166/2291 6300/166/2293
f 6302/166/2295 6303/166/2296 6301/166/2292 6299/166/2291
f 6305/166/2297 6306/166/2298 6303/166/2296 6302/166/2295
f 6307/166/2299 6305/166/2297 6302/166/2295 6304/166/2294
f 6308/166/2300 6310/166/2301 6306/166/2298 6305/166/2297
f 6309/166/2302 6308/166/2300 6305/166/2297 6307/166/2299
f 6309/166/2302 6311/166/2303 6310/166/2301 6308/166/2300
f 6310/166/2301 6311/166/2303 6312/166/2304 6306/166/2298
f 6311/166/2303 6309/166/2302 6307/166/2299 6312/166/2304
f 6306/166/2298 6312/166/2304 6313/166/2305 6303/166/2296
f 6312/166/2304 6307/166/2299 6304/166/2294 6313/166/2305
f 6303/166/2296 6313/166/2305 6314/166/2306 6301/166/2292
f 6313/166/2305 6304/166/2294 6300/166/2293 6314/166/2306
f 6314/166/2306 6300/166/2293 6298/166/2275 6279/166/2274
f 6301/166/2292 6314/166/2306 6279/166/2274 6282/166/2276
f 6317/166/2307 6319/166/2308 6315/166/2267 6281/166/2272
f 6318/166/2309 6317/166/2307 6281/166/2272 6316/166/2310
f 6323/166/2311 6316/166/2310 6281/166/2272 6277/166/2264
f 6318/166/2309 6320/166/2312 6319/166/2308 6317/166/2307
f 6319/166/2308 6320/166/2312 6321/166/2313 6315/166/2267
f 6320/166/2312 6318/166/2309 6316/166/2310 6321/166/2313
f 6323/166/2311 6322/166/2314 6321/166/2313 6316/166/2310
f 6321/166/2313 6322/166/2314 6273/166/2263 6315/166/2267
f 6322/166/2314 6323/166/2311 6277/166/2264 6273/166/2263
usemtl Material.234
f 6325/166/2315 6329/166/2316 6328/166/2317 6324/166/2318
f 6367/166/2319 6325/166/2315 6324/166/2318 6326/166/2320
f 6324/166/2318 6327/166/2321 6337/166/2322 6326/166/2320
f 6328/166/2317 6330/166/2323 6327/166/2321 6324/166/2318
f 6329/166/2316 6333/166/2324 6332/166/2325 6328/166/2317
f 6331/166/2326 6351/166/2327 6330/166/2323 6328/166/2317
f 6334/166/2328 6331/166/2326 6328/166/2317 6332/166/2325
f 6333/166/2324 6367/166/2319 6326/166/2320 6332/166/2325
f 6336/166/2329 6334/166/2328 6332/166/2325 6335/166/2330
f 6326/166/2320 6337/166/2322 6335/166/2330 6332/166/2325
f 6351/166/2327 6336/166/2329 6335/166/2330 6330/166/2323
f 6338/166/2331 6340/166/2332 6330/166/2323 6335/166/2330
f 6339/166/2333 6338/166/2331 6335/166/2330 6337/166/2322
f 6344/166/2334 6342/166/2335 6338/166/2331 6339/166/2333
f 6341/166/2336 6348/166/2337 6340/166/2332 6338/166/2331
f 6342/166/2335 6343/166/2338 6341/166/2336 6338/166/2331
f 6345/166/2339 6343/166/2338 6342/166/2335 6344/166/2334
f 6345/166/2339 6344/166/2334 6339/166/2333 6346/166/2340
f 6343/166/2338 6345/166/2339 6346/166/2340 6341/166/2336
f 6347/166/2341 6346/166/2340 6339/166/2333 6349/166/2342
f 6347/166/2341 6348/166/2337 6341/166/2336 6346/166/2340
f 6348/166/2337 6347/166/2341 6349/166/2342 6340/166/2332
f 6340/166/2332 6349/166/2342 6327/166/2321 6330/166/2323
f 6349/166/2342 6339/166/2333 6337/166/2322 6327/166/2321
f 6350/166/2343 6355/166/2344 6334/166/2328 6336/166/2329
f 6352/166/2345 6350/166/2343 6336/166/2329 6351/166/2327
f 6354/166/2346 6352/166/2345 6351/166/2327 6331/166/2326
f 6353/166/2347 6359/166/2348 6350/166/2343 6352/166/2345
f 6356/166/2349 6353/166/2347 6352/166/2345 6354/166/2346
f 6355/166/2344 6354/166/2346 6331/166/2326 6334/166/2328
f 6358/166/2350 6356/166/2349 6354/166/2346 6355/166/2344
f 6357/166/2351 6366/166/2352 6353/166/2347 6356/166/2349
f 6360/166/2353 6357/166/2351 6356/166/2349 6358/166/2350
f 6359/166/2348 6358/166/2350 6355/166/2344 6350/166/2343
f 6361/166/2354 6360/166/2353 6358/166/2350 6359/166/2348
f 6362/166/2355 6363/166/2356 6357/166/2351 6360/166/2353
f 6364/166/2357 6362/166/2355 6360/166/2353 6361/166/2354
f 6365/166/2358 6363/166/2356 6362/166/2355 6364/166/2357
f 6365/166/2358 6364/166/2357 6361/166/2354 6366/166/2352
f 6363/166/2356 6365/166/2358 6366/166/2352 6357/166/2351
f 6366/166/2352 6361/166/2354 6359/166/2348 6353/166/2347
f 6375/166/2359 6368/166/2360 6333/166/2324 6329/166/2316
f 6369/166/2361 6371/166/2362 6367/166/2319 6333/166/2324
f 6370/166/2363 6369/166/2361 6333/166/2324 6368/166/2360
f 6370/166/2363 6372/166/2364 6371/166/2362 6369/166/2361
f 6371/166/2362 6372/166/2364 6373/166/2365 6367/166/2319
f 6372/166/2364 6370/166/2363 6368/166/2360 6373/166/2365
f 6373/166/2365 6374/166/2366 6325/166/2315 6367/166/2319
f 6375/166/2359 6374/166/2366 6373/166/2365 6368/166/2360
f 6374/166/2366 6375/166/2359 6329/166/2316 6325/166/2315
o Cube_064_81650368359868.139
v 0.089963 0.175203 0.235187
v 0.087428 0.172931 0.236499
v 0.087428 0.170607 0.227826
v 0.089963 0.173231 0.227826
vn 0.7195 -0.6015 0.3472
vn 0.7192 -0.6948 -0.0004
vn 0.7195 -0.6014 0.3472
vn 0.7192 -0.6948 0.0008
vt 0.166667 0.992975
vt 0.250000 0.992975
vt 0.172970 1.000000
vt 0.243696 1.000000
s 1
usemtl Material.200
f 6377/713/2367 6378/714/2368 6376/715/2369
f 6379/716/2370 6376/715/2369 6378/714/2368
o Cube_064_81650368359868.250
v 0.087428 0.172931 0.219153
v 0.089963 0.175203 0.220465
v 0.087428 0.170607 0.227826
v 0.089963 0.173231 0.227826
vn 0.7196 -0.6013 -0.3472
vn 0.7192 -0.6948 -0.0006
vn 0.7195 -0.6015 -0.3472
vn 0.7192 -0.6948 0.0001
vt 0.327030 1.000000
vt 0.250000 0.992975
vt 0.333333 0.992975
vt 0.256304 1.000000
s 1
usemtl Material.200
f 6381/717/2371 6382/718/2372 6380/719/2373
f 6381/717/2371 6383/720/2374 6382/718/2372
o Cube_064_81650368359868.252
v 0.087428 0.202975 0.219153
v 0.089963 0.200702 0.220465
v 0.089963 0.195314 0.215077
v 0.087428 0.196626 0.212804
vn 0.7196 0.6011 -0.3476
vn 0.7195 0.3477 -0.6012
vn 0.7195 0.6012 -0.3476
vn 0.7196 0.3475 -0.6012
vt 0.660363 1.000000
vt 0.589637 1.000000
vt 0.666667 0.992975
vt 0.583333 0.992975
s 1
usemtl Material.200
f 6385/721/2375 6386/722/2376 6384/723/2377
f 6387/724/2378 6384/723/2377 6386/722/2376
o Cube_064_81650368359868.281
v -0.090495 0.175203 0.220465
v -0.090495 0.180592 0.215077
v -0.087960 0.179280 0.212804
v -0.087960 0.172931 0.219153
vn -0.7196 -0.3474 -0.6013
vn -0.7196 -0.3476 -0.6011
vn -0.7196 -0.6013 -0.3474
vn -0.7196 -0.6012 -0.3475
vt 0.410363 1.000000
vt 0.416667 0.992975
vt 0.339637 1.000000
vt 0.333333 0.992975
s 1
usemtl Material.200
f 6389/725/2379 6390/726/2380 6388/727/2381
f 6391/728/2382 6388/727/2381 6390/726/2380
o Cube_064_81650368359868.363
v 0.117230 0.252041 -0.417667
v 0.113863 0.247008 -0.416656
v 0.121268 0.248648 -0.416961
vn -0.0015 0.2085 0.9780
vn -0.0103 0.1999 0.9798
vn -0.0161 0.1910 0.9815
vt 0.334480 0.985736
vt 0.333333 0.985798
vt 0.329208 0.985798
s 1
usemtl Material.200
f 6393/729/2383 6394/730/2384 6392/731/2385
