# Blender 5.2.0 LTS
# www.blender.org
mtllib 1MainRightFIX.mtl
o q8k9pm1
v -0.750423 -0.293739 0.065988
v 0.367222 -0.443067 0.057234
v 0.371309 -0.441285 0.053291
v 0.278930 -0.466654 -0.170220
v 0.338170 -0.305919 0.020214
v -0.758844 -0.292835 0.071505
v 0.156625 -0.352122 -0.277402
v 0.192231 -0.469307 -0.254206
v 1.682022 -0.636455 -0.000054
v 1.630528 -0.703981 -0.005686
v 1.488375 -0.593096 -0.091173
v 1.436860 -0.660617 -0.096816
v 1.640175 -0.595724 0.179595
v 1.588679 -0.663242 0.173983
v 1.446537 -0.552368 0.088480
v 1.395021 -0.619881 0.082857
v 1.497847 -0.594036 -0.092111
v 1.508434 -0.595215 -0.092572
v 1.520176 -0.596676 -0.092387
v 1.533046 -0.598454 -0.091374
v 1.546936 -0.600578 -0.089341
v 1.561635 -0.603058 -0.086126
v 1.576819 -0.605880 -0.081626
v 1.592083 -0.608995 -0.075825
v 1.606970 -0.612329 -0.068820
v 1.621049 -0.615783 -0.060814
v 1.633969 -0.619255 -0.052090
v 1.645496 -0.622645 -0.042964
v 1.655528 -0.625878 -0.033740
v 1.664079 -0.628896 -0.024675
v 1.671246 -0.631670 -0.015963
v 1.677172 -0.634188 -0.007731
v 1.683049 -0.640781 -0.001592
v 1.683702 -0.645311 -0.003088
v 1.683910 -0.650019 -0.004513
v 1.683600 -0.654861 -0.005837
v 1.682709 -0.659783 -0.007027
v 1.681187 -0.664728 -0.008051
v 1.679005 -0.669622 -0.008880
v 1.676155 -0.674397 -0.009494
v 1.672660 -0.678980 -0.009877
v 1.668567 -0.683311 -0.010022
v 1.663947 -0.687336 -0.009937
v 1.658892 -0.691018 -0.009633
v 1.653498 -0.694336 -0.009131
v 1.647870 -0.697281 -0.008456
v 1.642109 -0.699858 -0.007638
v 1.636303 -0.702083 -0.006705
v 1.623128 -0.705058 -0.013645
v 1.614631 -0.705913 -0.022158
v 1.604940 -0.706449 -0.031149
v 1.594005 -0.706557 -0.040477
v 1.581843 -0.706115 -0.049936
v 1.568564 -0.705019 -0.059256
v 1.554393 -0.703186 -0.068119
v 1.539656 -0.700585 -0.076197
v 1.524766 -0.697252 -0.083205
v 1.510152 -0.693281 -0.088935
v 1.496216 -0.688819 -0.093298
v 1.483266 -0.684043 -0.096320
v 1.471502 -0.679128 -0.098119
v 1.461015 -0.674224 -0.098872
v 1.451797 -0.669454 -0.098778
v 1.443781 -0.664901 -0.098035
v 1.437042 -0.657468 -0.100467
v 1.437537 -0.654053 -0.103898
v 1.438392 -0.650377 -0.107025
v 1.439649 -0.646454 -0.109756
v 1.441341 -0.642308 -0.112000
v 1.443493 -0.637976 -0.113670
v 1.446111 -0.633503 -0.114697
v 1.449184 -0.628943 -0.115031
v 1.452681 -0.624359 -0.114648
v 1.456554 -0.619815 -0.113553
v 1.460742 -0.615369 -0.111780
v 1.465170 -0.611076 -0.109387
v 1.469765 -0.606982 -0.106454
v 1.474448 -0.603119 -0.103073
v 1.479150 -0.599512 -0.099338
v 1.483810 -0.596169 -0.095342
v 1.445492 -0.551888 0.079343
v 1.444711 -0.551655 0.069356
v 1.444278 -0.551734 0.058531
v 1.444275 -0.552190 0.046919
v 1.444788 -0.553088 0.034628
v 1.445889 -0.554478 0.021816
v 1.447622 -0.556390 0.008702
v 1.450007 -0.558828 -0.004462
v 1.453020 -0.561761 -0.017401
v 1.456600 -0.565130 -0.029847
v 1.460649 -0.568848 -0.041570
v 1.465054 -0.572816 -0.052395
v 1.469688 -0.576930 -0.062208
v 1.474435 -0.581091 -0.070965
v 1.479183 -0.585214 -0.078674
v 1.483853 -0.589233 -0.085384
v 1.430318 -0.659399 -0.091248
v 1.423673 -0.657969 -0.084754
v 1.417043 -0.656307 -0.077251
v 1.410575 -0.654402 -0.068682
v 1.404446 -0.652246 -0.059030
v 1.398843 -0.649846 -0.048336
v 1.393953 -0.647227 -0.036703
v 1.389941 -0.644425 -0.024302
v 1.386927 -0.641491 -0.011361
v 1.384975 -0.638485 0.001853
v 1.384080 -0.635473 0.015062
v 1.384179 -0.632512 0.028006
v 1.385161 -0.629656 0.040464
v 1.386885 -0.626943 0.052263
v 1.389199 -0.624402 0.063295
v 1.391955 -0.622046 0.073499
v 1.393994 -0.615555 0.084394
v 1.393342 -0.611024 0.085890
v 1.393138 -0.606316 0.087315
v 1.393450 -0.601474 0.088639
v 1.394344 -0.596550 0.089829
v 1.395869 -0.591607 0.090852
v 1.398053 -0.586713 0.091681
v 1.400906 -0.581940 0.092294
v 1.404402 -0.577357 0.092676
v 1.408497 -0.573028 0.092820
v 1.413117 -0.569004 0.092733
v 1.418175 -0.565323 0.092428
v 1.423567 -0.562008 0.091926
v 1.429195 -0.559064 0.091249
v 1.434957 -0.556490 0.090431
v 1.440764 -0.554265 0.089499
v 1.633253 -0.591441 0.180812
v 1.625238 -0.586888 0.181553
v 1.616021 -0.582119 0.181645
v 1.605535 -0.577217 0.180890
v 1.593773 -0.572302 0.179090
v 1.580826 -0.567527 0.176067
v 1.566892 -0.563068 0.171704
v 1.552282 -0.559098 0.165975
v 1.537396 -0.555765 0.158970
v 1.522665 -0.553166 0.150893
v 1.508497 -0.551333 0.142034
v 1.495220 -0.550236 0.132717
v 1.483059 -0.549795 0.123261
v 1.472126 -0.549901 0.113936
v 1.462436 -0.550437 0.104948
v 1.453938 -0.551291 0.096435
v 1.399869 -0.622147 0.090536
v 1.405795 -0.624664 0.098768
v 1.412962 -0.627438 0.107483
v 1.421512 -0.630455 0.116550
v 1.431546 -0.633687 0.125776
v 1.443073 -0.637078 0.134904
v 1.455993 -0.640549 0.143630
v 1.470075 -0.644004 0.151637
v 1.484964 -0.647338 0.158643
v 1.500228 -0.650454 0.164444
v 1.515415 -0.653276 0.168944
v 1.530115 -0.655757 0.172158
v 1.544006 -0.657882 0.174189
v 1.556877 -0.659661 0.175202
v 1.568618 -0.661121 0.175385
v 1.579207 -0.662301 0.174923
v 1.593245 -0.660168 0.178151
v 1.597904 -0.656825 0.182146
v 1.602605 -0.653217 0.185879
v 1.607288 -0.649353 0.189259
v 1.611880 -0.645258 0.192189
v 1.616308 -0.640965 0.194579
v 1.620494 -0.636518 0.196350
v 1.624367 -0.631973 0.197443
v 1.627862 -0.627390 0.197823
v 1.630933 -0.622832 0.197486
v 1.633548 -0.618359 0.196456
v 1.635698 -0.614028 0.194783
v 1.637389 -0.609882 0.192539
v 1.638645 -0.605961 0.189805
v 1.639498 -0.602286 0.186678
v 1.639993 -0.598873 0.183245
v 1.685085 -0.634289 0.009305
v 1.687839 -0.631933 0.019507
v 1.690153 -0.629391 0.030539
v 1.691873 -0.626678 0.042339
v 1.692854 -0.623822 0.054795
v 1.692951 -0.620861 0.067737
v 1.692054 -0.617848 0.080944
v 1.690100 -0.614844 0.094155
v 1.687086 -0.611911 0.107094
v 1.683074 -0.609108 0.119492
v 1.678184 -0.606490 0.131123
v 1.672581 -0.604092 0.141815
v 1.666452 -0.601937 0.151463
v 1.659988 -0.600032 0.160032
v 1.653358 -0.598372 0.167534
v 1.646715 -0.596943 0.174027
v 1.593203 -0.667106 0.168195
v 1.597873 -0.671125 0.161486
v 1.602624 -0.675249 0.153779
v 1.607372 -0.679410 0.145023
v 1.612008 -0.683524 0.135210
v 1.616414 -0.687493 0.124386
v 1.620466 -0.691212 0.112662
v 1.624045 -0.694583 0.100214
v 1.627060 -0.697517 0.087273
v 1.629446 -0.699955 0.074107
v 1.631180 -0.701869 0.060989
v 1.632281 -0.703259 0.048177
v 1.632794 -0.704157 0.035882
v 1.632791 -0.704615 0.024268
v 1.632357 -0.704693 0.013440
v 1.631575 -0.704461 0.003452
v 1.396545 -0.624510 0.081097
v 1.402265 -0.627257 0.089343
v 1.409322 -0.630295 0.098188
v 1.417906 -0.633613 0.107512
v 1.428163 -0.637173 0.117121
v 1.440141 -0.640904 0.126735
v 1.453752 -0.644709 0.136008
v 1.468733 -0.648461 0.144563
v 1.484662 -0.652028 0.152059
v 1.501013 -0.655291 0.158246
v 1.517231 -0.658165 0.163009
v 1.532826 -0.660607 0.166370
v 1.547431 -0.662614 0.168459
v 1.560820 -0.664217 0.169474
v 1.572899 -0.665463 0.169634
v 1.583669 -0.666407 0.169147
v 1.393497 -0.627091 0.070682
v 1.398969 -0.630102 0.078809
v 1.405865 -0.633448 0.087653
v 1.414430 -0.637114 0.097117
v 1.424868 -0.641057 0.107018
v 1.437281 -0.645188 0.117060
v 1.451596 -0.649379 0.126857
v 1.467529 -0.653468 0.135973
v 1.484575 -0.657284 0.143994
v 1.502086 -0.660684 0.150615
v 1.519392 -0.663573 0.155698
v 1.535907 -0.665919 0.159266
v 1.551215 -0.667741 0.161480
v 1.565085 -0.669098 0.162573
v 1.577445 -0.670064 0.162792
v 1.588337 -0.670717 0.162364
v 1.390878 -0.629886 0.059289
v 1.396074 -0.633196 0.067132
v 1.402769 -0.636892 0.075802
v 1.411265 -0.640959 0.085239
v 1.421840 -0.645343 0.095283
v 1.434657 -0.649935 0.105642
v 1.449680 -0.654569 0.115902
v 1.466595 -0.659033 0.125562
v 1.484810 -0.663110 0.134133
v 1.503536 -0.666627 0.141244
v 1.521956 -0.669482 0.146721
v 1.539382 -0.671661 0.150591
v 1.555351 -0.673220 0.153038
v 1.569639 -0.674255 0.154322
v 1.582209 -0.674873 0.154717
v 1.593152 -0.675175 0.154469
v 1.388861 -0.632876 0.046963
v 1.393782 -0.636519 0.054329
v 1.400256 -0.640603 0.062617
v 1.408652 -0.645119 0.071808
v 1.419322 -0.650000 0.081788
v 1.432505 -0.655113 0.092288
v 1.448215 -0.660243 0.102885
v 1.466117 -0.665117 0.113031
v 1.485514 -0.669459 0.122159
v 1.505458 -0.673059 0.129822
v 1.524972 -0.675816 0.135797
v 1.543254 -0.677750 0.140103
v 1.559805 -0.678963 0.142933
v 1.574420 -0.679599 0.144569
v 1.587111 -0.679806 0.145301
v 1.598026 -0.679710 0.145384
v 1.387632 -0.636031 0.033812
v 1.392309 -0.640026 0.040505
v 1.398583 -0.644529 0.048175
v 1.406878 -0.649528 0.056862
v 1.417619 -0.654949 0.066510
v 1.431132 -0.660625 0.076906
v 1.447484 -0.666288 0.087649
v 1.466326 -0.671591 0.098167
v 1.486856 -0.676188 0.107827
v 1.507951 -0.679827 0.116102
v 1.528464 -0.682418 0.122706
v 1.547489 -0.684027 0.127621
v 1.564501 -0.684820 0.131032
v 1.579326 -0.684998 0.133222
v 1.592039 -0.684747 0.134486
v 1.602848 -0.684218 0.135082
v 1.387368 -0.639296 0.020025
v 1.391880 -0.643654 0.025854
v 1.398018 -0.648583 0.032676
v 1.406250 -0.654075 0.040587
v 1.417073 -0.660046 0.049605
v 1.430886 -0.666297 0.059601
v 1.447809 -0.672497 0.070231
v 1.467486 -0.678217 0.080945
v 1.489008 -0.683036 0.091072
v 1.511088 -0.686665 0.100007
v 1.532417 -0.689031 0.107376
v 1.552004 -0.690258 0.113097
v 1.569311 -0.690586 0.117315
v 1.584215 -0.690273 0.120289
v 1.596850 -0.689548 0.122301
v 1.607482 -0.688581 0.123600
v 1.388214 -0.642605 0.005862
v 1.392680 -0.647313 0.010677
v 1.398792 -0.652649 0.016457
v 1.407051 -0.658607 0.023351
v 1.418002 -0.665092 0.031456
v 1.432098 -0.671872 0.040742
v 1.449496 -0.678558 0.050970
v 1.469828 -0.684641 0.061658
v 1.492099 -0.689628 0.072137
v 1.514884 -0.693198 0.081738
v 1.536752 -0.695305 0.089987
v 1.556655 -0.696137 0.096699
v 1.574068 -0.696003 0.101940
v 1.588912 -0.695217 0.105917
v 1.601380 -0.694042 0.108880
v 1.611786 -0.692665 0.111063
v 1.390255 -0.645881 -0.008361
v 1.394823 -0.650899 -0.004642
v 1.401054 -0.656588 -0.000021
v 1.409467 -0.662939 0.005693
v 1.420621 -0.669845 0.012675
v 1.434990 -0.677044 0.021001
v 1.452740 -0.684098 0.030564
v 1.473481 -0.690436 0.040990
v 1.496155 -0.695513 0.051659
v 1.519265 -0.698993 0.061867
v 1.541320 -0.700852 0.071035
v 1.561256 -0.701334 0.078850
v 1.578574 -0.700804 0.085266
v 1.593233 -0.699618 0.090407
v 1.605467 -0.698064 0.094476
v 1.615620 -0.696342 0.097683
v 1.393501 -0.649042 -0.022300
v 1.398323 -0.654308 -0.019675
v 1.404829 -0.660263 -0.016230
v 1.413527 -0.666893 -0.011739
v 1.424961 -0.674072 -0.005965
v 1.439584 -0.681518 0.001272
v 1.457532 -0.688762 0.009992
v 1.478378 -0.695206 0.019953
v 1.501055 -0.700284 0.030622
v 1.524056 -0.703657 0.041295
v 1.545915 -0.705326 0.051305
v 1.565597 -0.705561 0.060211
v 1.582634 -0.704756 0.067834
v 1.597009 -0.703294 0.074198
v 1.608969 -0.701473 0.079443
v 1.618868 -0.699503 0.083744
v 1.397873 -0.652012 -0.035622
v 1.403084 -0.657443 -0.034007
v 1.409993 -0.663555 -0.031649
v 1.419079 -0.670318 -0.028300
v 1.430839 -0.677593 -0.023675
v 1.445662 -0.685082 -0.017517
v 1.463623 -0.692313 -0.009694
v 1.484263 -0.698697 -0.000327
v 1.506534 -0.703683 0.010152
v 1.529012 -0.706954 0.021074
v 1.550321 -0.708516 0.031730
v 1.569497 -0.708638 0.041569
v 1.586099 -0.707715 0.050290
v 1.600117 -0.706125 0.057813
v 1.611789 -0.704174 0.064198
v 1.621450 -0.702072 0.069581
v 1.403219 -0.654729 -0.048046
v 1.408912 -0.660237 -0.047286
v 1.416302 -0.666386 -0.045847
v 1.425821 -0.673131 -0.043460
v 1.437893 -0.680321 -0.039814
v 1.452821 -0.687657 -0.034600
v 1.470594 -0.694684 -0.027619
v 1.490734 -0.700857 -0.018895
v 1.512259 -0.705676 -0.008767
v 1.533876 -0.708853 0.002158
v 1.554358 -0.710392 0.013178
v 1.572830 -0.710534 0.023681
v 1.588888 -0.709644 0.033270
v 1.602504 -0.708079 0.041769
v 1.613885 -0.706132 0.049163
v 1.623339 -0.704016 0.055530
v 1.409328 -0.657157 -0.059368
v 1.415544 -0.662650 -0.059274
v 1.423431 -0.668724 -0.058538
v 1.433362 -0.675317 -0.056881
v 1.445675 -0.682269 -0.053982
v 1.460571 -0.689292 -0.049518
v 1.477966 -0.695970 -0.043255
v 1.497374 -0.701824 -0.035163
v 1.517906 -0.706421 -0.025502
v 1.538438 -0.709511 -0.014799
v 1.557909 -0.711086 -0.003716
v 1.575553 -0.711350 0.007131
v 1.590993 -0.710611 0.017292
v 1.604182 -0.709195 0.026514
v 1.615280 -0.707372 0.034710
v 1.624552 -0.705346 0.041904
v 1.415972 -0.659276 -0.069474
v 1.422696 -0.664674 -0.069848
v 1.431040 -0.670579 -0.069590
v 1.441307 -0.676916 -0.068430
v 1.453745 -0.683520 -0.066049
v 1.468464 -0.690126 -0.062131
v 1.485318 -0.696370 -0.056446
v 1.503835 -0.701843 -0.048937
v 1.523234 -0.706187 -0.039810
v 1.542566 -0.709189 -0.029508
v 1.560935 -0.710832 -0.018620
v 1.577686 -0.711271 -0.007728
v 1.592469 -0.710761 0.002699
v 1.605213 -0.709577 0.012365
v 1.616035 -0.707963 0.021126
v 1.625147 -0.706111 0.028951
v 1.422924 -0.661088 -0.078333
v 1.430100 -0.666327 -0.078992
v 1.438819 -0.671995 -0.079018
v 1.449312 -0.678005 -0.078148
v 1.461745 -0.684199 -0.076087
v 1.476150 -0.690338 -0.072547
v 1.492346 -0.696111 -0.067314
v 1.509886 -0.701183 -0.060331
v 1.528101 -0.705262 -0.051759
v 1.546206 -0.708171 -0.041969
v 1.563456 -0.709886 -0.031466
v 1.579294 -0.710519 -0.020775
v 1.593406 -0.710268 -0.010346
v 1.605698 -0.709359 -0.000494
v 1.616244 -0.708006 0.008597
v 1.625207 -0.706380 0.016850
v 1.429979 -0.662611 -0.085984
v 1.437527 -0.667645 -0.086777
v 1.446517 -0.673031 -0.086927
v 1.457116 -0.678676 -0.086192
v 1.469420 -0.684436 -0.084306
v 1.483406 -0.690099 -0.081012
v 1.498868 -0.695405 -0.076132
v 1.515407 -0.700084 -0.069617
v 1.532454 -0.703901 -0.061597
v 1.549363 -0.706711 -0.052374
v 1.565522 -0.708485 -0.042373
v 1.580466 -0.709300 -0.032053
v 1.593908 -0.709305 -0.021825
v 1.605746 -0.708683 -0.012003
v 1.616012 -0.707609 -0.002792
v 1.624828 -0.706239 0.005701
v 1.436973 -0.663871 -0.092515
v 1.444801 -0.668673 -0.093323
v 1.453955 -0.673753 -0.093483
v 1.464546 -0.679025 -0.092774
v 1.476618 -0.684352 -0.090961
v 1.490109 -0.689555 -0.087832
v 1.504809 -0.694420 -0.083233
v 1.520362 -0.698729 -0.077134
v 1.536293 -0.702296 -0.069637
v 1.552073 -0.705003 -0.060994
v 1.567203 -0.706817 -0.051555
v 1.581289 -0.707788 -0.041710
v 1.594079 -0.708027 -0.031823
v 1.605463 -0.707677 -0.022192
v 1.615444 -0.706880 -0.013028
v 1.624107 -0.705772 -0.004460
v 1.493385 -0.589930 -0.086334
v 1.504156 -0.590875 -0.086820
v 1.516234 -0.592120 -0.086659
v 1.529623 -0.593721 -0.085641
v 1.544227 -0.595728 -0.083549
v 1.559820 -0.598169 -0.080188
v 1.576035 -0.601041 -0.075425
v 1.592383 -0.604304 -0.069238
v 1.608311 -0.607871 -0.061743
v 1.623290 -0.611622 -0.053189
v 1.636899 -0.615427 -0.043920
v 1.648876 -0.619160 -0.034307
v 1.659133 -0.622719 -0.024700
v 1.667718 -0.626037 -0.015378
v 1.674774 -0.629077 -0.006537
v 1.680496 -0.631825 0.001708
v 1.488718 -0.585621 -0.079549
v 1.499613 -0.586273 -0.079974
v 1.511971 -0.587239 -0.079754
v 1.525840 -0.588595 -0.078660
v 1.541147 -0.590416 -0.076442
v 1.557658 -0.592761 -0.072873
v 1.574961 -0.595649 -0.067790
v 1.592470 -0.599049 -0.061169
v 1.609514 -0.602864 -0.053150
v 1.625444 -0.606952 -0.044037
v 1.639756 -0.611143 -0.034241
v 1.652168 -0.615274 -0.024202
v 1.662607 -0.619216 -0.014305
v 1.671171 -0.622883 -0.004843
v 1.678068 -0.626231 0.003997
v 1.683542 -0.629244 0.012122
v 1.483907 -0.581163 -0.071653
v 1.494849 -0.581465 -0.071898
v 1.507418 -0.582082 -0.071500
v 1.521706 -0.583116 -0.070213
v 1.537672 -0.584674 -0.067764
v 1.555095 -0.586853 -0.063893
v 1.573512 -0.589707 -0.058415
v 1.592233 -0.593222 -0.051304
v 1.610445 -0.597299 -0.042736
v 1.627357 -0.601762 -0.033079
v 1.642377 -0.606395 -0.022822
v 1.655193 -0.610987 -0.012466
v 1.665767 -0.615372 -0.002425
v 1.674266 -0.619439 0.007008
v 1.680959 -0.623135 0.015675
v 1.686158 -0.626447 0.023516
v 1.479034 -0.576629 -0.062566
v 1.489950 -0.576533 -0.062480
v 1.502640 -0.576739 -0.061746
v 1.517253 -0.577375 -0.060106
v 1.533802 -0.578587 -0.057273
v 1.552081 -0.580519 -0.052967
v 1.571588 -0.583275 -0.046990
v 1.591528 -0.586874 -0.039327
v 1.610921 -0.591217 -0.030204
v 1.628818 -0.596089 -0.020061
v 1.644525 -0.601218 -0.009468
v 1.657709 -0.606330 0.001029
v 1.668378 -0.611213 0.011003
v 1.676775 -0.615728 0.020192
v 1.683251 -0.619813 0.028476
v 1.688173 -0.623457 0.035842
v 1.474214 -0.572122 -0.052263
v 1.485023 -0.571593 -0.051664
v 1.497737 -0.571342 -0.050398
v 1.512559 -0.571519 -0.048204
v 1.529568 -0.572311 -0.044790
v 1.548590 -0.573920 -0.039873
v 1.569096 -0.576510 -0.033270
v 1.590185 -0.580148 -0.024995
v 1.610709 -0.584744 -0.015338
v 1.629546 -0.590045 -0.004825
v 1.645895 -0.595706 0.005913
v 1.659408 -0.601383 0.016305
v 1.670150 -0.606804 0.025949
v 1.678444 -0.611802 0.034634
v 1.684719 -0.616305 0.042300
v 1.689399 -0.620303 0.048991
v 1.469582 -0.567761 -0.040781
v 1.480214 -0.566793 -0.039480
v 1.492849 -0.566068 -0.037464
v 1.507751 -0.565756 -0.034487
v 1.525056 -0.566083 -0.030267
v 1.544637 -0.567310 -0.024544
v 1.565958 -0.569676 -0.017174
v 1.588032 -0.573303 -0.008242
v 1.609547 -0.578120 0.001882
v 1.629217 -0.583839 0.012591
v 1.646138 -0.590037 0.023216
v 1.659949 -0.596286 0.033206
v 1.670772 -0.602257 0.042221
v 1.679006 -0.607749 0.050130
v 1.685144 -0.612679 0.056949
v 1.689661 -0.617037 0.062775
v 1.465279 -0.563678 -0.028246
v 1.475686 -0.562302 -0.026060
v 1.488154 -0.561126 -0.023093
v 1.502996 -0.560341 -0.019114
v 1.520406 -0.560207 -0.013870
v 1.540303 -0.561039 -0.007157
v 1.562164 -0.563147 0.001090
v 1.584940 -0.566716 0.010689
v 1.607202 -0.571700 0.021164
v 1.627527 -0.577782 0.031846
v 1.644922 -0.584464 0.042070
v 1.659016 -0.591242 0.051352
v 1.669967 -0.597726 0.059453
v 1.678229 -0.603684 0.066346
v 1.684344 -0.609020 0.072123
v 1.688813 -0.613728 0.076936
v 1.461448 -0.560001 -0.014867
v 1.471602 -0.558281 -0.011657
v 1.483836 -0.556728 -0.007587
v 1.498494 -0.555543 -0.002443
v 1.515808 -0.555014 0.003974
v 1.535738 -0.555496 0.011789
v 1.557785 -0.557357 0.020956
v 1.580884 -0.560834 0.031160
v 1.603550 -0.565909 0.041824
v 1.624281 -0.572245 0.052244
v 1.642028 -0.579294 0.061803
v 1.656396 -0.586490 0.070127
v 1.667550 -0.593395 0.077106
v 1.675965 -0.599746 0.082819
v 1.682199 -0.605434 0.087438
v 1.686770 -0.610452 0.091157
v 1.458202 -0.556843 -0.000931
v 1.468101 -0.554873 0.003372
v 1.480062 -0.553054 0.008619
v 1.494435 -0.551592 0.014985
v 1.511469 -0.550790 0.022607
v 1.531145 -0.551026 0.031512
v 1.552996 -0.552694 0.041519
v 1.575986 -0.556068 0.052186
v 1.598652 -0.561143 0.062851
v 1.619491 -0.567583 0.072809
v 1.637434 -0.574824 0.081525
v 1.652055 -0.582267 0.088758
v 1.663490 -0.589444 0.094532
v 1.672190 -0.596072 0.099023
v 1.678699 -0.602026 0.102467
v 1.683523 -0.607293 0.105093
v 1.455621 -0.554275 0.013231
v 1.465284 -0.552174 0.018614
v 1.476955 -0.550224 0.024999
v 1.490973 -0.548637 0.032522
v 1.507572 -0.547714 0.041241
v 1.526740 -0.547839 0.051079
v 1.548041 -0.549400 0.061729
v 1.570508 -0.552671 0.072646
v 1.592769 -0.557655 0.083122
v 1.613401 -0.564034 0.092485
v 1.631356 -0.571262 0.100306
v 1.646179 -0.578749 0.106462
v 1.657939 -0.586020 0.111087
v 1.667026 -0.592781 0.114436
v 1.673938 -0.598892 0.116793
v 1.679152 -0.604324 0.118412
v 1.453732 -0.552332 0.027277
v 1.463185 -0.550216 0.033645
v 1.474569 -0.548272 0.041038
v 1.488183 -0.546708 0.049536
v 1.504239 -0.545820 0.059122
v 1.522705 -0.545964 0.069622
v 1.543178 -0.547503 0.080636
v 1.564787 -0.550679 0.091557
v 1.586300 -0.555496 0.101680
v 1.606434 -0.561665 0.110400
v 1.624202 -0.568689 0.117381
v 1.639126 -0.576021 0.122594
v 1.651198 -0.583208 0.126242
v 1.660719 -0.589952 0.128630
v 1.668111 -0.596100 0.130070
v 1.673806 -0.601606 0.130832
v 1.452519 -0.551002 0.040901
v 1.461792 -0.548977 0.048094
v 1.472892 -0.547156 0.056288
v 1.486078 -0.545741 0.065508
v 1.501516 -0.545005 0.075666
v 1.519155 -0.545270 0.086509
v 1.538618 -0.546845 0.097588
v 1.559142 -0.549934 0.108284
v 1.579664 -0.554530 0.117941
v 1.599065 -0.560380 0.126031
v 1.616454 -0.567056 0.132293
v 1.631347 -0.574075 0.136758
v 1.643660 -0.581023 0.139658
v 1.653591 -0.587615 0.141316
v 1.661481 -0.593688 0.142055
v 1.667697 -0.599180 0.142151
v 1.451924 -0.550238 0.053849
v 1.461036 -0.548387 0.061673
v 1.471859 -0.546774 0.070432
v 1.484601 -0.545592 0.080095
v 1.499382 -0.545083 0.090520
v 1.516127 -0.545524 0.101406
v 1.534491 -0.547168 0.112290
v 1.553815 -0.550168 0.122587
v 1.573206 -0.554510 0.131712
v 1.591717 -0.559981 0.139217
v 1.608566 -0.566221 0.144902
v 1.623281 -0.572825 0.148820
v 1.635719 -0.579426 0.151204
v 1.645985 -0.585761 0.152367
v 1.654329 -0.591666 0.152626
v 1.661055 -0.597063 0.152253
v 1.451862 -0.549969 0.065947
v 1.460826 -0.548345 0.074200
v 1.471371 -0.546992 0.083288
v 1.483663 -0.546085 0.093136
v 1.497772 -0.545834 0.103563
v 1.513606 -0.546468 0.114249
v 1.530852 -0.548183 0.124748
v 1.548950 -0.551092 0.134533
v 1.567159 -0.555169 0.143101
v 1.584693 -0.560239 0.150083
v 1.600882 -0.566009 0.155316
v 1.615285 -0.572146 0.158858
v 1.627717 -0.578338 0.160920
v 1.638209 -0.584347 0.161793
v 1.646928 -0.590013 0.161769
v 1.654105 -0.595252 0.161112
v 1.452240 -0.550111 0.077094
v 1.461056 -0.548741 0.085585
v 1.471324 -0.547669 0.094794
v 1.483158 -0.547046 0.104613
v 1.496599 -0.547053 0.114837
v 1.511538 -0.547868 0.125153
v 1.527696 -0.549642 0.135150
v 1.544597 -0.552452 0.144368
v 1.561639 -0.556267 0.152387
v 1.578172 -0.560945 0.158901
v 1.593630 -0.566249 0.163781
v 1.607612 -0.571909 0.167075
v 1.619916 -0.577667 0.168964
v 1.630513 -0.583312 0.169700
v 1.639503 -0.588696 0.169553
v 1.647053 -0.593729 0.168762
v 1.452961 -0.550578 0.087253
v 1.461623 -0.549470 0.095819
v 1.471604 -0.548675 0.104980
v 1.482987 -0.548324 0.114609
v 1.495775 -0.548564 0.124492
v 1.509858 -0.549536 0.134333
v 1.524984 -0.551350 0.143769
v 1.540759 -0.554056 0.152409
v 1.556686 -0.557622 0.159903
v 1.572234 -0.561929 0.166003
v 1.586930 -0.566793 0.170599
v 1.600418 -0.571994 0.173731
v 1.612488 -0.577320 0.175545
v 1.623079 -0.582590 0.176256
v 1.632232 -0.587669 0.176098
v 1.640061 -0.592470 0.175292
v 1.646853 -0.600221 0.177824
v 1.653862 -0.601789 0.171424
v 1.660889 -0.603597 0.163946
v 1.667775 -0.605658 0.155313
v 1.674323 -0.607974 0.145492
v 1.680314 -0.610538 0.134511
v 1.685533 -0.613317 0.122478
v 1.689787 -0.616268 0.109577
v 1.692935 -0.619331 0.096067
v 1.694906 -0.622438 0.082249
v 1.695707 -0.625518 0.068440
v 1.695418 -0.628506 0.054935
v 1.694177 -0.631353 0.041981
v 1.692147 -0.634020 0.029764
v 1.689507 -0.636484 0.018400
v 1.686424 -0.638737 0.007946
v 1.646657 -0.603790 0.181418
v 1.654010 -0.605522 0.175135
v 1.661424 -0.607502 0.167708
v 1.668723 -0.609745 0.159035
v 1.675685 -0.612248 0.149068
v 1.682068 -0.614995 0.137820
v 1.687622 -0.617949 0.125400
v 1.692120 -0.621059 0.112007
v 1.695399 -0.624251 0.097928
v 1.697381 -0.627448 0.083504
v 1.698078 -0.630576 0.069095
v 1.697590 -0.633568 0.055034
v 1.696080 -0.636372 0.041594
v 1.693742 -0.638957 0.028974
v 1.690778 -0.641308 0.017295
v 1.687377 -0.643423 0.006609
v 1.646066 -0.607644 0.184718
v 1.653730 -0.609568 0.178567
v 1.661500 -0.611750 0.171209
v 1.669184 -0.614199 0.162524
v 1.676544 -0.616912 0.152435
v 1.683304 -0.619863 0.140949
v 1.689182 -0.623008 0.128167
v 1.693919 -0.626279 0.114304
v 1.697326 -0.629595 0.099676
v 1.699316 -0.632871 0.084665
v 1.699908 -0.636023 0.069676
v 1.699224 -0.638985 0.055079
v 1.697452 -0.641712 0.041178
v 1.694817 -0.644178 0.028183
v 1.691550 -0.646377 0.016216
v 1.687856 -0.648318 0.005322
v 1.645023 -0.611771 0.187620
v 1.652949 -0.613912 0.181605
v 1.661023 -0.616321 0.174330
v 1.669047 -0.619004 0.165650
v 1.676763 -0.621949 0.155472
v 1.683867 -0.625123 0.143778
v 1.690042 -0.628466 0.130670
v 1.695001 -0.631901 0.116374
v 1.698527 -0.635334 0.101236
v 1.700525 -0.638668 0.085678
v 1.701020 -0.641816 0.070149
v 1.700155 -0.644716 0.055060
v 1.698147 -0.647327 0.040737
v 1.695250 -0.649634 0.027404
v 1.691717 -0.651644 0.015184
v 1.687772 -0.653378 0.004112
v 1.643483 -0.616143 0.190019
v 1.651599 -0.618525 0.184134
v 1.659908 -0.621185 0.176943
v 1.668202 -0.624123 0.168282
v 1.676208 -0.627318 0.158035
v 1.683598 -0.630726 0.146171
v 1.690027 -0.634275 0.132784
v 1.695175 -0.637870 0.118111
v 1.698807 -0.641405 0.102523
v 1.700813 -0.644773 0.086483
v 1.701231 -0.647888 0.070481
v 1.700219 -0.650688 0.054962
v 1.698021 -0.653146 0.040275
v 1.694918 -0.655260 0.026657
v 1.691180 -0.657049 0.014225
v 1.687045 -0.658545 0.003010
v 1.641405 -0.620720 0.191818
v 1.649631 -0.623359 0.186039
v 1.658084 -0.626287 0.178922
v 1.666555 -0.629493 0.170285
v 1.674760 -0.632949 0.159989
v 1.682355 -0.636596 0.147992
v 1.688972 -0.640348 0.134383
v 1.694266 -0.644093 0.119405
v 1.697982 -0.647710 0.103452
v 1.700006 -0.651086 0.087021
v 1.700378 -0.654136 0.070637
v 1.699272 -0.656805 0.054773
v 1.696952 -0.659078 0.039800
v 1.693718 -0.660969 0.025958
v 1.689855 -0.662511 0.013368
v 1.685612 -0.663747 0.002047
v 1.638778 -0.625447 0.192932
v 1.647017 -0.628354 0.187227
v 1.655509 -0.631553 0.180161
v 1.664046 -0.635031 0.171537
v 1.672339 -0.638747 0.161208
v 1.680037 -0.642627 0.149119
v 1.686754 -0.646568 0.135352
v 1.692135 -0.650442 0.120158
v 1.695913 -0.654117 0.103948
v 1.697963 -0.657476 0.087240
v 1.698332 -0.660433 0.070588
v 1.697201 -0.662945 0.054487
v 1.694848 -0.665011 0.039318
v 1.691579 -0.666659 0.025329
v 1.687688 -0.667940 0.012635
v 1.683431 -0.668909 0.001249
v 1.635609 -0.630260 0.193305
v 1.643756 -0.633430 0.187627
v 1.652175 -0.636897 0.180578
v 1.660655 -0.640636 0.171954
v 1.668912 -0.644596 0.161601
v 1.676595 -0.648687 0.149457
v 1.683316 -0.652792 0.135604
v 1.688718 -0.656768 0.120297
v 1.692525 -0.660475 0.103952
v 1.694616 -0.663789 0.087105
v 1.695032 -0.666632 0.070318
v 1.693955 -0.668970 0.054102
v 1.691664 -0.670818 0.038841
v 1.688467 -0.672220 0.024785
v 1.684657 -0.673240 0.012049
v 1.680487 -0.673944 0.000643
v 1.631926 -0.635088 0.192904
v 1.639886 -0.638506 0.187206
v 1.648116 -0.642220 0.180136
v 1.656416 -0.646195 0.171492
v 1.664511 -0.650367 0.161121
v 1.672059 -0.654636 0.148963
v 1.678684 -0.658868 0.135099
v 1.684035 -0.662912 0.119785
v 1.687842 -0.666618 0.103441
v 1.689983 -0.669866 0.086599
v 1.690496 -0.672580 0.069823
v 1.689555 -0.674743 0.053620
v 1.687426 -0.676377 0.038377
v 1.684409 -0.677545 0.024342
v 1.680787 -0.678317 0.011625
v 1.676807 -0.678772 0.000240
v 1.627791 -0.639855 0.191736
v 1.635469 -0.643496 0.185970
v 1.643407 -0.647423 0.178842
v 1.651415 -0.651595 0.170161
v 1.659232 -0.655938 0.159780
v 1.666534 -0.660337 0.147647
v 1.672968 -0.664650 0.133849
v 1.678200 -0.668721 0.118639
v 1.681976 -0.672397 0.102428
v 1.684177 -0.675560 0.085736
v 1.684830 -0.678144 0.069113
v 1.684094 -0.680137 0.053054
v 1.682217 -0.681577 0.037938
v 1.679477 -0.682531 0.024005
v 1.676142 -0.683084 0.011371
v 1.672443 -0.683319 0.000048
v 1.623276 -0.644493 0.189844
v 1.630597 -0.648320 0.183967
v 1.638157 -0.652418 0.176753
v 1.645781 -0.656738 0.168021
v 1.653223 -0.661196 0.157642
v 1.660188 -0.665672 0.145576
v 1.666352 -0.670017 0.131917
v 1.671408 -0.674073 0.116912
v 1.675125 -0.677691 0.100958
v 1.677385 -0.680757 0.084552
v 1.678210 -0.683213 0.068214
v 1.677736 -0.685055 0.052420
v 1.676179 -0.686327 0.037528
v 1.673792 -0.687104 0.023779
v 1.670822 -0.687473 0.011285
v 1.667482 -0.687525 0.000063
v 1.618469 -0.648942 0.187295
v 1.625377 -0.652910 0.181278
v 1.632498 -0.657129 0.173957
v 1.639668 -0.661542 0.165174
v 1.646668 -0.666058 0.154816
v 1.653230 -0.670554 0.142862
v 1.659067 -0.674882 0.129409
v 1.663906 -0.678884 0.114700
v 1.667538 -0.682420 0.099111
v 1.669854 -0.685382 0.083103
v 1.670864 -0.687719 0.067164
v 1.670681 -0.689432 0.051734
v 1.669490 -0.690569 0.037156
v 1.667510 -0.691208 0.023660
v 1.664959 -0.691438 0.011357
v 1.662033 -0.691348 0.000273
v 1.613466 -0.653151 0.184183
v 1.619926 -0.657214 0.178008
v 1.626570 -0.661502 0.170577
v 1.633247 -0.665953 0.161750
v 1.639764 -0.670472 0.151439
v 1.645885 -0.674936 0.139638
v 1.651361 -0.679199 0.126452
v 1.655953 -0.683115 0.112115
v 1.659482 -0.686548 0.096973
v 1.661843 -0.689403 0.081455
v 1.663039 -0.691633 0.066000
v 1.663157 -0.693242 0.051017
v 1.662348 -0.694280 0.036823
v 1.660797 -0.694821 0.023637
v 1.658696 -0.694952 0.011572
v 1.656214 -0.694764 0.000660
v 1.608357 -0.657087 0.180610
v 1.614356 -0.661198 0.174277
v 1.620505 -0.665505 0.166743
v 1.626677 -0.669942 0.157892
v 1.632698 -0.674413 0.147657
v 1.638366 -0.678799 0.136050
v 1.643469 -0.682961 0.123182
v 1.647801 -0.686762 0.109273
v 1.651210 -0.690079 0.094643
v 1.653602 -0.692827 0.079674
v 1.654970 -0.694962 0.064767
v 1.655378 -0.696492 0.050289
v 1.654947 -0.697460 0.036532
v 1.653827 -0.697940 0.023701
v 1.652178 -0.698014 0.011910
v 1.650150 -0.697768 0.001197
v 1.603232 -0.660729 0.176686
v 1.608769 -0.664844 0.170207
v 1.614430 -0.669125 0.162587
v 1.620100 -0.673504 0.153738
v 1.625633 -0.677886 0.143611
v 1.630856 -0.682155 0.132236
v 1.635590 -0.686187 0.119725
v 1.639663 -0.689855 0.106284
v 1.642943 -0.693048 0.092202
v 1.645350 -0.695689 0.077822
v 1.646867 -0.697741 0.063502
v 1.647540 -0.699211 0.049564
v 1.647461 -0.700138 0.036279
v 1.646750 -0.700587 0.023837
v 1.645539 -0.700638 0.012347
v 1.643954 -0.700369 0.001860
v 1.598160 -0.664068 0.172517
v 1.603251 -0.668150 0.165909
v 1.608443 -0.672368 0.158231
v 1.613636 -0.676652 0.149412
v 1.618703 -0.680911 0.139428
v 1.623503 -0.685039 0.128315
v 1.627883 -0.688921 0.116189
v 1.631704 -0.692442 0.103240
v 1.634852 -0.695507 0.089727
v 1.637256 -0.698045 0.075954
v 1.638896 -0.700024 0.062234
v 1.639801 -0.701448 0.048857
v 1.640039 -0.702353 0.036064
v 1.639703 -0.702798 0.024030
v 1.638899 -0.702852 0.012865
v 1.637734 -0.702591 0.002619
v 1.447954 -0.553136 0.097835
v 1.456307 -0.552218 0.106809
v 1.465948 -0.551615 0.116343
v 1.476959 -0.551447 0.126287
v 1.489351 -0.551847 0.136413
v 1.503028 -0.552940 0.146410
v 1.517758 -0.554823 0.155901
v 1.533178 -0.557533 0.164500
v 1.548823 -0.561036 0.171861
v 1.564189 -0.565219 0.177749
v 1.578818 -0.569910 0.182073
v 1.592355 -0.574910 0.184882
v 1.604578 -0.580020 0.186338
v 1.615401 -0.585078 0.186668
v 1.624845 -0.589954 0.186114
v 1.632999 -0.594568 0.184907
v 1.441888 -0.555338 0.099141
v 1.450039 -0.554386 0.108574
v 1.459565 -0.553741 0.118658
v 1.470588 -0.553535 0.129236
v 1.483153 -0.553913 0.140057
v 1.497183 -0.555018 0.150764
v 1.512448 -0.556961 0.160921
v 1.528551 -0.559789 0.170064
v 1.544963 -0.563464 0.177786
v 1.561106 -0.567855 0.183816
v 1.576451 -0.572766 0.188063
v 1.590590 -0.577968 0.190611
v 1.603284 -0.583246 0.191676
v 1.614450 -0.588420 0.191538
v 1.624125 -0.593365 0.190489
v 1.632424 -0.598000 0.188796
v 1.435824 -0.557930 0.100314
v 1.443717 -0.556983 0.110188
v 1.453066 -0.556335 0.120808
v 1.464030 -0.556124 0.132015
v 1.476696 -0.556511 0.143536
v 1.491017 -0.557650 0.154965
v 1.506770 -0.559669 0.165801
v 1.523525 -0.562623 0.175495
v 1.540694 -0.566467 0.183574
v 1.557615 -0.571054 0.189725
v 1.573676 -0.576158 0.193860
v 1.588425 -0.581527 0.196110
v 1.601596 -0.586926 0.196747
v 1.613109 -0.592169 0.196115
v 1.623023 -0.597130 0.194559
v 1.631476 -0.601737 0.192376
v 1.429861 -0.560935 0.101309
v 1.437452 -0.560041 0.111591
v 1.446563 -0.559440 0.122714
v 1.457398 -0.559273 0.134520
v 1.470085 -0.559709 0.146713
v 1.484619 -0.560917 0.158846
v 1.500789 -0.563035 0.170344
v 1.518142 -0.566120 0.180578
v 1.536028 -0.570125 0.188993
v 1.553700 -0.574881 0.195242
v 1.570466 -0.580139 0.199241
v 1.585814 -0.585621 0.201168
v 1.599459 -0.591081 0.201366
v 1.611324 -0.596329 0.200242
v 1.621487 -0.601247 0.198188
v 1.630109 -0.605771 0.195534
v 1.424115 -0.564364 0.102085
v 1.431371 -0.563581 0.112721
v 1.440198 -0.563085 0.124287
v 1.450837 -0.563021 0.136626
v 1.463467 -0.563561 0.149429
v 1.478123 -0.564881 0.162209
v 1.494615 -0.567123 0.174317
v 1.512481 -0.570348 0.185047
v 1.531009 -0.574497 0.193765
v 1.549375 -0.579384 0.200084
v 1.566803 -0.584737 0.203937
v 1.582725 -0.590264 0.205546
v 1.596831 -0.595710 0.205323
v 1.609049 -0.600892 0.203739
v 1.619470 -0.605697 0.201231
v 1.628282 -0.610078 0.198155
v 1.418705 -0.568214 0.102605
v 1.425615 -0.567603 0.113519
v 1.434128 -0.567278 0.125440
v 1.444522 -0.567384 0.138215
v 1.457020 -0.568089 0.151522
v 1.471702 -0.569570 0.164840
v 1.488406 -0.571968 0.177465
v 1.506665 -0.575337 0.188609
v 1.525725 -0.579604 0.197578
v 1.544686 -0.584569 0.203947
v 1.562703 -0.589945 0.207660
v 1.579149 -0.595434 0.208989
v 1.593692 -0.600783 0.208406
v 1.606256 -0.605818 0.206435
v 1.616947 -0.610442 0.203549
v 1.625967 -0.614621 0.200131
v 1.413753 -0.572462 0.102831
v 1.420327 -0.572082 0.113934
v 1.428519 -0.571994 0.126100
v 1.438639 -0.572337 0.139177
v 1.450945 -0.573273 0.152840
v 1.465560 -0.574967 0.166543
v 1.482351 -0.577549 0.179538
v 1.500858 -0.581060 0.190985
v 1.520299 -0.585413 0.200131
v 1.539719 -0.590393 0.206533
v 1.558214 -0.595713 0.210141
v 1.575108 -0.601074 0.211264
v 1.590044 -0.606238 0.210420
v 1.602941 -0.611048 0.208174
v 1.613910 -0.615426 0.205024
v 1.623158 -0.619348 0.201367
v 1.409366 -0.577062 0.102747
v 1.415636 -0.576970 0.113932
v 1.423526 -0.577180 0.126210
v 1.433367 -0.577821 0.139433
v 1.445442 -0.579043 0.153269
v 1.459908 -0.580994 0.167163
v 1.476659 -0.583780 0.180347
v 1.495248 -0.587425 0.191946
v 1.514889 -0.591822 0.201188
v 1.534595 -0.596753 0.207608
v 1.553422 -0.601932 0.211166
v 1.570662 -0.607080 0.212191
v 1.585929 -0.611980 0.211221
v 1.599133 -0.616498 0.208841
v 1.610376 -0.620572 0.205566
v 1.619870 -0.624195 0.201799
v 1.405632 -0.581955 0.102339
v 1.411651 -0.582191 0.113498
v 1.419280 -0.582745 0.125747
v 1.428857 -0.583731 0.138941
v 1.440684 -0.585279 0.152750
v 1.454932 -0.587514 0.166622
v 1.471521 -0.590513 0.179789
v 1.490024 -0.594271 0.191379
v 1.509665 -0.598669 0.200621
v 1.529459 -0.603486 0.207051
v 1.548448 -0.608452 0.210626
v 1.565904 -0.613317 0.211673
v 1.581422 -0.617891 0.210730
v 1.594887 -0.622064 0.208379
v 1.606392 -0.625795 0.205133
v 1.616138 -0.629088 0.201393
v 1.402610 -0.587062 0.101618
v 1.408440 -0.587656 0.112639
v 1.415862 -0.588578 0.124721
v 1.425211 -0.589932 0.137715
v 1.436788 -0.591825 0.151299
v 1.450769 -0.594348 0.164934
v 1.467090 -0.597550 0.177879
v 1.485344 -0.601393 0.189298
v 1.504784 -0.605746 0.198446
v 1.524461 -0.610394 0.204875
v 1.543428 -0.615094 0.208533
v 1.560956 -0.619626 0.209726
v 1.576623 -0.623834 0.208961
v 1.590292 -0.627634 0.206798
v 1.602031 -0.631002 0.203732
v 1.612022 -0.633951 0.200155
v 1.400324 -0.592301 0.100600
v 1.406036 -0.593259 0.111384
v 1.413311 -0.594555 0.123172
v 1.422473 -0.596275 0.135813
v 1.433811 -0.598502 0.148995
v 1.447491 -0.601296 0.162206
v 1.463452 -0.604670 0.174751
v 1.481312 -0.608563 0.185854
v 1.500376 -0.612831 0.194823
v 1.519737 -0.617273 0.201235
v 1.538499 -0.621673 0.205029
v 1.555949 -0.625849 0.206467
v 1.571653 -0.629677 0.206009
v 1.585450 -0.633097 0.204172
v 1.597379 -0.636100 0.201420
v 1.607595 -0.638710 0.198131
v 1.398765 -0.597582 0.099321
v 1.404423 -0.598893 0.109783
v 1.411609 -0.600547 0.121170
v 1.420625 -0.602610 0.133334
v 1.431738 -0.605140 0.145974
v 1.445092 -0.608166 0.158612
v 1.460624 -0.611670 0.170619
v 1.477977 -0.615569 0.181296
v 1.496508 -0.619719 0.190014
v 1.515389 -0.623932 0.196391
v 1.533783 -0.628024 0.200347
v 1.551009 -0.631845 0.202096
v 1.566633 -0.635302 0.202039
v 1.580475 -0.638357 0.200630
v 1.592537 -0.641012 0.198299
v 1.602944 -0.643298 0.195398
v 1.397894 -0.602823 0.097822
v 1.403554 -0.604461 0.107894
v 1.410696 -0.606438 0.118804
v 1.419600 -0.608802 0.130401
v 1.430497 -0.611586 0.142401
v 1.443508 -0.614792 0.154371
v 1.458559 -0.618377 0.165749
v 1.475321 -0.622244 0.175920
v 1.493208 -0.626249 0.184338
v 1.511478 -0.630226 0.190650
v 1.529366 -0.634016 0.194771
v 1.546240 -0.637501 0.196864
v 1.561679 -0.640614 0.197255
v 1.575476 -0.643333 0.196341
v 1.587605 -0.645672 0.194499
v 1.598158 -0.647663 0.192056
v 1.397650 -0.607954 0.096148
v 1.403350 -0.609880 0.105786
v 1.410484 -0.612134 0.116166
v 1.419297 -0.614745 0.127141
v 1.429982 -0.617725 0.138447
v 1.442637 -0.621053 0.149698
v 1.457173 -0.624669 0.160401
v 1.473285 -0.628469 0.170028
v 1.490457 -0.632314 0.178108
v 1.508025 -0.636056 0.184330
v 1.525309 -0.639565 0.188599
v 1.541728 -0.642745 0.191029
v 1.556880 -0.645551 0.191880
v 1.570547 -0.647972 0.191484
v 1.582676 -0.650032 0.190167
v 1.593321 -0.651764 0.188221
v 1.397955 -0.612912 0.094349
v 1.403721 -0.615082 0.103523
v 1.410865 -0.617561 0.113347
v 1.419594 -0.620363 0.123678
v 1.430069 -0.623479 0.134274
v 1.442355 -0.626874 0.144792
v 1.456357 -0.630476 0.154814
v 1.471794 -0.634180 0.163885
v 1.488210 -0.637854 0.171609
v 1.505021 -0.641374 0.177712
v 1.521634 -0.644626 0.182097
v 1.537523 -0.647538 0.184835
v 1.552308 -0.650078 0.186126
v 1.565770 -0.652245 0.186237
v 1.577829 -0.654065 0.185448
v 1.588510 -0.655578 0.184013
v 1.398722 -0.617653 0.092464
v 1.404569 -0.620020 0.101167
v 1.411725 -0.622671 0.110430
v 1.420369 -0.625606 0.120118
v 1.430629 -0.628805 0.130013
v 1.442538 -0.632217 0.139819
v 1.455997 -0.635769 0.149175
v 1.470752 -0.639354 0.157703
v 1.486399 -0.642858 0.165066
v 1.502437 -0.646167 0.171027
v 1.518342 -0.649190 0.175489
v 1.533649 -0.651871 0.178490
v 1.548009 -0.654184 0.180178
v 1.561200 -0.656139 0.180765
v 1.573127 -0.657761 0.180480
v 1.583788 -0.659090 0.179547
v 1.478894 -0.592270 -0.089706
v 1.473805 -0.588187 -0.083097
v 1.468615 -0.583969 -0.075417
v 1.463424 -0.579687 -0.066597
v 1.458358 -0.575428 -0.056612
v 1.453561 -0.571300 -0.045501
v 1.449183 -0.567420 -0.033374
v 1.445363 -0.563900 -0.020425
v 1.442218 -0.560837 -0.006914
v 1.439814 -0.558300 0.006856
v 1.438175 -0.556322 0.020574
v 1.437270 -0.554898 0.033948
v 1.437031 -0.553994 0.046738
v 1.437367 -0.553549 0.058769
v 1.438169 -0.553495 0.069932
v 1.439334 -0.553757 0.080175
v 1.473823 -0.595608 -0.093877
v 1.468287 -0.591492 -0.087395
v 1.462628 -0.587210 -0.079775
v 1.456960 -0.582832 -0.070923
v 1.451429 -0.578451 -0.060795
v 1.446208 -0.574182 -0.049419
v 1.441477 -0.570151 -0.036909
v 1.437405 -0.566485 -0.023468
v 1.434127 -0.563293 -0.009389
v 1.431722 -0.560653 0.004988
v 1.430204 -0.558602 0.019307
v 1.429532 -0.557133 0.033241
v 1.429611 -0.556208 0.046523
v 1.430321 -0.555758 0.058963
v 1.431531 -0.555708 0.070449
v 1.433113 -0.555976 0.080936
v 1.468697 -0.599248 -0.097801
v 1.462699 -0.595137 -0.091468
v 1.456551 -0.590829 -0.083931
v 1.450383 -0.586393 -0.075078
v 1.444365 -0.581922 -0.064843
v 1.438699 -0.577537 -0.053234
v 1.433599 -0.573375 -0.040367
v 1.429267 -0.569576 -0.026458
v 1.425861 -0.566260 -0.011828
v 1.423469 -0.563513 0.003137
v 1.422102 -0.561379 0.018042
v 1.421694 -0.559850 0.032518
v 1.422127 -0.558883 0.046271
v 1.423244 -0.558404 0.059100
v 1.424892 -0.558330 0.070889
v 1.426919 -0.558577 0.081599
v 1.463588 -0.603182 -0.101376
v 1.457129 -0.599120 -0.095199
v 1.450487 -0.594832 -0.087767
v 1.443813 -0.590380 -0.078938
v 1.437297 -0.585861 -0.068625
v 1.431178 -0.581398 -0.056822
v 1.425705 -0.577135 -0.043636
v 1.421114 -0.573220 -0.029300
v 1.417589 -0.569788 -0.014160
v 1.415229 -0.566935 0.001357
v 1.414033 -0.564706 0.016809
v 1.413916 -0.563097 0.031790
v 1.414724 -0.562061 0.045981
v 1.416273 -0.561521 0.059164
v 1.418374 -0.561390 0.071226
v 1.420855 -0.561578 0.082137
v 1.458584 -0.607391 -0.104491
v 1.451676 -0.603423 -0.098471
v 1.444557 -0.599203 -0.091149
v 1.437389 -0.594790 -0.082362
v 1.430392 -0.590273 -0.072004
v 1.423833 -0.585777 -0.060048
v 1.417998 -0.581450 -0.046594
v 1.413162 -0.577448 -0.031886
v 1.409531 -0.573914 -0.016297
v 1.407216 -0.570953 -0.000291
v 1.406207 -0.568617 0.015646
v 1.406390 -0.566905 0.031074
v 1.407581 -0.565769 0.045649
v 1.409560 -0.565132 0.059142
v 1.412110 -0.564903 0.071442
v 1.415035 -0.564993 0.082524
v 1.453777 -0.611839 -0.107042
v 1.446454 -0.608012 -0.101163
v 1.438896 -0.603913 -0.093946
v 1.431275 -0.599592 -0.085213
v 1.423834 -0.595134 -0.074832
v 1.416872 -0.590658 -0.062765
v 1.410711 -0.586312 -0.049104
v 1.405656 -0.582258 -0.034099
v 1.401942 -0.578641 -0.018146
v 1.399682 -0.575575 -0.001740
v 1.398859 -0.573121 0.014594
v 1.399334 -0.571280 0.030388
v 1.400891 -0.570010 0.045276
v 1.403276 -0.569234 0.059023
v 1.406246 -0.568865 0.071515
v 1.409584 -0.568814 0.082734
v 1.449258 -0.616477 -0.108937
v 1.441582 -0.612836 -0.103168
v 1.433645 -0.608907 -0.096039
v 1.425638 -0.604733 -0.087355
v 1.417823 -0.600391 -0.076973
v 1.410523 -0.595991 -0.064838
v 1.404091 -0.591677 -0.051038
v 1.398862 -0.587607 -0.035827
v 1.395087 -0.583933 -0.019616
v 1.392888 -0.580770 -0.002925
v 1.392237 -0.578188 0.013696
v 1.392972 -0.576196 0.029753
v 1.394849 -0.574757 0.044868
v 1.397589 -0.573804 0.058798
v 1.400924 -0.573252 0.071429
v 1.404623 -0.573019 0.082751
v 1.445122 -0.621245 -0.110107
v 1.437161 -0.617825 -0.104408
v 1.428933 -0.614110 -0.097337
v 1.420633 -0.610134 -0.088690
v 1.412540 -0.605960 -0.078316
v 1.404995 -0.601691 -0.066156
v 1.398370 -0.597459 -0.052291
v 1.393023 -0.593415 -0.036977
v 1.389217 -0.589710 -0.020631
v 1.387078 -0.586462 -0.003789
v 1.386567 -0.583749 0.012985
v 1.387508 -0.581589 0.029187
v 1.389638 -0.579955 0.044428
v 1.392655 -0.578789 0.058462
v 1.396276 -0.578018 0.071176
v 1.400256 -0.577564 0.082561
v 1.441437 -0.626072 -0.110511
v 1.433289 -0.622901 -0.104832
v 1.424871 -0.619433 -0.097781
v 1.416392 -0.615692 -0.089155
v 1.408135 -0.611732 -0.078800
v 1.400454 -0.607639 -0.066654
v 1.393733 -0.603534 -0.052799
v 1.388335 -0.599557 -0.037490
v 1.384529 -0.595852 -0.021145
v 1.382440 -0.592538 -0.004297
v 1.382028 -0.589697 0.012489
v 1.383104 -0.587360 0.028706
v 1.385395 -0.585512 0.043965
v 1.388593 -0.584111 0.058019
v 1.392403 -0.583094 0.070753
v 1.396572 -0.582391 0.082159
v 1.438264 -0.630885 -0.110143
v 1.430026 -0.627978 -0.104436
v 1.421534 -0.624777 -0.097368
v 1.412998 -0.621297 -0.088742
v 1.404706 -0.617580 -0.078411
v 1.397008 -0.613700 -0.066319
v 1.390292 -0.609758 -0.052551
v 1.384913 -0.605884 -0.037353
v 1.381138 -0.602208 -0.021142
v 1.379088 -0.598850 -0.004434
v 1.378721 -0.595895 0.012219
v 1.379854 -0.593383 0.028320
v 1.382209 -0.591320 0.043488
v 1.385479 -0.589672 0.057475
v 1.389370 -0.588393 0.070168
v 1.393627 -0.587426 0.081552
v 1.435636 -0.635613 -0.109031
v 1.427410 -0.632973 -0.103251
v 1.418955 -0.630045 -0.096132
v 1.410485 -0.626836 -0.087492
v 1.402280 -0.623380 -0.077194
v 1.394684 -0.619731 -0.065196
v 1.388070 -0.615978 -0.051584
v 1.382777 -0.612233 -0.036604
v 1.379064 -0.608616 -0.020649
v 1.377040 -0.605239 -0.004216
v 1.376671 -0.602190 0.012169
v 1.377778 -0.599523 0.028034
v 1.380099 -0.597251 0.043006
v 1.383335 -0.595362 0.056847
v 1.387199 -0.593821 0.069437
v 1.391443 -0.592586 0.080756
v 1.433558 -0.640191 -0.107235
v 1.425439 -0.637808 -0.101348
v 1.417130 -0.635147 -0.094156
v 1.408835 -0.632208 -0.085493
v 1.400829 -0.629012 -0.075243
v 1.393438 -0.625602 -0.063377
v 1.387010 -0.622052 -0.049987
v 1.381864 -0.618456 -0.035311
v 1.378233 -0.614922 -0.019721
v 1.376228 -0.611553 -0.003680
v 1.375813 -0.608440 0.012324
v 1.376826 -0.605639 0.027843
v 1.379025 -0.603183 0.042530
v 1.382131 -0.601071 0.056148
v 1.385871 -0.599283 0.068579
v 1.390007 -0.597789 0.079793
v 1.432014 -0.644565 -0.104836
v 1.424088 -0.642422 -0.098821
v 1.416012 -0.640012 -0.091545
v 1.407987 -0.637328 -0.082864
v 1.400271 -0.634382 -0.072682
v 1.393166 -0.631207 -0.060986
v 1.386991 -0.627862 -0.047876
v 1.382034 -0.624426 -0.033577
v 1.378508 -0.620993 -0.018436
v 1.376514 -0.617660 -0.002876
v 1.376020 -0.614511 0.012654
v 1.376888 -0.611613 0.027744
v 1.378899 -0.609003 0.042067
v 1.381796 -0.606696 0.055401
v 1.385330 -0.604687 0.067620
v 1.389278 -0.602955 0.078691
v 1.430970 -0.648693 -0.101936
v 1.423304 -0.646768 -0.095785
v 1.415534 -0.644585 -0.088426
v 1.407848 -0.642134 -0.079738
v 1.400488 -0.639421 -0.069648
v 1.393726 -0.636468 -0.058159
v 1.387850 -0.633323 -0.045374
v 1.383113 -0.630051 -0.031509
v 1.379706 -0.626734 -0.016878
v 1.377719 -0.623458 -0.001865
v 1.377129 -0.620307 0.013126
v 1.377816 -0.617344 0.027723
v 1.379590 -0.614619 0.041625
v 1.382225 -0.612154 0.054621
v 1.385495 -0.609955 0.066588
v 1.389191 -0.608015 0.077482
v 1.430377 -0.652549 -0.098637
v 1.423023 -0.650816 -0.092355
v 1.415607 -0.648833 -0.084926
v 1.408309 -0.646590 -0.076252
v 1.401344 -0.644086 -0.066281
v 1.394960 -0.641339 -0.055031
v 1.389408 -0.638382 -0.042608
v 1.384910 -0.635274 -0.029214
v 1.381632 -0.632081 -0.015131
v 1.379651 -0.628882 -0.000706
v 1.378956 -0.625755 0.013706
v 1.379446 -0.622763 0.027769
v 1.380959 -0.619959 0.041210
v 1.383298 -0.617374 0.053829
v 1.386263 -0.615024 0.065508
v 1.389667 -0.612910 0.076194
v 1.430181 -0.656118 -0.095043
v 1.423171 -0.654550 -0.088643
v 1.416142 -0.652741 -0.081165
v 1.409255 -0.650679 -0.072530
v 1.402705 -0.648360 -0.062706
v 1.396714 -0.645798 -0.051723
v 1.391494 -0.643017 -0.039687
v 1.387241 -0.640065 -0.026785
v 1.384094 -0.637001 -0.013272
v 1.382125 -0.633895 0.000549
v 1.381326 -0.630815 0.014360
v 1.381616 -0.627825 0.027867
v 1.382860 -0.624979 0.040821
v 1.384892 -0.622314 0.053039
v 1.387533 -0.619850 0.064404
v 1.390617 -0.617598 0.074858
v 1.678322 -0.638681 -0.009660
v 1.672474 -0.636313 -0.018360
v 1.665317 -0.633662 -0.027622
v 1.656673 -0.630726 -0.037308
v 1.646414 -0.627526 -0.047202
v 1.634507 -0.624114 -0.057006
v 1.621047 -0.620562 -0.066360
v 1.606294 -0.616976 -0.074886
v 1.590648 -0.613473 -0.082248
v 1.574613 -0.610165 -0.088210
v 1.558709 -0.607142 -0.092671
v 1.543403 -0.604463 -0.095673
v 1.529044 -0.602150 -0.097364
v 1.515853 -0.600196 -0.097951
v 1.503927 -0.598575 -0.097669
v 1.493265 -0.597247 -0.096736
v 1.679091 -0.643422 -0.011544
v 1.673323 -0.641250 -0.020717
v 1.666180 -0.638770 -0.030540
v 1.657451 -0.635968 -0.040868
v 1.646977 -0.632851 -0.051462
v 1.634692 -0.629455 -0.061980
v 1.620691 -0.625852 -0.071998
v 1.605255 -0.622150 -0.081069
v 1.588841 -0.618474 -0.088793
v 1.572029 -0.614957 -0.094896
v 1.555419 -0.611705 -0.099281
v 1.539530 -0.608793 -0.102019
v 1.524746 -0.606255 -0.103312
v 1.511284 -0.604088 -0.103424
v 1.499225 -0.602269 -0.102637
v 1.488544 -0.600758 -0.101204
v 1.679398 -0.648379 -0.013345
v 1.673698 -0.646452 -0.022980
v 1.666564 -0.644197 -0.033359
v 1.657752 -0.641584 -0.044332
v 1.647065 -0.638603 -0.055636
v 1.634413 -0.635274 -0.066887
v 1.619877 -0.631657 -0.077588
v 1.603765 -0.627858 -0.087215
v 1.586594 -0.624014 -0.095293
v 1.569027 -0.620272 -0.101514
v 1.551745 -0.616764 -0.105784
v 1.535325 -0.613584 -0.108216
v 1.520175 -0.610780 -0.109068
v 1.506507 -0.608359 -0.108672
v 1.494378 -0.606302 -0.107357
v 1.483733 -0.604570 -0.105413
v 1.679155 -0.653509 -0.015020
v 1.673498 -0.651870 -0.025089
v 1.666354 -0.649891 -0.035999
v 1.657451 -0.647526 -0.047593
v 1.646555 -0.644742 -0.059592
v 1.633543 -0.641535 -0.071561
v 1.618494 -0.637949 -0.082938
v 1.601733 -0.634081 -0.093109
v 1.583845 -0.630077 -0.101525
v 1.565577 -0.626101 -0.107837
v 1.547687 -0.622311 -0.111960
v 1.530812 -0.618827 -0.114053
v 1.515375 -0.615716 -0.114446
v 1.501580 -0.612998 -0.113531
v 1.489449 -0.610661 -0.111692
v 1.478895 -0.608670 -0.109249
v 1.678288 -0.658751 -0.016518
v 1.672631 -0.657439 -0.026978
v 1.665446 -0.655783 -0.038366
v 1.656430 -0.653719 -0.050529
v 1.645317 -0.651187 -0.063168
v 1.631964 -0.648160 -0.075805
v 1.616432 -0.644655 -0.087812
v 1.599079 -0.640755 -0.098485
v 1.580547 -0.636606 -0.107206
v 1.561667 -0.632393 -0.113582
v 1.543273 -0.628302 -0.117538
v 1.526046 -0.624482 -0.119290
v 1.510420 -0.621027 -0.119232
v 1.496579 -0.617973 -0.117825
v 1.484515 -0.615319 -0.115494
v 1.474107 -0.613034 -0.112594
v 1.676733 -0.664032 -0.017798
v 1.671021 -0.663074 -0.028583
v 1.663746 -0.661776 -0.040369
v 1.654586 -0.660053 -0.053009
v 1.643247 -0.657825 -0.066192
v 1.629568 -0.655030 -0.079401
v 1.613607 -0.651655 -0.091947
v 1.595744 -0.647763 -0.103051
v 1.576682 -0.643494 -0.112020
v 1.557319 -0.639052 -0.118433
v 1.538555 -0.634652 -0.122226
v 1.521104 -0.630477 -0.123665
v 1.505400 -0.626650 -0.123208
v 1.491603 -0.623232 -0.121370
v 1.479672 -0.620231 -0.118618
v 1.469455 -0.617623 -0.115331
v 1.674449 -0.669272 -0.018817
v 1.668618 -0.668677 -0.029838
v 1.661199 -0.667753 -0.041920
v 1.651851 -0.666398 -0.054915
v 1.640274 -0.664505 -0.068498
v 1.626291 -0.661979 -0.082134
v 1.609971 -0.658777 -0.095080
v 1.591716 -0.654933 -0.106500
v 1.572274 -0.650580 -0.115649
v 1.552595 -0.645930 -0.122078
v 1.533627 -0.641231 -0.125736
v 1.516096 -0.636700 -0.126929
v 1.500429 -0.632493 -0.126164
v 1.486759 -0.628695 -0.124000
v 1.475020 -0.625330 -0.120934
v 1.465026 -0.622382 -0.117358
v 1.671429 -0.674380 -0.019540
v 1.665412 -0.674142 -0.030699
v 1.657784 -0.673588 -0.042948
v 1.648209 -0.672601 -0.056143
v 1.636381 -0.671051 -0.069954
v 1.622132 -0.668816 -0.083827
v 1.605543 -0.665814 -0.096995
v 1.587037 -0.662056 -0.108587
v 1.567395 -0.657658 -0.117829
v 1.547598 -0.652841 -0.124261
v 1.528606 -0.647874 -0.127835
v 1.511148 -0.643011 -0.128881
v 1.495629 -0.638438 -0.127938
v 1.482162 -0.634265 -0.125586
v 1.470655 -0.630536 -0.122340
v 1.460908 -0.627244 -0.118599
v 1.667699 -0.679274 -0.019949
v 1.661429 -0.679366 -0.031135
v 1.653539 -0.679156 -0.043414
v 1.643701 -0.678512 -0.056637
v 1.631626 -0.677290 -0.070476
v 1.617160 -0.675339 -0.084373
v 1.600406 -0.672550 -0.097558
v 1.581814 -0.668905 -0.109161
v 1.562171 -0.664507 -0.118404
v 1.542461 -0.659575 -0.124824
v 1.523631 -0.654397 -0.128382
v 1.506388 -0.649249 -0.129405
v 1.491119 -0.644349 -0.128434
v 1.477915 -0.639832 -0.126053
v 1.466670 -0.635759 -0.122777
v 1.457176 -0.632138 -0.119008
v 1.663312 -0.683877 -0.020035
v 1.656740 -0.684256 -0.031139
v 1.648550 -0.684343 -0.043306
v 1.638431 -0.683998 -0.056385
v 1.626124 -0.683062 -0.070051
v 1.611508 -0.681367 -0.083756
v 1.594714 -0.678785 -0.096755
v 1.576205 -0.675273 -0.108204
v 1.556760 -0.670919 -0.117353
v 1.537336 -0.665937 -0.123754
v 1.518839 -0.660618 -0.127361
v 1.501941 -0.655257 -0.128484
v 1.487002 -0.650093 -0.127638
v 1.474104 -0.645283 -0.125389
v 1.463136 -0.640906 -0.122238
v 1.453885 -0.636985 -0.118580
v 1.658361 -0.688126 -0.019809
v 1.651453 -0.688738 -0.030725
v 1.642942 -0.689062 -0.042648
v 1.632548 -0.688955 -0.055425
v 1.620050 -0.688249 -0.068736
v 1.605367 -0.686767 -0.082057
v 1.588660 -0.684369 -0.094685
v 1.570398 -0.680999 -0.105834
v 1.551334 -0.676731 -0.114804
v 1.532367 -0.671765 -0.121174
v 1.514347 -0.666388 -0.124885
v 1.497897 -0.660898 -0.126213
v 1.483353 -0.655550 -0.125627
v 1.470786 -0.650515 -0.123655
v 1.460094 -0.645891 -0.120766
v 1.451075 -0.641713 -0.117347
v 1.652953 -0.691978 -0.019291
v 1.645698 -0.692761 -0.029928
v 1.636873 -0.693257 -0.041495
v 1.626234 -0.693320 -0.053838
v 1.613604 -0.692780 -0.066645
v 1.598945 -0.691460 -0.079428
v 1.582449 -0.689218 -0.091541
v 1.564581 -0.685991 -0.102274
v 1.546048 -0.681841 -0.110995
v 1.527678 -0.676954 -0.117315
v 1.510244 -0.671600 -0.121165
v 1.494320 -0.666072 -0.122773
v 1.480211 -0.660625 -0.122548
v 1.467991 -0.655444 -0.120961
v 1.457569 -0.650638 -0.118450
v 1.448759 -0.646257 -0.115374
v 1.647207 -0.695409 -0.018515
v 1.639618 -0.696302 -0.028798
v 1.630507 -0.696905 -0.039926
v 1.619674 -0.697070 -0.051733
v 1.606985 -0.696634 -0.063930
v 1.592448 -0.695427 -0.076069
v 1.576276 -0.693310 -0.087570
v 1.558917 -0.690223 -0.097807
v 1.541028 -0.686216 -0.106226
v 1.523351 -0.681458 -0.112473
v 1.506580 -0.676201 -0.116472
v 1.491229 -0.670716 -0.118397
v 1.477581 -0.665256 -0.118593
v 1.465714 -0.660006 -0.117466
v 1.455552 -0.655089 -0.115409
v 1.446930 -0.650566 -0.112754
v 1.641244 -0.698416 -0.017521
v 1.633352 -0.699362 -0.027397
v 1.624004 -0.700011 -0.038020
v 1.613039 -0.700222 -0.049230
v 1.600372 -0.699836 -0.060755
v 1.586049 -0.698696 -0.072189
v 1.570292 -0.696677 -0.083027
v 1.553533 -0.693722 -0.092726
v 1.536360 -0.689877 -0.100806
v 1.519435 -0.685289 -0.106958
v 1.503368 -0.680184 -0.111093
v 1.488617 -0.674813 -0.113340
v 1.475444 -0.669413 -0.113976
v 1.463928 -0.664169 -0.113342
v 1.454014 -0.659208 -0.111783
v 1.445560 -0.654601 -0.109598
v 1.635179 -0.701009 -0.016350
v 1.627029 -0.701960 -0.025784
v 1.617504 -0.702606 -0.035870
v 1.606480 -0.702813 -0.046451
v 1.593913 -0.702436 -0.057276
v 1.579880 -0.701330 -0.067988
v 1.564611 -0.699387 -0.078147
v 1.548505 -0.696558 -0.087294
v 1.532089 -0.692882 -0.095017
v 1.515941 -0.688490 -0.101049
v 1.500593 -0.683578 -0.105296
v 1.486451 -0.678375 -0.107842
v 1.473755 -0.673095 -0.108904
v 1.462587 -0.667920 -0.108765
v 1.452911 -0.662975 -0.107715
v 1.444612 -0.658340 -0.106019
v 1.629113 -0.703212 -0.015044
v 1.620759 -0.704130 -0.024020
v 1.611120 -0.704735 -0.033556
v 1.600108 -0.704904 -0.043504
v 1.587713 -0.704503 -0.053633
v 1.574034 -0.703410 -0.063633
v 1.559301 -0.701527 -0.073127
v 1.543876 -0.698816 -0.081730
v 1.528228 -0.695312 -0.089093
v 1.512857 -0.691128 -0.094982
v 1.498224 -0.686435 -0.099305
v 1.484683 -0.681434 -0.102113
v 1.472459 -0.676322 -0.103567
v 1.461635 -0.671265 -0.103895
v 1.452191 -0.666387 -0.103339
v 1.444036 -0.661772 -0.102130
v 0.326634 -0.404871 -0.088580
v 1.434239 -0.726624 0.220566
v 1.441104 -0.725150 0.217533
v 1.412044 -0.749539 -0.090160
v 1.496432 -0.561297 0.201029
v 0.316111 -0.402557 -0.084340
v 1.388202 -0.600934 -0.230561
v 1.349718 -0.743827 -0.220671
v 0.523390 -0.378199 -0.163009
v 0.520743 -0.434971 -0.150765
v 0.327329 -0.374241 -0.187210
v 0.324660 -0.431011 -0.174970
v 0.521053 -0.344941 -0.009404
v 0.518405 -0.401706 0.002856
v 0.325001 -0.340982 -0.033606
v 0.322331 -0.397746 -0.021348
v 0.334703 -0.373805 -0.190422
v 0.343187 -0.373386 -0.193532
v 0.352881 -0.373003 -0.196415
v 0.363841 -0.372678 -0.198912
v 0.376054 -0.372437 -0.200845
v 0.389414 -0.372305 -0.202023
v 0.403703 -0.372307 -0.202279
v 0.418589 -0.372458 -0.201496
v 0.433662 -0.372762 -0.199636
v 0.448485 -0.373211 -0.196751
v 0.462651 -0.373784 -0.192983
v 0.475842 -0.374451 -0.188527
v 0.487850 -0.375182 -0.183605
v 0.498580 -0.375945 -0.178430
v 0.508027 -0.376715 -0.173184
v 0.516263 -0.377471 -0.168010
v 0.526132 -0.381353 -0.164313
v 0.528721 -0.384704 -0.165476
v 0.531093 -0.388237 -0.166455
v 0.533179 -0.391929 -0.167209
v 0.534913 -0.395748 -0.167699
v 0.536234 -0.399653 -0.167888
v 0.537085 -0.403596 -0.167749
v 0.537430 -0.407521 -0.167265
v 0.537251 -0.411374 -0.166433
v 0.536549 -0.415104 -0.165267
v 0.535349 -0.418661 -0.163789
v 0.533691 -0.422008 -0.162036
v 0.531632 -0.425117 -0.160052
v 0.529241 -0.427970 -0.157885
v 0.526584 -0.430561 -0.155586
v 0.523730 -0.432891 -0.153198
v 0.513484 -0.437053 -0.155160
v 0.505117 -0.439133 -0.159723
v 0.495537 -0.441146 -0.164370
v 0.484684 -0.443010 -0.168980
v 0.472565 -0.444627 -0.173397
v 0.459282 -0.445889 -0.177439
v 0.445049 -0.446694 -0.180912
v 0.430190 -0.446965 -0.183642
v 0.415112 -0.446660 -0.185502
v 0.400258 -0.445789 -0.186441
v 0.386032 -0.444409 -0.186481
v 0.372760 -0.442612 -0.185718
v 0.360653 -0.440506 -0.184291
v 0.349816 -0.438203 -0.182357
v 0.340253 -0.435804 -0.180074
v 0.331902 -0.433386 -0.177575
v 0.321985 -0.428817 -0.178101
v 0.319461 -0.426378 -0.181153
v 0.317150 -0.423687 -0.184066
v 0.315118 -0.420745 -0.186779
v 0.313429 -0.417560 -0.189225
v 0.312146 -0.414154 -0.191341
v 0.311320 -0.410556 -0.193069
v 0.310990 -0.406805 -0.194364
v 0.311170 -0.402952 -0.195194
v 0.311863 -0.399048 -0.195551
v 0.313041 -0.395146 -0.195439
v 0.314665 -0.391301 -0.194886
v 0.316680 -0.387557 -0.193935
v 0.319019 -0.383954 -0.192633
v 0.321619 -0.380522 -0.191040
v 0.324409 -0.377279 -0.189214
v 0.321310 -0.341174 -0.040702
v 0.317711 -0.341556 -0.048537
v 0.314305 -0.342163 -0.057124
v 0.311207 -0.343034 -0.066441
v 0.308546 -0.344200 -0.076419
v 0.306451 -0.345681 -0.086946
v 0.305037 -0.347485 -0.097861
v 0.304391 -0.349601 -0.108963
v 0.304558 -0.351996 -0.120025
v 0.305535 -0.354622 -0.130821
v 0.307272 -0.357416 -0.141143
v 0.309673 -0.360309 -0.150823
v 0.312620 -0.363236 -0.159745
v 0.315982 -0.366136 -0.167845
v 0.319629 -0.368959 -0.175104
v 0.323445 -0.371670 -0.181544
v 0.320670 -0.430664 -0.168822
v 0.316750 -0.430130 -0.161912
v 0.313005 -0.429377 -0.154206
v 0.309552 -0.428373 -0.145698
v 0.306527 -0.427092 -0.136419
v 0.304064 -0.425518 -0.126453
v 0.302283 -0.423648 -0.115929
v 0.301283 -0.421499 -0.105029
v 0.301115 -0.419103 -0.093964
v 0.301783 -0.416510 -0.082964
v 0.303242 -0.413780 -0.072246
v 0.305401 -0.410978 -0.062004
v 0.308139 -0.408166 -0.052379
v 0.311328 -0.405399 -0.043471
v 0.314833 -0.402720 -0.035330
v 0.318535 -0.400162 -0.027963
v 0.319590 -0.394592 -0.020045
v 0.317003 -0.391241 -0.018883
v 0.314633 -0.387708 -0.017904
v 0.312548 -0.384015 -0.017151
v 0.310814 -0.380194 -0.016662
v 0.309497 -0.376290 -0.016474
v 0.308648 -0.372348 -0.016615
v 0.308304 -0.368423 -0.017100
v 0.308485 -0.364570 -0.017932
v 0.309189 -0.360842 -0.019101
v 0.310391 -0.357285 -0.020578
v 0.312051 -0.353939 -0.022332
v 0.314110 -0.350831 -0.024317
v 0.316503 -0.347980 -0.026485
v 0.319159 -0.345390 -0.028785
v 0.322014 -0.343061 -0.031174
v 0.513810 -0.342566 -0.006801
v 0.505459 -0.340149 -0.004303
v 0.495895 -0.337749 -0.002020
v 0.485059 -0.335448 -0.000090
v 0.472956 -0.333343 0.001336
v 0.459686 -0.331547 0.002098
v 0.445464 -0.330167 0.002056
v 0.430613 -0.329297 0.001117
v 0.415541 -0.328992 -0.000742
v 0.400685 -0.329262 -0.003472
v 0.386455 -0.330068 -0.006943
v 0.373174 -0.331328 -0.010982
v 0.361057 -0.332944 -0.015398
v 0.350207 -0.334808 -0.020006
v 0.340628 -0.336821 -0.024650
v 0.332260 -0.338900 -0.029212
v 0.329457 -0.398474 -0.016346
v 0.337693 -0.399229 -0.011171
v 0.347142 -0.399999 -0.005924
v 0.357872 -0.400761 -0.000747
v 0.369879 -0.401491 0.004177
v 0.383072 -0.402159 0.008634
v 0.397240 -0.402731 0.012404
v 0.412064 -0.403179 0.015288
v 0.427140 -0.403484 0.017150
v 0.442026 -0.403635 0.017932
v 0.456317 -0.403638 0.017675
v 0.469678 -0.403506 0.016496
v 0.481892 -0.403266 0.014563
v 0.492853 -0.402941 0.012063
v 0.502547 -0.402558 0.009179
v 0.511031 -0.402141 0.006068
v 0.521324 -0.398666 0.004859
v 0.524114 -0.395423 0.006684
v 0.526711 -0.391990 0.008276
v 0.529050 -0.388386 0.009576
v 0.531063 -0.384642 0.010527
v 0.532685 -0.380796 0.011077
v 0.533862 -0.376895 0.011186
v 0.534551 -0.372991 0.010829
v 0.534731 -0.369138 0.009996
v 0.534398 -0.365389 0.008701
v 0.533570 -0.361792 0.006971
v 0.532287 -0.358387 0.004853
v 0.530597 -0.355203 0.002407
v 0.528564 -0.352262 -0.000307
v 0.526252 -0.349572 -0.003222
v 0.523727 -0.347134 -0.006273
v 0.527185 -0.375784 -0.156393
v 0.530886 -0.373225 -0.149026
v 0.534389 -0.370547 -0.140885
v 0.537575 -0.367779 -0.131977
v 0.540313 -0.364967 -0.122353
v 0.542469 -0.362165 -0.112109
v 0.543925 -0.359436 -0.101393
v 0.544592 -0.356844 -0.090395
v 0.544424 -0.354448 -0.079333
v 0.543423 -0.352299 -0.068434
v 0.541643 -0.350431 -0.057913
v 0.539180 -0.348857 -0.047948
v 0.536155 -0.347577 -0.038672
v 0.532703 -0.346573 -0.030164
v 0.528959 -0.345821 -0.022460
v 0.525041 -0.345288 -0.015552
v 0.522291 -0.404276 -0.002810
v 0.526108 -0.406986 -0.009249
v 0.529757 -0.409809 -0.016507
v 0.533121 -0.412709 -0.024606
v 0.536070 -0.415636 -0.033528
v 0.538473 -0.418530 -0.043210
v 0.540211 -0.421325 -0.053532
v 0.541190 -0.423951 -0.064329
v 0.541358 -0.426347 -0.075394
v 0.540713 -0.428464 -0.086497
v 0.539299 -0.430268 -0.097415
v 0.537203 -0.431750 -0.107944
v 0.534542 -0.432916 -0.117925
v 0.531444 -0.433788 -0.127242
v 0.528035 -0.434396 -0.135831
v 0.524435 -0.434778 -0.143668
v 0.325552 -0.401072 -0.022948
v 0.333766 -0.402024 -0.017696
v 0.343319 -0.402997 -0.012303
v 0.354315 -0.403967 -0.006915
v 0.366784 -0.404895 -0.001726
v 0.380647 -0.405736 0.003018
v 0.395677 -0.406445 0.007062
v 0.411501 -0.406979 0.010165
v 0.427630 -0.407304 0.012155
v 0.443527 -0.407412 0.012969
v 0.458697 -0.407312 0.012654
v 0.472752 -0.407034 0.011355
v 0.485454 -0.406615 0.009273
v 0.496706 -0.406095 0.006631
v 0.506527 -0.405512 0.003629
v 0.515011 -0.404898 0.000438
v 0.321696 -0.403843 -0.030397
v 0.329836 -0.405027 -0.025163
v 0.339438 -0.406249 -0.019714
v 0.350655 -0.407473 -0.014192
v 0.363559 -0.408649 -0.008800
v 0.378094 -0.409714 -0.003805
v 0.394023 -0.410598 0.000493
v 0.410911 -0.411236 0.003810
v 0.428169 -0.411585 0.005940
v 0.445141 -0.411630 0.006803
v 0.461229 -0.411393 0.006456
v 0.475982 -0.410919 0.005078
v 0.489145 -0.410270 0.002905
v 0.500643 -0.409504 0.000185
v 0.510538 -0.408676 -0.002857
v 0.518966 -0.407826 -0.006046
v 0.317999 -0.406765 -0.038737
v 0.326017 -0.408218 -0.033645
v 0.335613 -0.409732 -0.028266
v 0.346995 -0.411263 -0.022728
v 0.360288 -0.412744 -0.017236
v 0.375476 -0.414086 -0.012071
v 0.392315 -0.415189 -0.007567
v 0.410310 -0.415960 -0.004055
v 0.428752 -0.416332 -0.001778
v 0.446843 -0.416291 -0.000837
v 0.463863 -0.415871 -0.001160
v 0.479296 -0.415147 -0.002545
v 0.492876 -0.414209 -0.004719
v 0.504564 -0.413143 -0.007410
v 0.514472 -0.412023 -0.010382
v 0.522795 -0.410900 -0.013456
v 0.314595 -0.409800 -0.047977
v 0.322452 -0.411554 -0.043179
v 0.331990 -0.413402 -0.038031
v 0.343475 -0.415290 -0.032643
v 0.357099 -0.417131 -0.027205
v 0.372893 -0.418808 -0.021999
v 0.390623 -0.420179 -0.017381
v 0.409730 -0.421108 -0.013719
v 0.429368 -0.421505 -0.011294
v 0.448582 -0.421349 -0.010227
v 0.466512 -0.420698 -0.010443
v 0.482577 -0.419666 -0.011715
v 0.496512 -0.418381 -0.013751
v 0.508326 -0.416963 -0.016264
v 0.518192 -0.415507 -0.019016
v 0.526367 -0.414076 -0.021835
v 0.311636 -0.412896 -0.058079
v 0.319314 -0.414974 -0.053743
v 0.328756 -0.417185 -0.049020
v 0.340287 -0.419467 -0.043986
v 0.354171 -0.421715 -0.038807
v 0.370498 -0.423774 -0.033746
v 0.389051 -0.425454 -0.029157
v 0.409209 -0.426569 -0.025423
v 0.429994 -0.426988 -0.022856
v 0.450273 -0.426691 -0.021600
v 0.469044 -0.425763 -0.021582
v 0.485661 -0.424370 -0.022576
v 0.499876 -0.422690 -0.024287
v 0.511751 -0.420880 -0.026430
v 0.521533 -0.419057 -0.028781
v 0.529534 -0.417296 -0.031181
v 0.309280 -0.415983 -0.068943
v 0.316787 -0.418390 -0.065242
v 0.326120 -0.420974 -0.061144
v 0.337656 -0.423665 -0.056695
v 0.351728 -0.426340 -0.052019
v 0.368483 -0.428806 -0.047333
v 0.387732 -0.430819 -0.042959
v 0.408809 -0.432131 -0.039267
v 0.430599 -0.432571 -0.036578
v 0.451801 -0.432112 -0.035050
v 0.471282 -0.430883 -0.034642
v 0.488341 -0.429099 -0.035154
v 0.502752 -0.426999 -0.036316
v 0.514639 -0.424781 -0.037873
v 0.524311 -0.422581 -0.039625
v 0.532139 -0.420483 -0.041433
v 0.307675 -0.418983 -0.080401
v 0.315049 -0.421701 -0.077486
v 0.324288 -0.424638 -0.074200
v 0.335813 -0.427718 -0.070555
v 0.350003 -0.430801 -0.066623
v 0.367062 -0.433657 -0.062557
v 0.386825 -0.435990 -0.058609
v 0.408589 -0.437490 -0.055094
v 0.431137 -0.437945 -0.052311
v 0.453027 -0.437327 -0.050436
v 0.473023 -0.435797 -0.049476
v 0.490386 -0.433636 -0.049294
v 0.504913 -0.431133 -0.049682
v 0.516780 -0.428525 -0.050438
v 0.526351 -0.425967 -0.051402
v 0.534036 -0.423554 -0.052459
v 0.306932 -0.421812 -0.092225
v 0.314240 -0.424798 -0.090202
v 0.323432 -0.428035 -0.087863
v 0.334951 -0.431442 -0.085189
v 0.349204 -0.434863 -0.082193
v 0.366427 -0.438041 -0.078951
v 0.386466 -0.440633 -0.075614
v 0.408602 -0.442284 -0.072407
v 0.431560 -0.442748 -0.069573
v 0.453819 -0.441993 -0.067301
v 0.474082 -0.440214 -0.065662
v 0.491593 -0.437739 -0.064617
v 0.506165 -0.434901 -0.064054
v 0.518006 -0.431964 -0.063845
v 0.527512 -0.429105 -0.063875
v 0.535108 -0.426419 -0.064057
v 0.307113 -0.424393 -0.104142
v 0.314434 -0.427581 -0.103055
v 0.323643 -0.431036 -0.101722
v 0.335176 -0.434671 -0.100093
v 0.349445 -0.438314 -0.098131
v 0.366682 -0.441693 -0.095820
v 0.386732 -0.444442 -0.093204
v 0.408875 -0.446179 -0.090393
v 0.431833 -0.446643 -0.087559
v 0.454087 -0.445803 -0.084890
v 0.474339 -0.443868 -0.082530
v 0.491835 -0.441189 -0.080553
v 0.506392 -0.438128 -0.078958
v 0.518219 -0.434965 -0.077703
v 0.527706 -0.431888 -0.076729
v 0.535290 -0.429000 -0.075975
v 0.308212 -0.426664 -0.115871
v 0.315628 -0.429974 -0.115691
v 0.324912 -0.433544 -0.115330
v 0.336482 -0.437281 -0.114716
v 0.350717 -0.441008 -0.113760
v 0.367817 -0.444444 -0.112366
v 0.387611 -0.447222 -0.110477
v 0.409392 -0.448968 -0.108092
v 0.431941 -0.449423 -0.105307
v 0.453816 -0.448560 -0.102305
v 0.473781 -0.446585 -0.099287
v 0.491103 -0.443843 -0.096430
v 0.505585 -0.440696 -0.093842
v 0.517407 -0.437432 -0.091568
v 0.526934 -0.434241 -0.089605
v 0.534576 -0.431235 -0.087927
v 0.310160 -0.428586 -0.127145
v 0.317733 -0.431932 -0.127778
v 0.327136 -0.435512 -0.128280
v 0.338744 -0.439227 -0.128555
v 0.352885 -0.442896 -0.128472
v 0.369703 -0.446248 -0.127874
v 0.389001 -0.448937 -0.126620
v 0.410104 -0.450617 -0.124631
v 0.431896 -0.451057 -0.121941
v 0.453074 -0.450231 -0.118711
v 0.472508 -0.448324 -0.115183
v 0.489505 -0.445655 -0.111606
v 0.503845 -0.442561 -0.108175
v 0.515660 -0.439319 -0.105009
v 0.525264 -0.436122 -0.102159
v 0.533025 -0.433087 -0.099634
v 0.312841 -0.430147 -0.137748
v 0.320605 -0.433447 -0.139055
v 0.330138 -0.436942 -0.140257
v 0.341760 -0.440527 -0.141237
v 0.355732 -0.444024 -0.141829
v 0.372137 -0.447182 -0.141841
v 0.390748 -0.449692 -0.141080
v 0.410940 -0.451255 -0.139420
v 0.431726 -0.451675 -0.136855
v 0.451974 -0.450929 -0.133523
v 0.470689 -0.449172 -0.129674
v 0.487230 -0.446680 -0.125597
v 0.501357 -0.443750 -0.121535
v 0.513142 -0.440638 -0.117668
v 0.522833 -0.437531 -0.114092
v 0.530748 -0.434547 -0.110850
v 0.316102 -0.431357 -0.147528
v 0.324061 -0.434546 -0.149351
v 0.333703 -0.437880 -0.151069
v 0.345291 -0.441255 -0.152546
v 0.359015 -0.444503 -0.153603
v 0.374896 -0.447399 -0.154028
v 0.392690 -0.449679 -0.153611
v 0.411831 -0.451098 -0.152204
v 0.431472 -0.451495 -0.149779
v 0.450653 -0.450850 -0.146457
v 0.468520 -0.449289 -0.142471
v 0.484500 -0.447037 -0.138114
v 0.498338 -0.444345 -0.133654
v 0.510046 -0.441441 -0.129301
v 0.519809 -0.438498 -0.125187
v 0.527884 -0.435633 -0.121387
v 0.319781 -0.432244 -0.156404
v 0.327910 -0.435272 -0.158582
v 0.337620 -0.438396 -0.160637
v 0.349111 -0.441513 -0.162425
v 0.362509 -0.444473 -0.163758
v 0.377786 -0.447078 -0.164424
v 0.394691 -0.449113 -0.164218
v 0.412724 -0.450378 -0.162994
v 0.431167 -0.450751 -0.160718
v 0.449225 -0.450214 -0.157485
v 0.466180 -0.448863 -0.153512
v 0.481524 -0.446876 -0.149067
v 0.495002 -0.444461 -0.144416
v 0.506579 -0.441809 -0.139780
v 0.516374 -0.439078 -0.135317
v 0.524587 -0.436380 -0.131122
v 0.323726 -0.432849 -0.164347
v 0.331982 -0.435684 -0.166740
v 0.341702 -0.438571 -0.168981
v 0.353031 -0.441412 -0.170922
v 0.366040 -0.444072 -0.172381
v 0.380663 -0.446387 -0.173159
v 0.396656 -0.448182 -0.173066
v 0.413579 -0.449302 -0.171972
v 0.430840 -0.449650 -0.169841
v 0.447779 -0.449215 -0.166755
v 0.463803 -0.448066 -0.162896
v 0.478471 -0.446342 -0.158503
v 0.491530 -0.444209 -0.153826
v 0.502915 -0.441826 -0.149080
v 0.512692 -0.439334 -0.144434
v 0.521006 -0.436833 -0.139996
v 0.327802 -0.433215 -0.171386
v 0.336133 -0.435843 -0.173877
v 0.345803 -0.438484 -0.176183
v 0.356910 -0.441048 -0.178160
v 0.369481 -0.443420 -0.179638
v 0.383430 -0.445463 -0.180437
v 0.398522 -0.447039 -0.180392
v 0.414379 -0.448025 -0.179387
v 0.430509 -0.448351 -0.177397
v 0.446376 -0.448005 -0.174484
v 0.461485 -0.447040 -0.170801
v 0.475457 -0.445561 -0.166557
v 0.488059 -0.443697 -0.161971
v 0.499200 -0.441582 -0.157248
v 0.508903 -0.439332 -0.152550
v 0.517269 -0.437041 -0.147998
v 0.330726 -0.371047 -0.184792
v 0.339209 -0.370432 -0.187980
v 0.349029 -0.369850 -0.190980
v 0.360281 -0.369328 -0.193621
v 0.372982 -0.368908 -0.195700
v 0.387036 -0.368629 -0.196998
v 0.402202 -0.368530 -0.197313
v 0.418098 -0.368637 -0.196498
v 0.434224 -0.368963 -0.194508
v 0.450047 -0.369496 -0.191407
v 0.465076 -0.370205 -0.187366
v 0.478937 -0.371048 -0.182621
v 0.491405 -0.371976 -0.177434
v 0.502401 -0.372945 -0.172048
v 0.511954 -0.373920 -0.166656
v 0.520168 -0.374872 -0.161407
v 0.326772 -0.368118 -0.178306
v 0.335200 -0.367268 -0.181491
v 0.345094 -0.366439 -0.184533
v 0.356592 -0.365674 -0.187250
v 0.369753 -0.365023 -0.189422
v 0.384505 -0.364549 -0.190799
v 0.400589 -0.364311 -0.191143
v 0.417560 -0.364357 -0.190281
v 0.434815 -0.364705 -0.188151
v 0.451701 -0.365344 -0.184835
v 0.467627 -0.366227 -0.180538
v 0.482160 -0.367293 -0.175545
v 0.495063 -0.368469 -0.170156
v 0.506278 -0.369694 -0.164635
v 0.515881 -0.370916 -0.159189
v 0.524022 -0.372101 -0.153957
v 0.322944 -0.365045 -0.170895
v 0.331268 -0.363921 -0.173966
v 0.341176 -0.362800 -0.176936
v 0.352864 -0.361734 -0.179624
v 0.366442 -0.360795 -0.181796
v 0.381872 -0.360071 -0.183178
v 0.398889 -0.359651 -0.183501
v 0.416976 -0.359609 -0.182559
v 0.435415 -0.359982 -0.180284
v 0.453406 -0.360751 -0.176772
v 0.470243 -0.361856 -0.172270
v 0.485429 -0.363198 -0.167108
v 0.498722 -0.364679 -0.161619
v 0.510102 -0.366211 -0.156084
v 0.519699 -0.367725 -0.150707
v 0.527718 -0.369180 -0.145617
v 0.319374 -0.361869 -0.162515
v 0.327550 -0.360438 -0.165332
v 0.337417 -0.358981 -0.168081
v 0.349230 -0.357564 -0.170590
v 0.363163 -0.356278 -0.172624
v 0.379225 -0.355245 -0.173895
v 0.397152 -0.354594 -0.174109
v 0.416360 -0.354437 -0.173041
v 0.435995 -0.354834 -0.170617
v 0.455096 -0.355764 -0.166956
v 0.472822 -0.357135 -0.162341
v 0.488614 -0.358811 -0.157138
v 0.502238 -0.360652 -0.151703
v 0.513722 -0.362541 -0.146318
v 0.523261 -0.364390 -0.141173
v 0.531120 -0.366144 -0.136376
v 0.316209 -0.358651 -0.153169
v 0.324212 -0.356888 -0.155566
v 0.333994 -0.355065 -0.157914
v 0.345868 -0.353254 -0.160055
v 0.360082 -0.351575 -0.161762
v 0.376696 -0.350181 -0.162754
v 0.395463 -0.349254 -0.162734
v 0.415735 -0.348957 -0.161477
v 0.436514 -0.349376 -0.158911
v 0.456667 -0.350490 -0.155179
v 0.475214 -0.352170 -0.150593
v 0.491539 -0.354229 -0.145535
v 0.505422 -0.356476 -0.140360
v 0.516954 -0.358759 -0.135330
v 0.526397 -0.360970 -0.130608
v 0.534077 -0.363049 -0.126275
v 0.313606 -0.355463 -0.142917
v 0.321436 -0.353366 -0.144724
v 0.331110 -0.351166 -0.146473
v 0.342997 -0.348947 -0.148027
v 0.357405 -0.346847 -0.149185
v 0.374461 -0.345065 -0.149693
v 0.393936 -0.343834 -0.149285
v 0.415131 -0.343376 -0.147757
v 0.436914 -0.343815 -0.145068
v 0.457983 -0.345127 -0.141378
v 0.477228 -0.347140 -0.137008
v 0.493980 -0.349605 -0.132326
v 0.508050 -0.352280 -0.127652
v 0.519587 -0.354971 -0.123207
v 0.528920 -0.357555 -0.119111
v 0.536429 -0.359963 -0.115413
v 0.311712 -0.352393 -0.131893
v 0.319398 -0.349979 -0.132947
v 0.328970 -0.347422 -0.133908
v 0.340838 -0.344814 -0.134662
v 0.355364 -0.342313 -0.135048
v 0.372722 -0.340152 -0.134863
v 0.392711 -0.338624 -0.133901
v 0.414594 -0.338005 -0.132027
v 0.437132 -0.338460 -0.129244
v 0.458888 -0.339960 -0.125732
v 0.478646 -0.342291 -0.121787
v 0.495702 -0.345146 -0.117725
v 0.509890 -0.348228 -0.113795
v 0.521415 -0.351308 -0.110153
v 0.530656 -0.354245 -0.106868
v 0.538032 -0.356963 -0.103956
v 0.310642 -0.349528 -0.120295
v 0.318240 -0.346843 -0.120475
v 0.327745 -0.343984 -0.120504
v 0.339588 -0.341049 -0.120293
v 0.354159 -0.338212 -0.119729
v 0.371666 -0.335738 -0.118682
v 0.391921 -0.333960 -0.117043
v 0.414171 -0.333206 -0.114770
v 0.437119 -0.333669 -0.111937
v 0.459246 -0.335320 -0.108732
v 0.479279 -0.337910 -0.105397
v 0.496499 -0.341086 -0.102158
v 0.510750 -0.344505 -0.099164
v 0.522269 -0.347913 -0.096492
v 0.531464 -0.351149 -0.094155
v 0.538773 -0.354134 -0.092134
v 0.310462 -0.346948 -0.108379
v 0.318046 -0.344061 -0.107625
v 0.327535 -0.340985 -0.106650
v 0.339362 -0.337823 -0.105393
v 0.353917 -0.334763 -0.103797
v 0.371410 -0.332087 -0.101819
v 0.391654 -0.330154 -0.099460
v 0.413899 -0.329314 -0.096791
v 0.436846 -0.329776 -0.093959
v 0.458979 -0.331513 -0.091149
v 0.479023 -0.334260 -0.088535
v 0.496255 -0.337637 -0.086227
v 0.510523 -0.341279 -0.084265
v 0.522059 -0.344913 -0.082638
v 0.531269 -0.348366 -0.081305
v 0.538592 -0.351554 -0.080220
v 0.311175 -0.344714 -0.096430
v 0.318819 -0.341710 -0.094751
v 0.328348 -0.338520 -0.092788
v 0.340169 -0.335256 -0.090515
v 0.354650 -0.332111 -0.087926
v 0.371967 -0.329373 -0.085071
v 0.391924 -0.327398 -0.082054
v 0.413790 -0.326536 -0.079051
v 0.436328 -0.326991 -0.076269
v 0.458100 -0.328735 -0.073885
v 0.477888 -0.331511 -0.071996
v 0.494983 -0.334945 -0.070603
v 0.509217 -0.338670 -0.069646
v 0.520788 -0.342405 -0.069033
v 0.530075 -0.345974 -0.068673
v 0.537492 -0.349284 -0.068493
v 0.312725 -0.342864 -0.084727
v 0.320489 -0.339829 -0.082202
v 0.330093 -0.336634 -0.079353
v 0.341908 -0.333393 -0.076186
v 0.356247 -0.330300 -0.072756
v 0.373240 -0.327633 -0.069181
v 0.392667 -0.325728 -0.065655
v 0.413835 -0.324902 -0.062426
v 0.435617 -0.325342 -0.059738
v 0.456711 -0.327021 -0.057749
v 0.476002 -0.329708 -0.056495
v 0.492816 -0.333058 -0.055897
v 0.506955 -0.336725 -0.055812
v 0.518565 -0.340439 -0.056087
v 0.527968 -0.344018 -0.056590
v 0.535543 -0.347363 -0.057222
v 0.315003 -0.341404 -0.073514
v 0.322920 -0.338421 -0.070272
v 0.332612 -0.335316 -0.066696
v 0.344395 -0.332206 -0.062831
v 0.358521 -0.329276 -0.058772
v 0.375058 -0.326786 -0.054695
v 0.393766 -0.325031 -0.050850
v 0.414004 -0.324285 -0.047519
v 0.434782 -0.324704 -0.044955
v 0.454966 -0.326267 -0.043296
v 0.473570 -0.328775 -0.042534
v 0.489972 -0.331931 -0.042545
v 0.503942 -0.335426 -0.043135
v 0.515564 -0.339009 -0.044113
v 0.525098 -0.342503 -0.045314
v 0.532864 -0.345803 -0.046620
v 0.317866 -0.340318 -0.062978
v 0.325942 -0.337455 -0.059180
v 0.335705 -0.334512 -0.055068
v 0.347413 -0.331610 -0.050716
v 0.361248 -0.328920 -0.046259
v 0.377224 -0.326668 -0.041903
v 0.395086 -0.325109 -0.037921
v 0.414259 -0.324465 -0.034600
v 0.433892 -0.324862 -0.032176
v 0.453025 -0.326279 -0.030768
v 0.470814 -0.328558 -0.030350
v 0.486692 -0.331453 -0.030773
v 0.500413 -0.334699 -0.031829
v 0.512002 -0.338072 -0.033305
v 0.521644 -0.341405 -0.035021
v 0.529604 -0.344593 -0.036841
v 0.321162 -0.339571 -0.053245
v 0.329375 -0.336875 -0.049053
v 0.339171 -0.334146 -0.044592
v 0.350747 -0.331495 -0.039957
v 0.364222 -0.329080 -0.035310
v 0.379562 -0.327094 -0.030865
v 0.396513 -0.325745 -0.026894
v 0.414564 -0.325208 -0.023664
v 0.433000 -0.325580 -0.021388
v 0.451025 -0.326845 -0.020165
v 0.467926 -0.328878 -0.019957
v 0.483199 -0.331482 -0.020622
v 0.496595 -0.334440 -0.021953
v 0.508087 -0.337556 -0.023739
v 0.517796 -0.340679 -0.025792
v 0.525926 -0.343706 -0.027969
v 0.324742 -0.339120 -0.044374
v 0.333055 -0.336619 -0.039938
v 0.342832 -0.334127 -0.035293
v 0.354216 -0.331746 -0.030550
v 0.367274 -0.329614 -0.025875
v 0.381937 -0.327891 -0.021485
v 0.397955 -0.326743 -0.017627
v 0.414890 -0.326307 -0.014542
v 0.432145 -0.326656 -0.012413
v 0.449063 -0.327775 -0.011319
v 0.465051 -0.329569 -0.011224
v 0.479671 -0.331883 -0.011999
v 0.492677 -0.334542 -0.013458
v 0.504007 -0.337382 -0.015397
v 0.513726 -0.340268 -0.017635
v 0.521983 -0.343103 -0.020027
v 0.328476 -0.338912 -0.036372
v 0.336842 -0.336621 -0.031823
v 0.346546 -0.334373 -0.027127
v 0.357685 -0.332258 -0.022406
v 0.370284 -0.330396 -0.017822
v 0.384252 -0.328917 -0.013580
v 0.399358 -0.327952 -0.009899
v 0.415220 -0.327606 -0.006988
v 0.431346 -0.327931 -0.004996
v 0.447199 -0.328918 -0.003993
v 0.462286 -0.330492 -0.003947
v 0.476230 -0.332534 -0.004743
v 0.488800 -0.334906 -0.006220
v 0.499908 -0.337469 -0.008195
v 0.509577 -0.340109 -0.010499
v 0.517909 -0.342737 -0.012988
v 0.528072 -0.347530 -0.012381
v 0.532367 -0.348117 -0.019303
v 0.536501 -0.348928 -0.027087
v 0.540335 -0.349998 -0.035750
v 0.543715 -0.351355 -0.045269
v 0.546481 -0.353015 -0.055560
v 0.548482 -0.354981 -0.066484
v 0.549604 -0.357233 -0.077844
v 0.549780 -0.359734 -0.089394
v 0.549007 -0.362428 -0.100881
v 0.547342 -0.365246 -0.112053
v 0.544895 -0.368119 -0.122698
v 0.541811 -0.370979 -0.132652
v 0.538248 -0.373769 -0.141817
v 0.534359 -0.376446 -0.150143
v 0.530283 -0.378980 -0.157631
v 0.530953 -0.350038 -0.009270
v 0.535634 -0.350699 -0.016182
v 0.540168 -0.351589 -0.024019
v 0.544402 -0.352744 -0.032814
v 0.548156 -0.354193 -0.042552
v 0.551241 -0.355953 -0.053153
v 0.553480 -0.358026 -0.064467
v 0.554732 -0.360388 -0.076278
v 0.554915 -0.362993 -0.088317
v 0.554026 -0.365782 -0.100289
v 0.552137 -0.368677 -0.111913
v 0.549383 -0.371601 -0.122953
v 0.545932 -0.374486 -0.133230
v 0.541976 -0.377273 -0.142640
v 0.537689 -0.379920 -0.151138
v 0.533229 -0.382401 -0.158736
v 0.533612 -0.352822 -0.006278
v 0.538672 -0.353579 -0.013158
v 0.543606 -0.354570 -0.021023
v 0.548242 -0.355832 -0.029921
v 0.552378 -0.357394 -0.039849
v 0.555791 -0.359270 -0.050733
v 0.558275 -0.361458 -0.062415
v 0.559659 -0.363934 -0.074661
v 0.559851 -0.366641 -0.087169
v 0.558842 -0.369512 -0.099611
v 0.556720 -0.372465 -0.111673
v 0.553646 -0.375417 -0.123091
v 0.549823 -0.378297 -0.133675
v 0.545468 -0.381049 -0.143315
v 0.540786 -0.383636 -0.151972
v 0.535947 -0.386034 -0.159666
v 0.535970 -0.355881 -0.003475
v 0.541386 -0.356762 -0.010304
v 0.546701 -0.357880 -0.018171
v 0.551724 -0.359272 -0.027144
v 0.556230 -0.360965 -0.037229
v 0.559965 -0.362974 -0.048358
v 0.562691 -0.365289 -0.060373
v 0.564209 -0.367878 -0.073017
v 0.564406 -0.370680 -0.085961
v 0.563278 -0.373619 -0.098843
v 0.560926 -0.376605 -0.111313
v 0.557537 -0.379556 -0.123083
v 0.553352 -0.382398 -0.133949
v 0.548615 -0.385081 -0.143797
v 0.543554 -0.387572 -0.152599
v 0.538359 -0.389855 -0.160380
v 0.537943 -0.359208 -0.000933
v 0.543675 -0.360237 -0.007697
v 0.549331 -0.361509 -0.015547
v 0.554705 -0.363056 -0.024563
v 0.559549 -0.364902 -0.034768
v 0.563581 -0.367057 -0.046099
v 0.566532 -0.369505 -0.058395
v 0.568172 -0.372206 -0.071385
v 0.568376 -0.375092 -0.084713
v 0.567135 -0.378077 -0.097984
v 0.564569 -0.381070 -0.110817
v 0.560893 -0.383984 -0.122898
v 0.556374 -0.386754 -0.134013
v 0.551288 -0.389332 -0.144046
v 0.545889 -0.391694 -0.152973
v 0.540378 -0.393831 -0.160830
v 0.539456 -0.362780 0.001278
v 0.545444 -0.363982 -0.005417
v 0.551378 -0.365431 -0.013234
v 0.557041 -0.367154 -0.022266
v 0.562167 -0.369172 -0.032548
v 0.566450 -0.371485 -0.044029
v 0.569589 -0.374070 -0.056545
v 0.571335 -0.376878 -0.069811
v 0.571543 -0.379832 -0.083451
v 0.570206 -0.382839 -0.097040
v 0.567459 -0.385806 -0.110171
v 0.563540 -0.388651 -0.122512
v 0.558743 -0.391312 -0.133834
v 0.553371 -0.393750 -0.144023
v 0.547694 -0.395951 -0.153056
v 0.541927 -0.397915 -0.160982
v 0.540441 -0.366564 0.003091
v 0.546609 -0.367960 -0.003536
v 0.552739 -0.369603 -0.011311
v 0.558608 -0.371519 -0.020335
v 0.563934 -0.373720 -0.030656
v 0.568397 -0.376197 -0.042228
v 0.571672 -0.378918 -0.054887
v 0.573495 -0.381821 -0.068343
v 0.573706 -0.384822 -0.082204
v 0.572301 -0.387825 -0.096023
v 0.569421 -0.390736 -0.109373
v 0.565326 -0.393478 -0.121906
v 0.560332 -0.395999 -0.133386
v 0.554757 -0.398269 -0.143696
v 0.548884 -0.400283 -0.152817
v 0.542938 -0.402052 -0.160803
v 0.540852 -0.370514 0.004453
v 0.547108 -0.372114 -0.002114
v 0.553334 -0.373964 -0.009842
v 0.559307 -0.376081 -0.018841
v 0.564736 -0.378468 -0.029160
v 0.569290 -0.381107 -0.040762
v 0.572635 -0.383953 -0.053483
v 0.574496 -0.386935 -0.067032
v 0.574710 -0.389961 -0.081007
v 0.573268 -0.392932 -0.094952
v 0.570321 -0.395759 -0.108427
v 0.566137 -0.398371 -0.121075
v 0.561043 -0.400726 -0.132656
v 0.555366 -0.402807 -0.143050
v 0.549395 -0.404620 -0.152239
v 0.543361 -0.406182 -0.160278
v 0.540662 -0.374572 0.005330
v 0.546909 -0.376381 -0.001193
v 0.553127 -0.378439 -0.008877
v 0.559090 -0.380754 -0.017831
v 0.564510 -0.383321 -0.028112
v 0.569057 -0.386109 -0.039681
v 0.572399 -0.389061 -0.052380
v 0.574256 -0.392099 -0.065917
v 0.574470 -0.395125 -0.079892
v 0.573031 -0.398040 -0.093849
v 0.570090 -0.400761 -0.107348
v 0.565912 -0.403224 -0.120029
v 0.560825 -0.405400 -0.131647
v 0.555157 -0.407283 -0.142085
v 0.549197 -0.408889 -0.151318
v 0.543172 -0.410242 -0.159402
v 0.539877 -0.378677 0.005708
v 0.546017 -0.380690 -0.000786
v 0.552118 -0.382945 -0.008428
v 0.557961 -0.385445 -0.017327
v 0.563264 -0.388171 -0.027535
v 0.567705 -0.391086 -0.039012
v 0.570967 -0.394120 -0.051605
v 0.572782 -0.397188 -0.065026
v 0.572993 -0.400189 -0.078886
v 0.571595 -0.403028 -0.092743
v 0.568731 -0.405626 -0.106161
v 0.564655 -0.407932 -0.118789
v 0.559685 -0.409925 -0.130381
v 0.554136 -0.411612 -0.140818
v 0.548291 -0.413015 -0.150072
v 0.542374 -0.414167 -0.158192
v 0.538525 -0.382768 0.005597
v 0.544468 -0.384967 -0.000883
v 0.550355 -0.387400 -0.008488
v 0.555977 -0.390060 -0.017319
v 0.561063 -0.392918 -0.027420
v 0.565315 -0.395928 -0.038750
v 0.568432 -0.399013 -0.051158
v 0.570166 -0.402083 -0.064368
v 0.570373 -0.405036 -0.078010
v 0.569049 -0.407783 -0.091657
v 0.566324 -0.410251 -0.104897
v 0.562435 -0.412400 -0.117388
v 0.557678 -0.414219 -0.128893
v 0.552350 -0.415721 -0.139284
v 0.546717 -0.416937 -0.148530
v 0.540997 -0.417904 -0.156671
v 0.536659 -0.386782 0.005025
v 0.542330 -0.389145 -0.001452
v 0.547925 -0.391727 -0.009020
v 0.553242 -0.394514 -0.017768
v 0.558035 -0.397471 -0.027733
v 0.562027 -0.400540 -0.038868
v 0.564947 -0.403644 -0.051024
v 0.566572 -0.406687 -0.063942
v 0.566775 -0.409573 -0.077271
v 0.565550 -0.412217 -0.090615
v 0.563014 -0.414556 -0.103592
v 0.559378 -0.416556 -0.115871
v 0.554911 -0.418216 -0.127226
v 0.549883 -0.419554 -0.137529
v 0.544543 -0.420604 -0.146738
v 0.539095 -0.421409 -0.154883
v 0.534350 -0.390671 0.004040
v 0.539691 -0.393166 -0.002438
v 0.544933 -0.395864 -0.009967
v 0.549889 -0.398742 -0.018619
v 0.554333 -0.401759 -0.028419
v 0.558020 -0.404852 -0.039315
v 0.560711 -0.407940 -0.051163
v 0.562210 -0.410932 -0.063722
v 0.562408 -0.413736 -0.076667
v 0.561297 -0.416272 -0.089638
v 0.558980 -0.418486 -0.102277
v 0.555642 -0.420352 -0.114281
v 0.551516 -0.421872 -0.125434
v 0.546846 -0.423069 -0.135604
v 0.541859 -0.423981 -0.144746
v 0.536740 -0.424649 -0.152876
v 0.531676 -0.394390 0.002701
v 0.536651 -0.396986 -0.003781
v 0.541502 -0.399763 -0.011260
v 0.546063 -0.402695 -0.019799
v 0.550129 -0.405735 -0.029409
v 0.553488 -0.408817 -0.040033
v 0.555932 -0.411862 -0.051532
v 0.557298 -0.414781 -0.063683
v 0.557487 -0.417490 -0.076193
v 0.556500 -0.419918 -0.088733
v 0.554416 -0.422015 -0.100982
v 0.551399 -0.423763 -0.112661
v 0.547644 -0.425165 -0.123565
v 0.543366 -0.426248 -0.133566
v 0.538765 -0.427048 -0.142609
v 0.534011 -0.427607 -0.150701
v 0.528722 -0.397909 0.001071
v 0.533310 -0.400572 -0.005408
v 0.537757 -0.403396 -0.012829
v 0.541908 -0.406346 -0.021236
v 0.545590 -0.409374 -0.030633
v 0.548616 -0.412416 -0.040960
v 0.550813 -0.415394 -0.052082
v 0.552043 -0.418225 -0.063792
v 0.552226 -0.420833 -0.075833
v 0.551359 -0.423152 -0.087908
v 0.549511 -0.425143 -0.099730
v 0.546815 -0.426787 -0.111047
v 0.543438 -0.428093 -0.121666
v 0.539564 -0.429085 -0.131464
v 0.535366 -0.429799 -0.140381
v 0.530997 -0.430277 -0.148410
v 0.525569 -0.401207 -0.000787
v 0.529767 -0.403908 -0.007252
v 0.533809 -0.406745 -0.014599
v 0.537558 -0.409683 -0.022861
v 0.540862 -0.412672 -0.032028
v 0.543567 -0.415649 -0.042036
v 0.545525 -0.418541 -0.052762
v 0.546626 -0.421273 -0.064018
v 0.546802 -0.423775 -0.075573
v 0.546050 -0.425991 -0.087163
v 0.544427 -0.427884 -0.098537
v 0.542041 -0.429441 -0.109467
v 0.539033 -0.430669 -0.119775
v 0.535555 -0.431592 -0.129344
v 0.531760 -0.432244 -0.138107
v 0.527780 -0.432663 -0.146052
v 0.329195 -0.340948 -0.026420
v 0.337552 -0.338819 -0.021451
v 0.347213 -0.336736 -0.016357
v 0.358267 -0.334789 -0.011275
v 0.370729 -0.333084 -0.006383
v 0.384504 -0.331739 -0.001904
v 0.399367 -0.330872 0.001931
v 0.414953 -0.330575 0.004902
v 0.430793 -0.330895 0.006857
v 0.446378 -0.331822 0.007733
v 0.461240 -0.333289 0.007569
v 0.475015 -0.335190 0.006490
v 0.487478 -0.337398 0.004675
v 0.498531 -0.339792 0.002321
v 0.508190 -0.342264 -0.000386
v 0.516547 -0.344731 -0.003293
v 0.326241 -0.343276 -0.023665
v 0.334559 -0.341125 -0.018275
v 0.344272 -0.339002 -0.012711
v 0.355495 -0.336995 -0.007124
v 0.368274 -0.335220 -0.001720
v 0.382528 -0.333808 0.003239
v 0.398018 -0.332889 0.007469
v 0.414339 -0.332569 0.010704
v 0.430956 -0.332905 0.012755
v 0.447282 -0.333884 0.013549
v 0.462783 -0.335428 0.013146
v 0.477049 -0.337417 0.011707
v 0.489845 -0.339708 0.009460
v 0.501086 -0.342168 0.006646
v 0.510816 -0.344684 0.003483
v 0.519152 -0.347171 0.000149
v 0.323468 -0.345899 -0.020999
v 0.331722 -0.343763 -0.015187
v 0.341453 -0.341636 -0.009144
v 0.352813 -0.339605 -0.003035
v 0.365874 -0.337791 0.002904
v 0.380575 -0.336334 0.008370
v 0.396669 -0.335381 0.013020
v 0.413711 -0.335048 0.016533
v 0.431093 -0.335399 0.018678
v 0.448148 -0.336421 0.019375
v 0.464265 -0.338024 0.018701
v 0.478996 -0.340075 0.016868
v 0.492093 -0.342417 0.014159
v 0.503492 -0.344907 0.010859
v 0.513264 -0.347429 0.007223
v 0.521559 -0.349899 0.003455
v 0.320949 -0.348825 -0.018483
v 0.329124 -0.346747 -0.012260
v 0.338848 -0.344661 -0.005749
v 0.350306 -0.342651 0.000878
v 0.363607 -0.340840 0.007355
v 0.378708 -0.339377 0.013333
v 0.395362 -0.338413 0.018412
v 0.413083 -0.338079 0.022206
v 0.431192 -0.338445 0.024442
v 0.448932 -0.339494 0.025024
v 0.465625 -0.341131 0.024063
v 0.480779 -0.343207 0.021819
v 0.494139 -0.345555 0.018633
v 0.505663 -0.348029 0.014843
v 0.515453 -0.350510 0.010741
v 0.523694 -0.352918 0.006545
v 0.318768 -0.352048 -0.016180
v 0.326855 -0.350078 -0.009580
v 0.336552 -0.348084 -0.002632
v 0.348075 -0.346151 0.004480
v 0.361565 -0.344397 0.011468
v 0.377007 -0.342971 0.017938
v 0.394151 -0.342033 0.023430
v 0.412476 -0.341716 0.027493
v 0.431236 -0.342095 0.029809
v 0.449593 -0.343153 0.030273
v 0.466793 -0.344784 0.029022
v 0.482311 -0.346835 0.026374
v 0.495890 -0.349136 0.022727
v 0.507508 -0.351536 0.018472
v 0.517300 -0.353923 0.013931
v 0.525480 -0.356222 0.009338
v 0.317000 -0.355554 -0.014152
v 0.325003 -0.353741 -0.007229
v 0.334661 -0.351897 0.000097
v 0.346221 -0.350100 0.007631
v 0.359850 -0.348462 0.015067
v 0.375557 -0.347129 0.021971
v 0.393096 -0.346255 0.027827
v 0.411918 -0.345978 0.032129
v 0.431215 -0.346367 0.034511
v 0.450078 -0.347406 0.034862
v 0.467693 -0.348989 0.033345
v 0.483501 -0.350959 0.030331
v 0.497250 -0.353150 0.026275
v 0.508936 -0.355417 0.021609
v 0.518720 -0.357653 0.016685
v 0.526846 -0.359791 0.011752
v 0.315713 -0.359310 -0.012463
v 0.323648 -0.357704 -0.005287
v 0.333269 -0.356064 0.002329
v 0.344842 -0.354464 0.010191
v 0.358557 -0.353004 0.017974
v 0.374443 -0.351819 0.025216
v 0.392258 -0.351055 0.031356
v 0.411432 -0.350838 0.035841
v 0.431115 -0.351235 0.038271
v 0.450341 -0.352228 0.038527
v 0.468253 -0.353714 0.036796
v 0.484268 -0.355542 0.033493
v 0.498134 -0.357559 0.029115
v 0.509866 -0.359630 0.024129
v 0.519644 -0.361662 0.018908
v 0.527730 -0.363591 0.013710
v 0.314958 -0.363273 -0.011156
v 0.322850 -0.361913 -0.003821
v 0.332442 -0.360528 0.003980
v 0.344012 -0.359176 0.012046
v 0.357765 -0.357950 0.020043
v 0.373737 -0.356964 0.027492
v 0.391689 -0.356350 0.033803
v 0.411045 -0.356214 0.038396
v 0.430930 -0.356616 0.040850
v 0.450348 -0.357534 0.041044
v 0.468417 -0.358877 0.039179
v 0.484545 -0.360510 0.035694
v 0.498477 -0.362295 0.031114
v 0.510236 -0.364118 0.025928
v 0.520016 -0.365895 0.020519
v 0.528087 -0.367577 0.015153
v 0.314765 -0.367387 -0.010268
v 0.322642 -0.366304 -0.002871
v 0.332221 -0.365207 0.004992
v 0.343778 -0.364145 0.013121
v 0.357519 -0.363193 0.021177
v 0.373479 -0.362447 0.028676
v 0.391424 -0.362010 0.035027
v 0.410775 -0.361971 0.039641
v 0.430660 -0.362372 0.042095
v 0.450083 -0.363195 0.042268
v 0.468162 -0.364359 0.040364
v 0.484299 -0.365753 0.036827
v 0.498245 -0.367264 0.032188
v 0.510018 -0.368797 0.026940
v 0.519812 -0.370287 0.021469
v 0.527896 -0.371691 0.016042
v 0.315135 -0.371587 -0.009810
v 0.323031 -0.370799 -0.002458
v 0.332612 -0.370008 0.005343
v 0.344145 -0.369257 0.013388
v 0.357824 -0.368602 0.021347
v 0.373679 -0.368114 0.028739
v 0.391469 -0.367870 0.034993
v 0.410631 -0.367933 0.039538
v 0.430315 -0.368330 0.041969
v 0.449555 -0.369043 0.042163
v 0.467491 -0.370008 0.040320
v 0.483541 -0.371140 0.036866
v 0.497445 -0.372353 0.032314
v 0.509215 -0.373574 0.027144
v 0.519033 -0.374756 0.021737
v 0.527159 -0.375868 0.016363
v 0.316047 -0.375805 -0.009778
v 0.323987 -0.375313 -0.002568
v 0.333582 -0.374831 0.005053
v 0.345078 -0.374392 0.012881
v 0.358648 -0.374034 0.020594
v 0.374304 -0.373804 0.027738
v 0.391806 -0.373750 0.033773
v 0.410607 -0.373913 0.038170
v 0.429907 -0.374303 0.040553
v 0.448792 -0.374901 0.040807
v 0.466447 -0.375664 0.039114
v 0.482308 -0.376530 0.035860
v 0.496118 -0.377442 0.031526
v 0.507867 -0.378351 0.026566
v 0.517716 -0.379225 0.021347
v 0.525902 -0.380042 0.016127
v 0.317453 -0.379977 -0.010146
v 0.325458 -0.379768 -0.003164
v 0.335069 -0.379582 0.004175
v 0.346508 -0.379436 0.011674
v 0.359922 -0.379355 0.019025
v 0.375297 -0.379364 0.025806
v 0.392393 -0.379486 0.031527
v 0.410695 -0.379737 0.035715
v 0.429456 -0.380115 0.038031
v 0.447841 -0.380606 0.038372
v 0.465093 -0.381177 0.036891
v 0.480680 -0.381794 0.033932
v 0.494337 -0.382421 0.029923
v 0.506040 -0.383034 0.025280
v 0.515917 -0.383613 0.020346
v 0.524178 -0.384151 0.015373
v 0.319292 -0.384044 -0.010874
v 0.327367 -0.384095 -0.004192
v 0.336988 -0.384176 0.002790
v 0.348347 -0.384295 0.009876
v 0.361556 -0.384457 0.016782
v 0.376580 -0.384673 0.023125
v 0.393179 -0.384943 0.028471
v 0.410871 -0.385266 0.032408
v 0.428981 -0.385632 0.034644
v 0.446756 -0.386025 0.035085
v 0.463510 -0.386428 0.033856
v 0.478743 -0.386824 0.031248
v 0.492196 -0.387199 0.027635
v 0.503822 -0.387545 0.023384
v 0.513713 -0.387858 0.018812
v 0.522052 -0.388138 0.014155
v 0.321488 -0.387958 -0.011914
v 0.329629 -0.388238 -0.005579
v 0.339246 -0.388551 0.000992
v 0.350495 -0.388891 0.007616
v 0.363455 -0.389258 0.014028
v 0.378071 -0.389642 0.019892
v 0.394105 -0.390030 0.024833
v 0.411117 -0.390408 0.028501
v 0.428501 -0.390759 0.030646
v 0.445592 -0.391071 0.031189
v 0.461774 -0.391332 0.030224
v 0.476592 -0.391543 0.027994
v 0.489794 -0.391704 0.024811
v 0.501304 -0.391823 0.020998
v 0.511190 -0.391906 0.016834
v 0.519598 -0.391958 0.012540
v 0.323964 -0.391682 -0.013210
v 0.332159 -0.392157 -0.007252
v 0.341748 -0.392660 -0.001119
v 0.352854 -0.393182 0.005017
v 0.365525 -0.393709 0.010918
v 0.379691 -0.394222 0.016296
v 0.395118 -0.394697 0.020828
v 0.411408 -0.395114 0.024223
v 0.428028 -0.395449 0.026275
v 0.444391 -0.395692 0.026910
v 0.459959 -0.395843 0.026204
v 0.474318 -0.395906 0.024348
v 0.487223 -0.395895 0.021604
v 0.498584 -0.395827 0.018241
v 0.508437 -0.395717 0.014509
v 0.516895 -0.395578 0.010606
v 0.326644 -0.395193 -0.014704
v 0.334871 -0.395825 -0.009137
v 0.344405 -0.396480 -0.003452
v 0.355337 -0.397140 0.002195
v 0.367689 -0.397787 0.007596
v 0.381375 -0.398393 0.012499
v 0.396175 -0.398928 0.016638
v 0.411729 -0.399367 0.019769
v 0.427571 -0.399687 0.021725
v 0.443195 -0.399878 0.022442
v 0.458124 -0.399943 0.021974
v 0.471994 -0.399893 0.020473
v 0.484566 -0.399751 0.018149
v 0.495742 -0.399536 0.015230
v 0.505532 -0.399271 0.011929
v 0.514017 -0.398976 0.008427
v 0.320166 -0.374738 -0.183568
v 0.315969 -0.372036 -0.177101
v 0.311930 -0.369199 -0.169754
v 0.308184 -0.366262 -0.161492
v 0.304881 -0.363272 -0.152325
v 0.302178 -0.360296 -0.142317
v 0.300221 -0.357404 -0.131592
v 0.299122 -0.354673 -0.120336
v 0.298948 -0.352172 -0.108784
v 0.299700 -0.349957 -0.097195
v 0.301323 -0.348064 -0.085823
v 0.303708 -0.346508 -0.074896
v 0.306716 -0.345281 -0.064589
v 0.310192 -0.344358 -0.055024
v 0.313987 -0.343707 -0.046260
v 0.317965 -0.343288 -0.038317
v 0.317011 -0.378035 -0.185425
v 0.312425 -0.375371 -0.178945
v 0.307981 -0.372548 -0.171524
v 0.303832 -0.369597 -0.163115
v 0.300152 -0.366568 -0.153718
v 0.297128 -0.363527 -0.143392
v 0.294933 -0.360550 -0.132271
v 0.293705 -0.357720 -0.120562
v 0.293523 -0.355113 -0.108523
v 0.294390 -0.352794 -0.096450
v 0.296238 -0.350805 -0.084630
v 0.298935 -0.349160 -0.073316
v 0.302310 -0.347855 -0.062699
v 0.306183 -0.346864 -0.052903
v 0.310381 -0.346150 -0.043987
v 0.314747 -0.345673 -0.035959
v 0.314057 -0.381554 -0.187057
v 0.309083 -0.378957 -0.180574
v 0.304233 -0.376178 -0.173093
v 0.299675 -0.373246 -0.164554
v 0.295610 -0.370207 -0.154944
v 0.292255 -0.367124 -0.144319
v 0.289811 -0.364080 -0.132820
v 0.288450 -0.361161 -0.120670
v 0.288260 -0.358453 -0.108162
v 0.289250 -0.356027 -0.095625
v 0.291331 -0.353930 -0.083378
v 0.294351 -0.352183 -0.071701
v 0.298105 -0.350782 -0.060800
v 0.302381 -0.349700 -0.050801
v 0.306981 -0.348901 -0.041759
v 0.311734 -0.348342 -0.033668
v 0.311382 -0.385271 -0.188397
v 0.306041 -0.382776 -0.181917
v 0.300800 -0.380077 -0.174388
v 0.295848 -0.377198 -0.165735
v 0.291405 -0.374182 -0.155935
v 0.287720 -0.371089 -0.145038
v 0.285033 -0.368000 -0.133189
v 0.283535 -0.365009 -0.120632
v 0.283340 -0.362206 -0.107688
v 0.284450 -0.359671 -0.094720
v 0.286768 -0.357458 -0.082083
v 0.290106 -0.355593 -0.070080
v 0.294231 -0.354073 -0.058930
v 0.298899 -0.352877 -0.048762
v 0.303886 -0.351966 -0.039621
v 0.309005 -0.351298 -0.031493
v 0.309069 -0.389160 -0.189384
v 0.303400 -0.386797 -0.182906
v 0.297806 -0.384213 -0.175337
v 0.292490 -0.381426 -0.166587
v 0.287701 -0.378468 -0.156622
v 0.283711 -0.375398 -0.145486
v 0.280793 -0.372295 -0.133330
v 0.279170 -0.369252 -0.120413
v 0.278969 -0.366366 -0.107085
v 0.280194 -0.363724 -0.093741
v 0.282731 -0.361386 -0.080768
v 0.286368 -0.359386 -0.068490
v 0.290835 -0.357728 -0.057137
v 0.295862 -0.356391 -0.046837
v 0.301200 -0.355341 -0.037628
v 0.306647 -0.354537 -0.029485
v 0.307201 -0.393174 -0.189956
v 0.301260 -0.390974 -0.183476
v 0.295372 -0.388540 -0.175870
v 0.289753 -0.385880 -0.167038
v 0.284668 -0.383020 -0.156936
v 0.280419 -0.380010 -0.145604
v 0.277305 -0.376924 -0.133197
v 0.275573 -0.373855 -0.119986
v 0.275366 -0.370902 -0.106345
v 0.276693 -0.368156 -0.092701
v 0.279419 -0.365689 -0.079461
v 0.283307 -0.363541 -0.066972
v 0.288065 -0.361723 -0.055469
v 0.293393 -0.360221 -0.045080
v 0.299025 -0.359007 -0.035835
v 0.304744 -0.358041 -0.027696
v 0.305847 -0.397265 -0.190070
v 0.299708 -0.395251 -0.183575
v 0.293608 -0.392995 -0.175932
v 0.287767 -0.390495 -0.167032
v 0.282466 -0.387767 -0.156823
v 0.278024 -0.384852 -0.145344
v 0.274764 -0.381817 -0.132752
v 0.272953 -0.378749 -0.119330
v 0.272743 -0.375748 -0.105469
v 0.274144 -0.372910 -0.091615
v 0.277009 -0.370314 -0.078198
v 0.281086 -0.368008 -0.065571
v 0.286055 -0.366016 -0.053979
v 0.291603 -0.364330 -0.043546
v 0.297449 -0.362928 -0.034292
v 0.303365 -0.361777 -0.026176
v 0.305059 -0.401370 -0.189694
v 0.298814 -0.399560 -0.183170
v 0.292595 -0.397501 -0.175486
v 0.286633 -0.395184 -0.166529
v 0.281214 -0.392617 -0.156247
v 0.276668 -0.389829 -0.144676
v 0.273329 -0.386876 -0.131977
v 0.271474 -0.383837 -0.118439
v 0.271263 -0.380812 -0.104465
v 0.272703 -0.377897 -0.090507
v 0.275646 -0.375178 -0.077010
v 0.279824 -0.372715 -0.064331
v 0.284912 -0.370540 -0.052713
v 0.290581 -0.368658 -0.042278
v 0.296540 -0.367054 -0.033045
v 0.302565 -0.365702 -0.024962
v 0.304868 -0.405430 -0.188819
v 0.298612 -0.403829 -0.182251
v 0.292384 -0.401976 -0.174521
v 0.286413 -0.399858 -0.165522
v 0.280985 -0.397470 -0.155201
v 0.276432 -0.394831 -0.143598
v 0.273088 -0.391984 -0.130874
v 0.271229 -0.389002 -0.117325
v 0.271019 -0.385976 -0.103350
v 0.272461 -0.383004 -0.089405
v 0.275409 -0.380179 -0.075931
v 0.279596 -0.377568 -0.063282
v 0.284691 -0.375213 -0.051704
v 0.290369 -0.373133 -0.041312
v 0.296340 -0.371321 -0.032124
v 0.302374 -0.369760 -0.024085
v 0.305276 -0.409379 -0.187459
v 0.299108 -0.407983 -0.180831
v 0.292978 -0.406338 -0.173055
v 0.287109 -0.404421 -0.164028
v 0.281783 -0.402219 -0.153706
v 0.277321 -0.399741 -0.142133
v 0.274046 -0.397019 -0.129473
v 0.272226 -0.394116 -0.116014
v 0.272017 -0.391114 -0.102153
v 0.273425 -0.388112 -0.088333
v 0.276306 -0.385201 -0.074984
v 0.280403 -0.382460 -0.062452
v 0.285398 -0.379941 -0.050973
v 0.290974 -0.377672 -0.040664
v 0.296848 -0.375658 -0.031544
v 0.302795 -0.373890 -0.023559
v 0.306260 -0.413164 -0.185647
v 0.300270 -0.411961 -0.178952
v 0.294336 -0.410511 -0.171133
v 0.288672 -0.408787 -0.162100
v 0.283547 -0.406769 -0.151814
v 0.279264 -0.404455 -0.140332
v 0.276126 -0.401868 -0.127816
v 0.274382 -0.399060 -0.114548
v 0.274176 -0.396106 -0.100907
v 0.275513 -0.393098 -0.087316
v 0.278264 -0.390131 -0.074186
v 0.282185 -0.387287 -0.061845
v 0.286984 -0.384628 -0.050523
v 0.292356 -0.382190 -0.040336
v 0.298036 -0.379991 -0.031303
v 0.303802 -0.378027 -0.023379
v 0.307770 -0.416737 -0.183438
v 0.302038 -0.415707 -0.176673
v 0.296381 -0.414435 -0.168821
v 0.291006 -0.412887 -0.159803
v 0.286163 -0.411040 -0.149598
v 0.282129 -0.408884 -0.138264
v 0.279180 -0.406434 -0.125966
v 0.277541 -0.403732 -0.112975
v 0.277338 -0.400846 -0.099645
v 0.278582 -0.397861 -0.086373
v 0.281150 -0.394868 -0.073540
v 0.284830 -0.391954 -0.061458
v 0.289350 -0.389186 -0.050344
v 0.294436 -0.386608 -0.040311
v 0.299838 -0.384248 -0.031385
v 0.305350 -0.382112 -0.023529
v 0.309743 -0.420065 -0.180896
v 0.304326 -0.419184 -0.174067
v 0.299010 -0.418065 -0.166198
v 0.293985 -0.416672 -0.157224
v 0.289480 -0.414978 -0.147138
v 0.285743 -0.412968 -0.136004
v 0.283019 -0.410652 -0.123989
v 0.281502 -0.408063 -0.111343
v 0.281305 -0.405260 -0.098397
v 0.282436 -0.402321 -0.085514
v 0.284791 -0.399334 -0.073043
v 0.288181 -0.396384 -0.061273
v 0.292369 -0.393542 -0.050408
v 0.297109 -0.390859 -0.040559
v 0.302171 -0.388370 -0.031760
v 0.307367 -0.386087 -0.023980
v 0.312099 -0.423126 -0.178094
v 0.307038 -0.422368 -0.171214
v 0.302103 -0.421376 -0.163348
v 0.297465 -0.420113 -0.154447
v 0.293330 -0.418552 -0.144518
v 0.289917 -0.416674 -0.133631
v 0.287433 -0.414485 -0.121947
v 0.286048 -0.412009 -0.109699
v 0.285860 -0.409300 -0.097190
v 0.286870 -0.406429 -0.084746
v 0.288994 -0.403476 -0.072684
v 0.292070 -0.400524 -0.061265
v 0.295895 -0.397644 -0.050681
v 0.300251 -0.394892 -0.041041
v 0.304937 -0.392307 -0.032384
v 0.309775 -0.389909 -0.024690
v 0.314758 -0.425910 -0.175103
v 0.310076 -0.425250 -0.168190
v 0.305540 -0.424360 -0.160353
v 0.301305 -0.423204 -0.151555
v 0.297550 -0.421754 -0.141816
v 0.294465 -0.419993 -0.131213
v 0.292227 -0.417919 -0.119896
v 0.290976 -0.415557 -0.108082
v 0.290795 -0.412949 -0.096042
v 0.291685 -0.410161 -0.084068
v 0.293575 -0.407266 -0.072443
v 0.296333 -0.404341 -0.061403
v 0.299784 -0.401457 -0.051126
v 0.303744 -0.398670 -0.041715
v 0.308032 -0.396023 -0.033217
v 0.312494 -0.393542 -0.025621
v 0.317639 -0.428419 -0.171992
v 0.313343 -0.427833 -0.165069
v 0.309206 -0.427021 -0.157284
v 0.305372 -0.425951 -0.148619
v 0.301991 -0.424594 -0.139099
v 0.299225 -0.422932 -0.128805
v 0.297224 -0.420966 -0.117879
v 0.296103 -0.418712 -0.106518
v 0.295928 -0.416211 -0.094965
v 0.296703 -0.413517 -0.083477
v 0.298371 -0.410698 -0.072303
v 0.300818 -0.407825 -0.061659
v 0.303905 -0.404965 -0.051703
v 0.307469 -0.402175 -0.042539
v 0.311359 -0.399497 -0.034213
v 0.315439 -0.396964 -0.026725
v 0.519078 -0.380752 -0.169653
v 0.510851 -0.380118 -0.175217
v 0.501318 -0.379463 -0.180901
v 0.490386 -0.378801 -0.186548
v 0.478034 -0.378154 -0.191947
v 0.464349 -0.377548 -0.196848
v 0.449550 -0.377013 -0.200986
v 0.433998 -0.376574 -0.204117
v 0.418157 -0.376254 -0.206072
v 0.402536 -0.376063 -0.206790
v 0.387606 -0.375998 -0.206321
v 0.373738 -0.376048 -0.204822
v 0.361166 -0.376192 -0.202498
v 0.349991 -0.376407 -0.199581
v 0.340202 -0.376673 -0.196282
v 0.331717 -0.376969 -0.192781
v 0.521759 -0.384261 -0.171147
v 0.513565 -0.383786 -0.177104
v 0.503976 -0.383281 -0.183235
v 0.492870 -0.382759 -0.189369
v 0.480199 -0.382230 -0.195270
v 0.466032 -0.381717 -0.200646
v 0.450607 -0.381241 -0.205177
v 0.434318 -0.380825 -0.208571
v 0.417700 -0.380490 -0.210623
v 0.401337 -0.380247 -0.211259
v 0.385770 -0.380097 -0.210553
v 0.371413 -0.380034 -0.208699
v 0.358509 -0.380046 -0.205955
v 0.347149 -0.380114 -0.202593
v 0.337297 -0.380226 -0.198862
v 0.328838 -0.380365 -0.194962
v 0.524237 -0.387984 -0.172443
v 0.516094 -0.387703 -0.178778
v 0.506478 -0.387391 -0.185348
v 0.495230 -0.387048 -0.191970
v 0.482270 -0.386680 -0.198381
v 0.467655 -0.386296 -0.204244
v 0.451620 -0.385907 -0.209183
v 0.434610 -0.385529 -0.212850
v 0.417226 -0.385178 -0.214997
v 0.400137 -0.384867 -0.215538
v 0.383956 -0.384605 -0.214575
v 0.369137 -0.384396 -0.212345
v 0.355937 -0.384235 -0.209164
v 0.344427 -0.384118 -0.205352
v 0.334541 -0.384037 -0.201189
v 0.326132 -0.383985 -0.196896
v 0.526435 -0.391898 -0.173484
v 0.518360 -0.391846 -0.180166
v 0.508737 -0.391764 -0.187147
v 0.497378 -0.391645 -0.194233
v 0.484171 -0.391481 -0.201137
v 0.469145 -0.391264 -0.207479
v 0.452548 -0.390994 -0.212825
v 0.434856 -0.390671 -0.216762
v 0.416745 -0.390305 -0.218997
v 0.398970 -0.389912 -0.219438
v 0.382221 -0.389509 -0.218209
v 0.366986 -0.389115 -0.215602
v 0.353532 -0.388740 -0.211989
v 0.341909 -0.388395 -0.207740
v 0.332017 -0.388083 -0.203169
v 0.323677 -0.387804 -0.198513
v 0.528275 -0.395966 -0.174214
v 0.520271 -0.396173 -0.181195
v 0.510659 -0.396358 -0.188534
v 0.499219 -0.396502 -0.196033
v 0.485806 -0.396582 -0.203383
v 0.470431 -0.396573 -0.210163
v 0.453335 -0.396450 -0.215885
v 0.435033 -0.396199 -0.220071
v 0.416271 -0.395820 -0.222387
v 0.397886 -0.395330 -0.222730
v 0.380634 -0.394759 -0.221248
v 0.365048 -0.394144 -0.218289
v 0.351390 -0.393516 -0.214280
v 0.339687 -0.392906 -0.209638
v 0.329812 -0.392327 -0.204704
v 0.321549 -0.391791 -0.199732
v 0.529683 -0.400137 -0.174583
v 0.521744 -0.400628 -0.181794
v 0.512149 -0.401108 -0.189413
v 0.500653 -0.401547 -0.197243
v 0.487082 -0.401904 -0.204955
v 0.471425 -0.402133 -0.212100
v 0.453923 -0.402185 -0.218134
v 0.435121 -0.402023 -0.222531
v 0.415820 -0.401633 -0.224914
v 0.396935 -0.401034 -0.225169
v 0.379279 -0.400272 -0.223474
v 0.363417 -0.399407 -0.220221
v 0.349608 -0.398497 -0.215886
v 0.337858 -0.397589 -0.210927
v 0.328009 -0.396716 -0.205708
v 0.319824 -0.395899 -0.200488
v 0.530597 -0.404356 -0.174554
v 0.522702 -0.405143 -0.181905
v 0.513121 -0.405932 -0.189706
v 0.501588 -0.406682 -0.197753
v 0.487908 -0.407336 -0.205711
v 0.472053 -0.407823 -0.213105
v 0.454261 -0.408066 -0.219359
v 0.435099 -0.408003 -0.223905
v 0.415411 -0.407605 -0.226335
v 0.396170 -0.406893 -0.226530
v 0.378234 -0.405928 -0.224686
v 0.362183 -0.404797 -0.221231
v 0.348278 -0.403586 -0.216678
v 0.336508 -0.402366 -0.211507
v 0.326689 -0.401185 -0.206102
v 0.318565 -0.400074 -0.200726
v 0.530970 -0.408556 -0.174098
v 0.523093 -0.409637 -0.181494
v 0.513515 -0.410734 -0.189358
v 0.501957 -0.411794 -0.197487
v 0.488216 -0.412746 -0.205546
v 0.472254 -0.413491 -0.213046
v 0.454308 -0.413927 -0.219398
v 0.434953 -0.413966 -0.224011
v 0.415067 -0.413565 -0.226468
v 0.395641 -0.412742 -0.226639
v 0.377562 -0.411579 -0.224735
v 0.361421 -0.410185 -0.221196
v 0.347476 -0.408675 -0.216558
v 0.335703 -0.407143 -0.211306
v 0.325910 -0.405655 -0.205834
v 0.317825 -0.404252 -0.200408
v 0.530779 -0.412670 -0.173210
v 0.522888 -0.414029 -0.180547
v 0.513296 -0.415414 -0.188349
v 0.501725 -0.416765 -0.196417
v 0.487972 -0.417991 -0.204416
v 0.471998 -0.418975 -0.211865
v 0.454043 -0.419590 -0.218178
v 0.434684 -0.419725 -0.222773
v 0.414796 -0.419323 -0.225227
v 0.395375 -0.418405 -0.225420
v 0.377304 -0.417063 -0.223554
v 0.361175 -0.415430 -0.220067
v 0.347242 -0.413646 -0.215487
v 0.335482 -0.411824 -0.210298
v 0.325702 -0.410047 -0.204888
v 0.317631 -0.408366 -0.199521
v 0.530026 -0.416635 -0.171905
v 0.522092 -0.418240 -0.179082
v 0.512472 -0.419879 -0.186701
v 0.500898 -0.421479 -0.194565
v 0.487180 -0.422938 -0.202349
v 0.471293 -0.424123 -0.209594
v 0.453475 -0.424887 -0.215736
v 0.434298 -0.425103 -0.220221
v 0.414611 -0.424706 -0.222652
v 0.395381 -0.423714 -0.222907
v 0.377467 -0.422229 -0.221175
v 0.361449 -0.420399 -0.217870
v 0.347582 -0.418383 -0.213490
v 0.335851 -0.416313 -0.208503
v 0.326072 -0.414282 -0.203279
v 0.317987 -0.412353 -0.198079
v 0.528741 -0.420392 -0.170216
v 0.520738 -0.422204 -0.177142
v 0.511080 -0.424047 -0.184469
v 0.499520 -0.425844 -0.192006
v 0.485890 -0.427482 -0.199445
v 0.470179 -0.428816 -0.206351
v 0.452639 -0.429689 -0.212210
v 0.433813 -0.429967 -0.216512
v 0.414511 -0.429577 -0.218896
v 0.395644 -0.428538 -0.219245
v 0.378026 -0.426955 -0.217727
v 0.362214 -0.424984 -0.214710
v 0.348465 -0.422794 -0.210652
v 0.336779 -0.420528 -0.205985
v 0.326994 -0.418291 -0.201058
v 0.318869 -0.416155 -0.196123
v 0.526973 -0.423899 -0.168190
v 0.518888 -0.425868 -0.174792
v 0.509191 -0.427862 -0.181743
v 0.497667 -0.429796 -0.188857
v 0.484176 -0.431550 -0.195848
v 0.468731 -0.432976 -0.202321
v 0.451583 -0.433914 -0.207815
v 0.433253 -0.434230 -0.211880
v 0.414488 -0.433851 -0.214196
v 0.396128 -0.432794 -0.214659
v 0.378925 -0.431162 -0.213406
v 0.363404 -0.429111 -0.210756
v 0.349824 -0.426811 -0.207107
v 0.338206 -0.424409 -0.202850
v 0.328414 -0.422022 -0.198305
v 0.320235 -0.419725 -0.193711
v 0.524793 -0.427124 -0.165888
v 0.516619 -0.429201 -0.172113
v 0.506896 -0.431288 -0.178627
v 0.495436 -0.433298 -0.185255
v 0.482135 -0.435108 -0.191735
v 0.467030 -0.436573 -0.197717
v 0.450372 -0.437537 -0.202797
v 0.432647 -0.437870 -0.206593
v 0.414534 -0.437504 -0.208828
v 0.396788 -0.436455 -0.209412
v 0.380092 -0.434818 -0.208448
v 0.364936 -0.432741 -0.206202
v 0.351573 -0.430392 -0.203014
v 0.340050 -0.427919 -0.199222
v 0.330259 -0.425438 -0.195118
v 0.322019 -0.423029 -0.190919
v 0.522276 -0.430051 -0.163372
v 0.514022 -0.432186 -0.169187
v 0.504292 -0.434315 -0.175232
v 0.492931 -0.436346 -0.181343
v 0.479868 -0.438160 -0.187285
v 0.465164 -0.439617 -0.192753
v 0.449066 -0.440571 -0.197405
v 0.432018 -0.440903 -0.200921
v 0.414631 -0.440552 -0.203066
v 0.397574 -0.439531 -0.203762
v 0.381453 -0.437926 -0.203087
v 0.366719 -0.435876 -0.201252
v 0.353620 -0.433533 -0.198540
v 0.342219 -0.431042 -0.195238
v 0.332448 -0.428519 -0.191601
v 0.324153 -0.426050 -0.187829
v 0.519503 -0.432675 -0.160707
v 0.511185 -0.434825 -0.166099
v 0.501473 -0.436949 -0.171665
v 0.490248 -0.438957 -0.177254
v 0.477467 -0.440733 -0.182661
v 0.463210 -0.442145 -0.187622
v 0.447716 -0.443065 -0.191854
v 0.431391 -0.443384 -0.195090
v 0.414769 -0.443049 -0.197143
v 0.398438 -0.442070 -0.197936
v 0.382935 -0.440525 -0.197532
v 0.368664 -0.438535 -0.196091
v 0.355868 -0.436244 -0.193843
v 0.344626 -0.433782 -0.191026
v 0.334896 -0.431266 -0.187861
v 0.326560 -0.428779 -0.184524
v 0.516549 -0.435004 -0.157953
v 0.508193 -0.437134 -0.162923
v 0.498530 -0.439216 -0.168017
v 0.487475 -0.441164 -0.173103
v 0.475012 -0.442871 -0.177997
v 0.461234 -0.444216 -0.182478
v 0.446366 -0.445083 -0.186314
v 0.430776 -0.445380 -0.189288
v 0.414933 -0.445060 -0.191244
v 0.399343 -0.444133 -0.192119
v 0.384477 -0.442666 -0.191954
v 0.370699 -0.440764 -0.190872
v 0.358236 -0.438555 -0.189056
v 0.347181 -0.436160 -0.186701
v 0.337521 -0.433687 -0.183990
v 0.329165 -0.431220 -0.181083
v -0.677018 -0.337948 0.053147
v -0.695842 -0.324439 0.155086
v -0.812157 -0.328455 0.007972
v -0.830996 -0.314944 0.109905
v -0.664807 -0.286443 0.063183
v -0.683629 -0.272929 0.165117
v -0.799938 -0.276951 0.018010
v -0.818777 -0.263435 0.119939
v -0.806996 -0.330415 0.006870
v -0.801068 -0.332444 0.005999
v -0.794309 -0.334501 0.005461
v -0.786681 -0.336530 0.005369
v -0.778197 -0.338460 0.005845
v -0.768934 -0.340207 0.007002
v -0.759047 -0.341684 0.008920
v -0.748768 -0.342815 0.011634
v -0.738378 -0.343545 0.015108
v -0.728181 -0.343853 0.019239
v -0.718456 -0.343752 0.023876
v -0.709416 -0.343291 0.028838
v -0.701205 -0.342534 0.033942
v -0.693884 -0.341554 0.039032
v -0.687449 -0.340425 0.043981
v -0.681853 -0.339206 0.048704
v -0.676112 -0.338206 0.058351
v -0.675367 -0.338367 0.063933
v -0.674825 -0.338411 0.069876
v -0.674523 -0.338321 0.076149
v -0.674497 -0.338080 0.082704
v -0.674776 -0.337674 0.089477
v -0.675384 -0.337098 0.096392
v -0.676328 -0.336348 0.103357
v -0.677605 -0.335432 0.110277
v -0.679198 -0.334360 0.117056
v -0.681077 -0.333152 0.123607
v -0.683202 -0.331831 0.129856
v -0.685527 -0.330425 0.135740
v -0.687998 -0.328957 0.141221
v -0.690572 -0.327455 0.146274
v -0.693200 -0.325943 0.150894
v -0.701609 -0.325029 0.155690
v -0.708147 -0.325573 0.156059
v -0.715505 -0.326041 0.156105
v -0.723699 -0.326395 0.155733
v -0.732689 -0.326594 0.154841
v -0.742369 -0.326597 0.153344
v -0.752554 -0.326369 0.151180
v -0.762991 -0.325891 0.148339
v -0.773383 -0.325161 0.144865
v -0.783426 -0.324200 0.140859
v -0.792858 -0.323051 0.136465
v -0.801481 -0.321762 0.131845
v -0.809188 -0.320390 0.127154
v -0.815945 -0.318985 0.122529
v -0.821781 -0.317591 0.118072
v -0.826769 -0.316236 0.113850
v -0.832256 -0.316174 0.104409
v -0.833335 -0.317427 0.098550
v -0.834186 -0.318687 0.092352
v -0.834763 -0.319940 0.085852
v -0.835021 -0.321167 0.079104
v -0.834923 -0.322344 0.072178
v -0.834441 -0.323454 0.065161
v -0.833560 -0.324476 0.058142
v -0.832281 -0.325393 0.051224
v -0.830622 -0.326193 0.044497
v -0.828615 -0.326867 0.038051
v -0.826307 -0.327415 0.031955
v -0.823749 -0.327838 0.026263
v -0.820999 -0.328142 0.021011
v -0.818117 -0.328339 0.016214
v -0.815152 -0.328439 0.011872
v -0.802723 -0.279168 0.014712
v -0.805521 -0.281638 0.011425
v -0.808272 -0.284368 0.008225
v -0.810906 -0.287356 0.005199
v -0.813344 -0.290582 0.002448
v -0.815501 -0.294016 0.000077
v -0.817291 -0.297610 -0.001815
v -0.818652 -0.301297 -0.003148
v -0.819532 -0.305007 -0.003871
v -0.819915 -0.308661 -0.003969
v -0.819811 -0.312189 -0.003464
v -0.819264 -0.315531 -0.002415
v -0.818329 -0.318640 -0.000900
v -0.817080 -0.321494 0.000988
v -0.815590 -0.324077 0.003154
v -0.813928 -0.326394 0.005507
v -0.833505 -0.312355 0.111433
v -0.835890 -0.309519 0.112987
v -0.838069 -0.306443 0.114540
v -0.839947 -0.303139 0.116056
v -0.841430 -0.299635 0.117496
v -0.842415 -0.295980 0.118816
v -0.842825 -0.292231 0.119972
v -0.842601 -0.288463 0.120926
v -0.841721 -0.284753 0.121648
v -0.840203 -0.281179 0.122125
v -0.838102 -0.277804 0.122356
v -0.835509 -0.274684 0.122356
v -0.832523 -0.271849 0.122151
v -0.829259 -0.269313 0.121773
v -0.825819 -0.267076 0.121255
v -0.822300 -0.265124 0.120633
v -0.819682 -0.263177 0.114733
v -0.820425 -0.263017 0.109150
v -0.820967 -0.262973 0.103207
v -0.821268 -0.263064 0.096934
v -0.821293 -0.263305 0.090378
v -0.821011 -0.263711 0.083603
v -0.820403 -0.264289 0.076689
v -0.819458 -0.265038 0.069725
v -0.818178 -0.265956 0.062806
v -0.816584 -0.267028 0.056027
v -0.814704 -0.268237 0.049477
v -0.812579 -0.269558 0.043231
v -0.810255 -0.270965 0.037347
v -0.807782 -0.272432 0.031869
v -0.805209 -0.273934 0.026818
v -0.802580 -0.275447 0.022199
v -0.669036 -0.285151 0.059237
v -0.674022 -0.283797 0.055016
v -0.679859 -0.282403 0.050559
v -0.686615 -0.281000 0.045934
v -0.694320 -0.279628 0.041245
v -0.702944 -0.278340 0.036625
v -0.712372 -0.277191 0.032233
v -0.722414 -0.276231 0.028228
v -0.732802 -0.275501 0.024755
v -0.743237 -0.275022 0.021915
v -0.753419 -0.274794 0.019752
v -0.763096 -0.274797 0.018254
v -0.772085 -0.274996 0.017363
v -0.780277 -0.275349 0.016990
v -0.787636 -0.275816 0.017037
v -0.794173 -0.276361 0.017405
v -0.813942 -0.262176 0.124381
v -0.808344 -0.260957 0.129104
v -0.801909 -0.259827 0.134053
v -0.794588 -0.258847 0.139142
v -0.786376 -0.258090 0.144247
v -0.777338 -0.257628 0.149208
v -0.767610 -0.257527 0.153845
v -0.757413 -0.257835 0.157978
v -0.747022 -0.258564 0.161451
v -0.736740 -0.259696 0.164165
v -0.726852 -0.261174 0.166084
v -0.717589 -0.262921 0.167242
v -0.709105 -0.264852 0.167718
v -0.701475 -0.266881 0.167627
v -0.694717 -0.268938 0.167088
v -0.688789 -0.270968 0.166218
v -0.680633 -0.272945 0.161217
v -0.677670 -0.273044 0.156872
v -0.674787 -0.273241 0.152073
v -0.672040 -0.273546 0.146819
v -0.669484 -0.273970 0.141126
v -0.667175 -0.274517 0.135028
v -0.665170 -0.275193 0.128581
v -0.663512 -0.275994 0.121855
v -0.662236 -0.276911 0.114936
v -0.661355 -0.277933 0.107919
v -0.660874 -0.279042 0.100900
v -0.660778 -0.280221 0.093976
v -0.661037 -0.281447 0.087229
v -0.661615 -0.282700 0.080730
v -0.662468 -0.283962 0.074534
v -0.663546 -0.285214 0.068677
v -0.673496 -0.336259 0.052452
v -0.669977 -0.334306 0.051829
v -0.666539 -0.332069 0.051312
v -0.663274 -0.329533 0.050934
v -0.660292 -0.326698 0.050727
v -0.657699 -0.323577 0.050728
v -0.655601 -0.320204 0.050959
v -0.654083 -0.316629 0.051436
v -0.653204 -0.312920 0.052159
v -0.652981 -0.309152 0.053112
v -0.653390 -0.305405 0.054270
v -0.654377 -0.301749 0.055589
v -0.655858 -0.298247 0.057030
v -0.657737 -0.294943 0.058547
v -0.659914 -0.291867 0.060099
v -0.662299 -0.289033 0.061655
v -0.681857 -0.274990 0.167582
v -0.680194 -0.277305 0.169936
v -0.678702 -0.279889 0.172102
v -0.677451 -0.282742 0.173992
v -0.676516 -0.285852 0.175507
v -0.675967 -0.289194 0.176558
v -0.675863 -0.292722 0.177062
v -0.676246 -0.296377 0.176966
v -0.677125 -0.300088 0.176243
v -0.678484 -0.303776 0.174911
v -0.680276 -0.307369 0.173018
v -0.682432 -0.310805 0.170648
v -0.684872 -0.314032 0.167897
v -0.687507 -0.317019 0.164872
v -0.690259 -0.319750 0.161670
v -0.693056 -0.322220 0.158384
v -0.817596 -0.263822 0.125377
v -0.812072 -0.262542 0.130465
v -0.805624 -0.261336 0.135842
v -0.798176 -0.260274 0.141414
v -0.789697 -0.259432 0.147037
v -0.780241 -0.258903 0.152520
v -0.769953 -0.258765 0.157633
v -0.759082 -0.259076 0.162144
v -0.747965 -0.259857 0.165861
v -0.736971 -0.261081 0.168658
v -0.726444 -0.262682 0.170504
v -0.716658 -0.264564 0.171455
v -0.707785 -0.266623 0.171631
v -0.699900 -0.268763 0.171185
v -0.692994 -0.270906 0.170272
v -0.687010 -0.272995 0.169031
v -0.821290 -0.265756 0.126305
v -0.815887 -0.264440 0.131771
v -0.809479 -0.263181 0.137604
v -0.801952 -0.262050 0.143702
v -0.793245 -0.261139 0.149900
v -0.783385 -0.260548 0.155966
v -0.772521 -0.260377 0.161617
v -0.760940 -0.260695 0.166554
v -0.749046 -0.261531 0.170531
v -0.737286 -0.262851 0.173395
v -0.726083 -0.264573 0.175122
v -0.715756 -0.266582 0.175805
v -0.706496 -0.268756 0.175612
v -0.698366 -0.270986 0.174748
v -0.691336 -0.273189 0.173407
v -0.685319 -0.275308 0.171759
v -0.824942 -0.268009 0.127123
v -0.819708 -0.266693 0.132969
v -0.813395 -0.265413 0.139270
v -0.805848 -0.264246 0.145923
v -0.796960 -0.263288 0.152740
v -0.786728 -0.262656 0.159448
v -0.775295 -0.262463 0.165691
v -0.762985 -0.262797 0.171097
v -0.750273 -0.263690 0.175347
v -0.737710 -0.265103 0.178256
v -0.725806 -0.266935 0.179813
v -0.714933 -0.269050 0.180161
v -0.705296 -0.271309 0.179536
v -0.696943 -0.273594 0.178199
v -0.689814 -0.275817 0.176393
v -0.683782 -0.277926 0.174311
v -0.828445 -0.270605 0.127783
v -0.823423 -0.269334 0.133994
v -0.817257 -0.268083 0.140754
v -0.809749 -0.266924 0.147964
v -0.800745 -0.265963 0.155422
v -0.790193 -0.265323 0.162803
v -0.778222 -0.265134 0.169680
v -0.765187 -0.265496 0.175581
v -0.751651 -0.266446 0.180107
v -0.738274 -0.267940 0.183034
v -0.725665 -0.269856 0.184374
v -0.714258 -0.272039 0.184334
v -0.704266 -0.274334 0.183227
v -0.695715 -0.276620 0.181385
v -0.688507 -0.278811 0.179095
v -0.682477 -0.280858 0.176579
v -0.831680 -0.273551 0.128231
v -0.826892 -0.272382 0.134767
v -0.820914 -0.271220 0.141950
v -0.813502 -0.270138 0.149686
v -0.804448 -0.269234 0.157759
v -0.793647 -0.268639 0.165807
v -0.781202 -0.268492 0.173318
v -0.767492 -0.268901 0.179715
v -0.753165 -0.269908 0.184504
v -0.739004 -0.271456 0.187424
v -0.725722 -0.273411 0.188515
v -0.713815 -0.275600 0.188058
v -0.703503 -0.277864 0.186459
v -0.694781 -0.280081 0.184116
v -0.687509 -0.282173 0.181362
v -0.681490 -0.284102 0.178439
v -0.834513 -0.276836 0.128420
v -0.829959 -0.275833 0.135214
v -0.824184 -0.274833 0.142744
v -0.816908 -0.273902 0.150926
v -0.807867 -0.273135 0.159536
v -0.796902 -0.272657 0.168176
v -0.784081 -0.272605 0.176258
v -0.769797 -0.273089 0.183104
v -0.754779 -0.274144 0.188125
v -0.739921 -0.275707 0.191021
v -0.726047 -0.277634 0.191861
v -0.713704 -0.279750 0.191014
v -0.703114 -0.281896 0.188966
v -0.694245 -0.283962 0.186182
v -0.686920 -0.285882 0.183032
v -0.680905 -0.287627 0.179770
v -0.836815 -0.280425 0.128305
v -0.832466 -0.279650 0.135269
v -0.826883 -0.278886 0.143033
v -0.819753 -0.278189 0.151525
v -0.810771 -0.277643 0.160522
v -0.799731 -0.277362 0.169601
v -0.786661 -0.277467 0.178117
v -0.771964 -0.278053 0.185306
v -0.756422 -0.279144 0.190502
v -0.741030 -0.280672 0.193372
v -0.726695 -0.282493 0.194016
v -0.714009 -0.284441 0.192870
v -0.703198 -0.286376 0.190488
v -0.694205 -0.288207 0.187385
v -0.686822 -0.289881 0.183958
v -0.680792 -0.291386 0.180463
v -0.838475 -0.284259 0.127862
v -0.834277 -0.283764 0.134884
v -0.828840 -0.283297 0.142739
v -0.821837 -0.282904 0.151363
v -0.812937 -0.282658 0.160539
v -0.801900 -0.282645 0.169828
v -0.788734 -0.282961 0.178559
v -0.773831 -0.283672 0.185925
v -0.758008 -0.284785 0.191214
v -0.742309 -0.286223 0.194078
v -0.727697 -0.287857 0.194633
v -0.714794 -0.289552 0.193348
v -0.703825 -0.291194 0.190814
v -0.694726 -0.292718 0.187572
v -0.687275 -0.294090 0.184024
v -0.681201 -0.295308 0.180436
v -0.839423 -0.288256 0.127083
v -0.835298 -0.288074 0.134044
v -0.829942 -0.287943 0.141834
v -0.823023 -0.287902 0.150390
v -0.814205 -0.288001 0.159499
v -0.803243 -0.288301 0.168727
v -0.790134 -0.288859 0.177411
v -0.775262 -0.289703 0.184750
v -0.759437 -0.290815 0.190040
v -0.743709 -0.292120 0.192930
v -0.729039 -0.293514 0.193532
v -0.716060 -0.294895 0.192307
v -0.705010 -0.296192 0.189841
v -0.695827 -0.297364 0.186668
v -0.688297 -0.298401 0.183185
v -0.682149 -0.299303 0.179659
v -0.839637 -0.292319 0.125988
v -0.835505 -0.292461 0.132774
v -0.830155 -0.292677 0.140346
v -0.823267 -0.292996 0.148640
v -0.814521 -0.293448 0.157445
v -0.803693 -0.294064 0.166349
v -0.790788 -0.294858 0.174731
v -0.776179 -0.295823 0.181847
v -0.760637 -0.296915 0.187042
v -0.745154 -0.298064 0.189985
v -0.730656 -0.299194 0.190766
v -0.717758 -0.300245 0.189793
v -0.706709 -0.301184 0.187605
v -0.697475 -0.301997 0.184701
v -0.689860 -0.302691 0.181462
v -0.683611 -0.303280 0.178146
v -0.839145 -0.296351 0.124618
v -0.834934 -0.296801 0.131131
v -0.829526 -0.297345 0.138360
v -0.822626 -0.297998 0.146232
v -0.813950 -0.298770 0.154544
v -0.803310 -0.299663 0.162917
v -0.790736 -0.300657 0.170797
v -0.776587 -0.301711 0.177532
v -0.761568 -0.302766 0.182553
v -0.746574 -0.303759 0.185560
v -0.732452 -0.304641 0.186605
v -0.719783 -0.305385 0.186023
v -0.708827 -0.305991 0.184275
v -0.699583 -0.306473 0.181799
v -0.691891 -0.306850 0.178949
v -0.685532 -0.307142 0.175970
v -0.838019 -0.300264 0.123028
v -0.833680 -0.300987 0.129195
v -0.828172 -0.301813 0.135992
v -0.821239 -0.302745 0.143336
v -0.812644 -0.303777 0.151033
v -0.802247 -0.304884 0.158751
v -0.790106 -0.306019 0.166011
v -0.776559 -0.307125 0.172273
v -0.762232 -0.308132 0.177063
v -0.747904 -0.308984 0.180119
v -0.734318 -0.309655 0.181458
v -0.722007 -0.310144 0.181333
v -0.711235 -0.310473 0.180109
v -0.702034 -0.310674 0.178159
v -0.694291 -0.310779 0.175792
v -0.687824 -0.310815 0.173237
v -0.836366 -0.303986 0.121280
v -0.831870 -0.304934 0.127059
v -0.826250 -0.305984 0.133373
v -0.819289 -0.307128 0.140134
v -0.810801 -0.308345 0.147168
v -0.800696 -0.309593 0.154182
v -0.789059 -0.310811 0.160785
v -0.776203 -0.311930 0.166541
v -0.762665 -0.312881 0.171067
v -0.749108 -0.313618 0.174142
v -0.736164 -0.314126 0.175755
v -0.724308 -0.314421 0.176082
v -0.713799 -0.314539 0.175399
v -0.704702 -0.314523 0.174005
v -0.696947 -0.314412 0.172163
v -0.690393 -0.314240 0.170078
v -0.834303 -0.307464 0.119437
v -0.829648 -0.308584 0.124810
v -0.823926 -0.309797 0.130626
v -0.816961 -0.311087 0.136800
v -0.808617 -0.312417 0.143173
v -0.798848 -0.313740 0.149499
v -0.787756 -0.314988 0.155462
v -0.775627 -0.316089 0.160720
v -0.762915 -0.316983 0.164970
v -0.750169 -0.317629 0.168029
v -0.737921 -0.318020 0.169867
v -0.726584 -0.318179 0.170596
v -0.716403 -0.318150 0.170415
v -0.707468 -0.317978 0.169556
v -0.699747 -0.317709 0.168234
v -0.693137 -0.317380 0.166627
v -0.831947 -0.310670 0.117555
v -0.827151 -0.311911 0.122524
v -0.821355 -0.313230 0.127854
v -0.814421 -0.314602 0.133466
v -0.806259 -0.315988 0.139218
v -0.796856 -0.317332 0.144907
v -0.786327 -0.318571 0.150283
v -0.774922 -0.319636 0.155076
v -0.763025 -0.320471 0.159054
v -0.751088 -0.321046 0.162063
v -0.739550 -0.321358 0.164065
v -0.728765 -0.321431 0.165124
v -0.718958 -0.321308 0.165378
v -0.710234 -0.321036 0.165001
v -0.702593 -0.320661 0.164162
v -0.695969 -0.320223 0.163012
v -0.829405 -0.313593 0.115683
v -0.824498 -0.314910 0.120264
v -0.818661 -0.316285 0.125139
v -0.811798 -0.317692 0.130231
v -0.803851 -0.319087 0.135420
v -0.794834 -0.320416 0.140540
v -0.784862 -0.321619 0.145392
v -0.774158 -0.322634 0.149767
v -0.763041 -0.323415 0.153483
v -0.751879 -0.323935 0.156418
v -0.741033 -0.324196 0.158524
v -0.730806 -0.324219 0.159837
v -0.721401 -0.324043 0.160449
v -0.712929 -0.323713 0.160484
v -0.705412 -0.323275 0.160073
v -0.698812 -0.322767 0.159338
v -0.808774 -0.328388 0.004058
v -0.802791 -0.330475 0.002817
v -0.795885 -0.332618 0.001903
v -0.787999 -0.334758 0.001456
v -0.779126 -0.336816 0.001632
v -0.769342 -0.338698 0.002584
v -0.758817 -0.340298 0.004429
v -0.747823 -0.341522 0.007225
v -0.736707 -0.342303 0.010941
v -0.725839 -0.342614 0.015453
v -0.715551 -0.342476 0.020565
v -0.706096 -0.341947 0.026046
v -0.697619 -0.341107 0.031669
v -0.690170 -0.340044 0.037242
v -0.683723 -0.338839 0.042620
v -0.678199 -0.337561 0.047708
v -0.810465 -0.326075 0.001330
v -0.804447 -0.328192 -0.000318
v -0.797417 -0.330395 -0.001659
v -0.789286 -0.332625 -0.002524
v -0.780027 -0.334798 -0.002716
v -0.769702 -0.336806 -0.002034
v -0.758500 -0.338526 -0.000307
v -0.746743 -0.339847 0.002556
v -0.734849 -0.340682 0.006533
v -0.723271 -0.341001 0.011469
v -0.712410 -0.340830 0.017119
v -0.702550 -0.340240 0.023184
v -0.693843 -0.339330 0.029382
v -0.686317 -0.338199 0.035480
v -0.679908 -0.336940 0.041313
v -0.674506 -0.335626 0.046779
v -0.812000 -0.323456 -0.001221
v -0.805968 -0.325564 -0.003303
v -0.798838 -0.327787 -0.005108
v -0.790484 -0.330071 -0.006447
v -0.780848 -0.332328 -0.007071
v -0.769978 -0.334443 -0.006723
v -0.758074 -0.336274 -0.005165
v -0.745515 -0.337687 -0.002257
v -0.732806 -0.338580 0.001990
v -0.720498 -0.338914 0.007395
v -0.709067 -0.338722 0.013639
v -0.698836 -0.338090 0.020345
v -0.689951 -0.337133 0.027161
v -0.682403 -0.335967 0.033813
v -0.676089 -0.334688 0.040114
v -0.670857 -0.333372 0.045962
v -0.813303 -0.320523 -0.003487
v -0.807273 -0.322570 -0.006003
v -0.800064 -0.324760 -0.008293
v -0.791513 -0.327045 -0.010134
v -0.781523 -0.329340 -0.011241
v -0.770117 -0.331521 -0.011282
v -0.757511 -0.333436 -0.009942
v -0.744137 -0.334929 -0.007015
v -0.730604 -0.335880 -0.002491
v -0.717573 -0.336242 0.003410
v -0.705605 -0.336053 0.010284
v -0.695054 -0.335414 0.017664
v -0.686050 -0.334454 0.025120
v -0.678543 -0.333297 0.032330
v -0.672377 -0.332046 0.039091
v -0.667355 -0.330776 0.045302
v -0.814289 -0.317280 -0.005346
v -0.808269 -0.319208 -0.008269
v -0.800997 -0.321299 -0.011022
v -0.792275 -0.323515 -0.013364
v -0.781963 -0.325778 -0.014962
v -0.770059 -0.327966 -0.015418
v -0.756781 -0.329919 -0.014328
v -0.742623 -0.331467 -0.011409
v -0.728300 -0.332473 -0.006621
v -0.714595 -0.332883 -0.000225
v -0.702152 -0.332736 0.007282
v -0.691353 -0.332142 0.015327
v -0.682300 -0.331240 0.023399
v -0.674889 -0.330158 0.031134
v -0.668909 -0.328998 0.038316
v -0.664121 -0.327830 0.044853
v -0.814873 -0.313756 -0.006677
v -0.808857 -0.315500 -0.009937
v -0.801531 -0.317419 -0.013087
v -0.792661 -0.319484 -0.015869
v -0.782073 -0.321629 -0.017916
v -0.769733 -0.323742 -0.018762
v -0.755864 -0.325668 -0.017920
v -0.741011 -0.327231 -0.015025
v -0.725996 -0.328286 -0.010007
v -0.711718 -0.328769 -0.003163
v -0.698900 -0.328719 0.004917
v -0.687936 -0.328242 0.013553
v -0.678896 -0.327476 0.022162
v -0.671620 -0.326545 0.030340
v -0.665845 -0.325547 0.037869
v -0.661290 -0.324545 0.044665
v -0.814985 -0.309997 -0.007369
v -0.808954 -0.311501 -0.010862
v -0.801569 -0.313175 -0.014289
v -0.792576 -0.315004 -0.017388
v -0.781766 -0.316939 -0.019768
v -0.769083 -0.318885 -0.020913
v -0.754753 -0.320705 -0.020267
v -0.739368 -0.322230 -0.017397
v -0.723832 -0.323322 -0.012204
v -0.709140 -0.323909 -0.005017
v -0.696074 -0.324014 0.003493
v -0.685036 -0.323734 0.012567
v -0.676054 -0.323190 0.021564
v -0.668924 -0.322494 0.030053
v -0.663340 -0.321730 0.037815
v -0.658989 -0.320956 0.044778
v -0.814574 -0.306076 -0.007342
v -0.808499 -0.307292 -0.010928
v -0.801048 -0.308665 -0.014474
v -0.791950 -0.310187 -0.017713
v -0.780983 -0.311829 -0.020244
v -0.768081 -0.313522 -0.021527
v -0.753473 -0.315156 -0.020970
v -0.737783 -0.316593 -0.018107
v -0.721966 -0.317704 -0.012820
v -0.707070 -0.318416 -0.005458
v -0.693906 -0.318732 0.003268
v -0.682871 -0.318721 0.012553
v -0.673972 -0.318475 0.021724
v -0.666969 -0.318083 0.030347
v -0.661531 -0.317617 0.038202
v -0.657331 -0.317122 0.045223
v -0.813627 -0.302080 -0.006562
v -0.807476 -0.302984 -0.010088
v -0.799945 -0.304019 -0.013568
v -0.790763 -0.305191 -0.016739
v -0.779714 -0.306486 -0.019202
v -0.766740 -0.307868 -0.020424
v -0.752076 -0.309260 -0.019821
v -0.736353 -0.310565 -0.016932
v -0.720536 -0.311676 -0.011644
v -0.705671 -0.312520 -0.004309
v -0.692565 -0.313078 0.004370
v -0.681606 -0.313379 0.013594
v -0.672788 -0.313479 0.022699
v -0.665867 -0.313438 0.031252
v -0.660510 -0.313308 0.039041
v -0.656384 -0.313127 0.046001
v -0.812163 -0.298106 -0.005050
v -0.805915 -0.298694 -0.008364
v -0.798298 -0.299388 -0.011601
v -0.789064 -0.300200 -0.014502
v -0.778017 -0.301138 -0.016687
v -0.765123 -0.302189 -0.017657
v -0.750629 -0.303320 -0.016875
v -0.735154 -0.304467 -0.013933
v -0.719620 -0.305559 -0.008739
v -0.705018 -0.306524 -0.001628
v -0.692115 -0.307318 0.006748
v -0.681290 -0.307933 0.015648
v -0.672544 -0.308386 0.024449
v -0.665655 -0.308705 0.032741
v -0.660303 -0.308923 0.040311
v -0.656170 -0.309064 0.047096
v -0.810245 -0.294244 -0.002873
v -0.803883 -0.294536 -0.005851
v -0.796191 -0.294913 -0.008699
v -0.786948 -0.295395 -0.011172
v -0.775993 -0.296002 -0.012918
v -0.763329 -0.296746 -0.013498
v -0.749211 -0.297626 -0.012452
v -0.734225 -0.298618 -0.009445
v -0.719211 -0.299674 -0.004428
v -0.705068 -0.300727 0.002305
v -0.692499 -0.301721 0.010180
v -0.681861 -0.302614 0.018548
v -0.673186 -0.303387 0.026857
v -0.666284 -0.304039 0.034727
v -0.660875 -0.304582 0.041955
v -0.656663 -0.305032 0.048466
v -0.807952 -0.290571 -0.000140
v -0.801484 -0.290608 -0.002693
v -0.793741 -0.290713 -0.005059
v -0.784541 -0.290914 -0.007007
v -0.773771 -0.291244 -0.008230
v -0.761464 -0.291733 -0.008353
v -0.747883 -0.292403 -0.007013
v -0.733561 -0.293256 -0.003958
v -0.719239 -0.294262 0.000830
v -0.705699 -0.295367 0.007089
v -0.693562 -0.296503 0.014345
v -0.683166 -0.297608 0.022059
v -0.674571 -0.298639 0.029754
v -0.667638 -0.299572 0.037096
v -0.662129 -0.300397 0.043890
v -0.657789 -0.301120 0.050058
v -0.805385 -0.287147 0.003019
v -0.798830 -0.286976 0.000936
v -0.791074 -0.286866 -0.000905
v -0.781978 -0.286850 -0.002298
v -0.771471 -0.286967 -0.002979
v -0.759619 -0.287263 -0.002652
v -0.746680 -0.287772 -0.001038
v -0.733128 -0.288508 0.002036
v -0.719596 -0.289459 0.006560
v -0.706744 -0.290577 0.012312
v -0.695110 -0.291795 0.018911
v -0.685008 -0.293042 0.025923
v -0.676521 -0.294257 0.032955
v -0.669558 -0.295402 0.039715
v -0.663939 -0.296453 0.046027
v -0.659441 -0.297400 0.051806
v -0.802641 -0.284008 0.006469
v -0.796031 -0.283679 0.004863
v -0.788310 -0.283411 0.003542
v -0.779376 -0.283240 0.002684
v -0.769198 -0.283210 0.002505
v -0.757863 -0.283371 0.003234
v -0.745621 -0.283762 0.005072
v -0.732879 -0.284408 0.008130
v -0.720171 -0.285300 0.012377
v -0.708046 -0.286402 0.017632
v -0.696958 -0.287649 0.023595
v -0.687190 -0.288971 0.029919
v -0.678847 -0.290301 0.036290
v -0.671882 -0.291589 0.042462
v -0.666160 -0.292802 0.048277
v -0.661504 -0.293922 0.053649
v -0.799811 -0.281167 0.010084
v -0.793186 -0.280728 0.008934
v -0.785545 -0.280354 0.008096
v -0.776822 -0.280082 0.007719
v -0.767019 -0.279959 0.007975
v -0.756236 -0.280032 0.009034
v -0.744701 -0.280344 0.011036
v -0.732767 -0.280920 0.014044
v -0.720875 -0.281755 0.018019
v -0.709475 -0.282819 0.022810
v -0.698946 -0.284057 0.028184
v -0.689547 -0.285401 0.033873
v -0.681386 -0.286786 0.039623
v -0.674452 -0.288158 0.045233
v -0.668655 -0.289476 0.050563
v -0.663859 -0.290716 0.055531
v -0.796968 -0.278622 0.013757
v -0.790369 -0.278114 0.013023
v -0.782851 -0.277678 0.012613
v -0.774381 -0.277348 0.012647
v -0.764978 -0.277173 0.013259
v -0.754754 -0.277196 0.014572
v -0.743911 -0.277456 0.016679
v -0.732752 -0.277977 0.019611
v -0.721638 -0.278757 0.023327
v -0.710937 -0.279773 0.027701
v -0.700967 -0.280974 0.032552
v -0.691953 -0.282303 0.037670
v -0.684006 -0.283697 0.042858
v -0.677144 -0.285102 0.047950
v -0.671308 -0.286479 0.052824
v -0.666399 -0.287795 0.057405
v -0.660807 -0.287817 0.067300
v -0.658178 -0.290683 0.065885
v -0.655751 -0.293818 0.064453
v -0.653630 -0.297205 0.063036
v -0.651931 -0.300819 0.061670
v -0.650770 -0.304610 0.060398
v -0.650247 -0.308512 0.059262
v -0.650429 -0.312445 0.058302
v -0.651348 -0.316318 0.057547
v -0.652981 -0.320046 0.057015
v -0.655261 -0.323553 0.056707
v -0.658087 -0.326782 0.056612
v -0.661333 -0.329698 0.056705
v -0.664870 -0.332288 0.056957
v -0.668579 -0.334556 0.057336
v -0.672354 -0.336520 0.057810
v -0.659500 -0.286566 0.073353
v -0.656627 -0.289456 0.072124
v -0.653947 -0.292636 0.070859
v -0.651578 -0.296097 0.069587
v -0.649655 -0.299814 0.068336
v -0.648310 -0.303734 0.067146
v -0.647664 -0.307786 0.066055
v -0.647803 -0.311881 0.065101
v -0.648759 -0.315918 0.064315
v -0.650513 -0.319797 0.063715
v -0.652982 -0.323437 0.063306
v -0.656046 -0.326773 0.063084
v -0.659560 -0.329769 0.063025
v -0.663377 -0.332411 0.063108
v -0.667356 -0.334708 0.063306
v -0.671383 -0.336684 0.063587
v -0.658434 -0.285296 0.079792
v -0.655327 -0.288195 0.078797
v -0.652402 -0.291408 0.077751
v -0.649790 -0.294931 0.076672
v -0.647642 -0.298737 0.075584
v -0.646112 -0.302774 0.074514
v -0.645340 -0.306968 0.073497
v -0.645431 -0.311217 0.072564
v -0.646425 -0.315411 0.071747
v -0.648297 -0.319440 0.071067
v -0.650957 -0.323208 0.070533
v -0.654259 -0.326649 0.070145
v -0.658037 -0.329721 0.069893
v -0.662124 -0.332414 0.069761
v -0.666363 -0.334741 0.069727
v -0.670628 -0.336728 0.069771
v -0.657666 -0.284023 0.086579
v -0.654348 -0.286920 0.085865
v -0.651198 -0.290151 0.085089
v -0.648360 -0.293717 0.084257
v -0.646000 -0.297596 0.083379
v -0.644292 -0.301736 0.082472
v -0.643400 -0.306055 0.081559
v -0.643441 -0.310446 0.080665
v -0.644470 -0.314786 0.079819
v -0.646457 -0.318954 0.079045
v -0.649296 -0.322845 0.078358
v -0.652824 -0.326385 0.077769
v -0.656849 -0.329531 0.077279
v -0.661185 -0.332275 0.076881
v -0.665660 -0.334632 0.076568
v -0.670140 -0.336635 0.076328
v -0.657251 -0.282767 0.093653
v -0.653758 -0.285648 0.093266
v -0.650418 -0.288882 0.092807
v -0.647386 -0.292475 0.092269
v -0.644840 -0.296407 0.091648
v -0.642978 -0.300626 0.090945
v -0.641977 -0.305050 0.090170
v -0.641976 -0.309563 0.089336
v -0.643036 -0.314032 0.088465
v -0.645123 -0.318325 0.087583
v -0.648121 -0.322328 0.086717
v -0.651846 -0.325958 0.085890
v -0.656086 -0.329175 0.085119
v -0.660634 -0.331970 0.084412
v -0.665307 -0.334360 0.083774
v -0.669962 -0.336382 0.083207
v -0.657239 -0.281551 0.100936
v -0.653619 -0.284404 0.100912
v -0.650140 -0.287625 0.100808
v -0.646959 -0.291226 0.100606
v -0.644274 -0.295187 0.100283
v -0.642289 -0.299461 0.099821
v -0.641205 -0.303962 0.099210
v -0.641171 -0.308570 0.098452
v -0.642255 -0.313144 0.097561
v -0.644423 -0.317541 0.096564
v -0.647547 -0.321640 0.095500
v -0.651425 -0.325353 0.094405
v -0.655829 -0.328636 0.093317
v -0.660536 -0.331481 0.092265
v -0.665356 -0.333909 0.091267
v -0.670137 -0.335958 0.090336
v -0.657664 -0.280397 0.108331
v -0.653979 -0.283213 0.108691
v -0.650422 -0.286408 0.108969
v -0.647158 -0.289995 0.109127
v -0.644389 -0.293962 0.109129
v -0.642333 -0.298261 0.108933
v -0.641198 -0.302808 0.108509
v -0.641144 -0.307479 0.107840
v -0.642246 -0.312126 0.106936
v -0.644467 -0.316602 0.105822
v -0.647669 -0.320777 0.104547
v -0.651642 -0.324559 0.103168
v -0.656145 -0.327903 0.101742
v -0.660945 -0.330798 0.100321
v -0.665846 -0.333268 0.098939
v -0.670694 -0.335352 0.097625
v -0.658550 -0.279327 0.115729
v -0.654863 -0.282098 0.116478
v -0.651301 -0.285254 0.117143
v -0.648028 -0.288810 0.117671
v -0.645243 -0.292758 0.118007
v -0.643174 -0.297052 0.118087
v -0.642030 -0.301609 0.117859
v -0.641977 -0.306305 0.117291
v -0.643088 -0.310992 0.116378
v -0.645325 -0.315514 0.115151
v -0.648552 -0.319742 0.113667
v -0.652549 -0.323578 0.112003
v -0.657075 -0.326974 0.110238
v -0.661890 -0.329920 0.108441
v -0.666797 -0.332436 0.106672
v -0.671646 -0.334564 0.104969
v -0.659896 -0.278361 0.123017
v -0.656277 -0.281082 0.124142
v -0.652785 -0.284189 0.125179
v -0.649576 -0.287698 0.126064
v -0.646853 -0.291603 0.126721
v -0.644832 -0.295862 0.127067
v -0.643724 -0.300393 0.127032
v -0.643689 -0.305076 0.126564
v -0.644799 -0.309762 0.125652
v -0.647019 -0.314298 0.124323
v -0.650210 -0.318551 0.122648
v -0.654158 -0.322424 0.120717
v -0.658624 -0.325862 0.118630
v -0.663373 -0.328855 0.116478
v -0.668213 -0.331421 0.114335
v -0.672991 -0.333597 0.112257
v -0.661681 -0.277513 0.130082
v -0.658198 -0.280182 0.131551
v -0.654844 -0.283231 0.132927
v -0.651774 -0.286680 0.134135
v -0.649179 -0.290522 0.135081
v -0.647266 -0.294717 0.135669
v -0.646236 -0.299189 0.135808
v -0.646238 -0.303821 0.135436
v -0.647339 -0.308469 0.134530
v -0.649506 -0.312983 0.133121
v -0.652604 -0.317233 0.131283
v -0.656432 -0.321120 0.129122
v -0.660761 -0.324588 0.126752
v -0.665368 -0.327623 0.124281
v -0.670065 -0.330239 0.121801
v -0.674709 -0.332470 0.119377
v -0.663864 -0.276792 0.136827
v -0.660575 -0.279408 0.138594
v -0.657421 -0.282396 0.140259
v -0.654553 -0.285773 0.141737
v -0.652144 -0.289534 0.142927
v -0.650390 -0.293643 0.143714
v -0.649471 -0.298025 0.144000
v -0.649524 -0.302572 0.143713
v -0.650608 -0.307145 0.142822
v -0.652691 -0.311605 0.141356
v -0.655648 -0.315822 0.139395
v -0.659296 -0.319702 0.137051
v -0.663421 -0.323185 0.134451
v -0.667819 -0.326253 0.131718
v -0.672313 -0.328915 0.128950
v -0.676764 -0.331202 0.126229
v -0.666393 -0.276202 0.143171
v -0.663341 -0.278765 0.145177
v -0.660436 -0.281688 0.147072
v -0.657814 -0.284986 0.148761
v -0.655636 -0.288653 0.150135
v -0.654074 -0.292656 0.151075
v -0.653291 -0.296924 0.151473
v -0.653403 -0.301356 0.151253
v -0.654463 -0.305826 0.150382
v -0.656437 -0.310200 0.148887
v -0.659219 -0.314359 0.146848
v -0.662642 -0.318207 0.144380
v -0.666515 -0.321689 0.141614
v -0.670652 -0.324778 0.138680
v -0.674891 -0.327482 0.135688
v -0.679105 -0.329821 0.132727
v -0.669200 -0.275740 0.149053
v -0.666417 -0.278252 0.151239
v -0.663790 -0.281108 0.153300
v -0.661444 -0.284321 0.155135
v -0.659520 -0.287885 0.156634
v -0.658172 -0.291767 0.157674
v -0.657536 -0.295903 0.158149
v -0.657712 -0.300198 0.157980
v -0.658740 -0.304539 0.157134
v -0.660595 -0.308803 0.155637
v -0.663177 -0.312879 0.153563
v -0.666346 -0.316676 0.151025
v -0.669935 -0.320137 0.148159
v -0.673778 -0.323235 0.145095
v -0.677730 -0.325969 0.141945
v -0.681675 -0.328355 0.138805
v -0.672216 -0.275399 0.154439
v -0.669718 -0.277861 0.156745
v -0.667384 -0.280649 0.158907
v -0.665325 -0.283775 0.160827
v -0.663666 -0.287229 0.162394
v -0.662535 -0.290980 0.163488
v -0.662047 -0.294970 0.164007
v -0.662284 -0.299114 0.163874
v -0.663279 -0.303309 0.163057
v -0.665004 -0.307444 0.161578
v -0.667381 -0.311417 0.159509
v -0.670285 -0.315144 0.156957
v -0.673574 -0.318568 0.154051
v -0.677108 -0.321659 0.150920
v -0.680756 -0.324412 0.147678
v -0.684412 -0.326837 0.144421
v -0.675372 -0.275169 0.159317
v -0.673161 -0.277582 0.161685
v -0.671122 -0.280302 0.163893
v -0.669348 -0.283337 0.165844
v -0.667947 -0.286678 0.167430
v -0.667027 -0.290293 0.168539
v -0.666680 -0.294131 0.169073
v -0.666974 -0.298115 0.168961
v -0.667931 -0.302152 0.168174
v -0.669529 -0.306144 0.166733
v -0.671699 -0.309999 0.164701
v -0.674341 -0.313641 0.162178
v -0.677333 -0.317012 0.159286
v -0.680554 -0.320081 0.156145
v -0.683892 -0.322840 0.152870
v -0.687256 -0.325291 0.149556
v -0.678604 -0.275037 0.163691
v -0.676674 -0.277402 0.166072
v -0.674919 -0.280053 0.168279
v -0.673416 -0.282997 0.170216
v -0.672259 -0.286222 0.171780
v -0.671534 -0.289701 0.172872
v -0.671317 -0.293383 0.173400
v -0.671658 -0.297202 0.173299
v -0.672578 -0.301076 0.172544
v -0.674051 -0.304919 0.171153
v -0.676026 -0.308646 0.169182
v -0.678416 -0.312189 0.166725
v -0.681121 -0.315494 0.163886
v -0.684041 -0.318529 0.160786
v -0.687078 -0.321278 0.157527
v -0.690154 -0.323746 0.154205
v -0.796850 -0.274723 0.021690
v -0.790296 -0.274036 0.021412
v -0.782850 -0.273422 0.021456
v -0.774480 -0.272927 0.021920
v -0.765214 -0.272600 0.022915
v -0.755156 -0.272497 0.024534
v -0.744509 -0.272663 0.026840
v -0.733554 -0.273127 0.029844
v -0.722637 -0.273894 0.033493
v -0.712107 -0.274939 0.037671
v -0.702266 -0.276213 0.042214
v -0.693331 -0.277650 0.046945
v -0.685420 -0.279183 0.051692
v -0.678552 -0.280749 0.056321
v -0.672681 -0.282297 0.060729
v -0.667716 -0.283794 0.064858
v -0.799538 -0.273066 0.026451
v -0.792994 -0.272223 0.026317
v -0.785488 -0.271449 0.026500
v -0.776971 -0.270793 0.027110
v -0.767451 -0.270321 0.028255
v -0.757031 -0.270099 0.030034
v -0.745924 -0.270187 0.032513
v -0.734446 -0.270629 0.035699
v -0.722994 -0.271434 0.039529
v -0.711968 -0.272572 0.043864
v -0.701716 -0.273984 0.048527
v -0.692476 -0.275587 0.053318
v -0.684368 -0.277299 0.058065
v -0.677401 -0.279042 0.062632
v -0.671506 -0.280758 0.066927
v -0.666571 -0.282406 0.070901
v -0.802194 -0.271414 0.031702
v -0.795687 -0.270407 0.031769
v -0.788155 -0.269459 0.032159
v -0.779524 -0.268630 0.032974
v -0.769785 -0.267993 0.034327
v -0.759030 -0.267635 0.036317
v -0.747483 -0.267634 0.039005
v -0.735497 -0.268045 0.042394
v -0.723516 -0.268887 0.046398
v -0.712001 -0.270126 0.050868
v -0.701345 -0.271687 0.055600
v -0.691814 -0.273471 0.060392
v -0.683523 -0.275374 0.065066
v -0.676467 -0.277306 0.069495
v -0.670557 -0.279198 0.073598
v -0.665655 -0.281005 0.077345
v -0.804766 -0.269795 0.037441
v -0.798324 -0.268621 0.037776
v -0.790798 -0.267494 0.038439
v -0.782092 -0.266480 0.039532
v -0.772176 -0.265669 0.041160
v -0.761129 -0.265163 0.043418
v -0.749181 -0.265059 0.046357
v -0.736718 -0.265434 0.049963
v -0.724237 -0.266310 0.054135
v -0.712256 -0.267653 0.058700
v -0.701220 -0.269371 0.063444
v -0.691414 -0.271343 0.068158
v -0.682953 -0.273445 0.072672
v -0.675818 -0.275571 0.076876
v -0.669893 -0.277643 0.080709
v -0.665022 -0.279611 0.084156
v -0.807202 -0.268240 0.043645
v -0.800845 -0.266903 0.044315
v -0.793356 -0.265598 0.045324
v -0.784617 -0.264401 0.046768
v -0.774573 -0.263412 0.048743
v -0.763291 -0.262752 0.051329
v -0.751001 -0.262541 0.054561
v -0.738118 -0.262873 0.058399
v -0.725186 -0.263781 0.062722
v -0.712787 -0.265225 0.067335
v -0.701404 -0.267100 0.072017
v -0.691346 -0.269259 0.076565
v -0.682733 -0.271558 0.080826
v -0.675522 -0.273875 0.084716
v -0.669578 -0.276125 0.088196
v -0.664724 -0.278249 0.091275
v -0.809446 -0.266783 0.050268
v -0.803186 -0.265296 0.051336
v -0.795759 -0.263825 0.052761
v -0.787027 -0.262455 0.054627
v -0.776912 -0.261298 0.057017
v -0.765462 -0.260490 0.059987
v -0.752911 -0.260172 0.063547
v -0.739690 -0.260459 0.067625
v -0.726389 -0.261393 0.072072
v -0.713636 -0.262931 0.076676
v -0.701957 -0.264951 0.081217
v -0.691682 -0.267284 0.085508
v -0.682928 -0.269768 0.089427
v -0.675639 -0.272264 0.092916
v -0.669663 -0.274675 0.095971
v -0.664807 -0.276945 0.098619
v -0.811440 -0.265459 0.057240
v -0.805283 -0.263840 0.058761
v -0.797940 -0.262228 0.060657
v -0.789249 -0.260708 0.063003
v -0.779119 -0.259405 0.065861
v -0.767583 -0.258466 0.069259
v -0.754868 -0.258055 0.073167
v -0.741417 -0.258299 0.077480
v -0.727850 -0.259252 0.082015
v -0.714834 -0.260867 0.086550
v -0.702925 -0.263009 0.090873
v -0.692471 -0.265491 0.094827
v -0.683589 -0.268130 0.098325
v -0.676217 -0.270779 0.101348
v -0.670190 -0.273330 0.103921
v -0.665304 -0.275724 0.106092
v -0.813139 -0.264295 0.064474
v -0.807084 -0.262575 0.066480
v -0.799831 -0.260853 0.068884
v -0.791214 -0.259220 0.071746
v -0.781124 -0.257805 0.075101
v -0.769586 -0.256769 0.078943
v -0.756815 -0.256285 0.083201
v -0.743261 -0.256494 0.087724
v -0.729555 -0.257457 0.092306
v -0.716382 -0.259125 0.096716
v -0.704325 -0.261353 0.100758
v -0.693739 -0.263944 0.104314
v -0.684746 -0.266699 0.107338
v -0.677283 -0.269462 0.109851
v -0.671183 -0.272122 0.111910
v -0.666236 -0.274614 0.113581
v -0.814504 -0.263315 0.071860
v -0.808541 -0.261529 0.074364
v -0.801384 -0.259738 0.077288
v -0.792862 -0.258036 0.080669
v -0.782865 -0.256556 0.084517
v -0.771404 -0.255463 0.088788
v -0.758692 -0.254936 0.093366
v -0.745170 -0.255122 0.098064
v -0.731464 -0.256085 0.102644
v -0.718261 -0.257777 0.106881
v -0.706144 -0.260047 0.110604
v -0.695478 -0.262694 0.113730
v -0.686393 -0.265516 0.116260
v -0.678835 -0.268347 0.118255
v -0.672639 -0.271076 0.119795
v -0.667600 -0.273635 0.120969
v -0.815515 -0.262536 0.079285
v -0.809630 -0.260722 0.082274
v -0.802568 -0.258907 0.085697
v -0.794159 -0.257185 0.089570
v -0.784295 -0.255690 0.093872
v -0.772991 -0.254585 0.098522
v -0.760447 -0.254050 0.103366
v -0.747088 -0.254226 0.108180
v -0.733520 -0.255179 0.112716
v -0.720409 -0.256862 0.116749
v -0.708328 -0.259127 0.120137
v -0.697644 -0.261776 0.122838
v -0.688494 -0.264608 0.124891
v -0.680841 -0.267458 0.126388
v -0.674532 -0.270211 0.127437
v -0.669375 -0.272801 0.128139
v -0.816167 -0.261961 0.086633
v -0.810345 -0.260158 0.090071
v -0.803371 -0.258364 0.093945
v -0.795089 -0.256671 0.098249
v -0.785397 -0.255208 0.102936
v -0.774314 -0.254135 0.107890
v -0.762033 -0.253623 0.112922
v -0.748957 -0.253804 0.117792
v -0.735655 -0.254739 0.122237
v -0.722754 -0.256382 0.126053
v -0.710803 -0.258598 0.129121
v -0.700161 -0.261195 0.131429
v -0.690982 -0.263983 0.133051
v -0.683243 -0.266802 0.134103
v -0.676815 -0.269539 0.134709
v -0.671520 -0.272122 0.134987
v -0.816473 -0.261590 0.093797
v -0.810699 -0.259833 0.097630
v -0.803809 -0.258097 0.101885
v -0.795662 -0.256474 0.106540
v -0.786174 -0.255086 0.111520
v -0.775366 -0.254084 0.116682
v -0.763427 -0.253620 0.121820
v -0.750730 -0.253817 0.126675
v -0.737797 -0.254725 0.131000
v -0.725209 -0.256305 0.134596
v -0.713473 -0.258432 0.137373
v -0.702939 -0.260934 0.139344
v -0.693769 -0.263631 0.140602
v -0.685965 -0.266375 0.141278
v -0.679421 -0.269055 0.141513
v -0.673984 -0.271598 0.141429
v -0.816456 -0.261407 0.100686
v -0.810718 -0.259727 0.104842
v -0.803912 -0.258084 0.109399
v -0.795912 -0.256562 0.114311
v -0.786649 -0.255282 0.119486
v -0.776159 -0.254375 0.124759
v -0.764619 -0.253977 0.129916
v -0.752370 -0.254195 0.134700
v -0.739887 -0.255073 0.138872
v -0.727690 -0.256572 0.142261
v -0.716242 -0.258583 0.144789
v -0.705876 -0.260956 0.146486
v -0.696762 -0.263528 0.147457
v -0.688920 -0.266162 0.147840
v -0.682277 -0.268750 0.147779
v -0.676699 -0.271225 0.147404
v -0.816152 -0.261398 0.107227
v -0.810446 -0.259817 0.111634
v -0.803724 -0.258288 0.116405
v -0.795879 -0.256892 0.121479
v -0.786863 -0.255737 0.126750
v -0.776717 -0.254939 0.132045
v -0.765615 -0.254618 0.137145
v -0.753861 -0.254861 0.141808
v -0.741879 -0.255702 0.145814
v -0.730126 -0.257111 0.149009
v -0.719024 -0.258993 0.151330
v -0.708881 -0.261214 0.152819
v -0.699866 -0.263637 0.153577
v -0.692023 -0.266134 0.153745
v -0.685303 -0.268608 0.153468
v -0.679601 -0.270991 0.152876
v -0.815602 -0.261540 0.113374
v -0.809929 -0.260071 0.117953
v -0.803295 -0.258671 0.122856
v -0.795616 -0.257413 0.128006
v -0.786859 -0.256392 0.133286
v -0.777077 -0.255710 0.138524
v -0.766431 -0.255467 0.143508
v -0.755195 -0.255734 0.148014
v -0.743739 -0.256539 0.151844
v -0.732468 -0.257853 0.154861
v -0.721751 -0.259597 0.157019
v -0.711872 -0.261659 0.158354
v -0.702999 -0.263919 0.158967
v -0.695193 -0.266265 0.158992
v -0.688427 -0.268607 0.158570
v -0.682621 -0.270881 0.157828
v -0.814852 -0.261807 0.119095
v -0.809213 -0.260462 0.123778
v -0.802674 -0.259196 0.128735
v -0.795170 -0.258079 0.133886
v -0.786683 -0.257192 0.139105
v -0.777271 -0.256624 0.144226
v -0.767087 -0.256456 0.149051
v -0.756375 -0.256745 0.153376
v -0.745455 -0.257512 0.157028
v -0.734678 -0.258733 0.159885
v -0.724372 -0.260341 0.161910
v -0.714788 -0.262243 0.163138
v -0.706096 -0.264337 0.163662
v -0.698363 -0.266524 0.163605
v -0.691583 -0.268725 0.163100
v -0.685702 -0.270879 0.162269
v -0.817181 -0.326346 0.009396
v -0.819108 -0.323981 0.007016
v -0.820864 -0.321329 0.004810
v -0.822365 -0.318386 0.002873
v -0.823520 -0.315161 0.001309
v -0.824244 -0.311683 0.000218
v -0.824460 -0.308000 -0.000308
v -0.824117 -0.304182 -0.000207
v -0.823198 -0.300308 0.000548
v -0.821724 -0.296467 0.001940
v -0.819750 -0.292740 0.003910
v -0.817361 -0.289198 0.006370
v -0.814655 -0.285894 0.009206
v -0.811737 -0.282859 0.012309
v -0.808700 -0.280110 0.015567
v -0.805627 -0.277644 0.018889
v -0.820414 -0.326214 0.013769
v -0.822623 -0.323801 0.011401
v -0.824661 -0.321081 0.009193
v -0.826433 -0.318046 0.007243
v -0.827832 -0.314705 0.005657
v -0.828750 -0.311090 0.004549
v -0.829096 -0.307252 0.004016
v -0.828802 -0.303270 0.004129
v -0.827844 -0.299233 0.004916
v -0.826246 -0.295242 0.006357
v -0.824075 -0.291387 0.008390
v -0.821435 -0.287746 0.010912
v -0.818444 -0.284376 0.013805
v -0.815224 -0.281306 0.016946
v -0.811886 -0.278549 0.020221
v -0.808523 -0.276097 0.023538
v -0.823570 -0.325985 0.018645
v -0.826068 -0.323522 0.016340
v -0.828399 -0.320734 0.014177
v -0.830456 -0.317609 0.012256
v -0.832114 -0.314155 0.010690
v -0.833243 -0.310404 0.009596
v -0.833730 -0.306414 0.009078
v -0.833492 -0.302270 0.009212
v -0.832497 -0.298076 0.010030
v -0.830771 -0.293941 0.011509
v -0.828394 -0.289969 0.013579
v -0.825491 -0.286243 0.016132
v -0.822202 -0.282820 0.019037
v -0.818670 -0.279729 0.022170
v -0.815024 -0.276976 0.025411
v -0.811368 -0.274552 0.028669
v -0.826588 -0.325644 0.024029
v -0.829369 -0.323131 0.021843
v -0.831994 -0.320275 0.019782
v -0.834339 -0.317062 0.017946
v -0.836261 -0.313498 0.016449
v -0.837607 -0.309617 0.015408
v -0.838242 -0.305481 0.014933
v -0.838065 -0.301187 0.015103
v -0.837035 -0.296846 0.015950
v -0.835182 -0.292582 0.017449
v -0.832598 -0.288508 0.019523
v -0.829430 -0.284711 0.022060
v -0.825842 -0.281251 0.024926
v -0.822000 -0.278152 0.027992
v -0.818049 -0.275420 0.031142
v -0.814104 -0.273033 0.034283
v -0.829395 -0.325182 0.029910
v -0.832446 -0.322619 0.027903
v -0.835349 -0.319696 0.026006
v -0.837971 -0.316398 0.024316
v -0.840147 -0.312731 0.022945
v -0.841707 -0.308728 0.022004
v -0.842489 -0.304460 0.021606
v -0.842375 -0.300028 0.021827
v -0.841315 -0.295559 0.022698
v -0.839339 -0.291185 0.024194
v -0.836557 -0.287028 0.026234
v -0.833135 -0.283179 0.028704
v -0.829263 -0.279699 0.031469
v -0.825127 -0.276610 0.034405
v -0.820888 -0.273907 0.037396
v -0.816675 -0.271568 0.040359
v -0.831925 -0.324592 0.036252
v -0.835214 -0.321977 0.034484
v -0.838366 -0.318989 0.032818
v -0.841234 -0.315612 0.031338
v -0.843641 -0.311850 0.030150
v -0.845393 -0.307741 0.029362
v -0.846310 -0.303359 0.029076
v -0.846256 -0.298814 0.029365
v -0.845171 -0.294240 0.030257
v -0.843088 -0.289780 0.031722
v -0.840130 -0.285564 0.033685
v -0.836482 -0.281685 0.036029
v -0.832357 -0.278202 0.038629
v -0.827960 -0.275135 0.041364
v -0.823468 -0.272472 0.044133
v -0.819017 -0.270186 0.046855
v -0.834112 -0.323872 0.042996
v -0.837592 -0.321203 0.041526
v -0.840946 -0.318153 0.040147
v -0.844014 -0.314705 0.038940
v -0.846608 -0.310863 0.037992
v -0.848519 -0.306667 0.037406
v -0.849548 -0.302195 0.037266
v -0.849545 -0.297563 0.037638
v -0.848443 -0.292917 0.038544
v -0.846275 -0.288401 0.039954
v -0.843176 -0.284152 0.041794
v -0.839347 -0.280266 0.043956
v -0.835019 -0.276798 0.046328
v -0.830412 -0.273764 0.048799
v -0.825715 -0.271149 0.051280
v -0.821072 -0.268918 0.053705
v -0.835899 -0.323025 0.050060
v -0.839515 -0.320304 0.048935
v -0.843008 -0.317196 0.047896
v -0.846216 -0.313687 0.047010
v -0.848937 -0.309782 0.046352
v -0.850957 -0.305523 0.046005
v -0.852064 -0.300991 0.046040
v -0.852097 -0.296309 0.046508
v -0.850986 -0.291623 0.047421
v -0.848764 -0.287087 0.048750
v -0.845572 -0.282835 0.050426
v -0.841624 -0.278963 0.052359
v -0.837159 -0.275524 0.054447
v -0.832409 -0.272532 0.056601
v -0.827571 -0.269966 0.058744
v -0.822792 -0.267790 0.060824
v -0.837245 -0.322058 0.057349
v -0.840931 -0.319288 0.056598
v -0.844494 -0.316131 0.055932
v -0.847767 -0.312575 0.055401
v -0.850549 -0.308627 0.055066
v -0.852618 -0.304333 0.054985
v -0.853761 -0.299775 0.055212
v -0.853812 -0.295080 0.055781
v -0.852700 -0.290394 0.056694
v -0.850460 -0.285871 0.057922
v -0.847234 -0.281643 0.059406
v -0.843235 -0.277807 0.061071
v -0.838710 -0.274412 0.062838
v -0.833894 -0.271466 0.064636
v -0.828987 -0.268950 0.066406
v -0.824140 -0.266823 0.068112
v -0.838133 -0.320990 0.064747
v -0.841819 -0.318174 0.064386
v -0.845375 -0.314978 0.064106
v -0.848638 -0.311390 0.063945
v -0.851407 -0.307424 0.063943
v -0.853463 -0.303123 0.064139
v -0.854596 -0.298577 0.064562
v -0.854647 -0.293905 0.065230
v -0.853545 -0.289258 0.066135
v -0.851323 -0.284783 0.067250
v -0.848120 -0.280609 0.068526
v -0.844145 -0.276826 0.069905
v -0.839642 -0.273483 0.071332
v -0.834841 -0.270588 0.072756
v -0.829941 -0.268117 0.074139
v -0.825093 -0.266033 0.075455
v -0.838561 -0.319837 0.072142
v -0.842180 -0.316983 0.072166
v -0.845659 -0.313761 0.072267
v -0.848839 -0.310160 0.072469
v -0.851525 -0.306198 0.072790
v -0.853509 -0.301924 0.073252
v -0.854592 -0.297422 0.073861
v -0.854625 -0.292814 0.074619
v -0.853539 -0.288240 0.075511
v -0.851369 -0.283843 0.076508
v -0.848245 -0.279744 0.077573
v -0.844365 -0.276031 0.078669
v -0.839961 -0.272749 0.079758
v -0.835252 -0.269904 0.080813
v -0.830433 -0.267476 0.081812
v -0.825651 -0.265427 0.082744
v -0.838549 -0.318620 0.079426
v -0.842043 -0.315740 0.079811
v -0.845382 -0.312504 0.080270
v -0.848415 -0.308911 0.080807
v -0.850961 -0.304978 0.081427
v -0.852823 -0.300758 0.082127
v -0.853824 -0.296334 0.082904
v -0.853824 -0.291821 0.083738
v -0.852761 -0.287352 0.084608
v -0.850673 -0.283058 0.085490
v -0.847673 -0.279056 0.086356
v -0.843947 -0.275425 0.087184
v -0.839706 -0.272209 0.087957
v -0.835156 -0.269415 0.088665
v -0.830483 -0.267024 0.089304
v -0.825827 -0.265002 0.089874
v -0.838136 -0.317365 0.086502
v -0.841454 -0.314467 0.087215
v -0.844604 -0.311235 0.087990
v -0.847442 -0.307668 0.088820
v -0.849802 -0.303789 0.089698
v -0.851510 -0.299649 0.090603
v -0.852402 -0.295329 0.091517
v -0.852360 -0.290937 0.092409
v -0.851329 -0.286597 0.093255
v -0.849341 -0.282429 0.094030
v -0.846500 -0.278537 0.094717
v -0.842971 -0.274999 0.095307
v -0.838943 -0.271853 0.095799
v -0.834608 -0.269109 0.096196
v -0.830132 -0.266751 0.096511
v -0.825651 -0.264749 0.096753
v -0.837368 -0.316091 0.093289
v -0.840476 -0.313191 0.094284
v -0.843401 -0.309978 0.095329
v -0.846014 -0.306454 0.096407
v -0.848163 -0.302648 0.097494
v -0.849692 -0.298610 0.098563
v -0.850463 -0.294416 0.099581
v -0.850373 -0.290166 0.100513
v -0.849377 -0.285972 0.101331
v -0.847503 -0.281942 0.102011
v -0.844842 -0.278174 0.102545
v -0.841538 -0.274733 0.102933
v -0.837757 -0.271662 0.103185
v -0.833671 -0.268968 0.103319
v -0.829431 -0.266642 0.103354
v -0.825164 -0.264656 0.103310
v -0.836303 -0.314821 0.099730
v -0.839177 -0.311931 0.100960
v -0.841858 -0.308751 0.102223
v -0.844226 -0.305288 0.103495
v -0.846150 -0.301571 0.104745
v -0.847495 -0.297650 0.105935
v -0.848140 -0.293597 0.107025
v -0.848002 -0.289502 0.107979
v -0.847044 -0.285465 0.108766
v -0.845290 -0.281584 0.109365
v -0.842818 -0.277945 0.109773
v -0.839752 -0.274608 0.109997
v -0.836236 -0.271614 0.110054
v -0.832419 -0.268971 0.109972
v -0.828438 -0.266674 0.109777
v -0.824410 -0.264700 0.109495
v -0.834997 -0.313571 0.105785
v -0.837627 -0.310703 0.107200
v -0.840055 -0.307569 0.108631
v -0.842176 -0.304180 0.110047
v -0.843875 -0.300565 0.111412
v -0.845035 -0.296774 0.112684
v -0.845559 -0.292871 0.113820
v -0.845375 -0.288937 0.114780
v -0.844455 -0.285064 0.115535
v -0.842821 -0.281336 0.116067
v -0.840540 -0.277829 0.116374
v -0.837713 -0.274600 0.116471
v -0.834465 -0.271684 0.116378
v -0.830926 -0.269095 0.116126
v -0.827216 -0.266827 0.115747
v -0.823440 -0.264863 0.115273
v -0.680942 -0.339576 0.053988
v -0.686580 -0.340921 0.049305
v -0.693119 -0.342185 0.044348
v -0.700624 -0.343303 0.039197
v -0.709109 -0.344188 0.033977
v -0.718520 -0.344756 0.028855
v -0.728703 -0.344925 0.024031
v -0.739414 -0.344636 0.019705
v -0.750332 -0.343868 0.016056
v -0.761108 -0.342648 0.013198
v -0.771415 -0.341041 0.011173
v -0.780997 -0.339138 0.009945
v -0.789690 -0.337045 0.009423
v -0.797424 -0.334859 0.009480
v -0.804202 -0.332657 0.009986
v -0.810084 -0.330504 0.010818
v -0.680190 -0.339844 0.059708
v -0.685863 -0.341310 0.055129
v -0.692496 -0.342711 0.050225
v -0.700176 -0.343968 0.045073
v -0.708933 -0.344990 0.039793
v -0.718714 -0.345670 0.034554
v -0.729361 -0.345913 0.029571
v -0.740594 -0.345646 0.025064
v -0.752049 -0.344842 0.021235
v -0.763319 -0.343528 0.018218
v -0.774036 -0.341784 0.016061
v -0.783914 -0.339722 0.014728
v -0.792786 -0.337463 0.014116
v -0.800593 -0.335117 0.014091
v -0.807359 -0.332775 0.014514
v -0.813164 -0.330503 0.015257
v -0.679639 -0.339986 0.065854
v -0.685345 -0.341567 0.061446
v -0.692066 -0.343096 0.056675
v -0.699911 -0.344491 0.051597
v -0.708928 -0.345647 0.046326
v -0.719072 -0.346443 0.041032
v -0.730175 -0.346764 0.035931
v -0.741926 -0.346522 0.031267
v -0.753908 -0.345679 0.027262
v -0.765661 -0.344271 0.024068
v -0.776763 -0.342390 0.021746
v -0.786905 -0.340168 0.020259
v -0.795921 -0.337746 0.019503
v -0.803763 -0.335249 0.019335
v -0.810483 -0.332776 0.019614
v -0.816186 -0.330393 0.020208
v -0.679335 -0.339977 0.072395
v -0.685072 -0.341656 0.068236
v -0.691877 -0.343301 0.063677
v -0.699877 -0.344821 0.058764
v -0.709140 -0.346102 0.053590
v -0.719630 -0.347009 0.048314
v -0.731169 -0.347407 0.043157
v -0.743417 -0.347188 0.038372
v -0.755900 -0.346311 0.034200
v -0.768098 -0.344812 0.030813
v -0.779545 -0.342800 0.028284
v -0.789910 -0.340428 0.026589
v -0.799026 -0.337856 0.025620
v -0.806867 -0.335222 0.025238
v -0.813511 -0.332634 0.025300
v -0.819089 -0.330159 0.025676
v -0.679316 -0.339796 0.079282
v -0.685090 -0.341552 0.075448
v -0.691979 -0.343287 0.071191
v -0.700125 -0.344911 0.066534
v -0.709614 -0.346299 0.061553
v -0.720422 -0.347300 0.056388
v -0.732360 -0.347765 0.051250
v -0.745058 -0.347568 0.046393
v -0.757990 -0.346660 0.042070
v -0.770579 -0.345080 0.038474
v -0.782315 -0.342953 0.035697
v -0.792849 -0.340451 0.033728
v -0.802019 -0.337753 0.032472
v -0.809825 -0.335009 0.031797
v -0.816368 -0.332330 0.031564
v -0.821806 -0.329786 0.031651
v -0.679620 -0.339424 0.086447
v -0.685441 -0.341227 0.083006
v -0.692416 -0.343022 0.079130
v -0.700698 -0.344716 0.074824
v -0.710389 -0.346179 0.070135
v -0.721473 -0.347250 0.065180
v -0.733753 -0.347763 0.060145
v -0.746830 -0.347582 0.055276
v -0.760133 -0.346647 0.050829
v -0.773033 -0.345004 0.047015
v -0.784986 -0.342788 0.043949
v -0.795627 -0.340191 0.041641
v -0.804808 -0.337403 0.040021
v -0.812548 -0.334583 0.038972
v -0.818976 -0.331847 0.038367
v -0.824270 -0.329263 0.038092
v -0.680271 -0.338851 0.093794
v -0.686155 -0.340665 0.090802
v -0.693218 -0.342480 0.087378
v -0.701626 -0.344202 0.083505
v -0.711490 -0.345699 0.079200
v -0.722794 -0.346803 0.074548
v -0.735339 -0.347338 0.069703
v -0.748699 -0.347161 0.064886
v -0.762268 -0.346208 0.060350
v -0.775379 -0.344526 0.056317
v -0.787461 -0.342260 0.052929
v -0.798148 -0.339610 0.050231
v -0.807298 -0.336779 0.048180
v -0.814952 -0.333929 0.046684
v -0.821260 -0.331174 0.045639
v -0.826417 -0.328585 0.044939
v -0.681281 -0.338071 0.101220
v -0.687244 -0.339859 0.098713
v -0.694399 -0.341649 0.095788
v -0.702921 -0.343352 0.092404
v -0.712919 -0.344834 0.088555
v -0.724380 -0.345927 0.084281
v -0.737093 -0.346453 0.079702
v -0.750617 -0.346267 0.075003
v -0.764325 -0.345304 0.070421
v -0.777530 -0.343613 0.066184
v -0.789648 -0.341341 0.062463
v -0.800314 -0.338694 0.059338
v -0.809401 -0.335871 0.056810
v -0.816959 -0.333040 0.054818
v -0.823155 -0.330311 0.053279
v -0.828194 -0.327752 0.052108
v -0.682645 -0.337093 0.108607
v -0.688699 -0.338814 0.106600
v -0.695950 -0.340536 0.104193
v -0.704569 -0.342170 0.101329
v -0.714659 -0.343585 0.097971
v -0.726199 -0.344622 0.094127
v -0.738970 -0.345107 0.089868
v -0.752527 -0.344898 0.085342
v -0.766236 -0.343935 0.080761
v -0.779409 -0.342265 0.076351
v -0.791468 -0.340037 0.072309
v -0.802056 -0.337446 0.068755
v -0.811049 -0.334690 0.065732
v -0.818513 -0.331926 0.063222
v -0.824613 -0.329266 0.061165
v -0.829559 -0.326773 0.059495
v -0.684343 -0.335930 0.115841
v -0.690498 -0.337549 0.114319
v -0.697842 -0.339162 0.112421
v -0.706532 -0.340682 0.110073
v -0.716664 -0.341987 0.107214
v -0.728201 -0.342925 0.103813
v -0.740918 -0.343338 0.099903
v -0.754371 -0.343094 0.095590
v -0.767941 -0.342140 0.091053
v -0.780960 -0.340525 0.086518
v -0.792872 -0.338383 0.082195
v -0.803326 -0.335899 0.078243
v -0.812208 -0.333258 0.074748
v -0.819581 -0.330610 0.071725
v -0.825607 -0.328058 0.069155
v -0.830493 -0.325662 0.066985
v -0.686335 -0.334606 0.122816
v -0.692596 -0.336094 0.121746
v -0.700020 -0.337564 0.120320
v -0.708754 -0.338936 0.118453
v -0.718871 -0.340094 0.116060
v -0.730321 -0.340903 0.113089
v -0.742876 -0.341221 0.109528
v -0.756099 -0.340935 0.105448
v -0.769403 -0.340000 0.101000
v -0.782159 -0.338461 0.096395
v -0.793840 -0.336441 0.091854
v -0.804116 -0.334106 0.087565
v -0.812871 -0.331621 0.083646
v -0.820161 -0.329125 0.080158
v -0.826136 -0.326713 0.077104
v -0.830992 -0.324443 0.074459
v -0.688578 -0.333150 0.129440
v -0.694936 -0.334487 0.128769
v -0.702424 -0.335792 0.127758
v -0.711165 -0.336990 0.126314
v -0.721209 -0.337980 0.124338
v -0.732494 -0.338641 0.121751
v -0.744787 -0.338853 0.118518
v -0.757673 -0.338521 0.114678
v -0.770606 -0.337613 0.110354
v -0.783009 -0.336168 0.105741
v -0.794395 -0.334293 0.101058
v -0.804453 -0.332132 0.096510
v -0.813068 -0.329832 0.092249
v -0.820279 -0.327513 0.088361
v -0.826223 -0.325264 0.084881
v -0.831076 -0.323139 0.081805
v -0.691014 -0.331595 0.135647
v -0.697457 -0.332769 0.135310
v -0.704982 -0.333897 0.134646
v -0.713688 -0.334912 0.133554
v -0.723607 -0.335724 0.131925
v -0.734655 -0.336231 0.129666
v -0.746606 -0.336334 0.126725
v -0.759073 -0.335960 0.123118
v -0.771558 -0.335083 0.118944
v -0.783540 -0.333740 0.114378
v -0.794579 -0.332022 0.109634
v -0.804389 -0.330049 0.104920
v -0.812848 -0.327946 0.100405
v -0.819984 -0.325818 0.096203
v -0.825908 -0.323745 0.092370
v -0.830779 -0.321777 0.088923
v -0.693587 -0.329976 0.141387
v -0.700093 -0.330983 0.141320
v -0.707625 -0.331932 0.140930
v -0.716258 -0.332762 0.140114
v -0.725998 -0.333399 0.138760
v -0.736755 -0.333758 0.136769
v -0.748305 -0.333760 0.134080
v -0.760295 -0.333348 0.130692
v -0.772279 -0.332506 0.126685
v -0.783797 -0.331267 0.122215
v -0.794454 -0.329705 0.117481
v -0.803988 -0.327920 0.112689
v -0.812279 -0.326017 0.108015
v -0.819336 -0.324084 0.103586
v -0.825246 -0.322191 0.099481
v -0.830146 -0.320383 0.095735
v -0.696243 -0.328324 0.146640
v -0.702786 -0.329167 0.146776
v -0.710293 -0.329942 0.146591
v -0.718812 -0.330598 0.145981
v -0.728333 -0.331071 0.144835
v -0.738754 -0.331294 0.143055
v -0.749865 -0.331205 0.140576
v -0.761345 -0.330764 0.137388
v -0.772801 -0.329959 0.133558
v -0.783831 -0.328820 0.129222
v -0.794085 -0.327407 0.124558
v -0.803327 -0.325803 0.119766
v -0.811435 -0.324092 0.115018
v -0.818403 -0.322347 0.110451
v -0.824297 -0.320630 0.106156
v -0.829231 -0.318982 0.102183
v -0.698931 -0.326667 0.151403
v -0.705486 -0.327354 0.151682
v -0.712933 -0.327968 0.151638
v -0.721303 -0.328464 0.151172
v -0.730571 -0.328792 0.150177
v -0.740630 -0.328895 0.148560
v -0.751281 -0.328729 0.146253
v -0.762238 -0.328265 0.143248
v -0.773158 -0.327498 0.139597
v -0.783692 -0.326453 0.135418
v -0.793535 -0.325178 0.130874
v -0.802471 -0.323740 0.126143
v -0.810384 -0.322207 0.121394
v -0.817251 -0.320640 0.116766
v -0.823123 -0.319090 0.112357
v -0.828088 -0.317594 0.108228
v -1.667663 -0.264700 0.236419
v -0.718241 -0.325678 0.285473
v -0.714979 -0.324156 0.281961
v -0.782352 -0.357005 0.053128
v -0.759956 -0.217939 0.257464
v -1.674935 -0.264237 0.241428
v -0.896643 -0.274817 -0.051800
v -0.851809 -0.366579 -0.035550
vn -0.3544 -0.3029 -0.8847
vn -0.7846 -0.3780 0.4914
vn 0.1186 -0.8796 0.4607
vn 0.1281 0.9797 -0.1545
vn -0.2656 -0.7447 -0.6122
vn -0.5425 -0.3241 -0.7750
vn -0.5168 -0.6506 -0.5564
vn -0.8583 -0.3540 0.3715
vn -0.0132 -0.8069 0.5905
vn 0.2872 -0.9537 -0.0896
vn 0.5318 0.6822 0.5018
vn 0.2515 -0.9636 -0.0906
vn -0.0159 -0.8290 0.5590
vn 0.0011 -0.8506 0.5258
vn 0.0184 -0.8712 0.4905
vn 0.0360 -0.8905 0.4535
vn 0.0540 -0.9083 0.4147
vn 0.0721 -0.9244 0.3745
vn 0.0903 -0.9386 0.3330
vn 0.1084 -0.9507 0.2905
vn 0.1263 -0.9607 0.2473
vn 0.1441 -0.9684 0.2036
vn 0.1614 -0.9739 0.1598
vn 0.1782 -0.9771 0.1161
vn 0.1944 -0.9782 0.0730
vn 0.2099 -0.9772 0.0305
vn 0.2246 -0.9744 -0.0111
vn 0.2384 -0.9698 -0.0514
vn -0.8254 -0.4166 0.3810
vn -0.7866 -0.4637 0.4077
vn -0.7431 -0.5101 0.4331
vn -0.6954 -0.5547 0.4568
vn -0.6440 -0.5969 0.4785
vn -0.5896 -0.6361 0.4978
vn -0.5332 -0.6717 0.5144
vn -0.4755 -0.7034 0.5283
vn -0.4177 -0.7309 0.5398
vn -0.3603 -0.7544 0.5487
vn -0.3042 -0.7740 0.5553
vn -0.2499 -0.7900 0.5598
vn -0.1977 -0.8028 0.5625
vn -0.1482 -0.8127 0.5635
vn -0.1013 -0.8201 0.5632
vn -0.0571 -0.8254 0.5616
vn -0.8296 -0.4432 0.3396
vn -0.7895 -0.4922 0.3666
vn -0.7446 -0.5401 0.3924
vn -0.6950 -0.5860 0.4165
vn -0.6416 -0.6292 0.4386
vn -0.5850 -0.6690 0.4584
vn -0.5265 -0.7048 0.4755
vn -0.4668 -0.7362 0.4900
vn -0.4070 -0.7632 0.5019
vn -0.3480 -0.7858 0.5113
vn -0.2905 -0.8042 0.5185
vn -0.2351 -0.8189 0.5235
vn -0.1821 -0.8303 0.5267
vn -0.1319 -0.8388 0.5283
vn -0.0846 -0.8447 0.5285
vn -0.0403 -0.8485 0.5277
vn -0.8319 -0.4701 0.2949
vn -0.7906 -0.5209 0.3219
vn -0.7440 -0.5705 0.3480
vn -0.6926 -0.6177 0.3725
vn -0.6372 -0.6618 0.3950
vn -0.5785 -0.7022 0.4152
vn -0.5179 -0.7379 0.4328
vn -0.4562 -0.7689 0.4479
vn -0.3946 -0.7952 0.4604
vn -0.3342 -0.8167 0.4705
vn -0.2755 -0.8338 0.4784
vn -0.2190 -0.8471 0.4842
vn -0.1654 -0.8569 0.4882
vn -0.1148 -0.8638 0.4906
vn -0.0673 -0.8682 0.4916
vn -0.0229 -0.8706 0.4915
vn -0.8318 -0.4973 0.2465
vn -0.7891 -0.5500 0.2735
vn -0.7410 -0.6010 0.2997
vn -0.6878 -0.6494 0.3245
vn -0.6303 -0.6943 0.3474
vn -0.5697 -0.7348 0.3682
vn -0.5071 -0.7704 0.3866
vn -0.4436 -0.8008 0.4023
vn -0.3805 -0.8261 0.4156
vn -0.3188 -0.8464 0.4266
vn -0.2590 -0.8622 0.4353
vn -0.2019 -0.8739 0.4421
vn -0.1478 -0.8822 0.4471
vn -0.0968 -0.8875 0.4505
vn -0.0493 -0.8904 0.4525
vn -0.0050 -0.8913 0.4535
vn -0.8289 -0.5244 0.1947
vn -0.7849 -0.5786 0.2215
vn -0.7352 -0.6310 0.2477
vn -0.6801 -0.6805 0.2728
vn -0.6208 -0.7259 0.2962
vn -0.5583 -0.7665 0.3175
vn -0.4939 -0.8017 0.3366
vn -0.4289 -0.8314 0.3532
vn -0.3645 -0.8556 0.3676
vn -0.3017 -0.8746 0.3796
vn -0.2412 -0.8889 0.3894
vn -0.1836 -0.8991 0.3973
vn -0.1292 -0.9058 0.4035
vn -0.0782 -0.9096 0.4081
vn -0.0307 -0.9109 0.4114
vn 0.0133 -0.9104 0.4135
vn -0.8228 -0.5509 0.1395
vn -0.7775 -0.6066 0.1660
vn -0.7261 -0.6602 0.1922
vn -0.6693 -0.7104 0.2174
vn -0.6083 -0.7561 0.2413
vn -0.5442 -0.7966 0.2634
vn -0.4783 -0.8312 0.2833
vn -0.4120 -0.8600 0.3010
vn -0.3466 -0.8830 0.3164
vn -0.2830 -0.9007 0.3297
vn -0.2221 -0.9135 0.3409
vn -0.1642 -0.9222 0.3502
vn -0.1098 -0.9274 0.3577
vn -0.0590 -0.9297 0.3637
vn -0.0118 -0.9296 0.3684
vn 0.0319 -0.9277 0.3719
vn -0.8132 -0.5763 0.0814
vn -0.7666 -0.6331 0.1074
vn -0.7136 -0.6877 0.1334
vn -0.6554 -0.7384 0.1589
vn -0.5928 -0.7842 0.1833
vn -0.5273 -0.8243 0.2061
vn -0.4602 -0.8583 0.2270
vn -0.3929 -0.8861 0.2459
vn -0.3269 -0.9078 0.2627
vn -0.2629 -0.9241 0.2774
vn -0.2017 -0.9355 0.2900
vn -0.1439 -0.9428 0.3008
vn -0.0897 -0.9465 0.3099
vn -0.0392 -0.9474 0.3175
vn 0.0074 -0.9461 0.3238
vn 0.0506 -0.9430 0.3289
vn -0.7998 -0.5999 0.0210
vn -0.7518 -0.6577 0.0463
vn -0.6975 -0.7129 0.0721
vn -0.6379 -0.7639 0.0977
vn -0.5741 -0.8096 0.1225
vn -0.5075 -0.8492 0.1462
vn -0.4396 -0.8823 0.1682
vn -0.3718 -0.9090 0.1884
vn -0.3054 -0.9295 0.2066
vn -0.2413 -0.9445 0.2229
vn -0.1803 -0.9546 0.2373
vn -0.1228 -0.9605 0.2498
vn -0.0691 -0.9630 0.2607
vn -0.0191 -0.9627 0.2700
vn 0.0270 -0.9602 0.2779
vn 0.0695 -0.9561 0.2847
vn -0.7825 -0.6213 -0.0413
vn -0.7333 -0.6797 -0.0166
vn -0.6778 -0.7352 0.0089
vn -0.6170 -0.7862 0.0346
vn -0.5523 -0.8315 0.0600
vn -0.4850 -0.8704 0.0845
vn -0.4167 -0.9027 0.1076
vn -0.3487 -0.9283 0.1293
vn -0.2824 -0.9476 0.1491
vn -0.2186 -0.9614 0.1671
vn -0.1580 -0.9703 0.1832
vn -0.1010 -0.9751 0.1976
vn -0.0480 -0.9765 0.2102
vn 0.0012 -0.9752 0.2214
vn 0.0465 -0.9718 0.2312
vn 0.0882 -0.9668 0.2398
vn -0.7613 -0.6399 -0.1045
vn -0.7109 -0.6987 -0.0805
vn -0.6544 -0.7541 -0.0554
vn -0.5929 -0.8047 -0.0297
vn -0.5276 -0.8495 -0.0038
vn -0.4600 -0.8876 0.0216
vn -0.3917 -0.9190 0.0461
vn -0.3240 -0.9435 0.0692
vn -0.2580 -0.9619 0.0907
vn -0.1948 -0.9746 0.1104
vn -0.1350 -0.9825 0.1284
vn -0.0788 -0.9863 0.1446
vn -0.0267 -0.9869 0.1592
vn 0.0216 -0.9848 0.1722
vn 0.0660 -0.9807 0.1839
vn 0.1068 -0.9751 0.1944
vn -0.7362 -0.6556 -0.1679
vn -0.6849 -0.7141 -0.1446
vn -0.6277 -0.7692 -0.1198
vn -0.5658 -0.8192 -0.0940
vn -0.5004 -0.8632 -0.0678
vn -0.4329 -0.9005 -0.0415
vn -0.3649 -0.9309 -0.0158
vn -0.2978 -0.9546 0.0088
vn -0.2327 -0.9720 0.0320
vn -0.1704 -0.9839 0.0535
vn -0.1116 -0.9910 0.0733
vn -0.0564 -0.9942 0.0915
vn -0.0054 -0.9941 0.1080
vn 0.0419 -0.9915 0.1230
vn 0.0853 -0.9870 0.1365
vn 0.1250 -0.9809 0.1487
vn -0.7078 -0.6679 -0.2301
vn -0.6557 -0.7259 -0.2076
vn -0.5981 -0.7802 -0.1833
vn -0.5360 -0.8294 -0.1575
vn -0.4709 -0.8725 -0.1308
vn -0.4039 -0.9089 -0.1037
vn -0.3367 -0.9384 -0.0769
vn -0.2707 -0.9613 -0.0510
vn -0.2067 -0.9781 -0.0262
vn -0.1456 -0.9893 -0.0029
vn -0.0880 -0.9959 0.0187
vn -0.0341 -0.9987 0.0387
vn 0.0158 -0.9982 0.0571
vn 0.0619 -0.9953 0.0739
vn 0.1042 -0.9905 0.0893
vn 0.1429 -0.9843 0.1034
vn -0.6763 -0.6768 -0.2907
vn -0.6236 -0.7340 -0.2690
vn -0.5660 -0.7872 -0.2451
vn -0.5041 -0.8353 -0.2193
vn -0.4396 -0.8774 -0.1922
vn -0.3736 -0.9129 -0.1645
vn -0.3076 -0.9417 -0.1367
vn -0.2429 -0.9639 -0.1094
vn -0.1803 -0.9801 -0.0832
vn -0.1207 -0.9910 -0.0583
vn -0.0645 -0.9973 -0.0350
vn -0.0120 -0.9998 -0.0133
vn 0.0366 -0.9993 0.0069
vn 0.0813 -0.9964 0.0255
vn 0.1225 -0.9916 0.0427
vn 0.1601 -0.9854 0.0585
vn -0.6422 -0.6824 -0.3490
vn -0.5894 -0.7383 -0.3279
vn -0.5319 -0.7903 -0.3042
vn -0.4707 -0.8372 -0.2785
vn -0.4070 -0.8782 -0.2512
vn -0.3424 -0.9128 -0.2228
vn -0.2779 -0.9408 -0.1942
vn -0.2148 -0.9625 -0.1659
vn -0.1539 -0.9783 -0.1384
vn -0.0960 -0.9890 -0.1122
vn -0.0414 -0.9953 -0.0873
vn 0.0095 -0.9979 -0.0639
vn 0.0566 -0.9975 -0.0421
vn 0.1002 -0.9947 -0.0218
vn 0.1400 -0.9901 -0.0030
vn 0.1766 -0.9842 0.0144
vn -0.6063 -0.6852 -0.4036
vn -0.5536 -0.7393 -0.3833
vn -0.4966 -0.7898 -0.3601
vn -0.4362 -0.8354 -0.3345
vn -0.3739 -0.8752 -0.3070
vn -0.3108 -0.9088 -0.2783
vn -0.2481 -0.9362 -0.2490
vn -0.1869 -0.9575 -0.2198
vn -0.1279 -0.9732 -0.1912
vn -0.0718 -0.9839 -0.1637
vn -0.0190 -0.9903 -0.1376
vn 0.0303 -0.9931 -0.1129
vn 0.0761 -0.9931 -0.0896
vn 0.1181 -0.9907 -0.0678
vn 0.1568 -0.9865 -0.0475
vn 0.1923 -0.9809 -0.0286
vn -0.5693 -0.6850 -0.4546
vn -0.5169 -0.7373 -0.4350
vn -0.4605 -0.7862 -0.4121
vn -0.4014 -0.8303 -0.3866
vn -0.3407 -0.8689 -0.3591
vn -0.2794 -0.9016 -0.3302
vn -0.2186 -0.9284 -0.3005
vn -0.1594 -0.9493 -0.2708
vn -0.1024 -0.9650 -0.2415
vn -0.0483 -0.9759 -0.2130
vn 0.0027 -0.9826 -0.1857
vn 0.0503 -0.9859 -0.1597
vn 0.0945 -0.9863 -0.1352
vn 0.1351 -0.9845 -0.1121
vn 0.1728 -0.9808 -0.0905
vn 0.2070 -0.9758 -0.0703
vn -0.5318 -0.6820 -0.5020
vn -0.4798 -0.7327 -0.4826
vn -0.4245 -0.7798 -0.4602
vn -0.3668 -0.8223 -0.4350
vn -0.3077 -0.8598 -0.4076
vn -0.2484 -0.8916 -0.3787
vn -0.1898 -0.9178 -0.3487
vn -0.1327 -0.9386 -0.3185
vn -0.0778 -0.9543 -0.2887
vn -0.0257 -0.9654 -0.2596
vn 0.0234 -0.9726 -0.2313
vn 0.0694 -0.9764 -0.2044
vn 0.1120 -0.9775 -0.1788
vn 0.1514 -0.9763 -0.1547
vn 0.1878 -0.9733 -0.1320
vn 0.2213 -0.9689 -0.1107
vn 0.8253 0.4169 -0.3809
vn 0.8296 0.4433 -0.3395
vn 0.8318 0.4703 -0.2948
vn 0.8316 0.4977 -0.2464
vn 0.8288 0.5247 -0.1946
vn 0.8226 0.5512 -0.1395
vn 0.8130 0.5766 -0.0813
vn 0.7996 0.6001 -0.0209
vn 0.7823 0.6215 0.0414
vn 0.7611 0.6402 0.1044
vn 0.7361 0.6558 0.1678
vn 0.7077 0.6680 0.2301
vn 0.6762 0.6769 0.2908
vn 0.6421 0.6827 0.3486
vn 0.6063 0.6853 0.4035
vn 0.5693 0.6850 0.4547
vn 0.0159 0.8291 -0.5589
vn 0.0572 0.8256 -0.5614
vn 0.1014 0.8202 -0.5630
vn 0.1482 0.8127 -0.5635
vn 0.1978 0.8029 -0.5624
vn 0.2499 0.7902 -0.5597
vn 0.3042 0.7741 -0.5552
vn 0.3603 0.7545 -0.5486
vn 0.4176 0.7310 -0.5396
vn 0.4755 0.7035 -0.5283
vn 0.5331 0.6718 -0.5143
vn 0.5895 0.6363 -0.4976
vn 0.6439 0.5972 -0.4783
vn 0.6953 0.5549 -0.4568
vn 0.7430 0.5103 -0.4330
vn 0.7864 0.4642 -0.4076
vn -0.0011 0.8507 -0.5257
vn 0.0404 0.8486 -0.5275
vn 0.0847 0.8448 -0.5284
vn 0.1319 0.8389 -0.5281
vn 0.1821 0.8304 -0.5265
vn 0.2351 0.8190 -0.5234
vn 0.2905 0.8044 -0.5182
vn 0.3480 0.7860 -0.5110
vn 0.4070 0.7634 -0.5017
vn 0.4667 0.7363 -0.4899
vn 0.5264 0.7050 -0.4753
vn 0.5850 0.6692 -0.4582
vn 0.6415 0.6294 -0.4386
vn 0.6949 0.5862 -0.4164
vn 0.7444 0.5403 -0.3923
vn 0.7893 0.4926 -0.3665
vn -0.0184 0.8713 -0.4904
vn 0.0230 0.8707 -0.4913
vn 0.0673 0.8683 -0.4915
vn 0.1148 0.8639 -0.4904
vn 0.1654 0.8570 -0.4880
vn 0.2191 0.8472 -0.4840
vn 0.2754 0.8339 -0.4782
vn 0.3342 0.8168 -0.4703
vn 0.3946 0.7953 -0.4603
vn 0.4561 0.7691 -0.4477
vn 0.5178 0.7380 -0.4327
vn 0.5784 0.7023 -0.4151
vn 0.6370 0.6621 -0.3948
vn 0.6924 0.6180 -0.3723
vn 0.7439 0.5706 -0.3479
vn 0.7903 0.5213 -0.3218
vn -0.0360 0.8906 -0.4534
vn 0.0051 0.8914 -0.4533
vn 0.0493 0.8905 -0.4524
vn 0.0969 0.8876 -0.4503
vn 0.1478 0.8823 -0.4469
vn 0.2019 0.8740 -0.4420
vn 0.2590 0.8622 -0.4353
vn 0.3187 0.8465 -0.4265
vn 0.3805 0.8262 -0.4155
vn 0.4435 0.8010 -0.4021
vn 0.5070 0.7705 -0.3864
vn 0.5695 0.7349 -0.3681
vn 0.6302 0.6944 -0.3474
vn 0.6875 0.6497 -0.3244
vn 0.7408 0.6012 -0.2996
vn 0.7890 0.5502 -0.2734
vn -0.0539 0.9084 -0.4146
vn -0.0132 0.9105 -0.4134
vn 0.0308 0.9110 -0.4112
vn 0.0783 0.9096 -0.4080
vn 0.1292 0.9059 -0.4034
vn 0.1836 0.8992 -0.3972
vn 0.2412 0.8890 -0.3893
vn 0.3017 0.8747 -0.3794
vn 0.3645 0.8557 -0.3674
vn 0.4288 0.8315 -0.3531
vn 0.4938 0.8018 -0.3365
vn 0.5582 0.7666 -0.3174
vn 0.6207 0.7260 -0.2960
vn 0.6799 0.6807 -0.2727
vn 0.7349 0.6313 -0.2476
vn 0.7848 0.5789 -0.2214
vn -0.0720 0.9245 -0.3743
vn -0.0318 0.9278 -0.3718
vn 0.0119 0.9296 -0.3683
vn 0.0590 0.9297 -0.3635
vn 0.1098 0.9274 -0.3576
vn 0.1642 0.9222 -0.3500
vn 0.2221 0.9136 -0.3407
vn 0.2830 0.9008 -0.3295
vn 0.3466 0.8831 -0.3163
vn 0.4120 0.8601 -0.3009
vn 0.4782 0.8314 -0.2832
vn 0.5441 0.7967 -0.2632
vn 0.6082 0.7563 -0.2412
vn 0.6692 0.7106 -0.2173
vn 0.7259 0.6604 -0.1920
vn 0.7772 0.6069 -0.1659
vn -0.0901 0.9386 -0.3329
vn -0.0506 0.9431 -0.3287
vn -0.0074 0.9462 -0.3236
vn 0.0393 0.9475 -0.3174
vn 0.0897 0.9465 -0.3098
vn 0.1439 0.9428 -0.3007
vn 0.2018 0.9355 -0.2899
vn 0.2628 0.9242 -0.2772
vn 0.3268 0.9079 -0.2625
vn 0.3929 0.8861 -0.2458
vn 0.4600 0.8584 -0.2269
vn 0.5271 0.8245 -0.2060
vn 0.5927 0.7844 -0.1832
vn 0.6552 0.7386 -0.1588
vn 0.7135 0.6879 -0.1334
vn 0.7663 0.6335 -0.1074
vn -0.1083 0.9507 -0.2905
vn -0.0693 0.9561 -0.2847
vn -0.0269 0.9602 -0.2779
vn 0.0192 0.9627 -0.2699
vn 0.0691 0.9630 -0.2605
vn 0.1228 0.9605 -0.2497
vn 0.1804 0.9546 -0.2372
vn 0.2413 0.9445 -0.2229
vn 0.3053 0.9296 -0.2066
vn 0.3718 0.9090 -0.1883
vn 0.4395 0.8824 -0.1682
vn 0.5074 0.8492 -0.1462
vn 0.5740 0.8096 -0.1225
vn 0.6377 0.7640 -0.0977
vn 0.6973 0.7131 -0.0721
vn 0.7516 0.6580 -0.0463
vn -0.1263 0.9607 -0.2472
vn -0.0881 0.9668 -0.2397
vn -0.0464 0.9718 -0.2312
vn -0.0012 0.9752 -0.2214
vn 0.0481 0.9765 -0.2102
vn 0.1010 0.9751 -0.1975
vn 0.1580 0.9703 -0.1832
vn 0.2186 0.9614 -0.1671
vn 0.2823 0.9477 -0.1490
vn 0.3486 0.9283 -0.1292
vn 0.4165 0.9027 -0.1076
vn 0.4849 0.8705 -0.0844
vn 0.5522 0.8316 -0.0599
vn 0.6169 0.7863 -0.0346
vn 0.6775 0.7354 -0.0089
vn 0.7331 0.6799 0.0166
vn -0.1439 0.9684 -0.2036
vn -0.1067 0.9751 -0.1943
vn -0.0659 0.9807 -0.1838
vn -0.0215 0.9848 -0.1722
vn 0.0267 0.9869 -0.1591
vn 0.0789 0.9863 -0.1446
vn 0.1350 0.9825 -0.1283
vn 0.1949 0.9746 -0.1104
vn 0.2580 0.9619 -0.0906
vn 0.3239 0.9436 -0.0691
vn 0.3916 0.9190 -0.0460
vn 0.4599 0.8877 -0.0216
vn 0.5275 0.8496 0.0038
vn 0.5928 0.8048 0.0296
vn 0.6542 0.7543 0.0554
vn 0.7108 0.6988 0.0805
vn -0.1612 0.9739 -0.1597
vn -0.1250 0.9809 -0.1487
vn -0.0851 0.9870 -0.1365
vn -0.0418 0.9915 -0.1230
vn 0.0054 0.9941 -0.1080
vn 0.0565 0.9942 -0.0914
vn 0.1116 0.9910 -0.0733
vn 0.1704 0.9839 -0.0535
vn 0.2327 0.9720 -0.0320
vn 0.2977 0.9546 -0.0088
vn 0.3649 0.9309 0.0158
vn 0.4328 0.9005 0.0414
vn 0.5002 0.8633 0.0677
vn 0.5656 0.8193 0.0940
vn 0.6275 0.7693 0.1198
vn 0.6847 0.7143 0.1445
vn -0.1780 0.9771 -0.1161
vn -0.1428 0.9843 -0.1033
vn -0.1040 0.9906 -0.0893
vn -0.0618 0.9954 -0.0739
vn -0.0157 0.9982 -0.0570
vn 0.0342 0.9987 -0.0387
vn 0.0880 0.9959 -0.0187
vn 0.1456 0.9893 0.0029
vn 0.2067 0.9781 0.0262
vn 0.2706 0.9613 0.0510
vn 0.3367 0.9385 0.0770
vn 0.4038 0.9089 0.1037
vn 0.4707 0.8726 0.1307
vn 0.5359 0.8295 0.1574
vn 0.5979 0.7803 0.1832
vn 0.6555 0.7261 0.2076
vn -0.1942 0.9782 -0.0729
vn -0.1600 0.9854 -0.0585
vn -0.1223 0.9916 -0.0427
vn -0.0812 0.9964 -0.0255
vn -0.0365 0.9993 -0.0069
vn 0.0121 0.9998 0.0133
vn 0.0645 0.9973 0.0350
vn 0.1207 0.9910 0.0584
vn 0.1803 0.9801 0.0832
vn 0.2428 0.9639 0.1094
vn 0.3076 0.9417 0.1366
vn 0.3735 0.9129 0.1644
vn 0.4394 0.8775 0.1921
vn 0.5041 0.8354 0.2192
vn 0.5658 0.7873 0.2451
vn 0.6234 0.7341 0.2690
vn -0.2098 0.9773 -0.0304
vn -0.1764 0.9842 -0.0144
vn -0.1400 0.9902 0.0030
vn -0.1000 0.9947 0.0218
vn -0.0566 0.9975 0.0420
vn -0.0094 0.9979 0.0639
vn 0.0415 0.9953 0.0872
vn 0.0960 0.9890 0.1121
vn 0.1540 0.9783 0.1384
vn 0.2148 0.9625 0.1658
vn 0.2779 0.9408 0.1941
vn 0.3424 0.9128 0.2227
vn 0.4069 0.8783 0.2510
vn 0.4706 0.8373 0.2784
vn 0.5318 0.7904 0.3041
vn 0.5893 0.7385 0.3276
vn -0.2245 0.9744 0.0111
vn -0.1921 0.9810 0.0286
vn -0.1567 0.9865 0.0475
vn -0.1181 0.9907 0.0678
vn -0.0759 0.9931 0.0896
vn -0.0303 0.9932 0.1129
vn 0.0190 0.9903 0.1376
vn 0.0719 0.9839 0.1637
vn 0.1279 0.9732 0.1912
vn 0.1869 0.9575 0.2197
vn 0.2481 0.9362 0.2489
vn 0.3107 0.9089 0.2782
vn 0.3738 0.8753 0.3069
vn 0.4362 0.8354 0.3344
vn 0.4964 0.7900 0.3599
vn 0.5535 0.7395 0.3831
vn -0.2382 0.9698 0.0515
vn -0.2070 0.9758 0.0703
vn -0.1725 0.9808 0.0905
vn -0.1352 0.9844 0.1121
vn -0.0944 0.9863 0.1352
vn -0.0502 0.9859 0.1597
vn -0.0027 0.9826 0.1857
vn 0.0483 0.9759 0.2130
vn 0.1024 0.9650 0.2414
vn 0.1594 0.9494 0.2707
vn 0.2187 0.9284 0.3004
vn 0.2793 0.9017 0.3301
vn 0.3406 0.8690 0.3590
vn 0.4014 0.8304 0.3865
vn 0.4604 0.7864 0.4118
vn 0.5167 0.7375 0.4348
vn -0.2512 0.9637 0.0905
vn -0.2208 0.9690 0.1105
vn -0.1875 0.9734 0.1319
vn -0.1513 0.9763 0.1546
vn -0.1119 0.9775 0.1788
vn -0.0693 0.9764 0.2044
vn -0.0233 0.9726 0.2312
vn 0.0258 0.9654 0.2594
vn 0.0779 0.9543 0.2885
vn 0.1327 0.9386 0.3184
vn 0.1899 0.9179 0.3485
vn 0.2484 0.8917 0.3783
vn 0.3077 0.8599 0.4074
vn 0.3667 0.8225 0.4347
vn 0.4244 0.7800 0.4599
vn 0.4798 0.7328 0.4825
vn 0.8583 0.3541 -0.3713
vn 0.8847 0.2705 -0.3797
vn 0.9062 0.1737 -0.3855
vn 0.9198 0.0626 -0.3875
vn 0.9214 -0.0605 -0.3840
vn 0.9076 -0.1911 -0.3738
vn 0.8767 -0.3227 -0.3566
vn 0.8295 -0.4486 -0.3327
vn 0.7697 -0.5613 -0.3042
vn 0.7018 -0.6582 -0.2724
vn 0.6311 -0.7375 -0.2403
vn 0.5617 -0.8005 -0.2092
vn 0.4959 -0.8495 -0.1802
vn 0.4354 -0.8870 -0.1536
vn 0.3805 -0.9157 -0.1297
vn 0.3313 -0.9373 -0.1084
vn 0.5636 0.6237 0.5416
vn 0.6040 0.6253 0.4942
vn 0.6439 0.6242 0.4425
vn 0.6824 0.6203 0.3866
vn 0.7189 0.6133 0.3272
vn 0.7525 0.6031 0.2645
vn 0.7827 0.5894 0.2000
vn 0.8087 0.5727 0.1340
vn 0.8301 0.5534 0.0680
vn 0.8470 0.5316 0.0028
vn 0.8593 0.5079 -0.0606
vn 0.8672 0.4830 -0.1213
vn 0.8712 0.4573 -0.1788
vn 0.8718 0.4311 -0.2327
vn 0.8695 0.4049 -0.2828
vn 0.8649 0.3792 -0.3290
vn 0.5734 0.5523 0.6051
vn 0.6192 0.5533 0.5572
vn 0.6647 0.5518 0.5037
vn 0.7087 0.5478 0.4446
vn 0.7506 0.5399 0.3810
vn 0.7891 0.5285 0.3130
vn 0.8230 0.5139 0.2421
vn 0.8518 0.4958 0.1692
vn 0.8749 0.4747 0.0962
vn 0.8921 0.4513 0.0241
vn 0.9035 0.4262 -0.0458
vn 0.9096 0.4000 -0.1124
vn 0.9111 0.3733 -0.1749
vn 0.9085 0.3468 -0.2331
vn 0.9028 0.3207 -0.2866
vn 0.8946 0.2953 -0.3354
vn 0.5781 0.4628 0.6721
vn 0.6295 0.4626 0.6243
vn 0.6810 0.4597 0.5700
vn 0.7315 0.4538 0.5088
vn 0.7796 0.4445 0.4411
vn 0.8235 0.4318 0.3679
vn 0.8620 0.4153 0.2905
vn 0.8940 0.3957 0.2103
vn 0.9186 0.3735 0.1293
vn 0.9358 0.3490 0.0495
vn 0.9459 0.3232 -0.0276
vn 0.9496 0.2970 -0.1005
vn 0.9478 0.2707 -0.1685
vn 0.9417 0.2446 -0.2311
vn 0.9321 0.2196 -0.2879
vn 0.9201 0.1958 -0.3392
vn 0.5745 0.3530 0.7384
vn 0.6314 0.3495 0.6923
vn 0.6891 0.3432 0.6382
vn 0.6890 0.3437 0.6381
vn 0.7459 0.3348 0.5758
vn 0.8003 0.3230 0.5051
vn 0.8502 0.3079 0.4271
vn 0.8935 0.2895 0.3434
vn 0.9287 0.2684 0.2559
vn 0.9550 0.2452 0.1668
vn 0.9721 0.2207 0.0791
vn 0.9806 0.1957 -0.0055
vn 0.9817 0.1707 -0.0849
vn 0.9765 0.1463 -0.1585
vn 0.9664 0.1233 -0.2254
vn 0.9530 0.1015 -0.2856
vn 0.9371 0.0812 -0.3395
vn 0.5593 0.2230 0.7984
vn 0.6202 0.2144 0.7546
vn 0.6827 0.2033 0.7019
vn 0.7450 0.1897 0.6395
vn 0.8049 0.1736 0.5674
vn 0.8602 0.1549 0.4859
vn 0.9079 0.1342 0.3970
vn 0.9464 0.1119 0.3030
vn 0.9743 0.0887 0.2069
vn 0.9916 0.0655 0.1118
vn 0.9989 0.0428 0.0204
vn 0.9976 0.0215 -0.0652
vn 0.9896 0.0016 -0.1438
vn 0.9765 -0.0164 -0.2147
vn 0.9600 -0.0326 -0.2781
vn 0.9412 -0.0474 -0.3344
vn 0.5299 0.0777 0.8445
vn 0.5923 0.0616 0.8034
vn 0.6570 0.0435 0.7527
vn 0.7221 0.0236 0.6914
vn 0.7853 0.0018 0.6191
vn 0.8438 -0.0214 0.5362
vn 0.8947 -0.0449 0.4445
vn 0.9356 -0.0680 0.3463
vn 0.9653 -0.0901 0.2453
vn 0.9833 -0.1103 0.1449
vn 0.9906 -0.1282 0.0486
vn 0.9887 -0.1438 -0.0417
vn 0.9797 -0.1571 -0.1242
vn 0.9656 -0.1682 -0.1983
vn 0.9480 -0.1774 -0.2643
vn 0.9283 -0.1850 -0.3227
vn 0.4862 -0.0741 0.8707
vn 0.5469 -0.0980 0.8314
vn 0.6103 -0.1235 0.7825
vn 0.6744 -0.1507 0.7228
vn 0.7371 -0.1785 0.6517
vn 0.7958 -0.2058 0.5696
vn 0.8473 -0.2320 0.4779
vn 0.8893 -0.2557 0.3792
vn 0.9204 -0.2759 0.2770
vn 0.9402 -0.2923 0.1750
vn 0.9493 -0.3049 0.0767
vn 0.9493 -0.3139 -0.0156
vn 0.9423 -0.3195 -0.1001
vn 0.9300 -0.3226 -0.1763
vn 0.9140 -0.3241 -0.2441
vn 0.8959 -0.3239 -0.3039
vn 0.4313 -0.2209 0.8748
vn 0.4875 -0.2516 0.8361
vn 0.5460 -0.2838 0.7882
vn 0.6057 -0.3164 0.7300
vn 0.6644 -0.3487 0.6611
vn 0.7196 -0.3794 0.5815
vn 0.7691 -0.4071 0.4928
vn 0.8105 -0.4304 0.3973
vn 0.8425 -0.4487 0.2980
vn 0.8646 -0.4616 0.1985
vn 0.8771 -0.4693 0.1020
vn 0.8813 -0.4725 0.0107
vn 0.8785 -0.4721 -0.0733
vn 0.8706 -0.4687 -0.1497
vn 0.8590 -0.4632 -0.2182
vn 0.8450 -0.4563 -0.2789
vn 0.3701 -0.3536 0.8591
vn 0.4202 -0.3885 0.8200
vn 0.4723 -0.4242 0.7727
vn 0.5253 -0.4600 0.7159
vn 0.5775 -0.4944 0.6497
vn 0.6273 -0.5261 0.5742
vn 0.6728 -0.5537 0.4905
vn 0.7121 -0.5762 0.4010
vn 0.7442 -0.5929 0.3078
vn 0.7682 -0.6034 0.2140
vn 0.7843 -0.6082 0.1224
vn 0.7933 -0.6078 0.0350
vn 0.7963 -0.6031 -0.0465
vn 0.7943 -0.5953 -0.1212
vn 0.7885 -0.5852 -0.1890
vn 0.7800 -0.5737 -0.2498
vn 0.3083 -0.4664 0.8291
vn 0.3518 -0.5029 0.7895
vn 0.3969 -0.5397 0.7424
vn 0.4427 -0.5757 0.6875
vn 0.4882 -0.6096 0.6245
vn 0.5320 -0.6405 0.5538
vn 0.5727 -0.6671 0.4764
vn 0.6090 -0.6884 0.3941
vn 0.6400 -0.7037 0.3086
vn 0.6650 -0.7129 0.2224
vn 0.6841 -0.7163 0.1375
vn 0.6973 -0.7146 0.0558
vn 0.7054 -0.7085 -0.0213
vn 0.7091 -0.6989 -0.0929
vn 0.7093 -0.6868 -0.1587
vn 0.7066 -0.6730 -0.2185
vn 0.2498 -0.5583 0.7912
vn 0.2873 -0.5942 0.7512
vn 0.3261 -0.6299 0.7049
vn 0.3654 -0.6643 0.6520
vn 0.4045 -0.6965 0.5926
vn 0.4425 -0.7256 0.5270
vn 0.4786 -0.7503 0.4562
vn 0.5115 -0.7700 0.3813
vn 0.5408 -0.7843 0.3039
vn 0.5659 -0.7930 0.2255
vn 0.5865 -0.7963 0.1481
vn 0.6028 -0.7945 0.0728
vn 0.6149 -0.7886 0.0009
vn 0.6233 -0.7792 -0.0667
vn 0.6283 -0.7671 -0.1295
vn 0.6308 -0.7530 -0.1874
vn 0.1967 -0.6315 0.7500
vn 0.2290 -0.6657 0.7102
vn 0.2624 -0.6991 0.6651
vn 0.2962 -0.7310 0.6147
vn 0.3300 -0.7606 0.5590
vn 0.3632 -0.7871 0.4985
vn 0.3950 -0.8097 0.4339
vn 0.4249 -0.8279 0.3660
vn 0.4522 -0.8413 0.2962
vn 0.4766 -0.8497 0.2253
vn 0.4977 -0.8534 0.1550
vn 0.5155 -0.8525 0.0862
vn 0.5301 -0.8477 0.0199
vn 0.5418 -0.8394 -0.0432
vn 0.5507 -0.8283 -0.1026
vn 0.5573 -0.8152 -0.1579
vn 0.1499 -0.6891 0.7090
vn 0.1780 -0.7208 0.6699
vn 0.2069 -0.7515 0.6265
vn 0.2363 -0.7805 0.5787
vn 0.2658 -0.8074 0.5268
vn 0.2950 -0.8313 0.4710
vn 0.3232 -0.8519 0.4120
vn 0.3501 -0.8687 0.3505
vn 0.3754 -0.8812 0.2873
vn 0.3986 -0.8896 0.2233
vn 0.4195 -0.8936 0.1595
vn 0.4379 -0.8938 0.0967
vn 0.4540 -0.8903 0.0357
vn 0.4677 -0.8836 -0.0228
vn 0.4790 -0.8743 -0.0785
vn 0.4883 -0.8628 -0.1310
vn 0.1091 -0.7342 0.6701
vn 0.1338 -0.7633 0.6321
vn 0.1592 -0.7912 0.5905
vn 0.1850 -0.8175 0.5455
vn 0.2110 -0.8417 0.4970
vn 0.2368 -0.8633 0.4456
vn 0.2621 -0.8820 0.3916
vn 0.2865 -0.8973 0.3357
vn 0.3097 -0.9092 0.2783
vn 0.3315 -0.9174 0.2203
vn 0.3517 -0.9219 0.1622
vn 0.3702 -0.9230 0.1050
vn 0.3868 -0.9209 0.0489
vn 0.4015 -0.9158 -0.0053
vn 0.4145 -0.9082 -0.0574
vn 0.4258 -0.8985 -0.1068
vn 0.0739 -0.7698 0.6340
vn 0.0958 -0.7962 0.5974
vn 0.1184 -0.8215 0.5578
vn 0.1412 -0.8452 0.5155
vn 0.1644 -0.8671 0.4703
vn 0.1875 -0.8866 0.4227
vn 0.2102 -0.9036 0.3732
vn 0.2325 -0.9177 0.3221
vn 0.2539 -0.9288 0.2698
vn 0.2743 -0.9369 0.2169
vn 0.2936 -0.9418 0.1639
vn 0.3115 -0.9437 0.1115
vn 0.3282 -0.9427 0.0599
vn 0.3433 -0.9392 0.0096
vn 0.3570 -0.9333 -0.0388
vn 0.3694 -0.9253 -0.0854
vn 0.0434 -0.7978 0.6013
vn 0.0631 -0.8219 0.5661
vn 0.0834 -0.8448 0.5285
vn 0.1039 -0.8663 0.4886
vn 0.1247 -0.8861 0.4465
vn 0.1456 -0.9038 0.4024
vn 0.1663 -0.9193 0.3568
vn 0.1866 -0.9323 0.3098
vn 0.2064 -0.9428 0.2619
vn 0.2255 -0.9506 0.2134
vn 0.2438 -0.9557 0.1648
vn 0.2611 -0.9583 0.1166
vn 0.2772 -0.9583 0.0690
vn 0.2924 -0.9560 0.0224
vn 0.3065 -0.9516 -0.0228
vn 0.3195 -0.9453 -0.0665
vn 0.0169 -0.8204 0.5716
vn 0.0349 -0.8423 0.5379
vn 0.0532 -0.8630 0.5023
vn 0.0718 -0.8825 0.4647
vn 0.0907 -0.9005 0.4253
vn 0.1098 -0.9166 0.3844
vn 0.1286 -0.9308 0.3421
vn 0.1473 -0.9429 0.2988
vn 0.1656 -0.9527 0.2546
vn 0.1834 -0.9603 0.2100
vn 0.2006 -0.9656 0.1653
vn 0.2172 -0.9686 0.1207
vn 0.2329 -0.9695 0.0766
vn 0.2478 -0.9682 0.0334
vn 0.2619 -0.9651 -0.0089
vn 0.2750 -0.9601 -0.0499
vn 0.5167 0.6507 0.5564
vn 0.5231 0.5831 0.6215
vn 0.5247 0.4975 0.6908
vn 0.5187 0.3918 0.7599
vn 0.5020 0.2649 0.8233
vn 0.4724 0.1213 0.8730
vn 0.4295 -0.0309 0.9025
vn 0.3765 -0.1802 0.9087
vn 0.3180 -0.3166 0.8937
vn 0.2591 -0.4338 0.8629
vn 0.2037 -0.5299 0.8232
vn 0.1537 -0.6070 0.7797
vn 0.1099 -0.6677 0.7363
vn 0.0718 -0.7154 0.6950
vn 0.0392 -0.7530 0.6569
vn 0.0111 -0.7829 0.6220
vn -0.2785 0.9529 0.1204
vn -0.2485 0.9581 0.1424
vn -0.2157 0.9622 0.1660
vn -0.1799 0.9649 0.1912
vn -0.1408 0.9657 0.2180
vn -0.0982 0.9642 0.2464
vn -0.0520 0.9597 0.2763
vn -0.0024 0.9516 0.3072
vn 0.0508 0.9394 0.3391
vn 0.1069 0.9223 0.3713
vn 0.1656 0.8999 0.4033
vn 0.2261 0.8718 0.4345
vn 0.2872 0.8379 0.4641
vn 0.3481 0.7982 0.4917
vn 0.4072 0.7532 0.5166
vn 0.4638 0.7037 0.5382
vn -0.3220 0.9361 0.1414
vn -0.2922 0.9418 0.1664
vn -0.2590 0.9464 0.1929
vn -0.2223 0.9495 0.2214
vn -0.1819 0.9505 0.2520
vn -0.1374 0.9487 0.2846
vn -0.0886 0.9436 0.3190
vn -0.0354 0.9343 0.3546
vn 0.0219 0.9200 0.3913
vn 0.0830 0.8999 0.4281
vn 0.1470 0.8734 0.4643
vn 0.2131 0.8400 0.4990
vn 0.2796 0.7997 0.5313
vn 0.3454 0.7528 0.5603
vn 0.4088 0.7002 0.5853
vn 0.4683 0.6431 0.6059
vn -0.3712 0.9136 0.1657
vn -0.3417 0.9197 0.1935
vn -0.3087 0.9245 0.2237
vn -0.2715 0.9277 0.2563
vn -0.2299 0.9285 0.2914
vn -0.1836 0.9263 0.3290
vn -0.1321 0.9201 0.3688
vn -0.0753 0.9088 0.4103
vn -0.0134 0.8915 0.4527
vn 0.0531 0.8672 0.4951
vn 0.1232 0.8351 0.5361
vn 0.1954 0.7948 0.5746
vn 0.2681 0.7465 0.6090
vn 0.3390 0.6909 0.6385
vn 0.4065 0.6297 0.6620
vn 0.4687 0.5646 0.6793
vn -0.4259 0.8840 0.1926
vn -0.3973 0.8899 0.2240
vn -0.3648 0.8945 0.2584
vn -0.3279 0.8972 0.2958
vn -0.2857 0.8973 0.3365
vn -0.2378 0.8938 0.3803
vn -0.1839 0.8854 0.4269
vn -0.1235 0.8711 0.4753
vn -0.0566 0.8495 0.5246
vn 0.0158 0.8193 0.5732
vn 0.0927 0.7797 0.6192
vn 0.1717 0.7306 0.6609
vn 0.2507 0.6726 0.6963
vn 0.3269 0.6074 0.7240
vn 0.3980 0.5371 0.7437
vn 0.4623 0.4644 0.7554
vn -0.4862 0.8451 0.2222
vn -0.4593 0.8500 0.2579
vn -0.4281 0.8534 0.2972
vn -0.3919 0.8547 0.3404
vn -0.3499 0.8528 0.3877
vn -0.3012 0.8466 0.4388
vn -0.2450 0.8348 0.4931
vn -0.1810 0.8156 0.5496
vn -0.1091 0.7874 0.6067
vn -0.0304 0.7490 0.6619
vn 0.0535 0.6997 0.7124
vn 0.1398 0.6399 0.7557
vn 0.2251 0.5709 0.7895
vn 0.3061 0.4958 0.8127
vn 0.3802 0.4177 0.8252
vn 0.4458 0.3399 0.8281
vn -0.5515 0.7944 0.2544
vn -0.5271 0.7970 0.2949
vn -0.4981 0.7978 0.3398
vn -0.4636 0.7958 0.3896
vn -0.4223 0.7902 0.4441
vn -0.3734 0.7792 0.5034
vn -0.3156 0.7613 0.5664
vn -0.2483 0.7345 0.6315
vn -0.1715 0.6971 0.6962
vn -0.0862 0.6480 0.7568
vn 0.0048 0.5869 0.8096
vn 0.0981 0.5153 0.8514
vn 0.1892 0.4364 0.8796
vn 0.2742 0.3541 0.8941
vn 0.3505 0.2720 0.8962
vn 0.4165 0.1937 0.8883
vn -0.6206 0.7290 0.2887
vn -0.5991 0.7276 0.3342
vn -0.5728 0.7238 0.3848
vn -0.5404 0.7164 0.4413
vn -0.5008 0.7040 0.5035
vn -0.4523 0.6852 0.5709
vn -0.3934 0.6579 0.6422
vn -0.3231 0.6203 0.7147
vn -0.2415 0.5707 0.7848
vn -0.1503 0.5087 0.8477
vn -0.0526 0.4357 0.8986
vn 0.0467 0.3545 0.9339
vn 0.1422 0.2696 0.9524
vn 0.2300 0.1857 0.9553
vn 0.3076 0.1062 0.9456
vn 0.3739 0.0337 0.9269
vn -0.6901 0.6474 0.3235
vn -0.6719 0.6395 0.3737
vn -0.6486 0.6281 0.4299
vn -0.6187 0.6121 0.4925
vn -0.5806 0.5900 0.5611
vn -0.5324 0.5599 0.6349
vn -0.4723 0.5200 0.7117
vn -0.3991 0.4688 0.7880
vn -0.3131 0.4058 0.8587
vn -0.2167 0.3321 0.9180
vn -0.1141 0.2505 0.9614
vn -0.0110 0.1658 0.9861
vn 0.0871 0.0825 0.9928
vn 0.1761 0.0045 0.9844
vn 0.2540 -0.0659 0.9649
vn 0.3205 -0.1273 0.9386
vn -0.7568 0.5476 0.3569
vn -0.7409 0.5312 0.4109
vn -0.7196 0.5100 0.4712
vn -0.6912 0.4827 0.5378
vn -0.6536 0.4480 0.6100
vn -0.6046 0.4044 0.6862
vn -0.5425 0.3507 0.7634
vn -0.4662 0.2864 0.8371
vn -0.3766 0.2127 0.9016
vn -0.2769 0.1325 0.9517
vn -0.1722 0.0499 0.9838
vn -0.0684 -0.0305 0.9972
vn 0.0294 -0.1050 0.9940
vn 0.1178 -0.1711 0.9782
vn 0.1952 -0.2280 0.9539
vn 0.2616 -0.2762 0.9248
vn -0.8148 0.4323 0.3864
vn -0.7999 0.4055 0.4425
vn -0.7788 0.3728 0.5044
vn -0.7498 0.3332 0.5717
vn -0.7107 0.2854 0.6430
vn -0.6593 0.2291 0.7162
vn -0.5940 0.1638 0.7876
vn -0.5148 0.0910 0.8525
vn -0.4233 0.0135 0.9059
vn -0.3232 -0.0654 0.9441
vn -0.2200 -0.1415 0.9652
vn -0.1188 -0.2112 0.9702
vn -0.0241 -0.2726 0.9618
vn 0.0616 -0.3248 0.9438
vn 0.1372 -0.3684 0.9195
vn 0.2027 -0.4044 0.8918
vn -0.8598 0.3046 0.4098
vn -0.8436 0.2673 0.4656
vn -0.8205 0.2237 0.5260
vn -0.7885 0.1732 0.5901
vn -0.7457 0.1154 0.6562
vn -0.6905 0.0506 0.7215
vn -0.6221 -0.0200 0.7827
vn -0.5412 -0.0938 0.8356
vn -0.4503 -0.1682 0.8769
vn -0.3532 -0.2394 0.9044
vn -0.2547 -0.3045 0.9178
vn -0.1592 -0.3617 0.9186
vn -0.0697 -0.4104 0.9092
vn 0.0116 -0.4505 0.8927
vn 0.0842 -0.4831 0.8715
vn 0.1480 -0.5092 0.8478
vn -0.8885 0.1722 0.4253
vn -0.8690 0.1263 0.4785
vn -0.8418 0.0743 0.5347
vn -0.8053 0.0165 0.5927
vn -0.7581 -0.0467 0.6505
vn -0.6993 -0.1141 0.7057
vn -0.6290 -0.1837 0.7554
vn -0.5488 -0.2529 0.7968
vn -0.4610 -0.3192 0.8280
vn -0.3696 -0.3801 0.8479
vn -0.2779 -0.4339 0.8570
vn -0.1894 -0.4799 0.8566
vn -0.1065 -0.5179 0.8488
vn -0.0304 -0.5487 0.8355
vn 0.0383 -0.5731 0.8186
vn 0.0994 -0.5921 0.7997
vn -0.9005 0.0419 0.4328
vn -0.8763 -0.0099 0.4816
vn -0.8443 -0.0662 0.5318
vn -0.8032 -0.1265 0.5822
vn -0.7522 -0.1899 0.6310
vn -0.6913 -0.2548 0.6762
vn -0.6212 -0.3191 0.7157
vn -0.5437 -0.3808 0.7479
vn -0.4612 -0.4379 0.7717
vn -0.3765 -0.4889 0.7869
vn -0.2925 -0.5330 0.7939
vn -0.2116 -0.5699 0.7940
vn -0.1354 -0.6000 0.7885
vn -0.0649 -0.6240 0.7787
vn -0.0005 -0.6426 0.7662
vn 0.0576 -0.6569 0.7517
vn -0.8978 -0.0801 0.4330
vn -0.8689 -0.1339 0.4766
vn -0.8324 -0.1910 0.5202
vn -0.7876 -0.2505 0.5630
vn -0.7345 -0.3105 0.6034
vn -0.6733 -0.3701 0.6401
vn -0.6052 -0.4273 0.6716
vn -0.5320 -0.4806 0.6972
vn -0.4554 -0.5289 0.7161
vn -0.3779 -0.5715 0.7284
vn -0.3014 -0.6077 0.7347
vn -0.2276 -0.6378 0.7358
vn -0.1579 -0.6622 0.7325
vn -0.0929 -0.6814 0.7260
vn -0.0329 -0.6962 0.7171
vn 0.0220 -0.7074 0.7065
vn -0.8838 -0.1892 0.4278
vn -0.8509 -0.2428 0.4658
vn -0.8111 -0.2980 0.5033
vn -0.7642 -0.3537 0.5393
vn -0.7106 -0.4086 0.5728
vn -0.6506 -0.4619 0.6028
vn -0.5858 -0.5118 0.6284
vn -0.5174 -0.5575 0.6492
vn -0.4468 -0.5986 0.6649
vn -0.3761 -0.6342 0.6755
vn -0.3065 -0.6644 0.6816
vn -0.2394 -0.6894 0.6837
vn -0.1755 -0.7096 0.6824
vn -0.1156 -0.7254 0.6785
vn -0.0598 -0.7377 0.6725
vn -0.0082 -0.7467 0.6652
vn -0.8624 -0.2846 0.4187
vn -0.8265 -0.3358 0.4517
vn -0.7848 -0.3873 0.4839
vn -0.7373 -0.4382 0.5143
vn -0.6843 -0.4876 0.5422
vn -0.6267 -0.5345 0.5671
vn -0.5657 -0.5777 0.5884
vn -0.5022 -0.6170 0.6059
vn -0.4374 -0.6519 0.6195
vn -0.3728 -0.6821 0.6291
vn -0.3094 -0.7079 0.6350
vn -0.2481 -0.7290 0.6380
vn -0.1895 -0.7462 0.6382
vn -0.1341 -0.7596 0.6363
vn -0.0822 -0.7700 0.6328
vn -0.0339 -0.7776 0.6279
vn -0.8367 -0.3662 0.4072
vn -0.7990 -0.4140 0.4361
vn -0.7565 -0.4613 0.4635
vn -0.7094 -0.5072 0.4894
vn -0.6581 -0.5509 0.5132
vn -0.6035 -0.5919 0.5343
vn -0.5463 -0.6295 0.5525
vn -0.4874 -0.6636 0.5675
vn -0.4280 -0.6936 0.5794
vn -0.3688 -0.7196 0.5884
vn -0.3108 -0.7416 0.5946
vn -0.2546 -0.7599 0.5982
vn -0.2006 -0.7747 0.5996
vn -0.1495 -0.7865 0.5993
vn -0.1010 -0.7956 0.5974
vn -0.0557 -0.8022 0.5945
vn -0.2871 0.9537 0.0895
vn -0.3311 0.9374 0.1085
vn -0.3803 0.9157 0.1297
vn -0.4351 0.8872 0.1535
vn -0.4957 0.8496 0.1801
vn -0.5614 0.8007 0.2091
vn -0.6310 0.7377 0.2402
vn -0.7015 0.6586 0.2723
vn -0.7694 0.5618 0.3040
vn -0.8293 0.4489 0.3327
vn -0.8766 0.3232 0.3566
vn -0.9075 0.1917 0.3739
vn -0.9213 0.0610 0.3840
vn -0.9198 -0.0621 0.3875
vn -0.9063 -0.1731 0.3855
vn -0.8847 -0.2704 0.3797
vn -0.0169 0.8205 -0.5714
vn -0.0347 0.8423 -0.5378
vn -0.0531 0.8632 -0.5021
vn -0.0717 0.8826 -0.4645
vn -0.0907 0.9005 -0.4253
vn -0.1096 0.9167 -0.3843
vn -0.1285 0.9309 -0.3420
vn -0.1472 0.9429 -0.2987
vn -0.1656 0.9528 -0.2546
vn -0.1834 0.9603 -0.2100
vn -0.2007 0.9656 -0.1652
vn -0.2171 0.9686 -0.1207
vn -0.2329 0.9695 -0.0766
vn -0.2477 0.9683 -0.0333
vn -0.2617 0.9651 0.0089
vn -0.2749 0.9602 0.0499
vn -0.0434 0.7980 -0.6011
vn -0.0629 0.8223 -0.5656
vn -0.0832 0.8449 -0.5284
vn -0.1038 0.8664 -0.4884
vn -0.1246 0.8862 -0.4463
vn -0.1455 0.9039 -0.4023
vn -0.1662 0.9193 -0.3566
vn -0.1864 0.9324 -0.3096
vn -0.2062 0.9429 -0.2617
vn -0.2252 0.9507 -0.2133
vn -0.2435 0.9558 -0.1648
vn -0.2608 0.9583 -0.1166
vn -0.2771 0.9584 -0.0689
vn -0.2923 0.9561 -0.0225
vn -0.3063 0.9516 0.0228
vn -0.3192 0.9453 0.0665
vn -0.0738 0.7699 -0.6339
vn -0.0956 0.7963 -0.5973
vn -0.1182 0.8216 -0.5577
vn -0.1412 0.8453 -0.5152
vn -0.1643 0.8672 -0.4701
vn -0.1873 0.8867 -0.4226
vn -0.2100 0.9037 -0.3731
vn -0.2323 0.9178 -0.3219
vn -0.2538 0.9289 -0.2697
vn -0.2742 0.9369 -0.2168
vn -0.2934 0.9418 -0.1638
vn -0.3114 0.9437 -0.1114
vn -0.3280 0.9428 -0.0598
vn -0.3431 0.9392 -0.0097
vn -0.3568 0.9334 0.0388
vn -0.3693 0.9254 0.0854
vn -0.1089 0.7344 -0.6699
vn -0.1337 0.7634 -0.6319
vn -0.1592 0.7913 -0.5904
vn -0.1849 0.8176 -0.5453
vn -0.2108 0.8418 -0.4969
vn -0.2366 0.8635 -0.4454
vn -0.2619 0.8821 -0.3916
vn -0.2863 0.8975 -0.3356
vn -0.3094 0.9093 -0.2782
vn -0.3313 0.9175 -0.2202
vn -0.3516 0.9220 -0.1622
vn -0.3700 0.9231 -0.1049
vn -0.3865 0.9210 -0.0488
vn -0.4012 0.9160 0.0052
vn -0.4143 0.9084 0.0573
vn -0.4255 0.8987 0.1068
vn -0.1497 0.6893 -0.7088
vn -0.1779 0.7210 -0.6697
vn -0.2067 0.7517 -0.6263
vn -0.2362 0.7807 -0.5785
vn -0.2657 0.8075 -0.5266
vn -0.2947 0.8315 -0.4708
vn -0.3230 0.8521 -0.4118
vn -0.3499 0.8688 -0.3504
vn -0.3752 0.8814 -0.2872
vn -0.3983 0.8897 -0.2232
vn -0.4191 0.8938 -0.1594
vn -0.4376 0.8939 -0.0967
vn -0.4537 0.8904 -0.0357
vn -0.4674 0.8838 0.0228
vn -0.4788 0.8744 0.0785
vn -0.4882 0.8629 0.1309
vn -0.1966 0.6318 -0.7498
vn -0.2289 0.6659 -0.7100
vn -0.2622 0.6994 -0.6649
vn -0.2960 0.7313 -0.6145
vn -0.3298 0.7609 -0.5588
vn -0.3630 0.7873 -0.4983
vn -0.3948 0.8100 -0.4337
vn -0.4246 0.8281 -0.3659
vn -0.4520 0.8415 -0.2960
vn -0.4763 0.8499 -0.2253
vn -0.4974 0.8536 -0.1549
vn -0.5152 0.8527 -0.0862
vn -0.5299 0.8478 -0.0198
vn -0.5415 0.8396 0.0432
vn -0.5504 0.8286 0.1026
vn -0.5569 0.8154 0.1578
vn -0.2497 0.5587 -0.7909
vn -0.2872 0.5946 -0.7510
vn -0.3259 0.6302 -0.7047
vn -0.3652 0.6647 -0.6518
vn -0.4043 0.6969 -0.5924
vn -0.4423 0.7258 -0.5268
vn -0.4782 0.7506 -0.4560
vn -0.5112 0.7703 -0.3811
vn -0.5405 0.7846 -0.3037
vn -0.5656 0.7932 -0.2255
vn -0.5863 0.7965 -0.1479
vn -0.6025 0.7948 -0.0728
vn -0.6145 0.7889 -0.0009
vn -0.6228 0.7795 0.0666
vn -0.6280 0.7674 0.1295
vn -0.6306 0.7532 0.1874
vn -0.3083 0.4667 -0.8289
vn -0.3516 0.5033 -0.7893
vn -0.3966 0.5402 -0.7422
vn -0.4425 0.5761 -0.6872
vn -0.4880 0.6100 -0.6243
vn -0.5318 0.6409 -0.5536
vn -0.5724 0.6674 -0.4763
vn -0.6086 0.6887 -0.3940
vn -0.6396 0.7041 -0.3085
vn -0.6646 0.7133 -0.2224
vn -0.6837 0.7167 -0.1374
vn -0.6970 0.7149 -0.0558
vn -0.7052 0.7087 0.0213
vn -0.7089 0.6992 0.0930
vn -0.7090 0.6871 0.1587
vn -0.7063 0.6734 0.2185
vn -0.3700 0.3542 -0.8589
vn -0.4200 0.3890 -0.8199
vn -0.4721 0.4247 -0.7725
vn -0.5251 0.4605 -0.7157
vn -0.5772 0.4949 -0.6495
vn -0.6270 0.5267 -0.5740
vn -0.6724 0.5544 -0.4905
vn -0.7118 0.5768 -0.4008
vn -0.7438 0.5934 -0.3077
vn -0.7678 0.6039 -0.2140
vn -0.7840 0.6086 -0.1223
vn -0.7931 0.6081 -0.0350
vn -0.7959 0.6037 0.0465
vn -0.7938 0.5959 0.1212
vn -0.7882 0.5857 0.1890
vn -0.7797 0.5742 0.2496
vn -0.4310 0.2217 -0.8747
vn -0.4872 0.2525 -0.8360
vn -0.5458 0.2845 -0.7881
vn -0.6055 0.3172 -0.7299
vn -0.6641 0.3494 -0.6610
vn -0.7194 0.3800 -0.5815
vn -0.7688 0.4076 -0.4927
vn -0.8103 0.4309 -0.3971
vn -0.8423 0.4492 -0.2980
vn -0.8643 0.4622 -0.1985
vn -0.8768 0.4700 -0.1019
vn -0.8809 0.4732 -0.0108
vn -0.8783 0.4724 0.0734
vn -0.8705 0.4689 0.1498
vn -0.8588 0.4634 0.2183
vn -0.8448 0.4566 0.2789
vn -0.4860 0.0747 -0.8707
vn -0.5469 0.0985 -0.8314
vn -0.6101 0.1242 -0.7825
vn -0.6743 0.1514 -0.7228
vn -0.7370 0.1792 -0.6517
vn -0.7955 0.2067 -0.5696
vn -0.8471 0.2328 -0.4778
vn -0.8891 0.2565 -0.3792
vn -0.9202 0.2767 -0.2770
vn -0.9399 0.2930 -0.1751
vn -0.9491 0.3056 -0.0767
vn -0.9491 0.3145 0.0156
vn -0.9420 0.3203 0.1001
vn -0.9297 0.3235 0.1762
vn -0.9137 0.3248 0.2440
vn -0.8957 0.3246 0.3039
vn -0.5299 -0.0770 -0.8446
vn -0.5922 -0.0610 -0.8034
vn -0.6569 -0.0429 -0.7527
vn -0.7220 -0.0229 -0.6915
vn -0.7852 -0.0010 -0.6192
vn -0.8437 0.0220 -0.5364
vn -0.8946 0.0456 -0.4445
vn -0.9356 0.0687 -0.3463
vn -0.9652 0.0909 -0.2453
vn -0.9832 0.1112 -0.1451
vn -0.9905 0.1290 -0.0485
vn -0.9886 0.1446 0.0416
vn -0.9796 0.1579 0.1241
vn -0.9655 0.1689 0.1984
vn -0.9479 0.1780 0.2644
vn -0.9281 0.1854 0.3227
vn -0.5594 -0.2227 -0.7984
vn -0.6202 -0.2139 -0.7547
vn -0.6827 -0.2027 -0.7021
vn -0.7450 -0.1890 -0.6397
vn -0.8050 -0.1729 -0.5675
vn -0.8602 -0.1543 -0.4861
vn -0.9080 -0.1335 -0.3971
vn -0.9465 -0.1111 -0.3031
vn -0.9744 -0.0879 -0.2070
vn -0.9916 -0.0648 -0.1117
vn -0.9989 -0.0423 -0.0204
vn -0.9976 -0.0210 0.0652
vn -0.9896 -0.0015 0.1439
vn -0.9765 0.0166 0.2148
vn -0.9600 0.0332 0.2782
vn -0.9412 0.0479 0.3345
vn -0.5746 -0.3527 -0.7385
vn -0.6314 -0.3489 -0.6925
vn -0.6890 -0.3431 -0.6384
vn -0.7460 -0.3344 -0.5759
vn -0.8004 -0.3225 -0.5053
vn -0.8503 -0.3073 -0.4273
vn -0.8936 -0.2890 -0.3434
vn -0.9288 -0.2679 -0.2559
vn -0.9551 -0.2446 -0.1670
vn -0.9723 -0.2201 -0.0790
vn -0.9808 -0.1951 0.0054
vn -0.9817 -0.1702 0.0850
vn -0.9765 -0.1458 0.1585
vn -0.9665 -0.1226 0.2253
vn -0.9530 -0.1010 0.2857
vn -0.9371 -0.0808 0.3396
vn -0.5782 -0.4624 -0.6722
vn -0.6296 -0.4621 -0.6246
vn -0.6812 -0.4592 -0.5702
vn -0.7317 -0.4534 -0.5089
vn -0.7797 -0.4441 -0.4413
vn -0.8237 -0.4313 -0.3681
vn -0.8623 -0.4149 -0.2905
vn -0.8941 -0.3953 -0.2104
vn -0.9188 -0.3731 -0.1293
vn -0.9360 -0.3486 -0.0495
vn -0.9461 -0.3227 0.0276
vn -0.9498 -0.2964 0.1006
vn -0.9480 -0.2700 0.1686
vn -0.9418 -0.2442 0.2310
vn -0.9322 -0.2192 0.2880
vn -0.9201 -0.1956 0.3394
vn -0.5736 -0.5520 -0.6052
vn -0.6193 -0.5530 -0.5574
vn -0.6646 -0.5519 -0.5036
vn -0.7089 -0.5475 -0.4448
vn -0.7507 -0.5396 -0.3811
vn -0.7892 -0.5283 -0.3131
vn -0.8232 -0.5135 -0.2421
vn -0.8520 -0.4954 -0.1694
vn -0.8751 -0.4744 -0.0962
vn -0.8922 -0.4509 -0.0241
vn -0.9036 -0.4259 0.0458
vn -0.9097 -0.3997 0.1125
vn -0.9112 -0.3730 0.1750
vn -0.9086 -0.3464 0.2331
vn -0.9029 -0.3204 0.2866
vn -0.8947 -0.2948 0.3355
vn -0.5638 -0.6234 -0.5418
vn -0.6042 -0.6248 -0.4946
vn -0.6441 -0.6239 -0.4427
vn -0.6826 -0.6200 -0.3869
vn -0.7191 -0.6130 -0.3273
vn -0.7528 -0.6028 -0.2646
vn -0.7829 -0.5892 -0.2000
vn -0.8089 -0.5725 -0.1340
vn -0.8304 -0.5530 -0.0680
vn -0.8472 -0.5312 -0.0028
vn -0.8594 -0.5076 0.0606
vn -0.8674 -0.4826 0.1213
vn -0.8714 -0.4568 0.1788
vn -0.8720 -0.4307 0.2328
vn -0.8696 -0.4047 0.2828
vn -0.8649 -0.3789 0.3290
vn 0.0133 0.8070 -0.5905
vn -0.0110 0.7830 -0.6219
vn -0.0391 0.7532 -0.6566
vn -0.0718 0.7156 -0.6948
vn -0.1097 0.6680 -0.7360
vn -0.1536 0.6072 -0.7795
vn -0.2035 0.5303 -0.8230
vn -0.2589 0.4343 -0.8628
vn -0.3179 0.3171 -0.8935
vn -0.3763 0.1810 -0.9086
vn -0.4294 0.0317 -0.9025
vn -0.4723 -0.1207 -0.8732
vn -0.5020 -0.2646 -0.8234
vn -0.5188 -0.3911 -0.7602
vn -0.5248 -0.4972 -0.6909
vn -0.5231 -0.5829 -0.6218
vn 0.8366 0.3666 -0.4072
vn 0.7989 0.4144 -0.4360
vn 0.7564 0.4615 -0.4635
vn 0.7093 0.5074 -0.4893
vn 0.6581 0.5511 -0.5130
vn 0.6033 0.5922 -0.5341
vn 0.5462 0.6298 -0.5523
vn 0.4874 0.6638 -0.5673
vn 0.4279 0.6938 -0.5793
vn 0.3688 0.7198 -0.5882
vn 0.3108 0.7418 -0.5943
vn 0.2546 0.7600 -0.5980
vn 0.2007 0.7748 -0.5995
vn 0.1493 0.7864 -0.5994
vn 0.1012 0.7956 -0.5973
vn 0.0557 0.8023 -0.5943
vn 0.8624 0.2849 -0.4186
vn 0.8264 0.3361 -0.4517
vn 0.7847 0.3877 -0.4837
vn 0.7371 0.4386 -0.5141
vn 0.6842 0.4879 -0.5420
vn 0.6267 0.5347 -0.5669
vn 0.5656 0.5781 -0.5882
vn 0.5021 0.6173 -0.6057
vn 0.4374 0.6522 -0.6192
vn 0.3728 0.6824 -0.6288
vn 0.3094 0.7080 -0.6348
vn 0.2480 0.7293 -0.6377
vn 0.1896 0.7463 -0.6380
vn 0.1342 0.7598 -0.6362
vn 0.0823 0.7701 -0.6326
vn 0.0339 0.7777 -0.6277
vn 0.8838 0.1894 -0.4278
vn 0.8508 0.2434 -0.4657
vn 0.8110 0.2985 -0.5032
vn 0.7641 0.3542 -0.5392
vn 0.7105 0.4091 -0.5726
vn 0.6506 0.4622 -0.6026
vn 0.5857 0.5122 -0.6282
vn 0.5173 0.5580 -0.6489
vn 0.4468 0.5988 -0.6647
vn 0.3761 0.6344 -0.6754
vn 0.3066 0.6646 -0.6814
vn 0.2394 0.6897 -0.6834
vn 0.1756 0.7098 -0.6821
vn 0.1156 0.7257 -0.6783
vn 0.0598 0.7378 -0.6724
vn 0.0083 0.7468 -0.6650
vn 0.8978 0.0804 -0.4330
vn 0.8689 0.1344 -0.4765
vn 0.8323 0.1916 -0.5201
vn 0.7875 0.2509 -0.5629
vn 0.7344 0.3111 -0.6032
vn 0.6733 0.3704 -0.6399
vn 0.6052 0.4276 -0.6715
vn 0.5319 0.4810 -0.6969
vn 0.4553 0.5294 -0.7159
vn 0.3778 0.5718 -0.7282
vn 0.3014 0.6080 -0.7345
vn 0.2277 0.6381 -0.7356
vn 0.1579 0.6624 -0.7323
vn 0.0929 0.6816 -0.7258
vn 0.0329 0.6964 -0.7169
vn -0.0219 0.7076 -0.7063
vn 0.9005 -0.0413 -0.4328
vn 0.8764 0.0103 -0.4815
vn 0.8443 0.0667 -0.5317
vn 0.8031 0.1272 -0.5821
vn 0.7522 0.1906 -0.6308
vn 0.6913 0.2554 -0.6759
vn 0.6212 0.3197 -0.7155
vn 0.5437 0.3812 -0.7477
vn 0.4611 0.4383 -0.7715
vn 0.3765 0.4893 -0.7866
vn 0.2926 0.5334 -0.7937
vn 0.2116 0.5703 -0.7937
vn 0.1354 0.6004 -0.7882
vn 0.0650 0.6243 -0.7785
vn 0.0006 0.6430 -0.7659
vn -0.0575 0.6572 -0.7515
vn 0.8886 -0.1716 -0.4254
vn 0.8691 -0.1255 -0.4785
vn 0.8418 -0.0737 -0.5347
vn 0.8053 -0.0160 -0.5926
vn 0.7581 0.0473 -0.6504
vn 0.6993 0.1146 -0.7056
vn 0.6290 0.1842 -0.7552
vn 0.5487 0.2535 -0.7966
vn 0.4611 0.3198 -0.8277
vn 0.3696 0.3807 -0.8476
vn 0.2779 0.4345 -0.8567
vn 0.1895 0.4804 -0.8563
vn 0.1066 0.5185 -0.8484
vn 0.0305 0.5492 -0.8352
vn -0.0382 0.5735 -0.8183
vn -0.0993 0.5924 -0.7995
vn 0.8599 -0.3042 -0.4098
vn 0.8437 -0.2671 -0.4656
vn 0.8206 -0.2233 -0.5260
vn 0.7887 -0.1725 -0.5901
vn 0.7458 -0.1147 -0.6562
vn 0.6906 -0.0499 -0.7215
vn 0.6222 0.0206 -0.7826
vn 0.5413 0.0945 -0.8355
vn 0.4504 0.1688 -0.8767
vn 0.3533 0.2400 -0.9042
vn 0.2548 0.3051 -0.9176
vn 0.1593 0.3623 -0.9183
vn 0.0698 0.4109 -0.9090
vn -0.0116 0.4510 -0.8925
vn -0.0841 0.4836 -0.8712
vn -0.1478 0.5096 -0.8477
vn 0.8150 -0.4318 -0.3865
vn 0.8001 -0.4049 -0.4426
vn 0.7791 -0.3722 -0.5044
vn 0.7501 -0.3326 -0.5717
vn 0.7109 -0.2847 -0.6431
vn 0.6594 -0.2282 -0.7163
vn 0.5942 -0.1630 -0.7876
vn 0.5150 -0.0903 -0.8525
vn 0.4234 -0.0128 -0.9059
vn 0.3234 0.0661 -0.9440
vn 0.2201 0.1422 -0.9651
vn 0.1189 0.2118 -0.9700
vn 0.0242 0.2731 -0.9617
vn -0.0614 0.3255 -0.9436
vn -0.1370 0.3691 -0.9192
vn -0.2025 0.4050 -0.8916
vn 0.7570 -0.5473 -0.3570
vn 0.7412 -0.5307 -0.4110
vn 0.7199 -0.5095 -0.4713
vn 0.6915 -0.4823 -0.5379
vn 0.6539 -0.4475 -0.6101
vn 0.6050 -0.4036 -0.6864
vn 0.5427 -0.3499 -0.7636
vn 0.4664 -0.2856 -0.8372
vn 0.3769 -0.2118 -0.9017
vn 0.2771 -0.1317 -0.9518
vn 0.1723 -0.0491 -0.9838
vn 0.0685 0.0314 -0.9972
vn -0.0292 0.1058 -0.9940
vn -0.1176 0.1718 -0.9781
vn -0.1950 0.2287 -0.9538
vn -0.2613 0.2770 -0.9247
vn 0.6907 -0.6468 -0.3236
vn 0.6722 -0.6391 -0.3738
vn 0.6489 -0.6277 -0.4300
vn 0.6190 -0.6116 -0.4927
vn 0.5809 -0.5896 -0.5612
vn 0.5326 -0.5595 -0.6351
vn 0.4725 -0.5195 -0.7119
vn 0.3994 -0.4682 -0.7882
vn 0.3134 -0.4052 -0.8588
vn 0.2169 -0.3314 -0.9182
vn 0.1143 -0.2499 -0.9615
vn 0.0112 -0.1651 -0.9862
vn -0.0869 -0.0817 -0.9929
vn -0.1760 -0.0038 -0.9844
vn -0.2539 0.0664 -0.9649
vn -0.3204 0.1280 -0.9386
vn 0.6208 -0.7289 -0.2887
vn 0.5994 -0.7273 -0.3342
vn 0.5731 -0.7234 -0.3850
vn 0.5407 -0.7160 -0.4415
vn 0.5012 -0.7037 -0.5036
vn 0.4526 -0.6848 -0.5712
vn 0.3937 -0.6575 -0.6424
vn 0.3234 -0.6198 -0.7150
vn 0.2418 -0.5701 -0.7852
vn 0.1505 -0.5081 -0.8481
vn 0.0528 -0.4349 -0.8989
vn -0.0465 -0.3538 -0.9341
vn -0.1422 -0.2690 -0.9526
vn -0.2299 -0.1849 -0.9555
vn -0.3075 -0.1053 -0.9457
vn -0.3737 -0.0330 -0.9270
vn 0.5518 -0.7942 -0.2545
vn 0.5274 -0.7968 -0.2950
vn 0.4983 -0.7976 -0.3399
vn 0.4638 -0.7956 -0.3897
vn 0.4226 -0.7899 -0.4443
vn 0.3736 -0.7790 -0.5036
vn 0.3159 -0.7610 -0.5666
vn 0.2486 -0.7342 -0.6318
vn 0.1717 -0.6968 -0.6965
vn 0.0865 -0.6475 -0.7572
vn -0.0047 -0.5863 -0.8101
vn -0.0979 -0.5147 -0.8517
vn -0.1891 -0.4358 -0.8800
vn -0.2741 -0.3535 -0.8944
vn -0.3505 -0.2714 -0.8964
vn -0.4164 -0.1932 -0.8884
vn 0.4864 -0.8450 -0.2222
vn 0.4595 -0.8499 -0.2579
vn 0.4284 -0.8533 -0.2973
vn 0.3922 -0.8545 -0.3407
vn 0.3501 -0.8527 -0.3878
vn 0.3014 -0.8464 -0.4390
vn 0.2453 -0.8345 -0.4934
vn 0.1813 -0.8153 -0.5500
vn 0.1094 -0.7871 -0.6070
vn 0.0305 -0.7488 -0.6621
vn -0.0534 -0.6994 -0.7127
vn -0.1398 -0.6395 -0.7560
vn -0.2250 -0.5706 -0.7898
vn -0.3061 -0.4954 -0.8129
vn -0.3803 -0.4173 -0.8253
vn -0.4457 -0.3396 -0.8283
vn 0.4262 -0.8839 -0.1926
vn 0.3975 -0.8898 -0.2241
vn 0.3650 -0.8945 -0.2583
vn 0.3280 -0.8971 -0.2960
vn 0.2860 -0.8971 -0.3367
vn 0.2381 -0.8936 -0.3805
vn 0.1840 -0.8853 -0.4270
vn 0.1236 -0.8710 -0.4755
vn 0.0567 -0.8493 -0.5248
vn -0.0157 -0.8191 -0.5735
vn -0.0925 -0.7795 -0.6196
vn -0.1717 -0.7303 -0.6612
vn -0.2506 -0.6723 -0.6966
vn -0.3269 -0.6069 -0.7244
vn -0.3980 -0.5365 -0.7441
vn -0.4622 -0.4638 -0.7558
vn 0.3715 -0.9135 -0.1658
vn 0.3418 -0.9196 -0.1936
vn 0.3088 -0.9245 -0.2236
vn 0.2716 -0.9276 -0.2563
vn 0.2301 -0.9285 -0.2915
vn 0.1837 -0.9262 -0.3292
vn 0.1322 -0.9200 -0.3689
vn 0.0754 -0.9088 -0.4104
vn 0.0135 -0.8915 -0.4529
vn -0.0530 -0.8671 -0.4952
vn -0.1231 -0.8350 -0.5363
vn -0.1954 -0.7946 -0.5748
vn -0.2681 -0.7463 -0.6092
vn -0.3391 -0.6908 -0.6386
vn -0.4065 -0.6294 -0.6623
vn -0.4687 -0.5643 -0.6796
vn 0.3223 -0.9359 -0.1418
vn 0.2924 -0.9417 -0.1665
vn 0.2593 -0.9463 -0.1929
vn 0.2227 -0.9494 -0.2216
vn 0.1821 -0.9504 -0.2522
vn 0.1375 -0.9487 -0.2848
vn 0.0887 -0.9435 -0.3191
vn 0.0356 -0.9343 -0.3548
vn -0.0218 -0.9199 -0.3915
vn -0.0828 -0.8998 -0.4283
vn -0.1470 -0.8733 -0.4645
vn -0.2130 -0.8399 -0.4992
vn -0.2797 -0.7995 -0.5316
vn -0.3453 -0.7526 -0.5606
vn -0.4088 -0.7000 -0.5855
vn -0.4684 -0.6430 -0.6059
vn 0.2786 -0.9528 -0.1204
vn 0.2487 -0.9581 -0.1425
vn 0.2158 -0.9622 -0.1659
vn 0.1800 -0.9649 -0.1911
vn 0.1408 -0.9657 -0.2181
vn 0.0984 -0.9641 -0.2465
vn 0.0522 -0.9596 -0.2764
vn 0.0024 -0.9516 -0.3074
vn -0.0507 -0.9394 -0.3392
vn -0.1069 -0.9223 -0.3715
vn -0.1657 -0.8999 -0.4035
vn -0.2261 -0.8718 -0.4345
vn -0.2872 -0.8378 -0.4643
vn -0.3481 -0.7981 -0.4918
vn -0.4073 -0.7531 -0.5166
vn -0.4639 -0.7036 -0.5384
vn -0.3928 -0.8823 -0.2593
vn -0.4995 -0.6758 0.5420
vn 0.3173 -0.7286 0.6070
vn 0.4267 -0.8806 -0.2059
vn 0.3848 0.8977 0.2146
vn 0.3867 -0.9024 -0.1901
vn 0.3867 -0.9024 -0.1900
vn 0.3072 -0.7602 0.5724
vn 0.3180 -0.7839 0.5332
vn 0.3284 -0.8065 0.4917
vn 0.3383 -0.8277 0.4476
vn 0.3476 -0.8473 0.4015
vn 0.3561 -0.8651 0.3534
vn 0.3636 -0.8806 0.3039
vn 0.3703 -0.8938 0.2531
vn 0.3761 -0.9044 0.2016
vn 0.3808 -0.9124 0.1498
vn 0.3846 -0.9179 0.0979
vn 0.3874 -0.9207 0.0467
vn 0.3891 -0.9212 -0.0037
vn 0.3898 -0.9194 -0.0527
vn 0.3897 -0.9155 -0.1004
vn 0.3887 -0.9097 -0.1462
vn -0.4621 -0.7058 0.5370
vn -0.4226 -0.7215 0.5485
vn -0.3807 -0.7364 0.5592
vn -0.3365 -0.7504 0.5690
vn -0.2904 -0.7628 0.5777
vn -0.2421 -0.7740 0.5851
vn -0.1926 -0.7832 0.5912
vn -0.1418 -0.7902 0.5962
vn -0.0901 -0.7952 0.5996
vn -0.0379 -0.7981 0.6013
vn 0.0143 -0.7987 0.6016
vn 0.0662 -0.7970 0.6004
vn 0.1173 -0.7932 0.5976
vn 0.1673 -0.7874 0.5933
vn 0.2158 -0.7798 0.5877
vn 0.2625 -0.7707 0.5806
vn -0.4654 -0.7303 0.5001
vn -0.4253 -0.7469 0.5111
vn -0.3826 -0.7627 0.5215
vn -0.3375 -0.7773 0.5309
vn -0.2904 -0.7905 0.5392
vn -0.2412 -0.8020 0.5465
vn -0.1906 -0.8114 0.5525
vn -0.1386 -0.8189 0.5569
vn -0.0857 -0.8240 0.5600
vn -0.0325 -0.8266 0.5618
vn 0.0208 -0.8269 0.5620
vn 0.0736 -0.8248 0.5607
vn 0.1257 -0.8203 0.5579
vn 0.1765 -0.8138 0.5537
vn 0.2257 -0.8054 0.5481
vn 0.2730 -0.7953 0.5412
vn -0.4678 -0.7542 0.4607
vn -0.4271 -0.7717 0.4713
vn -0.3837 -0.7883 0.4810
vn -0.3378 -0.8036 0.4900
vn -0.2898 -0.8173 0.4981
vn -0.2397 -0.8292 0.5049
vn -0.1880 -0.8391 0.5105
vn -0.1350 -0.8466 0.5148
vn -0.0811 -0.8517 0.5177
vn -0.0268 -0.8542 0.5193
vn 0.0275 -0.8541 0.5194
vn 0.0812 -0.8514 0.5181
vn 0.1340 -0.8465 0.5153
vn 0.1856 -0.8392 0.5112
vn 0.2352 -0.8300 0.5057
vn 0.2831 -0.8189 0.4992
vn -0.4693 -0.7773 0.4190
vn -0.4279 -0.7956 0.4288
vn -0.3838 -0.8129 0.4381
vn -0.3373 -0.8288 0.4466
vn -0.2884 -0.8430 0.4540
vn -0.2375 -0.8553 0.4605
vn -0.1848 -0.8654 0.4658
vn -0.1308 -0.8731 0.4697
vn -0.0761 -0.8781 0.4724
vn -0.0209 -0.8804 0.4738
vn 0.0343 -0.8799 0.4739
vn 0.0887 -0.8768 0.4726
vn 0.1423 -0.8711 0.4700
vn 0.1944 -0.8631 0.4661
vn 0.2446 -0.8531 0.4609
vn 0.2926 -0.8412 0.4547
vn -0.4697 -0.7992 0.3750
vn -0.4277 -0.8182 0.3842
vn -0.3830 -0.8361 0.3927
vn -0.3358 -0.8526 0.4005
vn -0.2862 -0.8673 0.4074
vn -0.2345 -0.8799 0.4133
vn -0.1809 -0.8902 0.4181
vn -0.1262 -0.8979 0.4218
vn -0.0706 -0.9028 0.4243
vn -0.0147 -0.9048 0.4256
vn 0.0412 -0.9040 0.4256
vn 0.0962 -0.9004 0.4244
vn 0.1503 -0.8941 0.4219
vn 0.2029 -0.8854 0.4183
vn 0.2534 -0.8745 0.4136
vn 0.3017 -0.8617 0.4080
vn -0.4690 -0.8196 0.3290
vn -0.4264 -0.8394 0.3372
vn -0.3811 -0.8578 0.3449
vn -0.3333 -0.8747 0.3520
vn -0.2830 -0.8897 0.3582
vn -0.2306 -0.9026 0.3636
vn -0.1764 -0.9129 0.3680
vn -0.1211 -0.9206 0.3714
vn -0.0648 -0.9253 0.3736
vn -0.0083 -0.9271 0.3748
vn 0.0480 -0.9258 0.3749
vn 0.1037 -0.9216 0.3739
vn 0.1581 -0.9148 0.3717
vn 0.2109 -0.9054 0.3685
vn 0.2617 -0.8938 0.3643
vn 0.3101 -0.8803 0.3591
vn -0.4669 -0.8384 0.2811
vn -0.4239 -0.8586 0.2884
vn -0.3782 -0.8774 0.2953
vn -0.3297 -0.8946 0.3015
vn -0.2789 -0.9099 0.3071
vn -0.2260 -0.9228 0.3119
vn -0.1713 -0.9332 0.3158
vn -0.1154 -0.9408 0.3188
vn -0.0587 -0.9453 0.3209
vn -0.0018 -0.9467 0.3220
vn 0.0549 -0.9451 0.3222
vn 0.1109 -0.9405 0.3213
vn 0.1655 -0.9330 0.3194
vn 0.2184 -0.9231 0.3167
vn 0.2694 -0.9107 0.3130
vn 0.3177 -0.8965 0.3087
vn -0.4636 -0.8552 0.2318
vn -0.4202 -0.8756 0.2380
vn -0.3741 -0.8947 0.2439
vn -0.3252 -0.9122 0.2493
vn -0.2740 -0.9275 0.2542
vn -0.2206 -0.9405 0.2584
vn -0.1656 -0.9508 0.2619
vn -0.1093 -0.9582 0.2646
vn -0.0523 -0.9624 0.2665
vn 0.0048 -0.9635 0.2675
vn 0.0617 -0.9615 0.2677
vn 0.1177 -0.9565 0.2671
vn 0.1725 -0.9485 0.2657
vn 0.2255 -0.9380 0.2635
vn 0.2763 -0.9251 0.2606
vn 0.3246 -0.9102 0.2571
vn -0.4592 -0.8696 0.1814
vn -0.4154 -0.8903 0.1865
vn -0.3690 -0.9095 0.1913
vn -0.3198 -0.9270 0.1959
vn -0.2682 -0.9424 0.2001
vn -0.2146 -0.9553 0.2036
vn -0.1593 -0.9654 0.2066
vn -0.1028 -0.9725 0.2090
vn -0.0458 -0.9765 0.2108
vn 0.0115 -0.9772 0.2118
vn 0.0684 -0.9748 0.2122
vn 0.1244 -0.9694 0.2118
vn 0.1790 -0.9610 0.2108
vn 0.2319 -0.9500 0.2092
vn 0.2824 -0.9367 0.2071
vn 0.3306 -0.9213 0.2045
vn -0.4536 -0.8817 0.1301
vn -0.4094 -0.9024 0.1342
vn -0.3627 -0.9216 0.1381
vn -0.3134 -0.9390 0.1416
vn -0.2616 -0.9542 0.1450
vn -0.2079 -0.9669 0.1481
vn -0.1525 -0.9767 0.1507
vn -0.0961 -0.9836 0.1528
vn -0.0390 -0.9872 0.1544
vn 0.0181 -0.9877 0.1554
vn 0.0749 -0.9849 0.1560
vn 0.1308 -0.9791 0.1560
vn 0.1850 -0.9704 0.1555
vn 0.2376 -0.9590 0.1546
vn 0.2879 -0.9453 0.1533
vn 0.3357 -0.9297 0.1517
vn -0.4468 -0.8912 0.0786
vn -0.4024 -0.9118 0.0816
vn -0.3555 -0.9308 0.0845
vn -0.3061 -0.9480 0.0873
vn -0.2543 -0.9629 0.0899
vn -0.2006 -0.9753 0.0922
vn -0.1453 -0.9849 0.0945
vn -0.0890 -0.9914 0.0963
vn -0.0322 -0.9947 0.0978
vn 0.0247 -0.9948 0.0989
vn 0.0812 -0.9917 0.0996
vn 0.1366 -0.9856 0.1000
vn 0.1905 -0.9766 0.1001
vn 0.2426 -0.9650 0.0999
vn 0.2926 -0.9511 0.0994
vn 0.3399 -0.9353 0.0988
vn -0.4387 -0.8982 0.0272
vn -0.3943 -0.9185 0.0290
vn -0.3474 -0.9372 0.0309
vn -0.2980 -0.9540 0.0329
vn -0.2463 -0.9686 0.0349
vn -0.1928 -0.9806 0.0367
vn -0.1378 -0.9897 0.0385
vn -0.0818 -0.9958 0.0402
vn -0.0253 -0.9988 0.0417
vn 0.0311 -0.9986 0.0429
vn 0.0871 -0.9952 0.0438
vn 0.1420 -0.9889 0.0446
vn 0.1954 -0.9797 0.0453
vn 0.2470 -0.9679 0.0458
vn 0.2963 -0.9540 0.0462
vn 0.3431 -0.9381 0.0465
vn -0.4296 -0.9027 -0.0237
vn -0.3853 -0.9225 -0.0228
vn -0.3384 -0.9408 -0.0218
vn -0.2892 -0.9571 -0.0207
vn -0.2377 -0.9712 -0.0194
vn -0.1845 -0.9827 -0.0180
vn -0.1299 -0.9914 -0.0165
vn -0.0744 -0.9971 -0.0150
vn -0.0185 -0.9997 -0.0136
vn 0.0373 -0.9992 -0.0123
vn 0.0927 -0.9956 -0.0111
vn 0.1469 -0.9891 -0.0099
vn 0.1996 -0.9798 -0.0087
vn 0.2505 -0.9681 -0.0075
vn 0.2992 -0.9542 -0.0063
vn 0.3455 -0.9384 -0.0050
vn -0.4195 -0.9047 -0.0737
vn -0.3754 -0.9239 -0.0738
vn -0.3286 -0.9416 -0.0735
vn -0.2796 -0.9573 -0.0731
vn -0.2286 -0.9708 -0.0724
vn -0.1758 -0.9818 -0.0714
vn -0.1219 -0.9901 -0.0702
vn -0.0670 -0.9954 -0.0689
vn -0.0118 -0.9976 -0.0675
vn 0.0433 -0.9969 -0.0660
vn 0.0978 -0.9931 -0.0645
vn 0.1512 -0.9865 -0.0629
vn 0.2031 -0.9773 -0.0611
vn 0.2532 -0.9656 -0.0591
vn 0.3012 -0.9519 -0.0571
vn 0.3468 -0.9363 -0.0550
vn -0.4089 -0.9043 -0.1226
vn -0.3646 -0.9230 -0.1233
vn -0.3181 -0.9399 -0.1238
vn -0.2696 -0.9550 -0.1239
vn -0.2191 -0.9678 -0.1237
vn -0.1669 -0.9782 -0.1232
vn -0.1137 -0.9860 -0.1223
vn -0.0596 -0.9909 -0.1210
vn -0.0053 -0.9928 -0.1196
vn 0.0488 -0.9918 -0.1179
vn 0.1025 -0.9879 -0.1161
vn 0.1549 -0.9813 -0.1141
vn 0.2059 -0.9722 -0.1118
vn 0.2554 -0.9606 -0.1095
vn 0.3024 -0.9472 -0.1066
vn 0.3472 -0.9321 -0.1034
vn -0.3970 -0.9021 -0.1694
vn -0.3533 -0.9198 -0.1710
vn -0.3072 -0.9360 -0.1721
vn -0.2591 -0.9503 -0.1729
vn -0.2092 -0.9624 -0.1731
vn -0.1578 -0.9722 -0.1728
vn -0.1054 -0.9794 -0.1721
vn -0.0523 -0.9839 -0.1710
vn 0.0010 -0.9855 -0.1695
vn 0.0541 -0.9843 -0.1677
vn 0.1067 -0.9804 -0.1656
vn 0.1581 -0.9739 -0.1631
vn 0.2082 -0.9649 -0.1603
vn 0.2565 -0.9537 -0.1572
vn 0.3027 -0.9406 -0.1537
vn 0.3469 -0.9258 -0.1501
vn -0.3848 -0.8977 -0.2147
vn -0.3415 -0.9145 -0.2169
vn -0.2958 -0.9299 -0.2185
vn -0.2484 -0.9434 -0.2197
vn -0.1992 -0.9549 -0.2201
vn -0.1486 -0.9641 -0.2202
vn -0.0972 -0.9707 -0.2198
vn -0.0451 -0.9748 -0.2184
vn 0.0070 -0.9761 -0.2170
vn 0.0591 -0.9748 -0.2151
vn 0.1105 -0.9708 -0.2128
vn 0.1608 -0.9644 -0.2100
vn 0.2099 -0.9556 -0.2068
vn 0.2571 -0.9448 -0.2031
vn 0.3025 -0.9321 -0.1991
vn 0.3458 -0.9179 -0.1946
vn 0.4620 0.7059 -0.5369
vn 0.4654 0.7304 -0.5000
vn 0.4677 0.7544 -0.4606
vn 0.4692 0.7774 -0.4189
vn 0.4696 0.7993 -0.3749
vn 0.4687 0.8199 -0.3288
vn 0.4667 0.8386 -0.2811
vn 0.4636 0.8552 -0.2318
vn 0.4592 0.8696 -0.1814
vn 0.4534 0.8818 -0.1301
vn 0.4465 0.8913 -0.0786
vn 0.4385 0.8983 -0.0273
vn 0.4295 0.9028 0.0237
vn 0.4194 0.9048 0.0736
vn 0.4085 0.9045 0.1224
vn 0.3969 0.9021 0.1693
vn -0.3073 0.7602 -0.5725
vn -0.2624 0.7708 -0.5805
vn -0.2158 0.7799 -0.5875
vn -0.1672 0.7876 -0.5931
vn -0.1173 0.7933 -0.5974
vn -0.0662 0.7971 -0.6002
vn -0.0143 0.7988 -0.6014
vn 0.0379 0.7983 -0.6011
vn 0.0900 0.7955 -0.5993
vn 0.1417 0.7904 -0.5959
vn 0.1925 0.7832 -0.5912
vn 0.2422 0.7740 -0.5850
vn 0.2902 0.7631 -0.5774
vn 0.3363 0.7506 -0.5687
vn 0.3807 0.7366 -0.5591
vn 0.4224 0.7217 -0.5484
vn -0.3180 0.7839 -0.5332
vn -0.2728 0.7955 -0.5410
vn -0.2256 0.8055 -0.5480
vn -0.1764 0.8139 -0.5535
vn -0.1257 0.8205 -0.5577
vn -0.0736 0.8248 -0.5605
vn -0.0208 0.8270 -0.5618
vn 0.0325 0.8268 -0.5616
vn 0.0857 0.8241 -0.5599
vn 0.1386 0.8190 -0.5568
vn 0.1905 0.8116 -0.5522
vn 0.2413 0.8021 -0.5463
vn 0.2903 0.7906 -0.5391
vn 0.3374 0.7775 -0.5307
vn 0.3824 0.7629 -0.5213
vn 0.4251 0.7471 -0.5110
vn -0.3283 0.8066 -0.4915
vn -0.2829 0.8191 -0.4991
vn -0.2352 0.8301 -0.5056
vn -0.1854 0.8393 -0.5110
vn -0.1340 0.8465 -0.5152
vn -0.0811 0.8516 -0.5179
vn -0.0274 0.8542 -0.5192
vn 0.0268 0.8543 -0.5191
vn 0.0811 0.8518 -0.5176
vn 0.1349 0.8467 -0.5147
vn 0.1880 0.8392 -0.5104
vn 0.2397 0.8293 -0.5047
vn 0.2897 0.8174 -0.4979
vn 0.3378 0.8036 -0.4900
vn 0.3835 0.7884 -0.4810
vn 0.4270 0.7718 -0.4712
vn -0.3382 0.8279 -0.4475
vn -0.2925 0.8413 -0.4546
vn -0.2445 0.8532 -0.4607
vn -0.1942 0.8633 -0.4658
vn -0.1423 0.8713 -0.4697
vn -0.0887 0.8769 -0.4724
vn -0.0343 0.8800 -0.4737
vn 0.0208 0.8805 -0.4737
vn 0.0760 0.8782 -0.4722
vn 0.1308 0.8732 -0.4695
vn 0.1848 0.8655 -0.4655
vn 0.2374 0.8554 -0.4603
vn 0.2883 0.8431 -0.4539
vn 0.3372 0.8289 -0.4464
vn 0.3837 0.8131 -0.4379
vn 0.4278 0.7958 -0.4287
vn -0.3474 0.8475 -0.4013
vn -0.3016 0.8618 -0.4078
vn -0.2533 0.8746 -0.4135
vn -0.2028 0.8854 -0.4183
vn -0.1503 0.8941 -0.4219
vn -0.0963 0.9004 -0.4242
vn -0.0411 0.9041 -0.4254
vn 0.0146 0.9049 -0.4254
vn 0.0706 0.9029 -0.4241
vn 0.1262 0.8980 -0.4216
vn 0.1809 0.8903 -0.4180
vn 0.2343 0.8800 -0.4131
vn 0.2860 0.8674 -0.4072
vn 0.3357 0.8527 -0.4003
vn 0.3829 0.8362 -0.3926
vn 0.4275 0.8184 -0.3840
vn -0.3558 0.8652 -0.3533
vn -0.3100 0.8803 -0.3591
vn -0.2615 0.8939 -0.3641
vn -0.2108 0.9055 -0.3683
vn -0.1580 0.9149 -0.3716
vn -0.1036 0.9217 -0.3738
vn -0.0481 0.9259 -0.3748
vn 0.0083 0.9271 -0.3747
vn 0.0648 0.9253 -0.3736
vn 0.1210 0.9206 -0.3713
vn 0.1764 0.9130 -0.3679
vn 0.2305 0.9026 -0.3635
vn 0.2829 0.8898 -0.3581
vn 0.3331 0.8748 -0.3519
vn 0.3810 0.8579 -0.3448
vn 0.4262 0.8395 -0.3370
vn -0.3635 0.8807 -0.3038
vn -0.3176 0.8966 -0.3087
vn -0.2692 0.9108 -0.3130
vn -0.2183 0.9231 -0.3166
vn -0.1654 0.9331 -0.3193
vn -0.1108 0.9405 -0.3212
vn -0.0549 0.9451 -0.3220
vn 0.0017 0.9468 -0.3219
vn 0.0587 0.9453 -0.3208
vn 0.1154 0.9408 -0.3187
vn 0.1713 0.9333 -0.3157
vn 0.2259 0.9229 -0.3118
vn 0.2789 0.9099 -0.3070
vn 0.3296 0.8947 -0.3014
vn 0.3781 0.8775 -0.2951
vn 0.4237 0.8587 -0.2883
vn -0.3701 0.8939 -0.2530
vn -0.3244 0.9103 -0.2570
vn -0.2762 0.9251 -0.2605
vn -0.2253 0.9380 -0.2634
vn -0.1724 0.9486 -0.2656
vn -0.1177 0.9565 -0.2670
vn -0.0617 0.9615 -0.2676
vn -0.0048 0.9636 -0.2674
vn 0.0523 0.9624 -0.2664
vn 0.1093 0.9582 -0.2645
vn 0.1655 0.9508 -0.2618
vn 0.2205 0.9406 -0.2583
vn 0.2739 0.9276 -0.2541
vn 0.3251 0.9122 -0.2492
vn 0.3740 0.8948 -0.2438
vn 0.4200 0.8757 -0.2380
vn -0.3759 0.9045 -0.2015
vn -0.3304 0.9214 -0.2045
vn -0.2824 0.9367 -0.2071
vn -0.2317 0.9500 -0.2092
vn -0.1789 0.9610 -0.2108
vn -0.1243 0.9694 -0.2118
vn -0.0684 0.9749 -0.2121
vn -0.0115 0.9773 -0.2117
vn 0.0457 0.9765 -0.2107
vn 0.1028 0.9725 -0.2090
vn 0.1592 0.9654 -0.2066
vn 0.2145 0.9553 -0.2035
vn 0.2681 0.9424 -0.1999
vn 0.3197 0.9271 -0.1959
vn 0.3687 0.9096 -0.1914
vn 0.4152 0.8904 -0.1865
vn -0.3807 0.9125 -0.1498
vn -0.3355 0.9298 -0.1517
vn -0.2878 0.9454 -0.1532
vn -0.2375 0.9590 -0.1545
vn -0.1850 0.9704 -0.1554
vn -0.1306 0.9791 -0.1559
vn -0.0749 0.9849 -0.1559
vn -0.0181 0.9877 -0.1554
vn 0.0390 0.9873 -0.1543
vn 0.0960 0.9836 -0.1527
vn 0.1525 0.9768 -0.1506
vn 0.2078 0.9669 -0.1480
vn 0.2615 0.9543 -0.1450
vn 0.3132 0.9391 -0.1417
vn 0.3625 0.9217 -0.1381
vn 0.4094 0.9025 -0.1342
vn -0.3845 0.9179 -0.0979
vn -0.3396 0.9354 -0.0988
vn -0.2924 0.9511 -0.0995
vn -0.2426 0.9650 -0.0999
vn -0.1905 0.9766 -0.1001
vn -0.1365 0.9856 -0.1001
vn -0.0811 0.9917 -0.0997
vn -0.0247 0.9948 -0.0989
vn 0.0322 0.9947 -0.0978
vn 0.0890 0.9914 -0.0963
vn 0.1453 0.9849 -0.0944
vn 0.2005 0.9753 -0.0922
vn 0.2542 0.9630 -0.0898
vn 0.3059 0.9481 -0.0872
vn 0.3554 0.9309 -0.0844
vn 0.4023 0.9119 -0.0815
vn -0.3872 0.9208 -0.0467
vn -0.3430 0.9382 -0.0465
vn -0.2961 0.9540 -0.0462
vn -0.2469 0.9680 -0.0457
vn -0.1954 0.9797 -0.0452
vn -0.1419 0.9889 -0.0446
vn -0.0871 0.9952 -0.0438
vn -0.0311 0.9986 -0.0428
vn 0.0253 0.9988 -0.0417
vn 0.0818 0.9958 -0.0402
vn 0.1377 0.9897 -0.0385
vn 0.1927 0.9806 -0.0367
vn 0.2462 0.9686 -0.0349
vn 0.2979 0.9540 -0.0329
vn 0.3473 0.9373 -0.0310
vn 0.3942 0.9186 -0.0291
vn -0.3889 0.9213 0.0036
vn -0.3452 0.9385 0.0049
vn -0.2991 0.9542 0.0062
vn -0.2503 0.9681 0.0073
vn -0.1996 0.9798 0.0087
vn -0.1468 0.9891 0.0099
vn -0.0926 0.9956 0.0110
vn -0.0373 0.9992 0.0122
vn 0.0185 0.9997 0.0136
vn 0.0744 0.9971 0.0150
vn 0.1299 0.9914 0.0165
vn 0.1844 0.9827 0.0180
vn 0.2376 0.9712 0.0194
vn 0.2890 0.9571 0.0207
vn 0.3383 0.9408 0.0217
vn 0.3851 0.9226 0.0227
vn -0.3897 0.9194 0.0527
vn -0.3465 0.9365 0.0548
vn -0.3011 0.9519 0.0571
vn -0.2531 0.9656 0.0592
vn -0.2030 0.9773 0.0610
vn -0.1512 0.9865 0.0628
vn -0.0977 0.9931 0.0645
vn -0.0432 0.9969 0.0660
vn 0.0118 0.9977 0.0674
vn 0.0670 0.9954 0.0688
vn 0.1218 0.9901 0.0701
vn 0.1758 0.9818 0.0713
vn 0.2285 0.9709 0.0723
vn 0.2795 0.9574 0.0730
vn 0.3285 0.9417 0.0734
vn 0.3752 0.9240 0.0737
vn -0.3896 0.9155 0.1004
vn -0.3471 0.9321 0.1035
vn -0.3021 0.9473 0.1063
vn -0.2551 0.9607 0.1092
vn -0.2059 0.9722 0.1118
vn -0.1549 0.9813 0.1141
vn -0.1024 0.9880 0.1161
vn -0.0488 0.9918 0.1178
vn 0.0053 0.9928 0.1195
vn 0.0596 0.9909 0.1210
vn 0.1136 0.9860 0.1222
vn 0.1669 0.9783 0.1231
vn 0.2190 0.9679 0.1237
vn 0.2695 0.9550 0.1239
vn 0.3181 0.9400 0.1238
vn 0.3646 0.9230 0.1233
vn -0.3884 0.9099 0.1459
vn -0.3468 0.9259 0.1500
vn -0.3026 0.9406 0.1537
vn -0.2565 0.9537 0.1573
vn -0.2081 0.9649 0.1603
vn -0.1581 0.9739 0.1631
vn -0.1067 0.9804 0.1655
vn -0.0541 0.9844 0.1677
vn -0.0010 0.9855 0.1694
vn 0.0523 0.9839 0.1708
vn 0.1054 0.9794 0.1720
vn 0.1578 0.9723 0.1727
vn 0.2092 0.9624 0.1730
vn 0.2590 0.9503 0.1727
vn 0.3071 0.9360 0.1719
vn 0.3532 0.9198 0.1708
vn -0.3866 0.9025 0.1898
vn -0.3457 0.9180 0.1946
vn -0.3023 0.9322 0.1989
vn -0.2569 0.9449 0.2026
vn -0.2097 0.9557 0.2065
vn -0.1607 0.9644 0.2098
vn -0.1105 0.9708 0.2127
vn -0.0590 0.9748 0.2151
vn -0.0071 0.9761 0.2171
vn 0.0451 0.9748 0.2184
vn 0.0972 0.9707 0.2198
vn 0.1486 0.9641 0.2202
vn 0.1992 0.9549 0.2201
vn 0.2482 0.9435 0.2194
vn 0.2958 0.9299 0.2185
vn 0.3414 0.9146 0.2169
vn 0.4993 0.6761 -0.5418
vn 0.5363 0.6274 -0.5646
vn 0.5771 0.5666 -0.5881
vn 0.6205 0.4910 -0.6114
vn 0.6653 0.3966 -0.6326
vn 0.7076 0.2819 -0.6480
vn 0.7428 0.1454 -0.6536
vn 0.7643 -0.0079 -0.6448
vn 0.7671 -0.1692 -0.6188
vn 0.7495 -0.3257 -0.5763
vn 0.7142 -0.4668 -0.5216
vn 0.6672 -0.5850 -0.4611
vn 0.6149 -0.6793 -0.4005
vn 0.5625 -0.7522 -0.3434
vn 0.5129 -0.8074 -0.2916
vn 0.4674 -0.8492 -0.2459
vn 0.4223 0.8757 0.2340
vn 0.4360 0.8802 0.1876
vn 0.4491 0.8826 0.1394
vn 0.4614 0.8827 0.0892
vn 0.4728 0.8804 0.0376
vn 0.4829 0.8756 -0.0151
vn 0.4917 0.8681 -0.0685
vn 0.4991 0.8579 -0.1220
vn 0.5048 0.8453 -0.1754
vn 0.5090 0.8301 -0.2277
vn 0.5117 0.8127 -0.2789
vn 0.5128 0.7932 -0.3285
vn 0.5126 0.7719 -0.3761
vn 0.5109 0.7494 -0.4212
vn 0.5080 0.7257 -0.4640
vn 0.5040 0.7012 -0.5043
vn 0.4555 0.8454 0.2790
vn 0.4721 0.8512 0.2295
vn 0.4878 0.8547 0.1776
vn 0.5026 0.8557 0.1232
vn 0.5161 0.8539 0.0668
vn 0.5281 0.8491 0.0089
vn 0.5385 0.8412 -0.0501
vn 0.5469 0.8300 -0.1093
vn 0.5532 0.8159 -0.1682
vn 0.5574 0.7988 -0.2262
vn 0.5597 0.7791 -0.2825
vn 0.5597 0.7572 -0.3367
vn 0.5578 0.7334 -0.3885
vn 0.5545 0.7081 -0.4371
vn 0.5496 0.6817 -0.4828
vn 0.5436 0.6547 -0.5252
vn 0.4928 0.8047 0.3310
vn 0.5129 0.8119 0.2788
vn 0.5320 0.8168 0.2229
vn 0.5501 0.8188 0.1639
vn 0.5668 0.8175 0.1022
vn 0.5815 0.8127 0.0383
vn 0.5937 0.8042 -0.0271
vn 0.6035 0.7919 -0.0931
vn 0.6105 0.7760 -0.1586
vn 0.6144 0.7568 -0.2232
vn 0.6155 0.7346 -0.2856
vn 0.6141 0.7098 -0.3451
vn 0.6102 0.6830 -0.4015
vn 0.6041 0.6549 -0.4540
vn 0.5964 0.6258 -0.5027
vn 0.5874 0.5961 -0.5474
vn 0.5337 0.7500 0.3909
vn 0.5584 0.7584 0.3361
vn 0.5823 0.7643 0.2769
vn 0.6050 0.7672 0.2131
vn 0.6256 0.7664 0.1455
vn 0.6438 0.7615 0.0747
vn 0.6589 0.7522 0.0019
vn 0.6702 0.7387 -0.0722
vn 0.6776 0.7208 -0.1457
vn 0.6812 0.6990 -0.2178
vn 0.6806 0.6739 -0.2873
vn 0.6767 0.6461 -0.3531
vn 0.6696 0.6163 -0.4144
vn 0.6598 0.5854 -0.4711
vn 0.6481 0.5538 -0.5227
vn 0.6347 0.5223 -0.5695
vn 0.5770 0.6759 0.4585
vn 0.6076 0.6850 0.4020
vn 0.6374 0.6916 0.3398
vn 0.6661 0.6947 0.2715
vn 0.6922 0.6940 0.1979
vn 0.7151 0.6887 0.1196
vn 0.7335 0.6786 0.0383
vn 0.7470 0.6633 -0.0449
vn 0.7550 0.6432 -0.1277
vn 0.7574 0.6187 -0.2088
vn 0.7544 0.5907 -0.2862
vn 0.7466 0.5601 -0.3589
vn 0.7350 0.5278 -0.4258
vn 0.7203 0.4943 -0.4867
vn 0.7033 0.4609 -0.5411
vn 0.6845 0.4288 -0.5896
vn 0.6845 0.4286 -0.5897
vn 0.6192 0.5779 0.5315
vn 0.6567 0.5860 0.4747
vn 0.6940 0.5914 0.4107
vn 0.7299 0.5937 0.3388
vn 0.7630 0.5919 0.2597
vn 0.7919 0.5854 0.1740
vn 0.8149 0.5735 0.0837
vn 0.8311 0.5561 -0.0095
vn 0.8395 0.5336 -0.1027
vn 0.8402 0.5066 -0.1937
vn 0.8336 0.4763 -0.2799
vn 0.8207 0.4438 -0.3599
vn 0.8029 0.4101 -0.4326
vn 0.7815 0.3764 -0.4975
vn 0.7579 0.3435 -0.5547
vn 0.7329 0.3117 -0.6047
vn 0.6555 0.4516 0.6053
vn 0.7000 0.4556 0.5499
vn 0.7449 0.4575 0.4856
vn 0.7888 0.4564 0.4118
vn 0.8297 0.4513 0.3285
vn 0.8655 0.4415 0.2366
vn 0.8939 0.4267 0.1378
vn 0.9129 0.4068 0.0350
vn 0.9215 0.3823 -0.0687
vn 0.9197 0.3540 -0.1696
vn 0.9085 0.3232 -0.2648
vn 0.8896 0.2911 -0.3520
vn 0.8648 0.2591 -0.4302
vn 0.8361 0.2282 -0.4989
vn 0.8054 0.1983 -0.5586
vn 0.7739 0.1710 -0.6098
vn 0.6784 0.2974 0.6718
vn 0.7282 0.2944 0.6189
vn 0.7793 0.2889 0.5560
vn 0.8298 0.2805 0.4824
vn 0.8773 0.2691 0.3974
vn 0.9190 0.2538 0.3016
vn 0.9520 0.2345 0.1969
vn 0.9735 0.2116 0.0867
vn 0.9822 0.1859 -0.0253
vn 0.9782 0.1584 -0.1344
vn 0.9627 0.1302 -0.2370
vn 0.9383 0.1027 -0.3303
vn 0.9074 0.0765 -0.4131
vn 0.8728 0.0523 -0.4853
vn 0.8364 0.0301 -0.5473
vn 0.7999 0.0101 -0.6001
vn 0.6813 0.1241 0.7214
vn 0.7329 0.1112 0.6712
vn 0.7862 0.0952 0.6106
vn 0.8390 0.0774 0.5387
vn 0.8889 0.0568 0.4545
vn 0.9329 0.0340 0.3585
vn 0.9676 0.0096 0.2523
vn 0.9901 -0.0158 0.1394
vn 0.9989 -0.0412 0.0242
vn 0.9939 -0.0653 -0.0888
vn 0.9769 -0.0874 -0.1953
vn 0.9503 -0.1070 -0.2923
vn 0.9173 -0.1243 -0.3783
vn 0.8806 -0.1389 -0.4531
vn 0.8423 -0.1508 -0.5175
vn 0.8041 -0.1608 -0.5723
vn 0.6620 -0.0532 0.7476
vn 0.7110 -0.0765 0.6990
vn 0.7612 -0.1020 0.6405
vn 0.8107 -0.1293 0.5710
vn 0.8575 -0.1580 0.4896
vn 0.8986 -0.1873 0.3968
vn 0.9310 -0.2159 0.2942
vn 0.9524 -0.2424 0.1846
vn 0.9613 -0.2659 0.0723
vn 0.9576 -0.2856 -0.0386
vn 0.9427 -0.3009 -0.1439
vn 0.9190 -0.3122 -0.2409
vn 0.8890 -0.3198 -0.3278
vn 0.8553 -0.3244 -0.4041
vn 0.8198 -0.3266 -0.4703
vn 0.7842 -0.3269 -0.5274
vn 0.6243 -0.2182 0.7501
vn 0.6672 -0.2488 0.7021
vn 0.7105 -0.2811 0.6451
vn 0.7528 -0.3143 0.5783
vn 0.7925 -0.3477 0.5010
vn 0.8273 -0.3798 0.4140
vn 0.8550 -0.4094 0.3184
vn 0.8738 -0.4354 0.2168
vn 0.8825 -0.4567 0.1123
vn 0.8813 -0.4724 0.0087
vn 0.8710 -0.4827 -0.0909
vn 0.8534 -0.4876 -0.1840
vn 0.8534 -0.4877 -0.1840
vn 0.8301 -0.4884 -0.2692
vn 0.8028 -0.4864 -0.3448
vn 0.7737 -0.4814 -0.4119
vn 0.7438 -0.4747 -0.4705
vn 0.5755 -0.3602 0.7342
vn 0.6110 -0.3943 0.6865
vn 0.6465 -0.4289 0.6310
vn 0.6806 -0.4637 0.5672
vn 0.7123 -0.4976 0.4949
vn 0.7400 -0.5295 0.4148
vn 0.7623 -0.5580 0.3279
vn 0.7781 -0.5821 0.2362
vn 0.7867 -0.6008 0.1420
vn 0.7880 -0.6138 0.0482
vn 0.7824 -0.6212 -0.0431
vn 0.7710 -0.6235 -0.1298
vn 0.7549 -0.6213 -0.2101
vn 0.7354 -0.6155 -0.2835
vn 0.7136 -0.6070 -0.3498
vn 0.6907 -0.5966 -0.4087
vn 0.5232 -0.4756 0.7071
vn 0.5518 -0.5097 0.6601
vn 0.5799 -0.5440 0.6065
vn 0.6067 -0.5776 0.5462
vn 0.6314 -0.6096 0.4793
vn 0.6531 -0.6390 0.4064
vn 0.6709 -0.6648 0.3283
vn 0.6842 -0.6864 0.2465
vn 0.6924 -0.7029 0.1628
vn 0.6954 -0.7143 0.0789
vn 0.6934 -0.7206 -0.0033
vn 0.6870 -0.7219 -0.0824
vn 0.6770 -0.7191 -0.1569
vn 0.6639 -0.7128 -0.2262
vn 0.6489 -0.7034 -0.2900
vn 0.6325 -0.6920 -0.3480
vn 0.4723 -0.5666 0.6752
vn 0.4950 -0.5991 0.6294
vn 0.5173 -0.6311 0.5781
vn 0.5383 -0.6618 0.5217
vn 0.5578 -0.6908 0.4601
vn 0.5749 -0.7172 0.3940
vn 0.5892 -0.7402 0.3240
vn 0.6003 -0.7593 0.2512
vn 0.6078 -0.7741 0.1769
vn 0.6118 -0.7844 0.1023
vn 0.6123 -0.7901 0.0286
vn 0.6096 -0.7916 -0.0428
vn 0.6041 -0.7891 -0.1113
vn 0.5961 -0.7834 -0.1759
vn 0.5863 -0.7749 -0.2362
vn 0.5748 -0.7645 -0.2920
vn 0.4254 -0.6374 0.6424
vn 0.4437 -0.6673 0.5982
vn 0.4615 -0.6963 0.5497
vn 0.4783 -0.7239 0.4972
vn 0.4938 -0.7497 0.4406
vn 0.5075 -0.7730 0.3806
vn 0.5193 -0.7933 0.3178
vn 0.5288 -0.8102 0.2528
vn 0.5359 -0.8234 0.1865
vn 0.5403 -0.8329 0.1199
vn 0.5422 -0.8385 0.0538
vn 0.5417 -0.8405 -0.0106
vn 0.5390 -0.8391 -0.0730
vn 0.5346 -0.8346 -0.1326
vn 0.5285 -0.8276 -0.1891
vn 0.5211 -0.8184 -0.2422
vn 0.3837 -0.6925 0.6109
vn 0.3985 -0.7196 0.5687
vn 0.4129 -0.7455 0.5231
vn 0.4265 -0.7702 0.4742
vn 0.4391 -0.7930 0.4223
vn 0.4505 -0.8135 0.3678
vn 0.4604 -0.8315 0.3110
vn 0.4685 -0.8466 0.2526
vn 0.4750 -0.8585 0.1932
vn 0.4796 -0.8673 0.1334
vn 0.4824 -0.8728 0.0740
vn 0.4834 -0.8753 0.0155
vn 0.4828 -0.8748 -0.0414
vn 0.4807 -0.8716 -0.0963
vn 0.4773 -0.8660 -0.1489
vn 0.4728 -0.8584 -0.1989
vn 0.3471 -0.7355 0.5818
vn 0.3593 -0.7598 0.5418
vn 0.3711 -0.7832 0.4989
vn 0.3824 -0.8051 0.4535
vn 0.3929 -0.8252 0.4057
vn 0.4024 -0.8434 0.3559
vn 0.4109 -0.8594 0.3044
vn 0.4182 -0.8728 0.2515
vn 0.4241 -0.8838 0.1978
vn 0.4287 -0.8919 0.1439
vn 0.4319 -0.8974 0.0900
vn 0.4337 -0.9003 0.0369
vn 0.4344 -0.9006 -0.0151
vn 0.4339 -0.8985 -0.0657
vn 0.4323 -0.8944 -0.1145
vn 0.4298 -0.8884 -0.1613
vn 0.3927 0.8824 0.2592
vn 0.4231 0.8527 0.3063
vn 0.4571 0.8128 0.3611
vn 0.4944 0.7587 0.4241
vn 0.5338 0.6856 0.4949
vn 0.5723 0.5885 0.5711
vn 0.6049 0.4630 0.6478
vn 0.6252 0.3094 0.7165
vn 0.6274 0.1362 0.7667
vn 0.6090 -0.0410 0.7921
vn 0.5737 -0.2068 0.7925
vn 0.5285 -0.3491 0.7738
vn 0.4803 -0.4654 0.7435
vn 0.4328 -0.5576 0.7084
vn 0.3896 -0.6291 0.6727
vn 0.3512 -0.6847 0.6386
vn -0.4038 0.8851 0.2315
vn -0.3621 0.9014 0.2375
vn -0.3182 0.9162 0.2436
vn -0.2719 0.9296 0.2489
vn -0.2235 0.9409 0.2544
vn -0.1730 0.9503 0.2590
vn -0.1211 0.9572 0.2629
vn -0.0678 0.9615 0.2662
vn -0.0137 0.9631 0.2686
vn 0.0407 0.9619 0.2702
vn 0.0949 0.9579 0.2709
vn 0.1485 0.9511 0.2708
vn 0.2009 0.9417 0.2698
vn 0.2519 0.9299 0.2679
vn 0.3011 0.9159 0.2655
vn 0.3480 0.9000 0.2625
vn -0.4425 0.8541 0.2735
vn -0.3990 0.8726 0.2817
vn -0.3525 0.8898 0.2897
vn -0.3031 0.9054 0.2972
vn -0.2507 0.9191 0.3041
vn -0.1960 0.9302 0.3103
vn -0.1391 0.9386 0.3157
vn -0.0805 0.9440 0.3200
vn -0.0207 0.9462 0.3230
vn 0.0394 0.9449 0.3249
vn 0.0993 0.9403 0.3254
vn 0.1585 0.9325 0.3246
vn 0.2161 0.9214 0.3229
vn 0.2718 0.9076 0.3200
vn 0.3250 0.8913 0.3162
vn 0.3755 0.8729 0.3116
vn -0.4858 0.8126 0.3220
vn -0.4406 0.8338 0.3327
vn -0.3916 0.8536 0.3434
vn -0.3390 0.8718 0.3536
vn -0.2827 0.8878 0.3631
vn -0.2230 0.9013 0.3714
vn -0.1605 0.9115 0.3786
vn -0.0957 0.9182 0.3844
vn -0.0293 0.9210 0.3885
vn 0.0377 0.9198 0.3906
vn 0.1043 0.9145 0.3909
vn 0.1701 0.9052 0.3894
vn 0.2336 0.8923 0.3863
vn 0.2946 0.8761 0.3817
vn 0.3524 0.8570 0.3759
vn 0.4067 0.8358 0.3690
vn -0.5329 0.7580 0.3761
vn -0.4867 0.7813 0.3908
vn -0.4356 0.8037 0.4054
vn -0.3800 0.8246 0.4192
vn -0.3195 0.8433 0.4322
vn -0.2547 0.8590 0.4441
vn -0.1859 0.8713 0.4542
vn -0.1140 0.8795 0.4620
vn -0.0399 0.8831 0.4674
vn 0.0352 0.8819 0.4701
vn 0.1099 0.8757 0.4701
vn 0.1832 0.8649 0.4674
vn 0.2536 0.8497 0.4622
vn 0.3206 0.8308 0.4550
vn 0.3833 0.8088 0.4460
vn 0.4412 0.7846 0.4356
vn -0.5828 0.6857 0.4361
vn -0.5362 0.7105 0.4557
vn -0.4838 0.7349 0.4753
vn -0.4256 0.7580 0.4943
vn -0.3612 0.7790 0.5125
vn -0.2910 0.7972 0.5290
vn -0.2155 0.8115 0.5431
vn -0.1357 0.8212 0.5543
vn -0.0527 0.8256 0.5619
vn 0.0317 0.8242 0.5654
vn 0.1156 0.8172 0.5646
vn 0.1976 0.8047 0.5598
vn 0.2758 0.7873 0.5515
vn 0.3491 0.7657 0.5402
vn 0.4166 0.7411 0.5265
vn 0.4783 0.7141 0.5112
vn -0.6324 0.5921 0.4995
vn -0.5864 0.6168 0.5251
vn -0.5336 0.6413 0.5514
vn -0.4736 0.6655 0.5769
vn -0.4061 0.6877 0.6018
vn -0.3309 0.7072 0.6248
vn -0.2487 0.7229 0.6447
vn -0.1604 0.7336 0.6604
vn -0.0679 0.7386 0.6708
vn 0.0268 0.7372 0.6751
vn 0.1209 0.7293 0.6734
vn 0.2122 0.7152 0.6659
vn 0.2985 0.6959 0.6532
vn 0.3782 0.6724 0.6363
vn 0.4508 0.6460 0.6161
vn 0.5147 0.6178 0.5945
vn -0.6774 0.4741 0.5625
vn -0.6325 0.4962 0.5947
vn -0.5804 0.5185 0.6279
vn -0.5197 0.5405 0.6616
vn -0.4501 0.5613 0.6945
vn -0.3710 0.5800 0.7252
vn -0.2828 0.5951 0.7522
vn -0.1868 0.6055 0.7736
vn -0.0849 0.6102 0.7877
vn 0.0198 0.6083 0.7934
vn 0.1241 0.5999 0.7904
vn 0.2245 0.5855 0.7790
vn 0.3185 0.5660 0.7604
vn 0.4040 0.5428 0.7363
vn 0.4803 0.5170 0.7085
vn 0.5470 0.4900 0.6787
vn -0.7112 0.3341 0.6186
vn -0.6679 0.3498 0.6569
vn -0.6168 0.3660 0.6968
vn -0.5565 0.3823 0.7377
vn -0.4860 0.3978 0.7782
vn -0.4046 0.4117 0.8166
vn -0.3124 0.4230 0.8506
vn -0.2107 0.4303 0.8777
vn -0.1018 0.4329 0.8957
vn 0.0108 0.4302 0.9027
vn 0.1230 0.4223 0.8981
vn 0.2305 0.4094 0.8827
vn 0.3303 0.3926 0.8583
vn 0.4201 0.3731 0.8273
vn 0.4990 0.3521 0.7919
vn 0.5671 0.3306 0.7544
vn -0.7284 0.1771 0.6619
vn -0.6861 0.1844 0.7038
vn -0.6357 0.1918 0.7477
vn -0.5760 0.1987 0.7929
vn -0.5056 0.2050 0.8381
vn -0.4238 0.2103 0.8810
vn -0.3305 0.2141 0.9192
vn -0.2269 0.2160 0.9497
vn -0.1153 0.2151 0.9697
vn 0.0002 0.2114 0.9774
vn 0.1155 0.2047 0.9720
vn 0.2260 0.1957 0.9543
vn 0.3282 0.1848 0.9264
vn 0.4197 0.1731 0.8910
vn 0.5000 0.1604 0.8510
vn 0.5688 0.1485 0.8090
vn -0.7261 0.0160 0.6874
vn -0.6838 0.0134 0.7296
vn -0.6335 0.0104 0.7737
vn -0.5741 0.0071 0.8188
vn -0.5045 0.0036 0.8634
vn -0.4239 -0.0003 0.9057
vn -0.3326 -0.0047 0.9431
vn -0.2314 -0.0093 0.9728
vn -0.1228 -0.0140 0.9923
vn -0.0102 -0.0188 0.9998
vn 0.1021 -0.0235 0.9945
vn 0.2101 -0.0276 0.9773
vn 0.3105 -0.0319 0.9500
vn 0.4010 -0.0345 0.9154
vn 0.4808 -0.0375 0.8760
vn 0.5498 -0.0396 0.8344
vn -0.7061 -0.1377 0.6946
vn -0.6629 -0.1484 0.7339
vn -0.6122 -0.1595 0.7744
vn -0.5532 -0.1710 0.8153
vn -0.4851 -0.1826 0.8552
vn -0.4073 -0.1938 0.8925
vn -0.3204 -0.2042 0.9250
vn -0.2252 -0.2134 0.9507
vn -0.1239 -0.2208 0.9674
vn -0.0192 -0.2263 0.9739
vn 0.0852 -0.2291 0.9697
vn 0.1864 -0.2297 0.9552
vn 0.2813 -0.2283 0.9321
vn 0.3682 -0.2247 0.9022
vn 0.4459 -0.2194 0.8678
vn 0.5143 -0.2133 0.8307
vn -0.6733 -0.2743 0.6867
vn -0.6291 -0.2904 0.7211
vn -0.5782 -0.3068 0.7560
vn -0.5201 -0.3232 0.7906
vn -0.4543 -0.3391 0.8237
vn -0.3808 -0.3542 0.8542
vn -0.2999 -0.3675 0.8803
vn -0.2126 -0.3787 0.9008
vn -0.1207 -0.3872 0.9141
vn -0.0261 -0.3925 0.9194
vn 0.0682 -0.3945 0.9164
vn 0.1603 -0.3931 0.9054
vn 0.2478 -0.3884 0.8875
vn 0.3290 -0.3812 0.8640
vn 0.4030 -0.3719 0.8362
vn 0.4696 -0.3611 0.8057
vn -0.6334 -0.3900 0.6683
vn -0.5886 -0.4087 0.6974
vn -0.5384 -0.4275 0.7262
vn -0.4821 -0.4456 0.7543
vn -0.4195 -0.4630 0.7808
vn -0.3509 -0.4789 0.8047
vn -0.2767 -0.4928 0.8250
vn -0.1978 -0.5039 0.8408
vn -0.1154 -0.5125 0.8509
vn -0.0311 -0.5174 0.8552
vn 0.0531 -0.5188 0.8532
vn 0.1357 -0.5167 0.8453
vn 0.2151 -0.5112 0.8321
vn 0.2898 -0.5028 0.8144
vn 0.3592 -0.4920 0.7930
vn 0.4226 -0.4794 0.7692
vn -0.5913 -0.4847 0.6445
vn -0.5469 -0.5040 0.6685
vn -0.4980 -0.5229 0.6917
vn -0.4441 -0.5411 0.7141
vn -0.3853 -0.5581 0.7349
vn -0.3219 -0.5734 0.7534
vn -0.2542 -0.5865 0.7690
vn -0.1832 -0.5971 0.7810
vn -0.1096 -0.6047 0.7888
vn -0.0347 -0.6092 0.7923
vn 0.0404 -0.6103 0.7911
vn 0.1142 -0.6082 0.7855
vn 0.1857 -0.6029 0.7759
vn 0.2539 -0.5947 0.7628
vn 0.3182 -0.5841 0.7468
vn 0.3779 -0.5716 0.7283
vn -0.5501 -0.5612 0.6184
vn -0.5068 -0.5798 0.6379
vn -0.4598 -0.5978 0.6567
vn -0.4087 -0.6148 0.6745
vn -0.3539 -0.6305 0.6909
vn -0.2955 -0.6444 0.7052
vn -0.2340 -0.6563 0.7173
vn -0.1700 -0.6657 0.7266
vn -0.1040 -0.6725 0.7328
vn -0.0371 -0.6766 0.7355
vn 0.0299 -0.6776 0.7348
vn 0.0960 -0.6757 0.7309
vn 0.1605 -0.6709 0.7240
vn 0.2226 -0.6635 0.7142
vn 0.2818 -0.6539 0.7021
vn 0.3377 -0.6423 0.6880
vn -0.5118 -0.6222 0.5924
vn -0.4701 -0.6394 0.6084
vn -0.4251 -0.6561 0.6236
vn -0.3770 -0.6718 0.6377
vn -0.3260 -0.6859 0.6506
vn -0.2724 -0.6983 0.6619
vn -0.2163 -0.7088 0.6714
vn -0.1584 -0.7172 0.6787
vn -0.0990 -0.7232 0.6835
vn -0.0389 -0.7267 0.6859
vn 0.0212 -0.7276 0.6857
vn 0.0809 -0.7260 0.6829
vn 0.1392 -0.7219 0.6779
vn 0.1959 -0.7155 0.6706
vn 0.2503 -0.7071 0.6613
vn 0.3022 -0.6967 0.6506
vn -0.4768 -0.6713 0.5675
vn -0.4367 -0.6873 0.5805
vn -0.3941 -0.7023 0.5928
vn -0.3490 -0.7161 0.6045
vn -0.3018 -0.7286 0.6148
vn -0.2523 -0.7397 0.6239
vn -0.2010 -0.7490 0.6314
vn -0.1482 -0.7564 0.6371
vn -0.0946 -0.7617 0.6410
vn -0.0402 -0.7648 0.6430
vn 0.0142 -0.7657 0.6430
vn 0.0682 -0.7644 0.6411
vn 0.1212 -0.7610 0.6373
vn 0.1731 -0.7556 0.6317
vn 0.2232 -0.7483 0.6247
vn 0.2713 -0.7392 0.6165
vn -0.4265 0.8807 0.2059
vn -0.4671 0.8493 0.2458
vn -0.5128 0.8074 0.2917
vn -0.5622 0.7525 0.3431
vn -0.6147 0.6796 0.4003
vn -0.6670 0.5854 0.4610
vn -0.7141 0.4670 0.5215
vn -0.7493 0.3266 0.5760
vn -0.7671 0.1697 0.6187
vn -0.7643 0.0083 0.6448
vn -0.7427 -0.1451 0.6538
vn -0.7077 -0.2812 0.6481
vn -0.6653 -0.3964 0.6326
vn -0.6209 -0.4903 0.6117
vn -0.5770 -0.5666 0.5883
vn -0.5365 -0.6271 0.5647
vn -0.3468 0.7358 -0.5817
vn -0.3591 0.7600 -0.5417
vn -0.3710 0.7833 -0.4988
vn -0.3823 0.8052 -0.4533
vn -0.3928 0.8253 -0.4057
vn -0.4023 0.8436 -0.3558
vn -0.4107 0.8595 -0.3043
vn -0.4180 0.8730 -0.2514
vn -0.4240 0.8838 -0.1977
vn -0.4286 0.8920 -0.1438
vn -0.4318 0.8975 -0.0900
vn -0.4336 0.9004 -0.0369
vn -0.4343 0.9006 0.0151
vn -0.4338 0.8986 0.0656
vn -0.4321 0.8945 0.1145
vn -0.4297 0.8885 0.1612
vn -0.3836 0.6927 -0.6108
vn -0.3984 0.7197 -0.5686
vn -0.4129 0.7457 -0.5230
vn -0.4265 0.7703 -0.4740
vn -0.4389 0.7931 -0.4223
vn -0.4503 0.8137 -0.3676
vn -0.4602 0.8316 -0.3109
vn -0.4685 0.8466 -0.2525
vn -0.4748 0.8586 -0.1931
vn -0.4794 0.8674 -0.1334
vn -0.4822 0.8729 -0.0739
vn -0.4833 0.8753 -0.0156
vn -0.4825 0.8749 0.0413
vn -0.4804 0.8717 0.0962
vn -0.4771 0.8662 0.1488
vn -0.4726 0.8586 0.1987
vn -0.4253 0.6378 -0.6422
vn -0.4436 0.6675 -0.5980
vn -0.4612 0.6967 -0.5495
vn -0.4779 0.7243 -0.4969
vn -0.4934 0.7500 -0.4405
vn -0.5073 0.7732 -0.3805
vn -0.5190 0.7936 -0.3177
vn -0.5285 0.8105 -0.2526
vn -0.5355 0.8237 -0.1865
vn -0.5400 0.8331 -0.1199
vn -0.5419 0.8387 -0.0539
vn -0.5414 0.8407 0.0106
vn -0.5389 0.8392 0.0730
vn -0.5345 0.8347 0.1326
vn -0.5284 0.8277 0.1891
vn -0.5211 0.8184 0.2422
vn -0.4722 0.5670 -0.6749
vn -0.4948 0.5994 -0.6292
vn -0.5170 0.6313 -0.5780
vn -0.5382 0.6621 -0.5215
vn -0.5572 0.6913 -0.4600
vn -0.5747 0.7174 -0.3938
vn -0.5890 0.7404 -0.3239
vn -0.6001 0.7595 -0.2511
vn -0.6076 0.7743 -0.1768
vn -0.6116 0.7846 -0.1022
vn -0.6121 0.7903 -0.0287
vn -0.6094 0.7917 0.0429
vn -0.6037 0.7894 0.1111
vn -0.5957 0.7837 0.1757
vn -0.5859 0.7753 0.2360
vn -0.5745 0.7647 0.2918
vn -0.5230 0.4761 -0.7070
vn -0.5515 0.5103 -0.6599
vn -0.5795 0.5444 -0.6064
vn -0.6064 0.5781 -0.5460
vn -0.6311 0.6101 -0.4792
vn -0.6528 0.6394 -0.4062
vn -0.6705 0.6653 -0.3282
vn -0.6837 0.6868 -0.2465
vn -0.6919 0.7034 -0.1627
vn -0.6949 0.7147 -0.0790
vn -0.6930 0.7210 0.0032
vn -0.6866 0.7224 0.0823
vn -0.6767 0.7194 0.1568
vn -0.6638 0.7129 0.2262
vn -0.6487 0.7037 0.2898
vn -0.6321 0.6925 0.3478
vn -0.5754 0.3607 -0.7340
vn -0.6109 0.3946 -0.6863
vn -0.6462 0.4294 -0.6309
vn -0.6804 0.4642 -0.5670
vn -0.7120 0.4982 -0.4948
vn -0.7397 0.5301 -0.4147
vn -0.7620 0.5585 -0.3278
vn -0.7777 0.5825 -0.2361
vn -0.7863 0.6013 -0.1421
vn -0.7876 0.6143 -0.0482
vn -0.7821 0.6216 0.0431
vn -0.7706 0.6240 0.1296
vn -0.7545 0.6219 0.2099
vn -0.7350 0.6161 0.2833
vn -0.7133 0.6075 0.3495
vn -0.6905 0.5969 0.4086
vn -0.6242 0.2189 -0.7500
vn -0.6670 0.2495 -0.7020
vn -0.7103 0.2816 -0.6451
vn -0.7528 0.3148 -0.5781
vn -0.7921 0.3485 -0.5011
vn -0.8270 0.3804 -0.4139
vn -0.8546 0.4103 -0.3183
vn -0.8734 0.4362 -0.2167
vn -0.8822 0.4572 -0.1124
vn -0.8811 0.4729 -0.0086
vn -0.8708 0.4832 0.0909
vn -0.8530 0.4884 0.1839
vn -0.8296 0.4894 0.2687
vn -0.8025 0.4870 0.3446
vn -0.7734 0.4820 0.4117
vn -0.7436 0.4751 0.4704
vn -0.6620 0.0540 -0.7476
vn -0.7110 0.0772 -0.6990
vn -0.7610 0.1028 -0.6406
vn -0.8106 0.1303 -0.5709
vn -0.8573 0.1591 -0.4896
vn -0.8984 0.1882 -0.3969
vn -0.9309 0.2166 -0.2942
vn -0.9523 0.2432 -0.1846
vn -0.9611 0.2666 -0.0723
vn -0.9574 0.2863 0.0386
vn -0.9425 0.3018 0.1438
vn -0.9187 0.3130 0.2407
vn -0.8888 0.3205 0.3276
vn -0.8551 0.3248 0.4041
vn -0.8197 0.3274 0.4700
vn -0.7840 0.3276 0.5273
vn -0.6813 -0.1235 -0.7215
vn -0.7330 -0.1100 -0.6713
vn -0.7861 -0.0945 -0.6108
vn -0.8390 -0.0766 -0.5387
vn -0.8890 -0.0561 -0.4545
vn -0.9329 -0.0333 -0.3585
vn -0.9676 -0.0088 -0.2523
vn -0.9901 0.0167 -0.1395
vn -0.9988 0.0421 -0.0242
vn -0.9939 0.0662 0.0887
vn -0.9768 0.0884 0.1952
vn -0.9503 0.1082 0.2920
vn -0.9172 0.1250 0.3783
vn -0.8804 0.1395 0.4532
vn -0.8423 0.1514 0.5174
vn -0.8040 0.1614 0.5723
vn -0.6785 -0.2968 -0.6720
vn -0.7284 -0.2936 -0.6191
vn -0.7795 -0.2883 -0.5562
vn -0.8300 -0.2800 -0.4825
vn -0.8775 -0.2684 -0.3975
vn -0.9192 -0.2530 -0.3017
vn -0.9522 -0.2336 -0.1970
vn -0.9737 -0.2107 -0.0867
vn -0.9824 -0.1850 0.0253
vn -0.9783 -0.1576 0.1343
vn -0.9628 -0.1297 0.2370
vn -0.9383 -0.1021 0.3304
vn -0.9075 -0.0758 0.4132
vn -0.8728 -0.0514 0.4853
vn -0.8364 -0.0295 0.5474
vn -0.7999 -0.0094 0.6000
vn -0.6557 -0.4511 -0.6055
vn -0.7002 -0.4551 -0.5501
vn -0.7452 -0.4569 -0.4858
vn -0.7890 -0.4557 -0.4120
vn -0.8300 -0.4506 -0.3287
vn -0.8658 -0.4408 -0.2368
vn -0.8941 -0.4260 -0.1379
vn -0.9131 -0.4061 -0.0350
vn -0.9218 -0.3816 0.0687
vn -0.9201 -0.3532 0.1696
vn -0.9088 -0.3223 0.2649
vn -0.8898 -0.2904 0.3520
vn -0.8650 -0.2584 0.4302
vn -0.8363 -0.2275 0.4989
vn -0.8055 -0.1980 0.5586
vn -0.7740 -0.1703 0.6098
vn -0.6195 -0.5775 -0.5318
vn -0.6569 -0.5855 -0.4750
vn -0.6942 -0.5910 -0.4108
vn -0.7302 -0.5932 -0.3390
vn -0.7634 -0.5914 -0.2598
vn -0.7922 -0.5849 -0.1742
vn -0.8153 -0.5730 -0.0837
vn -0.8314 -0.5556 0.0095
vn -0.8398 -0.5331 0.1027
vn -0.8404 -0.5061 0.1937
vn -0.8338 -0.4758 0.2800
vn -0.8209 -0.4433 0.3600
vn -0.8031 -0.4097 0.4327
vn -0.7817 -0.3759 0.4976
vn -0.7580 -0.3429 0.5548
vn -0.7331 -0.3112 0.6048
vn -0.5771 -0.6757 -0.4586
vn -0.6077 -0.6848 -0.4022
vn -0.6377 -0.6913 -0.3399
vn -0.6663 -0.6945 -0.2716
vn -0.6925 -0.6937 -0.1980
vn -0.7153 -0.6885 -0.1197
vn -0.7338 -0.6783 -0.0383
vn -0.7473 -0.6629 0.0448
vn -0.7554 -0.6428 0.1277
vn -0.7577 -0.6182 0.2088
vn -0.7547 -0.5902 0.2863
vn -0.7470 -0.5596 0.3590
vn -0.7353 -0.5272 0.4259
vn -0.7204 -0.4941 0.4868
vn -0.7033 -0.4608 0.5413
vn -0.6849 -0.4277 0.5899
vn -0.5340 -0.7496 -0.3911
vn -0.5587 -0.7581 -0.3364
vn -0.5826 -0.7640 -0.2771
vn -0.6053 -0.7669 -0.2132
vn -0.6260 -0.7661 -0.1456
vn -0.6441 -0.7612 -0.0747
vn -0.6592 -0.7520 -0.0019
vn -0.6706 -0.7383 0.0720
vn -0.6779 -0.7205 0.1458
vn -0.6813 -0.6988 0.2179
vn -0.6809 -0.6736 0.2874
vn -0.6770 -0.6458 0.3531
vn -0.6699 -0.6160 0.4146
vn -0.6602 -0.5849 0.4712
vn -0.6484 -0.5532 0.5229
vn -0.6352 -0.5215 0.5697
vn -0.4930 -0.8046 -0.3311
vn -0.5130 -0.8118 -0.2789
vn -0.5323 -0.8166 -0.2232
vn -0.5505 -0.8185 -0.1641
vn -0.5671 -0.8173 -0.1024
vn -0.5816 -0.8126 -0.0385
vn -0.5941 -0.8039 0.0270
vn -0.6037 -0.7918 0.0931
vn -0.6106 -0.7758 0.1589
vn -0.6146 -0.7566 0.2232
vn -0.6158 -0.7343 0.2856
vn -0.6143 -0.7095 0.3452
vn -0.6104 -0.6828 0.4015
vn -0.6046 -0.6543 0.4543
vn -0.5965 -0.6255 0.5028
vn -0.5874 -0.5961 0.5475
vn -0.4557 -0.8453 -0.2790
vn -0.4721 -0.8511 -0.2297
vn -0.4878 -0.8547 -0.1777
vn -0.5027 -0.8556 -0.1232
vn -0.5163 -0.8538 -0.0668
vn -0.5283 -0.8490 -0.0089
vn -0.5387 -0.8410 0.0501
vn -0.5471 -0.8299 0.1093
vn -0.5535 -0.8157 0.1683
vn -0.5578 -0.7986 0.2262
vn -0.5598 -0.7789 0.2826
vn -0.5599 -0.7570 0.3368
vn -0.5581 -0.7332 0.3885
vn -0.5547 -0.7079 0.4372
vn -0.5498 -0.6815 0.4830
vn -0.5437 -0.6545 0.5254
vn -0.4226 -0.8756 -0.2342
vn -0.4362 -0.8800 -0.1878
vn -0.4492 -0.8825 -0.1394
vn -0.4615 -0.8827 -0.0892
vn -0.4728 -0.8804 -0.0376
vn -0.4829 -0.8755 0.0152
vn -0.4918 -0.8680 0.0685
vn -0.4992 -0.8578 0.1221
vn -0.5050 -0.8451 0.1753
vn -0.5093 -0.8299 0.2278
vn -0.5120 -0.8124 0.2791
vn -0.5130 -0.7930 0.3286
vn -0.5127 -0.7718 0.3761
vn -0.5111 -0.7492 0.4213
vn -0.5081 -0.7255 0.4642
vn -0.5043 -0.7009 0.5044
vn -0.3172 0.7289 -0.6067
vn -0.3511 0.6851 -0.6383
vn -0.3895 0.6294 -0.6724
vn -0.4327 0.5580 -0.7081
vn -0.4800 0.4659 -0.7434
vn -0.5283 0.3498 -0.7736
vn -0.5735 0.2074 -0.7925
vn -0.6089 0.0418 -0.7922
vn -0.6273 -0.1358 -0.7668
vn -0.6254 -0.3089 -0.7166
vn -0.6051 -0.4623 -0.6481
vn -0.5725 -0.5882 -0.5713
vn -0.5340 -0.6854 -0.4950
vn -0.4947 -0.7585 -0.4243
vn -0.4573 -0.8126 -0.3613
vn -0.4232 -0.8526 -0.3065
vn 0.4767 0.6715 -0.5674
vn 0.4366 0.6875 -0.5803
vn 0.3941 0.7024 -0.5927
vn 0.3490 0.7163 -0.6043
vn 0.3016 0.7289 -0.6146
vn 0.2522 0.7399 -0.6237
vn 0.2009 0.7491 -0.6312
vn 0.1483 0.7565 -0.6370
vn 0.0945 0.7618 -0.6409
vn 0.0402 0.7650 -0.6428
vn -0.0142 0.7659 -0.6428
vn -0.0681 0.7646 -0.6409
vn -0.1213 0.7612 -0.6371
vn -0.1729 0.7557 -0.6317
vn -0.2232 0.7483 -0.6247
vn -0.2713 0.7392 -0.6164
vn 0.5116 0.6224 -0.5923
vn 0.4699 0.6398 -0.6082
vn 0.4250 0.6564 -0.6233
vn 0.3769 0.6719 -0.6376
vn 0.3260 0.6861 -0.6504
vn 0.2722 0.6986 -0.6617
vn 0.2162 0.7091 -0.6711
vn 0.1583 0.7174 -0.6784
vn 0.0989 0.7234 -0.6833
vn 0.0389 0.7269 -0.6857
vn -0.0213 0.7278 -0.6854
vn -0.0808 0.7263 -0.6827
vn -0.1392 0.7222 -0.6775
vn -0.1957 0.7158 -0.6703
vn -0.2502 0.7073 -0.6611
vn -0.3020 0.6970 -0.6504
vn 0.5500 0.5615 -0.6183
vn 0.5067 0.5800 -0.6378
vn 0.4597 0.5979 -0.6566
vn 0.4086 0.6150 -0.6744
vn 0.3538 0.6308 -0.6906
vn 0.2954 0.6447 -0.7050
vn 0.2339 0.6565 -0.7171
vn 0.1699 0.6659 -0.7264
vn 0.1040 0.6728 -0.7325
vn 0.0371 0.6768 -0.7352
vn -0.0298 0.6779 -0.7346
vn -0.0960 0.6759 -0.7307
vn -0.1604 0.6712 -0.7237
vn -0.2225 0.6639 -0.7140
vn -0.2817 0.6542 -0.7019
vn -0.3375 0.6425 -0.6880
vn 0.5912 0.4850 -0.6444
vn 0.5468 0.5044 -0.6683
vn 0.4978 0.5233 -0.6916
vn 0.4440 0.5414 -0.7140
vn 0.3852 0.5584 -0.7347
vn 0.3218 0.5736 -0.7532
vn 0.2541 0.5869 -0.7687
vn 0.1831 0.5975 -0.7807
vn 0.1096 0.6051 -0.7886
vn 0.0346 0.6095 -0.7920
vn -0.0403 0.6107 -0.7909
vn -0.1142 0.6085 -0.7853
vn -0.1855 0.6034 -0.7755
vn -0.1854 0.6035 -0.7755
vn -0.2539 0.5950 -0.7626
vn -0.3180 0.5844 -0.7465
vn -0.3777 0.5721 -0.7281
vn 0.6333 0.3903 -0.6683
vn 0.5886 0.4091 -0.6973
vn 0.5384 0.4276 -0.7261
vn 0.4819 0.4462 -0.7541
vn 0.4194 0.4635 -0.7805
vn 0.3508 0.4794 -0.8044
vn 0.2767 0.4933 -0.8247
vn 0.1977 0.5046 -0.8404
vn 0.1154 0.5129 -0.8506
vn 0.0312 0.5180 -0.8548
vn -0.0531 0.5194 -0.8529
vn -0.1357 0.5172 -0.8450
vn -0.2149 0.5117 -0.8318
vn -0.2897 0.5033 -0.8141
vn -0.3590 0.4924 -0.7928
vn -0.4224 0.4797 -0.7691
vn 0.6731 0.2749 -0.6866
vn 0.6290 0.2910 -0.7209
vn 0.5780 0.3074 -0.7559
vn 0.5200 0.3238 -0.7904
vn 0.4542 0.3397 -0.8236
vn 0.3807 0.3548 -0.8539
vn 0.2998 0.3682 -0.8801
vn 0.2125 0.3793 -0.9005
vn 0.1206 0.3878 -0.9138
vn 0.0262 0.3931 -0.9191
vn -0.0683 0.3950 -0.9161
vn -0.1603 0.3937 -0.9052
vn -0.2478 0.3890 -0.8873
vn -0.3289 0.3817 -0.8638
vn -0.4029 0.3726 -0.8360
vn -0.4694 0.3617 -0.8055
vn 0.7060 0.1384 -0.6946
vn 0.6628 0.1490 -0.7338
vn 0.6121 0.1600 -0.7744
vn 0.5532 0.1717 -0.8152
vn 0.4849 0.1833 -0.8551
vn 0.4073 0.1945 -0.8923
vn 0.3203 0.2050 -0.9249
vn 0.2252 0.2143 -0.9505
vn 0.1239 0.2217 -0.9672
vn 0.0193 0.2270 -0.9737
vn -0.0852 0.2300 -0.9694
vn -0.1863 0.2306 -0.9551
vn -0.2813 0.2291 -0.9319
vn -0.3681 0.2254 -0.9020
vn -0.4457 0.2201 -0.8677
vn -0.5142 0.2141 -0.8305
vn 0.7261 -0.0154 -0.6874
vn 0.6837 -0.0127 -0.7296
vn 0.6335 -0.0097 -0.7737
vn 0.5741 -0.0065 -0.8188
vn 0.5045 -0.0029 -0.8634
vn 0.4239 0.0012 -0.9057
vn 0.3325 0.0055 -0.9431
vn 0.2313 0.0100 -0.9728
vn 0.1228 0.0148 -0.9923
vn 0.0102 0.0197 -0.9998
vn -0.1021 0.0243 -0.9945
vn -0.2101 0.0285 -0.9773
vn -0.3104 0.0323 -0.9501
vn -0.4011 0.0355 -0.9153
vn -0.4807 0.0379 -0.8761
vn -0.5498 0.0400 -0.8343
vn 0.7285 -0.1767 -0.6619
vn 0.6861 -0.1838 -0.7039
vn 0.6359 -0.1910 -0.7478
vn 0.5760 -0.1978 -0.7931
vn 0.5057 -0.2041 -0.8382
vn 0.4238 -0.2096 -0.8812
vn 0.3306 -0.2135 -0.9193
vn 0.2269 -0.2150 -0.9499
vn 0.1154 -0.2142 -0.9699
vn -0.0003 -0.2106 -0.9776
vn -0.1155 -0.2039 -0.9722
vn -0.2261 -0.1949 -0.9544
vn -0.3281 -0.1841 -0.9265
vn -0.4199 -0.1721 -0.8911
vn -0.4999 -0.1597 -0.8512
vn -0.5687 -0.1475 -0.8092
vn 0.7113 -0.3332 -0.6188
vn 0.6681 -0.3492 -0.6571
vn 0.6166 -0.3658 -0.6971
vn 0.5566 -0.3815 -0.7380
vn 0.4861 -0.3972 -0.7784
vn 0.4047 -0.4110 -0.8169
vn 0.3126 -0.4221 -0.8510
vn 0.2108 -0.4296 -0.8781
vn 0.1019 -0.4323 -0.8960
vn -0.0108 -0.4295 -0.9030
vn -0.1229 -0.4216 -0.8984
vn -0.2306 -0.4087 -0.8831
vn -0.3303 -0.3919 -0.8587
vn -0.4202 -0.3724 -0.8275
vn -0.4991 -0.3514 -0.7921
vn -0.5672 -0.3301 -0.7545
vn 0.6775 -0.4738 -0.5626
vn 0.6327 -0.4958 -0.5948
vn 0.5805 -0.5182 -0.6280
vn 0.5199 -0.5403 -0.6617
vn 0.4503 -0.5609 -0.6948
vn 0.3711 -0.5795 -0.7256
vn 0.2830 -0.5946 -0.7526
vn 0.1868 -0.6049 -0.7741
vn 0.0850 -0.6095 -0.7882
vn -0.0198 -0.6078 -0.7939
vn -0.1241 -0.5994 -0.7908
vn -0.2246 -0.5850 -0.7793
vn -0.3186 -0.5656 -0.7607
vn -0.4041 -0.5422 -0.7367
vn -0.4804 -0.5165 -0.7088
vn -0.5472 -0.4895 -0.6789
vn 0.6326 -0.5917 -0.4997
vn 0.5866 -0.6165 -0.5253
vn 0.5338 -0.6411 -0.5514
vn 0.4739 -0.6650 -0.5773
vn 0.4063 -0.6872 -0.6022
vn 0.3311 -0.7068 -0.6252
vn 0.2488 -0.7225 -0.6451
vn 0.1605 -0.7333 -0.6607
vn 0.0679 -0.7382 -0.6711
vn -0.0268 -0.7368 -0.6755
vn -0.1209 -0.7289 -0.6738
vn -0.2123 -0.7148 -0.6663
vn -0.2986 -0.6954 -0.6537
vn -0.3784 -0.6719 -0.6366
vn -0.4508 -0.6455 -0.6165
vn -0.5153 -0.6172 -0.5945
vn 0.5830 -0.6854 -0.4363
vn 0.5364 -0.7102 -0.4559
vn 0.4841 -0.7346 -0.4755
vn 0.4257 -0.7577 -0.4946
vn 0.3614 -0.7789 -0.5126
vn 0.2912 -0.7970 -0.5292
vn 0.2156 -0.8113 -0.5435
vn 0.1357 -0.8209 -0.5547
vn 0.0527 -0.8253 -0.5622
vn -0.0317 -0.8240 -0.5657
vn -0.1157 -0.8169 -0.5650
vn -0.1976 -0.8045 -0.5601
vn -0.2758 -0.7871 -0.5517
vn -0.3492 -0.7655 -0.5405
vn -0.4169 -0.7406 -0.5270
vn -0.4785 -0.7136 -0.5116
vn 0.5331 -0.7577 -0.3764
vn 0.4868 -0.7811 -0.3910
vn 0.4359 -0.8035 -0.4055
vn 0.3801 -0.8243 -0.4195
vn 0.3197 -0.8430 -0.4325
vn 0.2548 -0.8589 -0.4443
vn 0.1860 -0.8712 -0.4543
vn 0.1140 -0.8794 -0.4623
vn 0.0399 -0.8830 -0.4677
vn -0.0351 -0.8817 -0.4704
vn -0.1100 -0.8756 -0.4703
vn -0.1832 -0.8647 -0.4677
vn -0.2538 -0.8495 -0.4626
vn -0.3207 -0.8306 -0.4553
vn -0.3834 -0.8087 -0.4461
vn -0.4414 -0.7844 -0.4357
vn 0.4859 -0.8125 -0.3221
vn 0.4407 -0.8336 -0.3329
vn 0.3918 -0.8536 -0.3434
vn 0.3391 -0.8718 -0.3536
vn 0.2828 -0.8878 -0.3632
vn 0.2231 -0.9012 -0.3716
vn 0.1606 -0.9114 -0.3788
vn 0.0957 -0.9181 -0.3847
vn 0.0294 -0.9209 -0.3888
vn -0.0377 -0.9196 -0.3910
vn -0.1044 -0.9143 -0.3913
vn -0.1701 -0.9051 -0.3897
vn -0.2337 -0.8922 -0.3866
vn -0.2948 -0.8759 -0.3819
vn -0.3526 -0.8569 -0.3760
vn -0.4068 -0.8356 -0.3692
vn 0.4426 -0.8539 -0.2737
vn 0.3992 -0.8724 -0.2820
vn 0.3526 -0.8897 -0.2899
vn 0.3032 -0.9054 -0.2972
vn 0.2509 -0.9190 -0.3042
vn 0.1961 -0.9301 -0.3106
vn 0.1392 -0.9385 -0.3159
vn 0.0805 -0.9439 -0.3201
vn 0.0208 -0.9461 -0.3232
vn -0.0394 -0.9449 -0.3250
vn -0.0994 -0.9403 -0.3256
vn -0.1586 -0.9324 -0.3248
vn -0.2161 -0.9214 -0.3230
vn -0.2719 -0.9075 -0.3201
vn -0.3252 -0.8912 -0.3163
vn -0.3756 -0.8728 -0.3117
vn 0.4038 -0.8850 -0.2316
vn 0.3623 -0.9013 -0.2375
vn 0.3183 -0.9162 -0.2436
vn 0.2720 -0.9295 -0.2492
vn 0.2236 -0.9409 -0.2543
vn 0.1731 -0.9502 -0.2590
vn 0.1211 -0.9571 -0.2631
vn 0.0678 -0.9615 -0.2664
vn 0.0137 -0.9631 -0.2689
vn -0.0407 -0.9619 -0.2704
vn -0.0949 -0.9579 -0.2710
vn -0.1485 -0.9511 -0.2708
vn -0.2010 -0.9417 -0.2699
vn -0.2520 -0.9299 -0.2679
vn -0.3011 -0.9159 -0.2656
vn -0.3481 -0.8999 -0.2627
vn -0.1418 -0.0517 -0.9885
vn -0.9787 0.0344 0.2026
vn -0.1080 -0.8981 0.4263
vn 0.3000 0.9492 -0.0945
vn -0.1994 -0.6246 -0.7550
vn -0.3681 0.0287 -0.9293
vn -0.5379 -0.7849 0.3075
vn -0.4003 0.9082 0.1221
vn 0.4047 0.8560 0.3216
vn 0.1750 -0.8830 0.4355
vn 0.5576 0.7610 -0.3317
vn 0.1477 -0.8809 0.4496
vn 0.4110 0.8336 0.3691
vn 0.4422 0.7890 0.4266
vn 0.4773 0.7264 0.4945
vn 0.5146 0.6384 0.5724
vn 0.5500 0.5154 0.6572
vn 0.5754 0.3512 0.7386
vn 0.5804 0.1488 0.8006
vn 0.5575 -0.0717 0.8271
vn 0.5097 -0.2792 0.8138
vn 0.4485 -0.4514 0.7714
vn 0.3857 -0.5826 0.7154
vn 0.3285 -0.6778 0.6578
vn 0.2789 -0.7466 0.6040
vn 0.2371 -0.7963 0.5565
vn 0.2020 -0.8328 0.5154
vn 0.1726 -0.8602 0.4798
vn -0.3876 0.9097 0.1489
vn -0.3513 0.9219 0.1634
vn -0.3123 0.9331 0.1785
vn -0.2708 0.9428 0.1946
vn -0.2266 0.9509 0.2109
vn -0.1796 0.9571 0.2273
vn -0.1303 0.9610 0.2439
vn -0.0785 0.9623 0.2603
vn -0.0246 0.9608 0.2763
vn 0.0303 0.9561 0.2916
vn 0.0866 0.9481 0.3060
vn 0.1430 0.9367 0.3197
vn 0.1995 0.9219 0.3321
vn 0.2548 0.9040 0.3433
vn 0.3090 0.8831 0.3531
vn 0.3613 0.8595 0.3616
vn -0.4373 0.8819 0.1761
vn -0.3997 0.8960 0.1934
vn -0.3589 0.9090 0.2117
vn -0.3145 0.9208 0.2306
vn -0.2668 0.9308 0.2499
vn -0.2157 0.9384 0.2698
vn -0.1612 0.9435 0.2897
vn -0.1036 0.9453 0.3092
vn -0.0434 0.9436 0.3282
vn 0.0187 0.9380 0.3462
vn 0.0823 0.9282 0.3628
vn 0.1462 0.9142 0.3779
vn 0.2095 0.8961 0.3914
vn 0.2715 0.8740 0.4031
vn 0.3313 0.8484 0.4128
vn 0.3887 0.8198 0.4206
vn -0.4949 0.8436 0.2081
vn -0.4565 0.8597 0.2292
vn -0.4142 0.8749 0.2512
vn -0.3674 0.8888 0.2741
vn -0.3161 0.9007 0.2980
vn -0.2603 0.9102 0.3223
vn -0.1999 0.9164 0.3468
vn -0.1355 0.9188 0.3708
vn -0.0673 0.9167 0.3938
vn 0.0037 0.9097 0.4153
vn 0.0763 0.8974 0.4346
vn 0.1492 0.8797 0.4515
vn 0.2212 0.8569 0.4656
vn 0.2909 0.8294 0.4770
vn 0.3573 0.7979 0.4855
vn 0.4198 0.7633 0.4911
vn -0.5615 0.7901 0.2459
vn -0.5229 0.8080 0.2714
vn -0.4796 0.8252 0.2983
vn -0.4310 0.8411 0.3269
vn -0.3763 0.8551 0.3567
vn -0.3156 0.8662 0.3874
vn -0.2488 0.8735 0.4184
vn -0.1761 0.8762 0.4487
vn -0.0983 0.8733 0.4773
vn -0.0164 0.8640 0.5033
vn 0.0675 0.8479 0.5258
vn 0.1517 0.8251 0.5442
vn 0.2339 0.7961 0.5581
vn 0.3127 0.7617 0.5675
vn 0.3862 0.7229 0.5729
vn 0.4537 0.6815 0.5742
vn -0.6353 0.7163 0.2886
vn -0.5984 0.7345 0.3200
vn -0.5555 0.7526 0.3536
vn -0.5060 0.7695 0.3898
vn -0.4491 0.7843 0.4280
vn -0.3839 0.7962 0.4676
vn -0.3101 0.8040 0.5074
vn -0.2280 0.8060 0.5463
vn -0.1385 0.8008 0.5826
vn -0.0434 0.7877 0.6145
vn 0.0545 0.7663 0.6402
vn 0.1522 0.7366 0.6590
vn 0.2465 0.6997 0.6706
vn 0.3349 0.6572 0.6752
vn 0.4155 0.6111 0.6737
vn 0.4871 0.5633 0.6674
vn -0.7139 0.6147 0.3354
vn -0.6800 0.6308 0.3737
vn -0.6395 0.6467 0.4158
vn -0.5908 0.6619 0.4614
vn -0.5328 0.6752 0.5102
vn -0.4642 0.6851 0.5614
vn -0.3840 0.6902 0.6134
vn -0.2921 0.6885 0.6638
vn -0.1895 0.6787 0.7096
vn -0.0791 0.6594 0.7476
vn 0.0350 0.6303 0.7756
vn 0.1477 0.5923 0.7920
vn 0.2546 0.5477 0.7970
vn 0.3522 0.4992 0.7917
vn 0.3522 0.4992 0.7916
vn 0.4383 0.4484 0.7790
vn 0.5126 0.3989 0.7603
vn -0.7895 0.4802 0.3823
vn -0.7595 0.4897 0.4282
vn -0.7224 0.4988 0.4789
vn -0.6763 0.5065 0.5349
vn -0.6191 0.5120 0.5955
vn -0.5487 0.5140 0.6594
vn -0.4633 0.5106 0.7243
vn -0.3624 0.5001 0.7865
vn -0.2474 0.4811 0.8410
vn -0.1221 0.4528 0.8832
vn 0.0074 0.4158 0.9094
vn 0.1336 0.3724 0.9184
vn 0.2508 0.3252 0.9118
vn 0.3548 0.2771 0.8930
vn 0.4437 0.2310 0.8659
vn 0.5183 0.1880 0.8343
vn -0.8503 0.3122 0.4237
vn -0.8235 0.3101 0.4751
vn -0.7890 0.3059 0.5328
vn -0.7449 0.3001 0.5959
vn -0.6883 0.2908 0.6646
vn -0.6167 0.2771 0.7368
vn -0.5278 0.2580 0.8092
vn -0.4209 0.2329 0.8767
vn -0.2978 0.2016 0.9331
vn -0.1636 0.1651 0.9726
vn -0.0261 0.1257 0.9917
vn 0.1063 0.0854 0.9907
vn 0.2272 0.0465 0.9727
vn 0.3327 0.0109 0.9430
vn 0.4219 -0.0208 0.9064
vn 0.4963 -0.0484 0.8668
vn -0.8837 0.1216 0.4520
vn -0.8568 0.1047 0.5049
vn -0.8217 0.0850 0.5636
vn -0.7762 0.0620 0.6274
vn -0.7179 0.0350 0.6953
vn -0.6439 0.0039 0.7651
vn -0.5529 -0.0308 0.8327
vn -0.4446 -0.0684 0.8931
vn -0.3220 -0.1069 0.9407
vn -0.1904 -0.1439 0.9711
vn -0.0572 -0.1777 0.9824
vn 0.0701 -0.2067 0.9759
vn 0.1862 -0.2302 0.9552
vn 0.2879 -0.2483 0.9249
vn 0.3752 -0.2620 0.8892
vn 0.4484 -0.2720 0.8514
vn -0.8836 -0.0716 0.4628
vn -0.8527 -0.1010 0.5125
vn -0.8134 -0.1338 0.5661
vn -0.7636 -0.1697 0.6229
vn -0.7015 -0.2086 0.6814
vn -0.6256 -0.2495 0.7392
vn -0.5353 -0.2908 0.7930
vn -0.4318 -0.3306 0.8392
vn -0.3180 -0.3670 0.8742
vn -0.1987 -0.3982 0.8955
vn -0.0794 -0.4226 0.9028
vn 0.0349 -0.4400 0.8973
vn 0.1400 -0.4509 0.8815
vn 0.2341 -0.4563 0.8585
vn 0.3165 -0.4575 0.8309
vn 0.3875 -0.4555 0.8014
vn -0.8542 -0.2475 0.4572
vn -0.8179 -0.2840 0.5004
vn -0.7734 -0.3228 0.5456
vn -0.7195 -0.3634 0.5918
vn -0.6551 -0.4049 0.6378
vn -0.5800 -0.4460 0.6817
vn -0.4944 -0.4850 0.7213
vn -0.3999 -0.5204 0.7545
vn -0.2992 -0.5504 0.7794
vn -0.1956 -0.5740 0.7951
vn -0.0927 -0.5908 0.8014
vn 0.0064 -0.6010 0.7992
vn 0.0988 -0.6051 0.7900
vn 0.1835 -0.6041 0.7755
vn 0.2594 -0.5993 0.7574
vn 0.3266 -0.5918 0.7370
vn -0.8065 -0.3944 0.4406
vn -0.7657 -0.4323 0.4763
vn -0.7178 -0.4712 0.5126
vn -0.6621 -0.5104 0.5488
vn -0.5984 -0.5487 0.5838
vn -0.5272 -0.5848 0.6165
vn -0.4487 -0.6179 0.6456
vn -0.3648 -0.6467 0.6699
vn -0.2773 -0.6701 0.6885
vn -0.1882 -0.6880 0.7009
vn -0.1001 -0.7000 0.7071
vn -0.0148 -0.7062 0.7078
vn 0.0658 -0.7074 0.7037
vn 0.1409 -0.7043 0.6958
vn 0.2097 -0.6978 0.6849
vn 0.2723 -0.6887 0.6720
vn -0.7512 -0.5106 0.4183
vn -0.7082 -0.5463 0.4473
vn -0.6592 -0.5820 0.4762
vn -0.6043 -0.6168 0.5044
vn -0.5437 -0.6498 0.5313
vn -0.4777 -0.6802 0.5560
vn -0.4070 -0.7072 0.5781
vn -0.3331 -0.7300 0.5967
vn -0.2570 -0.7484 0.6114
vn -0.1802 -0.7621 0.6219
vn -0.1042 -0.7710 0.6282
vn -0.0304 -0.7754 0.6308
vn 0.0402 -0.7756 0.6300
vn 0.1067 -0.7721 0.6265
vn 0.1688 -0.7657 0.6206
vn 0.2263 -0.7570 0.6129
vn -0.6960 -0.5999 0.3946
vn -0.6524 -0.6322 0.4181
vn -0.6043 -0.6635 0.4412
vn -0.5519 -0.6931 0.4637
vn -0.4953 -0.7208 0.4849
vn -0.4350 -0.7459 0.5043
vn -0.3718 -0.7679 0.5217
vn -0.3064 -0.7863 0.5365
vn -0.2397 -0.8010 0.5486
vn -0.1728 -0.8117 0.5579
vn -0.1065 -0.8187 0.5643
vn -0.0419 -0.8220 0.5679
vn 0.0202 -0.8220 0.5691
vn 0.0795 -0.8190 0.5682
vn 0.1356 -0.8135 0.5655
vn 0.1881 -0.8058 0.5615
vn -0.6444 -0.6683 0.3715
vn -0.6018 -0.6964 0.3909
vn -0.5557 -0.7233 0.4099
vn -0.5063 -0.7486 0.4280
vn -0.4540 -0.7718 0.4452
vn -0.3992 -0.7925 0.4610
vn -0.3425 -0.8105 0.4752
vn -0.2843 -0.8254 0.4877
vn -0.2253 -0.8374 0.4980
vn -0.1663 -0.8462 0.5062
vn -0.1079 -0.8519 0.5124
vn -0.0507 -0.8547 0.5167
vn 0.0046 -0.8546 0.5192
vn 0.0578 -0.8521 0.5201
vn 0.1086 -0.8474 0.5197
vn 0.1567 -0.8408 0.5181
vn -0.5984 -0.7205 0.3506
vn -0.5574 -0.7449 0.3668
vn -0.5135 -0.7680 0.3826
vn -0.4675 -0.7895 0.3976
vn -0.4194 -0.8090 0.4119
vn -0.3694 -0.8263 0.4252
vn -0.3183 -0.8411 0.4372
vn -0.2660 -0.8536 0.4478
vn -0.2134 -0.8635 0.4569
vn -0.1608 -0.8709 0.4645
vn -0.1088 -0.8757 0.4705
vn -0.0576 -0.8781 0.4750
vn -0.0079 -0.8782 0.4782
vn 0.0402 -0.8763 0.4802
vn 0.0865 -0.8724 0.4810
vn 0.1306 -0.8670 0.4808
vn -0.5575 -0.7612 0.3315
vn -0.5184 -0.7823 0.3453
vn -0.4772 -0.8021 0.3589
vn -0.4346 -0.8204 0.3717
vn -0.3902 -0.8369 0.3839
vn -0.3446 -0.8515 0.3952
vn -0.2980 -0.8642 0.4055
vn -0.2509 -0.8747 0.4148
vn -0.2034 -0.8830 0.4230
vn -0.1561 -0.8893 0.4300
vn -0.1092 -0.8934 0.4357
vn -0.0631 -0.8956 0.4403
vn -0.0180 -0.8959 0.4438
vn 0.0258 -0.8944 0.4464
vn 0.0681 -0.8913 0.4482
vn 0.1088 -0.8868 0.4492
vn 0.3876 -0.9097 -0.1489
vn 0.4374 -0.8818 -0.1763
vn 0.4952 -0.8434 -0.2085
vn 0.5614 -0.7901 -0.2462
vn 0.6354 -0.7160 -0.2890
vn 0.7140 -0.6143 -0.3358
vn 0.7895 -0.4800 -0.3826
vn 0.8503 -0.3117 -0.4240
vn 0.8836 -0.1213 -0.4523
vn 0.8835 0.0718 -0.4629
vn 0.8540 0.2475 -0.4577
vn 0.8063 0.3946 -0.4406
vn 0.7513 0.5103 -0.4185
vn 0.6959 0.6000 -0.3946
vn 0.6445 0.6682 -0.3718
vn 0.5982 0.7205 -0.3507
vn -0.4109 -0.8335 -0.3694
vn -0.3612 -0.8594 -0.3620
vn -0.3089 -0.8830 -0.3534
vn -0.2548 -0.9039 -0.3435
vn -0.1993 -0.9218 -0.3324
vn -0.1430 -0.9366 -0.3200
vn -0.0864 -0.9480 -0.3063
vn -0.0303 -0.9560 -0.2918
vn 0.0249 -0.9607 -0.2764
vn 0.0786 -0.9623 -0.2605
vn 0.1304 -0.9609 -0.2441
vn 0.1797 -0.9570 -0.2275
vn 0.2267 -0.9508 -0.2111
vn 0.2709 -0.9427 -0.1947
vn 0.3125 -0.9329 -0.1789
vn 0.3513 -0.9218 -0.1636
vn -0.4423 -0.7888 -0.4269
vn -0.3885 -0.8197 -0.4208
vn -0.3314 -0.8483 -0.4130
vn -0.2715 -0.8739 -0.4033
vn -0.2094 -0.8960 -0.3916
vn -0.1461 -0.9142 -0.3781
vn -0.0821 -0.9281 -0.3632
vn -0.0187 -0.9379 -0.3465
vn 0.0436 -0.9435 -0.3285
vn 0.1038 -0.9452 -0.3095
vn 0.1613 -0.9434 -0.2899
vn 0.2158 -0.9384 -0.2700
vn 0.2669 -0.9307 -0.2502
vn 0.3147 -0.9207 -0.2307
vn 0.3590 -0.9090 -0.2119
vn 0.3998 -0.8959 -0.1938
vn -0.4773 -0.7262 -0.4948
vn -0.4197 -0.7631 -0.4915
vn -0.3573 -0.7977 -0.4858
vn -0.2909 -0.8292 -0.4773
vn -0.2210 -0.8567 -0.4661
vn -0.1491 -0.8795 -0.4519
vn -0.0761 -0.8972 -0.4349
vn -0.0036 -0.9096 -0.4156
vn 0.0673 -0.9166 -0.3940
vn 0.1355 -0.9187 -0.3709
vn 0.2000 -0.9163 -0.3469
vn 0.2603 -0.9101 -0.3225
vn 0.3162 -0.9006 -0.2983
vn 0.3675 -0.8886 -0.2744
vn 0.4141 -0.8748 -0.2513
vn 0.4567 -0.8595 -0.2294
vn -0.5146 -0.6381 -0.5728
vn -0.4537 -0.6811 -0.5747
vn -0.3861 -0.7227 -0.5733
vn -0.3126 -0.7613 -0.5680
vn -0.2338 -0.7959 -0.5585
vn -0.1516 -0.8250 -0.5444
vn -0.0674 -0.8478 -0.5261
vn 0.0165 -0.8638 -0.5036
vn 0.0983 -0.8730 -0.4777
vn 0.1763 -0.8759 -0.4491
vn 0.2490 -0.8733 -0.4188
vn 0.3158 -0.8660 -0.3878
vn 0.3764 -0.8549 -0.3570
vn 0.4310 -0.8409 -0.3272
vn 0.4799 -0.8249 -0.2987
vn 0.5232 -0.8078 -0.2716
vn -0.5498 -0.5154 -0.6573
vn -0.4871 -0.5631 -0.6676
vn -0.4153 -0.6109 -0.6740
vn -0.3348 -0.6570 -0.6755
vn -0.2464 -0.6994 -0.6709
vn -0.1520 -0.7362 -0.6595
vn -0.0543 -0.7659 -0.6406
vn 0.0436 -0.7875 -0.6148
vn 0.1387 -0.8005 -0.5830
vn 0.2282 -0.8056 -0.5467
vn 0.3102 -0.8037 -0.5078
vn 0.3840 -0.7960 -0.4679
vn 0.4492 -0.7840 -0.4284
vn 0.5062 -0.7691 -0.3901
vn 0.5556 -0.7523 -0.3539
vn 0.5984 -0.7345 -0.3201
vn -0.5753 -0.3513 -0.7387
vn -0.5124 -0.3985 -0.7607
vn -0.4382 -0.4481 -0.7792
vn -0.3521 -0.4985 -0.7922
vn -0.2545 -0.5474 -0.7972
vn -0.1476 -0.5921 -0.7922
vn -0.0348 -0.6299 -0.7759
vn 0.0793 -0.6589 -0.7480
vn 0.1896 -0.6783 -0.7099
vn 0.2922 -0.6883 -0.6640
vn 0.3841 -0.6898 -0.6137
vn 0.4643 -0.6848 -0.5617
vn 0.5329 -0.6748 -0.5105
vn 0.5909 -0.6616 -0.4617
vn 0.6395 -0.6464 -0.4162
vn 0.6801 -0.6305 -0.3740
vn -0.5803 -0.1484 -0.8008
vn -0.5183 -0.1878 -0.8343
vn -0.4436 -0.2307 -0.8660
vn -0.3544 -0.2767 -0.8932
vn -0.2506 -0.3246 -0.9121
vn -0.1334 -0.3718 -0.9187
vn -0.0072 -0.4154 -0.9096
vn 0.1223 -0.4522 -0.8835
vn 0.2475 -0.4804 -0.8414
vn 0.3626 -0.4995 -0.7868
vn 0.4634 -0.5101 -0.7246
vn 0.5487 -0.5136 -0.6597
vn 0.6192 -0.5116 -0.5957
vn 0.6763 -0.5061 -0.5352
vn 0.7225 -0.4983 -0.4793
vn 0.7595 -0.4895 -0.4284
vn -0.5573 0.0720 -0.8272
vn -0.4960 0.0487 -0.8669
vn -0.4217 0.0211 -0.9065
vn -0.3324 -0.0107 -0.9431
vn -0.2270 -0.0463 -0.9728
vn -0.1061 -0.0850 -0.9907
vn 0.0263 -0.1252 -0.9918
vn 0.1637 -0.1648 -0.9726
vn 0.2978 -0.2012 -0.9332
vn 0.4209 -0.2325 -0.8768
vn 0.5277 -0.2576 -0.8094
vn 0.6167 -0.2767 -0.7370
vn 0.6883 -0.2905 -0.6648
vn 0.7448 -0.2998 -0.5961
vn 0.7890 -0.3059 -0.5328
vn 0.8235 -0.3095 -0.4755
vn -0.5094 0.2795 -0.8138
vn -0.4481 0.2721 -0.8515
vn -0.3748 0.2624 -0.8892
vn -0.2877 0.2487 -0.9249
vn -0.1859 0.2304 -0.9552
vn -0.0699 0.2069 -0.9759
vn 0.0573 0.1780 -0.9824
vn 0.1904 0.1441 -0.9711
vn 0.3220 0.1071 -0.9407
vn 0.4446 0.0686 -0.8931
vn 0.5528 0.0312 -0.8328
vn 0.6439 -0.0035 -0.7651
vn 0.7177 -0.0344 -0.6955
vn 0.7761 -0.0616 -0.6276
vn 0.8216 -0.0850 -0.5637
vn 0.8567 -0.1047 -0.5051
vn -0.4482 0.4517 -0.7714
vn -0.3873 0.4556 -0.8015
vn -0.3163 0.4576 -0.8310
vn -0.2339 0.4564 -0.8585
vn -0.1398 0.4511 -0.8815
vn -0.0346 0.4402 -0.8972
vn 0.0795 0.4229 -0.9027
vn 0.1987 0.3985 -0.8954
vn 0.3180 0.3674 -0.8740
vn 0.4317 0.3310 -0.8391
vn 0.5352 0.2911 -0.7930
vn 0.6255 0.2496 -0.7392
vn 0.7014 0.2087 -0.6815
vn 0.7635 0.1700 -0.6231
vn 0.8133 0.1340 -0.5663
vn 0.8526 0.1010 -0.5126
vn -0.3857 0.5823 -0.7157
vn -0.3265 0.5918 -0.7370
vn -0.2591 0.5993 -0.7574
vn -0.1832 0.6042 -0.7755
vn -0.0986 0.6052 -0.7900
vn -0.0062 0.6011 -0.7991
vn 0.0927 0.5908 -0.8014
vn 0.1956 0.5740 -0.7951
vn 0.2992 0.5504 -0.7795
vn 0.3999 0.5202 -0.7546
vn 0.4943 0.4851 -0.7214
vn 0.5798 0.4462 -0.6817
vn 0.6550 0.4051 -0.6379
vn 0.7193 0.3637 -0.5919
vn 0.7732 0.3230 -0.5457
vn 0.8177 0.2842 -0.5006
vn -0.3283 0.6779 -0.6577
vn -0.2720 0.6888 -0.6720
vn -0.2096 0.6978 -0.6849
vn -0.1407 0.7043 -0.6958
vn -0.0657 0.7073 -0.7038
vn 0.0149 0.7061 -0.7079
vn 0.1001 0.7000 -0.7071
vn 0.1883 0.6880 -0.7009
vn 0.2772 0.6702 -0.6884
vn 0.3648 0.6467 -0.6698
vn 0.4487 0.6180 -0.6456
vn 0.5270 0.5850 -0.6166
vn 0.5984 0.5486 -0.5839
vn 0.6620 0.5104 -0.5489
vn 0.7176 0.4714 -0.5127
vn 0.7655 0.4325 -0.4763
vn -0.2789 0.7466 -0.6039
vn -0.2260 0.7570 -0.6131
vn -0.1687 0.7658 -0.6206
vn -0.1066 0.7722 -0.6264
vn -0.0401 0.7756 -0.6300
vn 0.0305 0.7754 -0.6308
vn 0.1043 0.7710 -0.6282
vn 0.1802 0.7621 -0.6218
vn 0.2570 0.7484 -0.6114
vn 0.3331 0.7300 -0.5967
vn 0.4070 0.7071 -0.5782
vn 0.4776 0.6801 -0.5562
vn 0.5435 0.6498 -0.5313
vn 0.6042 0.6168 -0.5045
vn 0.6590 0.5821 -0.4763
vn 0.7080 0.5465 -0.4473
vn -0.2370 0.7963 -0.5565
vn -0.1880 0.8057 -0.5617
vn -0.1355 0.8133 -0.5658
vn -0.0795 0.8189 -0.5684
vn -0.0202 0.8220 -0.5692
vn 0.0421 0.8220 -0.5679
vn 0.1066 0.8187 -0.5643
vn 0.1728 0.8117 -0.5579
vn 0.2397 0.8009 -0.5488
vn 0.3064 0.7862 -0.5367
vn 0.3717 0.7679 -0.5217
vn 0.4349 0.7460 -0.5043
vn 0.4952 0.7209 -0.4849
vn 0.5517 0.6932 -0.4638
vn 0.6043 0.6634 -0.4413
vn 0.6523 0.6321 -0.4183
vn -0.2018 0.8328 -0.5155
vn -0.1567 0.8409 -0.5180
vn -0.1085 0.8474 -0.5197
vn -0.0578 0.8521 -0.5202
vn -0.0045 0.8546 -0.5193
vn 0.0508 0.8546 -0.5169
vn 0.1080 0.8518 -0.5126
vn 0.1664 0.8461 -0.5064
vn 0.2253 0.8374 -0.4981
vn 0.2843 0.8254 -0.4877
vn 0.3425 0.8103 -0.4755
vn 0.3993 0.7924 -0.4612
vn 0.4540 0.7717 -0.4453
vn 0.5062 0.7486 -0.4282
vn 0.5556 0.7233 -0.4100
vn 0.6017 0.6964 -0.3911
vn -0.1724 0.8601 -0.4800
vn -0.1306 0.8669 -0.4810
vn -0.0862 0.8724 -0.4811
vn -0.0403 0.8763 -0.4801
vn 0.0080 0.8782 -0.4782
vn 0.0576 0.8781 -0.4749
vn 0.1088 0.8757 -0.4704
vn 0.1609 0.8708 -0.4645
vn 0.2134 0.8635 -0.4570
vn 0.2660 0.8536 -0.4478
vn 0.3182 0.8412 -0.4372
vn 0.3695 0.8263 -0.4252
vn 0.4193 0.8089 -0.4120
vn 0.4675 0.7894 -0.3978
vn 0.5135 0.7681 -0.3826
vn 0.5571 0.7451 -0.3668
vn -0.1477 0.8811 -0.4493
vn -0.1088 0.8868 -0.4492
vn -0.0683 0.8913 -0.4483
vn -0.0258 0.8944 -0.4466
vn 0.0181 0.8959 -0.4440
vn 0.0631 0.8955 -0.4405
vn 0.1093 0.8934 -0.4359
vn 0.1561 0.8892 -0.4300
vn 0.2034 0.8830 -0.4230
vn 0.2509 0.8746 -0.4148
vn 0.2980 0.8641 -0.4056
vn 0.3446 0.8515 -0.3953
vn 0.3902 0.8368 -0.3840
vn 0.4345 0.8204 -0.3718
vn 0.4774 0.8020 -0.3590
vn 0.5185 0.7821 -0.3456
vn 0.4003 -0.9082 -0.1222
vn 0.3894 -0.9171 -0.0851
vn 0.3778 -0.9247 -0.0471
vn 0.3654 -0.9308 -0.0088
vn 0.3527 -0.9353 0.0290
vn 0.3392 -0.9383 0.0671
vn 0.3252 -0.9398 0.1049
vn 0.3108 -0.9398 0.1422
vn 0.2961 -0.9382 0.1790
vn 0.2812 -0.9353 0.2150
vn 0.2658 -0.9310 0.2500
vn 0.2504 -0.9256 0.2839
vn 0.2351 -0.9189 0.3168
vn 0.2199 -0.9112 0.3484
vn 0.2045 -0.9026 0.3788
vn 0.1897 -0.8932 0.4077
vn 0.5773 0.7560 -0.3086
vn 0.6196 0.7145 -0.3250
vn 0.6680 0.6604 -0.3431
vn 0.7213 0.5902 -0.3625
vn 0.7781 0.4985 -0.3822
vn 0.8342 0.3797 -0.3998
vn 0.8817 0.2308 -0.4115
vn 0.9093 0.0546 -0.4125
vn 0.9067 -0.1372 -0.3989
vn 0.8703 -0.3243 -0.3706
vn 0.8074 -0.4878 -0.3320
vn 0.7304 -0.6189 -0.2890
vn 0.6510 -0.7179 -0.2469
vn 0.5762 -0.7902 -0.2088
vn 0.5091 -0.8426 -0.1755
vn 0.4508 -0.8805 -0.1468
vn 0.5769 0.7684 -0.2770
vn 0.6212 0.7275 -0.2911
vn 0.6718 0.6743 -0.3067
vn 0.7283 0.6041 -0.3235
vn 0.7892 0.5114 -0.3402
vn 0.8500 0.3895 -0.3547
vn 0.9017 0.2343 -0.3635
vn 0.9311 0.0490 -0.3615
vn 0.9261 -0.1523 -0.3452
vn 0.8836 -0.3465 -0.3151
vn 0.8130 -0.5125 -0.2761
vn 0.7291 -0.6428 -0.2348
vn 0.6450 -0.7387 -0.1959
vn 0.5673 -0.8076 -0.1611
vn 0.4991 -0.8565 -0.1316
vn 0.4400 -0.8917 -0.1062
vn 0.5759 0.7803 -0.2438
vn 0.6219 0.7404 -0.2551
vn 0.6744 0.6881 -0.2677
vn 0.7341 0.6181 -0.2809
vn 0.7994 0.5240 -0.2940
vn 0.8650 0.3988 -0.3046
vn 0.9207 0.2375 -0.3096
vn 0.9517 0.0425 -0.3041
vn 0.9437 -0.1681 -0.2849
vn 0.8942 -0.3689 -0.2536
vn 0.8155 -0.5371 -0.2156
vn 0.7253 -0.6653 -0.1771
vn 0.6367 -0.7579 -0.1420
vn 0.5565 -0.8234 -0.1115
vn 0.4872 -0.8690 -0.0861
vn 0.4282 -0.9013 -0.0649
vn 0.5743 0.7916 -0.2087
vn 0.6215 0.7528 -0.2168
vn 0.6762 0.7013 -0.2257
vn 0.7390 0.6314 -0.2350
vn 0.8081 0.5363 -0.2435
vn 0.8782 0.4081 -0.2495
vn 0.9382 0.2399 -0.2494
vn 0.9702 0.0359 -0.2396
vn 0.9584 -0.1847 -0.2178
vn 0.9013 -0.3913 -0.1860
vn 0.8143 -0.5607 -0.1503
vn 0.7180 -0.6863 -0.1160
vn 0.6259 -0.7752 -0.0859
vn 0.5440 -0.8369 -0.0608
vn 0.4743 -0.8794 -0.0402
vn 0.4154 -0.9093 -0.0232
vn 0.5715 0.8024 -0.1720
vn 0.6200 0.7645 -0.1766
vn 0.6765 0.7138 -0.1813
vn 0.7421 0.6440 -0.1856
vn 0.8149 0.5480 -0.1886
vn 0.8895 0.4162 -0.1886
vn 0.9530 0.2416 -0.1826
vn 0.9854 0.0281 -0.1678
vn 0.9689 -0.2019 -0.1431
vn 0.9037 -0.4132 -0.1123
vn 0.8090 -0.5823 -0.0806
vn 0.7072 -0.7051 -0.0520
vn 0.6125 -0.7900 -0.0281
vn 0.5298 -0.8481 -0.0088
vn 0.4603 -0.8877 0.0064
vn 0.4017 -0.9156 0.0190
vn 0.5679 0.8122 -0.1336
vn 0.6172 0.7753 -0.1340
vn 0.6754 0.7252 -0.1339
vn 0.7433 0.6556 -0.1326
vn 0.8194 0.5585 -0.1292
vn 0.8977 0.4234 -0.1220
vn 0.9641 0.2422 -0.1091
vn 0.9959 0.0193 -0.0887
vn 0.9738 -0.2188 -0.0622
vn 0.9005 -0.4336 -0.0337
vn 0.7987 -0.6017 -0.0074
vn 0.6928 -0.7210 0.0140
vn 0.5965 -0.8020 0.0307
vn 0.5139 -0.8568 0.0435
vn 0.4446 -0.8941 0.0533
vn 0.3872 -0.9200 0.0610
vn 0.5631 0.8211 -0.0935
vn 0.6132 0.7848 -0.0896
vn 0.6726 0.7353 -0.0840
vn 0.7421 0.6659 -0.0763
vn 0.8209 0.5673 -0.0654
vn 0.9019 0.4290 -0.0499
vn 0.9700 0.2412 -0.0289
vn 0.9999 0.0097 -0.0028
vn 0.9717 -0.2351 0.0246
vn 0.8906 -0.4522 0.0492
vn 0.7832 -0.6180 0.0679
vn 0.6747 -0.7336 0.0811
vn 0.5780 -0.8110 0.0900
vn 0.4961 -0.8630 0.0960
vn 0.4281 -0.8982 0.1001
vn 0.3720 -0.9225 0.1029
vn 0.5569 0.8290 -0.0520
vn 0.6076 0.7931 -0.0433
vn 0.6677 0.7437 -0.0320
vn 0.7384 0.6741 -0.0171
vn 0.8185 0.5745 0.0022
vn 0.9013 0.4323 0.0269
vn 0.9695 0.2387 0.0566
vn 0.9961 -0.0003 0.0882
vn 0.9612 -0.2504 0.1158
vn 0.8736 -0.4678 0.1345
vn 0.7624 -0.6308 0.1445
vn 0.6531 -0.7426 0.1485
vn 0.5571 -0.8169 0.1491
vn 0.4768 -0.8664 0.1480
vn 0.4106 -0.9000 0.1462
vn 0.3562 -0.9232 0.1442
vn 0.5497 0.8353 -0.0093
vn 0.6001 0.7999 0.0047
vn 0.6604 0.7506 0.0225
vn 0.7316 0.6802 0.0449
vn 0.8121 0.5789 0.0732
vn 0.8948 0.4333 0.1078
vn 0.9612 0.2339 0.1465
vn 0.9831 -0.0110 0.1830
vn 0.9417 -0.2638 0.2088
vn 0.8491 -0.4800 0.2204
vn 0.7364 -0.6395 0.2208
vn 0.6282 -0.7477 0.2151
vn 0.5341 -0.8196 0.2072
vn 0.4563 -0.8673 0.1991
vn 0.3922 -0.8997 0.1916
vn 0.3396 -0.9222 0.1850
vn 0.5412 0.8402 0.0347
vn 0.5910 0.8048 0.0541
vn 0.6512 0.7549 0.0784
vn 0.7215 0.6838 0.1087
vn 0.8011 0.5803 0.1465
vn 0.8817 0.4314 0.1908
vn 0.9443 0.2270 0.2381
vn 0.9602 -0.0217 0.2784
vn 0.9130 -0.2750 0.3013
vn 0.8177 -0.4885 0.3046
vn 0.7059 -0.6440 0.2949
vn 0.6004 -0.7492 0.2798
vn 0.5095 -0.8191 0.2637
vn 0.4346 -0.8655 0.2490
vn 0.3732 -0.8973 0.2359
vn 0.3228 -0.9195 0.2245
vn 0.5314 0.8434 0.0794
vn 0.5804 0.8076 0.1044
vn 0.6390 0.7571 0.1355
vn 0.7080 0.6844 0.1741
vn 0.7850 0.5787 0.2209
vn 0.8619 0.4261 0.2749
vn 0.9186 0.2180 0.3297
vn 0.9277 -0.0323 0.3720
vn 0.8758 -0.2836 0.3905
vn 0.7802 -0.4929 0.3852
vn 0.6715 -0.6444 0.3658
vn 0.5702 -0.7470 0.3418
vn 0.4835 -0.8155 0.3181
vn 0.4121 -0.8614 0.2970
vn 0.3535 -0.8929 0.2788
vn 0.3056 -0.9150 0.2633
vn 0.5199 0.8451 0.1249
vn 0.5678 0.8084 0.1555
vn 0.6246 0.7566 0.1932
vn 0.6909 0.6820 0.2397
vn 0.7640 0.5737 0.2953
vn 0.8352 0.4176 0.3578
vn 0.8844 0.2071 0.4182
vn 0.8864 -0.0423 0.4611
vn 0.8313 -0.2895 0.4744
vn 0.7379 -0.4933 0.4607
vn 0.6342 -0.6410 0.4324
vn 0.5382 -0.7417 0.4003
vn 0.4565 -0.8092 0.3699
vn 0.3890 -0.8550 0.3431
vn 0.3337 -0.8867 0.3200
vn 0.2884 -0.9092 0.3005
vn 0.5074 0.8447 0.1704
vn 0.5533 0.8069 0.2067
vn 0.6077 0.7535 0.2509
vn 0.6705 0.6765 0.3047
vn 0.7384 0.5651 0.3681
vn 0.8023 0.4060 0.4376
vn 0.8429 0.1944 0.5017
vn 0.8380 -0.0519 0.5432
vn 0.7816 -0.2926 0.5509
vn 0.6921 -0.4903 0.5298
vn 0.5948 -0.6342 0.4940
vn 0.5051 -0.7334 0.4550
vn 0.4288 -0.8005 0.4187
vn 0.3661 -0.8464 0.3868
vn 0.3138 -0.8788 0.3596
vn 0.2707 -0.9019 0.3365
vn 0.4937 0.8423 0.2162
vn 0.5373 0.8031 0.2576
vn 0.5884 0.7476 0.3079
vn 0.6468 0.6677 0.3685
vn 0.7085 0.5529 0.4386
vn 0.7640 0.3915 0.5129
vn 0.7956 0.1808 0.5782
vn 0.7847 -0.0605 0.6169
vn 0.7285 -0.2933 0.6191
vn 0.6444 -0.4843 0.5917
vn 0.5544 -0.6246 0.5500
vn 0.4716 -0.7226 0.5054
vn 0.4011 -0.7897 0.4642
vn 0.3423 -0.8364 0.4281
vn 0.2937 -0.8695 0.3972
vn 0.2535 -0.8935 0.3708
vn 0.4786 0.8381 0.2617
vn 0.5196 0.7969 0.3081
vn 0.5672 0.7389 0.3637
vn 0.6204 0.6561 0.4298
vn 0.6751 0.5382 0.5047
vn 0.7218 0.3749 0.5817
vn 0.7446 0.1664 0.6465
vn 0.7287 -0.0681 0.6815
vn 0.6739 -0.2921 0.6787
vn 0.5962 -0.4760 0.6465
vn 0.5139 -0.6129 0.6002
vn 0.4383 -0.7097 0.5515
vn 0.3734 -0.7773 0.5064
vn 0.3188 -0.8249 0.4668
vn 0.2739 -0.8589 0.4328
vn 0.2362 -0.8839 0.4036
vn 0.4624 0.8320 0.3065
vn 0.5004 0.7887 0.3572
vn 0.5441 0.7277 0.4177
vn 0.5916 0.6417 0.4881
vn 0.6389 0.5206 0.5664
vn 0.6769 0.3563 0.6441
vn 0.6913 0.1516 0.7065
vn 0.6718 -0.0748 0.7370
vn 0.6194 -0.2892 0.7298
vn 0.5486 -0.4660 0.6942
vn 0.4740 -0.5996 0.6449
vn 0.4055 -0.6953 0.5934
vn 0.3460 -0.7635 0.5453
vn 0.2961 -0.8120 0.5029
vn 0.2542 -0.8473 0.4662
vn 0.2191 -0.8734 0.4349
vn 0.4451 0.8241 0.3504
vn 0.4801 0.7782 0.4049
vn 0.5194 0.7142 0.4692
vn 0.5611 0.6249 0.5428
vn 0.6011 0.5011 0.6226
vn 0.6304 0.3374 0.6991
vn 0.6380 0.1369 0.7578
vn 0.6158 -0.0803 0.7838
vn 0.5667 -0.2850 0.7730
vn 0.5026 -0.4548 0.7352
vn 0.4353 -0.5852 0.6842
vn 0.3736 -0.6798 0.6311
vn 0.3192 -0.7487 0.5810
vn 0.2735 -0.7982 0.5367
vn 0.2347 -0.8349 0.4978
vn 0.2024 -0.8622 0.4644
vn 0.5378 0.7850 -0.3075
vn 0.5364 0.7972 -0.2771
vn 0.5339 0.8093 -0.2448
vn 0.5340 0.8093 -0.2449
vn 0.5312 0.8204 -0.2115
vn 0.5274 0.8311 -0.1763
vn 0.5227 0.8410 -0.1398
vn 0.5172 0.8498 -0.1017
vn 0.5109 0.8574 -0.0622
vn 0.5033 0.8638 -0.0216
vn 0.4946 0.8689 0.0200
vn 0.4849 0.8724 0.0624
vn 0.4742 0.8741 0.1055
vn 0.4623 0.8741 0.1492
vn 0.4492 0.8724 0.1927
vn 0.4352 0.8688 0.2361
vn 0.4203 0.8633 0.2792
vn -0.1432 0.8953 -0.4218
vn -0.1056 0.9010 -0.4207
vn -0.0662 0.9056 -0.4189
vn -0.0255 0.9088 -0.4165
vn 0.0165 0.9105 -0.4133
vn 0.0597 0.9106 -0.4090
vn 0.1038 0.9089 -0.4038
vn 0.1486 0.9053 -0.3979
vn 0.1940 0.8997 -0.3911
vn 0.2394 0.8920 -0.3834
vn 0.2847 0.8823 -0.3747
vn 0.3296 0.8706 -0.3653
vn 0.3739 0.8568 -0.3551
vn 0.4170 0.8413 -0.3440
vn 0.4587 0.8241 -0.3324
vn 0.4993 0.8051 -0.3202
vn -0.1567 0.9053 -0.3948
vn -0.1189 0.9116 -0.3935
vn -0.0792 0.9168 -0.3913
vn -0.0380 0.9207 -0.3885
vn 0.0046 0.9230 -0.3848
vn 0.0484 0.9237 -0.3801
vn 0.0932 0.9224 -0.3749
vn 0.1389 0.9191 -0.3688
vn 0.1851 0.9138 -0.3616
vn 0.2314 0.9063 -0.3536
vn 0.2778 0.8966 -0.3448
vn 0.3236 0.8848 -0.3352
vn 0.3689 0.8708 -0.3249
vn 0.4131 0.8549 -0.3138
vn 0.4557 0.8373 -0.3020
vn 0.4967 0.8181 -0.2898
vn -0.1706 0.9146 -0.3666
vn -0.1322 0.9217 -0.3647
vn -0.0924 0.9275 -0.3623
vn -0.0509 0.9320 -0.3589
vn -0.0078 0.9349 -0.3549
vn 0.0367 0.9360 -0.3502
vn 0.0821 0.9352 -0.3444
vn 0.1285 0.9324 -0.3378
vn 0.1756 0.9273 -0.3304
vn 0.2229 0.9201 -0.3222
vn 0.2702 0.9104 -0.3132
vn 0.3171 0.8986 -0.3034
vn 0.3632 0.8845 -0.2928
vn 0.4083 0.8683 -0.2817
vn 0.4519 0.8502 -0.2699
vn 0.4940 0.8304 -0.2577
vn -0.1846 0.9232 -0.3370
vn -0.1464 0.9309 -0.3348
vn -0.1060 0.9374 -0.3317
vn -0.0641 0.9425 -0.3281
vn -0.0206 0.9459 -0.3237
vn 0.0245 0.9477 -0.3183
vn 0.0706 0.9474 -0.3123
vn 0.1178 0.9449 -0.3054
vn 0.1655 0.9402 -0.2977
vn 0.2138 0.9331 -0.2893
vn 0.2619 0.9236 -0.2800
vn 0.3098 0.9117 -0.2700
vn 0.3568 0.8974 -0.2594
vn 0.4029 0.8810 -0.2481
vn 0.4474 0.8625 -0.2364
vn 0.4903 0.8423 -0.2241
vn -0.1988 0.9309 -0.3064
vn -0.1604 0.9392 -0.3036
vn -0.1199 0.9463 -0.3001
vn -0.0776 0.9520 -0.2959
vn -0.0337 0.9561 -0.2910
vn 0.0118 0.9584 -0.2853
vn 0.0585 0.9586 -0.2787
vn 0.1064 0.9566 -0.2714
vn 0.1549 0.9522 -0.2633
vn 0.2039 0.9453 -0.2546
vn 0.2530 0.9359 -0.2451
vn 0.3017 0.9240 -0.2349
vn 0.3497 0.9096 -0.2242
vn 0.3966 0.8930 -0.2128
vn 0.4421 0.8742 -0.2009
vn 0.4859 0.8534 -0.1889
vn -0.2132 0.9376 -0.2748
vn -0.1745 0.9466 -0.2712
vn -0.1340 0.9543 -0.2671
vn -0.0914 0.9606 -0.2623
vn -0.0472 0.9653 -0.2568
vn -0.0013 0.9681 -0.2505
vn 0.0460 0.9688 -0.2436
vn 0.0945 0.9672 -0.2359
vn 0.1437 0.9631 -0.2275
vn 0.1934 0.9565 -0.2184
vn 0.2434 0.9472 -0.2086
vn 0.2928 0.9354 -0.1983
vn 0.3418 0.9209 -0.1873
vn 0.3895 0.9041 -0.1758
vn 0.4360 0.8849 -0.1640
vn 0.4805 0.8637 -0.1520
vn -0.2275 0.9432 -0.2419
vn -0.1888 0.9528 -0.2376
vn -0.1482 0.9611 -0.2329
vn -0.1056 0.9680 -0.2275
vn -0.0609 0.9733 -0.2214
vn -0.0147 0.9766 -0.2147
vn 0.0330 0.9777 -0.2072
vn 0.0820 0.9766 -0.1990
vn 0.1319 0.9729 -0.1901
vn 0.1823 0.9665 -0.1806
vn 0.2330 0.9574 -0.1705
vn 0.2833 0.9456 -0.1599
vn 0.3331 0.9311 -0.1489
vn 0.3818 0.9140 -0.1374
vn 0.4287 0.8946 -0.1256
vn 0.4742 0.8730 -0.1138
vn -0.2418 0.9478 -0.2080
vn -0.2032 0.9578 -0.2032
vn -0.1626 0.9667 -0.1977
vn -0.1198 0.9741 -0.1916
vn -0.0749 0.9799 -0.1848
vn -0.0285 0.9837 -0.1774
vn 0.0196 0.9854 -0.1693
vn 0.0691 0.9846 -0.1607
vn 0.1195 0.9812 -0.1514
vn 0.1706 0.9751 -0.1415
vn 0.2219 0.9662 -0.1311
vn 0.2730 0.9545 -0.1202
vn 0.3234 0.9400 -0.1089
vn 0.3730 0.9227 -0.0974
vn 0.4208 0.9031 -0.0857
vn 0.4668 0.8813 -0.0739
vn -0.2560 0.9510 -0.1735
vn -0.2175 0.9615 -0.1678
vn -0.1770 0.9709 -0.1615
vn -0.1341 0.9788 -0.1547
vn -0.0892 0.9851 -0.1472
vn -0.0425 0.9894 -0.1391
vn 0.0059 0.9914 -0.1305
vn 0.0557 0.9911 -0.1212
vn 0.1067 0.9880 -0.1114
vn 0.1583 0.9822 -0.1011
vn 0.2101 0.9735 -0.0903
vn 0.2620 0.9618 -0.0792
vn 0.3131 0.9473 -0.0679
vn 0.3632 0.9300 -0.0563
vn 0.4119 0.9101 -0.0447
vn 0.4590 0.8878 -0.0332
vn -0.2702 0.9529 -0.1379
vn -0.2319 0.9638 -0.1314
vn -0.1914 0.9736 -0.1244
vn -0.1486 0.9820 -0.1167
vn -0.1036 0.9887 -0.1085
vn -0.0568 0.9934 -0.0997
vn -0.0082 0.9959 -0.0904
vn 0.0419 0.9959 -0.0806
vn 0.0933 0.9932 -0.0703
vn 0.1454 0.9876 -0.0595
vn 0.1977 0.9791 -0.0485
vn 0.2501 0.9675 -0.0370
vn 0.3019 0.9530 -0.0255
vn 0.3526 0.9357 -0.0139
vn 0.4019 0.9157 -0.0025
vn 0.4495 0.8933 0.0088
vn -0.2841 0.9533 -0.1022
vn -0.2460 0.9646 -0.0947
vn -0.2056 0.9748 -0.0867
vn -0.1630 0.9835 -0.0781
vn -0.1181 0.9906 -0.0691
vn -0.0712 0.9957 -0.0597
vn -0.0223 0.9985 -0.0497
vn 0.0279 0.9988 -0.0392
vn 0.0795 0.9964 -0.0283
vn 0.1319 0.9911 -0.0171
vn 0.1847 0.9828 -0.0055
vn 0.2375 0.9714 0.0061
vn 0.2899 0.9569 0.0177
vn 0.3412 0.9395 0.0293
vn 0.3910 0.9195 0.0408
vn 0.4391 0.8970 0.0519
vn -0.2977 0.9524 -0.0656
vn -0.2600 0.9639 -0.0572
vn -0.2197 0.9744 -0.0484
vn -0.1771 0.9834 -0.0392
vn -0.1325 0.9908 -0.0290
vn -0.0857 0.9961 -0.0189
vn -0.0368 0.9993 -0.0081
vn 0.0135 0.9999 0.0030
vn 0.0653 0.9978 0.0144
vn 0.1179 0.9927 0.0261
vn 0.1711 0.9845 0.0380
vn 0.2243 0.9733 0.0499
vn 0.2770 0.9589 0.0616
vn 0.3288 0.9415 0.0732
vn 0.3793 0.9214 0.0845
vn 0.4276 0.8989 0.0953
vn -0.3110 0.9500 -0.0290
vn -0.2734 0.9617 -0.0197
vn -0.2336 0.9723 -0.0098
vn -0.1914 0.9815 0.0004
vn -0.1467 0.9891 0.0111
vn -0.1001 0.9947 0.0223
vn -0.0514 0.9981 0.0337
vn -0.0009 0.9990 0.0454
vn 0.0509 0.9971 0.0575
vn 0.1036 0.9922 0.0697
vn 0.1569 0.9842 0.0819
vn 0.2105 0.9731 0.0941
vn 0.2634 0.9588 0.1060
vn 0.3157 0.9415 0.1178
vn 0.3664 0.9215 0.1288
vn 0.4153 0.8990 0.1392
vn -0.3237 0.9461 0.0079
vn -0.2866 0.9579 0.0182
vn -0.2470 0.9686 0.0289
vn -0.2050 0.9779 0.0399
vn -0.1608 0.9856 0.0516
vn -0.1144 0.9914 0.0634
vn -0.0658 0.9950 0.0756
vn -0.0155 0.9960 0.0881
vn 0.0362 0.9943 0.1006
vn 0.0890 0.9896 0.1132
vn 0.1424 0.9818 0.1260
vn 0.1960 0.9708 0.1385
vn 0.2492 0.9567 0.1505
vn 0.3017 0.9395 0.1620
vn 0.3526 0.9196 0.1733
vn 0.4021 0.8971 0.1833
vn -0.3362 0.9407 0.0448
vn -0.2994 0.9525 0.0559
vn -0.2600 0.9633 0.0673
vn -0.2186 0.9726 0.0794
vn -0.1745 0.9804 0.0918
vn -0.1285 0.9862 0.1045
vn -0.0802 0.9898 0.1175
vn -0.0301 0.9910 0.1306
vn 0.0214 0.9894 0.1438
vn 0.0741 0.9848 0.1571
vn 0.1275 0.9772 0.1700
vn 0.1810 0.9664 0.1825
vn 0.2344 0.9524 0.1948
vn 0.2870 0.9355 0.2064
vn 0.3382 0.9156 0.2172
vn 0.3875 0.8935 0.2270
vn 0.3875 0.8935 0.2271
vn -0.3477 0.9341 0.0812
vn -0.3118 0.9456 0.0935
vn -0.2729 0.9562 0.1060
vn -0.2316 0.9655 0.1188
vn -0.1880 0.9733 0.1319
vn -0.1423 0.9791 0.1454
vn -0.0944 0.9827 0.1592
vn -0.0447 0.9839 0.1729
vn 0.0066 0.9824 0.1866
vn 0.0591 0.9780 0.2002
vn 0.1122 0.9704 0.2136
vn 0.1657 0.9598 0.2265
vn 0.2190 0.9460 0.2389
vn 0.2716 0.9293 0.2505
vn 0.3230 0.9097 0.2610
vn 0.3724 0.8878 0.2703
vn -0.3588 0.9260 0.1174
vn -0.3231 0.9373 0.1305
vn -0.2850 0.9477 0.1440
vn -0.2443 0.9568 0.1577
vn -0.2011 0.9644 0.1717
vn -0.1558 0.9701 0.1860
vn -0.1083 0.9738 0.2002
vn -0.0589 0.9750 0.2145
vn -0.0081 0.9735 0.2287
vn 0.0441 0.9691 0.2427
vn 0.0969 0.9617 0.2564
vn 0.1501 0.9513 0.2694
vn 0.2033 0.9377 0.2819
vn 0.2556 0.9213 0.2931
vn 0.3071 0.9019 0.3036
vn 0.3569 0.8800 0.3132
vn -0.1749 0.8830 -0.4355
vn -0.1896 0.8931 -0.4079
vn -0.2044 0.9026 -0.3789
vn -0.2197 0.9112 -0.3485
vn -0.2349 0.9189 -0.3168
vn -0.2502 0.9256 -0.2841
vn -0.2656 0.9311 -0.2501
vn -0.2810 0.9353 -0.2151
vn -0.2959 0.9382 -0.1792
vn -0.3107 0.9398 -0.1423
vn -0.3253 0.9398 -0.1050
vn -0.3391 0.9383 -0.0672
vn -0.3525 0.9354 -0.0291
vn -0.3655 0.9308 0.0091
vn -0.3778 0.9247 0.0471
vn -0.3894 0.9172 0.0848
vn -0.4452 -0.8240 -0.3504
vn -0.4804 -0.7778 -0.4052
vn -0.5194 -0.7141 -0.4694
vn -0.5611 -0.6246 -0.5432
vn -0.6009 -0.5010 -0.6229
vn -0.6302 -0.3369 -0.6995
vn -0.6377 -0.1367 -0.7580
vn -0.6157 0.0807 -0.7838
vn -0.5666 0.2851 -0.7731
vn -0.5021 0.4552 -0.7353
vn -0.4353 0.5849 -0.6845
vn -0.3731 0.6802 -0.6310
vn -0.3191 0.7486 -0.5812
vn -0.2733 0.7982 -0.5368
vn -0.2348 0.8349 -0.4979
vn -0.2023 0.8623 -0.4643
vn -0.4624 -0.8320 -0.3067
vn -0.5005 -0.7885 -0.3575
vn -0.5439 -0.7276 -0.4181
vn -0.5915 -0.6415 -0.4884
vn -0.6389 -0.5203 -0.5666
vn -0.6766 -0.3560 -0.6446
vn -0.6912 -0.1512 -0.7067
vn -0.6715 0.0751 -0.7372
vn -0.6193 0.2892 -0.7299
vn -0.5483 0.4662 -0.6943
vn -0.4739 0.5996 -0.6449
vn -0.4053 0.6954 -0.5935
vn -0.3458 0.7634 -0.5455
vn -0.2959 0.8120 -0.5031
vn -0.2539 0.8474 -0.4664
vn -0.2188 0.8735 -0.4349
vn -0.4785 -0.8381 -0.2618
vn -0.5196 -0.7969 -0.3082
vn -0.5672 -0.7388 -0.3640
vn -0.6203 -0.6559 -0.4301
vn -0.6749 -0.5380 -0.5051
vn -0.7216 -0.3746 -0.5822
vn -0.7443 -0.1661 -0.6469
vn -0.7283 0.0684 -0.6818
vn -0.6735 0.2922 -0.6789
vn -0.5959 0.4761 -0.6467
vn -0.5135 0.6131 -0.6004
vn -0.4381 0.7097 -0.5517
vn -0.3732 0.7773 -0.5065
vn -0.3189 0.8249 -0.4668
vn -0.2738 0.8589 -0.4329
vn -0.2358 0.8839 -0.4038
vn -0.4934 -0.8424 -0.2165
vn -0.5374 -0.8029 -0.2579
vn -0.5885 -0.7475 -0.3082
vn -0.6467 -0.6677 -0.3687
vn -0.7084 -0.5529 -0.4387
vn -0.7640 -0.3913 -0.5131
vn -0.7954 -0.1806 -0.5785
vn -0.7845 0.0609 -0.6172
vn -0.7282 0.2936 -0.6193
vn -0.6443 0.4844 -0.5919
vn -0.5541 0.6249 -0.5500
vn -0.4715 0.7226 -0.5056
vn -0.4008 0.7898 -0.4643
vn -0.3421 0.8364 -0.4283
vn -0.2936 0.8695 -0.3973
vn -0.2533 0.8935 -0.3708
vn -0.5076 -0.8445 -0.1707
vn -0.5534 -0.8068 -0.2069
vn -0.6077 -0.7534 -0.2513
vn -0.6703 -0.6765 -0.3051
vn -0.7384 -0.5647 -0.3687
vn -0.8020 -0.4062 -0.4380
vn -0.8427 -0.1942 -0.5021
vn -0.8377 0.0523 -0.5436
vn -0.7812 0.2928 -0.5513
vn -0.6917 0.4904 -0.5301
vn -0.5944 0.6345 -0.4941
vn -0.5050 0.7333 -0.4552
vn -0.4289 0.8004 -0.4188
vn -0.3655 0.8466 -0.3869
vn -0.3135 0.8788 -0.3596
vn -0.2707 0.9019 -0.3366
vn -0.5202 -0.8449 -0.1250
vn -0.5676 -0.8085 -0.1556
vn -0.6246 -0.7565 -0.1936
vn -0.6908 -0.6821 -0.2400
vn -0.7641 -0.5733 -0.2958
vn -0.8352 -0.4173 -0.3582
vn -0.8843 -0.2068 -0.4186
vn -0.8862 0.0428 -0.4614
vn -0.8312 0.2897 -0.4746
vn -0.7376 0.4934 -0.4609
vn -0.6337 0.6413 -0.4326
vn -0.5380 0.7417 -0.4005
vn -0.4564 0.8092 -0.3700
vn -0.3888 0.8550 -0.3432
vn -0.3336 0.8866 -0.3202
vn -0.2880 0.9092 -0.3007
vn -0.5313 -0.8434 -0.0798
vn -0.5804 -0.8076 -0.1047
vn -0.6391 -0.7571 -0.1357
vn -0.7080 -0.6844 -0.1743
vn -0.7851 -0.5785 -0.2212
vn -0.8619 -0.4257 -0.2754
vn -0.9185 -0.2178 -0.3301
vn -0.9275 0.0326 -0.3725
vn -0.8755 0.2839 -0.3910
vn -0.7797 0.4933 -0.3856
vn -0.6711 0.6447 -0.3661
vn -0.5699 0.7472 -0.3420
vn -0.4834 0.8155 -0.3183
vn -0.4119 0.8614 -0.2971
vn -0.3535 0.8929 -0.2789
vn -0.3055 0.9151 -0.2633
vn -0.5412 -0.8402 -0.0349
vn -0.5913 -0.8046 -0.0545
vn -0.6511 -0.7549 -0.0787
vn -0.7215 -0.6837 -0.1091
vn -0.8012 -0.5801 -0.1468
vn -0.8818 -0.4309 -0.1915
vn -0.9443 -0.2268 -0.2386
vn -0.9601 0.0220 -0.2788
vn -0.9128 0.2753 -0.3016
vn -0.8175 0.4887 -0.3049
vn -0.7056 0.6442 -0.2950
vn -0.6002 0.7493 -0.2799
vn -0.5095 0.8190 -0.2639
vn -0.4343 0.8656 -0.2491
vn -0.3730 0.8973 -0.2361
vn -0.3226 0.9195 -0.2248
vn -0.5498 -0.8352 0.0092
vn -0.6002 -0.7998 -0.0048
vn -0.6607 -0.7503 -0.0227
vn -0.7316 -0.6802 -0.0451
vn -0.8123 -0.5785 -0.0735
vn -0.8948 -0.4332 -0.1081
vn -0.9612 -0.2337 -0.1468
vn -0.9830 0.0115 -0.1834
vn -0.9416 0.2641 -0.2091
vn -0.8489 0.4804 -0.2206
vn -0.7362 0.6396 -0.2210
vn -0.6279 0.7479 -0.2154
vn -0.5341 0.8196 -0.2074
vn -0.4561 0.8673 -0.1993
vn -0.3922 0.8997 -0.1918
vn -0.3395 0.9222 -0.1851
vn -0.5570 -0.8289 0.0518
vn -0.6075 -0.7932 0.0429
vn -0.6678 -0.7436 0.0316
vn -0.7385 -0.6740 0.0169
vn -0.8186 -0.5743 -0.0025
vn -0.9014 -0.4322 -0.0273
vn -0.9695 -0.2383 -0.0570
vn -0.9961 0.0009 -0.0886
vn -0.9611 0.2506 -0.1161
vn -0.8733 0.4682 -0.1349
vn -0.7623 0.6309 -0.1448
vn -0.6529 0.7427 -0.1487
vn -0.5570 0.8170 -0.1493
vn -0.4767 0.8665 -0.1482
vn -0.4106 0.9000 -0.1464
vn -0.3560 0.9233 -0.1444
vn -0.5630 -0.8212 0.0934
vn -0.6133 -0.7848 0.0893
vn -0.6727 -0.7351 0.0838
vn -0.7423 -0.6657 0.0761
vn -0.8208 -0.5674 0.0651
vn -0.9020 -0.4288 0.0497
vn -0.9701 -0.2409 0.0286
vn -1.0000 -0.0095 0.0025
vn -0.9716 0.2354 -0.0250
vn -0.8904 0.4526 -0.0495
vn -0.7831 0.6182 -0.0683
vn -0.6745 0.7337 -0.0814
vn -0.5778 0.8111 -0.0903
vn -0.4958 0.8631 -0.0962
vn -0.4282 0.8981 -0.1002
vn -0.3716 0.9227 -0.1030
vn -0.5676 -0.8124 0.1334
vn -0.6173 -0.7753 0.1339
vn -0.6757 -0.7249 0.1337
vn -0.7434 -0.6556 0.1324
vn -0.8195 -0.5584 0.1289
vn -0.8978 -0.4232 0.1217
vn -0.9642 -0.2420 0.1087
vn -0.9959 -0.0190 0.0882
vn -0.9738 0.2190 0.0618
vn -0.9003 0.4339 0.0333
vn -0.7985 0.6020 0.0071
vn -0.6927 0.7211 -0.0143
vn -0.5963 0.8022 -0.0310
vn -0.5136 0.8569 -0.0437
vn -0.4447 0.8941 -0.0535
vn -0.3871 0.9200 -0.0612
vn -0.5714 -0.8025 0.1718
vn -0.6200 -0.7645 0.1764
vn -0.6768 -0.7136 0.1811
vn -0.7422 -0.6440 0.1854
vn -0.8150 -0.5480 0.1885
vn -0.8896 -0.4161 0.1884
vn -0.9531 -0.2416 0.1824
vn -0.9855 -0.0278 0.1676
vn -0.9689 0.2021 0.1430
vn -0.9037 0.4133 0.1120
vn -0.8088 0.5826 0.0803
vn -0.7070 0.7053 0.0517
vn -0.6122 0.7902 0.0280
vn -0.5297 0.8481 0.0087
vn -0.4601 0.8878 -0.0068
vn -0.4016 0.9156 -0.0192
vn -0.5741 -0.7918 0.2087
vn -0.6215 -0.7528 0.2169
vn -0.6763 -0.7012 0.2257
vn -0.7391 -0.6313 0.2348
vn -0.8082 -0.5364 0.2432
vn -0.8784 -0.4078 0.2492
vn -0.9383 -0.2398 0.2492
vn -0.9703 -0.0357 0.2393
vn -0.9584 0.1853 0.2173
vn -0.9012 0.3916 0.1856
vn -0.8142 0.5609 0.1499
vn -0.7178 0.6866 0.1156
vn -0.6255 0.7755 0.0855
vn -0.5442 0.8368 0.0605
vn -0.4742 0.8795 0.0399
vn -0.4151 0.9095 0.0231
vn -0.5761 -0.7802 0.2435
vn -0.6219 -0.7405 0.2549
vn -0.6746 -0.6881 0.2674
vn -0.7344 -0.6179 0.2807
vn -0.7993 -0.5241 0.2939
vn -0.8650 -0.3988 0.3046
vn -0.9209 -0.2372 0.3094
vn -0.9518 -0.0427 0.3039
vn -0.9437 0.1685 0.2847
vn -0.8942 0.3691 0.2533
vn -0.8153 0.5376 0.2153
vn -0.7251 0.6655 0.1768
vn -0.6363 0.7583 0.1416
vn -0.5567 0.8232 0.1114
vn -0.4871 0.8691 0.0860
vn -0.4278 0.9015 0.0647
vn -0.5771 -0.7683 0.2769
vn -0.6213 -0.7275 0.2910
vn -0.6718 -0.6744 0.3066
vn -0.7284 -0.6040 0.3233
vn -0.7893 -0.5113 0.3400
vn -0.8501 -0.3894 0.3546
vn -0.9018 -0.2341 0.3633
vn -0.9312 -0.0488 0.3613
vn -0.9261 0.1526 0.3451
vn -0.8835 0.3466 0.3151
vn -0.8128 0.5130 0.2760
vn -0.7291 0.6429 0.2346
vn -0.6449 0.7388 0.1955
vn -0.5672 0.8077 0.1609
vn -0.4987 0.8568 0.1313
vn -0.4398 0.8918 0.1060
vn -0.5771 -0.7561 0.3085
vn -0.6199 -0.7142 0.3250
vn -0.6680 -0.6604 0.3431
vn -0.7216 -0.5899 0.3625
vn -0.7783 -0.4984 0.3820
vn -0.8345 -0.3795 0.3995
vn -0.8818 -0.2308 0.4113
vn -0.9095 -0.0543 0.4122
vn -0.9067 0.1376 0.3986
vn -0.8704 0.3246 0.3703
vn -0.8073 0.4881 0.3316
vn -0.7303 0.6191 0.2888
vn -0.6507 0.7181 0.2467
vn -0.5761 0.7903 0.2086
vn -0.5090 0.8428 0.1751
vn -0.4507 0.8806 0.1465
vn -0.4046 -0.8561 -0.3216
vn -0.4204 -0.8632 -0.2795
vn -0.4353 -0.8687 -0.2363
vn -0.4493 -0.8722 -0.1932
vn -0.4622 -0.8741 -0.1493
vn -0.4742 -0.8740 -0.1058
vn -0.4849 -0.8723 -0.0628
vn -0.4946 -0.8689 -0.0202
vn -0.5033 -0.8639 0.0215
vn -0.5108 -0.8574 0.0622
vn -0.5174 -0.8497 0.1015
vn -0.5229 -0.8409 0.1395
vn -0.5275 -0.8310 0.1763
vn -0.5313 -0.8204 0.2114
vn -0.5340 -0.8093 0.2449
vn -0.5363 -0.7973 0.2770
vn 0.3589 -0.9259 -0.1176
vn 0.3234 -0.9372 -0.1308
vn 0.2848 -0.9477 -0.1441
vn 0.2444 -0.9567 -0.1578
vn 0.2010 -0.9644 -0.1718
vn 0.1558 -0.9701 -0.1860
vn 0.1084 -0.9737 -0.2004
vn 0.0590 -0.9749 -0.2148
vn 0.0081 -0.9734 -0.2290
vn -0.0439 -0.9690 -0.2430
vn -0.0967 -0.9617 -0.2566
vn -0.1501 -0.9512 -0.2697
vn -0.2032 -0.9377 -0.2820
vn -0.2556 -0.9212 -0.2935
vn -0.3072 -0.9018 -0.3041
vn -0.3568 -0.8801 -0.3133
vn 0.3480 -0.9339 -0.0815
vn 0.3115 -0.9456 -0.0935
vn 0.2728 -0.9562 -0.1060
vn 0.2317 -0.9655 -0.1190
vn 0.1881 -0.9732 -0.1321
vn 0.1423 -0.9790 -0.1457
vn 0.0944 -0.9827 -0.1595
vn 0.0446 -0.9839 -0.1728
vn -0.0066 -0.9824 -0.1868
vn -0.0590 -0.9779 -0.2005
vn -0.1122 -0.9704 -0.2137
vn -0.1657 -0.9598 -0.2266
vn -0.2190 -0.9460 -0.2390
vn -0.2715 -0.9293 -0.2503
vn -0.3231 -0.9096 -0.2611
vn -0.3726 -0.8876 -0.2707
vn 0.3363 -0.9407 -0.0449
vn 0.2994 -0.9525 -0.0562
vn 0.2604 -0.9631 -0.0678
vn 0.2187 -0.9725 -0.0798
vn 0.1749 -0.9803 -0.0922
vn 0.1285 -0.9861 -0.1049
vn 0.0803 -0.9898 -0.1179
vn 0.0302 -0.9910 -0.1306
vn -0.0213 -0.9893 -0.1441
vn -0.0740 -0.9848 -0.1572
vn -0.1274 -0.9771 -0.1703
vn -0.1810 -0.9663 -0.1829
vn -0.2343 -0.9524 -0.1951
vn -0.2869 -0.9354 -0.2067
vn -0.3382 -0.9156 -0.2176
vn -0.3878 -0.8933 -0.2274
vn 0.3240 -0.9460 -0.0080
vn 0.2865 -0.9579 -0.0181
vn 0.2472 -0.9685 -0.0289
vn 0.2052 -0.9779 -0.0402
vn 0.1609 -0.9856 -0.0516
vn 0.1144 -0.9914 -0.0635
vn 0.0660 -0.9949 -0.0759
vn 0.0156 -0.9960 -0.0883
vn -0.0362 -0.9942 -0.1009
vn -0.0889 -0.9895 -0.1136
vn -0.1423 -0.9817 -0.1262
vn -0.1960 -0.9708 -0.1387
vn -0.2491 -0.9567 -0.1507
vn -0.3017 -0.9395 -0.1623
vn -0.3527 -0.9196 -0.1732
vn -0.4021 -0.8970 -0.1836
vn 0.3111 -0.9499 0.0288
vn 0.2735 -0.9617 0.0194
vn 0.2337 -0.9723 0.0097
vn 0.1914 -0.9815 -0.0005
vn 0.1469 -0.9891 -0.0113
vn 0.1001 -0.9947 -0.0224
vn 0.0515 -0.9981 -0.0338
vn 0.0010 -0.9990 -0.0456
vn -0.0508 -0.9970 -0.0577
vn -0.1036 -0.9922 -0.0699
vn -0.1569 -0.9842 -0.0821
vn -0.2104 -0.9731 -0.0943
vn -0.2634 -0.9588 -0.1062
vn -0.3157 -0.9415 -0.1179
vn -0.3664 -0.9215 -0.1290
vn -0.4154 -0.8989 -0.1395
vn 0.2978 -0.9524 0.0656
vn 0.2600 -0.9639 0.0572
vn 0.2198 -0.9744 0.0483
vn 0.1774 -0.9834 0.0389
vn 0.1326 -0.9907 0.0291
vn 0.0856 -0.9962 0.0187
vn 0.0370 -0.9993 0.0080
vn -0.0135 -0.9999 -0.0031
vn -0.0652 -0.9978 -0.0145
vn -0.1179 -0.9927 -0.0262
vn -0.1711 -0.9845 -0.0381
vn -0.2243 -0.9732 -0.0500
vn -0.2770 -0.9589 -0.0619
vn -0.3288 -0.9415 -0.0735
vn -0.3792 -0.9214 -0.0847
vn -0.4278 -0.8988 -0.0956
vn 0.2843 -0.9533 0.1019
vn 0.2461 -0.9646 0.0945
vn 0.2057 -0.9748 0.0865
vn 0.1631 -0.9835 0.0780
vn 0.1182 -0.9906 0.0690
vn 0.0712 -0.9957 0.0594
vn 0.0225 -0.9985 0.0495
vn -0.0278 -0.9988 0.0391
vn -0.0794 -0.9964 0.0282
vn -0.1318 -0.9911 0.0169
vn -0.1847 -0.9828 0.0054
vn -0.2375 -0.9714 -0.0062
vn -0.2898 -0.9569 -0.0178
vn -0.3412 -0.9395 -0.0295
vn -0.3911 -0.9194 -0.0409
vn -0.4391 -0.8969 -0.0520
vn 0.2702 -0.9529 0.1380
vn 0.2320 -0.9638 0.1314
vn 0.1914 -0.9736 0.1243
vn 0.1487 -0.9820 0.1166
vn 0.1038 -0.9887 0.1084
vn 0.0568 -0.9934 0.0996
vn 0.0082 -0.9959 0.0903
vn -0.0419 -0.9959 0.0804
vn -0.0932 -0.9932 0.0701
vn -0.1452 -0.9876 0.0594
vn -0.1978 -0.9791 0.0482
vn -0.2501 -0.9675 0.0368
vn -0.3018 -0.9530 0.0254
vn -0.3526 -0.9357 0.0139
vn -0.4020 -0.9156 0.0022
vn -0.4494 -0.8933 -0.0091
vn 0.2561 -0.9510 0.1732
vn 0.2178 -0.9615 0.1676
vn 0.1770 -0.9709 0.1613
vn 0.1343 -0.9788 0.1544
vn 0.0893 -0.9851 0.1471
vn 0.0425 -0.9894 0.1390
vn -0.0058 -0.9915 0.1303
vn -0.0557 -0.9911 0.1210
vn -0.1066 -0.9881 0.1111
vn -0.1582 -0.9822 0.1009
vn -0.2101 -0.9735 0.0902
vn -0.2619 -0.9619 0.0790
vn -0.3131 -0.9473 0.0676
vn -0.3632 -0.9300 0.0561
vn -0.4119 -0.9101 0.0445
vn -0.4587 -0.8880 0.0329
vn 0.2418 -0.9478 0.2079
vn 0.2033 -0.9578 0.2031
vn 0.1626 -0.9667 0.1976
vn 0.1198 -0.9741 0.1915
vn 0.0750 -0.9799 0.1847
vn 0.0285 -0.9837 0.1773
vn -0.0195 -0.9854 0.1693
vn -0.0690 -0.9846 0.1605
vn -0.1195 -0.9812 0.1513
vn -0.1706 -0.9752 0.1413
vn -0.2218 -0.9663 0.1309
vn -0.2730 -0.9545 0.1200
vn -0.3235 -0.9399 0.1089
vn -0.3729 -0.9228 0.0973
vn -0.4208 -0.9031 0.0856
vn -0.4670 -0.8812 0.0738
vn 0.2276 -0.9433 0.2417
vn 0.1889 -0.9529 0.2375
vn 0.1482 -0.9612 0.2328
vn 0.1057 -0.9680 0.2274
vn 0.0610 -0.9733 0.2213
vn 0.0148 -0.9766 0.2145
vn -0.0329 -0.9778 0.2070
vn -0.0820 -0.9766 0.1988
vn -0.1319 -0.9729 0.1899
vn -0.1823 -0.9665 0.1805
vn -0.2330 -0.9574 0.1705
vn -0.2834 -0.9456 0.1598
vn -0.3331 -0.9311 0.1487
vn -0.3816 -0.9141 0.1373
vn -0.4289 -0.8946 0.1255
vn -0.4743 -0.8730 0.1135
vn 0.2133 -0.9376 0.2746
vn 0.1745 -0.9466 0.2711
vn 0.1340 -0.9544 0.2669
vn 0.0916 -0.9606 0.2623
vn 0.0472 -0.9653 0.2567
vn 0.0014 -0.9681 0.2505
vn -0.0459 -0.9688 0.2435
vn -0.0944 -0.9672 0.2358
vn -0.1437 -0.9632 0.2274
vn -0.1934 -0.9566 0.2182
vn -0.2433 -0.9473 0.2084
vn -0.2929 -0.9354 0.1981
vn -0.3418 -0.9210 0.1871
vn -0.3896 -0.9041 0.1757
vn -0.4359 -0.8849 0.1639
vn -0.4805 -0.8638 0.1518
vn 0.1989 -0.9309 0.3063
vn 0.1603 -0.9392 0.3035
vn 0.1199 -0.9464 0.3000
vn 0.0778 -0.9521 0.2957
vn 0.0338 -0.9562 0.2907
vn -0.0117 -0.9584 0.2850
vn -0.0585 -0.9586 0.2786
vn -0.1063 -0.9566 0.2713
vn -0.1549 -0.9522 0.2633
vn -0.2039 -0.9453 0.2545
vn -0.2530 -0.9359 0.2450
vn -0.3017 -0.9241 0.2347
vn -0.3497 -0.9097 0.2239
vn -0.3967 -0.8930 0.2126
vn -0.4421 -0.8742 0.2008
vn -0.4858 -0.8535 0.1887
vn 0.1847 -0.9232 0.3370
vn 0.1464 -0.9309 0.3346
vn 0.1061 -0.9374 0.3316
vn 0.0642 -0.9425 0.3280
vn 0.0206 -0.9459 0.3237
vn -0.0244 -0.9477 0.3184
vn -0.0706 -0.9474 0.3122
vn -0.1177 -0.9450 0.3052
vn -0.1655 -0.9402 0.2976
vn -0.2137 -0.9331 0.2891
vn -0.2619 -0.9236 0.2799
vn -0.3098 -0.9117 0.2700
vn -0.3569 -0.8974 0.2593
vn -0.4029 -0.8810 0.2480
vn -0.4475 -0.8626 0.2361
vn -0.4903 -0.8423 0.2239
vn 0.1707 -0.9146 0.3665
vn 0.1323 -0.9217 0.3647
vn 0.0925 -0.9275 0.3621
vn 0.0509 -0.9320 0.3589
vn 0.0078 -0.9349 0.3549
vn -0.0366 -0.9360 0.3500
vn -0.0821 -0.9352 0.3444
vn -0.1285 -0.9324 0.3378
vn -0.1756 -0.9274 0.3303
vn -0.2228 -0.9201 0.3221
vn -0.2703 -0.9104 0.3132
vn -0.3170 -0.8986 0.3034
vn -0.3631 -0.8846 0.2927
vn -0.4083 -0.8683 0.2816
vn -0.4521 -0.8502 0.2699
vn -0.4940 -0.8304 0.2576
vn 0.1568 -0.9054 0.3946
vn 0.1190 -0.9116 0.3934
vn 0.0792 -0.9168 0.3913
vn 0.0380 -0.9207 0.3885
vn -0.0045 -0.9230 0.3847
vn -0.0483 -0.9237 0.3800
vn -0.0932 -0.9224 0.3747
vn -0.1388 -0.9192 0.3686
vn -0.1851 -0.9138 0.3615
vn -0.2314 -0.9064 0.3535
vn -0.2778 -0.8967 0.3447
vn -0.3236 -0.8849 0.3351
vn -0.3689 -0.8709 0.3248
vn -0.4132 -0.8549 0.3137
vn -0.4558 -0.8373 0.3019
vn -0.4969 -0.8181 0.2896
vn 0.1431 -0.8954 0.4216
vn 0.1055 -0.9011 0.4206
vn 0.0662 -0.9056 0.4189
vn 0.0256 -0.9088 0.4164
vn -0.0164 -0.9105 0.4131
vn -0.0596 -0.9106 0.4090
vn -0.1038 -0.9089 0.4038
vn -0.1486 -0.9054 0.3978
vn -0.1939 -0.8998 0.3909
vn -0.2394 -0.8921 0.3833
vn -0.2847 -0.8824 0.3747
vn -0.3297 -0.8706 0.3651
vn -0.3739 -0.8568 0.3550
vn -0.4172 -0.8412 0.3441
vn -0.4588 -0.8241 0.3323
vn -0.4992 -0.8052 0.3201
vn -0.3328 -0.3435 -0.8782
vn -0.7468 -0.5362 0.3935
vn 0.1429 -0.9000 0.4118
vn 0.0698 0.9855 -0.1546
vn -0.1969 -0.8196 -0.5380
vn -0.5369 -0.4008 -0.7423
vt 0.625000 0.500000
vt 0.875000 0.500000
vt 0.875000 0.750000
vt 0.625000 0.750000
vt 0.375000 0.750000
vt 0.625000 1.000000
vt 0.375000 1.000000
vt 0.375000 0.000000
vt 0.625000 0.000000
vt 0.625000 0.250000
vt 0.375000 0.250000
vt 0.125000 0.500000
vt 0.375000 0.500000
vt 0.125000 0.750000
vt 0.610294 0.235294
vt 0.625000 0.235294
vt 0.610294 0.250000
vt 0.610294 0.485294
vt 0.625000 0.485294
vt 0.610294 0.500000
vt 0.610294 0.735294
vt 0.625000 0.735294
vt 0.610294 0.750000
vt 0.610294 0.985294
vt 0.625000 0.985294
vt 0.610294 1.000000
vt 0.360294 0.735294
vt 0.375000 0.735294
vt 0.360294 0.750000
vt 0.860294 0.735294
vt 0.875000 0.735294
vt 0.860294 0.750000
vt 0.639706 0.735294
vt 0.639706 0.750000
vt 0.654412 0.735294
vt 0.654412 0.750000
vt 0.669118 0.735294
vt 0.669118 0.750000
vt 0.683823 0.735294
vt 0.683824 0.750000
vt 0.698529 0.735294
vt 0.698529 0.750000
vt 0.713235 0.735294
vt 0.713235 0.750000
vt 0.727941 0.735294
vt 0.727941 0.750000
vt 0.742647 0.735294
vt 0.742647 0.750000
vt 0.757353 0.735294
vt 0.757353 0.750000
vt 0.772059 0.735294
vt 0.772059 0.750000
vt 0.786765 0.735294
vt 0.786765 0.750000
vt 0.801471 0.735294
vt 0.801471 0.750000
vt 0.816176 0.735294
vt 0.816176 0.750000
vt 0.830882 0.735294
vt 0.830882 0.750000
vt 0.845588 0.735294
vt 0.845588 0.750000
vt 0.639706 0.500000
vt 0.639706 0.514706
vt 0.625000 0.514706
vt 0.639706 0.529412
vt 0.625000 0.529412
vt 0.639706 0.544118
vt 0.625000 0.544118
vt 0.639706 0.558824
vt 0.625000 0.558824
vt 0.639706 0.573529
vt 0.625000 0.573529
vt 0.639706 0.588235
vt 0.625000 0.588235
vt 0.639706 0.602941
vt 0.625000 0.602941
vt 0.639706 0.617647
vt 0.625000 0.617647
vt 0.639706 0.632353
vt 0.625000 0.632353
vt 0.639706 0.647059
vt 0.625000 0.647059
vt 0.639706 0.661765
vt 0.625000 0.661765
vt 0.639706 0.676471
vt 0.625000 0.676471
vt 0.639706 0.691177
vt 0.625000 0.691177
vt 0.639706 0.705882
vt 0.625000 0.705882
vt 0.639706 0.720588
vt 0.625000 0.720588
vt 0.654412 0.500000
vt 0.654412 0.514706
vt 0.654412 0.529412
vt 0.654412 0.544118
vt 0.654412 0.558824
vt 0.654412 0.573529
vt 0.654412 0.588235
vt 0.654412 0.602941
vt 0.654412 0.617647
vt 0.654412 0.632353
vt 0.654412 0.647059
vt 0.654412 0.661765
vt 0.654412 0.676471
vt 0.654412 0.691177
vt 0.654412 0.705882
vt 0.654412 0.720588
vt 0.669118 0.500000
vt 0.669118 0.514706
vt 0.669118 0.529412
vt 0.669118 0.544118
vt 0.669118 0.558824
vt 0.669118 0.573529
vt 0.669118 0.588235
vt 0.669118 0.602941
vt 0.669118 0.617647
vt 0.669118 0.632353
vt 0.669118 0.647059
vt 0.669118 0.661765
vt 0.669118 0.676471
vt 0.669118 0.691177
vt 0.669118 0.705882
vt 0.669118 0.720588
vt 0.683824 0.500000
vt 0.683824 0.514706
vt 0.683824 0.529412
vt 0.683824 0.544118
vt 0.683823 0.558824
vt 0.683823 0.573529
vt 0.683824 0.588235
vt 0.683824 0.602941
vt 0.683823 0.617647
vt 0.683823 0.632353
vt 0.683823 0.647059
vt 0.683824 0.661765
vt 0.683824 0.676471
vt 0.683824 0.691177
vt 0.683824 0.705882
vt 0.683823 0.720588
vt 0.698529 0.500000
vt 0.698529 0.514706
vt 0.698529 0.529412
vt 0.698529 0.544118
vt 0.698529 0.558824
vt 0.698529 0.573529
vt 0.698529 0.588235
vt 0.698529 0.602941
vt 0.698529 0.617647
vt 0.698529 0.632353
vt 0.698529 0.647059
vt 0.698529 0.661765
vt 0.698529 0.676471
vt 0.698529 0.691177
vt 0.698529 0.705882
vt 0.698529 0.720588
vt 0.713235 0.500000
vt 0.713235 0.514706
vt 0.713235 0.529412
vt 0.713235 0.544118
vt 0.713235 0.558824
vt 0.713235 0.573529
vt 0.713235 0.588235
vt 0.713235 0.602941
vt 0.713235 0.617647
vt 0.713235 0.632353
vt 0.713235 0.647059
vt 0.713235 0.661765
vt 0.713235 0.676471
vt 0.713235 0.691177
vt 0.713235 0.705882
vt 0.713235 0.720588
vt 0.727941 0.500000
vt 0.727941 0.514706
vt 0.727941 0.529412
vt 0.727941 0.544118
vt 0.727941 0.558824
vt 0.727941 0.573529
vt 0.727941 0.588235
vt 0.727941 0.602941
vt 0.727941 0.617647
vt 0.727941 0.632353
vt 0.727941 0.647059
vt 0.727941 0.661765
vt 0.727941 0.676471
vt 0.727941 0.691176
vt 0.727941 0.705882
vt 0.727941 0.720588
vt 0.742647 0.500000
vt 0.742647 0.514706
vt 0.742647 0.529412
vt 0.742647 0.544118
vt 0.742647 0.558824
vt 0.742647 0.573529
vt 0.742647 0.588235
vt 0.742647 0.602941
vt 0.742647 0.617647
vt 0.742647 0.632353
vt 0.742647 0.647059
vt 0.742647 0.661765
vt 0.742647 0.676471
vt 0.742647 0.691176
vt 0.742647 0.705882
vt 0.742647 0.720588
vt 0.757353 0.500000
vt 0.757353 0.514706
vt 0.757353 0.529412
vt 0.757353 0.544118
vt 0.757353 0.558824
vt 0.757353 0.573529
vt 0.757353 0.588235
vt 0.757353 0.602941
vt 0.757353 0.617647
vt 0.757353 0.632353
vt 0.757353 0.647059
vt 0.757353 0.661765
vt 0.757353 0.676471
vt 0.757353 0.691176
vt 0.757353 0.705882
vt 0.757353 0.720588
vt 0.772059 0.500000
vt 0.772059 0.514706
vt 0.772059 0.529412
vt 0.772059 0.544118
vt 0.772059 0.558824
vt 0.772059 0.573529
vt 0.772059 0.588235
vt 0.772059 0.602941
vt 0.772059 0.617647
vt 0.772059 0.632353
vt 0.772059 0.647059
vt 0.772059 0.661765
vt 0.772059 0.676471
vt 0.772059 0.691176
vt 0.772059 0.705882
vt 0.772059 0.720588
vt 0.786765 0.500000
vt 0.786765 0.514706
vt 0.786765 0.529412
vt 0.786765 0.544118
vt 0.786765 0.558824
vt 0.786765 0.573529
vt 0.786765 0.588235
vt 0.786765 0.602941
vt 0.786765 0.617647
vt 0.786765 0.632353
vt 0.786765 0.647059
vt 0.786765 0.661765
vt 0.786765 0.676471
vt 0.786765 0.691176
vt 0.786765 0.705882
vt 0.786765 0.720588
vt 0.801471 0.500000
vt 0.801471 0.514706
vt 0.801471 0.529412
vt 0.801471 0.544118
vt 0.801471 0.558824
vt 0.801471 0.573529
vt 0.801471 0.588235
vt 0.801471 0.602941
vt 0.801470 0.617647
vt 0.801470 0.632353
vt 0.801471 0.647059
vt 0.801471 0.661765
vt 0.801471 0.676471
vt 0.801471 0.691176
vt 0.801471 0.705882
vt 0.801471 0.720588
vt 0.816176 0.500000
vt 0.816177 0.514706
vt 0.816177 0.529412
vt 0.816177 0.544118
vt 0.816177 0.558824
vt 0.816177 0.573529
vt 0.816177 0.588235
vt 0.816177 0.602941
vt 0.816177 0.617647
vt 0.816177 0.632353
vt 0.816177 0.647059
vt 0.816177 0.661765
vt 0.816177 0.676471
vt 0.816177 0.691177
vt 0.816177 0.705882
vt 0.816176 0.720588
vt 0.830882 0.500000
vt 0.830882 0.514706
vt 0.830882 0.529412
vt 0.830882 0.544118
vt 0.830882 0.558824
vt 0.830882 0.573529
vt 0.830882 0.588235
vt 0.830882 0.602941
vt 0.830882 0.617647
vt 0.830882 0.632353
vt 0.830882 0.647059
vt 0.830882 0.661765
vt 0.830882 0.676471
vt 0.830882 0.691177
vt 0.830882 0.705882
vt 0.830882 0.720588
vt 0.845588 0.500000
vt 0.845588 0.514706
vt 0.845588 0.529412
vt 0.845588 0.544118
vt 0.845588 0.558824
vt 0.845588 0.573529
vt 0.845588 0.588235
vt 0.845588 0.602941
vt 0.845588 0.617647
vt 0.845588 0.632353
vt 0.845588 0.647059
vt 0.845588 0.661765
vt 0.845588 0.676471
vt 0.845588 0.691177
vt 0.845588 0.705882
vt 0.845588 0.720588
vt 0.860294 0.500000
vt 0.860294 0.514706
vt 0.860294 0.529412
vt 0.860294 0.544118
vt 0.860294 0.558824
vt 0.860294 0.573529
vt 0.860294 0.588235
vt 0.860294 0.602941
vt 0.860294 0.617647
vt 0.860294 0.632353
vt 0.860294 0.647059
vt 0.860294 0.661765
vt 0.860294 0.676471
vt 0.860294 0.691177
vt 0.860294 0.705882
vt 0.860294 0.720588
vt 0.875000 0.514706
vt 0.875000 0.529412
vt 0.875000 0.544118
vt 0.875000 0.558824
vt 0.875000 0.573530
vt 0.875000 0.588235
vt 0.875000 0.602941
vt 0.875000 0.617647
vt 0.875000 0.632353
vt 0.875000 0.647059
vt 0.875000 0.661765
vt 0.875000 0.676471
vt 0.875000 0.691177
vt 0.875000 0.705882
vt 0.875000 0.720588
vt 0.125000 0.735294
vt 0.139706 0.735294
vt 0.139706 0.750000
vt 0.154412 0.735294
vt 0.154412 0.750000
vt 0.169118 0.735294
vt 0.169118 0.750000
vt 0.183824 0.735294
vt 0.183824 0.750000
vt 0.198529 0.735294
vt 0.198529 0.750000
vt 0.213235 0.735294
vt 0.213235 0.750000
vt 0.227941 0.735294
vt 0.227941 0.750000
vt 0.242647 0.735294
vt 0.242647 0.750000
vt 0.257353 0.735294
vt 0.257353 0.750000
vt 0.272059 0.735294
vt 0.272059 0.750000
vt 0.286765 0.735294
vt 0.286765 0.750000
vt 0.301471 0.735294
vt 0.301471 0.750000
vt 0.316176 0.735294
vt 0.316176 0.750000
vt 0.330882 0.735294
vt 0.330882 0.750000
vt 0.345588 0.735294
vt 0.345588 0.750000
vt 0.139706 0.500000
vt 0.139706 0.514706
vt 0.125000 0.514706
vt 0.139706 0.529412
vt 0.125000 0.529412
vt 0.139706 0.544118
vt 0.125000 0.544118
vt 0.139706 0.558824
vt 0.125000 0.558824
vt 0.139706 0.573529
vt 0.125000 0.573529
vt 0.139706 0.588235
vt 0.125000 0.588235
vt 0.139706 0.602941
vt 0.125000 0.602941
vt 0.139706 0.617647
vt 0.125000 0.617647
vt 0.139706 0.632353
vt 0.125000 0.632353
vt 0.139706 0.647059
vt 0.125000 0.647059
vt 0.139706 0.661765
vt 0.125000 0.661765
vt 0.139706 0.676471
vt 0.125000 0.676471
vt 0.139706 0.691177
vt 0.125000 0.691177
vt 0.139706 0.705882
vt 0.125000 0.705882
vt 0.139706 0.720588
vt 0.125000 0.720588
vt 0.154412 0.500000
vt 0.154412 0.514706
vt 0.154412 0.529412
vt 0.154412 0.544118
vt 0.154412 0.558824
vt 0.154412 0.573529
vt 0.154412 0.588235
vt 0.154412 0.602941
vt 0.154412 0.617647
vt 0.154412 0.632353
vt 0.154412 0.647059
vt 0.154412 0.661765
vt 0.154412 0.676471
vt 0.154412 0.691177
vt 0.154412 0.705882
vt 0.154412 0.720588
vt 0.169118 0.500000
vt 0.169118 0.514706
vt 0.169118 0.529412
vt 0.169118 0.544118
vt 0.169118 0.558824
vt 0.169118 0.573529
vt 0.169118 0.588235
vt 0.169118 0.602941
vt 0.169118 0.617647
vt 0.169118 0.632353
vt 0.169118 0.647059
vt 0.169118 0.661765
vt 0.169118 0.676471
vt 0.169118 0.691177
vt 0.169118 0.705882
vt 0.169118 0.720588
vt 0.183824 0.500000
vt 0.183824 0.514706
vt 0.183824 0.529412
vt 0.183824 0.544118
vt 0.183824 0.558824
vt 0.183824 0.573529
vt 0.183824 0.588235
vt 0.183824 0.602941
vt 0.183824 0.617647
vt 0.183824 0.632353
vt 0.183824 0.647059
vt 0.183824 0.661765
vt 0.183824 0.676471
vt 0.183824 0.691177
vt 0.183824 0.705882
vt 0.183824 0.720588
vt 0.198529 0.500000
vt 0.198529 0.514706
vt 0.198529 0.529412
vt 0.198529 0.544118
vt 0.198529 0.558824
vt 0.198529 0.573529
vt 0.198529 0.588235
vt 0.198529 0.602941
vt 0.198529 0.617647
vt 0.198529 0.632353
vt 0.198529 0.647059
vt 0.198529 0.661765
vt 0.198529 0.676471
vt 0.198529 0.691177
vt 0.198529 0.705882
vt 0.198529 0.720588
vt 0.213235 0.500000
vt 0.213235 0.514706
vt 0.213235 0.529412
vt 0.213235 0.544118
vt 0.213235 0.558824
vt 0.213235 0.573529
vt 0.213235 0.588235
vt 0.213235 0.602941
vt 0.213235 0.617647
vt 0.213235 0.632353
vt 0.213235 0.647059
vt 0.213235 0.661765
vt 0.213235 0.676471
vt 0.213235 0.691177
vt 0.213235 0.705882
vt 0.213235 0.720588
vt 0.227941 0.500000
vt 0.227941 0.514706
vt 0.227941 0.529412
vt 0.227941 0.544118
vt 0.227941 0.558824
vt 0.227941 0.573529
vt 0.227941 0.588235
vt 0.227941 0.602941
vt 0.227941 0.617647
vt 0.227941 0.632353
vt 0.227941 0.647059
vt 0.227941 0.661765
vt 0.227941 0.676471
vt 0.227941 0.691176
vt 0.227941 0.705882
vt 0.227941 0.720588
vt 0.242647 0.500000
vt 0.242647 0.514706
vt 0.242647 0.529412
vt 0.242647 0.544118
vt 0.242647 0.558824
vt 0.242647 0.573529
vt 0.242647 0.588235
vt 0.242647 0.602941
vt 0.242647 0.617647
vt 0.242647 0.632353
vt 0.242647 0.647059
vt 0.242647 0.661765
vt 0.242647 0.676471
vt 0.242647 0.691176
vt 0.242647 0.705882
vt 0.242647 0.720588
vt 0.257353 0.500000
vt 0.257353 0.514706
vt 0.257353 0.529412
vt 0.257353 0.544118
vt 0.257353 0.558824
vt 0.257353 0.573529
vt 0.257353 0.588235
vt 0.257353 0.602941
vt 0.257353 0.617647
vt 0.257353 0.632353
vt 0.257353 0.647059
vt 0.257353 0.661765
vt 0.257353 0.676471
vt 0.257353 0.691176
vt 0.257353 0.705882
vt 0.257353 0.720588
vt 0.272059 0.500000
vt 0.272059 0.514706
vt 0.272059 0.529412
vt 0.272059 0.544118
vt 0.272059 0.558824
vt 0.272059 0.573529
vt 0.272059 0.588235
vt 0.272059 0.602941
vt 0.272059 0.617647
vt 0.272059 0.632353
vt 0.272059 0.647059
vt 0.272059 0.661765
vt 0.272059 0.676471
vt 0.272059 0.691176
vt 0.272059 0.705882
vt 0.272059 0.720588
vt 0.286765 0.500000
vt 0.286765 0.514706
vt 0.286765 0.529412
vt 0.286765 0.544118
vt 0.286765 0.558824
vt 0.286765 0.573529
vt 0.286765 0.588235
vt 0.286765 0.602941
vt 0.286765 0.617647
vt 0.286765 0.632353
vt 0.286765 0.647059
vt 0.286765 0.661765
vt 0.286765 0.676471
vt 0.286765 0.691176
vt 0.286765 0.705882
vt 0.286765 0.720588
vt 0.301471 0.500000
vt 0.301471 0.514706
vt 0.301471 0.529412
vt 0.301471 0.544118
vt 0.301471 0.558824
vt 0.301471 0.573529
vt 0.301471 0.588235
vt 0.301471 0.602941
vt 0.301471 0.617647
vt 0.301471 0.632353
vt 0.301471 0.647059
vt 0.301471 0.661765
vt 0.301471 0.676471
vt 0.301471 0.691176
vt 0.301471 0.705882
vt 0.301471 0.720588
vt 0.316176 0.500000
vt 0.316176 0.514706
vt 0.316176 0.529412
vt 0.316176 0.544118
vt 0.316176 0.558824
vt 0.316176 0.573529
vt 0.316176 0.588235
vt 0.316176 0.602941
vt 0.316176 0.617647
vt 0.316176 0.632353
vt 0.316176 0.647059
vt 0.316176 0.661765
vt 0.316176 0.676471
vt 0.316176 0.691177
vt 0.316176 0.705882
vt 0.316176 0.720588
vt 0.330882 0.500000
vt 0.330882 0.514706
vt 0.330882 0.529412
vt 0.330882 0.544118
vt 0.330882 0.558824
vt 0.330882 0.573529
vt 0.330882 0.588235
vt 0.330882 0.602941
vt 0.330882 0.617647
vt 0.330882 0.632353
vt 0.330882 0.647059
vt 0.330882 0.661765
vt 0.330882 0.676471
vt 0.330882 0.691177
vt 0.330882 0.705882
vt 0.330882 0.720588
vt 0.345588 0.500000
vt 0.345588 0.514706
vt 0.345588 0.529412
vt 0.345588 0.544118
vt 0.345588 0.558824
vt 0.345588 0.573529
vt 0.345588 0.588235
vt 0.345588 0.602941
vt 0.345588 0.617647
vt 0.345588 0.632353
vt 0.345588 0.647059
vt 0.345588 0.661765
vt 0.345588 0.676471
vt 0.345588 0.691177
vt 0.345588 0.705882
vt 0.345588 0.720588
vt 0.360294 0.500000
vt 0.360294 0.514706
vt 0.360294 0.529412
vt 0.360294 0.544118
vt 0.360294 0.558824
vt 0.360294 0.573529
vt 0.360294 0.588235
vt 0.360294 0.602941
vt 0.360294 0.617647
vt 0.360294 0.632353
vt 0.360294 0.647059
vt 0.360294 0.661765
vt 0.360294 0.676471
vt 0.360294 0.691177
vt 0.360294 0.705882
vt 0.360294 0.720588
vt 0.375000 0.514706
vt 0.375000 0.529412
vt 0.375000 0.544118
vt 0.375000 0.558824
vt 0.375000 0.573530
vt 0.375000 0.588235
vt 0.375000 0.602941
vt 0.375000 0.617647
vt 0.375000 0.632353
vt 0.375000 0.647059
vt 0.375000 0.661765
vt 0.375000 0.676471
vt 0.375000 0.691177
vt 0.375000 0.705882
vt 0.375000 0.720588
vt 0.375000 0.985294
vt 0.389706 0.985294
vt 0.389706 1.000000
vt 0.404412 0.985294
vt 0.404412 1.000000
vt 0.419118 0.985294
vt 0.419118 1.000000
vt 0.433824 0.985294
vt 0.433824 1.000000
vt 0.448529 0.985294
vt 0.448529 1.000000
vt 0.463235 0.985294
vt 0.463235 1.000000
vt 0.477941 0.985294
vt 0.477941 1.000000
vt 0.492647 0.985294
vt 0.492647 1.000000
vt 0.507353 0.985294
vt 0.507353 1.000000
vt 0.522059 0.985294
vt 0.522059 1.000000
vt 0.536765 0.985294
vt 0.536765 1.000000
vt 0.551471 0.985294
vt 0.551471 1.000000
vt 0.566177 0.985294
vt 0.566177 1.000000
vt 0.580882 0.985294
vt 0.580882 1.000000
vt 0.595588 0.985294
vt 0.595588 1.000000
vt 0.389706 0.750000
vt 0.389706 0.764706
vt 0.375000 0.764706
vt 0.389706 0.779412
vt 0.375000 0.779412
vt 0.389706 0.794118
vt 0.375000 0.794118
vt 0.389706 0.808824
vt 0.375000 0.808823
vt 0.389706 0.823529
vt 0.375000 0.823529
vt 0.389706 0.838235
vt 0.375000 0.838235
vt 0.389706 0.852941
vt 0.375000 0.852941
vt 0.389706 0.867647
vt 0.375000 0.867647
vt 0.389706 0.882353
vt 0.375000 0.882353
vt 0.389706 0.897059
vt 0.375000 0.897059
vt 0.389706 0.911765
vt 0.375000 0.911765
vt 0.389706 0.926471
vt 0.375000 0.926471
vt 0.389706 0.941177
vt 0.375000 0.941176
vt 0.389706 0.955882
vt 0.375000 0.955882
vt 0.389706 0.970588
vt 0.375000 0.970588
vt 0.404412 0.750000
vt 0.404412 0.764706
vt 0.404412 0.779412
vt 0.404412 0.794118
vt 0.404412 0.808824
vt 0.404412 0.823529
vt 0.404412 0.838235
vt 0.404412 0.852941
vt 0.404412 0.867647
vt 0.404412 0.882353
vt 0.404412 0.897059
vt 0.404412 0.911765
vt 0.404412 0.926471
vt 0.404412 0.941177
vt 0.404412 0.955882
vt 0.404412 0.970588
vt 0.419118 0.750000
vt 0.419118 0.764706
vt 0.419118 0.779412
vt 0.419118 0.794118
vt 0.419118 0.808824
vt 0.419118 0.823529
vt 0.419118 0.838235
vt 0.419118 0.852941
vt 0.419118 0.867647
vt 0.419118 0.882353
vt 0.419118 0.897059
vt 0.419118 0.911765
vt 0.419118 0.926471
vt 0.419118 0.941177
vt 0.419118 0.955882
vt 0.419118 0.970588
vt 0.433824 0.750000
vt 0.433824 0.764706
vt 0.433824 0.779412
vt 0.433824 0.794118
vt 0.433824 0.808824
vt 0.433824 0.823529
vt 0.433824 0.838235
vt 0.433824 0.852941
vt 0.433823 0.867647
vt 0.433823 0.882353
vt 0.433823 0.897059
vt 0.433823 0.911765
vt 0.433823 0.926471
vt 0.433824 0.941177
vt 0.433824 0.955882
vt 0.433823 0.970588
vt 0.448529 0.750000
vt 0.448529 0.764706
vt 0.448529 0.779412
vt 0.448529 0.794118
vt 0.448529 0.808824
vt 0.448529 0.823529
vt 0.448529 0.838235
vt 0.448529 0.852941
vt 0.448529 0.867647
vt 0.448529 0.882353
vt 0.448529 0.897059
vt 0.448529 0.911765
vt 0.448529 0.926471
vt 0.448529 0.941177
vt 0.448529 0.955882
vt 0.448529 0.970588
vt 0.463235 0.750000
vt 0.463235 0.764706
vt 0.463235 0.779412
vt 0.463235 0.794118
vt 0.463235 0.808824
vt 0.463235 0.823529
vt 0.463235 0.838235
vt 0.463235 0.852941
vt 0.463235 0.867647
vt 0.463235 0.882353
vt 0.463235 0.897059
vt 0.463235 0.911765
vt 0.463235 0.926471
vt 0.463235 0.941177
vt 0.463235 0.955882
vt 0.463235 0.970588
vt 0.477941 0.750000
vt 0.477941 0.764706
vt 0.477941 0.779412
vt 0.477941 0.794118
vt 0.477941 0.808824
vt 0.477941 0.823529
vt 0.477941 0.838235
vt 0.477941 0.852941
vt 0.477941 0.867647
vt 0.477941 0.882353
vt 0.477941 0.897059
vt 0.477941 0.911765
vt 0.477941 0.926471
vt 0.477941 0.941177
vt 0.477941 0.955882
vt 0.477941 0.970588
vt 0.492647 0.750000
vt 0.492647 0.764706
vt 0.492647 0.779412
vt 0.492647 0.794118
vt 0.492647 0.808824
vt 0.492647 0.823529
vt 0.492647 0.838235
vt 0.492647 0.852941
vt 0.492647 0.867647
vt 0.492647 0.882353
vt 0.492647 0.897059
vt 0.492647 0.911765
vt 0.492647 0.926471
vt 0.492647 0.941177
vt 0.492647 0.955882
vt 0.492647 0.970588
vt 0.507353 0.750000
vt 0.507353 0.764706
vt 0.507353 0.779412
vt 0.507353 0.794118
vt 0.507353 0.808824
vt 0.507353 0.823529
vt 0.507353 0.838235
vt 0.507353 0.852941
vt 0.507353 0.867647
vt 0.507353 0.882353
vt 0.507353 0.897059
vt 0.507353 0.911765
vt 0.507353 0.926471
vt 0.507353 0.941177
vt 0.507353 0.955882
vt 0.507353 0.970588
vt 0.522059 0.750000
vt 0.522059 0.764706
vt 0.522059 0.779412
vt 0.522059 0.794118
vt 0.522059 0.808824
vt 0.522059 0.823529
vt 0.522059 0.838235
vt 0.522059 0.852941
vt 0.522059 0.867647
vt 0.522059 0.882353
vt 0.522059 0.897059
vt 0.522059 0.911765
vt 0.522059 0.926471
vt 0.522059 0.941177
vt 0.522059 0.955882
vt 0.522059 0.970588
vt 0.536765 0.750000
vt 0.536765 0.764706
vt 0.536765 0.779412
vt 0.536765 0.794118
vt 0.536765 0.808824
vt 0.536765 0.823529
vt 0.536765 0.838235
vt 0.536765 0.852941
vt 0.536765 0.867647
vt 0.536765 0.882353
vt 0.536765 0.897059
vt 0.536765 0.911765
vt 0.536765 0.926471
vt 0.536765 0.941177
vt 0.536765 0.955882
vt 0.536765 0.970588
vt 0.551471 0.750000
vt 0.551471 0.764706
vt 0.551471 0.779412
vt 0.551471 0.794118
vt 0.551471 0.808824
vt 0.551471 0.823529
vt 0.551471 0.838235
vt 0.551471 0.852941
vt 0.551471 0.867647
vt 0.551471 0.882353
vt 0.551471 0.897059
vt 0.551471 0.911765
vt 0.551471 0.926471
vt 0.551471 0.941177
vt 0.551471 0.955882
vt 0.551471 0.970588
vt 0.566176 0.750000
vt 0.566176 0.764706
vt 0.566176 0.779412
vt 0.566176 0.794118
vt 0.566176 0.808824
vt 0.566176 0.823529
vt 0.566176 0.838235
vt 0.566176 0.852941
vt 0.566176 0.867647
vt 0.566176 0.882353
vt 0.566176 0.897059
vt 0.566176 0.911765
vt 0.566176 0.926471
vt 0.566176 0.941177
vt 0.566177 0.955882
vt 0.566177 0.970588
vt 0.580882 0.750000
vt 0.580882 0.764706
vt 0.580882 0.779412
vt 0.580882 0.794118
vt 0.580882 0.808824
vt 0.580882 0.823529
vt 0.580882 0.838235
vt 0.580882 0.852941
vt 0.580882 0.867647
vt 0.580882 0.882353
vt 0.580882 0.897059
vt 0.580882 0.911765
vt 0.580882 0.926471
vt 0.580882 0.941177
vt 0.580882 0.955882
vt 0.580882 0.970588
vt 0.595588 0.750000
vt 0.595588 0.764706
vt 0.595588 0.779412
vt 0.595588 0.794118
vt 0.595588 0.808824
vt 0.595588 0.823529
vt 0.595588 0.838235
vt 0.595588 0.852941
vt 0.595588 0.867647
vt 0.595588 0.882353
vt 0.595588 0.897059
vt 0.595588 0.911765
vt 0.595588 0.926471
vt 0.595588 0.941177
vt 0.595588 0.955882
vt 0.595588 0.970588
vt 0.610294 0.764706
vt 0.610294 0.779412
vt 0.610294 0.794118
vt 0.610294 0.808824
vt 0.610294 0.823529
vt 0.610294 0.838235
vt 0.610294 0.852941
vt 0.610294 0.867647
vt 0.610294 0.882353
vt 0.610294 0.897059
vt 0.610294 0.911765
vt 0.610294 0.926471
vt 0.610294 0.941177
vt 0.610294 0.955882
vt 0.610294 0.970588
vt 0.625000 0.764706
vt 0.625000 0.779412
vt 0.625000 0.794118
vt 0.625000 0.808824
vt 0.625000 0.823529
vt 0.625000 0.838235
vt 0.625000 0.852941
vt 0.625000 0.867647
vt 0.625000 0.882353
vt 0.625000 0.897059
vt 0.625000 0.911765
vt 0.625000 0.926471
vt 0.625000 0.941177
vt 0.625000 0.955882
vt 0.625000 0.970588
vt 0.389706 0.735294
vt 0.404412 0.735294
vt 0.419118 0.735294
vt 0.433824 0.735294
vt 0.448529 0.735294
vt 0.463235 0.735294
vt 0.477941 0.735294
vt 0.492647 0.735294
vt 0.507353 0.735294
vt 0.522059 0.735294
vt 0.536765 0.735294
vt 0.551471 0.735294
vt 0.566176 0.735294
vt 0.580882 0.735294
vt 0.595588 0.735294
vt 0.389706 0.500000
vt 0.389706 0.514706
vt 0.389706 0.529412
vt 0.389706 0.544118
vt 0.389706 0.558824
vt 0.389706 0.573529
vt 0.389706 0.588235
vt 0.389706 0.602941
vt 0.389706 0.617647
vt 0.389706 0.632353
vt 0.389706 0.647059
vt 0.389706 0.661765
vt 0.389706 0.676471
vt 0.389706 0.691177
vt 0.389706 0.705882
vt 0.389706 0.720588
vt 0.404412 0.500000
vt 0.404412 0.514706
vt 0.404412 0.529412
vt 0.404412 0.544118
vt 0.404412 0.558824
vt 0.404412 0.573529
vt 0.404412 0.588235
vt 0.404412 0.602941
vt 0.404412 0.617647
vt 0.404412 0.632353
vt 0.404412 0.647059
vt 0.404412 0.661765
vt 0.404412 0.676471
vt 0.404412 0.691177
vt 0.404412 0.705882
vt 0.404412 0.720588
vt 0.419118 0.500000
vt 0.419118 0.514706
vt 0.419118 0.529412
vt 0.419118 0.544118
vt 0.419118 0.558824
vt 0.419118 0.573529
vt 0.419118 0.588235
vt 0.419118 0.602941
vt 0.419118 0.617647
vt 0.419118 0.632353
vt 0.419118 0.647059
vt 0.419118 0.661765
vt 0.419118 0.676471
vt 0.419118 0.691177
vt 0.419118 0.705882
vt 0.419118 0.720588
vt 0.433824 0.500000
vt 0.433824 0.514706
vt 0.433824 0.529412
vt 0.433824 0.544118
vt 0.433824 0.558824
vt 0.433824 0.573529
vt 0.433824 0.588235
vt 0.433824 0.602941
vt 0.433823 0.617647
vt 0.433823 0.632353
vt 0.433823 0.647059
vt 0.433823 0.661765
vt 0.433823 0.676471
vt 0.433824 0.691177
vt 0.433824 0.705882
vt 0.433823 0.720588
vt 0.448529 0.500000
vt 0.448529 0.514706
vt 0.448529 0.529412
vt 0.448529 0.544118
vt 0.448529 0.558824
vt 0.448529 0.573529
vt 0.448529 0.588235
vt 0.448529 0.602941
vt 0.448529 0.617647
vt 0.448529 0.632353
vt 0.448529 0.647059
vt 0.448529 0.661765
vt 0.448529 0.676471
vt 0.448529 0.691176
vt 0.448529 0.705882
vt 0.448529 0.720588
vt 0.463235 0.500000
vt 0.463235 0.514706
vt 0.463235 0.529412
vt 0.463235 0.544118
vt 0.463235 0.558824
vt 0.463235 0.573529
vt 0.463235 0.588235
vt 0.463235 0.602941
vt 0.463235 0.617647
vt 0.463235 0.632353
vt 0.463235 0.647059
vt 0.463235 0.661765
vt 0.463235 0.676471
vt 0.463235 0.691176
vt 0.463235 0.705882
vt 0.463235 0.720588
vt 0.477941 0.500000
vt 0.477941 0.514706
vt 0.477941 0.529412
vt 0.477941 0.544118
vt 0.477941 0.558824
vt 0.477941 0.573529
vt 0.477941 0.588235
vt 0.477941 0.602941
vt 0.477941 0.617647
vt 0.477941 0.632353
vt 0.477941 0.647059
vt 0.477941 0.661765
vt 0.477941 0.676471
vt 0.477941 0.691176
vt 0.477941 0.705882
vt 0.477941 0.720588
vt 0.492647 0.500000
vt 0.492647 0.514706
vt 0.492647 0.529412
vt 0.492647 0.544118
vt 0.492647 0.558824
vt 0.492647 0.573529
vt 0.492647 0.588235
vt 0.492647 0.602941
vt 0.492647 0.617647
vt 0.492647 0.632353
vt 0.492647 0.647059
vt 0.492647 0.661765
vt 0.492647 0.676471
vt 0.492647 0.691176
vt 0.492647 0.705882
vt 0.492647 0.720588
vt 0.507353 0.500000
vt 0.507353 0.514706
vt 0.507353 0.529412
vt 0.507353 0.544118
vt 0.507353 0.558824
vt 0.507353 0.573529
vt 0.507353 0.588235
vt 0.507353 0.602941
vt 0.507353 0.617647
vt 0.507353 0.632353
vt 0.507353 0.647059
vt 0.507353 0.661765
vt 0.507353 0.676471
vt 0.507353 0.691176
vt 0.507353 0.705882
vt 0.507353 0.720588
vt 0.522059 0.500000
vt 0.522059 0.514706
vt 0.522059 0.529412
vt 0.522059 0.544118
vt 0.522059 0.558824
vt 0.522059 0.573529
vt 0.522059 0.588235
vt 0.522059 0.602941
vt 0.522059 0.617647
vt 0.522059 0.632353
vt 0.522059 0.647059
vt 0.522059 0.661765
vt 0.522059 0.676471
vt 0.522059 0.691176
vt 0.522059 0.705882
vt 0.522059 0.720588
vt 0.536765 0.500000
vt 0.536765 0.514706
vt 0.536765 0.529412
vt 0.536765 0.544118
vt 0.536765 0.558824
vt 0.536765 0.573529
vt 0.536765 0.588235
vt 0.536765 0.602941
vt 0.536765 0.617647
vt 0.536765 0.632353
vt 0.536765 0.647059
vt 0.536765 0.661765
vt 0.536765 0.676471
vt 0.536765 0.691177
vt 0.536765 0.705882
vt 0.536765 0.720588
vt 0.551471 0.500000
vt 0.551471 0.514706
vt 0.551471 0.529412
vt 0.551471 0.544118
vt 0.551471 0.558824
vt 0.551471 0.573529
vt 0.551471 0.588235
vt 0.551471 0.602941
vt 0.551471 0.617647
vt 0.551471 0.632353
vt 0.551471 0.647059
vt 0.551471 0.661765
vt 0.551471 0.676471
vt 0.551471 0.691177
vt 0.551471 0.705882
vt 0.551471 0.720588
vt 0.566176 0.500000
vt 0.566176 0.514706
vt 0.566176 0.529412
vt 0.566176 0.544118
vt 0.566176 0.558824
vt 0.566176 0.573529
vt 0.566176 0.588235
vt 0.566176 0.602941
vt 0.566176 0.617647
vt 0.566176 0.632353
vt 0.566176 0.647059
vt 0.566176 0.661765
vt 0.566176 0.676471
vt 0.566176 0.691177
vt 0.566176 0.705882
vt 0.566176 0.720588
vt 0.580882 0.500000
vt 0.580882 0.514706
vt 0.580882 0.529412
vt 0.580882 0.544118
vt 0.580882 0.558824
vt 0.580882 0.573529
vt 0.580882 0.588235
vt 0.580882 0.602941
vt 0.580882 0.617647
vt 0.580882 0.632353
vt 0.580882 0.647059
vt 0.580882 0.661765
vt 0.580882 0.676471
vt 0.580882 0.691177
vt 0.580882 0.705882
vt 0.580882 0.720588
vt 0.595588 0.500000
vt 0.595588 0.514706
vt 0.595588 0.529412
vt 0.595588 0.544118
vt 0.595588 0.558824
vt 0.595588 0.573529
vt 0.595588 0.588235
vt 0.595588 0.602941
vt 0.595588 0.617647
vt 0.595588 0.632353
vt 0.595588 0.647059
vt 0.595588 0.661765
vt 0.595588 0.676471
vt 0.595588 0.691177
vt 0.595588 0.705882
vt 0.595588 0.720588
vt 0.610294 0.514706
vt 0.610294 0.529412
vt 0.610294 0.544118
vt 0.610294 0.558824
vt 0.610294 0.573529
vt 0.610294 0.588235
vt 0.610294 0.602941
vt 0.610294 0.617647
vt 0.610294 0.632353
vt 0.610294 0.647059
vt 0.610294 0.661765
vt 0.610294 0.676471
vt 0.610294 0.691177
vt 0.610294 0.705882
vt 0.610294 0.720588
vt 0.375000 0.485294
vt 0.389706 0.485294
vt 0.404412 0.485294
vt 0.419118 0.485294
vt 0.433824 0.485294
vt 0.448529 0.485294
vt 0.463235 0.485294
vt 0.477941 0.485294
vt 0.492647 0.485294
vt 0.507353 0.485294
vt 0.522059 0.485294
vt 0.536765 0.485294
vt 0.551471 0.485294
vt 0.566176 0.485294
vt 0.580882 0.485294
vt 0.595588 0.485294
vt 0.389706 0.250000
vt 0.389706 0.264706
vt 0.375000 0.264706
vt 0.389706 0.279412
vt 0.375000 0.279412
vt 0.389706 0.294118
vt 0.375000 0.294118
vt 0.389706 0.308824
vt 0.375000 0.308824
vt 0.389706 0.323529
vt 0.375000 0.323529
vt 0.389706 0.338235
vt 0.375000 0.338235
vt 0.389706 0.352941
vt 0.375000 0.352941
vt 0.389706 0.367647
vt 0.375000 0.367647
vt 0.389706 0.382353
vt 0.375000 0.382353
vt 0.389706 0.397059
vt 0.375000 0.397059
vt 0.389706 0.411765
vt 0.375000 0.411765
vt 0.389706 0.426471
vt 0.375000 0.426471
vt 0.389706 0.441176
vt 0.375000 0.441176
vt 0.389706 0.455882
vt 0.375000 0.455882
vt 0.389706 0.470588
vt 0.375000 0.470588
vt 0.404412 0.250000
vt 0.404412 0.264706
vt 0.404412 0.279412
vt 0.404412 0.294118
vt 0.404412 0.308824
vt 0.404412 0.323529
vt 0.404412 0.338235
vt 0.404412 0.352941
vt 0.404412 0.367647
vt 0.404412 0.382353
vt 0.404412 0.397059
vt 0.404412 0.411765
vt 0.404412 0.426471
vt 0.404412 0.441176
vt 0.404412 0.455882
vt 0.404412 0.470588
vt 0.419118 0.250000
vt 0.419118 0.264706
vt 0.419118 0.279412
vt 0.419118 0.294118
vt 0.419118 0.308824
vt 0.419118 0.323529
vt 0.419118 0.338235
vt 0.419118 0.352941
vt 0.419118 0.367647
vt 0.419118 0.382353
vt 0.419118 0.397059
vt 0.419118 0.411765
vt 0.419118 0.426471
vt 0.419118 0.441176
vt 0.419118 0.455882
vt 0.419118 0.470588
vt 0.433824 0.250000
vt 0.433824 0.264706
vt 0.433824 0.279412
vt 0.433824 0.294118
vt 0.433824 0.308824
vt 0.433824 0.323529
vt 0.433824 0.338235
vt 0.433824 0.352941
vt 0.433823 0.367647
vt 0.433823 0.382353
vt 0.433823 0.397059
vt 0.433823 0.411765
vt 0.433823 0.426471
vt 0.433824 0.441176
vt 0.433824 0.455882
vt 0.433823 0.470588
vt 0.448529 0.250000
vt 0.448529 0.264706
vt 0.448529 0.279412
vt 0.448529 0.294118
vt 0.448529 0.308824
vt 0.448529 0.323529
vt 0.448529 0.338235
vt 0.448529 0.352941
vt 0.448529 0.367647
vt 0.448529 0.382353
vt 0.448529 0.397059
vt 0.448529 0.411765
vt 0.448529 0.426471
vt 0.448529 0.441176
vt 0.448529 0.455882
vt 0.448529 0.470588
vt 0.463235 0.250000
vt 0.463235 0.264706
vt 0.463235 0.279412
vt 0.463235 0.294118
vt 0.463235 0.308824
vt 0.463235 0.323529
vt 0.463235 0.338235
vt 0.463235 0.352941
vt 0.463235 0.367647
vt 0.463235 0.382353
vt 0.463235 0.397059
vt 0.463235 0.411765
vt 0.463235 0.426471
vt 0.463235 0.441176
vt 0.463235 0.455882
vt 0.463235 0.470588
vt 0.477941 0.250000
vt 0.477941 0.264706
vt 0.477941 0.279412
vt 0.477941 0.294118
vt 0.477941 0.308824
vt 0.477941 0.323529
vt 0.477941 0.338235
vt 0.477941 0.352941
vt 0.477941 0.367647
vt 0.477941 0.382353
vt 0.477941 0.397059
vt 0.477941 0.411765
vt 0.477941 0.426471
vt 0.477941 0.441176
vt 0.477941 0.455882
vt 0.477941 0.470588
vt 0.492647 0.250000
vt 0.492647 0.264706
vt 0.492647 0.279412
vt 0.492647 0.294118
vt 0.492647 0.308824
vt 0.492647 0.323529
vt 0.492647 0.338235
vt 0.492647 0.352941
vt 0.492647 0.367647
vt 0.492647 0.382353
vt 0.492647 0.397059
vt 0.492647 0.411765
vt 0.492647 0.426471
vt 0.492647 0.441176
vt 0.492647 0.455882
vt 0.492647 0.470588
vt 0.507353 0.250000
vt 0.507353 0.264706
vt 0.507353 0.279412
vt 0.507353 0.294118
vt 0.507353 0.308824
vt 0.507353 0.323529
vt 0.507353 0.338235
vt 0.507353 0.352941
vt 0.507353 0.367647
vt 0.507353 0.382353
vt 0.507353 0.397059
vt 0.507353 0.411765
vt 0.507353 0.426471
vt 0.507353 0.441176
vt 0.507353 0.455882
vt 0.507353 0.470588
vt 0.522059 0.250000
vt 0.522059 0.264706
vt 0.522059 0.279412
vt 0.522059 0.294118
vt 0.522059 0.308824
vt 0.522059 0.323529
vt 0.522059 0.338235
vt 0.522059 0.352941
vt 0.522059 0.367647
vt 0.522059 0.382353
vt 0.522059 0.397059
vt 0.522059 0.411765
vt 0.522059 0.426471
vt 0.522059 0.441176
vt 0.522059 0.455882
vt 0.522059 0.470588
vt 0.536765 0.250000
vt 0.536765 0.264706
vt 0.536765 0.279412
vt 0.536765 0.294118
vt 0.536765 0.308824
vt 0.536765 0.323529
vt 0.536765 0.338235
vt 0.536765 0.352941
vt 0.536765 0.367647
vt 0.536765 0.382353
vt 0.536765 0.397059
vt 0.536765 0.411765
vt 0.536765 0.426471
vt 0.536765 0.441176
vt 0.536765 0.455882
vt 0.536765 0.470588
vt 0.551471 0.250000
vt 0.551471 0.264706
vt 0.551471 0.279412
vt 0.551471 0.294118
vt 0.551471 0.308824
vt 0.551471 0.323529
vt 0.551471 0.338235
vt 0.551471 0.352941
vt 0.551471 0.367647
vt 0.551471 0.382353
vt 0.551471 0.397059
vt 0.551471 0.411765
vt 0.551471 0.426471
vt 0.551471 0.441176
vt 0.551471 0.455882
vt 0.551471 0.470588
vt 0.566176 0.250000
vt 0.566176 0.264706
vt 0.566176 0.279412
vt 0.566176 0.294118
vt 0.566176 0.308824
vt 0.566176 0.323529
vt 0.566176 0.338235
vt 0.566176 0.352941
vt 0.566176 0.367647
vt 0.566176 0.382353
vt 0.566176 0.397059
vt 0.566176 0.411765
vt 0.566176 0.426471
vt 0.566176 0.441176
vt 0.566176 0.455882
vt 0.566176 0.470588
vt 0.580882 0.250000
vt 0.580882 0.264706
vt 0.580882 0.279412
vt 0.580882 0.294118
vt 0.580882 0.308824
vt 0.580882 0.323529
vt 0.580882 0.338235
vt 0.580882 0.352941
vt 0.580882 0.367647
vt 0.580882 0.382353
vt 0.580882 0.397059
vt 0.580882 0.411765
vt 0.580882 0.426471
vt 0.580882 0.441176
vt 0.580882 0.455882
vt 0.580882 0.470588
vt 0.595588 0.250000
vt 0.595588 0.264706
vt 0.595588 0.279412
vt 0.595588 0.294118
vt 0.595588 0.308824
vt 0.595588 0.323529
vt 0.595588 0.338235
vt 0.595588 0.352941
vt 0.595588 0.367647
vt 0.595588 0.382353
vt 0.595588 0.397059
vt 0.595588 0.411765
vt 0.595588 0.426471
vt 0.595588 0.441176
vt 0.595588 0.455882
vt 0.595588 0.470588
vt 0.610294 0.264706
vt 0.610294 0.279412
vt 0.610294 0.294118
vt 0.610294 0.308824
vt 0.610294 0.323529
vt 0.610294 0.338235
vt 0.610294 0.352941
vt 0.610294 0.367647
vt 0.610294 0.382353
vt 0.610294 0.397059
vt 0.610294 0.411765
vt 0.610294 0.426471
vt 0.610294 0.441176
vt 0.610294 0.455882
vt 0.610294 0.470588
vt 0.625000 0.264706
vt 0.625000 0.279412
vt 0.625000 0.294118
vt 0.625000 0.308824
vt 0.625000 0.323529
vt 0.625000 0.338235
vt 0.625000 0.352941
vt 0.625000 0.367647
vt 0.625000 0.382353
vt 0.625000 0.397059
vt 0.625000 0.411765
vt 0.625000 0.426471
vt 0.625000 0.441176
vt 0.625000 0.455882
vt 0.625000 0.470588
vt 0.375000 0.235294
vt 0.389706 0.235294
vt 0.404412 0.235294
vt 0.419118 0.235294
vt 0.433824 0.235294
vt 0.448529 0.235294
vt 0.463235 0.235294
vt 0.477941 0.235294
vt 0.492647 0.235294
vt 0.507353 0.235294
vt 0.522059 0.235294
vt 0.536765 0.235294
vt 0.551471 0.235294
vt 0.566176 0.235294
vt 0.580882 0.235294
vt 0.595588 0.235294
vt 0.389706 0.000000
vt 0.389706 0.014706
vt 0.375000 0.014706
vt 0.389706 0.029412
vt 0.375000 0.029412
vt 0.389706 0.044118
vt 0.375000 0.044118
vt 0.389706 0.058824
vt 0.375000 0.058824
vt 0.389706 0.073529
vt 0.375000 0.073529
vt 0.389706 0.088235
vt 0.375000 0.088235
vt 0.389706 0.102941
vt 0.375000 0.102941
vt 0.389706 0.117647
vt 0.375000 0.117647
vt 0.389706 0.132353
vt 0.375000 0.132353
vt 0.389706 0.147059
vt 0.375000 0.147059
vt 0.389706 0.161765
vt 0.375000 0.161765
vt 0.389706 0.176471
vt 0.375000 0.176471
vt 0.389706 0.191176
vt 0.375000 0.191176
vt 0.389706 0.205882
vt 0.375000 0.205882
vt 0.389706 0.220588
vt 0.375000 0.220588
vt 0.404412 0.000000
vt 0.404412 0.014706
vt 0.404412 0.029412
vt 0.404412 0.044118
vt 0.404412 0.058824
vt 0.404412 0.073529
vt 0.404412 0.088235
vt 0.404412 0.102941
vt 0.404412 0.117647
vt 0.404412 0.132353
vt 0.404412 0.147059
vt 0.404412 0.161765
vt 0.404412 0.176471
vt 0.404412 0.191176
vt 0.404412 0.205882
vt 0.404412 0.220588
vt 0.419118 0.000000
vt 0.419118 0.014706
vt 0.419118 0.029412
vt 0.419118 0.044118
vt 0.419118 0.058824
vt 0.419118 0.073529
vt 0.419118 0.088235
vt 0.419118 0.102941
vt 0.419118 0.117647
vt 0.419118 0.132353
vt 0.419118 0.147059
vt 0.419118 0.161765
vt 0.419118 0.176471
vt 0.419118 0.191176
vt 0.419118 0.205882
vt 0.419118 0.220588
vt 0.433824 0.000000
vt 0.433824 0.014706
vt 0.433824 0.029412
vt 0.433824 0.044118
vt 0.433824 0.058824
vt 0.433824 0.073529
vt 0.433824 0.088235
vt 0.433824 0.102941
vt 0.433823 0.117647
vt 0.433823 0.132353
vt 0.433823 0.147059
vt 0.433823 0.161765
vt 0.433823 0.176471
vt 0.433824 0.191176
vt 0.433824 0.205882
vt 0.433823 0.220588
vt 0.448529 0.000000
vt 0.448529 0.014706
vt 0.448529 0.029412
vt 0.448529 0.044118
vt 0.448529 0.058824
vt 0.448529 0.073529
vt 0.448529 0.088235
vt 0.448529 0.102941
vt 0.448529 0.117647
vt 0.448529 0.132353
vt 0.448529 0.147059
vt 0.448529 0.161765
vt 0.448529 0.176471
vt 0.448529 0.191176
vt 0.448529 0.205882
vt 0.448529 0.220588
vt 0.463235 0.000000
vt 0.463235 0.014706
vt 0.463235 0.029412
vt 0.463235 0.044118
vt 0.463235 0.058824
vt 0.463235 0.073529
vt 0.463235 0.088235
vt 0.463235 0.102941
vt 0.463235 0.117647
vt 0.463235 0.132353
vt 0.463235 0.147059
vt 0.463235 0.161765
vt 0.463235 0.176471
vt 0.463235 0.191176
vt 0.463235 0.205882
vt 0.463235 0.220588
vt 0.477941 0.000000
vt 0.477941 0.014706
vt 0.477941 0.029412
vt 0.477941 0.044118
vt 0.477941 0.058824
vt 0.477941 0.073529
vt 0.477941 0.088235
vt 0.477941 0.102941
vt 0.477941 0.117647
vt 0.477941 0.132353
vt 0.477941 0.147059
vt 0.477941 0.161765
vt 0.477941 0.176471
vt 0.477941 0.191176
vt 0.477941 0.205882
vt 0.477941 0.220588
vt 0.492647 0.000000
vt 0.492647 0.014706
vt 0.492647 0.029412
vt 0.492647 0.044118
vt 0.492647 0.058824
vt 0.492647 0.073529
vt 0.492647 0.088235
vt 0.492647 0.102941
vt 0.492647 0.117647
vt 0.492647 0.132353
vt 0.492647 0.147059
vt 0.492647 0.161765
vt 0.492647 0.176471
vt 0.492647 0.191176
vt 0.492647 0.205882
vt 0.492647 0.220588
vt 0.507353 0.000000
vt 0.507353 0.014706
vt 0.507353 0.029412
vt 0.507353 0.044118
vt 0.507353 0.058824
vt 0.507353 0.073529
vt 0.507353 0.088235
vt 0.507353 0.102941
vt 0.507353 0.117647
vt 0.507353 0.132353
vt 0.507353 0.147059
vt 0.507353 0.161765
vt 0.507353 0.176471
vt 0.507353 0.191176
vt 0.507353 0.205882
vt 0.507353 0.220588
vt 0.522059 0.000000
vt 0.522059 0.014706
vt 0.522059 0.029412
vt 0.522059 0.044118
vt 0.522059 0.058824
vt 0.522059 0.073529
vt 0.522059 0.088235
vt 0.522059 0.102941
vt 0.522059 0.117647
vt 0.522059 0.132353
vt 0.522059 0.147059
vt 0.522059 0.161765
vt 0.522059 0.176471
vt 0.522059 0.191176
vt 0.522059 0.205882
vt 0.522059 0.220588
vt 0.536765 0.000000
vt 0.536765 0.014706
vt 0.536765 0.029412
vt 0.536765 0.044118
vt 0.536765 0.058824
vt 0.536765 0.073529
vt 0.536765 0.088235
vt 0.536765 0.102941
vt 0.536765 0.117647
vt 0.536765 0.132353
vt 0.536765 0.147059
vt 0.536765 0.161765
vt 0.536765 0.176471
vt 0.536765 0.191176
vt 0.536765 0.205882
vt 0.536765 0.220588
vt 0.551471 0.000000
vt 0.551471 0.014706
vt 0.551471 0.029412
vt 0.551471 0.044118
vt 0.551471 0.058824
vt 0.551471 0.073529
vt 0.551471 0.088235
vt 0.551471 0.102941
vt 0.551471 0.117647
vt 0.551471 0.132353
vt 0.551471 0.147059
vt 0.551471 0.161765
vt 0.551471 0.176471
vt 0.551471 0.191176
vt 0.551471 0.205882
vt 0.551471 0.220588
vt 0.566177 0.000000
vt 0.566177 0.014706
vt 0.566177 0.029412
vt 0.566177 0.044118
vt 0.566176 0.058824
vt 0.566176 0.073529
vt 0.566176 0.088235
vt 0.566176 0.102941
vt 0.566176 0.117647
vt 0.566176 0.132353
vt 0.566176 0.147059
vt 0.566176 0.161765
vt 0.566176 0.176471
vt 0.566176 0.191176
vt 0.566176 0.205882
vt 0.566176 0.220588
vt 0.580882 0.000000
vt 0.580882 0.014706
vt 0.580882 0.029412
vt 0.580882 0.044118
vt 0.580882 0.058824
vt 0.580882 0.073529
vt 0.580882 0.088235
vt 0.580882 0.102941
vt 0.580882 0.117647
vt 0.580882 0.132353
vt 0.580882 0.147059
vt 0.580882 0.161765
vt 0.580882 0.176471
vt 0.580882 0.191176
vt 0.580882 0.205882
vt 0.580882 0.220588
vt 0.595588 0.000000
vt 0.595588 0.014706
vt 0.595588 0.029412
vt 0.595588 0.044118
vt 0.595588 0.058824
vt 0.595588 0.073529
vt 0.595588 0.088235
vt 0.595588 0.102941
vt 0.595588 0.117647
vt 0.595588 0.132353
vt 0.595588 0.147059
vt 0.595588 0.161765
vt 0.595588 0.176471
vt 0.595588 0.191176
vt 0.595588 0.205882
vt 0.595588 0.220588
vt 0.610294 0.000000
vt 0.610294 0.014706
vt 0.610294 0.029412
vt 0.610294 0.044118
vt 0.610294 0.058824
vt 0.610294 0.073529
vt 0.610294 0.088235
vt 0.610294 0.102941
vt 0.610294 0.117647
vt 0.610294 0.132353
vt 0.610294 0.147059
vt 0.610294 0.161765
vt 0.610294 0.176471
vt 0.610294 0.191176
vt 0.610294 0.205882
vt 0.610294 0.220588
vt 0.625000 0.014706
vt 0.625000 0.029412
vt 0.625000 0.044118
vt 0.625000 0.058824
vt 0.625000 0.073529
vt 0.625000 0.088235
vt 0.625000 0.102941
vt 0.625000 0.117647
vt 0.625000 0.132353
vt 0.625000 0.147059
vt 0.625000 0.161765
vt 0.625000 0.176471
vt 0.625000 0.191176
vt 0.625000 0.205882
vt 0.625000 0.220588
s 1
usemtl Material.007
f 1/1/1 5/2/1 7/3/1 3/4/1
f 4/5/2 3/4/2 7/6/2 8/7/2
f 8/8/3 7/9/3 5/10/3 6/11/3
f 6/12/4 2/13/4 4/5/4 8/14/4
f 2/13/5 1/1/5 3/4/5 4/5/5
f 6/11/6 5/10/6 1/1/6 2/13/6
f 1744/15/7 64/16/7 12/10/7 65/17/7
f 1488/18/8 112/19/8 16/1/8 113/20/8
f 1232/21/9 160/22/9 14/4/9 161/23/9
f 976/24/10 208/25/10 10/6/10 48/26/10
f 720/27/11 129/28/11 13/5/11 192/29/11
f 464/30/12 49/31/12 10/3/12 208/32/12
f 160/22/13 224/33/13 193/34/13 14/4/13
f 224/33/14 240/35/14 194/36/14 193/34/14
f 240/35/15 256/37/15 195/38/15 194/36/15
f 256/37/16 272/39/16 196/40/16 195/38/16
f 272/39/17 288/41/17 197/42/17 196/40/17
f 288/41/18 304/43/18 198/44/18 197/42/18
f 304/43/19 320/45/19 199/46/19 198/44/19
f 320/45/20 336/47/20 200/48/20 199/46/20
f 336/47/21 352/49/21 201/50/21 200/48/21
f 352/49/22 368/51/22 202/52/22 201/50/22
f 368/51/23 384/53/23 203/54/23 202/52/23
f 384/53/24 400/55/24 204/56/24 203/54/24
f 400/55/25 416/57/25 205/58/25 204/56/25
f 416/57/26 432/59/26 206/60/26 205/58/26
f 432/59/27 448/61/27 207/62/27 206/60/27
f 448/61/28 464/30/28 208/32/28 207/62/28
f 16/1/29 112/63/29 209/64/29 145/65/29
f 145/65/30 209/64/30 210/66/30 146/67/30
f 146/67/31 210/66/31 211/68/31 147/69/31
f 147/69/32 211/68/32 212/70/32 148/71/32
f 148/71/33 212/70/33 213/72/33 149/73/33
f 149/73/34 213/72/34 214/74/34 150/75/34
f 150/75/35 214/74/35 215/76/35 151/77/35
f 151/77/36 215/76/36 216/78/36 152/79/36
f 152/79/37 216/78/37 217/80/37 153/81/37
f 153/81/38 217/80/38 218/82/38 154/83/38
f 154/83/39 218/82/39 219/84/39 155/85/39
f 155/85/40 219/84/40 220/86/40 156/87/40
f 156/87/41 220/86/41 221/88/41 157/89/41
f 157/89/42 221/88/42 222/90/42 158/91/42
f 158/91/43 222/90/43 223/92/43 159/93/43
f 159/93/44 223/92/44 224/33/44 160/22/44
f 112/63/45 111/94/45 225/95/45 209/64/45
f 209/64/46 225/95/46 226/96/46 210/66/46
f 210/66/47 226/96/47 227/97/47 211/68/47
f 211/68/48 227/97/48 228/98/48 212/70/48
f 212/70/49 228/98/49 229/99/49 213/72/49
f 213/72/50 229/99/50 230/100/50 214/74/50
f 214/74/51 230/100/51 231/101/51 215/76/51
f 215/76/52 231/101/52 232/102/52 216/78/52
f 216/78/53 232/102/53 233/103/53 217/80/53
f 217/80/54 233/103/54 234/104/54 218/82/54
f 218/82/55 234/104/55 235/105/55 219/84/55
f 219/84/56 235/105/56 236/106/56 220/86/56
f 220/86/57 236/106/57 237/107/57 221/88/57
f 221/88/58 237/107/58 238/108/58 222/90/58
f 222/90/59 238/108/59 239/109/59 223/92/59
f 223/92/60 239/109/60 240/35/60 224/33/60
f 111/94/61 110/110/61 241/111/61 225/95/61
f 225/95/62 241/111/62 242/112/62 226/96/62
f 226/96/63 242/112/63 243/113/63 227/97/63
f 227/97/64 243/113/64 244/114/64 228/98/64
f 228/98/65 244/114/65 245/115/65 229/99/65
f 229/99/66 245/115/66 246/116/66 230/100/66
f 230/100/67 246/116/67 247/117/67 231/101/67
f 231/101/68 247/117/68 248/118/68 232/102/68
f 232/102/69 248/118/69 249/119/69 233/103/69
f 233/103/70 249/119/70 250/120/70 234/104/70
f 234/104/71 250/120/71 251/121/71 235/105/71
f 235/105/72 251/121/72 252/122/72 236/106/72
f 236/106/73 252/122/73 253/123/73 237/107/73
f 237/107/74 253/123/74 254/124/74 238/108/74
f 238/108/75 254/124/75 255/125/75 239/109/75
f 239/109/76 255/125/76 256/37/76 240/35/76
f 110/110/77 109/126/77 257/127/77 241/111/77
f 241/111/78 257/127/78 258/128/78 242/112/78
f 242/112/79 258/128/79 259/129/79 243/113/79
f 243/113/80 259/129/80 260/130/80 244/114/80
f 244/114/81 260/130/81 261/131/81 245/115/81
f 245/115/82 261/131/82 262/132/82 246/116/82
f 246/116/83 262/132/83 263/133/83 247/117/83
f 247/117/84 263/133/84 264/134/84 248/118/84
f 248/118/85 264/134/85 265/135/85 249/119/85
f 249/119/86 265/135/86 266/136/86 250/120/86
f 250/120/87 266/136/87 267/137/87 251/121/87
f 251/121/88 267/137/88 268/138/88 252/122/88
f 252/122/89 268/138/89 269/139/89 253/123/89
f 253/123/90 269/139/90 270/140/90 254/124/90
f 254/124/91 270/140/91 271/141/91 255/125/91
f 255/125/92 271/141/92 272/39/92 256/37/92
f 109/126/93 108/142/93 273/143/93 257/127/93
f 257/127/94 273/143/94 274/144/94 258/128/94
f 258/128/95 274/144/95 275/145/95 259/129/95
f 259/129/96 275/145/96 276/146/96 260/130/96
f 260/130/97 276/146/97 277/147/97 261/131/97
f 261/131/98 277/147/98 278/148/98 262/132/98
f 262/132/99 278/148/99 279/149/99 263/133/99
f 263/133/100 279/149/100 280/150/100 264/134/100
f 264/134/101 280/150/101 281/151/101 265/135/101
f 265/135/102 281/151/102 282/152/102 266/136/102
f 266/136/103 282/152/103 283/153/103 267/137/103
f 267/137/104 283/153/104 284/154/104 268/138/104
f 268/138/105 284/154/105 285/155/105 269/139/105
f 269/139/106 285/155/106 286/156/106 270/140/106
f 270/140/107 286/156/107 287/157/107 271/141/107
f 271/141/108 287/157/108 288/41/108 272/39/108
f 108/142/109 107/158/109 289/159/109 273/143/109
f 273/143/110 289/159/110 290/160/110 274/144/110
f 274/144/111 290/160/111 291/161/111 275/145/111
f 275/145/112 291/161/112 292/162/112 276/146/112
f 276/146/113 292/162/113 293/163/113 277/147/113
f 277/147/114 293/163/114 294/164/114 278/148/114
f 278/148/115 294/164/115 295/165/115 279/149/115
f 279/149/116 295/165/116 296/166/116 280/150/116
f 280/150/117 296/166/117 297/167/117 281/151/117
f 281/151/118 297/167/118 298/168/118 282/152/118
f 282/152/119 298/168/119 299/169/119 283/153/119
f 283/153/120 299/169/120 300/170/120 284/154/120
f 284/154/121 300/170/121 301/171/121 285/155/121
f 285/155/122 301/171/122 302/172/122 286/156/122
f 286/156/123 302/172/123 303/173/123 287/157/123
f 287/157/124 303/173/124 304/43/124 288/41/124
f 107/158/125 106/174/125 305/175/125 289/159/125
f 289/159/126 305/175/126 306/176/126 290/160/126
f 290/160/127 306/176/127 307/177/127 291/161/127
f 291/161/128 307/177/128 308/178/128 292/162/128
f 292/162/129 308/178/129 309/179/129 293/163/129
f 293/163/130 309/179/130 310/180/130 294/164/130
f 294/164/131 310/180/131 311/181/131 295/165/131
f 295/165/132 311/181/132 312/182/132 296/166/132
f 296/166/133 312/182/133 313/183/133 297/167/133
f 297/167/134 313/183/134 314/184/134 298/168/134
f 298/168/135 314/184/135 315/185/135 299/169/135
f 299/169/136 315/185/136 316/186/136 300/170/136
f 300/170/137 316/186/137 317/187/137 301/171/137
f 301/171/138 317/187/138 318/188/138 302/172/138
f 302/172/139 318/188/139 319/189/139 303/173/139
f 303/173/140 319/189/140 320/45/140 304/43/140
f 106/174/141 105/190/141 321/191/141 305/175/141
f 305/175/142 321/191/142 322/192/142 306/176/142
f 306/176/143 322/192/143 323/193/143 307/177/143
f 307/177/144 323/193/144 324/194/144 308/178/144
f 308/178/145 324/194/145 325/195/145 309/179/145
f 309/179/146 325/195/146 326/196/146 310/180/146
f 310/180/147 326/196/147 327/197/147 311/181/147
f 311/181/148 327/197/148 328/198/148 312/182/148
f 312/182/149 328/198/149 329/199/149 313/183/149
f 313/183/150 329/199/150 330/200/150 314/184/150
f 314/184/151 330/200/151 331/201/151 315/185/151
f 315/185/152 331/201/152 332/202/152 316/186/152
f 316/186/153 332/202/153 333/203/153 317/187/153
f 317/187/154 333/203/154 334/204/154 318/188/154
f 318/188/155 334/204/155 335/205/155 319/189/155
f 319/189/156 335/205/156 336/47/156 320/45/156
f 105/190/157 104/206/157 337/207/157 321/191/157
f 321/191/158 337/207/158 338/208/158 322/192/158
f 322/192/159 338/208/159 339/209/159 323/193/159
f 323/193/160 339/209/160 340/210/160 324/194/160
f 324/194/161 340/210/161 341/211/161 325/195/161
f 325/195/162 341/211/162 342/212/162 326/196/162
f 326/196/163 342/212/163 343/213/163 327/197/163
f 327/197/164 343/213/164 344/214/164 328/198/164
f 328/198/165 344/214/165 345/215/165 329/199/165
f 329/199/166 345/215/166 346/216/166 330/200/166
f 330/200/167 346/216/167 347/217/167 331/201/167
f 331/201/168 347/217/168 348/218/168 332/202/168
f 332/202/169 348/218/169 349/219/169 333/203/169
f 333/203/170 349/219/170 350/220/170 334/204/170
f 334/204/171 350/220/171 351/221/171 335/205/171
f 335/205/172 351/221/172 352/49/172 336/47/172
f 104/206/173 103/222/173 353/223/173 337/207/173
f 337/207/174 353/223/174 354/224/174 338/208/174
f 338/208/175 354/224/175 355/225/175 339/209/175
f 339/209/176 355/225/176 356/226/176 340/210/176
f 340/210/177 356/226/177 357/227/177 341/211/177
f 341/211/178 357/227/178 358/228/178 342/212/178
f 342/212/179 358/228/179 359/229/179 343/213/179
f 343/213/180 359/229/180 360/230/180 344/214/180
f 344/214/181 360/230/181 361/231/181 345/215/181
f 345/215/182 361/231/182 362/232/182 346/216/182
f 346/216/183 362/232/183 363/233/183 347/217/183
f 347/217/184 363/233/184 364/234/184 348/218/184
f 348/218/185 364/234/185 365/235/185 349/219/185
f 349/219/186 365/235/186 366/236/186 350/220/186
f 350/220/187 366/236/187 367/237/187 351/221/187
f 351/221/188 367/237/188 368/51/188 352/49/188
f 103/222/189 102/238/189 369/239/189 353/223/189
f 353/223/190 369/239/190 370/240/190 354/224/190
f 354/224/191 370/240/191 371/241/191 355/225/191
f 355/225/192 371/241/192 372/242/192 356/226/192
f 356/226/193 372/242/193 373/243/193 357/227/193
f 357/227/194 373/243/194 374/244/194 358/228/194
f 358/228/195 374/244/195 375/245/195 359/229/195
f 359/229/196 375/245/196 376/246/196 360/230/196
f 360/230/197 376/246/197 377/247/197 361/231/197
f 361/231/198 377/247/198 378/248/198 362/232/198
f 362/232/199 378/248/199 379/249/199 363/233/199
f 363/233/200 379/249/200 380/250/200 364/234/200
f 364/234/201 380/250/201 381/251/201 365/235/201
f 365/235/202 381/251/202 382/252/202 366/236/202
f 366/236/203 382/252/203 383/253/203 367/237/203
f 367/237/204 383/253/204 384/53/204 368/51/204
f 102/238/205 101/254/205 385/255/205 369/239/205
f 369/239/206 385/255/206 386/256/206 370/240/206
f 370/240/207 386/256/207 387/257/207 371/241/207
f 371/241/208 387/257/208 388/258/208 372/242/208
f 372/242/209 388/258/209 389/259/209 373/243/209
f 373/243/210 389/259/210 390/260/210 374/244/210
f 374/244/211 390/260/211 391/261/211 375/245/211
f 375/245/212 391/261/212 392/262/212 376/246/212
f 376/246/213 392/262/213 393/263/213 377/247/213
f 377/247/214 393/263/214 394/264/214 378/248/214
f 378/248/215 394/264/215 395/265/215 379/249/215
f 379/249/216 395/265/216 396/266/216 380/250/216
f 380/250/217 396/266/217 397/267/217 381/251/217
f 381/251/218 397/267/218 398/268/218 382/252/218
f 382/252/219 398/268/219 399/269/219 383/253/219
f 383/253/220 399/269/220 400/55/220 384/53/220
f 101/254/221 100/270/221 401/271/221 385/255/221
f 385/255/222 401/271/222 402/272/222 386/256/222
f 386/256/223 402/272/223 403/273/223 387/257/223
f 387/257/224 403/273/224 404/274/224 388/258/224
f 388/258/225 404/274/225 405/275/225 389/259/225
f 389/259/226 405/275/226 406/276/226 390/260/226
f 390/260/227 406/276/227 407/277/227 391/261/227
f 391/261/228 407/277/228 408/278/228 392/262/228
f 392/262/229 408/278/229 409/279/229 393/263/229
f 393/263/230 409/279/230 410/280/230 394/264/230
f 394/264/231 410/280/231 411/281/231 395/265/231
f 395/265/232 411/281/232 412/282/232 396/266/232
f 396/266/233 412/282/233 413/283/233 397/267/233
f 397/267/234 413/283/234 414/284/234 398/268/234
f 398/268/235 414/284/235 415/285/235 399/269/235
f 399/269/236 415/285/236 416/57/236 400/55/236
f 100/270/237 99/286/237 417/287/237 401/271/237
f 401/271/238 417/287/238 418/288/238 402/272/238
f 402/272/239 418/288/239 419/289/239 403/273/239
f 403/273/240 419/289/240 420/290/240 404/274/240
f 404/274/241 420/290/241 421/291/241 405/275/241
f 405/275/242 421/291/242 422/292/242 406/276/242
f 406/276/243 422/292/243 423/293/243 407/277/243
f 407/277/244 423/293/244 424/294/244 408/278/244
f 408/278/245 424/294/245 425/295/245 409/279/245
f 409/279/246 425/295/246 426/296/246 410/280/246
f 410/280/247 426/296/247 427/297/247 411/281/247
f 411/281/248 427/297/248 428/298/248 412/282/248
f 412/282/249 428/298/249 429/299/249 413/283/249
f 413/283/250 429/299/250 430/300/250 414/284/250
f 414/284/251 430/300/251 431/301/251 415/285/251
f 415/285/252 431/301/252 432/59/252 416/57/252
f 99/286/253 98/302/253 433/303/253 417/287/253
f 417/287/254 433/303/254 434/304/254 418/288/254
f 418/288/255 434/304/255 435/305/255 419/289/255
f 419/289/256 435/305/256 436/306/256 420/290/256
f 420/290/257 436/306/257 437/307/257 421/291/257
f 421/291/258 437/307/258 438/308/258 422/292/258
f 422/292/259 438/308/259 439/309/259 423/293/259
f 423/293/260 439/309/260 440/310/260 424/294/260
f 424/294/261 440/310/261 441/311/261 425/295/261
f 425/295/262 441/311/262 442/312/262 426/296/262
f 426/296/263 442/312/263 443/313/263 427/297/263
f 427/297/264 443/313/264 444/314/264 428/298/264
f 428/298/265 444/314/265 445/315/265 429/299/265
f 429/299/266 445/315/266 446/316/266 430/300/266
f 430/300/267 446/316/267 447/317/267 431/301/267
f 431/301/268 447/317/268 448/61/268 432/59/268
f 98/302/269 97/318/269 449/319/269 433/303/269
f 433/303/270 449/319/270 450/320/270 434/304/270
f 434/304/271 450/320/271 451/321/271 435/305/271
f 435/305/272 451/321/272 452/322/272 436/306/272
f 436/306/273 452/322/273 453/323/273 437/307/273
f 437/307/274 453/323/274 454/324/274 438/308/274
f 438/308/275 454/324/275 455/325/275 439/309/275
f 439/309/276 455/325/276 456/326/276 440/310/276
f 440/310/277 456/326/277 457/327/277 441/311/277
f 441/311/278 457/327/278 458/328/278 442/312/278
f 442/312/279 458/328/279 459/329/279 443/313/279
f 443/313/280 459/329/280 460/330/280 444/314/280
f 444/314/281 460/330/281 461/331/281 445/315/281
f 445/315/282 461/331/282 462/332/282 446/316/282
f 446/316/283 462/332/283 463/333/283 447/317/283
f 447/317/284 463/333/284 464/30/284 448/61/284
f 97/318/285 12/2/285 64/334/285 449/319/285
f 449/319/286 64/334/286 63/335/286 450/320/286
f 450/320/287 63/335/287 62/336/287 451/321/287
f 451/321/288 62/336/288 61/337/288 452/322/288
f 452/322/289 61/337/289 60/338/289 453/323/289
f 453/323/290 60/338/290 59/339/290 454/324/290
f 454/324/291 59/339/291 58/340/291 455/325/291
f 455/325/292 58/340/292 57/341/292 456/326/292
f 456/326/293 57/341/293 56/342/293 457/327/293
f 457/327/294 56/342/294 55/343/294 458/328/294
f 458/328/295 55/343/295 54/344/295 459/329/295
f 459/329/296 54/344/296 53/345/296 460/330/296
f 460/330/297 53/345/297 52/346/297 461/331/297
f 461/331/298 52/346/298 51/347/298 462/332/298
f 462/332/299 51/347/299 50/348/299 463/333/299
f 463/333/300 50/348/300 49/31/300 464/30/300
f 32/349/301 480/350/301 177/351/301 9/14/301
f 480/350/302 496/352/302 178/353/302 177/351/302
f 496/352/303 512/354/303 179/355/303 178/353/303
f 512/354/304 528/356/304 180/357/304 179/355/304
f 528/356/305 544/358/305 181/359/305 180/357/305
f 544/358/306 560/360/306 182/361/306 181/359/306
f 560/360/307 576/362/307 183/363/307 182/361/307
f 576/362/308 592/364/308 184/365/308 183/363/308
f 592/364/309 608/366/309 185/367/309 184/365/309
f 608/366/310 624/368/310 186/369/310 185/367/310
f 624/368/311 640/370/311 187/371/311 186/369/311
f 640/370/312 656/372/312 188/373/312 187/371/312
f 656/372/313 672/374/313 189/375/313 188/373/313
f 672/374/314 688/376/314 190/377/314 189/375/314
f 688/376/315 704/378/315 191/379/315 190/377/315
f 704/378/316 720/27/316 192/29/316 191/379/316
f 11/12/317 96/380/317 465/381/317 17/382/317
f 17/382/318 465/381/318 466/383/318 18/384/318
f 18/384/319 466/383/319 467/385/319 19/386/319
f 19/386/320 467/385/320 468/387/320 20/388/320
f 20/388/321 468/387/321 469/389/321 21/390/321
f 21/390/322 469/389/322 470/391/322 22/392/322
f 22/392/323 470/391/323 471/393/323 23/394/323
f 23/394/324 471/393/324 472/395/324 24/396/324
f 24/396/325 472/395/325 473/397/325 25/398/325
f 25/398/326 473/397/326 474/399/326 26/400/326
f 26/400/327 474/399/327 475/401/327 27/402/327
f 27/402/328 475/401/328 476/403/328 28/404/328
f 28/404/329 476/403/329 477/405/329 29/406/329
f 29/406/330 477/405/330 478/407/330 30/408/330
f 30/408/331 478/407/331 479/409/331 31/410/331
f 31/410/332 479/409/332 480/350/332 32/349/332
f 96/380/333 95/411/333 481/412/333 465/381/333
f 465/381/334 481/412/334 482/413/334 466/383/334
f 466/383/335 482/413/335 483/414/335 467/385/335
f 467/385/336 483/414/336 484/415/336 468/387/336
f 468/387/337 484/415/337 485/416/337 469/389/337
f 469/389/338 485/416/338 486/417/338 470/391/338
f 470/391/339 486/417/339 487/418/339 471/393/339
f 471/393/340 487/418/340 488/419/340 472/395/340
f 472/395/341 488/419/341 489/420/341 473/397/341
f 473/397/342 489/420/342 490/421/342 474/399/342
f 474/399/343 490/421/343 491/422/343 475/401/343
f 475/401/344 491/422/344 492/423/344 476/403/344
f 476/403/345 492/423/345 493/424/345 477/405/345
f 477/405/346 493/424/346 494/425/346 478/407/346
f 478/407/347 494/425/347 495/426/347 479/409/347
f 479/409/348 495/426/348 496/352/348 480/350/348
f 95/411/349 94/427/349 497/428/349 481/412/349
f 481/412/350 497/428/350 498/429/350 482/413/350
f 482/413/351 498/429/351 499/430/351 483/414/351
f 483/414/352 499/430/352 500/431/352 484/415/352
f 484/415/353 500/431/353 501/432/353 485/416/353
f 485/416/354 501/432/354 502/433/354 486/417/354
f 486/417/355 502/433/355 503/434/355 487/418/355
f 487/418/356 503/434/356 504/435/356 488/419/356
f 488/419/357 504/435/357 505/436/357 489/420/357
f 489/420/358 505/436/358 506/437/358 490/421/358
f 490/421/359 506/437/359 507/438/359 491/422/359
f 491/422/360 507/438/360 508/439/360 492/423/360
f 492/423/361 508/439/361 509/440/361 493/424/361
f 493/424/362 509/440/362 510/441/362 494/425/362
f 494/425/363 510/441/363 511/442/363 495/426/363
f 495/426/364 511/442/364 512/354/364 496/352/364
f 94/427/365 93/443/365 513/444/365 497/428/365
f 497/428/366 513/444/366 514/445/366 498/429/366
f 498/429/367 514/445/367 515/446/367 499/430/367
f 499/430/368 515/446/368 516/447/368 500/431/368
f 500/431/369 516/447/369 517/448/369 501/432/369
f 501/432/370 517/448/370 518/449/370 502/433/370
f 502/433/371 518/449/371 519/450/371 503/434/371
f 503/434/372 519/450/372 520/451/372 504/435/372
f 504/435/373 520/451/373 521/452/373 505/436/373
f 505/436/374 521/452/374 522/453/374 506/437/374
f 506/437/375 522/453/375 523/454/375 507/438/375
f 507/438/376 523/454/376 524/455/376 508/439/376
f 508/439/377 524/455/377 525/456/377 509/440/377
f 509/440/378 525/456/378 526/457/378 510/441/378
f 510/441/379 526/457/379 527/458/379 511/442/379
f 511/442/380 527/458/380 528/356/380 512/354/380
f 93/443/381 92/459/381 529/460/381 513/444/381
f 513/444/382 529/460/382 530/461/382 514/445/382
f 514/445/383 530/461/383 531/462/383 515/446/383
f 515/446/384 531/462/384 532/463/384 516/447/384
f 516/447/385 532/463/385 533/464/385 517/448/385
f 517/448/386 533/464/386 534/465/386 518/449/386
f 518/449/387 534/465/387 535/466/387 519/450/387
f 519/450/388 535/466/388 536/467/388 520/451/388
f 520/451/389 536/467/389 537/468/389 521/452/389
f 521/452/390 537/468/390 538/469/390 522/453/390
f 522/453/391 538/469/391 539/470/391 523/454/391
f 523/454/392 539/470/392 540/471/392 524/455/392
f 524/455/393 540/471/393 541/472/393 525/456/393
f 525/456/394 541/472/394 542/473/394 526/457/394
f 526/457/395 542/473/395 543/474/395 527/458/395
f 527/458/396 543/474/396 544/358/396 528/356/396
f 92/459/397 91/475/397 545/476/397 529/460/397
f 529/460/398 545/476/398 546/477/398 530/461/398
f 530/461/399 546/477/399 547/478/399 531/462/399
f 531/462/400 547/478/400 548/479/400 532/463/400
f 532/463/401 548/479/401 549/480/401 533/464/401
f 533/464/402 549/480/402 550/481/402 534/465/402
f 534/465/403 550/481/403 551/482/403 535/466/403
f 535/466/404 551/482/404 552/483/404 536/467/404
f 536/467/405 552/483/405 553/484/405 537/468/405
f 537/468/406 553/484/406 554/485/406 538/469/406
f 538/469/407 554/485/407 555/486/407 539/470/407
f 539/470/408 555/486/408 556/487/408 540/471/408
f 540/471/409 556/487/409 557/488/409 541/472/409
f 541/472/410 557/488/410 558/489/410 542/473/410
f 542/473/411 558/489/411 559/490/411 543/474/411
f 543/474/412 559/490/412 560/360/412 544/358/412
f 91/475/413 90/491/413 561/492/413 545/476/413
f 545/476/414 561/492/414 562/493/414 546/477/414
f 546/477/415 562/493/415 563/494/415 547/478/415
f 547/478/416 563/494/416 564/495/416 548/479/416
f 548/479/417 564/495/417 565/496/417 549/480/417
f 549/480/418 565/496/418 566/497/418 550/481/418
f 550/481/419 566/497/419 567/498/419 551/482/419
f 551/482/420 567/498/420 568/499/420 552/483/420
f 552/483/421 568/499/421 569/500/421 553/484/421
f 553/484/422 569/500/422 570/501/422 554/485/422
f 554/485/423 570/501/423 571/502/423 555/486/423
f 555/486/424 571/502/424 572/503/424 556/487/424
f 556/487/425 572/503/425 573/504/425 557/488/425
f 557/488/426 573/504/426 574/505/426 558/489/426
f 558/489/427 574/505/427 575/506/427 559/490/427
f 559/490/428 575/506/428 576/362/428 560/360/428
f 90/491/429 89/507/429 577/508/429 561/492/429
f 561/492/430 577/508/430 578/509/430 562/493/430
f 562/493/431 578/509/431 579/510/431 563/494/431
f 563/494/432 579/510/432 580/511/432 564/495/432
f 564/495/433 580/511/433 581/512/433 565/496/433
f 565/496/434 581/512/434 582/513/434 566/497/434
f 566/497/435 582/513/435 583/514/435 567/498/435
f 567/498/436 583/514/436 584/515/436 568/499/436
f 568/499/437 584/515/437 585/516/437 569/500/437
f 569/500/438 585/516/438 586/517/438 570/501/438
f 570/501/439 586/517/439 587/518/439 571/502/439
f 571/502/440 587/518/440 588/519/440 572/503/440
f 572/503/441 588/519/441 589/520/441 573/504/441
f 573/504/442 589/520/442 590/521/442 574/505/442
f 574/505/443 590/521/443 591/522/443 575/506/443
f 575/506/444 591/522/444 592/364/444 576/362/444
f 89/507/445 88/523/445 593/524/445 577/508/445
f 577/508/446 593/524/446 594/525/446 578/509/446
f 578/509/447 594/525/447 595/526/447 579/510/447
f 579/510/448 595/526/448 596/527/448 580/511/448
f 580/511/449 596/527/449 597/528/449 581/512/449
f 581/512/450 597/528/450 598/529/450 582/513/450
f 582/513/451 598/529/451 599/530/451 583/514/451
f 583/514/452 599/530/452 600/531/452 584/515/452
f 584/515/453 600/531/453 601/532/453 585/516/453
f 585/516/454 601/532/454 602/533/454 586/517/454
f 586/517/455 602/533/455 603/534/455 587/518/455
f 587/518/456 603/534/456 604/535/456 588/519/456
f 588/519/457 604/535/457 605/536/457 589/520/457
f 589/520/458 605/536/458 606/537/458 590/521/458
f 590/521/459 606/537/459 607/538/459 591/522/459
f 591/522/460 607/538/460 608/366/460 592/364/460
f 88/523/461 87/539/461 609/540/461 593/524/461
f 593/524/462 609/540/462 610/541/462 594/525/462
f 594/525/463 610/541/463 611/542/463 595/526/463
f 595/526/464 611/542/464 612/543/464 596/527/464
f 596/527/465 612/543/465 613/544/465 597/528/465
f 597/528/466 613/544/466 614/545/466 598/529/466
f 598/529/467 614/545/467 615/546/467 599/530/467
f 599/530/468 615/546/468 616/547/468 600/531/468
f 600/531/469 616/547/469 617/548/469 601/532/469
f 601/532/470 617/548/470 618/549/470 602/533/470
f 602/533/471 618/549/471 619/550/471 603/534/471
f 603/534/472 619/550/472 620/551/472 604/535/472
f 604/535/473 620/551/473 621/552/473 605/536/473
f 605/536/474 621/552/474 622/553/474 606/537/474
f 606/537/475 622/553/475 623/554/475 607/538/475
f 607/538/476 623/554/476 624/368/476 608/366/476
f 87/539/477 86/555/477 625/556/477 609/540/477
f 609/540/478 625/556/478 626/557/478 610/541/478
f 610/541/479 626/557/479 627/558/479 611/542/479
f 611/542/480 627/558/480 628/559/480 612/543/480
f 612/543/481 628/559/481 629/560/481 613/544/481
f 613/544/482 629/560/482 630/561/482 614/545/482
f 614/545/483 630/561/483 631/562/483 615/546/483
f 615/546/484 631/562/484 632/563/484 616/547/484
f 616/547/485 632/563/485 633/564/485 617/548/485
f 617/548/486 633/564/486 634/565/486 618/549/486
f 618/549/487 634/565/487 635/566/487 619/550/487
f 619/550/488 635/566/488 636/567/488 620/551/488
f 620/551/489 636/567/489 637/568/489 621/552/489
f 621/552/490 637/568/490 638/569/490 622/553/490
f 622/553/491 638/569/491 639/570/491 623/554/491
f 623/554/492 639/570/492 640/370/492 624/368/492
f 86/555/493 85/571/493 641/572/493 625/556/493
f 625/556/494 641/572/494 642/573/494 626/557/494
f 626/557/495 642/573/495 643/574/495 627/558/495
f 627/558/496 643/574/496 644/575/496 628/559/496
f 628/559/497 644/575/497 645/576/497 629/560/497
f 629/560/498 645/576/498 646/577/498 630/561/498
f 630/561/499 646/577/499 647/578/499 631/562/499
f 631/562/500 647/578/500 648/579/500 632/563/500
f 632/563/501 648/579/501 649/580/501 633/564/501
f 633/564/502 649/580/502 650/581/502 634/565/502
f 634/565/503 650/581/503 651/582/503 635/566/503
f 635/566/504 651/582/504 652/583/504 636/567/504
f 636/567/505 652/583/505 653/584/505 637/568/505
f 637/568/506 653/584/506 654/585/506 638/569/506
f 638/569/507 654/585/507 655/586/507 639/570/507
f 639/570/508 655/586/508 656/372/508 640/370/508
f 85/571/509 84/587/509 657/588/509 641/572/509
f 641/572/510 657/588/510 658/589/510 642/573/510
f 642/573/511 658/589/511 659/590/511 643/574/511
f 643/574/512 659/590/512 660/591/512 644/575/512
f 644/575/513 660/591/513 661/592/513 645/576/513
f 645/576/514 661/592/514 662/593/514 646/577/514
f 646/577/515 662/593/515 663/594/515 647/578/515
f 647/578/516 663/594/516 664/595/516 648/579/516
f 648/579/517 664/595/517 665/596/517 649/580/517
f 649/580/518 665/596/518 666/597/518 650/581/518
f 650/581/519 666/597/519 667/598/519 651/582/519
f 651/582/520 667/598/520 668/599/520 652/583/520
f 652/583/521 668/599/521 669/600/521 653/584/521
f 653/584/522 669/600/522 670/601/522 654/585/522
f 654/585/523 670/601/523 671/602/523 655/586/523
f 655/586/524 671/602/524 672/374/524 656/372/524
f 84/587/525 83/603/525 673/604/525 657/588/525
f 657/588/526 673/604/526 674/605/526 658/589/526
f 658/589/527 674/605/527 675/606/527 659/590/527
f 659/590/528 675/606/528 676/607/528 660/591/528
f 660/591/529 676/607/529 677/608/529 661/592/529
f 661/592/530 677/608/530 678/609/530 662/593/530
f 662/593/531 678/609/531 679/610/531 663/594/531
f 663/594/532 679/610/532 680/611/532 664/595/532
f 664/595/533 680/611/533 681/612/533 665/596/533
f 665/596/534 681/612/534 682/613/534 666/597/534
f 666/597/535 682/613/535 683/614/535 667/598/535
f 667/598/536 683/614/536 684/615/536 668/599/536
f 668/599/537 684/615/537 685/616/537 669/600/537
f 669/600/538 685/616/538 686/617/538 670/601/538
f 670/601/539 686/617/539 687/618/539 671/602/539
f 671/602/540 687/618/540 688/376/540 672/374/540
f 83/603/541 82/619/541 689/620/541 673/604/541
f 673/604/542 689/620/542 690/621/542 674/605/542
f 674/605/543 690/621/543 691/622/543 675/606/543
f 675/606/544 691/622/544 692/623/544 676/607/544
f 676/607/545 692/623/545 693/624/545 677/608/545
f 677/608/546 693/624/546 694/625/546 678/609/546
f 678/609/547 694/625/547 695/626/547 679/610/547
f 679/610/548 695/626/548 696/627/548 680/611/548
f 680/611/549 696/627/549 697/628/549 681/612/549
f 681/612/550 697/628/550 698/629/550 682/613/550
f 682/613/551 698/629/551 699/630/551 683/614/551
f 683/614/552 699/630/552 700/631/552 684/615/552
f 684/615/553 700/631/553 701/632/553 685/616/553
f 685/616/554 701/632/554 702/633/554 686/617/554
f 686/617/555 702/633/555 703/634/555 687/618/555
f 687/618/556 703/634/556 704/378/556 688/376/556
f 82/619/557 81/635/557 705/636/557 689/620/557
f 689/620/558 705/636/558 706/637/558 690/621/558
f 690/621/559 706/637/559 707/638/559 691/622/559
f 691/622/560 707/638/560 708/639/560 692/623/560
f 692/623/561 708/639/561 709/640/561 693/624/561
f 693/624/562 709/640/562 710/641/562 694/625/562
f 694/625/563 710/641/563 711/642/563 695/626/563
f 695/626/564 711/642/564 712/643/564 696/627/564
f 696/627/565 712/643/565 713/644/565 697/628/565
f 697/628/566 713/644/566 714/645/566 698/629/566
f 698/629/567 714/645/567 715/646/567 699/630/567
f 699/630/568 715/646/568 716/647/568 700/631/568
f 700/631/569 716/647/569 717/648/569 701/632/569
f 701/632/570 717/648/570 718/649/570 702/633/570
f 702/633/571 718/649/571 719/650/571 703/634/571
f 703/634/572 719/650/572 720/27/572 704/378/572
f 81/635/573 15/13/573 144/651/573 705/636/573
f 705/636/574 144/651/574 143/652/574 706/637/574
f 706/637/575 143/652/575 142/653/575 707/638/575
f 707/638/576 142/653/576 141/654/576 708/639/576
f 708/639/577 141/654/577 140/655/577 709/640/577
f 709/640/578 140/655/578 139/656/578 710/641/578
f 710/641/579 139/656/579 138/657/579 711/642/579
f 711/642/580 138/657/580 137/658/580 712/643/580
f 712/643/581 137/658/581 136/659/581 713/644/581
f 713/644/582 136/659/582 135/660/582 714/645/582
f 714/645/583 135/660/583 134/661/583 715/646/583
f 715/646/584 134/661/584 133/662/584 716/647/584
f 716/647/585 133/662/585 132/663/585 717/648/585
f 717/648/586 132/663/586 131/664/586 718/649/586
f 718/649/587 131/664/587 130/665/587 719/650/587
f 719/650/588 130/665/588 129/28/588 720/27/588
f 177/666/589 736/667/589 33/668/589 9/7/589
f 736/667/590 752/669/590 34/670/590 33/668/590
f 752/669/591 768/671/591 35/672/591 34/670/591
f 768/671/592 784/673/592 36/674/592 35/672/592
f 784/673/593 800/675/593 37/676/593 36/674/593
f 800/675/594 816/677/594 38/678/594 37/676/594
f 816/677/595 832/679/595 39/680/595 38/678/595
f 832/679/596 848/681/596 40/682/596 39/680/596
f 848/681/597 864/683/597 41/684/597 40/682/597
f 864/683/598 880/685/598 42/686/598 41/684/598
f 880/685/599 896/687/599 43/688/599 42/686/599
f 896/687/600 912/689/600 44/690/600 43/688/600
f 912/689/601 928/691/601 45/692/601 44/690/601
f 928/691/602 944/693/602 46/694/602 45/692/602
f 944/693/603 960/695/603 47/696/603 46/694/603
f 960/695/604 976/24/604 48/26/604 47/696/604
f 13/5/605 176/697/605 721/698/605 192/699/605
f 192/699/606 721/698/606 722/700/606 191/701/606
f 191/701/607 722/700/607 723/702/607 190/703/607
f 190/703/608 723/702/608 724/704/608 189/705/608
f 189/705/609 724/704/609 725/706/609 188/707/609
f 188/707/610 725/706/610 726/708/610 187/709/610
f 187/709/611 726/708/611 727/710/611 186/711/611
f 186/711/612 727/710/612 728/712/612 185/713/612
f 185/713/613 728/712/613 729/714/613 184/715/613
f 184/715/614 729/714/614 730/716/614 183/717/614
f 183/717/615 730/716/615 731/718/615 182/719/615
f 182/719/616 731/718/616 732/720/616 181/721/616
f 181/721/617 732/720/617 733/722/617 180/723/617
f 180/723/618 733/722/618 734/724/618 179/725/618
f 179/725/619 734/724/619 735/726/619 178/727/619
f 178/727/620 735/726/620 736/667/620 177/666/620
f 176/697/621 175/728/621 737/729/621 721/698/621
f 721/698/622 737/729/622 738/730/622 722/700/622
f 722/700/623 738/730/623 739/731/623 723/702/623
f 723/702/624 739/731/624 740/732/624 724/704/624
f 724/704/625 740/732/625 741/733/625 725/706/625
f 725/706/626 741/733/626 742/734/626 726/708/626
f 726/708/627 742/734/627 743/735/627 727/710/627
f 727/710/628 743/735/628 744/736/628 728/712/628
f 728/712/629 744/736/629 745/737/629 729/714/629
f 729/714/630 745/737/630 746/738/630 730/716/630
f 730/716/631 746/738/631 747/739/631 731/718/631
f 731/718/632 747/739/632 748/740/632 732/720/632
f 732/720/633 748/740/633 749/741/633 733/722/633
f 733/722/634 749/741/634 750/742/634 734/724/634
f 734/724/635 750/742/635 751/743/635 735/726/635
f 735/726/636 751/743/636 752/669/636 736/667/636
f 175/728/637 174/744/637 753/745/637 737/729/637
f 737/729/638 753/745/638 754/746/638 738/730/638
f 738/730/639 754/746/639 755/747/639 739/731/639
f 739/731/640 755/747/640 756/748/640 740/732/640
f 740/732/641 756/748/641 757/749/641 741/733/641
f 741/733/642 757/749/642 758/750/642 742/734/642
f 742/734/643 758/750/643 759/751/643 743/735/643
f 743/735/644 759/751/644 760/752/644 744/736/644
f 744/736/645 760/752/645 761/753/645 745/737/645
f 745/737/646 761/753/646 762/754/646 746/738/646
f 746/738/647 762/754/647 763/755/647 747/739/647
f 747/739/648 763/755/648 764/756/648 748/740/648
f 748/740/649 764/756/649 765/757/649 749/741/649
f 749/741/650 765/757/650 766/758/650 750/742/650
f 750/742/651 766/758/651 767/759/651 751/743/651
f 751/743/652 767/759/652 768/671/652 752/669/652
f 174/744/653 173/760/653 769/761/653 753/745/653
f 753/745/654 769/761/654 770/762/654 754/746/654
f 754/746/655 770/762/656 771/763/655 755/747/656
f 755/747/657 771/763/657 772/764/657 756/748/657
f 756/748/658 772/764/658 773/765/658 757/749/658
f 757/749/659 773/765/659 774/766/659 758/750/659
f 758/750/660 774/766/660 775/767/660 759/751/660
f 759/751/661 775/767/661 776/768/661 760/752/661
f 760/752/662 776/768/662 777/769/662 761/753/662
f 761/753/663 777/769/663 778/770/663 762/754/663
f 762/754/664 778/770/664 779/771/664 763/755/664
f 763/755/665 779/771/665 780/772/665 764/756/665
f 764/756/666 780/772/666 781/773/666 765/757/666
f 765/757/667 781/773/667 782/774/667 766/758/667
f 766/758/668 782/774/668 783/775/668 767/759/668
f 767/759/669 783/775/669 784/673/669 768/671/669
f 173/760/670 172/776/670 785/777/670 769/761/670
f 769/761/671 785/777/671 786/778/671 770/762/671
f 770/762/672 786/778/672 787/779/672 771/763/672
f 771/763/673 787/779/673 788/780/673 772/764/673
f 772/764/674 788/780/674 789/781/674 773/765/674
f 773/765/675 789/781/675 790/782/675 774/766/675
f 774/766/676 790/782/676 791/783/676 775/767/676
f 775/767/677 791/783/677 792/784/677 776/768/677
f 776/768/678 792/784/678 793/785/678 777/769/678
f 777/769/679 793/785/679 794/786/679 778/770/679
f 778/770/680 794/786/680 795/787/680 779/771/680
f 779/771/681 795/787/681 796/788/681 780/772/681
f 780/772/682 796/788/682 797/789/682 781/773/682
f 781/773/683 797/789/683 798/790/683 782/774/683
f 782/774/684 798/790/684 799/791/684 783/775/684
f 783/775/685 799/791/685 800/675/685 784/673/685
f 172/776/686 171/792/686 801/793/686 785/777/686
f 785/777/687 801/793/687 802/794/687 786/778/687
f 786/778/688 802/794/688 803/795/688 787/779/688
f 787/779/689 803/795/689 804/796/689 788/780/689
f 788/780/690 804/796/690 805/797/690 789/781/690
f 789/781/691 805/797/691 806/798/691 790/782/691
f 790/782/692 806/798/692 807/799/692 791/783/692
f 791/783/693 807/799/693 808/800/693 792/784/693
f 792/784/694 808/800/694 809/801/694 793/785/694
f 793/785/695 809/801/695 810/802/695 794/786/695
f 794/786/696 810/802/696 811/803/696 795/787/696
f 795/787/697 811/803/697 812/804/697 796/788/697
f 796/788/698 812/804/698 813/805/698 797/789/698
f 797/789/699 813/805/699 814/806/699 798/790/699
f 798/790/700 814/806/700 815/807/700 799/791/700
f 799/791/701 815/807/701 816/677/701 800/675/701
f 171/792/702 170/808/702 817/809/702 801/793/702
f 801/793/703 817/809/703 818/810/703 802/794/703
f 802/794/704 818/810/704 819/811/704 803/795/704
f 803/795/705 819/811/705 820/812/705 804/796/705
f 804/796/706 820/812/706 821/813/706 805/797/706
f 805/797/707 821/813/707 822/814/707 806/798/707
f 806/798/708 822/814/708 823/815/708 807/799/708
f 807/799/709 823/815/709 824/816/709 808/800/709
f 808/800/710 824/816/710 825/817/710 809/801/710
f 809/801/711 825/817/711 826/818/711 810/802/711
f 810/802/712 826/818/712 827/819/712 811/803/712
f 811/803/713 827/819/713 828/820/713 812/804/713
f 812/804/714 828/820/714 829/821/714 813/805/714
f 813/805/715 829/821/715 830/822/715 814/806/715
f 814/806/716 830/822/716 831/823/716 815/807/716
f 815/807/717 831/823/717 832/679/717 816/677/717
f 170/808/718 169/824/718 833/825/718 817/809/718
f 817/809/719 833/825/719 834/826/719 818/810/719
f 818/810/720 834/826/720 835/827/720 819/811/720
f 819/811/721 835/827/721 836/828/721 820/812/721
f 820/812/722 836/828/722 837/829/722 821/813/722
f 821/813/723 837/829/723 838/830/723 822/814/723
f 822/814/724 838/830/724 839/831/724 823/815/724
f 823/815/725 839/831/725 840/832/725 824/816/725
f 824/816/726 840/832/726 841/833/726 825/817/726
f 825/817/727 841/833/727 842/834/727 826/818/727
f 826/818/728 842/834/728 843/835/728 827/819/728
f 827/819/729 843/835/729 844/836/729 828/820/729
f 828/820/730 844/836/730 845/837/730 829/821/730
f 829/821/731 845/837/731 846/838/731 830/822/731
f 830/822/732 846/838/732 847/839/732 831/823/732
f 831/823/733 847/839/733 848/681/733 832/679/733
f 169/824/734 168/840/734 849/841/734 833/825/734
f 833/825/735 849/841/735 850/842/735 834/826/735
f 834/826/736 850/842/736 851/843/736 835/827/736
f 835/827/737 851/843/737 852/844/737 836/828/737
f 836/828/738 852/844/738 853/845/738 837/829/738
f 837/829/739 853/845/739 854/846/739 838/830/739
f 838/830/740 854/846/740 855/847/740 839/831/740
f 839/831/741 855/847/741 856/848/741 840/832/741
f 840/832/742 856/848/742 857/849/742 841/833/742
f 841/833/743 857/849/743 858/850/743 842/834/743
f 842/834/744 858/850/744 859/851/744 843/835/744
f 843/835/745 859/851/745 860/852/745 844/836/745
f 844/836/746 860/852/746 861/853/746 845/837/746
f 845/837/747 861/853/747 862/854/747 846/838/747
f 846/838/748 862/854/748 863/855/748 847/839/748
f 847/839/749 863/855/749 864/683/749 848/681/749
f 168/840/750 167/856/750 865/857/750 849/841/750
f 849/841/751 865/857/751 866/858/751 850/842/751
f 850/842/752 866/858/752 867/859/752 851/843/752
f 851/843/753 867/859/753 868/860/753 852/844/753
f 852/844/754 868/860/754 869/861/754 853/845/754
f 853/845/755 869/861/755 870/862/755 854/846/755
f 854/846/756 870/862/756 871/863/756 855/847/756
f 855/847/757 871/863/757 872/864/757 856/848/757
f 856/848/758 872/864/758 873/865/758 857/849/758
f 857/849/759 873/865/759 874/866/759 858/850/759
f 858/850/760 874/866/760 875/867/760 859/851/760
f 859/851/761 875/867/761 876/868/761 860/852/761
f 860/852/762 876/868/762 877/869/762 861/853/762
f 861/853/763 877/869/763 878/870/763 862/854/763
f 862/854/764 878/870/764 879/871/764 863/855/764
f 863/855/765 879/871/765 880/685/765 864/683/765
f 167/856/766 166/872/766 881/873/766 865/857/766
f 865/857/767 881/873/767 882/874/767 866/858/767
f 866/858/768 882/874/768 883/875/768 867/859/768
f 867/859/769 883/875/769 884/876/769 868/860/769
f 868/860/770 884/876/770 885/877/770 869/861/770
f 869/861/771 885/877/771 886/878/771 870/862/771
f 870/862/772 886/878/772 887/879/772 871/863/772
f 871/863/773 887/879/773 888/880/773 872/864/773
f 872/864/774 888/880/774 889/881/774 873/865/774
f 873/865/775 889/881/775 890/882/775 874/866/775
f 874/866/776 890/882/776 891/883/776 875/867/776
f 875/867/777 891/883/777 892/884/777 876/868/777
f 876/868/778 892/884/778 893/885/778 877/869/778
f 877/869/779 893/885/779 894/886/779 878/870/779
f 878/870/780 894/886/780 895/887/780 879/871/780
f 879/871/781 895/887/781 896/687/781 880/685/781
f 166/872/782 165/888/782 897/889/782 881/873/782
f 881/873/783 897/889/783 898/890/783 882/874/783
f 882/874/784 898/890/784 899/891/784 883/875/784
f 883/875/785 899/891/785 900/892/785 884/876/785
f 884/876/786 900/892/786 901/893/786 885/877/786
f 885/877/787 901/893/787 902/894/787 886/878/787
f 886/878/788 902/894/788 903/895/788 887/879/788
f 887/879/789 903/895/789 904/896/789 888/880/789
f 888/880/790 904/896/790 905/897/790 889/881/790
f 889/881/791 905/897/791 906/898/791 890/882/791
f 890/882/792 906/898/792 907/899/792 891/883/792
f 891/883/793 907/899/793 908/900/793 892/884/793
f 892/884/794 908/900/794 909/901/794 893/885/794
f 893/885/795 909/901/795 910/902/795 894/886/795
f 894/886/796 910/902/796 911/903/796 895/887/796
f 895/887/797 911/903/797 912/689/797 896/687/797
f 165/888/798 164/904/798 913/905/798 897/889/798
f 897/889/799 913/905/799 914/906/799 898/890/799
f 898/890/800 914/906/800 915/907/800 899/891/800
f 899/891/801 915/907/801 916/908/801 900/892/801
f 900/892/802 916/908/802 917/909/802 901/893/802
f 901/893/803 917/909/803 918/910/803 902/894/803
f 902/894/804 918/910/804 919/911/804 903/895/804
f 903/895/805 919/911/805 920/912/805 904/896/805
f 904/896/806 920/912/806 921/913/806 905/897/806
f 905/897/807 921/913/807 922/914/807 906/898/807
f 906/898/808 922/914/808 923/915/808 907/899/808
f 907/899/809 923/915/809 924/916/809 908/900/809
f 908/900/810 924/916/810 925/917/810 909/901/810
f 909/901/811 925/917/811 926/918/811 910/902/811
f 910/902/812 926/918/812 927/919/812 911/903/812
f 911/903/813 927/919/813 928/691/813 912/689/813
f 164/904/814 163/920/814 929/921/814 913/905/814
f 913/905/815 929/921/815 930/922/815 914/906/815
f 914/906/816 930/922/816 931/923/816 915/907/816
f 915/907/817 931/923/817 932/924/817 916/908/817
f 916/908/818 932/924/818 933/925/818 917/909/818
f 917/909/819 933/925/819 934/926/819 918/910/819
f 918/910/820 934/926/820 935/927/820 919/911/820
f 919/911/821 935/927/821 936/928/821 920/912/821
f 920/912/822 936/928/822 937/929/822 921/913/822
f 921/913/823 937/929/823 938/930/823 922/914/823
f 922/914/824 938/930/824 939/931/824 923/915/824
f 923/915/825 939/931/825 940/932/825 924/916/825
f 924/916/826 940/932/826 941/933/826 925/917/826
f 925/917/827 941/933/827 942/934/827 926/918/827
f 926/918/828 942/934/828 943/935/828 927/919/828
f 927/919/829 943/935/829 944/693/829 928/691/829
f 163/920/830 162/936/830 945/937/830 929/921/830
f 929/921/831 945/937/831 946/938/831 930/922/831
f 930/922/832 946/938/832 947/939/832 931/923/832
f 931/923/833 947/939/833 948/940/833 932/924/833
f 932/924/834 948/940/834 949/941/834 933/925/834
f 933/925/835 949/941/835 950/942/835 934/926/835
f 934/926/836 950/942/836 951/943/836 935/927/836
f 935/927/837 951/943/837 952/944/837 936/928/837
f 936/928/838 952/944/838 953/945/838 937/929/838
f 937/929/839 953/945/839 954/946/839 938/930/839
f 938/930/840 954/946/840 955/947/840 939/931/840
f 939/931/841 955/947/841 956/948/841 940/932/841
f 940/932/842 956/948/842 957/949/842 941/933/842
f 941/933/843 957/949/843 958/950/843 942/934/843
f 942/934/844 958/950/844 959/951/844 943/935/844
f 943/935/845 959/951/845 960/695/845 944/693/845
f 162/936/846 161/23/846 961/952/846 945/937/846
f 945/937/847 961/952/847 962/953/847 946/938/847
f 946/938/848 962/953/848 963/954/848 947/939/848
f 947/939/849 963/954/849 964/955/849 948/940/849
f 948/940/850 964/955/850 965/956/850 949/941/850
f 949/941/851 965/956/851 966/957/851 950/942/851
f 950/942/852 966/957/852 967/958/852 951/943/852
f 951/943/853 967/958/853 968/959/853 952/944/853
f 952/944/854 968/959/854 969/960/854 953/945/854
f 953/945/855 969/960/855 970/961/855 954/946/855
f 954/946/856 970/961/856 971/962/856 955/947/856
f 955/947/857 971/962/857 972/963/857 956/948/857
f 956/948/858 972/963/858 973/964/858 957/949/858
f 957/949/859 973/964/859 974/965/859 958/950/859
f 958/950/860 974/965/860 975/966/860 959/951/860
f 959/951/861 975/966/861 976/24/861 960/695/861
f 161/23/862 14/4/862 193/967/862 961/952/862
f 961/952/863 193/967/863 194/968/863 962/953/863
f 962/953/864 194/968/864 195/969/864 963/954/864
f 963/954/865 195/969/865 196/970/865 964/955/865
f 964/955/866 196/970/866 197/971/866 965/956/866
f 965/956/867 197/971/867 198/972/867 966/957/867
f 966/957/868 198/972/868 199/973/868 967/958/868
f 967/958/869 199/973/869 200/974/869 968/959/869
f 968/959/870 200/974/870 201/975/870 969/960/870
f 969/960/871 201/975/871 202/976/871 970/961/871
f 970/961/872 202/976/872 203/977/872 971/962/872
f 971/962/873 203/977/873 204/978/873 972/963/873
f 972/963/874 204/978/874 205/979/874 973/964/874
f 973/964/875 205/979/875 206/980/875 974/965/875
f 974/965/876 206/980/876 207/981/876 975/966/876
f 975/966/877 207/981/877 208/25/877 976/24/877
f 129/28/878 992/982/878 176/697/878 13/5/878
f 992/982/879 1008/983/879 175/728/879 176/697/879
f 1008/983/880 1024/984/880 174/744/880 175/728/880
f 1024/984/881 1040/985/881 173/760/881 174/744/881
f 1040/985/882 1056/986/882 172/776/882 173/760/882
f 1056/986/883 1072/987/883 171/792/883 172/776/883
f 1072/987/884 1088/988/884 170/808/884 171/792/884
f 1088/988/885 1104/989/885 169/824/885 170/808/885
f 1104/989/886 1120/990/886 168/840/886 169/824/886
f 1120/990/887 1136/991/887 167/856/887 168/840/887
f 1136/991/888 1152/992/888 166/872/888 167/856/888
f 1152/992/889 1168/993/889 165/888/889 166/872/889
f 1168/993/890 1184/994/890 164/904/890 165/888/890
f 1184/994/891 1200/995/891 163/920/891 164/904/891
f 1200/995/892 1216/996/892 162/936/892 163/920/892
f 1216/996/893 1232/21/893 161/23/893 162/936/893
f 15/13/894 128/997/894 977/998/894 144/651/894
f 144/651/895 977/998/895 978/999/895 143/652/895
f 143/652/896 978/999/896 979/1000/896 142/653/896
f 142/653/897 979/1000/897 980/1001/897 141/654/897
f 141/654/898 980/1001/898 981/1002/898 140/655/898
f 140/655/899 981/1002/899 982/1003/899 139/656/899
f 139/656/900 982/1003/900 983/1004/900 138/657/900
f 138/657/901 983/1004/901 984/1005/901 137/658/901
f 137/658/902 984/1005/902 985/1006/902 136/659/902
f 136/659/903 985/1006/903 986/1007/903 135/660/903
f 135/660/904 986/1007/904 987/1008/904 134/661/904
f 134/661/905 987/1008/905 988/1009/905 133/662/905
f 133/662/906 988/1009/906 989/1010/906 132/663/906
f 132/663/907 989/1010/907 990/1011/907 131/664/907
f 131/664/908 990/1011/908 991/1012/908 130/665/908
f 130/665/909 991/1012/909 992/982/909 129/28/909
f 128/997/910 127/1013/910 993/1014/910 977/998/910
f 977/998/911 993/1014/911 994/1015/911 978/999/911
f 978/999/912 994/1015/912 995/1016/912 979/1000/912
f 979/1000/913 995/1016/913 996/1017/913 980/1001/913
f 980/1001/914 996/1017/914 997/1018/914 981/1002/914
f 981/1002/915 997/1018/915 998/1019/915 982/1003/915
f 982/1003/916 998/1019/916 999/1020/916 983/1004/916
f 983/1004/917 999/1020/917 1000/1021/917 984/1005/917
f 984/1005/918 1000/1021/918 1001/1022/918 985/1006/918
f 985/1006/919 1001/1022/919 1002/1023/919 986/1007/919
f 986/1007/920 1002/1023/920 1003/1024/920 987/1008/920
f 987/1008/921 1003/1024/921 1004/1025/921 988/1009/921
f 988/1009/922 1004/1025/922 1005/1026/922 989/1010/922
f 989/1010/923 1005/1026/923 1006/1027/923 990/1011/923
f 990/1011/924 1006/1027/924 1007/1028/924 991/1012/924
f 991/1012/925 1007/1028/925 1008/983/925 992/982/925
f 127/1013/926 126/1029/926 1009/1030/926 993/1014/926
f 993/1014/927 1009/1030/927 1010/1031/927 994/1015/927
f 994/1015/928 1010/1031/928 1011/1032/928 995/1016/928
f 995/1016/929 1011/1032/929 1012/1033/929 996/1017/929
f 996/1017/930 1012/1033/930 1013/1034/930 997/1018/930
f 997/1018/931 1013/1034/931 1014/1035/931 998/1019/931
f 998/1019/932 1014/1035/932 1015/1036/932 999/1020/932
f 999/1020/933 1015/1036/933 1016/1037/933 1000/1021/933
f 1000/1021/934 1016/1037/934 1017/1038/934 1001/1022/934
f 1001/1022/935 1017/1038/935 1018/1039/935 1002/1023/935
f 1002/1023/936 1018/1039/936 1019/1040/936 1003/1024/936
f 1003/1024/937 1019/1040/937 1020/1041/937 1004/1025/937
f 1004/1025/938 1020/1041/938 1021/1042/938 1005/1026/938
f 1005/1026/939 1021/1042/939 1022/1043/939 1006/1027/939
f 1006/1027/940 1022/1043/940 1023/1044/940 1007/1028/940
f 1007/1028/941 1023/1044/941 1024/984/941 1008/983/941
f 126/1029/942 125/1045/942 1025/1046/942 1009/1030/942
f 1009/1030/943 1025/1046/943 1026/1047/943 1010/1031/943
f 1010/1031/944 1026/1047/944 1027/1048/944 1011/1032/944
f 1011/1032/945 1027/1048/945 1028/1049/945 1012/1033/945
f 1012/1033/946 1028/1049/946 1029/1050/946 1013/1034/946
f 1013/1034/947 1029/1050/947 1030/1051/947 1014/1035/947
f 1014/1035/948 1030/1051/948 1031/1052/948 1015/1036/948
f 1015/1036/949 1031/1052/949 1032/1053/949 1016/1037/949
f 1016/1037/950 1032/1053/950 1033/1054/950 1017/1038/950
f 1017/1038/951 1033/1054/951 1034/1055/951 1018/1039/951
f 1018/1039/952 1034/1055/952 1035/1056/952 1019/1040/952
f 1019/1040/953 1035/1056/953 1036/1057/953 1020/1041/953
f 1020/1041/954 1036/1057/954 1037/1058/954 1021/1042/954
f 1021/1042/955 1037/1058/955 1038/1059/955 1022/1043/955
f 1022/1043/956 1038/1059/956 1039/1060/956 1023/1044/956
f 1023/1044/957 1039/1060/957 1040/985/957 1024/984/957
f 125/1045/958 124/1061/958 1041/1062/958 1025/1046/958
f 1025/1046/959 1041/1062/959 1042/1063/959 1026/1047/959
f 1026/1047/960 1042/1063/960 1043/1064/960 1027/1048/960
f 1027/1048/961 1043/1064/961 1044/1065/961 1028/1049/961
f 1028/1049/962 1044/1065/962 1045/1066/962 1029/1050/962
f 1029/1050/963 1045/1066/963 1046/1067/963 1030/1051/963
f 1030/1051/964 1046/1067/964 1047/1068/964 1031/1052/964
f 1031/1052/965 1047/1068/965 1048/1069/965 1032/1053/965
f 1032/1053/966 1048/1069/966 1049/1070/966 1033/1054/966
f 1033/1054/967 1049/1070/967 1050/1071/967 1034/1055/967
f 1034/1055/968 1050/1071/968 1051/1072/968 1035/1056/968
f 1035/1056/969 1051/1072/969 1052/1073/969 1036/1057/969
f 1036/1057/970 1052/1073/970 1053/1074/970 1037/1058/970
f 1037/1058/971 1053/1074/971 1054/1075/971 1038/1059/971
f 1038/1059/972 1054/1075/972 1055/1076/972 1039/1060/972
f 1039/1060/973 1055/1076/973 1056/986/973 1040/985/973
f 124/1061/974 123/1077/974 1057/1078/974 1041/1062/974
f 1041/1062/975 1057/1078/975 1058/1079/975 1042/1063/975
f 1042/1063/976 1058/1079/976 1059/1080/976 1043/1064/976
f 1043/1064/977 1059/1080/977 1060/1081/977 1044/1065/977
f 1044/1065/978 1060/1081/978 1061/1082/978 1045/1066/978
f 1045/1066/979 1061/1082/979 1062/1083/979 1046/1067/979
f 1046/1067/980 1062/1083/980 1063/1084/980 1047/1068/980
f 1047/1068/981 1063/1084/981 1064/1085/981 1048/1069/981
f 1048/1069/982 1064/1085/982 1065/1086/982 1049/1070/982
f 1049/1070/983 1065/1086/983 1066/1087/983 1050/1071/983
f 1050/1071/984 1066/1087/984 1067/1088/984 1051/1072/984
f 1051/1072/985 1067/1088/985 1068/1089/985 1052/1073/985
f 1052/1073/986 1068/1089/986 1069/1090/986 1053/1074/986
f 1053/1074/987 1069/1090/987 1070/1091/987 1054/1075/987
f 1054/1075/988 1070/1091/988 1071/1092/988 1055/1076/988
f 1055/1076/989 1071/1092/989 1072/987/989 1056/986/989
f 123/1077/990 122/1093/990 1073/1094/990 1057/1078/990
f 1057/1078/991 1073/1094/991 1074/1095/991 1058/1079/991
f 1058/1079/992 1074/1095/992 1075/1096/992 1059/1080/992
f 1059/1080/993 1075/1096/993 1076/1097/993 1060/1081/993
f 1060/1081/994 1076/1097/994 1077/1098/994 1061/1082/994
f 1061/1082/995 1077/1098/995 1078/1099/995 1062/1083/995
f 1062/1083/996 1078/1099/996 1079/1100/996 1063/1084/996
f 1063/1084/997 1079/1100/997 1080/1101/997 1064/1085/997
f 1064/1085/998 1080/1101/998 1081/1102/998 1065/1086/998
f 1065/1086/999 1081/1102/999 1082/1103/999 1066/1087/999
f 1066/1087/1000 1082/1103/1000 1083/1104/1000 1067/1088/1000
f 1067/1088/1001 1083/1104/1001 1084/1105/1001 1068/1089/1001
f 1068/1089/1002 1084/1105/1002 1085/1106/1002 1069/1090/1002
f 1069/1090/1003 1085/1106/1003 1086/1107/1003 1070/1091/1003
f 1070/1091/1004 1086/1107/1004 1087/1108/1004 1071/1092/1004
f 1071/1092/1005 1087/1108/1005 1088/988/1005 1072/987/1005
f 122/1093/1006 121/1109/1006 1089/1110/1006 1073/1094/1006
f 1073/1094/1007 1089/1110/1007 1090/1111/1007 1074/1095/1007
f 1074/1095/1008 1090/1111/1008 1091/1112/1008 1075/1096/1008
f 1075/1096/1009 1091/1112/1009 1092/1113/1009 1076/1097/1009
f 1076/1097/1010 1092/1113/1010 1093/1114/1010 1077/1098/1010
f 1077/1098/1011 1093/1114/1011 1094/1115/1011 1078/1099/1011
f 1078/1099/1012 1094/1115/1012 1095/1116/1012 1079/1100/1012
f 1079/1100/1013 1095/1116/1013 1096/1117/1013 1080/1101/1013
f 1080/1101/1014 1096/1117/1014 1097/1118/1014 1081/1102/1014
f 1081/1102/1015 1097/1118/1015 1098/1119/1015 1082/1103/1015
f 1082/1103/1016 1098/1119/1016 1099/1120/1016 1083/1104/1016
f 1083/1104/1017 1099/1120/1017 1100/1121/1017 1084/1105/1017
f 1084/1105/1018 1100/1121/1018 1101/1122/1018 1085/1106/1018
f 1085/1106/1019 1101/1122/1019 1102/1123/1019 1086/1107/1019
f 1086/1107/1020 1102/1123/1020 1103/1124/1020 1087/1108/1020
f 1087/1108/1021 1103/1124/1021 1104/989/1021 1088/988/1021
f 121/1109/1022 120/1125/1022 1105/1126/1022 1089/1110/1022
f 1089/1110/1023 1105/1126/1023 1106/1127/1023 1090/1111/1023
f 1090/1111/1024 1106/1127/1024 1107/1128/1024 1091/1112/1024
f 1091/1112/1025 1107/1128/1025 1108/1129/1025 1092/1113/1025
f 1092/1113/1026 1108/1129/1026 1109/1130/1026 1093/1114/1026
f 1093/1114/1027 1109/1130/1027 1110/1131/1027 1094/1115/1027
f 1094/1115/1028 1110/1131/1028 1111/1132/1028 1095/1116/1028
f 1095/1116/1029 1111/1132/1029 1112/1133/1029 1096/1117/1029
f 1096/1117/1030 1112/1133/1030 1113/1134/1030 1097/1118/1030
f 1097/1118/1031 1113/1134/1031 1114/1135/1031 1098/1119/1031
f 1098/1119/1032 1114/1135/1032 1115/1136/1032 1099/1120/1032
f 1099/1120/1033 1115/1136/1033 1116/1137/1033 1100/1121/1033
f 1100/1121/1034 1116/1137/1034 1117/1138/1034 1101/1122/1034
f 1101/1122/1035 1117/1138/1035 1118/1139/1035 1102/1123/1035
f 1102/1123/1036 1118/1139/1036 1119/1140/1036 1103/1124/1036
f 1103/1124/1037 1119/1140/1037 1120/990/1037 1104/989/1037
f 120/1125/1038 119/1141/1038 1121/1142/1038 1105/1126/1038
f 1105/1126/1039 1121/1142/1039 1122/1143/1039 1106/1127/1039
f 1106/1127/1040 1122/1143/1040 1123/1144/1040 1107/1128/1040
f 1107/1128/1041 1123/1144/1041 1124/1145/1041 1108/1129/1041
f 1108/1129/1042 1124/1145/1042 1125/1146/1042 1109/1130/1042
f 1109/1130/1043 1125/1146/1043 1126/1147/1043 1110/1131/1043
f 1110/1131/1044 1126/1147/1044 1127/1148/1044 1111/1132/1044
f 1111/1132/1045 1127/1148/1045 1128/1149/1045 1112/1133/1045
f 1112/1133/1046 1128/1149/1046 1129/1150/1046 1113/1134/1046
f 1113/1134/1047 1129/1150/1047 1130/1151/1047 1114/1135/1047
f 1114/1135/1048 1130/1151/1048 1131/1152/1048 1115/1136/1048
f 1115/1136/1049 1131/1152/1049 1132/1153/1049 1116/1137/1049
f 1116/1137/1050 1132/1153/1050 1133/1154/1050 1117/1138/1050
f 1117/1138/1051 1133/1154/1051 1134/1155/1051 1118/1139/1051
f 1118/1139/1052 1134/1155/1052 1135/1156/1052 1119/1140/1052
f 1119/1140/1053 1135/1156/1053 1136/991/1053 1120/990/1053
f 119/1141/1054 118/1157/1054 1137/1158/1054 1121/1142/1054
f 1121/1142/1055 1137/1158/1055 1138/1159/1055 1122/1143/1055
f 1122/1143/1056 1138/1159/1056 1139/1160/1056 1123/1144/1056
f 1123/1144/1057 1139/1160/1057 1140/1161/1057 1124/1145/1057
f 1124/1145/1058 1140/1161/1058 1141/1162/1058 1125/1146/1058
f 1125/1146/1059 1141/1162/1059 1142/1163/1059 1126/1147/1059
f 1126/1147/1060 1142/1163/1060 1143/1164/1060 1127/1148/1060
f 1127/1148/1061 1143/1164/1061 1144/1165/1061 1128/1149/1061
f 1128/1149/1062 1144/1165/1062 1145/1166/1062 1129/1150/1062
f 1129/1150/1063 1145/1166/1063 1146/1167/1063 1130/1151/1063
f 1130/1151/1064 1146/1167/1064 1147/1168/1064 1131/1152/1064
f 1131/1152/1065 1147/1168/1065 1148/1169/1065 1132/1153/1065
f 1132/1153/1066 1148/1169/1066 1149/1170/1066 1133/1154/1066
f 1133/1154/1067 1149/1170/1067 1150/1171/1067 1134/1155/1067
f 1134/1155/1068 1150/1171/1068 1151/1172/1068 1135/1156/1068
f 1135/1156/1069 1151/1172/1069 1152/992/1069 1136/991/1069
f 118/1157/1070 117/1173/1070 1153/1174/1070 1137/1158/1070
f 1137/1158/1071 1153/1174/1071 1154/1175/1071 1138/1159/1071
f 1138/1159/1072 1154/1175/1072 1155/1176/1072 1139/1160/1072
f 1139/1160/1073 1155/1176/1073 1156/1177/1073 1140/1161/1073
f 1140/1161/1074 1156/1177/1074 1157/1178/1074 1141/1162/1074
f 1141/1162/1075 1157/1178/1075 1158/1179/1075 1142/1163/1075
f 1142/1163/1076 1158/1179/1076 1159/1180/1076 1143/1164/1076
f 1143/1164/1077 1159/1180/1077 1160/1181/1077 1144/1165/1077
f 1144/1165/1078 1160/1181/1078 1161/1182/1078 1145/1166/1078
f 1145/1166/1079 1161/1182/1079 1162/1183/1079 1146/1167/1079
f 1146/1167/1080 1162/1183/1080 1163/1184/1080 1147/1168/1080
f 1147/1168/1081 1163/1184/1081 1164/1185/1081 1148/1169/1081
f 1148/1169/1082 1164/1185/1082 1165/1186/1082 1149/1170/1082
f 1149/1170/1083 1165/1186/1083 1166/1187/1083 1150/1171/1083
f 1150/1171/1084 1166/1187/1084 1167/1188/1084 1151/1172/1084
f 1151/1172/1085 1167/1188/1085 1168/993/1085 1152/992/1085
f 117/1173/1086 116/1189/1086 1169/1190/1086 1153/1174/1086
f 1153/1174/1087 1169/1190/1087 1170/1191/1087 1154/1175/1087
f 1154/1175/1088 1170/1191/1088 1171/1192/1088 1155/1176/1088
f 1155/1176/1089 1171/1192/1089 1172/1193/1089 1156/1177/1089
f 1156/1177/1090 1172/1193/1090 1173/1194/1090 1157/1178/1090
f 1157/1178/1091 1173/1194/1091 1174/1195/1091 1158/1179/1091
f 1158/1179/1092 1174/1195/1092 1175/1196/1092 1159/1180/1092
f 1159/1180/1093 1175/1196/1093 1176/1197/1093 1160/1181/1093
f 1160/1181/1094 1176/1197/1094 1177/1198/1094 1161/1182/1094
f 1161/1182/1095 1177/1198/1095 1178/1199/1095 1162/1183/1095
f 1162/1183/1096 1178/1199/1096 1179/1200/1096 1163/1184/1096
f 1163/1184/1097 1179/1200/1097 1180/1201/1097 1164/1185/1097
f 1164/1185/1098 1180/1201/1098 1181/1202/1098 1165/1186/1098
f 1165/1186/1099 1181/1202/1099 1182/1203/1099 1166/1187/1099
f 1166/1187/1100 1182/1203/1100 1183/1204/1100 1167/1188/1100
f 1167/1188/1101 1183/1204/1101 1184/994/1101 1168/993/1101
f 116/1189/1102 115/1205/1102 1185/1206/1102 1169/1190/1102
f 1169/1190/1103 1185/1206/1103 1186/1207/1103 1170/1191/1103
f 1170/1191/1104 1186/1207/1104 1187/1208/1104 1171/1192/1104
f 1171/1192/1105 1187/1208/1105 1188/1209/1105 1172/1193/1105
f 1172/1193/1106 1188/1209/1106 1189/1210/1106 1173/1194/1106
f 1173/1194/1107 1189/1210/1107 1190/1211/1107 1174/1195/1107
f 1174/1195/1108 1190/1211/1108 1191/1212/1108 1175/1196/1108
f 1175/1196/1109 1191/1212/1109 1192/1213/1109 1176/1197/1109
f 1176/1197/1110 1192/1213/1110 1193/1214/1110 1177/1198/1110
f 1177/1198/1111 1193/1214/1111 1194/1215/1111 1178/1199/1111
f 1178/1199/1112 1194/1215/1112 1195/1216/1112 1179/1200/1112
f 1179/1200/1113 1195/1216/1113 1196/1217/1113 1180/1201/1113
f 1180/1201/1114 1196/1217/1114 1197/1218/1114 1181/1202/1114
f 1181/1202/1115 1197/1218/1115 1198/1219/1115 1182/1203/1115
f 1182/1203/1116 1198/1219/1116 1199/1220/1116 1183/1204/1116
f 1183/1204/1117 1199/1220/1117 1200/995/1117 1184/994/1117
f 115/1205/1118 114/1221/1118 1201/1222/1118 1185/1206/1118
f 1185/1206/1119 1201/1222/1119 1202/1223/1119 1186/1207/1119
f 1186/1207/1120 1202/1223/1120 1203/1224/1120 1187/1208/1120
f 1187/1208/1121 1203/1224/1121 1204/1225/1121 1188/1209/1121
f 1188/1209/1122 1204/1225/1122 1205/1226/1122 1189/1210/1122
f 1189/1210/1123 1205/1226/1123 1206/1227/1123 1190/1211/1123
f 1190/1211/1124 1206/1227/1124 1207/1228/1124 1191/1212/1124
f 1191/1212/1125 1207/1228/1125 1208/1229/1125 1192/1213/1125
f 1192/1213/1126 1208/1229/1126 1209/1230/1126 1193/1214/1126
f 1193/1214/1127 1209/1230/1127 1210/1231/1127 1194/1215/1127
f 1194/1215/1128 1210/1231/1128 1211/1232/1128 1195/1216/1128
f 1195/1216/1129 1211/1232/1129 1212/1233/1129 1196/1217/1129
f 1196/1217/1130 1212/1233/1130 1213/1234/1130 1197/1218/1130
f 1197/1218/1131 1213/1234/1131 1214/1235/1131 1198/1219/1131
f 1198/1219/1132 1214/1235/1132 1215/1236/1132 1199/1220/1132
f 1199/1220/1133 1215/1236/1133 1216/996/1133 1200/995/1133
f 114/1221/1134 113/20/1134 1217/1237/1134 1201/1222/1134
f 1201/1222/1135 1217/1237/1135 1218/1238/1135 1202/1223/1135
f 1202/1223/1136 1218/1238/1136 1219/1239/1136 1203/1224/1136
f 1203/1224/1137 1219/1239/1137 1220/1240/1137 1204/1225/1137
f 1204/1225/1138 1220/1240/1138 1221/1241/1138 1205/1226/1138
f 1205/1226/1139 1221/1241/1139 1222/1242/1139 1206/1227/1139
f 1206/1227/1140 1222/1242/1140 1223/1243/1140 1207/1228/1140
f 1207/1228/1141 1223/1243/1141 1224/1244/1141 1208/1229/1141
f 1208/1229/1142 1224/1244/1142 1225/1245/1142 1209/1230/1142
f 1209/1230/1143 1225/1245/1143 1226/1246/1143 1210/1231/1143
f 1210/1231/1144 1226/1246/1144 1227/1247/1144 1211/1232/1144
f 1211/1232/1145 1227/1247/1145 1228/1248/1145 1212/1233/1145
f 1212/1233/1146 1228/1248/1146 1229/1249/1146 1213/1234/1146
f 1213/1234/1147 1229/1249/1147 1230/1250/1147 1214/1235/1147
f 1214/1235/1148 1230/1250/1148 1231/1251/1148 1215/1236/1148
f 1215/1236/1149 1231/1251/1149 1232/21/1149 1216/996/1149
f 113/20/1150 16/1/1150 145/65/1150 1217/1237/1150
f 1217/1237/1151 145/65/1151 146/67/1151 1218/1238/1151
f 1218/1238/1152 146/67/1152 147/69/1152 1219/1239/1152
f 1219/1239/1153 147/69/1153 148/71/1153 1220/1240/1153
f 1220/1240/1154 148/71/1154 149/73/1154 1221/1241/1154
f 1221/1241/1155 149/73/1155 150/75/1155 1222/1242/1155
f 1222/1242/1156 150/75/1156 151/77/1156 1223/1243/1156
f 1223/1243/1157 151/77/1157 152/79/1157 1224/1244/1157
f 1224/1244/1158 152/79/1158 153/81/1158 1225/1245/1158
f 1225/1245/1159 153/81/1159 154/83/1159 1226/1246/1159
f 1226/1246/1160 154/83/1160 155/85/1160 1227/1247/1160
f 1227/1247/1161 155/85/1161 156/87/1161 1228/1248/1161
f 1228/1248/1162 156/87/1162 157/89/1162 1229/1249/1162
f 1229/1249/1163 157/89/1163 158/91/1163 1230/1250/1163
f 1230/1250/1164 158/91/1164 159/93/1164 1231/1251/1164
f 1231/1251/1165 159/93/1165 160/22/1165 1232/21/1165
f 81/1252/1166 1248/1253/1166 128/997/1166 15/13/1166
f 1248/1253/1167 1264/1254/1167 127/1013/1167 128/997/1167
f 1264/1254/1168 1280/1255/1168 126/1029/1168 127/1013/1168
f 1280/1255/1169 1296/1256/1169 125/1045/1169 126/1029/1169
f 1296/1256/1170 1312/1257/1170 124/1061/1170 125/1045/1170
f 1312/1257/1171 1328/1258/1171 123/1077/1171 124/1061/1171
f 1328/1258/1172 1344/1259/1172 122/1093/1172 123/1077/1172
f 1344/1259/1173 1360/1260/1173 121/1109/1173 122/1093/1173
f 1360/1260/1174 1376/1261/1174 120/1125/1174 121/1109/1174
f 1376/1261/1175 1392/1262/1175 119/1141/1175 120/1125/1175
f 1392/1262/1176 1408/1263/1176 118/1157/1176 119/1141/1176
f 1408/1263/1177 1424/1264/1177 117/1173/1177 118/1157/1177
f 1424/1264/1178 1440/1265/1178 116/1189/1178 117/1173/1178
f 1440/1265/1179 1456/1266/1179 115/1205/1179 116/1189/1179
f 1456/1266/1180 1472/1267/1180 114/1221/1180 115/1205/1180
f 1472/1267/1181 1488/18/1181 113/20/1181 114/1221/1181
f 11/11/1182 80/1268/1182 1233/1269/1182 96/1270/1182
f 96/1270/1183 1233/1269/1183 1234/1271/1183 95/1272/1183
f 95/1272/1184 1234/1271/1184 1235/1273/1184 94/1274/1184
f 94/1274/1185 1235/1273/1185 1236/1275/1185 93/1276/1185
f 93/1276/1186 1236/1275/1186 1237/1277/1186 92/1278/1186
f 92/1278/1187 1237/1277/1187 1238/1279/1187 91/1280/1187
f 91/1280/1188 1238/1279/1188 1239/1281/1188 90/1282/1188
f 90/1282/1189 1239/1281/1189 1240/1283/1189 89/1284/1189
f 89/1284/1190 1240/1283/1190 1241/1285/1190 88/1286/1190
f 88/1286/1191 1241/1285/1191 1242/1287/1191 87/1288/1191
f 87/1288/1192 1242/1287/1192 1243/1289/1192 86/1290/1192
f 86/1290/1193 1243/1289/1193 1244/1291/1193 85/1292/1193
f 85/1292/1194 1244/1291/1194 1245/1293/1194 84/1294/1194
f 84/1294/1195 1245/1293/1195 1246/1295/1195 83/1296/1195
f 83/1296/1196 1246/1295/1196 1247/1297/1196 82/1298/1196
f 82/1298/1197 1247/1297/1197 1248/1253/1197 81/1252/1197
f 80/1268/1198 79/1299/1198 1249/1300/1198 1233/1269/1198
f 1233/1269/1199 1249/1300/1199 1250/1301/1199 1234/1271/1199
f 1234/1271/1200 1250/1301/1200 1251/1302/1200 1235/1273/1200
f 1235/1273/1201 1251/1302/1201 1252/1303/1201 1236/1275/1201
f 1236/1275/1202 1252/1303/1202 1253/1304/1202 1237/1277/1202
f 1237/1277/1203 1253/1304/1203 1254/1305/1203 1238/1279/1203
f 1238/1279/1204 1254/1305/1204 1255/1306/1204 1239/1281/1204
f 1239/1281/1205 1255/1306/1205 1256/1307/1205 1240/1283/1205
f 1240/1283/1206 1256/1307/1206 1257/1308/1206 1241/1285/1206
f 1241/1285/1207 1257/1308/1207 1258/1309/1207 1242/1287/1207
f 1242/1287/1208 1258/1309/1208 1259/1310/1208 1243/1289/1208
f 1243/1289/1209 1259/1310/1209 1260/1311/1209 1244/1291/1209
f 1244/1291/1210 1260/1311/1210 1261/1312/1210 1245/1293/1210
f 1245/1293/1211 1261/1312/1211 1262/1313/1211 1246/1295/1211
f 1246/1295/1212 1262/1313/1212 1263/1314/1212 1247/1297/1212
f 1247/1297/1213 1263/1314/1213 1264/1254/1213 1248/1253/1213
f 79/1299/1214 78/1315/1214 1265/1316/1214 1249/1300/1214
f 1249/1300/1215 1265/1316/1215 1266/1317/1215 1250/1301/1215
f 1250/1301/1216 1266/1317/1216 1267/1318/1216 1251/1302/1216
f 1251/1302/1217 1267/1318/1217 1268/1319/1217 1252/1303/1217
f 1252/1303/1218 1268/1319/1218 1269/1320/1218 1253/1304/1218
f 1253/1304/1219 1269/1320/1219 1270/1321/1219 1254/1305/1219
f 1254/1305/1220 1270/1321/1220 1271/1322/1220 1255/1306/1220
f 1255/1306/1221 1271/1322/1221 1272/1323/1221 1256/1307/1221
f 1256/1307/1222 1272/1323/1222 1273/1324/1222 1257/1308/1222
f 1257/1308/1223 1273/1324/1223 1274/1325/1223 1258/1309/1223
f 1258/1309/1224 1274/1325/1224 1275/1326/1224 1259/1310/1224
f 1259/1310/1225 1275/1326/1225 1276/1327/1225 1260/1311/1225
f 1260/1311/1226 1276/1327/1226 1277/1328/1226 1261/1312/1226
f 1261/1312/1227 1277/1328/1227 1278/1329/1227 1262/1313/1227
f 1262/1313/1228 1278/1329/1228 1279/1330/1228 1263/1314/1228
f 1263/1314/1229 1279/1330/1229 1280/1255/1229 1264/1254/1229
f 78/1315/1230 77/1331/1230 1281/1332/1230 1265/1316/1230
f 1265/1316/1231 1281/1332/1231 1282/1333/1231 1266/1317/1231
f 1266/1317/1232 1282/1333/1232 1283/1334/1232 1267/1318/1232
f 1267/1318/1233 1283/1334/1233 1284/1335/1233 1268/1319/1233
f 1268/1319/1234 1284/1335/1234 1285/1336/1234 1269/1320/1234
f 1269/1320/1235 1285/1336/1235 1286/1337/1235 1270/1321/1235
f 1270/1321/1236 1286/1337/1236 1287/1338/1236 1271/1322/1236
f 1271/1322/1237 1287/1338/1237 1288/1339/1237 1272/1323/1237
f 1272/1323/1238 1288/1339/1238 1289/1340/1238 1273/1324/1238
f 1273/1324/1239 1289/1340/1239 1290/1341/1239 1274/1325/1239
f 1274/1325/1240 1290/1341/1240 1291/1342/1240 1275/1326/1240
f 1275/1326/1241 1291/1342/1241 1292/1343/1241 1276/1327/1241
f 1276/1327/1242 1292/1343/1242 1293/1344/1242 1277/1328/1242
f 1277/1328/1243 1293/1344/1243 1294/1345/1243 1278/1329/1243
f 1278/1329/1244 1294/1345/1244 1295/1346/1244 1279/1330/1244
f 1279/1330/1245 1295/1346/1245 1296/1256/1245 1280/1255/1245
f 77/1331/1246 76/1347/1246 1297/1348/1246 1281/1332/1246
f 1281/1332/1247 1297/1348/1247 1298/1349/1247 1282/1333/1247
f 1282/1333/1248 1298/1349/1248 1299/1350/1248 1283/1334/1248
f 1283/1334/1249 1299/1350/1249 1300/1351/1249 1284/1335/1249
f 1284/1335/1250 1300/1351/1250 1301/1352/1250 1285/1336/1250
f 1285/1336/1251 1301/1352/1251 1302/1353/1251 1286/1337/1251
f 1286/1337/1252 1302/1353/1252 1303/1354/1252 1287/1338/1252
f 1287/1338/1253 1303/1354/1253 1304/1355/1253 1288/1339/1253
f 1288/1339/1254 1304/1355/1254 1305/1356/1254 1289/1340/1254
f 1289/1340/1255 1305/1356/1255 1306/1357/1255 1290/1341/1255
f 1290/1341/1256 1306/1357/1256 1307/1358/1256 1291/1342/1256
f 1291/1342/1257 1307/1358/1257 1308/1359/1257 1292/1343/1257
f 1292/1343/1258 1308/1359/1258 1309/1360/1258 1293/1344/1258
f 1293/1344/1259 1309/1360/1259 1310/1361/1259 1294/1345/1259
f 1294/1345/1260 1310/1361/1260 1311/1362/1260 1295/1346/1260
f 1295/1346/1261 1311/1362/1261 1312/1257/1261 1296/1256/1261
f 76/1347/1262 75/1363/1262 1313/1364/1262 1297/1348/1262
f 1297/1348/1263 1313/1364/1263 1314/1365/1263 1298/1349/1263
f 1298/1349/1264 1314/1365/1264 1315/1366/1264 1299/1350/1264
f 1299/1350/1265 1315/1366/1265 1316/1367/1265 1300/1351/1265
f 1300/1351/1266 1316/1367/1266 1317/1368/1266 1301/1352/1266
f 1301/1352/1267 1317/1368/1267 1318/1369/1267 1302/1353/1267
f 1302/1353/1268 1318/1369/1268 1319/1370/1268 1303/1354/1268
f 1303/1354/1269 1319/1370/1269 1320/1371/1269 1304/1355/1269
f 1304/1355/1270 1320/1371/1270 1321/1372/1270 1305/1356/1270
f 1305/1356/1271 1321/1372/1271 1322/1373/1271 1306/1357/1271
f 1306/1357/1272 1322/1373/1272 1323/1374/1272 1307/1358/1272
f 1307/1358/1273 1323/1374/1273 1324/1375/1273 1308/1359/1273
f 1308/1359/1274 1324/1375/1274 1325/1376/1274 1309/1360/1274
f 1309/1360/1275 1325/1376/1275 1326/1377/1275 1310/1361/1275
f 1310/1361/1276 1326/1377/1276 1327/1378/1276 1311/1362/1276
f 1311/1362/1277 1327/1378/1277 1328/1258/1277 1312/1257/1277
f 75/1363/1278 74/1379/1278 1329/1380/1278 1313/1364/1278
f 1313/1364/1279 1329/1380/1279 1330/1381/1279 1314/1365/1279
f 1314/1365/1280 1330/1381/1280 1331/1382/1280 1315/1366/1280
f 1315/1366/1281 1331/1382/1281 1332/1383/1281 1316/1367/1281
f 1316/1367/1282 1332/1383/1282 1333/1384/1282 1317/1368/1282
f 1317/1368/1283 1333/1384/1283 1334/1385/1283 1318/1369/1283
f 1318/1369/1284 1334/1385/1284 1335/1386/1284 1319/1370/1284
f 1319/1370/1285 1335/1386/1285 1336/1387/1285 1320/1371/1285
f 1320/1371/1286 1336/1387/1286 1337/1388/1286 1321/1372/1286
f 1321/1372/1287 1337/1388/1287 1338/1389/1287 1322/1373/1287
f 1322/1373/1288 1338/1389/1288 1339/1390/1288 1323/1374/1288
f 1323/1374/1289 1339/1390/1289 1340/1391/1289 1324/1375/1289
f 1324/1375/1290 1340/1391/1290 1341/1392/1290 1325/1376/1290
f 1325/1376/1291 1341/1392/1291 1342/1393/1291 1326/1377/1291
f 1326/1377/1292 1342/1393/1292 1343/1394/1292 1327/1378/1292
f 1327/1378/1293 1343/1394/1293 1344/1259/1293 1328/1258/1293
f 74/1379/1294 73/1395/1294 1345/1396/1294 1329/1380/1294
f 1329/1380/1295 1345/1396/1295 1346/1397/1295 1330/1381/1295
f 1330/1381/1296 1346/1397/1296 1347/1398/1296 1331/1382/1296
f 1331/1382/1297 1347/1398/1297 1348/1399/1297 1332/1383/1297
f 1332/1383/1298 1348/1399/1298 1349/1400/1298 1333/1384/1298
f 1333/1384/1299 1349/1400/1299 1350/1401/1299 1334/1385/1299
f 1334/1385/1300 1350/1401/1300 1351/1402/1300 1335/1386/1300
f 1335/1386/1301 1351/1402/1301 1352/1403/1301 1336/1387/1301
f 1336/1387/1302 1352/1403/1302 1353/1404/1302 1337/1388/1302
f 1337/1388/1303 1353/1404/1303 1354/1405/1303 1338/1389/1303
f 1338/1389/1304 1354/1405/1304 1355/1406/1304 1339/1390/1304
f 1339/1390/1305 1355/1406/1305 1356/1407/1305 1340/1391/1305
f 1340/1391/1306 1356/1407/1306 1357/1408/1306 1341/1392/1306
f 1341/1392/1307 1357/1408/1307 1358/1409/1307 1342/1393/1307
f 1342/1393/1308 1358/1409/1308 1359/1410/1308 1343/1394/1308
f 1343/1394/1309 1359/1410/1309 1360/1260/1309 1344/1259/1309
f 73/1395/1310 72/1411/1310 1361/1412/1310 1345/1396/1310
f 1345/1396/1311 1361/1412/1311 1362/1413/1311 1346/1397/1311
f 1346/1397/1312 1362/1413/1312 1363/1414/1312 1347/1398/1312
f 1347/1398/1313 1363/1414/1313 1364/1415/1313 1348/1399/1313
f 1348/1399/1314 1364/1415/1314 1365/1416/1314 1349/1400/1314
f 1349/1400/1315 1365/1416/1315 1366/1417/1315 1350/1401/1315
f 1350/1401/1316 1366/1417/1316 1367/1418/1316 1351/1402/1316
f 1351/1402/1317 1367/1418/1317 1368/1419/1317 1352/1403/1317
f 1352/1403/1318 1368/1419/1318 1369/1420/1318 1353/1404/1318
f 1353/1404/1319 1369/1420/1319 1370/1421/1319 1354/1405/1319
f 1354/1405/1320 1370/1421/1320 1371/1422/1320 1355/1406/1320
f 1355/1406/1321 1371/1422/1321 1372/1423/1321 1356/1407/1321
f 1356/1407/1322 1372/1423/1322 1373/1424/1322 1357/1408/1322
f 1357/1408/1323 1373/1424/1323 1374/1425/1323 1358/1409/1323
f 1358/1409/1324 1374/1425/1324 1375/1426/1324 1359/1410/1324
f 1359/1410/1325 1375/1426/1325 1376/1261/1325 1360/1260/1325
f 72/1411/1326 71/1427/1326 1377/1428/1326 1361/1412/1326
f 1361/1412/1327 1377/1428/1327 1378/1429/1327 1362/1413/1327
f 1362/1413/1328 1378/1429/1328 1379/1430/1328 1363/1414/1328
f 1363/1414/1329 1379/1430/1329 1380/1431/1329 1364/1415/1329
f 1364/1415/1330 1380/1431/1330 1381/1432/1330 1365/1416/1330
f 1365/1416/1331 1381/1432/1331 1382/1433/1331 1366/1417/1331
f 1366/1417/1332 1382/1433/1332 1383/1434/1332 1367/1418/1332
f 1367/1418/1333 1383/1434/1333 1384/1435/1333 1368/1419/1333
f 1368/1419/1334 1384/1435/1334 1385/1436/1334 1369/1420/1334
f 1369/1420/1335 1385/1436/1335 1386/1437/1335 1370/1421/1335
f 1370/1421/1336 1386/1437/1336 1387/1438/1336 1371/1422/1336
f 1371/1422/1337 1387/1438/1337 1388/1439/1337 1372/1423/1337
f 1372/1423/1338 1388/1439/1338 1389/1440/1338 1373/1424/1338
f 1373/1424/1339 1389/1440/1339 1390/1441/1339 1374/1425/1339
f 1374/1425/1340 1390/1441/1340 1391/1442/1340 1375/1426/1340
f 1375/1426/1341 1391/1442/1341 1392/1262/1341 1376/1261/1341
f 71/1427/1342 70/1443/1342 1393/1444/1342 1377/1428/1342
f 1377/1428/1343 1393/1444/1343 1394/1445/1343 1378/1429/1343
f 1378/1429/1344 1394/1445/1344 1395/1446/1344 1379/1430/1344
f 1379/1430/1345 1395/1446/1345 1396/1447/1345 1380/1431/1345
f 1380/1431/1346 1396/1447/1346 1397/1448/1346 1381/1432/1346
f 1381/1432/1347 1397/1448/1347 1398/1449/1347 1382/1433/1347
f 1382/1433/1348 1398/1449/1348 1399/1450/1348 1383/1434/1348
f 1383/1434/1349 1399/1450/1349 1400/1451/1349 1384/1435/1349
f 1384/1435/1350 1400/1451/1350 1401/1452/1350 1385/1436/1350
f 1385/1436/1351 1401/1452/1351 1402/1453/1351 1386/1437/1351
f 1386/1437/1352 1402/1453/1352 1403/1454/1352 1387/1438/1352
f 1387/1438/1353 1403/1454/1353 1404/1455/1353 1388/1439/1353
f 1388/1439/1354 1404/1455/1354 1405/1456/1354 1389/1440/1354
f 1389/1440/1355 1405/1456/1355 1406/1457/1355 1390/1441/1355
f 1390/1441/1356 1406/1457/1356 1407/1458/1356 1391/1442/1356
f 1391/1442/1357 1407/1458/1357 1408/1263/1357 1392/1262/1357
f 70/1443/1358 69/1459/1358 1409/1460/1358 1393/1444/1358
f 1393/1444/1359 1409/1460/1359 1410/1461/1359 1394/1445/1359
f 1394/1445/1360 1410/1461/1360 1411/1462/1360 1395/1446/1360
f 1395/1446/1361 1411/1462/1361 1412/1463/1361 1396/1447/1361
f 1396/1447/1362 1412/1463/1362 1413/1464/1362 1397/1448/1362
f 1397/1448/1363 1413/1464/1363 1414/1465/1363 1398/1449/1363
f 1398/1449/1364 1414/1465/1364 1415/1466/1364 1399/1450/1364
f 1399/1450/1365 1415/1466/1365 1416/1467/1365 1400/1451/1365
f 1400/1451/1366 1416/1467/1366 1417/1468/1366 1401/1452/1366
f 1401/1452/1367 1417/1468/1367 1418/1469/1367 1402/1453/1367
f 1402/1453/1368 1418/1469/1368 1419/1470/1368 1403/1454/1368
f 1403/1454/1369 1419/1470/1369 1420/1471/1369 1404/1455/1369
f 1404/1455/1370 1420/1471/1370 1421/1472/1370 1405/1456/1370
f 1405/1456/1371 1421/1472/1371 1422/1473/1371 1406/1457/1371
f 1406/1457/1372 1422/1473/1372 1423/1474/1372 1407/1458/1372
f 1407/1458/1373 1423/1474/1373 1424/1264/1373 1408/1263/1373
f 69/1459/1374 68/1475/1374 1425/1476/1374 1409/1460/1374
f 1409/1460/1375 1425/1476/1375 1426/1477/1375 1410/1461/1375
f 1410/1461/1376 1426/1477/1376 1427/1478/1376 1411/1462/1376
f 1411/1462/1377 1427/1478/1377 1428/1479/1377 1412/1463/1377
f 1412/1463/1378 1428/1479/1378 1429/1480/1378 1413/1464/1378
f 1413/1464/1379 1429/1480/1379 1430/1481/1379 1414/1465/1379
f 1414/1465/1380 1430/1481/1380 1431/1482/1380 1415/1466/1380
f 1415/1466/1381 1431/1482/1381 1432/1483/1381 1416/1467/1381
f 1416/1467/1382 1432/1483/1382 1433/1484/1382 1417/1468/1382
f 1417/1468/1383 1433/1484/1383 1434/1485/1383 1418/1469/1383
f 1418/1469/1384 1434/1485/1384 1435/1486/1384 1419/1470/1384
f 1419/1470/1385 1435/1486/1385 1436/1487/1385 1420/1471/1385
f 1420/1471/1386 1436/1487/1386 1437/1488/1386 1421/1472/1386
f 1421/1472/1387 1437/1488/1387 1438/1489/1387 1422/1473/1387
f 1422/1473/1388 1438/1489/1388 1439/1490/1388 1423/1474/1388
f 1423/1474/1389 1439/1490/1389 1440/1265/1389 1424/1264/1389
f 68/1475/1390 67/1491/1390 1441/1492/1390 1425/1476/1390
f 1425/1476/1391 1441/1492/1391 1442/1493/1391 1426/1477/1391
f 1426/1477/1392 1442/1493/1392 1443/1494/1392 1427/1478/1392
f 1427/1478/1393 1443/1494/1393 1444/1495/1393 1428/1479/1393
f 1428/1479/1394 1444/1495/1394 1445/1496/1394 1429/1480/1394
f 1429/1480/1395 1445/1496/1395 1446/1497/1395 1430/1481/1395
f 1430/1481/1396 1446/1497/1396 1447/1498/1396 1431/1482/1396
f 1431/1482/1397 1447/1498/1397 1448/1499/1397 1432/1483/1397
f 1432/1483/1398 1448/1499/1398 1449/1500/1398 1433/1484/1398
f 1433/1484/1399 1449/1500/1399 1450/1501/1399 1434/1485/1399
f 1434/1485/1400 1450/1501/1400 1451/1502/1400 1435/1486/1400
f 1435/1486/1401 1451/1502/1401 1452/1503/1401 1436/1487/1401
f 1436/1487/1402 1452/1503/1402 1453/1504/1402 1437/1488/1402
f 1437/1488/1403 1453/1504/1403 1454/1505/1403 1438/1489/1403
f 1438/1489/1404 1454/1505/1404 1455/1506/1404 1439/1490/1404
f 1439/1490/1405 1455/1506/1405 1456/1266/1405 1440/1265/1405
f 67/1491/1406 66/1507/1406 1457/1508/1406 1441/1492/1406
f 1441/1492/1407 1457/1508/1407 1458/1509/1407 1442/1493/1407
f 1442/1493/1408 1458/1509/1408 1459/1510/1408 1443/1494/1408
f 1443/1494/1409 1459/1510/1409 1460/1511/1409 1444/1495/1409
f 1444/1495/1410 1460/1511/1410 1461/1512/1410 1445/1496/1410
f 1445/1496/1411 1461/1512/1411 1462/1513/1411 1446/1497/1411
f 1446/1497/1412 1462/1513/1412 1463/1514/1412 1447/1498/1412
f 1447/1498/1413 1463/1514/1413 1464/1515/1413 1448/1499/1413
f 1448/1499/1414 1464/1515/1414 1465/1516/1414 1449/1500/1414
f 1449/1500/1415 1465/1516/1415 1466/1517/1415 1450/1501/1415
f 1450/1501/1416 1466/1517/1416 1467/1518/1416 1451/1502/1416
f 1451/1502/1417 1467/1518/1417 1468/1519/1417 1452/1503/1417
f 1452/1503/1418 1468/1519/1418 1469/1520/1418 1453/1504/1418
f 1453/1504/1419 1469/1520/1419 1470/1521/1419 1454/1505/1419
f 1454/1505/1420 1470/1521/1420 1471/1522/1420 1455/1506/1420
f 1455/1506/1421 1471/1522/1421 1472/1267/1421 1456/1266/1421
f 66/1507/1422 65/17/1422 1473/1523/1422 1457/1508/1422
f 1457/1508/1423 1473/1523/1423 1474/1524/1423 1458/1509/1423
f 1458/1509/1424 1474/1524/1424 1475/1525/1424 1459/1510/1424
f 1459/1510/1425 1475/1525/1425 1476/1526/1425 1460/1511/1425
f 1460/1511/1426 1476/1526/1426 1477/1527/1426 1461/1512/1426
f 1461/1512/1427 1477/1527/1427 1478/1528/1427 1462/1513/1427
f 1462/1513/1428 1478/1528/1428 1479/1529/1428 1463/1514/1428
f 1463/1514/1429 1479/1529/1429 1480/1530/1429 1464/1515/1429
f 1464/1515/1430 1480/1530/1430 1481/1531/1430 1465/1516/1430
f 1465/1516/1431 1481/1531/1431 1482/1532/1431 1466/1517/1431
f 1466/1517/1432 1482/1532/1432 1483/1533/1432 1467/1518/1432
f 1467/1518/1433 1483/1533/1433 1484/1534/1433 1468/1519/1433
f 1468/1519/1434 1484/1534/1434 1485/1535/1434 1469/1520/1434
f 1469/1520/1435 1485/1535/1435 1486/1536/1435 1470/1521/1435
f 1470/1521/1436 1486/1536/1436 1487/1537/1436 1471/1522/1436
f 1471/1522/1437 1487/1537/1437 1488/18/1437 1472/1267/1437
f 65/17/1438 12/10/1438 97/1538/1438 1473/1523/1438
f 1473/1523/1439 97/1538/1439 98/1539/1439 1474/1524/1439
f 1474/1524/1440 98/1539/1440 99/1540/1440 1475/1525/1440
f 1475/1525/1441 99/1540/1441 100/1541/1441 1476/1526/1441
f 1476/1526/1442 100/1541/1442 101/1542/1442 1477/1527/1442
f 1477/1527/1443 101/1542/1443 102/1543/1443 1478/1528/1443
f 1478/1528/1444 102/1543/1444 103/1544/1444 1479/1529/1444
f 1479/1529/1445 103/1544/1445 104/1545/1445 1480/1530/1445
f 1480/1530/1446 104/1545/1446 105/1546/1446 1481/1531/1446
f 1481/1531/1447 105/1546/1447 106/1547/1447 1482/1532/1447
f 1482/1532/1448 106/1547/1448 107/1548/1448 1483/1533/1448
f 1483/1533/1449 107/1548/1449 108/1549/1449 1484/1534/1449
f 1484/1534/1450 108/1549/1450 109/1550/1450 1485/1535/1450
f 1485/1535/1451 109/1550/1451 110/1551/1451 1486/1536/1451
f 1486/1536/1452 110/1551/1452 111/1552/1452 1487/1537/1452
f 1487/1537/1453 111/1552/1453 112/19/1453 1488/18/1453
f 17/1553/1454 1504/1554/1454 80/1268/1454 11/11/1454
f 1504/1554/1455 1520/1555/1455 79/1299/1455 80/1268/1455
f 1520/1555/1456 1536/1556/1456 78/1315/1456 79/1299/1456
f 1536/1556/1457 1552/1557/1457 77/1331/1457 78/1315/1457
f 1552/1557/1458 1568/1558/1458 76/1347/1458 77/1331/1458
f 1568/1558/1459 1584/1559/1459 75/1363/1459 76/1347/1459
f 1584/1559/1460 1600/1560/1460 74/1379/1460 75/1363/1460
f 1600/1560/1461 1616/1561/1461 73/1395/1461 74/1379/1461
f 1616/1561/1462 1632/1562/1462 72/1411/1462 73/1395/1462
f 1632/1562/1463 1648/1563/1463 71/1427/1463 72/1411/1463
f 1648/1563/1464 1664/1564/1464 70/1443/1464 71/1427/1464
f 1664/1564/1465 1680/1565/1465 69/1459/1465 70/1443/1465
f 1680/1565/1466 1696/1566/1466 68/1475/1466 69/1459/1466
f 1696/1566/1467 1712/1567/1467 67/1491/1467 68/1475/1467
f 1712/1567/1468 1728/1568/1468 66/1507/1468 67/1491/1468
f 1728/1568/1469 1744/15/1469 65/17/1469 66/1507/1469
f 9/8/1470 33/1569/1470 1489/1570/1470 32/1571/1470
f 32/1571/1471 1489/1570/1471 1490/1572/1471 31/1573/1471
f 31/1573/1472 1490/1572/1472 1491/1574/1472 30/1575/1472
f 30/1575/1473 1491/1574/1473 1492/1576/1473 29/1577/1473
f 29/1577/1474 1492/1576/1474 1493/1578/1474 28/1579/1474
f 28/1579/1475 1493/1578/1475 1494/1580/1475 27/1581/1475
f 27/1581/1476 1494/1580/1476 1495/1582/1476 26/1583/1476
f 26/1583/1477 1495/1582/1477 1496/1584/1477 25/1585/1477
f 25/1585/1478 1496/1584/1478 1497/1586/1478 24/1587/1478
f 24/1587/1479 1497/1586/1479 1498/1588/1479 23/1589/1479
f 23/1589/1480 1498/1588/1480 1499/1590/1480 22/1591/1480
f 22/1591/1481 1499/1590/1481 1500/1592/1481 21/1593/1481
f 21/1593/1482 1500/1592/1482 1501/1594/1482 20/1595/1482
f 20/1595/1483 1501/1594/1483 1502/1596/1483 19/1597/1483
f 19/1597/1484 1502/1596/1484 1503/1598/1484 18/1599/1484
f 18/1599/1485 1503/1598/1485 1504/1554/1485 17/1553/1485
f 33/1569/1486 34/1600/1486 1505/1601/1486 1489/1570/1486
f 1489/1570/1487 1505/1601/1487 1506/1602/1487 1490/1572/1487
f 1490/1572/1488 1506/1602/1488 1507/1603/1488 1491/1574/1488
f 1491/1574/1489 1507/1603/1489 1508/1604/1489 1492/1576/1489
f 1492/1576/1490 1508/1604/1490 1509/1605/1490 1493/1578/1490
f 1493/1578/1491 1509/1605/1491 1510/1606/1491 1494/1580/1491
f 1494/1580/1492 1510/1606/1492 1511/1607/1492 1495/1582/1492
f 1495/1582/1493 1511/1607/1493 1512/1608/1493 1496/1584/1493
f 1496/1584/1494 1512/1608/1494 1513/1609/1494 1497/1586/1494
f 1497/1586/1495 1513/1609/1495 1514/1610/1495 1498/1588/1495
f 1498/1588/1496 1514/1610/1496 1515/1611/1496 1499/1590/1496
f 1499/1590/1497 1515/1611/1497 1516/1612/1497 1500/1592/1497
f 1500/1592/1498 1516/1612/1498 1517/1613/1498 1501/1594/1498
f 1501/1594/1499 1517/1613/1499 1518/1614/1499 1502/1596/1499
f 1502/1596/1500 1518/1614/1500 1519/1615/1500 1503/1598/1500
f 1503/1598/1501 1519/1615/1501 1520/1555/1501 1504/1554/1501
f 34/1600/1502 35/1616/1502 1521/1617/1502 1505/1601/1502
f 1505/1601/1503 1521/1617/1503 1522/1618/1503 1506/1602/1503
f 1506/1602/1504 1522/1618/1504 1523/1619/1504 1507/1603/1504
f 1507/1603/1505 1523/1619/1505 1524/1620/1505 1508/1604/1505
f 1508/1604/1506 1524/1620/1506 1525/1621/1506 1509/1605/1506
f 1509/1605/1507 1525/1621/1507 1526/1622/1507 1510/1606/1507
f 1510/1606/1508 1526/1622/1508 1527/1623/1508 1511/1607/1508
f 1511/1607/1509 1527/1623/1509 1528/1624/1509 1512/1608/1509
f 1512/1608/1510 1528/1624/1510 1529/1625/1510 1513/1609/1510
f 1513/1609/1511 1529/1625/1511 1530/1626/1511 1514/1610/1511
f 1514/1610/1512 1530/1626/1512 1531/1627/1512 1515/1611/1512
f 1515/1611/1513 1531/1627/1513 1532/1628/1513 1516/1612/1513
f 1516/1612/1514 1532/1628/1514 1533/1629/1514 1517/1613/1514
f 1517/1613/1515 1533/1629/1515 1534/1630/1515 1518/1614/1515
f 1518/1614/1516 1534/1630/1516 1535/1631/1516 1519/1615/1516
f 1519/1615/1517 1535/1631/1517 1536/1556/1517 1520/1555/1517
f 35/1616/1518 36/1632/1518 1537/1633/1518 1521/1617/1518
f 1521/1617/1519 1537/1633/1519 1538/1634/1519 1522/1618/1519
f 1522/1618/1520 1538/1634/1520 1539/1635/1520 1523/1619/1520
f 1523/1619/1521 1539/1635/1521 1540/1636/1521 1524/1620/1521
f 1524/1620/1522 1540/1636/1522 1541/1637/1522 1525/1621/1522
f 1525/1621/1523 1541/1637/1523 1542/1638/1523 1526/1622/1523
f 1526/1622/1524 1542/1638/1524 1543/1639/1524 1527/1623/1524
f 1527/1623/1525 1543/1639/1525 1544/1640/1525 1528/1624/1525
f 1528/1624/1526 1544/1640/1526 1545/1641/1526 1529/1625/1526
f 1529/1625/1527 1545/1641/1527 1546/1642/1527 1530/1626/1527
f 1530/1626/1528 1546/1642/1528 1547/1643/1528 1531/1627/1528
f 1531/1627/1529 1547/1643/1529 1548/1644/1529 1532/1628/1529
f 1532/1628/1530 1548/1644/1530 1549/1645/1530 1533/1629/1530
f 1533/1629/1531 1549/1645/1531 1550/1646/1531 1534/1630/1531
f 1534/1630/1532 1550/1646/1532 1551/1647/1532 1535/1631/1532
f 1535/1631/1533 1551/1647/1533 1552/1557/1533 1536/1556/1533
f 36/1632/1534 37/1648/1534 1553/1649/1534 1537/1633/1534
f 1537/1633/1535 1553/1649/1535 1554/1650/1535 1538/1634/1535
f 1538/1634/1536 1554/1650/1536 1555/1651/1536 1539/1635/1536
f 1539/1635/1537 1555/1651/1537 1556/1652/1537 1540/1636/1537
f 1540/1636/1538 1556/1652/1538 1557/1653/1538 1541/1637/1538
f 1541/1637/1539 1557/1653/1539 1558/1654/1539 1542/1638/1539
f 1542/1638/1540 1558/1654/1540 1559/1655/1540 1543/1639/1540
f 1543/1639/1541 1559/1655/1541 1560/1656/1541 1544/1640/1541
f 1544/1640/1542 1560/1656/1542 1561/1657/1542 1545/1641/1542
f 1545/1641/1543 1561/1657/1543 1562/1658/1543 1546/1642/1543
f 1546/1642/1544 1562/1658/1544 1563/1659/1544 1547/1643/1544
f 1547/1643/1545 1563/1659/1545 1564/1660/1545 1548/1644/1545
f 1548/1644/1546 1564/1660/1546 1565/1661/1546 1549/1645/1546
f 1549/1645/1547 1565/1661/1547 1566/1662/1547 1550/1646/1547
f 1550/1646/1548 1566/1662/1548 1567/1663/1548 1551/1647/1548
f 1551/1647/1549 1567/1663/1549 1568/1558/1549 1552/1557/1549
f 37/1648/1550 38/1664/1550 1569/1665/1550 1553/1649/1550
f 1553/1649/1551 1569/1665/1551 1570/1666/1551 1554/1650/1551
f 1554/1650/1552 1570/1666/1552 1571/1667/1552 1555/1651/1552
f 1555/1651/1553 1571/1667/1553 1572/1668/1553 1556/1652/1553
f 1556/1652/1554 1572/1668/1554 1573/1669/1554 1557/1653/1554
f 1557/1653/1555 1573/1669/1555 1574/1670/1555 1558/1654/1555
f 1558/1654/1556 1574/1670/1556 1575/1671/1556 1559/1655/1556
f 1559/1655/1557 1575/1671/1557 1576/1672/1557 1560/1656/1557
f 1560/1656/1558 1576/1672/1558 1577/1673/1558 1561/1657/1558
f 1561/1657/1559 1577/1673/1559 1578/1674/1559 1562/1658/1559
f 1562/1658/1560 1578/1674/1560 1579/1675/1560 1563/1659/1560
f 1563/1659/1561 1579/1675/1561 1580/1676/1561 1564/1660/1561
f 1564/1660/1562 1580/1676/1562 1581/1677/1562 1565/1661/1562
f 1565/1661/1563 1581/1677/1563 1582/1678/1563 1566/1662/1563
f 1566/1662/1564 1582/1678/1564 1583/1679/1564 1567/1663/1564
f 1567/1663/1565 1583/1679/1565 1584/1559/1565 1568/1558/1565
f 38/1664/1566 39/1680/1566 1585/1681/1566 1569/1665/1566
f 1569/1665/1567 1585/1681/1567 1586/1682/1567 1570/1666/1567
f 1570/1666/1568 1586/1682/1568 1587/1683/1568 1571/1667/1568
f 1571/1667/1569 1587/1683/1569 1588/1684/1569 1572/1668/1569
f 1572/1668/1570 1588/1684/1570 1589/1685/1570 1573/1669/1570
f 1573/1669/1571 1589/1685/1571 1590/1686/1571 1574/1670/1571
f 1574/1670/1572 1590/1686/1572 1591/1687/1572 1575/1671/1572
f 1575/1671/1573 1591/1687/1573 1592/1688/1573 1576/1672/1573
f 1576/1672/1574 1592/1688/1574 1593/1689/1574 1577/1673/1574
f 1577/1673/1575 1593/1689/1575 1594/1690/1575 1578/1674/1575
f 1578/1674/1576 1594/1690/1576 1595/1691/1576 1579/1675/1576
f 1579/1675/1577 1595/1691/1577 1596/1692/1577 1580/1676/1577
f 1580/1676/1578 1596/1692/1578 1597/1693/1578 1581/1677/1578
f 1581/1677/1579 1597/1693/1579 1598/1694/1579 1582/1678/1579
f 1582/1678/1580 1598/1694/1580 1599/1695/1580 1583/1679/1580
f 1583/1679/1581 1599/1695/1581 1600/1560/1581 1584/1559/1581
f 39/1680/1582 40/1696/1582 1601/1697/1582 1585/1681/1582
f 1585/1681/1583 1601/1697/1583 1602/1698/1583 1586/1682/1583
f 1586/1682/1584 1602/1698/1584 1603/1699/1584 1587/1683/1584
f 1587/1683/1585 1603/1699/1585 1604/1700/1585 1588/1684/1585
f 1588/1684/1586 1604/1700/1586 1605/1701/1586 1589/1685/1586
f 1589/1685/1587 1605/1701/1587 1606/1702/1587 1590/1686/1587
f 1590/1686/1588 1606/1702/1588 1607/1703/1588 1591/1687/1588
f 1591/1687/1589 1607/1703/1589 1608/1704/1589 1592/1688/1589
f 1592/1688/1590 1608/1704/1590 1609/1705/1590 1593/1689/1590
f 1593/1689/1591 1609/1705/1591 1610/1706/1591 1594/1690/1591
f 1594/1690/1592 1610/1706/1592 1611/1707/1592 1595/1691/1592
f 1595/1691/1593 1611/1707/1593 1612/1708/1593 1596/1692/1593
f 1596/1692/1594 1612/1708/1594 1613/1709/1594 1597/1693/1594
f 1597/1693/1595 1613/1709/1595 1614/1710/1595 1598/1694/1595
f 1598/1694/1596 1614/1710/1596 1615/1711/1596 1599/1695/1596
f 1599/1695/1597 1615/1711/1597 1616/1561/1597 1600/1560/1597
f 40/1696/1598 41/1712/1598 1617/1713/1598 1601/1697/1598
f 1601/1697/1599 1617/1713/1599 1618/1714/1599 1602/1698/1599
f 1602/1698/1600 1618/1714/1600 1619/1715/1600 1603/1699/1600
f 1603/1699/1601 1619/1715/1601 1620/1716/1601 1604/1700/1601
f 1604/1700/1602 1620/1716/1602 1621/1717/1602 1605/1701/1602
f 1605/1701/1603 1621/1717/1603 1622/1718/1603 1606/1702/1603
f 1606/1702/1604 1622/1718/1604 1623/1719/1604 1607/1703/1604
f 1607/1703/1605 1623/1719/1605 1624/1720/1605 1608/1704/1605
f 1608/1704/1606 1624/1720/1606 1625/1721/1606 1609/1705/1606
f 1609/1705/1607 1625/1721/1607 1626/1722/1607 1610/1706/1607
f 1610/1706/1608 1626/1722/1608 1627/1723/1608 1611/1707/1608
f 1611/1707/1609 1627/1723/1609 1628/1724/1609 1612/1708/1609
f 1612/1708/1610 1628/1724/1610 1629/1725/1610 1613/1709/1610
f 1613/1709/1611 1629/1725/1611 1630/1726/1611 1614/1710/1611
f 1614/1710/1612 1630/1726/1612 1631/1727/1612 1615/1711/1612
f 1615/1711/1613 1631/1727/1613 1632/1562/1613 1616/1561/1613
f 41/1712/1614 42/1728/1614 1633/1729/1614 1617/1713/1614
f 1617/1713/1615 1633/1729/1615 1634/1730/1615 1618/1714/1615
f 1618/1714/1616 1634/1730/1616 1635/1731/1616 1619/1715/1616
f 1619/1715/1617 1635/1731/1617 1636/1732/1617 1620/1716/1617
f 1620/1716/1618 1636/1732/1618 1637/1733/1618 1621/1717/1618
f 1621/1717/1619 1637/1733/1619 1638/1734/1619 1622/1718/1619
f 1622/1718/1620 1638/1734/1620 1639/1735/1620 1623/1719/1620
f 1623/1719/1621 1639/1735/1621 1640/1736/1621 1624/1720/1621
f 1624/1720/1622 1640/1736/1622 1641/1737/1622 1625/1721/1622
f 1625/1721/1623 1641/1737/1623 1642/1738/1623 1626/1722/1623
f 1626/1722/1624 1642/1738/1624 1643/1739/1624 1627/1723/1624
f 1627/1723/1625 1643/1739/1625 1644/1740/1625 1628/1724/1625
f 1628/1724/1626 1644/1740/1626 1645/1741/1626 1629/1725/1626
f 1629/1725/1627 1645/1741/1627 1646/1742/1627 1630/1726/1627
f 1630/1726/1628 1646/1742/1628 1647/1743/1628 1631/1727/1628
f 1631/1727/1629 1647/1743/1629 1648/1563/1629 1632/1562/1629
f 42/1728/1630 43/1744/1630 1649/1745/1630 1633/1729/1630
f 1633/1729/1631 1649/1745/1631 1650/1746/1631 1634/1730/1631
f 1634/1730/1632 1650/1746/1632 1651/1747/1632 1635/1731/1632
f 1635/1731/1633 1651/1747/1633 1652/1748/1633 1636/1732/1633
f 1636/1732/1634 1652/1748/1634 1653/1749/1634 1637/1733/1634
f 1637/1733/1635 1653/1749/1635 1654/1750/1635 1638/1734/1635
f 1638/1734/1636 1654/1750/1636 1655/1751/1636 1639/1735/1636
f 1639/1735/1637 1655/1751/1637 1656/1752/1637 1640/1736/1637
f 1640/1736/1638 1656/1752/1638 1657/1753/1638 1641/1737/1638
f 1641/1737/1639 1657/1753/1639 1658/1754/1639 1642/1738/1639
f 1642/1738/1640 1658/1754/1640 1659/1755/1640 1643/1739/1640
f 1643/1739/1641 1659/1755/1641 1660/1756/1641 1644/1740/1641
f 1644/1740/1642 1660/1756/1642 1661/1757/1642 1645/1741/1642
f 1645/1741/1643 1661/1757/1643 1662/1758/1643 1646/1742/1643
f 1646/1742/1644 1662/1758/1644 1663/1759/1644 1647/1743/1644
f 1647/1743/1645 1663/1759/1645 1664/1564/1645 1648/1563/1645
f 43/1744/1646 44/1760/1646 1665/1761/1646 1649/1745/1646
f 1649/1745/1647 1665/1761/1647 1666/1762/1647 1650/1746/1647
f 1650/1746/1648 1666/1762/1648 1667/1763/1648 1651/1747/1648
f 1651/1747/1649 1667/1763/1649 1668/1764/1649 1652/1748/1649
f 1652/1748/1650 1668/1764/1650 1669/1765/1650 1653/1749/1650
f 1653/1749/1651 1669/1765/1651 1670/1766/1651 1654/1750/1651
f 1654/1750/1652 1670/1766/1652 1671/1767/1652 1655/1751/1652
f 1655/1751/1653 1671/1767/1653 1672/1768/1653 1656/1752/1653
f 1656/1752/1654 1672/1768/1654 1673/1769/1654 1657/1753/1654
f 1657/1753/1655 1673/1769/1655 1674/1770/1655 1658/1754/1655
f 1658/1754/1656 1674/1770/1656 1675/1771/1656 1659/1755/1656
f 1659/1755/1657 1675/1771/1657 1676/1772/1657 1660/1756/1657
f 1660/1756/1658 1676/1772/1658 1677/1773/1658 1661/1757/1658
f 1661/1757/1659 1677/1773/1659 1678/1774/1659 1662/1758/1659
f 1662/1758/1660 1678/1774/1660 1679/1775/1660 1663/1759/1660
f 1663/1759/1661 1679/1775/1661 1680/1565/1661 1664/1564/1661
f 44/1760/1662 45/1776/1662 1681/1777/1662 1665/1761/1662
f 1665/1761/1663 1681/1777/1663 1682/1778/1663 1666/1762/1663
f 1666/1762/1664 1682/1778/1664 1683/1779/1664 1667/1763/1664
f 1667/1763/1665 1683/1779/1665 1684/1780/1665 1668/1764/1665
f 1668/1764/1666 1684/1780/1666 1685/1781/1666 1669/1765/1666
f 1669/1765/1667 1685/1781/1667 1686/1782/1667 1670/1766/1667
f 1670/1766/1668 1686/1782/1668 1687/1783/1668 1671/1767/1668
f 1671/1767/1669 1687/1783/1669 1688/1784/1669 1672/1768/1669
f 1672/1768/1670 1688/1784/1670 1689/1785/1670 1673/1769/1670
f 1673/1769/1671 1689/1785/1671 1690/1786/1671 1674/1770/1671
f 1674/1770/1672 1690/1786/1672 1691/1787/1672 1675/1771/1672
f 1675/1771/1673 1691/1787/1673 1692/1788/1673 1676/1772/1673
f 1676/1772/1674 1692/1788/1674 1693/1789/1674 1677/1773/1674
f 1677/1773/1675 1693/1789/1675 1694/1790/1675 1678/1774/1675
f 1678/1774/1676 1694/1790/1676 1695/1791/1676 1679/1775/1676
f 1679/1775/1677 1695/1791/1677 1696/1566/1677 1680/1565/1677
f 45/1776/1678 46/1792/1678 1697/1793/1678 1681/1777/1678
f 1681/1777/1679 1697/1793/1679 1698/1794/1679 1682/1778/1679
f 1682/1778/1680 1698/1794/1680 1699/1795/1680 1683/1779/1680
f 1683/1779/1681 1699/1795/1681 1700/1796/1681 1684/1780/1681
f 1684/1780/1682 1700/1796/1682 1701/1797/1682 1685/1781/1682
f 1685/1781/1683 1701/1797/1683 1702/1798/1683 1686/1782/1683
f 1686/1782/1684 1702/1798/1684 1703/1799/1684 1687/1783/1684
f 1687/1783/1685 1703/1799/1685 1704/1800/1685 1688/1784/1685
f 1688/1784/1686 1704/1800/1686 1705/1801/1686 1689/1785/1686
f 1689/1785/1687 1705/1801/1687 1706/1802/1687 1690/1786/1687
f 1690/1786/1688 1706/1802/1688 1707/1803/1688 1691/1787/1688
f 1691/1787/1689 1707/1803/1689 1708/1804/1689 1692/1788/1689
f 1692/1788/1690 1708/1804/1690 1709/1805/1690 1693/1789/1690
f 1693/1789/1691 1709/1805/1691 1710/1806/1691 1694/1790/1691
f 1694/1790/1692 1710/1806/1692 1711/1807/1692 1695/1791/1692
f 1695/1791/1693 1711/1807/1693 1712/1567/1693 1696/1566/1693
f 46/1792/1694 47/1808/1694 1713/1809/1694 1697/1793/1694
f 1697/1793/1695 1713/1809/1695 1714/1810/1695 1698/1794/1695
f 1698/1794/1696 1714/1810/1696 1715/1811/1696 1699/1795/1696
f 1699/1795/1697 1715/1811/1697 1716/1812/1697 1700/1796/1697
f 1700/1796/1698 1716/1812/1698 1717/1813/1698 1701/1797/1698
f 1701/1797/1699 1717/1813/1699 1718/1814/1699 1702/1798/1699
f 1702/1798/1700 1718/1814/1700 1719/1815/1700 1703/1799/1700
f 1703/1799/1701 1719/1815/1701 1720/1816/1701 1704/1800/1701
f 1704/1800/1702 1720/1816/1702 1721/1817/1702 1705/1801/1702
f 1705/1801/1703 1721/1817/1703 1722/1818/1703 1706/1802/1703
f 1706/1802/1704 1722/1818/1704 1723/1819/1704 1707/1803/1704
f 1707/1803/1705 1723/1819/1705 1724/1820/1705 1708/1804/1705
f 1708/1804/1706 1724/1820/1706 1725/1821/1706 1709/1805/1706
f 1709/1805/1707 1725/1821/1707 1726/1822/1707 1710/1806/1707
f 1710/1806/1708 1726/1822/1708 1727/1823/1708 1711/1807/1708
f 1711/1807/1709 1727/1823/1709 1728/1568/1709 1712/1567/1709
f 47/1808/1710 48/1824/1710 1729/1825/1710 1713/1809/1710
f 1713/1809/1711 1729/1825/1711 1730/1826/1711 1714/1810/1711
f 1714/1810/1712 1730/1826/1712 1731/1827/1712 1715/1811/1712
f 1715/1811/1713 1731/1827/1713 1732/1828/1713 1716/1812/1713
f 1716/1812/1714 1732/1828/1714 1733/1829/1714 1717/1813/1714
f 1717/1813/1715 1733/1829/1715 1734/1830/1715 1718/1814/1715
f 1718/1814/1716 1734/1830/1716 1735/1831/1716 1719/1815/1716
f 1719/1815/1717 1735/1831/1717 1736/1832/1717 1720/1816/1717
f 1720/1816/1718 1736/1832/1718 1737/1833/1718 1721/1817/1718
f 1721/1817/1719 1737/1833/1719 1738/1834/1719 1722/1818/1719
f 1722/1818/1720 1738/1834/1720 1739/1835/1720 1723/1819/1720
f 1723/1819/1721 1739/1835/1721 1740/1836/1721 1724/1820/1721
f 1724/1820/1722 1740/1836/1722 1741/1837/1722 1725/1821/1722
f 1725/1821/1723 1741/1837/1723 1742/1838/1723 1726/1822/1723
f 1726/1822/1724 1742/1838/1724 1743/1839/1724 1727/1823/1724
f 1727/1823/1725 1743/1839/1725 1744/15/1725 1728/1568/1725
f 48/1824/1726 10/9/1726 49/1840/1726 1729/1825/1726
f 1729/1825/1727 49/1840/1727 50/1841/1727 1730/1826/1727
f 1730/1826/1728 50/1841/1728 51/1842/1728 1731/1827/1728
f 1731/1827/1729 51/1842/1729 52/1843/1729 1732/1828/1729
f 1732/1828/1730 52/1843/1730 53/1844/1730 1733/1829/1730
f 1733/1829/1731 53/1844/1731 54/1845/1731 1734/1830/1731
f 1734/1830/1732 54/1845/1732 55/1846/1732 1735/1831/1732
f 1735/1831/1733 55/1846/1733 56/1847/1733 1736/1832/1733
f 1736/1832/1734 56/1847/1734 57/1848/1734 1737/1833/1734
f 1737/1833/1735 57/1848/1735 58/1849/1735 1738/1834/1735
f 1738/1834/1736 58/1849/1736 59/1850/1736 1739/1835/1736
f 1739/1835/1737 59/1850/1737 60/1851/1737 1740/1836/1737
f 1740/1836/1738 60/1851/1738 61/1852/1738 1741/1837/1738
f 1741/1837/1739 61/1852/1739 62/1853/1739 1742/1838/1739
f 1742/1838/1740 62/1853/1740 63/1854/1740 1743/1839/1740
f 1743/1839/1741 63/1854/1741 64/16/1741 1744/15/1741
f 3488/15/1742 1808/16/1742 1756/10/1742 1809/17/1742
f 3232/18/1743 1856/19/1743 1760/1/1743 1857/20/1743
f 2976/21/1744 1904/22/1744 1758/4/1744 1905/23/1744
f 2720/24/1745 1952/25/1745 1754/6/1745 1792/26/1745
f 2464/27/1746 1873/28/1746 1757/5/1746 1936/29/1746
f 2208/30/1747 1793/31/1748 1754/3/1747 1952/32/1748
f 1904/22/1749 1968/33/1749 1937/34/1749 1758/4/1749
f 1968/33/1750 1984/35/1750 1938/36/1750 1937/34/1750
f 1984/35/1751 2000/37/1751 1939/38/1751 1938/36/1751
f 2000/37/1752 2016/39/1752 1940/40/1752 1939/38/1752
f 2016/39/1753 2032/41/1753 1941/42/1753 1940/40/1753
f 2032/41/1754 2048/43/1754 1942/44/1754 1941/42/1754
f 2048/43/1755 2064/45/1755 1943/46/1755 1942/44/1755
f 2064/45/1756 2080/47/1756 1944/48/1756 1943/46/1756
f 2080/47/1757 2096/49/1757 1945/50/1757 1944/48/1757
f 2096/49/1758 2112/51/1758 1946/52/1758 1945/50/1758
f 2112/51/1759 2128/53/1759 1947/54/1759 1946/52/1759
f 2128/53/1760 2144/55/1760 1948/56/1760 1947/54/1760
f 2144/55/1761 2160/57/1761 1949/58/1761 1948/56/1761
f 2160/57/1762 2176/59/1762 1950/60/1762 1949/58/1762
f 2176/59/1763 2192/61/1763 1951/62/1763 1950/60/1763
f 2192/61/1764 2208/30/1764 1952/32/1764 1951/62/1764
f 1760/1/1765 1856/63/1765 1953/64/1765 1889/65/1765
f 1889/65/1766 1953/64/1766 1954/66/1766 1890/67/1766
f 1890/67/1767 1954/66/1767 1955/68/1767 1891/69/1767
f 1891/69/1768 1955/68/1768 1956/70/1768 1892/71/1768
f 1892/71/1769 1956/70/1769 1957/72/1769 1893/73/1769
f 1893/73/1770 1957/72/1770 1958/74/1770 1894/75/1770
f 1894/75/1771 1958/74/1771 1959/76/1771 1895/77/1771
f 1895/77/1772 1959/76/1772 1960/78/1772 1896/79/1772
f 1896/79/1773 1960/78/1773 1961/80/1773 1897/81/1773
f 1897/81/1774 1961/80/1774 1962/82/1774 1898/83/1774
f 1898/83/1775 1962/82/1775 1963/84/1775 1899/85/1775
f 1899/85/1776 1963/84/1776 1964/86/1776 1900/87/1776
f 1900/87/1777 1964/86/1777 1965/88/1777 1901/89/1777
f 1901/89/1778 1965/88/1778 1966/90/1778 1902/91/1778
f 1902/91/1779 1966/90/1779 1967/92/1779 1903/93/1779
f 1903/93/1780 1967/92/1780 1968/33/1780 1904/22/1780
f 1856/63/1781 1855/94/1781 1969/95/1781 1953/64/1781
f 1953/64/1782 1969/95/1782 1970/96/1782 1954/66/1782
f 1954/66/1783 1970/96/1783 1971/97/1783 1955/68/1783
f 1955/68/1784 1971/97/1784 1972/98/1784 1956/70/1784
f 1956/70/1785 1972/98/1785 1973/99/1785 1957/72/1785
f 1957/72/1786 1973/99/1786 1974/100/1786 1958/74/1786
f 1958/74/1787 1974/100/1787 1975/101/1787 1959/76/1787
f 1959/76/1788 1975/101/1788 1976/102/1788 1960/78/1788
f 1960/78/1789 1976/102/1789 1977/103/1789 1961/80/1789
f 1961/80/1790 1977/103/1790 1978/104/1790 1962/82/1790
f 1962/82/1791 1978/104/1791 1979/105/1791 1963/84/1791
f 1963/84/1792 1979/105/1792 1980/106/1792 1964/86/1792
f 1964/86/1793 1980/106/1793 1981/107/1793 1965/88/1793
f 1965/88/1794 1981/107/1794 1982/108/1794 1966/90/1794
f 1966/90/1795 1982/108/1795 1983/109/1795 1967/92/1795
f 1967/92/1796 1983/109/1796 1984/35/1796 1968/33/1796
f 1855/94/1797 1854/110/1797 1985/111/1797 1969/95/1797
f 1969/95/1798 1985/111/1798 1986/112/1798 1970/96/1798
f 1970/96/1799 1986/112/1799 1987/113/1799 1971/97/1799
f 1971/97/1800 1987/113/1800 1988/114/1800 1972/98/1800
f 1972/98/1801 1988/114/1801 1989/115/1801 1973/99/1801
f 1973/99/1802 1989/115/1802 1990/116/1802 1974/100/1802
f 1974/100/1803 1990/116/1803 1991/117/1803 1975/101/1803
f 1975/101/1804 1991/117/1804 1992/118/1804 1976/102/1804
f 1976/102/1805 1992/118/1805 1993/119/1805 1977/103/1805
f 1977/103/1806 1993/119/1806 1994/120/1806 1978/104/1806
f 1978/104/1807 1994/120/1807 1995/121/1807 1979/105/1807
f 1979/105/1808 1995/121/1808 1996/122/1808 1980/106/1808
f 1980/106/1809 1996/122/1809 1997/123/1809 1981/107/1809
f 1981/107/1810 1997/123/1810 1998/124/1810 1982/108/1810
f 1982/108/1811 1998/124/1811 1999/125/1811 1983/109/1811
f 1983/109/1812 1999/125/1812 2000/37/1812 1984/35/1812
f 1854/110/1813 1853/126/1813 2001/127/1813 1985/111/1813
f 1985/111/1814 2001/127/1814 2002/128/1814 1986/112/1814
f 1986/112/1815 2002/128/1815 2003/129/1815 1987/113/1815
f 1987/113/1816 2003/129/1816 2004/130/1816 1988/114/1816
f 1988/114/1817 2004/130/1817 2005/131/1817 1989/115/1817
f 1989/115/1818 2005/131/1818 2006/132/1818 1990/116/1818
f 1990/116/1819 2006/132/1819 2007/133/1819 1991/117/1819
f 1991/117/1820 2007/133/1820 2008/134/1820 1992/118/1820
f 1992/118/1821 2008/134/1821 2009/135/1821 1993/119/1821
f 1993/119/1822 2009/135/1822 2010/136/1822 1994/120/1822
f 1994/120/1823 2010/136/1823 2011/137/1823 1995/121/1823
f 1995/121/1824 2011/137/1824 2012/138/1824 1996/122/1824
f 1996/122/1825 2012/138/1825 2013/139/1825 1997/123/1825
f 1997/123/1826 2013/139/1826 2014/140/1826 1998/124/1826
f 1998/124/1827 2014/140/1827 2015/141/1827 1999/125/1827
f 1999/125/1828 2015/141/1828 2016/39/1828 2000/37/1828
f 1853/126/1829 1852/142/1829 2017/143/1829 2001/127/1829
f 2001/127/1830 2017/143/1830 2018/144/1830 2002/128/1830
f 2002/128/1831 2018/144/1831 2019/145/1831 2003/129/1831
f 2003/129/1832 2019/145/1832 2020/146/1832 2004/130/1832
f 2004/130/1833 2020/146/1833 2021/147/1833 2005/131/1833
f 2005/131/1834 2021/147/1834 2022/148/1834 2006/132/1834
f 2006/132/1835 2022/148/1835 2023/149/1835 2007/133/1835
f 2007/133/1836 2023/149/1836 2024/150/1836 2008/134/1836
f 2008/134/1837 2024/150/1837 2025/151/1837 2009/135/1837
f 2009/135/1838 2025/151/1838 2026/152/1838 2010/136/1838
f 2010/136/1839 2026/152/1839 2027/153/1839 2011/137/1839
f 2011/137/1840 2027/153/1840 2028/154/1840 2012/138/1840
f 2012/138/1841 2028/154/1841 2029/155/1841 2013/139/1841
f 2013/139/1842 2029/155/1842 2030/156/1842 2014/140/1842
f 2014/140/1843 2030/156/1843 2031/157/1843 2015/141/1843
f 2015/141/1844 2031/157/1844 2032/41/1844 2016/39/1844
f 1852/142/1845 1851/158/1845 2033/159/1845 2017/143/1845
f 2017/143/1846 2033/159/1846 2034/160/1846 2018/144/1846
f 2018/144/1847 2034/160/1847 2035/161/1847 2019/145/1847
f 2019/145/1848 2035/161/1848 2036/162/1848 2020/146/1848
f 2020/146/1849 2036/162/1849 2037/163/1849 2021/147/1849
f 2021/147/1850 2037/163/1850 2038/164/1850 2022/148/1850
f 2022/148/1851 2038/164/1851 2039/165/1851 2023/149/1851
f 2023/149/1852 2039/165/1852 2040/166/1852 2024/150/1852
f 2024/150/1853 2040/166/1853 2041/167/1853 2025/151/1853
f 2025/151/1854 2041/167/1854 2042/168/1854 2026/152/1854
f 2026/152/1855 2042/168/1855 2043/169/1855 2027/153/1855
f 2027/153/1856 2043/169/1856 2044/170/1856 2028/154/1856
f 2028/154/1857 2044/170/1857 2045/171/1857 2029/155/1857
f 2029/155/1858 2045/171/1858 2046/172/1858 2030/156/1858
f 2030/156/1859 2046/172/1859 2047/173/1859 2031/157/1859
f 2031/157/1860 2047/173/1860 2048/43/1860 2032/41/1860
f 1851/158/1861 1850/174/1861 2049/175/1861 2033/159/1861
f 2033/159/1862 2049/175/1862 2050/176/1862 2034/160/1862
f 2034/160/1863 2050/176/1863 2051/177/1863 2035/161/1863
f 2035/161/1864 2051/177/1864 2052/178/1864 2036/162/1864
f 2036/162/1865 2052/178/1865 2053/179/1865 2037/163/1865
f 2037/163/1866 2053/179/1866 2054/180/1866 2038/164/1866
f 2038/164/1867 2054/180/1867 2055/181/1867 2039/165/1867
f 2039/165/1868 2055/181/1868 2056/182/1868 2040/166/1868
f 2040/166/1869 2056/182/1869 2057/183/1869 2041/167/1869
f 2041/167/1870 2057/183/1870 2058/184/1870 2042/168/1870
f 2042/168/1871 2058/184/1871 2059/185/1871 2043/169/1871
f 2043/169/1872 2059/185/1872 2060/186/1872 2044/170/1872
f 2044/170/1873 2060/186/1873 2061/187/1873 2045/171/1873
f 2045/171/1874 2061/187/1874 2062/188/1874 2046/172/1874
f 2046/172/1875 2062/188/1875 2063/189/1875 2047/173/1875
f 2047/173/1876 2063/189/1876 2064/45/1876 2048/43/1876
f 1850/174/1877 1849/190/1877 2065/191/1877 2049/175/1877
f 2049/175/1878 2065/191/1878 2066/192/1878 2050/176/1878
f 2050/176/1879 2066/192/1879 2067/193/1879 2051/177/1879
f 2051/177/1880 2067/193/1880 2068/194/1880 2052/178/1880
f 2052/178/1881 2068/194/1881 2069/195/1881 2053/179/1881
f 2053/179/1882 2069/195/1882 2070/196/1882 2054/180/1882
f 2054/180/1883 2070/196/1883 2071/197/1883 2055/181/1883
f 2055/181/1884 2071/197/1884 2072/198/1884 2056/182/1884
f 2056/182/1885 2072/198/1885 2073/199/1885 2057/183/1885
f 2057/183/1886 2073/199/1886 2074/200/1886 2058/184/1886
f 2058/184/1887 2074/200/1887 2075/201/1887 2059/185/1887
f 2059/185/1888 2075/201/1888 2076/202/1888 2060/186/1888
f 2060/186/1889 2076/202/1889 2077/203/1889 2061/187/1889
f 2061/187/1890 2077/203/1890 2078/204/1890 2062/188/1890
f 2062/188/1891 2078/204/1891 2079/205/1891 2063/189/1891
f 2063/189/1892 2079/205/1892 2080/47/1892 2064/45/1892
f 1849/190/1893 1848/206/1893 2081/207/1893 2065/191/1893
f 2065/191/1894 2081/207/1894 2082/208/1894 2066/192/1894
f 2066/192/1895 2082/208/1895 2083/209/1895 2067/193/1895
f 2067/193/1896 2083/209/1896 2084/210/1896 2068/194/1896
f 2068/194/1897 2084/210/1897 2085/211/1897 2069/195/1897
f 2069/195/1898 2085/211/1898 2086/212/1898 2070/196/1898
f 2070/196/1899 2086/212/1899 2087/213/1899 2071/197/1899
f 2071/197/1900 2087/213/1900 2088/214/1900 2072/198/1900
f 2072/198/1901 2088/214/1901 2089/215/1901 2073/199/1901
f 2073/199/1902 2089/215/1902 2090/216/1902 2074/200/1902
f 2074/200/1903 2090/216/1903 2091/217/1903 2075/201/1903
f 2075/201/1904 2091/217/1904 2092/218/1904 2076/202/1904
f 2076/202/1905 2092/218/1905 2093/219/1905 2077/203/1905
f 2077/203/1906 2093/219/1906 2094/220/1906 2078/204/1906
f 2078/204/1907 2094/220/1907 2095/221/1907 2079/205/1907
f 2079/205/1908 2095/221/1908 2096/49/1908 2080/47/1908
f 1848/206/1909 1847/222/1909 2097/223/1909 2081/207/1909
f 2081/207/1910 2097/223/1910 2098/224/1910 2082/208/1910
f 2082/208/1911 2098/224/1911 2099/225/1911 2083/209/1911
f 2083/209/1912 2099/225/1912 2100/226/1912 2084/210/1912
f 2084/210/1913 2100/226/1913 2101/227/1913 2085/211/1913
f 2085/211/1914 2101/227/1914 2102/228/1914 2086/212/1914
f 2086/212/1915 2102/228/1915 2103/229/1915 2087/213/1915
f 2087/213/1916 2103/229/1916 2104/230/1916 2088/214/1916
f 2088/214/1917 2104/230/1917 2105/231/1917 2089/215/1917
f 2089/215/1918 2105/231/1918 2106/232/1918 2090/216/1918
f 2090/216/1919 2106/232/1919 2107/233/1919 2091/217/1919
f 2091/217/1920 2107/233/1920 2108/234/1920 2092/218/1920
f 2092/218/1921 2108/234/1921 2109/235/1921 2093/219/1921
f 2093/219/1922 2109/235/1922 2110/236/1922 2094/220/1922
f 2094/220/1923 2110/236/1923 2111/237/1923 2095/221/1923
f 2095/221/1924 2111/237/1924 2112/51/1924 2096/49/1924
f 1847/222/1925 1846/238/1925 2113/239/1925 2097/223/1925
f 2097/223/1926 2113/239/1926 2114/240/1926 2098/224/1926
f 2098/224/1927 2114/240/1927 2115/241/1927 2099/225/1927
f 2099/225/1928 2115/241/1928 2116/242/1928 2100/226/1928
f 2100/226/1929 2116/242/1929 2117/243/1929 2101/227/1929
f 2101/227/1930 2117/243/1930 2118/244/1930 2102/228/1930
f 2102/228/1931 2118/244/1931 2119/245/1931 2103/229/1931
f 2103/229/1932 2119/245/1932 2120/246/1932 2104/230/1932
f 2104/230/1933 2120/246/1933 2121/247/1933 2105/231/1933
f 2105/231/1934 2121/247/1934 2122/248/1934 2106/232/1934
f 2106/232/1935 2122/248/1935 2123/249/1935 2107/233/1935
f 2107/233/1936 2123/249/1936 2124/250/1936 2108/234/1936
f 2108/234/1937 2124/250/1937 2125/251/1937 2109/235/1937
f 2109/235/1938 2125/251/1938 2126/252/1938 2110/236/1938
f 2110/236/1939 2126/252/1939 2127/253/1939 2111/237/1939
f 2111/237/1940 2127/253/1940 2128/53/1940 2112/51/1940
f 1846/238/1941 1845/254/1941 2129/255/1941 2113/239/1941
f 2113/239/1942 2129/255/1942 2130/256/1942 2114/240/1942
f 2114/240/1943 2130/256/1943 2131/257/1943 2115/241/1943
f 2115/241/1944 2131/257/1944 2132/258/1944 2116/242/1944
f 2116/242/1945 2132/258/1945 2133/259/1945 2117/243/1945
f 2117/243/1946 2133/259/1946 2134/260/1946 2118/244/1946
f 2118/244/1947 2134/260/1947 2135/261/1947 2119/245/1947
f 2119/245/1948 2135/261/1948 2136/262/1948 2120/246/1948
f 2120/246/1949 2136/262/1949 2137/263/1949 2121/247/1949
f 2121/247/1950 2137/263/1950 2138/264/1950 2122/248/1950
f 2122/248/1951 2138/264/1951 2139/265/1951 2123/249/1951
f 2123/249/1952 2139/265/1952 2140/266/1952 2124/250/1952
f 2124/250/1953 2140/266/1953 2141/267/1953 2125/251/1953
f 2125/251/1954 2141/267/1954 2142/268/1954 2126/252/1954
f 2126/252/1955 2142/268/1955 2143/269/1955 2127/253/1955
f 2127/253/1956 2143/269/1956 2144/55/1956 2128/53/1956
f 1845/254/1957 1844/270/1957 2145/271/1957 2129/255/1957
f 2129/255/1958 2145/271/1958 2146/272/1958 2130/256/1958
f 2130/256/1959 2146/272/1959 2147/273/1959 2131/257/1959
f 2131/257/1960 2147/273/1960 2148/274/1960 2132/258/1960
f 2132/258/1961 2148/274/1961 2149/275/1961 2133/259/1961
f 2133/259/1962 2149/275/1962 2150/276/1962 2134/260/1962
f 2134/260/1963 2150/276/1963 2151/277/1963 2135/261/1963
f 2135/261/1964 2151/277/1964 2152/278/1964 2136/262/1964
f 2136/262/1965 2152/278/1965 2153/279/1965 2137/263/1965
f 2137/263/1966 2153/279/1966 2154/280/1966 2138/264/1966
f 2138/264/1967 2154/280/1967 2155/281/1967 2139/265/1967
f 2139/265/1968 2155/281/1968 2156/282/1968 2140/266/1968
f 2140/266/1969 2156/282/1969 2157/283/1969 2141/267/1969
f 2141/267/1970 2157/283/1970 2158/284/1970 2142/268/1970
f 2142/268/1971 2158/284/1971 2159/285/1971 2143/269/1971
f 2143/269/1972 2159/285/1972 2160/57/1972 2144/55/1972
f 1844/270/1973 1843/286/1973 2161/287/1973 2145/271/1973
f 2145/271/1974 2161/287/1974 2162/288/1974 2146/272/1974
f 2146/272/1975 2162/288/1975 2163/289/1975 2147/273/1975
f 2147/273/1976 2163/289/1976 2164/290/1976 2148/274/1976
f 2148/274/1977 2164/290/1977 2165/291/1977 2149/275/1977
f 2149/275/1978 2165/291/1978 2166/292/1978 2150/276/1978
f 2150/276/1979 2166/292/1979 2167/293/1979 2151/277/1979
f 2151/277/1980 2167/293/1980 2168/294/1980 2152/278/1980
f 2152/278/1981 2168/294/1981 2169/295/1981 2153/279/1981
f 2153/279/1982 2169/295/1982 2170/296/1982 2154/280/1982
f 2154/280/1983 2170/296/1983 2171/297/1983 2155/281/1983
f 2155/281/1984 2171/297/1984 2172/298/1984 2156/282/1984
f 2156/282/1985 2172/298/1985 2173/299/1985 2157/283/1985
f 2157/283/1986 2173/299/1986 2174/300/1986 2158/284/1986
f 2158/284/1987 2174/300/1987 2175/301/1987 2159/285/1987
f 2159/285/1988 2175/301/1988 2176/59/1988 2160/57/1988
f 1843/286/1989 1842/302/1989 2177/303/1989 2161/287/1989
f 2161/287/1990 2177/303/1990 2178/304/1990 2162/288/1990
f 2162/288/1991 2178/304/1991 2179/305/1991 2163/289/1991
f 2163/289/1992 2179/305/1992 2180/306/1992 2164/290/1992
f 2164/290/1993 2180/306/1993 2181/307/1993 2165/291/1993
f 2165/291/1994 2181/307/1994 2182/308/1994 2166/292/1994
f 2166/292/1995 2182/308/1995 2183/309/1995 2167/293/1995
f 2167/293/1996 2183/309/1996 2184/310/1996 2168/294/1996
f 2168/294/1997 2184/310/1997 2185/311/1997 2169/295/1997
f 2169/295/1998 2185/311/1998 2186/312/1998 2170/296/1998
f 2170/296/1999 2186/312/1999 2187/313/1999 2171/297/1999
f 2171/297/2000 2187/313/2000 2188/314/2000 2172/298/2000
f 2172/298/2001 2188/314/2001 2189/315/2001 2173/299/2001
f 2173/299/2002 2189/315/2002 2190/316/2002 2174/300/2002
f 2174/300/2003 2190/316/2003 2191/317/2003 2175/301/2003
f 2175/301/2004 2191/317/2004 2192/61/2004 2176/59/2004
f 1842/302/2005 1841/318/2005 2193/319/2005 2177/303/2005
f 2177/303/2006 2193/319/2006 2194/320/2006 2178/304/2006
f 2178/304/2007 2194/320/2007 2195/321/2007 2179/305/2007
f 2179/305/2008 2195/321/2008 2196/322/2008 2180/306/2008
f 2180/306/2009 2196/322/2009 2197/323/2009 2181/307/2009
f 2181/307/2010 2197/323/2010 2198/324/2010 2182/308/2010
f 2182/308/2011 2198/324/2011 2199/325/2011 2183/309/2011
f 2183/309/2012 2199/325/2012 2200/326/2012 2184/310/2012
f 2184/310/2013 2200/326/2013 2201/327/2013 2185/311/2013
f 2185/311/2014 2201/327/2014 2202/328/2014 2186/312/2014
f 2186/312/2015 2202/328/2015 2203/329/2015 2187/313/2015
f 2187/313/2016 2203/329/2016 2204/330/2016 2188/314/2016
f 2188/314/2017 2204/330/2017 2205/331/2017 2189/315/2017
f 2189/315/2018 2205/331/2018 2206/332/2018 2190/316/2018
f 2190/316/2019 2206/332/2019 2207/333/2019 2191/317/2019
f 2191/317/2020 2207/333/2020 2208/30/2020 2192/61/2020
f 1841/318/2021 1756/2/2021 1808/334/2021 2193/319/2021
f 2193/319/2022 1808/334/2022 1807/335/2022 2194/320/2022
f 2194/320/2023 1807/335/2023 1806/336/2023 2195/321/2023
f 2195/321/2024 1806/336/2024 1805/337/2024 2196/322/2024
f 2196/322/2025 1805/337/2025 1804/338/2025 2197/323/2025
f 2197/323/2026 1804/338/2026 1803/339/2026 2198/324/2026
f 2198/324/2027 1803/339/2027 1802/340/2027 2199/325/2027
f 2199/325/2028 1802/340/2028 1801/341/2028 2200/326/2028
f 2200/326/2029 1801/341/2029 1800/342/2029 2201/327/2029
f 2201/327/2030 1800/342/2030 1799/343/2030 2202/328/2030
f 2202/328/2031 1799/343/2031 1798/344/2031 2203/329/2031
f 2203/329/2032 1798/344/2032 1797/345/2032 2204/330/2032
f 2204/330/2033 1797/345/2033 1796/346/2033 2205/331/2033
f 2205/331/2034 1796/346/2034 1795/347/2034 2206/332/2034
f 2206/332/2035 1795/347/2035 1794/348/2035 2207/333/2035
f 2207/333/2036 1794/348/2036 1793/31/2036 2208/30/2036
f 1776/349/2037 2224/350/2037 1921/351/2037 1753/14/2037
f 2224/350/2038 2240/352/2038 1922/353/2038 1921/351/2038
f 2240/352/2039 2256/354/2039 1923/355/2039 1922/353/2039
f 2256/354/2040 2272/356/2040 1924/357/2040 1923/355/2040
f 2272/356/2041 2288/358/2041 1925/359/2041 1924/357/2041
f 2288/358/2042 2304/360/2042 1926/361/2042 1925/359/2042
f 2304/360/2043 2320/362/2043 1927/363/2043 1926/361/2043
f 2320/362/2044 2336/364/2044 1928/365/2044 1927/363/2044
f 2336/364/2045 2352/366/2045 1929/367/2045 1928/365/2045
f 2352/366/2046 2368/368/2046 1930/369/2046 1929/367/2046
f 2368/368/2047 2384/370/2047 1931/371/2047 1930/369/2047
f 2384/370/2048 2400/372/2048 1932/373/2048 1931/371/2048
f 2400/372/2049 2416/374/2049 1933/375/2049 1932/373/2049
f 2416/374/2050 2432/376/2050 1934/377/2050 1933/375/2050
f 2432/376/2051 2448/378/2051 1935/379/2051 1934/377/2051
f 2448/378/2052 2464/27/2052 1936/29/2052 1935/379/2052
f 1755/12/2053 1840/380/2053 2209/381/2053 1761/382/2053
f 1761/382/2054 2209/381/2054 2210/383/2054 1762/384/2054
f 1762/384/2055 2210/383/2055 2211/385/2055 1763/386/2055
f 1763/386/2056 2211/385/2056 2212/387/2056 1764/388/2056
f 1764/388/2057 2212/387/2057 2213/389/2057 1765/390/2057
f 1765/390/2058 2213/389/2058 2214/391/2058 1766/392/2058
f 1766/392/2059 2214/391/2059 2215/393/2059 1767/394/2059
f 1767/394/2060 2215/393/2060 2216/395/2060 1768/396/2060
f 1768/396/2061 2216/395/2061 2217/397/2061 1769/398/2061
f 1769/398/2062 2217/397/2062 2218/399/2062 1770/400/2062
f 1770/400/2063 2218/399/2063 2219/401/2063 1771/402/2063
f 1771/402/2064 2219/401/2064 2220/403/2064 1772/404/2064
f 1772/404/2065 2220/403/2065 2221/405/2065 1773/406/2065
f 1773/406/2066 2221/405/2066 2222/407/2066 1774/408/2066
f 1774/408/2067 2222/407/2067 2223/409/2067 1775/410/2067
f 1775/410/2068 2223/409/2068 2224/350/2068 1776/349/2068
f 1840/380/2069 1839/411/2069 2225/412/2069 2209/381/2069
f 2209/381/2070 2225/412/2070 2226/413/2070 2210/383/2070
f 2210/383/2071 2226/413/2071 2227/414/2071 2211/385/2071
f 2211/385/2072 2227/414/2072 2228/415/2072 2212/387/2072
f 2212/387/2073 2228/415/2073 2229/416/2073 2213/389/2073
f 2213/389/2074 2229/416/2074 2230/417/2074 2214/391/2074
f 2214/391/2075 2230/417/2075 2231/418/2075 2215/393/2075
f 2215/393/2076 2231/418/2076 2232/419/2076 2216/395/2076
f 2216/395/2077 2232/419/2077 2233/420/2077 2217/397/2077
f 2217/397/2078 2233/420/2078 2234/421/2078 2218/399/2078
f 2218/399/2079 2234/421/2079 2235/422/2079 2219/401/2079
f 2219/401/2080 2235/422/2080 2236/423/2080 2220/403/2080
f 2220/403/2081 2236/423/2081 2237/424/2081 2221/405/2081
f 2221/405/2082 2237/424/2082 2238/425/2082 2222/407/2082
f 2222/407/2083 2238/425/2083 2239/426/2083 2223/409/2083
f 2223/409/2084 2239/426/2084 2240/352/2084 2224/350/2084
f 1839/411/2085 1838/427/2085 2241/428/2085 2225/412/2085
f 2225/412/2086 2241/428/2086 2242/429/2086 2226/413/2086
f 2226/413/2087 2242/429/2087 2243/430/2087 2227/414/2087
f 2227/414/2088 2243/430/2088 2244/431/2088 2228/415/2088
f 2228/415/2089 2244/431/2089 2245/432/2089 2229/416/2089
f 2229/416/2090 2245/432/2090 2246/433/2090 2230/417/2090
f 2230/417/2091 2246/433/2091 2247/434/2091 2231/418/2091
f 2231/418/2092 2247/434/2092 2248/435/2092 2232/419/2092
f 2232/419/2093 2248/435/2093 2249/436/2093 2233/420/2093
f 2233/420/2094 2249/436/2094 2250/437/2094 2234/421/2094
f 2234/421/2095 2250/437/2095 2251/438/2095 2235/422/2095
f 2235/422/2096 2251/438/2096 2252/439/2096 2236/423/2096
f 2236/423/2097 2252/439/2097 2253/440/2097 2237/424/2097
f 2237/424/2098 2253/440/2098 2254/441/2098 2238/425/2098
f 2238/425/2099 2254/441/2099 2255/442/2099 2239/426/2099
f 2239/426/2100 2255/442/2100 2256/354/2100 2240/352/2100
f 1838/427/2101 1837/443/2101 2257/444/2101 2241/428/2101
f 2241/428/2102 2257/444/2102 2258/445/2102 2242/429/2102
f 2242/429/2103 2258/445/2103 2259/446/2103 2243/430/2103
f 2243/430/2104 2259/446/2104 2260/447/2104 2244/431/2104
f 2244/431/2105 2260/447/2105 2261/448/2105 2245/432/2105
f 2245/432/2106 2261/448/2106 2262/449/2106 2246/433/2106
f 2246/433/2107 2262/449/2107 2263/450/2107 2247/434/2107
f 2247/434/2108 2263/450/2108 2264/451/2108 2248/435/2108
f 2248/435/2109 2264/451/2109 2265/452/2109 2249/436/2109
f 2249/436/2110 2265/452/2110 2266/453/2110 2250/437/2110
f 2250/437/2111 2266/453/2111 2267/454/2111 2251/438/2111
f 2251/438/2112 2267/454/2112 2268/455/2112 2252/439/2112
f 2252/439/2113 2268/455/2113 2269/456/2113 2253/440/2113
f 2253/440/2114 2269/456/2114 2270/457/2114 2254/441/2114
f 2254/441/2115 2270/457/2115 2271/458/2115 2255/442/2115
f 2255/442/2116 2271/458/2116 2272/356/2116 2256/354/2116
f 1837/443/2117 1836/459/2117 2273/460/2117 2257/444/2117
f 2257/444/2118 2273/460/2118 2274/461/2118 2258/445/2118
f 2258/445/2119 2274/461/2119 2275/462/2119 2259/446/2119
f 2259/446/2120 2275/462/2120 2276/463/2120 2260/447/2120
f 2260/447/2121 2276/463/2121 2277/464/2121 2261/448/2121
f 2261/448/2122 2277/464/2122 2278/465/2122 2262/449/2122
f 2262/449/2123 2278/465/2123 2279/466/2123 2263/450/2123
f 2263/450/2124 2279/466/2124 2280/467/2124 2264/451/2124
f 2264/451/2125 2280/467/2125 2281/468/2125 2265/452/2125
f 2265/452/2126 2281/468/2126 2282/469/2126 2266/453/2126
f 2266/453/2127 2282/469/2127 2283/470/2127 2267/454/2127
f 2267/454/2128 2283/470/2128 2284/471/2128 2268/455/2128
f 2268/455/2129 2284/471/2129 2285/472/2129 2269/456/2129
f 2269/456/2130 2285/472/2130 2286/473/2130 2270/457/2130
f 2270/457/2131 2286/473/2131 2287/474/2131 2271/458/2131
f 2271/458/2132 2287/474/2132 2288/358/2132 2272/356/2132
f 1836/459/2133 1835/475/2133 2289/476/2133 2273/460/2133
f 2273/460/2134 2289/476/2134 2290/477/2134 2274/461/2134
f 2274/461/2135 2290/477/2135 2291/478/2135 2275/462/2135
f 2275/462/2136 2291/478/2136 2292/479/2136 2276/463/2136
f 2276/463/2137 2292/479/2137 2293/480/2137 2277/464/2137
f 2277/464/2138 2293/480/2138 2294/481/2138 2278/465/2138
f 2278/465/2139 2294/481/2139 2295/482/2139 2279/466/2139
f 2279/466/2140 2295/482/2140 2296/483/2140 2280/467/2140
f 2280/467/2141 2296/483/2141 2297/484/2141 2281/468/2141
f 2281/468/2142 2297/484/2142 2298/485/2142 2282/469/2142
f 2282/469/2143 2298/485/2143 2299/486/2143 2283/470/2143
f 2283/470/2144 2299/486/2144 2300/487/2144 2284/471/2144
f 2284/471/2145 2300/487/2145 2301/488/2145 2285/472/2145
f 2285/472/2146 2301/488/2146 2302/489/2146 2286/473/2146
f 2286/473/2147 2302/489/2147 2303/490/2147 2287/474/2147
f 2287/474/2148 2303/490/2148 2304/360/2148 2288/358/2148
f 1835/475/2149 1834/491/2149 2305/492/2149 2289/476/2149
f 2289/476/2150 2305/492/2150 2306/493/2150 2290/477/2150
f 2290/477/2151 2306/493/2151 2307/494/2151 2291/478/2151
f 2291/478/2152 2307/494/2152 2308/495/2152 2292/479/2152
f 2292/479/2153 2308/495/2153 2309/496/2153 2293/480/2153
f 2293/480/2154 2309/496/2154 2310/497/2154 2294/481/2154
f 2294/481/2155 2310/497/2155 2311/498/2155 2295/482/2155
f 2295/482/2156 2311/498/2156 2312/499/2156 2296/483/2156
f 2296/483/2157 2312/499/2157 2313/500/2157 2297/484/2157
f 2297/484/2158 2313/500/2158 2314/501/2158 2298/485/2158
f 2298/485/2159 2314/501/2159 2315/502/2159 2299/486/2159
f 2299/486/2160 2315/502/2160 2316/503/2160 2300/487/2160
f 2300/487/2161 2316/503/2161 2317/504/2161 2301/488/2161
f 2301/488/2162 2317/504/2162 2318/505/2162 2302/489/2162
f 2302/489/2163 2318/505/2163 2319/506/2163 2303/490/2163
f 2303/490/2164 2319/506/2164 2320/362/2164 2304/360/2164
f 1834/491/2165 1833/507/2165 2321/508/2165 2305/492/2165
f 2305/492/2166 2321/508/2166 2322/509/2166 2306/493/2166
f 2306/493/2167 2322/509/2167 2323/510/2167 2307/494/2167
f 2307/494/2168 2323/510/2168 2324/511/2168 2308/495/2168
f 2308/495/2169 2324/511/2169 2325/512/2169 2309/496/2169
f 2309/496/2170 2325/512/2170 2326/513/2170 2310/497/2170
f 2310/497/2171 2326/513/2171 2327/514/2171 2311/498/2171
f 2311/498/2172 2327/514/2172 2328/515/2172 2312/499/2172
f 2312/499/2173 2328/515/2173 2329/516/2173 2313/500/2173
f 2313/500/2174 2329/516/2174 2330/517/2174 2314/501/2174
f 2314/501/2175 2330/517/2175 2331/518/2175 2315/502/2175
f 2315/502/2176 2331/518/2176 2332/519/2176 2316/503/2176
f 2316/503/2177 2332/519/2177 2333/520/2177 2317/504/2177
f 2317/504/2178 2333/520/2178 2334/521/2178 2318/505/2178
f 2318/505/2179 2334/521/2179 2335/522/2179 2319/506/2179
f 2319/506/2180 2335/522/2180 2336/364/2180 2320/362/2180
f 1833/507/2181 1832/523/2181 2337/524/2181 2321/508/2181
f 2321/508/2182 2337/524/2182 2338/525/2182 2322/509/2182
f 2322/509/2183 2338/525/2183 2339/526/2183 2323/510/2183
f 2323/510/2184 2339/526/2184 2340/527/2184 2324/511/2184
f 2324/511/2185 2340/527/2185 2341/528/2185 2325/512/2185
f 2325/512/2186 2341/528/2186 2342/529/2186 2326/513/2186
f 2326/513/2187 2342/529/2187 2343/530/2187 2327/514/2187
f 2327/514/2188 2343/530/2188 2344/531/2188 2328/515/2188
f 2328/515/2189 2344/531/2189 2345/532/2189 2329/516/2189
f 2329/516/2190 2345/532/2190 2346/533/2190 2330/517/2190
f 2330/517/2191 2346/533/2191 2347/534/2191 2331/518/2191
f 2331/518/2192 2347/534/2192 2348/535/2192 2332/519/2192
f 2332/519/2193 2348/535/2193 2349/536/2193 2333/520/2193
f 2333/520/2194 2349/536/2194 2350/537/2194 2334/521/2194
f 2334/521/2195 2350/537/2195 2351/538/2195 2335/522/2195
f 2335/522/2196 2351/538/2196 2352/366/2196 2336/364/2196
f 1832/523/2197 1831/539/2197 2353/540/2197 2337/524/2197
f 2337/524/2198 2353/540/2198 2354/541/2198 2338/525/2198
f 2338/525/2199 2354/541/2199 2355/542/2199 2339/526/2199
f 2339/526/2200 2355/542/2200 2356/543/2200 2340/527/2200
f 2340/527/2201 2356/543/2201 2357/544/2201 2341/528/2201
f 2341/528/2202 2357/544/2202 2358/545/2202 2342/529/2202
f 2342/529/2203 2358/545/2203 2359/546/2203 2343/530/2203
f 2343/530/2204 2359/546/2204 2360/547/2204 2344/531/2204
f 2344/531/2205 2360/547/2205 2361/548/2205 2345/532/2205
f 2345/532/2206 2361/548/2206 2362/549/2206 2346/533/2206
f 2346/533/2207 2362/549/2207 2363/550/2207 2347/534/2207
f 2347/534/2208 2363/550/2208 2364/551/2208 2348/535/2208
f 2348/535/2209 2364/551/2209 2365/552/2209 2349/536/2209
f 2349/536/2210 2365/552/2210 2366/553/2210 2350/537/2210
f 2350/537/2211 2366/553/2211 2367/554/2211 2351/538/2211
f 2351/538/2212 2367/554/2212 2368/368/2212 2352/366/2212
f 1831/539/2213 1830/555/2213 2369/556/2213 2353/540/2213
f 2353/540/2214 2369/556/2214 2370/557/2214 2354/541/2214
f 2354/541/2215 2370/557/2215 2371/558/2215 2355/542/2215
f 2355/542/2216 2371/558/2216 2372/559/2216 2356/543/2216
f 2356/543/2217 2372/559/2217 2373/560/2217 2357/544/2217
f 2357/544/2218 2373/560/2218 2374/561/2218 2358/545/2218
f 2358/545/2219 2374/561/2219 2375/562/2219 2359/546/2219
f 2359/546/2220 2375/562/2220 2376/563/2220 2360/547/2220
f 2360/547/2221 2376/563/2221 2377/564/2221 2361/548/2221
f 2361/548/2222 2377/564/2222 2378/565/2222 2362/549/2222
f 2362/549/2223 2378/565/2223 2379/566/2223 2363/550/2223
f 2363/550/2224 2379/566/2224 2380/567/2224 2364/551/2224
f 2364/551/2225 2380/567/2225 2381/568/2225 2365/552/2225
f 2365/552/2226 2381/568/2226 2382/569/2226 2366/553/2226
f 2366/553/2227 2382/569/2227 2383/570/2227 2367/554/2227
f 2367/554/2228 2383/570/2228 2384/370/2228 2368/368/2228
f 1830/555/2229 1829/571/2229 2385/572/2229 2369/556/2229
f 2369/556/2230 2385/572/2230 2386/573/2230 2370/557/2230
f 2370/557/2231 2386/573/2231 2387/574/2231 2371/558/2231
f 2371/558/2232 2387/574/2232 2388/575/2232 2372/559/2232
f 2372/559/2233 2388/575/2233 2389/576/2233 2373/560/2233
f 2373/560/2234 2389/576/2234 2390/577/2234 2374/561/2234
f 2374/561/2235 2390/577/2235 2391/578/2235 2375/562/2235
f 2375/562/2236 2391/578/2236 2392/579/2236 2376/563/2236
f 2376/563/2237 2392/579/2237 2393/580/2237 2377/564/2237
f 2377/564/2238 2393/580/2238 2394/581/2238 2378/565/2238
f 2378/565/2239 2394/581/2239 2395/582/2239 2379/566/2239
f 2379/566/2240 2395/582/2240 2396/583/2240 2380/567/2240
f 2380/567/2241 2396/583/2241 2397/584/2241 2381/568/2241
f 2381/568/2242 2397/584/2242 2398/585/2242 2382/569/2242
f 2382/569/2243 2398/585/2243 2399/586/2243 2383/570/2243
f 2383/570/2244 2399/586/2244 2400/372/2244 2384/370/2244
f 1829/571/2245 1828/587/2245 2401/588/2245 2385/572/2245
f 2385/572/2246 2401/588/2246 2402/589/2246 2386/573/2246
f 2386/573/2247 2402/589/2247 2403/590/2247 2387/574/2247
f 2387/574/2248 2403/590/2248 2404/591/2248 2388/575/2248
f 2388/575/2249 2404/591/2249 2405/592/2249 2389/576/2249
f 2389/576/2250 2405/592/2250 2406/593/2250 2390/577/2250
f 2390/577/2251 2406/593/2251 2407/594/2251 2391/578/2251
f 2391/578/2252 2407/594/2252 2408/595/2252 2392/579/2252
f 2392/579/2253 2408/595/2253 2409/596/2253 2393/580/2253
f 2393/580/2254 2409/596/2254 2410/597/2254 2394/581/2254
f 2394/581/2255 2410/597/2255 2411/598/2255 2395/582/2255
f 2395/582/2256 2411/598/2256 2412/599/2256 2396/583/2256
f 2396/583/2257 2412/599/2257 2413/600/2257 2397/584/2257
f 2397/584/2258 2413/600/2258 2414/601/2258 2398/585/2258
f 2398/585/2259 2414/601/2259 2415/602/2259 2399/586/2259
f 2399/586/2260 2415/602/2260 2416/374/2260 2400/372/2260
f 1828/587/2261 1827/603/2261 2417/604/2261 2401/588/2261
f 2401/588/2262 2417/604/2262 2418/605/2262 2402/589/2262
f 2402/589/2263 2418/605/2263 2419/606/2263 2403/590/2263
f 2403/590/2264 2419/606/2264 2420/607/2264 2404/591/2264
f 2404/591/2265 2420/607/2265 2421/608/2265 2405/592/2265
f 2405/592/2266 2421/608/2266 2422/609/2266 2406/593/2266
f 2406/593/2267 2422/609/2267 2423/610/2267 2407/594/2267
f 2407/594/2268 2423/610/2268 2424/611/2268 2408/595/2268
f 2408/595/2269 2424/611/2269 2425/612/2269 2409/596/2269
f 2409/596/2270 2425/612/2270 2426/613/2270 2410/597/2270
f 2410/597/2271 2426/613/2271 2427/614/2271 2411/598/2271
f 2411/598/2272 2427/614/2272 2428/615/2272 2412/599/2272
f 2412/599/2273 2428/615/2273 2429/616/2273 2413/600/2273
f 2413/600/2274 2429/616/2274 2430/617/2274 2414/601/2274
f 2414/601/2275 2430/617/2275 2431/618/2275 2415/602/2275
f 2415/602/2276 2431/618/2276 2432/376/2276 2416/374/2276
f 1827/603/2277 1826/619/2277 2433/620/2277 2417/604/2277
f 2417/604/2278 2433/620/2278 2434/621/2278 2418/605/2278
f 2418/605/2279 2434/621/2279 2435/622/2279 2419/606/2279
f 2419/606/2280 2435/622/2280 2436/623/2280 2420/607/2280
f 2420/607/2281 2436/623/2281 2437/624/2281 2421/608/2281
f 2421/608/2282 2437/624/2282 2438/625/2282 2422/609/2282
f 2422/609/2283 2438/625/2283 2439/626/2283 2423/610/2283
f 2423/610/2284 2439/626/2284 2440/627/2284 2424/611/2284
f 2424/611/2285 2440/627/2285 2441/628/2285 2425/612/2285
f 2425/612/2286 2441/628/2286 2442/629/2286 2426/613/2286
f 2426/613/2287 2442/629/2287 2443/630/2287 2427/614/2287
f 2427/614/2288 2443/630/2288 2444/631/2288 2428/615/2288
f 2428/615/2289 2444/631/2289 2445/632/2289 2429/616/2289
f 2429/616/2290 2445/632/2290 2446/633/2290 2430/617/2290
f 2430/617/2291 2446/633/2291 2447/634/2291 2431/618/2291
f 2431/618/2292 2447/634/2292 2448/378/2292 2432/376/2292
f 1826/619/2293 1825/635/2293 2449/636/2293 2433/620/2293
f 2433/620/2294 2449/636/2294 2450/637/2294 2434/621/2294
f 2434/621/2295 2450/637/2295 2451/638/2295 2435/622/2295
f 2435/622/2296 2451/638/2296 2452/639/2296 2436/623/2296
f 2436/623/2297 2452/639/2297 2453/640/2297 2437/624/2297
f 2437/624/2298 2453/640/2298 2454/641/2298 2438/625/2298
f 2438/625/2299 2454/641/2299 2455/642/2299 2439/626/2299
f 2439/626/2300 2455/642/2300 2456/643/2300 2440/627/2300
f 2440/627/2301 2456/643/2301 2457/644/2301 2441/628/2301
f 2441/628/2302 2457/644/2302 2458/645/2302 2442/629/2302
f 2442/629/2303 2458/645/2303 2459/646/2303 2443/630/2303
f 2443/630/2304 2459/646/2304 2460/647/2304 2444/631/2304
f 2444/631/2305 2460/647/2305 2461/648/2305 2445/632/2305
f 2445/632/2306 2461/648/2306 2462/649/2306 2446/633/2306
f 2446/633/2307 2462/649/2307 2463/650/2307 2447/634/2307
f 2447/634/2308 2463/650/2308 2464/27/2308 2448/378/2308
f 1825/635/2309 1759/13/2309 1888/651/2309 2449/636/2309
f 2449/636/2310 1888/651/2310 1887/652/2310 2450/637/2310
f 2450/637/2311 1887/652/2311 1886/653/2311 2451/638/2311
f 2451/638/2312 1886/653/2312 1885/654/2312 2452/639/2312
f 2452/639/2313 1885/654/2313 1884/655/2313 2453/640/2313
f 2453/640/2314 1884/655/2314 1883/656/2314 2454/641/2314
f 2454/641/2315 1883/656/2315 1882/657/2315 2455/642/2315
f 2455/642/2316 1882/657/2316 1881/658/2316 2456/643/2316
f 2456/643/2317 1881/658/2317 1880/659/2317 2457/644/2317
f 2457/644/2318 1880/659/2318 1879/660/2318 2458/645/2318
f 2458/645/2319 1879/660/2319 1878/661/2319 2459/646/2319
f 2459/646/2320 1878/661/2320 1877/662/2320 2460/647/2320
f 2460/647/2321 1877/662/2321 1876/663/2321 2461/648/2321
f 2461/648/2322 1876/663/2322 1875/664/2322 2462/649/2322
f 2462/649/2323 1875/664/2323 1874/665/2323 2463/650/2323
f 2463/650/2324 1874/665/2324 1873/28/2324 2464/27/2324
f 1921/666/2325 2480/667/2325 1777/668/2325 1753/7/2325
f 2480/667/2326 2496/669/2326 1778/670/2326 1777/668/2326
f 2496/669/2327 2512/671/2327 1779/672/2327 1778/670/2327
f 2512/671/2328 2528/673/2328 1780/674/2328 1779/672/2328
f 2528/673/2329 2544/675/2329 1781/676/2329 1780/674/2329
f 2544/675/2330 2560/677/2330 1782/678/2330 1781/676/2330
f 2560/677/2331 2576/679/2331 1783/680/2331 1782/678/2331
f 2576/679/2332 2592/681/2332 1784/682/2332 1783/680/2332
f 2592/681/2333 2608/683/2333 1785/684/2333 1784/682/2333
f 2608/683/2334 2624/685/2334 1786/686/2334 1785/684/2334
f 2624/685/2335 2640/687/2335 1787/688/2335 1786/686/2335
f 2640/687/2336 2656/689/2336 1788/690/2336 1787/688/2336
f 2656/689/2337 2672/691/2337 1789/692/2337 1788/690/2337
f 2672/691/2338 2688/693/2338 1790/694/2338 1789/692/2338
f 2688/693/2339 2704/695/2339 1791/696/2339 1790/694/2339
f 2704/695/2340 2720/24/2340 1792/26/2340 1791/696/2340
f 1757/5/2341 1920/697/2341 2465/698/2341 1936/699/2341
f 1936/699/2342 2465/698/2342 2466/700/2342 1935/701/2342
f 1935/701/2343 2466/700/2343 2467/702/2343 1934/703/2343
f 1934/703/2344 2467/702/2344 2468/704/2344 1933/705/2344
f 1933/705/2345 2468/704/2345 2469/706/2345 1932/707/2345
f 1932/707/2346 2469/706/2346 2470/708/2346 1931/709/2346
f 1931/709/2347 2470/708/2347 2471/710/2347 1930/711/2347
f 1930/711/2348 2471/710/2348 2472/712/2348 1929/713/2348
f 1929/713/2349 2472/712/2349 2473/714/2349 1928/715/2349
f 1928/715/2350 2473/714/2350 2474/716/2350 1927/717/2350
f 1927/717/2351 2474/716/2351 2475/718/2351 1926/719/2351
f 1926/719/2352 2475/718/2352 2476/720/2352 1925/721/2352
f 1925/721/2353 2476/720/2353 2477/722/2353 1924/723/2353
f 1924/723/2354 2477/722/2354 2478/724/2354 1923/725/2354
f 1923/725/2355 2478/724/2355 2479/726/2355 1922/727/2355
f 1922/727/2356 2479/726/2356 2480/667/2356 1921/666/2356
f 1920/697/2357 1919/728/2357 2481/729/2357 2465/698/2357
f 2465/698/2358 2481/729/2358 2482/730/2358 2466/700/2358
f 2466/700/2359 2482/730/2359 2483/731/2359 2467/702/2359
f 2467/702/2360 2483/731/2360 2484/732/2360 2468/704/2360
f 2468/704/2361 2484/732/2361 2485/733/2361 2469/706/2361
f 2469/706/2362 2485/733/2362 2486/734/2362 2470/708/2362
f 2470/708/2363 2486/734/2363 2487/735/2363 2471/710/2363
f 2471/710/2364 2487/735/2364 2488/736/2364 2472/712/2364
f 2472/712/2365 2488/736/2365 2489/737/2365 2473/714/2365
f 2473/714/2366 2489/737/2366 2490/738/2366 2474/716/2366
f 2474/716/2367 2490/738/2367 2491/739/2367 2475/718/2367
f 2475/718/2368 2491/739/2368 2492/740/2368 2476/720/2368
f 2476/720/2369 2492/740/2369 2493/741/2369 2477/722/2369
f 2477/722/2370 2493/741/2370 2494/742/2370 2478/724/2370
f 2478/724/2371 2494/742/2371 2495/743/2371 2479/726/2371
f 2479/726/2372 2495/743/2372 2496/669/2372 2480/667/2372
f 1919/728/2373 1918/744/2373 2497/745/2373 2481/729/2373
f 2481/729/2374 2497/745/2374 2498/746/2374 2482/730/2374
f 2482/730/2375 2498/746/2375 2499/747/2375 2483/731/2375
f 2483/731/2376 2499/747/2376 2500/748/2376 2484/732/2376
f 2484/732/2377 2500/748/2377 2501/749/2377 2485/733/2377
f 2485/733/2378 2501/749/2378 2502/750/2378 2486/734/2378
f 2486/734/2379 2502/750/2379 2503/751/2379 2487/735/2379
f 2487/735/2380 2503/751/2380 2504/752/2380 2488/736/2380
f 2488/736/2381 2504/752/2381 2505/753/2381 2489/737/2381
f 2489/737/2382 2505/753/2382 2506/754/2382 2490/738/2382
f 2490/738/2383 2506/754/2383 2507/755/2383 2491/739/2383
f 2491/739/2384 2507/755/2384 2508/756/2384 2492/740/2384
f 2492/740/2385 2508/756/2385 2509/757/2385 2493/741/2385
f 2493/741/2386 2509/757/2386 2510/758/2386 2494/742/2386
f 2494/742/2387 2510/758/2387 2511/759/2387 2495/743/2387
f 2495/743/2388 2511/759/2388 2512/671/2388 2496/669/2388
f 1918/744/2389 1917/760/2389 2513/761/2389 2497/745/2389
f 2497/745/2390 2513/761/2390 2514/762/2390 2498/746/2390
f 2498/746/2391 2514/762/2391 2515/763/2391 2499/747/2391
f 2499/747/2392 2515/763/2392 2516/764/2392 2500/748/2392
f 2500/748/2393 2516/764/2393 2517/765/2393 2501/749/2393
f 2501/749/2394 2517/765/2394 2518/766/2394 2502/750/2394
f 2502/750/2395 2518/766/2395 2519/767/2395 2503/751/2395
f 2503/751/2396 2519/767/2396 2520/768/2396 2504/752/2396
f 2504/752/2397 2520/768/2397 2521/769/2397 2505/753/2397
f 2505/753/2398 2521/769/2398 2522/770/2398 2506/754/2398
f 2506/754/2399 2522/770/2399 2523/771/2399 2507/755/2399
f 2507/755/2400 2523/771/2400 2524/772/2400 2508/756/2400
f 2508/756/2401 2524/772/2401 2525/773/2401 2509/757/2401
f 2509/757/2402 2525/773/2402 2526/774/2402 2510/758/2402
f 2510/758/2403 2526/774/2403 2527/775/2403 2511/759/2403
f 2511/759/2404 2527/775/2404 2528/673/2404 2512/671/2404
f 1917/760/2405 1916/776/2405 2529/777/2405 2513/761/2405
f 2513/761/2406 2529/777/2406 2530/778/2406 2514/762/2406
f 2514/762/2407 2530/778/2407 2531/779/2407 2515/763/2407
f 2515/763/2408 2531/779/2408 2532/780/2408 2516/764/2408
f 2516/764/2409 2532/780/2409 2533/781/2409 2517/765/2409
f 2517/765/2410 2533/781/2410 2534/782/2410 2518/766/2410
f 2518/766/2411 2534/782/2411 2535/783/2411 2519/767/2411
f 2519/767/2412 2535/783/2412 2536/784/2412 2520/768/2412
f 2520/768/2413 2536/784/2413 2537/785/2413 2521/769/2413
f 2521/769/2414 2537/785/2414 2538/786/2414 2522/770/2414
f 2522/770/2415 2538/786/2415 2539/787/2415 2523/771/2415
f 2523/771/2416 2539/787/2416 2540/788/2416 2524/772/2416
f 2524/772/2417 2540/788/2417 2541/789/2417 2525/773/2417
f 2525/773/2418 2541/789/2418 2542/790/2418 2526/774/2418
f 2526/774/2419 2542/790/2419 2543/791/2419 2527/775/2419
f 2527/775/2420 2543/791/2421 2544/675/2420 2528/673/2421
f 1916/776/2422 1915/792/2422 2545/793/2422 2529/777/2422
f 2529/777/2423 2545/793/2423 2546/794/2423 2530/778/2423
f 2530/778/2424 2546/794/2424 2547/795/2424 2531/779/2424
f 2531/779/2425 2547/795/2425 2548/796/2425 2532/780/2425
f 2532/780/2426 2548/796/2426 2549/797/2426 2533/781/2426
f 2533/781/2427 2549/797/2427 2550/798/2427 2534/782/2427
f 2534/782/2428 2550/798/2428 2551/799/2428 2535/783/2428
f 2535/783/2429 2551/799/2429 2552/800/2429 2536/784/2429
f 2536/784/2430 2552/800/2430 2553/801/2430 2537/785/2430
f 2537/785/2431 2553/801/2431 2554/802/2431 2538/786/2431
f 2538/786/2432 2554/802/2432 2555/803/2432 2539/787/2432
f 2539/787/2433 2555/803/2433 2556/804/2433 2540/788/2433
f 2540/788/2434 2556/804/2434 2557/805/2434 2541/789/2434
f 2541/789/2435 2557/805/2435 2558/806/2435 2542/790/2435
f 2542/790/2436 2558/806/2436 2559/807/2436 2543/791/2436
f 2543/791/2437 2559/807/2437 2560/677/2437 2544/675/2437
f 1915/792/2438 1914/808/2438 2561/809/2438 2545/793/2438
f 2545/793/2439 2561/809/2439 2562/810/2439 2546/794/2439
f 2546/794/2440 2562/810/2440 2563/811/2440 2547/795/2440
f 2547/795/2441 2563/811/2441 2564/812/2441 2548/796/2441
f 2548/796/2442 2564/812/2442 2565/813/2442 2549/797/2442
f 2549/797/2443 2565/813/2443 2566/814/2443 2550/798/2443
f 2550/798/2444 2566/814/2444 2567/815/2444 2551/799/2444
f 2551/799/2445 2567/815/2445 2568/816/2445 2552/800/2445
f 2552/800/2446 2568/816/2446 2569/817/2446 2553/801/2446
f 2553/801/2447 2569/817/2447 2570/818/2447 2554/802/2447
f 2554/802/2448 2570/818/2448 2571/819/2448 2555/803/2448
f 2555/803/2449 2571/819/2449 2572/820/2449 2556/804/2449
f 2556/804/2450 2572/820/2450 2573/821/2450 2557/805/2450
f 2557/805/2451 2573/821/2451 2574/822/2451 2558/806/2451
f 2558/806/2452 2574/822/2452 2575/823/2452 2559/807/2452
f 2559/807/2453 2575/823/2453 2576/679/2453 2560/677/2453
f 1914/808/2454 1913/824/2454 2577/825/2454 2561/809/2454
f 2561/809/2455 2577/825/2455 2578/826/2455 2562/810/2455
f 2562/810/2456 2578/826/2456 2579/827/2456 2563/811/2456
f 2563/811/2457 2579/827/2457 2580/828/2457 2564/812/2457
f 2564/812/2458 2580/828/2458 2581/829/2458 2565/813/2458
f 2565/813/2459 2581/829/2459 2582/830/2459 2566/814/2459
f 2566/814/2460 2582/830/2460 2583/831/2460 2567/815/2460
f 2567/815/2461 2583/831/2461 2584/832/2461 2568/816/2461
f 2568/816/2462 2584/832/2462 2585/833/2462 2569/817/2462
f 2569/817/2463 2585/833/2463 2586/834/2463 2570/818/2463
f 2570/818/2464 2586/834/2464 2587/835/2464 2571/819/2464
f 2571/819/2465 2587/835/2465 2588/836/2465 2572/820/2465
f 2572/820/2466 2588/836/2466 2589/837/2466 2573/821/2466
f 2573/821/2467 2589/837/2467 2590/838/2467 2574/822/2467
f 2574/822/2468 2590/838/2468 2591/839/2468 2575/823/2468
f 2575/823/2469 2591/839/2469 2592/681/2469 2576/679/2469
f 1913/824/2470 1912/840/2470 2593/841/2470 2577/825/2470
f 2577/825/2471 2593/841/2471 2594/842/2471 2578/826/2471
f 2578/826/2472 2594/842/2472 2595/843/2472 2579/827/2472
f 2579/827/2473 2595/843/2473 2596/844/2473 2580/828/2473
f 2580/828/2474 2596/844/2474 2597/845/2474 2581/829/2474
f 2581/829/2475 2597/845/2475 2598/846/2475 2582/830/2475
f 2582/830/2476 2598/846/2476 2599/847/2476 2583/831/2476
f 2583/831/2477 2599/847/2477 2600/848/2477 2584/832/2477
f 2584/832/2478 2600/848/2478 2601/849/2478 2585/833/2478
f 2585/833/2479 2601/849/2479 2602/850/2479 2586/834/2479
f 2586/834/2480 2602/850/2480 2603/851/2480 2587/835/2480
f 2587/835/2481 2603/851/2481 2604/852/2481 2588/836/2481
f 2588/836/2482 2604/852/2482 2605/853/2482 2589/837/2482
f 2589/837/2483 2605/853/2483 2606/854/2483 2590/838/2483
f 2590/838/2484 2606/854/2484 2607/855/2484 2591/839/2484
f 2591/839/2485 2607/855/2485 2608/683/2485 2592/681/2485
f 1912/840/2486 1911/856/2486 2609/857/2486 2593/841/2486
f 2593/841/2487 2609/857/2487 2610/858/2487 2594/842/2487
f 2594/842/2488 2610/858/2488 2611/859/2488 2595/843/2488
f 2595/843/2489 2611/859/2489 2612/860/2489 2596/844/2489
f 2596/844/2490 2612/860/2490 2613/861/2490 2597/845/2490
f 2597/845/2491 2613/861/2491 2614/862/2491 2598/846/2491
f 2598/846/2492 2614/862/2492 2615/863/2492 2599/847/2492
f 2599/847/2493 2615/863/2493 2616/864/2493 2600/848/2493
f 2600/848/2494 2616/864/2494 2617/865/2494 2601/849/2494
f 2601/849/2495 2617/865/2495 2618/866/2495 2602/850/2495
f 2602/850/2496 2618/866/2496 2619/867/2496 2603/851/2496
f 2603/851/2497 2619/867/2497 2620/868/2497 2604/852/2497
f 2604/852/2498 2620/868/2498 2621/869/2498 2605/853/2498
f 2605/853/2499 2621/869/2499 2622/870/2499 2606/854/2499
f 2606/854/2500 2622/870/2500 2623/871/2500 2607/855/2500
f 2607/855/2501 2623/871/2501 2624/685/2501 2608/683/2501
f 1911/856/2502 1910/872/2502 2625/873/2502 2609/857/2502
f 2609/857/2503 2625/873/2503 2626/874/2503 2610/858/2503
f 2610/858/2504 2626/874/2504 2627/875/2504 2611/859/2504
f 2611/859/2505 2627/875/2505 2628/876/2505 2612/860/2505
f 2612/860/2506 2628/876/2506 2629/877/2506 2613/861/2506
f 2613/861/2507 2629/877/2507 2630/878/2507 2614/862/2507
f 2614/862/2508 2630/878/2508 2631/879/2508 2615/863/2508
f 2615/863/2509 2631/879/2509 2632/880/2509 2616/864/2509
f 2616/864/2510 2632/880/2510 2633/881/2510 2617/865/2510
f 2617/865/2511 2633/881/2511 2634/882/2511 2618/866/2511
f 2618/866/2512 2634/882/2512 2635/883/2512 2619/867/2512
f 2619/867/2513 2635/883/2514 2636/884/2513 2620/868/2514
f 2620/868/2515 2636/884/2515 2637/885/2515 2621/869/2515
f 2621/869/2516 2637/885/2516 2638/886/2516 2622/870/2516
f 2622/870/2517 2638/886/2517 2639/887/2517 2623/871/2517
f 2623/871/2518 2639/887/2518 2640/687/2518 2624/685/2518
f 1910/872/2519 1909/888/2519 2641/889/2519 2625/873/2519
f 2625/873/2520 2641/889/2520 2642/890/2520 2626/874/2520
f 2626/874/2521 2642/890/2521 2643/891/2521 2627/875/2521
f 2627/875/2522 2643/891/2522 2644/892/2522 2628/876/2522
f 2628/876/2523 2644/892/2523 2645/893/2523 2629/877/2523
f 2629/877/2524 2645/893/2524 2646/894/2524 2630/878/2524
f 2630/878/2525 2646/894/2525 2647/895/2525 2631/879/2525
f 2631/879/2526 2647/895/2526 2648/896/2526 2632/880/2526
f 2632/880/2527 2648/896/2527 2649/897/2527 2633/881/2527
f 2633/881/2528 2649/897/2528 2650/898/2528 2634/882/2528
f 2634/882/2529 2650/898/2529 2651/899/2529 2635/883/2529
f 2635/883/2530 2651/899/2530 2652/900/2530 2636/884/2530
f 2636/884/2531 2652/900/2531 2653/901/2531 2637/885/2531
f 2637/885/2532 2653/901/2532 2654/902/2532 2638/886/2532
f 2638/886/2533 2654/902/2533 2655/903/2533 2639/887/2533
f 2639/887/2534 2655/903/2534 2656/689/2534 2640/687/2534
f 1909/888/2535 1908/904/2535 2657/905/2535 2641/889/2535
f 2641/889/2536 2657/905/2536 2658/906/2536 2642/890/2536
f 2642/890/2537 2658/906/2537 2659/907/2537 2643/891/2537
f 2643/891/2538 2659/907/2538 2660/908/2538 2644/892/2538
f 2644/892/2539 2660/908/2539 2661/909/2539 2645/893/2539
f 2645/893/2540 2661/909/2540 2662/910/2540 2646/894/2540
f 2646/894/2541 2662/910/2541 2663/911/2541 2647/895/2541
f 2647/895/2542 2663/911/2542 2664/912/2542 2648/896/2542
f 2648/896/2543 2664/912/2543 2665/913/2543 2649/897/2543
f 2649/897/2544 2665/913/2544 2666/914/2544 2650/898/2544
f 2650/898/2545 2666/914/2545 2667/915/2545 2651/899/2545
f 2651/899/2546 2667/915/2546 2668/916/2546 2652/900/2546
f 2652/900/2547 2668/916/2547 2669/917/2547 2653/901/2547
f 2653/901/2548 2669/917/2548 2670/918/2548 2654/902/2548
f 2654/902/2549 2670/918/2549 2671/919/2549 2655/903/2549
f 2655/903/2550 2671/919/2550 2672/691/2550 2656/689/2550
f 1908/904/2551 1907/920/2551 2673/921/2551 2657/905/2551
f 2657/905/2552 2673/921/2552 2674/922/2552 2658/906/2552
f 2658/906/2553 2674/922/2553 2675/923/2553 2659/907/2553
f 2659/907/2554 2675/923/2554 2676/924/2554 2660/908/2554
f 2660/908/2555 2676/924/2555 2677/925/2555 2661/909/2555
f 2661/909/2556 2677/925/2556 2678/926/2556 2662/910/2556
f 2662/910/2557 2678/926/2557 2679/927/2557 2663/911/2557
f 2663/911/2558 2679/927/2558 2680/928/2558 2664/912/2558
f 2664/912/2559 2680/928/2559 2681/929/2559 2665/913/2559
f 2665/913/2560 2681/929/2560 2682/930/2560 2666/914/2560
f 2666/914/2561 2682/930/2561 2683/931/2561 2667/915/2561
f 2667/915/2562 2683/931/2562 2684/932/2562 2668/916/2562
f 2668/916/2563 2684/932/2563 2685/933/2563 2669/917/2563
f 2669/917/2564 2685/933/2564 2686/934/2564 2670/918/2564
f 2670/918/2565 2686/934/2565 2687/935/2565 2671/919/2565
f 2671/919/2566 2687/935/2566 2688/693/2566 2672/691/2566
f 1907/920/2567 1906/936/2567 2689/937/2567 2673/921/2567
f 2673/921/2568 2689/937/2568 2690/938/2568 2674/922/2568
f 2674/922/2569 2690/938/2569 2691/939/2569 2675/923/2569
f 2675/923/2570 2691/939/2570 2692/940/2570 2676/924/2570
f 2676/924/2571 2692/940/2571 2693/941/2571 2677/925/2571
f 2677/925/2572 2693/941/2572 2694/942/2572 2678/926/2572
f 2678/926/2573 2694/942/2573 2695/943/2573 2679/927/2573
f 2679/927/2574 2695/943/2574 2696/944/2574 2680/928/2574
f 2680/928/2575 2696/944/2575 2697/945/2575 2681/929/2575
f 2681/929/2576 2697/945/2576 2698/946/2576 2682/930/2576
f 2682/930/2577 2698/946/2577 2699/947/2577 2683/931/2577
f 2683/931/2578 2699/947/2578 2700/948/2578 2684/932/2578
f 2684/932/2579 2700/948/2579 2701/949/2579 2685/933/2579
f 2685/933/2580 2701/949/2580 2702/950/2580 2686/934/2580
f 2686/934/2581 2702/950/2581 2703/951/2581 2687/935/2581
f 2687/935/2582 2703/951/2582 2704/695/2582 2688/693/2582
f 1906/936/2583 1905/23/2583 2705/952/2583 2689/937/2583
f 2689/937/2584 2705/952/2584 2706/953/2584 2690/938/2584
f 2690/938/2585 2706/953/2585 2707/954/2585 2691/939/2585
f 2691/939/2586 2707/954/2586 2708/955/2586 2692/940/2586
f 2692/940/2587 2708/955/2587 2709/956/2587 2693/941/2587
f 2693/941/2588 2709/956/2588 2710/957/2588 2694/942/2588
f 2694/942/2589 2710/957/2589 2711/958/2589 2695/943/2589
f 2695/943/2590 2711/958/2590 2712/959/2590 2696/944/2590
f 2696/944/2591 2712/959/2591 2713/960/2591 2697/945/2591
f 2697/945/2592 2713/960/2592 2714/961/2592 2698/946/2592
f 2698/946/2593 2714/961/2593 2715/962/2593 2699/947/2593
f 2699/947/2594 2715/962/2594 2716/963/2594 2700/948/2594
f 2700/948/2595 2716/963/2595 2717/964/2595 2701/949/2595
f 2701/949/2596 2717/964/2596 2718/965/2596 2702/950/2596
f 2702/950/2597 2718/965/2597 2719/966/2597 2703/951/2597
f 2703/951/2598 2719/966/2598 2720/24/2598 2704/695/2598
f 1905/23/2599 1758/4/2599 1937/967/2599 2705/952/2599
f 2705/952/2600 1937/967/2600 1938/968/2600 2706/953/2600
f 2706/953/2601 1938/968/2601 1939/969/2601 2707/954/2601
f 2707/954/2602 1939/969/2602 1940/970/2602 2708/955/2602
f 2708/955/2603 1940/970/2603 1941/971/2603 2709/956/2603
f 2709/956/2604 1941/971/2604 1942/972/2604 2710/957/2604
f 2710/957/2605 1942/972/2605 1943/973/2605 2711/958/2605
f 2711/958/2606 1943/973/2606 1944/974/2606 2712/959/2606
f 2712/959/2607 1944/974/2607 1945/975/2607 2713/960/2607
f 2713/960/2608 1945/975/2608 1946/976/2608 2714/961/2608
f 2714/961/2609 1946/976/2609 1947/977/2609 2715/962/2609
f 2715/962/2610 1947/977/2610 1948/978/2610 2716/963/2610
f 2716/963/2611 1948/978/2611 1949/979/2611 2717/964/2611
f 2717/964/2612 1949/979/2612 1950/980/2612 2718/965/2612
f 2718/965/2613 1950/980/2613 1951/981/2613 2719/966/2613
f 2719/966/2614 1951/981/2614 1952/25/2614 2720/24/2614
f 1873/28/2615 2736/982/2615 1920/697/2615 1757/5/2615
f 2736/982/2616 2752/983/2616 1919/728/2616 1920/697/2616
f 2752/983/2617 2768/984/2617 1918/744/2617 1919/728/2617
f 2768/984/2618 2784/985/2618 1917/760/2618 1918/744/2618
f 2784/985/2619 2800/986/2619 1916/776/2619 1917/760/2619
f 2800/986/2620 2816/987/2620 1915/792/2620 1916/776/2620
f 2816/987/2621 2832/988/2621 1914/808/2621 1915/792/2621
f 2832/988/2622 2848/989/2622 1913/824/2622 1914/808/2622
f 2848/989/2623 2864/990/2623 1912/840/2623 1913/824/2623
f 2864/990/2624 2880/991/2624 1911/856/2624 1912/840/2624
f 2880/991/2625 2896/992/2625 1910/872/2625 1911/856/2625
f 2896/992/2626 2912/993/2626 1909/888/2626 1910/872/2626
f 2912/993/2627 2928/994/2627 1908/904/2627 1909/888/2627
f 2928/994/2628 2944/995/2628 1907/920/2628 1908/904/2628
f 2944/995/2629 2960/996/2629 1906/936/2629 1907/920/2629
f 2960/996/2630 2976/21/2630 1905/23/2630 1906/936/2630
f 1759/13/2631 1872/997/2631 2721/998/2631 1888/651/2631
f 1888/651/2632 2721/998/2632 2722/999/2632 1887/652/2632
f 1887/652/2633 2722/999/2633 2723/1000/2633 1886/653/2633
f 1886/653/2634 2723/1000/2634 2724/1001/2634 1885/654/2634
f 1885/654/2635 2724/1001/2635 2725/1002/2635 1884/655/2635
f 1884/655/2636 2725/1002/2636 2726/1003/2636 1883/656/2636
f 1883/656/2637 2726/1003/2637 2727/1004/2637 1882/657/2637
f 1882/657/2638 2727/1004/2638 2728/1005/2638 1881/658/2638
f 1881/658/2639 2728/1005/2639 2729/1006/2639 1880/659/2639
f 1880/659/2640 2729/1006/2640 2730/1007/2640 1879/660/2640
f 1879/660/2641 2730/1007/2641 2731/1008/2641 1878/661/2641
f 1878/661/2642 2731/1008/2642 2732/1009/2642 1877/662/2642
f 1877/662/2643 2732/1009/2643 2733/1010/2643 1876/663/2643
f 1876/663/2644 2733/1010/2644 2734/1011/2644 1875/664/2644
f 1875/664/2645 2734/1011/2645 2735/1012/2645 1874/665/2645
f 1874/665/2646 2735/1012/2646 2736/982/2646 1873/28/2646
f 1872/997/2647 1871/1013/2647 2737/1014/2647 2721/998/2647
f 2721/998/2648 2737/1014/2648 2738/1015/2648 2722/999/2648
f 2722/999/2649 2738/1015/2649 2739/1016/2649 2723/1000/2649
f 2723/1000/2650 2739/1016/2650 2740/1017/2650 2724/1001/2650
f 2724/1001/2651 2740/1017/2651 2741/1018/2651 2725/1002/2651
f 2725/1002/2652 2741/1018/2652 2742/1019/2652 2726/1003/2652
f 2726/1003/2653 2742/1019/2653 2743/1020/2653 2727/1004/2653
f 2727/1004/2654 2743/1020/2654 2744/1021/2654 2728/1005/2654
f 2728/1005/2655 2744/1021/2655 2745/1022/2655 2729/1006/2655
f 2729/1006/2656 2745/1022/2656 2746/1023/2656 2730/1007/2656
f 2730/1007/2657 2746/1023/2657 2747/1024/2657 2731/1008/2657
f 2731/1008/2658 2747/1024/2658 2748/1025/2658 2732/1009/2658
f 2732/1009/2659 2748/1025/2659 2749/1026/2659 2733/1010/2659
f 2733/1010/2660 2749/1026/2660 2750/1027/2660 2734/1011/2660
f 2734/1011/2661 2750/1027/2661 2751/1028/2661 2735/1012/2661
f 2735/1012/2662 2751/1028/2662 2752/983/2662 2736/982/2662
f 1871/1013/2663 1870/1029/2663 2753/1030/2663 2737/1014/2663
f 2737/1014/2664 2753/1030/2664 2754/1031/2664 2738/1015/2664
f 2738/1015/2665 2754/1031/2665 2755/1032/2665 2739/1016/2665
f 2739/1016/2666 2755/1032/2666 2756/1033/2666 2740/1017/2666
f 2740/1017/2667 2756/1033/2667 2757/1034/2667 2741/1018/2667
f 2741/1018/2668 2757/1034/2668 2758/1035/2668 2742/1019/2668
f 2742/1019/2669 2758/1035/2669 2759/1036/2669 2743/1020/2669
f 2743/1020/2670 2759/1036/2670 2760/1037/2670 2744/1021/2670
f 2744/1021/2671 2760/1037/2671 2761/1038/2671 2745/1022/2671
f 2745/1022/2672 2761/1038/2672 2762/1039/2672 2746/1023/2672
f 2746/1023/2673 2762/1039/2673 2763/1040/2673 2747/1024/2673
f 2747/1024/2674 2763/1040/2674 2764/1041/2674 2748/1025/2674
f 2748/1025/2675 2764/1041/2675 2765/1042/2675 2749/1026/2675
f 2749/1026/2676 2765/1042/2676 2766/1043/2676 2750/1027/2676
f 2750/1027/2677 2766/1043/2677 2767/1044/2677 2751/1028/2677
f 2751/1028/2678 2767/1044/2678 2768/984/2678 2752/983/2678
f 1870/1029/2679 1869/1045/2679 2769/1046/2679 2753/1030/2679
f 2753/1030/2680 2769/1046/2680 2770/1047/2680 2754/1031/2680
f 2754/1031/2681 2770/1047/2681 2771/1048/2681 2755/1032/2681
f 2755/1032/2682 2771/1048/2682 2772/1049/2682 2756/1033/2682
f 2756/1033/2683 2772/1049/2683 2773/1050/2683 2757/1034/2683
f 2757/1034/2684 2773/1050/2684 2774/1051/2684 2758/1035/2684
f 2758/1035/2685 2774/1051/2685 2775/1052/2685 2759/1036/2685
f 2759/1036/2686 2775/1052/2686 2776/1053/2686 2760/1037/2686
f 2760/1037/2687 2776/1053/2687 2777/1054/2687 2761/1038/2687
f 2761/1038/2688 2777/1054/2688 2778/1055/2688 2762/1039/2688
f 2762/1039/2689 2778/1055/2689 2779/1056/2689 2763/1040/2689
f 2763/1040/2690 2779/1056/2690 2780/1057/2690 2764/1041/2690
f 2764/1041/2691 2780/1057/2691 2781/1058/2691 2765/1042/2691
f 2765/1042/2692 2781/1058/2692 2782/1059/2692 2766/1043/2692
f 2766/1043/2693 2782/1059/2693 2783/1060/2693 2767/1044/2693
f 2767/1044/2694 2783/1060/2694 2784/985/2694 2768/984/2694
f 1869/1045/2695 1868/1061/2695 2785/1062/2695 2769/1046/2695
f 2769/1046/2696 2785/1062/2696 2786/1063/2696 2770/1047/2696
f 2770/1047/2697 2786/1063/2697 2787/1064/2697 2771/1048/2697
f 2771/1048/2698 2787/1064/2698 2788/1065/2698 2772/1049/2698
f 2772/1049/2699 2788/1065/2699 2789/1066/2699 2773/1050/2699
f 2773/1050/2700 2789/1066/2700 2790/1067/2700 2774/1051/2700
f 2774/1051/2701 2790/1067/2701 2791/1068/2701 2775/1052/2701
f 2775/1052/2702 2791/1068/2702 2792/1069/2702 2776/1053/2702
f 2776/1053/2703 2792/1069/2703 2793/1070/2703 2777/1054/2703
f 2777/1054/2704 2793/1070/2704 2794/1071/2704 2778/1055/2704
f 2778/1055/2705 2794/1071/2705 2795/1072/2705 2779/1056/2705
f 2779/1056/2706 2795/1072/2706 2796/1073/2706 2780/1057/2706
f 2780/1057/2707 2796/1073/2707 2797/1074/2707 2781/1058/2707
f 2781/1058/2708 2797/1074/2708 2798/1075/2708 2782/1059/2708
f 2782/1059/2709 2798/1075/2709 2799/1076/2709 2783/1060/2709
f 2783/1060/2710 2799/1076/2710 2800/986/2710 2784/985/2710
f 1868/1061/2711 1867/1077/2711 2801/1078/2711 2785/1062/2711
f 2785/1062/2712 2801/1078/2712 2802/1079/2712 2786/1063/2712
f 2786/1063/2713 2802/1079/2713 2803/1080/2713 2787/1064/2713
f 2787/1064/2714 2803/1080/2714 2804/1081/2714 2788/1065/2714
f 2788/1065/2715 2804/1081/2715 2805/1082/2715 2789/1066/2715
f 2789/1066/2716 2805/1082/2716 2806/1083/2716 2790/1067/2716
f 2790/1067/2717 2806/1083/2717 2807/1084/2717 2791/1068/2717
f 2791/1068/2718 2807/1084/2718 2808/1085/2718 2792/1069/2718
f 2792/1069/2719 2808/1085/2719 2809/1086/2719 2793/1070/2719
f 2793/1070/2720 2809/1086/2720 2810/1087/2720 2794/1071/2720
f 2794/1071/2721 2810/1087/2721 2811/1088/2721 2795/1072/2721
f 2795/1072/2722 2811/1088/2722 2812/1089/2722 2796/1073/2722
f 2796/1073/2723 2812/1089/2723 2813/1090/2723 2797/1074/2723
f 2797/1074/2724 2813/1090/2724 2814/1091/2724 2798/1075/2724
f 2798/1075/2725 2814/1091/2725 2815/1092/2725 2799/1076/2725
f 2799/1076/2726 2815/1092/2726 2816/987/2726 2800/986/2726
f 1867/1077/2727 1866/1093/2727 2817/1094/2727 2801/1078/2727
f 2801/1078/2728 2817/1094/2728 2818/1095/2728 2802/1079/2728
f 2802/1079/2729 2818/1095/2729 2819/1096/2729 2803/1080/2729
f 2803/1080/2730 2819/1096/2730 2820/1097/2730 2804/1081/2730
f 2804/1081/2731 2820/1097/2731 2821/1098/2731 2805/1082/2731
f 2805/1082/2732 2821/1098/2732 2822/1099/2732 2806/1083/2732
f 2806/1083/2733 2822/1099/2733 2823/1100/2733 2807/1084/2733
f 2807/1084/2734 2823/1100/2734 2824/1101/2734 2808/1085/2734
f 2808/1085/2735 2824/1101/2735 2825/1102/2735 2809/1086/2735
f 2809/1086/2736 2825/1102/2736 2826/1103/2736 2810/1087/2736
f 2810/1087/2737 2826/1103/2737 2827/1104/2737 2811/1088/2737
f 2811/1088/2738 2827/1104/2738 2828/1105/2738 2812/1089/2738
f 2812/1089/2739 2828/1105/2739 2829/1106/2739 2813/1090/2739
f 2813/1090/2740 2829/1106/2740 2830/1107/2740 2814/1091/2740
f 2814/1091/2741 2830/1107/2741 2831/1108/2741 2815/1092/2741
f 2815/1092/2742 2831/1108/2742 2832/988/2742 2816/987/2742
f 1866/1093/2743 1865/1109/2743 2833/1110/2743 2817/1094/2743
f 2817/1094/2744 2833/1110/2744 2834/1111/2744 2818/1095/2744
f 2818/1095/2745 2834/1111/2745 2835/1112/2745 2819/1096/2745
f 2819/1096/2746 2835/1112/2746 2836/1113/2746 2820/1097/2746
f 2820/1097/2747 2836/1113/2747 2837/1114/2747 2821/1098/2747
f 2821/1098/2748 2837/1114/2748 2838/1115/2748 2822/1099/2748
f 2822/1099/2749 2838/1115/2749 2839/1116/2749 2823/1100/2749
f 2823/1100/2750 2839/1116/2750 2840/1117/2750 2824/1101/2750
f 2824/1101/2751 2840/1117/2751 2841/1118/2751 2825/1102/2751
f 2825/1102/2752 2841/1118/2752 2842/1119/2752 2826/1103/2752
f 2826/1103/2753 2842/1119/2753 2843/1120/2753 2827/1104/2753
f 2827/1104/2754 2843/1120/2754 2844/1121/2754 2828/1105/2754
f 2828/1105/2755 2844/1121/2755 2845/1122/2755 2829/1106/2755
f 2829/1106/2756 2845/1122/2756 2846/1123/2756 2830/1107/2756
f 2830/1107/2757 2846/1123/2757 2847/1124/2757 2831/1108/2757
f 2831/1108/2758 2847/1124/2758 2848/989/2758 2832/988/2758
f 1865/1109/2759 1864/1125/2759 2849/1126/2759 2833/1110/2759
f 2833/1110/2760 2849/1126/2760 2850/1127/2760 2834/1111/2760
f 2834/1111/2761 2850/1127/2761 2851/1128/2761 2835/1112/2761
f 2835/1112/2762 2851/1128/2762 2852/1129/2762 2836/1113/2762
f 2836/1113/2763 2852/1129/2763 2853/1130/2763 2837/1114/2763
f 2837/1114/2764 2853/1130/2764 2854/1131/2764 2838/1115/2764
f 2838/1115/2765 2854/1131/2765 2855/1132/2765 2839/1116/2765
f 2839/1116/2766 2855/1132/2766 2856/1133/2766 2840/1117/2766
f 2840/1117/2767 2856/1133/2767 2857/1134/2767 2841/1118/2767
f 2841/1118/2768 2857/1134/2768 2858/1135/2768 2842/1119/2768
f 2842/1119/2769 2858/1135/2769 2859/1136/2769 2843/1120/2769
f 2843/1120/2770 2859/1136/2770 2860/1137/2770 2844/1121/2770
f 2844/1121/2771 2860/1137/2771 2861/1138/2771 2845/1122/2771
f 2845/1122/2772 2861/1138/2772 2862/1139/2772 2846/1123/2772
f 2846/1123/2773 2862/1139/2773 2863/1140/2773 2847/1124/2773
f 2847/1124/2774 2863/1140/2774 2864/990/2774 2848/989/2774
f 1864/1125/2775 1863/1141/2775 2865/1142/2775 2849/1126/2775
f 2849/1126/2776 2865/1142/2776 2866/1143/2776 2850/1127/2776
f 2850/1127/2777 2866/1143/2777 2867/1144/2777 2851/1128/2777
f 2851/1128/2778 2867/1144/2778 2868/1145/2778 2852/1129/2778
f 2852/1129/2779 2868/1145/2779 2869/1146/2779 2853/1130/2779
f 2853/1130/2780 2869/1146/2780 2870/1147/2780 2854/1131/2780
f 2854/1131/2781 2870/1147/2781 2871/1148/2781 2855/1132/2781
f 2855/1132/2782 2871/1148/2782 2872/1149/2782 2856/1133/2782
f 2856/1133/2783 2872/1149/2783 2873/1150/2783 2857/1134/2783
f 2857/1134/2784 2873/1150/2784 2874/1151/2784 2858/1135/2784
f 2858/1135/2785 2874/1151/2785 2875/1152/2785 2859/1136/2785
f 2859/1136/2786 2875/1152/2786 2876/1153/2786 2860/1137/2786
f 2860/1137/2787 2876/1153/2787 2877/1154/2787 2861/1138/2787
f 2861/1138/2788 2877/1154/2788 2878/1155/2788 2862/1139/2788
f 2862/1139/2789 2878/1155/2789 2879/1156/2789 2863/1140/2789
f 2863/1140/2790 2879/1156/2790 2880/991/2790 2864/990/2790
f 1863/1141/2791 1862/1157/2791 2881/1158/2791 2865/1142/2791
f 2865/1142/2792 2881/1158/2792 2882/1159/2792 2866/1143/2792
f 2866/1143/2793 2882/1159/2793 2883/1160/2793 2867/1144/2793
f 2867/1144/2794 2883/1160/2794 2884/1161/2794 2868/1145/2794
f 2868/1145/2795 2884/1161/2795 2885/1162/2795 2869/1146/2795
f 2869/1146/2796 2885/1162/2796 2886/1163/2796 2870/1147/2796
f 2870/1147/2797 2886/1163/2797 2887/1164/2797 2871/1148/2797
f 2871/1148/2798 2887/1164/2798 2888/1165/2798 2872/1149/2798
f 2872/1149/2799 2888/1165/2799 2889/1166/2799 2873/1150/2799
f 2873/1150/2800 2889/1166/2800 2890/1167/2800 2874/1151/2800
f 2874/1151/2801 2890/1167/2801 2891/1168/2801 2875/1152/2801
f 2875/1152/2802 2891/1168/2802 2892/1169/2802 2876/1153/2802
f 2876/1153/2803 2892/1169/2803 2893/1170/2803 2877/1154/2803
f 2877/1154/2804 2893/1170/2804 2894/1171/2804 2878/1155/2804
f 2878/1155/2805 2894/1171/2805 2895/1172/2805 2879/1156/2805
f 2879/1156/2806 2895/1172/2806 2896/992/2806 2880/991/2806
f 1862/1157/2807 1861/1173/2807 2897/1174/2807 2881/1158/2807
f 2881/1158/2808 2897/1174/2808 2898/1175/2808 2882/1159/2808
f 2882/1159/2809 2898/1175/2809 2899/1176/2809 2883/1160/2809
f 2883/1160/2810 2899/1176/2810 2900/1177/2810 2884/1161/2810
f 2884/1161/2811 2900/1177/2811 2901/1178/2811 2885/1162/2811
f 2885/1162/2812 2901/1178/2812 2902/1179/2812 2886/1163/2812
f 2886/1163/2813 2902/1179/2813 2903/1180/2813 2887/1164/2813
f 2887/1164/2814 2903/1180/2814 2904/1181/2814 2888/1165/2814
f 2888/1165/2815 2904/1181/2815 2905/1182/2815 2889/1166/2815
f 2889/1166/2816 2905/1182/2816 2906/1183/2816 2890/1167/2816
f 2890/1167/2817 2906/1183/2817 2907/1184/2817 2891/1168/2817
f 2891/1168/2818 2907/1184/2818 2908/1185/2818 2892/1169/2818
f 2892/1169/2819 2908/1185/2819 2909/1186/2819 2893/1170/2819
f 2893/1170/2820 2909/1186/2820 2910/1187/2820 2894/1171/2820
f 2894/1171/2821 2910/1187/2821 2911/1188/2821 2895/1172/2821
f 2895/1172/2822 2911/1188/2822 2912/993/2822 2896/992/2822
f 1861/1173/2823 1860/1189/2823 2913/1190/2823 2897/1174/2823
f 2897/1174/2824 2913/1190/2824 2914/1191/2824 2898/1175/2824
f 2898/1175/2825 2914/1191/2825 2915/1192/2825 2899/1176/2825
f 2899/1176/2826 2915/1192/2826 2916/1193/2826 2900/1177/2826
f 2900/1177/2827 2916/1193/2827 2917/1194/2827 2901/1178/2827
f 2901/1178/2828 2917/1194/2828 2918/1195/2828 2902/1179/2828
f 2902/1179/2829 2918/1195/2829 2919/1196/2829 2903/1180/2829
f 2903/1180/2830 2919/1196/2830 2920/1197/2830 2904/1181/2830
f 2904/1181/2831 2920/1197/2831 2921/1198/2831 2905/1182/2831
f 2905/1182/2832 2921/1198/2832 2922/1199/2832 2906/1183/2832
f 2906/1183/2833 2922/1199/2833 2923/1200/2833 2907/1184/2833
f 2907/1184/2834 2923/1200/2834 2924/1201/2834 2908/1185/2834
f 2908/1185/2835 2924/1201/2835 2925/1202/2835 2909/1186/2835
f 2909/1186/2836 2925/1202/2836 2926/1203/2836 2910/1187/2836
f 2910/1187/2837 2926/1203/2837 2927/1204/2837 2911/1188/2837
f 2911/1188/2838 2927/1204/2838 2928/994/2838 2912/993/2838
f 1860/1189/2839 1859/1205/2839 2929/1206/2839 2913/1190/2839
f 2913/1190/2840 2929/1206/2840 2930/1207/2840 2914/1191/2840
f 2914/1191/2841 2930/1207/2841 2931/1208/2841 2915/1192/2841
f 2915/1192/2842 2931/1208/2842 2932/1209/2842 2916/1193/2842
f 2916/1193/2843 2932/1209/2843 2933/1210/2843 2917/1194/2843
f 2917/1194/2844 2933/1210/2844 2934/1211/2844 2918/1195/2844
f 2918/1195/2845 2934/1211/2845 2935/1212/2845 2919/1196/2845
f 2919/1196/2846 2935/1212/2846 2936/1213/2846 2920/1197/2846
f 2920/1197/2847 2936/1213/2847 2937/1214/2847 2921/1198/2847
f 2921/1198/2848 2937/1214/2848 2938/1215/2848 2922/1199/2848
f 2922/1199/2849 2938/1215/2849 2939/1216/2849 2923/1200/2849
f 2923/1200/2850 2939/1216/2850 2940/1217/2850 2924/1201/2850
f 2924/1201/2851 2940/1217/2851 2941/1218/2851 2925/1202/2851
f 2925/1202/2852 2941/1218/2852 2942/1219/2852 2926/1203/2852
f 2926/1203/2853 2942/1219/2853 2943/1220/2853 2927/1204/2853
f 2927/1204/2854 2943/1220/2854 2944/995/2854 2928/994/2854
f 1859/1205/2855 1858/1221/2855 2945/1222/2855 2929/1206/2855
f 2929/1206/2856 2945/1222/2856 2946/1223/2856 2930/1207/2856
f 2930/1207/2857 2946/1223/2857 2947/1224/2857 2931/1208/2857
f 2931/1208/2858 2947/1224/2858 2948/1225/2858 2932/1209/2858
f 2932/1209/2859 2948/1225/2859 2949/1226/2859 2933/1210/2859
f 2933/1210/2860 2949/1226/2860 2950/1227/2860 2934/1211/2860
f 2934/1211/2861 2950/1227/2861 2951/1228/2861 2935/1212/2861
f 2935/1212/2862 2951/1228/2862 2952/1229/2862 2936/1213/2862
f 2936/1213/2863 2952/1229/2863 2953/1230/2863 2937/1214/2863
f 2937/1214/2864 2953/1230/2864 2954/1231/2864 2938/1215/2864
f 2938/1215/2865 2954/1231/2865 2955/1232/2865 2939/1216/2865
f 2939/1216/2866 2955/1232/2866 2956/1233/2866 2940/1217/2866
f 2940/1217/2867 2956/1233/2867 2957/1234/2867 2941/1218/2867
f 2941/1218/2868 2957/1234/2868 2958/1235/2868 2942/1219/2868
f 2942/1219/2869 2958/1235/2869 2959/1236/2869 2943/1220/2869
f 2943/1220/2870 2959/1236/2870 2960/996/2870 2944/995/2870
f 1858/1221/2871 1857/20/2871 2961/1237/2871 2945/1222/2871
f 2945/1222/2872 2961/1237/2872 2962/1238/2872 2946/1223/2872
f 2946/1223/2873 2962/1238/2873 2963/1239/2873 2947/1224/2873
f 2947/1224/2874 2963/1239/2874 2964/1240/2874 2948/1225/2874
f 2948/1225/2875 2964/1240/2875 2965/1241/2875 2949/1226/2875
f 2949/1226/2876 2965/1241/2876 2966/1242/2876 2950/1227/2876
f 2950/1227/2877 2966/1242/2877 2967/1243/2877 2951/1228/2877
f 2951/1228/2878 2967/1243/2878 2968/1244/2878 2952/1229/2878
f 2952/1229/2879 2968/1244/2879 2969/1245/2879 2953/1230/2879
f 2953/1230/2880 2969/1245/2880 2970/1246/2880 2954/1231/2880
f 2954/1231/2881 2970/1246/2881 2971/1247/2881 2955/1232/2881
f 2955/1232/2882 2971/1247/2882 2972/1248/2882 2956/1233/2882
f 2956/1233/2883 2972/1248/2883 2973/1249/2883 2957/1234/2883
f 2957/1234/2884 2973/1249/2884 2974/1250/2884 2958/1235/2884
f 2958/1235/2885 2974/1250/2885 2975/1251/2885 2959/1236/2885
f 2959/1236/2886 2975/1251/2886 2976/21/2886 2960/996/2886
f 1857/20/2887 1760/1/2887 1889/65/2887 2961/1237/2887
f 2961/1237/2888 1889/65/2888 1890/67/2888 2962/1238/2888
f 2962/1238/2889 1890/67/2889 1891/69/2889 2963/1239/2889
f 2963/1239/2890 1891/69/2890 1892/71/2890 2964/1240/2890
f 2964/1240/2891 1892/71/2891 1893/73/2891 2965/1241/2891
f 2965/1241/2892 1893/73/2892 1894/75/2892 2966/1242/2892
f 2966/1242/2893 1894/75/2893 1895/77/2893 2967/1243/2893
f 2967/1243/2894 1895/77/2894 1896/79/2894 2968/1244/2894
f 2968/1244/2895 1896/79/2895 1897/81/2895 2969/1245/2895
f 2969/1245/2896 1897/81/2896 1898/83/2896 2970/1246/2896
f 2970/1246/2897 1898/83/2897 1899/85/2897 2971/1247/2897
f 2971/1247/2898 1899/85/2898 1900/87/2898 2972/1248/2898
f 2972/1248/2899 1900/87/2899 1901/89/2899 2973/1249/2899
f 2973/1249/2900 1901/89/2900 1902/91/2900 2974/1250/2900
f 2974/1250/2901 1902/91/2901 1903/93/2901 2975/1251/2901
f 2975/1251/2902 1903/93/2902 1904/22/2902 2976/21/2902
f 1825/1252/2903 2992/1253/2903 1872/997/2903 1759/13/2903
f 2992/1253/2904 3008/1254/2904 1871/1013/2904 1872/997/2904
f 3008/1254/2905 3024/1255/2905 1870/1029/2905 1871/1013/2905
f 3024/1255/2906 3040/1256/2906 1869/1045/2906 1870/1029/2906
f 3040/1256/2907 3056/1257/2907 1868/1061/2907 1869/1045/2907
f 3056/1257/2908 3072/1258/2908 1867/1077/2908 1868/1061/2908
f 3072/1258/2909 3088/1259/2909 1866/1093/2909 1867/1077/2909
f 3088/1259/2910 3104/1260/2910 1865/1109/2910 1866/1093/2910
f 3104/1260/2911 3120/1261/2911 1864/1125/2911 1865/1109/2911
f 3120/1261/2912 3136/1262/2912 1863/1141/2912 1864/1125/2912
f 3136/1262/2913 3152/1263/2913 1862/1157/2913 1863/1141/2913
f 3152/1263/2914 3168/1264/2914 1861/1173/2914 1862/1157/2914
f 3168/1264/2915 3184/1265/2915 1860/1189/2915 1861/1173/2915
f 3184/1265/2916 3200/1266/2916 1859/1205/2916 1860/1189/2916
f 3200/1266/2917 3216/1267/2917 1858/1221/2917 1859/1205/2917
f 3216/1267/2918 3232/18/2918 1857/20/2918 1858/1221/2918
f 1755/11/2919 1824/1268/2919 2977/1269/2919 1840/1270/2919
f 1840/1270/2920 2977/1269/2920 2978/1271/2920 1839/1272/2920
f 1839/1272/2921 2978/1271/2921 2979/1273/2921 1838/1274/2921
f 1838/1274/2922 2979/1273/2922 2980/1275/2922 1837/1276/2922
f 1837/1276/2923 2980/1275/2923 2981/1277/2923 1836/1278/2923
f 1836/1278/2924 2981/1277/2924 2982/1279/2924 1835/1280/2924
f 1835/1280/2925 2982/1279/2925 2983/1281/2925 1834/1282/2925
f 1834/1282/2926 2983/1281/2926 2984/1283/2926 1833/1284/2926
f 1833/1284/2927 2984/1283/2927 2985/1285/2927 1832/1286/2927
f 1832/1286/2928 2985/1285/2928 2986/1287/2928 1831/1288/2928
f 1831/1288/2929 2986/1287/2929 2987/1289/2929 1830/1290/2929
f 1830/1290/2930 2987/1289/2930 2988/1291/2930 1829/1292/2930
f 1829/1292/2931 2988/1291/2931 2989/1293/2931 1828/1294/2931
f 1828/1294/2932 2989/1293/2932 2990/1295/2932 1827/1296/2932
f 1827/1296/2933 2990/1295/2933 2991/1297/2933 1826/1298/2933
f 1826/1298/2934 2991/1297/2934 2992/1253/2934 1825/1252/2934
f 1824/1268/2935 1823/1299/2935 2993/1300/2935 2977/1269/2935
f 2977/1269/2936 2993/1300/2936 2994/1301/2936 2978/1271/2936
f 2978/1271/2937 2994/1301/2937 2995/1302/2937 2979/1273/2937
f 2979/1273/2938 2995/1302/2938 2996/1303/2938 2980/1275/2938
f 2980/1275/2939 2996/1303/2939 2997/1304/2939 2981/1277/2939
f 2981/1277/2940 2997/1304/2940 2998/1305/2940 2982/1279/2940
f 2982/1279/2941 2998/1305/2941 2999/1306/2941 2983/1281/2941
f 2983/1281/2942 2999/1306/2942 3000/1307/2942 2984/1283/2942
f 2984/1283/2943 3000/1307/2943 3001/1308/2943 2985/1285/2943
f 2985/1285/2944 3001/1308/2944 3002/1309/2944 2986/1287/2944
f 2986/1287/2945 3002/1309/2945 3003/1310/2945 2987/1289/2945
f 2987/1289/2946 3003/1310/2946 3004/1311/2946 2988/1291/2946
f 2988/1291/2947 3004/1311/2947 3005/1312/2947 2989/1293/2947
f 2989/1293/2948 3005/1312/2948 3006/1313/2948 2990/1295/2948
f 2990/1295/2949 3006/1313/2949 3007/1314/2949 2991/1297/2949
f 2991/1297/2950 3007/1314/2950 3008/1254/2950 2992/1253/2950
f 1823/1299/2951 1822/1315/2951 3009/1316/2951 2993/1300/2951
f 2993/1300/2952 3009/1316/2952 3010/1317/2952 2994/1301/2952
f 2994/1301/2953 3010/1317/2953 3011/1318/2953 2995/1302/2953
f 2995/1302/2954 3011/1318/2954 3012/1319/2954 2996/1303/2954
f 2996/1303/2955 3012/1319/2955 3013/1320/2955 2997/1304/2955
f 2997/1304/2956 3013/1320/2956 3014/1321/2956 2998/1305/2956
f 2998/1305/2957 3014/1321/2957 3015/1322/2957 2999/1306/2957
f 2999/1306/2958 3015/1322/2958 3016/1323/2958 3000/1307/2958
f 3000/1307/2959 3016/1323/2959 3017/1324/2959 3001/1308/2959
f 3001/1308/2960 3017/1324/2960 3018/1325/2960 3002/1309/2960
f 3002/1309/2961 3018/1325/2961 3019/1326/2961 3003/1310/2961
f 3003/1310/2962 3019/1326/2962 3020/1327/2962 3004/1311/2962
f 3004/1311/2963 3020/1327/2963 3021/1328/2963 3005/1312/2963
f 3005/1312/2964 3021/1328/2964 3022/1329/2964 3006/1313/2964
f 3006/1313/2965 3022/1329/2965 3023/1330/2965 3007/1314/2965
f 3007/1314/2966 3023/1330/2966 3024/1255/2966 3008/1254/2966
f 1822/1315/2967 1821/1331/2967 3025/1332/2967 3009/1316/2967
f 3009/1316/2968 3025/1332/2968 3026/1333/2968 3010/1317/2968
f 3010/1317/2969 3026/1333/2969 3027/1334/2969 3011/1318/2969
f 3011/1318/2970 3027/1334/2970 3028/1335/2970 3012/1319/2970
f 3012/1319/2971 3028/1335/2971 3029/1336/2971 3013/1320/2971
f 3013/1320/2972 3029/1336/2972 3030/1337/2972 3014/1321/2972
f 3014/1321/2973 3030/1337/2973 3031/1338/2973 3015/1322/2973
f 3015/1322/2974 3031/1338/2974 3032/1339/2974 3016/1323/2974
f 3016/1323/2975 3032/1339/2975 3033/1340/2975 3017/1324/2975
f 3017/1324/2976 3033/1340/2976 3034/1341/2976 3018/1325/2976
f 3018/1325/2977 3034/1341/2977 3035/1342/2977 3019/1326/2977
f 3019/1326/2978 3035/1342/2978 3036/1343/2978 3020/1327/2978
f 3020/1327/2979 3036/1343/2979 3037/1344/2979 3021/1328/2979
f 3021/1328/2980 3037/1344/2980 3038/1345/2980 3022/1329/2980
f 3022/1329/2981 3038/1345/2981 3039/1346/2981 3023/1330/2981
f 3023/1330/2982 3039/1346/2982 3040/1256/2982 3024/1255/2982
f 1821/1331/2983 1820/1347/2983 3041/1348/2983 3025/1332/2983
f 3025/1332/2984 3041/1348/2984 3042/1349/2984 3026/1333/2984
f 3026/1333/2985 3042/1349/2985 3043/1350/2985 3027/1334/2985
f 3027/1334/2986 3043/1350/2986 3044/1351/2986 3028/1335/2986
f 3028/1335/2987 3044/1351/2987 3045/1352/2987 3029/1336/2987
f 3029/1336/2988 3045/1352/2988 3046/1353/2988 3030/1337/2988
f 3030/1337/2989 3046/1353/2989 3047/1354/2989 3031/1338/2989
f 3031/1338/2990 3047/1354/2990 3048/1355/2990 3032/1339/2990
f 3032/1339/2991 3048/1355/2991 3049/1356/2991 3033/1340/2991
f 3033/1340/2992 3049/1356/2992 3050/1357/2992 3034/1341/2992
f 3034/1341/2993 3050/1357/2993 3051/1358/2993 3035/1342/2993
f 3035/1342/2994 3051/1358/2994 3052/1359/2994 3036/1343/2994
f 3036/1343/2995 3052/1359/2995 3053/1360/2995 3037/1344/2995
f 3037/1344/2996 3053/1360/2996 3054/1361/2996 3038/1345/2996
f 3038/1345/2997 3054/1361/2997 3055/1362/2997 3039/1346/2997
f 3039/1346/2998 3055/1362/2998 3056/1257/2998 3040/1256/2998
f 1820/1347/2999 1819/1363/2999 3057/1364/2999 3041/1348/2999
f 3041/1348/3000 3057/1364/3000 3058/1365/3000 3042/1349/3000
f 3042/1349/3001 3058/1365/3001 3059/1366/3001 3043/1350/3001
f 3043/1350/3002 3059/1366/3002 3060/1367/3002 3044/1351/3002
f 3044/1351/3003 3060/1367/3003 3061/1368/3003 3045/1352/3003
f 3045/1352/3004 3061/1368/3004 3062/1369/3004 3046/1353/3004
f 3046/1353/3005 3062/1369/3005 3063/1370/3005 3047/1354/3005
f 3047/1354/3006 3063/1370/3006 3064/1371/3006 3048/1355/3006
f 3048/1355/3007 3064/1371/3007 3065/1372/3007 3049/1356/3007
f 3049/1356/3008 3065/1372/3008 3066/1373/3008 3050/1357/3008
f 3050/1357/3009 3066/1373/3009 3067/1374/3009 3051/1358/3009
f 3051/1358/3010 3067/1374/3010 3068/1375/3010 3052/1359/3010
f 3052/1359/3011 3068/1375/3011 3069/1376/3011 3053/1360/3011
f 3053/1360/3012 3069/1376/3012 3070/1377/3012 3054/1361/3012
f 3054/1361/3013 3070/1377/3013 3071/1378/3013 3055/1362/3013
f 3055/1362/3014 3071/1378/3014 3072/1258/3014 3056/1257/3014
f 1819/1363/3015 1818/1379/3015 3073/1380/3015 3057/1364/3015
f 3057/1364/3016 3073/1380/3016 3074/1381/3016 3058/1365/3016
f 3058/1365/3017 3074/1381/3017 3075/1382/3017 3059/1366/3017
f 3059/1366/3018 3075/1382/3018 3076/1383/3018 3060/1367/3018
f 3060/1367/3019 3076/1383/3019 3077/1384/3019 3061/1368/3019
f 3061/1368/3020 3077/1384/3020 3078/1385/3020 3062/1369/3020
f 3062/1369/3021 3078/1385/3021 3079/1386/3021 3063/1370/3021
f 3063/1370/3022 3079/1386/3022 3080/1387/3022 3064/1371/3022
f 3064/1371/3023 3080/1387/3023 3081/1388/3023 3065/1372/3023
f 3065/1372/3024 3081/1388/3024 3082/1389/3024 3066/1373/3024
f 3066/1373/3025 3082/1389/3025 3083/1390/3025 3067/1374/3025
f 3067/1374/3026 3083/1390/3026 3084/1391/3026 3068/1375/3026
f 3068/1375/3027 3084/1391/3027 3085/1392/3027 3069/1376/3027
f 3069/1376/3028 3085/1392/3028 3086/1393/3028 3070/1377/3028
f 3070/1377/3029 3086/1393/3029 3087/1394/3029 3071/1378/3029
f 3071/1378/3030 3087/1394/3030 3088/1259/3030 3072/1258/3030
f 1818/1379/3031 1817/1395/3031 3089/1396/3031 3073/1380/3031
f 3073/1380/3032 3089/1396/3032 3090/1397/3032 3074/1381/3032
f 3074/1381/3033 3090/1397/3033 3091/1398/3033 3075/1382/3033
f 3075/1382/3034 3091/1398/3034 3092/1399/3034 3076/1383/3034
f 3076/1383/3035 3092/1399/3035 3093/1400/3035 3077/1384/3035
f 3077/1384/3036 3093/1400/3036 3094/1401/3036 3078/1385/3036
f 3078/1385/3037 3094/1401/3037 3095/1402/3037 3079/1386/3037
f 3079/1386/3038 3095/1402/3038 3096/1403/3038 3080/1387/3038
f 3080/1387/3039 3096/1403/3039 3097/1404/3039 3081/1388/3039
f 3081/1388/3040 3097/1404/3040 3098/1405/3040 3082/1389/3040
f 3082/1389/3041 3098/1405/3041 3099/1406/3041 3083/1390/3041
f 3083/1390/3042 3099/1406/3042 3100/1407/3042 3084/1391/3042
f 3084/1391/3043 3100/1407/3043 3101/1408/3043 3085/1392/3043
f 3085/1392/3044 3101/1408/3044 3102/1409/3044 3086/1393/3044
f 3086/1393/3045 3102/1409/3045 3103/1410/3045 3087/1394/3045
f 3087/1394/3046 3103/1410/3046 3104/1260/3046 3088/1259/3046
f 1817/1395/3047 1816/1411/3047 3105/1412/3047 3089/1396/3047
f 3089/1396/3048 3105/1412/3048 3106/1413/3048 3090/1397/3048
f 3090/1397/3049 3106/1413/3049 3107/1414/3049 3091/1398/3049
f 3091/1398/3050 3107/1414/3050 3108/1415/3050 3092/1399/3050
f 3092/1399/3051 3108/1415/3051 3109/1416/3051 3093/1400/3051
f 3093/1400/3052 3109/1416/3052 3110/1417/3052 3094/1401/3052
f 3094/1401/3053 3110/1417/3053 3111/1418/3053 3095/1402/3053
f 3095/1402/3054 3111/1418/3054 3112/1419/3054 3096/1403/3054
f 3096/1403/3055 3112/1419/3055 3113/1420/3055 3097/1404/3055
f 3097/1404/3056 3113/1420/3056 3114/1421/3056 3098/1405/3056
f 3098/1405/3057 3114/1421/3057 3115/1422/3057 3099/1406/3057
f 3099/1406/3058 3115/1422/3058 3116/1423/3058 3100/1407/3058
f 3100/1407/3059 3116/1423/3059 3117/1424/3059 3101/1408/3059
f 3101/1408/3060 3117/1424/3060 3118/1425/3060 3102/1409/3060
f 3102/1409/3061 3118/1425/3061 3119/1426/3061 3103/1410/3061
f 3103/1410/3062 3119/1426/3062 3120/1261/3062 3104/1260/3062
f 1816/1411/3063 1815/1427/3063 3121/1428/3063 3105/1412/3063
f 3105/1412/3064 3121/1428/3064 3122/1429/3064 3106/1413/3064
f 3106/1413/3065 3122/1429/3065 3123/1430/3065 3107/1414/3065
f 3107/1414/3066 3123/1430/3066 3124/1431/3066 3108/1415/3066
f 3108/1415/3067 3124/1431/3067 3125/1432/3067 3109/1416/3067
f 3109/1416/3068 3125/1432/3068 3126/1433/3068 3110/1417/3068
f 3110/1417/3069 3126/1433/3069 3127/1434/3069 3111/1418/3069
f 3111/1418/3070 3127/1434/3070 3128/1435/3070 3112/1419/3070
f 3112/1419/3071 3128/1435/3071 3129/1436/3071 3113/1420/3071
f 3113/1420/3072 3129/1436/3072 3130/1437/3072 3114/1421/3072
f 3114/1421/3073 3130/1437/3073 3131/1438/3073 3115/1422/3073
f 3115/1422/3074 3131/1438/3074 3132/1439/3074 3116/1423/3074
f 3116/1423/3075 3132/1439/3075 3133/1440/3075 3117/1424/3075
f 3117/1424/3076 3133/1440/3076 3134/1441/3076 3118/1425/3076
f 3118/1425/3077 3134/1441/3077 3135/1442/3077 3119/1426/3077
f 3119/1426/3078 3135/1442/3078 3136/1262/3078 3120/1261/3078
f 1815/1427/3079 1814/1443/3079 3137/1444/3079 3121/1428/3079
f 3121/1428/3080 3137/1444/3080 3138/1445/3080 3122/1429/3080
f 3122/1429/3081 3138/1445/3081 3139/1446/3081 3123/1430/3081
f 3123/1430/3082 3139/1446/3082 3140/1447/3082 3124/1431/3082
f 3124/1431/3083 3140/1447/3083 3141/1448/3083 3125/1432/3083
f 3125/1432/3084 3141/1448/3084 3142/1449/3084 3126/1433/3084
f 3126/1433/3085 3142/1449/3085 3143/1450/3085 3127/1434/3085
f 3127/1434/3086 3143/1450/3086 3144/1451/3086 3128/1435/3086
f 3128/1435/3087 3144/1451/3087 3145/1452/3087 3129/1436/3087
f 3129/1436/3088 3145/1452/3088 3146/1453/3088 3130/1437/3088
f 3130/1437/3089 3146/1453/3089 3147/1454/3089 3131/1438/3089
f 3131/1438/3090 3147/1454/3090 3148/1455/3090 3132/1439/3090
f 3132/1439/3091 3148/1455/3091 3149/1456/3091 3133/1440/3091
f 3133/1440/3092 3149/1456/3092 3150/1457/3092 3134/1441/3092
f 3134/1441/3093 3150/1457/3093 3151/1458/3093 3135/1442/3093
f 3135/1442/3094 3151/1458/3094 3152/1263/3094 3136/1262/3094
f 1814/1443/3095 1813/1459/3095 3153/1460/3095 3137/1444/3095
f 3137/1444/3096 3153/1460/3096 3154/1461/3096 3138/1445/3096
f 3138/1445/3097 3154/1461/3097 3155/1462/3097 3139/1446/3097
f 3139/1446/3098 3155/1462/3098 3156/1463/3098 3140/1447/3098
f 3140/1447/3099 3156/1463/3099 3157/1464/3099 3141/1448/3099
f 3141/1448/3100 3157/1464/3100 3158/1465/3100 3142/1449/3100
f 3142/1449/3101 3158/1465/3101 3159/1466/3101 3143/1450/3101
f 3143/1450/3102 3159/1466/3102 3160/1467/3102 3144/1451/3102
f 3144/1451/3103 3160/1467/3103 3161/1468/3103 3145/1452/3103
f 3145/1452/3104 3161/1468/3104 3162/1469/3104 3146/1453/3104
f 3146/1453/3105 3162/1469/3105 3163/1470/3105 3147/1454/3105
f 3147/1454/3106 3163/1470/3106 3164/1471/3106 3148/1455/3106
f 3148/1455/3107 3164/1471/3107 3165/1472/3107 3149/1456/3107
f 3149/1456/3108 3165/1472/3108 3166/1473/3108 3150/1457/3108
f 3150/1457/3109 3166/1473/3109 3167/1474/3109 3151/1458/3109
f 3151/1458/3110 3167/1474/3110 3168/1264/3110 3152/1263/3110
f 1813/1459/3111 1812/1475/3111 3169/1476/3111 3153/1460/3111
f 3153/1460/3112 3169/1476/3112 3170/1477/3112 3154/1461/3112
f 3154/1461/3113 3170/1477/3113 3171/1478/3113 3155/1462/3113
f 3155/1462/3114 3171/1478/3114 3172/1479/3114 3156/1463/3114
f 3156/1463/3115 3172/1479/3115 3173/1480/3115 3157/1464/3115
f 3157/1464/3116 3173/1480/3116 3174/1481/3116 3158/1465/3116
f 3158/1465/3117 3174/1481/3117 3175/1482/3117 3159/1466/3117
f 3159/1466/3118 3175/1482/3118 3176/1483/3118 3160/1467/3118
f 3160/1467/3119 3176/1483/3119 3177/1484/3119 3161/1468/3119
f 3161/1468/3120 3177/1484/3120 3178/1485/3120 3162/1469/3120
f 3162/1469/3121 3178/1485/3121 3179/1486/3121 3163/1470/3121
f 3163/1470/3122 3179/1486/3122 3180/1487/3122 3164/1471/3122
f 3164/1471/3123 3180/1487/3123 3181/1488/3123 3165/1472/3123
f 3165/1472/3124 3181/1488/3124 3182/1489/3124 3166/1473/3124
f 3166/1473/3125 3182/1489/3125 3183/1490/3125 3167/1474/3125
f 3167/1474/3126 3183/1490/3126 3184/1265/3126 3168/1264/3126
f 1812/1475/3127 1811/1491/3127 3185/1492/3127 3169/1476/3127
f 3169/1476/3128 3185/1492/3128 3186/1493/3128 3170/1477/3128
f 3170/1477/3129 3186/1493/3129 3187/1494/3129 3171/1478/3129
f 3171/1478/3130 3187/1494/3130 3188/1495/3130 3172/1479/3130
f 3172/1479/3131 3188/1495/3131 3189/1496/3131 3173/1480/3131
f 3173/1480/3132 3189/1496/3132 3190/1497/3132 3174/1481/3132
f 3174/1481/3133 3190/1497/3133 3191/1498/3133 3175/1482/3133
f 3175/1482/3134 3191/1498/3134 3192/1499/3134 3176/1483/3134
f 3176/1483/3135 3192/1499/3135 3193/1500/3135 3177/1484/3135
f 3177/1484/3136 3193/1500/3136 3194/1501/3136 3178/1485/3136
f 3178/1485/3137 3194/1501/3137 3195/1502/3137 3179/1486/3137
f 3179/1486/3138 3195/1502/3138 3196/1503/3138 3180/1487/3138
f 3180/1487/3139 3196/1503/3139 3197/1504/3139 3181/1488/3139
f 3181/1488/3140 3197/1504/3140 3198/1505/3140 3182/1489/3140
f 3182/1489/3141 3198/1505/3141 3199/1506/3141 3183/1490/3141
f 3183/1490/3142 3199/1506/3142 3200/1266/3142 3184/1265/3142
f 1811/1491/3143 1810/1507/3143 3201/1508/3143 3185/1492/3143
f 3185/1492/3144 3201/1508/3144 3202/1509/3144 3186/1493/3144
f 3186/1493/3145 3202/1509/3145 3203/1510/3145 3187/1494/3145
f 3187/1494/3146 3203/1510/3146 3204/1511/3146 3188/1495/3146
f 3188/1495/3147 3204/1511/3147 3205/1512/3147 3189/1496/3147
f 3189/1496/3148 3205/1512/3148 3206/1513/3148 3190/1497/3148
f 3190/1497/3149 3206/1513/3149 3207/1514/3149 3191/1498/3149
f 3191/1498/3150 3207/1514/3150 3208/1515/3150 3192/1499/3150
f 3192/1499/3151 3208/1515/3151 3209/1516/3151 3193/1500/3151
f 3193/1500/3152 3209/1516/3152 3210/1517/3152 3194/1501/3152
f 3194/1501/3153 3210/1517/3153 3211/1518/3153 3195/1502/3153
f 3195/1502/3154 3211/1518/3154 3212/1519/3154 3196/1503/3154
f 3196/1503/3155 3212/1519/3155 3213/1520/3155 3197/1504/3155
f 3197/1504/3156 3213/1520/3156 3214/1521/3156 3198/1505/3156
f 3198/1505/3157 3214/1521/3157 3215/1522/3157 3199/1506/3157
f 3199/1506/3158 3215/1522/3158 3216/1267/3158 3200/1266/3158
f 1810/1507/3159 1809/17/3159 3217/1523/3159 3201/1508/3159
f 3201/1508/3160 3217/1523/3160 3218/1524/3160 3202/1509/3160
f 3202/1509/3161 3218/1524/3161 3219/1525/3161 3203/1510/3161
f 3203/1510/3162 3219/1525/3162 3220/1526/3162 3204/1511/3162
f 3204/1511/3163 3220/1526/3163 3221/1527/3163 3205/1512/3163
f 3205/1512/3164 3221/1527/3164 3222/1528/3164 3206/1513/3164
f 3206/1513/3165 3222/1528/3165 3223/1529/3165 3207/1514/3165
f 3207/1514/3166 3223/1529/3166 3224/1530/3166 3208/1515/3166
f 3208/1515/3167 3224/1530/3167 3225/1531/3167 3209/1516/3167
f 3209/1516/3168 3225/1531/3168 3226/1532/3168 3210/1517/3168
f 3210/1517/3169 3226/1532/3169 3227/1533/3169 3211/1518/3169
f 3211/1518/3170 3227/1533/3170 3228/1534/3170 3212/1519/3170
f 3212/1519/3171 3228/1534/3171 3229/1535/3171 3213/1520/3171
f 3213/1520/3172 3229/1535/3172 3230/1536/3172 3214/1521/3172
f 3214/1521/3173 3230/1536/3173 3231/1537/3173 3215/1522/3173
f 3215/1522/3174 3231/1537/3174 3232/18/3174 3216/1267/3174
f 1809/17/3175 1756/10/3175 1841/1538/3175 3217/1523/3175
f 3217/1523/3176 1841/1538/3176 1842/1539/3176 3218/1524/3176
f 3218/1524/3177 1842/1539/3177 1843/1540/3177 3219/1525/3177
f 3219/1525/3178 1843/1540/3178 1844/1541/3178 3220/1526/3178
f 3220/1526/3179 1844/1541/3179 1845/1542/3179 3221/1527/3179
f 3221/1527/3180 1845/1542/3180 1846/1543/3180 3222/1528/3180
f 3222/1528/3181 1846/1543/3181 1847/1544/3181 3223/1529/3181
f 3223/1529/3182 1847/1544/3182 1848/1545/3182 3224/1530/3182
f 3224/1530/3183 1848/1545/3183 1849/1546/3183 3225/1531/3183
f 3225/1531/3184 1849/1546/3184 1850/1547/3184 3226/1532/3184
f 3226/1532/3185 1850/1547/3185 1851/1548/3185 3227/1533/3185
f 3227/1533/3186 1851/1548/3186 1852/1549/3186 3228/1534/3186
f 3228/1534/3187 1852/1549/3187 1853/1550/3187 3229/1535/3187
f 3229/1535/3188 1853/1550/3188 1854/1551/3188 3230/1536/3188
f 3230/1536/3189 1854/1551/3189 1855/1552/3189 3231/1537/3189
f 3231/1537/3190 1855/1552/3190 1856/19/3190 3232/18/3190
f 1761/1553/3191 3248/1554/3191 1824/1268/3191 1755/11/3191
f 3248/1554/3192 3264/1555/3192 1823/1299/3192 1824/1268/3192
f 3264/1555/3193 3280/1556/3193 1822/1315/3193 1823/1299/3193
f 3280/1556/3194 3296/1557/3194 1821/1331/3194 1822/1315/3194
f 3296/1557/3195 3312/1558/3195 1820/1347/3195 1821/1331/3195
f 3312/1558/3196 3328/1559/3196 1819/1363/3196 1820/1347/3196
f 3328/1559/3197 3344/1560/3197 1818/1379/3197 1819/1363/3197
f 3344/1560/3198 3360/1561/3198 1817/1395/3198 1818/1379/3198
f 3360/1561/3199 3376/1562/3199 1816/1411/3199 1817/1395/3199
f 3376/1562/3200 3392/1563/3200 1815/1427/3200 1816/1411/3200
f 3392/1563/3201 3408/1564/3201 1814/1443/3201 1815/1427/3201
f 3408/1564/3202 3424/1565/3202 1813/1459/3202 1814/1443/3202
f 3424/1565/3203 3440/1566/3203 1812/1475/3203 1813/1459/3203
f 3440/1566/3204 3456/1567/3204 1811/1491/3204 1812/1475/3204
f 3456/1567/3205 3472/1568/3205 1810/1507/3205 1811/1491/3205
f 3472/1568/3206 3488/15/3206 1809/17/3206 1810/1507/3206
f 1753/8/3207 1777/1569/3207 3233/1570/3207 1776/1571/3207
f 1776/1571/3208 3233/1570/3208 3234/1572/3208 1775/1573/3208
f 1775/1573/3209 3234/1572/3209 3235/1574/3209 1774/1575/3209
f 1774/1575/3210 3235/1574/3210 3236/1576/3210 1773/1577/3210
f 1773/1577/3211 3236/1576/3211 3237/1578/3211 1772/1579/3211
f 1772/1579/3212 3237/1578/3212 3238/1580/3212 1771/1581/3212
f 1771/1581/3213 3238/1580/3213 3239/1582/3213 1770/1583/3213
f 1770/1583/3214 3239/1582/3214 3240/1584/3214 1769/1585/3214
f 1769/1585/3215 3240/1584/3215 3241/1586/3215 1768/1587/3215
f 1768/1587/3216 3241/1586/3216 3242/1588/3216 1767/1589/3216
f 1767/1589/3217 3242/1588/3217 3243/1590/3217 1766/1591/3217
f 1766/1591/3218 3243/1590/3218 3244/1592/3218 1765/1593/3218
f 1765/1593/3219 3244/1592/3219 3245/1594/3219 1764/1595/3219
f 1764/1595/3220 3245/1594/3220 3246/1596/3220 1763/1597/3220
f 1763/1597/3221 3246/1596/3221 3247/1598/3221 1762/1599/3221
f 1762/1599/3222 3247/1598/3222 3248/1554/3222 1761/1553/3222
f 1777/1569/3223 1778/1600/3223 3249/1601/3223 3233/1570/3223
f 3233/1570/3224 3249/1601/3224 3250/1602/3224 3234/1572/3224
f 3234/1572/3225 3250/1602/3225 3251/1603/3225 3235/1574/3225
f 3235/1574/3226 3251/1603/3226 3252/1604/3226 3236/1576/3226
f 3236/1576/3227 3252/1604/3227 3253/1605/3227 3237/1578/3227
f 3237/1578/3228 3253/1605/3228 3254/1606/3228 3238/1580/3228
f 3238/1580/3229 3254/1606/3229 3255/1607/3229 3239/1582/3229
f 3239/1582/3230 3255/1607/3230 3256/1608/3230 3240/1584/3230
f 3240/1584/3231 3256/1608/3231 3257/1609/3231 3241/1586/3231
f 3241/1586/3232 3257/1609/3232 3258/1610/3232 3242/1588/3232
f 3242/1588/3233 3258/1610/3233 3259/1611/3233 3243/1590/3233
f 3243/1590/3234 3259/1611/3234 3260/1612/3234 3244/1592/3234
f 3244/1592/3235 3260/1612/3235 3261/1613/3235 3245/1594/3235
f 3245/1594/3236 3261/1613/3236 3262/1614/3236 3246/1596/3236
f 3246/1596/3237 3262/1614/3237 3263/1615/3237 3247/1598/3237
f 3247/1598/3238 3263/1615/3238 3264/1555/3238 3248/1554/3238
f 1778/1600/3239 1779/1616/3239 3265/1617/3239 3249/1601/3239
f 3249/1601/3240 3265/1617/3240 3266/1618/3240 3250/1602/3240
f 3250/1602/3241 3266/1618/3241 3267/1619/3241 3251/1603/3241
f 3251/1603/3242 3267/1619/3242 3268/1620/3242 3252/1604/3242
f 3252/1604/3243 3268/1620/3243 3269/1621/3243 3253/1605/3243
f 3253/1605/3244 3269/1621/3244 3270/1622/3244 3254/1606/3244
f 3254/1606/3245 3270/1622/3245 3271/1623/3245 3255/1607/3245
f 3255/1607/3246 3271/1623/3246 3272/1624/3246 3256/1608/3246
f 3256/1608/3247 3272/1624/3247 3273/1625/3247 3257/1609/3247
f 3257/1609/3248 3273/1625/3248 3274/1626/3248 3258/1610/3248
f 3258/1610/3249 3274/1626/3249 3275/1627/3249 3259/1611/3249
f 3259/1611/3250 3275/1627/3250 3276/1628/3250 3260/1612/3250
f 3260/1612/3251 3276/1628/3251 3277/1629/3251 3261/1613/3251
f 3261/1613/3252 3277/1629/3252 3278/1630/3252 3262/1614/3252
f 3262/1614/3253 3278/1630/3253 3279/1631/3253 3263/1615/3253
f 3263/1615/3254 3279/1631/3254 3280/1556/3254 3264/1555/3254
f 1779/1616/3255 1780/1632/3255 3281/1633/3255 3265/1617/3255
f 3265/1617/3256 3281/1633/3256 3282/1634/3256 3266/1618/3256
f 3266/1618/3257 3282/1634/3257 3283/1635/3257 3267/1619/3257
f 3267/1619/3258 3283/1635/3258 3284/1636/3258 3268/1620/3258
f 3268/1620/3259 3284/1636/3259 3285/1637/3259 3269/1621/3259
f 3269/1621/3260 3285/1637/3260 3286/1638/3260 3270/1622/3260
f 3270/1622/3261 3286/1638/3261 3287/1639/3261 3271/1623/3261
f 3271/1623/3262 3287/1639/3262 3288/1640/3262 3272/1624/3262
f 3272/1624/3263 3288/1640/3263 3289/1641/3263 3273/1625/3263
f 3273/1625/3264 3289/1641/3264 3290/1642/3264 3274/1626/3264
f 3274/1626/3265 3290/1642/3265 3291/1643/3265 3275/1627/3265
f 3275/1627/3266 3291/1643/3266 3292/1644/3266 3276/1628/3266
f 3276/1628/3267 3292/1644/3268 3293/1645/3267 3277/1629/3268
f 3277/1629/3269 3293/1645/3269 3294/1646/3269 3278/1630/3269
f 3278/1630/3270 3294/1646/3270 3295/1647/3270 3279/1631/3270
f 3279/1631/3271 3295/1647/3271 3296/1557/3271 3280/1556/3271
f 1780/1632/3272 1781/1648/3272 3297/1649/3272 3281/1633/3272
f 3281/1633/3273 3297/1649/3273 3298/1650/3273 3282/1634/3273
f 3282/1634/3274 3298/1650/3274 3299/1651/3274 3283/1635/3274
f 3283/1635/3275 3299/1651/3275 3300/1652/3275 3284/1636/3275
f 3284/1636/3276 3300/1652/3276 3301/1653/3276 3285/1637/3276
f 3285/1637/3277 3301/1653/3277 3302/1654/3277 3286/1638/3277
f 3286/1638/3278 3302/1654/3278 3303/1655/3278 3287/1639/3278
f 3287/1639/3279 3303/1655/3279 3304/1656/3279 3288/1640/3279
f 3288/1640/3280 3304/1656/3280 3305/1657/3280 3289/1641/3280
f 3289/1641/3281 3305/1657/3281 3306/1658/3281 3290/1642/3281
f 3290/1642/3282 3306/1658/3282 3307/1659/3282 3291/1643/3282
f 3291/1643/3283 3307/1659/3283 3308/1660/3283 3292/1644/3283
f 3292/1644/3284 3308/1660/3284 3309/1661/3284 3293/1645/3284
f 3293/1645/3285 3309/1661/3285 3310/1662/3285 3294/1646/3285
f 3294/1646/3286 3310/1662/3286 3311/1663/3286 3295/1647/3286
f 3295/1647/3287 3311/1663/3287 3312/1558/3287 3296/1557/3287
f 1781/1648/3288 1782/1664/3288 3313/1665/3288 3297/1649/3288
f 3297/1649/3289 3313/1665/3289 3314/1666/3289 3298/1650/3289
f 3298/1650/3290 3314/1666/3290 3315/1667/3290 3299/1651/3290
f 3299/1651/3291 3315/1667/3291 3316/1668/3291 3300/1652/3291
f 3300/1652/3292 3316/1668/3292 3317/1669/3292 3301/1653/3292
f 3301/1653/3293 3317/1669/3293 3318/1670/3293 3302/1654/3293
f 3302/1654/3294 3318/1670/3294 3319/1671/3294 3303/1655/3294
f 3303/1655/3295 3319/1671/3295 3320/1672/3295 3304/1656/3295
f 3304/1656/3296 3320/1672/3296 3321/1673/3296 3305/1657/3296
f 3305/1657/3297 3321/1673/3297 3322/1674/3297 3306/1658/3297
f 3306/1658/3298 3322/1674/3298 3323/1675/3298 3307/1659/3298
f 3307/1659/3299 3323/1675/3299 3324/1676/3299 3308/1660/3299
f 3308/1660/3300 3324/1676/3300 3325/1677/3300 3309/1661/3300
f 3309/1661/3301 3325/1677/3301 3326/1678/3301 3310/1662/3301
f 3310/1662/3302 3326/1678/3302 3327/1679/3302 3311/1663/3302
f 3311/1663/3303 3327/1679/3303 3328/1559/3303 3312/1558/3303
f 1782/1664/3304 1783/1680/3304 3329/1681/3304 3313/1665/3304
f 3313/1665/3305 3329/1681/3305 3330/1682/3305 3314/1666/3305
f 3314/1666/3306 3330/1682/3306 3331/1683/3306 3315/1667/3306
f 3315/1667/3307 3331/1683/3307 3332/1684/3307 3316/1668/3307
f 3316/1668/3308 3332/1684/3308 3333/1685/3308 3317/1669/3308
f 3317/1669/3309 3333/1685/3309 3334/1686/3309 3318/1670/3309
f 3318/1670/3310 3334/1686/3310 3335/1687/3310 3319/1671/3310
f 3319/1671/3311 3335/1687/3311 3336/1688/3311 3320/1672/3311
f 3320/1672/3312 3336/1688/3312 3337/1689/3312 3321/1673/3312
f 3321/1673/3313 3337/1689/3313 3338/1690/3313 3322/1674/3313
f 3322/1674/3314 3338/1690/3314 3339/1691/3314 3323/1675/3314
f 3323/1675/3315 3339/1691/3315 3340/1692/3315 3324/1676/3315
f 3324/1676/3316 3340/1692/3316 3341/1693/3316 3325/1677/3316
f 3325/1677/3317 3341/1693/3317 3342/1694/3317 3326/1678/3317
f 3326/1678/3318 3342/1694/3318 3343/1695/3318 3327/1679/3318
f 3327/1679/3319 3343/1695/3319 3344/1560/3319 3328/1559/3319
f 1783/1680/3320 1784/1696/3320 3345/1697/3320 3329/1681/3320
f 3329/1681/3321 3345/1697/3321 3346/1698/3321 3330/1682/3321
f 3330/1682/3322 3346/1698/3322 3347/1699/3322 3331/1683/3322
f 3331/1683/3323 3347/1699/3323 3348/1700/3323 3332/1684/3323
f 3332/1684/3324 3348/1700/3324 3349/1701/3324 3333/1685/3324
f 3333/1685/3325 3349/1701/3325 3350/1702/3325 3334/1686/3325
f 3334/1686/3326 3350/1702/3326 3351/1703/3326 3335/1687/3326
f 3335/1687/3327 3351/1703/3327 3352/1704/3327 3336/1688/3327
f 3336/1688/3328 3352/1704/3328 3353/1705/3328 3337/1689/3328
f 3337/1689/3329 3353/1705/3329 3354/1706/3329 3338/1690/3329
f 3338/1690/3330 3354/1706/3330 3355/1707/3330 3339/1691/3330
f 3339/1691/3331 3355/1707/3331 3356/1708/3331 3340/1692/3331
f 3340/1692/3332 3356/1708/3332 3357/1709/3332 3341/1693/3332
f 3341/1693/3333 3357/1709/3333 3358/1710/3333 3342/1694/3333
f 3342/1694/3334 3358/1710/3334 3359/1711/3334 3343/1695/3334
f 3343/1695/3335 3359/1711/3335 3360/1561/3335 3344/1560/3335
f 1784/1696/3336 1785/1712/3336 3361/1713/3336 3345/1697/3336
f 3345/1697/3337 3361/1713/3337 3362/1714/3337 3346/1698/3337
f 3346/1698/3338 3362/1714/3338 3363/1715/3338 3347/1699/3338
f 3347/1699/3339 3363/1715/3339 3364/1716/3339 3348/1700/3339
f 3348/1700/3340 3364/1716/3340 3365/1717/3340 3349/1701/3340
f 3349/1701/3341 3365/1717/3341 3366/1718/3341 3350/1702/3341
f 3350/1702/3342 3366/1718/3342 3367/1719/3342 3351/1703/3342
f 3351/1703/3343 3367/1719/3343 3368/1720/3343 3352/1704/3343
f 3352/1704/3344 3368/1720/3344 3369/1721/3344 3353/1705/3344
f 3353/1705/3345 3369/1721/3345 3370/1722/3345 3354/1706/3345
f 3354/1706/3346 3370/1722/3346 3371/1723/3346 3355/1707/3346
f 3355/1707/3347 3371/1723/3347 3372/1724/3347 3356/1708/3347
f 3356/1708/3348 3372/1724/3348 3373/1725/3348 3357/1709/3348
f 3357/1709/3349 3373/1725/3349 3374/1726/3349 3358/1710/3349
f 3358/1710/3350 3374/1726/3350 3375/1727/3350 3359/1711/3350
f 3359/1711/3351 3375/1727/3351 3376/1562/3351 3360/1561/3351
f 1785/1712/3352 1786/1728/3352 3377/1729/3352 3361/1713/3352
f 3361/1713/3353 3377/1729/3353 3378/1730/3353 3362/1714/3353
f 3362/1714/3354 3378/1730/3354 3379/1731/3354 3363/1715/3354
f 3363/1715/3355 3379/1731/3355 3380/1732/3355 3364/1716/3355
f 3364/1716/3356 3380/1732/3356 3381/1733/3356 3365/1717/3356
f 3365/1717/3357 3381/1733/3357 3382/1734/3357 3366/1718/3357
f 3366/1718/3358 3382/1734/3358 3383/1735/3358 3367/1719/3358
f 3367/1719/3359 3383/1735/3359 3384/1736/3359 3368/1720/3359
f 3368/1720/3360 3384/1736/3360 3385/1737/3360 3369/1721/3360
f 3369/1721/3361 3385/1737/3361 3386/1738/3361 3370/1722/3361
f 3370/1722/3362 3386/1738/3362 3387/1739/3362 3371/1723/3362
f 3371/1723/3363 3387/1739/3363 3388/1740/3363 3372/1724/3363
f 3372/1724/3364 3388/1740/3364 3389/1741/3364 3373/1725/3364
f 3373/1725/3365 3389/1741/3365 3390/1742/3365 3374/1726/3365
f 3374/1726/3366 3390/1742/3366 3391/1743/3366 3375/1727/3366
f 3375/1727/3367 3391/1743/3367 3392/1563/3367 3376/1562/3367
f 1786/1728/3368 1787/1744/3368 3393/1745/3368 3377/1729/3368
f 3377/1729/3369 3393/1745/3369 3394/1746/3369 3378/1730/3369
f 3378/1730/3370 3394/1746/3370 3395/1747/3370 3379/1731/3370
f 3379/1731/3371 3395/1747/3371 3396/1748/3371 3380/1732/3371
f 3380/1732/3372 3396/1748/3372 3397/1749/3372 3381/1733/3372
f 3381/1733/3373 3397/1749/3373 3398/1750/3373 3382/1734/3373
f 3382/1734/3374 3398/1750/3374 3399/1751/3374 3383/1735/3374
f 3383/1735/3375 3399/1751/3375 3400/1752/3375 3384/1736/3375
f 3384/1736/3376 3400/1752/3376 3401/1753/3376 3385/1737/3376
f 3385/1737/3377 3401/1753/3377 3402/1754/3377 3386/1738/3377
f 3386/1738/3378 3402/1754/3378 3403/1755/3378 3387/1739/3378
f 3387/1739/3379 3403/1755/3379 3404/1756/3379 3388/1740/3379
f 3388/1740/3380 3404/1756/3380 3405/1757/3380 3389/1741/3380
f 3389/1741/3381 3405/1757/3381 3406/1758/3381 3390/1742/3381
f 3390/1742/3382 3406/1758/3382 3407/1759/3382 3391/1743/3382
f 3391/1743/3383 3407/1759/3383 3408/1564/3383 3392/1563/3383
f 1787/1744/3384 1788/1760/3384 3409/1761/3384 3393/1745/3384
f 3393/1745/3385 3409/1761/3385 3410/1762/3385 3394/1746/3385
f 3394/1746/3386 3410/1762/3386 3411/1763/3386 3395/1747/3386
f 3395/1747/3387 3411/1763/3387 3412/1764/3387 3396/1748/3387
f 3396/1748/3388 3412/1764/3388 3413/1765/3388 3397/1749/3388
f 3397/1749/3389 3413/1765/3389 3414/1766/3389 3398/1750/3389
f 3398/1750/3390 3414/1766/3390 3415/1767/3390 3399/1751/3390
f 3399/1751/3391 3415/1767/3391 3416/1768/3391 3400/1752/3391
f 3400/1752/3392 3416/1768/3392 3417/1769/3392 3401/1753/3392
f 3401/1753/3393 3417/1769/3393 3418/1770/3393 3402/1754/3393
f 3402/1754/3394 3418/1770/3394 3419/1771/3394 3403/1755/3394
f 3403/1755/3395 3419/1771/3395 3420/1772/3395 3404/1756/3395
f 3404/1756/3396 3420/1772/3396 3421/1773/3396 3405/1757/3396
f 3405/1757/3397 3421/1773/3397 3422/1774/3397 3406/1758/3397
f 3406/1758/3398 3422/1774/3398 3423/1775/3398 3407/1759/3398
f 3407/1759/3399 3423/1775/3399 3424/1565/3399 3408/1564/3399
f 1788/1760/3400 1789/1776/3400 3425/1777/3400 3409/1761/3400
f 3409/1761/3401 3425/1777/3401 3426/1778/3401 3410/1762/3401
f 3410/1762/3402 3426/1778/3402 3427/1779/3402 3411/1763/3402
f 3411/1763/3403 3427/1779/3403 3428/1780/3403 3412/1764/3403
f 3412/1764/3404 3428/1780/3404 3429/1781/3404 3413/1765/3404
f 3413/1765/3405 3429/1781/3405 3430/1782/3405 3414/1766/3405
f 3414/1766/3406 3430/1782/3406 3431/1783/3406 3415/1767/3406
f 3415/1767/3407 3431/1783/3407 3432/1784/3407 3416/1768/3407
f 3416/1768/3408 3432/1784/3408 3433/1785/3408 3417/1769/3408
f 3417/1769/3409 3433/1785/3409 3434/1786/3409 3418/1770/3409
f 3418/1770/3410 3434/1786/3410 3435/1787/3410 3419/1771/3410
f 3419/1771/3411 3435/1787/3411 3436/1788/3411 3420/1772/3411
f 3420/1772/3412 3436/1788/3412 3437/1789/3412 3421/1773/3412
f 3421/1773/3413 3437/1789/3413 3438/1790/3413 3422/1774/3413
f 3422/1774/3414 3438/1790/3414 3439/1791/3414 3423/1775/3414
f 3423/1775/3415 3439/1791/3415 3440/1566/3415 3424/1565/3415
f 1789/1776/3416 1790/1792/3416 3441/1793/3416 3425/1777/3416
f 3425/1777/3417 3441/1793/3417 3442/1794/3417 3426/1778/3417
f 3426/1778/3418 3442/1794/3418 3443/1795/3418 3427/1779/3418
f 3427/1779/3419 3443/1795/3419 3444/1796/3419 3428/1780/3419
f 3428/1780/3420 3444/1796/3420 3445/1797/3420 3429/1781/3420
f 3429/1781/3421 3445/1797/3421 3446/1798/3421 3430/1782/3421
f 3430/1782/3422 3446/1798/3422 3447/1799/3422 3431/1783/3422
f 3431/1783/3423 3447/1799/3423 3448/1800/3423 3432/1784/3423
f 3432/1784/3424 3448/1800/3424 3449/1801/3424 3433/1785/3424
f 3433/1785/3425 3449/1801/3425 3450/1802/3425 3434/1786/3425
f 3434/1786/3426 3450/1802/3426 3451/1803/3426 3435/1787/3426
f 3435/1787/3427 3451/1803/3427 3452/1804/3427 3436/1788/3427
f 3436/1788/3428 3452/1804/3428 3453/1805/3428 3437/1789/3428
f 3437/1789/3429 3453/1805/3429 3454/1806/3429 3438/1790/3429
f 3438/1790/3430 3454/1806/3430 3455/1807/3430 3439/1791/3430
f 3439/1791/3431 3455/1807/3431 3456/1567/3431 3440/1566/3431
f 1790/1792/3432 1791/1808/3432 3457/1809/3432 3441/1793/3432
f 3441/1793/3433 3457/1809/3433 3458/1810/3433 3442/1794/3433
f 3442/1794/3434 3458/1810/3434 3459/1811/3434 3443/1795/3434
f 3443/1795/3435 3459/1811/3435 3460/1812/3435 3444/1796/3435
f 3444/1796/3436 3460/1812/3436 3461/1813/3436 3445/1797/3436
f 3445/1797/3437 3461/1813/3437 3462/1814/3437 3446/1798/3437
f 3446/1798/3438 3462/1814/3438 3463/1815/3438 3447/1799/3438
f 3447/1799/3439 3463/1815/3439 3464/1816/3439 3448/1800/3439
f 3448/1800/3440 3464/1816/3440 3465/1817/3440 3449/1801/3440
f 3449/1801/3441 3465/1817/3441 3466/1818/3441 3450/1802/3441
f 3450/1802/3442 3466/1818/3442 3467/1819/3442 3451/1803/3442
f 3451/1803/3443 3467/1819/3443 3468/1820/3443 3452/1804/3443
f 3452/1804/3444 3468/1820/3444 3469/1821/3444 3453/1805/3444
f 3453/1805/3445 3469/1821/3445 3470/1822/3445 3454/1806/3445
f 3454/1806/3446 3470/1822/3446 3471/1823/3446 3455/1807/3446
f 3455/1807/3447 3471/1823/3447 3472/1568/3447 3456/1567/3447
f 1791/1808/3448 1792/1824/3448 3473/1825/3448 3457/1809/3448
f 3457/1809/3449 3473/1825/3449 3474/1826/3449 3458/1810/3449
f 3458/1810/3450 3474/1826/3450 3475/1827/3450 3459/1811/3450
f 3459/1811/3451 3475/1827/3451 3476/1828/3451 3460/1812/3451
f 3460/1812/3452 3476/1828/3452 3477/1829/3452 3461/1813/3452
f 3461/1813/3453 3477/1829/3453 3478/1830/3453 3462/1814/3453
f 3462/1814/3454 3478/1830/3454 3479/1831/3454 3463/1815/3454
f 3463/1815/3455 3479/1831/3455 3480/1832/3455 3464/1816/3455
f 3464/1816/3456 3480/1832/3456 3481/1833/3456 3465/1817/3456
f 3465/1817/3457 3481/1833/3457 3482/1834/3457 3466/1818/3457
f 3466/1818/3458 3482/1834/3458 3483/1835/3458 3467/1819/3458
f 3467/1819/3459 3483/1835/3459 3484/1836/3459 3468/1820/3459
f 3468/1820/3460 3484/1836/3460 3485/1837/3460 3469/1821/3460
f 3469/1821/3461 3485/1837/3461 3486/1838/3461 3470/1822/3461
f 3470/1822/3462 3486/1838/3462 3487/1839/3462 3471/1823/3462
f 3471/1823/3463 3487/1839/3463 3488/15/3463 3472/1568/3463
f 1792/1824/3464 1754/9/3464 1793/1840/3464 3473/1825/3464
f 3473/1825/3465 1793/1840/3465 1794/1841/3465 3474/1826/3465
f 3474/1826/3466 1794/1841/3466 1795/1842/3466 3475/1827/3466
f 3475/1827/3467 1795/1842/3467 1796/1843/3467 3476/1828/3467
f 3476/1828/3468 1796/1843/3468 1797/1844/3468 3477/1829/3468
f 3477/1829/3469 1797/1844/3469 1798/1845/3469 3478/1830/3469
f 3478/1830/3470 1798/1845/3470 1799/1846/3470 3479/1831/3470
f 3479/1831/3471 1799/1846/3471 1800/1847/3471 3480/1832/3471
f 3480/1832/3472 1800/1847/3472 1801/1848/3472 3481/1833/3472
f 3481/1833/3473 1801/1848/3473 1802/1849/3473 3482/1834/3473
f 3482/1834/3474 1802/1849/3474 1803/1850/3474 3483/1835/3474
f 3483/1835/3475 1803/1850/3475 1804/1851/3475 3484/1836/3475
f 3484/1836/3476 1804/1851/3476 1805/1852/3476 3485/1837/3476
f 3485/1837/3477 1805/1852/3477 1806/1853/3477 3486/1838/3477
f 3486/1838/3478 1806/1853/3478 1807/1854/3478 3487/1839/3478
f 3487/1839/3479 1807/1854/3479 1808/16/3479 3488/15/3479
usemtl Material.008
f 1745/1/3480 1749/2/3480 1751/3/3480 1747/4/3480
f 1748/5/3481 1747/4/3481 1751/6/3481 1752/7/3481
f 1752/8/3482 1751/9/3482 1749/10/3482 1750/11/3482
f 1750/12/3483 1746/13/3483 1748/5/3483 1752/14/3483
f 1746/13/3484 1745/1/3484 1747/4/3484 1748/5/3484
f 1750/11/3485 1749/10/3485 1745/1/3485 1746/13/3485
f 5224/15/3486 3544/16/3486 3492/10/3486 3545/17/3486
f 4968/18/3487 3592/19/3487 3496/1/3487 3593/20/3487
f 4712/21/3488 3640/22/3488 3494/4/3488 3641/23/3488
f 4456/24/3489 3688/25/3489 3490/6/3489 3528/26/3489
f 4200/27/3490 3609/28/3490 3493/5/3490 3672/29/3490
f 3944/30/3491 3529/31/3491 3490/3/3491 3688/32/3491
f 3640/22/3492 3704/33/3492 3673/34/3492 3494/4/3492
f 3704/33/3493 3720/35/3493 3674/36/3493 3673/34/3493
f 3720/35/3494 3736/37/3494 3675/38/3494 3674/36/3494
f 3736/37/3495 3752/39/3495 3676/40/3495 3675/38/3495
f 3752/39/3496 3768/41/3496 3677/42/3496 3676/40/3496
f 3768/41/3497 3784/43/3497 3678/44/3497 3677/42/3497
f 3784/43/3498 3800/45/3498 3679/46/3498 3678/44/3498
f 3800/45/3499 3816/47/3499 3680/48/3499 3679/46/3499
f 3816/47/3500 3832/49/3500 3681/50/3500 3680/48/3500
f 3832/49/3501 3848/51/3501 3682/52/3501 3681/50/3501
f 3848/51/3502 3864/53/3502 3683/54/3502 3682/52/3502
f 3864/53/3503 3880/55/3503 3684/56/3503 3683/54/3503
f 3880/55/3504 3896/57/3504 3685/58/3504 3684/56/3504
f 3896/57/3505 3912/59/3505 3686/60/3505 3685/58/3505
f 3912/59/3506 3928/61/3506 3687/62/3506 3686/60/3506
f 3928/61/3507 3944/30/3507 3688/32/3507 3687/62/3507
f 3496/1/3508 3592/63/3508 3689/64/3508 3625/65/3508
f 3625/65/3509 3689/64/3509 3690/66/3509 3626/67/3509
f 3626/67/3510 3690/66/3510 3691/68/3510 3627/69/3510
f 3627/69/3511 3691/68/3511 3692/70/3511 3628/71/3511
f 3628/71/3512 3692/70/3512 3693/72/3512 3629/73/3512
f 3629/73/3513 3693/72/3513 3694/74/3513 3630/75/3513
f 3630/75/3514 3694/74/3514 3695/76/3514 3631/77/3514
f 3631/77/3515 3695/76/3515 3696/78/3515 3632/79/3515
f 3632/79/3516 3696/78/3516 3697/80/3516 3633/81/3516
f 3633/81/3517 3697/80/3517 3698/82/3517 3634/83/3517
f 3634/83/3518 3698/82/3518 3699/84/3518 3635/85/3518
f 3635/85/3519 3699/84/3519 3700/86/3519 3636/87/3519
f 3636/87/3520 3700/86/3520 3701/88/3520 3637/89/3520
f 3637/89/3521 3701/88/3521 3702/90/3521 3638/91/3521
f 3638/91/3522 3702/90/3522 3703/92/3522 3639/93/3522
f 3639/93/3523 3703/92/3523 3704/33/3523 3640/22/3523
f 3592/63/3524 3591/94/3524 3705/95/3524 3689/64/3524
f 3689/64/3525 3705/95/3525 3706/96/3525 3690/66/3525
f 3690/66/3526 3706/96/3526 3707/97/3526 3691/68/3526
f 3691/68/3527 3707/97/3527 3708/98/3527 3692/70/3527
f 3692/70/3528 3708/98/3528 3709/99/3528 3693/72/3528
f 3693/72/3529 3709/99/3529 3710/100/3529 3694/74/3529
f 3694/74/3530 3710/100/3530 3711/101/3530 3695/76/3530
f 3695/76/3531 3711/101/3531 3712/102/3531 3696/78/3531
f 3696/78/3532 3712/102/3532 3713/103/3532 3697/80/3532
f 3697/80/3533 3713/103/3533 3714/104/3533 3698/82/3533
f 3698/82/3534 3714/104/3534 3715/105/3534 3699/84/3534
f 3699/84/3535 3715/105/3535 3716/106/3535 3700/86/3535
f 3700/86/3536 3716/106/3536 3717/107/3536 3701/88/3536
f 3701/88/3537 3717/107/3537 3718/108/3537 3702/90/3537
f 3702/90/3538 3718/108/3538 3719/109/3538 3703/92/3538
f 3703/92/3539 3719/109/3539 3720/35/3539 3704/33/3539
f 3591/94/3540 3590/110/3540 3721/111/3540 3705/95/3540
f 3705/95/3541 3721/111/3541 3722/112/3541 3706/96/3541
f 3706/96/3542 3722/112/3542 3723/113/3542 3707/97/3542
f 3707/97/3543 3723/113/3543 3724/114/3543 3708/98/3543
f 3708/98/3544 3724/114/3544 3725/115/3544 3709/99/3544
f 3709/99/3545 3725/115/3545 3726/116/3545 3710/100/3545
f 3710/100/3546 3726/116/3546 3727/117/3546 3711/101/3546
f 3711/101/3547 3727/117/3547 3728/118/3547 3712/102/3547
f 3712/102/3548 3728/118/3548 3729/119/3548 3713/103/3548
f 3713/103/3549 3729/119/3549 3730/120/3549 3714/104/3549
f 3714/104/3550 3730/120/3550 3731/121/3550 3715/105/3550
f 3715/105/3551 3731/121/3551 3732/122/3551 3716/106/3551
f 3716/106/3552 3732/122/3552 3733/123/3552 3717/107/3552
f 3717/107/3553 3733/123/3553 3734/124/3553 3718/108/3553
f 3718/108/3554 3734/124/3554 3735/125/3554 3719/109/3554
f 3719/109/3555 3735/125/3555 3736/37/3555 3720/35/3555
f 3590/110/3556 3589/126/3556 3737/127/3556 3721/111/3556
f 3721/111/3557 3737/127/3557 3738/128/3557 3722/112/3557
f 3722/112/3558 3738/128/3558 3739/129/3558 3723/113/3558
f 3723/113/3559 3739/129/3559 3740/130/3559 3724/114/3559
f 3724/114/3560 3740/130/3560 3741/131/3560 3725/115/3560
f 3725/115/3561 3741/131/3561 3742/132/3561 3726/116/3561
f 3726/116/3562 3742/132/3562 3743/133/3562 3727/117/3562
f 3727/117/3563 3743/133/3563 3744/134/3563 3728/118/3563
f 3728/118/3564 3744/134/3564 3745/135/3564 3729/119/3564
f 3729/119/3565 3745/135/3565 3746/136/3565 3730/120/3565
f 3730/120/3566 3746/136/3566 3747/137/3566 3731/121/3566
f 3731/121/3567 3747/137/3567 3748/138/3567 3732/122/3567
f 3732/122/3568 3748/138/3568 3749/139/3568 3733/123/3568
f 3733/123/3569 3749/139/3569 3750/140/3569 3734/124/3569
f 3734/124/3570 3750/140/3570 3751/141/3570 3735/125/3570
f 3735/125/3571 3751/141/3571 3752/39/3571 3736/37/3571
f 3589/126/3572 3588/142/3572 3753/143/3572 3737/127/3572
f 3737/127/3573 3753/143/3573 3754/144/3573 3738/128/3573
f 3738/128/3574 3754/144/3574 3755/145/3574 3739/129/3574
f 3739/129/3575 3755/145/3575 3756/146/3575 3740/130/3575
f 3740/130/3576 3756/146/3576 3757/147/3576 3741/131/3576
f 3741/131/3577 3757/147/3577 3758/148/3577 3742/132/3577
f 3742/132/3578 3758/148/3578 3759/149/3578 3743/133/3578
f 3743/133/3579 3759/149/3579 3760/150/3579 3744/134/3579
f 3744/134/3580 3760/150/3580 3761/151/3580 3745/135/3580
f 3745/135/3581 3761/151/3581 3762/152/3581 3746/136/3581
f 3746/136/3582 3762/152/3582 3763/153/3582 3747/137/3582
f 3747/137/3583 3763/153/3583 3764/154/3583 3748/138/3583
f 3748/138/3584 3764/154/3584 3765/155/3584 3749/139/3584
f 3749/139/3585 3765/155/3585 3766/156/3585 3750/140/3585
f 3750/140/3586 3766/156/3586 3767/157/3586 3751/141/3586
f 3751/141/3587 3767/157/3587 3768/41/3587 3752/39/3587
f 3588/142/3588 3587/158/3588 3769/159/3588 3753/143/3588
f 3753/143/3589 3769/159/3589 3770/160/3589 3754/144/3589
f 3754/144/3590 3770/160/3590 3771/161/3590 3755/145/3590
f 3755/145/3591 3771/161/3591 3772/162/3591 3756/146/3591
f 3756/146/3592 3772/162/3592 3773/163/3592 3757/147/3592
f 3757/147/3593 3773/163/3593 3774/164/3593 3758/148/3593
f 3758/148/3594 3774/164/3594 3775/165/3594 3759/149/3594
f 3759/149/3595 3775/165/3595 3776/166/3595 3760/150/3595
f 3760/150/3596 3776/166/3596 3777/167/3596 3761/151/3596
f 3761/151/3597 3777/167/3597 3778/168/3597 3762/152/3597
f 3762/152/3598 3778/168/3598 3779/169/3598 3763/153/3598
f 3763/153/3599 3779/169/3599 3780/170/3599 3764/154/3599
f 3764/154/3600 3780/170/3600 3781/171/3600 3765/155/3600
f 3765/155/3601 3781/171/3602 3782/172/3601 3766/156/3602
f 3766/156/3603 3782/172/3603 3783/173/3603 3767/157/3603
f 3767/157/3604 3783/173/3604 3784/43/3604 3768/41/3604
f 3587/158/3605 3586/174/3605 3785/175/3605 3769/159/3605
f 3769/159/3606 3785/175/3606 3786/176/3606 3770/160/3606
f 3770/160/3607 3786/176/3607 3787/177/3607 3771/161/3607
f 3771/161/3608 3787/177/3608 3788/178/3608 3772/162/3608
f 3772/162/3609 3788/178/3609 3789/179/3609 3773/163/3609
f 3773/163/3610 3789/179/3610 3790/180/3610 3774/164/3610
f 3774/164/3611 3790/180/3611 3791/181/3611 3775/165/3611
f 3775/165/3612 3791/181/3612 3792/182/3612 3776/166/3612
f 3776/166/3613 3792/182/3613 3793/183/3613 3777/167/3613
f 3777/167/3614 3793/183/3614 3794/184/3614 3778/168/3614
f 3778/168/3615 3794/184/3615 3795/185/3615 3779/169/3615
f 3779/169/3616 3795/185/3616 3796/186/3616 3780/170/3616
f 3780/170/3617 3796/186/3617 3797/187/3617 3781/171/3617
f 3781/171/3618 3797/187/3618 3798/188/3618 3782/172/3618
f 3782/172/3619 3798/188/3619 3799/189/3619 3783/173/3619
f 3783/173/3620 3799/189/3620 3800/45/3620 3784/43/3620
f 3586/174/3621 3585/190/3621 3801/191/3621 3785/175/3621
f 3785/175/3622 3801/191/3622 3802/192/3622 3786/176/3622
f 3786/176/3623 3802/192/3623 3803/193/3623 3787/177/3623
f 3787/177/3624 3803/193/3624 3804/194/3624 3788/178/3624
f 3788/178/3625 3804/194/3625 3805/195/3625 3789/179/3625
f 3789/179/3626 3805/195/3626 3806/196/3626 3790/180/3626
f 3790/180/3627 3806/196/3627 3807/197/3627 3791/181/3627
f 3791/181/3628 3807/197/3628 3808/198/3628 3792/182/3628
f 3792/182/3629 3808/198/3629 3809/199/3629 3793/183/3629
f 3793/183/3630 3809/199/3630 3810/200/3630 3794/184/3630
f 3794/184/3631 3810/200/3631 3811/201/3631 3795/185/3631
f 3795/185/3632 3811/201/3632 3812/202/3632 3796/186/3632
f 3796/186/3633 3812/202/3633 3813/203/3633 3797/187/3633
f 3797/187/3634 3813/203/3634 3814/204/3634 3798/188/3634
f 3798/188/3635 3814/204/3635 3815/205/3635 3799/189/3635
f 3799/189/3636 3815/205/3636 3816/47/3636 3800/45/3636
f 3585/190/3637 3584/206/3637 3817/207/3637 3801/191/3637
f 3801/191/3638 3817/207/3638 3818/208/3638 3802/192/3638
f 3802/192/3639 3818/208/3639 3819/209/3639 3803/193/3639
f 3803/193/3640 3819/209/3640 3820/210/3640 3804/194/3640
f 3804/194/3641 3820/210/3641 3821/211/3641 3805/195/3641
f 3805/195/3642 3821/211/3642 3822/212/3642 3806/196/3642
f 3806/196/3643 3822/212/3643 3823/213/3643 3807/197/3643
f 3807/197/3644 3823/213/3644 3824/214/3644 3808/198/3644
f 3808/198/3645 3824/214/3645 3825/215/3645 3809/199/3645
f 3809/199/3646 3825/215/3646 3826/216/3646 3810/200/3646
f 3810/200/3647 3826/216/3647 3827/217/3647 3811/201/3647
f 3811/201/3648 3827/217/3648 3828/218/3648 3812/202/3648
f 3812/202/3649 3828/218/3649 3829/219/3649 3813/203/3649
f 3813/203/3650 3829/219/3650 3830/220/3650 3814/204/3650
f 3814/204/3651 3830/220/3651 3831/221/3651 3815/205/3651
f 3815/205/3652 3831/221/3652 3832/49/3652 3816/47/3652
f 3584/206/3653 3583/222/3653 3833/223/3653 3817/207/3653
f 3817/207/3654 3833/223/3654 3834/224/3654 3818/208/3654
f 3818/208/3655 3834/224/3655 3835/225/3655 3819/209/3655
f 3819/209/3656 3835/225/3656 3836/226/3656 3820/210/3656
f 3820/210/3657 3836/226/3657 3837/227/3657 3821/211/3657
f 3821/211/3658 3837/227/3658 3838/228/3658 3822/212/3658
f 3822/212/3659 3838/228/3659 3839/229/3659 3823/213/3659
f 3823/213/3660 3839/229/3660 3840/230/3660 3824/214/3660
f 3824/214/3661 3840/230/3661 3841/231/3661 3825/215/3661
f 3825/215/3662 3841/231/3662 3842/232/3662 3826/216/3662
f 3826/216/3663 3842/232/3663 3843/233/3663 3827/217/3663
f 3827/217/3664 3843/233/3664 3844/234/3664 3828/218/3664
f 3828/218/3665 3844/234/3665 3845/235/3665 3829/219/3665
f 3829/219/3666 3845/235/3666 3846/236/3666 3830/220/3666
f 3830/220/3667 3846/236/3667 3847/237/3667 3831/221/3667
f 3831/221/3668 3847/237/3668 3848/51/3668 3832/49/3668
f 3583/222/3669 3582/238/3669 3849/239/3669 3833/223/3669
f 3833/223/3670 3849/239/3670 3850/240/3670 3834/224/3670
f 3834/224/3671 3850/240/3671 3851/241/3671 3835/225/3671
f 3835/225/3672 3851/241/3672 3852/242/3672 3836/226/3672
f 3836/226/3673 3852/242/3673 3853/243/3673 3837/227/3673
f 3837/227/3674 3853/243/3674 3854/244/3674 3838/228/3674
f 3838/228/3675 3854/244/3675 3855/245/3675 3839/229/3675
f 3839/229/3676 3855/245/3676 3856/246/3676 3840/230/3676
f 3840/230/3677 3856/246/3677 3857/247/3677 3841/231/3677
f 3841/231/3678 3857/247/3678 3858/248/3678 3842/232/3678
f 3842/232/3679 3858/248/3679 3859/249/3679 3843/233/3679
f 3843/233/3680 3859/249/3680 3860/250/3680 3844/234/3680
f 3844/234/3681 3860/250/3681 3861/251/3681 3845/235/3681
f 3845/235/3682 3861/251/3682 3862/252/3682 3846/236/3682
f 3846/236/3683 3862/252/3683 3863/253/3683 3847/237/3683
f 3847/237/3684 3863/253/3684 3864/53/3684 3848/51/3684
f 3582/238/3685 3581/254/3685 3865/255/3685 3849/239/3685
f 3849/239/3686 3865/255/3686 3866/256/3686 3850/240/3686
f 3850/240/3687 3866/256/3687 3867/257/3687 3851/241/3687
f 3851/241/3688 3867/257/3688 3868/258/3688 3852/242/3688
f 3852/242/3689 3868/258/3689 3869/259/3689 3853/243/3689
f 3853/243/3690 3869/259/3690 3870/260/3690 3854/244/3690
f 3854/244/3691 3870/260/3691 3871/261/3691 3855/245/3691
f 3855/245/3692 3871/261/3692 3872/262/3692 3856/246/3692
f 3856/246/3693 3872/262/3693 3873/263/3693 3857/247/3693
f 3857/247/3694 3873/263/3694 3874/264/3694 3858/248/3694
f 3858/248/3695 3874/264/3695 3875/265/3695 3859/249/3695
f 3859/249/3696 3875/265/3696 3876/266/3696 3860/250/3696
f 3860/250/3697 3876/266/3697 3877/267/3697 3861/251/3697
f 3861/251/3698 3877/267/3698 3878/268/3698 3862/252/3698
f 3862/252/3699 3878/268/3699 3879/269/3699 3863/253/3699
f 3863/253/3700 3879/269/3700 3880/55/3700 3864/53/3700
f 3581/254/3701 3580/270/3701 3881/271/3701 3865/255/3701
f 3865/255/3702 3881/271/3702 3882/272/3702 3866/256/3702
f 3866/256/3703 3882/272/3703 3883/273/3703 3867/257/3703
f 3867/257/3704 3883/273/3704 3884/274/3704 3868/258/3704
f 3868/258/3705 3884/274/3705 3885/275/3705 3869/259/3705
f 3869/259/3706 3885/275/3706 3886/276/3706 3870/260/3706
f 3870/260/3707 3886/276/3707 3887/277/3707 3871/261/3707
f 3871/261/3708 3887/277/3708 3888/278/3708 3872/262/3708
f 3872/262/3709 3888/278/3709 3889/279/3709 3873/263/3709
f 3873/263/3710 3889/279/3710 3890/280/3710 3874/264/3710
f 3874/264/3711 3890/280/3711 3891/281/3711 3875/265/3711
f 3875/265/3712 3891/281/3712 3892/282/3712 3876/266/3712
f 3876/266/3713 3892/282/3713 3893/283/3713 3877/267/3713
f 3877/267/3714 3893/283/3714 3894/284/3714 3878/268/3714
f 3878/268/3715 3894/284/3715 3895/285/3715 3879/269/3715
f 3879/269/3716 3895/285/3716 3896/57/3716 3880/55/3716
f 3580/270/3717 3579/286/3717 3897/287/3717 3881/271/3717
f 3881/271/3718 3897/287/3718 3898/288/3718 3882/272/3718
f 3882/272/3719 3898/288/3719 3899/289/3719 3883/273/3719
f 3883/273/3720 3899/289/3720 3900/290/3720 3884/274/3720
f 3884/274/3721 3900/290/3721 3901/291/3721 3885/275/3721
f 3885/275/3722 3901/291/3722 3902/292/3722 3886/276/3722
f 3886/276/3723 3902/292/3723 3903/293/3723 3887/277/3723
f 3887/277/3724 3903/293/3724 3904/294/3724 3888/278/3724
f 3888/278/3725 3904/294/3725 3905/295/3725 3889/279/3725
f 3889/279/3726 3905/295/3726 3906/296/3726 3890/280/3726
f 3890/280/3727 3906/296/3727 3907/297/3727 3891/281/3727
f 3891/281/3728 3907/297/3728 3908/298/3728 3892/282/3728
f 3892/282/3729 3908/298/3729 3909/299/3729 3893/283/3729
f 3893/283/3730 3909/299/3730 3910/300/3730 3894/284/3730
f 3894/284/3731 3910/300/3731 3911/301/3731 3895/285/3731
f 3895/285/3732 3911/301/3732 3912/59/3732 3896/57/3732
f 3579/286/3733 3578/302/3733 3913/303/3733 3897/287/3733
f 3897/287/3734 3913/303/3734 3914/304/3734 3898/288/3734
f 3898/288/3735 3914/304/3735 3915/305/3735 3899/289/3735
f 3899/289/3736 3915/305/3736 3916/306/3736 3900/290/3736
f 3900/290/3737 3916/306/3737 3917/307/3737 3901/291/3737
f 3901/291/3738 3917/307/3738 3918/308/3738 3902/292/3738
f 3902/292/3739 3918/308/3739 3919/309/3739 3903/293/3739
f 3903/293/3740 3919/309/3740 3920/310/3740 3904/294/3740
f 3904/294/3741 3920/310/3741 3921/311/3741 3905/295/3741
f 3905/295/3742 3921/311/3742 3922/312/3742 3906/296/3742
f 3906/296/3743 3922/312/3743 3923/313/3743 3907/297/3743
f 3907/297/3744 3923/313/3744 3924/314/3744 3908/298/3744
f 3908/298/3745 3924/314/3745 3925/315/3745 3909/299/3745
f 3909/299/3746 3925/315/3746 3926/316/3746 3910/300/3746
f 3910/300/3747 3926/316/3747 3927/317/3747 3911/301/3747
f 3911/301/3748 3927/317/3748 3928/61/3748 3912/59/3748
f 3578/302/3749 3577/318/3749 3929/319/3749 3913/303/3749
f 3913/303/3750 3929/319/3750 3930/320/3750 3914/304/3750
f 3914/304/3751 3930/320/3751 3931/321/3751 3915/305/3751
f 3915/305/3752 3931/321/3752 3932/322/3752 3916/306/3752
f 3916/306/3753 3932/322/3753 3933/323/3753 3917/307/3753
f 3917/307/3754 3933/323/3754 3934/324/3754 3918/308/3754
f 3918/308/3755 3934/324/3755 3935/325/3755 3919/309/3755
f 3919/309/3756 3935/325/3756 3936/326/3756 3920/310/3756
f 3920/310/3757 3936/326/3757 3937/327/3757 3921/311/3757
f 3921/311/3758 3937/327/3758 3938/328/3758 3922/312/3758
f 3922/312/3759 3938/328/3759 3939/329/3759 3923/313/3759
f 3923/313/3760 3939/329/3760 3940/330/3760 3924/314/3760
f 3924/314/3761 3940/330/3761 3941/331/3761 3925/315/3761
f 3925/315/3762 3941/331/3762 3942/332/3762 3926/316/3762
f 3926/316/3763 3942/332/3763 3943/333/3763 3927/317/3763
f 3927/317/3764 3943/333/3764 3944/30/3764 3928/61/3764
f 3577/318/3765 3492/2/3765 3544/334/3765 3929/319/3765
f 3929/319/3766 3544/334/3766 3543/335/3766 3930/320/3766
f 3930/320/3767 3543/335/3767 3542/336/3767 3931/321/3767
f 3931/321/3768 3542/336/3768 3541/337/3768 3932/322/3768
f 3932/322/3769 3541/337/3769 3540/338/3769 3933/323/3769
f 3933/323/3770 3540/338/3770 3539/339/3770 3934/324/3770
f 3934/324/3771 3539/339/3771 3538/340/3771 3935/325/3771
f 3935/325/3772 3538/340/3772 3537/341/3772 3936/326/3772
f 3936/326/3773 3537/341/3773 3536/342/3773 3937/327/3773
f 3937/327/3774 3536/342/3774 3535/343/3774 3938/328/3774
f 3938/328/3775 3535/343/3775 3534/344/3775 3939/329/3775
f 3939/329/3776 3534/344/3776 3533/345/3776 3940/330/3776
f 3940/330/3777 3533/345/3777 3532/346/3777 3941/331/3777
f 3941/331/3778 3532/346/3778 3531/347/3778 3942/332/3778
f 3942/332/3779 3531/347/3779 3530/348/3779 3943/333/3779
f 3943/333/3780 3530/348/3780 3529/31/3780 3944/30/3780
f 3512/349/3781 3960/350/3781 3657/351/3781 3489/14/3781
f 3960/350/3782 3976/352/3782 3658/353/3782 3657/351/3782
f 3976/352/3783 3992/354/3783 3659/355/3783 3658/353/3783
f 3992/354/3784 4008/356/3784 3660/357/3784 3659/355/3784
f 4008/356/3785 4024/358/3785 3661/359/3785 3660/357/3785
f 4024/358/3786 4040/360/3786 3662/361/3786 3661/359/3786
f 4040/360/3787 4056/362/3787 3663/363/3787 3662/361/3787
f 4056/362/3788 4072/364/3788 3664/365/3788 3663/363/3788
f 4072/364/3789 4088/366/3789 3665/367/3789 3664/365/3789
f 4088/366/3790 4104/368/3790 3666/369/3790 3665/367/3790
f 4104/368/3791 4120/370/3791 3667/371/3791 3666/369/3791
f 4120/370/3792 4136/372/3792 3668/373/3792 3667/371/3792
f 4136/372/3793 4152/374/3793 3669/375/3793 3668/373/3793
f 4152/374/3794 4168/376/3794 3670/377/3794 3669/375/3794
f 4168/376/3795 4184/378/3795 3671/379/3795 3670/377/3795
f 4184/378/3796 4200/27/3796 3672/29/3796 3671/379/3796
f 3491/12/3797 3576/380/3797 3945/381/3797 3497/382/3797
f 3497/382/3798 3945/381/3798 3946/383/3798 3498/384/3798
f 3498/384/3799 3946/383/3799 3947/385/3799 3499/386/3799
f 3499/386/3800 3947/385/3800 3948/387/3800 3500/388/3800
f 3500/388/3801 3948/387/3801 3949/389/3801 3501/390/3801
f 3501/390/3802 3949/389/3802 3950/391/3802 3502/392/3802
f 3502/392/3803 3950/391/3803 3951/393/3803 3503/394/3803
f 3503/394/3804 3951/393/3804 3952/395/3804 3504/396/3804
f 3504/396/3805 3952/395/3805 3953/397/3805 3505/398/3805
f 3505/398/3806 3953/397/3806 3954/399/3806 3506/400/3806
f 3506/400/3807 3954/399/3807 3955/401/3807 3507/402/3807
f 3507/402/3808 3955/401/3808 3956/403/3808 3508/404/3808
f 3508/404/3809 3956/403/3809 3957/405/3809 3509/406/3809
f 3509/406/3810 3957/405/3810 3958/407/3810 3510/408/3810
f 3510/408/3811 3958/407/3811 3959/409/3811 3511/410/3811
f 3511/410/3812 3959/409/3812 3960/350/3812 3512/349/3812
f 3576/380/3813 3575/411/3813 3961/412/3813 3945/381/3813
f 3945/381/3814 3961/412/3814 3962/413/3814 3946/383/3814
f 3946/383/3815 3962/413/3815 3963/414/3815 3947/385/3815
f 3947/385/3816 3963/414/3816 3964/415/3816 3948/387/3816
f 3948/387/3817 3964/415/3817 3965/416/3817 3949/389/3817
f 3949/389/3818 3965/416/3818 3966/417/3818 3950/391/3818
f 3950/391/3819 3966/417/3819 3967/418/3819 3951/393/3819
f 3951/393/3820 3967/418/3820 3968/419/3820 3952/395/3820
f 3952/395/3821 3968/419/3821 3969/420/3821 3953/397/3821
f 3953/397/3822 3969/420/3822 3970/421/3822 3954/399/3822
f 3954/399/3823 3970/421/3823 3971/422/3823 3955/401/3823
f 3955/401/3824 3971/422/3824 3972/423/3824 3956/403/3824
f 3956/403/3825 3972/423/3825 3973/424/3825 3957/405/3825
f 3957/405/3826 3973/424/3826 3974/425/3826 3958/407/3826
f 3958/407/3827 3974/425/3827 3975/426/3827 3959/409/3827
f 3959/409/3828 3975/426/3828 3976/352/3828 3960/350/3828
f 3575/411/3829 3574/427/3829 3977/428/3829 3961/412/3829
f 3961/412/3830 3977/428/3830 3978/429/3830 3962/413/3830
f 3962/413/3831 3978/429/3831 3979/430/3831 3963/414/3831
f 3963/414/3832 3979/430/3832 3980/431/3832 3964/415/3832
f 3964/415/3833 3980/431/3833 3981/432/3833 3965/416/3833
f 3965/416/3834 3981/432/3834 3982/433/3834 3966/417/3834
f 3966/417/3835 3982/433/3835 3983/434/3835 3967/418/3835
f 3967/418/3836 3983/434/3836 3984/435/3836 3968/419/3836
f 3968/419/3837 3984/435/3837 3985/436/3837 3969/420/3837
f 3969/420/3838 3985/436/3838 3986/437/3838 3970/421/3838
f 3970/421/3839 3986/437/3839 3987/438/3839 3971/422/3839
f 3971/422/3840 3987/438/3840 3988/439/3840 3972/423/3840
f 3972/423/3841 3988/439/3841 3989/440/3841 3973/424/3841
f 3973/424/3842 3989/440/3842 3990/441/3842 3974/425/3842
f 3974/425/3843 3990/441/3843 3991/442/3843 3975/426/3843
f 3975/426/3844 3991/442/3844 3992/354/3844 3976/352/3844
f 3574/427/3845 3573/443/3845 3993/444/3845 3977/428/3845
f 3977/428/3846 3993/444/3846 3994/445/3846 3978/429/3846
f 3978/429/3847 3994/445/3847 3995/446/3847 3979/430/3847
f 3979/430/3848 3995/446/3848 3996/447/3848 3980/431/3848
f 3980/431/3849 3996/447/3849 3997/448/3849 3981/432/3849
f 3981/432/3850 3997/448/3850 3998/449/3850 3982/433/3850
f 3982/433/3851 3998/449/3851 3999/450/3851 3983/434/3851
f 3983/434/3852 3999/450/3852 4000/451/3852 3984/435/3852
f 3984/435/3853 4000/451/3853 4001/452/3853 3985/436/3853
f 3985/436/3854 4001/452/3854 4002/453/3854 3986/437/3854
f 3986/437/3855 4002/453/3855 4003/454/3855 3987/438/3855
f 3987/438/3856 4003/454/3856 4004/455/3856 3988/439/3856
f 3988/439/3857 4004/455/3857 4005/456/3857 3989/440/3857
f 3989/440/3858 4005/456/3858 4006/457/3858 3990/441/3858
f 3990/441/3859 4006/457/3859 4007/458/3859 3991/442/3859
f 3991/442/3860 4007/458/3860 4008/356/3860 3992/354/3860
f 3573/443/3861 3572/459/3861 4009/460/3861 3993/444/3861
f 3993/444/3862 4009/460/3862 4010/461/3862 3994/445/3862
f 3994/445/3863 4010/461/3863 4011/462/3863 3995/446/3863
f 3995/446/3864 4011/462/3864 4012/463/3864 3996/447/3864
f 3996/447/3865 4012/463/3865 4013/464/3865 3997/448/3865
f 3997/448/3866 4013/464/3866 4014/465/3866 3998/449/3866
f 3998/449/3867 4014/465/3867 4015/466/3867 3999/450/3867
f 3999/450/3868 4015/466/3868 4016/467/3868 4000/451/3868
f 4000/451/3869 4016/467/3869 4017/468/3869 4001/452/3869
f 4001/452/3870 4017/468/3870 4018/469/3870 4002/453/3870
f 4002/453/3871 4018/469/3871 4019/470/3871 4003/454/3871
f 4003/454/3872 4019/470/3872 4020/471/3872 4004/455/3872
f 4004/455/3873 4020/471/3873 4021/472/3873 4005/456/3873
f 4005/456/3874 4021/472/3874 4022/473/3874 4006/457/3874
f 4006/457/3875 4022/473/3875 4023/474/3875 4007/458/3875
f 4007/458/3876 4023/474/3876 4024/358/3876 4008/356/3876
f 3572/459/3877 3571/475/3877 4025/476/3877 4009/460/3877
f 4009/460/3878 4025/476/3878 4026/477/3878 4010/461/3878
f 4010/461/3879 4026/477/3879 4027/478/3879 4011/462/3879
f 4011/462/3880 4027/478/3880 4028/479/3880 4012/463/3880
f 4012/463/3881 4028/479/3881 4029/480/3881 4013/464/3881
f 4013/464/3882 4029/480/3882 4030/481/3882 4014/465/3882
f 4014/465/3883 4030/481/3883 4031/482/3883 4015/466/3883
f 4015/466/3884 4031/482/3884 4032/483/3884 4016/467/3884
f 4016/467/3885 4032/483/3885 4033/484/3885 4017/468/3885
f 4017/468/3886 4033/484/3886 4034/485/3886 4018/469/3886
f 4018/469/3887 4034/485/3887 4035/486/3887 4019/470/3887
f 4019/470/3888 4035/486/3888 4036/487/3888 4020/471/3888
f 4020/471/3889 4036/487/3889 4037/488/3889 4021/472/3889
f 4021/472/3890 4037/488/3890 4038/489/3890 4022/473/3890
f 4022/473/3891 4038/489/3891 4039/490/3891 4023/474/3891
f 4023/474/3892 4039/490/3892 4040/360/3892 4024/358/3892
f 3571/475/3893 3570/491/3893 4041/492/3893 4025/476/3893
f 4025/476/3894 4041/492/3894 4042/493/3894 4026/477/3894
f 4026/477/3895 4042/493/3895 4043/494/3895 4027/478/3895
f 4027/478/3896 4043/494/3896 4044/495/3896 4028/479/3896
f 4028/479/3897 4044/495/3897 4045/496/3897 4029/480/3897
f 4029/480/3898 4045/496/3898 4046/497/3898 4030/481/3898
f 4030/481/3899 4046/497/3899 4047/498/3899 4031/482/3899
f 4031/482/3900 4047/498/3900 4048/499/3900 4032/483/3900
f 4032/483/3901 4048/499/3901 4049/500/3901 4033/484/3901
f 4033/484/3902 4049/500/3902 4050/501/3902 4034/485/3902
f 4034/485/3903 4050/501/3903 4051/502/3903 4035/486/3903
f 4035/486/3904 4051/502/3904 4052/503/3904 4036/487/3904
f 4036/487/3905 4052/503/3905 4053/504/3905 4037/488/3905
f 4037/488/3906 4053/504/3906 4054/505/3906 4038/489/3906
f 4038/489/3907 4054/505/3907 4055/506/3907 4039/490/3907
f 4039/490/3908 4055/506/3908 4056/362/3908 4040/360/3908
f 3570/491/3909 3569/507/3909 4057/508/3909 4041/492/3909
f 4041/492/3910 4057/508/3910 4058/509/3910 4042/493/3910
f 4042/493/3911 4058/509/3911 4059/510/3911 4043/494/3911
f 4043/494/3912 4059/510/3912 4060/511/3912 4044/495/3912
f 4044/495/3913 4060/511/3913 4061/512/3913 4045/496/3913
f 4045/496/3914 4061/512/3914 4062/513/3914 4046/497/3914
f 4046/497/3915 4062/513/3915 4063/514/3915 4047/498/3915
f 4047/498/3916 4063/514/3916 4064/515/3916 4048/499/3916
f 4048/499/3917 4064/515/3917 4065/516/3917 4049/500/3917
f 4049/500/3918 4065/516/3918 4066/517/3918 4050/501/3918
f 4050/501/3919 4066/517/3919 4067/518/3919 4051/502/3919
f 4051/502/3920 4067/518/3920 4068/519/3920 4052/503/3920
f 4052/503/3921 4068/519/3921 4069/520/3921 4053/504/3921
f 4053/504/3922 4069/520/3922 4070/521/3922 4054/505/3922
f 4054/505/3923 4070/521/3923 4071/522/3923 4055/506/3923
f 4055/506/3924 4071/522/3924 4072/364/3924 4056/362/3924
f 3569/507/3925 3568/523/3925 4073/524/3925 4057/508/3925
f 4057/508/3926 4073/524/3926 4074/525/3926 4058/509/3926
f 4058/509/3927 4074/525/3927 4075/526/3927 4059/510/3927
f 4059/510/3928 4075/526/3928 4076/527/3928 4060/511/3928
f 4060/511/3929 4076/527/3929 4077/528/3929 4061/512/3929
f 4061/512/3930 4077/528/3930 4078/529/3930 4062/513/3930
f 4062/513/3931 4078/529/3931 4079/530/3931 4063/514/3931
f 4063/514/3932 4079/530/3932 4080/531/3932 4064/515/3932
f 4064/515/3933 4080/531/3933 4081/532/3933 4065/516/3933
f 4065/516/3934 4081/532/3934 4082/533/3934 4066/517/3934
f 4066/517/3935 4082/533/3935 4083/534/3935 4067/518/3935
f 4067/518/3936 4083/534/3936 4084/535/3936 4068/519/3936
f 4068/519/3937 4084/535/3937 4085/536/3937 4069/520/3937
f 4069/520/3938 4085/536/3938 4086/537/3938 4070/521/3938
f 4070/521/3939 4086/537/3939 4087/538/3939 4071/522/3939
f 4071/522/3940 4087/538/3940 4088/366/3940 4072/364/3940
f 3568/523/3941 3567/539/3941 4089/540/3941 4073/524/3941
f 4073/524/3942 4089/540/3942 4090/541/3942 4074/525/3942
f 4074/525/3943 4090/541/3943 4091/542/3943 4075/526/3943
f 4075/526/3944 4091/542/3944 4092/543/3944 4076/527/3944
f 4076/527/3945 4092/543/3945 4093/544/3945 4077/528/3945
f 4077/528/3946 4093/544/3946 4094/545/3946 4078/529/3946
f 4078/529/3947 4094/545/3947 4095/546/3947 4079/530/3947
f 4079/530/3948 4095/546/3948 4096/547/3948 4080/531/3948
f 4080/531/3949 4096/547/3949 4097/548/3949 4081/532/3949
f 4081/532/3950 4097/548/3950 4098/549/3950 4082/533/3950
f 4082/533/3951 4098/549/3951 4099/550/3951 4083/534/3951
f 4083/534/3952 4099/550/3952 4100/551/3952 4084/535/3952
f 4084/535/3953 4100/551/3953 4101/552/3953 4085/536/3953
f 4085/536/3954 4101/552/3954 4102/553/3954 4086/537/3954
f 4086/537/3955 4102/553/3955 4103/554/3955 4087/538/3955
f 4087/538/3956 4103/554/3956 4104/368/3956 4088/366/3956
f 3567/539/3957 3566/555/3957 4105/556/3957 4089/540/3957
f 4089/540/3958 4105/556/3958 4106/557/3958 4090/541/3958
f 4090/541/3959 4106/557/3959 4107/558/3959 4091/542/3959
f 4091/542/3960 4107/558/3960 4108/559/3960 4092/543/3960
f 4092/543/3961 4108/559/3961 4109/560/3961 4093/544/3961
f 4093/544/3962 4109/560/3962 4110/561/3962 4094/545/3962
f 4094/545/3963 4110/561/3963 4111/562/3963 4095/546/3963
f 4095/546/3964 4111/562/3964 4112/563/3964 4096/547/3964
f 4096/547/3965 4112/563/3965 4113/564/3965 4097/548/3965
f 4097/548/3966 4113/564/3966 4114/565/3966 4098/549/3966
f 4098/549/3967 4114/565/3967 4115/566/3967 4099/550/3967
f 4099/550/3968 4115/566/3968 4116/567/3968 4100/551/3968
f 4100/551/3969 4116/567/3969 4117/568/3969 4101/552/3969
f 4101/552/3970 4117/568/3970 4118/569/3970 4102/553/3970
f 4102/553/3971 4118/569/3971 4119/570/3971 4103/554/3971
f 4103/554/3972 4119/570/3972 4120/370/3972 4104/368/3972
f 3566/555/3973 3565/571/3973 4121/572/3973 4105/556/3973
f 4105/556/3974 4121/572/3974 4122/573/3974 4106/557/3974
f 4106/557/3975 4122/573/3975 4123/574/3975 4107/558/3975
f 4107/558/3976 4123/574/3976 4124/575/3976 4108/559/3976
f 4108/559/3977 4124/575/3977 4125/576/3977 4109/560/3977
f 4109/560/3978 4125/576/3978 4126/577/3978 4110/561/3978
f 4110/561/3979 4126/577/3979 4127/578/3979 4111/562/3979
f 4111/562/3980 4127/578/3980 4128/579/3980 4112/563/3980
f 4112/563/3981 4128/579/3981 4129/580/3981 4113/564/3981
f 4113/564/3982 4129/580/3982 4130/581/3982 4114/565/3982
f 4114/565/3983 4130/581/3983 4131/582/3983 4115/566/3983
f 4115/566/3984 4131/582/3984 4132/583/3984 4116/567/3984
f 4116/567/3985 4132/583/3985 4133/584/3985 4117/568/3985
f 4117/568/3986 4133/584/3986 4134/585/3986 4118/569/3986
f 4118/569/3987 4134/585/3987 4135/586/3987 4119/570/3987
f 4119/570/3988 4135/586/3988 4136/372/3988 4120/370/3988
f 3565/571/3989 3564/587/3989 4137/588/3989 4121/572/3989
f 4121/572/3990 4137/588/3990 4138/589/3990 4122/573/3990
f 4122/573/3991 4138/589/3991 4139/590/3991 4123/574/3991
f 4123/574/3992 4139/590/3992 4140/591/3992 4124/575/3992
f 4124/575/3993 4140/591/3993 4141/592/3993 4125/576/3993
f 4125/576/3994 4141/592/3994 4142/593/3994 4126/577/3994
f 4126/577/3995 4142/593/3995 4143/594/3995 4127/578/3995
f 4127/578/3996 4143/594/3996 4144/595/3996 4128/579/3996
f 4128/579/3997 4144/595/3997 4145/596/3997 4129/580/3997
f 4129/580/3998 4145/596/3998 4146/597/3998 4130/581/3998
f 4130/581/3999 4146/597/3999 4147/598/3999 4131/582/3999
f 4131/582/4000 4147/598/4000 4148/599/4000 4132/583/4000
f 4132/583/4001 4148/599/4001 4149/600/4001 4133/584/4001
f 4133/584/4002 4149/600/4002 4150/601/4002 4134/585/4002
f 4134/585/4003 4150/601/4003 4151/602/4003 4135/586/4003
f 4135/586/4004 4151/602/4004 4152/374/4004 4136/372/4004
f 3564/587/4005 3563/603/4005 4153/604/4005 4137/588/4005
f 4137/588/4006 4153/604/4006 4154/605/4006 4138/589/4006
f 4138/589/4007 4154/605/4007 4155/606/4007 4139/590/4007
f 4139/590/4008 4155/606/4008 4156/607/4008 4140/591/4008
f 4140/591/4009 4156/607/4009 4157/608/4009 4141/592/4009
f 4141/592/4010 4157/608/4010 4158/609/4010 4142/593/4010
f 4142/593/4011 4158/609/4011 4159/610/4011 4143/594/4011
f 4143/594/4012 4159/610/4012 4160/611/4012 4144/595/4012
f 4144/595/4013 4160/611/4013 4161/612/4013 4145/596/4013
f 4145/596/4014 4161/612/4014 4162/613/4014 4146/597/4014
f 4146/597/4015 4162/613/4015 4163/614/4015 4147/598/4015
f 4147/598/4016 4163/614/4016 4164/615/4016 4148/599/4016
f 4148/599/4017 4164/615/4017 4165/616/4017 4149/600/4017
f 4149/600/4018 4165/616/4018 4166/617/4018 4150/601/4018
f 4150/601/4019 4166/617/4019 4167/618/4019 4151/602/4019
f 4151/602/4020 4167/618/4020 4168/376/4020 4152/374/4020
f 3563/603/4021 3562/619/4021 4169/620/4021 4153/604/4021
f 4153/604/4022 4169/620/4022 4170/621/4022 4154/605/4022
f 4154/605/4023 4170/621/4023 4171/622/4023 4155/606/4023
f 4155/606/4024 4171/622/4024 4172/623/4024 4156/607/4024
f 4156/607/4025 4172/623/4025 4173/624/4025 4157/608/4025
f 4157/608/4026 4173/624/4026 4174/625/4026 4158/609/4026
f 4158/609/4027 4174/625/4027 4175/626/4027 4159/610/4027
f 4159/610/4028 4175/626/4028 4176/627/4028 4160/611/4028
f 4160/611/4029 4176/627/4029 4177/628/4029 4161/612/4029
f 4161/612/4030 4177/628/4030 4178/629/4030 4162/613/4030
f 4162/613/4031 4178/629/4031 4179/630/4031 4163/614/4031
f 4163/614/4032 4179/630/4032 4180/631/4032 4164/615/4032
f 4164/615/4033 4180/631/4033 4181/632/4033 4165/616/4033
f 4165/616/4034 4181/632/4034 4182/633/4034 4166/617/4034
f 4166/617/4035 4182/633/4035 4183/634/4035 4167/618/4035
f 4167/618/4036 4183/634/4036 4184/378/4036 4168/376/4036
f 3562/619/4037 3561/635/4037 4185/636/4037 4169/620/4037
f 4169/620/4038 4185/636/4038 4186/637/4038 4170/621/4038
f 4170/621/4039 4186/637/4039 4187/638/4039 4171/622/4039
f 4171/622/4040 4187/638/4040 4188/639/4040 4172/623/4040
f 4172/623/4041 4188/639/4041 4189/640/4041 4173/624/4041
f 4173/624/4042 4189/640/4042 4190/641/4042 4174/625/4042
f 4174/625/4043 4190/641/4043 4191/642/4043 4175/626/4043
f 4175/626/4044 4191/642/4044 4192/643/4044 4176/627/4044
f 4176/627/4045 4192/643/4045 4193/644/4045 4177/628/4045
f 4177/628/4046 4193/644/4046 4194/645/4046 4178/629/4046
f 4178/629/4047 4194/645/4047 4195/646/4047 4179/630/4047
f 4179/630/4048 4195/646/4048 4196/647/4048 4180/631/4048
f 4180/631/4049 4196/647/4049 4197/648/4049 4181/632/4049
f 4181/632/4050 4197/648/4050 4198/649/4050 4182/633/4050
f 4182/633/4051 4198/649/4051 4199/650/4051 4183/634/4051
f 4183/634/4052 4199/650/4052 4200/27/4052 4184/378/4052
f 3561/635/4053 3495/13/4053 3624/651/4053 4185/636/4053
f 4185/636/4054 3624/651/4054 3623/652/4054 4186/637/4054
f 4186/637/4055 3623/652/4055 3622/653/4055 4187/638/4055
f 4187/638/4056 3622/653/4056 3621/654/4056 4188/639/4056
f 4188/639/4057 3621/654/4057 3620/655/4057 4189/640/4057
f 4189/640/4058 3620/655/4058 3619/656/4058 4190/641/4058
f 4190/641/4059 3619/656/4059 3618/657/4059 4191/642/4059
f 4191/642/4060 3618/657/4060 3617/658/4060 4192/643/4060
f 4192/643/4061 3617/658/4061 3616/659/4061 4193/644/4061
f 4193/644/4062 3616/659/4062 3615/660/4062 4194/645/4062
f 4194/645/4063 3615/660/4063 3614/661/4063 4195/646/4063
f 4195/646/4064 3614/661/4064 3613/662/4064 4196/647/4064
f 4196/647/4065 3613/662/4065 3612/663/4065 4197/648/4065
f 4197/648/4066 3612/663/4066 3611/664/4066 4198/649/4066
f 4198/649/4067 3611/664/4067 3610/665/4067 4199/650/4067
f 4199/650/4068 3610/665/4068 3609/28/4068 4200/27/4068
f 3657/666/4069 4216/667/4069 3513/668/4069 3489/7/4069
f 4216/667/4070 4232/669/4070 3514/670/4070 3513/668/4070
f 4232/669/4071 4248/671/4071 3515/672/4071 3514/670/4071
f 4248/671/4072 4264/673/4072 3516/674/4072 3515/672/4072
f 4264/673/4073 4280/675/4073 3517/676/4073 3516/674/4073
f 4280/675/4074 4296/677/4074 3518/678/4074 3517/676/4074
f 4296/677/4075 4312/679/4075 3519/680/4075 3518/678/4075
f 4312/679/4076 4328/681/4076 3520/682/4076 3519/680/4076
f 4328/681/4077 4344/683/4077 3521/684/4077 3520/682/4077
f 4344/683/4078 4360/685/4078 3522/686/4078 3521/684/4078
f 4360/685/4079 4376/687/4079 3523/688/4079 3522/686/4079
f 4376/687/4080 4392/689/4080 3524/690/4080 3523/688/4080
f 4392/689/4081 4408/691/4081 3525/692/4081 3524/690/4081
f 4408/691/4082 4424/693/4082 3526/694/4082 3525/692/4082
f 4424/693/4083 4440/695/4083 3527/696/4083 3526/694/4083
f 4440/695/4084 4456/24/4084 3528/26/4084 3527/696/4084
f 3493/5/4085 3656/697/4085 4201/698/4085 3672/699/4085
f 3672/699/4086 4201/698/4086 4202/700/4086 3671/701/4086
f 3671/701/4087 4202/700/4087 4203/702/4087 3670/703/4087
f 3670/703/4088 4203/702/4088 4204/704/4088 3669/705/4088
f 3669/705/4089 4204/704/4089 4205/706/4089 3668/707/4089
f 3668/707/4090 4205/706/4090 4206/708/4090 3667/709/4090
f 3667/709/4091 4206/708/4091 4207/710/4091 3666/711/4091
f 3666/711/4092 4207/710/4092 4208/712/4092 3665/713/4092
f 3665/713/4093 4208/712/4093 4209/714/4093 3664/715/4093
f 3664/715/4094 4209/714/4094 4210/716/4094 3663/717/4094
f 3663/717/4095 4210/716/4095 4211/718/4095 3662/719/4095
f 3662/719/4096 4211/718/4096 4212/720/4096 3661/721/4096
f 3661/721/4097 4212/720/4097 4213/722/4097 3660/723/4097
f 3660/723/4098 4213/722/4098 4214/724/4098 3659/725/4098
f 3659/725/4099 4214/724/4099 4215/726/4099 3658/727/4099
f 3658/727/4100 4215/726/4100 4216/667/4100 3657/666/4100
f 3656/697/4101 3655/728/4101 4217/729/4101 4201/698/4101
f 4201/698/4102 4217/729/4102 4218/730/4102 4202/700/4102
f 4202/700/4103 4218/730/4103 4219/731/4103 4203/702/4103
f 4203/702/4104 4219/731/4104 4220/732/4104 4204/704/4104
f 4204/704/4105 4220/732/4105 4221/733/4105 4205/706/4105
f 4205/706/4106 4221/733/4106 4222/734/4106 4206/708/4106
f 4206/708/4107 4222/734/4107 4223/735/4107 4207/710/4107
f 4207/710/4108 4223/735/4108 4224/736/4108 4208/712/4108
f 4208/712/4109 4224/736/4109 4225/737/4109 4209/714/4109
f 4209/714/4110 4225/737/4110 4226/738/4110 4210/716/4110
f 4210/716/4111 4226/738/4111 4227/739/4111 4211/718/4111
f 4211/718/4112 4227/739/4112 4228/740/4112 4212/720/4112
f 4212/720/4113 4228/740/4113 4229/741/4113 4213/722/4113
f 4213/722/4114 4229/741/4114 4230/742/4114 4214/724/4114
f 4214/724/4115 4230/742/4115 4231/743/4115 4215/726/4115
f 4215/726/4116 4231/743/4116 4232/669/4116 4216/667/4116
f 3655/728/4117 3654/744/4117 4233/745/4117 4217/729/4117
f 4217/729/4118 4233/745/4118 4234/746/4118 4218/730/4118
f 4218/730/4119 4234/746/4119 4235/747/4119 4219/731/4119
f 4219/731/4120 4235/747/4120 4236/748/4120 4220/732/4120
f 4220/732/4121 4236/748/4121 4237/749/4121 4221/733/4121
f 4221/733/4122 4237/749/4122 4238/750/4122 4222/734/4122
f 4222/734/4123 4238/750/4123 4239/751/4123 4223/735/4123
f 4223/735/4124 4239/751/4124 4240/752/4124 4224/736/4124
f 4224/736/4125 4240/752/4125 4241/753/4125 4225/737/4125
f 4225/737/4126 4241/753/4126 4242/754/4126 4226/738/4126
f 4226/738/4127 4242/754/4127 4243/755/4127 4227/739/4127
f 4227/739/4128 4243/755/4128 4244/756/4128 4228/740/4128
f 4228/740/4129 4244/756/4129 4245/757/4129 4229/741/4129
f 4229/741/4130 4245/757/4130 4246/758/4130 4230/742/4130
f 4230/742/4131 4246/758/4131 4247/759/4131 4231/743/4131
f 4231/743/4132 4247/759/4132 4248/671/4132 4232/669/4132
f 3654/744/4133 3653/760/4133 4249/761/4133 4233/745/4133
f 4233/745/4134 4249/761/4134 4250/762/4134 4234/746/4134
f 4234/746/4135 4250/762/4135 4251/763/4135 4235/747/4135
f 4235/747/4136 4251/763/4136 4252/764/4136 4236/748/4136
f 4236/748/4137 4252/764/4137 4253/765/4137 4237/749/4137
f 4237/749/4138 4253/765/4138 4254/766/4138 4238/750/4138
f 4238/750/4139 4254/766/4139 4255/767/4139 4239/751/4139
f 4239/751/4140 4255/767/4140 4256/768/4140 4240/752/4140
f 4240/752/4141 4256/768/4141 4257/769/4141 4241/753/4141
f 4241/753/4142 4257/769/4142 4258/770/4142 4242/754/4142
f 4242/754/4143 4258/770/4143 4259/771/4143 4243/755/4143
f 4243/755/4144 4259/771/4144 4260/772/4144 4244/756/4144
f 4244/756/4145 4260/772/4145 4261/773/4145 4245/757/4145
f 4245/757/4146 4261/773/4146 4262/774/4146 4246/758/4146
f 4246/758/4147 4262/774/4147 4263/775/4147 4247/759/4147
f 4247/759/4148 4263/775/4148 4264/673/4148 4248/671/4148
f 3653/760/4149 3652/776/4149 4265/777/4149 4249/761/4149
f 4249/761/4150 4265/777/4150 4266/778/4150 4250/762/4150
f 4250/762/4151 4266/778/4151 4267/779/4151 4251/763/4151
f 4251/763/4152 4267/779/4152 4268/780/4152 4252/764/4152
f 4252/764/4153 4268/780/4153 4269/781/4153 4253/765/4153
f 4253/765/4154 4269/781/4154 4270/782/4154 4254/766/4154
f 4254/766/4155 4270/782/4155 4271/783/4155 4255/767/4155
f 4255/767/4156 4271/783/4156 4272/784/4156 4256/768/4156
f 4256/768/4157 4272/784/4157 4273/785/4157 4257/769/4157
f 4257/769/4158 4273/785/4158 4274/786/4158 4258/770/4158
f 4258/770/4159 4274/786/4159 4275/787/4159 4259/771/4159
f 4259/771/4160 4275/787/4160 4276/788/4160 4260/772/4160
f 4260/772/4161 4276/788/4161 4277/789/4161 4261/773/4161
f 4261/773/4162 4277/789/4162 4278/790/4162 4262/774/4162
f 4262/774/4163 4278/790/4163 4279/791/4163 4263/775/4163
f 4263/775/4164 4279/791/4164 4280/675/4164 4264/673/4164
f 3652/776/4165 3651/792/4165 4281/793/4165 4265/777/4165
f 4265/777/4166 4281/793/4166 4282/794/4166 4266/778/4166
f 4266/778/4167 4282/794/4167 4283/795/4167 4267/779/4167
f 4267/779/4168 4283/795/4168 4284/796/4168 4268/780/4168
f 4268/780/4169 4284/796/4169 4285/797/4169 4269/781/4169
f 4269/781/4170 4285/797/4170 4286/798/4170 4270/782/4170
f 4270/782/4171 4286/798/4171 4287/799/4171 4271/783/4171
f 4271/783/4172 4287/799/4172 4288/800/4172 4272/784/4172
f 4272/784/4173 4288/800/4173 4289/801/4173 4273/785/4173
f 4273/785/4174 4289/801/4174 4290/802/4174 4274/786/4174
f 4274/786/4175 4290/802/4175 4291/803/4175 4275/787/4175
f 4275/787/4176 4291/803/4176 4292/804/4176 4276/788/4176
f 4276/788/4177 4292/804/4177 4293/805/4177 4277/789/4177
f 4277/789/4178 4293/805/4178 4294/806/4178 4278/790/4178
f 4278/790/4179 4294/806/4179 4295/807/4179 4279/791/4179
f 4279/791/4180 4295/807/4180 4296/677/4180 4280/675/4180
f 3651/792/4181 3650/808/4181 4297/809/4181 4281/793/4181
f 4281/793/4182 4297/809/4182 4298/810/4182 4282/794/4182
f 4282/794/4183 4298/810/4183 4299/811/4183 4283/795/4183
f 4283/795/4184 4299/811/4184 4300/812/4184 4284/796/4184
f 4284/796/4185 4300/812/4185 4301/813/4185 4285/797/4185
f 4285/797/4186 4301/813/4186 4302/814/4186 4286/798/4186
f 4286/798/4187 4302/814/4187 4303/815/4187 4287/799/4187
f 4287/799/4188 4303/815/4188 4304/816/4188 4288/800/4188
f 4288/800/4189 4304/816/4189 4305/817/4189 4289/801/4189
f 4289/801/4190 4305/817/4190 4306/818/4190 4290/802/4190
f 4290/802/4191 4306/818/4191 4307/819/4191 4291/803/4191
f 4291/803/4192 4307/819/4192 4308/820/4192 4292/804/4192
f 4292/804/4193 4308/820/4193 4309/821/4193 4293/805/4193
f 4293/805/4194 4309/821/4194 4310/822/4194 4294/806/4194
f 4294/806/4195 4310/822/4195 4311/823/4195 4295/807/4195
f 4295/807/4196 4311/823/4196 4312/679/4196 4296/677/4196
f 3650/808/4197 3649/824/4197 4313/825/4197 4297/809/4197
f 4297/809/4198 4313/825/4198 4314/826/4198 4298/810/4198
f 4298/810/4199 4314/826/4199 4315/827/4199 4299/811/4199
f 4299/811/4200 4315/827/4200 4316/828/4200 4300/812/4200
f 4300/812/4201 4316/828/4201 4317/829/4201 4301/813/4201
f 4301/813/4202 4317/829/4202 4318/830/4202 4302/814/4202
f 4302/814/4203 4318/830/4203 4319/831/4203 4303/815/4203
f 4303/815/4204 4319/831/4204 4320/832/4204 4304/816/4204
f 4304/816/4205 4320/832/4205 4321/833/4205 4305/817/4205
f 4305/817/4206 4321/833/4206 4322/834/4206 4306/818/4206
f 4306/818/4207 4322/834/4207 4323/835/4207 4307/819/4207
f 4307/819/4208 4323/835/4208 4324/836/4208 4308/820/4208
f 4308/820/4209 4324/836/4209 4325/837/4209 4309/821/4209
f 4309/821/4210 4325/837/4210 4326/838/4210 4310/822/4210
f 4310/822/4211 4326/838/4211 4327/839/4211 4311/823/4211
f 4311/823/4212 4327/839/4212 4328/681/4212 4312/679/4212
f 3649/824/4213 3648/840/4213 4329/841/4213 4313/825/4213
f 4313/825/4214 4329/841/4214 4330/842/4214 4314/826/4214
f 4314/826/4215 4330/842/4215 4331/843/4215 4315/827/4215
f 4315/827/4216 4331/843/4216 4332/844/4216 4316/828/4216
f 4316/828/4217 4332/844/4217 4333/845/4217 4317/829/4217
f 4317/829/4218 4333/845/4218 4334/846/4218 4318/830/4218
f 4318/830/4219 4334/846/4219 4335/847/4219 4319/831/4219
f 4319/831/4220 4335/847/4220 4336/848/4220 4320/832/4220
f 4320/832/4221 4336/848/4221 4337/849/4221 4321/833/4221
f 4321/833/4222 4337/849/4222 4338/850/4222 4322/834/4222
f 4322/834/4223 4338/850/4223 4339/851/4223 4323/835/4223
f 4323/835/4224 4339/851/4224 4340/852/4224 4324/836/4224
f 4324/836/4225 4340/852/4225 4341/853/4225 4325/837/4225
f 4325/837/4226 4341/853/4226 4342/854/4226 4326/838/4226
f 4326/838/4227 4342/854/4227 4343/855/4227 4327/839/4227
f 4327/839/4228 4343/855/4228 4344/683/4228 4328/681/4228
f 3648/840/4229 3647/856/4229 4345/857/4229 4329/841/4229
f 4329/841/4230 4345/857/4230 4346/858/4230 4330/842/4230
f 4330/842/4231 4346/858/4231 4347/859/4231 4331/843/4231
f 4331/843/4232 4347/859/4232 4348/860/4232 4332/844/4232
f 4332/844/4233 4348/860/4233 4349/861/4233 4333/845/4233
f 4333/845/4234 4349/861/4234 4350/862/4234 4334/846/4234
f 4334/846/4235 4350/862/4235 4351/863/4235 4335/847/4235
f 4335/847/4236 4351/863/4236 4352/864/4236 4336/848/4236
f 4336/848/4237 4352/864/4237 4353/865/4237 4337/849/4237
f 4337/849/4238 4353/865/4238 4354/866/4238 4338/850/4238
f 4338/850/4239 4354/866/4239 4355/867/4239 4339/851/4239
f 4339/851/4240 4355/867/4240 4356/868/4240 4340/852/4240
f 4340/852/4241 4356/868/4241 4357/869/4241 4341/853/4241
f 4341/853/4242 4357/869/4242 4358/870/4242 4342/854/4242
f 4342/854/4243 4358/870/4243 4359/871/4243 4343/855/4243
f 4343/855/4244 4359/871/4244 4360/685/4244 4344/683/4244
f 3647/856/4245 3646/872/4245 4361/873/4245 4345/857/4245
f 4345/857/4246 4361/873/4246 4362/874/4246 4346/858/4246
f 4346/858/4247 4362/874/4247 4363/875/4247 4347/859/4247
f 4347/859/4248 4363/875/4248 4364/876/4248 4348/860/4248
f 4348/860/4249 4364/876/4249 4365/877/4249 4349/861/4249
f 4349/861/4250 4365/877/4250 4366/878/4250 4350/862/4250
f 4350/862/4251 4366/878/4251 4367/879/4251 4351/863/4251
f 4351/863/4252 4367/879/4252 4368/880/4252 4352/864/4252
f 4352/864/4253 4368/880/4253 4369/881/4253 4353/865/4253
f 4353/865/4254 4369/881/4254 4370/882/4254 4354/866/4254
f 4354/866/4255 4370/882/4255 4371/883/4255 4355/867/4255
f 4355/867/4256 4371/883/4256 4372/884/4256 4356/868/4256
f 4356/868/4257 4372/884/4257 4373/885/4257 4357/869/4257
f 4357/869/4258 4373/885/4258 4374/886/4258 4358/870/4258
f 4358/870/4259 4374/886/4259 4375/887/4259 4359/871/4259
f 4359/871/4260 4375/887/4260 4376/687/4260 4360/685/4260
f 3646/872/4261 3645/888/4261 4377/889/4261 4361/873/4261
f 4361/873/4262 4377/889/4262 4378/890/4262 4362/874/4262
f 4362/874/4263 4378/890/4263 4379/891/4263 4363/875/4263
f 4363/875/4264 4379/891/4264 4380/892/4264 4364/876/4264
f 4364/876/4265 4380/892/4265 4381/893/4265 4365/877/4265
f 4365/877/4266 4381/893/4266 4382/894/4266 4366/878/4266
f 4366/878/4267 4382/894/4267 4383/895/4267 4367/879/4267
f 4367/879/4268 4383/895/4268 4384/896/4268 4368/880/4268
f 4368/880/4269 4384/896/4269 4385/897/4269 4369/881/4269
f 4369/881/4270 4385/897/4270 4386/898/4270 4370/882/4270
f 4370/882/4271 4386/898/4271 4387/899/4271 4371/883/4271
f 4371/883/4272 4387/899/4272 4388/900/4272 4372/884/4272
f 4372/884/4273 4388/900/4273 4389/901/4273 4373/885/4273
f 4373/885/4274 4389/901/4274 4390/902/4274 4374/886/4274
f 4374/886/4275 4390/902/4275 4391/903/4275 4375/887/4275
f 4375/887/4276 4391/903/4276 4392/689/4276 4376/687/4276
f 3645/888/4277 3644/904/4277 4393/905/4277 4377/889/4277
f 4377/889/4278 4393/905/4278 4394/906/4278 4378/890/4278
f 4378/890/4279 4394/906/4279 4395/907/4279 4379/891/4279
f 4379/891/4280 4395/907/4280 4396/908/4280 4380/892/4280
f 4380/892/4281 4396/908/4281 4397/909/4281 4381/893/4281
f 4381/893/4282 4397/909/4282 4398/910/4282 4382/894/4282
f 4382/894/4283 4398/910/4283 4399/911/4283 4383/895/4283
f 4383/895/4284 4399/911/4284 4400/912/4284 4384/896/4284
f 4384/896/4285 4400/912/4285 4401/913/4285 4385/897/4285
f 4385/897/4286 4401/913/4286 4402/914/4286 4386/898/4286
f 4386/898/4287 4402/914/4287 4403/915/4287 4387/899/4287
f 4387/899/4288 4403/915/4288 4404/916/4288 4388/900/4288
f 4388/900/4289 4404/916/4289 4405/917/4289 4389/901/4289
f 4389/901/4290 4405/917/4290 4406/918/4290 4390/902/4290
f 4390/902/4291 4406/918/4291 4407/919/4291 4391/903/4291
f 4391/903/4292 4407/919/4292 4408/691/4292 4392/689/4292
f 3644/904/4293 3643/920/4293 4409/921/4293 4393/905/4293
f 4393/905/4294 4409/921/4294 4410/922/4294 4394/906/4294
f 4394/906/4295 4410/922/4295 4411/923/4295 4395/907/4295
f 4395/907/4296 4411/923/4296 4412/924/4296 4396/908/4296
f 4396/908/4297 4412/924/4297 4413/925/4297 4397/909/4297
f 4397/909/4298 4413/925/4298 4414/926/4298 4398/910/4298
f 4398/910/4299 4414/926/4299 4415/927/4299 4399/911/4299
f 4399/911/4300 4415/927/4300 4416/928/4300 4400/912/4300
f 4400/912/4301 4416/928/4301 4417/929/4301 4401/913/4301
f 4401/913/4302 4417/929/4302 4418/930/4302 4402/914/4302
f 4402/914/4303 4418/930/4303 4419/931/4303 4403/915/4303
f 4403/915/4304 4419/931/4304 4420/932/4304 4404/916/4304
f 4404/916/4305 4420/932/4305 4421/933/4305 4405/917/4305
f 4405/917/4306 4421/933/4306 4422/934/4306 4406/918/4306
f 4406/918/4307 4422/934/4307 4423/935/4307 4407/919/4307
f 4407/919/4308 4423/935/4308 4424/693/4308 4408/691/4308
f 3643/920/4309 3642/936/4309 4425/937/4309 4409/921/4309
f 4409/921/4310 4425/937/4310 4426/938/4310 4410/922/4310
f 4410/922/4311 4426/938/4311 4427/939/4311 4411/923/4311
f 4411/923/4312 4427/939/4312 4428/940/4312 4412/924/4312
f 4412/924/4313 4428/940/4313 4429/941/4313 4413/925/4313
f 4413/925/4314 4429/941/4314 4430/942/4314 4414/926/4314
f 4414/926/4315 4430/942/4315 4431/943/4315 4415/927/4315
f 4415/927/4316 4431/943/4316 4432/944/4316 4416/928/4316
f 4416/928/4317 4432/944/4317 4433/945/4317 4417/929/4317
f 4417/929/4318 4433/945/4318 4434/946/4318 4418/930/4318
f 4418/930/4319 4434/946/4319 4435/947/4319 4419/931/4319
f 4419/931/4320 4435/947/4320 4436/948/4320 4420/932/4320
f 4420/932/4321 4436/948/4321 4437/949/4321 4421/933/4321
f 4421/933/4322 4437/949/4322 4438/950/4322 4422/934/4322
f 4422/934/4323 4438/950/4323 4439/951/4323 4423/935/4323
f 4423/935/4324 4439/951/4324 4440/695/4324 4424/693/4324
f 3642/936/4325 3641/23/4325 4441/952/4325 4425/937/4325
f 4425/937/4326 4441/952/4326 4442/953/4326 4426/938/4326
f 4426/938/4327 4442/953/4327 4443/954/4327 4427/939/4327
f 4427/939/4328 4443/954/4328 4444/955/4328 4428/940/4328
f 4428/940/4329 4444/955/4329 4445/956/4329 4429/941/4329
f 4429/941/4330 4445/956/4330 4446/957/4330 4430/942/4330
f 4430/942/4331 4446/957/4331 4447/958/4331 4431/943/4331
f 4431/943/4332 4447/958/4332 4448/959/4332 4432/944/4332
f 4432/944/4333 4448/959/4333 4449/960/4333 4433/945/4333
f 4433/945/4334 4449/960/4334 4450/961/4334 4434/946/4334
f 4434/946/4335 4450/961/4335 4451/962/4335 4435/947/4335
f 4435/947/4336 4451/962/4336 4452/963/4336 4436/948/4336
f 4436/948/4337 4452/963/4337 4453/964/4337 4437/949/4337
f 4437/949/4338 4453/964/4338 4454/965/4338 4438/950/4338
f 4438/950/4339 4454/965/4339 4455/966/4339 4439/951/4339
f 4439/951/4340 4455/966/4340 4456/24/4340 4440/695/4340
f 3641/23/4341 3494/4/4341 3673/967/4341 4441/952/4341
f 4441/952/4342 3673/967/4342 3674/968/4342 4442/953/4342
f 4442/953/4343 3674/968/4343 3675/969/4343 4443/954/4343
f 4443/954/4344 3675/969/4344 3676/970/4344 4444/955/4344
f 4444/955/4345 3676/970/4345 3677/971/4345 4445/956/4345
f 4445/956/4346 3677/971/4346 3678/972/4346 4446/957/4346
f 4446/957/4347 3678/972/4347 3679/973/4347 4447/958/4347
f 4447/958/4348 3679/973/4348 3680/974/4348 4448/959/4348
f 4448/959/4349 3680/974/4349 3681/975/4349 4449/960/4349
f 4449/960/4350 3681/975/4350 3682/976/4350 4450/961/4350
f 4450/961/4351 3682/976/4351 3683/977/4351 4451/962/4351
f 4451/962/4352 3683/977/4352 3684/978/4352 4452/963/4352
f 4452/963/4353 3684/978/4353 3685/979/4353 4453/964/4353
f 4453/964/4354 3685/979/4354 3686/980/4354 4454/965/4354
f 4454/965/4355 3686/980/4355 3687/981/4355 4455/966/4355
f 4455/966/4356 3687/981/4356 3688/25/4356 4456/24/4356
f 3609/28/4357 4472/982/4357 3656/697/4357 3493/5/4357
f 4472/982/4358 4488/983/4358 3655/728/4358 3656/697/4358
f 4488/983/4359 4504/984/4360 3654/744/4359 3655/728/4360
f 4504/984/4361 4520/985/4361 3653/760/4361 3654/744/4361
f 4520/985/4362 4536/986/4362 3652/776/4362 3653/760/4362
f 4536/986/4363 4552/987/4363 3651/792/4363 3652/776/4363
f 4552/987/4364 4568/988/4364 3650/808/4364 3651/792/4364
f 4568/988/4365 4584/989/4365 3649/824/4365 3650/808/4365
f 4584/989/4366 4600/990/4366 3648/840/4366 3649/824/4366
f 4600/990/4367 4616/991/4367 3647/856/4367 3648/840/4367
f 4616/991/4368 4632/992/4368 3646/872/4368 3647/856/4368
f 4632/992/4369 4648/993/4369 3645/888/4369 3646/872/4369
f 4648/993/4370 4664/994/4370 3644/904/4370 3645/888/4370
f 4664/994/4371 4680/995/4371 3643/920/4371 3644/904/4371
f 4680/995/4372 4696/996/4372 3642/936/4372 3643/920/4372
f 4696/996/4373 4712/21/4373 3641/23/4373 3642/936/4373
f 3495/13/4374 3608/997/4374 4457/998/4374 3624/651/4374
f 3624/651/4375 4457/998/4375 4458/999/4375 3623/652/4375
f 3623/652/4376 4458/999/4376 4459/1000/4376 3622/653/4376
f 3622/653/4377 4459/1000/4377 4460/1001/4377 3621/654/4377
f 3621/654/4378 4460/1001/4378 4461/1002/4378 3620/655/4378
f 3620/655/4379 4461/1002/4379 4462/1003/4379 3619/656/4379
f 3619/656/4380 4462/1003/4380 4463/1004/4380 3618/657/4380
f 3618/657/4381 4463/1004/4381 4464/1005/4381 3617/658/4381
f 3617/658/4382 4464/1005/4382 4465/1006/4382 3616/659/4382
f 3616/659/4383 4465/1006/4383 4466/1007/4383 3615/660/4383
f 3615/660/4384 4466/1007/4384 4467/1008/4384 3614/661/4384
f 3614/661/4385 4467/1008/4385 4468/1009/4385 3613/662/4385
f 3613/662/4386 4468/1009/4386 4469/1010/4386 3612/663/4386
f 3612/663/4387 4469/1010/4387 4470/1011/4387 3611/664/4387
f 3611/664/4388 4470/1011/4388 4471/1012/4388 3610/665/4388
f 3610/665/4389 4471/1012/4389 4472/982/4389 3609/28/4389
f 3608/997/4390 3607/1013/4390 4473/1014/4390 4457/998/4390
f 4457/998/4391 4473/1014/4391 4474/1015/4391 4458/999/4391
f 4458/999/4392 4474/1015/4392 4475/1016/4392 4459/1000/4392
f 4459/1000/4393 4475/1016/4393 4476/1017/4393 4460/1001/4393
f 4460/1001/4394 4476/1017/4394 4477/1018/4394 4461/1002/4394
f 4461/1002/4395 4477/1018/4395 4478/1019/4395 4462/1003/4395
f 4462/1003/4396 4478/1019/4396 4479/1020/4396 4463/1004/4396
f 4463/1004/4397 4479/1020/4397 4480/1021/4397 4464/1005/4397
f 4464/1005/4398 4480/1021/4398 4481/1022/4398 4465/1006/4398
f 4465/1006/4399 4481/1022/4399 4482/1023/4399 4466/1007/4399
f 4466/1007/4400 4482/1023/4400 4483/1024/4400 4467/1008/4400
f 4467/1008/4401 4483/1024/4401 4484/1025/4401 4468/1009/4401
f 4468/1009/4402 4484/1025/4402 4485/1026/4402 4469/1010/4402
f 4469/1010/4403 4485/1026/4403 4486/1027/4403 4470/1011/4403
f 4470/1011/4404 4486/1027/4404 4487/1028/4404 4471/1012/4404
f 4471/1012/4405 4487/1028/4405 4488/983/4405 4472/982/4405
f 3607/1013/4406 3606/1029/4406 4489/1030/4406 4473/1014/4406
f 4473/1014/4407 4489/1030/4407 4490/1031/4407 4474/1015/4407
f 4474/1015/4408 4490/1031/4408 4491/1032/4408 4475/1016/4408
f 4475/1016/4409 4491/1032/4409 4492/1033/4409 4476/1017/4409
f 4476/1017/4410 4492/1033/4410 4493/1034/4410 4477/1018/4410
f 4477/1018/4411 4493/1034/4411 4494/1035/4411 4478/1019/4411
f 4478/1019/4412 4494/1035/4412 4495/1036/4412 4479/1020/4412
f 4479/1020/4413 4495/1036/4413 4496/1037/4413 4480/1021/4413
f 4480/1021/4414 4496/1037/4414 4497/1038/4414 4481/1022/4414
f 4481/1022/4415 4497/1038/4415 4498/1039/4415 4482/1023/4415
f 4482/1023/4416 4498/1039/4416 4499/1040/4416 4483/1024/4416
f 4483/1024/4417 4499/1040/4417 4500/1041/4417 4484/1025/4417
f 4484/1025/4418 4500/1041/4418 4501/1042/4418 4485/1026/4418
f 4485/1026/4419 4501/1042/4419 4502/1043/4419 4486/1027/4419
f 4486/1027/4420 4502/1043/4420 4503/1044/4420 4487/1028/4420
f 4487/1028/4421 4503/1044/4421 4504/984/4421 4488/983/4421
f 3606/1029/4422 3605/1045/4422 4505/1046/4422 4489/1030/4422
f 4489/1030/4423 4505/1046/4423 4506/1047/4423 4490/1031/4423
f 4490/1031/4424 4506/1047/4424 4507/1048/4424 4491/1032/4424
f 4491/1032/4425 4507/1048/4425 4508/1049/4425 4492/1033/4425
f 4492/1033/4426 4508/1049/4426 4509/1050/4426 4493/1034/4426
f 4493/1034/4427 4509/1050/4427 4510/1051/4427 4494/1035/4427
f 4494/1035/4428 4510/1051/4428 4511/1052/4428 4495/1036/4428
f 4495/1036/4429 4511/1052/4429 4512/1053/4429 4496/1037/4429
f 4496/1037/4430 4512/1053/4430 4513/1054/4430 4497/1038/4430
f 4497/1038/4431 4513/1054/4431 4514/1055/4431 4498/1039/4431
f 4498/1039/4432 4514/1055/4432 4515/1056/4432 4499/1040/4432
f 4499/1040/4433 4515/1056/4433 4516/1057/4433 4500/1041/4433
f 4500/1041/4434 4516/1057/4434 4517/1058/4434 4501/1042/4434
f 4501/1042/4435 4517/1058/4435 4518/1059/4435 4502/1043/4435
f 4502/1043/4436 4518/1059/4436 4519/1060/4436 4503/1044/4436
f 4503/1044/4437 4519/1060/4437 4520/985/4437 4504/984/4437
f 3605/1045/4438 3604/1061/4438 4521/1062/4438 4505/1046/4438
f 4505/1046/4439 4521/1062/4439 4522/1063/4439 4506/1047/4439
f 4506/1047/4440 4522/1063/4440 4523/1064/4440 4507/1048/4440
f 4507/1048/4441 4523/1064/4441 4524/1065/4441 4508/1049/4441
f 4508/1049/4442 4524/1065/4442 4525/1066/4442 4509/1050/4442
f 4509/1050/4443 4525/1066/4443 4526/1067/4443 4510/1051/4443
f 4510/1051/4444 4526/1067/4444 4527/1068/4444 4511/1052/4444
f 4511/1052/4445 4527/1068/4445 4528/1069/4445 4512/1053/4445
f 4512/1053/4446 4528/1069/4446 4529/1070/4446 4513/1054/4446
f 4513/1054/4447 4529/1070/4447 4530/1071/4447 4514/1055/4447
f 4514/1055/4448 4530/1071/4448 4531/1072/4448 4515/1056/4448
f 4515/1056/4449 4531/1072/4449 4532/1073/4449 4516/1057/4449
f 4516/1057/4450 4532/1073/4450 4533/1074/4450 4517/1058/4450
f 4517/1058/4451 4533/1074/4451 4534/1075/4451 4518/1059/4451
f 4518/1059/4452 4534/1075/4452 4535/1076/4452 4519/1060/4452
f 4519/1060/4453 4535/1076/4453 4536/986/4453 4520/985/4453
f 3604/1061/4454 3603/1077/4454 4537/1078/4454 4521/1062/4454
f 4521/1062/4455 4537/1078/4455 4538/1079/4455 4522/1063/4455
f 4522/1063/4456 4538/1079/4456 4539/1080/4456 4523/1064/4456
f 4523/1064/4457 4539/1080/4457 4540/1081/4457 4524/1065/4457
f 4524/1065/4458 4540/1081/4458 4541/1082/4458 4525/1066/4458
f 4525/1066/4459 4541/1082/4459 4542/1083/4459 4526/1067/4459
f 4526/1067/4460 4542/1083/4460 4543/1084/4460 4527/1068/4460
f 4527/1068/4461 4543/1084/4461 4544/1085/4461 4528/1069/4461
f 4528/1069/4462 4544/1085/4462 4545/1086/4462 4529/1070/4462
f 4529/1070/4463 4545/1086/4463 4546/1087/4463 4530/1071/4463
f 4530/1071/4464 4546/1087/4464 4547/1088/4464 4531/1072/4464
f 4531/1072/4465 4547/1088/4465 4548/1089/4465 4532/1073/4465
f 4532/1073/4466 4548/1089/4466 4549/1090/4466 4533/1074/4466
f 4533/1074/4467 4549/1090/4467 4550/1091/4467 4534/1075/4467
f 4534/1075/4468 4550/1091/4468 4551/1092/4468 4535/1076/4468
f 4535/1076/4469 4551/1092/4469 4552/987/4469 4536/986/4469
f 3603/1077/4470 3602/1093/4470 4553/1094/4470 4537/1078/4470
f 4537/1078/4471 4553/1094/4471 4554/1095/4471 4538/1079/4471
f 4538/1079/4472 4554/1095/4472 4555/1096/4472 4539/1080/4472
f 4539/1080/4473 4555/1096/4473 4556/1097/4473 4540/1081/4473
f 4540/1081/4474 4556/1097/4474 4557/1098/4474 4541/1082/4474
f 4541/1082/4475 4557/1098/4475 4558/1099/4475 4542/1083/4475
f 4542/1083/4476 4558/1099/4476 4559/1100/4476 4543/1084/4476
f 4543/1084/4477 4559/1100/4477 4560/1101/4477 4544/1085/4477
f 4544/1085/4478 4560/1101/4478 4561/1102/4478 4545/1086/4478
f 4545/1086/4479 4561/1102/4479 4562/1103/4479 4546/1087/4479
f 4546/1087/4480 4562/1103/4480 4563/1104/4480 4547/1088/4480
f 4547/1088/4481 4563/1104/4481 4564/1105/4481 4548/1089/4481
f 4548/1089/4482 4564/1105/4482 4565/1106/4482 4549/1090/4482
f 4549/1090/4483 4565/1106/4483 4566/1107/4483 4550/1091/4483
f 4550/1091/4484 4566/1107/4484 4567/1108/4484 4551/1092/4484
f 4551/1092/4485 4567/1108/4485 4568/988/4485 4552/987/4485
f 3602/1093/4486 3601/1109/4486 4569/1110/4486 4553/1094/4486
f 4553/1094/4487 4569/1110/4487 4570/1111/4487 4554/1095/4487
f 4554/1095/4488 4570/1111/4488 4571/1112/4488 4555/1096/4488
f 4555/1096/4489 4571/1112/4489 4572/1113/4489 4556/1097/4489
f 4556/1097/4490 4572/1113/4490 4573/1114/4490 4557/1098/4490
f 4557/1098/4491 4573/1114/4491 4574/1115/4491 4558/1099/4491
f 4558/1099/4492 4574/1115/4492 4575/1116/4492 4559/1100/4492
f 4559/1100/4493 4575/1116/4493 4576/1117/4493 4560/1101/4493
f 4560/1101/4494 4576/1117/4494 4577/1118/4494 4561/1102/4494
f 4561/1102/4495 4577/1118/4495 4578/1119/4495 4562/1103/4495
f 4562/1103/4496 4578/1119/4496 4579/1120/4496 4563/1104/4496
f 4563/1104/4497 4579/1120/4497 4580/1121/4497 4564/1105/4497
f 4564/1105/4498 4580/1121/4498 4581/1122/4498 4565/1106/4498
f 4565/1106/4499 4581/1122/4499 4582/1123/4499 4566/1107/4499
f 4566/1107/4500 4582/1123/4500 4583/1124/4500 4567/1108/4500
f 4567/1108/4501 4583/1124/4501 4584/989/4501 4568/988/4501
f 3601/1109/4502 3600/1125/4502 4585/1126/4502 4569/1110/4502
f 4569/1110/4503 4585/1126/4503 4586/1127/4503 4570/1111/4503
f 4570/1111/4504 4586/1127/4504 4587/1128/4504 4571/1112/4504
f 4571/1112/4505 4587/1128/4505 4588/1129/4505 4572/1113/4505
f 4572/1113/4506 4588/1129/4506 4589/1130/4506 4573/1114/4506
f 4573/1114/4507 4589/1130/4507 4590/1131/4507 4574/1115/4507
f 4574/1115/4508 4590/1131/4508 4591/1132/4508 4575/1116/4508
f 4575/1116/4509 4591/1132/4509 4592/1133/4509 4576/1117/4509
f 4576/1117/4510 4592/1133/4510 4593/1134/4510 4577/1118/4510
f 4577/1118/4511 4593/1134/4511 4594/1135/4511 4578/1119/4511
f 4578/1119/4512 4594/1135/4512 4595/1136/4512 4579/1120/4512
f 4579/1120/4513 4595/1136/4513 4596/1137/4513 4580/1121/4513
f 4580/1121/4514 4596/1137/4514 4597/1138/4514 4581/1122/4514
f 4581/1122/4515 4597/1138/4515 4598/1139/4515 4582/1123/4515
f 4582/1123/4516 4598/1139/4516 4599/1140/4516 4583/1124/4516
f 4583/1124/4517 4599/1140/4517 4600/990/4517 4584/989/4517
f 3600/1125/4518 3599/1141/4518 4601/1142/4518 4585/1126/4518
f 4585/1126/4519 4601/1142/4519 4602/1143/4519 4586/1127/4519
f 4586/1127/4520 4602/1143/4520 4603/1144/4520 4587/1128/4520
f 4587/1128/4521 4603/1144/4521 4604/1145/4521 4588/1129/4521
f 4588/1129/4522 4604/1145/4522 4605/1146/4522 4589/1130/4522
f 4589/1130/4523 4605/1146/4523 4606/1147/4523 4590/1131/4523
f 4590/1131/4524 4606/1147/4524 4607/1148/4524 4591/1132/4524
f 4591/1132/4525 4607/1148/4525 4608/1149/4525 4592/1133/4525
f 4592/1133/4526 4608/1149/4526 4609/1150/4526 4593/1134/4526
f 4593/1134/4527 4609/1150/4527 4610/1151/4527 4594/1135/4527
f 4594/1135/4528 4610/1151/4528 4611/1152/4528 4595/1136/4528
f 4595/1136/4529 4611/1152/4529 4612/1153/4529 4596/1137/4529
f 4596/1137/4530 4612/1153/4530 4613/1154/4530 4597/1138/4530
f 4597/1138/4531 4613/1154/4531 4614/1155/4531 4598/1139/4531
f 4598/1139/4532 4614/1155/4532 4615/1156/4532 4599/1140/4532
f 4599/1140/4533 4615/1156/4533 4616/991/4533 4600/990/4533
f 3599/1141/4534 3598/1157/4534 4617/1158/4534 4601/1142/4534
f 4601/1142/4535 4617/1158/4535 4618/1159/4535 4602/1143/4535
f 4602/1143/4536 4618/1159/4536 4619/1160/4536 4603/1144/4536
f 4603/1144/4537 4619/1160/4537 4620/1161/4537 4604/1145/4537
f 4604/1145/4538 4620/1161/4538 4621/1162/4538 4605/1146/4538
f 4605/1146/4539 4621/1162/4539 4622/1163/4539 4606/1147/4539
f 4606/1147/4540 4622/1163/4540 4623/1164/4540 4607/1148/4540
f 4607/1148/4541 4623/1164/4541 4624/1165/4541 4608/1149/4541
f 4608/1149/4542 4624/1165/4542 4625/1166/4542 4609/1150/4542
f 4609/1150/4543 4625/1166/4543 4626/1167/4543 4610/1151/4543
f 4610/1151/4544 4626/1167/4544 4627/1168/4544 4611/1152/4544
f 4611/1152/4545 4627/1168/4545 4628/1169/4545 4612/1153/4545
f 4612/1153/4546 4628/1169/4546 4629/1170/4546 4613/1154/4546
f 4613/1154/4547 4629/1170/4547 4630/1171/4547 4614/1155/4547
f 4614/1155/4548 4630/1171/4548 4631/1172/4548 4615/1156/4548
f 4615/1156/4549 4631/1172/4549 4632/992/4549 4616/991/4549
f 3598/1157/4550 3597/1173/4550 4633/1174/4550 4617/1158/4550
f 4617/1158/4551 4633/1174/4551 4634/1175/4551 4618/1159/4551
f 4618/1159/4552 4634/1175/4552 4635/1176/4552 4619/1160/4552
f 4619/1160/4553 4635/1176/4553 4636/1177/4553 4620/1161/4553
f 4620/1161/4554 4636/1177/4554 4637/1178/4554 4621/1162/4554
f 4621/1162/4555 4637/1178/4555 4638/1179/4555 4622/1163/4555
f 4622/1163/4556 4638/1179/4556 4639/1180/4556 4623/1164/4556
f 4623/1164/4557 4639/1180/4557 4640/1181/4557 4624/1165/4557
f 4624/1165/4558 4640/1181/4558 4641/1182/4558 4625/1166/4558
f 4625/1166/4559 4641/1182/4559 4642/1183/4559 4626/1167/4559
f 4626/1167/4560 4642/1183/4560 4643/1184/4560 4627/1168/4560
f 4627/1168/4561 4643/1184/4561 4644/1185/4561 4628/1169/4561
f 4628/1169/4562 4644/1185/4562 4645/1186/4562 4629/1170/4562
f 4629/1170/4563 4645/1186/4563 4646/1187/4563 4630/1171/4563
f 4630/1171/4564 4646/1187/4564 4647/1188/4564 4631/1172/4564
f 4631/1172/4565 4647/1188/4565 4648/993/4565 4632/992/4565
f 3597/1173/4566 3596/1189/4566 4649/1190/4566 4633/1174/4566
f 4633/1174/4567 4649/1190/4567 4650/1191/4567 4634/1175/4567
f 4634/1175/4568 4650/1191/4568 4651/1192/4568 4635/1176/4568
f 4635/1176/4569 4651/1192/4569 4652/1193/4569 4636/1177/4569
f 4636/1177/4570 4652/1193/4570 4653/1194/4570 4637/1178/4570
f 4637/1178/4571 4653/1194/4571 4654/1195/4571 4638/1179/4571
f 4638/1179/4572 4654/1195/4572 4655/1196/4572 4639/1180/4572
f 4639/1180/4573 4655/1196/4573 4656/1197/4573 4640/1181/4573
f 4640/1181/4574 4656/1197/4574 4657/1198/4574 4641/1182/4574
f 4641/1182/4575 4657/1198/4575 4658/1199/4575 4642/1183/4575
f 4642/1183/4576 4658/1199/4576 4659/1200/4576 4643/1184/4576
f 4643/1184/4577 4659/1200/4577 4660/1201/4577 4644/1185/4577
f 4644/1185/4578 4660/1201/4578 4661/1202/4578 4645/1186/4578
f 4645/1186/4579 4661/1202/4579 4662/1203/4579 4646/1187/4579
f 4646/1187/4580 4662/1203/4580 4663/1204/4580 4647/1188/4580
f 4647/1188/4581 4663/1204/4581 4664/994/4581 4648/993/4581
f 3596/1189/4582 3595/1205/4582 4665/1206/4582 4649/1190/4582
f 4649/1190/4583 4665/1206/4583 4666/1207/4583 4650/1191/4583
f 4650/1191/4584 4666/1207/4584 4667/1208/4584 4651/1192/4584
f 4651/1192/4585 4667/1208/4585 4668/1209/4585 4652/1193/4585
f 4652/1193/4586 4668/1209/4586 4669/1210/4586 4653/1194/4586
f 4653/1194/4587 4669/1210/4587 4670/1211/4587 4654/1195/4587
f 4654/1195/4588 4670/1211/4588 4671/1212/4588 4655/1196/4588
f 4655/1196/4589 4671/1212/4589 4672/1213/4589 4656/1197/4589
f 4656/1197/4590 4672/1213/4590 4673/1214/4590 4657/1198/4590
f 4657/1198/4591 4673/1214/4591 4674/1215/4591 4658/1199/4591
f 4658/1199/4592 4674/1215/4592 4675/1216/4592 4659/1200/4592
f 4659/1200/4593 4675/1216/4593 4676/1217/4593 4660/1201/4593
f 4660/1201/4594 4676/1217/4594 4677/1218/4594 4661/1202/4594
f 4661/1202/4595 4677/1218/4595 4678/1219/4595 4662/1203/4595
f 4662/1203/4596 4678/1219/4596 4679/1220/4596 4663/1204/4596
f 4663/1204/4597 4679/1220/4597 4680/995/4597 4664/994/4597
f 3595/1205/4598 3594/1221/4598 4681/1222/4598 4665/1206/4598
f 4665/1206/4599 4681/1222/4599 4682/1223/4599 4666/1207/4599
f 4666/1207/4600 4682/1223/4600 4683/1224/4600 4667/1208/4600
f 4667/1208/4601 4683/1224/4601 4684/1225/4601 4668/1209/4601
f 4668/1209/4602 4684/1225/4602 4685/1226/4602 4669/1210/4602
f 4669/1210/4603 4685/1226/4603 4686/1227/4603 4670/1211/4603
f 4670/1211/4604 4686/1227/4604 4687/1228/4604 4671/1212/4604
f 4671/1212/4605 4687/1228/4605 4688/1229/4605 4672/1213/4605
f 4672/1213/4606 4688/1229/4606 4689/1230/4606 4673/1214/4606
f 4673/1214/4607 4689/1230/4607 4690/1231/4607 4674/1215/4607
f 4674/1215/4608 4690/1231/4608 4691/1232/4608 4675/1216/4608
f 4675/1216/4609 4691/1232/4609 4692/1233/4609 4676/1217/4609
f 4676/1217/4610 4692/1233/4610 4693/1234/4610 4677/1218/4610
f 4677/1218/4611 4693/1234/4611 4694/1235/4611 4678/1219/4611
f 4678/1219/4612 4694/1235/4612 4695/1236/4612 4679/1220/4612
f 4679/1220/4613 4695/1236/4614 4696/996/4613 4680/995/4614
f 3594/1221/4615 3593/20/4615 4697/1237/4615 4681/1222/4615
f 4681/1222/4616 4697/1237/4616 4698/1238/4616 4682/1223/4616
f 4682/1223/4617 4698/1238/4617 4699/1239/4617 4683/1224/4617
f 4683/1224/4618 4699/1239/4618 4700/1240/4618 4684/1225/4618
f 4684/1225/4619 4700/1240/4619 4701/1241/4619 4685/1226/4619
f 4685/1226/4620 4701/1241/4620 4702/1242/4620 4686/1227/4620
f 4686/1227/4621 4702/1242/4621 4703/1243/4621 4687/1228/4621
f 4687/1228/4622 4703/1243/4622 4704/1244/4622 4688/1229/4622
f 4688/1229/4623 4704/1244/4623 4705/1245/4623 4689/1230/4623
f 4689/1230/4624 4705/1245/4624 4706/1246/4624 4690/1231/4624
f 4690/1231/4625 4706/1246/4625 4707/1247/4625 4691/1232/4625
f 4691/1232/4626 4707/1247/4626 4708/1248/4626 4692/1233/4626
f 4692/1233/4627 4708/1248/4627 4709/1249/4627 4693/1234/4627
f 4693/1234/4628 4709/1249/4628 4710/1250/4628 4694/1235/4628
f 4694/1235/4629 4710/1250/4629 4711/1251/4629 4695/1236/4629
f 4695/1236/4630 4711/1251/4630 4712/21/4630 4696/996/4630
f 3593/20/4631 3496/1/4631 3625/65/4631 4697/1237/4631
f 4697/1237/4632 3625/65/4632 3626/67/4632 4698/1238/4632
f 4698/1238/4633 3626/67/4633 3627/69/4633 4699/1239/4633
f 4699/1239/4634 3627/69/4634 3628/71/4634 4700/1240/4634
f 4700/1240/4635 3628/71/4635 3629/73/4635 4701/1241/4635
f 4701/1241/4636 3629/73/4636 3630/75/4636 4702/1242/4636
f 4702/1242/4637 3630/75/4637 3631/77/4637 4703/1243/4637
f 4703/1243/4638 3631/77/4638 3632/79/4638 4704/1244/4638
f 4704/1244/4639 3632/79/4639 3633/81/4639 4705/1245/4639
f 4705/1245/4640 3633/81/4640 3634/83/4640 4706/1246/4640
f 4706/1246/4641 3634/83/4641 3635/85/4641 4707/1247/4641
f 4707/1247/4642 3635/85/4642 3636/87/4642 4708/1248/4642
f 4708/1248/4643 3636/87/4643 3637/89/4643 4709/1249/4643
f 4709/1249/4644 3637/89/4644 3638/91/4644 4710/1250/4644
f 4710/1250/4645 3638/91/4645 3639/93/4645 4711/1251/4645
f 4711/1251/4646 3639/93/4646 3640/22/4646 4712/21/4646
f 3561/1252/4647 4728/1253/4647 3608/997/4647 3495/13/4647
f 4728/1253/4648 4744/1254/4648 3607/1013/4648 3608/997/4648
f 4744/1254/4649 4760/1255/4649 3606/1029/4649 3607/1013/4649
f 4760/1255/4650 4776/1256/4650 3605/1045/4650 3606/1029/4650
f 4776/1256/4651 4792/1257/4651 3604/1061/4651 3605/1045/4651
f 4792/1257/4652 4808/1258/4652 3603/1077/4652 3604/1061/4652
f 4808/1258/4653 4824/1259/4653 3602/1093/4653 3603/1077/4653
f 4824/1259/4654 4840/1260/4654 3601/1109/4654 3602/1093/4654
f 4840/1260/4655 4856/1261/4655 3600/1125/4655 3601/1109/4655
f 4856/1261/4656 4872/1262/4656 3599/1141/4656 3600/1125/4656
f 4872/1262/4657 4888/1263/4657 3598/1157/4657 3599/1141/4657
f 4888/1263/4658 4904/1264/4658 3597/1173/4658 3598/1157/4658
f 4904/1264/4659 4920/1265/4659 3596/1189/4659 3597/1173/4659
f 4920/1265/4660 4936/1266/4660 3595/1205/4660 3596/1189/4660
f 4936/1266/4661 4952/1267/4661 3594/1221/4661 3595/1205/4661
f 4952/1267/4662 4968/18/4662 3593/20/4662 3594/1221/4662
f 3491/11/4663 3560/1268/4663 4713/1269/4663 3576/1270/4663
f 3576/1270/4664 4713/1269/4664 4714/1271/4664 3575/1272/4664
f 3575/1272/4665 4714/1271/4665 4715/1273/4665 3574/1274/4665
f 3574/1274/4666 4715/1273/4666 4716/1275/4666 3573/1276/4666
f 3573/1276/4667 4716/1275/4667 4717/1277/4667 3572/1278/4667
f 3572/1278/4668 4717/1277/4668 4718/1279/4668 3571/1280/4668
f 3571/1280/4669 4718/1279/4669 4719/1281/4669 3570/1282/4669
f 3570/1282/4670 4719/1281/4670 4720/1283/4670 3569/1284/4670
f 3569/1284/4671 4720/1283/4671 4721/1285/4671 3568/1286/4671
f 3568/1286/4672 4721/1285/4672 4722/1287/4672 3567/1288/4672
f 3567/1288/4673 4722/1287/4673 4723/1289/4673 3566/1290/4673
f 3566/1290/4674 4723/1289/4674 4724/1291/4674 3565/1292/4674
f 3565/1292/4675 4724/1291/4675 4725/1293/4675 3564/1294/4675
f 3564/1294/4676 4725/1293/4676 4726/1295/4676 3563/1296/4676
f 3563/1296/4677 4726/1295/4677 4727/1297/4677 3562/1298/4677
f 3562/1298/4678 4727/1297/4678 4728/1253/4678 3561/1252/4678
f 3560/1268/4679 3559/1299/4679 4729/1300/4679 4713/1269/4679
f 4713/1269/4680 4729/1300/4680 4730/1301/4680 4714/1271/4680
f 4714/1271/4681 4730/1301/4681 4731/1302/4681 4715/1273/4681
f 4715/1273/4682 4731/1302/4682 4732/1303/4682 4716/1275/4682
f 4716/1275/4683 4732/1303/4683 4733/1304/4683 4717/1277/4683
f 4717/1277/4684 4733/1304/4684 4734/1305/4684 4718/1279/4684
f 4718/1279/4685 4734/1305/4685 4735/1306/4685 4719/1281/4685
f 4719/1281/4686 4735/1306/4686 4736/1307/4686 4720/1283/4686
f 4720/1283/4687 4736/1307/4687 4737/1308/4687 4721/1285/4687
f 4721/1285/4688 4737/1308/4688 4738/1309/4688 4722/1287/4688
f 4722/1287/4689 4738/1309/4689 4739/1310/4689 4723/1289/4689
f 4723/1289/4690 4739/1310/4690 4740/1311/4690 4724/1291/4690
f 4724/1291/4691 4740/1311/4691 4741/1312/4691 4725/1293/4691
f 4725/1293/4692 4741/1312/4692 4742/1313/4692 4726/1295/4692
f 4726/1295/4693 4742/1313/4693 4743/1314/4693 4727/1297/4693
f 4727/1297/4694 4743/1314/4694 4744/1254/4694 4728/1253/4694
f 3559/1299/4695 3558/1315/4695 4745/1316/4695 4729/1300/4695
f 4729/1300/4696 4745/1316/4696 4746/1317/4696 4730/1301/4696
f 4730/1301/4697 4746/1317/4697 4747/1318/4697 4731/1302/4697
f 4731/1302/4698 4747/1318/4698 4748/1319/4698 4732/1303/4698
f 4732/1303/4699 4748/1319/4699 4749/1320/4699 4733/1304/4699
f 4733/1304/4700 4749/1320/4700 4750/1321/4700 4734/1305/4700
f 4734/1305/4701 4750/1321/4701 4751/1322/4701 4735/1306/4701
f 4735/1306/4702 4751/1322/4702 4752/1323/4702 4736/1307/4702
f 4736/1307/4703 4752/1323/4703 4753/1324/4703 4737/1308/4703
f 4737/1308/4704 4753/1324/4704 4754/1325/4704 4738/1309/4704
f 4738/1309/4705 4754/1325/4705 4755/1326/4705 4739/1310/4705
f 4739/1310/4706 4755/1326/4706 4756/1327/4706 4740/1311/4706
f 4740/1311/4707 4756/1327/4707 4757/1328/4707 4741/1312/4707
f 4741/1312/4708 4757/1328/4708 4758/1329/4708 4742/1313/4708
f 4742/1313/4709 4758/1329/4709 4759/1330/4709 4743/1314/4709
f 4743/1314/4710 4759/1330/4710 4760/1255/4710 4744/1254/4710
f 3558/1315/4711 3557/1331/4711 4761/1332/4711 4745/1316/4711
f 4745/1316/4712 4761/1332/4712 4762/1333/4712 4746/1317/4712
f 4746/1317/4713 4762/1333/4713 4763/1334/4713 4747/1318/4713
f 4747/1318/4714 4763/1334/4714 4764/1335/4714 4748/1319/4714
f 4748/1319/4715 4764/1335/4715 4765/1336/4715 4749/1320/4715
f 4749/1320/4716 4765/1336/4716 4766/1337/4716 4750/1321/4716
f 4750/1321/4717 4766/1337/4717 4767/1338/4717 4751/1322/4717
f 4751/1322/4718 4767/1338/4718 4768/1339/4718 4752/1323/4718
f 4752/1323/4719 4768/1339/4719 4769/1340/4719 4753/1324/4719
f 4753/1324/4720 4769/1340/4720 4770/1341/4720 4754/1325/4720
f 4754/1325/4721 4770/1341/4721 4771/1342/4721 4755/1326/4721
f 4755/1326/4722 4771/1342/4722 4772/1343/4722 4756/1327/4722
f 4756/1327/4723 4772/1343/4723 4773/1344/4723 4757/1328/4723
f 4757/1328/4724 4773/1344/4724 4774/1345/4724 4758/1329/4724
f 4758/1329/4725 4774/1345/4725 4775/1346/4725 4759/1330/4725
f 4759/1330/4726 4775/1346/4726 4776/1256/4726 4760/1255/4726
f 3557/1331/4727 3556/1347/4727 4777/1348/4727 4761/1332/4727
f 4761/1332/4728 4777/1348/4728 4778/1349/4728 4762/1333/4728
f 4762/1333/4729 4778/1349/4729 4779/1350/4729 4763/1334/4729
f 4763/1334/4730 4779/1350/4730 4780/1351/4730 4764/1335/4730
f 4764/1335/4731 4780/1351/4731 4781/1352/4731 4765/1336/4731
f 4765/1336/4732 4781/1352/4732 4782/1353/4732 4766/1337/4732
f 4766/1337/4733 4782/1353/4733 4783/1354/4733 4767/1338/4733
f 4767/1338/4734 4783/1354/4734 4784/1355/4734 4768/1339/4734
f 4768/1339/4735 4784/1355/4735 4785/1356/4735 4769/1340/4735
f 4769/1340/4736 4785/1356/4736 4786/1357/4736 4770/1341/4736
f 4770/1341/4737 4786/1357/4737 4787/1358/4737 4771/1342/4737
f 4771/1342/4738 4787/1358/4738 4788/1359/4738 4772/1343/4738
f 4772/1343/4739 4788/1359/4739 4789/1360/4739 4773/1344/4739
f 4773/1344/4740 4789/1360/4740 4790/1361/4740 4774/1345/4740
f 4774/1345/4741 4790/1361/4741 4791/1362/4741 4775/1346/4741
f 4775/1346/4742 4791/1362/4742 4792/1257/4742 4776/1256/4742
f 3556/1347/4743 3555/1363/4743 4793/1364/4743 4777/1348/4743
f 4777/1348/4744 4793/1364/4744 4794/1365/4744 4778/1349/4744
f 4778/1349/4745 4794/1365/4745 4795/1366/4745 4779/1350/4745
f 4779/1350/4746 4795/1366/4746 4796/1367/4746 4780/1351/4746
f 4780/1351/4747 4796/1367/4747 4797/1368/4747 4781/1352/4747
f 4781/1352/4748 4797/1368/4748 4798/1369/4748 4782/1353/4748
f 4782/1353/4749 4798/1369/4749 4799/1370/4749 4783/1354/4749
f 4783/1354/4750 4799/1370/4750 4800/1371/4750 4784/1355/4750
f 4784/1355/4751 4800/1371/4751 4801/1372/4751 4785/1356/4751
f 4785/1356/4752 4801/1372/4752 4802/1373/4752 4786/1357/4752
f 4786/1357/4753 4802/1373/4753 4803/1374/4753 4787/1358/4753
f 4787/1358/4754 4803/1374/4754 4804/1375/4754 4788/1359/4754
f 4788/1359/4755 4804/1375/4755 4805/1376/4755 4789/1360/4755
f 4789/1360/4756 4805/1376/4756 4806/1377/4756 4790/1361/4756
f 4790/1361/4757 4806/1377/4757 4807/1378/4757 4791/1362/4757
f 4791/1362/4758 4807/1378/4758 4808/1258/4758 4792/1257/4758
f 3555/1363/4759 3554/1379/4759 4809/1380/4759 4793/1364/4759
f 4793/1364/4760 4809/1380/4760 4810/1381/4760 4794/1365/4760
f 4794/1365/4761 4810/1381/4761 4811/1382/4761 4795/1366/4761
f 4795/1366/4762 4811/1382/4762 4812/1383/4762 4796/1367/4762
f 4796/1367/4763 4812/1383/4763 4813/1384/4763 4797/1368/4763
f 4797/1368/4764 4813/1384/4764 4814/1385/4764 4798/1369/4764
f 4798/1369/4765 4814/1385/4765 4815/1386/4765 4799/1370/4765
f 4799/1370/4766 4815/1386/4766 4816/1387/4766 4800/1371/4766
f 4800/1371/4767 4816/1387/4767 4817/1388/4767 4801/1372/4767
f 4801/1372/4768 4817/1388/4768 4818/1389/4768 4802/1373/4768
f 4802/1373/4769 4818/1389/4769 4819/1390/4769 4803/1374/4769
f 4803/1374/4770 4819/1390/4770 4820/1391/4770 4804/1375/4770
f 4804/1375/4771 4820/1391/4771 4821/1392/4771 4805/1376/4771
f 4805/1376/4772 4821/1392/4772 4822/1393/4772 4806/1377/4772
f 4806/1377/4773 4822/1393/4773 4823/1394/4773 4807/1378/4773
f 4807/1378/4774 4823/1394/4774 4824/1259/4774 4808/1258/4774
f 3554/1379/4775 3553/1395/4775 4825/1396/4775 4809/1380/4775
f 4809/1380/4776 4825/1396/4776 4826/1397/4776 4810/1381/4776
f 4810/1381/4777 4826/1397/4777 4827/1398/4777 4811/1382/4777
f 4811/1382/4778 4827/1398/4778 4828/1399/4778 4812/1383/4778
f 4812/1383/4779 4828/1399/4779 4829/1400/4779 4813/1384/4779
f 4813/1384/4780 4829/1400/4780 4830/1401/4780 4814/1385/4780
f 4814/1385/4781 4830/1401/4781 4831/1402/4781 4815/1386/4781
f 4815/1386/4782 4831/1402/4782 4832/1403/4782 4816/1387/4782
f 4816/1387/4783 4832/1403/4783 4833/1404/4783 4817/1388/4783
f 4817/1388/4784 4833/1404/4784 4834/1405/4784 4818/1389/4784
f 4818/1389/4785 4834/1405/4785 4835/1406/4785 4819/1390/4785
f 4819/1390/4786 4835/1406/4786 4836/1407/4786 4820/1391/4786
f 4820/1391/4787 4836/1407/4787 4837/1408/4787 4821/1392/4787
f 4821/1392/4788 4837/1408/4788 4838/1409/4788 4822/1393/4788
f 4822/1393/4789 4838/1409/4789 4839/1410/4789 4823/1394/4789
f 4823/1394/4790 4839/1410/4790 4840/1260/4790 4824/1259/4790
f 3553/1395/4791 3552/1411/4791 4841/1412/4791 4825/1396/4791
f 4825/1396/4792 4841/1412/4792 4842/1413/4792 4826/1397/4792
f 4826/1397/4793 4842/1413/4793 4843/1414/4793 4827/1398/4793
f 4827/1398/4794 4843/1414/4794 4844/1415/4794 4828/1399/4794
f 4828/1399/4795 4844/1415/4795 4845/1416/4795 4829/1400/4795
f 4829/1400/4796 4845/1416/4796 4846/1417/4796 4830/1401/4796
f 4830/1401/4797 4846/1417/4797 4847/1418/4797 4831/1402/4797
f 4831/1402/4798 4847/1418/4798 4848/1419/4798 4832/1403/4798
f 4832/1403/4799 4848/1419/4799 4849/1420/4799 4833/1404/4799
f 4833/1404/4800 4849/1420/4800 4850/1421/4800 4834/1405/4800
f 4834/1405/4801 4850/1421/4801 4851/1422/4801 4835/1406/4801
f 4835/1406/4802 4851/1422/4802 4852/1423/4802 4836/1407/4802
f 4836/1407/4803 4852/1423/4803 4853/1424/4803 4837/1408/4803
f 4837/1408/4804 4853/1424/4804 4854/1425/4804 4838/1409/4804
f 4838/1409/4805 4854/1425/4805 4855/1426/4805 4839/1410/4805
f 4839/1410/4806 4855/1426/4806 4856/1261/4806 4840/1260/4806
f 3552/1411/4807 3551/1427/4807 4857/1428/4807 4841/1412/4807
f 4841/1412/4808 4857/1428/4808 4858/1429/4808 4842/1413/4808
f 4842/1413/4809 4858/1429/4809 4859/1430/4809 4843/1414/4809
f 4843/1414/4810 4859/1430/4810 4860/1431/4810 4844/1415/4810
f 4844/1415/4811 4860/1431/4811 4861/1432/4811 4845/1416/4811
f 4845/1416/4812 4861/1432/4812 4862/1433/4812 4846/1417/4812
f 4846/1417/4813 4862/1433/4813 4863/1434/4813 4847/1418/4813
f 4847/1418/4814 4863/1434/4814 4864/1435/4814 4848/1419/4814
f 4848/1419/4815 4864/1435/4815 4865/1436/4815 4849/1420/4815
f 4849/1420/4816 4865/1436/4816 4866/1437/4816 4850/1421/4816
f 4850/1421/4817 4866/1437/4817 4867/1438/4817 4851/1422/4817
f 4851/1422/4818 4867/1438/4818 4868/1439/4818 4852/1423/4818
f 4852/1423/4819 4868/1439/4819 4869/1440/4819 4853/1424/4819
f 4853/1424/4820 4869/1440/4820 4870/1441/4820 4854/1425/4820
f 4854/1425/4821 4870/1441/4821 4871/1442/4821 4855/1426/4821
f 4855/1426/4822 4871/1442/4822 4872/1262/4822 4856/1261/4822
f 3551/1427/4823 3550/1443/4823 4873/1444/4823 4857/1428/4823
f 4857/1428/4824 4873/1444/4824 4874/1445/4824 4858/1429/4824
f 4858/1429/4825 4874/1445/4825 4875/1446/4825 4859/1430/4825
f 4859/1430/4826 4875/1446/4826 4876/1447/4826 4860/1431/4826
f 4860/1431/4827 4876/1447/4827 4877/1448/4827 4861/1432/4827
f 4861/1432/4828 4877/1448/4828 4878/1449/4828 4862/1433/4828
f 4862/1433/4829 4878/1449/4829 4879/1450/4829 4863/1434/4829
f 4863/1434/4830 4879/1450/4830 4880/1451/4830 4864/1435/4830
f 4864/1435/4831 4880/1451/4831 4881/1452/4831 4865/1436/4831
f 4865/1436/4832 4881/1452/4832 4882/1453/4832 4866/1437/4832
f 4866/1437/4833 4882/1453/4833 4883/1454/4833 4867/1438/4833
f 4867/1438/4834 4883/1454/4834 4884/1455/4834 4868/1439/4834
f 4868/1439/4835 4884/1455/4835 4885/1456/4835 4869/1440/4835
f 4869/1440/4836 4885/1456/4836 4886/1457/4836 4870/1441/4836
f 4870/1441/4837 4886/1457/4837 4887/1458/4837 4871/1442/4837
f 4871/1442/4838 4887/1458/4838 4888/1263/4838 4872/1262/4838
f 3550/1443/4839 3549/1459/4839 4889/1460/4839 4873/1444/4839
f 4873/1444/4840 4889/1460/4840 4890/1461/4840 4874/1445/4840
f 4874/1445/4841 4890/1461/4841 4891/1462/4841 4875/1446/4841
f 4875/1446/4842 4891/1462/4842 4892/1463/4842 4876/1447/4842
f 4876/1447/4843 4892/1463/4843 4893/1464/4843 4877/1448/4843
f 4877/1448/4844 4893/1464/4844 4894/1465/4844 4878/1449/4844
f 4878/1449/4845 4894/1465/4845 4895/1466/4845 4879/1450/4845
f 4879/1450/4846 4895/1466/4846 4896/1467/4846 4880/1451/4846
f 4880/1451/4847 4896/1467/4847 4897/1468/4847 4881/1452/4847
f 4881/1452/4848 4897/1468/4848 4898/1469/4848 4882/1453/4848
f 4882/1453/4849 4898/1469/4849 4899/1470/4849 4883/1454/4849
f 4883/1454/4850 4899/1470/4850 4900/1471/4850 4884/1455/4850
f 4884/1455/4851 4900/1471/4851 4901/1472/4851 4885/1456/4851
f 4885/1456/4852 4901/1472/4852 4902/1473/4852 4886/1457/4852
f 4886/1457/4853 4902/1473/4853 4903/1474/4853 4887/1458/4853
f 4887/1458/4854 4903/1474/4854 4904/1264/4854 4888/1263/4854
f 3549/1459/4855 3548/1475/4855 4905/1476/4855 4889/1460/4855
f 4889/1460/4856 4905/1476/4856 4906/1477/4856 4890/1461/4856
f 4890/1461/4857 4906/1477/4857 4907/1478/4857 4891/1462/4857
f 4891/1462/4858 4907/1478/4858 4908/1479/4858 4892/1463/4858
f 4892/1463/4859 4908/1479/4859 4909/1480/4859 4893/1464/4859
f 4893/1464/4860 4909/1480/4860 4910/1481/4860 4894/1465/4860
f 4894/1465/4861 4910/1481/4861 4911/1482/4861 4895/1466/4861
f 4895/1466/4862 4911/1482/4862 4912/1483/4862 4896/1467/4862
f 4896/1467/4863 4912/1483/4863 4913/1484/4863 4897/1468/4863
f 4897/1468/4864 4913/1484/4864 4914/1485/4864 4898/1469/4864
f 4898/1469/4865 4914/1485/4865 4915/1486/4865 4899/1470/4865
f 4899/1470/4866 4915/1486/4866 4916/1487/4866 4900/1471/4866
f 4900/1471/4867 4916/1487/4867 4917/1488/4867 4901/1472/4867
f 4901/1472/4868 4917/1488/4868 4918/1489/4868 4902/1473/4868
f 4902/1473/4869 4918/1489/4869 4919/1490/4869 4903/1474/4869
f 4903/1474/4870 4919/1490/4870 4920/1265/4870 4904/1264/4870
f 3548/1475/4871 3547/1491/4871 4921/1492/4871 4905/1476/4871
f 4905/1476/4872 4921/1492/4872 4922/1493/4872 4906/1477/4872
f 4906/1477/4873 4922/1493/4873 4923/1494/4873 4907/1478/4873
f 4907/1478/4874 4923/1494/4874 4924/1495/4874 4908/1479/4874
f 4908/1479/4875 4924/1495/4875 4925/1496/4875 4909/1480/4875
f 4909/1480/4876 4925/1496/4876 4926/1497/4876 4910/1481/4876
f 4910/1481/4877 4926/1497/4877 4927/1498/4877 4911/1482/4877
f 4911/1482/4878 4927/1498/4878 4928/1499/4878 4912/1483/4878
f 4912/1483/4879 4928/1499/4879 4929/1500/4879 4913/1484/4879
f 4913/1484/4880 4929/1500/4880 4930/1501/4880 4914/1485/4880
f 4914/1485/4881 4930/1501/4881 4931/1502/4881 4915/1486/4881
f 4915/1486/4882 4931/1502/4882 4932/1503/4882 4916/1487/4882
f 4916/1487/4883 4932/1503/4883 4933/1504/4883 4917/1488/4883
f 4917/1488/4884 4933/1504/4884 4934/1505/4884 4918/1489/4884
f 4918/1489/4885 4934/1505/4885 4935/1506/4885 4919/1490/4885
f 4919/1490/4886 4935/1506/4886 4936/1266/4886 4920/1265/4886
f 3547/1491/4887 3546/1507/4887 4937/1508/4887 4921/1492/4887
f 4921/1492/4888 4937/1508/4888 4938/1509/4888 4922/1493/4888
f 4922/1493/4889 4938/1509/4889 4939/1510/4889 4923/1494/4889
f 4923/1494/4890 4939/1510/4890 4940/1511/4890 4924/1495/4890
f 4924/1495/4891 4940/1511/4891 4941/1512/4891 4925/1496/4891
f 4925/1496/4892 4941/1512/4892 4942/1513/4892 4926/1497/4892
f 4926/1497/4893 4942/1513/4893 4943/1514/4893 4927/1498/4893
f 4927/1498/4894 4943/1514/4894 4944/1515/4894 4928/1499/4894
f 4928/1499/4895 4944/1515/4895 4945/1516/4895 4929/1500/4895
f 4929/1500/4896 4945/1516/4896 4946/1517/4896 4930/1501/4896
f 4930/1501/4897 4946/1517/4897 4947/1518/4897 4931/1502/4897
f 4931/1502/4898 4947/1518/4898 4948/1519/4898 4932/1503/4898
f 4932/1503/4899 4948/1519/4899 4949/1520/4899 4933/1504/4899
f 4933/1504/4900 4949/1520/4900 4950/1521/4900 4934/1505/4900
f 4934/1505/4901 4950/1521/4901 4951/1522/4901 4935/1506/4901
f 4935/1506/4902 4951/1522/4902 4952/1267/4902 4936/1266/4902
f 3546/1507/4903 3545/17/4903 4953/1523/4903 4937/1508/4903
f 4937/1508/4904 4953/1523/4904 4954/1524/4904 4938/1509/4904
f 4938/1509/4905 4954/1524/4905 4955/1525/4905 4939/1510/4905
f 4939/1510/4906 4955/1525/4906 4956/1526/4906 4940/1511/4906
f 4940/1511/4907 4956/1526/4907 4957/1527/4907 4941/1512/4907
f 4941/1512/4908 4957/1527/4908 4958/1528/4908 4942/1513/4908
f 4942/1513/4909 4958/1528/4909 4959/1529/4909 4943/1514/4909
f 4943/1514/4910 4959/1529/4910 4960/1530/4910 4944/1515/4910
f 4944/1515/4911 4960/1530/4911 4961/1531/4911 4945/1516/4911
f 4945/1516/4912 4961/1531/4912 4962/1532/4912 4946/1517/4912
f 4946/1517/4913 4962/1532/4913 4963/1533/4913 4947/1518/4913
f 4947/1518/4914 4963/1533/4914 4964/1534/4914 4948/1519/4914
f 4948/1519/4915 4964/1534/4915 4965/1535/4915 4949/1520/4915
f 4949/1520/4916 4965/1535/4916 4966/1536/4916 4950/1521/4916
f 4950/1521/4917 4966/1536/4917 4967/1537/4917 4951/1522/4917
f 4951/1522/4918 4967/1537/4918 4968/18/4918 4952/1267/4918
f 3545/17/4919 3492/10/4919 3577/1538/4919 4953/1523/4919
f 4953/1523/4920 3577/1538/4920 3578/1539/4920 4954/1524/4920
f 4954/1524/4921 3578/1539/4921 3579/1540/4921 4955/1525/4921
f 4955/1525/4922 3579/1540/4922 3580/1541/4922 4956/1526/4922
f 4956/1526/4923 3580/1541/4923 3581/1542/4923 4957/1527/4923
f 4957/1527/4924 3581/1542/4924 3582/1543/4924 4958/1528/4924
f 4958/1528/4925 3582/1543/4925 3583/1544/4925 4959/1529/4925
f 4959/1529/4926 3583/1544/4926 3584/1545/4926 4960/1530/4926
f 4960/1530/4927 3584/1545/4927 3585/1546/4927 4961/1531/4927
f 4961/1531/4928 3585/1546/4928 3586/1547/4928 4962/1532/4928
f 4962/1532/4929 3586/1547/4929 3587/1548/4929 4963/1533/4929
f 4963/1533/4930 3587/1548/4930 3588/1549/4930 4964/1534/4930
f 4964/1534/4931 3588/1549/4931 3589/1550/4931 4965/1535/4931
f 4965/1535/4932 3589/1550/4932 3590/1551/4932 4966/1536/4932
f 4966/1536/4933 3590/1551/4933 3591/1552/4933 4967/1537/4933
f 4967/1537/4934 3591/1552/4934 3592/19/4934 4968/18/4934
f 3497/1553/4935 4984/1554/4935 3560/1268/4935 3491/11/4935
f 4984/1554/4936 5000/1555/4936 3559/1299/4936 3560/1268/4936
f 5000/1555/4937 5016/1556/4937 3558/1315/4937 3559/1299/4937
f 5016/1556/4938 5032/1557/4938 3557/1331/4938 3558/1315/4938
f 5032/1557/4939 5048/1558/4939 3556/1347/4939 3557/1331/4939
f 5048/1558/4940 5064/1559/4940 3555/1363/4940 3556/1347/4940
f 5064/1559/4941 5080/1560/4941 3554/1379/4941 3555/1363/4941
f 5080/1560/4942 5096/1561/4942 3553/1395/4942 3554/1379/4942
f 5096/1561/4943 5112/1562/4943 3552/1411/4943 3553/1395/4943
f 5112/1562/4944 5128/1563/4944 3551/1427/4944 3552/1411/4944
f 5128/1563/4945 5144/1564/4945 3550/1443/4945 3551/1427/4945
f 5144/1564/4946 5160/1565/4946 3549/1459/4946 3550/1443/4946
f 5160/1565/4947 5176/1566/4947 3548/1475/4947 3549/1459/4947
f 5176/1566/4948 5192/1567/4948 3547/1491/4948 3548/1475/4948
f 5192/1567/4949 5208/1568/4949 3546/1507/4949 3547/1491/4949
f 5208/1568/4950 5224/15/4950 3545/17/4950 3546/1507/4950
f 3489/8/4951 3513/1569/4951 4969/1570/4951 3512/1571/4951
f 3512/1571/4952 4969/1570/4952 4970/1572/4952 3511/1573/4952
f 3511/1573/4953 4970/1572/4953 4971/1574/4953 3510/1575/4953
f 3510/1575/4954 4971/1574/4954 4972/1576/4954 3509/1577/4954
f 3509/1577/4955 4972/1576/4955 4973/1578/4955 3508/1579/4955
f 3508/1579/4956 4973/1578/4956 4974/1580/4956 3507/1581/4956
f 3507/1581/4957 4974/1580/4957 4975/1582/4957 3506/1583/4957
f 3506/1583/4958 4975/1582/4958 4976/1584/4958 3505/1585/4958
f 3505/1585/4959 4976/1584/4959 4977/1586/4959 3504/1587/4959
f 3504/1587/4960 4977/1586/4960 4978/1588/4960 3503/1589/4960
f 3503/1589/4961 4978/1588/4961 4979/1590/4961 3502/1591/4961
f 3502/1591/4962 4979/1590/4962 4980/1592/4962 3501/1593/4962
f 3501/1593/4963 4980/1592/4963 4981/1594/4963 3500/1595/4963
f 3500/1595/4964 4981/1594/4964 4982/1596/4964 3499/1597/4964
f 3499/1597/4965 4982/1596/4965 4983/1598/4965 3498/1599/4965
f 3498/1599/4966 4983/1598/4966 4984/1554/4966 3497/1553/4966
f 3513/1569/4967 3514/1600/4967 4985/1601/4967 4969/1570/4967
f 4969/1570/4968 4985/1601/4968 4986/1602/4968 4970/1572/4968
f 4970/1572/4969 4986/1602/4969 4987/1603/4969 4971/1574/4969
f 4971/1574/4970 4987/1603/4970 4988/1604/4970 4972/1576/4970
f 4972/1576/4971 4988/1604/4971 4989/1605/4971 4973/1578/4971
f 4973/1578/4972 4989/1605/4972 4990/1606/4972 4974/1580/4972
f 4974/1580/4973 4990/1606/4973 4991/1607/4973 4975/1582/4973
f 4975/1582/4974 4991/1607/4974 4992/1608/4974 4976/1584/4974
f 4976/1584/4975 4992/1608/4975 4993/1609/4975 4977/1586/4975
f 4977/1586/4976 4993/1609/4976 4994/1610/4976 4978/1588/4976
f 4978/1588/4977 4994/1610/4977 4995/1611/4977 4979/1590/4977
f 4979/1590/4978 4995/1611/4978 4996/1612/4978 4980/1592/4978
f 4980/1592/4979 4996/1612/4979 4997/1613/4979 4981/1594/4979
f 4981/1594/4980 4997/1613/4980 4998/1614/4980 4982/1596/4980
f 4982/1596/4981 4998/1614/4981 4999/1615/4981 4983/1598/4981
f 4983/1598/4982 4999/1615/4982 5000/1555/4982 4984/1554/4982
f 3514/1600/4983 3515/1616/4983 5001/1617/4983 4985/1601/4983
f 4985/1601/4984 5001/1617/4984 5002/1618/4984 4986/1602/4984
f 4986/1602/4985 5002/1618/4985 5003/1619/4985 4987/1603/4985
f 4987/1603/4986 5003/1619/4986 5004/1620/4986 4988/1604/4986
f 4988/1604/4987 5004/1620/4987 5005/1621/4987 4989/1605/4987
f 4989/1605/4988 5005/1621/4988 5006/1622/4988 4990/1606/4988
f 4990/1606/4989 5006/1622/4989 5007/1623/4989 4991/1607/4989
f 4991/1607/4990 5007/1623/4990 5008/1624/4990 4992/1608/4990
f 4992/1608/4991 5008/1624/4991 5009/1625/4991 4993/1609/4991
f 4993/1609/4992 5009/1625/4992 5010/1626/4992 4994/1610/4992
f 4994/1610/4993 5010/1626/4993 5011/1627/4993 4995/1611/4993
f 4995/1611/4994 5011/1627/4994 5012/1628/4994 4996/1612/4994
f 4996/1612/4995 5012/1628/4995 5013/1629/4995 4997/1613/4995
f 4997/1613/4996 5013/1629/4996 5014/1630/4996 4998/1614/4996
f 4998/1614/4997 5014/1630/4997 5015/1631/4997 4999/1615/4997
f 4999/1615/4998 5015/1631/4998 5016/1556/4998 5000/1555/4998
f 3515/1616/4999 3516/1632/4999 5017/1633/4999 5001/1617/4999
f 5001/1617/5000 5017/1633/5000 5018/1634/5000 5002/1618/5000
f 5002/1618/5001 5018/1634/5001 5019/1635/5001 5003/1619/5001
f 5003/1619/5002 5019/1635/5002 5020/1636/5002 5004/1620/5002
f 5004/1620/5003 5020/1636/5003 5021/1637/5003 5005/1621/5003
f 5005/1621/5004 5021/1637/5004 5022/1638/5004 5006/1622/5004
f 5006/1622/5005 5022/1638/5005 5023/1639/5005 5007/1623/5005
f 5007/1623/5006 5023/1639/5006 5024/1640/5006 5008/1624/5006
f 5008/1624/5007 5024/1640/5007 5025/1641/5007 5009/1625/5007
f 5009/1625/5008 5025/1641/5008 5026/1642/5008 5010/1626/5008
f 5010/1626/5009 5026/1642/5009 5027/1643/5009 5011/1627/5009
f 5011/1627/5010 5027/1643/5010 5028/1644/5010 5012/1628/5010
f 5012/1628/5011 5028/1644/5011 5029/1645/5011 5013/1629/5011
f 5013/1629/5012 5029/1645/5012 5030/1646/5012 5014/1630/5012
f 5014/1630/5013 5030/1646/5013 5031/1647/5013 5015/1631/5013
f 5015/1631/5014 5031/1647/5014 5032/1557/5014 5016/1556/5014
f 3516/1632/5015 3517/1648/5015 5033/1649/5015 5017/1633/5015
f 5017/1633/5016 5033/1649/5016 5034/1650/5016 5018/1634/5016
f 5018/1634/5017 5034/1650/5017 5035/1651/5017 5019/1635/5017
f 5019/1635/5018 5035/1651/5018 5036/1652/5018 5020/1636/5018
f 5020/1636/5019 5036/1652/5019 5037/1653/5019 5021/1637/5019
f 5021/1637/5020 5037/1653/5020 5038/1654/5020 5022/1638/5020
f 5022/1638/5021 5038/1654/5021 5039/1655/5021 5023/1639/5021
f 5023/1639/5022 5039/1655/5022 5040/1656/5022 5024/1640/5022
f 5024/1640/5023 5040/1656/5023 5041/1657/5023 5025/1641/5023
f 5025/1641/5024 5041/1657/5024 5042/1658/5024 5026/1642/5024
f 5026/1642/5025 5042/1658/5025 5043/1659/5025 5027/1643/5025
f 5027/1643/5026 5043/1659/5026 5044/1660/5026 5028/1644/5026
f 5028/1644/5027 5044/1660/5027 5045/1661/5027 5029/1645/5027
f 5029/1645/5028 5045/1661/5028 5046/1662/5028 5030/1646/5028
f 5030/1646/5029 5046/1662/5029 5047/1663/5029 5031/1647/5029
f 5031/1647/5030 5047/1663/5030 5048/1558/5030 5032/1557/5030
f 3517/1648/5031 3518/1664/5031 5049/1665/5031 5033/1649/5031
f 5033/1649/5032 5049/1665/5032 5050/1666/5032 5034/1650/5032
f 5034/1650/5033 5050/1666/5033 5051/1667/5033 5035/1651/5033
f 5035/1651/5034 5051/1667/5034 5052/1668/5034 5036/1652/5034
f 5036/1652/5035 5052/1668/5035 5053/1669/5035 5037/1653/5035
f 5037/1653/5036 5053/1669/5036 5054/1670/5036 5038/1654/5036
f 5038/1654/5037 5054/1670/5037 5055/1671/5037 5039/1655/5037
f 5039/1655/5038 5055/1671/5038 5056/1672/5038 5040/1656/5038
f 5040/1656/5039 5056/1672/5039 5057/1673/5039 5041/1657/5039
f 5041/1657/5040 5057/1673/5040 5058/1674/5040 5042/1658/5040
f 5042/1658/5041 5058/1674/5041 5059/1675/5041 5043/1659/5041
f 5043/1659/5042 5059/1675/5042 5060/1676/5042 5044/1660/5042
f 5044/1660/5043 5060/1676/5043 5061/1677/5043 5045/1661/5043
f 5045/1661/5044 5061/1677/5044 5062/1678/5044 5046/1662/5044
f 5046/1662/5045 5062/1678/5045 5063/1679/5045 5047/1663/5045
f 5047/1663/5046 5063/1679/5046 5064/1559/5046 5048/1558/5046
f 3518/1664/5047 3519/1680/5047 5065/1681/5047 5049/1665/5047
f 5049/1665/5048 5065/1681/5048 5066/1682/5048 5050/1666/5048
f 5050/1666/5049 5066/1682/5049 5067/1683/5049 5051/1667/5049
f 5051/1667/5050 5067/1683/5050 5068/1684/5050 5052/1668/5050
f 5052/1668/5051 5068/1684/5051 5069/1685/5051 5053/1669/5051
f 5053/1669/5052 5069/1685/5052 5070/1686/5052 5054/1670/5052
f 5054/1670/5053 5070/1686/5053 5071/1687/5053 5055/1671/5053
f 5055/1671/5054 5071/1687/5054 5072/1688/5054 5056/1672/5054
f 5056/1672/5055 5072/1688/5055 5073/1689/5055 5057/1673/5055
f 5057/1673/5056 5073/1689/5056 5074/1690/5056 5058/1674/5056
f 5058/1674/5057 5074/1690/5057 5075/1691/5057 5059/1675/5057
f 5059/1675/5058 5075/1691/5058 5076/1692/5058 5060/1676/5058
f 5060/1676/5059 5076/1692/5059 5077/1693/5059 5061/1677/5059
f 5061/1677/5060 5077/1693/5060 5078/1694/5060 5062/1678/5060
f 5062/1678/5061 5078/1694/5061 5079/1695/5061 5063/1679/5061
f 5063/1679/5062 5079/1695/5062 5080/1560/5062 5064/1559/5062
f 3519/1680/5063 3520/1696/5063 5081/1697/5063 5065/1681/5063
f 5065/1681/5064 5081/1697/5064 5082/1698/5064 5066/1682/5064
f 5066/1682/5065 5082/1698/5065 5083/1699/5065 5067/1683/5065
f 5067/1683/5066 5083/1699/5066 5084/1700/5066 5068/1684/5066
f 5068/1684/5067 5084/1700/5067 5085/1701/5067 5069/1685/5067
f 5069/1685/5068 5085/1701/5068 5086/1702/5068 5070/1686/5068
f 5070/1686/5069 5086/1702/5069 5087/1703/5069 5071/1687/5069
f 5071/1687/5070 5087/1703/5070 5088/1704/5070 5072/1688/5070
f 5072/1688/5071 5088/1704/5071 5089/1705/5071 5073/1689/5071
f 5073/1689/5072 5089/1705/5072 5090/1706/5072 5074/1690/5072
f 5074/1690/5073 5090/1706/5073 5091/1707/5073 5075/1691/5073
f 5075/1691/5074 5091/1707/5074 5092/1708/5074 5076/1692/5074
f 5076/1692/5075 5092/1708/5075 5093/1709/5075 5077/1693/5075
f 5077/1693/5076 5093/1709/5076 5094/1710/5076 5078/1694/5076
f 5078/1694/5077 5094/1710/5077 5095/1711/5077 5079/1695/5077
f 5079/1695/5078 5095/1711/5078 5096/1561/5078 5080/1560/5078
f 3520/1696/5079 3521/1712/5079 5097/1713/5079 5081/1697/5079
f 5081/1697/5080 5097/1713/5080 5098/1714/5080 5082/1698/5080
f 5082/1698/5081 5098/1714/5081 5099/1715/5081 5083/1699/5081
f 5083/1699/5082 5099/1715/5082 5100/1716/5082 5084/1700/5082
f 5084/1700/5083 5100/1716/5083 5101/1717/5083 5085/1701/5083
f 5085/1701/5084 5101/1717/5084 5102/1718/5084 5086/1702/5084
f 5086/1702/5085 5102/1718/5085 5103/1719/5085 5087/1703/5085
f 5087/1703/5086 5103/1719/5086 5104/1720/5086 5088/1704/5086
f 5088/1704/5087 5104/1720/5087 5105/1721/5087 5089/1705/5087
f 5089/1705/5088 5105/1721/5088 5106/1722/5088 5090/1706/5088
f 5090/1706/5089 5106/1722/5089 5107/1723/5089 5091/1707/5089
f 5091/1707/5090 5107/1723/5090 5108/1724/5090 5092/1708/5090
f 5092/1708/5091 5108/1724/5091 5109/1725/5091 5093/1709/5091
f 5093/1709/5092 5109/1725/5092 5110/1726/5092 5094/1710/5092
f 5094/1710/5093 5110/1726/5093 5111/1727/5093 5095/1711/5093
f 5095/1711/5094 5111/1727/5094 5112/1562/5094 5096/1561/5094
f 3521/1712/5095 3522/1728/5095 5113/1729/5095 5097/1713/5095
f 5097/1713/5096 5113/1729/5096 5114/1730/5096 5098/1714/5096
f 5098/1714/5097 5114/1730/5097 5115/1731/5097 5099/1715/5097
f 5099/1715/5098 5115/1731/5098 5116/1732/5098 5100/1716/5098
f 5100/1716/5099 5116/1732/5099 5117/1733/5099 5101/1717/5099
f 5101/1717/5100 5117/1733/5100 5118/1734/5100 5102/1718/5100
f 5102/1718/5101 5118/1734/5101 5119/1735/5101 5103/1719/5101
f 5103/1719/5102 5119/1735/5102 5120/1736/5102 5104/1720/5102
f 5104/1720/5103 5120/1736/5103 5121/1737/5103 5105/1721/5103
f 5105/1721/5104 5121/1737/5104 5122/1738/5104 5106/1722/5104
f 5106/1722/5105 5122/1738/5105 5123/1739/5105 5107/1723/5105
f 5107/1723/5106 5123/1739/5106 5124/1740/5106 5108/1724/5106
f 5108/1724/5107 5124/1740/5107 5125/1741/5107 5109/1725/5107
f 5109/1725/5108 5125/1741/5108 5126/1742/5108 5110/1726/5108
f 5110/1726/5109 5126/1742/5109 5127/1743/5109 5111/1727/5109
f 5111/1727/5110 5127/1743/5110 5128/1563/5110 5112/1562/5110
f 3522/1728/5111 3523/1744/5111 5129/1745/5111 5113/1729/5111
f 5113/1729/5112 5129/1745/5112 5130/1746/5112 5114/1730/5112
f 5114/1730/5113 5130/1746/5113 5131/1747/5113 5115/1731/5113
f 5115/1731/5114 5131/1747/5114 5132/1748/5114 5116/1732/5114
f 5116/1732/5115 5132/1748/5115 5133/1749/5115 5117/1733/5115
f 5117/1733/5116 5133/1749/5116 5134/1750/5116 5118/1734/5116
f 5118/1734/5117 5134/1750/5117 5135/1751/5117 5119/1735/5117
f 5119/1735/5118 5135/1751/5118 5136/1752/5118 5120/1736/5118
f 5120/1736/5119 5136/1752/5119 5137/1753/5119 5121/1737/5119
f 5121/1737/5120 5137/1753/5120 5138/1754/5120 5122/1738/5120
f 5122/1738/5121 5138/1754/5121 5139/1755/5121 5123/1739/5121
f 5123/1739/5122 5139/1755/5122 5140/1756/5122 5124/1740/5122
f 5124/1740/5123 5140/1756/5123 5141/1757/5123 5125/1741/5123
f 5125/1741/5124 5141/1757/5124 5142/1758/5124 5126/1742/5124
f 5126/1742/5125 5142/1758/5125 5143/1759/5125 5127/1743/5125
f 5127/1743/5126 5143/1759/5126 5144/1564/5126 5128/1563/5126
f 3523/1744/5127 3524/1760/5127 5145/1761/5127 5129/1745/5127
f 5129/1745/5128 5145/1761/5128 5146/1762/5128 5130/1746/5128
f 5130/1746/5129 5146/1762/5129 5147/1763/5129 5131/1747/5129
f 5131/1747/5130 5147/1763/5130 5148/1764/5130 5132/1748/5130
f 5132/1748/5131 5148/1764/5131 5149/1765/5131 5133/1749/5131
f 5133/1749/5132 5149/1765/5132 5150/1766/5132 5134/1750/5132
f 5134/1750/5133 5150/1766/5133 5151/1767/5133 5135/1751/5133
f 5135/1751/5134 5151/1767/5134 5152/1768/5134 5136/1752/5134
f 5136/1752/5135 5152/1768/5135 5153/1769/5135 5137/1753/5135
f 5137/1753/5136 5153/1769/5136 5154/1770/5136 5138/1754/5136
f 5138/1754/5137 5154/1770/5137 5155/1771/5137 5139/1755/5137
f 5139/1755/5138 5155/1771/5138 5156/1772/5138 5140/1756/5138
f 5140/1756/5139 5156/1772/5139 5157/1773/5139 5141/1757/5139
f 5141/1757/5140 5157/1773/5140 5158/1774/5140 5142/1758/5140
f 5142/1758/5141 5158/1774/5141 5159/1775/5141 5143/1759/5141
f 5143/1759/5142 5159/1775/5142 5160/1565/5142 5144/1564/5142
f 3524/1760/5143 3525/1776/5143 5161/1777/5143 5145/1761/5143
f 5145/1761/5144 5161/1777/5144 5162/1778/5144 5146/1762/5144
f 5146/1762/5145 5162/1778/5145 5163/1779/5145 5147/1763/5145
f 5147/1763/5146 5163/1779/5146 5164/1780/5146 5148/1764/5146
f 5148/1764/5147 5164/1780/5147 5165/1781/5147 5149/1765/5147
f 5149/1765/5148 5165/1781/5148 5166/1782/5148 5150/1766/5148
f 5150/1766/5149 5166/1782/5149 5167/1783/5149 5151/1767/5149
f 5151/1767/5150 5167/1783/5150 5168/1784/5150 5152/1768/5150
f 5152/1768/5151 5168/1784/5151 5169/1785/5151 5153/1769/5151
f 5153/1769/5152 5169/1785/5152 5170/1786/5152 5154/1770/5152
f 5154/1770/5153 5170/1786/5153 5171/1787/5153 5155/1771/5153
f 5155/1771/5154 5171/1787/5154 5172/1788/5154 5156/1772/5154
f 5156/1772/5155 5172/1788/5155 5173/1789/5155 5157/1773/5155
f 5157/1773/5156 5173/1789/5156 5174/1790/5156 5158/1774/5156
f 5158/1774/5157 5174/1790/5157 5175/1791/5157 5159/1775/5157
f 5159/1775/5158 5175/1791/5158 5176/1566/5158 5160/1565/5158
f 3525/1776/5159 3526/1792/5159 5177/1793/5159 5161/1777/5159
f 5161/1777/5160 5177/1793/5160 5178/1794/5160 5162/1778/5160
f 5162/1778/5161 5178/1794/5161 5179/1795/5161 5163/1779/5161
f 5163/1779/5162 5179/1795/5162 5180/1796/5162 5164/1780/5162
f 5164/1780/5163 5180/1796/5163 5181/1797/5163 5165/1781/5163
f 5165/1781/5164 5181/1797/5164 5182/1798/5164 5166/1782/5164
f 5166/1782/5165 5182/1798/5165 5183/1799/5165 5167/1783/5165
f 5167/1783/5166 5183/1799/5166 5184/1800/5166 5168/1784/5166
f 5168/1784/5167 5184/1800/5167 5185/1801/5167 5169/1785/5167
f 5169/1785/5168 5185/1801/5168 5186/1802/5168 5170/1786/5168
f 5170/1786/5169 5186/1802/5169 5187/1803/5169 5171/1787/5169
f 5171/1787/5170 5187/1803/5170 5188/1804/5170 5172/1788/5170
f 5172/1788/5171 5188/1804/5171 5189/1805/5171 5173/1789/5171
f 5173/1789/5172 5189/1805/5172 5190/1806/5172 5174/1790/5172
f 5174/1790/5173 5190/1806/5173 5191/1807/5173 5175/1791/5173
f 5175/1791/5174 5191/1807/5174 5192/1567/5174 5176/1566/5174
f 3526/1792/5175 3527/1808/5175 5193/1809/5175 5177/1793/5175
f 5177/1793/5176 5193/1809/5176 5194/1810/5176 5178/1794/5176
f 5178/1794/5177 5194/1810/5177 5195/1811/5177 5179/1795/5177
f 5179/1795/5178 5195/1811/5178 5196/1812/5178 5180/1796/5178
f 5180/1796/5179 5196/1812/5179 5197/1813/5179 5181/1797/5179
f 5181/1797/5180 5197/1813/5180 5198/1814/5180 5182/1798/5180
f 5182/1798/5181 5198/1814/5181 5199/1815/5181 5183/1799/5181
f 5183/1799/5182 5199/1815/5182 5200/1816/5182 5184/1800/5182
f 5184/1800/5183 5200/1816/5183 5201/1817/5183 5185/1801/5183
f 5185/1801/5184 5201/1817/5184 5202/1818/5184 5186/1802/5184
f 5186/1802/5185 5202/1818/5185 5203/1819/5185 5187/1803/5185
f 5187/1803/5186 5203/1819/5186 5204/1820/5186 5188/1804/5186
f 5188/1804/5187 5204/1820/5187 5205/1821/5187 5189/1805/5187
f 5189/1805/5188 5205/1821/5188 5206/1822/5188 5190/1806/5188
f 5190/1806/5189 5206/1822/5189 5207/1823/5189 5191/1807/5189
f 5191/1807/5190 5207/1823/5190 5208/1568/5190 5192/1567/5190
f 3527/1808/5191 3528/1824/5191 5209/1825/5191 5193/1809/5191
f 5193/1809/5192 5209/1825/5192 5210/1826/5192 5194/1810/5192
f 5194/1810/5193 5210/1826/5193 5211/1827/5193 5195/1811/5193
f 5195/1811/5194 5211/1827/5194 5212/1828/5194 5196/1812/5194
f 5196/1812/5195 5212/1828/5195 5213/1829/5195 5197/1813/5195
f 5197/1813/5196 5213/1829/5196 5214/1830/5196 5198/1814/5196
f 5198/1814/5197 5214/1830/5197 5215/1831/5197 5199/1815/5197
f 5199/1815/5198 5215/1831/5198 5216/1832/5198 5200/1816/5198
f 5200/1816/5199 5216/1832/5199 5217/1833/5199 5201/1817/5199
f 5201/1817/5200 5217/1833/5200 5218/1834/5200 5202/1818/5200
f 5202/1818/5201 5218/1834/5201 5219/1835/5201 5203/1819/5201
f 5203/1819/5202 5219/1835/5202 5220/1836/5202 5204/1820/5202
f 5204/1820/5203 5220/1836/5203 5221/1837/5203 5205/1821/5203
f 5205/1821/5204 5221/1837/5204 5222/1838/5204 5206/1822/5204
f 5206/1822/5205 5222/1838/5205 5223/1839/5205 5207/1823/5205
f 5207/1823/5206 5223/1839/5206 5224/15/5206 5208/1568/5206
f 3528/1824/5207 3490/9/5207 3529/1840/5207 5209/1825/5207
f 5209/1825/5208 3529/1840/5208 3530/1841/5208 5210/1826/5208
f 5210/1826/5209 3530/1841/5209 3531/1842/5209 5211/1827/5209
f 5211/1827/5210 3531/1842/5210 3532/1843/5210 5212/1828/5210
f 5212/1828/5211 3532/1843/5211 3533/1844/5211 5213/1829/5211
f 5213/1829/5212 3533/1844/5212 3534/1845/5212 5214/1830/5212
f 5214/1830/5213 3534/1845/5213 3535/1846/5213 5215/1831/5213
f 5215/1831/5214 3535/1846/5214 3536/1847/5214 5216/1832/5214
f 5216/1832/5215 3536/1847/5215 3537/1848/5215 5217/1833/5215
f 5217/1833/5216 3537/1848/5216 3538/1849/5216 5218/1834/5216
f 5218/1834/5217 3538/1849/5217 3539/1850/5217 5219/1835/5217
f 5219/1835/5218 3539/1850/5218 3540/1851/5218 5220/1836/5218
f 5220/1836/5219 3540/1851/5219 3541/1852/5219 5221/1837/5219
f 5221/1837/5220 3541/1852/5220 3542/1853/5220 5222/1838/5220
f 5222/1838/5221 3542/1853/5221 3543/1854/5221 5223/1839/5221
f 5223/1839/5222 3543/1854/5222 3544/16/5222 5224/15/5222
usemtl Material.009
f 5225/1/5223 5229/2/5223 5231/3/5223 5227/4/5223
f 5228/5/5224 5227/4/5224 5231/6/5224 5232/7/5224
f 5232/8/5225 5231/9/5225 5229/10/5225 5230/11/5225
f 5230/12/5226 5226/13/5226 5228/5/5226 5232/14/5226
f 5226/13/5227 5225/1/5227 5227/4/5227 5228/5/5227
f 5230/11/5228 5229/10/5228 5225/1/5228 5226/13/5228
