# Blender 5.2.0 LTS
# www.blender.org
mtllib sdasdasdasdasdw222.mtl
o q8k9pm1
v -1.448817 -0.224029 0.356226
v -0.327343 -0.330935 0.307476
v -0.323654 -0.334286 0.310729
v -0.400286 -0.331367 0.541497
v -0.386194 -0.462653 0.322008
v -1.457393 -0.221991 0.351280
v -0.542259 -0.433882 0.635830
v -0.481218 -0.325311 0.630890
v 0.997601 -0.448548 0.299356
v 0.963389 -0.373556 0.320538
v 0.802258 -0.464109 0.395691
v 0.768024 -0.389118 0.416884
v 0.941609 -0.444580 0.118987
v 0.907393 -0.369591 0.140148
v 0.746274 -0.460139 0.215318
v 0.712037 -0.385152 0.236490
v 0.811715 -0.465488 0.396069
v 0.822297 -0.466797 0.395937
v 0.834044 -0.467972 0.395135
v 0.846935 -0.468938 0.393489
v 0.860866 -0.469609 0.390828
v 0.875626 -0.469897 0.387008
v 0.890895 -0.469726 0.381949
v 0.906268 -0.469048 0.375659
v 0.921285 -0.467851 0.368253
v 0.935513 -0.466172 0.359946
v 0.948594 -0.464084 0.351023
v 0.960290 -0.461690 0.341796
v 0.970492 -0.459096 0.332556
v 0.979208 -0.456409 0.323546
v 0.986535 -0.453714 0.314943
v 0.992611 -0.451078 0.306859
v 0.999653 -0.444924 0.301546
v 1.001388 -0.441014 0.303758
v 1.002729 -0.436823 0.305965
v 1.003594 -0.432369 0.308134
v 1.003909 -0.427684 0.310229
v 1.003610 -0.422806 0.312213
v 1.002651 -0.417794 0.314046
v 1.001008 -0.412708 0.315696
v 0.998686 -0.407617 0.317135
v 0.995716 -0.402592 0.318340
v 0.992156 -0.397699 0.319305
v 0.988086 -0.392996 0.320028
v 0.983594 -0.388530 0.320518
v 0.978784 -0.384336 0.320791
v 0.973755 -0.380438 0.320869
v 0.968595 -0.376845 0.320776
v 0.956705 -0.372373 0.329092
v 0.948920 -0.371262 0.338235
v 0.939916 -0.370281 0.347879
v 0.929614 -0.369498 0.357872
v 0.917997 -0.368992 0.367989
v 0.905138 -0.368839 0.377940
v 0.891225 -0.369106 0.387378
v 0.876559 -0.369836 0.395955
v 0.861538 -0.371032 0.403364
v 0.846596 -0.372661 0.409386
v 0.832155 -0.374653 0.413930
v 0.818557 -0.376914 0.417029
v 0.806039 -0.379342 0.418814
v 0.794730 -0.381846 0.419479
v 0.784659 -0.384347 0.419241
v 0.775786 -0.386784 0.418314
v 0.767589 -0.392856 0.419904
v 0.767390 -0.396876 0.422639
v 0.767471 -0.401170 0.425002
v 0.767871 -0.405713 0.426904
v 0.768628 -0.410477 0.428255
v 0.769770 -0.415413 0.428976
v 0.771311 -0.420467 0.429008
v 0.773251 -0.425575 0.428309
v 0.775575 -0.430665 0.426869
v 0.778250 -0.435669 0.424711
v 0.781233 -0.440521 0.421880
v 0.784465 -0.445163 0.418449
v 0.787885 -0.449552 0.414511
v 0.791432 -0.453655 0.410167
v 0.795045 -0.457451 0.405518
v 0.798669 -0.460935 0.400663
v 0.745446 -0.462078 0.224282
v 0.744958 -0.463997 0.234104
v 0.744910 -0.465854 0.244778
v 0.745391 -0.467592 0.256258
v 0.746499 -0.469149 0.268444
v 0.748310 -0.470463 0.281183
v 0.750867 -0.471475 0.294262
v 0.754180 -0.472138 0.307435
v 0.758212 -0.472424 0.320425
v 0.762878 -0.472326 0.332966
v 0.768060 -0.471863 0.344823
v 0.773616 -0.471072 0.355816
v 0.779397 -0.470003 0.365823
v 0.785262 -0.468716 0.374794
v 0.791086 -0.467269 0.382728
v 0.796777 -0.465717 0.389670
v 0.761199 -0.387789 0.411694
v 0.754196 -0.386465 0.405564
v 0.747120 -0.385177 0.398403
v 0.740110 -0.383959 0.390140
v 0.733337 -0.382854 0.380744
v 0.726984 -0.381902 0.370244
v 0.721244 -0.381145 0.358730
v 0.716287 -0.380612 0.346365
v 0.712256 -0.380326 0.333373
v 0.709229 -0.380293 0.320020
v 0.707229 -0.380503 0.306592
v 0.706217 -0.380934 0.293359
v 0.706103 -0.381551 0.280556
v 0.706763 -0.382319 0.268368
v 0.708064 -0.383198 0.256921
v 0.709864 -0.384153 0.246285
v 0.709985 -0.388776 0.234301
v 0.708251 -0.392687 0.232089
v 0.706914 -0.396879 0.229882
v 0.706050 -0.401334 0.227712
v 0.705739 -0.406021 0.225616
v 0.706042 -0.410898 0.223634
v 0.707002 -0.415910 0.221801
v 0.708650 -0.420996 0.220152
v 0.710973 -0.426086 0.218715
v 0.713945 -0.431111 0.217510
v 0.717506 -0.436003 0.216547
v 0.721579 -0.440706 0.215825
v 0.726068 -0.445169 0.215335
v 0.730879 -0.449362 0.215065
v 0.735910 -0.453258 0.214987
v 0.741069 -0.456852 0.215081
v 0.933847 -0.446913 0.117560
v 0.924974 -0.449351 0.116635
v 0.914906 -0.451851 0.116399
v 0.903599 -0.454355 0.117065
v 0.891083 -0.456783 0.118852
v 0.877487 -0.459043 0.121952
v 0.863048 -0.461034 0.126496
v 0.848111 -0.462663 0.132517
v 0.833095 -0.463859 0.139923
v 0.818434 -0.464587 0.148498
v 0.804524 -0.464855 0.157933
v 0.791665 -0.464702 0.167879
v 0.780050 -0.464196 0.177994
v 0.769749 -0.463413 0.187984
v 0.760746 -0.462432 0.197625
v 0.752961 -0.461323 0.206767
v 0.717026 -0.382622 0.228986
v 0.723102 -0.379987 0.220901
v 0.730428 -0.377292 0.212295
v 0.739144 -0.374605 0.203283
v 0.749348 -0.372013 0.194041
v 0.761043 -0.369617 0.184812
v 0.774124 -0.367529 0.175887
v 0.788355 -0.365850 0.167579
v 0.803374 -0.364653 0.160171
v 0.818747 -0.363974 0.153882
v 0.834020 -0.363804 0.148823
v 0.848781 -0.364091 0.145004
v 0.862713 -0.364762 0.142344
v 0.875604 -0.365727 0.140700
v 0.887351 -0.366903 0.139899
v 0.897935 -0.368211 0.139768
v 0.910982 -0.372765 0.135178
v 0.914605 -0.376249 0.130323
v 0.918217 -0.380047 0.125676
v 0.921763 -0.384151 0.121332
v 0.925182 -0.388540 0.117396
v 0.928412 -0.393184 0.113969
v 0.931394 -0.398036 0.111140
v 0.934069 -0.403040 0.108984
v 0.936391 -0.408131 0.107548
v 0.938329 -0.413237 0.106852
v 0.939868 -0.418291 0.106886
v 0.941008 -0.423226 0.107610
v 0.941764 -0.427988 0.108963
v 0.942164 -0.432532 0.110867
v 0.942242 -0.436823 0.113231
v 0.942045 -0.440842 0.115968
v 0.999773 -0.449548 0.289560
v 1.001571 -0.450502 0.278927
v 1.002871 -0.451382 0.267478
v 1.003529 -0.452149 0.255291
v 1.003413 -0.452767 0.242489
v 1.002399 -0.453197 0.229258
v 1.000397 -0.453407 0.215833
v 0.997369 -0.453373 0.202483
v 0.993337 -0.453087 0.189493
v 0.988382 -0.452556 0.177131
v 0.982640 -0.451797 0.165619
v 0.976288 -0.450844 0.155122
v 0.969516 -0.449739 0.145729
v 0.962508 -0.448521 0.137467
v 0.955434 -0.447232 0.130307
v 0.948432 -0.445908 0.124179
v 0.912876 -0.367981 0.146168
v 0.918567 -0.366429 0.153109
v 0.924394 -0.364982 0.161042
v 0.930261 -0.363695 0.170011
v 0.936041 -0.362626 0.180018
v 0.941600 -0.361834 0.191009
v 0.946784 -0.361371 0.202868
v 0.951452 -0.361272 0.215411
v 0.955484 -0.361558 0.228403
v 0.958800 -0.362221 0.241578
v 0.961357 -0.363232 0.254661
v 0.963167 -0.364546 0.267401
v 0.964276 -0.366103 0.279590
v 0.964759 -0.367841 0.291072
v 0.964708 -0.369697 0.301749
v 0.964219 -0.371617 0.311573
v 0.714650 -0.381391 0.238914
v 0.720579 -0.378488 0.230871
v 0.727856 -0.375491 0.222192
v 0.736667 -0.372476 0.212978
v 0.747150 -0.369547 0.203400
v 0.759347 -0.366835 0.193720
v 0.773160 -0.364479 0.184264
v 0.788315 -0.362612 0.175403
v 0.804384 -0.361332 0.167478
v 0.820833 -0.360681 0.160753
v 0.837112 -0.360640 0.155369
v 0.852730 -0.361137 0.151332
v 0.867326 -0.362068 0.148541
v 0.880682 -0.363317 0.146825
v 0.892709 -0.364776 0.145985
v 0.903414 -0.366355 0.145824
v 0.712625 -0.380196 0.249817
v 0.718378 -0.377007 0.241957
v 0.725569 -0.373680 0.233344
v 0.734439 -0.370301 0.224055
v 0.745178 -0.366991 0.214244
v 0.757877 -0.363913 0.204181
v 0.772445 -0.361246 0.194226
v 0.788585 -0.359164 0.184802
v 0.805781 -0.357795 0.176322
v 0.823377 -0.357189 0.169108
v 0.840707 -0.357314 0.163331
v 0.857190 -0.358069 0.159005
v 0.872422 -0.359309 0.156007
v 0.886185 -0.360885 0.154136
v 0.898418 -0.362664 0.153167
v 0.909174 -0.364539 0.152887
v 0.711099 -0.379074 0.261687
v 0.716663 -0.375591 0.254178
v 0.723746 -0.371916 0.245813
v 0.732642 -0.368144 0.236624
v 0.743611 -0.364416 0.226741
v 0.756798 -0.360927 0.216416
v 0.772143 -0.357906 0.206032
v 0.789308 -0.355581 0.196066
v 0.807683 -0.354118 0.187004
v 0.826471 -0.353579 0.179240
v 0.844863 -0.353911 0.172986
v 0.862182 -0.354970 0.168267
v 0.877990 -0.356566 0.164944
v 0.892077 -0.358508 0.162798
v 0.904429 -0.360634 0.161579
v 0.915145 -0.362820 0.161059
v 0.710234 -0.378073 0.274462
v 0.715622 -0.374301 0.267500
v 0.722594 -0.370277 0.259594
v 0.731504 -0.366099 0.250733
v 0.742684 -0.361928 0.240992
v 0.756342 -0.357996 0.230593
v 0.772461 -0.354591 0.219913
v 0.790664 -0.352001 0.209468
v 0.810230 -0.350442 0.199817
v 0.830204 -0.349991 0.191435
v 0.849619 -0.350566 0.184593
v 0.867702 -0.351969 0.179339
v 0.883981 -0.353953 0.175537
v 0.898284 -0.356282 0.172950
v 0.910647 -0.358765 0.171320
v 0.921232 -0.361265 0.170407
v 0.710200 -0.377245 0.288016
v 0.715457 -0.373207 0.281795
v 0.722350 -0.368855 0.274583
v 0.731289 -0.364286 0.266310
v 0.742673 -0.359676 0.256984
v 0.756789 -0.355298 0.246760
v 0.773648 -0.351497 0.235983
v 0.792854 -0.348636 0.225177
v 0.813564 -0.346987 0.214964
v 0.834647 -0.346638 0.205901
v 0.854974 -0.347476 0.198339
v 0.873683 -0.349240 0.192374
v 0.890294 -0.351620 0.187894
v 0.904677 -0.354331 0.184668
v 0.916936 -0.357157 0.182434
v 0.927303 -0.359952 0.180950
v 0.711151 -0.376645 0.302142
v 0.716358 -0.372385 0.296845
v 0.723246 -0.367754 0.290551
v 0.732264 -0.362844 0.283130
v 0.743878 -0.357844 0.274512
v 0.758429 -0.353057 0.264761
v 0.775974 -0.348891 0.254144
v 0.796081 -0.345779 0.243157
v 0.817792 -0.344050 0.232451
v 0.839806 -0.343806 0.222664
v 0.860851 -0.344898 0.214251
v 0.879991 -0.347001 0.207386
v 0.896755 -0.349741 0.202010
v 0.911075 -0.352792 0.197923
v 0.923123 -0.355914 0.194877
v 0.933194 -0.358957 0.192638
v 0.713203 -0.376319 0.316563
v 0.718480 -0.371905 0.312325
v 0.725471 -0.367073 0.307127
v 0.734658 -0.361914 0.300784
v 0.746543 -0.356622 0.293143
v 0.761517 -0.351524 0.284160
v 0.779648 -0.347074 0.273988
v 0.800477 -0.343765 0.263041
v 0.822942 -0.341976 0.251962
v 0.845608 -0.341820 0.241459
v 0.867087 -0.343115 0.232096
v 0.886412 -0.345480 0.224166
v 0.903137 -0.348493 0.217697
v 0.917256 -0.351796 0.212546
v 0.929008 -0.355133 0.208501
v 0.938734 -0.358352 0.205340
v 0.716411 -0.376302 0.330947
v 0.721894 -0.371818 0.327832
v 0.729121 -0.366892 0.323825
v 0.738587 -0.361612 0.318698
v 0.750805 -0.356173 0.312217
v 0.766172 -0.350915 0.304229
v 0.784754 -0.346316 0.294748
v 0.806047 -0.342903 0.284072
v 0.828920 -0.341081 0.272793
v 0.851860 -0.340970 0.261654
v 0.873435 -0.342371 0.251331
v 0.892672 -0.344872 0.242254
v 0.909176 -0.348023 0.234569
v 0.922985 -0.351450 0.228220
v 0.934385 -0.354891 0.223040
v 0.943751 -0.358192 0.218833
v 0.720754 -0.376609 0.344942
v 0.726579 -0.372150 0.342925
v 0.734172 -0.367250 0.340099
v 0.744020 -0.361996 0.336200
v 0.756612 -0.356584 0.330932
v 0.772320 -0.351350 0.324037
v 0.791164 -0.346770 0.315403
v 0.812600 -0.343367 0.305193
v 0.835476 -0.341544 0.293914
v 0.858272 -0.341425 0.282308
v 0.879583 -0.342805 0.271140
v 0.898481 -0.345283 0.260968
v 0.914607 -0.348408 0.252072
v 0.928036 -0.351807 0.244494
v 0.939071 -0.355223 0.238133
v 0.948098 -0.358500 0.232827
v 0.726129 -0.377234 0.358214
v 0.732402 -0.372891 0.357188
v 0.740459 -0.368135 0.355426
v 0.750753 -0.363054 0.352643
v 0.763722 -0.357838 0.348496
v 0.779669 -0.352809 0.342653
v 0.798551 -0.348412 0.334896
v 0.819793 -0.345132 0.325274
v 0.842259 -0.343342 0.314195
v 0.864513 -0.343157 0.302367
v 0.885246 -0.344398 0.290587
v 0.903595 -0.346696 0.279516
v 0.919236 -0.349632 0.269553
v 0.932249 -0.352856 0.260843
v 0.942935 -0.356119 0.253362
v 0.951665 -0.359268 0.246989
v 0.732362 -0.378147 0.370487
v 0.739149 -0.373999 0.370279
v 0.747713 -0.369486 0.369389
v 0.758454 -0.364698 0.367514
v 0.771739 -0.359816 0.364290
v 0.787783 -0.355134 0.359340
v 0.806463 -0.351049 0.352388
v 0.827191 -0.347980 0.343399
v 0.848905 -0.346251 0.332691
v 0.870301 -0.345964 0.320906
v 0.890209 -0.346975 0.308827
v 0.907859 -0.348973 0.297161
v 0.922951 -0.351594 0.286392
v 0.935547 -0.354523 0.276758
v 0.945918 -0.357527 0.268309
v 0.954411 -0.360459 0.260982
v 0.739233 -0.379302 0.381571
v 0.746547 -0.375409 0.381975
v 0.755600 -0.371209 0.381725
v 0.766730 -0.366795 0.380509
v 0.780218 -0.362334 0.377960
v 0.796184 -0.358085 0.373693
v 0.814439 -0.354384 0.367413
v 0.834402 -0.351576 0.359043
v 0.855112 -0.349927 0.348829
v 0.875442 -0.349524 0.337329
v 0.894373 -0.350264 0.325269
v 0.911235 -0.351897 0.313349
v 0.925742 -0.354129 0.302091
v 0.937935 -0.356685 0.291804
v 0.948033 -0.359358 0.282610
v 0.956343 -0.362007 0.274501
v 0.746514 -0.380642 0.391366
v 0.754315 -0.377040 0.392175
v 0.763788 -0.373194 0.392332
v 0.775201 -0.369192 0.391534
v 0.788749 -0.365189 0.389423
v 0.804462 -0.361402 0.385632
v 0.822109 -0.358105 0.379884
v 0.841136 -0.355573 0.372087
v 0.860705 -0.354013 0.362437
v 0.879860 -0.353504 0.351405
v 0.897744 -0.353971 0.339631
v 0.913776 -0.355230 0.327763
v 0.927689 -0.357046 0.316333
v 0.939487 -0.359198 0.305685
v 0.949348 -0.361505 0.295994
v 0.957521 -0.363834 0.287307
v 0.753982 -0.382112 0.399862
v 0.762195 -0.378815 0.400889
v 0.771987 -0.375333 0.401255
v 0.783554 -0.371749 0.400668
v 0.797010 -0.368196 0.398799
v 0.812323 -0.364857 0.395322
v 0.829237 -0.361948 0.389984
v 0.847237 -0.359681 0.382706
v 0.865612 -0.358217 0.373643
v 0.883569 -0.357620 0.363189
v 0.900394 -0.357842 0.351888
v 0.915590 -0.358750 0.340321
v 0.928911 -0.360170 0.328984
v 0.940329 -0.361923 0.318236
v 0.949970 -0.363857 0.308286
v 0.958037 -0.365856 0.299230
v 0.761442 -0.383654 0.407113
v 0.769975 -0.380661 0.408208
v 0.779969 -0.377532 0.408625
v 0.791559 -0.374345 0.408100
v 0.804796 -0.371213 0.406336
v 0.819598 -0.368283 0.403049
v 0.835702 -0.365724 0.398031
v 0.852653 -0.363699 0.391218
v 0.869848 -0.362329 0.382738
v 0.886639 -0.361667 0.372913
v 0.902433 -0.361684 0.362198
v 0.916814 -0.362289 0.351092
v 0.929549 -0.363353 0.340048
v 0.940594 -0.364737 0.329413
v 0.950024 -0.366318 0.319415
v 0.958000 -0.367996 0.310180
v 0.768748 -0.385224 0.413222
v 0.777497 -0.382519 0.414271
v 0.787581 -0.379721 0.414633
v 0.799078 -0.376895 0.414068
v 0.811991 -0.374138 0.412318
v 0.826211 -0.371569 0.409148
v 0.841480 -0.369316 0.404386
v 0.857401 -0.367504 0.397990
v 0.873472 -0.366223 0.390064
v 0.889159 -0.365518 0.380874
v 0.903981 -0.365374 0.370795
v 0.917579 -0.365728 0.360247
v 0.929746 -0.366487 0.349628
v 0.940418 -0.367546 0.339261
v 0.949636 -0.368807 0.329380
v 0.957523 -0.370187 0.320128
v 0.806236 -0.467344 0.390013
v 0.816943 -0.468922 0.389850
v 0.828969 -0.470383 0.389008
v 0.842322 -0.471632 0.387289
v 0.856917 -0.472563 0.384496
v 0.872534 -0.473060 0.380459
v 0.888808 -0.473020 0.375074
v 0.905257 -0.472369 0.368349
v 0.921324 -0.471088 0.360426
v 0.936478 -0.469222 0.351565
v 0.950288 -0.466867 0.342114
v 0.962485 -0.464154 0.332435
v 0.972968 -0.461226 0.322860
v 0.981780 -0.458211 0.313647
v 0.989055 -0.455212 0.304971
v 0.994987 -0.452309 0.296930
v 0.800479 -0.469160 0.382947
v 0.811236 -0.471035 0.382664
v 0.823466 -0.472813 0.381695
v 0.837228 -0.474391 0.379821
v 0.852460 -0.475631 0.376819
v 0.868938 -0.476384 0.372492
v 0.886265 -0.476511 0.366716
v 0.903859 -0.475905 0.359503
v 0.921051 -0.474537 0.351024
v 0.937190 -0.472455 0.341602
v 0.951756 -0.469787 0.331650
v 0.964454 -0.466710 0.321589
v 0.975193 -0.463401 0.311782
v 0.984062 -0.460022 0.302495
v 0.991255 -0.456694 0.293886
v 0.997010 -0.453505 0.286027
v 0.794510 -0.470878 0.374774
v 0.805225 -0.473066 0.374251
v 0.817576 -0.475191 0.373029
v 0.831663 -0.477133 0.370880
v 0.847466 -0.478728 0.367556
v 0.864784 -0.479787 0.362834
v 0.883171 -0.480119 0.356581
v 0.901955 -0.479580 0.348816
v 0.920326 -0.478118 0.339757
v 0.937488 -0.475793 0.329794
v 0.952829 -0.472774 0.319413
v 0.966017 -0.469285 0.309092
v 0.976986 -0.465556 0.299211
v 0.985884 -0.461784 0.290026
v 0.992966 -0.458111 0.281664
v 0.998533 -0.454627 0.274157
v 0.788424 -0.472433 0.365424
v 0.799011 -0.474933 0.364508
v 0.811373 -0.477415 0.362875
v 0.825673 -0.479745 0.360286
v 0.841950 -0.481728 0.356480
v 0.860027 -0.483131 0.351225
v 0.879437 -0.483706 0.344383
v 0.899407 -0.483254 0.336001
v 0.918970 -0.481696 0.326354
v 0.937168 -0.479107 0.315912
v 0.953282 -0.475703 0.305237
v 0.966942 -0.471773 0.294840
v 0.978122 -0.467601 0.285106
v 0.987032 -0.463424 0.276247
v 0.994006 -0.459401 0.268345
v 0.999396 -0.455627 0.261383
v 0.782356 -0.473745 0.354880
v 0.792722 -0.476540 0.353393
v 0.804983 -0.479366 0.351157
v 0.819362 -0.482076 0.347927
v 0.835970 -0.484455 0.343444
v 0.854675 -0.486218 0.337478
v 0.874997 -0.487056 0.329916
v 0.896074 -0.486707 0.320854
v 0.916777 -0.485058 0.310644
v 0.935977 -0.482198 0.299843
v 0.952833 -0.478400 0.289071
v 0.966948 -0.474022 0.278851
v 0.978334 -0.469414 0.269529
v 0.987274 -0.464845 0.261258
v 0.994168 -0.460493 0.254050
v 0.999426 -0.456455 0.247831
v 0.776467 -0.474739 0.343191
v 0.786536 -0.477782 0.340951
v 0.798586 -0.480904 0.337902
v 0.812903 -0.483954 0.333812
v 0.829665 -0.486693 0.328433
v 0.848799 -0.488794 0.321567
v 0.869835 -0.489884 0.313154
v 0.891846 -0.489641 0.303370
v 0.913549 -0.487913 0.292667
v 0.933649 -0.484801 0.281685
v 0.951189 -0.480638 0.271073
v 0.965741 -0.475853 0.261327
v 0.977353 -0.470855 0.252712
v 0.986375 -0.465946 0.245293
v 0.993262 -0.461314 0.239003
v 0.998474 -0.457056 0.233708
v 0.770927 -0.475343 0.330492
v 0.780655 -0.478561 0.327329
v 0.792407 -0.481899 0.323279
v 0.806523 -0.485199 0.318127
v 0.823246 -0.488211 0.311655
v 0.842565 -0.490576 0.303725
v 0.864036 -0.491868 0.294364
v 0.886693 -0.491711 0.283864
v 0.909151 -0.489923 0.272789
v 0.929972 -0.486616 0.261847
v 0.948099 -0.482169 0.251679
v 0.963072 -0.477074 0.242700
v 0.974957 -0.471783 0.235062
v 0.984147 -0.466625 0.228721
v 0.991141 -0.461795 0.223525
v 0.996420 -0.457381 0.219289
v 0.765914 -0.475504 0.317000
v 0.775282 -0.478804 0.312791
v 0.786682 -0.482244 0.307609
v 0.800490 -0.485668 0.301257
v 0.816990 -0.488817 0.293572
v 0.836223 -0.491317 0.284496
v 0.857788 -0.492715 0.274176
v 0.880719 -0.492604 0.263041
v 0.903582 -0.490783 0.251766
v 0.924866 -0.487372 0.241096
v 0.943443 -0.482777 0.231619
v 0.958809 -0.477522 0.223632
v 0.971027 -0.472084 0.217155
v 0.980495 -0.466806 0.212028
v 0.987724 -0.461882 0.208022
v 0.993210 -0.457398 0.204908
v 0.761571 -0.475196 0.303009
v 0.770598 -0.478472 0.297701
v 0.781633 -0.481886 0.291339
v 0.795058 -0.485283 0.283760
v 0.811183 -0.488405 0.274864
v 0.830077 -0.490881 0.264694
v 0.851380 -0.492261 0.253530
v 0.874164 -0.492139 0.241930
v 0.897029 -0.490318 0.230655
v 0.918457 -0.486918 0.220449
v 0.937296 -0.482340 0.211818
v 0.953001 -0.477109 0.204927
v 0.965594 -0.471699 0.199659
v 0.975444 -0.466448 0.195759
v 0.983039 -0.461549 0.192933
v 0.988867 -0.457090 0.190916
v 0.758003 -0.474427 0.288849
v 0.766735 -0.477574 0.282475
v 0.777420 -0.480835 0.274994
v 0.790435 -0.484058 0.266285
v 0.806074 -0.486992 0.256323
v 0.824417 -0.489287 0.245256
v 0.845139 -0.490527 0.233482
v 0.867383 -0.490341 0.221659
v 0.889839 -0.488552 0.210583
v 0.911072 -0.485275 0.200966
v 0.929949 -0.480881 0.193211
v 0.945896 -0.475855 0.187369
v 0.958864 -0.470642 0.183222
v 0.969157 -0.465563 0.180437
v 0.977216 -0.460808 0.178676
v 0.983493 -0.456465 0.177647
v 0.755259 -0.473236 0.274860
v 0.763750 -0.476166 0.267533
v 0.774125 -0.479169 0.259085
v 0.786720 -0.482097 0.249452
v 0.801810 -0.484715 0.238686
v 0.819454 -0.486711 0.227024
v 0.839355 -0.487721 0.214951
v 0.860743 -0.487434 0.203172
v 0.882443 -0.485705 0.192469
v 0.903165 -0.482639 0.183484
v 0.921839 -0.478556 0.176532
v 0.937879 -0.473877 0.171582
v 0.951164 -0.468997 0.168355
v 0.961907 -0.464211 0.166479
v 0.970471 -0.459699 0.165588
v 0.977261 -0.455552 0.165377
v 0.753327 -0.471687 0.261343
v 0.761637 -0.474336 0.253235
v 0.771738 -0.477008 0.244043
v 0.783928 -0.479563 0.233759
v 0.798435 -0.481792 0.222505
v 0.815291 -0.483424 0.210589
v 0.834216 -0.484163 0.198535
v 0.854536 -0.483760 0.187041
v 0.875238 -0.482110 0.176832
v 0.895193 -0.479305 0.168463
v 0.913443 -0.475605 0.162184
v 0.929403 -0.471359 0.157916
v 0.942892 -0.466901 0.155364
v 0.954021 -0.462488 0.154148
v 0.963076 -0.458290 0.153895
v 0.970388 -0.454397 0.154297
v 0.752149 -0.469860 0.248543
v 0.760322 -0.472189 0.239857
v 0.770183 -0.474494 0.230167
v 0.781983 -0.476645 0.219522
v 0.795893 -0.478461 0.208095
v 0.811920 -0.479718 0.196234
v 0.829800 -0.480184 0.184465
v 0.848946 -0.479675 0.173437
v 0.868507 -0.478116 0.163791
v 0.887527 -0.475586 0.155997
v 0.905168 -0.472290 0.150248
v 0.920878 -0.468505 0.146457
v 0.934423 -0.464503 0.144343
v 0.945836 -0.460503 0.143542
v 0.955308 -0.456657 0.143697
v 0.963111 -0.453056 0.144505
v 0.751630 -0.467837 0.236623
v 0.759699 -0.469836 0.227566
v 0.769341 -0.471770 0.217621
v 0.780758 -0.473522 0.206876
v 0.794077 -0.474942 0.195542
v 0.809270 -0.475849 0.183979
v 0.826089 -0.476071 0.172684
v 0.844039 -0.475473 0.162234
v 0.862409 -0.474010 0.153175
v 0.880404 -0.471744 0.145898
v 0.897309 -0.468836 0.140561
v 0.912620 -0.465499 0.137081
v 0.926075 -0.461947 0.135211
v 0.937641 -0.458364 0.134622
v 0.947432 -0.454883 0.134985
v 0.955646 -0.451587 0.136010
v 0.751668 -0.465698 0.225675
v 0.759644 -0.467375 0.216441
v 0.769076 -0.468956 0.206446
v 0.780117 -0.470340 0.195814
v 0.792851 -0.471403 0.184774
v 0.807228 -0.472008 0.173673
v 0.823020 -0.472025 0.162963
v 0.839803 -0.471362 0.153141
v 0.856995 -0.469993 0.144663
v 0.873940 -0.467969 0.137852
v 0.890039 -0.465411 0.132834
v 0.904837 -0.462483 0.129546
v 0.918073 -0.459351 0.127779
v 0.929660 -0.456164 0.127252
v 0.939653 -0.453036 0.127667
v 0.948187 -0.450045 0.128759
v 0.752146 -0.463508 0.215729
v 0.760029 -0.464887 0.206479
v 0.769251 -0.466148 0.196601
v 0.779921 -0.467207 0.186237
v 0.792085 -0.467966 0.175621
v 0.805682 -0.468320 0.165078
v 0.820499 -0.468175 0.155002
v 0.836180 -0.467469 0.145814
v 0.852248 -0.466190 0.137891
v 0.868163 -0.464378 0.131495
v 0.883428 -0.462126 0.126735
v 0.897646 -0.459557 0.123563
v 0.910556 -0.456801 0.121812
v 0.922051 -0.453976 0.121245
v 0.932133 -0.451179 0.121604
v 0.940884 -0.448474 0.122651
v 0.949204 -0.442091 0.121013
v 0.956590 -0.443345 0.127047
v 0.964085 -0.444577 0.134180
v 0.971539 -0.445751 0.142502
v 0.978762 -0.446827 0.152060
v 0.985539 -0.447762 0.162841
v 0.991650 -0.448515 0.174751
v 0.996892 -0.449052 0.187615
v 1.001104 -0.449351 0.201179
v 1.004191 -0.449404 0.215141
v 1.006135 -0.449222 0.229177
v 1.006988 -0.448828 0.242980
v 1.006863 -0.448254 0.256288
v 1.005907 -0.447540 0.268900
v 1.004283 -0.446725 0.280685
v 1.002150 -0.445843 0.291573
v 0.949722 -0.437959 0.118124
v 0.957479 -0.439112 0.124045
v 0.965387 -0.440253 0.131130
v 0.973287 -0.441353 0.139491
v 0.980961 -0.442371 0.149195
v 0.988170 -0.443267 0.160242
v 0.994661 -0.443999 0.172537
v 1.000192 -0.444531 0.185893
v 1.004580 -0.444842 0.200029
v 1.007717 -0.444924 0.214600
v 1.009592 -0.444785 0.229241
v 1.010270 -0.444448 0.243606
v 1.009891 -0.443947 0.257404
v 1.008629 -0.443318 0.270420
v 1.006675 -0.442598 0.282518
v 1.004207 -0.441821 0.293633
v 0.949934 -0.433522 0.115602
v 0.958033 -0.434535 0.121405
v 0.966332 -0.435550 0.128430
v 0.974654 -0.436539 0.136811
v 0.982767 -0.437468 0.146641
v 0.990400 -0.438296 0.157929
v 0.997260 -0.438987 0.170588
v 1.003076 -0.439505 0.184416
v 1.007635 -0.439828 0.199103
v 1.010819 -0.439948 0.214264
v 1.012615 -0.439871 0.229487
v 1.013114 -0.439619 0.244386
v 1.012477 -0.439220 0.258643
v 1.010912 -0.438710 0.272029
v 1.008636 -0.438121 0.284406
v 1.005850 -0.437485 0.295717
v 0.949784 -0.428798 0.113552
v 0.958182 -0.429635 0.119240
v 0.966827 -0.430486 0.126201
v 0.975534 -0.431326 0.134592
v 0.984050 -0.432128 0.144524
v 0.992075 -0.432859 0.156029
v 0.999281 -0.433486 0.169021
v 1.005365 -0.433978 0.183286
v 1.010083 -0.434312 0.198486
v 1.013307 -0.434479 0.214193
v 1.015025 -0.434486 0.229953
v 1.015348 -0.434345 0.245338
v 1.014470 -0.434084 0.260006
v 1.012624 -0.433730 0.273716
v 1.010054 -0.433312 0.286328
v 1.006982 -0.432851 0.297795
v 0.949222 -0.423822 0.112077
v 0.957857 -0.424448 0.117665
v 0.966786 -0.425094 0.124569
v 0.975813 -0.425747 0.132967
v 0.984673 -0.426387 0.142988
v 0.993034 -0.426989 0.154679
v 1.000545 -0.427528 0.167962
v 1.006863 -0.427979 0.182612
v 1.011721 -0.428324 0.198263
v 1.014976 -0.428551 0.214449
v 1.016627 -0.428660 0.230673
v 1.016799 -0.428663 0.246474
v 1.015712 -0.428574 0.261486
v 1.013630 -0.428414 0.275458
v 1.010816 -0.428200 0.288255
v 1.007510 -0.427952 0.299836
v 0.948206 -0.418645 0.111266
v 0.957004 -0.419029 0.116787
v 0.966132 -0.419437 0.123654
v 0.975394 -0.419868 0.132062
v 0.984507 -0.420311 0.142162
v 0.993128 -0.420755 0.154010
v 1.000876 -0.421183 0.167533
v 1.007379 -0.421581 0.182497
v 1.012352 -0.421934 0.198514
v 1.015639 -0.422230 0.215085
v 1.017243 -0.422463 0.231676
v 1.017304 -0.422635 0.247800
v 1.016064 -0.422750 0.263070
v 1.013812 -0.422816 0.277232
v 1.010824 -0.422841 0.290151
v 1.007354 -0.422836 0.301798
v 0.946712 -0.413330 0.111194
v 0.955583 -0.413446 0.116689
v 0.964809 -0.413594 0.123552
v 0.974197 -0.413777 0.131989
v 0.983458 -0.413998 0.142160
v 0.992238 -0.414259 0.154132
v 1.000130 -0.414558 0.167835
v 1.006757 -0.414892 0.183028
v 1.011810 -0.415250 0.199303
v 1.015128 -0.415621 0.216140
v 1.016716 -0.415993 0.232977
v 1.016725 -0.416354 0.249309
v 1.015411 -0.416696 0.264738
v 1.013072 -0.417013 0.279004
v 1.009999 -0.417302 0.291981
v 1.006458 -0.417562 0.303646
v 0.944735 -0.407951 0.111907
v 0.953577 -0.407790 0.117427
v 0.962795 -0.407662 0.124325
v 0.972188 -0.407583 0.132812
v 0.981472 -0.407566 0.143053
v 0.990286 -0.407632 0.155117
v 0.998224 -0.407792 0.168933
v 1.004896 -0.408053 0.184253
v 1.009991 -0.408413 0.200663
v 1.013343 -0.408862 0.217627
v 1.014955 -0.409379 0.234573
v 1.014979 -0.409940 0.250983
v 1.013678 -0.410521 0.266459
v 1.011354 -0.411103 0.280742
v 1.008303 -0.411667 0.293709
v 1.004783 -0.412204 0.305342
v 0.942287 -0.402589 0.113420
v 0.951005 -0.402153 0.119017
v 0.960098 -0.401751 0.125993
v 0.969370 -0.401408 0.134555
v 0.978547 -0.401156 0.144862
v 0.987272 -0.401025 0.156981
v 0.995146 -0.401043 0.170837
v 1.001787 -0.401230 0.186179
v 1.006881 -0.401591 0.202589
v 1.010265 -0.402114 0.219532
v 1.011942 -0.402772 0.236438
v 1.012055 -0.403529 0.252794
v 1.010863 -0.404348 0.268203
v 1.008658 -0.405190 0.282412
v 1.005731 -0.406029 0.295302
v 1.002339 -0.406842 0.306857
v 0.939411 -0.397328 0.115709
v 0.947909 -0.396629 0.121433
v 0.956770 -0.395968 0.128525
v 0.965806 -0.395380 0.137179
v 0.974751 -0.394905 0.147547
v 0.983267 -0.394590 0.159682
v 0.990972 -0.394476 0.173502
v 0.997499 -0.394591 0.188756
v 1.002551 -0.394948 0.205032
v 1.005970 -0.395537 0.221808
v 1.007746 -0.396324 0.238530
v 1.008017 -0.397261 0.254700
v 1.007020 -0.398298 0.269933
v 1.005032 -0.399387 0.283982
v 1.002330 -0.400484 0.296732
v 0.999158 -0.401559 0.308166
v 0.936159 -0.392241 0.118715
v 0.944357 -0.391306 0.124606
v 0.952892 -0.390414 0.131841
v 0.961591 -0.389610 0.140600
v 0.970198 -0.388940 0.151013
v 0.978401 -0.388464 0.163122
v 0.985848 -0.388233 0.176832
v 0.992195 -0.388286 0.191894
v 0.997168 -0.388637 0.207912
v 1.000611 -0.389278 0.224387
v 1.002515 -0.390172 0.240794
v 1.002997 -0.391263 0.256658
v 1.002264 -0.392489 0.271616
v 1.000573 -0.393792 0.285428
v 0.998179 -0.395119 0.297981
v 0.995310 -0.396430 0.309257
v 0.932602 -0.387394 0.122354
v 0.940434 -0.386259 0.128439
v 0.948574 -0.385173 0.135833
v 0.956856 -0.384189 0.144692
v 0.965047 -0.383361 0.155127
v 0.972859 -0.382755 0.167160
v 0.979976 -0.382430 0.180688
v 0.986088 -0.382430 0.195467
v 0.990948 -0.382774 0.211119
v 0.994410 -0.383452 0.227180
v 0.996454 -0.384426 0.243161
v 0.997177 -0.385637 0.258624
v 0.996758 -0.387014 0.273223
v 0.995421 -0.388492 0.286733
v 0.993396 -0.390009 0.299042
v 0.990892 -0.391522 0.310127
v 0.928816 -0.382839 0.126519
v 0.936240 -0.381543 0.132809
v 0.943936 -0.380306 0.140358
v 0.951749 -0.379184 0.149304
v 0.959468 -0.378238 0.159730
v 0.966839 -0.377536 0.171640
v 0.973582 -0.377142 0.184922
v 0.979423 -0.377101 0.199339
v 0.984144 -0.377435 0.214541
v 0.987607 -0.378135 0.230100
v 0.989791 -0.379161 0.245573
v 0.990769 -0.380454 0.260555
v 0.990687 -0.381940 0.274732
v 0.989735 -0.383549 0.287888
v 0.988116 -0.385216 0.299913
v 0.986015 -0.386889 0.310778
v 0.924880 -0.378608 0.131097
v 0.931871 -0.377192 0.137584
v 0.939095 -0.375848 0.145275
v 0.946411 -0.374630 0.154280
v 0.953636 -0.373605 0.164660
v 0.960543 -0.372842 0.176399
v 0.966888 -0.372403 0.189379
v 0.972436 -0.372333 0.203375
v 0.976997 -0.372656 0.218065
v 0.980449 -0.373363 0.233062
v 0.982761 -0.374415 0.247968
v 0.983984 -0.375754 0.262420
v 0.984239 -0.377309 0.276127
v 0.983679 -0.379004 0.288891
v 0.982477 -0.380776 0.300603
v 0.980799 -0.382567 0.311229
v 0.920868 -0.374720 0.135968
v 0.927418 -0.373225 0.142635
v 0.934162 -0.371813 0.150442
v 0.940979 -0.370540 0.159472
v 0.947705 -0.369472 0.169767
v 0.954146 -0.368677 0.181291
v 0.960091 -0.368214 0.193925
v 0.965339 -0.368126 0.207459
v 0.969728 -0.368437 0.221597
v 0.973151 -0.369138 0.235996
v 0.975568 -0.370193 0.250301
v 0.977018 -0.371547 0.264192
v 0.977589 -0.373131 0.277403
v 0.977408 -0.374874 0.289749
v 0.976619 -0.376709 0.301128
v 0.975358 -0.378579 0.311496
v 0.916849 -0.371180 0.141024
v 0.922960 -0.369642 0.147844
v 0.929237 -0.368197 0.155732
v 0.935568 -0.366903 0.164752
v 0.941808 -0.365823 0.174920
v 0.947793 -0.365019 0.186194
v 0.953347 -0.364549 0.198451
v 0.958301 -0.364454 0.211494
v 0.962514 -0.364752 0.225061
v 0.965889 -0.365437 0.238847
v 0.968390 -0.366477 0.252541
v 0.970036 -0.367821 0.265855
v 0.970895 -0.369404 0.278555
v 0.971064 -0.371158 0.290472
v 0.970659 -0.373019 0.301503
v 0.969801 -0.374929 0.311603
v 0.747526 -0.457966 0.206161
v 0.755141 -0.459018 0.196567
v 0.764062 -0.459950 0.186382
v 0.774404 -0.460693 0.175767
v 0.786214 -0.461165 0.164971
v 0.799436 -0.461283 0.154326
v 0.813884 -0.460974 0.144237
v 0.829223 -0.460194 0.135118
v 0.845005 -0.458936 0.127335
v 0.860722 -0.457243 0.121139
v 0.875892 -0.455193 0.116621
v 0.890120 -0.452888 0.113728
v 0.903140 -0.450439 0.112279
v 0.914825 -0.447941 0.112031
v 0.925155 -0.445476 0.112722
v 0.934192 -0.443097 0.114105
v 0.742097 -0.454268 0.205718
v 0.749493 -0.455221 0.195681
v 0.758275 -0.456065 0.184958
v 0.768599 -0.456728 0.173714
v 0.780548 -0.457129 0.162218
v 0.794095 -0.457181 0.150851
v 0.809054 -0.456809 0.140080
v 0.825067 -0.455966 0.130396
v 0.841622 -0.454647 0.122232
v 0.858138 -0.452900 0.115874
v 0.874057 -0.450813 0.111417
v 0.888926 -0.448497 0.108770
v 0.902456 -0.446065 0.107699
v 0.914517 -0.443619 0.107906
v 0.925104 -0.441232 0.109077
v 0.934303 -0.438958 0.110930
v 0.736765 -0.450222 0.205472
v 0.743896 -0.451031 0.195023
v 0.752487 -0.451737 0.183786
v 0.762732 -0.452274 0.171927
v 0.774759 -0.452558 0.159739
v 0.788574 -0.452507 0.147647
v 0.804004 -0.452043 0.136187
v 0.820661 -0.451121 0.125934
v 0.837981 -0.449741 0.117393
v 0.855293 -0.447957 0.110893
v 0.871957 -0.445865 0.106526
v 0.887468 -0.443581 0.104155
v 0.901504 -0.441220 0.103490
v 0.913934 -0.438877 0.104167
v 0.924773 -0.436623 0.105822
v 0.934131 -0.434500 0.108139
v 0.731632 -0.445836 0.205466
v 0.738470 -0.446451 0.194648
v 0.746824 -0.446965 0.182943
v 0.756934 -0.447319 0.170514
v 0.768971 -0.447435 0.157673
v 0.782986 -0.447233 0.144887
v 0.798821 -0.446644 0.132761
v 0.816074 -0.445627 0.121958
v 0.834115 -0.444190 0.113060
v 0.852195 -0.442392 0.106438
v 0.869583 -0.440335 0.102179
v 0.885714 -0.438135 0.100100
v 0.900239 -0.435903 0.099842
v 0.913028 -0.433727 0.100977
v 0.924117 -0.431663 0.103094
v 0.933634 -0.429745 0.105847
v 0.726816 -0.441133 0.205732
v 0.733342 -0.441501 0.194612
v 0.741430 -0.441770 0.182512
v 0.751356 -0.441881 0.169591
v 0.763341 -0.441771 0.156174
v 0.777479 -0.441368 0.142764
v 0.793638 -0.440616 0.130036
v 0.811405 -0.439488 0.118733
v 0.830094 -0.437999 0.109515
v 0.848877 -0.436216 0.102794
v 0.866936 -0.434242 0.098646
v 0.883646 -0.432187 0.096844
v 0.898629 -0.430150 0.096963
v 0.911761 -0.428201 0.098511
v 0.923089 -0.426387 0.101036
v 0.932771 -0.424727 0.104163
v 0.722433 -0.436151 0.206299
v 0.728653 -0.436226 0.194962
v 0.736464 -0.436193 0.182565
v 0.746176 -0.436007 0.169266
v 0.758056 -0.435614 0.155392
v 0.772239 -0.434963 0.141480
v 0.788622 -0.434012 0.128257
v 0.806791 -0.432755 0.116542
v 0.826018 -0.431223 0.107059
v 0.845396 -0.429490 0.100259
v 0.864038 -0.427651 0.096208
v 0.881255 -0.425801 0.094635
v 0.896654 -0.424021 0.095057
v 0.910101 -0.422362 0.096934
v 0.921661 -0.420851 0.099778
v 0.931510 -0.419496 0.103191
v 0.718597 -0.430944 0.207190
v 0.724537 -0.430688 0.195732
v 0.732084 -0.430312 0.183161
v 0.741575 -0.429781 0.169627
v 0.753310 -0.429059 0.155458
v 0.767465 -0.428116 0.141210
v 0.783963 -0.426939 0.127649
v 0.802396 -0.425545 0.115644
v 0.822008 -0.423983 0.105974
v 0.841833 -0.422330 0.099110
v 0.860931 -0.420670 0.095117
v 0.878562 -0.419081 0.093689
v 0.894307 -0.417614 0.094306
v 0.908035 -0.416295 0.096389
v 0.919817 -0.415132 0.099428
v 0.929836 -0.414118 0.103013
v 0.715402 -0.425584 0.208404
v 0.721111 -0.424970 0.196939
v 0.728430 -0.424221 0.184332
v 0.737714 -0.423315 0.170729
v 0.749284 -0.422236 0.156457
v 0.763346 -0.420977 0.142077
v 0.779849 -0.419561 0.128370
v 0.798387 -0.418029 0.116232
v 0.818200 -0.416451 0.106461
v 0.838292 -0.414905 0.099549
v 0.857681 -0.413463 0.095556
v 0.875602 -0.412174 0.094162
v 0.891613 -0.411056 0.094831
v 0.905575 -0.410110 0.096971
v 0.917557 -0.409322 0.100059
v 0.927750 -0.408669 0.103683
v 0.712919 -0.420149 0.209939
v 0.718461 -0.419169 0.198576
v 0.725608 -0.418039 0.186077
v 0.734716 -0.416751 0.172581
v 0.746123 -0.415309 0.158412
v 0.760039 -0.413735 0.144120
v 0.776434 -0.412082 0.130479
v 0.794916 -0.410424 0.118376
v 0.814729 -0.408845 0.108605
v 0.834879 -0.407427 0.101656
v 0.854376 -0.406222 0.097597
v 0.872440 -0.405246 0.096116
v 0.888618 -0.404491 0.096683
v 0.902753 -0.403928 0.098716
v 0.914909 -0.403520 0.101696
v 0.925269 -0.403234 0.105215
v 0.711189 -0.414726 0.211766
v 0.716636 -0.413388 0.200615
v 0.723672 -0.411891 0.188360
v 0.732650 -0.410237 0.175141
v 0.743901 -0.408452 0.161272
v 0.757633 -0.406588 0.147283
v 0.773821 -0.404723 0.133915
v 0.792086 -0.402960 0.122014
v 0.811696 -0.401397 0.112342
v 0.831694 -0.400114 0.105374
v 0.851104 -0.399143 0.101188
v 0.869157 -0.398475 0.099501
v 0.885389 -0.398070 0.099817
v 0.899630 -0.397874 0.101585
v 0.911923 -0.397833 0.104307
v 0.922437 -0.397899 0.107589
v 0.710216 -0.409397 0.213852
v 0.715640 -0.407729 0.203006
v 0.722628 -0.405896 0.191116
v 0.731522 -0.403916 0.178322
v 0.742631 -0.401833 0.164923
v 0.756148 -0.399722 0.151421
v 0.772037 -0.397688 0.138503
v 0.789941 -0.395849 0.126950
v 0.809172 -0.394318 0.117466
v 0.828816 -0.393165 0.110503
v 0.847953 -0.392409 0.106147
v 0.865839 -0.392018 0.104162
v 0.882010 -0.391928 0.104108
v 0.896275 -0.392064 0.105480
v 0.908659 -0.392354 0.107816
v 0.919304 -0.392742 0.110738
v 0.709966 -0.404237 0.216148
v 0.715431 -0.402279 0.205684
v 0.722429 -0.400159 0.194257
v 0.731275 -0.397908 0.182003
v 0.742254 -0.395587 0.169205
v 0.755526 -0.393290 0.156329
v 0.771047 -0.391136 0.143994
v 0.788474 -0.389258 0.132899
v 0.807166 -0.387768 0.123681
v 0.826291 -0.386735 0.116748
v 0.844993 -0.386163 0.112206
v 0.862570 -0.386004 0.109870
v 0.878563 -0.386175 0.109364
v 0.892775 -0.386590 0.110248
v 0.905193 -0.387164 0.112100
v 0.915936 -0.387830 0.114571
v 0.710386 -0.399309 0.218601
v 0.715939 -0.397112 0.208576
v 0.722984 -0.394762 0.197678
v 0.731810 -0.392305 0.186041
v 0.742660 -0.389813 0.173933
v 0.755662 -0.387392 0.161770
v 0.770753 -0.385172 0.150103
v 0.787615 -0.383288 0.139542
v 0.805659 -0.381851 0.130642
v 0.824138 -0.380920 0.123777
v 0.842271 -0.380493 0.119058
v 0.859416 -0.380512 0.116353
v 0.875135 -0.380888 0.115360
v 0.889209 -0.381521 0.115703
v 0.901602 -0.382321 0.117015
v 0.912403 -0.383217 0.118973
v 0.711392 -0.394659 0.221160
v 0.717066 -0.392277 0.211609
v 0.724187 -0.389759 0.201280
v 0.733001 -0.387162 0.190304
v 0.743712 -0.384565 0.178927
v 0.756418 -0.382082 0.167518
v 0.771040 -0.379845 0.156557
v 0.787271 -0.377983 0.146567
v 0.804595 -0.376604 0.138025
v 0.822337 -0.375758 0.131259
v 0.839816 -0.375439 0.126391
v 0.856437 -0.375586 0.123335
v 0.871790 -0.376106 0.121858
v 0.885651 -0.376898 0.121650
v 0.897964 -0.377867 0.122397
v 0.908779 -0.378937 0.123816
v 0.712898 -0.390320 0.223770
v 0.718708 -0.387805 0.214712
v 0.725908 -0.385179 0.204968
v 0.734707 -0.382501 0.194664
v 0.745266 -0.379860 0.184023
v 0.757655 -0.377369 0.173373
v 0.771776 -0.375154 0.163119
v 0.787347 -0.373339 0.153708
v 0.803907 -0.372021 0.145541
v 0.820868 -0.371243 0.138910
v 0.837630 -0.370998 0.133933
v 0.853663 -0.371226 0.130568
v 0.868582 -0.371837 0.128641
v 0.882169 -0.372731 0.127905
v 0.894342 -0.373814 0.128097
v 0.905122 -0.375007 0.128974
v 0.714806 -0.386306 0.226392
v 0.720755 -0.383709 0.217826
v 0.728024 -0.381027 0.208660
v 0.736792 -0.378323 0.199018
v 0.747186 -0.375686 0.189096
v 0.759235 -0.373229 0.179176
v 0.772838 -0.371066 0.169607
v 0.787736 -0.369314 0.160760
v 0.803521 -0.368056 0.152976
v 0.819686 -0.367334 0.146504
v 0.835703 -0.367137 0.141465
v 0.851108 -0.367408 0.137844
v 0.865550 -0.368067 0.135519
v 0.878809 -0.369016 0.134300
v 0.890790 -0.370165 0.133972
v 0.901493 -0.371435 0.134325
v 0.792802 -0.462519 0.394814
v 0.786692 -0.464058 0.387991
v 0.780417 -0.465503 0.380102
v 0.774090 -0.466797 0.371082
v 0.767851 -0.467876 0.360912
v 0.761866 -0.468679 0.349640
v 0.756315 -0.469149 0.337383
v 0.751363 -0.469244 0.324340
v 0.747153 -0.468946 0.310775
v 0.743779 -0.468260 0.296992
v 0.741278 -0.467219 0.283301
v 0.739633 -0.465875 0.269989
v 0.738773 -0.464292 0.257292
v 0.738604 -0.462538 0.245378
v 0.739007 -0.460677 0.234349
v 0.739865 -0.458766 0.224252
v 0.788782 -0.458981 0.399872
v 0.782234 -0.460476 0.393202
v 0.775490 -0.461889 0.385394
v 0.768676 -0.463161 0.376361
v 0.761953 -0.464229 0.366065
v 0.755515 -0.465024 0.354540
v 0.749572 -0.465487 0.341906
v 0.744325 -0.465573 0.328374
v 0.739937 -0.465262 0.314238
v 0.736517 -0.464561 0.299841
v 0.734100 -0.463505 0.285538
v 0.732651 -0.462151 0.271652
v 0.732079 -0.460566 0.258444
v 0.732259 -0.458823 0.246100
v 0.733049 -0.456989 0.234725
v 0.734308 -0.455119 0.224357
v 0.784771 -0.455095 0.404744
v 0.777781 -0.456510 0.398255
v 0.770558 -0.457855 0.390561
v 0.763243 -0.459072 0.381555
v 0.756022 -0.460098 0.371173
v 0.749118 -0.460861 0.359433
v 0.742774 -0.461300 0.346453
v 0.737227 -0.461369 0.332457
v 0.732669 -0.461045 0.317769
v 0.729219 -0.460339 0.302775
v 0.726909 -0.459285 0.287871
v 0.725684 -0.457946 0.273422
v 0.725433 -0.456392 0.259719
v 0.725989 -0.454695 0.246956
v 0.727190 -0.452923 0.235247
v 0.728868 -0.451131 0.224624
v 0.780834 -0.450866 0.409322
v 0.773411 -0.452162 0.403030
v 0.765716 -0.453398 0.395480
v 0.757907 -0.454522 0.386531
v 0.750188 -0.455467 0.376103
v 0.742818 -0.456168 0.364192
v 0.736079 -0.456563 0.350910
v 0.730240 -0.456603 0.336493
v 0.725523 -0.456269 0.321293
v 0.722060 -0.455569 0.305736
v 0.719877 -0.454541 0.290266
v 0.718900 -0.453249 0.275286
v 0.718982 -0.451761 0.261112
v 0.719933 -0.450153 0.247959
v 0.721552 -0.448485 0.235937
v 0.723651 -0.446812 0.225073
v 0.777046 -0.446310 0.413490
v 0.769214 -0.447446 0.407401
v 0.761076 -0.448532 0.400007
v 0.752796 -0.449517 0.391144
v 0.744609 -0.450345 0.380708
v 0.736799 -0.450951 0.368673
v 0.729683 -0.451276 0.355144
v 0.723573 -0.451276 0.340365
v 0.718715 -0.450932 0.324714
v 0.715257 -0.450253 0.308655
v 0.713214 -0.449279 0.292676
v 0.712490 -0.448068 0.277216
v 0.712909 -0.446690 0.262620
v 0.714245 -0.445211 0.249113
v 0.716270 -0.443692 0.236807
v 0.718774 -0.442180 0.225725
v 0.773489 -0.441465 0.417131
v 0.765290 -0.442399 0.411237
v 0.756756 -0.443292 0.403999
v 0.748060 -0.444099 0.395239
v 0.739453 -0.444768 0.384824
v 0.731252 -0.445244 0.372714
v 0.723808 -0.445476 0.359003
v 0.717465 -0.445423 0.343940
v 0.712493 -0.445070 0.327923
v 0.709052 -0.444430 0.311449
v 0.707149 -0.443535 0.295045
v 0.706669 -0.442444 0.279181
v 0.707402 -0.441216 0.264227
v 0.709092 -0.439913 0.250417
v 0.711485 -0.438585 0.237866
v 0.714353 -0.437273 0.226594
v 0.770234 -0.436379 0.420140
v 0.761738 -0.437078 0.414413
v 0.752877 -0.437740 0.407320
v 0.743841 -0.438328 0.398663
v 0.734898 -0.438804 0.388294
v 0.726384 -0.439120 0.376156
v 0.718681 -0.439235 0.362333
v 0.712157 -0.439119 0.347078
v 0.707106 -0.438760 0.330803
v 0.703690 -0.438172 0.314028
v 0.701915 -0.437385 0.297307
v 0.701645 -0.436446 0.281140
v 0.702643 -0.435408 0.265909
v 0.704631 -0.434320 0.251861
v 0.707333 -0.433222 0.239115
v 0.710505 -0.432145 0.227683
v 0.767356 -0.431117 0.422432
v 0.758637 -0.431554 0.416833
v 0.749546 -0.431957 0.409855
v 0.740273 -0.432300 0.401291
v 0.731098 -0.432553 0.390981
v 0.722375 -0.432685 0.378860
v 0.714501 -0.432667 0.365002
v 0.707865 -0.432481 0.349659
v 0.702773 -0.432119 0.333248
v 0.699390 -0.431597 0.316305
v 0.697716 -0.430937 0.299401
v 0.697602 -0.430178 0.283046
v 0.698795 -0.429360 0.267639
v 0.701001 -0.428517 0.253432
v 0.703928 -0.427677 0.240544
v 0.707319 -0.426862 0.228991
v 0.764907 -0.425756 0.423947
v 0.756065 -0.425917 0.418426
v 0.746847 -0.426045 0.411525
v 0.737453 -0.426127 0.403036
v 0.728170 -0.426143 0.392794
v 0.719358 -0.426078 0.380727
v 0.711418 -0.425919 0.366910
v 0.704749 -0.425659 0.351587
v 0.699656 -0.425297 0.335176
v 0.696307 -0.424848 0.318213
v 0.694700 -0.424331 0.301267
v 0.694675 -0.423769 0.284857
v 0.695975 -0.423187 0.269382
v 0.698302 -0.422606 0.255100
v 0.701354 -0.422039 0.242137
v 0.704871 -0.421501 0.230504
v 0.762927 -0.420376 0.424665
v 0.754056 -0.420259 0.419168
v 0.744829 -0.420113 0.412303
v 0.735441 -0.419932 0.403864
v 0.726180 -0.419712 0.393690
v 0.717402 -0.419451 0.381715
v 0.709508 -0.419152 0.368011
v 0.702886 -0.418819 0.352815
v 0.697833 -0.418461 0.336539
v 0.694516 -0.418089 0.319702
v 0.692932 -0.417717 0.302862
v 0.692925 -0.417356 0.286531
v 0.694240 -0.417012 0.271104
v 0.696581 -0.416695 0.256839
v 0.699653 -0.416405 0.243864
v 0.703195 -0.416143 0.232201
v 0.761432 -0.415061 0.424596
v 0.752634 -0.414678 0.419074
v 0.743502 -0.414269 0.412204
v 0.734242 -0.413840 0.403793
v 0.725127 -0.413397 0.393692
v 0.716505 -0.412954 0.381842
v 0.708760 -0.412526 0.368315
v 0.702258 -0.412129 0.353349
v 0.697288 -0.411777 0.337330
v 0.694001 -0.411481 0.320757
v 0.692401 -0.411247 0.304165
v 0.692340 -0.411073 0.288041
v 0.693582 -0.410958 0.272771
v 0.695838 -0.410891 0.258611
v 0.698825 -0.410865 0.245693
v 0.702294 -0.410869 0.234047
v 0.760415 -0.409882 0.423788
v 0.751778 -0.409257 0.418198
v 0.742848 -0.408611 0.411293
v 0.733818 -0.407959 0.402894
v 0.724960 -0.407320 0.392869
v 0.716596 -0.406719 0.381175
v 0.709087 -0.406180 0.367889
v 0.702771 -0.405730 0.353236
v 0.697912 -0.405385 0.337583
v 0.694659 -0.405158 0.321395
v 0.693011 -0.405048 0.305171
v 0.692840 -0.405045 0.289369
v 0.693929 -0.405132 0.274356
v 0.696013 -0.405292 0.260386
v 0.698830 -0.405505 0.247589
v 0.702138 -0.405753 0.236010
v 0.759851 -0.404905 0.422313
v 0.751451 -0.404068 0.416625
v 0.742803 -0.403218 0.409663
v 0.734096 -0.402379 0.401270
v 0.725580 -0.401578 0.391336
v 0.717554 -0.400847 0.379829
v 0.710348 -0.400221 0.366833
v 0.704265 -0.399730 0.352565
v 0.699546 -0.399395 0.337363
v 0.696326 -0.399228 0.321653
v 0.694610 -0.399222 0.305893
v 0.694289 -0.399362 0.290506
v 0.695171 -0.399622 0.275838
v 0.697018 -0.399975 0.262128
v 0.699588 -0.400393 0.249516
v 0.702664 -0.400854 0.238050
v 0.759698 -0.400179 0.420266
v 0.751599 -0.399167 0.414463
v 0.743299 -0.398152 0.407436
v 0.734974 -0.397163 0.399053
v 0.726861 -0.396236 0.389222
v 0.719228 -0.395408 0.377931
v 0.712367 -0.394718 0.365268
v 0.706552 -0.394200 0.351437
v 0.701992 -0.393877 0.336748
v 0.698810 -0.393757 0.321584
v 0.697017 -0.393834 0.306360
v 0.696521 -0.394087 0.291459
v 0.697160 -0.394485 0.277202
v 0.698725 -0.394994 0.263816
v 0.701005 -0.395582 0.251438
v 0.703793 -0.396219 0.240128
v 0.759909 -0.395741 0.417745
v 0.752152 -0.394589 0.411824
v 0.744241 -0.393448 0.404738
v 0.736343 -0.392350 0.396375
v 0.728666 -0.391331 0.386668
v 0.721455 -0.390435 0.375619
v 0.714966 -0.389705 0.363321
v 0.709435 -0.389171 0.349963
v 0.705047 -0.388861 0.335824
v 0.701910 -0.388780 0.321250
v 0.700037 -0.388918 0.306607
v 0.699362 -0.389256 0.292240
v 0.699743 -0.389757 0.278442
v 0.701005 -0.390385 0.265426
v 0.702962 -0.391105 0.253327
v 0.705433 -0.391882 0.242213
v 0.760428 -0.391608 0.414856
v 0.753042 -0.390354 0.408822
v 0.745544 -0.389123 0.401689
v 0.738089 -0.387950 0.393365
v 0.730864 -0.386874 0.383804
v 0.724086 -0.385938 0.373021
v 0.717974 -0.385186 0.361108
v 0.712733 -0.384649 0.348242
v 0.708522 -0.384351 0.334675
v 0.705437 -0.384298 0.320710
v 0.703494 -0.384480 0.306672
v 0.702643 -0.384875 0.292867
v 0.702769 -0.385448 0.279559
v 0.703727 -0.386161 0.266946
v 0.705353 -0.386976 0.255161
v 0.707487 -0.387858 0.244272
v 0.994835 -0.447395 0.309452
v 0.988885 -0.449993 0.318017
v 0.981614 -0.452675 0.327180
v 0.972845 -0.455380 0.336822
v 0.962452 -0.458017 0.346741
v 0.950404 -0.460475 0.356659
v 0.936800 -0.462637 0.366227
v 0.921905 -0.464390 0.375071
v 0.906122 -0.465647 0.382855
v 0.889959 -0.466368 0.389327
v 0.873942 -0.466566 0.394366
v 0.858539 -0.466294 0.397987
v 0.844099 -0.465635 0.400315
v 0.830839 -0.464685 0.401535
v 0.818860 -0.463536 0.401865
v 0.808156 -0.462265 0.401513
v 0.996743 -0.443382 0.312074
v 0.990932 -0.445898 0.321130
v 0.983733 -0.448525 0.330874
v 0.974934 -0.451204 0.341175
v 0.964373 -0.453845 0.351813
v 0.951986 -0.456337 0.362462
v 0.937866 -0.458552 0.372713
v 0.922296 -0.460367 0.382124
v 0.905739 -0.461686 0.390290
v 0.888778 -0.462462 0.396922
v 0.872018 -0.462707 0.401899
v 0.855985 -0.462479 0.405264
v 0.841065 -0.461866 0.407194
v 0.827479 -0.460972 0.407930
v 0.815308 -0.459888 0.407740
v 0.804527 -0.458694 0.406866
v 0.998251 -0.439045 0.314686
v 0.992578 -0.441428 0.324233
v 0.985457 -0.443946 0.334562
v 0.976641 -0.446545 0.345536
v 0.965930 -0.449142 0.356910
v 0.953223 -0.451626 0.368318
v 0.938603 -0.453863 0.379277
v 0.922371 -0.455725 0.389267
v 0.905051 -0.457104 0.397808
v 0.887308 -0.457949 0.404573
v 0.869831 -0.458268 0.409442
v 0.853211 -0.458121 0.412500
v 0.837860 -0.457601 0.413977
v 0.823997 -0.456808 0.414186
v 0.811686 -0.455837 0.413441
v 0.800872 -0.454767 0.412025
v 0.999260 -0.434396 0.317245
v 0.993708 -0.436595 0.327267
v 0.986660 -0.438945 0.338165
v 0.977834 -0.441403 0.349799
v 0.966986 -0.443896 0.361905
v 0.953983 -0.446318 0.374067
v 0.938892 -0.448539 0.385733
v 0.922033 -0.450423 0.396293
v 0.903989 -0.451860 0.405191
v 0.885512 -0.452790 0.412058
v 0.867375 -0.453217 0.416778
v 0.850231 -0.453196 0.419484
v 0.834514 -0.452819 0.420478
v 0.820442 -0.452185 0.420136
v 0.808046 -0.451384 0.418827
v 0.797245 -0.450487 0.416869
v 0.999682 -0.429468 0.319697
v 0.994219 -0.431427 0.330160
v 0.987221 -0.433549 0.341587
v 0.978373 -0.435801 0.353840
v 0.967396 -0.438123 0.366635
v 0.954124 -0.440423 0.379510
v 0.938604 -0.442577 0.391845
v 0.921176 -0.444455 0.402937
v 0.902481 -0.445944 0.412157
v 0.883358 -0.446977 0.419089
v 0.864655 -0.447548 0.423632
v 0.847080 -0.447708 0.425970
v 0.831085 -0.447533 0.426476
v 0.816873 -0.447118 0.425594
v 0.804455 -0.446543 0.423742
v 0.793712 -0.445875 0.421273
v 0.999437 -0.424309 0.321994
v 0.994013 -0.425978 0.332841
v 0.987024 -0.427813 0.344728
v 0.978131 -0.429795 0.357521
v 0.967022 -0.431878 0.370920
v 0.953504 -0.433990 0.384421
v 0.937615 -0.436026 0.397339
v 0.919708 -0.437864 0.408894
v 0.900480 -0.439397 0.418376
v 0.880834 -0.440549 0.425342
v 0.861695 -0.441303 0.429697
v 0.843808 -0.441693 0.431682
v 0.827638 -0.441782 0.431738
v 0.813372 -0.441646 0.430366
v 0.800986 -0.441353 0.428030
v 0.790342 -0.440964 0.425110
v 0.998465 -0.418979 0.324081
v 0.993018 -0.420319 0.335232
v 0.985985 -0.421818 0.347486
v 0.977007 -0.423473 0.360705
v 0.965756 -0.425259 0.374574
v 0.952021 -0.427125 0.388564
v 0.935835 -0.428991 0.401932
v 0.917569 -0.430755 0.413835
v 0.897956 -0.432317 0.423507
v 0.877956 -0.433601 0.430475
v 0.858545 -0.434571 0.434662
v 0.840489 -0.435238 0.436349
v 0.824257 -0.435641 0.436033
v 0.810017 -0.435836 0.434264
v 0.797723 -0.435875 0.431543
v 0.787207 -0.435807 0.428263
v 0.996738 -0.413556 0.325909
v 0.991197 -0.414538 0.337272
v 0.984051 -0.415669 0.349771
v 0.974945 -0.416959 0.363267
v 0.963538 -0.418403 0.377438
v 0.949619 -0.419977 0.391731
v 0.933225 -0.421632 0.405373
v 0.914741 -0.423291 0.417479
v 0.894925 -0.424870 0.427250
v 0.874773 -0.426288 0.434200
v 0.855272 -0.427493 0.438259
v 0.837207 -0.428466 0.439739
v 0.821028 -0.429220 0.439172
v 0.806892 -0.429782 0.437139
v 0.794734 -0.430187 0.434159
v 0.784371 -0.430472 0.430638
v 0.994260 -0.408122 0.327444
v 0.988549 -0.408737 0.338912
v 0.981233 -0.409487 0.351518
v 0.971949 -0.410394 0.365123
v 0.960379 -0.411476 0.379397
v 0.946315 -0.412733 0.393780
v 0.929811 -0.414152 0.407488
v 0.911269 -0.415685 0.419630
v 0.891455 -0.417264 0.429402
v 0.871358 -0.418809 0.436315
v 0.851967 -0.420249 0.440308
v 0.834043 -0.421538 0.441699
v 0.818031 -0.422655 0.441029
v 0.804068 -0.423599 0.438888
v 0.792085 -0.424387 0.435799
v 0.781892 -0.425037 0.432175
v 0.991066 -0.402760 0.328662
v 0.985126 -0.403017 0.340120
v 0.977581 -0.403395 0.352692
v 0.968091 -0.403928 0.366228
v 0.956356 -0.404651 0.380400
v 0.942200 -0.405595 0.394650
v 0.925699 -0.406772 0.408215
v 0.907263 -0.408167 0.420222
v 0.887647 -0.409730 0.429895
v 0.867817 -0.411383 0.436759
v 0.848719 -0.413041 0.440751
v 0.831084 -0.414630 0.442178
v 0.815335 -0.416095 0.441560
v 0.801606 -0.417413 0.439474
v 0.789826 -0.418575 0.436434
v 0.779803 -0.419588 0.432848
v 0.987231 -0.397552 0.329553
v 0.981013 -0.397478 0.340892
v 0.973202 -0.397511 0.353290
v 0.963489 -0.397698 0.366591
v 0.951611 -0.398092 0.380469
v 0.937426 -0.398746 0.394385
v 0.921039 -0.399696 0.407611
v 0.902869 -0.400955 0.419330
v 0.883637 -0.402486 0.428814
v 0.864254 -0.404219 0.435616
v 0.845610 -0.406059 0.439665
v 0.828387 -0.407908 0.441236
v 0.812987 -0.409687 0.440813
v 0.799538 -0.411345 0.438934
v 0.787976 -0.412854 0.436088
v 0.778127 -0.414209 0.432674
v 0.982850 -0.392568 0.330122
v 0.976326 -0.392201 0.341243
v 0.968238 -0.391933 0.353345
v 0.958312 -0.391823 0.366269
v 0.946326 -0.391934 0.379691
v 0.932186 -0.392337 0.393104
v 0.916024 -0.393089 0.405836
v 0.898256 -0.394219 0.417143
v 0.879560 -0.395709 0.426363
v 0.860774 -0.397491 0.433084
v 0.842708 -0.399464 0.437230
v 0.825996 -0.401519 0.439031
v 0.811009 -0.403557 0.438912
v 0.797876 -0.405504 0.437360
v 0.786548 -0.407318 0.434833
v 0.776865 -0.408977 0.431704
v 0.978033 -0.387864 0.330389
v 0.971199 -0.387250 0.341207
v 0.962843 -0.386735 0.352917
v 0.952736 -0.386383 0.365347
v 0.940696 -0.386268 0.378193
v 0.926681 -0.386469 0.390984
v 0.910842 -0.387059 0.403114
v 0.893585 -0.388076 0.413920
v 0.875539 -0.389515 0.422821
v 0.857454 -0.391313 0.429441
v 0.840060 -0.393369 0.433700
v 0.823926 -0.395569 0.435779
v 0.809399 -0.397801 0.436034
v 0.796607 -0.399978 0.434897
v 0.785520 -0.402041 0.432776
v 0.776002 -0.403958 0.430023
v 0.972902 -0.383477 0.330384
v 0.965772 -0.382669 0.340835
v 0.957180 -0.381962 0.352076
v 0.946936 -0.381426 0.363937
v 0.934908 -0.381141 0.376129
v 0.921091 -0.381194 0.388225
v 0.905658 -0.381657 0.399688
v 0.888996 -0.382581 0.409945
v 0.871672 -0.383960 0.418488
v 0.854356 -0.385745 0.424989
v 0.837687 -0.387837 0.429357
v 0.822173 -0.390121 0.431725
v 0.808134 -0.392483 0.432388
v 0.795702 -0.394825 0.431709
v 0.784863 -0.397080 0.430051
v 0.775503 -0.399201 0.427731
v 0.967569 -0.379430 0.330140
v 0.960174 -0.378476 0.340178
v 0.951393 -0.377633 0.350903
v 0.941069 -0.376969 0.362151
v 0.929117 -0.376568 0.373651
v 0.915567 -0.376516 0.385022
v 0.900606 -0.376888 0.395796
v 0.884589 -0.377733 0.405484
v 0.868028 -0.379052 0.413650
v 0.851508 -0.380800 0.420009
v 0.835586 -0.382887 0.424465
v 0.820713 -0.385203 0.427112
v 0.807181 -0.387634 0.428179
v 0.795119 -0.390082 0.427971
v 0.784530 -0.392468 0.426799
v 0.775332 -0.394743 0.424943
v 0.962140 -0.375730 0.329697
v 0.954525 -0.374678 0.339293
v 0.945604 -0.373745 0.349481
v 0.935264 -0.373002 0.360099
v 0.923451 -0.372530 0.370899
v 0.910225 -0.372412 0.381547
v 0.895775 -0.372721 0.391639
v 0.880431 -0.373502 0.400762
v 0.864645 -0.374759 0.408546
v 0.848923 -0.376454 0.414744
v 0.833751 -0.378505 0.419260
v 0.819519 -0.380810 0.422154
v 0.806495 -0.383259 0.423600
v 0.794811 -0.385757 0.423846
v 0.784479 -0.388224 0.423153
v 0.775442 -0.390602 0.421768
v -0.370905 -0.385785 0.446981
v 0.770433 -0.265925 0.117031
v 0.776862 -0.269428 0.119237
v 0.764308 -0.297275 0.427752
v 0.793180 -0.441591 0.102658
v -0.381810 -0.384869 0.443199
v 0.711239 -0.460477 0.541386
v 0.706649 -0.313349 0.559537
v -0.183382 -0.468936 0.500696
v -0.173186 -0.411731 0.498801
v -0.374117 -0.433724 0.538404
v -0.363942 -0.376517 0.536513
v -0.198382 -0.471468 0.344253
v -0.188188 -0.414266 0.342340
v -0.389106 -0.436259 0.381960
v -0.378935 -0.379055 0.380051
v -0.366944 -0.436381 0.540931
v -0.358692 -0.439247 0.543277
v -0.349262 -0.442306 0.545316
v -0.338601 -0.445519 0.546893
v -0.326721 -0.448823 0.547836
v -0.313724 -0.452136 0.547972
v -0.299825 -0.455355 0.547157
v -0.285343 -0.458369 0.545303
v -0.270679 -0.461076 0.542404
v -0.256260 -0.463398 0.538544
v -0.242478 -0.465289 0.533887
v -0.229644 -0.466745 0.528644
v -0.217961 -0.467790 0.523043
v -0.207522 -0.468472 0.517294
v -0.198330 -0.468851 0.511573
v -0.190317 -0.468987 0.506011
v -0.179942 -0.466771 0.502323
v -0.176610 -0.464357 0.503858
v -0.173453 -0.461687 0.505259
v -0.170544 -0.458758 0.506490
v -0.167955 -0.455580 0.507509
v -0.165760 -0.452172 0.508279
v -0.164023 -0.448563 0.508769
v -0.162792 -0.444793 0.508953
v -0.162099 -0.440910 0.508824
v -0.161955 -0.436967 0.508383
v -0.162345 -0.433020 0.507645
v -0.163237 -0.429121 0.506632
v -0.164582 -0.425318 0.505382
v -0.166316 -0.421650 0.503932
v -0.168373 -0.418151 0.502326
v -0.170685 -0.414840 0.500602
v -0.179617 -0.408950 0.504022
v -0.187119 -0.405957 0.509490
v -0.195814 -0.402774 0.515119
v -0.205783 -0.399444 0.520781
v -0.217045 -0.396034 0.526306
v -0.229534 -0.392634 0.531487
v -0.243071 -0.389354 0.536099
v -0.257364 -0.386307 0.539937
v -0.272032 -0.383599 0.542836
v -0.286646 -0.381310 0.544714
v -0.300794 -0.379480 0.545574
v -0.314138 -0.378110 0.545502
v -0.326444 -0.377169 0.544637
v -0.337577 -0.376604 0.543145
v -0.347504 -0.376349 0.541198
v -0.356265 -0.376340 0.538946
v -0.366949 -0.378609 0.539403
v -0.369869 -0.380954 0.542162
v -0.372645 -0.383561 0.544724
v -0.375214 -0.386434 0.547024
v -0.377516 -0.389564 0.548995
v -0.379483 -0.392935 0.550573
v -0.381065 -0.396518 0.551702
v -0.382214 -0.400276 0.552341
v -0.382905 -0.404159 0.552470
v -0.383126 -0.408115 0.552085
v -0.382889 -0.412089 0.551205
v -0.382220 -0.416026 0.549869
v -0.381161 -0.419877 0.548130
v -0.379766 -0.423601 0.546047
v -0.378087 -0.427164 0.543689
v -0.376185 -0.430544 0.541121
v -0.392418 -0.436585 0.389236
v -0.395573 -0.436888 0.397263
v -0.398465 -0.437159 0.406054
v -0.400970 -0.437383 0.415585
v -0.402960 -0.437546 0.425783
v -0.404310 -0.437635 0.436534
v -0.404910 -0.437640 0.447671
v -0.404685 -0.437551 0.458989
v -0.403605 -0.437369 0.470255
v -0.401696 -0.437095 0.481240
v -0.399021 -0.436742 0.491733
v -0.395701 -0.436319 0.501564
v -0.391865 -0.435844 0.510614
v -0.387660 -0.435333 0.518822
v -0.383223 -0.434801 0.526170
v -0.378674 -0.434261 0.532682
v -0.368103 -0.374812 0.530715
v -0.372262 -0.373158 0.524130
v -0.376329 -0.371604 0.516712
v -0.380196 -0.370204 0.508442
v -0.383737 -0.369019 0.499334
v -0.386823 -0.368112 0.489459
v -0.389331 -0.367534 0.478933
v -0.391157 -0.367327 0.467931
v -0.392236 -0.367510 0.456662
v -0.392547 -0.368079 0.445359
v -0.392112 -0.369007 0.434250
v -0.390997 -0.370249 0.423543
v -0.389301 -0.371745 0.413398
v -0.387135 -0.373433 0.403931
v -0.384614 -0.375249 0.395208
v -0.381848 -0.377139 0.387251
v -0.382374 -0.381219 0.378425
v -0.385704 -0.383634 0.376891
v -0.388859 -0.386306 0.375490
v -0.391767 -0.389235 0.374260
v -0.394355 -0.392414 0.373242
v -0.396547 -0.395823 0.372473
v -0.398283 -0.399433 0.371985
v -0.399513 -0.403203 0.371800
v -0.400202 -0.407086 0.371930
v -0.400345 -0.411028 0.372373
v -0.399953 -0.414975 0.373112
v -0.399058 -0.418874 0.374125
v -0.397713 -0.422677 0.375376
v -0.395977 -0.426343 0.376827
v -0.393921 -0.429841 0.378434
v -0.391608 -0.433151 0.380159
v -0.206058 -0.471644 0.341823
v -0.214819 -0.471635 0.339571
v -0.224748 -0.471380 0.337624
v -0.235879 -0.470815 0.336136
v -0.248181 -0.469874 0.335272
v -0.261522 -0.468505 0.335201
v -0.275668 -0.466675 0.336063
v -0.290277 -0.464386 0.337941
v -0.304940 -0.461679 0.340838
v -0.319231 -0.458633 0.344675
v -0.332764 -0.455353 0.349286
v -0.345251 -0.451955 0.354464
v -0.356512 -0.448546 0.359986
v -0.366478 -0.445216 0.365646
v -0.375172 -0.442033 0.371273
v -0.382675 -0.439040 0.376740
v -0.372001 -0.379002 0.374736
v -0.363988 -0.379140 0.369172
v -0.354795 -0.379518 0.363449
v -0.344355 -0.380201 0.357699
v -0.332674 -0.381247 0.352096
v -0.319839 -0.382702 0.346852
v -0.306055 -0.384595 0.342193
v -0.291634 -0.386916 0.338333
v -0.276967 -0.389624 0.335433
v -0.262485 -0.392638 0.333579
v -0.248583 -0.395856 0.332765
v -0.235586 -0.399170 0.332902
v -0.223705 -0.402474 0.333846
v -0.213042 -0.405687 0.335424
v -0.203612 -0.408745 0.337466
v -0.195360 -0.411611 0.339813
v -0.186120 -0.417449 0.339623
v -0.184220 -0.420828 0.337057
v -0.182543 -0.424392 0.334700
v -0.181147 -0.428117 0.332619
v -0.180091 -0.431968 0.330880
v -0.179424 -0.435905 0.329547
v -0.179188 -0.439878 0.328669
v -0.179411 -0.443834 0.328286
v -0.180103 -0.447717 0.328416
v -0.181255 -0.451473 0.329057
v -0.182838 -0.455055 0.330189
v -0.184806 -0.458426 0.331768
v -0.187107 -0.461555 0.333739
v -0.189679 -0.464426 0.336041
v -0.192454 -0.467033 0.338604
v -0.195375 -0.469377 0.341363
v -0.180469 -0.470851 0.493495
v -0.177705 -0.472740 0.485539
v -0.175187 -0.474556 0.476817
v -0.173022 -0.476243 0.467350
v -0.171327 -0.477739 0.457205
v -0.170214 -0.478980 0.446497
v -0.169781 -0.479908 0.435390
v -0.170094 -0.480476 0.424090
v -0.171174 -0.480658 0.412824
v -0.173001 -0.480451 0.401822
v -0.175507 -0.479873 0.391299
v -0.178592 -0.478966 0.381425
v -0.182134 -0.477781 0.372320
v -0.185999 -0.476381 0.364050
v -0.190065 -0.474827 0.356634
v -0.194223 -0.473173 0.350051
v -0.183629 -0.413731 0.348062
v -0.179079 -0.413191 0.354572
v -0.174639 -0.412660 0.361919
v -0.170432 -0.412149 0.370126
v -0.166596 -0.411675 0.379177
v -0.163272 -0.411252 0.389009
v -0.160598 -0.410897 0.399502
v -0.158685 -0.410625 0.410488
v -0.157605 -0.410442 0.421757
v -0.157378 -0.410353 0.433076
v -0.157979 -0.410357 0.444216
v -0.159329 -0.410446 0.454968
v -0.161319 -0.410609 0.465170
v -0.163825 -0.410833 0.474701
v -0.166718 -0.411102 0.483494
v -0.169873 -0.411406 0.491524
v -0.374979 -0.376886 0.381963
v -0.366945 -0.376816 0.376360
v -0.357608 -0.376996 0.370522
v -0.346869 -0.377499 0.364581
v -0.334701 -0.378408 0.358718
v -0.321183 -0.379792 0.353172
v -0.306538 -0.381694 0.348204
v -0.291132 -0.384116 0.344069
v -0.275441 -0.387012 0.340967
v -0.259988 -0.390287 0.339000
v -0.245253 -0.393809 0.338159
v -0.231611 -0.397439 0.338337
v -0.219292 -0.401051 0.339359
v -0.208388 -0.404541 0.341021
v -0.198877 -0.407842 0.343134
v -0.190668 -0.410911 0.345525
v -0.377842 -0.374774 0.390049
v -0.369824 -0.374468 0.384509
v -0.360384 -0.374411 0.378657
v -0.349375 -0.374696 0.372611
v -0.336734 -0.375425 0.366560
v -0.322519 -0.376697 0.360757
v -0.306969 -0.378584 0.355503
v -0.290510 -0.381101 0.351096
v -0.273722 -0.384200 0.347777
v -0.257239 -0.387764 0.345670
v -0.241643 -0.391627 0.344769
v -0.227365 -0.395615 0.344937
v -0.214649 -0.399566 0.345975
v -0.203559 -0.403361 0.347652
v -0.194032 -0.406920 0.349754
v -0.185932 -0.410202 0.352108
v -0.380487 -0.372719 0.399023
v -0.372520 -0.372156 0.393680
v -0.363017 -0.371830 0.387947
v -0.351776 -0.371855 0.381928
v -0.338690 -0.372361 0.375802
v -0.323780 -0.373481 0.369832
v -0.307301 -0.375321 0.364346
v -0.289742 -0.377921 0.359689
v -0.271801 -0.381233 0.356141
v -0.254255 -0.385113 0.353859
v -0.237795 -0.389354 0.352833
v -0.222914 -0.393733 0.352913
v -0.209858 -0.398053 0.353869
v -0.198655 -0.402172 0.355452
v -0.189186 -0.406000 0.357434
v -0.181254 -0.409499 0.359634
v -0.382790 -0.370790 0.408880
v -0.374902 -0.369957 0.403889
v -0.365369 -0.369343 0.398446
v -0.353941 -0.369078 0.392629
v -0.340446 -0.369322 0.386594
v -0.324872 -0.370249 0.380598
v -0.307468 -0.372009 0.374980
v -0.288797 -0.374676 0.370120
v -0.269693 -0.378202 0.366342
v -0.251084 -0.382418 0.363832
v -0.233797 -0.387062 0.362592
v -0.218378 -0.391855 0.362461
v -0.205061 -0.396560 0.363194
v -0.193824 -0.401010 0.364532
v -0.184479 -0.405110 0.366242
v -0.176771 -0.408822 0.368149
v -0.384619 -0.369064 0.419560
v -0.376814 -0.367968 0.415093
v -0.367276 -0.367063 0.410137
v -0.355701 -0.366497 0.404733
v -0.341851 -0.366459 0.399006
v -0.325665 -0.367166 0.393178
v -0.307388 -0.368818 0.387580
v -0.287655 -0.371528 0.382605
v -0.267435 -0.375261 0.378606
v -0.247830 -0.379812 0.375806
v -0.229798 -0.384864 0.374224
v -0.213932 -0.390073 0.373716
v -0.200447 -0.395157 0.374040
v -0.189253 -0.399927 0.374941
v -0.180090 -0.404284 0.376200
v -0.172641 -0.408196 0.377651
v -0.385839 -0.367621 0.430941
v -0.378104 -0.366292 0.427168
v -0.368564 -0.365124 0.422900
v -0.356870 -0.364277 0.418141
v -0.342722 -0.363965 0.412967
v -0.326014 -0.364448 0.407547
v -0.306977 -0.365977 0.402168
v -0.286302 -0.368710 0.397199
v -0.265103 -0.372623 0.393008
v -0.244648 -0.377483 0.389844
v -0.226007 -0.382909 0.387775
v -0.209820 -0.388500 0.386691
v -0.196260 -0.393926 0.386388
v -0.185167 -0.398980 0.386642
v -0.176219 -0.403560 0.387255
v -0.169035 -0.407644 0.388078
v -0.386330 -0.366541 0.442834
v -0.378625 -0.365031 0.439898
v -0.369069 -0.363657 0.436495
v -0.357269 -0.362585 0.432595
v -0.342888 -0.362050 0.428213
v -0.325773 -0.362343 0.423447
v -0.306148 -0.363759 0.418504
v -0.284757 -0.366497 0.413690
v -0.262821 -0.370547 0.409353
v -0.241744 -0.375648 0.405770
v -0.222691 -0.381372 0.403067
v -0.206318 -0.387261 0.401214
v -0.192764 -0.392954 0.400072
v -0.181806 -0.398226 0.399473
v -0.173064 -0.402979 0.399257
v -0.166118 -0.407193 0.399298
v -0.386010 -0.365883 0.454993
v -0.378280 -0.364269 0.452984
v -0.368668 -0.362775 0.450567
v -0.356766 -0.361572 0.447677
v -0.342214 -0.360902 0.444270
v -0.324840 -0.361078 0.440357
v -0.304865 -0.362422 0.436038
v -0.283067 -0.365156 0.431525
v -0.260732 -0.369278 0.427109
v -0.239342 -0.374518 0.423084
v -0.220110 -0.380412 0.419651
v -0.203693 -0.386473 0.416885
v -0.190203 -0.392319 0.414748
v -0.179380 -0.397719 0.413145
v -0.170802 -0.402571 0.411965
v -0.164033 -0.406861 0.411106
v -0.384846 -0.365687 0.467131
v -0.377025 -0.364057 0.466074
v -0.367314 -0.362547 0.464682
v -0.355312 -0.361325 0.462858
v -0.340659 -0.360639 0.460502
v -0.323194 -0.360800 0.457537
v -0.303148 -0.362131 0.453953
v -0.281311 -0.364858 0.449843
v -0.258976 -0.368981 0.445428
v -0.237623 -0.374227 0.440999
v -0.218462 -0.380133 0.436832
v -0.202138 -0.386210 0.433116
v -0.188748 -0.392073 0.429927
v -0.178026 -0.397490 0.427259
v -0.169547 -0.402359 0.425056
v -0.162869 -0.406665 0.423245
v -0.382868 -0.365954 0.478960
v -0.374897 -0.364400 0.478809
v -0.365055 -0.362978 0.478386
v -0.352960 -0.361855 0.477573
v -0.338287 -0.361271 0.476222
v -0.320912 -0.361519 0.474178
v -0.301087 -0.362901 0.471331
v -0.279583 -0.365621 0.467668
v -0.257647 -0.369670 0.463330
v -0.236680 -0.374790 0.458598
v -0.217827 -0.380548 0.453799
v -0.201715 -0.386482 0.449221
v -0.188450 -0.392224 0.445049
v -0.177789 -0.397547 0.441363
v -0.169332 -0.402348 0.438167
v -0.162655 -0.406607 0.435423
v -0.380160 -0.366659 0.490219
v -0.372002 -0.365258 0.490860
v -0.362014 -0.364014 0.491278
v -0.349858 -0.363088 0.491330
v -0.335262 -0.362701 0.490835
v -0.318154 -0.363116 0.489577
v -0.298811 -0.364593 0.487375
v -0.277969 -0.367298 0.484141
v -0.256770 -0.371212 0.479950
v -0.236479 -0.376100 0.475053
v -0.218143 -0.381578 0.469804
v -0.202354 -0.387236 0.464557
v -0.189242 -0.392739 0.459576
v -0.178612 -0.397871 0.455019
v -0.170109 -0.402528 0.450945
v -0.163351 -0.406683 0.447356
v -0.376846 -0.367747 0.500702
v -0.368491 -0.366558 0.501982
v -0.358373 -0.365556 0.503062
v -0.346210 -0.364889 0.503783
v -0.331797 -0.364756 0.503932
v -0.315116 -0.365379 0.503271
v -0.296465 -0.366967 0.501574
v -0.276526 -0.369644 0.498710
v -0.256305 -0.373377 0.494712
v -0.236901 -0.377963 0.489799
v -0.219240 -0.383078 0.484316
v -0.203872 -0.388371 0.478641
v -0.190949 -0.393551 0.473087
v -0.180341 -0.398420 0.467866
v -0.171757 -0.402876 0.463088
v -0.164860 -0.406881 0.458793
v -0.373076 -0.369146 0.510272
v -0.364540 -0.368203 0.512024
v -0.354338 -0.367475 0.513574
v -0.342241 -0.367095 0.514749
v -0.328111 -0.367232 0.515330
v -0.311985 -0.368067 0.515068
v -0.294171 -0.369758 0.513728
v -0.275279 -0.372386 0.511166
v -0.256172 -0.375914 0.507388
v -0.237783 -0.380167 0.502581
v -0.220905 -0.384881 0.497061
v -0.206034 -0.389768 0.491196
v -0.193351 -0.394581 0.485314
v -0.182785 -0.399144 0.479658
v -0.174110 -0.403357 0.474376
v -0.167048 -0.407179 0.469541
v -0.369004 -0.370776 0.518866
v -0.360329 -0.370091 0.520927
v -0.350097 -0.369643 0.522765
v -0.338144 -0.369546 0.524207
v -0.324388 -0.369939 0.525034
v -0.308911 -0.370963 0.525002
v -0.292012 -0.372731 0.523893
v -0.274226 -0.375295 0.521567
v -0.256284 -0.378607 0.518020
v -0.238959 -0.382525 0.513404
v -0.222919 -0.386837 0.508002
v -0.208607 -0.391313 0.502144
v -0.196217 -0.395746 0.496149
v -0.185729 -0.399985 0.490269
v -0.176984 -0.403937 0.484679
v -0.169763 -0.407557 0.479475
v -0.364770 -0.372561 0.526476
v -0.356007 -0.372129 0.528704
v -0.345816 -0.371945 0.530683
v -0.334080 -0.372105 0.532240
v -0.320768 -0.372722 0.533165
v -0.305989 -0.373899 0.533242
v -0.290028 -0.375715 0.532271
v -0.273351 -0.378196 0.530129
v -0.256560 -0.381296 0.526809
v -0.240294 -0.384896 0.522438
v -0.225107 -0.388830 0.517252
v -0.211391 -0.392913 0.511542
v -0.199343 -0.396978 0.505602
v -0.188983 -0.400897 0.499676
v -0.180207 -0.404583 0.493949
v -0.172851 -0.407990 0.488534
v -0.360492 -0.374434 0.533146
v -0.351703 -0.374236 0.535429
v -0.341615 -0.374287 0.537432
v -0.330157 -0.374671 0.538992
v -0.317336 -0.375469 0.539919
v -0.303276 -0.376761 0.540019
v -0.288241 -0.378596 0.539124
v -0.272628 -0.380985 0.537126
v -0.256937 -0.383881 0.534024
v -0.241686 -0.387190 0.529919
v -0.227341 -0.390778 0.525007
v -0.214239 -0.394501 0.519537
v -0.202572 -0.398223 0.513769
v -0.192384 -0.401836 0.507930
v -0.183626 -0.405264 0.502200
v -0.176173 -0.408460 0.496705
v -0.371634 -0.437081 0.535218
v -0.363427 -0.440151 0.537607
v -0.353917 -0.443451 0.539717
v -0.343013 -0.446942 0.541379
v -0.330695 -0.450554 0.542398
v -0.317054 -0.454185 0.542574
v -0.302323 -0.457706 0.541733
v -0.286870 -0.460980 0.539765
v -0.271182 -0.463876 0.536664
v -0.255777 -0.466299 0.532531
v -0.241134 -0.468200 0.527565
v -0.227618 -0.469582 0.522020
v -0.215451 -0.470491 0.516159
v -0.204711 -0.470996 0.510219
v -0.195374 -0.471174 0.504383
v -0.187339 -0.471104 0.498782
v -0.376369 -0.437792 0.528634
v -0.368269 -0.441073 0.530983
v -0.358743 -0.444632 0.533085
v -0.347654 -0.448427 0.534760
v -0.334938 -0.452379 0.535795
v -0.320662 -0.456366 0.535963
v -0.305070 -0.460229 0.535059
v -0.288590 -0.463792 0.532953
v -0.271802 -0.466891 0.529635
v -0.255347 -0.469408 0.525229
v -0.239799 -0.471293 0.519976
v -0.225586 -0.472565 0.514176
v -0.212945 -0.473296 0.508127
v -0.201939 -0.473579 0.502084
v -0.192497 -0.473521 0.496234
v -0.184478 -0.473216 0.490696
v -0.381045 -0.438494 0.521106
v -0.373113 -0.441993 0.523303
v -0.363644 -0.445822 0.525283
v -0.352441 -0.449941 0.526863
v -0.339387 -0.454261 0.527817
v -0.324510 -0.458638 0.527895
v -0.308052 -0.462879 0.526868
v -0.290509 -0.466759 0.524585
v -0.272571 -0.470070 0.521040
v -0.255017 -0.472670 0.516383
v -0.238540 -0.474509 0.510900
v -0.223633 -0.475629 0.504932
v -0.210546 -0.476135 0.498810
v -0.199308 -0.476159 0.492794
v -0.189802 -0.475834 0.487063
v -0.181835 -0.475269 0.481722
v -0.385526 -0.439171 0.512590
v -0.377818 -0.442883 0.514495
v -0.368474 -0.446983 0.516202
v -0.357236 -0.451432 0.517536
v -0.343923 -0.456137 0.518268
v -0.328505 -0.460930 0.518135
v -0.311222 -0.465573 0.516892
v -0.292619 -0.469788 0.514382
v -0.273518 -0.473314 0.510606
v -0.254851 -0.475979 0.505748
v -0.237452 -0.477738 0.500133
v -0.221879 -0.478666 0.494139
v -0.208384 -0.478912 0.488108
v -0.196958 -0.478645 0.482294
v -0.187424 -0.478031 0.476854
v -0.179533 -0.477198 0.471865
v -0.389655 -0.439797 0.503088
v -0.382204 -0.443709 0.504536
v -0.373041 -0.448066 0.505792
v -0.361847 -0.452836 0.506690
v -0.348363 -0.457919 0.507011
v -0.332503 -0.463127 0.506501
v -0.314473 -0.468177 0.504918
v -0.294875 -0.472727 0.502117
v -0.274661 -0.476459 0.498121
v -0.254932 -0.479169 0.493146
v -0.236662 -0.480820 0.487553
v -0.220477 -0.481527 0.481728
v -0.206629 -0.481490 0.476004
v -0.195053 -0.480923 0.470604
v -0.185513 -0.480020 0.465650
v -0.177707 -0.478924 0.461186
v -0.393259 -0.440348 0.492661
v -0.386074 -0.444433 0.493483
v -0.377122 -0.449013 0.494093
v -0.366030 -0.454067 0.494343
v -0.352472 -0.459492 0.494036
v -0.336288 -0.465080 0.492951
v -0.317653 -0.470505 0.490880
v -0.297205 -0.475363 0.487717
v -0.276014 -0.479275 0.483527
v -0.255347 -0.482007 0.478561
v -0.236314 -0.483535 0.473186
v -0.219608 -0.484019 0.467769
v -0.205462 -0.483709 0.462598
v -0.193766 -0.482862 0.457843
v -0.184227 -0.481694 0.453576
v -0.176489 -0.480365 0.449806
v -0.396172 -0.440801 0.481442
v -0.389226 -0.445015 0.481481
v -0.380481 -0.449767 0.481262
v -0.369524 -0.455038 0.480661
v -0.355970 -0.460729 0.479517
v -0.339602 -0.466616 0.477661
v -0.320556 -0.472337 0.474958
v -0.299486 -0.477437 0.471375
v -0.277560 -0.481485 0.467040
v -0.256177 -0.484222 0.462230
v -0.236556 -0.485639 0.457289
v -0.219444 -0.485933 0.452526
v -0.205065 -0.485398 0.448148
v -0.193265 -0.484328 0.444250
v -0.183706 -0.482954 0.440849
v -0.176000 -0.481445 0.437914
v -0.398255 -0.441133 0.469634
v -0.391485 -0.445422 0.468774
v -0.382906 -0.450273 0.467593
v -0.372082 -0.455672 0.465988
v -0.358592 -0.461516 0.463850
v -0.342181 -0.467575 0.461082
v -0.322955 -0.473466 0.457650
v -0.301574 -0.478702 0.453626
v -0.279249 -0.482824 0.449212
v -0.257459 -0.485557 0.444701
v -0.237491 -0.486902 0.440384
v -0.220120 -0.487079 0.436474
v -0.205571 -0.486411 0.433069
v -0.193668 -0.485208 0.430181
v -0.184054 -0.483715 0.427766
v -0.176322 -0.482102 0.425758
v -0.399418 -0.441328 0.457498
v -0.392739 -0.445635 0.455687
v -0.384260 -0.450502 0.453483
v -0.373536 -0.455918 0.450813
v -0.360147 -0.461779 0.447624
v -0.343827 -0.467853 0.443908
v -0.324672 -0.473755 0.439742
v -0.303327 -0.478998 0.435314
v -0.281003 -0.483120 0.430901
v -0.259176 -0.485846 0.426794
v -0.239138 -0.487179 0.423211
v -0.221676 -0.487341 0.420249
v -0.207025 -0.486656 0.417894
v -0.195020 -0.485436 0.416070
v -0.185309 -0.483927 0.414678
v -0.177485 -0.482299 0.413623
v -0.399632 -0.441386 0.445323
v -0.392953 -0.445644 0.442579
v -0.384493 -0.450445 0.439382
v -0.373832 -0.455766 0.435697
v -0.360568 -0.461506 0.431524
v -0.344461 -0.467436 0.426949
v -0.325615 -0.473192 0.422152
v -0.304656 -0.478309 0.417420
v -0.282731 -0.482357 0.413086
v -0.261238 -0.485076 0.409424
v -0.241418 -0.486460 0.406577
v -0.224047 -0.486708 0.404534
v -0.209376 -0.486125 0.403183
v -0.197281 -0.485005 0.402370
v -0.187436 -0.483585 0.401947
v -0.179464 -0.482030 0.401795
v -0.398936 -0.441308 0.433394
v -0.392175 -0.445464 0.429805
v -0.383672 -0.450120 0.425732
v -0.373041 -0.455251 0.421174
v -0.359930 -0.460752 0.416195
v -0.344145 -0.466407 0.410950
v -0.325816 -0.471883 0.405705
v -0.305534 -0.476769 0.400810
v -0.284344 -0.480680 0.396621
v -0.263512 -0.483385 0.393387
v -0.244176 -0.484862 0.391185
v -0.227071 -0.485278 0.389928
v -0.212478 -0.484892 0.389430
v -0.200322 -0.483967 0.389482
v -0.190332 -0.482725 0.389900
v -0.182171 -0.481325 0.390539
v -0.397427 -0.441111 0.421960
v -0.390528 -0.445116 0.417665
v -0.381943 -0.449570 0.412888
v -0.371334 -0.454438 0.407669
v -0.358413 -0.459617 0.402118
v -0.343047 -0.464908 0.396445
v -0.325392 -0.470021 0.390965
v -0.306000 -0.474604 0.386054
v -0.285785 -0.478336 0.382058
v -0.265856 -0.481012 0.379195
v -0.247211 -0.482600 0.377497
v -0.230534 -0.483224 0.376835
v -0.216122 -0.483092 0.376983
v -0.203960 -0.482427 0.377701
v -0.193842 -0.481425 0.378779
v -0.185484 -0.480236 0.380058
v -0.395238 -0.440812 0.411213
v -0.388176 -0.444634 0.406380
v -0.379501 -0.448847 0.401100
v -0.368934 -0.453409 0.395446
v -0.356254 -0.458220 0.389566
v -0.341386 -0.463105 0.383704
v -0.324514 -0.467817 0.378188
v -0.306131 -0.472068 0.373383
v -0.287031 -0.475594 0.369607
v -0.268148 -0.478222 0.367044
v -0.250339 -0.479913 0.365703
v -0.234218 -0.480748 0.365439
v -0.220090 -0.480886 0.366018
v -0.207995 -0.480508 0.367192
v -0.197791 -0.479781 0.368740
v -0.189253 -0.478839 0.370489
v -0.392526 -0.440436 0.401282
v -0.385302 -0.444054 0.396080
v -0.376558 -0.448005 0.390492
v -0.366071 -0.452243 0.384614
v -0.353681 -0.456676 0.378623
v -0.339375 -0.461149 0.372767
v -0.323338 -0.465460 0.367367
v -0.306019 -0.469377 0.362754
v -0.288085 -0.472688 0.359208
v -0.270307 -0.475250 0.356882
v -0.253412 -0.477018 0.355772
v -0.237937 -0.478043 0.355739
v -0.224184 -0.478436 0.356563
v -0.212231 -0.478340 0.358003
v -0.202001 -0.477892 0.359840
v -0.193325 -0.477209 0.361899
v -0.389440 -0.440001 0.392225
v -0.382083 -0.443408 0.386813
v -0.373308 -0.447094 0.381086
v -0.362946 -0.451011 0.375164
v -0.350899 -0.455075 0.369226
v -0.337186 -0.459157 0.363520
v -0.322007 -0.463089 0.358335
v -0.305744 -0.466689 0.353966
v -0.288959 -0.469787 0.350648
v -0.272287 -0.472268 0.348506
v -0.256331 -0.474084 0.347533
v -0.241556 -0.475260 0.347607
v -0.228247 -0.475877 0.348533
v -0.216510 -0.476039 0.350087
v -0.206319 -0.475855 0.352063
v -0.197557 -0.475423 0.354290
v -0.386118 -0.439530 0.384054
v -0.378664 -0.442727 0.378563
v -0.369906 -0.446154 0.372835
v -0.359721 -0.449766 0.366998
v -0.348054 -0.453487 0.361232
v -0.334956 -0.457209 0.355765
v -0.320615 -0.460796 0.350855
v -0.305368 -0.464104 0.346752
v -0.289681 -0.467000 0.343650
v -0.274073 -0.469388 0.341654
v -0.259043 -0.471223 0.340757
v -0.244986 -0.472515 0.340854
v -0.232167 -0.473313 0.341780
v -0.220710 -0.473696 0.343338
v -0.210623 -0.473748 0.345340
v -0.201832 -0.473550 0.347621
v -0.190859 -0.471106 0.347104
v -0.186323 -0.472795 0.353681
v -0.181861 -0.474395 0.361157
v -0.177602 -0.475845 0.369563
v -0.173692 -0.477081 0.378893
v -0.170282 -0.478034 0.389079
v -0.167524 -0.478643 0.399999
v -0.165539 -0.478865 0.411461
v -0.164411 -0.478675 0.423225
v -0.164165 -0.478077 0.435032
v -0.164765 -0.477103 0.446616
v -0.166130 -0.475805 0.457752
v -0.168139 -0.474248 0.468256
v -0.170657 -0.472504 0.478007
v -0.173545 -0.470639 0.486940
v -0.176676 -0.468711 0.495038
v -0.187578 -0.468763 0.344273
v -0.182649 -0.470466 0.350824
v -0.177779 -0.472089 0.358336
v -0.173107 -0.473571 0.366856
v -0.168804 -0.474842 0.376390
v -0.165050 -0.475828 0.386875
v -0.162024 -0.476462 0.398177
v -0.159874 -0.476692 0.410093
v -0.158698 -0.476494 0.422354
v -0.158525 -0.475871 0.434662
v -0.159311 -0.474859 0.446721
v -0.160950 -0.473517 0.458276
v -0.163300 -0.471916 0.469128
v -0.166193 -0.470133 0.479149
v -0.169469 -0.468240 0.488275
v -0.172981 -0.466299 0.496502
v -0.184445 -0.466130 0.341624
v -0.179125 -0.467817 0.348133
v -0.173843 -0.469437 0.355659
v -0.168752 -0.470926 0.364269
v -0.164046 -0.472210 0.373981
v -0.159937 -0.473211 0.384739
v -0.156634 -0.473857 0.396406
v -0.154315 -0.474090 0.408757
v -0.153092 -0.473885 0.421496
v -0.153001 -0.473244 0.434289
v -0.153986 -0.472207 0.446805
v -0.155915 -0.470838 0.458760
v -0.158619 -0.469216 0.469941
v -0.161900 -0.467421 0.480211
v -0.165569 -0.465529 0.489513
v -0.169466 -0.463600 0.497847
v -0.181535 -0.463201 0.339231
v -0.175843 -0.464840 0.345685
v -0.170159 -0.466424 0.353207
v -0.164659 -0.467888 0.361884
v -0.159558 -0.469157 0.371745
v -0.155098 -0.470149 0.382744
v -0.151518 -0.470790 0.394741
v -0.149030 -0.471018 0.407494
v -0.147765 -0.470805 0.420677
v -0.147760 -0.470155 0.433921
v -0.148947 -0.469112 0.446862
v -0.151174 -0.467741 0.459186
v -0.154229 -0.466127 0.470664
v -0.157889 -0.464353 0.481155
v -0.161945 -0.462494 0.490609
v -0.166212 -0.460614 0.499035
v -0.178927 -0.459980 0.337170
v -0.172895 -0.461535 0.343562
v -0.166846 -0.463044 0.351069
v -0.160968 -0.464446 0.359790
v -0.155498 -0.465666 0.369769
v -0.150708 -0.466622 0.380969
v -0.146871 -0.467238 0.393249
v -0.144226 -0.467450 0.406352
v -0.142924 -0.467231 0.419927
v -0.143004 -0.466585 0.433570
v -0.144385 -0.465556 0.446883
v -0.146890 -0.464213 0.459528
v -0.150278 -0.462642 0.471262
v -0.154296 -0.460926 0.481943
v -0.158707 -0.459139 0.491523
v -0.163313 -0.457342 0.500022
v -0.176701 -0.456483 0.335511
v -0.170381 -0.457917 0.341846
v -0.164022 -0.459312 0.349331
v -0.157822 -0.460612 0.358077
v -0.152035 -0.461746 0.368142
v -0.146960 -0.462634 0.379498
v -0.142900 -0.463202 0.392003
v -0.140118 -0.463388 0.405387
v -0.138786 -0.463163 0.419280
v -0.138944 -0.462534 0.433246
v -0.140500 -0.461544 0.446862
v -0.143246 -0.460264 0.459768
v -0.146923 -0.458773 0.471707
v -0.151249 -0.457156 0.482537
v -0.155961 -0.455482 0.492214
v -0.160854 -0.453807 0.500770
v -0.174924 -0.452741 0.334319
v -0.168387 -0.454017 0.340609
v -0.161794 -0.455262 0.348071
v -0.155349 -0.456422 0.356827
v -0.149323 -0.457432 0.366947
v -0.144033 -0.458220 0.378408
v -0.139804 -0.458715 0.391067
v -0.136921 -0.458862 0.404649
v -0.135566 -0.458634 0.418767
v -0.135786 -0.458037 0.432964
v -0.137474 -0.457113 0.446794
v -0.140411 -0.455927 0.459884
v -0.144306 -0.454557 0.471968
v -0.148863 -0.453078 0.482903
v -0.153808 -0.451556 0.492648
v -0.158918 -0.450038 0.501242
v -0.173653 -0.448798 0.333642
v -0.166985 -0.449887 0.339902
v -0.160252 -0.450946 0.347347
v -0.153660 -0.451932 0.356106
v -0.147491 -0.452787 0.366249
v -0.142073 -0.453445 0.377760
v -0.137746 -0.453848 0.390498
v -0.134803 -0.453946 0.404182
v -0.133437 -0.453716 0.418415
v -0.133694 -0.453164 0.432733
v -0.135465 -0.452329 0.446677
v -0.138513 -0.451271 0.459863
v -0.142541 -0.450055 0.472025
v -0.147240 -0.448750 0.483017
v -0.152323 -0.447411 0.492801
v -0.157565 -0.446082 0.501418
v -0.172925 -0.444709 0.333505
v -0.166219 -0.445587 0.339758
v -0.159446 -0.446437 0.347197
v -0.152819 -0.447223 0.355948
v -0.146620 -0.447896 0.366086
v -0.141174 -0.448406 0.377591
v -0.136827 -0.448701 0.390325
v -0.133874 -0.448742 0.404008
v -0.132510 -0.448512 0.418242
v -0.132776 -0.448017 0.432561
v -0.134565 -0.447290 0.446508
v -0.137642 -0.446380 0.459701
v -0.141702 -0.445345 0.471868
v -0.146435 -0.444240 0.482867
v -0.151556 -0.443110 0.492658
v -0.156836 -0.441992 0.501281
v -0.172747 -0.440536 0.333910
v -0.166101 -0.441189 0.340178
v -0.159396 -0.441817 0.347620
v -0.152846 -0.442390 0.356358
v -0.146725 -0.442870 0.366460
v -0.141356 -0.443217 0.377906
v -0.137070 -0.443397 0.390556
v -0.134157 -0.443379 0.404133
v -0.132803 -0.443150 0.418250
v -0.133051 -0.442719 0.432454
v -0.134796 -0.442110 0.446296
v -0.137811 -0.441364 0.459400
v -0.141802 -0.440524 0.471501
v -0.146465 -0.439634 0.482457
v -0.151520 -0.438727 0.492224
v -0.156741 -0.437831 0.500839
v -0.173109 -0.436342 0.334835
v -0.166611 -0.436771 0.341138
v -0.160075 -0.437174 0.348590
v -0.153704 -0.437532 0.357305
v -0.147766 -0.437818 0.367341
v -0.142565 -0.438004 0.378674
v -0.138416 -0.438068 0.391162
v -0.135585 -0.437991 0.404539
v -0.134254 -0.437766 0.418432
v -0.134460 -0.437400 0.432410
v -0.136104 -0.436913 0.446044
v -0.138978 -0.436333 0.458973
v -0.142805 -0.435692 0.470941
v -0.147298 -0.435017 0.481802
v -0.152191 -0.434335 0.491514
v -0.157262 -0.433665 0.500102
v -0.173973 -0.432193 0.336238
v -0.167701 -0.432404 0.342586
v -0.161416 -0.432594 0.350050
v -0.155315 -0.432746 0.358729
v -0.149645 -0.432848 0.368671
v -0.144689 -0.432883 0.379841
v -0.140733 -0.432839 0.392100
v -0.138026 -0.432707 0.405193
v -0.136723 -0.432488 0.418769
v -0.136866 -0.432185 0.432424
v -0.138365 -0.431815 0.445762
v -0.141036 -0.431393 0.458438
v -0.144623 -0.430940 0.470210
v -0.148865 -0.430474 0.480935
v -0.153511 -0.430008 0.490558
v -0.158357 -0.429554 0.499102
v -0.175284 -0.428144 0.338057
v -0.169301 -0.428156 0.344455
v -0.163334 -0.428149 0.351926
v -0.157566 -0.428115 0.360554
v -0.152226 -0.428051 0.370371
v -0.147569 -0.427951 0.381334
v -0.143851 -0.427813 0.393305
v -0.141289 -0.427636 0.406046
v -0.140023 -0.427421 0.419230
v -0.140091 -0.427178 0.432491
v -0.141419 -0.426912 0.445459
v -0.143839 -0.426634 0.457820
v -0.147134 -0.426352 0.469344
v -0.151064 -0.426075 0.479886
v -0.155403 -0.425808 0.489393
v -0.159959 -0.425555 0.497874
v -0.176977 -0.424242 0.340222
v -0.171328 -0.424077 0.346668
v -0.165723 -0.423898 0.354134
v -0.160330 -0.423704 0.362689
v -0.155358 -0.423499 0.372352
v -0.151032 -0.423285 0.383071
v -0.147575 -0.423068 0.394710
v -0.145174 -0.422854 0.407047
v -0.143952 -0.422647 0.419789
v -0.143939 -0.422454 0.432598
v -0.145079 -0.422279 0.445146
v -0.147226 -0.422125 0.457143
v -0.150195 -0.421992 0.468374
v -0.153778 -0.421878 0.478701
v -0.157769 -0.421786 0.488063
v -0.161997 -0.421711 0.496459
v -0.178981 -0.420525 0.342658
v -0.173690 -0.420209 0.349142
v -0.168469 -0.419884 0.356589
v -0.163477 -0.419558 0.365049
v -0.158888 -0.419238 0.374529
v -0.154903 -0.418933 0.384973
v -0.151713 -0.418656 0.396249
v -0.149479 -0.418412 0.408149
v -0.148303 -0.418214 0.420412
v -0.148215 -0.418063 0.432738
v -0.149163 -0.417963 0.444829
v -0.151033 -0.417911 0.456429
v -0.153668 -0.417900 0.467335
v -0.156884 -0.417926 0.477417
v -0.160508 -0.417981 0.486610
v -0.164382 -0.418058 0.494902
v -0.181220 -0.417016 0.345294
v -0.176300 -0.416575 0.351800
v -0.171474 -0.416134 0.359207
v -0.166878 -0.415703 0.367552
v -0.162673 -0.415294 0.376828
v -0.159026 -0.414920 0.386972
v -0.156102 -0.414597 0.397862
v -0.154031 -0.414336 0.409308
v -0.152903 -0.414145 0.421077
v -0.152741 -0.414029 0.432899
v -0.153508 -0.413987 0.444518
v -0.155111 -0.414015 0.455699
v -0.157415 -0.414103 0.466258
v -0.160268 -0.414240 0.476073
v -0.163520 -0.414416 0.485074
v -0.167034 -0.414619 0.493245
v -0.385272 -0.435877 0.374586
v -0.377803 -0.438839 0.368711
v -0.369061 -0.442023 0.362625
v -0.358931 -0.445389 0.356469
v -0.347372 -0.448871 0.350439
v -0.334438 -0.452377 0.344777
v -0.320314 -0.455788 0.339751
v -0.305327 -0.458977 0.335618
v -0.289918 -0.461821 0.332572
v -0.274580 -0.464231 0.330710
v -0.259787 -0.466158 0.330018
v -0.245918 -0.467600 0.330381
v -0.233231 -0.468593 0.331618
v -0.221853 -0.469198 0.333523
v -0.211800 -0.469484 0.335892
v -0.203010 -0.469523 0.338552
v -0.387692 -0.432478 0.372509
v -0.380281 -0.435373 0.366220
v -0.371513 -0.438519 0.359661
v -0.361250 -0.441884 0.352988
v -0.349415 -0.445408 0.346417
v -0.336046 -0.448996 0.340238
v -0.321338 -0.452522 0.334767
v -0.305652 -0.455845 0.330316
v -0.289487 -0.458830 0.327121
v -0.273413 -0.461369 0.325293
v -0.257972 -0.463408 0.324802
v -0.243595 -0.464943 0.325496
v -0.230550 -0.466012 0.327148
v -0.218959 -0.466681 0.329501
v -0.208813 -0.467027 0.332320
v -0.200024 -0.467122 0.335406
v -0.389868 -0.428852 0.370557
v -0.382528 -0.431640 0.363861
v -0.373759 -0.434704 0.356830
v -0.363386 -0.438025 0.349629
v -0.351302 -0.441549 0.342506
v -0.337527 -0.445183 0.335788
v -0.322253 -0.448798 0.329854
v -0.305877 -0.452242 0.325074
v -0.288968 -0.455363 0.321732
v -0.272173 -0.458043 0.319953
v -0.256110 -0.460213 0.319692
v -0.241254 -0.461865 0.320749
v -0.227890 -0.463039 0.322840
v -0.216122 -0.463806 0.325664
v -0.205918 -0.464243 0.328945
v -0.197158 -0.464427 0.332458
v -0.391721 -0.425022 0.368787
v -0.384458 -0.427660 0.361704
v -0.375700 -0.430596 0.354221
v -0.365243 -0.433822 0.346507
v -0.352945 -0.437294 0.338839
v -0.338798 -0.440928 0.331586
v -0.322997 -0.444596 0.325188
v -0.305970 -0.448139 0.320081
v -0.288354 -0.451391 0.316599
v -0.270882 -0.454217 0.314886
v -0.254243 -0.456538 0.314869
v -0.238955 -0.458337 0.316303
v -0.225318 -0.459653 0.318844
v -0.213417 -0.460554 0.322137
v -0.203191 -0.461122 0.325867
v -0.194482 -0.461433 0.329792
v -0.393168 -0.421022 0.367252
v -0.385978 -0.423467 0.359824
v -0.377240 -0.426226 0.351930
v -0.366718 -0.429302 0.343750
v -0.354238 -0.432667 0.335575
v -0.339769 -0.436248 0.327821
v -0.323497 -0.439924 0.320985
v -0.305889 -0.443534 0.315573
v -0.287638 -0.446904 0.311964
v -0.269561 -0.449881 0.310323
v -0.252420 -0.452373 0.310551
v -0.236774 -0.454351 0.312351
v -0.222919 -0.455848 0.315320
v -0.210929 -0.456928 0.319050
v -0.200707 -0.457669 0.323194
v -0.192071 -0.458145 0.327495
v -0.394139 -0.416896 0.366007
v -0.387005 -0.419110 0.358295
v -0.378283 -0.421646 0.350059
v -0.367708 -0.424522 0.341486
v -0.355080 -0.427723 0.332881
v -0.340345 -0.431192 0.324697
v -0.323687 -0.434826 0.317485
v -0.305594 -0.438464 0.311808
v -0.286821 -0.441930 0.308096
v -0.268253 -0.445059 0.306525
v -0.250712 -0.447739 0.306976
v -0.234789 -0.449929 0.309099
v -0.220781 -0.451645 0.312437
v -0.208743 -0.452944 0.316542
v -0.198551 -0.453900 0.321037
v -0.189995 -0.454582 0.325647
v -0.394575 -0.412699 0.365101
v -0.387467 -0.414653 0.357183
v -0.378743 -0.416932 0.348700
v -0.368119 -0.419560 0.339838
v -0.355379 -0.422545 0.330917
v -0.340445 -0.425849 0.322415
v -0.323504 -0.429386 0.314922
v -0.305060 -0.433011 0.309050
v -0.285911 -0.436546 0.305264
v -0.266999 -0.439817 0.303750
v -0.249185 -0.442696 0.304372
v -0.233083 -0.445121 0.306738
v -0.218993 -0.447089 0.310355
v -0.206943 -0.448647 0.314735
v -0.196795 -0.449852 0.319486
v -0.188317 -0.450775 0.324322
v -0.394431 -0.408494 0.364568
v -0.387314 -0.410174 0.356539
v -0.378565 -0.412168 0.347922
v -0.367894 -0.414519 0.338903
v -0.355069 -0.417248 0.329810
v -0.340012 -0.420343 0.321132
v -0.322908 -0.423734 0.313488
v -0.304272 -0.427302 0.307510
v -0.284928 -0.430873 0.303686
v -0.265844 -0.434269 0.302207
v -0.247904 -0.437345 0.302923
v -0.231732 -0.440017 0.305426
v -0.217625 -0.442260 0.309194
v -0.205601 -0.444098 0.313726
v -0.195504 -0.445583 0.318617
v -0.187092 -0.446770 0.323576
v -0.393694 -0.404348 0.364430
v -0.386529 -0.405748 0.356390
v -0.377728 -0.407452 0.347764
v -0.367003 -0.409512 0.338734
v -0.354128 -0.411964 0.329632
v -0.339031 -0.414817 0.320948
v -0.321893 -0.418030 0.313297
v -0.303240 -0.421500 0.307315
v -0.283895 -0.425071 0.303491
v -0.264829 -0.428564 0.302015
v -0.246919 -0.431821 0.302737
v -0.230792 -0.434733 0.305248
v -0.216733 -0.437252 0.309026
v -0.204760 -0.439382 0.313567
v -0.194716 -0.441157 0.318468
v -0.186354 -0.442624 0.323437
v -0.392375 -0.400327 0.364687
v -0.385122 -0.401456 0.356742
v -0.376244 -0.402879 0.348229
v -0.365470 -0.404651 0.339338
v -0.352584 -0.406825 0.330389
v -0.337524 -0.409427 0.321863
v -0.320490 -0.412439 0.314352
v -0.301993 -0.415782 0.308469
v -0.282844 -0.419317 0.304683
v -0.263982 -0.422871 0.303180
v -0.246260 -0.426275 0.303818
v -0.230281 -0.429403 0.306209
v -0.216335 -0.432182 0.309852
v -0.204440 -0.434595 0.314262
v -0.194444 -0.436656 0.319044
v -0.186111 -0.438404 0.323907
v -0.390511 -0.396487 0.365325
v -0.383141 -0.397370 0.357567
v -0.374174 -0.398534 0.349285
v -0.363356 -0.400040 0.340664
v -0.350498 -0.401951 0.332016
v -0.335564 -0.404309 0.323793
v -0.318757 -0.407116 0.316552
v -0.300586 -0.410311 0.310859
v -0.281811 -0.413777 0.307147
v -0.263320 -0.417350 0.305592
v -0.245923 -0.420857 0.306070
v -0.230197 -0.424159 0.308231
v -0.216419 -0.427165 0.311614
v -0.204623 -0.429833 0.315765
v -0.194676 -0.432162 0.320307
v -0.186358 -0.434174 0.324963
v -0.388164 -0.392876 0.366311
v -0.380659 -0.393546 0.358822
v -0.371597 -0.394482 0.350866
v -0.360755 -0.395757 0.342624
v -0.347973 -0.397436 0.334392
v -0.333244 -0.399571 0.326588
v -0.316783 -0.402179 0.319716
v -0.299070 -0.405218 0.314282
v -0.280818 -0.408587 0.310674
v -0.262841 -0.412136 0.309051
v -0.245888 -0.415697 0.309317
v -0.230496 -0.419122 0.311166
v -0.216943 -0.422305 0.314192
v -0.205271 -0.425187 0.317983
v -0.195374 -0.427750 0.322191
v -0.187055 -0.430002 0.326550
v -0.385409 -0.389529 0.367600
v -0.377766 -0.390021 0.360445
v -0.368620 -0.390772 0.352886
v -0.357781 -0.391853 0.345101
v -0.345128 -0.393337 0.337364
v -0.330678 -0.395279 0.330052
v -0.314653 -0.397703 0.323612
v -0.297506 -0.400585 0.318482
v -0.279888 -0.403838 0.314999
v -0.262531 -0.407325 0.313307
v -0.246111 -0.410890 0.313333
v -0.231124 -0.414382 0.314825
v -0.217840 -0.417687 0.317434
v -0.206319 -0.420734 0.320799
v -0.196481 -0.423487 0.324603
v -0.188157 -0.425942 0.328602
v -0.382334 -0.386466 0.369141
v -0.374559 -0.386819 0.362362
v -0.365352 -0.387424 0.355248
v -0.354553 -0.388355 0.347964
v -0.342078 -0.389680 0.340766
v -0.327972 -0.391460 0.333985
v -0.312455 -0.393723 0.328004
v -0.295948 -0.396452 0.323199
v -0.279035 -0.399574 0.319855
v -0.262366 -0.402969 0.318101
v -0.246542 -0.406492 0.317886
v -0.232014 -0.409998 0.319006
v -0.219040 -0.413371 0.321173
v -0.207696 -0.416528 0.324078
v -0.197931 -0.419424 0.327442
v -0.189604 -0.422045 0.331038
v -0.379019 -0.383694 0.370879
v -0.371136 -0.383944 0.364501
v -0.361898 -0.384443 0.357852
v -0.351179 -0.385260 0.351090
v -0.338932 -0.386464 0.344442
v -0.325216 -0.388111 0.338194
v -0.310257 -0.390232 0.332676
v -0.294434 -0.392815 0.328200
v -0.278266 -0.395800 0.325003
v -0.262322 -0.399081 0.323199
v -0.247129 -0.402526 0.322757
v -0.233095 -0.406002 0.323517
v -0.220462 -0.409391 0.325246
v -0.209322 -0.412609 0.327687
v -0.199648 -0.415600 0.330597
v -0.191329 -0.418343 0.333772
v -0.375551 -0.381211 0.372760
v -0.367588 -0.381390 0.366791
v -0.358353 -0.381815 0.360612
v -0.347756 -0.382552 0.354367
v -0.335774 -0.383664 0.348255
v -0.322487 -0.385205 0.342526
v -0.308110 -0.387204 0.337451
v -0.292989 -0.389651 0.333293
v -0.277577 -0.392496 0.330244
v -0.262368 -0.395648 0.328408
v -0.247823 -0.398988 0.327764
v -0.234302 -0.402396 0.328193
v -0.222037 -0.405760 0.329511
v -0.211127 -0.408993 0.331505
v -0.201563 -0.412039 0.333968
v -0.193268 -0.414861 0.336721
v -0.381084 -0.430977 0.535450
v -0.386002 -0.431418 0.528942
v -0.390827 -0.431859 0.521535
v -0.395419 -0.432291 0.513189
v -0.399622 -0.432701 0.503913
v -0.403267 -0.433075 0.493769
v -0.406190 -0.433398 0.482880
v -0.408259 -0.433659 0.471434
v -0.409386 -0.433849 0.459669
v -0.409547 -0.433965 0.447847
v -0.408779 -0.434006 0.436232
v -0.407178 -0.433978 0.425053
v -0.404874 -0.433890 0.414495
v -0.402021 -0.433753 0.404683
v -0.398769 -0.433576 0.395682
v -0.395259 -0.433373 0.387514
v -0.383325 -0.427469 0.538086
v -0.388613 -0.427786 0.531601
v -0.393831 -0.428111 0.524153
v -0.398823 -0.428437 0.515691
v -0.403411 -0.428758 0.506211
v -0.407392 -0.429062 0.495767
v -0.410579 -0.429341 0.484492
v -0.412813 -0.429583 0.472594
v -0.413986 -0.429782 0.460332
v -0.414076 -0.429932 0.448009
v -0.413126 -0.430032 0.435919
v -0.411255 -0.430085 0.424322
v -0.408622 -0.430094 0.413419
v -0.405406 -0.430068 0.403338
v -0.401782 -0.430013 0.394147
v -0.397910 -0.429935 0.385857
v -0.385327 -0.423752 0.540524
v -0.390978 -0.423917 0.534076
v -0.396581 -0.424098 0.526608
v -0.401972 -0.424292 0.518052
v -0.406942 -0.424498 0.508390
v -0.411265 -0.424712 0.497670
v -0.414723 -0.424929 0.486031
v -0.417119 -0.425143 0.473694
v -0.418340 -0.425350 0.460955
v -0.418349 -0.425542 0.448148
v -0.417211 -0.425717 0.435603
v -0.415062 -0.425872 0.423608
v -0.412093 -0.426004 0.412380
v -0.408513 -0.426116 0.402055
v -0.404522 -0.426208 0.392694
v -0.400295 -0.426283 0.384299
v -0.387022 -0.419851 0.542689
v -0.393005 -0.419840 0.536289
v -0.398971 -0.419848 0.528817
v -0.404736 -0.419882 0.520189
v -0.410075 -0.419946 0.510372
v -0.414732 -0.420046 0.499407
v -0.418446 -0.420186 0.487436
v -0.421006 -0.420363 0.474696
v -0.422268 -0.420577 0.461513
v -0.422200 -0.420821 0.448255
v -0.420873 -0.421086 0.435289
v -0.418451 -0.421363 0.422930
v -0.415158 -0.421644 0.411409
v -0.411228 -0.421921 0.400869
v -0.406889 -0.422188 0.391362
v -0.402334 -0.422440 0.382885
v -0.388336 -0.415802 0.544510
v -0.394608 -0.415591 0.538161
v -0.400892 -0.415403 0.530695
v -0.406993 -0.415251 0.522015
v -0.412660 -0.415151 0.512072
v -0.417614 -0.415116 0.500900
v -0.421568 -0.415161 0.488642
v -0.424272 -0.415293 0.475550
v -0.425571 -0.415513 0.461975
v -0.425429 -0.415814 0.448321
v -0.423929 -0.416184 0.434986
v -0.421257 -0.416606 0.422311
v -0.417669 -0.417058 0.410541
v -0.413430 -0.417524 0.399820
v -0.408784 -0.417988 0.390197
v -0.403940 -0.418441 0.381655
v -0.389202 -0.411653 0.545913
v -0.395701 -0.411225 0.539611
v -0.402237 -0.410822 0.532157
v -0.408606 -0.410465 0.523441
v -0.414541 -0.410180 0.513403
v -0.419740 -0.409995 0.502069
v -0.423889 -0.409932 0.489581
v -0.426716 -0.410010 0.476204
v -0.428046 -0.410235 0.462311
v -0.427838 -0.410601 0.448336
v -0.426193 -0.411087 0.434703
v -0.423319 -0.411666 0.421776
v -0.419490 -0.412308 0.409810
v -0.414998 -0.412981 0.398949
v -0.410107 -0.413661 0.389240
v -0.405036 -0.414331 0.380654
v -0.389567 -0.407459 0.546842
v -0.396213 -0.406807 0.540572
v -0.402917 -0.406179 0.533129
v -0.409466 -0.405608 0.524390
v -0.415585 -0.405129 0.514287
v -0.420953 -0.404782 0.502839
v -0.425239 -0.404603 0.490190
v -0.428149 -0.404622 0.476611
v -0.429501 -0.404851 0.462494
v -0.429249 -0.405282 0.448291
v -0.427505 -0.405889 0.434451
v -0.424488 -0.406636 0.421348
v -0.420497 -0.407474 0.409248
v -0.415835 -0.408365 0.398295
v -0.410780 -0.409270 0.388529
v -0.405558 -0.410165 0.379917
v -0.389392 -0.403286 0.547250
v -0.396097 -0.402409 0.540994
v -0.402871 -0.401559 0.533554
v -0.409497 -0.400774 0.524801
v -0.415696 -0.400102 0.514662
v -0.421139 -0.399593 0.503155
v -0.425486 -0.399298 0.490420
v -0.428435 -0.399258 0.476736
v -0.429798 -0.399489 0.462504
v -0.429530 -0.399983 0.448184
v -0.427740 -0.400710 0.434237
v -0.424663 -0.401620 0.421047
v -0.420600 -0.402654 0.408880
v -0.415867 -0.403759 0.397884
v -0.410745 -0.404888 0.388093
v -0.405465 -0.406005 0.379472
v -0.388665 -0.399195 0.547115
v -0.395333 -0.398107 0.540853
v -0.402070 -0.397049 0.533406
v -0.408660 -0.396065 0.524646
v -0.414828 -0.395211 0.514501
v -0.420244 -0.394552 0.502988
v -0.424571 -0.394151 0.490249
v -0.427511 -0.394053 0.476564
v -0.428874 -0.394284 0.462331
v -0.428615 -0.394836 0.448013
v -0.426845 -0.395670 0.434070
v -0.423793 -0.396729 0.420883
v -0.419765 -0.397944 0.408724
v -0.415065 -0.399249 0.397733
v -0.409981 -0.400587 0.387950
v -0.404738 -0.401915 0.379335
v -0.387397 -0.395251 0.546439
v -0.393933 -0.393977 0.540148
v -0.400528 -0.392733 0.532684
v -0.406974 -0.391573 0.523926
v -0.412999 -0.390563 0.513804
v -0.418288 -0.389777 0.502342
v -0.422517 -0.389282 0.489682
v -0.425400 -0.389136 0.476097
v -0.426752 -0.389364 0.461980
v -0.426529 -0.389962 0.447781
v -0.424839 -0.390886 0.433952
v -0.421900 -0.392072 0.420863
v -0.418004 -0.393440 0.408780
v -0.413446 -0.394919 0.397846
v -0.408499 -0.396442 0.388102
v -0.403389 -0.397958 0.379509
v -0.385622 -0.391509 0.545249
v -0.391942 -0.390076 0.538913
v -0.398302 -0.388681 0.531426
v -0.404503 -0.387381 0.522679
v -0.410289 -0.386248 0.512611
v -0.415365 -0.385360 0.501254
v -0.419424 -0.384795 0.488748
v -0.422204 -0.384609 0.475361
v -0.423534 -0.384834 0.461467
v -0.423375 -0.385464 0.447499
v -0.421818 -0.386454 0.433884
v -0.419069 -0.387734 0.420978
v -0.415389 -0.389224 0.409040
v -0.411065 -0.390840 0.398211
v -0.406347 -0.392514 0.388534
v -0.401455 -0.394189 0.379980
v -0.383396 -0.388011 0.543592
v -0.389428 -0.386457 0.537199
v -0.395480 -0.384948 0.529690
v -0.401358 -0.383546 0.520967
v -0.406828 -0.382327 0.510987
v -0.411621 -0.381371 0.499784
v -0.415456 -0.380757 0.487502
v -0.418100 -0.380544 0.474398
v -0.419401 -0.380764 0.460821
v -0.419319 -0.381411 0.447177
v -0.417934 -0.382441 0.433862
v -0.415428 -0.383783 0.421217
v -0.412038 -0.385354 0.409484
v -0.408018 -0.387071 0.398803
v -0.403606 -0.388856 0.389225
v -0.398999 -0.390653 0.380726
v -0.380789 -0.384789 0.541531
v -0.386484 -0.383149 0.535077
v -0.392168 -0.381566 0.527553
v -0.397669 -0.380102 0.518875
v -0.402770 -0.378834 0.509012
v -0.407233 -0.377842 0.498010
v -0.410811 -0.377203 0.486012
v -0.413298 -0.376975 0.473257
v -0.414562 -0.377188 0.460072
v -0.414565 -0.377838 0.446825
v -0.413375 -0.378883 0.433884
v -0.411148 -0.380253 0.421559
v -0.408091 -0.381867 0.410083
v -0.404426 -0.383642 0.399590
v -0.400369 -0.385500 0.390139
v -0.396102 -0.387380 0.381714
v -0.377880 -0.381858 0.539139
v -0.383200 -0.380171 0.532630
v -0.388486 -0.378551 0.525103
v -0.393578 -0.377063 0.516490
v -0.398284 -0.375779 0.506777
v -0.402393 -0.374778 0.496016
v -0.405697 -0.374133 0.484348
v -0.408016 -0.373900 0.471994
v -0.409236 -0.374107 0.459253
v -0.409327 -0.374748 0.446459
v -0.408341 -0.375785 0.433942
v -0.406407 -0.377154 0.421986
v -0.403701 -0.378777 0.410805
v -0.400419 -0.380572 0.400535
v -0.396747 -0.382464 0.391234
v -0.392851 -0.384391 0.382899
v -0.374748 -0.379224 0.536492
v -0.379678 -0.377522 0.529938
v -0.384549 -0.375898 0.522427
v -0.389222 -0.374416 0.513904
v -0.393526 -0.373146 0.504370
v -0.397281 -0.372159 0.493883
v -0.400307 -0.371526 0.482577
v -0.402455 -0.371296 0.470659
v -0.403630 -0.371496 0.458396
v -0.403802 -0.372119 0.446086
v -0.403014 -0.373131 0.434026
v -0.401373 -0.374474 0.422470
v -0.399023 -0.376075 0.411618
v -0.396125 -0.377858 0.401597
v -0.392848 -0.379751 0.392470
v -0.389335 -0.381693 0.384246
v -0.371465 -0.376880 0.533661
v -0.376004 -0.375190 0.527083
v -0.380468 -0.373591 0.519607
v -0.384727 -0.372140 0.511199
v -0.388640 -0.370905 0.501868
v -0.392050 -0.369953 0.491677
v -0.394806 -0.369343 0.480756
v -0.396791 -0.369123 0.469292
v -0.397917 -0.369314 0.457525
v -0.398164 -0.369911 0.445718
v -0.397561 -0.370886 0.434131
v -0.396196 -0.372184 0.422995
v -0.394183 -0.373742 0.412491
v -0.391664 -0.375486 0.402739
v -0.388776 -0.377352 0.393807
v -0.385641 -0.379279 0.385708
v -0.186765 -0.466780 0.507987
v -0.194729 -0.466602 0.513953
v -0.203963 -0.466177 0.520131
v -0.214561 -0.465440 0.526376
v -0.226543 -0.464329 0.532486
v -0.239828 -0.462788 0.538213
v -0.254205 -0.460790 0.543287
v -0.269323 -0.458343 0.547445
v -0.284734 -0.455498 0.550491
v -0.299942 -0.452347 0.552329
v -0.314487 -0.449006 0.552973
v -0.328005 -0.445598 0.552545
v -0.340270 -0.442234 0.551228
v -0.351180 -0.439000 0.549236
v -0.360741 -0.435955 0.546774
v -0.369037 -0.433132 0.544022
v -0.183297 -0.464297 0.509868
v -0.191178 -0.464049 0.516244
v -0.200417 -0.463551 0.522891
v -0.211136 -0.462734 0.529652
v -0.223384 -0.461531 0.536299
v -0.237100 -0.459884 0.542545
v -0.252059 -0.457764 0.548062
v -0.267879 -0.455181 0.552538
v -0.284047 -0.452196 0.555734
v -0.299990 -0.448915 0.557538
v -0.315182 -0.445470 0.557982
v -0.329215 -0.441995 0.557222
v -0.341846 -0.438604 0.555494
v -0.352983 -0.435387 0.553054
v -0.362659 -0.432393 0.550146
v -0.370976 -0.429651 0.546972
v -0.179981 -0.461528 0.511606
v -0.187756 -0.461175 0.518384
v -0.196963 -0.460570 0.525498
v -0.207762 -0.459641 0.532779
v -0.220237 -0.458316 0.539976
v -0.234343 -0.456537 0.546757
v -0.249860 -0.454274 0.552735
v -0.266366 -0.451546 0.557539
v -0.283277 -0.448424 0.560883
v -0.299945 -0.445028 0.562637
v -0.315768 -0.441506 0.562854
v -0.330296 -0.437999 0.561735
v -0.343270 -0.434626 0.559569
v -0.354611 -0.431467 0.556665
v -0.364376 -0.428571 0.553302
v -0.372704 -0.425950 0.549707
v -0.176904 -0.458465 0.513148
v -0.184548 -0.457974 0.520303
v -0.193694 -0.457224 0.527861
v -0.204533 -0.456143 0.535645
v -0.217186 -0.454660 0.543380
v -0.231637 -0.452720 0.550691
v -0.247660 -0.450295 0.557130
v -0.264807 -0.447413 0.562260
v -0.282425 -0.444161 0.565743
v -0.299782 -0.440673 0.567435
v -0.316199 -0.437109 0.567408
v -0.331186 -0.433616 0.565917
v -0.344470 -0.430310 0.563310
v -0.355990 -0.427263 0.559946
v -0.365828 -0.424509 0.556142
v -0.374151 -0.422053 0.552145
v -0.174146 -0.455119 0.514439
v -0.181653 -0.454451 0.521927
v -0.190714 -0.453514 0.529882
v -0.201558 -0.452242 0.538123
v -0.214339 -0.450563 0.546355
v -0.229067 -0.448429 0.554158
v -0.245530 -0.445822 0.561030
v -0.263243 -0.442783 0.566463
v -0.281495 -0.439413 0.570071
v -0.299472 -0.435864 0.571695
v -0.316425 -0.432302 0.571428
v -0.331817 -0.428876 0.569579
v -0.345372 -0.425693 0.566554
v -0.357041 -0.422810 0.562764
v -0.366936 -0.420247 0.558556
v -0.375255 -0.417993 0.554198
v -0.171797 -0.451509 0.515425
v -0.179167 -0.450627 0.523183
v -0.188135 -0.449464 0.531464
v -0.198953 -0.447959 0.540086
v -0.211812 -0.446049 0.548733
v -0.226747 -0.443692 0.556957
v -0.243554 -0.440886 0.564197
v -0.261727 -0.437690 0.569889
v -0.280504 -0.434224 0.573602
v -0.298994 -0.430652 0.575158
v -0.316390 -0.427143 0.574679
v -0.332118 -0.423840 0.572518
v -0.345895 -0.420833 0.569135
v -0.357690 -0.418164 0.564985
v -0.367638 -0.415835 0.560443
v -0.375956 -0.413821 0.555788
v -0.169931 -0.447670 0.516066
v -0.177184 -0.446541 0.524010
v -0.186062 -0.445119 0.532523
v -0.196837 -0.443348 0.541415
v -0.209725 -0.441176 0.550363
v -0.224785 -0.438575 0.558892
v -0.241822 -0.435563 0.566403
v -0.260317 -0.432220 0.572286
v -0.279470 -0.428685 0.576073
v -0.298333 -0.425131 0.577576
v -0.316055 -0.421726 0.576936
v -0.332034 -0.418597 0.574544
v -0.345982 -0.415816 0.570901
v -0.357876 -0.413402 0.566490
v -0.367872 -0.411339 0.561710
v -0.376203 -0.409591 0.556845
v -0.168610 -0.443648 0.516325
v -0.175775 -0.442250 0.524364
v -0.184576 -0.440547 0.532991
v -0.195301 -0.438489 0.542021
v -0.208176 -0.436037 0.551125
v -0.223277 -0.433185 0.559810
v -0.240415 -0.429973 0.567463
v -0.259072 -0.426502 0.573444
v -0.278417 -0.422931 0.577270
v -0.297488 -0.419437 0.578746
v -0.315396 -0.416179 0.578022
v -0.331526 -0.413266 0.575510
v -0.345585 -0.410746 0.571733
v -0.357557 -0.408614 0.567189
v -0.367602 -0.406839 0.562288
v -0.375963 -0.405370 0.557318
v -0.167870 -0.439503 0.516187
v -0.174986 -0.437825 0.524217
v -0.183736 -0.435831 0.532835
v -0.194409 -0.433480 0.541856
v -0.207234 -0.430752 0.550951
v -0.222291 -0.427659 0.559628
v -0.239399 -0.424267 0.567275
v -0.258038 -0.420699 0.573255
v -0.277385 -0.417128 0.577079
v -0.296473 -0.413730 0.578559
v -0.314413 -0.410653 0.577842
v -0.330586 -0.407981 0.575337
v -0.344694 -0.405737 0.571568
v -0.356719 -0.403898 0.567034
v -0.366816 -0.402412 0.562142
v -0.375228 -0.401224 0.557182
v -0.167725 -0.435297 0.515656
v -0.174831 -0.433344 0.523575
v -0.183555 -0.431067 0.532059
v -0.194179 -0.428439 0.540924
v -0.206923 -0.425455 0.549846
v -0.221858 -0.422151 0.558352
v -0.238801 -0.418615 0.565846
v -0.257248 -0.414990 0.571719
v -0.276401 -0.411454 0.575506
v -0.295317 -0.408181 0.577019
v -0.313134 -0.405301 0.576397
v -0.329239 -0.402875 0.574028
v -0.343330 -0.400906 0.570411
v -0.355378 -0.399347 0.566029
v -0.365527 -0.398141 0.561275
v -0.374004 -0.397218 0.556437
v -0.168157 -0.431100 0.514751
v -0.175291 -0.428888 0.522464
v -0.184014 -0.426351 0.530701
v -0.194590 -0.423477 0.539278
v -0.207218 -0.420277 0.547885
v -0.221957 -0.416806 0.556072
v -0.238616 -0.413174 0.563287
v -0.256713 -0.409533 0.568965
v -0.275490 -0.406067 0.572679
v -0.294062 -0.402938 0.574248
v -0.311606 -0.400257 0.573796
v -0.327533 -0.398066 0.571671
v -0.341541 -0.396349 0.568330
v -0.353579 -0.395049 0.564225
v -0.363772 -0.394093 0.559727
v -0.372327 -0.393410 0.555115
v -0.169129 -0.426973 0.513506
v -0.176317 -0.424530 0.520936
v -0.185054 -0.421771 0.528833
v -0.195578 -0.418694 0.537016
v -0.208058 -0.415331 0.545194
v -0.222532 -0.411749 0.552951
v -0.238805 -0.408072 0.559789
v -0.256419 -0.404462 0.565204
v -0.274674 -0.401092 0.568813
v -0.292753 -0.398113 0.570453
v -0.309897 -0.395621 0.570223
v -0.325549 -0.393641 0.568421
v -0.339403 -0.392144 0.565451
v -0.351395 -0.391064 0.561719
v -0.361617 -0.390323 0.557571
v -0.370250 -0.389845 0.553270
v -0.170576 -0.422971 0.511973
v -0.177837 -0.420335 0.519058
v -0.186592 -0.417399 0.526544
v -0.197052 -0.414173 0.534259
v -0.209351 -0.410702 0.541931
v -0.223500 -0.407066 0.549187
v -0.239305 -0.403397 0.555587
v -0.256338 -0.399854 0.560695
v -0.273958 -0.396601 0.564178
v -0.291435 -0.393774 0.565893
v -0.308077 -0.391453 0.565907
v -0.323365 -0.389654 0.564471
v -0.337006 -0.388338 0.561928
v -0.348906 -0.387436 0.558633
v -0.359133 -0.386867 0.554901
v -0.367841 -0.386555 0.550973
v -0.172425 -0.419141 0.510203
v -0.179765 -0.416354 0.516902
v -0.188533 -0.413289 0.523935
v -0.198907 -0.409968 0.531138
v -0.210992 -0.406444 0.538264
v -0.224771 -0.402810 0.544985
v -0.240048 -0.399194 0.550921
v -0.256430 -0.395749 0.555704
v -0.273344 -0.392627 0.559047
v -0.290142 -0.389947 0.560825
v -0.306208 -0.387776 0.561086
v -0.321067 -0.386124 0.560026
v -0.334433 -0.384949 0.557932
v -0.346202 -0.384183 0.555106
v -0.356406 -0.383746 0.551823
v -0.365166 -0.383560 0.548308
v -0.174599 -0.415515 0.508253
v -0.182011 -0.412620 0.514543
v -0.190779 -0.409474 0.521104
v -0.201043 -0.406108 0.527781
v -0.212881 -0.402583 0.534354
v -0.226251 -0.398996 0.540536
v -0.240963 -0.395468 0.546009
v -0.256654 -0.392144 0.550461
v -0.272824 -0.389159 0.553658
v -0.288901 -0.386618 0.555485
v -0.304345 -0.384579 0.555976
v -0.318727 -0.383044 0.555279
v -0.331772 -0.381975 0.553626
v -0.343366 -0.381306 0.551270
v -0.353510 -0.380961 0.548449
v -0.362302 -0.380864 0.545361
v -0.177021 -0.412114 0.506176
v -0.184489 -0.409152 0.512053
v -0.193233 -0.405968 0.518139
v -0.203362 -0.402602 0.524298
v -0.214924 -0.399119 0.530332
v -0.227861 -0.395612 0.535996
v -0.241987 -0.392200 0.541023
v -0.256978 -0.389011 0.545159
v -0.272391 -0.386165 0.548206
v -0.287733 -0.383755 0.550067
v -0.302531 -0.381827 0.550759
v -0.316403 -0.380385 0.550393
v -0.329091 -0.379392 0.549155
v -0.340470 -0.378788 0.547249
v -0.350524 -0.378501 0.544877
v -0.359314 -0.378462 0.542215
v -1.366779 -0.200430 0.371082
v -1.391539 -0.190082 0.270046
v -1.498887 -0.187970 0.423864
v -1.523660 -0.177622 0.322835
v -1.367183 -0.250546 0.351311
v -1.391941 -0.240204 0.250278
v -1.499283 -0.238087 0.404090
v -1.524057 -0.227744 0.303064
v -1.493378 -0.187447 0.424903
v -1.487116 -0.186986 0.425670
v -1.480050 -0.186619 0.426053
v -1.472161 -0.186388 0.425929
v -1.463481 -0.186336 0.425166
v -1.454108 -0.186504 0.423644
v -1.444216 -0.186926 0.421280
v -1.434049 -0.187618 0.418046
v -1.423892 -0.188576 0.413988
v -1.414042 -0.189771 0.409224
v -1.404762 -0.191159 0.403928
v -1.396243 -0.192677 0.398301
v -1.388602 -0.194269 0.392544
v -1.381879 -0.195879 0.386829
v -1.376046 -0.197461 0.381293
v -1.371042 -0.198985 0.376025
v -1.366008 -0.199410 0.365950
v -1.365429 -0.198376 0.360442
v -1.365085 -0.197341 0.354575
v -1.365018 -0.196319 0.348379
v -1.365261 -0.195327 0.341899
v -1.365848 -0.194385 0.335199
v -1.366799 -0.193506 0.328355
v -1.368118 -0.192709 0.321457
v -1.369798 -0.192006 0.314598
v -1.371816 -0.191408 0.307874
v -1.374138 -0.190920 0.301371
v -1.376713 -0.190541 0.295164
v -1.379492 -0.190269 0.289316
v -1.382413 -0.190098 0.283862
v -1.385429 -0.190017 0.278830
v -1.388485 -0.190015 0.274227
v -1.397028 -0.188124 0.269987
v -1.403271 -0.186083 0.270208
v -1.410317 -0.183993 0.270794
v -1.418188 -0.181905 0.271833
v -1.426853 -0.179884 0.273414
v -1.436213 -0.178013 0.275608
v -1.446098 -0.176375 0.278453
v -1.456263 -0.175047 0.281938
v -1.466421 -0.174089 0.285996
v -1.476278 -0.173529 0.290512
v -1.485570 -0.173358 0.295328
v -1.494101 -0.173542 0.300283
v -1.501760 -0.174022 0.305224
v -1.508503 -0.174732 0.310024
v -1.514355 -0.175606 0.314591
v -1.519380 -0.176585 0.318872
v -1.524422 -0.177195 0.328540
v -1.524989 -0.176854 0.334591
v -1.525320 -0.176620 0.340960
v -1.525379 -0.176510 0.347603
v -1.525125 -0.176544 0.354462
v -1.524531 -0.176736 0.361460
v -1.523577 -0.177095 0.368508
v -1.522254 -0.177628 0.375511
v -1.520571 -0.178331 0.382368
v -1.518554 -0.179193 0.388988
v -1.516235 -0.180201 0.395285
v -1.513666 -0.181331 0.401193
v -1.510896 -0.182561 0.406664
v -1.507980 -0.183864 0.411668
v -1.504976 -0.185214 0.416197
v -1.501929 -0.186591 0.420256
v -1.501368 -0.235964 0.407924
v -1.503408 -0.233595 0.411791
v -1.505344 -0.230972 0.415616
v -1.507113 -0.228095 0.419306
v -1.508645 -0.224982 0.422753
v -1.509869 -0.221660 0.425842
v -1.510713 -0.218179 0.428462
v -1.511137 -0.214598 0.430517
v -1.511109 -0.210988 0.431942
v -1.510631 -0.207425 0.432705
v -1.509728 -0.203977 0.432819
v -1.508455 -0.200705 0.432332
v -1.506873 -0.197653 0.431318
v -1.505058 -0.194847 0.429871
v -1.503082 -0.192300 0.428085
v -1.501006 -0.190011 0.426056
v -1.526751 -0.179257 0.321069
v -1.529778 -0.181149 0.319226
v -1.532661 -0.183318 0.317326
v -1.535302 -0.185779 0.315399
v -1.537604 -0.188532 0.313484
v -1.539452 -0.191564 0.311622
v -1.540757 -0.194843 0.309862
v -1.541446 -0.198320 0.308251
v -1.541474 -0.201931 0.306827
v -1.540843 -0.205598 0.305621
v -1.539591 -0.209250 0.304647
v -1.537793 -0.212812 0.303907
v -1.535541 -0.216226 0.303390
v -1.532944 -0.219448 0.303075
v -1.530103 -0.222449 0.302935
v -1.527113 -0.225215 0.302941
v -1.524828 -0.228764 0.308198
v -1.525404 -0.229799 0.313706
v -1.525748 -0.230834 0.319573
v -1.525814 -0.231855 0.325770
v -1.525569 -0.232846 0.332251
v -1.524980 -0.233789 0.338953
v -1.524029 -0.234667 0.345796
v -1.522709 -0.235464 0.352694
v -1.521026 -0.236166 0.359551
v -1.519006 -0.236764 0.366274
v -1.516686 -0.237252 0.372777
v -1.514110 -0.237630 0.378981
v -1.511332 -0.237901 0.384830
v -1.508408 -0.238073 0.390280
v -1.505393 -0.238153 0.395309
v -1.502337 -0.238154 0.399912
v -1.371465 -0.251582 0.355274
v -1.376489 -0.252561 0.359554
v -1.382341 -0.253434 0.364122
v -1.389084 -0.254143 0.368922
v -1.396740 -0.254623 0.373860
v -1.405272 -0.254806 0.378815
v -1.414561 -0.254636 0.383630
v -1.424415 -0.254075 0.388144
v -1.434571 -0.253116 0.392202
v -1.444734 -0.251790 0.395685
v -1.454614 -0.250153 0.398530
v -1.463973 -0.248281 0.400723
v -1.472637 -0.246263 0.402304
v -1.480507 -0.244176 0.403344
v -1.487553 -0.242086 0.403928
v -1.493794 -0.240044 0.404151
v -1.519795 -0.229190 0.298122
v -1.514789 -0.230714 0.292854
v -1.508957 -0.232298 0.287317
v -1.502232 -0.233907 0.281603
v -1.494592 -0.235499 0.275846
v -1.486073 -0.237019 0.270220
v -1.476790 -0.238406 0.264923
v -1.466941 -0.239602 0.260158
v -1.456784 -0.240560 0.256100
v -1.446613 -0.241252 0.252866
v -1.436721 -0.241674 0.250501
v -1.427348 -0.241841 0.248979
v -1.418667 -0.241788 0.248215
v -1.410776 -0.241558 0.248089
v -1.403712 -0.241191 0.248474
v -1.397449 -0.240729 0.249240
v -1.388898 -0.241584 0.253887
v -1.385853 -0.242961 0.257949
v -1.382848 -0.244311 0.262480
v -1.379935 -0.245614 0.267486
v -1.377166 -0.246842 0.272957
v -1.374596 -0.247973 0.278868
v -1.372279 -0.248980 0.285165
v -1.370262 -0.249841 0.291785
v -1.368583 -0.250543 0.298643
v -1.367262 -0.251075 0.305645
v -1.366307 -0.251435 0.312694
v -1.365715 -0.251626 0.319691
v -1.365461 -0.251659 0.326548
v -1.365520 -0.251549 0.333191
v -1.365855 -0.251313 0.339559
v -1.366422 -0.250972 0.345608
v -1.363724 -0.202959 0.371206
v -1.360735 -0.205725 0.371213
v -1.357896 -0.208726 0.371073
v -1.355297 -0.211948 0.370757
v -1.353049 -0.215363 0.370241
v -1.351252 -0.218924 0.369501
v -1.350002 -0.222574 0.368528
v -1.349373 -0.226242 0.367322
v -1.349402 -0.229852 0.365897
v -1.350089 -0.233328 0.364286
v -1.351394 -0.236606 0.362525
v -1.353245 -0.239638 0.360664
v -1.355543 -0.242391 0.358748
v -1.358186 -0.244850 0.356821
v -1.361067 -0.247019 0.354921
v -1.364095 -0.248911 0.353077
v -1.389821 -0.238164 0.248087
v -1.387746 -0.235876 0.246056
v -1.385765 -0.233330 0.244270
v -1.383949 -0.230523 0.242821
v -1.382368 -0.227471 0.241807
v -1.381093 -0.224199 0.241319
v -1.380190 -0.220751 0.241433
v -1.379711 -0.217187 0.242195
v -1.379681 -0.213577 0.243619
v -1.380104 -0.209995 0.245673
v -1.380951 -0.206513 0.248294
v -1.382173 -0.203191 0.251382
v -1.383706 -0.200076 0.254829
v -1.385476 -0.197200 0.258519
v -1.387414 -0.194576 0.262345
v -1.389453 -0.192206 0.266212
v -1.522997 -0.226617 0.297704
v -1.518090 -0.228115 0.292073
v -1.512278 -0.229693 0.286102
v -1.505464 -0.231320 0.279890
v -1.497601 -0.232954 0.273589
v -1.488708 -0.234533 0.267408
v -1.478905 -0.235992 0.261595
v -1.468413 -0.237263 0.256409
v -1.457544 -0.238288 0.252067
v -1.446664 -0.239033 0.248714
v -1.436118 -0.239493 0.246395
v -1.426199 -0.239687 0.245060
v -1.417101 -0.239654 0.244584
v -1.408924 -0.239441 0.244808
v -1.401683 -0.239094 0.245564
v -1.395341 -0.238657 0.246700
v -1.526171 -0.223772 0.297408
v -1.521401 -0.225207 0.291408
v -1.515653 -0.226742 0.284983
v -1.508798 -0.228354 0.278236
v -1.500746 -0.229997 0.271342
v -1.491495 -0.231616 0.264547
v -1.481158 -0.233133 0.258158
v -1.469988 -0.234475 0.252502
v -1.458359 -0.235571 0.247855
v -1.446713 -0.236383 0.244396
v -1.435479 -0.236899 0.242165
v -1.424996 -0.237142 0.241075
v -1.415483 -0.237154 0.240953
v -1.407035 -0.236986 0.241585
v -1.399645 -0.236690 0.242761
v -1.393249 -0.236308 0.244300
v -1.529224 -0.220652 0.297272
v -1.524632 -0.221979 0.290911
v -1.518998 -0.223424 0.284030
v -1.512148 -0.224971 0.276731
v -1.503952 -0.226584 0.269207
v -1.494370 -0.228204 0.261746
v -1.483504 -0.229757 0.254730
v -1.471635 -0.231159 0.248562
v -1.459208 -0.232331 0.243597
v -1.446762 -0.233223 0.240049
v -1.434815 -0.233822 0.237952
v -1.423766 -0.234146 0.237168
v -1.413853 -0.234242 0.237457
v -1.405157 -0.234161 0.238546
v -1.397652 -0.233954 0.240175
v -1.391231 -0.233666 0.242138
v -1.532050 -0.217267 0.297339
v -1.527664 -0.218435 0.290644
v -1.522180 -0.219735 0.283328
v -1.515387 -0.221159 0.275486
v -1.507100 -0.222681 0.267324
v -1.497229 -0.224254 0.259178
v -1.485861 -0.225805 0.251499
v -1.473296 -0.227248 0.244795
v -1.460064 -0.228496 0.239508
v -1.446809 -0.229489 0.235897
v -1.434149 -0.230204 0.233975
v -1.422553 -0.230655 0.233544
v -1.412269 -0.230884 0.234285
v -1.403366 -0.230941 0.235855
v -1.395775 -0.230874 0.237948
v -1.389356 -0.230725 0.240326
v -1.534527 -0.213645 0.297656
v -1.530355 -0.214603 0.290677
v -1.525047 -0.215696 0.282976
v -1.518345 -0.216929 0.274638
v -1.510016 -0.218292 0.265878
v -1.499917 -0.219752 0.257067
v -1.488097 -0.221249 0.248738
v -1.474883 -0.222703 0.241505
v -1.460877 -0.224023 0.235909
v -1.446846 -0.225140 0.232256
v -1.433515 -0.226013 0.230535
v -1.421418 -0.226648 0.230478
v -1.410814 -0.227071 0.231673
v -1.401745 -0.227325 0.233710
v -1.394099 -0.227454 0.236236
v -1.387705 -0.227492 0.238994
v -1.536524 -0.209838 0.298257
v -1.532550 -0.210536 0.291070
v -1.527414 -0.211364 0.283072
v -1.520824 -0.212338 0.274334
v -1.512494 -0.213467 0.265072
v -1.502227 -0.214740 0.255687
v -1.490037 -0.216123 0.246785
v -1.476263 -0.217549 0.239083
v -1.461580 -0.218934 0.233215
v -1.446868 -0.220195 0.229537
v -1.432960 -0.221273 0.228012
v -1.420443 -0.222148 0.228293
v -1.409582 -0.222830 0.229888
v -1.400390 -0.223344 0.232320
v -1.392721 -0.223723 0.235202
v -1.386362 -0.224000 0.238259
v -1.537926 -0.205914 0.299168
v -1.534104 -0.206316 0.291872
v -1.529107 -0.206834 0.283699
v -1.522614 -0.207493 0.274707
v -1.514303 -0.208323 0.265108
v -1.503931 -0.209343 0.255321
v -1.491479 -0.210550 0.246003
v -1.477290 -0.211906 0.237950
v -1.462096 -0.213339 0.231879
v -1.446872 -0.214756 0.228180
v -1.432535 -0.216076 0.226795
v -1.419712 -0.217244 0.227314
v -1.408674 -0.218239 0.229183
v -1.399406 -0.219065 0.231878
v -1.391728 -0.219744 0.234984
v -1.385404 -0.220298 0.238228
v -1.538635 -0.201960 0.300398
v -1.534898 -0.202051 0.293104
v -1.529977 -0.202233 0.284905
v -1.523541 -0.202548 0.275846
v -1.515246 -0.203041 0.266130
v -1.504823 -0.203764 0.256185
v -1.492233 -0.204749 0.246685
v -1.477821 -0.205998 0.238465
v -1.462353 -0.207456 0.232285
v -1.446851 -0.209029 0.228552
v -1.432284 -0.210606 0.227202
v -1.419305 -0.212090 0.227797
v -1.408177 -0.213428 0.229753
v -1.398872 -0.214598 0.232522
v -1.391194 -0.215604 0.235689
v -1.384890 -0.216459 0.238971
v -1.538605 -0.198071 0.301933
v -1.534864 -0.197856 0.294759
v -1.529942 -0.197711 0.286688
v -1.523504 -0.197685 0.277764
v -1.515204 -0.197842 0.268180
v -1.504779 -0.198260 0.258355
v -1.492189 -0.199010 0.248948
v -1.477775 -0.200129 0.240779
v -1.462305 -0.201588 0.234598
v -1.446805 -0.203290 0.230815
v -1.432240 -0.205101 0.229372
v -1.419262 -0.206891 0.229847
v -1.408138 -0.208565 0.231670
v -1.398835 -0.210077 0.234305
v -1.391162 -0.211409 0.237343
v -1.384860 -0.212571 0.240503
v -1.537834 -0.194340 0.303734
v -1.534006 -0.193851 0.296788
v -1.529001 -0.193414 0.288992
v -1.522502 -0.193084 0.280391
v -1.514182 -0.192944 0.271172
v -1.503802 -0.193092 0.261730
v -1.491346 -0.193627 0.252676
v -1.477153 -0.194614 0.244768
v -1.461959 -0.196047 0.238698
v -1.446736 -0.197834 0.234854
v -1.432404 -0.199826 0.233202
v -1.419590 -0.201865 0.233378
v -1.408559 -0.203830 0.234865
v -1.399300 -0.205646 0.237169
v -1.391629 -0.207280 0.239901
v -1.385309 -0.208725 0.242793
v -1.536376 -0.190848 0.305747
v -1.532391 -0.190132 0.299117
v -1.527242 -0.189459 0.291711
v -1.520640 -0.188891 0.283581
v -1.512298 -0.188522 0.274909
v -1.502020 -0.188461 0.266050
v -1.489823 -0.188826 0.257549
v -1.476043 -0.189697 0.250065
v -1.461359 -0.191082 0.244197
v -1.446651 -0.192898 0.240300
v -1.432751 -0.194994 0.238373
v -1.420243 -0.197204 0.238129
v -1.409395 -0.199384 0.239133
v -1.400215 -0.201439 0.240957
v -1.392557 -0.203320 0.243247
v -1.386209 -0.205010 0.245748
v -1.534321 -0.187652 0.307908
v -1.530136 -0.186768 0.301656
v -1.524813 -0.185928 0.294717
v -1.518097 -0.185199 0.287152
v -1.509752 -0.184678 0.279133
v -1.499639 -0.184483 0.270974
v -1.487810 -0.184731 0.263139
v -1.474587 -0.185508 0.256172
v -1.460582 -0.186829 0.250575
v -1.446554 -0.188622 0.246655
v -1.433235 -0.190746 0.244443
v -1.421149 -0.193035 0.243732
v -1.410560 -0.195341 0.244187
v -1.401504 -0.197557 0.245449
v -1.393877 -0.199619 0.247213
v -1.387497 -0.201499 0.249245
v -1.531794 -0.184785 0.310151
v -1.527392 -0.183794 0.304309
v -1.521890 -0.182854 0.297874
v -1.515079 -0.182038 0.290916
v -1.506774 -0.181441 0.283589
v -1.496890 -0.181176 0.276167
v -1.485509 -0.181357 0.269028
v -1.472941 -0.182063 0.262613
v -1.459705 -0.183311 0.257326
v -1.446454 -0.185041 0.253423
v -1.433807 -0.187126 0.250962
v -1.422221 -0.189415 0.249807
v -1.411956 -0.191763 0.249713
v -1.403071 -0.194060 0.250400
v -1.395497 -0.196233 0.251610
v -1.389096 -0.198243 0.253137
v -1.528922 -0.182260 0.312415
v -1.524312 -0.181215 0.306989
v -1.518657 -0.180236 0.301064
v -1.511790 -0.179392 0.294708
v -1.503576 -0.178777 0.288061
v -1.493979 -0.178495 0.281352
v -1.483101 -0.178647 0.274887
v -1.471224 -0.179301 0.269012
v -1.458797 -0.180473 0.264046
v -1.446357 -0.182112 0.260205
v -1.434418 -0.184113 0.257554
v -1.423384 -0.186341 0.256020
v -1.413488 -0.188663 0.255433
v -1.404813 -0.190973 0.255578
v -1.397325 -0.193192 0.256252
v -1.390922 -0.195275 0.257279
v -1.525826 -0.180068 0.314647
v -1.521038 -0.179014 0.309628
v -1.515271 -0.178041 0.304193
v -1.508395 -0.177216 0.298406
v -1.500326 -0.176625 0.292392
v -1.491059 -0.176360 0.286340
v -1.480711 -0.176506 0.280492
v -1.469533 -0.177122 0.275121
v -1.457904 -0.178219 0.270473
v -1.446263 -0.179755 0.266728
v -1.435038 -0.181643 0.263956
v -1.424571 -0.183770 0.262124
v -1.415073 -0.186018 0.261120
v -1.406643 -0.188285 0.260792
v -1.399274 -0.190499 0.260979
v -1.392899 -0.192604 0.261537
v -1.522617 -0.178186 0.316807
v -1.517689 -0.177158 0.312173
v -1.511855 -0.176224 0.307192
v -1.505023 -0.175448 0.301927
v -1.497142 -0.174906 0.296483
v -1.488235 -0.174677 0.291015
v -1.478420 -0.174831 0.285717
v -1.467921 -0.175417 0.280800
v -1.457054 -0.176442 0.276458
v -1.446177 -0.177873 0.272834
v -1.435640 -0.179637 0.270002
v -1.425736 -0.181640 0.267953
v -1.416654 -0.183782 0.266619
v -1.408495 -0.185972 0.265895
v -1.401276 -0.188137 0.265661
v -1.394954 -0.190226 0.265801
v -1.495485 -0.189519 0.427442
v -1.489144 -0.189083 0.428579
v -1.481903 -0.188737 0.429334
v -1.473725 -0.188524 0.429559
v -1.464628 -0.188491 0.429084
v -1.454710 -0.188686 0.427748
v -1.444167 -0.189146 0.425430
v -1.433286 -0.189891 0.422078
v -1.422420 -0.190916 0.417736
v -1.411929 -0.192186 0.412550
v -1.402126 -0.193645 0.406739
v -1.393236 -0.195224 0.400559
v -1.385374 -0.196857 0.394258
v -1.378561 -0.198484 0.388045
v -1.372747 -0.200061 0.382074
v -1.367839 -0.201558 0.376442
v -1.497578 -0.191867 0.429842
v -1.491180 -0.191487 0.431380
v -1.483791 -0.191191 0.432558
v -1.475343 -0.191024 0.433190
v -1.465830 -0.191037 0.433066
v -1.455349 -0.191281 0.431977
v -1.444115 -0.191798 0.429746
v -1.432473 -0.192609 0.426288
v -1.420846 -0.193705 0.421642
v -1.409678 -0.195046 0.415987
v -1.399343 -0.196563 0.409599
v -1.390092 -0.198181 0.402805
v -1.382040 -0.199824 0.395911
v -1.375184 -0.201435 0.389164
v -1.369437 -0.202969 0.382739
v -1.364667 -0.204403 0.376740
v -1.499592 -0.194511 0.432003
v -1.493172 -0.194223 0.433965
v -1.485666 -0.194017 0.435594
v -1.476971 -0.193937 0.436684
v -1.467060 -0.194034 0.436972
v -1.456012 -0.194359 0.436188
v -1.444066 -0.194958 0.434090
v -1.431623 -0.195850 0.430544
v -1.419199 -0.197022 0.425581
v -1.407332 -0.198422 0.419415
v -1.396468 -0.199974 0.412398
v -1.386887 -0.201595 0.404939
v -1.378693 -0.203206 0.397417
v -1.371843 -0.204752 0.390119
v -1.366206 -0.206198 0.383237
v -1.361616 -0.207523 0.376876
v -1.501467 -0.197453 0.433813
v -1.495047 -0.197304 0.436191
v -1.487456 -0.197238 0.438283
v -1.478553 -0.197295 0.439851
v -1.468272 -0.197525 0.440594
v -1.456676 -0.197977 0.440164
v -1.444020 -0.198693 0.438242
v -1.430767 -0.199686 0.434630
v -1.417539 -0.200933 0.429344
v -1.404978 -0.202375 0.422642
v -1.393611 -0.203925 0.414966
v -1.383743 -0.205497 0.406821
v -1.375455 -0.207019 0.398661
v -1.368661 -0.208441 0.390820
v -1.363178 -0.209741 0.383502
v -1.358792 -0.210908 0.376808
v -1.503117 -0.200685 0.435145
v -1.496722 -0.200724 0.437901
v -1.489077 -0.200854 0.440426
v -1.480008 -0.201108 0.442462
v -1.469405 -0.201532 0.443656
v -1.457309 -0.202167 0.443598
v -1.443984 -0.203042 0.441878
v -1.429956 -0.204158 0.438226
v -1.415955 -0.205479 0.432632
v -1.402745 -0.206931 0.425401
v -1.390926 -0.208428 0.417076
v -1.380828 -0.209887 0.408267
v -1.372501 -0.211248 0.399508
v -1.365797 -0.212480 0.391172
v -1.360488 -0.213573 0.383472
v -1.356317 -0.214529 0.376492
v -1.504459 -0.204176 0.435878
v -1.498098 -0.204454 0.438935
v -1.490429 -0.204834 0.441815
v -1.481237 -0.205349 0.444245
v -1.470378 -0.206031 0.445839
v -1.457864 -0.206907 0.446119
v -1.443961 -0.207986 0.444593
v -1.429253 -0.209246 0.440915
v -1.414575 -0.210630 0.435051
v -1.400806 -0.212056 0.427351
v -1.388620 -0.213437 0.418452
v -1.378353 -0.214710 0.409072
v -1.370023 -0.215838 0.399811
v -1.363432 -0.216812 0.391075
v -1.358295 -0.217639 0.383078
v -1.354321 -0.218337 0.375891
v -1.505417 -0.207878 0.435909
v -1.499091 -0.208433 0.439150
v -1.491411 -0.209112 0.442256
v -1.482143 -0.209939 0.444947
v -1.471108 -0.210934 0.446814
v -1.458288 -0.212102 0.447332
v -1.443956 -0.213422 0.445946
v -1.428738 -0.214840 0.442246
v -1.413551 -0.216272 0.436179
v -1.399366 -0.217627 0.428129
v -1.386917 -0.218833 0.418816
v -1.376547 -0.219852 0.409035
v -1.368235 -0.220682 0.399436
v -1.361742 -0.221341 0.390448
v -1.356743 -0.221858 0.382277
v -1.352921 -0.222260 0.374980
v -1.505927 -0.211716 0.435165
v -1.499622 -0.212573 0.438445
v -1.491944 -0.213579 0.441610
v -1.482640 -0.214749 0.444377
v -1.471515 -0.216087 0.446330
v -1.458537 -0.217572 0.446922
v -1.443977 -0.219147 0.445571
v -1.428482 -0.220720 0.441839
v -1.413020 -0.222178 0.435662
v -1.398613 -0.223425 0.427447
v -1.386027 -0.224411 0.417952
v -1.375605 -0.225132 0.408010
v -1.367309 -0.225626 0.398299
v -1.360874 -0.225940 0.389242
v -1.355951 -0.226123 0.381043
v -1.352213 -0.226213 0.373749
v -1.505959 -0.215604 0.433631
v -1.499655 -0.216766 0.436790
v -1.491980 -0.218099 0.439826
v -1.482678 -0.219611 0.442459
v -1.471555 -0.221285 0.444278
v -1.458582 -0.223073 0.444750
v -1.444024 -0.224884 0.443307
v -1.428528 -0.226585 0.439525
v -1.413066 -0.228043 0.433346
v -1.398658 -0.229162 0.425182
v -1.386072 -0.229912 0.415781
v -1.375648 -0.230330 0.405960
v -1.367350 -0.230487 0.396379
v -1.360911 -0.230461 0.387459
v -1.355985 -0.230315 0.379389
v -1.352243 -0.230101 0.372216
v -1.505507 -0.219449 0.431342
v -1.499188 -0.220894 0.434231
v -1.491517 -0.222528 0.436962
v -1.482256 -0.224344 0.439263
v -1.471229 -0.226308 0.440747
v -1.458418 -0.228348 0.440921
v -1.444091 -0.230337 0.439268
v -1.428875 -0.232124 0.435425
v -1.413690 -0.233556 0.429356
v -1.399502 -0.234543 0.421453
v -1.387048 -0.235078 0.412406
v -1.376671 -0.235226 0.402968
v -1.368351 -0.235086 0.393753
v -1.361851 -0.234757 0.385154
v -1.356845 -0.234319 0.377360
v -1.353014 -0.233831 0.370415
v -1.504610 -0.223162 0.428386
v -1.498261 -0.224853 0.430886
v -1.490602 -0.226734 0.433173
v -1.481423 -0.228788 0.434995
v -1.470575 -0.230967 0.435997
v -1.458071 -0.233176 0.435751
v -1.444176 -0.235272 0.433824
v -1.429476 -0.237086 0.429927
v -1.414799 -0.238471 0.424064
v -1.401023 -0.239342 0.416583
v -1.388831 -0.239706 0.408086
v -1.378555 -0.239646 0.399232
v -1.370213 -0.239277 0.390563
v -1.363609 -0.238711 0.382434
v -1.358460 -0.238038 0.375029
v -1.354473 -0.237323 0.368401
v -1.503321 -0.226674 0.424890
v -1.496941 -0.228553 0.426920
v -1.489313 -0.230614 0.428683
v -1.480258 -0.232830 0.429943
v -1.469672 -0.235134 0.430397
v -1.457589 -0.237423 0.429684
v -1.444275 -0.239546 0.427472
v -1.430253 -0.241337 0.423552
v -1.416252 -0.242658 0.417958
v -1.403037 -0.243434 0.410995
v -1.391211 -0.243683 0.403164
v -1.381100 -0.243488 0.395008
v -1.372756 -0.242969 0.386992
v -1.366039 -0.242241 0.379429
v -1.360713 -0.241401 0.372492
v -1.356528 -0.240518 0.366239
v -1.501723 -0.229928 0.420997
v -1.495322 -0.231938 0.422523
v -1.487749 -0.234109 0.423733
v -1.478863 -0.236406 0.424418
v -1.468600 -0.238754 0.424323
v -1.457019 -0.241041 0.423168
v -1.444374 -0.243125 0.420706
v -1.431128 -0.244854 0.416805
v -1.417900 -0.246101 0.411520
v -1.405334 -0.246808 0.405109
v -1.393957 -0.246989 0.397973
v -1.384075 -0.246726 0.390553
v -1.375772 -0.246130 0.383229
v -1.368959 -0.245314 0.376272
v -1.363458 -0.244374 0.369839
v -1.359053 -0.243384 0.363996
v -1.499897 -0.232895 0.416857
v -1.493494 -0.234978 0.417883
v -1.486007 -0.237197 0.418556
v -1.477333 -0.239505 0.418701
v -1.467439 -0.241827 0.418112
v -1.456406 -0.244053 0.416578
v -1.444473 -0.246052 0.413928
v -1.432037 -0.247691 0.410087
v -1.419613 -0.248864 0.405124
v -1.407743 -0.249517 0.399253
v -1.396868 -0.249669 0.392789
v -1.387272 -0.249388 0.386082
v -1.379059 -0.248774 0.379436
v -1.372192 -0.247932 0.373082
v -1.366538 -0.246952 0.367158
v -1.361927 -0.245908 0.361733
v -1.497921 -0.235565 0.412600
v -1.491546 -0.237671 0.413158
v -1.484177 -0.239883 0.413344
v -1.475747 -0.242150 0.413015
v -1.466254 -0.244397 0.412010
v -1.455788 -0.246523 0.410178
v -1.444567 -0.248410 0.407406
v -1.432931 -0.249946 0.403662
v -1.421305 -0.251042 0.399018
v -1.410131 -0.251658 0.393648
v -1.399785 -0.251804 0.387803
v -1.390521 -0.251540 0.381752
v -1.382453 -0.250950 0.375739
v -1.375576 -0.250125 0.369953
v -1.369809 -0.249153 0.364518
v -1.365020 -0.248100 0.359500
v -1.495868 -0.237943 0.408336
v -1.489546 -0.240032 0.408475
v -1.482327 -0.242196 0.408241
v -1.474168 -0.244386 0.407516
v -1.465088 -0.246526 0.406183
v -1.455187 -0.248528 0.404134
v -1.444653 -0.250292 0.401302
v -1.433780 -0.251722 0.397681
v -1.422916 -0.252747 0.393340
v -1.412420 -0.253332 0.388424
v -1.402607 -0.253488 0.383127
v -1.393703 -0.253259 0.377661
v -1.385821 -0.252718 0.372218
v -1.378990 -0.251942 0.366953
v -1.373158 -0.251008 0.361973
v -1.368229 -0.249981 0.357339
v -1.363110 -0.249348 0.347210
v -1.359843 -0.247454 0.348904
v -1.356709 -0.245262 0.350678
v -1.353816 -0.242757 0.352502
v -1.351281 -0.239932 0.354348
v -1.349232 -0.236800 0.356173
v -1.347781 -0.233395 0.357932
v -1.347015 -0.229771 0.359576
v -1.346984 -0.226003 0.361063
v -1.347691 -0.222172 0.362359
v -1.349082 -0.218368 0.363445
v -1.351078 -0.214669 0.364314
v -1.353560 -0.211141 0.364975
v -1.356406 -0.207830 0.365445
v -1.359498 -0.204765 0.365746
v -1.362729 -0.201958 0.365906
v -1.362327 -0.249701 0.340951
v -1.358823 -0.247804 0.342449
v -1.355440 -0.245593 0.344046
v -1.352292 -0.243045 0.345724
v -1.349519 -0.240151 0.347458
v -1.347263 -0.236921 0.349212
v -1.345660 -0.233391 0.350943
v -1.344814 -0.229621 0.352607
v -1.344782 -0.225693 0.354156
v -1.345566 -0.221704 0.355553
v -1.347109 -0.217749 0.356776
v -1.349307 -0.213918 0.357806
v -1.352028 -0.210283 0.358650
v -1.355127 -0.206892 0.359315
v -1.358469 -0.203773 0.359820
v -1.361936 -0.200935 0.360190
v -1.361796 -0.249947 0.334328
v -1.358070 -0.248049 0.335580
v -1.354447 -0.245820 0.336951
v -1.351055 -0.243231 0.338431
v -1.348048 -0.240270 0.340004
v -1.345590 -0.236947 0.341646
v -1.343833 -0.233296 0.343321
v -1.342905 -0.229385 0.344986
v -1.342871 -0.225304 0.346596
v -1.343735 -0.221161 0.348108
v -1.345429 -0.217064 0.349489
v -1.347829 -0.213111 0.350719
v -1.350781 -0.209380 0.351785
v -1.354126 -0.205920 0.352691
v -1.357706 -0.202759 0.353448
v -1.361392 -0.199902 0.354070
v -1.361565 -0.250064 0.327385
v -1.357645 -0.248163 0.328345
v -1.353807 -0.245916 0.329436
v -1.350194 -0.243289 0.330665
v -1.346970 -0.240266 0.332029
v -1.344320 -0.236854 0.333516
v -1.342421 -0.233090 0.335101
v -1.341414 -0.229047 0.336749
v -1.341380 -0.224824 0.338416
v -1.342319 -0.220539 0.340052
v -1.344154 -0.216315 0.341619
v -1.346743 -0.212255 0.343080
v -1.349911 -0.208442 0.344412
v -1.353477 -0.204928 0.345606
v -1.357271 -0.201738 0.346660
v -1.361153 -0.198872 0.347580
v -1.361684 -0.250033 0.320190
v -1.357608 -0.248124 0.320813
v -1.353595 -0.245857 0.321579
v -1.349797 -0.243193 0.322509
v -1.346389 -0.240113 0.323616
v -1.343577 -0.236620 0.324905
v -1.341553 -0.232755 0.326365
v -1.340477 -0.228593 0.327973
v -1.340442 -0.224245 0.329689
v -1.341447 -0.219838 0.331461
v -1.343405 -0.215505 0.333235
v -1.346156 -0.211359 0.334959
v -1.349509 -0.207483 0.336596
v -1.353258 -0.203932 0.338118
v -1.357226 -0.200726 0.339511
v -1.361264 -0.197864 0.340770
v -1.362193 -0.249835 0.312827
v -1.358011 -0.247914 0.313078
v -1.353878 -0.245623 0.313484
v -1.349943 -0.242921 0.314074
v -1.346404 -0.239788 0.314884
v -1.343468 -0.236226 0.315936
v -1.341348 -0.232274 0.317242
v -1.340222 -0.228014 0.318790
v -1.340186 -0.223564 0.320545
v -1.341241 -0.219062 0.322454
v -1.343292 -0.214645 0.324449
v -1.346166 -0.210437 0.326463
v -1.349650 -0.206521 0.328434
v -1.353532 -0.202950 0.330316
v -1.357623 -0.199744 0.332080
v -1.361764 -0.196896 0.333710
v -1.363114 -0.249460 0.305396
v -1.358891 -0.247516 0.305260
v -1.354701 -0.245196 0.305280
v -1.350700 -0.242459 0.305508
v -1.347089 -0.239278 0.305993
v -1.344085 -0.235657 0.306784
v -1.341913 -0.231638 0.307910
v -1.340757 -0.227305 0.309380
v -1.340720 -0.222784 0.311163
v -1.341804 -0.218216 0.313205
v -1.343907 -0.213750 0.315426
v -1.346847 -0.209506 0.317737
v -1.350402 -0.205574 0.320058
v -1.354352 -0.202004 0.322318
v -1.358498 -0.198811 0.324473
v -1.362685 -0.195987 0.326489
v -1.364466 -0.248901 0.298012
v -1.360263 -0.246928 0.297486
v -1.356090 -0.244574 0.297119
v -1.352100 -0.241799 0.296977
v -1.348488 -0.238577 0.297130
v -1.345482 -0.234912 0.297648
v -1.343306 -0.230849 0.298583
v -1.342147 -0.226474 0.299959
v -1.342109 -0.221914 0.301757
v -1.343195 -0.217319 0.303920
v -1.345304 -0.212835 0.306356
v -1.348245 -0.208589 0.308960
v -1.351799 -0.204665 0.311624
v -1.355739 -0.201114 0.314263
v -1.359868 -0.197947 0.316807
v -1.364032 -0.195155 0.319213
v -1.366235 -0.248162 0.290788
v -1.362123 -0.246150 0.289890
v -1.358041 -0.243759 0.289154
v -1.354136 -0.240948 0.288659
v -1.350604 -0.237693 0.288494
v -1.347663 -0.234001 0.288747
v -1.345533 -0.229918 0.289492
v -1.344398 -0.225532 0.290767
v -1.344361 -0.220973 0.292565
v -1.345423 -0.216389 0.294829
v -1.347484 -0.211924 0.297455
v -1.350361 -0.207704 0.300322
v -1.353837 -0.203813 0.303307
v -1.357689 -0.200298 0.306297
v -1.361730 -0.197169 0.309212
v -1.365802 -0.194415 0.311989
v -1.368399 -0.247254 0.283837
v -1.364442 -0.245197 0.282602
v -1.360517 -0.242767 0.281534
v -1.356773 -0.239922 0.280721
v -1.353389 -0.236645 0.280270
v -1.350576 -0.232945 0.280285
v -1.348542 -0.228868 0.280853
v -1.347456 -0.224506 0.282028
v -1.347419 -0.219983 0.283812
v -1.348433 -0.215446 0.286147
v -1.350398 -0.211036 0.288926
v -1.353149 -0.206872 0.292013
v -1.356475 -0.203036 0.295270
v -1.360170 -0.199571 0.298571
v -1.364048 -0.196491 0.301813
v -1.367966 -0.193779 0.304930
v -1.370907 -0.246195 0.277252
v -1.367161 -0.244091 0.275729
v -1.363456 -0.241621 0.274382
v -1.359932 -0.238749 0.273306
v -1.356758 -0.235462 0.272617
v -1.354124 -0.231773 0.272431
v -1.352224 -0.227729 0.272848
v -1.351211 -0.223421 0.273929
v -1.351175 -0.218971 0.275685
v -1.352117 -0.214516 0.278059
v -1.353950 -0.210191 0.280943
v -1.356521 -0.206108 0.284195
v -1.359639 -0.202346 0.287664
v -1.363114 -0.198946 0.291213
v -1.366773 -0.195919 0.294731
v -1.370482 -0.193252 0.298134
v -1.373710 -0.245010 0.271110
v -1.370214 -0.242859 0.269361
v -1.366773 -0.240352 0.267794
v -1.363515 -0.237462 0.266517
v -1.360592 -0.234179 0.265647
v -1.358175 -0.230520 0.265307
v -1.356436 -0.226535 0.265604
v -1.355510 -0.222311 0.266604
v -1.355475 -0.217962 0.268320
v -1.356332 -0.213617 0.270700
v -1.358006 -0.209402 0.273636
v -1.360360 -0.205422 0.276988
v -1.363226 -0.201749 0.280601
v -1.366435 -0.198424 0.284331
v -1.369832 -0.195456 0.288057
v -1.373289 -0.192837 0.291688
v -1.376738 -0.243727 0.265464
v -1.373521 -0.241532 0.263549
v -1.370373 -0.238996 0.261829
v -1.367406 -0.236099 0.260414
v -1.364758 -0.232835 0.259422
v -1.362582 -0.229225 0.258979
v -1.361018 -0.225319 0.259188
v -1.360187 -0.221201 0.260118
v -1.360153 -0.216978 0.261785
v -1.360918 -0.212767 0.264139
v -1.362415 -0.208682 0.267081
v -1.364533 -0.204820 0.270472
v -1.367124 -0.201248 0.274160
v -1.370042 -0.198005 0.277996
v -1.373147 -0.195102 0.281862
v -1.376326 -0.192530 0.285656
v -1.379925 -0.242374 0.260341
v -1.377001 -0.240141 0.258322
v -1.374156 -0.237587 0.256513
v -1.371491 -0.234693 0.255020
v -1.369129 -0.231463 0.253962
v -1.367194 -0.227919 0.253459
v -1.365812 -0.224113 0.253611
v -1.365076 -0.220120 0.254484
v -1.365044 -0.216038 0.256094
v -1.365712 -0.211975 0.258397
v -1.367034 -0.208033 0.261301
v -1.368910 -0.204301 0.264676
v -1.371219 -0.200838 0.268372
v -1.373835 -0.197682 0.272251
v -1.376637 -0.194846 0.276188
v -1.379524 -0.192323 0.280082
v -1.383205 -0.240980 0.255748
v -1.380574 -0.238718 0.253681
v -1.378032 -0.236155 0.251836
v -1.375669 -0.233278 0.250319
v -1.373583 -0.230096 0.249241
v -1.371887 -0.226633 0.248716
v -1.370675 -0.222938 0.248837
v -1.370033 -0.219082 0.249665
v -1.370001 -0.215154 0.251215
v -1.370581 -0.211249 0.253447
v -1.371731 -0.207459 0.256279
v -1.373373 -0.203860 0.259590
v -1.375404 -0.200512 0.263241
v -1.377722 -0.197448 0.267102
v -1.380220 -0.194681 0.271049
v -1.382814 -0.192209 0.274983
v -1.386521 -0.239570 0.251672
v -1.384174 -0.237289 0.249604
v -1.381924 -0.234728 0.247770
v -1.379845 -0.231882 0.246271
v -1.378022 -0.228760 0.245212
v -1.376545 -0.225388 0.244695
v -1.375497 -0.221814 0.244804
v -1.374940 -0.218103 0.245596
v -1.374911 -0.214333 0.247084
v -1.375406 -0.210589 0.249231
v -1.376398 -0.206953 0.251965
v -1.377820 -0.203493 0.255176
v -1.379591 -0.200261 0.258743
v -1.381623 -0.197291 0.262535
v -1.383832 -0.194596 0.266442
v -1.386141 -0.192174 0.270365
v -1.496917 -0.240215 0.399858
v -1.490696 -0.242379 0.399521
v -1.483601 -0.244612 0.398815
v -1.475593 -0.246857 0.397647
v -1.466693 -0.249040 0.395921
v -1.456992 -0.251069 0.393563
v -1.446679 -0.252843 0.390533
v -1.436018 -0.254269 0.386847
v -1.425346 -0.255275 0.382583
v -1.415003 -0.255831 0.377878
v -1.405288 -0.255945 0.372906
v -1.396423 -0.255668 0.367845
v -1.388532 -0.255068 0.362862
v -1.381642 -0.254228 0.358079
v -1.375720 -0.253223 0.353583
v -1.370681 -0.252121 0.349421
v -1.500070 -0.240312 0.395094
v -1.493899 -0.242596 0.394590
v -1.486788 -0.244969 0.393714
v -1.478680 -0.247373 0.392364
v -1.469572 -0.249724 0.390447
v -1.459551 -0.251918 0.387884
v -1.448812 -0.253835 0.384636
v -1.437657 -0.255363 0.380728
v -1.426461 -0.256419 0.376254
v -1.415618 -0.256966 0.371373
v -1.405477 -0.257018 0.366277
v -1.396278 -0.256638 0.361164
v -1.388153 -0.255911 0.356197
v -1.381125 -0.254934 0.351498
v -1.375137 -0.253797 0.347141
v -1.370086 -0.252571 0.343159
v -1.503206 -0.240319 0.389848
v -1.497117 -0.242714 0.389120
v -1.490026 -0.245221 0.388010
v -1.481855 -0.247778 0.386420
v -1.472579 -0.250296 0.384253
v -1.462271 -0.252654 0.381434
v -1.451134 -0.254716 0.377932
v -1.439496 -0.256348 0.373782
v -1.427784 -0.257453 0.369104
v -1.416447 -0.257987 0.364072
v -1.405880 -0.257973 0.358904
v -1.396357 -0.257485 0.353800
v -1.388007 -0.256629 0.348924
v -1.380844 -0.255518 0.344387
v -1.374793 -0.254251 0.340248
v -1.369731 -0.252908 0.336519
v -1.506270 -0.240222 0.384123
v -1.500290 -0.242713 0.383108
v -1.493256 -0.245338 0.381698
v -1.485065 -0.248037 0.379798
v -1.475664 -0.250709 0.377317
v -1.465117 -0.253224 0.374187
v -1.453621 -0.255425 0.370391
v -1.441536 -0.257158 0.365986
v -1.429334 -0.258310 0.361111
v -1.417524 -0.258830 0.355969
v -1.406552 -0.258747 0.350789
v -1.396714 -0.258155 0.345773
v -1.388149 -0.257177 0.341077
v -1.380856 -0.255939 0.336789
v -1.374741 -0.254554 0.332946
v -1.369661 -0.253106 0.329541
v -1.509201 -0.240007 0.377942
v -1.503353 -0.242572 0.376576
v -1.496407 -0.245295 0.374798
v -1.488236 -0.248110 0.372518
v -1.478766 -0.250916 0.369657
v -1.468035 -0.253569 0.366160
v -1.456241 -0.255894 0.362032
v -1.443766 -0.257718 0.357360
v -1.431123 -0.258911 0.352310
v -1.418886 -0.259417 0.347107
v -1.407538 -0.259274 0.341989
v -1.397407 -0.258589 0.337150
v -1.388639 -0.257504 0.332725
v -1.381217 -0.256159 0.328773
v -1.375031 -0.254674 0.325306
v -1.369920 -0.253143 0.322293
v -1.511937 -0.239662 0.371353
v -1.506231 -0.242275 0.369577
v -1.499399 -0.245064 0.367366
v -1.491288 -0.247964 0.364643
v -1.481800 -0.250870 0.361338
v -1.470953 -0.253630 0.357426
v -1.458941 -0.256054 0.352939
v -1.446156 -0.257950 0.347998
v -1.433152 -0.259177 0.342802
v -1.420547 -0.259674 0.337599
v -1.408874 -0.259484 0.332622
v -1.398483 -0.258729 0.328050
v -1.389523 -0.257562 0.323983
v -1.381972 -0.256139 0.320449
v -1.375703 -0.254586 0.317426
v -1.370543 -0.252996 0.314860
v -1.514411 -0.239180 0.364425
v -1.508849 -0.241812 0.362190
v -1.502146 -0.244629 0.359497
v -1.494126 -0.247574 0.356280
v -1.484674 -0.250535 0.352490
v -1.473787 -0.253358 0.348128
v -1.461649 -0.255842 0.343270
v -1.448656 -0.257788 0.338074
v -1.435394 -0.259039 0.332776
v -1.422514 -0.259534 0.327633
v -1.410580 -0.259319 0.322874
v -1.399970 -0.258524 0.318646
v -1.390838 -0.257315 0.315010
v -1.383154 -0.255852 0.311955
v -1.376788 -0.254267 0.309425
v -1.371552 -0.252654 0.307347
v -1.516568 -0.238562 0.357247
v -1.511146 -0.241176 0.354524
v -1.504573 -0.243984 0.351321
v -1.496668 -0.246924 0.347582
v -1.487295 -0.249890 0.343288
v -1.476444 -0.252724 0.338474
v -1.464280 -0.255224 0.333255
v -1.451201 -0.257187 0.327839
v -1.437803 -0.258451 0.322485
v -1.424754 -0.258953 0.317463
v -1.412647 -0.258741 0.312985
v -1.401871 -0.257946 0.309157
v -1.392588 -0.256740 0.305998
v -1.384775 -0.255282 0.303456
v -1.378293 -0.253706 0.301445
v -1.372960 -0.252106 0.299871
v -1.518362 -0.237813 0.349926
v -1.513061 -0.240377 0.346710
v -1.506615 -0.243132 0.342992
v -1.498835 -0.246019 0.338739
v -1.489585 -0.248935 0.333955
v -1.478836 -0.251725 0.328716
v -1.466749 -0.254194 0.323180
v -1.453713 -0.256139 0.317591
v -1.440315 -0.257402 0.312238
v -1.427226 -0.257921 0.307389
v -1.415039 -0.257742 0.303226
v -1.404158 -0.256992 0.299824
v -1.394754 -0.255835 0.297154
v -1.386815 -0.254431 0.295127
v -1.380209 -0.252907 0.293629
v -1.374754 -0.251357 0.292548
v -1.519768 -0.236943 0.342575
v -1.514566 -0.239426 0.338885
v -1.508232 -0.242089 0.334679
v -1.500584 -0.244878 0.329948
v -1.491481 -0.247694 0.324726
v -1.480900 -0.250390 0.319124
v -1.468987 -0.252780 0.313338
v -1.456116 -0.254675 0.307645
v -1.442853 -0.255926 0.302346
v -1.429848 -0.256472 0.297702
v -1.417687 -0.256352 0.293869
v -1.406775 -0.255683 0.290883
v -1.397289 -0.254621 0.288679
v -1.389238 -0.253312 0.287136
v -1.382499 -0.251882 0.286117
v -1.376908 -0.250417 0.285495
v -1.520777 -0.235972 0.335310
v -1.515646 -0.238346 0.331184
v -1.509408 -0.240886 0.326547
v -1.501890 -0.243539 0.321406
v -1.492960 -0.246212 0.315826
v -1.482595 -0.248771 0.309947
v -1.470940 -0.251045 0.304000
v -1.458344 -0.252863 0.298275
v -1.445340 -0.254090 0.293080
v -1.432542 -0.254667 0.288658
v -1.420509 -0.254626 0.285141
v -1.409637 -0.254071 0.282534
v -1.400120 -0.253137 0.280745
v -1.391976 -0.251961 0.279627
v -1.385111 -0.250657 0.279030
v -1.379374 -0.249308 0.278814
v -1.521393 -0.234918 0.328235
v -1.516312 -0.237163 0.323733
v -1.510155 -0.239556 0.318738
v -1.502765 -0.242046 0.313276
v -1.494024 -0.244548 0.307435
v -1.483917 -0.246940 0.301385
v -1.472586 -0.249072 0.295368
v -1.460356 -0.250794 0.289688
v -1.447713 -0.251986 0.284635
v -1.435225 -0.252596 0.280440
v -1.423413 -0.252647 0.277210
v -1.412656 -0.252222 0.274926
v -1.403157 -0.251441 0.273478
v -1.394955 -0.250422 0.272711
v -1.387979 -0.249266 0.272460
v -1.382100 -0.248056 0.272582
v -1.521643 -0.233805 0.321438
v -1.516591 -0.235908 0.316636
v -1.510504 -0.238139 0.311366
v -1.503239 -0.240451 0.305680
v -1.494700 -0.242764 0.299684
v -1.484885 -0.244973 0.293565
v -1.473926 -0.246949 0.287571
v -1.462123 -0.248564 0.281998
v -1.449922 -0.249715 0.277123
v -1.437826 -0.250354 0.273148
v -1.426312 -0.250498 0.270163
v -1.415739 -0.250211 0.268137
v -1.406314 -0.249592 0.266954
v -1.398092 -0.248741 0.266453
v -1.391031 -0.247750 0.266468
v -1.385021 -0.246691 0.266853
v -1.521564 -0.232656 0.314992
v -1.516527 -0.234611 0.309963
v -1.510503 -0.236673 0.304510
v -1.503365 -0.238800 0.298698
v -1.495040 -0.240920 0.292649
v -1.485534 -0.242944 0.286553
v -1.474981 -0.244761 0.280661
v -1.463650 -0.246265 0.275248
v -1.451937 -0.247370 0.270567
v -1.440289 -0.248033 0.266799
v -1.429135 -0.248263 0.264020
v -1.418807 -0.248111 0.262190
v -1.409506 -0.247652 0.261196
v -1.401308 -0.246972 0.260882
v -1.394191 -0.246148 0.261085
v -1.388076 -0.245245 0.261657
v -1.521196 -0.231492 0.308941
v -1.516171 -0.233298 0.303765
v -1.510207 -0.235193 0.298212
v -1.503202 -0.237137 0.292362
v -1.495098 -0.239070 0.286346
v -1.485916 -0.240913 0.280353
v -1.475785 -0.242576 0.274623
v -1.464947 -0.243970 0.269407
v -1.453748 -0.245026 0.264932
v -1.442584 -0.245707 0.261358
v -1.431832 -0.246013 0.258744
v -1.421792 -0.245983 0.257057
v -1.412662 -0.245676 0.256187
v -1.404530 -0.245160 0.255990
v -1.397396 -0.244500 0.256309
v -1.391199 -0.243753 0.257001
v -1.520593 -0.230331 0.303315
v -1.515575 -0.231993 0.298062
v -1.509673 -0.233727 0.292485
v -1.502806 -0.235498 0.286672
v -1.494929 -0.237253 0.280759
v -1.486078 -0.238927 0.274930
v -1.476374 -0.240445 0.269403
v -1.466035 -0.241737 0.264407
v -1.455360 -0.242743 0.260141
v -1.444693 -0.243433 0.256745
v -1.434366 -0.243803 0.254268
v -1.424648 -0.243881 0.252680
v -1.415729 -0.243710 0.251882
v -1.407702 -0.243345 0.251743
v -1.400584 -0.242838 0.252118
v -1.394339 -0.242239 0.252871
v -1.504307 -0.188606 0.422472
v -1.506650 -0.190887 0.424539
v -1.508900 -0.193448 0.426372
v -1.510979 -0.196294 0.427871
v -1.512799 -0.199417 0.428929
v -1.514275 -0.202788 0.429446
v -1.515322 -0.206363 0.429335
v -1.515878 -0.210074 0.428543
v -1.515907 -0.213843 0.427055
v -1.515410 -0.217585 0.424907
v -1.514420 -0.221220 0.422174
v -1.513000 -0.224679 0.418961
v -1.511228 -0.227910 0.415396
v -1.509196 -0.230881 0.411602
v -1.506989 -0.233575 0.407695
v -1.504681 -0.235996 0.403774
v -1.507622 -0.187196 0.418397
v -1.510252 -0.189458 0.420465
v -1.512792 -0.192021 0.422309
v -1.515156 -0.194898 0.423825
v -1.517239 -0.198080 0.424902
v -1.518934 -0.201544 0.425427
v -1.520143 -0.205239 0.425305
v -1.520785 -0.209093 0.424476
v -1.520816 -0.213022 0.422926
v -1.520235 -0.216926 0.420693
v -1.519086 -0.220716 0.417861
v -1.517446 -0.224313 0.414552
v -1.515414 -0.227660 0.410899
v -1.513097 -0.230724 0.407038
v -1.510600 -0.233490 0.403091
v -1.508007 -0.235962 0.399155
v -1.510902 -0.185801 0.413806
v -1.513827 -0.188034 0.415824
v -1.516669 -0.190590 0.417635
v -1.519332 -0.193483 0.419128
v -1.521694 -0.196714 0.420185
v -1.523626 -0.200257 0.420687
v -1.525008 -0.204064 0.420534
v -1.525741 -0.208057 0.419660
v -1.525773 -0.212138 0.418050
v -1.525105 -0.216200 0.415746
v -1.523783 -0.220141 0.412842
v -1.521908 -0.223873 0.409468
v -1.519598 -0.227335 0.405771
v -1.516984 -0.230490 0.401891
v -1.514184 -0.233326 0.397955
v -1.511298 -0.235847 0.394060
v -1.514091 -0.184448 0.408686
v -1.517307 -0.186645 0.410600
v -1.520454 -0.189181 0.412320
v -1.523419 -0.192078 0.413735
v -1.526065 -0.195343 0.414725
v -1.528240 -0.198953 0.415170
v -1.529802 -0.202858 0.414960
v -1.530631 -0.206975 0.414029
v -1.530664 -0.211198 0.412362
v -1.529901 -0.215409 0.410006
v -1.528402 -0.219493 0.407065
v -1.526286 -0.223354 0.403674
v -1.523694 -0.226925 0.399986
v -1.520778 -0.230168 0.396148
v -1.517672 -0.233070 0.392282
v -1.514493 -0.235642 0.388487
v -1.517120 -0.183165 0.403041
v -1.520616 -0.185317 0.404791
v -1.524053 -0.187825 0.406359
v -1.527312 -0.190714 0.407637
v -1.530233 -0.193998 0.408504
v -1.532648 -0.197657 0.408845
v -1.534385 -0.201642 0.408548
v -1.535309 -0.205867 0.407547
v -1.535344 -0.210215 0.405832
v -1.534486 -0.214559 0.403451
v -1.532813 -0.218773 0.400513
v -1.530460 -0.222752 0.397160
v -1.527593 -0.226425 0.393547
v -1.524384 -0.229749 0.389816
v -1.520987 -0.232716 0.386090
v -1.517532 -0.235335 0.382457
v -1.519923 -0.181980 0.396901
v -1.523670 -0.184083 0.398424
v -1.527373 -0.186555 0.399773
v -1.530897 -0.189427 0.400849
v -1.534069 -0.192715 0.401538
v -1.536700 -0.196405 0.401724
v -1.538598 -0.200448 0.401307
v -1.539611 -0.204755 0.400225
v -1.539645 -0.209206 0.398468
v -1.538702 -0.213661 0.396093
v -1.536868 -0.217985 0.393209
v -1.534299 -0.222067 0.389957
v -1.531181 -0.225829 0.386487
v -1.527707 -0.229228 0.382937
v -1.524048 -0.232254 0.379418
v -1.520340 -0.234920 0.376014
v -1.522435 -0.180920 0.390316
v -1.526390 -0.182977 0.391553
v -1.530314 -0.185409 0.392624
v -1.534057 -0.188253 0.393435
v -1.537440 -0.191531 0.393887
v -1.540250 -0.195232 0.393872
v -1.542284 -0.199309 0.393305
v -1.543368 -0.203672 0.392129
v -1.543404 -0.208193 0.390345
v -1.542389 -0.212731 0.388009
v -1.540422 -0.217140 0.385228
v -1.537672 -0.221304 0.382140
v -1.534346 -0.225139 0.378882
v -1.530652 -0.228602 0.375581
v -1.526774 -0.231683 0.372337
v -1.522857 -0.234394 0.369220
v -1.524600 -0.180011 0.383366
v -1.528710 -0.182023 0.384266
v -1.532793 -0.184415 0.385003
v -1.536696 -0.187227 0.385499
v -1.540227 -0.190482 0.385665
v -1.543167 -0.194175 0.385412
v -1.545295 -0.198258 0.384668
v -1.546429 -0.202644 0.383392
v -1.546465 -0.207203 0.381593
v -1.545401 -0.211788 0.379329
v -1.543340 -0.216252 0.376702
v -1.540463 -0.220471 0.373833
v -1.536988 -0.224362 0.370848
v -1.533135 -0.227876 0.367856
v -1.529096 -0.231004 0.364942
v -1.525023 -0.233758 0.362162
v -1.526371 -0.179272 0.376143
v -1.530573 -0.181245 0.376671
v -1.534747 -0.183599 0.377039
v -1.538737 -0.186375 0.377183
v -1.542345 -0.189598 0.377028
v -1.545351 -0.193263 0.376512
v -1.547527 -0.197327 0.375577
v -1.548684 -0.201702 0.374202
v -1.548720 -0.206262 0.372403
v -1.547632 -0.210857 0.370239
v -1.545524 -0.215341 0.367801
v -1.542581 -0.219588 0.365198
v -1.539028 -0.223510 0.362532
v -1.535087 -0.227062 0.359892
v -1.530958 -0.230227 0.357347
v -1.526794 -0.233019 0.354939
v -1.527724 -0.178711 0.368759
v -1.531948 -0.180655 0.368896
v -1.536137 -0.182976 0.368878
v -1.540137 -0.185715 0.368652
v -1.543749 -0.188896 0.368167
v -1.546751 -0.192517 0.367376
v -1.548922 -0.196537 0.366251
v -1.550076 -0.200871 0.364782
v -1.550113 -0.205393 0.362998
v -1.549027 -0.209959 0.360956
v -1.546923 -0.214426 0.358734
v -1.543981 -0.218670 0.356421
v -1.540426 -0.222601 0.354099
v -1.536477 -0.226171 0.351837
v -1.532331 -0.229364 0.349681
v -1.528144 -0.232187 0.347663
v -1.528649 -0.178335 0.361329
v -1.532829 -0.180257 0.361077
v -1.536962 -0.182549 0.360674
v -1.540896 -0.185251 0.360084
v -1.544437 -0.188385 0.359276
v -1.547373 -0.191948 0.358224
v -1.549489 -0.195901 0.356919
v -1.550614 -0.200161 0.355371
v -1.550649 -0.204612 0.353615
v -1.549592 -0.209115 0.351705
v -1.547541 -0.213531 0.349709
v -1.544665 -0.217740 0.347695
v -1.541181 -0.221655 0.345722
v -1.537297 -0.225225 0.343838
v -1.533207 -0.228431 0.342073
v -1.529065 -0.231278 0.340442
v -1.529157 -0.178136 0.353964
v -1.533233 -0.180045 0.353343
v -1.537246 -0.182314 0.352577
v -1.541046 -0.184978 0.351648
v -1.544453 -0.188060 0.350541
v -1.547266 -0.191553 0.349255
v -1.549289 -0.195419 0.347794
v -1.550363 -0.199581 0.346185
v -1.550396 -0.203930 0.344470
v -1.549390 -0.208337 0.342698
v -1.547430 -0.212671 0.340923
v -1.544677 -0.216817 0.339198
v -1.541325 -0.220692 0.337559
v -1.537574 -0.224243 0.336036
v -1.533606 -0.227449 0.334642
v -1.529568 -0.230310 0.333382
v -1.529276 -0.178105 0.346767
v -1.533198 -0.180007 0.345808
v -1.537035 -0.182255 0.344717
v -1.540649 -0.184882 0.343491
v -1.543872 -0.187906 0.342126
v -1.546523 -0.191318 0.340642
v -1.548421 -0.195083 0.339056
v -1.549428 -0.199127 0.337409
v -1.549461 -0.203351 0.335742
v -1.548521 -0.207636 0.334104
v -1.546683 -0.211862 0.332537
v -1.544094 -0.215920 0.331076
v -1.540922 -0.219733 0.329741
v -1.537358 -0.223247 0.328548
v -1.533563 -0.226437 0.327493
v -1.529679 -0.229303 0.326570
v -1.529048 -0.178222 0.339823
v -1.532774 -0.180121 0.338571
v -1.536398 -0.182350 0.337202
v -1.539789 -0.184940 0.335723
v -1.542798 -0.187901 0.334151
v -1.545255 -0.191225 0.332509
v -1.547011 -0.194877 0.330834
v -1.547939 -0.198788 0.329169
v -1.547972 -0.202870 0.327559
v -1.547106 -0.207014 0.326046
v -1.545411 -0.211111 0.324664
v -1.543010 -0.215064 0.323435
v -1.540055 -0.218795 0.322368
v -1.536711 -0.222255 0.321461
v -1.533130 -0.225416 0.320703
v -1.529441 -0.228272 0.320080
v -1.528516 -0.178468 0.333198
v -1.532021 -0.180364 0.331701
v -1.535407 -0.182576 0.330105
v -1.538554 -0.185125 0.328427
v -1.541326 -0.188020 0.326694
v -1.543584 -0.191250 0.324940
v -1.545186 -0.194782 0.323209
v -1.546032 -0.198552 0.321547
v -1.546064 -0.202480 0.319997
v -1.545277 -0.206471 0.318598
v -1.543733 -0.210425 0.317377
v -1.541534 -0.214257 0.316345
v -1.538812 -0.217892 0.315502
v -1.535711 -0.221284 0.314836
v -1.532368 -0.224402 0.314329
v -1.528901 -0.227239 0.313960
v -1.527734 -0.178819 0.326938
v -1.531002 -0.180715 0.325244
v -1.534137 -0.182907 0.323472
v -1.537031 -0.185413 0.321647
v -1.539565 -0.188239 0.319802
v -1.541615 -0.191371 0.317977
v -1.543066 -0.194777 0.316218
v -1.543833 -0.198401 0.314574
v -1.543861 -0.202170 0.313087
v -1.543154 -0.206001 0.311791
v -1.541759 -0.209806 0.310706
v -1.539764 -0.213505 0.309835
v -1.537280 -0.217034 0.309174
v -1.534432 -0.220345 0.308704
v -1.531338 -0.223409 0.308403
v -1.528108 -0.226215 0.308243
v -1.370244 -0.197844 0.370834
v -1.375260 -0.196182 0.376087
v -1.381162 -0.194449 0.381664
v -1.388030 -0.192678 0.387477
v -1.395904 -0.190925 0.393389
v -1.404754 -0.189252 0.399220
v -1.414458 -0.187733 0.404746
v -1.424796 -0.186441 0.409743
v -1.435470 -0.185435 0.414006
v -1.446136 -0.184745 0.417403
v -1.456462 -0.184374 0.419880
v -1.466179 -0.184297 0.421468
v -1.475099 -0.184468 0.422263
v -1.483127 -0.184832 0.422403
v -1.490243 -0.185339 0.422028
v -1.496488 -0.185937 0.421273
v -1.369637 -0.196682 0.365209
v -1.374664 -0.194878 0.370385
v -1.380627 -0.192983 0.375939
v -1.387632 -0.191040 0.381790
v -1.395736 -0.189108 0.387806
v -1.404917 -0.187266 0.393799
v -1.415048 -0.185603 0.399529
v -1.425884 -0.184209 0.404746
v -1.437081 -0.183152 0.409220
v -1.448245 -0.182472 0.412793
v -1.458997 -0.182165 0.415407
v -1.469036 -0.182195 0.417093
v -1.478165 -0.182501 0.417961
v -1.486298 -0.183017 0.418157
v -1.493433 -0.183676 0.417839
v -1.499628 -0.184423 0.417145
v -1.369269 -0.195518 0.359158
v -1.374306 -0.193564 0.364188
v -1.380329 -0.191502 0.369642
v -1.387467 -0.189377 0.375457
v -1.395792 -0.187256 0.381507
v -1.405296 -0.185234 0.387602
v -1.415850 -0.183417 0.393494
v -1.427179 -0.181913 0.398908
v -1.438893 -0.180809 0.403588
v -1.450540 -0.180145 0.407355
v -1.461694 -0.179915 0.410135
v -1.472021 -0.180068 0.411964
v -1.481323 -0.180525 0.412956
v -1.489520 -0.181205 0.413269
v -1.496636 -0.182027 0.413065
v -1.502752 -0.182930 0.412491
v -1.369188 -0.194369 0.352713
v -1.374240 -0.192267 0.357518
v -1.380326 -0.190037 0.362789
v -1.387591 -0.187726 0.368476
v -1.396130 -0.185413 0.374472
v -1.405946 -0.183204 0.380593
v -1.416903 -0.181227 0.386586
v -1.428705 -0.179614 0.392161
v -1.440908 -0.178463 0.397036
v -1.453005 -0.177823 0.401010
v -1.464516 -0.177680 0.403995
v -1.475088 -0.177966 0.406019
v -1.484515 -0.178585 0.407201
v -1.492736 -0.179435 0.407701
v -1.499799 -0.180426 0.407684
v -1.505807 -0.181485 0.407298
v -1.369437 -0.193256 0.345918
v -1.374518 -0.191012 0.350421
v -1.380674 -0.188620 0.355418
v -1.388064 -0.186129 0.360882
v -1.396805 -0.183628 0.366723
v -1.406911 -0.181237 0.372776
v -1.418242 -0.179104 0.378793
v -1.430473 -0.177383 0.384475
v -1.443116 -0.176191 0.389527
v -1.455604 -0.175581 0.393720
v -1.467416 -0.175530 0.396951
v -1.478172 -0.175954 0.399233
v -1.487672 -0.176735 0.400680
v -1.495876 -0.177754 0.401445
v -1.502850 -0.178909 0.401694
v -1.508730 -0.180119 0.401570
v -1.370053 -0.192202 0.338842
v -1.375181 -0.189830 0.342970
v -1.381420 -0.187289 0.347610
v -1.388937 -0.184635 0.352752
v -1.397866 -0.181963 0.358335
v -1.408233 -0.179404 0.364214
v -1.419888 -0.177130 0.370164
v -1.432483 -0.175313 0.375889
v -1.445487 -0.174086 0.381085
v -1.458286 -0.173509 0.385506
v -1.470320 -0.173549 0.389021
v -1.481192 -0.174104 0.391627
v -1.490713 -0.175037 0.393416
v -1.498855 -0.176213 0.394530
v -1.505719 -0.177518 0.395126
v -1.511458 -0.178866 0.395339
v -1.371058 -0.191230 0.331577
v -1.376261 -0.188748 0.335271
v -1.382593 -0.186085 0.339477
v -1.390242 -0.183296 0.344209
v -1.399344 -0.180480 0.349433
v -1.409926 -0.177784 0.355038
v -1.421839 -0.175395 0.360825
v -1.434711 -0.173500 0.366521
v -1.447976 -0.172249 0.371820
v -1.460981 -0.171703 0.376464
v -1.473143 -0.171823 0.380297
v -1.484058 -0.172491 0.383280
v -1.493542 -0.173553 0.385482
v -1.501597 -0.174861 0.387024
v -1.508334 -0.176292 0.388039
v -1.513926 -0.177756 0.388659
v -1.372463 -0.190361 0.324226
v -1.377764 -0.187796 0.327445
v -1.384209 -0.185042 0.331163
v -1.391988 -0.182155 0.335420
v -1.401239 -0.179238 0.340205
v -1.411989 -0.176447 0.345447
v -1.424076 -0.173979 0.350984
v -1.437114 -0.172034 0.356575
v -1.450513 -0.170770 0.361929
v -1.463606 -0.170251 0.366779
v -1.475792 -0.170431 0.370939
v -1.486674 -0.171181 0.374341
v -1.496079 -0.172338 0.377008
v -1.504020 -0.173742 0.379033
v -1.510627 -0.175266 0.380529
v -1.516081 -0.176815 0.381608
v -1.374257 -0.189610 0.316904
v -1.379677 -0.186996 0.319628
v -1.386250 -0.184188 0.322834
v -1.394157 -0.181248 0.326575
v -1.403527 -0.178282 0.330872
v -1.414381 -0.175448 0.335689
v -1.426545 -0.172946 0.340908
v -1.439625 -0.170984 0.346328
v -1.453027 -0.169720 0.351681
v -1.466077 -0.169218 0.356702
v -1.478185 -0.169430 0.361180
v -1.488964 -0.170224 0.365007
v -1.498248 -0.171431 0.368165
v -1.506063 -0.172889 0.370704
v -1.512544 -0.174465 0.372713
v -1.517875 -0.176065 0.374286
v -1.376413 -0.188992 0.309725
v -1.381973 -0.186360 0.311962
v -1.388675 -0.183542 0.314656
v -1.396695 -0.180597 0.317876
v -1.406148 -0.177635 0.321668
v -1.417037 -0.174812 0.326032
v -1.429176 -0.172327 0.330893
v -1.442171 -0.170381 0.336089
v -1.455437 -0.169130 0.341390
v -1.468320 -0.168635 0.346531
v -1.480257 -0.168850 0.351291
v -1.490867 -0.169645 0.355517
v -1.500000 -0.170855 0.359150
v -1.507683 -0.172318 0.362204
v -1.514050 -0.173904 0.364732
v -1.519285 -0.175517 0.366809
v -1.378885 -0.188510 0.302795
v -1.384592 -0.185896 0.304573
v -1.391422 -0.183107 0.306785
v -1.399535 -0.180206 0.309510
v -1.409023 -0.177299 0.312817
v -1.419869 -0.174539 0.316731
v -1.431884 -0.172115 0.321220
v -1.444673 -0.170216 0.326162
v -1.457678 -0.168990 0.331359
v -1.470287 -0.168493 0.336564
v -1.481963 -0.168683 0.341540
v -1.492354 -0.169439 0.346110
v -1.501315 -0.170607 0.350177
v -1.508868 -0.172030 0.353710
v -1.515136 -0.173584 0.356732
v -1.520297 -0.175174 0.359294
v -1.381619 -0.188164 0.296204
v -1.387469 -0.185598 0.297572
v -1.394412 -0.182876 0.299352
v -1.402585 -0.180060 0.301632
v -1.412055 -0.177252 0.304495
v -1.422789 -0.174599 0.307993
v -1.434586 -0.172272 0.312122
v -1.447064 -0.170448 0.316796
v -1.459708 -0.169255 0.321849
v -1.471950 -0.168749 0.327051
v -1.483301 -0.168892 0.332171
v -1.493433 -0.169578 0.337008
v -1.502202 -0.170664 0.341433
v -1.509624 -0.172010 0.345383
v -1.515810 -0.173495 0.348850
v -1.520920 -0.175026 0.351861
v -1.384550 -0.187948 0.290021
v -1.390532 -0.185458 0.291038
v -1.397564 -0.182831 0.292449
v -1.405756 -0.180132 0.294349
v -1.415159 -0.177458 0.296831
v -1.425707 -0.174942 0.299962
v -1.437206 -0.172741 0.303760
v -1.449296 -0.171006 0.308167
v -1.461501 -0.169855 0.313044
v -1.473311 -0.169336 0.318186
v -1.484287 -0.169418 0.323368
v -1.494127 -0.170010 0.328383
v -1.502692 -0.170990 0.333079
v -1.509985 -0.172229 0.337366
v -1.516100 -0.173615 0.341209
v -1.521181 -0.175063 0.344612
v -1.387615 -0.187850 0.284295
v -1.393704 -0.185456 0.285022
v -1.400794 -0.182948 0.286133
v -1.408967 -0.180389 0.287725
v -1.418245 -0.177871 0.289892
v -1.428554 -0.175512 0.292713
v -1.439694 -0.173450 0.296216
v -1.451337 -0.171816 0.300366
v -1.463052 -0.170711 0.305047
v -1.474391 -0.170177 0.310079
v -1.484958 -0.170192 0.315249
v -1.494485 -0.170681 0.320354
v -1.502835 -0.171536 0.325229
v -1.509998 -0.172649 0.329766
v -1.516049 -0.173917 0.333906
v -1.521111 -0.175261 0.337633
v -1.390752 -0.187858 0.279047
v -1.396922 -0.185573 0.279549
v -1.404034 -0.183199 0.280427
v -1.412144 -0.180794 0.281776
v -1.421254 -0.178442 0.283695
v -1.431275 -0.176248 0.286260
v -1.442016 -0.174330 0.289508
v -1.453174 -0.172801 0.293418
v -1.464374 -0.171745 0.297893
v -1.475220 -0.171199 0.302775
v -1.485364 -0.171147 0.307872
v -1.494564 -0.171528 0.312986
v -1.502689 -0.172255 0.317954
v -1.509718 -0.173232 0.322653
v -1.515707 -0.174371 0.327009
v -1.520756 -0.175596 0.330990
v -1.393905 -0.187954 0.274282
v -1.400128 -0.185789 0.274618
v -1.407224 -0.183556 0.275324
v -1.415231 -0.181310 0.276493
v -1.424131 -0.179126 0.278219
v -1.433834 -0.177096 0.280576
v -1.444152 -0.175322 0.283608
v -1.454814 -0.173896 0.287295
v -1.465488 -0.172889 0.291560
v -1.475836 -0.172334 0.296267
v -1.485552 -0.172219 0.301240
v -1.494418 -0.172498 0.306300
v -1.502312 -0.173097 0.311286
v -1.509201 -0.173939 0.316068
v -1.515125 -0.174944 0.320565
v -1.520164 -0.176046 0.324727
v -2.352832 -0.016233 0.252318
v -1.417281 -0.159499 0.143926
v -1.414349 -0.162338 0.146865
v -1.464761 -0.158811 0.382298
v -1.481915 -0.258577 0.155701
v -2.360171 -0.014123 0.247863
v -1.591513 -0.231734 0.479475
v -1.527171 -0.150839 0.476219
vn -0.2454 0.2029 0.9480
vn -0.6911 0.6280 -0.3577
vn 0.3043 0.9016 -0.3073
vn -0.0977 -0.9948 -0.0292
vn -0.0654 0.6570 0.7510
vn -0.4270 0.2855 0.8580
vn -0.3334 0.6330 0.6987
vn -0.7645 0.5988 -0.2387
vn 0.1552 0.8857 -0.4377
vn 0.5033 0.8320 0.2333
vn 0.3424 -0.6769 -0.6516
vn 0.4710 0.8492 0.2387
vn 0.1586 0.9015 -0.4027
vn 0.1811 0.9122 -0.3675
vn 0.2039 0.9215 -0.3305
vn 0.2268 0.9291 -0.2922
vn 0.2497 0.9349 -0.2524
vn 0.2723 0.9387 -0.2115
vn 0.2947 0.9404 -0.1696
vn 0.3165 0.9401 -0.1271
vn 0.3376 0.9375 -0.0842
vn 0.3581 0.9328 -0.0413
vn 0.3776 0.9259 0.0013
vn 0.3962 0.9171 0.0435
vn 0.4136 0.9065 0.0849
vn 0.4298 0.8942 0.1253
vn 0.4448 0.8804 0.1645
vn 0.4585 0.8653 0.2023
vn -0.7182 0.6534 -0.2395
vn -0.6704 0.6949 -0.2604
vn -0.6182 0.7343 -0.2805
vn -0.5622 0.7708 -0.2995
vn -0.5032 0.8038 -0.3173
vn -0.4419 0.8328 -0.3335
vn -0.3793 0.8575 -0.3477
vn -0.3164 0.8776 -0.3602
vn -0.2541 0.8932 -0.3709
vn -0.1932 0.9047 -0.3798
vn -0.1342 0.9122 -0.3872
vn -0.0779 0.9163 -0.3928
vn -0.0243 0.9175 -0.3971
vn 0.0261 0.9162 -0.4000
vn 0.0734 0.9127 -0.4019
vn 0.1176 0.9077 -0.4027
vn -0.7148 0.6719 -0.1940
vn -0.6653 0.7149 -0.2149
vn -0.6114 0.7556 -0.2352
vn -0.5533 0.7931 -0.2546
vn -0.4922 0.8267 -0.2727
vn -0.4285 0.8560 -0.2893
vn -0.3639 0.8803 -0.3042
vn -0.2990 0.8999 -0.3174
vn -0.2350 0.9147 -0.3288
vn -0.1727 0.9250 -0.3385
vn -0.1128 0.9312 -0.3467
vn -0.0556 0.9339 -0.3533
vn -0.0016 0.9336 -0.3583
vn 0.0491 0.9308 -0.3622
vn 0.0964 0.9260 -0.3649
vn 0.1405 0.9197 -0.3667
vn -0.7093 0.6898 -0.1452
vn -0.6582 0.7343 -0.1659
vn -0.6023 0.7762 -0.1863
vn -0.5421 0.8147 -0.2060
vn -0.4788 0.8487 -0.2245
vn -0.4131 0.8781 -0.2416
vn -0.3465 0.9021 -0.2573
vn -0.2798 0.9209 -0.2713
vn -0.2143 0.9347 -0.2836
vn -0.1508 0.9438 -0.2942
vn -0.0900 0.9487 -0.3032
vn -0.0322 0.9499 -0.3109
vn 0.0220 0.9481 -0.3171
vn 0.0728 0.9439 -0.3220
vn 0.1200 0.9378 -0.3257
vn 0.1637 0.9302 -0.3285
vn -0.7014 0.7067 -0.0929
vn -0.6485 0.7527 -0.1134
vn -0.5907 0.7957 -0.1338
vn -0.5285 0.8349 -0.1537
vn -0.4630 0.8694 -0.1727
vn -0.3955 0.8985 -0.1905
vn -0.3268 0.9222 -0.2069
vn -0.2586 0.9402 -0.2217
vn -0.1919 0.9528 -0.2352
vn -0.1274 0.9606 -0.2470
vn -0.0660 0.9641 -0.2573
vn -0.0079 0.9639 -0.2661
vn 0.0464 0.9607 -0.2736
vn 0.0970 0.9551 -0.2799
vn 0.1439 0.9477 -0.2850
vn 0.1871 0.9389 -0.2890
vn -0.6907 0.7222 -0.0375
vn -0.6360 0.7695 -0.0577
vn -0.5764 0.8134 -0.0779
vn -0.5122 0.8533 -0.0980
vn -0.4448 0.8879 -0.1175
vn -0.3753 0.9169 -0.1360
vn -0.3052 0.9399 -0.1534
vn -0.2357 0.9569 -0.1694
vn -0.1679 0.9685 -0.1840
vn -0.1028 0.9750 -0.1972
vn -0.0410 0.9771 -0.2089
vn 0.0171 0.9755 -0.2192
vn 0.0714 0.9710 -0.2281
vn 0.1216 0.9642 -0.2358
vn 0.1680 0.9556 -0.2423
vn 0.2106 0.9456 -0.2478
vn -0.6768 0.7359 0.0208
vn -0.6206 0.7842 0.0012
vn -0.5590 0.8290 -0.0190
vn -0.4931 0.8691 -0.0393
vn -0.4239 0.9038 -0.0592
vn -0.3529 0.9324 -0.0786
vn -0.2814 0.9547 -0.0971
vn -0.2109 0.9708 -0.1143
vn -0.1424 0.9812 -0.1304
vn -0.0770 0.9864 -0.1450
vn -0.0151 0.9873 -0.1584
vn 0.0429 0.9845 -0.1702
vn 0.0968 0.9788 -0.1808
vn 0.1465 0.9708 -0.1900
vn 0.1922 0.9612 -0.1982
vn 0.2341 0.9503 -0.2053
vn -0.6595 0.7473 0.0816
vn -0.6018 0.7962 0.0626
vn -0.5385 0.8415 0.0426
vn -0.4711 0.8818 0.0221
vn -0.4003 0.9164 0.0015
vn -0.3281 0.9444 -0.0188
vn -0.2557 0.9660 -0.0384
vn -0.1845 0.9812 -0.0571
vn -0.1157 0.9905 -0.0747
vn -0.0503 0.9946 -0.0910
vn 0.0115 0.9943 -0.1061
vn 0.0690 0.9904 -0.1197
vn 0.1223 0.9837 -0.1321
vn 0.1713 0.9748 -0.1432
vn 0.2161 0.9643 -0.1530
vn 0.2572 0.9527 -0.1618
vn -0.6391 0.7555 0.1441
vn -0.5798 0.8050 0.1257
vn -0.5152 0.8505 0.1059
vn -0.4461 0.8909 0.0853
vn -0.3743 0.9251 0.0641
vn -0.3012 0.9526 0.0429
vn -0.2282 0.9734 0.0220
vn -0.1567 0.9876 0.0017
vn -0.0880 0.9960 -0.0175
vn -0.0228 0.9991 -0.0357
vn 0.0384 0.9979 -0.0526
vn 0.0953 0.9931 -0.0682
vn 0.1477 0.9856 -0.0824
vn 0.1959 0.9760 -0.0953
vn 0.2399 0.9649 -0.1070
vn 0.2800 0.9528 -0.1175
vn -0.6153 0.7605 0.2076
vn -0.5545 0.8102 0.1899
vn -0.4887 0.8556 0.1705
vn -0.4186 0.8957 0.1496
vn -0.3460 0.9295 0.1278
vn -0.2724 0.9564 0.1055
vn -0.1992 0.9764 0.0833
vn -0.1279 0.9899 0.0614
vn -0.0596 0.9974 0.0404
vn 0.0051 0.9998 0.0204
vn 0.0655 0.9979 0.0016
vn 0.1215 0.9925 -0.0160
vn 0.1730 0.9844 -0.0321
vn 0.2202 0.9743 -0.0469
vn 0.2631 0.9629 -0.0605
vn 0.3022 0.9505 -0.0729
vn -0.5883 0.7617 0.2715
vn -0.5263 0.8114 0.2543
vn -0.4595 0.8565 0.2351
vn -0.3888 0.8961 0.2141
vn -0.3158 0.9293 0.1917
vn -0.2420 0.9555 0.1684
vn -0.1691 0.9749 0.1447
vn -0.0983 0.9877 0.1213
vn -0.0307 0.9947 0.0984
vn 0.0331 0.9965 0.0765
vn 0.0924 0.9942 0.0558
vn 0.1475 0.9884 0.0364
vn 0.1978 0.9801 0.0182
vn 0.2438 0.9698 0.0014
vn 0.2857 0.9582 -0.0141
vn 0.3236 0.9458 -0.0283
vn -0.5583 0.7593 0.3343
vn -0.4955 0.8083 0.3180
vn -0.4279 0.8529 0.2990
vn -0.3569 0.8919 0.2778
vn -0.2840 0.9244 0.2548
vn -0.2106 0.9500 0.2305
vn -0.1383 0.9688 0.2055
vn -0.0684 0.9812 0.1805
vn -0.0018 0.9878 0.1560
vn 0.0609 0.9893 0.1323
vn 0.1191 0.9868 0.1097
vn 0.1728 0.9810 0.0883
vn 0.2219 0.9727 0.0682
vn 0.2667 0.9625 0.0495
vn 0.3074 0.9510 0.0322
vn 0.3443 0.9387 0.0161
vn -0.5257 0.7531 0.3956
vn -0.4622 0.8013 0.3798
vn -0.3945 0.8450 0.3611
vn -0.3236 0.8831 0.3396
vn -0.2511 0.9149 0.3161
vn -0.1785 0.9399 0.2909
vn -0.1072 0.9583 0.2648
vn -0.0385 0.9704 0.2384
vn 0.0269 0.9769 0.2122
vn 0.0880 0.9785 0.1868
vn 0.1449 0.9760 0.1624
vn 0.1972 0.9704 0.1392
vn 0.2451 0.9624 0.1173
vn 0.2886 0.9525 0.0969
vn 0.3281 0.9414 0.0777
vn 0.3638 0.9295 0.0600
vn -0.4910 0.7434 0.4543
vn -0.4272 0.7905 0.4390
vn -0.3596 0.8329 0.4206
vn -0.2892 0.8702 0.3990
vn -0.2175 0.9012 0.3749
vn -0.1460 0.9257 0.3490
vn -0.0761 0.9437 0.3218
vn -0.0089 0.9557 0.2941
vn 0.0548 0.9623 0.2665
vn 0.1144 0.9641 0.2395
vn 0.1698 0.9621 0.2135
vn 0.2206 0.9569 0.1888
vn 0.2671 0.9494 0.1652
vn 0.3093 0.9401 0.1430
vn 0.3477 0.9296 0.1223
vn 0.3822 0.9183 0.1030
vn -0.4546 0.7304 0.5098
vn -0.3910 0.7759 0.4950
vn -0.3238 0.8173 0.4766
vn -0.2543 0.8534 0.4550
vn -0.1838 0.8836 0.4306
vn -0.1139 0.9077 0.4039
vn -0.0456 0.9255 0.3759
vn 0.0198 0.9376 0.3472
vn 0.0818 0.9444 0.3184
vn 0.1398 0.9467 0.2902
vn 0.1935 0.9452 0.2628
vn 0.2428 0.9408 0.2365
vn 0.2878 0.9340 0.2115
vn 0.3288 0.9255 0.1879
vn 0.3659 0.9158 0.1656
vn 0.3994 0.9053 0.1447
vn -0.4173 0.7147 0.5613
vn -0.3542 0.7586 0.5469
vn -0.2877 0.7986 0.5287
vn -0.2194 0.8336 0.5070
vn -0.1505 0.8630 0.4823
vn -0.0823 0.8865 0.4554
vn -0.0159 0.9042 0.4267
vn 0.0476 0.9165 0.3972
vn 0.1077 0.9238 0.3675
vn 0.1638 0.9267 0.3382
vn 0.2158 0.9261 0.3096
vn 0.2635 0.9225 0.2822
vn 0.3072 0.9166 0.2560
vn 0.3469 0.9090 0.2310
vn 0.3829 0.9002 0.2074
vn 0.4154 0.8906 0.1853
vn -0.3797 0.6966 0.6087
vn -0.3173 0.7387 0.5946
vn -0.2519 0.7774 0.5764
vn -0.1851 0.8111 0.5548
vn -0.1179 0.8398 0.5299
vn -0.0517 0.8629 0.5027
vn 0.0126 0.8806 0.4738
vn 0.0741 0.8931 0.4438
vn 0.1321 0.9009 0.4135
vn 0.1864 0.9046 0.3834
vn 0.2366 0.9048 0.3539
vn 0.2828 0.9023 0.3255
vn 0.3251 0.8975 0.2982
vn 0.3634 0.8910 0.2722
vn 0.3984 0.8832 0.2475
vn 0.4299 0.8746 0.2242
vn -0.3424 0.6767 0.6518
vn -0.2808 0.7172 0.6378
vn -0.2168 0.7543 0.6198
vn -0.1516 0.7869 0.5982
vn -0.0864 0.8147 0.5735
vn -0.0223 0.8373 0.5462
vn 0.0398 0.8551 0.5170
vn 0.0991 0.8679 0.4867
vn 0.1551 0.8763 0.4561
vn 0.2074 0.8809 0.4255
vn 0.2559 0.8821 0.3954
vn 0.3006 0.8806 0.3662
vn 0.3414 0.8770 0.3381
vn 0.3787 0.8716 0.3113
vn 0.4125 0.8650 0.2857
vn 0.4432 0.8574 0.2615
vn 0.7180 -0.6535 0.2395
vn 0.7146 -0.6721 0.1939
vn 0.7091 -0.6900 0.1451
vn 0.7010 -0.7071 0.0928
vn 0.6903 -0.7225 0.0374
vn 0.6764 -0.7362 -0.0209
vn 0.6592 -0.7475 -0.0817
vn 0.6595 -0.7473 -0.0817
vn 0.6388 -0.7557 -0.1442
vn 0.6151 -0.7606 -0.2077
vn 0.5880 -0.7620 -0.2713
vn 0.5580 -0.7595 -0.3343
vn 0.5255 -0.7532 -0.3956
vn 0.4908 -0.7436 -0.4542
vn 0.4545 -0.7305 -0.5097
vn 0.4173 -0.7147 -0.5613
vn 0.3798 -0.6965 -0.6088
vn -0.1586 -0.9016 0.4025
vn -0.1175 -0.9078 0.4025
vn -0.0734 -0.9128 0.4017
vn -0.0261 -0.9162 0.3999
vn 0.0244 -0.9175 0.3969
vn 0.0779 -0.9164 0.3926
vn 0.1342 -0.9123 0.3870
vn 0.1931 -0.9047 0.3797
vn 0.2540 -0.8933 0.3707
vn 0.3163 -0.8777 0.3600
vn 0.3792 -0.8575 0.3476
vn 0.4417 -0.8330 0.3332
vn 0.5031 -0.8040 0.3171
vn 0.5622 -0.7709 0.2995
vn 0.6181 -0.7344 0.2804
vn 0.6701 -0.6952 0.2602
vn -0.1812 -0.9122 0.3674
vn -0.1404 -0.9198 0.3665
vn -0.0964 -0.9261 0.3647
vn -0.0491 -0.9309 0.3620
vn 0.0016 -0.9336 0.3582
vn 0.0556 -0.9340 0.3530
vn 0.1127 -0.9313 0.3464
vn 0.1727 -0.9251 0.3383
vn 0.2349 -0.9148 0.3287
vn 0.2989 -0.9000 0.3173
vn 0.3638 -0.8805 0.3040
vn 0.4283 -0.8561 0.2891
vn 0.4919 -0.8269 0.2725
vn 0.5531 -0.7933 0.2544
vn 0.6113 -0.7556 0.2351
vn 0.6651 -0.7152 0.2148
vn -0.2039 -0.9216 0.3304
vn -0.1637 -0.9302 0.3285
vn -0.1199 -0.9379 0.3257
vn -0.0728 -0.9440 0.3219
vn -0.0220 -0.9482 0.3169
vn 0.0323 -0.9499 0.3107
vn 0.0899 -0.9487 0.3031
vn 0.1507 -0.9439 0.2940
vn 0.2141 -0.9348 0.2833
vn 0.2796 -0.9211 0.2710
vn 0.3463 -0.9022 0.2571
vn 0.4129 -0.8782 0.2415
vn 0.4786 -0.8489 0.2243
vn 0.5419 -0.8149 0.2057
vn 0.6021 -0.7764 0.1861
vn 0.6579 -0.7346 0.1657
vn -0.2268 -0.9291 0.2920
vn -0.1871 -0.9389 0.2888
vn -0.1438 -0.9478 0.2846
vn -0.0971 -0.9552 0.2797
vn -0.0464 -0.9608 0.2734
vn 0.0079 -0.9639 0.2660
vn 0.0660 -0.9641 0.2572
vn 0.1274 -0.9606 0.2469
vn 0.1918 -0.9529 0.2350
vn 0.2586 -0.9402 0.2216
vn 0.3267 -0.9222 0.2068
vn 0.3952 -0.8986 0.1904
vn 0.4630 -0.8694 0.1726
vn 0.5284 -0.8350 0.1536
vn 0.5905 -0.7959 0.1337
vn 0.6484 -0.7528 0.1134
vn -0.2496 -0.9349 0.2522
vn -0.2106 -0.9457 0.2476
vn -0.1679 -0.9556 0.2422
vn -0.1216 -0.9642 0.2356
vn -0.0714 -0.9711 0.2279
vn -0.0172 -0.9756 0.2190
vn 0.0409 -0.9771 0.2087
vn 0.1028 -0.9750 0.1970
vn 0.1678 -0.9685 0.1839
vn 0.2356 -0.9570 0.1692
vn 0.3050 -0.9399 0.1533
vn 0.3751 -0.9170 0.1359
vn 0.4446 -0.8880 0.1173
vn 0.5121 -0.8534 0.0979
vn 0.5761 -0.8137 0.0778
vn 0.6358 -0.7697 0.0575
vn -0.2722 -0.9388 0.2112
vn -0.2341 -0.9503 0.2052
vn -0.1921 -0.9612 0.1981
vn -0.1464 -0.9708 0.1899
vn -0.0967 -0.9788 0.1807
vn -0.0428 -0.9845 0.1701
vn 0.0151 -0.9873 0.1582
vn 0.0769 -0.9865 0.1449
vn 0.1424 -0.9812 0.1302
vn 0.2108 -0.9708 0.1142
vn 0.2812 -0.9547 0.0969
vn 0.3527 -0.9324 0.0785
vn 0.4237 -0.9039 0.0591
vn 0.4929 -0.8692 0.0391
vn 0.5589 -0.8290 0.0189
vn 0.6202 -0.7845 -0.0013
vn -0.2945 -0.9405 0.1695
vn -0.2572 -0.9527 0.1617
vn -0.2161 -0.9643 0.1529
vn -0.1712 -0.9748 0.1430
vn -0.1223 -0.9837 0.1319
vn -0.0690 -0.9904 0.1196
vn -0.0114 -0.9943 0.1060
vn 0.0502 -0.9946 0.0909
vn 0.1156 -0.9905 0.0746
vn 0.1844 -0.9812 0.0570
vn 0.2555 -0.9660 0.0383
vn 0.3279 -0.9445 0.0187
vn 0.4002 -0.9164 -0.0016
vn 0.4708 -0.8820 -0.0222
vn 0.5384 -0.8416 -0.0426
vn 0.6015 -0.7964 -0.0625
vn -0.3163 -0.9401 0.1270
vn -0.2799 -0.9528 0.1174
vn -0.2399 -0.9649 0.1069
vn -0.1958 -0.9760 0.0952
vn -0.1477 -0.9856 0.0823
vn -0.0953 -0.9931 0.0680
vn -0.0384 -0.9979 0.0525
vn 0.0228 -0.9991 0.0356
vn 0.0879 -0.9960 0.0175
vn 0.1566 -0.9877 -0.0018
vn 0.2280 -0.9734 -0.0220
vn 0.3010 -0.9527 -0.0429
vn 0.3742 -0.9251 -0.0642
vn 0.4459 -0.8910 -0.0853
vn 0.5149 -0.8507 -0.1060
vn 0.5796 -0.8051 -0.1257
vn -0.3375 -0.9376 0.0841
vn -0.3021 -0.9505 0.0729
vn -0.2631 -0.9629 0.0605
vn -0.2201 -0.9744 0.0469
vn -0.1729 -0.9844 0.0320
vn -0.1215 -0.9925 0.0159
vn -0.0655 -0.9979 -0.0016
vn -0.0051 -0.9998 -0.0204
vn 0.0595 -0.9974 -0.0404
vn 0.1278 -0.9899 -0.0615
vn 0.1991 -0.9764 -0.0833
vn 0.2722 -0.9564 -0.1056
vn 0.3459 -0.9295 -0.1279
vn 0.4184 -0.8959 -0.1496
vn 0.4885 -0.8558 -0.1705
vn 0.5544 -0.8103 -0.1900
vn -0.3580 -0.9328 0.0412
vn -0.3235 -0.9458 0.0282
vn -0.2856 -0.9582 0.0139
vn -0.2438 -0.9698 -0.0016
vn -0.1978 -0.9801 -0.0183
vn -0.1474 -0.9884 -0.0365
vn -0.0925 -0.9941 -0.0559
vn -0.0330 -0.9965 -0.0766
vn 0.0307 -0.9947 -0.0985
vn 0.0982 -0.9877 -0.1213
vn 0.1690 -0.9749 -0.1448
vn 0.2419 -0.9556 -0.1684
vn 0.3156 -0.9293 -0.1916
vn 0.3886 -0.8962 -0.2141
vn 0.4593 -0.8566 -0.2351
vn 0.5261 -0.8115 -0.2543
vn -0.3776 -0.9260 -0.0014
vn -0.3441 -0.9388 -0.0162
vn -0.3073 -0.9511 -0.0322
vn -0.2667 -0.9625 -0.0495
vn -0.2218 -0.9727 -0.0683
vn -0.1727 -0.9810 -0.0883
vn -0.1190 -0.9868 -0.1097
vn -0.0608 -0.9893 -0.1323
vn 0.0018 -0.9878 -0.1560
vn 0.0683 -0.9812 -0.1805
vn 0.1382 -0.9688 -0.2055
vn 0.2105 -0.9500 -0.2305
vn 0.2838 -0.9244 -0.2548
vn 0.3567 -0.8920 -0.2778
vn 0.4278 -0.8530 -0.2990
vn 0.4952 -0.8086 -0.3179
vn -0.3960 -0.9172 -0.0436
vn -0.3638 -0.9295 -0.0600
vn -0.3279 -0.9415 -0.0778
vn -0.2886 -0.9525 -0.0969
vn -0.2449 -0.9624 -0.1174
vn -0.1972 -0.9704 -0.1392
vn -0.1449 -0.9760 -0.1624
vn -0.0880 -0.9785 -0.1867
vn -0.0268 -0.9769 -0.2122
vn 0.0384 -0.9704 -0.2383
vn 0.1071 -0.9583 -0.2648
vn 0.1784 -0.9400 -0.2909
vn 0.2509 -0.9150 -0.3160
vn 0.3234 -0.8832 -0.3396
vn 0.3943 -0.8451 -0.3610
vn 0.4621 -0.8014 -0.3797
vn -0.4134 -0.9066 -0.0850
vn -0.3823 -0.9183 -0.1030
vn -0.3475 -0.9296 -0.1224
vn -0.3093 -0.9401 -0.1431
vn -0.2671 -0.9494 -0.1653
vn -0.2206 -0.9569 -0.1888
vn -0.1698 -0.9621 -0.2136
vn -0.1144 -0.9641 -0.2396
vn -0.0547 -0.9623 -0.2665
vn 0.0089 -0.9558 -0.2940
vn 0.0761 -0.9438 -0.3218
vn 0.1460 -0.9257 -0.3489
vn 0.2173 -0.9012 -0.3749
vn 0.2891 -0.8702 -0.3990
vn 0.3595 -0.8330 -0.4205
vn 0.4271 -0.7905 -0.4390
vn -0.4297 -0.8942 -0.1254
vn -0.3994 -0.9053 -0.1448
vn -0.3658 -0.9158 -0.1656
vn -0.3287 -0.9256 -0.1879
vn -0.2878 -0.9341 -0.2115
vn -0.2427 -0.9408 -0.2365
vn -0.1934 -0.9453 -0.2627
vn -0.1397 -0.9467 -0.2901
vn -0.0818 -0.9444 -0.3184
vn -0.0198 -0.9376 -0.3471
vn 0.0456 -0.9256 -0.3758
vn 0.1138 -0.9077 -0.4038
vn 0.1837 -0.8837 -0.4304
vn 0.2541 -0.8535 -0.4549
vn 0.3237 -0.8174 -0.4765
vn 0.3908 -0.7762 -0.4947
vn -0.4446 -0.8805 -0.1645
vn -0.4153 -0.8906 -0.1853
vn -0.3828 -0.9002 -0.2075
vn -0.3468 -0.9090 -0.2310
vn -0.3071 -0.9166 -0.2559
vn -0.2635 -0.9225 -0.2822
vn -0.2157 -0.9261 -0.3096
vn -0.1638 -0.9267 -0.3382
vn -0.1077 -0.9238 -0.3675
vn -0.0476 -0.9165 -0.3972
vn 0.0159 -0.9043 -0.4266
vn 0.0822 -0.8866 -0.4552
vn 0.1504 -0.8630 -0.4822
vn 0.2193 -0.8336 -0.5069
vn 0.2876 -0.7987 -0.5286
vn 0.3540 -0.7588 -0.5467
vn -0.4583 -0.8655 -0.2023
vn -0.4298 -0.8747 -0.2242
vn -0.3982 -0.8833 -0.2474
vn -0.3634 -0.8910 -0.2721
vn -0.3250 -0.8975 -0.2981
vn -0.2827 -0.9023 -0.3254
vn -0.2365 -0.9049 -0.3539
vn -0.1863 -0.9046 -0.3833
vn -0.1321 -0.9009 -0.4134
vn -0.0740 -0.8931 -0.4436
vn -0.0126 -0.8806 -0.4736
vn 0.0516 -0.8630 -0.5026
vn 0.1178 -0.8398 -0.5299
vn 0.1850 -0.8112 -0.5547
vn 0.2517 -0.7776 -0.5761
vn 0.3171 -0.7391 -0.5943
vn -0.4707 -0.8494 -0.2386
vn -0.4431 -0.8575 -0.2614
vn -0.4124 -0.8651 -0.2857
vn -0.3786 -0.8717 -0.3112
vn -0.3414 -0.8770 -0.3381
vn -0.3005 -0.8807 -0.3662
vn -0.2559 -0.8821 -0.3954
vn -0.2074 -0.8809 -0.4254
vn -0.1550 -0.8764 -0.4559
vn -0.0990 -0.8680 -0.4866
vn -0.0398 -0.8551 -0.5169
vn 0.0223 -0.8375 -0.5460
vn 0.0864 -0.8149 -0.5732
vn 0.1516 -0.7871 -0.5979
vn 0.2166 -0.7545 -0.6196
vn 0.2807 -0.7173 -0.6377
vn 0.7643 -0.5991 0.2385
vn 0.8095 -0.5267 0.2594
vn 0.8532 -0.4397 0.2805
vn 0.8923 -0.3367 0.3008
vn 0.9222 -0.2187 0.3188
vn 0.9389 -0.0886 0.3327
vn 0.9389 0.0473 0.3410
vn 0.9214 0.1828 0.3431
vn 0.8885 0.3093 0.3390
vn 0.8438 0.4230 0.3301
vn 0.7925 0.5206 0.3178
vn 0.7386 0.6020 0.3034
vn 0.6849 0.6691 0.2884
vn 0.6341 0.7233 0.2735
vn 0.5865 0.7674 0.2591
vn 0.5430 0.8030 0.2457
vn 0.3855 -0.6206 -0.6828
vn 0.4259 -0.6400 -0.6395
vn 0.4666 -0.6575 -0.5916
vn 0.5069 -0.6727 -0.5390
vn 0.5459 -0.6853 -0.4820
vn 0.5830 -0.6946 -0.4214
vn 0.6177 -0.7003 -0.3578
vn 0.6491 -0.7024 -0.2921
vn 0.6765 -0.7011 -0.2255
vn 0.7000 -0.6963 -0.1589
vn 0.7195 -0.6882 -0.0936
vn 0.7350 -0.6774 -0.0301
vn 0.7467 -0.6644 0.0306
vn 0.7553 -0.6494 0.0879
vn 0.7608 -0.6332 0.1419
vn 0.7637 -0.6163 0.1921
vn 0.4097 -0.5423 -0.7336
vn 0.4554 -0.5625 -0.6901
vn 0.5017 -0.5815 -0.6405
vn 0.5474 -0.5981 -0.5853
vn 0.5920 -0.6119 -0.5244
vn 0.6344 -0.6223 -0.4587
vn 0.6730 -0.6291 -0.3890
vn 0.7075 -0.6319 -0.3165
vn 0.7373 -0.6305 -0.2428
vn 0.7619 -0.6253 -0.1691
vn 0.7811 -0.6169 -0.0971
vn 0.7952 -0.6057 -0.0275
vn 0.8048 -0.5923 0.0385
vn 0.8103 -0.5773 0.1004
vn 0.8126 -0.5611 0.1578
vn 0.8121 -0.5441 0.2108
vn 0.4327 -0.4454 -0.7838
vn 0.4842 -0.4654 -0.7409
vn 0.5370 -0.4842 -0.6908
vn 0.5893 -0.5013 -0.6336
vn 0.6405 -0.5157 -0.5691
vn 0.6885 -0.5270 -0.4982
vn 0.7322 -0.5344 -0.4222
vn 0.7705 -0.5377 -0.3424
vn 0.8023 -0.5370 -0.2608
vn 0.8272 -0.5325 -0.1795
vn 0.8455 -0.5245 -0.1001
vn 0.8578 -0.5135 -0.0239
vn 0.8641 -0.5010 0.0474
vn 0.8662 -0.4865 0.1137
vn 0.8646 -0.4711 0.1746
vn 0.8600 -0.4554 0.2302
vn 0.4526 -0.3271 -0.8296
vn 0.5101 -0.3450 -0.7879
vn 0.5693 -0.3623 -0.7380
vn 0.6286 -0.3782 -0.6795
vn 0.6866 -0.3922 -0.6121
vn 0.7413 -0.4030 -0.5367
vn 0.7902 -0.4111 -0.4545
vn 0.8323 -0.4151 -0.3675
vn 0.8661 -0.4155 -0.2780
vn 0.8913 -0.4123 -0.1889
vn 0.9081 -0.4061 -0.1021
vn 0.9175 -0.3971 -0.0198
vn 0.9205 -0.3865 0.0570
vn 0.9183 -0.3748 0.1276
vn 0.9122 -0.3623 0.1915
vn 0.9032 -0.3494 0.2491
vn 0.4660 -0.1880 -0.8646
vn 0.5286 -0.2013 -0.8246
vn 0.5936 -0.2146 -0.7756
vn 0.6594 -0.2271 -0.7167
vn 0.7238 -0.2385 -0.6475
vn 0.7844 -0.2482 -0.5684
vn 0.8386 -0.2556 -0.4811
vn 0.8842 -0.2605 -0.3877
vn 0.9199 -0.2625 -0.2913
vn 0.9452 -0.2618 -0.1952
vn 0.9605 -0.2588 -0.1021
vn 0.9670 -0.2543 -0.0142
vn 0.9664 -0.2482 0.0669
vn 0.9602 -0.2413 0.1407
vn 0.9499 -0.2339 0.2071
vn 0.9370 -0.2263 0.2662
vn 0.4696 -0.0338 -0.8822
vn 0.5353 -0.0401 -0.8437
vn 0.6040 -0.0466 -0.7956
vn 0.6739 -0.0536 -0.7369
vn 0.7428 -0.0602 -0.6668
vn 0.8078 -0.0664 -0.5857
vn 0.8656 -0.0728 -0.4955
vn 0.9141 -0.0777 -0.3980
vn 0.9513 -0.0822 -0.2971
vn 0.9768 -0.0857 -0.1964
vn 0.9911 -0.0883 -0.0992
vn 0.9959 -0.0899 -0.0078
vn 0.9930 -0.0905 0.0762
vn 0.9842 -0.0907 0.1519
vn 0.9713 -0.0905 0.2198
vn 0.9559 -0.0895 0.2798
vn 0.4614 0.1260 -0.8782
vn 0.5273 0.1279 -0.8400
vn 0.5965 0.1294 -0.7921
vn 0.6669 0.1301 -0.7337
vn 0.7368 0.1294 -0.6636
vn 0.8027 0.1270 -0.5827
vn 0.8619 0.1234 -0.4918
vn 0.9115 0.1183 -0.3940
vn 0.9498 0.1115 -0.2924
vn 0.9761 0.1038 -0.1909
vn 0.9911 0.0954 -0.0929
vn 0.9962 0.0866 -0.0007
vn 0.9935 0.0776 0.0838
vn 0.9847 0.0693 0.1600
vn 0.9717 0.0616 0.2282
vn 0.9561 0.0542 0.2881
vn 0.4419 0.2796 -0.8524
vn 0.5050 0.2892 -0.8132
vn 0.5711 0.2979 -0.7650
vn 0.6385 0.3049 -0.7067
vn 0.7053 0.3098 -0.6377
vn 0.7686 0.3121 -0.5584
vn 0.8261 0.3110 -0.4700
vn 0.8748 0.3063 -0.3753
vn 0.9134 0.2981 -0.2771
vn 0.9411 0.2869 -0.1788
vn 0.9583 0.2734 -0.0836
vn 0.9660 0.2584 0.0063
vn 0.9659 0.2429 0.0890
vn 0.9599 0.2272 0.1639
vn 0.9497 0.2115 0.2311
vn 0.9364 0.1967 0.2905
vn 0.4138 0.4171 -0.8092
vn 0.4718 0.4322 -0.7685
vn 0.5323 0.4459 -0.7196
vn 0.5940 0.4577 -0.6616
vn 0.6549 0.4666 -0.5945
vn 0.7132 0.4717 -0.5185
vn 0.7666 0.4724 -0.4350
vn 0.8130 0.4683 -0.3461
vn 0.8510 0.4596 -0.2541
vn 0.8798 0.4469 -0.1620
vn 0.8996 0.4307 -0.0725
vn 0.9111 0.4119 0.0128
vn 0.9155 0.3917 0.0917
vn 0.9142 0.3706 0.1638
vn 0.9085 0.3496 0.2290
vn 0.8996 0.3290 0.2873
vn 0.3809 0.5331 -0.7554
vn 0.4329 0.5510 -0.7135
vn 0.4869 0.5673 -0.6642
vn 0.5416 0.5812 -0.6074
vn 0.5957 0.5918 -0.5430
vn 0.6477 0.5985 -0.4715
vn 0.6960 0.6004 -0.3939
vn 0.7388 0.5973 -0.3121
vn 0.7753 0.5891 -0.2277
vn 0.8047 0.5762 -0.1433
vn 0.8267 0.5593 -0.0609
vn 0.8418 0.5394 0.0182
vn 0.8509 0.5172 0.0921
vn 0.8546 0.4938 0.1606
vn 0.8541 0.4699 0.2230
vn 0.8502 0.4462 0.2794
vn 0.3466 0.6270 -0.6977
vn 0.3926 0.6455 -0.6552
vn 0.4402 0.6624 -0.6063
vn 0.4881 0.6767 -0.5512
vn 0.5355 0.6878 -0.4902
vn 0.5813 0.6948 -0.4235
vn 0.6244 0.6971 -0.3524
vn 0.6635 0.6946 -0.2779
vn 0.6979 0.6873 -0.2016
vn 0.7268 0.6754 -0.1250
vn 0.7501 0.6595 -0.0499
vn 0.7679 0.6401 0.0225
vn 0.7807 0.6183 0.0911
vn 0.7888 0.5948 0.1552
vn 0.7930 0.5703 0.2143
vn 0.7940 0.5454 0.2685
vn 0.3133 0.7010 -0.6406
vn 0.3539 0.7191 -0.5980
vn 0.3955 0.7354 -0.5503
vn 0.4375 0.7489 -0.4977
vn 0.4791 0.7592 -0.4406
vn 0.5195 0.7658 -0.3790
vn 0.5578 0.7683 -0.3139
vn 0.5932 0.7664 -0.2463
vn 0.6251 0.7601 -0.1774
vn 0.6531 0.7495 -0.1082
vn 0.6768 0.7351 -0.0401
vn 0.6962 0.7174 0.0259
vn 0.7114 0.6971 0.0891
vn 0.7229 0.6748 0.1488
vn 0.7309 0.6511 0.2044
vn 0.7360 0.6267 0.2560
vn 0.2824 0.7589 -0.5867
vn 0.3184 0.7757 -0.5449
vn 0.3550 0.7905 -0.4991
vn 0.3920 0.8028 -0.4493
vn 0.4285 0.8122 -0.3958
vn 0.4641 0.8183 -0.3390
vn 0.4983 0.8207 -0.2796
vn 0.5304 0.8191 -0.2183
vn 0.5600 0.8137 -0.1560
vn 0.5865 0.8045 -0.0934
vn 0.6098 0.7919 -0.0316
vn 0.6299 0.7761 0.0286
vn 0.6467 0.7578 0.0867
vn 0.6604 0.7373 0.1420
vn 0.6711 0.7155 0.1941
vn 0.6792 0.6926 0.2430
vn 0.2545 0.8039 -0.5376
vn 0.2865 0.8190 -0.4971
vn 0.3190 0.8323 -0.4533
vn 0.3517 0.8433 -0.4063
vn 0.3842 0.8516 -0.3566
vn 0.4160 0.8570 -0.3042
vn 0.4466 0.8591 -0.2498
vn 0.4757 0.8579 -0.1940
vn 0.5029 0.8533 -0.1374
vn 0.5280 0.8454 -0.0806
vn 0.5506 0.8344 -0.0244
vn 0.5706 0.8207 0.0307
vn 0.5880 0.8045 0.0841
vn 0.6029 0.7862 0.1354
vn 0.6154 0.7664 0.1842
vn 0.6258 0.7453 0.2302
vn 0.2298 0.8389 -0.4934
vn 0.2583 0.8525 -0.4545
vn 0.2875 0.8643 -0.4128
vn 0.3165 0.8740 -0.3688
vn 0.3456 0.8813 -0.3224
vn 0.3741 0.8860 -0.2740
vn 0.4019 0.8879 -0.2241
vn 0.4284 0.8869 -0.1731
vn 0.4535 0.8829 -0.1214
vn 0.4770 0.8762 -0.0696
vn 0.4986 0.8667 -0.0182
vn 0.5182 0.8547 0.0323
vn 0.5358 0.8404 0.0816
vn 0.5513 0.8243 0.1291
vn 0.5649 0.8064 0.1747
vn 0.5766 0.7874 0.2180
vn 0.2076 0.8665 -0.4540
vn 0.2335 0.8785 -0.4168
vn 0.2598 0.8889 -0.3773
vn 0.2861 0.8974 -0.3360
vn 0.3123 0.9038 -0.2927
vn 0.3380 0.9079 -0.2479
vn 0.3632 0.9096 -0.2019
vn 0.3875 0.9087 -0.1550
vn 0.4107 0.9054 -0.1076
vn 0.4327 0.8995 -0.0601
vn 0.4533 0.8913 -0.0129
vn 0.4722 0.8808 0.0336
vn 0.4895 0.8684 0.0791
vn 0.5053 0.8541 0.1234
vn 0.5194 0.8383 0.1659
vn 0.5320 0.8211 0.2067
vn 0.1881 0.8883 -0.4191
vn 0.2118 0.8989 -0.3835
vn 0.2356 0.9081 -0.3462
vn 0.2594 0.9156 -0.3073
vn 0.2832 0.9212 -0.2669
vn 0.3067 0.9248 -0.2253
vn 0.3298 0.9262 -0.1827
vn 0.3522 0.9255 -0.1395
vn 0.3738 0.9226 -0.0957
vn 0.3942 0.9175 -0.0520
vn 0.4136 0.9104 -0.0084
vn 0.4318 0.9013 0.0347
vn 0.4488 0.8903 0.0768
vn 0.4644 0.8777 0.1180
vn 0.4787 0.8636 0.1579
vn 0.4917 0.8484 0.1963
vn 0.3332 -0.6332 -0.6986
vn 0.3531 -0.5577 -0.7512
vn 0.3722 -0.4633 -0.8043
vn 0.3886 -0.3476 -0.8533
vn 0.3997 -0.2109 -0.8921
vn 0.4025 -0.0573 -0.9136
vn 0.3953 0.1032 -0.9127
vn 0.3781 0.2592 -0.8887
vn 0.3534 0.3997 -0.8458
vn 0.3243 0.5192 -0.7907
vn 0.2941 0.6161 -0.7307
vn 0.2649 0.6926 -0.6709
vn 0.2376 0.7525 -0.6143
vn 0.2131 0.7988 -0.5626
vn 0.1913 0.8348 -0.5162
vn 0.1721 0.8633 -0.4745
vn -0.4957 -0.8274 -0.2641
vn -0.4685 -0.8349 -0.2888
vn -0.4384 -0.8417 -0.3151
vn -0.4050 -0.8475 -0.3430
vn -0.3678 -0.8522 -0.3722
vn -0.3272 -0.8546 -0.4032
vn -0.2822 -0.8550 -0.4351
vn -0.2331 -0.8525 -0.4679
vn -0.1797 -0.8466 -0.5011
vn -0.1221 -0.8367 -0.5339
vn -0.0609 -0.8224 -0.5656
vn 0.0034 -0.8031 -0.5958
vn 0.0697 -0.7786 -0.6237
vn 0.1372 -0.7489 -0.6483
vn 0.2043 -0.7145 -0.6692
vn 0.2701 -0.6756 -0.6860
vn -0.5351 -0.7975 -0.2788
vn -0.5080 -0.8051 -0.3062
vn -0.4777 -0.8119 -0.3355
vn -0.4437 -0.8177 -0.3669
vn -0.4056 -0.8218 -0.4001
vn -0.3630 -0.8240 -0.4351
vn -0.3155 -0.8235 -0.4716
vn -0.2628 -0.8197 -0.5089
vn -0.2049 -0.8119 -0.5466
vn -0.1421 -0.7994 -0.5838
vn -0.0749 -0.7814 -0.6195
vn -0.0040 -0.7576 -0.6527
vn 0.0690 -0.7278 -0.6824
vn 0.1429 -0.6920 -0.7076
vn 0.2158 -0.6510 -0.7277
vn 0.2863 -0.6059 -0.7422
vn -0.5783 -0.7608 -0.2947
vn -0.5518 -0.7679 -0.3253
vn -0.5218 -0.7743 -0.3581
vn -0.4874 -0.7795 -0.3935
vn -0.4484 -0.7829 -0.4312
vn -0.4041 -0.7840 -0.4713
vn -0.3538 -0.7820 -0.5131
vn -0.2974 -0.7761 -0.5561
vn -0.2346 -0.7653 -0.5994
vn -0.1657 -0.7489 -0.6416
vn -0.0915 -0.7260 -0.6816
vn -0.0131 -0.6963 -0.7176
vn 0.0676 -0.6598 -0.7484
vn 0.1485 -0.6169 -0.7729
vn 0.2275 -0.5689 -0.7903
vn 0.3025 -0.5171 -0.8007
vn -0.6254 -0.7153 -0.3118
vn -0.6000 -0.7213 -0.3458
vn -0.5706 -0.7265 -0.3828
vn -0.5365 -0.7303 -0.4229
vn -0.4969 -0.7321 -0.4660
vn -0.4510 -0.7311 -0.5120
vn -0.3981 -0.7264 -0.5602
vn -0.3376 -0.7171 -0.6097
vn -0.2692 -0.7020 -0.6593
vn -0.1933 -0.6801 -0.7071
vn -0.1110 -0.6507 -0.7512
vn -0.0241 -0.6134 -0.7894
vn 0.0649 -0.5687 -0.8200
vn 0.1533 -0.5180 -0.8415
vn 0.2380 -0.4630 -0.8538
vn 0.3171 -0.4054 -0.8574
vn -0.6760 -0.6591 -0.3296
vn -0.6521 -0.6630 -0.3676
vn -0.6239 -0.6659 -0.4090
vn -0.5904 -0.6671 -0.4544
vn -0.5506 -0.6657 -0.5036
vn -0.5034 -0.6611 -0.5563
vn -0.4479 -0.6520 -0.6118
vn -0.3831 -0.6372 -0.6687
vn -0.3086 -0.6156 -0.7251
vn -0.2249 -0.5860 -0.7785
vn -0.1335 -0.5480 -0.8258
vn -0.0371 -0.5018 -0.8642
vn 0.0607 -0.4485 -0.8917
vn 0.1560 -0.3902 -0.9074
vn 0.2458 -0.3296 -0.9116
vn 0.3275 -0.2691 -0.9057
vn -0.7289 -0.5896 -0.3478
vn -0.7290 -0.5896 -0.3479
vn -0.7069 -0.5904 -0.3896
vn -0.6804 -0.5891 -0.4359
vn -0.6479 -0.5857 -0.4870
vn -0.6084 -0.5791 -0.5427
vn -0.5602 -0.5684 -0.6026
vn -0.5019 -0.5524 -0.6656
vn -0.4324 -0.5295 -0.7299
vn -0.3512 -0.4985 -0.7926
vn -0.2588 -0.4590 -0.8499
vn -0.1579 -0.4109 -0.8979
vn -0.0519 -0.3554 -0.9333
vn 0.0540 -0.2948 -0.9540
vn 0.1553 -0.2323 -0.9602
vn 0.2484 -0.1702 -0.9536
vn 0.3310 -0.1114 -0.9370
vn -0.7819 -0.5057 -0.3646
vn -0.7622 -0.5006 -0.4105
vn -0.7373 -0.4933 -0.4616
vn -0.7060 -0.4828 -0.5182
vn -0.6667 -0.4682 -0.5800
vn -0.6173 -0.4483 -0.6465
vn -0.5560 -0.4220 -0.7161
vn -0.4813 -0.3880 -0.7860
vn -0.3928 -0.3454 -0.8523
vn -0.2917 -0.2946 -0.9100
vn -0.1815 -0.2368 -0.9545
vn -0.0674 -0.1746 -0.9823
vn 0.0447 -0.1112 -0.9928
vn 0.1494 -0.0498 -0.9875
vn 0.2436 0.0072 -0.9698
vn 0.3255 0.0583 -0.9438
vn -0.8317 -0.4056 -0.3792
vn -0.8138 -0.3927 -0.4284
vn -0.7903 -0.3765 -0.4834
vn -0.7596 -0.3560 -0.5444
vn -0.7196 -0.3306 -0.6106
vn -0.6681 -0.2987 -0.6815
vn -0.6030 -0.2594 -0.7544
vn -0.5225 -0.2124 -0.8258
vn -0.4266 -0.1580 -0.8906
vn -0.3177 -0.0977 -0.9432
vn -0.2004 -0.0343 -0.9791
vn -0.0814 0.0286 -0.9963
vn 0.0332 0.0877 -0.9956
vn 0.1380 0.1410 -0.9804
vn 0.2308 0.1874 -0.9548
vn 0.3106 0.2265 -0.9232
vn -0.8744 -0.2893 -0.3896
vn -0.8570 -0.2665 -0.4411
vn -0.8333 -0.2399 -0.4981
vn -0.8015 -0.2077 -0.5608
vn -0.7593 -0.1693 -0.6284
vn -0.7040 -0.1241 -0.6993
vn -0.6336 -0.0721 -0.7703
vn -0.5469 -0.0137 -0.8371
vn -0.4449 0.0490 -0.8942
vn -0.3310 0.1130 -0.9368
vn -0.2110 0.1747 -0.9617
vn -0.0919 0.2311 -0.9686
vn 0.0206 0.2801 -0.9598
vn 0.1223 0.3208 -0.9392
vn 0.2115 0.3537 -0.9111
vn 0.2882 0.3795 -0.8792
vn -0.9050 -0.1606 -0.3940
vn -0.8861 -0.1274 -0.4456
vn -0.8601 -0.0892 -0.5023
vn -0.8249 -0.0452 -0.5634
vn -0.7781 0.0051 -0.6282
vn -0.7174 0.0614 -0.6939
vn -0.6412 0.1228 -0.7575
vn -0.5494 0.1869 -0.8144
vn -0.4442 0.2508 -0.8601
vn -0.3299 0.3112 -0.8913
vn -0.2125 0.3650 -0.9064
vn -0.0982 0.4102 -0.9067
vn 0.0084 0.4463 -0.8948
vn 0.1044 0.4739 -0.8744
vn 0.1888 0.4943 -0.8485
vn 0.2618 0.5090 -0.8200
vn -0.9199 -0.0236 -0.3913
vn -0.8974 0.0188 -0.4409
vn -0.8667 0.0668 -0.4944
vn -0.8260 0.1198 -0.5508
vn -0.7731 0.1781 -0.6087
vn -0.7066 0.2401 -0.6656
vn -0.6257 0.3039 -0.7185
vn -0.5316 0.3664 -0.7636
vn -0.4274 0.4251 -0.7979
vn -0.3174 0.4769 -0.8197
vn -0.2070 0.5199 -0.8288
vn -0.1008 0.5535 -0.8267
vn -0.0022 0.5784 -0.8157
vn 0.0867 0.5957 -0.7985
vn 0.1655 0.6069 -0.7774
vn 0.2343 0.6132 -0.7544
vn -0.9176 0.1120 -0.3814
vn -0.8896 0.1617 -0.4271
vn -0.8530 0.2160 -0.4751
vn -0.8060 0.2741 -0.5246
vn -0.7474 0.3348 -0.5739
vn -0.6764 0.3966 -0.6207
vn -0.5936 0.4569 -0.6625
vn -0.5008 0.5131 -0.6971
vn -0.4012 0.5629 -0.7226
vn -0.2988 0.6045 -0.7384
vn -0.1975 0.6374 -0.7448
vn -0.1008 0.6618 -0.7429
vn -0.0111 0.6783 -0.7347
vn 0.0705 0.6883 -0.7220
vn 0.1434 0.6932 -0.7063
vn 0.2079 0.6943 -0.6890
vn -0.8992 0.2411 -0.3650
vn -0.8653 0.2943 -0.4057
vn -0.8229 0.3502 -0.4475
vn -0.7705 0.4083 -0.4895
vn -0.7078 0.4670 -0.5301
vn -0.6350 0.5240 -0.5676
vn -0.5533 0.5773 -0.6005
vn -0.4646 0.6252 -0.6271
vn -0.3720 0.6660 -0.6466
vn -0.2783 0.6989 -0.6589
vn -0.1867 0.7237 -0.6644
vn -0.0994 0.7410 -0.6641
vn -0.0182 0.7519 -0.6590
vn 0.0563 0.7574 -0.6506
vn 0.1236 0.7586 -0.6398
vn 0.1838 0.7567 -0.6274
vn -0.8683 0.3571 -0.3442
vn -0.8292 0.4103 -0.3796
vn -0.7819 0.4651 -0.4151
vn -0.7259 0.5201 -0.4500
vn -0.6617 0.5733 -0.4832
vn -0.5897 0.6234 -0.5134
vn -0.5112 0.6690 -0.5395
vn -0.4284 0.7086 -0.5607
vn -0.3434 0.7414 -0.5765
vn -0.2586 0.7672 -0.5870
vn -0.1760 0.7860 -0.5926
vn -0.0974 0.7987 -0.5938
vn -0.0238 0.8059 -0.5916
vn 0.0441 0.8086 -0.5867
vn 0.1062 0.8078 -0.5798
vn 0.1625 0.8043 -0.5716
vn -0.8293 0.4575 -0.3209
vn -0.7861 0.5086 -0.3513
vn -0.7357 0.5596 -0.3815
vn -0.6785 0.6092 -0.4106
vn -0.6148 0.6560 -0.4378
vn -0.5451 0.6993 -0.4625
vn -0.4713 0.7375 -0.4837
vn -0.3948 0.7700 -0.5012
vn -0.3172 0.7965 -0.5147
vn -0.2406 0.8169 -0.5242
vn -0.1661 0.8315 -0.5301
vn -0.0951 0.8409 -0.5328
vn -0.0283 0.8458 -0.5328
vn 0.0338 0.8469 -0.5307
vn 0.0910 0.8450 -0.5269
vn 0.1436 0.8408 -0.5219
vn -0.7860 0.5423 -0.2969
vn -0.7404 0.5895 -0.3230
vn -0.6889 0.6355 -0.3487
vn -0.6319 0.6792 -0.3733
vn -0.5699 0.7201 -0.3959
vn -0.5038 0.7568 -0.4164
vn -0.4351 0.7886 -0.4344
vn -0.3648 0.8154 -0.4495
vn -0.2943 0.8369 -0.4615
vn -0.2247 0.8533 -0.4705
vn -0.1573 0.8649 -0.4766
vn -0.0929 0.8721 -0.4804
vn -0.0319 0.8756 -0.4820
vn 0.0250 0.8759 -0.4819
vn 0.0780 0.8736 -0.4804
vn 0.1270 0.8692 -0.4779
vn -0.7417 0.6125 -0.2734
vn -0.6950 0.6552 -0.2961
vn -0.6436 0.6962 -0.3179
vn -0.5880 0.7344 -0.3389
vn -0.5287 0.7694 -0.3583
vn -0.4668 0.8005 -0.3760
vn -0.4032 0.8271 -0.3916
vn -0.3385 0.8495 -0.4048
vn -0.2741 0.8672 -0.4157
vn -0.2108 0.8806 -0.4244
vn -0.1495 0.8900 -0.4308
vn -0.0908 0.8957 -0.4353
vn -0.0349 0.8982 -0.4382
vn 0.0176 0.8980 -0.4397
vn 0.0668 0.8956 -0.4399
vn 0.1125 0.8913 -0.4392
vn -0.5033 -0.8321 -0.2332
vn -0.5429 -0.8031 -0.2457
vn -0.5864 -0.7675 -0.2591
vn -0.6338 -0.7236 -0.2734
vn -0.6849 -0.6691 -0.2883
vn -0.7383 -0.6024 -0.3034
vn -0.7924 -0.5208 -0.3177
vn -0.8436 -0.4235 -0.3301
vn -0.8882 -0.3097 -0.3393
vn -0.9212 -0.1832 -0.3433
vn -0.9388 -0.0478 -0.3412
vn -0.9388 0.0883 -0.3329
vn -0.9224 0.2181 -0.3187
vn -0.8925 0.3362 -0.3007
vn -0.8536 0.4391 -0.2804
vn -0.8098 0.5262 -0.2594
vn -0.1878 -0.8885 0.4187
vn -0.2117 -0.8990 0.3834
vn -0.2355 -0.9082 0.3461
vn -0.2593 -0.9157 0.3071
vn -0.2832 -0.9212 0.2668
vn -0.3067 -0.9248 0.2252
vn -0.3297 -0.9263 0.1826
vn -0.3521 -0.9255 0.1394
vn -0.3737 -0.9226 0.0957
vn -0.3942 -0.9176 0.0519
vn -0.4136 -0.9104 0.0083
vn -0.4318 -0.9013 -0.0347
vn -0.4488 -0.8903 -0.0769
vn -0.4643 -0.8778 -0.1181
vn -0.4785 -0.8638 -0.1579
vn -0.4916 -0.8484 -0.1963
vn -0.2076 -0.8666 0.4538
vn -0.2334 -0.8787 0.4165
vn -0.2596 -0.8890 0.3772
vn -0.2860 -0.8975 0.3358
vn -0.3122 -0.9039 0.2925
vn -0.3379 -0.9080 0.2478
vn -0.3631 -0.9096 0.2018
vn -0.3874 -0.9088 0.1549
vn -0.4106 -0.9054 0.1075
vn -0.4326 -0.8996 0.0600
vn -0.4531 -0.8914 0.0128
vn -0.4720 -0.8809 -0.0337
vn -0.4894 -0.8685 -0.0792
vn -0.5052 -0.8542 -0.1234
vn -0.5193 -0.8384 -0.1659
vn -0.5318 -0.8213 -0.2067
vn -0.2296 -0.8391 0.4932
vn -0.2583 -0.8526 0.4543
vn -0.2874 -0.8643 0.4127
vn -0.3166 -0.8740 0.3686
vn -0.3454 -0.8814 0.3222
vn -0.3740 -0.8861 0.2738
vn -0.4017 -0.8880 0.2240
vn -0.4282 -0.8870 0.1729
vn -0.4534 -0.8830 0.1213
vn -0.4768 -0.8763 0.0695
vn -0.4984 -0.8667 0.0181
vn -0.5180 -0.8548 -0.0324
vn -0.5356 -0.8405 -0.0817
vn -0.5512 -0.8243 -0.1291
vn -0.5647 -0.8066 -0.1747
vn -0.5765 -0.7875 -0.2180
vn -0.2544 -0.8040 0.5374
vn -0.2865 -0.8192 0.4968
vn -0.3189 -0.8325 0.4531
vn -0.3516 -0.8435 0.4061
vn -0.3840 -0.8518 0.3564
vn -0.4159 -0.8571 0.3040
vn -0.4465 -0.8593 0.2497
vn -0.4756 -0.8580 0.1939
vn -0.5028 -0.8534 0.1372
vn -0.5278 -0.8456 0.0805
vn -0.5504 -0.8346 0.0242
vn -0.5704 -0.8208 -0.0307
vn -0.5878 -0.8046 -0.0842
vn -0.6027 -0.7864 -0.1353
vn -0.6153 -0.7665 -0.1842
vn -0.6255 -0.7455 -0.2302
vn -0.2823 -0.7591 0.5866
vn -0.3184 -0.7758 0.5447
vn -0.3549 -0.7906 0.4989
vn -0.3919 -0.8030 0.4491
vn -0.4284 -0.8124 0.3956
vn -0.4641 -0.8184 0.3389
vn -0.4982 -0.8208 0.2795
vn -0.5303 -0.8193 0.2182
vn -0.5598 -0.8139 0.1558
vn -0.5864 -0.8047 0.0933
vn -0.6097 -0.7920 0.0315
vn -0.6297 -0.7763 -0.0286
vn -0.6464 -0.7580 -0.0868
vn -0.6601 -0.7376 -0.1420
vn -0.6709 -0.7156 -0.1942
vn -0.6791 -0.6927 -0.2430
vn -0.3132 -0.7014 0.6403
vn -0.3539 -0.7194 0.5977
vn -0.3955 -0.7355 0.5501
vn -0.4374 -0.7491 0.4975
vn -0.4788 -0.7596 0.4402
vn -0.5192 -0.7662 0.3786
vn -0.5574 -0.7687 0.3137
vn -0.5929 -0.7667 0.2461
vn -0.6249 -0.7603 0.1772
vn -0.6528 -0.7498 0.1080
vn -0.6764 -0.7354 0.0400
vn -0.6959 -0.7177 -0.0260
vn -0.7112 -0.6973 -0.0892
vn -0.7227 -0.6750 -0.1488
vn -0.7306 -0.6514 -0.2045
vn -0.7357 -0.6271 -0.2560
vn -0.3466 -0.6273 0.6974
vn -0.3926 -0.6459 0.6547
vn -0.4400 -0.6628 0.6059
vn -0.4879 -0.6771 0.5509
vn -0.5353 -0.6881 0.4899
vn -0.5811 -0.6951 0.4233
vn -0.6242 -0.6974 0.3522
vn -0.6633 -0.6949 0.2776
vn -0.6976 -0.6876 0.2014
vn -0.7266 -0.6756 0.1249
vn -0.7498 -0.6597 0.0498
vn -0.7677 -0.6404 -0.0226
vn -0.7804 -0.6186 -0.0912
vn -0.7885 -0.5951 -0.1552
vn -0.7928 -0.5705 -0.2144
vn -0.7939 -0.5455 -0.2686
vn -0.3809 -0.5334 0.7553
vn -0.4328 -0.5515 0.7132
vn -0.4867 -0.5678 0.6639
vn -0.5414 -0.5816 0.6071
vn -0.5956 -0.5923 0.5427
vn -0.6476 -0.5989 0.4712
vn -0.6958 -0.6008 0.3936
vn -0.7386 -0.5978 0.3118
vn -0.7750 -0.5895 0.2275
vn -0.8044 -0.5766 0.1432
vn -0.8265 -0.5597 0.0607
vn -0.8416 -0.5398 -0.0182
vn -0.8506 -0.5177 -0.0922
vn -0.8543 -0.4943 -0.1606
vn -0.8538 -0.4703 -0.2231
vn -0.8499 -0.4467 -0.2795
vn -0.4138 -0.4177 0.8089
vn -0.4718 -0.4325 0.7683
vn -0.5324 -0.4462 0.7194
vn -0.5938 -0.4581 0.6614
vn -0.6548 -0.4671 0.5942
vn -0.7131 -0.4722 0.5182
vn -0.7663 -0.4729 0.4349
vn -0.8127 -0.4690 0.3458
vn -0.8507 -0.4603 0.2538
vn -0.8795 -0.4475 0.1618
vn -0.8994 -0.4311 0.0722
vn -0.9109 -0.4124 -0.0128
vn -0.9153 -0.3922 -0.0917
vn -0.9140 -0.3711 -0.1640
vn -0.9083 -0.3500 -0.2291
vn -0.8994 -0.3295 -0.2872
vn -0.4419 -0.2803 0.8521
vn -0.5050 -0.2900 0.8130
vn -0.5710 -0.2987 0.7647
vn -0.6383 -0.3057 0.7065
vn -0.7052 -0.3106 0.6374
vn -0.7686 -0.3128 0.5581
vn -0.8258 -0.3117 0.4700
vn -0.8748 -0.3068 0.3750
vn -0.9133 -0.2986 0.2769
vn -0.9409 -0.2876 0.1786
vn -0.9581 -0.2742 0.0833
vn -0.9658 -0.2592 -0.0064
vn -0.9658 -0.2434 -0.0890
vn -0.9599 -0.2275 -0.1641
vn -0.9495 -0.2120 -0.2312
vn -0.9363 -0.1972 -0.2905
vn -0.4614 -0.1265 0.8781
vn -0.5273 -0.1289 0.8398
vn -0.5965 -0.1301 0.7920
vn -0.6670 -0.1307 0.7335
vn -0.7368 -0.1300 0.6635
vn -0.8027 -0.1280 0.5825
vn -0.8619 -0.1242 0.4917
vn -0.9115 -0.1190 0.3937
vn -0.9497 -0.1122 0.2923
vn -0.9761 -0.1044 0.1908
vn -0.9911 -0.0960 0.0926
vn -0.9962 -0.0873 0.0007
vn -0.9934 -0.0785 -0.0839
vn -0.9846 -0.0699 -0.1602
vn -0.9716 -0.0621 -0.2281
vn -0.9560 -0.0549 -0.2882
vn -0.4697 0.0331 0.8822
vn -0.5354 0.0394 0.8437
vn -0.6041 0.0460 0.7956
vn -0.6741 0.0526 0.7368
vn -0.7430 0.0593 0.6667
vn -0.8078 0.0659 0.5857
vn -0.8658 0.0718 0.4952
vn -0.9142 0.0771 0.3978
vn -0.9514 0.0813 0.2970
vn -0.9769 0.0847 0.1964
vn -0.9912 0.0874 0.0990
vn -0.9960 0.0889 0.0077
vn -0.9930 0.0897 -0.0764
vn -0.9843 0.0897 -0.1522
vn -0.9714 0.0896 -0.2199
vn -0.9559 0.0893 -0.2799
vn -0.4662 0.1876 0.8646
vn -0.5287 0.2009 0.8247
vn -0.5937 0.2139 0.7757
vn -0.6595 0.2265 0.7167
vn -0.7240 0.2379 0.6474
vn -0.7846 0.2475 0.5685
vn -0.8388 0.2550 0.4810
vn -0.8845 0.2597 0.3876
vn -0.9201 0.2617 0.2914
vn -0.9454 0.2612 0.1951
vn -0.9606 0.2584 0.1020
vn -0.9671 0.2539 0.0141
vn -0.9664 0.2480 -0.0671
vn -0.9602 0.2412 -0.1408
vn -0.9500 0.2335 -0.2072
vn -0.9370 0.2258 -0.2665
vn -0.4528 0.3265 0.8297
vn -0.5103 0.3443 0.7881
vn -0.5694 0.3618 0.7381
vn -0.6288 0.3778 0.6796
vn -0.6869 0.3916 0.6122
vn -0.7413 0.4029 0.5367
vn -0.7905 0.4106 0.4544
vn -0.8325 0.4146 0.3674
vn -0.8663 0.4150 0.2781
vn -0.8916 0.4117 0.1887
vn -0.9084 0.4054 0.1020
vn -0.9178 0.3967 0.0196
vn -0.9207 0.3860 -0.0572
vn -0.9186 0.3740 -0.1276
vn -0.9124 0.3617 -0.1916
vn -0.9034 0.3488 -0.2493
vn -0.4329 0.4450 0.7840
vn -0.4844 0.4651 0.7410
vn -0.5372 0.4838 0.6909
vn -0.5895 0.5010 0.6336
vn -0.6406 0.5156 0.5691
vn -0.6888 0.5266 0.4983
vn -0.7325 0.5341 0.4222
vn -0.7707 0.5374 0.3424
vn -0.8025 0.5367 0.2609
vn -0.8274 0.5322 0.1794
vn -0.8458 0.5241 0.1000
vn -0.8579 0.5133 0.0240
vn -0.8644 0.5005 -0.0475
vn -0.8665 0.4860 -0.1137
vn -0.8648 0.4706 -0.1749
vn -0.8602 0.4549 -0.2304
vn -0.4099 0.5421 0.7336
vn -0.4554 0.5625 0.6901
vn -0.5016 0.5814 0.6406
vn -0.5477 0.5979 0.5853
vn -0.5923 0.6116 0.5246
vn -0.6345 0.6220 0.4588
vn -0.6734 0.6287 0.3890
vn -0.7078 0.6315 0.3165
vn -0.7375 0.6302 0.2427
vn -0.7620 0.6251 0.1691
vn -0.7811 0.6168 0.0970
vn -0.7954 0.6055 0.0273
vn -0.8050 0.5920 -0.0385
vn -0.8105 0.5770 -0.1004
vn -0.8127 0.5609 -0.1580
vn -0.8124 0.5437 -0.2110
vn -0.3857 0.6203 0.6830
vn -0.4263 0.6394 0.6398
vn -0.4669 0.6570 0.5919
vn -0.5072 0.6722 0.5392
vn -0.5463 0.6848 0.4822
vn -0.5833 0.6943 0.4215
vn -0.6179 0.7002 0.3577
vn -0.6492 0.7023 0.2922
vn -0.6768 0.7008 0.2255
vn -0.7004 0.6959 0.1589
vn -0.7198 0.6878 0.0935
vn -0.7352 0.6771 0.0300
vn -0.7470 0.6642 -0.0306
vn -0.7554 0.6493 -0.0881
vn -0.7607 0.6334 -0.1420
vn -0.7638 0.6162 -0.1922
vn -0.1550 -0.8857 0.4376
vn -0.1721 -0.8633 0.4744
vn -0.1913 -0.8351 0.5158
vn -0.2131 -0.7989 0.5625
vn -0.2376 -0.7527 0.6140
vn -0.2647 -0.6931 0.6705
vn -0.2940 -0.6164 0.7304
vn -0.3244 -0.5195 0.7905
vn -0.3534 -0.4004 0.8454
vn -0.3782 -0.2598 0.8885
vn -0.3954 -0.1039 0.9126
vn -0.4027 0.0567 0.9136
vn -0.3998 0.2103 0.8921
vn -0.3888 0.3473 0.8534
vn -0.3723 0.4628 0.8045
vn -0.3531 0.5575 0.7514
vn 0.7416 -0.6128 0.2731
vn 0.6948 -0.6556 0.2958
vn 0.6434 -0.6965 0.3179
vn 0.5878 -0.7347 0.3387
vn 0.5287 -0.7696 0.3582
vn 0.4666 -0.8006 0.3758
vn 0.4029 -0.8274 0.3913
vn 0.3384 -0.8496 0.4045
vn 0.2740 -0.8674 0.4154
vn 0.2107 -0.8808 0.4241
vn 0.1495 -0.8901 0.4306
vn 0.0907 -0.8958 0.4352
vn 0.0349 -0.8983 0.4380
vn -0.0176 -0.8981 0.4394
vn -0.0667 -0.8956 0.4397
vn -0.1126 -0.8914 0.4390
vn 0.7860 -0.5424 0.2967
vn 0.7403 -0.5896 0.3230
vn 0.6887 -0.6358 0.3486
vn 0.6316 -0.6797 0.3729
vn 0.5696 -0.7204 0.3957
vn 0.5037 -0.7570 0.4162
vn 0.4349 -0.7889 0.4342
vn 0.3647 -0.8156 0.4492
vn 0.2941 -0.8371 0.4612
vn 0.2246 -0.8536 0.4701
vn 0.1572 -0.8651 0.4763
vn 0.0928 -0.8723 0.4801
vn 0.0319 -0.8757 0.4818
vn -0.0251 -0.8760 0.4817
vn -0.0780 -0.8737 0.4802
vn -0.1270 -0.8693 0.4777
vn 0.8292 -0.4577 0.3209
vn 0.8292 -0.4576 0.3210
vn 0.7858 -0.5092 0.3510
vn 0.7356 -0.5600 0.3812
vn 0.6783 -0.6095 0.4104
vn 0.6145 -0.6564 0.4377
vn 0.5450 -0.6995 0.4622
vn 0.4711 -0.7378 0.4835
vn 0.3947 -0.7702 0.5010
vn 0.3172 -0.7967 0.5145
vn 0.2405 -0.8170 0.5241
vn 0.1661 -0.8316 0.5299
vn 0.0951 -0.8410 0.5325
vn 0.0283 -0.8460 0.5324
vn -0.0338 -0.8471 0.5303
vn -0.0911 -0.8452 0.5266
vn -0.1435 -0.8410 0.5217
vn 0.8683 -0.3574 0.3439
vn 0.8290 -0.4108 0.3794
vn 0.7817 -0.4655 0.4150
vn 0.7258 -0.5204 0.4500
vn 0.6615 -0.5737 0.4830
vn 0.5895 -0.6238 0.5132
vn 0.5110 -0.6694 0.5392
vn 0.4282 -0.7090 0.5603
vn 0.3432 -0.7417 0.5762
vn 0.2584 -0.7675 0.5867
vn 0.1759 -0.7864 0.5922
vn 0.0973 -0.7989 0.5935
vn 0.0238 -0.8061 0.5914
vn -0.0441 -0.8088 0.5865
vn -0.1061 -0.8080 0.5795
vn -0.1624 -0.8045 0.5714
vn 0.8992 -0.2415 0.3648
vn 0.8653 -0.2947 0.4055
vn 0.8227 -0.3509 0.4473
vn 0.7703 -0.4090 0.4893
vn 0.7076 -0.4675 0.5298
vn 0.6348 -0.5246 0.5673
vn 0.5531 -0.5779 0.6001
vn 0.4645 -0.6256 0.6268
vn 0.3718 -0.6663 0.6464
vn 0.2782 -0.6991 0.6586
vn 0.1866 -0.7239 0.6641
vn 0.0994 -0.7413 0.6638
vn 0.0181 -0.7522 0.6587
vn -0.0562 -0.7576 0.6503
vn -0.1235 -0.7588 0.6395
vn -0.1839 -0.7569 0.6272
vn 0.9176 -0.1128 0.3812
vn 0.8896 -0.1625 0.4268
vn 0.8530 -0.2165 0.4750
vn 0.8059 -0.2746 0.5245
vn 0.7473 -0.3354 0.5737
vn 0.6763 -0.3970 0.6205
vn 0.5935 -0.4572 0.6623
vn 0.5006 -0.5136 0.6968
vn 0.4011 -0.5635 0.7223
vn 0.2986 -0.6052 0.7379
vn 0.1973 -0.6380 0.7443
vn 0.1008 -0.6621 0.7426
vn 0.0110 -0.6787 0.7344
vn -0.0704 -0.6887 0.7216
vn -0.1435 -0.6936 0.7059
vn -0.2079 -0.6947 0.6886
vn 0.9200 0.0235 0.3913
vn 0.8974 -0.0190 0.4409
vn 0.8668 -0.0671 0.4942
vn 0.8260 -0.1206 0.5506
vn 0.7731 -0.1788 0.6086
vn 0.7065 -0.2408 0.6655
vn 0.6256 -0.3045 0.7182
vn 0.5316 -0.3672 0.7633
vn 0.4273 -0.4258 0.7976
vn 0.3173 -0.4774 0.8194
vn 0.2069 -0.5204 0.8285
vn 0.1007 -0.5541 0.8263
vn 0.0022 -0.5789 0.8154
vn -0.0867 -0.5961 0.7982
vn -0.1655 -0.6072 0.7771
vn -0.2342 -0.6136 0.7541
vn 0.9051 0.1598 0.3940
vn 0.8862 0.1268 0.4456
vn 0.8602 0.0887 0.5022
vn 0.8250 0.0447 0.5634
vn 0.7781 -0.0058 0.6281
vn 0.7174 -0.0622 0.6939
vn 0.6412 -0.1234 0.7574
vn 0.5494 -0.1876 0.8142
vn 0.4441 -0.2515 0.8600
vn 0.3298 -0.3119 0.8910
vn 0.2125 -0.3657 0.9061
vn 0.0981 -0.4108 0.9064
vn -0.0084 -0.4469 0.8946
vn -0.1044 -0.4745 0.8740
vn -0.1888 -0.4949 0.8482
vn -0.2617 -0.5095 0.8197
vn 0.8745 0.2887 0.3896
vn 0.8571 0.2664 0.4410
vn 0.8334 0.2394 0.4981
vn 0.8016 0.2071 0.5608
vn 0.7594 0.1687 0.6284
vn 0.7041 0.1234 0.6993
vn 0.6337 0.0713 0.7703
vn 0.5470 0.0130 0.8370
vn 0.4449 -0.0499 0.8942
vn 0.3310 -0.1139 0.9367
vn 0.2110 -0.1756 0.9616
vn 0.0918 -0.2320 0.9684
vn -0.0206 -0.2808 0.9595
vn -0.1223 -0.3214 0.9390
vn -0.2115 -0.3542 0.9109
vn -0.2882 -0.3801 0.8789
vn 0.8319 0.4052 0.3792
vn 0.8139 0.3922 0.4286
vn 0.7905 0.3760 0.4834
vn 0.7597 0.3556 0.5444
vn 0.7198 0.3300 0.6107
vn 0.6683 0.2981 0.6816
vn 0.6031 0.2588 0.7545
vn 0.5226 0.2117 0.8259
vn 0.4267 0.1573 0.8906
vn 0.3177 0.0970 0.9432
vn 0.2004 0.0336 0.9791
vn 0.0813 -0.0293 0.9963
vn -0.0332 -0.0886 0.9955
vn -0.1380 -0.1418 0.9802
vn -0.2308 -0.1880 0.9547
vn -0.3105 -0.2271 0.9230
vn 0.7820 0.5055 0.3645
vn 0.7623 0.5003 0.4106
vn 0.7375 0.4929 0.4617
vn 0.7062 0.4824 0.5182
vn 0.6669 0.4678 0.5800
vn 0.6175 0.4478 0.6467
vn 0.5562 0.4215 0.7162
vn 0.4815 0.3874 0.7862
vn 0.3929 0.3448 0.8525
vn 0.2918 0.2939 0.9102
vn 0.1815 0.2360 0.9546
vn 0.0673 0.1739 0.9825
vn -0.0447 0.1105 0.9929
vn -0.1494 0.0490 0.9876
vn -0.2436 -0.0081 0.9698
vn -0.3254 -0.0592 0.9437
vn 0.7291 0.5897 0.3475
vn 0.7072 0.5900 0.3896
vn 0.6806 0.5888 0.4360
vn 0.6482 0.5853 0.4871
vn 0.6086 0.5788 0.5427
vn 0.5604 0.5681 0.6028
vn 0.5021 0.5519 0.6658
vn 0.4326 0.5290 0.7301
vn 0.3513 0.4980 0.7928
vn 0.2590 0.4586 0.8501
vn 0.1579 0.4104 0.8981
vn 0.0519 0.3548 0.9335
vn -0.0540 0.2941 0.9542
vn -0.1554 0.2315 0.9603
vn -0.2485 0.1696 0.9537
vn -0.3310 0.1109 0.9371
vn 0.6763 0.6589 0.3295
vn 0.6763 0.6588 0.3295
vn 0.6522 0.6630 0.3675
vn 0.6241 0.6657 0.4091
vn 0.5906 0.6668 0.4545
vn 0.5508 0.6655 0.5037
vn 0.5037 0.6608 0.5564
vn 0.4482 0.6516 0.6120
vn 0.3833 0.6369 0.6689
vn 0.3087 0.6153 0.7254
vn 0.2249 0.5857 0.7787
vn 0.1335 0.5477 0.8260
vn 0.0372 0.5013 0.8645
vn -0.0607 0.4480 0.8920
vn -0.1561 0.3898 0.9076
vn -0.2460 0.3291 0.9117
vn -0.3275 0.2687 0.9058
vn 0.6257 0.7151 0.3118
vn 0.6002 0.7212 0.3459
vn 0.5708 0.7264 0.3828
vn 0.5367 0.7301 0.4229
vn 0.4971 0.7318 0.4662
vn 0.4512 0.7309 0.5120
vn 0.3982 0.7264 0.5602
vn 0.3377 0.7170 0.6098
vn 0.2693 0.7019 0.6594
vn 0.1934 0.6798 0.7074
vn 0.1112 0.6503 0.7515
vn 0.0241 0.6130 0.7897
vn -0.0650 0.5684 0.8202
vn -0.1533 0.5176 0.8418
vn -0.2383 0.4625 0.8540
vn -0.3171 0.4050 0.8576
vn 0.5785 0.7606 0.2948
vn 0.5520 0.7678 0.3253
vn 0.5219 0.7742 0.3582
vn 0.4876 0.7793 0.3935
vn 0.4486 0.7828 0.4313
vn 0.4042 0.7838 0.4714
vn 0.3540 0.7818 0.5133
vn 0.2975 0.7759 0.5563
vn 0.2347 0.7652 0.5995
vn 0.1657 0.7487 0.6418
vn 0.0915 0.7259 0.6817
vn 0.0131 0.6961 0.7178
vn -0.0677 0.6595 0.7486
vn -0.1486 0.6167 0.7731
vn -0.2275 0.5685 0.7906
vn -0.3026 0.5170 0.8007
vn 0.5351 0.7975 0.2788
vn 0.5081 0.8050 0.3062
vn 0.4779 0.8118 0.3355
vn 0.4439 0.8175 0.3669
vn 0.4058 0.8217 0.4003
vn 0.3631 0.8238 0.4352
vn 0.3156 0.8234 0.4717
vn 0.2629 0.8196 0.5091
vn 0.2050 0.8117 0.5469
vn 0.1421 0.7992 0.5840
vn 0.0748 0.7813 0.6197
vn 0.0040 0.7575 0.6528
vn -0.0691 0.7276 0.6825
vn -0.1430 0.6918 0.7078
vn -0.2159 0.6510 0.7278
vn -0.2865 0.6058 0.7422
vn 0.4958 0.8273 0.2640
vn 0.4687 0.8348 0.2888
vn 0.4385 0.8417 0.3151
vn 0.4051 0.8475 0.3429
vn 0.3680 0.8520 0.3724
vn 0.3273 0.8546 0.4032
vn 0.2823 0.8549 0.4352
vn 0.2331 0.8524 0.4680
vn 0.1797 0.8466 0.5010
vn 0.1221 0.8366 0.5340
vn 0.0608 0.8223 0.5658
vn -0.0034 0.8030 0.5959
vn -0.0698 0.7785 0.6237
vn -0.1372 0.7488 0.6484
vn -0.2045 0.7142 0.6694
vn -0.2701 0.6753 0.6863
vn -0.1688 0.8829 0.4381
vn -0.3463 0.8592 -0.3766
vn 0.4577 0.7404 -0.4922
vn 0.6259 0.7093 0.3243
vn 0.1587 -0.9043 -0.3964
vn 0.5915 0.7421 0.3153
vn 0.4564 0.7664 -0.4520
vn 0.4736 0.7794 -0.4102
vn 0.4903 0.7909 -0.3662
vn 0.5063 0.8008 -0.3200
vn 0.5214 0.8088 -0.2718
vn 0.5353 0.8149 -0.2223
vn 0.5479 0.8188 -0.1715
vn 0.5592 0.8204 -0.1198
vn 0.5689 0.8196 -0.0678
vn 0.5770 0.8166 -0.0159
vn 0.5836 0.8112 0.0356
vn 0.5887 0.8037 0.0863
vn 0.5921 0.7943 0.1356
vn 0.5941 0.7832 0.1836
vn 0.5944 0.7707 0.2295
vn 0.5936 0.7569 0.2735
vn -0.3032 0.8785 -0.3693
vn -0.2612 0.8870 -0.3808
vn -0.2175 0.8940 -0.3918
vn -0.1716 0.8993 -0.4022
vn -0.1241 0.9026 -0.4121
vn -0.0750 0.9039 -0.4211
vn -0.0248 0.9029 -0.4292
vn 0.0260 0.8993 -0.4365
vn 0.0773 0.8932 -0.4429
vn 0.1287 0.8847 -0.4481
vn 0.1795 0.8737 -0.4520
vn 0.2296 0.8603 -0.4551
vn 0.2786 0.8448 -0.4568
vn 0.3259 0.8275 -0.4573
vn 0.3716 0.8083 -0.4567
vn 0.4150 0.7880 -0.4548
vn -0.2994 0.8958 -0.3285
vn -0.2568 0.9049 -0.3394
vn -0.2119 0.9125 -0.3500
vn -0.1652 0.9182 -0.3600
vn -0.1165 0.9219 -0.3694
vn -0.0664 0.9233 -0.3783
vn -0.0150 0.9223 -0.3863
vn 0.0370 0.9187 -0.3933
vn 0.0895 0.9124 -0.3994
vn 0.1419 0.9034 -0.4046
vn 0.1937 0.8919 -0.4087
vn 0.2446 0.8779 -0.4117
vn 0.2943 0.8615 -0.4137
vn 0.3422 0.8433 -0.4144
vn 0.3883 0.8232 -0.4141
vn 0.4323 0.8017 -0.4127
vn -0.2950 0.9118 -0.2856
vn -0.2515 0.9215 -0.2958
vn -0.2058 0.9296 -0.3058
vn -0.1580 0.9357 -0.3154
vn -0.1085 0.9397 -0.3244
vn -0.0572 0.9413 -0.3328
vn -0.0047 0.9403 -0.3404
vn 0.0483 0.9365 -0.3473
vn 0.1018 0.9300 -0.3533
vn 0.1552 0.9206 -0.3584
vn 0.2079 0.9085 -0.3626
vn 0.2596 0.8938 -0.3658
vn 0.3098 0.8767 -0.3680
vn 0.3584 0.8575 -0.3690
vn 0.4047 0.8367 -0.3689
vn 0.4489 0.8142 -0.3681
vn -0.2897 0.9264 -0.2404
vn -0.2454 0.9366 -0.2500
vn -0.1989 0.9451 -0.2593
vn -0.1501 0.9516 -0.2683
vn -0.0997 0.9557 -0.2768
vn -0.0475 0.9574 -0.2848
vn 0.0059 0.9564 -0.2921
vn 0.0600 0.9525 -0.2987
vn 0.1143 0.9456 -0.3046
vn 0.1685 0.9358 -0.3097
vn 0.2220 0.9231 -0.3140
vn 0.2743 0.9078 -0.3173
vn 0.3250 0.8900 -0.3197
vn 0.3740 0.8700 -0.3212
vn 0.4206 0.8483 -0.3216
vn 0.4648 0.8251 -0.3212
vn -0.2835 0.9393 -0.1933
vn -0.2385 0.9499 -0.2020
vn -0.1912 0.9587 -0.2107
vn -0.1417 0.9654 -0.2191
vn -0.0903 0.9697 -0.2270
vn -0.0373 0.9714 -0.2344
vn 0.0169 0.9703 -0.2413
vn 0.0719 0.9662 -0.2477
vn 0.1269 0.9590 -0.2534
vn 0.1817 0.9488 -0.2585
vn 0.2358 0.9356 -0.2629
vn 0.2886 0.9196 -0.2664
vn 0.3398 0.9012 -0.2691
vn 0.3890 0.8805 -0.2711
vn 0.4357 0.8580 -0.2721
vn 0.4798 0.8340 -0.2723
vn -0.2765 0.9501 -0.1447
vn -0.2308 0.9610 -0.1525
vn -0.1828 0.9700 -0.1602
vn -0.1326 0.9769 -0.1677
vn -0.0804 0.9813 -0.1750
vn -0.0267 0.9829 -0.1820
vn 0.0282 0.9817 -0.1885
vn 0.0838 0.9773 -0.1946
vn 0.1394 0.9698 -0.2002
vn 0.1948 0.9591 -0.2053
vn 0.2492 0.9454 -0.2098
vn 0.3024 0.9289 -0.2136
vn 0.3538 0.9099 -0.2167
vn 0.4030 0.8886 -0.2191
vn 0.4498 0.8654 -0.2208
vn 0.4939 0.8407 -0.2218
vn -0.2686 0.9586 -0.0945
vn -0.2223 0.9697 -0.1013
vn -0.1738 0.9788 -0.1082
vn -0.1229 0.9857 -0.1150
vn -0.0701 0.9901 -0.1216
vn -0.0158 0.9917 -0.1280
vn 0.0396 0.9902 -0.1341
vn 0.0956 0.9855 -0.1399
vn 0.1517 0.9777 -0.1454
vn 0.2074 0.9666 -0.1505
vn 0.2621 0.9525 -0.1551
vn 0.3155 0.9355 -0.1592
vn 0.3669 0.9159 -0.1628
vn 0.4161 0.8941 -0.1658
vn 0.4629 0.8703 -0.1683
vn 0.5067 0.8452 -0.1701
vn -0.2600 0.9646 -0.0435
vn -0.2133 0.9757 -0.0493
vn -0.1641 0.9849 -0.0551
vn -0.1127 0.9918 -0.0610
vn -0.0595 0.9960 -0.0669
vn -0.0047 0.9973 -0.0728
vn 0.0510 0.9956 -0.0785
vn 0.1074 0.9907 -0.0840
vn 0.1637 0.9825 -0.0894
vn 0.2195 0.9710 -0.0945
vn 0.2743 0.9565 -0.0993
vn 0.3276 0.9391 -0.1038
vn 0.3791 0.9191 -0.1079
vn 0.4281 0.8968 -0.1114
vn 0.4747 0.8727 -0.1146
vn 0.5183 0.8471 -0.1175
vn -0.2506 0.9680 0.0083
vn -0.2035 0.9791 0.0037
vn -0.1539 0.9881 -0.0012
vn -0.1022 0.9947 -0.0063
vn -0.0487 0.9987 -0.0116
vn 0.0064 0.9998 -0.0168
vn 0.0623 0.9978 -0.0221
vn 0.1188 0.9925 -0.0275
vn 0.1751 0.9840 -0.0328
vn 0.2310 0.9722 -0.0379
vn 0.2857 0.9573 -0.0430
vn 0.3389 0.9396 -0.0477
vn 0.3901 0.9193 -0.0523
vn 0.4390 0.8967 -0.0566
vn 0.4851 0.8723 -0.0607
vn 0.5284 0.8466 -0.0643
vn -0.2406 0.9688 0.0602
vn -0.1932 0.9795 0.0566
vn -0.1433 0.9883 0.0527
vn -0.0915 0.9946 0.0485
vn -0.0377 0.9983 0.0440
vn 0.0174 0.9991 0.0392
vn 0.0733 0.9967 0.0343
vn 0.1298 0.9911 0.0292
vn 0.1861 0.9822 0.0240
vn 0.2417 0.9702 0.0187
vn 0.2962 0.9550 0.0135
vn 0.3491 0.9370 0.0083
vn 0.3999 0.9165 0.0032
vn 0.4484 0.8938 -0.0018
vn 0.4942 0.8693 -0.0067
vn 0.5371 0.8435 -0.0114
vn -0.2301 0.9667 0.1120
vn -0.1823 0.9771 0.1093
vn -0.1325 0.9855 0.1064
vn -0.0805 0.9914 0.1030
vn -0.0267 0.9947 0.0991
vn 0.0282 0.9951 0.0949
vn 0.0841 0.9924 0.0903
vn 0.1403 0.9864 0.0854
vn 0.1963 0.9773 0.0803
vn 0.2516 0.9649 0.0750
vn 0.3057 0.9496 0.0695
vn 0.3582 0.9315 0.0639
vn 0.4085 0.9109 0.0583
vn 0.4565 0.8882 0.0526
vn 0.5018 0.8637 0.0468
vn 0.5442 0.8380 0.0411
vn -0.2190 0.9620 0.1631
vn -0.1712 0.9719 0.1615
vn -0.1213 0.9797 0.1594
vn -0.0695 0.9852 0.1568
vn -0.0159 0.9880 0.1535
vn 0.0389 0.9880 0.1498
vn 0.0944 0.9848 0.1455
vn 0.1502 0.9786 0.1408
vn 0.2057 0.9692 0.1357
vn 0.2605 0.9567 0.1302
vn 0.3141 0.9412 0.1245
vn 0.3660 0.9230 0.1185
vn 0.4158 0.9025 0.1123
vn 0.4631 0.8800 0.1058
vn 0.5078 0.8557 0.0993
vn 0.5497 0.8302 0.0928
vn -0.2074 0.9547 0.2133
vn -0.1598 0.9640 0.2125
vn -0.1100 0.9712 0.2112
vn -0.0585 0.9761 0.2093
vn -0.0051 0.9784 0.2066
vn 0.0492 0.9779 0.2033
vn 0.1042 0.9744 0.1993
vn 0.1594 0.9678 0.1947
vn 0.2144 0.9582 0.1895
vn 0.2685 0.9456 0.1840
vn 0.3214 0.9301 0.1781
vn 0.3725 0.9120 0.1717
vn 0.4216 0.8916 0.1650
vn 0.4684 0.8693 0.1580
vn 0.5124 0.8454 0.1506
vn 0.5536 0.8204 0.1431
vn -0.1956 0.9451 0.2619
vn -0.1482 0.9536 0.2619
vn -0.0986 0.9602 0.2613
vn -0.0474 0.9644 0.2601
vn 0.0053 0.9662 0.2579
vn 0.0591 0.9652 0.2549
vn 0.1135 0.9613 0.2511
vn 0.1680 0.9544 0.2467
vn 0.2222 0.9446 0.2416
vn 0.2755 0.9319 0.2359
vn 0.3275 0.9165 0.2297
vn 0.3779 0.8986 0.2229
vn 0.4262 0.8786 0.2157
vn 0.4721 0.8566 0.2080
vn 0.5156 0.8331 0.2002
vn 0.5562 0.8086 0.1919
vn -0.1835 0.9333 0.3087
vn -0.1364 0.9410 0.3097
vn -0.0872 0.9469 0.3096
vn -0.0366 0.9504 0.3088
vn 0.0156 0.9516 0.3070
vn 0.0687 0.9501 0.3044
vn 0.1222 0.9458 0.3009
vn 0.1758 0.9387 0.2964
vn 0.2291 0.9288 0.2913
vn 0.2814 0.9161 0.2855
vn 0.3325 0.9009 0.2791
vn 0.3820 0.8832 0.2720
vn 0.4294 0.8636 0.2643
vn 0.4746 0.8420 0.2563
vn 0.5171 0.8193 0.2477
vn 0.5573 0.7953 0.2387
vn -0.1712 0.9196 0.3537
vn -0.1245 0.9265 0.3551
vn -0.0759 0.9316 0.3555
vn -0.0258 0.9344 0.3552
vn 0.0255 0.9349 0.3539
vn 0.0777 0.9330 0.3515
vn 0.1303 0.9283 0.3481
vn 0.1830 0.9210 0.3439
vn 0.2351 0.9110 0.3388
vn 0.2864 0.8985 0.3328
vn 0.3365 0.8834 0.3261
vn 0.3850 0.8662 0.3187
vn 0.4315 0.8469 0.3107
vn 0.4757 0.8262 0.3019
vn 0.5175 0.8040 0.2928
vn 0.5569 0.7808 0.2833
vn -0.1590 0.9042 0.3965
vn -0.1127 0.9103 0.3983
vn -0.0648 0.9145 0.3993
vn -0.0154 0.9168 0.3992
vn 0.0351 0.9167 0.3980
vn 0.0863 0.9142 0.3959
vn 0.1378 0.9092 0.3928
vn 0.1894 0.9018 0.3885
vn 0.2404 0.8918 0.3832
vn 0.2906 0.8793 0.3773
vn 0.3395 0.8646 0.3705
vn 0.3870 0.8477 0.3628
vn 0.4325 0.8290 0.3545
vn 0.4757 0.8089 0.3454
vn 0.5169 0.7875 0.3358
vn 0.5554 0.7651 0.3257
vn 0.3028 -0.8786 0.3691
vn 0.2993 -0.8959 0.3284
vn 0.2947 -0.9120 0.2853
vn 0.2895 -0.9265 0.2403
vn 0.2833 -0.9394 0.1932
vn 0.2762 -0.9502 0.1445
vn 0.2683 -0.9587 0.0945
vn 0.2597 -0.9647 0.0433
vn 0.2506 -0.9681 -0.0083
vn 0.2406 -0.9688 -0.0603
vn 0.2299 -0.9667 -0.1120
vn 0.2188 -0.9620 -0.1631
vn 0.2073 -0.9548 -0.2132
vn 0.1956 -0.9451 -0.2619
vn 0.1833 -0.9333 -0.3087
vn 0.1710 -0.9196 -0.3536
vn -0.4564 -0.7665 0.4520
vn -0.4150 -0.7881 0.4547
vn -0.3714 -0.8085 0.4565
vn -0.3259 -0.8275 0.4571
vn -0.2785 -0.8450 0.4566
vn -0.2296 -0.8604 0.4549
vn -0.1796 -0.8738 0.4520
vn -0.1287 -0.8848 0.4478
vn -0.0774 -0.8934 0.4426
vn -0.0262 -0.8994 0.4363
vn 0.0248 -0.9029 0.4291
vn 0.0750 -0.9040 0.4209
vn 0.1239 -0.9028 0.4117
vn 0.1715 -0.8994 0.4020
vn 0.2174 -0.8940 0.3917
vn 0.2611 -0.8871 0.3806
vn -0.4736 -0.7794 0.4102
vn -0.4322 -0.8019 0.4125
vn -0.3883 -0.8234 0.4138
vn -0.3422 -0.8434 0.4142
vn -0.2943 -0.8617 0.4134
vn -0.2446 -0.8780 0.4115
vn -0.1937 -0.8920 0.4085
vn -0.1419 -0.9035 0.4044
vn -0.0895 -0.9125 0.3993
vn -0.0371 -0.9187 0.3931
vn 0.0150 -0.9224 0.3859
vn 0.0663 -0.9234 0.3780
vn 0.1164 -0.9220 0.3694
vn 0.1651 -0.9183 0.3599
vn 0.2118 -0.9126 0.3498
vn 0.2565 -0.9051 0.3392
vn -0.4903 -0.7910 0.3660
vn -0.4487 -0.8145 0.3678
vn -0.4047 -0.8368 0.3688
vn -0.3583 -0.8576 0.3689
vn -0.3098 -0.8768 0.3678
vn -0.2595 -0.8939 0.3656
vn -0.2079 -0.9086 0.3624
vn -0.1552 -0.9206 0.3582
vn -0.1019 -0.9300 0.3531
vn -0.0484 -0.9366 0.3471
vn 0.0047 -0.9403 0.3403
vn 0.0571 -0.9413 0.3327
vn 0.1082 -0.9398 0.3242
vn 0.1580 -0.9358 0.3152
vn 0.2057 -0.9296 0.3057
vn 0.2514 -0.9216 0.2957
vn -0.5063 -0.8009 0.3198
vn -0.4647 -0.8252 0.3210
vn -0.4206 -0.8484 0.3214
vn -0.3739 -0.8702 0.3209
vn -0.3251 -0.8901 0.3195
vn -0.2742 -0.9079 0.3171
vn -0.2220 -0.9232 0.3138
vn -0.1685 -0.9358 0.3095
vn -0.1144 -0.9457 0.3044
vn -0.0600 -0.9525 0.2985
vn -0.0060 -0.9565 0.2918
vn 0.0473 -0.9575 0.2845
vn 0.0994 -0.9558 0.2766
vn 0.1502 -0.9516 0.2682
vn 0.1986 -0.9452 0.2591
vn 0.2453 -0.9367 0.2498
vn -0.5213 -0.8089 0.2718
vn -0.4797 -0.8342 0.2721
vn -0.4356 -0.8581 0.2719
vn -0.3888 -0.8806 0.2709
vn -0.3398 -0.9012 0.2690
vn -0.2886 -0.9197 0.2662
vn -0.2358 -0.9356 0.2627
vn -0.1818 -0.9488 0.2583
vn -0.1270 -0.9590 0.2532
vn -0.0719 -0.9662 0.2475
vn -0.0170 -0.9703 0.2412
vn 0.0372 -0.9715 0.2343
vn 0.0901 -0.9698 0.2268
vn 0.1417 -0.9654 0.2188
vn 0.1910 -0.9588 0.2105
vn 0.2384 -0.9499 0.2020
vn -0.5351 -0.8151 0.2221
vn -0.4938 -0.8408 0.2217
vn -0.4497 -0.8655 0.2207
vn -0.4030 -0.8886 0.2190
vn -0.3537 -0.9099 0.2166
vn -0.3024 -0.9290 0.2135
vn -0.2492 -0.9455 0.2096
vn -0.1948 -0.9592 0.2052
vn -0.1395 -0.9698 0.2001
vn -0.0838 -0.9773 0.1945
vn -0.0283 -0.9817 0.1884
vn 0.0266 -0.9830 0.1818
vn 0.0802 -0.9813 0.1749
vn 0.1325 -0.9769 0.1677
vn 0.1827 -0.9701 0.1600
vn 0.2306 -0.9611 0.1523
vn -0.5477 -0.8189 0.1714
vn -0.5067 -0.8452 0.1700
vn -0.4627 -0.8704 0.1681
vn -0.4161 -0.8941 0.1657
vn -0.3668 -0.9160 0.1627
vn -0.3154 -0.9355 0.1591
vn -0.2621 -0.9525 0.1550
vn -0.2074 -0.9666 0.1503
vn -0.1518 -0.9777 0.1453
vn -0.0957 -0.9855 0.1398
vn -0.0397 -0.9902 0.1340
vn 0.0157 -0.9917 0.1279
vn 0.0700 -0.9901 0.1215
vn 0.1227 -0.9858 0.1148
vn 0.1737 -0.9788 0.1081
vn 0.2222 -0.9697 0.1013
vn -0.5590 -0.8205 0.1197
vn -0.5182 -0.8472 0.1173
vn -0.4745 -0.8728 0.1145
vn -0.4281 -0.8969 0.1113
vn -0.3790 -0.9191 0.1077
vn -0.3276 -0.9391 0.1037
vn -0.2743 -0.9565 0.0992
vn -0.2195 -0.9710 0.0944
vn -0.1637 -0.9825 0.0893
vn -0.1074 -0.9907 0.0839
vn -0.0511 -0.9956 0.0784
vn 0.0047 -0.9973 0.0727
vn 0.0594 -0.9960 0.0668
vn 0.1125 -0.9918 0.0609
vn 0.1640 -0.9849 0.0550
vn 0.2131 -0.9758 0.0492
vn -0.5688 -0.8197 0.0677
vn -0.5283 -0.8466 0.0643
vn -0.4850 -0.8724 0.0607
vn -0.4389 -0.8968 0.0566
vn -0.3900 -0.9193 0.0523
vn -0.3389 -0.9396 0.0477
vn -0.2857 -0.9574 0.0429
vn -0.2310 -0.9722 0.0378
vn -0.1752 -0.9840 0.0327
vn -0.1188 -0.9925 0.0274
vn -0.0624 -0.9978 0.0221
vn -0.0064 -0.9998 0.0168
vn 0.0485 -0.9988 0.0115
vn 0.1021 -0.9948 0.0063
vn 0.1537 -0.9881 0.0012
vn 0.2033 -0.9791 -0.0036
vn -0.5769 -0.8167 0.0159
vn -0.5370 -0.8435 0.0113
vn -0.4941 -0.8694 0.0066
vn -0.4483 -0.8939 0.0017
vn -0.3999 -0.9166 -0.0033
vn -0.3490 -0.9371 -0.0084
vn -0.2962 -0.9550 -0.0136
vn -0.2417 -0.9702 -0.0188
vn -0.1861 -0.9822 -0.0240
vn -0.1298 -0.9911 -0.0292
vn -0.0735 -0.9967 -0.0343
vn -0.0174 -0.9991 -0.0393
vn 0.0376 -0.9983 -0.0440
vn 0.0913 -0.9946 -0.0485
vn 0.1431 -0.9883 -0.0527
vn 0.1931 -0.9796 -0.0566
vn -0.5835 -0.8113 -0.0357
vn -0.5441 -0.8380 -0.0412
vn -0.5017 -0.8638 -0.0469
vn -0.4564 -0.8882 -0.0526
vn -0.4085 -0.9109 -0.0583
vn -0.3581 -0.9315 -0.0639
vn -0.3057 -0.9496 -0.0695
vn -0.2515 -0.9649 -0.0750
vn -0.1963 -0.9773 -0.0803
vn -0.1403 -0.9864 -0.0854
vn -0.0842 -0.9923 -0.0904
vn -0.0283 -0.9951 -0.0950
vn 0.0267 -0.9947 -0.0992
vn 0.0804 -0.9914 -0.1030
vn 0.1322 -0.9855 -0.1065
vn 0.1823 -0.9771 -0.1095
vn -0.5885 -0.8039 -0.0862
vn -0.5496 -0.8303 -0.0928
vn -0.5077 -0.8558 -0.0994
vn -0.4630 -0.8800 -0.1059
vn -0.4157 -0.9025 -0.1123
vn -0.3659 -0.9231 -0.1185
vn -0.3141 -0.9412 -0.1245
vn -0.2605 -0.9566 -0.1302
vn -0.2057 -0.9692 -0.1357
vn -0.1502 -0.9786 -0.1408
vn -0.0944 -0.9848 -0.1455
vn -0.0389 -0.9880 -0.1498
vn 0.0158 -0.9880 -0.1535
vn 0.0694 -0.9852 -0.1567
vn 0.1212 -0.9798 -0.1593
vn 0.1711 -0.9719 -0.1615
vn -0.5919 -0.7945 -0.1356
vn -0.5536 -0.8204 -0.1432
vn -0.5123 -0.8455 -0.1506
vn -0.4682 -0.8694 -0.1579
vn -0.4216 -0.8917 -0.1649
vn -0.3725 -0.9120 -0.1716
vn -0.3214 -0.9301 -0.1780
vn -0.2685 -0.9456 -0.1840
vn -0.2144 -0.9582 -0.1896
vn -0.1595 -0.9678 -0.1947
vn -0.1043 -0.9744 -0.1993
vn -0.0492 -0.9779 -0.2032
vn 0.0051 -0.9784 -0.2066
vn 0.0583 -0.9761 -0.2092
vn 0.1099 -0.9713 -0.2111
vn 0.1596 -0.9641 -0.2124
vn -0.5938 -0.7835 -0.1833
vn -0.5559 -0.8088 -0.1917
vn -0.5154 -0.8333 -0.2001
vn -0.4720 -0.8567 -0.2081
vn -0.4261 -0.8786 -0.2157
vn -0.3778 -0.8987 -0.2229
vn -0.3275 -0.9165 -0.2296
vn -0.2754 -0.9319 -0.2359
vn -0.2221 -0.9446 -0.2415
vn -0.1680 -0.9544 -0.2466
vn -0.1135 -0.9613 -0.2511
vn -0.0592 -0.9652 -0.2548
vn -0.0054 -0.9662 -0.2578
vn 0.0473 -0.9644 -0.2600
vn 0.0985 -0.9602 -0.2613
vn 0.1480 -0.9537 -0.2619
vn -0.5945 -0.7706 -0.2296
vn -0.5569 -0.7955 -0.2386
vn -0.5170 -0.8194 -0.2474
vn -0.4744 -0.8422 -0.2561
vn -0.4293 -0.8636 -0.2644
vn -0.3819 -0.8832 -0.2720
vn -0.3325 -0.9009 -0.2791
vn -0.2814 -0.9161 -0.2854
vn -0.2290 -0.9288 -0.2913
vn -0.1759 -0.9387 -0.2964
vn -0.1223 -0.9458 -0.3007
vn -0.0687 -0.9501 -0.3043
vn -0.0157 -0.9516 -0.3071
vn 0.0364 -0.9505 -0.3087
vn 0.0871 -0.9469 -0.3095
vn 0.1363 -0.9411 -0.3095
vn -0.5936 -0.7568 -0.2735
vn -0.5568 -0.7809 -0.2833
vn -0.5175 -0.8040 -0.2929
vn -0.4756 -0.8262 -0.3019
vn -0.4313 -0.8471 -0.3105
vn -0.3849 -0.8663 -0.3185
vn -0.3365 -0.8835 -0.3259
vn -0.2864 -0.8985 -0.3327
vn -0.2351 -0.9111 -0.3386
vn -0.1830 -0.9211 -0.3437
vn -0.1304 -0.9284 -0.3480
vn -0.0778 -0.9330 -0.3513
vn -0.0256 -0.9350 -0.3536
vn 0.0257 -0.9345 -0.3551
vn 0.0758 -0.9316 -0.3556
vn 0.1244 -0.9265 -0.3551
vn -0.5914 -0.7421 -0.3153
vn -0.5553 -0.7652 -0.3257
vn -0.5167 -0.7876 -0.3357
vn -0.4757 -0.8090 -0.3453
vn -0.4323 -0.8293 -0.3542
vn -0.3868 -0.8478 -0.3627
vn -0.3395 -0.8646 -0.3704
vn -0.2905 -0.8794 -0.3771
vn -0.2404 -0.8918 -0.3832
vn -0.1894 -0.9018 -0.3884
vn -0.1379 -0.9093 -0.3926
vn -0.0864 -0.9142 -0.3959
vn -0.0351 -0.9168 -0.3977
vn 0.0153 -0.9168 -0.3990
vn 0.0647 -0.9146 -0.3992
vn 0.1127 -0.9103 -0.3983
vn 0.3464 -0.8592 0.3764
vn 0.3942 -0.8253 0.4044
vn 0.4489 -0.7804 0.4352
vn 0.5093 -0.7221 0.4681
vn 0.5754 -0.6457 0.5019
vn 0.6437 -0.5482 0.5340
vn 0.7097 -0.4264 0.5607
vn 0.7659 -0.2831 0.5773
vn 0.8052 -0.1243 0.5798
vn 0.8231 0.0375 0.5667
vn 0.8196 0.1903 0.5404
vn 0.7994 0.3252 0.5051
vn 0.7685 0.4383 0.4661
vn 0.7325 0.5305 0.4267
vn 0.6954 0.6041 0.3892
vn 0.6594 0.6627 0.3550
vn 0.1998 -0.8879 -0.4144
vn 0.2136 -0.9039 -0.3707
vn 0.2273 -0.9181 -0.3246
vn 0.2408 -0.9304 -0.2763
vn 0.2541 -0.9404 -0.2262
vn 0.2668 -0.9479 -0.1743
vn 0.2789 -0.9527 -0.1212
vn 0.2900 -0.9546 -0.0674
vn 0.3002 -0.9538 -0.0134
vn 0.3097 -0.9500 0.0404
vn 0.3182 -0.9434 0.0936
vn 0.3254 -0.9343 0.1455
vn 0.3315 -0.9229 0.1959
vn 0.3366 -0.9094 0.2444
vn 0.3406 -0.8941 0.2907
vn 0.3439 -0.8773 0.3349
vn 0.2376 -0.8579 -0.4557
vn 0.2538 -0.8763 -0.4094
vn 0.2700 -0.8930 -0.3601
vn 0.2866 -0.9071 -0.3082
vn 0.3014 -0.9192 -0.2534
vn 0.3162 -0.9281 -0.1966
vn 0.3299 -0.9338 -0.1381
vn 0.3426 -0.9362 -0.0787
vn 0.3541 -0.9350 -0.0189
vn 0.3640 -0.9305 0.0408
vn 0.3725 -0.9227 0.0993
vn 0.3794 -0.9119 0.1563
vn 0.3848 -0.8984 0.2114
vn 0.3891 -0.8826 0.2639
vn 0.3920 -0.8648 0.3138
vn 0.3936 -0.8456 0.3606
vn 0.2817 -0.8174 -0.5025
vn 0.3012 -0.8386 -0.4540
vn 0.3207 -0.8579 -0.4015
vn 0.3397 -0.8749 -0.3453
vn 0.3581 -0.8889 -0.2856
vn 0.3756 -0.8995 -0.2232
vn 0.3917 -0.9064 -0.1584
vn 0.4062 -0.9091 -0.0922
vn 0.4187 -0.9078 -0.0255
vn 0.4290 -0.9024 0.0409
vn 0.4374 -0.8930 0.1060
vn 0.4437 -0.8802 0.1688
vn 0.4479 -0.8642 0.2292
vn 0.4503 -0.8458 0.2862
vn 0.4510 -0.8254 0.3395
vn 0.4505 -0.8034 0.3893
vn 0.3320 -0.7629 -0.5547
vn 0.3561 -0.7867 -0.5043
vn 0.3797 -0.8089 -0.4489
vn 0.4031 -0.8286 -0.3885
vn 0.4256 -0.8451 -0.3235
vn 0.4468 -0.8576 -0.2545
vn 0.4659 -0.8658 -0.1826
vn 0.4825 -0.8692 -0.1084
vn 0.4963 -0.8675 -0.0336
vn 0.5071 -0.8609 0.0408
vn 0.5147 -0.8499 0.1134
vn 0.5194 -0.8347 0.1831
vn 0.5215 -0.8161 0.2491
vn 0.5210 -0.7950 0.3108
vn 0.5186 -0.7718 0.3679
vn 0.5145 -0.7473 0.4205
vn 0.3891 -0.6890 -0.6114
vn 0.4185 -0.7152 -0.5598
vn 0.4481 -0.7397 -0.5021
vn 0.4775 -0.7618 -0.4378
vn 0.5055 -0.7808 -0.3673
vn 0.5314 -0.7955 -0.2912
vn 0.5544 -0.8051 -0.2110
vn 0.5738 -0.8089 -0.1277
vn 0.5890 -0.8070 -0.0435
vn 0.5996 -0.7993 0.0402
vn 0.6057 -0.7864 0.1213
vn 0.6076 -0.7689 0.1987
vn 0.6060 -0.7479 0.2708
vn 0.6015 -0.7241 0.3375
vn 0.5944 -0.6986 0.3982
vn 0.5852 -0.6727 0.4528
vn 0.4507 -0.5907 -0.6693
vn 0.4870 -0.6175 -0.6177
vn 0.5241 -0.6431 -0.5584
vn 0.5609 -0.6666 -0.4910
vn 0.5961 -0.6870 -0.4155
vn 0.6285 -0.7033 -0.3324
vn 0.6565 -0.7140 -0.2433
vn 0.6792 -0.7185 -0.1500
vn 0.6955 -0.7164 -0.0551
vn 0.7055 -0.7077 0.0388
vn 0.7091 -0.6932 0.1293
vn 0.7067 -0.6742 0.2144
vn 0.6994 -0.6518 0.2931
vn 0.6888 -0.6268 0.3643
vn 0.6753 -0.6007 0.4279
vn 0.6598 -0.5744 0.4844
vn 0.5127 -0.4644 -0.7222
vn 0.5568 -0.4883 -0.6719
vn 0.6023 -0.5122 -0.6123
vn 0.6475 -0.5348 -0.5430
vn 0.6911 -0.5546 -0.4634
vn 0.7312 -0.5704 -0.3741
vn 0.7655 -0.5809 -0.2767
vn 0.7920 -0.5853 -0.1736
vn 0.8095 -0.5831 -0.0682
vn 0.8176 -0.5746 0.0360
vn 0.8169 -0.5605 0.1357
vn 0.8088 -0.5419 0.2282
vn 0.7947 -0.5204 0.3125
vn 0.7761 -0.4975 0.3875
vn 0.7552 -0.4733 0.4536
vn 0.7551 -0.4735 0.4534
vn 0.7327 -0.4495 0.5110
vn 0.5686 -0.3094 -0.7622
vn 0.6195 -0.3274 -0.7135
vn 0.6725 -0.3453 -0.6546
vn 0.7257 -0.3626 -0.5847
vn 0.7774 -0.3783 -0.5026
vn 0.8248 -0.3905 -0.4090
vn 0.8647 -0.3989 -0.3054
vn 0.8945 -0.4024 -0.1947
vn 0.9125 -0.4009 -0.0811
vn 0.9185 -0.3941 0.0312
vn 0.9134 -0.3829 0.1380
vn 0.8990 -0.3686 0.2363
vn 0.8778 -0.3524 0.3244
vn 0.8524 -0.3341 0.4022
vn 0.8240 -0.3170 0.4696
vn 0.7948 -0.2999 0.5276
vn 0.6101 -0.1348 -0.7808
vn 0.6649 -0.1430 -0.7331
vn 0.7223 -0.1514 -0.6748
vn 0.7800 -0.1596 -0.6050
vn 0.8362 -0.1666 -0.5225
vn 0.8874 -0.1725 -0.4276
vn 0.9302 -0.1768 -0.3216
vn 0.9617 -0.1787 -0.2081
vn 0.9798 -0.1778 -0.0911
vn 0.9843 -0.1746 0.0244
vn 0.9763 -0.1698 0.1341
vn 0.9582 -0.1637 0.2348
vn 0.9330 -0.1554 0.3245
vn 0.9030 -0.1476 0.4035
vn 0.8707 -0.1397 0.4715
vn 0.8377 -0.1317 0.5300
vn 0.6316 0.0439 -0.7741
vn 0.6861 0.0462 -0.7260
vn 0.7427 0.0486 -0.6679
vn 0.7995 0.0508 -0.5985
vn 0.8543 0.0526 -0.5170
vn 0.9041 0.0540 -0.4240
vn 0.9456 0.0550 -0.3206
vn 0.9761 0.0551 -0.2100
vn 0.9939 0.0546 -0.0962
vn 0.9984 0.0534 0.0163
vn 0.9910 0.0516 0.1235
vn 0.9737 0.0494 0.2225
vn 0.9492 0.0471 0.3113
vn 0.9199 0.0448 0.3896
vn 0.8881 0.0424 0.4577
vn 0.8554 0.0398 0.5164
vn 0.6330 0.2108 -0.7449
vn 0.6835 0.2214 -0.6956
vn 0.7349 0.2322 -0.6372
vn 0.7860 0.2419 -0.5690
vn 0.8348 0.2504 -0.4904
vn 0.8789 0.2572 -0.4018
vn 0.9158 0.2617 -0.3047
vn 0.9434 0.2632 -0.2020
vn 0.9603 0.2619 -0.0963
vn 0.9661 0.2580 0.0083
vn 0.9617 0.2515 0.1086
vn 0.9487 0.2430 0.2022
vn 0.9291 0.2325 0.2877
vn 0.9291 0.2326 0.2877
vn 0.9046 0.2225 0.3637
vn 0.8773 0.2117 0.4308
vn 0.8486 0.2009 0.4894
vn 0.6190 0.3544 -0.7009
vn 0.6631 0.3700 -0.6507
vn 0.7074 0.3849 -0.5928
vn 0.7508 0.3988 -0.5266
vn 0.7917 0.4108 -0.4521
vn 0.8286 0.4202 -0.3699
vn 0.8598 0.4261 -0.2813
vn 0.8837 0.4285 -0.1883
vn 0.8995 0.4269 -0.0932
vn 0.9069 0.4213 0.0013
vn 0.9062 0.4125 0.0925
vn 0.8984 0.4011 0.1789
vn 0.8848 0.3876 0.2585
vn 0.8669 0.3726 0.3311
vn 0.8460 0.3568 0.3962
vn 0.8232 0.3409 0.4541
vn 0.5958 0.4714 -0.6502
vn 0.6331 0.4889 -0.6002
vn 0.6702 0.5054 -0.5436
vn 0.7060 0.5202 -0.4806
vn 0.7397 0.5328 -0.4111
vn 0.7700 0.5425 -0.3360
vn 0.7958 0.5487 -0.2562
vn 0.8163 0.5511 -0.1731
vn 0.8309 0.5494 -0.0887
vn 0.8392 0.5438 -0.0045
vn 0.8413 0.5349 0.0775
vn 0.8381 0.5229 0.1558
vn 0.8301 0.5083 0.2292
vn 0.8182 0.4921 0.2972
vn 0.8035 0.4747 0.3592
vn 0.7867 0.4565 0.4155
vn 0.5685 0.5638 -0.5991
vn 0.5997 0.5812 -0.5500
vn 0.6304 0.5973 -0.4958
vn 0.6598 0.6115 -0.4367
vn 0.6875 0.6233 -0.3725
vn 0.7124 0.6324 -0.3043
vn 0.7339 0.6381 -0.2326
vn 0.7515 0.6403 -0.1587
vn 0.7647 0.6390 -0.0838
vn 0.7734 0.6339 -0.0090
vn 0.7776 0.6254 0.0644
vn 0.7777 0.6140 0.1349
vn 0.7739 0.6002 0.2021
vn 0.7669 0.5844 0.2652
vn 0.7574 0.5671 0.3236
vn 0.7456 0.5492 0.3774
vn 0.5405 0.6359 -0.5509
vn 0.5666 0.6522 -0.5037
vn 0.5922 0.6667 -0.4525
vn 0.6167 0.6797 -0.3972
vn 0.6394 0.6904 -0.3383
vn 0.6603 0.6983 -0.2764
vn 0.6785 0.7033 -0.2120
vn 0.6938 0.7052 -0.1460
vn 0.7059 0.7039 -0.0791
vn 0.7145 0.6996 -0.0124
vn 0.7198 0.6922 0.0533
vn 0.7219 0.6820 0.1169
vn 0.7210 0.6696 0.1782
vn 0.7176 0.6551 0.2362
vn 0.7120 0.6391 0.2909
vn 0.7044 0.6220 0.3420
vn 0.5138 0.6919 -0.5073
vn 0.5358 0.7065 -0.4624
vn 0.5573 0.7197 -0.4141
vn 0.5780 0.7311 -0.3627
vn 0.5971 0.7403 -0.3088
vn 0.6147 0.7473 -0.2525
vn 0.6304 0.7516 -0.1942
vn 0.6436 0.7534 -0.1350
vn 0.6546 0.7523 -0.0749
vn 0.6631 0.7484 -0.0151
vn 0.6691 0.7419 0.0440
vn 0.6725 0.7330 0.1018
vn 0.6736 0.7221 0.1576
vn 0.6726 0.7093 0.2110
vn 0.6698 0.6948 0.2619
vn 0.6652 0.6793 0.3101
vn 0.4890 0.7358 -0.4685
vn 0.5078 0.7488 -0.4259
vn 0.5262 0.7604 -0.3806
vn 0.5438 0.7703 -0.3330
vn 0.5602 0.7784 -0.2833
vn 0.5752 0.7844 -0.2320
vn 0.5889 0.7881 -0.1792
vn 0.6008 0.7895 -0.1255
vn 0.6107 0.7886 -0.0713
vn 0.6189 0.7853 -0.0174
vn 0.6250 0.7798 0.0363
vn 0.6292 0.7722 0.0888
vn 0.6317 0.7625 0.1399
vn 0.6324 0.7512 0.1892
vn 0.6314 0.7385 0.2365
vn 0.6292 0.7244 0.2817
vn 0.1685 -0.8830 -0.4381
vn 0.2035 -0.8525 -0.4815
vn 0.2441 -0.8115 -0.5309
vn 0.2908 -0.7565 -0.5858
vn 0.3438 -0.6819 -0.6457
vn 0.4013 -0.5831 -0.7064
vn 0.4596 -0.4562 -0.7620
vn 0.5128 -0.3008 -0.8041
vn 0.5532 -0.1261 -0.8235
vn 0.5757 0.0523 -0.8160
vn 0.5799 0.2191 -0.7847
vn 0.5696 0.3616 -0.7381
vn 0.5505 0.4781 -0.6844
vn 0.5271 0.5701 -0.6302
vn 0.5028 0.6414 -0.5795
vn 0.4794 0.6969 -0.5333
vn -0.6053 -0.7140 -0.3517
vn -0.5689 -0.7376 -0.3637
vn -0.5298 -0.7606 -0.3753
vn -0.4881 -0.7825 -0.3866
vn -0.4438 -0.8032 -0.3975
vn -0.3971 -0.8224 -0.4074
vn -0.3483 -0.8398 -0.4164
vn -0.2977 -0.8551 -0.4245
vn -0.2455 -0.8682 -0.4312
vn -0.1924 -0.8789 -0.4365
vn -0.1388 -0.8870 -0.4405
vn -0.0851 -0.8924 -0.4431
vn -0.0319 -0.8952 -0.4444
vn 0.0204 -0.8956 -0.4445
vn 0.0716 -0.8935 -0.4433
vn 0.1210 -0.8893 -0.4410
vn -0.6372 -0.6677 -0.3849
vn -0.5995 -0.6935 -0.3994
vn -0.5586 -0.7189 -0.4137
vn -0.5144 -0.7433 -0.4276
vn -0.4669 -0.7667 -0.4406
vn -0.4164 -0.7884 -0.4527
vn -0.3632 -0.8081 -0.4637
vn -0.3077 -0.8255 -0.4731
vn -0.2502 -0.8403 -0.4810
vn -0.1915 -0.8521 -0.4871
vn -0.1322 -0.8608 -0.4914
vn -0.0729 -0.8666 -0.4937
vn -0.0142 -0.8692 -0.4942
vn 0.0432 -0.8688 -0.4932
vn 0.0989 -0.8658 -0.4905
vn 0.1525 -0.8603 -0.4865
vn -0.6712 -0.6095 -0.4219
vn -0.6326 -0.6377 -0.4395
vn -0.5900 -0.6655 -0.4572
vn -0.5433 -0.6928 -0.4742
vn -0.4926 -0.7188 -0.4905
vn -0.4380 -0.7433 -0.5056
vn -0.3798 -0.7657 -0.5191
vn -0.3186 -0.7853 -0.5308
vn -0.2548 -0.8019 -0.5404
vn -0.1895 -0.8152 -0.5472
vn -0.1234 -0.8250 -0.5515
vn -0.0574 -0.8310 -0.5533
vn 0.0076 -0.8333 -0.5527
vn 0.0707 -0.8323 -0.5498
vn 0.1315 -0.8280 -0.5451
vn 0.1895 -0.8209 -0.5387
vn -0.7061 -0.5366 -0.4620
vn -0.6671 -0.5664 -0.4839
vn -0.6231 -0.5964 -0.5060
vn -0.5744 -0.6261 -0.5273
vn -0.5203 -0.6551 -0.5479
vn -0.4614 -0.6823 -0.5671
vn -0.3977 -0.7074 -0.5843
vn -0.3299 -0.7297 -0.5989
vn -0.2588 -0.7487 -0.6103
vn -0.1857 -0.7636 -0.6184
vn -0.1116 -0.7743 -0.6229
vn -0.0378 -0.7807 -0.6237
vn 0.0344 -0.7828 -0.6213
vn 0.1042 -0.7809 -0.6159
vn 0.1705 -0.7754 -0.6080
vn 0.2328 -0.7672 -0.5977
vn -0.7399 -0.4449 -0.5046
vn -0.7010 -0.4754 -0.5316
vn -0.6563 -0.5068 -0.5590
vn -0.6057 -0.5382 -0.5861
vn -0.5486 -0.5691 -0.6124
vn -0.4851 -0.5991 -0.6370
vn -0.4155 -0.6269 -0.6591
vn -0.3404 -0.6518 -0.6777
vn -0.2611 -0.6730 -0.6920
vn -0.1788 -0.6899 -0.7014
vn -0.0956 -0.7020 -0.7058
vn -0.0129 -0.7090 -0.7051
vn 0.0675 -0.7112 -0.6998
vn 0.1441 -0.7090 -0.6904
vn 0.2159 -0.7030 -0.6776
vn 0.2827 -0.6937 -0.6625
vn -0.7685 -0.3325 -0.5467
vn -0.7303 -0.3615 -0.5796
vn -0.6856 -0.3921 -0.6134
vn -0.6336 -0.4236 -0.6474
vn -0.5740 -0.4552 -0.6807
vn -0.5061 -0.4862 -0.7123
vn -0.4305 -0.5157 -0.7408
vn -0.3477 -0.5427 -0.7646
vn -0.2592 -0.5660 -0.7826
vn -0.1670 -0.5849 -0.7937
vn -0.0736 -0.5985 -0.7977
vn 0.0187 -0.6067 -0.7947
vn 0.1074 -0.6099 -0.7852
vn 0.1910 -0.6082 -0.7704
vn 0.2684 -0.6029 -0.7513
vn 0.3383 -0.5940 -0.7299
vn -0.7868 -0.1981 -0.5845
vn -0.7494 -0.2231 -0.6234
vn -0.7050 -0.2497 -0.6638
vn -0.6522 -0.2779 -0.7053
vn -0.5905 -0.3072 -0.7463
vn -0.5188 -0.3368 -0.7858
vn -0.4376 -0.3657 -0.8214
vn -0.3473 -0.3930 -0.8514
vn -0.2498 -0.4174 -0.8737
vn -0.1478 -0.4379 -0.8868
vn -0.0443 -0.4536 -0.8901
vn 0.0570 -0.4642 -0.8839
vn 0.1536 -0.4698 -0.8693
vn 0.2429 -0.4710 -0.8481
vn 0.3238 -0.4687 -0.8219
vn 0.3960 -0.4634 -0.7928
vn -0.7890 -0.0456 -0.6127
vn -0.7519 -0.0632 -0.6563
vn -0.7073 -0.0827 -0.7021
vn -0.6537 -0.1041 -0.7495
vn -0.5901 -0.1269 -0.7973
vn -0.5154 -0.1512 -0.8435
vn -0.4296 -0.1760 -0.8857
vn -0.3333 -0.2006 -0.9212
vn -0.2286 -0.2240 -0.9474
vn -0.1188 -0.2450 -0.9622
vn -0.0077 -0.2631 -0.9647
vn 0.1003 -0.2776 -0.9555
vn 0.2021 -0.2883 -0.9360
vn 0.2947 -0.2954 -0.9088
vn 0.3776 -0.2994 -0.8763
vn 0.4500 -0.3010 -0.8408
vn -0.7708 0.1160 -0.6265
vn -0.7328 0.1076 -0.6719
vn -0.6869 0.0977 -0.7201
vn -0.6319 0.0864 -0.7702
vn -0.5664 0.0732 -0.8209
vn -0.4895 0.0579 -0.8701
vn -0.4009 0.0407 -0.9152
vn -0.3016 0.0217 -0.9532
vn -0.1937 0.0015 -0.9811
vn -0.0807 -0.0192 -0.9966
vn 0.0331 -0.0395 -0.9987
vn 0.1432 -0.0588 -0.9879
vn 0.2460 -0.0763 -0.9663
vn 0.3388 -0.0919 -0.9363
vn 0.4210 -0.1054 -0.9009
vn 0.4921 -0.1169 -0.8627
vn -0.7320 0.2749 -0.6234
vn -0.6917 0.2757 -0.6675
vn -0.6435 0.2757 -0.7141
vn -0.5865 0.2739 -0.7622
vn -0.5195 0.2702 -0.8106
vn -0.4416 0.2641 -0.8575
vn -0.3530 0.2550 -0.9002
vn -0.2545 0.2425 -0.9362
vn -0.1485 0.2266 -0.9626
vn -0.0382 0.2076 -0.9775
vn 0.0722 0.1861 -0.9799
vn 0.1788 0.1629 -0.9703
vn 0.2781 0.1390 -0.9504
vn 0.3680 0.1156 -0.9226
vn 0.4476 0.0932 -0.8894
vn 0.5164 0.0719 -0.8533
vn -0.6772 0.4187 -0.6051
vn -0.6340 0.4266 -0.6450
vn -0.5835 0.4336 -0.6867
vn -0.5248 0.4391 -0.7292
vn -0.4571 0.4426 -0.7715
vn -0.3801 0.4430 -0.8119
vn -0.2943 0.4397 -0.8485
vn -0.2005 0.4322 -0.8792
vn -0.1008 0.4199 -0.9019
vn 0.0020 0.4031 -0.9151
vn 0.1044 0.3820 -0.9183
vn 0.2034 0.3574 -0.9116
vn 0.2961 0.3305 -0.8962
vn 0.3806 0.3022 -0.8740
vn 0.4561 0.2735 -0.8468
vn 0.5223 0.2457 -0.8166
vn -0.6133 0.5405 -0.5759
vn -0.5677 0.5526 -0.6102
vn -0.5156 0.5636 -0.6454
vn -0.4565 0.5728 -0.6808
vn -0.3899 0.5798 -0.7155
vn -0.3159 0.5835 -0.7482
vn -0.2349 0.5832 -0.7776
vn -0.1483 0.5784 -0.8022
vn -0.0573 0.5686 -0.8206
vn 0.0356 0.5536 -0.8320
vn 0.1280 0.5339 -0.8358
vn 0.2175 0.5101 -0.8321
vn 0.3021 0.4829 -0.8219
vn 0.3801 0.4536 -0.8061
vn 0.4509 0.4230 -0.7860
vn 0.5139 0.3921 -0.7630
vn -0.5471 0.6390 -0.5407
vn -0.5003 0.6524 -0.5693
vn -0.4480 0.6646 -0.5980
vn -0.3899 0.6748 -0.6266
vn -0.3259 0.6824 -0.6543
vn -0.2563 0.6869 -0.6800
vn -0.1816 0.6875 -0.7031
vn -0.1028 0.6838 -0.7224
vn -0.0210 0.6754 -0.7371
vn 0.0618 0.6622 -0.7467
vn 0.1442 0.6445 -0.7509
vn 0.2242 0.6227 -0.7497
vn 0.3005 0.5973 -0.7436
vn 0.3718 0.5694 -0.7332
vn 0.4374 0.5396 -0.7194
vn 0.4969 0.5089 -0.7029
vn -0.4835 0.7158 -0.5038
vn -0.4366 0.7289 -0.5273
vn -0.3854 0.7406 -0.5505
vn -0.3295 0.7502 -0.5733
vn -0.2691 0.7572 -0.5952
vn -0.2045 0.7612 -0.6154
vn -0.1362 0.7618 -0.6334
vn -0.0650 0.7583 -0.6486
vn 0.0080 0.7507 -0.6605
vn 0.0817 0.7390 -0.6687
vn 0.1550 0.7232 -0.6730
vn 0.2265 0.7038 -0.6734
vn 0.2951 0.6810 -0.6702
vn 0.3599 0.6555 -0.6639
vn 0.4204 0.6282 -0.6547
vn 0.4761 0.5992 -0.6436
vn 0.4761 0.5993 -0.6436
vn -0.4250 0.7749 -0.4680
vn -0.3791 0.7868 -0.4872
vn -0.3298 0.7970 -0.5059
vn -0.2768 0.8054 -0.5242
vn -0.2203 0.8113 -0.5415
vn -0.1608 0.8144 -0.5576
vn -0.0987 0.8143 -0.5721
vn -0.0345 0.8108 -0.5843
vn 0.0310 0.8039 -0.5940
vn 0.0968 0.7934 -0.6010
vn 0.1623 0.7794 -0.6052
vn 0.2262 0.7622 -0.6066
vn 0.2880 0.7420 -0.6054
vn 0.3470 0.7192 -0.6019
vn 0.4027 0.6946 -0.5961
vn 0.4548 0.6685 -0.5885
vn -0.3725 0.8200 -0.4346
vn -0.3284 0.8303 -0.4503
vn -0.2814 0.8390 -0.4657
vn -0.2315 0.8459 -0.4805
vn -0.1791 0.8505 -0.4945
vn -0.1244 0.8527 -0.5074
vn -0.0677 0.8521 -0.5190
vn -0.0097 0.8486 -0.5290
vn 0.0492 0.8420 -0.5372
vn 0.1084 0.8325 -0.5434
vn 0.1671 0.8200 -0.5474
vn 0.2247 0.8047 -0.5496
vn 0.2807 0.7869 -0.5496
vn 0.3345 0.7669 -0.5477
vn 0.3858 0.7450 -0.5442
vn 0.4341 0.7215 -0.5393
vn -0.3264 0.8545 -0.4042
vn -0.2841 0.8632 -0.4173
vn -0.2397 0.8705 -0.4298
vn -0.1930 0.8759 -0.4422
vn -0.1444 0.8794 -0.4537
vn -0.0940 0.8807 -0.4643
vn -0.0423 0.8796 -0.4739
vn 0.0105 0.8760 -0.4822
vn 0.0639 0.8699 -0.4891
vn 0.1174 0.8612 -0.4945
vn 0.1704 0.8500 -0.4985
vn 0.2227 0.8364 -0.5008
vn 0.2736 0.8207 -0.5016
vn 0.3229 0.8029 -0.5011
vn 0.3702 0.7834 -0.4993
vn 0.4151 0.7625 -0.4963
vn -0.6255 -0.7096 -0.3243
vn -0.6592 -0.6629 -0.3550
vn -0.6954 -0.6042 -0.3892
vn -0.7323 -0.5309 -0.4264
vn -0.7683 -0.4388 -0.4660
vn -0.7992 -0.3257 -0.5051
vn -0.8196 -0.1906 -0.5403
vn -0.8231 -0.0381 -0.5666
vn -0.8054 0.1236 -0.5797
vn -0.7661 0.2825 -0.5774
vn -0.7098 0.4259 -0.5610
vn -0.6440 0.5475 -0.5343
vn -0.5755 0.6454 -0.5022
vn -0.5096 0.7216 -0.4686
vn -0.4488 0.7803 -0.4355
vn -0.3946 0.8250 -0.4047
vn -0.4888 -0.7360 0.4683
vn -0.5078 -0.7489 0.4257
vn -0.5261 -0.7606 0.3804
vn -0.5437 -0.7705 0.3328
vn -0.5601 -0.7784 0.2833
vn -0.5752 -0.7844 0.2319
vn -0.5888 -0.7882 0.1791
vn -0.6007 -0.7896 0.1254
vn -0.6107 -0.7887 0.0713
vn -0.6188 -0.7853 0.0173
vn -0.6250 -0.7798 -0.0363
vn -0.6292 -0.7722 -0.0888
vn -0.6316 -0.7626 -0.1399
vn -0.6323 -0.7512 -0.1892
vn -0.6313 -0.7385 -0.2366
vn -0.6290 -0.7246 -0.2815
vn -0.5136 -0.6921 0.5071
vn -0.5357 -0.7067 0.4621
vn -0.5572 -0.7199 0.4138
vn -0.5779 -0.7312 0.3625
vn -0.5969 -0.7406 0.3086
vn -0.6145 -0.7475 0.2522
vn -0.6302 -0.7517 0.1942
vn -0.6435 -0.7535 0.1348
vn -0.6544 -0.7524 0.0748
vn -0.6629 -0.7486 0.0151
vn -0.6688 -0.7422 -0.0441
vn -0.6722 -0.7333 -0.1017
vn -0.6734 -0.7223 -0.1576
vn -0.6725 -0.7094 -0.2110
vn -0.6695 -0.6951 -0.2619
vn -0.6651 -0.6794 -0.3099
vn -0.5405 -0.6361 0.5507
vn -0.5666 -0.6523 0.5035
vn -0.5921 -0.6671 0.4522
vn -0.6165 -0.6800 0.3969
vn -0.6392 -0.6907 0.3382
vn -0.6601 -0.6986 0.2761
vn -0.6781 -0.7037 0.2119
vn -0.6935 -0.7055 0.1458
vn -0.7057 -0.7041 0.0790
vn -0.7144 -0.6997 0.0123
vn -0.7195 -0.6924 -0.0533
vn -0.7218 -0.6821 -0.1170
vn -0.7210 -0.6696 -0.1782
vn -0.7176 -0.6552 -0.2362
vn -0.7119 -0.6392 -0.2909
vn -0.7043 -0.6221 -0.3420
vn -0.5686 -0.5640 0.5988
vn -0.5996 -0.5815 0.5499
vn -0.6303 -0.5975 0.4956
vn -0.6598 -0.6117 0.4365
vn -0.6874 -0.6235 0.3725
vn -0.7122 -0.6326 0.3041
vn -0.7338 -0.6384 0.2325
vn -0.7514 -0.6405 0.1585
vn -0.7646 -0.6391 0.0836
vn -0.7732 -0.6341 0.0089
vn -0.7773 -0.6259 -0.0643
vn -0.7774 -0.6144 -0.1350
vn -0.7736 -0.6005 -0.2021
vn -0.7667 -0.5848 -0.2650
vn -0.7571 -0.5675 -0.3235
vn -0.7454 -0.5495 -0.3774
vn -0.5958 -0.4718 0.6499
vn -0.6329 -0.4895 0.5999
vn -0.6700 -0.5059 0.5433
vn -0.7057 -0.5209 0.4803
vn -0.7393 -0.5335 0.4108
vn -0.7697 -0.5429 0.3358
vn -0.7955 -0.5492 0.2560
vn -0.8160 -0.5516 0.1729
vn -0.8306 -0.5499 0.0884
vn -0.8389 -0.5443 0.0045
vn -0.8411 -0.5353 -0.0775
vn -0.8378 -0.5233 -0.1559
vn -0.8299 -0.5087 -0.2292
vn -0.8180 -0.4926 -0.2971
vn -0.8032 -0.4753 -0.3591
vn -0.7864 -0.4571 -0.4154
vn -0.6192 -0.3548 0.7005
vn -0.6630 -0.3705 0.6505
vn -0.7073 -0.3856 0.5925
vn -0.7506 -0.3993 0.5264
vn -0.7917 -0.4112 0.4518
vn -0.8285 -0.4206 0.3697
vn -0.8596 -0.4266 0.2812
vn -0.8835 -0.4290 0.1880
vn -0.8992 -0.4275 0.0930
vn -0.9066 -0.4220 -0.0013
vn -0.9060 -0.4131 -0.0925
vn -0.8981 -0.4017 -0.1789
vn -0.8846 -0.3882 -0.2585
vn -0.8667 -0.3731 -0.3309
vn -0.8458 -0.3573 -0.3961
vn -0.8230 -0.3413 -0.4540
vn -0.6331 -0.2116 0.7446
vn -0.6834 -0.2222 0.6954
vn -0.7349 -0.2326 0.6371
vn -0.7860 -0.2424 0.5688
vn -0.8347 -0.2511 0.4901
vn -0.8788 -0.2579 0.4016
vn -0.9156 -0.2625 0.3047
vn -0.9432 -0.2641 0.2017
vn -0.9601 -0.2627 0.0962
vn -0.9660 -0.2586 -0.0085
vn -0.9616 -0.2520 -0.1086
vn -0.9486 -0.2435 -0.2023
vn -0.9288 -0.2338 -0.2874
vn -0.9044 -0.2233 -0.3635
vn -0.8772 -0.2123 -0.4307
vn -0.8485 -0.2013 -0.4895
vn -0.6317 -0.0447 0.7739
vn -0.6863 -0.0470 0.7258
vn -0.7428 -0.0494 0.6677
vn -0.7996 -0.0516 0.5983
vn -0.8544 -0.0535 0.5169
vn -0.9041 -0.0549 0.4238
vn -0.9456 -0.0557 0.3206
vn -0.9762 -0.0557 0.2097
vn -0.9938 -0.0552 0.0961
vn -0.9984 -0.0543 -0.0164
vn -0.9909 -0.0526 -0.1235
vn -0.9736 -0.0504 -0.2225
vn -0.9491 -0.0480 -0.3113
vn -0.9199 -0.0454 -0.3896
vn -0.8882 -0.0435 -0.4575
vn -0.8553 -0.0405 -0.5165
vn -0.6101 0.1343 0.7808
vn -0.6652 0.1423 0.7330
vn -0.7224 0.1504 0.6749
vn -0.7804 0.1585 0.6049
vn -0.8364 0.1657 0.5224
vn -0.8875 0.1720 0.4275
vn -0.9304 0.1760 0.3216
vn -0.9619 0.1778 0.2079
vn -0.9800 0.1770 0.0910
vn -0.9844 0.1741 -0.0245
vn -0.9764 0.1690 -0.1341
vn -0.9584 0.1625 -0.2348
vn -0.9331 0.1549 -0.3247
vn -0.9031 0.1469 -0.4036
vn -0.8708 0.1390 -0.4716
vn -0.8377 0.1312 -0.5301
vn -0.5688 0.3087 0.7623
vn -0.6198 0.3268 0.7134
vn -0.6726 0.3449 0.6547
vn -0.7261 0.3618 0.5846
vn -0.7779 0.3771 0.5027
vn -0.8251 0.3897 0.4090
vn -0.8650 0.3981 0.3054
vn -0.8949 0.4015 0.1947
vn -0.9131 0.3996 0.0810
vn -0.9190 0.3930 -0.0314
vn -0.9137 0.3821 -0.1380
vn -0.8993 0.3679 -0.2365
vn -0.8781 0.3515 -0.3245
vn -0.8524 0.3339 -0.4023
vn -0.8242 0.3163 -0.4697
vn -0.7950 0.2990 -0.5277
vn -0.5130 0.4638 0.7223
vn -0.5573 0.4878 0.6720
vn -0.6026 0.5115 0.6125
vn -0.6478 0.5341 0.5431
vn -0.6916 0.5541 0.4634
vn -0.7317 0.5698 0.3742
vn -0.7659 0.5803 0.2767
vn -0.7923 0.5849 0.1735
vn -0.8097 0.5828 0.0681
vn -0.8180 0.5741 -0.0361
vn -0.8174 0.5599 -0.1358
vn -0.8093 0.5412 -0.2284
vn -0.7950 0.5199 -0.3126
vn -0.7765 0.4969 -0.3876
vn -0.7554 0.4728 -0.4537
vn -0.7329 0.4490 -0.5111
vn -0.4510 0.5905 0.6693
vn -0.4873 0.6172 0.6177
vn -0.5244 0.6427 0.5585
vn -0.5612 0.6662 0.4911
vn -0.5965 0.6867 0.4155
vn -0.6288 0.7029 0.3325
vn -0.6570 0.7135 0.2432
vn -0.6797 0.7180 0.1500
vn -0.6962 0.7158 0.0551
vn -0.7060 0.7071 -0.0389
vn -0.7094 0.6928 -0.1295
vn -0.7070 0.6739 -0.2146
vn -0.6999 0.6513 -0.2933
vn -0.6890 0.6265 -0.3644
vn -0.6755 0.6004 -0.4281
vn -0.6603 0.5738 -0.4846
vn -0.3893 0.6889 0.6114
vn -0.4188 0.7148 0.5600
vn -0.4486 0.7392 0.5023
vn -0.4779 0.7615 0.4379
vn -0.5060 0.7804 0.3674
vn -0.5318 0.7952 0.2914
vn -0.5548 0.8048 0.2109
vn -0.5742 0.8087 0.1277
vn -0.5893 0.8067 0.0434
vn -0.6000 0.7990 -0.0403
vn -0.6062 0.7860 -0.1216
vn -0.6081 0.7686 -0.1987
vn -0.6065 0.7474 -0.2711
vn -0.6018 0.7237 -0.3378
vn -0.5946 0.6984 -0.3984
vn -0.5857 0.6720 -0.4531
vn -0.3326 0.7625 0.5550
vn -0.3562 0.7865 0.5045
vn -0.3800 0.8087 0.4491
vn -0.4035 0.8284 0.3886
vn -0.4260 0.8449 0.3236
vn -0.4471 0.8575 0.2546
vn -0.4663 0.8656 0.1826
vn -0.4831 0.8689 0.1084
vn -0.4967 0.8673 0.0335
vn -0.5074 0.8607 -0.0408
vn -0.5152 0.8495 -0.1135
vn -0.5199 0.8344 -0.1832
vn -0.5217 0.8159 -0.2493
vn -0.5212 0.7947 -0.3110
vn -0.5190 0.7714 -0.3682
vn -0.5152 0.7468 -0.4206
vn -0.2819 0.8173 0.5026
vn -0.3014 0.8385 0.4540
vn -0.3207 0.8578 0.4017
vn -0.3399 0.8748 0.3453
vn -0.3584 0.8888 0.2857
vn -0.3759 0.8994 0.2233
vn -0.3921 0.9062 0.1584
vn -0.4064 0.9090 0.0921
vn -0.4189 0.9077 0.0254
vn -0.4293 0.9023 -0.0409
vn -0.4375 0.8929 -0.1060
vn -0.4438 0.8801 -0.1690
vn -0.4482 0.8640 -0.2293
vn -0.4506 0.8456 -0.2863
vn -0.4513 0.8252 -0.3397
vn -0.4506 0.8034 -0.3893
vn -0.2377 0.8578 0.4557
vn -0.2542 0.8762 0.4096
vn -0.2703 0.8928 0.3604
vn -0.2863 0.9072 0.3082
vn -0.3018 0.9190 0.2535
vn -0.3164 0.9280 0.1967
vn -0.3301 0.9338 0.1381
vn -0.3428 0.9361 0.0786
vn -0.3542 0.9350 0.0187
vn -0.3643 0.9304 -0.0407
vn -0.3728 0.9226 -0.0994
vn -0.3797 0.9118 -0.1564
vn -0.3851 0.8983 -0.2115
vn -0.3892 0.8825 -0.2640
vn -0.3923 0.8646 -0.3139
vn -0.3939 0.8454 -0.3608
vn -0.2000 0.8878 0.4146
vn -0.2137 0.9038 0.3708
vn -0.2275 0.9180 0.3249
vn -0.2408 0.9304 0.2764
vn -0.2541 0.9404 0.2262
vn -0.2670 0.9478 0.1742
vn -0.2791 0.9526 0.1213
vn -0.2904 0.9545 0.0674
vn -0.3008 0.9536 0.0133
vn -0.3101 0.9499 -0.0404
vn -0.3184 0.9433 -0.0937
vn -0.3255 0.9343 -0.1456
vn -0.3316 0.9228 -0.1961
vn -0.3368 0.9093 -0.2445
vn -0.3407 0.8940 -0.2908
vn -0.3439 0.8772 -0.3349
vn -0.4577 -0.7406 0.4919
vn -0.4793 -0.6971 0.5331
vn -0.4795 -0.6974 0.5327
vn -0.5027 -0.6418 0.5791
vn -0.5270 -0.5703 0.6301
vn -0.5504 -0.4785 0.6842
vn -0.5695 -0.3624 0.7378
vn -0.5799 -0.2195 0.7846
vn -0.5757 -0.0531 0.8159
vn -0.5534 0.1254 0.8234
vn -0.5130 0.3001 0.8042
vn -0.4601 0.4552 0.7623
vn -0.4014 0.5828 0.7066
vn -0.3440 0.6817 0.6457
vn -0.2912 0.7561 0.5861
vn -0.2443 0.8114 0.5310
vn -0.2037 0.8525 0.4815
vn 0.3262 -0.8546 0.4040
vn 0.2839 -0.8634 0.4170
vn 0.2395 -0.8706 0.4297
vn 0.1929 -0.8761 0.4420
vn 0.1443 -0.8795 0.4535
vn 0.0939 -0.8808 0.4641
vn 0.0422 -0.8797 0.4737
vn -0.0106 -0.8761 0.4820
vn -0.0640 -0.8700 0.4889
vn -0.1174 -0.8613 0.4943
vn -0.1705 -0.8501 0.4982
vn -0.2227 -0.8366 0.5006
vn -0.2736 -0.8208 0.5015
vn -0.3229 -0.8030 0.5009
vn -0.3701 -0.7835 0.4991
vn -0.4150 -0.7626 0.4962
vn 0.3723 -0.8201 0.4345
vn 0.3283 -0.8304 0.4501
vn 0.2812 -0.8392 0.4654
vn 0.2313 -0.8461 0.4802
vn 0.1790 -0.8507 0.4943
vn 0.1242 -0.8528 0.5072
vn 0.0676 -0.8523 0.5187
vn 0.0096 -0.8487 0.5287
vn -0.0494 -0.8422 0.5369
vn -0.1084 -0.8326 0.5431
vn -0.1671 -0.8202 0.5472
vn -0.2248 -0.8050 0.5491
vn -0.2807 -0.7871 0.5492
vn -0.3345 -0.7671 0.5475
vn -0.3858 -0.7452 0.5440
vn -0.4341 -0.7217 0.5392
vn 0.4245 -0.7752 0.4678
vn 0.3789 -0.7870 0.4869
vn 0.3297 -0.7972 0.5058
vn 0.2766 -0.8056 0.5240
vn 0.2202 -0.8115 0.5413
vn 0.1607 -0.8146 0.5573
vn 0.0985 -0.8145 0.5718
vn 0.0344 -0.8110 0.5841
vn -0.0311 -0.8041 0.5937
vn -0.0969 -0.7935 0.6008
vn -0.1622 -0.7795 0.6050
vn -0.2262 -0.7623 0.6064
vn -0.2881 -0.7422 0.6051
vn -0.3471 -0.7195 0.6015
vn -0.4027 -0.6948 0.5959
vn -0.4547 -0.6688 0.5882
vn 0.4833 -0.7160 0.5038
vn 0.4364 -0.7292 0.5271
vn 0.3852 -0.7409 0.5502
vn 0.3293 -0.7505 0.5731
vn 0.2689 -0.7575 0.5949
vn 0.2044 -0.7615 0.6151
vn 0.1360 -0.7620 0.6331
vn 0.0649 -0.7586 0.6483
vn -0.0081 -0.7510 0.6602
vn -0.0819 -0.7393 0.6683
vn -0.1551 -0.7235 0.6727
vn -0.2265 -0.7039 0.6732
vn -0.2951 -0.6812 0.6700
vn -0.2950 -0.6815 0.6697
vn -0.3600 -0.6558 0.6635
vn -0.4204 -0.6285 0.6544
vn -0.4761 -0.5999 0.6430
vn 0.5467 -0.6395 0.5405
vn 0.5000 -0.6529 0.5690
vn 0.4477 -0.6649 0.5978
vn 0.3897 -0.6751 0.6264
vn 0.3256 -0.6829 0.6539
vn 0.2561 -0.6874 0.6797
vn 0.1814 -0.6880 0.7027
vn 0.1025 -0.6843 0.7220
vn 0.0209 -0.6758 0.7368
vn -0.0619 -0.6627 0.7464
vn -0.1443 -0.6449 0.7505
vn -0.2243 -0.6231 0.7493
vn -0.3005 -0.5978 0.7432
vn -0.3718 -0.5698 0.7328
vn -0.4375 -0.5400 0.7190
vn -0.4969 -0.5093 0.7027
vn 0.6130 -0.5410 0.5758
vn 0.5675 -0.5531 0.6100
vn 0.5153 -0.5640 0.6452
vn 0.4563 -0.5733 0.6805
vn 0.3896 -0.5802 0.7152
vn 0.3157 -0.5839 0.7479
vn 0.2347 -0.5837 0.7773
vn 0.1481 -0.5788 0.8019
vn 0.0571 -0.5690 0.8204
vn -0.0357 -0.5542 0.8316
vn -0.1282 -0.5345 0.8354
vn -0.2176 -0.5107 0.8318
vn -0.3021 -0.4834 0.8216
vn -0.3801 -0.4540 0.8059
vn -0.4509 -0.4236 0.7857
vn -0.5139 -0.3929 0.7626
vn 0.6769 -0.4193 0.6050
vn 0.6337 -0.4272 0.6449
vn 0.5832 -0.4342 0.6866
vn 0.5246 -0.4397 0.7290
vn 0.4569 -0.4431 0.7713
vn 0.3800 -0.4437 0.8116
vn 0.2940 -0.4405 0.8483
vn 0.2002 -0.4331 0.8788
vn 0.1006 -0.4209 0.9015
vn -0.0022 -0.4040 0.9147
vn -0.1046 -0.3828 0.9179
vn -0.2035 -0.3581 0.9112
vn -0.2962 -0.3312 0.8959
vn -0.3807 -0.3029 0.8737
vn -0.4561 -0.2742 0.8466
vn -0.5224 -0.2462 0.8164
vn 0.7320 -0.2752 0.6233
vn 0.6915 -0.2763 0.6675
vn 0.6433 -0.2764 0.7140
vn 0.5863 -0.2747 0.7621
vn 0.5192 -0.2711 0.8105
vn 0.4414 -0.2649 0.8573
vn 0.3528 -0.2558 0.9001
vn 0.2543 -0.2432 0.9360
vn 0.1484 -0.2273 0.9625
vn 0.0380 -0.2084 0.9773
vn -0.0725 -0.1869 0.9797
vn -0.1790 -0.1638 0.9701
vn -0.2783 -0.1401 0.9502
vn -0.3683 -0.1165 0.9224
vn -0.4476 -0.0939 0.8893
vn -0.5166 -0.0726 0.8531
vn 0.7707 -0.1167 0.6264
vn 0.7327 -0.1084 0.6719
vn 0.6868 -0.0985 0.7201
vn 0.6318 -0.0871 0.7702
vn 0.5664 -0.0739 0.8208
vn 0.4894 -0.0586 0.8701
vn 0.4009 -0.0413 0.9152
vn 0.3015 -0.0225 0.9532
vn 0.1935 -0.0023 0.9811
vn 0.0805 0.0184 0.9966
vn -0.0333 0.0386 0.9987
vn -0.1435 0.0578 0.9880
vn -0.2461 0.0755 0.9663
vn -0.3391 0.0911 0.9363
vn -0.4211 0.1045 0.9010
vn -0.4924 0.1157 0.8627
vn 0.7890 0.0451 0.6127
vn 0.7519 0.0626 0.6563
vn 0.7070 0.0825 0.7024
vn 0.7070 0.0825 0.7023
vn 0.6537 0.1032 0.7497
vn 0.5901 0.1262 0.7974
vn 0.5154 0.1504 0.8436
vn 0.4295 0.1751 0.8859
vn 0.3332 0.1998 0.9214
vn 0.2285 0.2232 0.9476
vn 0.1187 0.2443 0.9624
vn 0.0076 0.2625 0.9649
vn -0.1006 0.2769 0.9556
vn -0.2023 0.2875 0.9362
vn -0.2951 0.2945 0.9089
vn -0.3778 0.2986 0.8764
vn -0.4502 0.3005 0.8408
vn 0.7870 0.1974 0.5846
vn 0.7495 0.2222 0.6236
vn 0.7051 0.2494 0.6639
vn 0.6523 0.2776 0.7053
vn 0.5905 0.3067 0.7465
vn 0.5189 0.3362 0.7860
vn 0.4376 0.3651 0.8217
vn 0.3472 0.3923 0.8518
vn 0.2498 0.4166 0.8741
vn 0.1476 0.4371 0.8872
vn 0.0442 0.4530 0.8904
vn -0.0572 0.4637 0.8842
vn -0.1537 0.4694 0.8695
vn -0.2430 0.4706 0.8482
vn -0.3241 0.4682 0.8220
vn -0.3963 0.4628 0.7929
vn 0.7685 0.3323 0.5467
vn 0.7303 0.3614 0.5796
vn 0.6857 0.3916 0.6135
vn 0.6337 0.4230 0.6477
vn 0.5741 0.4546 0.6810
vn 0.5062 0.4857 0.7127
vn 0.4306 0.5152 0.7411
vn 0.3477 0.5422 0.7649
vn 0.2592 0.5657 0.7828
vn 0.1669 0.5845 0.7940
vn 0.0735 0.5981 0.7981
vn -0.0188 0.6063 0.7950
vn -0.1077 0.6093 0.7856
vn -0.1912 0.6077 0.7708
vn -0.2684 0.6022 0.7519
vn -0.3385 0.5936 0.7301
vn 0.7400 0.4447 0.5047
vn 0.7011 0.4751 0.5317
vn 0.6565 0.5063 0.5591
vn 0.6058 0.5378 0.5863
vn 0.5487 0.5689 0.6125
vn 0.4852 0.5987 0.6373
vn 0.4156 0.6265 0.6594
vn 0.3404 0.6515 0.6779
vn 0.2611 0.6728 0.6922
vn 0.1788 0.6896 0.7018
vn 0.0954 0.7016 0.7062
vn 0.0127 0.7087 0.7054
vn -0.0676 0.7110 0.7000
vn -0.1443 0.7088 0.6905
vn -0.2162 0.7026 0.6779
vn -0.2830 0.6933 0.6628
vn 0.7064 0.5361 0.4623
vn 0.6670 0.5664 0.4840
vn 0.6234 0.5961 0.5060
vn 0.5744 0.6258 0.5276
vn 0.5205 0.6547 0.5482
vn 0.4615 0.6821 0.5673
vn 0.3977 0.7073 0.5844
vn 0.3299 0.7295 0.5991
vn 0.2589 0.7484 0.6107
vn 0.1857 0.7634 0.6186
vn 0.1116 0.7741 0.6231
vn 0.0377 0.7805 0.6240
vn -0.0345 0.7826 0.6216
vn -0.1043 0.7807 0.6161
vn -0.1706 0.7754 0.6080
vn -0.2329 0.7671 0.5978
vn 0.6714 0.6093 0.4219
vn 0.6327 0.6374 0.4397
vn 0.5901 0.6654 0.4572
vn 0.5434 0.6927 0.4743
vn 0.4927 0.7187 0.4907
vn 0.4380 0.7432 0.5058
vn 0.3799 0.7655 0.5193
vn 0.3186 0.7851 0.5311
vn 0.2549 0.8018 0.5405
vn 0.1895 0.8151 0.5475
vn 0.1234 0.8248 0.5518
vn 0.0573 0.8309 0.5535
vn -0.0077 0.8332 0.5529
vn -0.0709 0.8321 0.5501
vn -0.1318 0.8278 0.5453
vn -0.1895 0.8207 0.5390
vn 0.6374 0.6675 0.3849
vn 0.5996 0.6934 0.3995
vn 0.5587 0.7188 0.4138
vn 0.5145 0.7433 0.4275
vn 0.4670 0.7667 0.4406
vn 0.4165 0.7883 0.4528
vn 0.3633 0.8080 0.4638
vn 0.3077 0.8254 0.4733
vn 0.2502 0.8401 0.4812
vn 0.1915 0.8520 0.4873
vn 0.1321 0.8608 0.4915
vn 0.0727 0.8665 0.4939
vn 0.0141 0.8691 0.4944
vn -0.0434 0.8688 0.4933
vn -0.0991 0.8656 0.4908
vn -0.1526 0.8601 0.4868
vn 0.6055 0.7138 0.3519
vn 0.5690 0.7375 0.3638
vn 0.5299 0.7604 0.3756
vn 0.4881 0.7824 0.3867
vn 0.4438 0.8031 0.3975
vn 0.3972 0.8223 0.4076
vn 0.3483 0.8397 0.4166
vn 0.2977 0.8550 0.4246
vn 0.2455 0.8681 0.4313
vn 0.1924 0.8788 0.4366
vn 0.1388 0.8870 0.4405
vn 0.0851 0.8924 0.4431
vn 0.0319 0.8952 0.4446
vn -0.0206 0.8955 0.4445
vn -0.0716 0.8935 0.4434
vn -0.1211 0.8892 0.4412
vn -0.0936 -0.1042 0.9901
vn -0.9660 0.2223 -0.1319
vn 0.0894 0.9632 -0.2534
vn 0.0746 -0.9926 -0.0956
vn -0.0244 0.5003 0.8655
vn -0.3343 -0.1198 0.9348
vn -0.3510 0.9281 -0.1245
vn -0.6039 -0.7573 -0.2488
vn 0.1844 -0.8488 -0.4955
vn 0.3609 0.8876 -0.2862
vn 0.3763 -0.9141 0.1510
vn 0.3332 0.8944 -0.2984
vn 0.1942 -0.8197 -0.5389
vn 0.2331 -0.7731 -0.5899
vn 0.2793 -0.7085 -0.6481
vn 0.3335 -0.6180 -0.7119
vn 0.3938 -0.4922 -0.7763
vn 0.4538 -0.3256 -0.8295
vn 0.5037 -0.1211 -0.8554
vn 0.5316 0.0997 -0.8411
vn 0.5337 0.3065 -0.7882
vn 0.5156 0.4769 -0.7119
vn 0.4869 0.6058 -0.6293
vn 0.4552 0.6989 -0.5517
vn 0.4246 0.7656 -0.4834
vn 0.3971 0.8136 -0.4247
vn 0.3729 0.8486 -0.3753
vn 0.3517 0.8746 -0.3337
vn -0.5928 -0.7565 -0.2763
vn -0.5607 -0.7735 -0.2955
vn -0.5259 -0.7900 -0.3150
vn -0.4882 -0.8056 -0.3357
vn -0.4478 -0.8201 -0.3563
vn -0.4041 -0.8333 -0.3772
vn -0.3575 -0.8450 -0.3977
vn -0.3081 -0.8547 -0.4179
vn -0.2560 -0.8621 -0.4374
vn -0.2018 -0.8670 -0.4557
vn -0.1459 -0.8690 -0.4728
vn -0.0886 -0.8682 -0.4883
vn -0.0308 -0.8643 -0.5020
vn 0.0268 -0.8573 -0.5140
vn 0.0841 -0.8475 -0.5241
vn 0.1399 -0.8348 -0.5324
vn -0.6356 -0.7136 -0.2945
vn -0.6027 -0.7324 -0.3168
vn -0.5668 -0.7504 -0.3401
vn -0.5270 -0.7680 -0.3639
vn -0.4834 -0.7846 -0.3883
vn -0.4362 -0.7996 -0.4129
vn -0.3850 -0.8127 -0.4373
vn -0.3302 -0.8236 -0.4612
vn -0.2718 -0.8318 -0.4840
vn -0.2106 -0.8369 -0.5052
vn -0.1472 -0.8385 -0.5246
vn -0.0823 -0.8365 -0.5417
vn -0.0169 -0.8307 -0.5565
vn 0.0481 -0.8210 -0.5689
vn 0.1119 -0.8079 -0.5786
vn 0.1738 -0.7919 -0.5854
vn -0.6838 -0.6582 -0.3150
vn -0.6508 -0.6782 -0.3413
vn -0.6137 -0.6982 -0.3686
vn -0.5723 -0.7175 -0.3971
vn -0.5260 -0.7358 -0.4265
vn -0.4747 -0.7528 -0.4561
vn -0.4183 -0.7675 -0.4858
vn -0.3570 -0.7796 -0.5146
vn -0.2909 -0.7885 -0.5420
vn -0.2210 -0.7935 -0.5671
vn -0.1482 -0.7942 -0.5893
vn -0.0737 -0.7903 -0.6083
vn 0.0010 -0.7818 -0.6235
vn 0.0749 -0.7690 -0.6349
vn 0.1464 -0.7520 -0.6427
vn 0.2150 -0.7316 -0.6470
vn -0.7371 -0.5855 -0.3375
vn -0.7046 -0.6063 -0.3686
vn -0.6674 -0.6272 -0.4014
vn -0.6247 -0.6479 -0.4358
vn -0.5758 -0.6679 -0.4716
vn -0.5204 -0.6862 -0.5083
vn -0.4582 -0.7023 -0.5449
vn -0.3891 -0.7154 -0.5804
vn -0.3136 -0.7245 -0.6139
vn -0.2328 -0.7288 -0.6439
vn -0.1482 -0.7278 -0.6695
vn -0.0617 -0.7213 -0.6899
vn 0.0245 -0.7092 -0.7046
vn 0.1088 -0.6920 -0.7137
vn 0.1891 -0.6703 -0.7176
vn 0.2643 -0.6454 -0.7167
vn -0.7933 -0.4903 -0.3610
vn -0.7626 -0.5100 -0.3980
vn -0.7262 -0.5305 -0.4373
vn -0.6832 -0.5508 -0.4794
vn -0.6325 -0.5705 -0.5238
vn -0.5731 -0.5891 -0.5696
vn -0.5046 -0.6054 -0.6156
vn -0.4265 -0.6182 -0.6603
vn -0.3394 -0.6264 -0.7017
vn -0.2450 -0.6290 -0.7377
vn -0.1457 -0.6254 -0.7666
vn -0.0444 -0.6151 -0.7872
vn 0.0554 -0.5986 -0.7991
vn 0.1512 -0.5767 -0.8029
vn 0.2401 -0.5507 -0.7994
vn 0.3212 -0.5221 -0.7901
vn -0.8476 -0.3668 -0.3834
vn -0.8196 -0.3825 -0.4266
vn -0.7852 -0.3989 -0.4736
vn -0.7430 -0.4157 -0.5246
vn -0.6912 -0.4321 -0.5792
vn -0.6285 -0.4473 -0.6363
vn -0.5534 -0.4602 -0.6942
vn -0.4653 -0.4696 -0.7503
vn -0.3649 -0.4744 -0.8012
vn -0.2543 -0.4733 -0.8434
vn -0.1375 -0.4656 -0.8742
vn -0.0196 -0.4513 -0.8921
vn 0.0944 -0.4313 -0.8972
vn 0.2009 -0.4073 -0.8909
vn 0.2967 -0.3805 -0.8759
vn 0.3810 -0.3528 -0.8546
vn -0.8914 -0.2122 -0.4004
vn -0.8659 -0.2198 -0.4494
vn -0.8336 -0.2271 -0.5035
vn -0.7924 -0.2343 -0.5632
vn -0.7400 -0.2409 -0.6279
vn -0.6741 -0.2465 -0.6963
vn -0.5925 -0.2500 -0.7658
vn -0.4940 -0.2509 -0.8325
vn -0.3796 -0.2479 -0.8913
vn -0.2525 -0.2406 -0.9372
vn -0.1190 -0.2291 -0.9661
vn 0.0136 -0.2139 -0.9768
vn 0.1385 -0.1961 -0.9708
vn 0.2515 -0.1767 -0.9516
vn 0.3495 -0.1575 -0.9236
vn 0.4333 -0.1389 -0.8905
vn -0.9129 -0.0304 -0.4071
vn -0.8880 -0.0248 -0.4592
vn -0.8554 -0.0176 -0.5176
vn -0.8132 -0.0102 -0.5819
vn -0.7583 -0.0009 -0.6519
vn -0.6879 0.0098 -0.7258
vn -0.5994 0.0220 -0.8002
vn -0.4918 0.0350 -0.8700
vn -0.3667 0.0481 -0.9291
vn -0.2291 0.0604 -0.9715
vn -0.0869 0.0712 -0.9937
vn 0.0512 0.0802 -0.9955
vn 0.1783 0.0874 -0.9801
vn 0.2901 0.0924 -0.9525
vn 0.3854 0.0960 -0.9177
vn 0.4655 0.0985 -0.8795
vn -0.9020 0.1644 -0.3991
vn -0.8737 0.1845 -0.4500
vn -0.8370 0.2065 -0.5068
vn -0.7895 0.2304 -0.5689
vn -0.7287 0.2562 -0.6352
vn -0.6518 0.2827 -0.7037
vn -0.5575 0.3083 -0.7708
vn -0.4456 0.3314 -0.8316
vn -0.3190 0.3498 -0.8809
vn -0.1834 0.3618 -0.9140
vn -0.0464 0.3667 -0.9292
vn 0.0842 0.3649 -0.9272
vn 0.2032 0.3577 -0.9115
vn 0.3073 0.3469 -0.8861
vn 0.3965 0.3341 -0.8551
vn 0.4712 0.3203 -0.8218
vn -0.8574 0.3516 -0.3758
vn -0.8223 0.3820 -0.4218
vn -0.7782 0.4148 -0.4716
vn -0.7233 0.4488 -0.5248
vn -0.6559 0.4830 -0.5802
vn -0.5744 0.5160 -0.6354
vn -0.4789 0.5456 -0.6877
vn -0.3705 0.5694 -0.7338
vn -0.2525 0.5856 -0.7702
vn -0.1299 0.5930 -0.7946
vn -0.0086 0.5913 -0.8064
vn 0.1067 0.5815 -0.8066
vn 0.2120 0.5655 -0.7971
vn 0.3055 0.5455 -0.7805
vn 0.3867 0.5232 -0.7594
vn 0.4562 0.4999 -0.7362
vn -0.7878 0.5122 -0.3420
vn -0.7457 0.5469 -0.3806
vn -0.6948 0.5828 -0.4215
vn -0.6346 0.6183 -0.4637
vn -0.5638 0.6524 -0.5065
vn -0.4826 0.6832 -0.5480
vn -0.3918 0.7089 -0.5865
vn -0.2927 0.7280 -0.6199
vn -0.1887 0.7391 -0.6466
vn -0.0829 0.7416 -0.6657
vn 0.0208 0.7360 -0.6766
vn 0.1195 0.7234 -0.6800
vn 0.2107 0.7050 -0.6771
vn 0.2932 0.6826 -0.6694
vn 0.3664 0.6576 -0.6582
vn 0.4307 0.6317 -0.6445
vn -0.7068 0.6390 -0.3035
vn -0.6595 0.6731 -0.3347
vn -0.6051 0.7064 -0.3672
vn -0.5433 0.7382 -0.4000
vn -0.4736 0.7672 -0.4326
vn -0.3969 0.7922 -0.4636
vn -0.3139 0.8119 -0.4922
vn -0.2265 0.8253 -0.5173
vn -0.1366 0.8318 -0.5380
vn -0.0462 0.8314 -0.5537
vn 0.0420 0.8245 -0.5643
vn 0.1263 0.8117 -0.5702
vn 0.2051 0.7941 -0.5721
vn 0.2776 0.7730 -0.5704
vn 0.3435 0.7495 -0.5660
vn 0.4025 0.7245 -0.5595
vn -0.6254 0.7338 -0.2654
vn -0.5763 0.7638 -0.2908
vn -0.5213 0.7925 -0.3165
vn -0.4608 0.8189 -0.3421
vn -0.3950 0.8421 -0.3673
vn -0.3247 0.8611 -0.3913
vn -0.2503 0.8755 -0.4134
vn -0.1740 0.8843 -0.4333
vn -0.0961 0.8877 -0.4502
vn -0.0186 0.8858 -0.4638
vn 0.0571 0.8786 -0.4741
vn 0.1297 0.8669 -0.4814
vn 0.1984 0.8512 -0.4859
vn 0.2624 0.8325 -0.4880
vn 0.3215 0.8115 -0.4879
vn 0.3756 0.7889 -0.4863
vn -0.5504 0.8024 -0.2306
vn -0.5013 0.8280 -0.2513
vn -0.4480 0.8516 -0.2722
vn -0.3909 0.8726 -0.2928
vn -0.3301 0.8905 -0.3130
vn -0.2664 0.9048 -0.3323
vn -0.2003 0.9150 -0.3502
vn -0.1330 0.9209 -0.3664
vn -0.0651 0.9224 -0.3807
vn 0.0021 0.9196 -0.3929
vn 0.0679 0.9127 -0.4029
vn 0.1314 0.9023 -0.4107
vn 0.1918 0.8887 -0.4165
vn 0.2488 0.8725 -0.4206
vn 0.3020 0.8542 -0.4232
vn 0.3514 0.8344 -0.4246
vn -0.4835 0.8522 -0.1998
vn -0.4362 0.8733 -0.2170
vn -0.3858 0.8923 -0.2346
vn -0.3326 0.9089 -0.2515
vn -0.2769 0.9227 -0.2682
vn -0.2193 0.9334 -0.2842
vn -0.1604 0.9406 -0.2993
vn -0.1007 0.9443 -0.3132
vn -0.0410 0.9446 -0.3256
vn 0.0181 0.9415 -0.3366
vn 0.0760 0.9351 -0.3461
vn 0.1321 0.9258 -0.3541
vn 0.1858 0.9140 -0.3607
vn 0.2369 0.8999 -0.3661
vn 0.2852 0.8841 -0.3701
vn 0.3304 0.8669 -0.3732
vn -0.4260 0.8879 -0.1735
vn -0.3809 0.9052 -0.1882
vn -0.3336 0.9206 -0.2029
vn -0.2843 0.9338 -0.2174
vn -0.2334 0.9444 -0.2316
vn -0.1815 0.9522 -0.2456
vn -0.1286 0.9575 -0.2583
vn -0.0752 0.9598 -0.2706
vn -0.0221 0.9593 -0.2817
vn 0.0305 0.9560 -0.2917
vn 0.0821 0.9502 -0.3005
vn 0.1322 0.9420 -0.3084
vn 0.1804 0.9317 -0.3153
vn 0.2267 0.9195 -0.3211
vn 0.2708 0.9057 -0.3261
vn 0.3124 0.8907 -0.3303
vn -0.3763 0.9142 -0.1506
vn -0.3338 0.9283 -0.1637
vn -0.2897 0.9407 -0.1765
vn -0.2443 0.9511 -0.1891
vn -0.1977 0.9593 -0.2015
vn -0.1504 0.9653 -0.2134
vn -0.1025 0.9690 -0.2248
vn -0.0545 0.9703 -0.2356
vn -0.0068 0.9693 -0.2458
vn 0.0405 0.9661 -0.2550
vn 0.0868 0.9608 -0.2634
vn 0.1320 0.9535 -0.2710
vn 0.1759 0.9444 -0.2777
vn 0.2180 0.9338 -0.2837
vn 0.2583 0.9218 -0.2892
vn 0.2967 0.9085 -0.2941
vn 0.5928 0.7564 0.2764
vn 0.6355 0.7138 0.2945
vn 0.6839 0.6579 0.3153
vn 0.7371 0.5853 0.3379
vn 0.7933 0.4898 0.3615
vn 0.8476 0.3665 0.3837
vn 0.8913 0.2122 0.4007
vn 0.9128 0.0299 0.4074
vn 0.9020 -0.1645 0.3992
vn 0.8574 -0.3515 0.3759
vn 0.7878 -0.5123 0.3419
vn 0.7066 -0.6392 0.3034
vn 0.6255 -0.7336 0.2657
vn 0.5500 -0.8027 0.2305
vn 0.4837 -0.8521 0.2000
vn 0.4258 -0.8880 0.1734
vn -0.1940 0.8195 0.5392
vn -0.1399 0.8347 0.5326
vn -0.0839 0.8473 0.5244
vn -0.0269 0.8572 0.5143
vn 0.0309 0.8641 0.5023
vn 0.0887 0.8680 0.4886
vn 0.1459 0.8688 0.4731
vn 0.2019 0.8668 0.4560
vn 0.2561 0.8620 0.4375
vn 0.3081 0.8545 0.4182
vn 0.3577 0.8448 0.3979
vn 0.4042 0.8332 0.3774
vn 0.4480 0.8198 0.3567
vn 0.4885 0.8053 0.3358
vn 0.5260 0.7898 0.3156
vn 0.5608 0.7734 0.2956
vn -0.2330 0.7730 0.5900
vn -0.1737 0.7918 0.5856
vn -0.1119 0.8079 0.5786
vn -0.0481 0.8211 0.5688
vn 0.0170 0.8305 0.5568
vn 0.0824 0.8363 0.5421
vn 0.1473 0.8383 0.5249
vn 0.2107 0.8367 0.5056
vn 0.2719 0.8316 0.4843
vn 0.3302 0.8234 0.4614
vn 0.3852 0.8125 0.4376
vn 0.4364 0.7993 0.4132
vn 0.4836 0.7844 0.3884
vn 0.5270 0.7680 0.3639
vn 0.5667 0.7504 0.3402
vn 0.6028 0.7322 0.3170
vn -0.2796 0.7080 0.6485
vn -0.2149 0.7312 0.6475
vn -0.1465 0.7517 0.6430
vn -0.0749 0.7686 0.6353
vn -0.0008 0.7815 0.6238
vn 0.0738 0.7901 0.6085
vn 0.1483 0.7940 0.5896
vn 0.2211 0.7933 0.5673
vn 0.2909 0.7883 0.5422
vn 0.3569 0.7795 0.5148
vn 0.4183 0.7675 0.4858
vn 0.4747 0.7527 0.4562
vn 0.5260 0.7357 0.4267
vn 0.5723 0.7173 0.3973
vn 0.6138 0.6981 0.3687
vn 0.6508 0.6781 0.3415
vn -0.3335 0.6177 0.7122
vn -0.2643 0.6450 0.7170
vn -0.1890 0.6699 0.7180
vn -0.1088 0.6915 0.7142
vn -0.0245 0.7088 0.7050
vn 0.0617 0.7212 0.6900
vn 0.1483 0.7277 0.6696
vn 0.2329 0.7286 0.6441
vn 0.3137 0.7241 0.6142
vn 0.3892 0.7149 0.5809
vn 0.4583 0.7019 0.5452
vn 0.5206 0.6859 0.5085
vn 0.5759 0.6676 0.4719
vn 0.6247 0.6477 0.4361
vn 0.6676 0.6269 0.4016
vn 0.7048 0.6059 0.3690
vn -0.3936 0.4923 0.7763
vn -0.3211 0.5219 0.7903
vn -0.2400 0.5504 0.7997
vn -0.1511 0.5764 0.8030
vn -0.0554 0.5982 0.7994
vn 0.0444 0.6146 0.7876
vn 0.1458 0.6249 0.7670
vn 0.2451 0.6286 0.7381
vn 0.3395 0.6260 0.7020
vn 0.4265 0.6178 0.6606
vn 0.5046 0.6050 0.6159
vn 0.5732 0.5888 0.5698
vn 0.6326 0.5702 0.5241
vn 0.6833 0.5504 0.4798
vn 0.7262 0.5304 0.4374
vn 0.7626 0.5100 0.3980
vn -0.4538 0.3251 0.8297
vn -0.3808 0.3525 0.8548
vn -0.2965 0.3802 0.8761
vn -0.2008 0.4069 0.8911
vn -0.0944 0.4310 0.8974
vn 0.0196 0.4511 0.8923
vn 0.1376 0.4652 0.8744
vn 0.2543 0.4729 0.8436
vn 0.3649 0.4740 0.8014
vn 0.4654 0.4694 0.7504
vn 0.5534 0.4598 0.6945
vn 0.6285 0.4469 0.6366
vn 0.6913 0.4319 0.5793
vn 0.7429 0.4154 0.5249
vn 0.7853 0.3985 0.4738
vn 0.8197 0.3822 0.4267
vn -0.5035 0.1211 0.8554
vn -0.4330 0.1385 0.8907
vn -0.3494 0.1569 0.9237
vn -0.2512 0.1762 0.9518
vn -0.1385 0.1954 0.9709
vn -0.0136 0.2132 0.9769
vn 0.1191 0.2285 0.9662
vn 0.2526 0.2400 0.9373
vn 0.3795 0.2471 0.8916
vn 0.4940 0.2501 0.8327
vn 0.5925 0.2496 0.7660
vn 0.6740 0.2460 0.6965
vn 0.7401 0.2405 0.6281
vn 0.7924 0.2338 0.5634
vn 0.8336 0.2267 0.5037
vn 0.8659 0.2194 0.4494
vn -0.5314 -0.1003 0.8411
vn -0.4652 -0.0990 0.8796
vn -0.3853 -0.0964 0.9177
vn -0.2899 -0.0927 0.9526
vn -0.1782 -0.0875 0.9801
vn -0.0511 -0.0806 0.9954
vn 0.0869 -0.0718 0.9936
vn 0.2291 -0.0613 0.9715
vn 0.3666 -0.0484 0.9291
vn 0.4917 -0.0352 0.8700
vn 0.5993 -0.0222 0.8002
vn 0.6877 -0.0102 0.7259
vn 0.7582 0.0006 0.6520
vn 0.8131 0.0100 0.5820
vn 0.8554 0.0177 0.5177
vn 0.8880 0.0243 0.4593
vn -0.5335 -0.3068 0.7882
vn -0.4710 -0.3205 0.8218
vn -0.3963 -0.3343 0.8551
vn -0.3072 -0.3472 0.8860
vn -0.2030 -0.3581 0.9114
vn -0.0841 -0.3653 0.9271
vn 0.0465 -0.3671 0.9290
vn 0.1833 -0.3621 0.9139
vn 0.3189 -0.3501 0.8807
vn 0.4454 -0.3318 0.8316
vn 0.5573 -0.3087 0.7708
vn 0.6517 -0.2830 0.7037
vn 0.7284 -0.2568 0.6352
vn 0.7893 -0.2311 0.5689
vn 0.8367 -0.2068 0.5070
vn 0.8737 -0.1844 0.4502
vn -0.5154 -0.4772 0.7118
vn -0.4560 -0.5002 0.7361
vn -0.3866 -0.5233 0.7594
vn -0.3053 -0.5457 0.7804
vn -0.2118 -0.5657 0.7969
vn -0.1065 -0.5815 0.8065
vn 0.0086 -0.5913 0.8064
vn 0.1299 -0.5932 0.7945
vn 0.2525 -0.5859 0.7701
vn 0.3703 -0.5697 0.7337
vn 0.4787 -0.5458 0.6877
vn 0.5743 -0.5162 0.6354
vn 0.6557 -0.4831 0.5802
vn 0.7231 -0.4488 0.5250
vn 0.7779 -0.4151 0.4718
vn 0.8221 -0.3823 0.4219
vn -0.4867 -0.6057 0.6295
vn -0.4306 -0.6318 0.6446
vn -0.3663 -0.6577 0.6582
vn -0.2930 -0.6827 0.6694
vn -0.2105 -0.7052 0.6771
vn -0.1195 -0.7235 0.6799
vn -0.0207 -0.7361 0.6766
vn 0.0829 -0.7417 0.6656
vn 0.1887 -0.7391 0.6467
vn 0.2927 -0.7279 0.6201
vn 0.3916 -0.7090 0.5865
vn 0.4824 -0.6834 0.5480
vn 0.5636 -0.6525 0.5065
vn 0.6343 -0.6185 0.4638
vn 0.6947 -0.5829 0.4215
vn 0.7453 -0.5472 0.3808
vn -0.4550 -0.6989 0.5518
vn -0.4024 -0.7246 0.5596
vn -0.3432 -0.7496 0.5660
vn -0.2774 -0.7730 0.5705
vn -0.2050 -0.7941 0.5722
vn -0.1262 -0.8116 0.5704
vn -0.0420 -0.8245 0.5644
vn 0.0463 -0.8314 0.5537
vn 0.1364 -0.8318 0.5380
vn 0.2264 -0.8254 0.5172
vn 0.3139 -0.8120 0.4922
vn 0.3967 -0.7922 0.4636
vn 0.4734 -0.7673 0.4326
vn 0.5433 -0.7380 0.4002
vn 0.6050 -0.7064 0.3674
vn 0.6594 -0.6731 0.3348
vn -0.4245 -0.7657 0.4832
vn -0.3754 -0.7891 0.4863
vn -0.3214 -0.8116 0.4879
vn -0.2623 -0.8325 0.4879
vn -0.1983 -0.8512 0.4859
vn -0.1296 -0.8668 0.4814
vn -0.0570 -0.8786 0.4741
vn 0.0187 -0.8858 0.4638
vn 0.0962 -0.8877 0.4502
vn 0.1740 -0.8842 0.4334
vn 0.2506 -0.8752 0.4137
vn 0.3247 -0.8610 0.3915
vn 0.3951 -0.8419 0.3675
vn 0.4608 -0.8188 0.3423
vn 0.5212 -0.7925 0.3166
vn 0.5761 -0.7639 0.2909
vn -0.3969 -0.8135 0.4250
vn -0.3514 -0.8344 0.4246
vn -0.3019 -0.8542 0.4234
vn -0.2487 -0.8724 0.4208
vn -0.1917 -0.8887 0.4166
vn -0.1312 -0.9023 0.4107
vn -0.0678 -0.9127 0.4029
vn -0.0022 -0.9196 0.3929
vn 0.0651 -0.9223 0.3808
vn 0.1330 -0.9209 0.3665
vn 0.2003 -0.9150 0.3501
vn 0.2662 -0.9048 0.3322
vn 0.3300 -0.8906 0.3129
vn 0.3907 -0.8727 0.2928
vn 0.4480 -0.8517 0.2721
vn 0.5010 -0.8282 0.2513
vn -0.3726 -0.8487 0.3755
vn -0.3305 -0.8669 0.3732
vn -0.2851 -0.8841 0.3702
vn -0.2368 -0.9000 0.3660
vn -0.1857 -0.9140 0.3607
vn -0.1320 -0.9258 0.3542
vn -0.0758 -0.9351 0.3463
vn -0.0180 -0.9414 0.3368
vn 0.0410 -0.9446 0.3257
vn 0.1008 -0.9443 0.3132
vn 0.1606 -0.9404 0.2997
vn 0.2193 -0.9333 0.2843
vn 0.2769 -0.9227 0.2684
vn 0.3325 -0.9089 0.2516
vn 0.3858 -0.8923 0.2346
vn 0.4363 -0.8732 0.2174
vn -0.3515 -0.8747 0.3337
vn -0.3124 -0.8907 0.3302
vn -0.2706 -0.9058 0.3261
vn -0.2266 -0.9195 0.3212
vn -0.1804 -0.9317 0.3153
vn -0.1322 -0.9420 0.3084
vn -0.0820 -0.9502 0.3006
vn -0.0305 -0.9560 0.2917
vn 0.0221 -0.9592 0.2817
vn 0.0752 -0.9598 0.2706
vn 0.1285 -0.9574 0.2584
vn 0.1814 -0.9523 0.2454
vn 0.2334 -0.9444 0.2317
vn 0.2844 -0.9337 0.2175
vn 0.3335 -0.9207 0.2029
vn 0.3807 -0.9053 0.1882
vn -0.3332 -0.8944 0.2983
vn -0.2968 -0.9085 0.2941
vn -0.2583 -0.9217 0.2894
vn -0.2179 -0.9337 0.2840
vn -0.1757 -0.9444 0.2779
vn -0.1321 -0.9534 0.2711
vn -0.0868 -0.9607 0.2636
vn -0.0405 -0.9661 0.2550
vn 0.0067 -0.9693 0.2457
vn 0.0546 -0.9703 0.2357
vn 0.1025 -0.9690 0.2249
vn 0.1504 -0.9653 0.2134
vn 0.1977 -0.9593 0.2015
vn 0.2443 -0.9511 0.1891
vn 0.2898 -0.9406 0.1767
vn 0.3339 -0.9283 0.1639
vn 0.6038 0.7572 0.2489
vn 0.5940 0.7753 0.2147
vn 0.5833 0.7921 0.1799
vn 0.5715 0.8078 0.1444
vn 0.5589 0.8221 0.1088
vn 0.5453 0.8351 0.0728
vn 0.5307 0.8467 0.0370
vn 0.5156 0.8568 0.0015
vn 0.4997 0.8655 -0.0337
vn 0.4832 0.8728 -0.0685
vn 0.4662 0.8787 -0.1025
vn 0.4489 0.8833 -0.1355
vn 0.4312 0.8865 -0.1679
vn 0.4136 0.8884 -0.1991
vn 0.3959 0.8892 -0.2293
vn 0.3783 0.8889 -0.2583
vn 0.3959 -0.9094 0.1276
vn 0.4474 -0.8820 0.1479
vn 0.5075 -0.8444 0.1715
vn 0.5762 -0.7928 0.1988
vn 0.6534 -0.7212 0.2299
vn 0.7361 -0.6234 0.2638
vn 0.8171 -0.4937 0.2976
vn 0.8849 -0.3312 0.3274
vn 0.9262 -0.1448 0.3480
vn 0.9335 0.0477 0.3555
vn 0.9090 0.2251 0.3508
vn 0.8631 0.3758 0.3375
vn 0.8075 0.4960 0.3193
vn 0.7502 0.5892 0.3001
vn 0.6962 0.6603 0.2816
vn 0.6471 0.7151 0.2644
vn 0.3916 -0.9153 0.0946
vn 0.4446 -0.8887 0.1122
vn 0.5065 -0.8519 0.1332
vn 0.5783 -0.8005 0.1574
vn 0.6596 -0.7284 0.1856
vn 0.7476 -0.6278 0.2168
vn 0.8341 -0.4924 0.2487
vn 0.9056 -0.3213 0.2769
vn 0.9469 -0.1247 0.2963
vn 0.9496 0.0764 0.3040
vn 0.9184 0.2580 0.3001
vn 0.8656 0.4093 0.2885
vn 0.8047 0.5271 0.2732
vn 0.7442 0.6166 0.2569
vn 0.6880 0.6844 0.2413
vn 0.6380 0.7357 0.2272
vn 0.3869 -0.9202 0.0599
vn 0.4411 -0.8944 0.0745
vn 0.5049 -0.8583 0.0921
vn 0.5794 -0.8072 0.1130
vn 0.6651 -0.7341 0.1373
vn 0.7582 -0.6308 0.1648
vn 0.8501 -0.4897 0.1937
vn 0.9252 -0.3091 0.2201
vn 0.9657 -0.1021 0.2388
vn 0.9632 0.1066 0.2467
vn 0.9244 0.2925 0.2447
vn 0.8652 0.4425 0.2360
vn 0.7993 0.5574 0.2244
vn 0.7356 0.6433 0.2120
vn 0.6781 0.7072 0.2001
vn 0.6276 0.7552 0.1894
vn 0.3816 -0.9240 0.0236
vn 0.4366 -0.8990 0.0348
vn 0.5020 -0.8635 0.0485
vn 0.5796 -0.8123 0.0651
vn 0.6691 -0.7383 0.0849
vn 0.7673 -0.6322 0.1081
vn 0.8645 -0.4847 0.1330
vn 0.9427 -0.2946 0.1566
vn 0.9817 -0.0769 0.1745
vn 0.9730 0.1396 0.1837
vn 0.9266 0.3275 0.1848
vn 0.8610 0.4755 0.1803
vn 0.7911 0.5867 0.1732
vn 0.7250 0.6686 0.1654
vn 0.6664 0.7287 0.1578
vn 0.6156 0.7735 0.1507
vn 0.3751 -0.9269 -0.0142
vn 0.4312 -0.9022 -0.0067
vn 0.4980 -0.8672 0.0025
vn 0.5783 -0.8157 0.0141
vn 0.6711 -0.7408 0.0285
vn 0.7744 -0.6310 0.0459
vn 0.8765 -0.4769 0.0658
vn 0.9570 -0.2771 0.0861
vn 0.9934 -0.0488 0.1035
vn 0.9781 0.1737 0.1151
vn 0.9241 0.3626 0.1205
vn 0.8528 0.5078 0.1215
vn 0.7795 0.6148 0.1199
vn 0.7121 0.6922 0.1173
vn 0.6530 0.7487 0.1145
vn 0.6023 0.7904 0.1115
vn 0.3681 -0.9283 -0.0534
vn 0.4246 -0.9040 -0.0501
vn 0.4928 -0.8690 -0.0457
vn 0.5749 -0.8172 -0.0399
vn 0.6712 -0.7406 -0.0320
vn 0.7785 -0.6272 -0.0213
vn 0.8846 -0.4664 -0.0072
vn 0.9666 -0.2563 0.0095
vn 0.9995 -0.0186 0.0266
vn 0.9771 0.2087 0.0416
vn 0.9163 0.3970 0.0529
vn 0.8403 0.5387 0.0606
vn 0.7649 0.6408 0.0655
vn 0.6969 0.7138 0.0688
vn 0.6379 0.7669 0.0708
vn 0.5879 0.8057 0.0720
vn 0.3599 -0.9283 -0.0938
vn 0.4170 -0.9039 -0.0951
vn 0.4861 -0.8686 -0.0964
vn 0.5695 -0.8163 -0.0969
vn 0.6686 -0.7374 -0.0963
vn 0.7789 -0.6202 -0.0933
vn 0.8879 -0.4518 -0.0862
vn 0.9700 -0.2317 -0.0736
vn 0.9984 0.0139 -0.0557
vn 0.9691 0.2441 -0.0357
vn 0.9026 0.4302 -0.0172
vn 0.8235 0.5674 -0.0018
vn 0.7472 0.6645 0.0104
vn 0.6793 0.7336 0.0196
vn 0.6212 0.7832 0.0268
vn 0.5723 0.8194 0.0325
vn 0.3507 -0.9266 -0.1354
vn 0.4081 -0.9019 -0.1416
vn 0.4777 -0.8659 -0.1485
vn 0.5620 -0.8123 -0.1563
vn 0.6625 -0.7310 -0.1638
vn 0.7750 -0.6089 -0.1693
vn 0.8853 -0.4329 -0.1698
vn 0.9656 -0.2041 -0.1610
vn 0.9888 0.0477 -0.1416
vn 0.9534 0.2788 -0.1155
vn 0.8827 0.4615 -0.0885
vn 0.8024 0.5933 -0.0648
vn 0.7263 0.6859 -0.0452
vn 0.6596 0.7510 -0.0294
vn 0.6033 0.7974 -0.0168
vn 0.5556 0.8314 -0.0067
vn 0.3409 -0.9231 -0.1779
vn 0.3978 -0.8977 -0.1893
vn 0.4675 -0.8605 -0.2026
vn 0.5520 -0.8050 -0.2175
vn 0.6529 -0.7205 -0.2336
vn 0.7659 -0.5931 -0.2484
vn 0.8754 -0.4098 -0.2564
vn 0.9523 -0.1734 -0.2510
vn 0.9699 0.0823 -0.2291
vn 0.9297 0.3120 -0.1959
vn 0.8571 0.4898 -0.1599
vn 0.7772 0.6163 -0.1272
vn 0.7027 0.7044 -0.1000
vn 0.6383 0.7659 -0.0779
vn 0.5838 0.8097 -0.0601
vn 0.5380 0.8417 -0.0457
vn 0.3301 -0.9176 -0.2213
vn 0.3864 -0.8911 -0.2381
vn 0.4551 -0.8523 -0.2576
vn 0.5393 -0.7941 -0.2802
vn 0.6394 -0.7058 -0.3051
vn 0.7510 -0.5727 -0.3287
vn 0.8576 -0.3823 -0.3441
vn 0.9294 -0.1404 -0.3413
vn 0.9416 0.1169 -0.3158
vn 0.8983 0.3430 -0.2746
vn 0.8259 0.5150 -0.2296
vn 0.7483 0.6361 -0.1884
vn 0.6768 0.7200 -0.1538
vn 0.6152 0.7783 -0.1255
vn 0.5632 0.8199 -0.1025
vn 0.5198 0.8502 -0.0839
vn 0.3182 -0.9102 -0.2652
vn 0.3737 -0.8820 -0.2870
vn 0.4411 -0.8411 -0.3130
vn 0.5239 -0.7795 -0.3434
vn 0.6218 -0.6866 -0.3767
vn 0.7300 -0.5476 -0.4088
vn 0.8318 -0.3507 -0.4303
vn 0.8972 -0.1056 -0.4289
vn 0.9045 0.1501 -0.3993
vn 0.8602 0.3706 -0.3503
vn 0.7904 0.5360 -0.2967
vn 0.7163 0.6524 -0.2474
vn 0.6488 0.7326 -0.2059
vn 0.5907 0.7884 -0.1718
vn 0.5418 0.8281 -0.1441
vn 0.5008 0.8570 -0.1213
vn 0.3055 -0.9006 -0.3093
vn 0.3594 -0.8704 -0.3364
vn 0.4253 -0.8265 -0.3687
vn 0.5057 -0.7611 -0.4063
vn 0.6001 -0.6631 -0.4474
vn 0.7032 -0.5183 -0.4867
vn 0.7981 -0.3162 -0.5128
vn 0.8565 -0.0699 -0.5114
vn 0.8599 0.1813 -0.4772
vn 0.8167 0.3945 -0.4212
vn 0.7510 0.5536 -0.3598
vn 0.6822 0.6652 -0.3035
vn 0.6196 0.7421 -0.2557
vn 0.5654 0.7960 -0.2162
vn 0.5198 0.8342 -0.1840
vn 0.4814 0.8622 -0.1575
vn 0.2917 -0.8890 -0.3529
vn 0.3441 -0.8563 -0.3853
vn 0.4078 -0.8089 -0.4235
vn 0.4849 -0.7391 -0.4675
vn 0.5748 -0.6357 -0.5153
vn 0.6715 -0.4847 -0.5605
vn 0.7578 -0.2794 -0.5896
vn 0.8090 -0.0346 -0.5868
vn 0.8097 0.2098 -0.5480
vn 0.7692 0.4148 -0.4861
vn 0.7092 0.5673 -0.4185
vn 0.6464 0.6748 -0.3561
vn 0.5890 0.7491 -0.3031
vn 0.5392 0.8014 -0.2590
vn 0.4970 0.8386 -0.2228
vn 0.4615 0.8659 -0.1929
vn 0.2773 -0.8752 -0.3965
vn 0.3276 -0.8395 -0.4336
vn 0.3886 -0.7883 -0.4771
vn 0.4618 -0.7136 -0.5268
vn 0.5461 -0.6044 -0.5801
vn 0.6352 -0.4482 -0.6290
vn 0.7126 -0.2414 -0.6587
vn 0.7567 -0.0009 -0.6538
vn 0.7560 0.2351 -0.6109
vn 0.7197 0.4310 -0.5443
vn 0.6661 0.5776 -0.4719
vn 0.6096 0.6814 -0.4050
vn 0.5580 0.7535 -0.3476
vn 0.5127 0.8046 -0.2995
vn 0.4742 0.8412 -0.2598
vn 0.4416 0.8681 -0.2268
vn 0.2623 -0.8593 -0.4391
vn 0.3103 -0.8203 -0.4805
vn 0.3681 -0.7649 -0.5286
vn 0.4369 -0.6848 -0.5832
vn 0.5148 -0.5704 -0.6400
vn 0.5957 -0.4100 -0.6907
vn 0.6641 -0.2035 -0.7194
vn 0.7020 0.0309 -0.7115
vn 0.7008 0.2570 -0.6655
vn 0.6690 0.4440 -0.5961
vn 0.6220 0.5850 -0.5205
vn 0.5726 0.6852 -0.4501
vn 0.5269 0.7556 -0.3892
vn 0.4861 0.8060 -0.3378
vn 0.4514 0.8422 -0.2951
vn 0.4215 0.8689 -0.2593
vn 0.2465 -0.8415 -0.4808
vn 0.2919 -0.7990 -0.5258
vn 0.3464 -0.7389 -0.5779
vn 0.4106 -0.6537 -0.6357
vn 0.4818 -0.5342 -0.6946
vn 0.5542 -0.3709 -0.7452
vn 0.6139 -0.1665 -0.7716
vn 0.6464 0.0604 -0.7606
vn 0.6455 0.2759 -0.7122
vn 0.6188 0.4540 -0.6411
vn 0.5788 0.5894 -0.5636
vn 0.5361 0.6865 -0.4912
vn 0.4958 0.7561 -0.4273
vn 0.4958 0.7560 -0.4273
vn 0.4597 0.8056 -0.3739
vn 0.4284 0.8417 -0.3286
vn 0.4013 0.8686 -0.2906
vn 0.2302 -0.8218 -0.5212
vn 0.2731 -0.7753 -0.5695
vn 0.3240 -0.7109 -0.6243
vn 0.3830 -0.6207 -0.6841
vn 0.4477 -0.4965 -0.7437
vn 0.5117 -0.3319 -0.7925
vn 0.5636 -0.1307 -0.8156
vn 0.5917 0.0869 -0.8015
vn 0.5919 0.2917 -0.7514
vn 0.5701 0.4613 -0.6799
vn 0.5365 0.5915 -0.6020
vn 0.5002 0.6859 -0.5285
vn 0.4652 0.7542 -0.4634
vn 0.4335 0.8037 -0.4076
vn 0.4057 0.8400 -0.3603
vn 0.3817 0.8670 -0.3203
vn 0.3507 -0.9282 0.1244
vn 0.3456 -0.9338 0.0926
vn 0.3394 -0.9388 0.0591
vn 0.3329 -0.9427 0.0245
vn 0.3257 -0.9454 -0.0116
vn 0.3178 -0.9469 -0.0486
vn 0.3091 -0.9470 -0.0873
vn 0.2998 -0.9455 -0.1270
vn 0.2896 -0.9424 -0.1673
vn 0.2785 -0.9375 -0.2085
vn 0.2669 -0.9307 -0.2501
vn 0.2548 -0.9218 -0.2920
vn 0.2419 -0.9111 -0.3338
vn 0.2281 -0.8985 -0.3751
vn 0.2140 -0.8838 -0.4161
vn 0.1994 -0.8671 -0.4565
vn -0.3331 -0.9039 0.2683
vn -0.2978 -0.9175 0.2634
vn -0.2609 -0.9303 0.2580
vn -0.2220 -0.9420 0.2518
vn -0.1816 -0.9523 0.2452
vn -0.1399 -0.9612 0.2378
vn -0.0967 -0.9684 0.2298
vn -0.0525 -0.9738 0.2214
vn -0.0074 -0.9772 0.2122
vn 0.0383 -0.9785 0.2025
vn 0.0845 -0.9777 0.1924
vn 0.1304 -0.9746 0.1818
vn 0.1764 -0.9694 0.1708
vn 0.2214 -0.9620 0.1595
vn 0.2658 -0.9526 0.1479
vn 0.3089 -0.9413 0.1362
vn -0.3496 -0.9054 0.2410
vn -0.3141 -0.9197 0.2357
vn -0.2769 -0.9330 0.2298
vn -0.2378 -0.9453 0.2232
vn -0.1971 -0.9563 0.2160
vn -0.1548 -0.9657 0.2082
vn -0.1111 -0.9735 0.1998
vn -0.0662 -0.9794 0.1908
vn -0.0203 -0.9832 0.1813
vn 0.0263 -0.9849 0.1713
vn 0.0734 -0.9842 0.1610
vn 0.1203 -0.9813 0.1502
vn 0.1673 -0.9760 0.1392
vn 0.2135 -0.9686 0.1277
vn 0.2588 -0.9589 0.1161
vn 0.3029 -0.9473 0.1044
vn -0.3661 -0.9059 0.2127
vn -0.3306 -0.9208 0.2068
vn -0.2932 -0.9348 0.2004
vn -0.2539 -0.9477 0.1932
vn -0.2128 -0.9593 0.1856
vn -0.1701 -0.9693 0.1773
vn -0.1259 -0.9776 0.1684
vn -0.0802 -0.9840 0.1590
vn -0.0337 -0.9882 0.1491
vn 0.0138 -0.9902 0.1388
vn 0.0617 -0.9898 0.1281
vn 0.1097 -0.9870 0.1171
vn 0.1575 -0.9818 0.1057
vn 0.2047 -0.9743 0.0943
vn 0.2509 -0.9645 0.0827
vn 0.2961 -0.9525 0.0710
vn -0.3826 -0.9056 0.1832
vn -0.3473 -0.9209 0.1768
vn -0.3096 -0.9356 0.1697
vn -0.2703 -0.9490 0.1622
vn -0.2288 -0.9612 0.1539
vn -0.1857 -0.9718 0.1450
vn -0.1410 -0.9807 0.1357
vn -0.0947 -0.9875 0.1258
vn -0.0475 -0.9922 0.1155
vn 0.0008 -0.9945 0.1049
vn 0.0495 -0.9944 0.0938
vn 0.0984 -0.9917 0.0824
vn 0.1472 -0.9866 0.0711
vn 0.1954 -0.9789 0.0595
vn 0.2425 -0.9690 0.0477
vn 0.2886 -0.9568 0.0360
vn -0.3992 -0.9040 0.1529
vn -0.3639 -0.9200 0.1458
vn -0.3262 -0.9351 0.1381
vn -0.2867 -0.9492 0.1298
vn -0.2450 -0.9620 0.1209
vn -0.2016 -0.9731 0.1116
vn -0.1563 -0.9825 0.1016
vn -0.1096 -0.9898 0.0913
vn -0.0617 -0.9948 0.0805
vn -0.0127 -0.9975 0.0694
vn 0.0369 -0.9976 0.0580
vn 0.0866 -0.9952 0.0465
vn 0.1362 -0.9901 0.0349
vn 0.1854 -0.9824 0.0232
vn 0.2336 -0.9723 0.0114
vn 0.2804 -0.9599 -0.0002
vn -0.4157 -0.9013 0.1217
vn -0.3804 -0.9178 0.1138
vn -0.3429 -0.9334 0.1053
vn -0.3032 -0.9481 0.0964
vn -0.2614 -0.9613 0.0868
vn -0.2177 -0.9730 0.0768
vn -0.1720 -0.9829 0.0664
vn -0.1248 -0.9906 0.0555
vn -0.0763 -0.9961 0.0442
vn -0.0267 -0.9991 0.0327
vn 0.0237 -0.9995 0.0210
vn 0.0742 -0.9972 0.0092
vn 0.1247 -0.9922 -0.0027
vn 0.1747 -0.9845 -0.0146
vn 0.2240 -0.9742 -0.0262
vn 0.2717 -0.9616 -0.0377
vn -0.4321 -0.8974 0.0894
vn -0.3968 -0.9143 0.0808
vn -0.3594 -0.9304 0.0716
vn -0.3198 -0.9455 0.0620
vn -0.2778 -0.9593 0.0518
vn -0.2339 -0.9714 0.0411
vn -0.1880 -0.9817 0.0299
vn -0.1403 -0.9899 0.0184
vn -0.0913 -0.9958 0.0067
vn -0.0410 -0.9991 -0.0053
vn 0.0100 -0.9998 -0.0173
vn 0.0613 -0.9977 -0.0295
vn 0.1127 -0.9928 -0.0416
vn 0.1635 -0.9851 -0.0535
vn 0.2135 -0.9748 -0.0651
vn 0.2623 -0.9620 -0.0764
vn -0.4482 -0.8921 0.0566
vn -0.4131 -0.9095 0.0471
vn -0.3758 -0.9260 0.0372
vn -0.3362 -0.9414 0.0268
vn -0.2941 -0.9556 0.0157
vn -0.2501 -0.9682 0.0043
vn -0.2039 -0.9790 -0.0075
vn -0.1560 -0.9876 -0.0196
vn -0.1065 -0.9938 -0.0319
vn -0.0557 -0.9975 -0.0443
vn -0.0041 -0.9984 -0.0568
vn 0.0480 -0.9964 -0.0693
vn 0.1000 -0.9916 -0.0815
vn 0.1517 -0.9840 -0.0935
vn 0.2024 -0.9736 -0.1052
vn 0.2518 -0.9607 -0.1164
vn -0.4639 -0.8856 0.0231
vn -0.4291 -0.9032 0.0128
vn -0.3920 -0.9200 0.0020
vn -0.3524 -0.9358 -0.0094
vn -0.3105 -0.9504 -0.0211
vn -0.2663 -0.9633 -0.0333
vn -0.2200 -0.9744 -0.0458
vn -0.1718 -0.9834 -0.0584
vn -0.1219 -0.9900 -0.0714
vn -0.0707 -0.9939 -0.0844
vn -0.0186 -0.9951 -0.0973
vn 0.0341 -0.9933 -0.1100
vn 0.0868 -0.9887 -0.1224
vn 0.1393 -0.9811 -0.1344
vn 0.1908 -0.9707 -0.1460
vn 0.2410 -0.9577 -0.1570
vn -0.4792 -0.8776 -0.0110
vn -0.4448 -0.8954 -0.0221
vn -0.4078 -0.9124 -0.0338
vn -0.3684 -0.9285 -0.0461
vn -0.3266 -0.9433 -0.0586
vn -0.2824 -0.9566 -0.0715
vn -0.2360 -0.9681 -0.0847
vn -0.1876 -0.9773 -0.0981
vn -0.1374 -0.9842 -0.1116
vn -0.0858 -0.9884 -0.1250
vn -0.0333 -0.9898 -0.1383
vn 0.0199 -0.9883 -0.1515
vn 0.0732 -0.9837 -0.1642
vn 0.1263 -0.9762 -0.1763
vn 0.1784 -0.9659 -0.1878
vn 0.2295 -0.9528 -0.1986
vn -0.4940 -0.8683 -0.0452
vn -0.4598 -0.8862 -0.0573
vn -0.4231 -0.9034 -0.0700
vn -0.3840 -0.9196 -0.0830
vn -0.3423 -0.9346 -0.0965
vn -0.2983 -0.9481 -0.1103
vn -0.2518 -0.9598 -0.1243
vn -0.2033 -0.9693 -0.1383
vn -0.1530 -0.9764 -0.1524
vn -0.1012 -0.9809 -0.1664
vn -0.0482 -0.9824 -0.1802
vn 0.0054 -0.9811 -0.1936
vn 0.0592 -0.9767 -0.2064
vn 0.1128 -0.9693 -0.2186
vn 0.1654 -0.9591 -0.2299
vn 0.2172 -0.9460 -0.2405
vn -0.5084 -0.8574 -0.0798
vn -0.4744 -0.8754 -0.0929
vn -0.4380 -0.8927 -0.1064
vn -0.3992 -0.9089 -0.1204
vn -0.3576 -0.9241 -0.1346
vn -0.3137 -0.9377 -0.1492
vn -0.2673 -0.9496 -0.1639
vn -0.2189 -0.9593 -0.1787
vn -0.1685 -0.9665 -0.1934
vn -0.1165 -0.9712 -0.2080
vn -0.0633 -0.9730 -0.2221
vn -0.0093 -0.9717 -0.2358
vn 0.0449 -0.9675 -0.2488
vn 0.0989 -0.9603 -0.2610
vn 0.1522 -0.9501 -0.2724
vn 0.2042 -0.9372 -0.2827
vn -0.5218 -0.8453 -0.1145
vn -0.4884 -0.8631 -0.1285
vn -0.4523 -0.8803 -0.1429
vn -0.4137 -0.8966 -0.1577
vn -0.3725 -0.9118 -0.1728
vn -0.3287 -0.9255 -0.1882
vn -0.2825 -0.9374 -0.2037
vn -0.2342 -0.9472 -0.2192
vn -0.1838 -0.9546 -0.2346
vn -0.1317 -0.9593 -0.2497
vn -0.0784 -0.9613 -0.2643
vn -0.0242 -0.9602 -0.2782
vn 0.0302 -0.9561 -0.2914
vn 0.0846 -0.9490 -0.3037
vn 0.1383 -0.9390 -0.3149
vn 0.1907 -0.9264 -0.3248
vn -0.5344 -0.8320 -0.1489
vn -0.5014 -0.8496 -0.1639
vn -0.4658 -0.8665 -0.1792
vn -0.4277 -0.8827 -0.1950
vn -0.3867 -0.8978 -0.2110
vn -0.3433 -0.9114 -0.2271
vn -0.2972 -0.9233 -0.2433
vn -0.2490 -0.9331 -0.2594
vn -0.1988 -0.9406 -0.2754
vn -0.1467 -0.9454 -0.2909
vn -0.0934 -0.9474 -0.3060
vn -0.0392 -0.9465 -0.3203
vn 0.0155 -0.9426 -0.3336
vn 0.0701 -0.9356 -0.3460
vn 0.1240 -0.9258 -0.3571
vn 0.1767 -0.9133 -0.3670
vn -0.5465 -0.8171 -0.1834
vn -0.5138 -0.8345 -0.1991
vn -0.4786 -0.8513 -0.2152
vn -0.4407 -0.8672 -0.2317
vn -0.4001 -0.8821 -0.2485
vn -0.3570 -0.8956 -0.2654
vn -0.3113 -0.9074 -0.2824
vn -0.2634 -0.9171 -0.2993
vn -0.2134 -0.9245 -0.3159
vn -0.1616 -0.9294 -0.3319
vn -0.1083 -0.9315 -0.3473
vn -0.0542 -0.9307 -0.3619
vn 0.0006 -0.9269 -0.3754
vn 0.0553 -0.9202 -0.3876
vn 0.1094 -0.9106 -0.3986
vn 0.1623 -0.8985 -0.4080
vn -0.5575 -0.8013 -0.2171
vn -0.5252 -0.8182 -0.2337
vn -0.4905 -0.8346 -0.2508
vn -0.4531 -0.8502 -0.2681
vn -0.4129 -0.8648 -0.2857
vn -0.3702 -0.8780 -0.3035
vn -0.3249 -0.8895 -0.3212
vn -0.2773 -0.8992 -0.3385
vn -0.2275 -0.9066 -0.3554
vn -0.1760 -0.9114 -0.3720
vn -0.1230 -0.9135 -0.3878
vn -0.0690 -0.9128 -0.4026
vn -0.0144 -0.9092 -0.4162
vn 0.0403 -0.9024 -0.4290
vn 0.0945 -0.8933 -0.4394
vn 0.1475 -0.8815 -0.4486
vn -0.5676 -0.7843 -0.2504
vn -0.5360 -0.8006 -0.2679
vn -0.5015 -0.8166 -0.2857
vn -0.4646 -0.8317 -0.3039
vn -0.4248 -0.8460 -0.3223
vn -0.3825 -0.8590 -0.3405
vn -0.3376 -0.8703 -0.3587
vn -0.2905 -0.8796 -0.3766
vn -0.2411 -0.8868 -0.3942
vn -0.1899 -0.8916 -0.4111
vn -0.1373 -0.8938 -0.4270
vn -0.0835 -0.8931 -0.4421
vn -0.0292 -0.8895 -0.4560
vn 0.0252 -0.8833 -0.4682
vn 0.0795 -0.8742 -0.4789
vn 0.1324 -0.8628 -0.4880
vn -0.3606 -0.8877 0.2863
vn -0.3782 -0.8890 0.2583
vn -0.3958 -0.8892 0.2294
vn -0.4136 -0.8884 0.1992
vn -0.4312 -0.8865 0.1680
vn -0.4488 -0.8833 0.1357
vn -0.4661 -0.8788 0.1025
vn -0.4830 -0.8730 0.0685
vn -0.4994 -0.8657 0.0339
vn -0.5154 -0.8570 -0.0014
vn -0.5306 -0.8468 -0.0370
vn -0.5450 -0.8353 -0.0727
vn -0.5587 -0.8222 -0.1086
vn -0.5716 -0.8078 -0.1443
vn -0.5833 -0.7921 -0.1797
vn -0.5940 -0.7753 -0.2147
vn -0.2303 0.8218 0.5212
vn -0.2734 0.7750 0.5697
vn -0.3241 0.7106 0.6245
vn -0.3828 0.6205 0.6844
vn -0.4476 0.4962 0.7439
vn -0.5119 0.3313 0.7926
vn -0.5636 0.1304 0.8157
vn -0.5917 -0.0872 0.8014
vn -0.5916 -0.2921 0.7515
vn -0.5697 -0.4619 0.6798
vn -0.5365 -0.5912 0.6022
vn -0.4999 -0.6861 0.5285
vn -0.4649 -0.7544 0.4635
vn -0.4335 -0.8036 0.4078
vn -0.4056 -0.8400 0.3603
vn -0.3816 -0.8671 0.3203
vn -0.2465 0.8413 0.4811
vn -0.2921 0.7986 0.5262
vn -0.3463 0.7387 0.5782
vn -0.4104 0.6536 0.6359
vn -0.4819 0.5336 0.6950
vn -0.5540 0.3707 0.7454
vn -0.6139 0.1657 0.7718
vn -0.6463 -0.0607 0.7607
vn -0.6454 -0.2761 0.7122
vn -0.6185 -0.4542 0.6412
vn -0.5787 -0.5893 0.5638
vn -0.5359 -0.6866 0.4914
vn -0.4954 -0.7560 0.4279
vn -0.4596 -0.8056 0.3740
vn -0.4283 -0.8418 0.3287
vn -0.4013 -0.8686 0.2906
vn -0.2624 0.8591 0.4394
vn -0.3101 0.8202 0.4807
vn -0.3682 0.7647 0.5289
vn -0.4368 0.6848 0.5833
vn -0.5148 0.5699 0.6404
vn -0.5956 0.4096 0.6910
vn -0.6640 0.2029 0.7197
vn -0.7018 -0.0315 0.7117
vn -0.7006 -0.2571 0.6656
vn -0.6687 -0.4444 0.5961
vn -0.6219 -0.5850 0.5206
vn -0.5726 -0.6852 0.4502
vn -0.5265 -0.7558 0.3892
vn -0.4860 -0.8060 0.3379
vn -0.4512 -0.8421 0.2953
vn -0.4213 -0.8691 0.2594
vn -0.2772 0.8751 0.3967
vn -0.3277 0.8393 0.4338
vn -0.3887 0.7881 0.4772
vn -0.4618 0.7135 0.5270
vn -0.5463 0.6040 0.5803
vn -0.6352 0.4480 0.6291
vn -0.7125 0.2410 0.6590
vn -0.7566 0.0002 0.6539
vn -0.7558 -0.2352 0.6111
vn -0.7194 -0.4312 0.5445
vn -0.6658 -0.5778 0.4721
vn -0.6095 -0.6814 0.4052
vn -0.5577 -0.7537 0.3477
vn -0.5126 -0.8046 0.2997
vn -0.4741 -0.8413 0.2598
vn -0.4415 -0.8681 0.2268
vn -0.2918 0.8889 0.3532
vn -0.3442 0.8561 0.3856
vn -0.4079 0.8087 0.4238
vn -0.4847 0.7391 0.4678
vn -0.5750 0.6350 0.5159
vn -0.6713 0.4845 0.5609
vn -0.7578 0.2789 0.5899
vn -0.8088 0.0340 0.5871
vn -0.8094 -0.2100 0.5484
vn -0.7689 -0.4150 0.4863
vn -0.7090 -0.5676 0.4186
vn -0.6462 -0.6749 0.3563
vn -0.5888 -0.7493 0.3032
vn -0.5391 -0.8014 0.2591
vn -0.4969 -0.8387 0.2228
vn -0.4614 -0.8659 0.1931
vn -0.3056 0.9005 0.3093
vn -0.3592 0.8704 0.3366
vn -0.4255 0.8263 0.3691
vn -0.5054 0.7611 0.4065
vn -0.6004 0.6626 0.4477
vn -0.7033 0.5179 0.4870
vn -0.7982 0.3157 0.5131
vn -0.8563 0.0695 0.5117
vn -0.8597 -0.1816 0.4774
vn -0.8165 -0.3948 0.4212
vn -0.7509 -0.5538 0.3599
vn -0.6821 -0.6653 0.3036
vn -0.6193 -0.7423 0.2558
vn -0.5651 -0.7961 0.2164
vn -0.5195 -0.8344 0.1842
vn -0.4813 -0.8623 0.1577
vn -0.3183 0.9101 0.2655
vn -0.3735 0.8821 0.2872
vn -0.4413 0.8409 0.3133
vn -0.5239 0.7794 0.3436
vn -0.6219 0.6864 0.3770
vn -0.7303 0.5471 0.4092
vn -0.8316 0.3505 0.4307
vn -0.8970 0.1052 0.4293
vn -0.9042 -0.1506 0.3996
vn -0.8599 -0.3709 0.3506
vn -0.7900 -0.5364 0.2968
vn -0.7163 -0.6524 0.2476
vn -0.6487 -0.7326 0.2060
vn -0.5906 -0.7885 0.1718
vn -0.5417 -0.8281 0.1441
vn -0.5006 -0.8571 0.1214
vn -0.3301 0.9176 0.2215
vn -0.3864 0.8910 0.2383
vn -0.4552 0.8522 0.2579
vn -0.5394 0.7940 0.2805
vn -0.6394 0.7056 0.3053
vn -0.7512 0.5722 0.3291
vn -0.8575 0.3821 0.3444
vn -0.9294 0.1399 0.3415
vn -0.9415 -0.1172 0.3160
vn -0.8983 -0.3427 0.2750
vn -0.8258 -0.5150 0.2298
vn -0.7481 -0.6362 0.1887
vn -0.6766 -0.7200 0.1540
vn -0.6149 -0.7785 0.1257
vn -0.5631 -0.8200 0.1028
vn -0.5196 -0.8503 0.0840
vn -0.3410 0.9230 0.1782
vn -0.3978 0.8977 0.1895
vn -0.4674 0.8604 0.2028
vn -0.5521 0.8048 0.2179
vn -0.6532 0.7202 0.2340
vn -0.7659 0.5930 0.2486
vn -0.8754 0.4095 0.2568
vn -0.9523 0.1729 0.2515
vn -0.9698 -0.0829 0.2295
vn -0.9295 -0.3125 0.1956
vn -0.8569 -0.4899 0.1601
vn -0.7769 -0.6165 0.1275
vn -0.7026 -0.7045 0.1002
vn -0.6381 -0.7660 0.0781
vn -0.5836 -0.8098 0.0603
vn -0.5379 -0.8418 0.0458
vn -0.3510 0.9265 0.1357
vn -0.4081 0.9019 0.1419
vn -0.4778 0.8658 0.1488
vn -0.5622 0.8121 0.1564
vn -0.6627 0.7307 0.1641
vn -0.7751 0.6087 0.1697
vn -0.8853 0.4327 0.1700
vn -0.9657 0.2036 0.1612
vn -0.9887 -0.0485 0.1421
vn -0.9532 -0.2793 0.1158
vn -0.8826 -0.4616 0.0888
vn -0.8022 -0.5935 0.0649
vn -0.7262 -0.6860 0.0452
vn -0.6596 -0.7510 0.0295
vn -0.6031 -0.7975 0.0170
vn -0.5555 -0.8315 0.0069
vn -0.3598 0.9283 0.0938
vn -0.4171 0.9039 0.0953
vn -0.4863 0.8685 0.0965
vn -0.5697 0.8161 0.0972
vn -0.6685 0.7374 0.0966
vn -0.7791 0.6199 0.0937
vn -0.8882 0.4512 0.0865
vn -0.9699 0.2318 0.0740
vn -0.9983 -0.0144 0.0558
vn -0.9690 -0.2446 0.0359
vn -0.9025 -0.4304 0.0175
vn -0.8233 -0.5677 0.0020
vn -0.7471 -0.6647 -0.0101
vn -0.6791 -0.7337 -0.0195
vn -0.6212 -0.7832 -0.0268
vn -0.5721 -0.8195 -0.0325
vn -0.3677 0.9284 0.0535
vn -0.4247 0.9039 0.0503
vn -0.4930 0.8688 0.0460
vn -0.5749 0.8172 0.0402
vn -0.6713 0.7404 0.0323
vn -0.7785 0.6272 0.0215
vn -0.8849 0.4657 0.0076
vn -0.9667 0.2558 -0.0090
vn -0.9995 0.0181 -0.0262
vn -0.9770 -0.2091 -0.0413
vn -0.9162 -0.3973 -0.0527
vn -0.8401 -0.5390 -0.0604
vn -0.7647 -0.6411 -0.0652
vn -0.6966 -0.7141 -0.0686
vn -0.6379 -0.7669 -0.0706
vn -0.5877 -0.8058 -0.0719
vn -0.3750 0.9269 0.0142
vn -0.4312 0.9022 0.0067
vn -0.4983 0.8670 -0.0025
vn -0.5781 0.8158 -0.0140
vn -0.6714 0.7405 -0.0284
vn -0.7747 0.6306 -0.0459
vn -0.7747 0.6307 -0.0459
vn -0.8766 0.4767 -0.0657
vn -0.9571 0.2769 -0.0860
vn -0.9935 0.0480 -0.1033
vn -0.9780 -0.1740 -0.1147
vn -0.9240 -0.3630 -0.1202
vn -0.8527 -0.5082 -0.1212
vn -0.7794 -0.6150 -0.1198
vn -0.7121 -0.6922 -0.1172
vn -0.6530 -0.7487 -0.1143
vn -0.6022 -0.7906 -0.1114
vn -0.3814 0.9241 -0.0235
vn -0.4367 0.8989 -0.0347
vn -0.5022 0.8634 -0.0484
vn -0.5795 0.8124 -0.0650
vn -0.6691 0.7383 -0.0847
vn -0.7675 0.6320 -0.1077
vn -0.8648 0.4843 -0.1327
vn -0.9428 0.2944 -0.1563
vn -0.9817 0.0765 -0.1742
vn -0.9730 -0.1399 -0.1835
vn -0.9265 -0.3279 -0.1845
vn -0.8609 -0.4758 -0.1800
vn -0.7908 -0.5872 -0.1729
vn -0.7251 -0.6685 -0.1651
vn -0.6663 -0.7288 -0.1576
vn -0.6154 -0.7737 -0.1506
vn -0.3870 0.9201 -0.0597
vn -0.4411 0.8944 -0.0744
vn -0.5049 0.8583 -0.0919
vn -0.5798 0.8069 -0.1127
vn -0.6652 0.7340 -0.1372
vn -0.7583 0.6308 -0.1646
vn -0.8505 0.4892 -0.1934
vn -0.9253 0.3089 -0.2198
vn -0.9658 0.1019 -0.2385
vn -0.9632 -0.1075 -0.2465
vn -0.9244 -0.2929 -0.2444
vn -0.8651 -0.4427 -0.2358
vn -0.7991 -0.5578 -0.2240
vn -0.7357 -0.6434 -0.2117
vn -0.6780 -0.7074 -0.1999
vn -0.6273 -0.7555 -0.1891
vn -0.3920 0.9151 -0.0944
vn -0.4447 0.8886 -0.1120
vn -0.5066 0.8519 -0.1330
vn -0.5785 0.8004 -0.1574
vn -0.6599 0.7281 -0.1855
vn -0.7474 0.6280 -0.2166
vn -0.8341 0.4924 -0.2485
vn -0.8340 0.4926 -0.2485
vn -0.9057 0.3213 -0.2766
vn -0.9470 0.1242 -0.2962
vn -0.9496 -0.0767 -0.3038
vn -0.9182 -0.2587 -0.3000
vn -0.8655 -0.4095 -0.2883
vn -0.8046 -0.5273 -0.2731
vn -0.7440 -0.6168 -0.2568
vn -0.6878 -0.6846 -0.2414
vn -0.6379 -0.7358 -0.2273
vn -0.3958 0.9094 -0.1276
vn -0.4476 0.8819 -0.1478
vn -0.5074 0.8445 -0.1713
vn -0.5765 0.7925 -0.1988
vn -0.6534 0.7213 -0.2297
vn -0.7363 0.6232 -0.2635
vn -0.8172 0.4936 -0.2976
vn -0.8849 0.3314 -0.3273
vn -0.9264 0.1443 -0.3478
vn -0.9335 -0.0480 -0.3553
vn -0.9089 -0.2258 -0.3506
vn -0.8631 -0.3760 -0.3372
vn -0.8072 -0.4965 -0.3193
vn -0.7502 -0.5892 -0.3001
vn -0.6960 -0.6606 -0.2813
vn -0.6472 -0.7151 -0.2641
vn -0.1843 0.8489 0.4954
vn -0.1993 0.8670 0.4568
vn -0.2138 0.8837 0.4163
vn -0.2281 0.8983 0.3756
vn -0.2416 0.9111 0.3340
vn -0.2547 0.9218 0.2921
vn -0.2670 0.9306 0.2504
vn -0.2787 0.9374 0.2087
vn -0.2896 0.9424 0.1676
vn -0.2996 0.9455 0.1271
vn -0.3092 0.9470 0.0874
vn -0.3178 0.9469 0.0491
vn -0.3258 0.9454 0.0117
vn -0.3330 0.9426 -0.0245
vn -0.3394 0.9388 -0.0589
vn -0.3455 0.9338 -0.0925
vn 0.5675 0.7844 0.2505
vn 0.5360 0.8006 0.2680
vn 0.5015 0.8165 0.2860
vn 0.4648 0.8316 0.3041
vn 0.4247 0.8460 0.3222
vn 0.3824 0.8590 0.3405
vn 0.3377 0.8702 0.3587
vn 0.2905 0.8795 0.3768
vn 0.2412 0.8867 0.3945
vn 0.1900 0.8915 0.4112
vn 0.1374 0.8936 0.4273
vn 0.0835 0.8930 0.4423
vn 0.0291 0.8895 0.4560
vn -0.0252 0.8832 0.4683
vn -0.0795 0.8741 0.4792
vn -0.1324 0.8627 0.4881
vn 0.5578 0.8010 0.2174
vn 0.5252 0.8182 0.2339
vn 0.4905 0.8346 0.2508
vn 0.4531 0.8501 0.2683
vn 0.4128 0.8648 0.2858
vn 0.3702 0.8779 0.3036
vn 0.3250 0.8895 0.3212
vn 0.2773 0.8992 0.3384
vn 0.2276 0.9065 0.3556
vn 0.1760 0.9113 0.3722
vn 0.1231 0.9135 0.3878
vn 0.0689 0.9127 0.4027
vn 0.0143 0.9090 0.4165
vn -0.0402 0.9026 0.4287
vn -0.0945 0.8932 0.4395
vn -0.1476 0.8813 0.4490
vn 0.5467 0.8170 0.1834
vn 0.5137 0.8345 0.1993
vn 0.4789 0.8510 0.2155
vn 0.4408 0.8671 0.2320
vn 0.4003 0.8819 0.2489
vn 0.3572 0.8954 0.2659
vn 0.3115 0.9072 0.2828
vn 0.2636 0.9169 0.2996
vn 0.2135 0.9244 0.3160
vn 0.1616 0.9293 0.3321
vn 0.1084 0.9314 0.3475
vn 0.0541 0.9306 0.3620
vn -0.0005 0.9268 0.3755
vn -0.0553 0.9200 0.3879
vn -0.1092 0.9105 0.3988
vn -0.1624 0.8982 0.4084
vn 0.5348 0.8317 0.1491
vn 0.5014 0.8495 0.1641
vn 0.4660 0.8664 0.1794
vn 0.4276 0.8827 0.1951
vn 0.3868 0.8977 0.2110
vn 0.3432 0.9114 0.2272
vn 0.2974 0.9232 0.2435
vn 0.2491 0.9330 0.2597
vn 0.1988 0.9405 0.2756
vn 0.1468 0.9453 0.2912
vn 0.0935 0.9474 0.3062
vn 0.0392 0.9464 0.3205
vn -0.0154 0.9425 0.3338
vn -0.0700 0.9356 0.3462
vn -0.1239 0.9258 0.3572
vn -0.1769 0.9132 0.3671
vn 0.5220 0.8452 0.1147
vn 0.4883 0.8631 0.1286
vn 0.4523 0.8803 0.1430
vn 0.4139 0.8965 0.1579
vn 0.3726 0.9117 0.1731
vn 0.3288 0.9254 0.1884
vn 0.2827 0.9373 0.2039
vn 0.2342 0.9471 0.2194
vn 0.1838 0.9545 0.2348
vn 0.1318 0.9593 0.2498
vn 0.0785 0.9612 0.2644
vn 0.0243 0.9601 0.2784
vn -0.0302 0.9561 0.2916
vn -0.0846 0.9489 0.3039
vn -0.1383 0.9389 0.3151
vn -0.1907 0.9262 0.3251
vn 0.5083 0.8575 0.0799
vn 0.4744 0.8754 0.0930
vn 0.4381 0.8926 0.1065
vn 0.3994 0.9088 0.1205
vn 0.3577 0.9240 0.1348
vn 0.3138 0.9377 0.1494
vn 0.2675 0.9495 0.1641
vn 0.2189 0.9592 0.1788
vn 0.1685 0.9665 0.1936
vn 0.1165 0.9711 0.2082
vn 0.0633 0.9729 0.2223
vn 0.0094 0.9717 0.2360
vn -0.0448 0.9674 0.2491
vn -0.0989 0.9602 0.2613
vn -0.1522 0.9500 0.2726
vn -0.2042 0.9372 0.2829
vn 0.4942 0.8682 0.0454
vn 0.4599 0.8861 0.0575
vn 0.4233 0.9033 0.0702
vn 0.3841 0.9195 0.0831
vn 0.3423 0.9346 0.0966
vn 0.2983 0.9481 0.1104
vn 0.2518 0.9598 0.1243
vn 0.2033 0.9693 0.1384
vn 0.1530 0.9764 0.1525
vn 0.1012 0.9808 0.1665
vn 0.0483 0.9824 0.1803
vn -0.0054 0.9810 0.1937
vn -0.0592 0.9767 0.2065
vn -0.1128 0.9692 0.2187
vn -0.1656 0.9589 0.2302
vn -0.2171 0.9460 0.2407
vn 0.4793 0.8776 0.0110
vn 0.4448 0.8953 0.0222
vn 0.4079 0.9124 0.0340
vn 0.3685 0.9285 0.0461
vn 0.3267 0.9433 0.0587
vn 0.2825 0.9566 0.0717
vn 0.2360 0.9680 0.0849
vn 0.1877 0.9773 0.0983
vn 0.1375 0.9842 0.1119
vn 0.0859 0.9884 0.1253
vn 0.0333 0.9898 0.1386
vn -0.0199 0.9882 0.1517
vn -0.0732 0.9837 0.1643
vn -0.1262 0.9762 0.1764
vn -0.1785 0.9658 0.1880
vn -0.2293 0.9528 0.1988
vn 0.4640 0.8856 -0.0229
vn 0.4293 0.9031 -0.0126
vn 0.3921 0.9199 -0.0018
vn 0.3525 0.9358 0.0095
vn 0.3106 0.9503 0.0212
vn 0.2663 0.9633 0.0334
vn 0.2201 0.9744 0.0459
vn 0.1718 0.9834 0.0587
vn 0.1220 0.9900 0.0715
vn 0.0707 0.9939 0.0845
vn 0.0186 0.9951 0.0975
vn -0.0340 0.9933 0.1102
vn -0.0868 0.9886 0.1227
vn -0.1392 0.9811 0.1347
vn -0.1908 0.9707 0.1462
vn -0.2410 0.9577 0.1572
vn 0.4481 0.8922 -0.0565
vn 0.4132 0.9094 -0.0471
vn 0.3759 0.9259 -0.0371
vn 0.3362 0.9414 -0.0265
vn 0.2943 0.9556 -0.0155
vn 0.2502 0.9682 -0.0041
vn 0.2040 0.9789 0.0076
vn 0.1560 0.9876 0.0197
vn 0.1065 0.9938 0.0320
vn 0.0558 0.9975 0.0445
vn 0.0042 0.9984 0.0570
vn -0.0479 0.9964 0.0694
vn -0.1000 0.9916 0.0817
vn -0.1517 0.9840 0.0936
vn -0.2024 0.9736 0.1053
vn -0.2519 0.9607 0.1164
vn 0.4321 0.8974 -0.0894
vn 0.3969 0.9143 -0.0807
vn 0.3595 0.9304 -0.0716
vn 0.3198 0.9455 -0.0619
vn 0.2778 0.9592 -0.0517
vn 0.2339 0.9714 -0.0410
vn 0.1880 0.9817 -0.0298
vn 0.1404 0.9899 -0.0183
vn 0.0913 0.9958 -0.0065
vn 0.0411 0.9991 0.0054
vn -0.0099 0.9998 0.0175
vn -0.0613 0.9977 0.0296
vn -0.1127 0.9928 0.0417
vn -0.1634 0.9851 0.0536
vn -0.2135 0.9747 0.0653
vn -0.2622 0.9620 0.0766
vn 0.4159 0.9012 -0.1215
vn 0.3805 0.9178 -0.1136
vn 0.3430 0.9334 -0.1052
vn 0.3032 0.9480 -0.0963
vn 0.2616 0.9613 -0.0867
vn 0.2177 0.9730 -0.0767
vn 0.1721 0.9828 -0.0662
vn 0.1249 0.9906 -0.0553
vn 0.0763 0.9961 -0.0441
vn 0.0267 0.9991 -0.0325
vn -0.0236 0.9995 -0.0209
vn -0.0742 0.9972 -0.0091
vn -0.1248 0.9922 0.0028
vn -0.1747 0.9845 0.0147
vn -0.2240 0.9742 0.0263
vn -0.2717 0.9616 0.0379
vn 0.3994 0.9039 -0.1529
vn 0.3638 0.9200 -0.1457
vn 0.3264 0.9351 -0.1381
vn 0.2868 0.9492 -0.1296
vn 0.2452 0.9619 -0.1208
vn 0.2017 0.9731 -0.1114
vn 0.1564 0.9825 -0.1015
vn 0.1097 0.9898 -0.0911
vn 0.0617 0.9949 -0.0803
vn 0.0127 0.9975 -0.0693
vn -0.0368 0.9976 -0.0580
vn -0.0865 0.9952 -0.0464
vn -0.1363 0.9901 -0.0347
vn -0.1855 0.9824 -0.0231
vn -0.2337 0.9723 -0.0113
vn -0.2804 0.9599 0.0003
vn 0.3829 0.9054 -0.1832
vn 0.3472 0.9210 -0.1766
vn 0.3099 0.9355 -0.1696
vn 0.2703 0.9490 -0.1620
vn 0.2289 0.9612 -0.1537
vn 0.1858 0.9718 -0.1450
vn 0.1409 0.9807 -0.1356
vn 0.0948 0.9875 -0.1257
vn 0.0475 0.9922 -0.1154
vn -0.0008 0.9945 -0.1047
vn -0.0495 0.9944 -0.0936
vn -0.0984 0.9917 -0.0825
vn -0.1472 0.9866 -0.0710
vn -0.1954 0.9789 -0.0592
vn -0.2426 0.9690 -0.0476
vn -0.2886 0.9568 -0.0359
vn 0.3662 0.9059 -0.2127
vn 0.3307 0.9208 -0.2068
vn 0.2933 0.9348 -0.2002
vn 0.2540 0.9477 -0.1932
vn 0.2129 0.9593 -0.1855
vn 0.1701 0.9694 -0.1772
vn 0.1259 0.9777 -0.1683
vn 0.0803 0.9840 -0.1589
vn 0.0337 0.9883 -0.1490
vn -0.0138 0.9902 -0.1388
vn -0.0617 0.9898 -0.1281
vn -0.1097 0.9871 -0.1170
vn -0.1574 0.9819 -0.1057
vn -0.2048 0.9743 -0.0942
vn -0.2511 0.9644 -0.0825
vn -0.2959 0.9526 -0.0707
vn 0.3496 0.9054 -0.2408
vn 0.3143 0.9196 -0.2357
vn 0.2769 0.9330 -0.2298
vn 0.2379 0.9453 -0.2232
vn 0.1971 0.9563 -0.2159
vn 0.1549 0.9658 -0.2080
vn 0.1111 0.9735 -0.1997
vn 0.0662 0.9794 -0.1908
vn 0.0203 0.9832 -0.1812
vn -0.0263 0.9849 -0.1713
vn -0.0733 0.9843 -0.1608
vn -0.1204 0.9813 -0.1501
vn -0.1672 0.9761 -0.1390
vn -0.2135 0.9686 -0.1276
vn -0.2588 0.9589 -0.1160
vn -0.3027 0.9474 -0.1042
vn 0.3331 0.9040 -0.2681
vn 0.2978 0.9176 -0.2633
vn 0.2608 0.9303 -0.2580
vn 0.2221 0.9419 -0.2520
vn 0.1818 0.9523 -0.2452
vn 0.1399 0.9612 -0.2378
vn 0.0967 0.9684 -0.2298
vn 0.0526 0.9738 -0.2212
vn 0.0075 0.9772 -0.2120
vn -0.0384 0.9786 -0.2024
vn -0.0843 0.9777 -0.1923
vn -0.1305 0.9747 -0.1816
vn -0.1762 0.9694 -0.1707
vn -0.2216 0.9620 -0.1594
vn -0.2658 0.9526 -0.1478
vn -0.3089 0.9413 -0.1362
vn -0.2152 0.2380 0.9471
vn -0.6145 0.7526 -0.2368
vn 0.3343 0.9066 -0.2575
vn -0.1557 -0.9875 -0.0258
vn 0.0163 0.7272 0.6862
vn -0.4047 0.3637 0.8390
vt 0.625000 0.500000
vt 0.875000 0.500000
vt 0.875000 0.750000
vt 0.625000 0.750000
vt 0.375000 0.750000
vt 0.625000 1.000000
vt 0.375000 1.000000
vt 0.375000 0.000000
vt 0.625000 0.000000
vt 0.625000 0.250000
vt 0.375000 0.250000
vt 0.125000 0.500000
vt 0.375000 0.500000
vt 0.125000 0.750000
vt 0.610294 0.235294
vt 0.625000 0.235294
vt 0.610294 0.250000
vt 0.610294 0.485294
vt 0.625000 0.485294
vt 0.610294 0.500000
vt 0.610294 0.735294
vt 0.625000 0.735294
vt 0.610294 0.750000
vt 0.610294 0.985294
vt 0.625000 0.985294
vt 0.610294 1.000000
vt 0.360294 0.735294
vt 0.375000 0.735294
vt 0.360294 0.750000
vt 0.860294 0.735294
vt 0.875000 0.735294
vt 0.860294 0.750000
vt 0.639706 0.735294
vt 0.639706 0.750000
vt 0.654412 0.735294
vt 0.654412 0.750000
vt 0.669118 0.735294
vt 0.669118 0.750000
vt 0.683823 0.735294
vt 0.683824 0.750000
vt 0.698529 0.735294
vt 0.698529 0.750000
vt 0.713235 0.735294
vt 0.713235 0.750000
vt 0.727941 0.735294
vt 0.727941 0.750000
vt 0.742647 0.735294
vt 0.742647 0.750000
vt 0.757353 0.735294
vt 0.757353 0.750000
vt 0.772059 0.735294
vt 0.772059 0.750000
vt 0.786765 0.735294
vt 0.786765 0.750000
vt 0.801471 0.735294
vt 0.801471 0.750000
vt 0.816176 0.735294
vt 0.816176 0.750000
vt 0.830882 0.735294
vt 0.830882 0.750000
vt 0.845588 0.735294
vt 0.845588 0.750000
vt 0.639706 0.500000
vt 0.639706 0.514706
vt 0.625000 0.514706
vt 0.639706 0.529412
vt 0.625000 0.529412
vt 0.639706 0.544118
vt 0.625000 0.544118
vt 0.639706 0.558824
vt 0.625000 0.558824
vt 0.639706 0.573529
vt 0.625000 0.573529
vt 0.639706 0.588235
vt 0.625000 0.588235
vt 0.639706 0.602941
vt 0.625000 0.602941
vt 0.639706 0.617647
vt 0.625000 0.617647
vt 0.639706 0.632353
vt 0.625000 0.632353
vt 0.639706 0.647059
vt 0.625000 0.647059
vt 0.639706 0.661765
vt 0.625000 0.661765
vt 0.639706 0.676471
vt 0.625000 0.676471
vt 0.639706 0.691177
vt 0.625000 0.691177
vt 0.639706 0.705882
vt 0.625000 0.705882
vt 0.639706 0.720588
vt 0.625000 0.720588
vt 0.654412 0.500000
vt 0.654412 0.514706
vt 0.654412 0.529412
vt 0.654412 0.544118
vt 0.654412 0.558824
vt 0.654412 0.573529
vt 0.654412 0.588235
vt 0.654412 0.602941
vt 0.654412 0.617647
vt 0.654412 0.632353
vt 0.654412 0.647059
vt 0.654412 0.661765
vt 0.654412 0.676471
vt 0.654412 0.691177
vt 0.654412 0.705882
vt 0.654412 0.720588
vt 0.669118 0.500000
vt 0.669118 0.514706
vt 0.669118 0.529412
vt 0.669118 0.544118
vt 0.669118 0.558824
vt 0.669118 0.573529
vt 0.669118 0.588235
vt 0.669118 0.602941
vt 0.669118 0.617647
vt 0.669118 0.632353
vt 0.669118 0.647059
vt 0.669118 0.661765
vt 0.669118 0.676471
vt 0.669118 0.691177
vt 0.669118 0.705882
vt 0.669118 0.720588
vt 0.683824 0.500000
vt 0.683824 0.514706
vt 0.683824 0.529412
vt 0.683824 0.544118
vt 0.683823 0.558824
vt 0.683823 0.573529
vt 0.683824 0.588235
vt 0.683824 0.602941
vt 0.683823 0.617647
vt 0.683823 0.632353
vt 0.683823 0.647059
vt 0.683824 0.661765
vt 0.683824 0.676471
vt 0.683824 0.691177
vt 0.683824 0.705882
vt 0.683823 0.720588
vt 0.698529 0.500000
vt 0.698529 0.514706
vt 0.698529 0.529412
vt 0.698529 0.544118
vt 0.698529 0.558824
vt 0.698529 0.573529
vt 0.698529 0.588235
vt 0.698529 0.602941
vt 0.698529 0.617647
vt 0.698529 0.632353
vt 0.698529 0.647059
vt 0.698529 0.661765
vt 0.698529 0.676471
vt 0.698529 0.691177
vt 0.698529 0.705882
vt 0.698529 0.720588
vt 0.713235 0.500000
vt 0.713235 0.514706
vt 0.713235 0.529412
vt 0.713235 0.544118
vt 0.713235 0.558824
vt 0.713235 0.573529
vt 0.713235 0.588235
vt 0.713235 0.602941
vt 0.713235 0.617647
vt 0.713235 0.632353
vt 0.713235 0.647059
vt 0.713235 0.661765
vt 0.713235 0.676471
vt 0.713235 0.691177
vt 0.713235 0.705882
vt 0.713235 0.720588
vt 0.727941 0.500000
vt 0.727941 0.514706
vt 0.727941 0.529412
vt 0.727941 0.544118
vt 0.727941 0.558824
vt 0.727941 0.573529
vt 0.727941 0.588235
vt 0.727941 0.602941
vt 0.727941 0.617647
vt 0.727941 0.632353
vt 0.727941 0.647059
vt 0.727941 0.661765
vt 0.727941 0.676471
vt 0.727941 0.691176
vt 0.727941 0.705882
vt 0.727941 0.720588
vt 0.742647 0.500000
vt 0.742647 0.514706
vt 0.742647 0.529412
vt 0.742647 0.544118
vt 0.742647 0.558824
vt 0.742647 0.573529
vt 0.742647 0.588235
vt 0.742647 0.602941
vt 0.742647 0.617647
vt 0.742647 0.632353
vt 0.742647 0.647059
vt 0.742647 0.661765
vt 0.742647 0.676471
vt 0.742647 0.691176
vt 0.742647 0.705882
vt 0.742647 0.720588
vt 0.757353 0.500000
vt 0.757353 0.514706
vt 0.757353 0.529412
vt 0.757353 0.544118
vt 0.757353 0.558824
vt 0.757353 0.573529
vt 0.757353 0.588235
vt 0.757353 0.602941
vt 0.757353 0.617647
vt 0.757353 0.632353
vt 0.757353 0.647059
vt 0.757353 0.661765
vt 0.757353 0.676471
vt 0.757353 0.691176
vt 0.757353 0.705882
vt 0.757353 0.720588
vt 0.772059 0.500000
vt 0.772059 0.514706
vt 0.772059 0.529412
vt 0.772059 0.544118
vt 0.772059 0.558824
vt 0.772059 0.573529
vt 0.772059 0.588235
vt 0.772059 0.602941
vt 0.772059 0.617647
vt 0.772059 0.632353
vt 0.772059 0.647059
vt 0.772059 0.661765
vt 0.772059 0.676471
vt 0.772059 0.691176
vt 0.772059 0.705882
vt 0.772059 0.720588
vt 0.786765 0.500000
vt 0.786765 0.514706
vt 0.786765 0.529412
vt 0.786765 0.544118
vt 0.786765 0.558824
vt 0.786765 0.573529
vt 0.786765 0.588235
vt 0.786765 0.602941
vt 0.786765 0.617647
vt 0.786765 0.632353
vt 0.786765 0.647059
vt 0.786765 0.661765
vt 0.786765 0.676471
vt 0.786765 0.691176
vt 0.786765 0.705882
vt 0.786765 0.720588
vt 0.801471 0.500000
vt 0.801471 0.514706
vt 0.801471 0.529412
vt 0.801471 0.544118
vt 0.801471 0.558824
vt 0.801471 0.573529
vt 0.801471 0.588235
vt 0.801471 0.602941
vt 0.801470 0.617647
vt 0.801470 0.632353
vt 0.801471 0.647059
vt 0.801471 0.661765
vt 0.801471 0.676471
vt 0.801471 0.691176
vt 0.801471 0.705882
vt 0.801471 0.720588
vt 0.816176 0.500000
vt 0.816177 0.514706
vt 0.816177 0.529412
vt 0.816177 0.544118
vt 0.816177 0.558824
vt 0.816177 0.573529
vt 0.816177 0.588235
vt 0.816177 0.602941
vt 0.816177 0.617647
vt 0.816177 0.632353
vt 0.816177 0.647059
vt 0.816177 0.661765
vt 0.816177 0.676471
vt 0.816177 0.691177
vt 0.816177 0.705882
vt 0.816176 0.720588
vt 0.830882 0.500000
vt 0.830882 0.514706
vt 0.830882 0.529412
vt 0.830882 0.544118
vt 0.830882 0.558824
vt 0.830882 0.573529
vt 0.830882 0.588235
vt 0.830882 0.602941
vt 0.830882 0.617647
vt 0.830882 0.632353
vt 0.830882 0.647059
vt 0.830882 0.661765
vt 0.830882 0.676471
vt 0.830882 0.691177
vt 0.830882 0.705882
vt 0.830882 0.720588
vt 0.845588 0.500000
vt 0.845588 0.514706
vt 0.845588 0.529412
vt 0.845588 0.544118
vt 0.845588 0.558824
vt 0.845588 0.573529
vt 0.845588 0.588235
vt 0.845588 0.602941
vt 0.845588 0.617647
vt 0.845588 0.632353
vt 0.845588 0.647059
vt 0.845588 0.661765
vt 0.845588 0.676471
vt 0.845588 0.691177
vt 0.845588 0.705882
vt 0.845588 0.720588
vt 0.860294 0.500000
vt 0.860294 0.514706
vt 0.860294 0.529412
vt 0.860294 0.544118
vt 0.860294 0.558824
vt 0.860294 0.573529
vt 0.860294 0.588235
vt 0.860294 0.602941
vt 0.860294 0.617647
vt 0.860294 0.632353
vt 0.860294 0.647059
vt 0.860294 0.661765
vt 0.860294 0.676471
vt 0.860294 0.691177
vt 0.860294 0.705882
vt 0.860294 0.720588
vt 0.875000 0.514706
vt 0.875000 0.529412
vt 0.875000 0.544118
vt 0.875000 0.558824
vt 0.875000 0.573530
vt 0.875000 0.588235
vt 0.875000 0.602941
vt 0.875000 0.617647
vt 0.875000 0.632353
vt 0.875000 0.647059
vt 0.875000 0.661765
vt 0.875000 0.676471
vt 0.875000 0.691177
vt 0.875000 0.705882
vt 0.875000 0.720588
vt 0.125000 0.735294
vt 0.139706 0.735294
vt 0.139706 0.750000
vt 0.154412 0.735294
vt 0.154412 0.750000
vt 0.169118 0.735294
vt 0.169118 0.750000
vt 0.183824 0.735294
vt 0.183824 0.750000
vt 0.198529 0.735294
vt 0.198529 0.750000
vt 0.213235 0.735294
vt 0.213235 0.750000
vt 0.227941 0.735294
vt 0.227941 0.750000
vt 0.242647 0.735294
vt 0.242647 0.750000
vt 0.257353 0.735294
vt 0.257353 0.750000
vt 0.272059 0.735294
vt 0.272059 0.750000
vt 0.286765 0.735294
vt 0.286765 0.750000
vt 0.301471 0.735294
vt 0.301471 0.750000
vt 0.316176 0.735294
vt 0.316176 0.750000
vt 0.330882 0.735294
vt 0.330882 0.750000
vt 0.345588 0.735294
vt 0.345588 0.750000
vt 0.139706 0.500000
vt 0.139706 0.514706
vt 0.125000 0.514706
vt 0.139706 0.529412
vt 0.125000 0.529412
vt 0.139706 0.544118
vt 0.125000 0.544118
vt 0.139706 0.558824
vt 0.125000 0.558824
vt 0.139706 0.573529
vt 0.125000 0.573529
vt 0.139706 0.588235
vt 0.125000 0.588235
vt 0.139706 0.602941
vt 0.125000 0.602941
vt 0.139706 0.617647
vt 0.125000 0.617647
vt 0.139706 0.632353
vt 0.125000 0.632353
vt 0.139706 0.647059
vt 0.125000 0.647059
vt 0.139706 0.661765
vt 0.125000 0.661765
vt 0.139706 0.676471
vt 0.125000 0.676471
vt 0.139706 0.691177
vt 0.125000 0.691177
vt 0.139706 0.705882
vt 0.125000 0.705882
vt 0.139706 0.720588
vt 0.125000 0.720588
vt 0.154412 0.500000
vt 0.154412 0.514706
vt 0.154412 0.529412
vt 0.154412 0.544118
vt 0.154412 0.558824
vt 0.154412 0.573529
vt 0.154412 0.588235
vt 0.154412 0.602941
vt 0.154412 0.617647
vt 0.154412 0.632353
vt 0.154412 0.647059
vt 0.154412 0.661765
vt 0.154412 0.676471
vt 0.154412 0.691177
vt 0.154412 0.705882
vt 0.154412 0.720588
vt 0.169118 0.500000
vt 0.169118 0.514706
vt 0.169118 0.529412
vt 0.169118 0.544118
vt 0.169118 0.558824
vt 0.169118 0.573529
vt 0.169118 0.588235
vt 0.169118 0.602941
vt 0.169118 0.617647
vt 0.169118 0.632353
vt 0.169118 0.647059
vt 0.169118 0.661765
vt 0.169118 0.676471
vt 0.169118 0.691177
vt 0.169118 0.705882
vt 0.169118 0.720588
vt 0.183824 0.500000
vt 0.183824 0.514706
vt 0.183824 0.529412
vt 0.183824 0.544118
vt 0.183824 0.558824
vt 0.183824 0.573529
vt 0.183824 0.588235
vt 0.183824 0.602941
vt 0.183824 0.617647
vt 0.183824 0.632353
vt 0.183824 0.647059
vt 0.183824 0.661765
vt 0.183824 0.676471
vt 0.183824 0.691177
vt 0.183824 0.705882
vt 0.183824 0.720588
vt 0.198529 0.500000
vt 0.198529 0.514706
vt 0.198529 0.529412
vt 0.198529 0.544118
vt 0.198529 0.558824
vt 0.198529 0.573529
vt 0.198529 0.588235
vt 0.198529 0.602941
vt 0.198529 0.617647
vt 0.198529 0.632353
vt 0.198529 0.647059
vt 0.198529 0.661765
vt 0.198529 0.676471
vt 0.198529 0.691177
vt 0.198529 0.705882
vt 0.198529 0.720588
vt 0.213235 0.500000
vt 0.213235 0.514706
vt 0.213235 0.529412
vt 0.213235 0.544118
vt 0.213235 0.558824
vt 0.213235 0.573529
vt 0.213235 0.588235
vt 0.213235 0.602941
vt 0.213235 0.617647
vt 0.213235 0.632353
vt 0.213235 0.647059
vt 0.213235 0.661765
vt 0.213235 0.676471
vt 0.213235 0.691177
vt 0.213235 0.705882
vt 0.213235 0.720588
vt 0.227941 0.500000
vt 0.227941 0.514706
vt 0.227941 0.529412
vt 0.227941 0.544118
vt 0.227941 0.558824
vt 0.227941 0.573529
vt 0.227941 0.588235
vt 0.227941 0.602941
vt 0.227941 0.617647
vt 0.227941 0.632353
vt 0.227941 0.647059
vt 0.227941 0.661765
vt 0.227941 0.676471
vt 0.227941 0.691176
vt 0.227941 0.705882
vt 0.227941 0.720588
vt 0.242647 0.500000
vt 0.242647 0.514706
vt 0.242647 0.529412
vt 0.242647 0.544118
vt 0.242647 0.558824
vt 0.242647 0.573529
vt 0.242647 0.588235
vt 0.242647 0.602941
vt 0.242647 0.617647
vt 0.242647 0.632353
vt 0.242647 0.647059
vt 0.242647 0.661765
vt 0.242647 0.676471
vt 0.242647 0.691176
vt 0.242647 0.705882
vt 0.242647 0.720588
vt 0.257353 0.500000
vt 0.257353 0.514706
vt 0.257353 0.529412
vt 0.257353 0.544118
vt 0.257353 0.558824
vt 0.257353 0.573529
vt 0.257353 0.588235
vt 0.257353 0.602941
vt 0.257353 0.617647
vt 0.257353 0.632353
vt 0.257353 0.647059
vt 0.257353 0.661765
vt 0.257353 0.676471
vt 0.257353 0.691176
vt 0.257353 0.705882
vt 0.257353 0.720588
vt 0.272059 0.500000
vt 0.272059 0.514706
vt 0.272059 0.529412
vt 0.272059 0.544118
vt 0.272059 0.558824
vt 0.272059 0.573529
vt 0.272059 0.588235
vt 0.272059 0.602941
vt 0.272059 0.617647
vt 0.272059 0.632353
vt 0.272059 0.647059
vt 0.272059 0.661765
vt 0.272059 0.676471
vt 0.272059 0.691176
vt 0.272059 0.705882
vt 0.272059 0.720588
vt 0.286765 0.500000
vt 0.286765 0.514706
vt 0.286765 0.529412
vt 0.286765 0.544118
vt 0.286765 0.558824
vt 0.286765 0.573529
vt 0.286765 0.588235
vt 0.286765 0.602941
vt 0.286765 0.617647
vt 0.286765 0.632353
vt 0.286765 0.647059
vt 0.286765 0.661765
vt 0.286765 0.676471
vt 0.286765 0.691176
vt 0.286765 0.705882
vt 0.286765 0.720588
vt 0.301471 0.500000
vt 0.301471 0.514706
vt 0.301471 0.529412
vt 0.301471 0.544118
vt 0.301471 0.558824
vt 0.301471 0.573529
vt 0.301471 0.588235
vt 0.301471 0.602941
vt 0.301471 0.617647
vt 0.301471 0.632353
vt 0.301471 0.647059
vt 0.301471 0.661765
vt 0.301471 0.676471
vt 0.301471 0.691176
vt 0.301471 0.705882
vt 0.301471 0.720588
vt 0.316176 0.500000
vt 0.316176 0.514706
vt 0.316176 0.529412
vt 0.316176 0.544118
vt 0.316176 0.558824
vt 0.316176 0.573529
vt 0.316176 0.588235
vt 0.316176 0.602941
vt 0.316176 0.617647
vt 0.316176 0.632353
vt 0.316176 0.647059
vt 0.316176 0.661765
vt 0.316176 0.676471
vt 0.316176 0.691177
vt 0.316176 0.705882
vt 0.316176 0.720588
vt 0.330882 0.500000
vt 0.330882 0.514706
vt 0.330882 0.529412
vt 0.330882 0.544118
vt 0.330882 0.558824
vt 0.330882 0.573529
vt 0.330882 0.588235
vt 0.330882 0.602941
vt 0.330882 0.617647
vt 0.330882 0.632353
vt 0.330882 0.647059
vt 0.330882 0.661765
vt 0.330882 0.676471
vt 0.330882 0.691177
vt 0.330882 0.705882
vt 0.330882 0.720588
vt 0.345588 0.500000
vt 0.345588 0.514706
vt 0.345588 0.529412
vt 0.345588 0.544118
vt 0.345588 0.558824
vt 0.345588 0.573529
vt 0.345588 0.588235
vt 0.345588 0.602941
vt 0.345588 0.617647
vt 0.345588 0.632353
vt 0.345588 0.647059
vt 0.345588 0.661765
vt 0.345588 0.676471
vt 0.345588 0.691177
vt 0.345588 0.705882
vt 0.345588 0.720588
vt 0.360294 0.500000
vt 0.360294 0.514706
vt 0.360294 0.529412
vt 0.360294 0.544118
vt 0.360294 0.558824
vt 0.360294 0.573529
vt 0.360294 0.588235
vt 0.360294 0.602941
vt 0.360294 0.617647
vt 0.360294 0.632353
vt 0.360294 0.647059
vt 0.360294 0.661765
vt 0.360294 0.676471
vt 0.360294 0.691177
vt 0.360294 0.705882
vt 0.360294 0.720588
vt 0.375000 0.514706
vt 0.375000 0.529412
vt 0.375000 0.544118
vt 0.375000 0.558824
vt 0.375000 0.573530
vt 0.375000 0.588235
vt 0.375000 0.602941
vt 0.375000 0.617647
vt 0.375000 0.632353
vt 0.375000 0.647059
vt 0.375000 0.661765
vt 0.375000 0.676471
vt 0.375000 0.691177
vt 0.375000 0.705882
vt 0.375000 0.720588
vt 0.375000 0.985294
vt 0.389706 0.985294
vt 0.389706 1.000000
vt 0.404412 0.985294
vt 0.404412 1.000000
vt 0.419118 0.985294
vt 0.419118 1.000000
vt 0.433824 0.985294
vt 0.433824 1.000000
vt 0.448529 0.985294
vt 0.448529 1.000000
vt 0.463235 0.985294
vt 0.463235 1.000000
vt 0.477941 0.985294
vt 0.477941 1.000000
vt 0.492647 0.985294
vt 0.492647 1.000000
vt 0.507353 0.985294
vt 0.507353 1.000000
vt 0.522059 0.985294
vt 0.522059 1.000000
vt 0.536765 0.985294
vt 0.536765 1.000000
vt 0.551471 0.985294
vt 0.551471 1.000000
vt 0.566177 0.985294
vt 0.566177 1.000000
vt 0.580882 0.985294
vt 0.580882 1.000000
vt 0.595588 0.985294
vt 0.595588 1.000000
vt 0.389706 0.750000
vt 0.389706 0.764706
vt 0.375000 0.764706
vt 0.389706 0.779412
vt 0.375000 0.779412
vt 0.389706 0.794118
vt 0.375000 0.794118
vt 0.389706 0.808824
vt 0.375000 0.808823
vt 0.389706 0.823529
vt 0.375000 0.823529
vt 0.389706 0.838235
vt 0.375000 0.838235
vt 0.389706 0.852941
vt 0.375000 0.852941
vt 0.389706 0.867647
vt 0.375000 0.867647
vt 0.389706 0.882353
vt 0.375000 0.882353
vt 0.389706 0.897059
vt 0.375000 0.897059
vt 0.389706 0.911765
vt 0.375000 0.911765
vt 0.389706 0.926471
vt 0.375000 0.926471
vt 0.389706 0.941177
vt 0.375000 0.941176
vt 0.389706 0.955882
vt 0.375000 0.955882
vt 0.389706 0.970588
vt 0.375000 0.970588
vt 0.404412 0.750000
vt 0.404412 0.764706
vt 0.404412 0.779412
vt 0.404412 0.794118
vt 0.404412 0.808824
vt 0.404412 0.823529
vt 0.404412 0.838235
vt 0.404412 0.852941
vt 0.404412 0.867647
vt 0.404412 0.882353
vt 0.404412 0.897059
vt 0.404412 0.911765
vt 0.404412 0.926471
vt 0.404412 0.941177
vt 0.404412 0.955882
vt 0.404412 0.970588
vt 0.419118 0.750000
vt 0.419118 0.764706
vt 0.419118 0.779412
vt 0.419118 0.794118
vt 0.419118 0.808824
vt 0.419118 0.823529
vt 0.419118 0.838235
vt 0.419118 0.852941
vt 0.419118 0.867647
vt 0.419118 0.882353
vt 0.419118 0.897059
vt 0.419118 0.911765
vt 0.419118 0.926471
vt 0.419118 0.941177
vt 0.419118 0.955882
vt 0.419118 0.970588
vt 0.433824 0.750000
vt 0.433824 0.764706
vt 0.433824 0.779412
vt 0.433824 0.794118
vt 0.433824 0.808824
vt 0.433824 0.823529
vt 0.433824 0.838235
vt 0.433824 0.852941
vt 0.433823 0.867647
vt 0.433823 0.882353
vt 0.433823 0.897059
vt 0.433823 0.911765
vt 0.433823 0.926471
vt 0.433824 0.941177
vt 0.433824 0.955882
vt 0.433823 0.970588
vt 0.448529 0.750000
vt 0.448529 0.764706
vt 0.448529 0.779412
vt 0.448529 0.794118
vt 0.448529 0.808824
vt 0.448529 0.823529
vt 0.448529 0.838235
vt 0.448529 0.852941
vt 0.448529 0.867647
vt 0.448529 0.882353
vt 0.448529 0.897059
vt 0.448529 0.911765
vt 0.448529 0.926471
vt 0.448529 0.941177
vt 0.448529 0.955882
vt 0.448529 0.970588
vt 0.463235 0.750000
vt 0.463235 0.764706
vt 0.463235 0.779412
vt 0.463235 0.794118
vt 0.463235 0.808824
vt 0.463235 0.823529
vt 0.463235 0.838235
vt 0.463235 0.852941
vt 0.463235 0.867647
vt 0.463235 0.882353
vt 0.463235 0.897059
vt 0.463235 0.911765
vt 0.463235 0.926471
vt 0.463235 0.941177
vt 0.463235 0.955882
vt 0.463235 0.970588
vt 0.477941 0.750000
vt 0.477941 0.764706
vt 0.477941 0.779412
vt 0.477941 0.794118
vt 0.477941 0.808824
vt 0.477941 0.823529
vt 0.477941 0.838235
vt 0.477941 0.852941
vt 0.477941 0.867647
vt 0.477941 0.882353
vt 0.477941 0.897059
vt 0.477941 0.911765
vt 0.477941 0.926471
vt 0.477941 0.941177
vt 0.477941 0.955882
vt 0.477941 0.970588
vt 0.492647 0.750000
vt 0.492647 0.764706
vt 0.492647 0.779412
vt 0.492647 0.794118
vt 0.492647 0.808824
vt 0.492647 0.823529
vt 0.492647 0.838235
vt 0.492647 0.852941
vt 0.492647 0.867647
vt 0.492647 0.882353
vt 0.492647 0.897059
vt 0.492647 0.911765
vt 0.492647 0.926471
vt 0.492647 0.941177
vt 0.492647 0.955882
vt 0.492647 0.970588
vt 0.507353 0.750000
vt 0.507353 0.764706
vt 0.507353 0.779412
vt 0.507353 0.794118
vt 0.507353 0.808824
vt 0.507353 0.823529
vt 0.507353 0.838235
vt 0.507353 0.852941
vt 0.507353 0.867647
vt 0.507353 0.882353
vt 0.507353 0.897059
vt 0.507353 0.911765
vt 0.507353 0.926471
vt 0.507353 0.941177
vt 0.507353 0.955882
vt 0.507353 0.970588
vt 0.522059 0.750000
vt 0.522059 0.764706
vt 0.522059 0.779412
vt 0.522059 0.794118
vt 0.522059 0.808824
vt 0.522059 0.823529
vt 0.522059 0.838235
vt 0.522059 0.852941
vt 0.522059 0.867647
vt 0.522059 0.882353
vt 0.522059 0.897059
vt 0.522059 0.911765
vt 0.522059 0.926471
vt 0.522059 0.941177
vt 0.522059 0.955882
vt 0.522059 0.970588
vt 0.536765 0.750000
vt 0.536765 0.764706
vt 0.536765 0.779412
vt 0.536765 0.794118
vt 0.536765 0.808824
vt 0.536765 0.823529
vt 0.536765 0.838235
vt 0.536765 0.852941
vt 0.536765 0.867647
vt 0.536765 0.882353
vt 0.536765 0.897059
vt 0.536765 0.911765
vt 0.536765 0.926471
vt 0.536765 0.941177
vt 0.536765 0.955882
vt 0.536765 0.970588
vt 0.551471 0.750000
vt 0.551471 0.764706
vt 0.551471 0.779412
vt 0.551471 0.794118
vt 0.551471 0.808824
vt 0.551471 0.823529
vt 0.551471 0.838235
vt 0.551471 0.852941
vt 0.551471 0.867647
vt 0.551471 0.882353
vt 0.551471 0.897059
vt 0.551471 0.911765
vt 0.551471 0.926471
vt 0.551471 0.941177
vt 0.551471 0.955882
vt 0.551471 0.970588
vt 0.566176 0.750000
vt 0.566176 0.764706
vt 0.566176 0.779412
vt 0.566176 0.794118
vt 0.566176 0.808824
vt 0.566176 0.823529
vt 0.566176 0.838235
vt 0.566176 0.852941
vt 0.566176 0.867647
vt 0.566176 0.882353
vt 0.566176 0.897059
vt 0.566176 0.911765
vt 0.566176 0.926471
vt 0.566176 0.941177
vt 0.566177 0.955882
vt 0.566177 0.970588
vt 0.580882 0.750000
vt 0.580882 0.764706
vt 0.580882 0.779412
vt 0.580882 0.794118
vt 0.580882 0.808824
vt 0.580882 0.823529
vt 0.580882 0.838235
vt 0.580882 0.852941
vt 0.580882 0.867647
vt 0.580882 0.882353
vt 0.580882 0.897059
vt 0.580882 0.911765
vt 0.580882 0.926471
vt 0.580882 0.941177
vt 0.580882 0.955882
vt 0.580882 0.970588
vt 0.595588 0.750000
vt 0.595588 0.764706
vt 0.595588 0.779412
vt 0.595588 0.794118
vt 0.595588 0.808824
vt 0.595588 0.823529
vt 0.595588 0.838235
vt 0.595588 0.852941
vt 0.595588 0.867647
vt 0.595588 0.882353
vt 0.595588 0.897059
vt 0.595588 0.911765
vt 0.595588 0.926471
vt 0.595588 0.941177
vt 0.595588 0.955882
vt 0.595588 0.970588
vt 0.610294 0.764706
vt 0.610294 0.779412
vt 0.610294 0.794118
vt 0.610294 0.808824
vt 0.610294 0.823529
vt 0.610294 0.838235
vt 0.610294 0.852941
vt 0.610294 0.867647
vt 0.610294 0.882353
vt 0.610294 0.897059
vt 0.610294 0.911765
vt 0.610294 0.926471
vt 0.610294 0.941177
vt 0.610294 0.955882
vt 0.610294 0.970588
vt 0.625000 0.764706
vt 0.625000 0.779412
vt 0.625000 0.794118
vt 0.625000 0.808824
vt 0.625000 0.823529
vt 0.625000 0.838235
vt 0.625000 0.852941
vt 0.625000 0.867647
vt 0.625000 0.882353
vt 0.625000 0.897059
vt 0.625000 0.911765
vt 0.625000 0.926471
vt 0.625000 0.941177
vt 0.625000 0.955882
vt 0.625000 0.970588
vt 0.389706 0.735294
vt 0.404412 0.735294
vt 0.419118 0.735294
vt 0.433824 0.735294
vt 0.448529 0.735294
vt 0.463235 0.735294
vt 0.477941 0.735294
vt 0.492647 0.735294
vt 0.507353 0.735294
vt 0.522059 0.735294
vt 0.536765 0.735294
vt 0.551471 0.735294
vt 0.566176 0.735294
vt 0.580882 0.735294
vt 0.595588 0.735294
vt 0.389706 0.500000
vt 0.389706 0.514706
vt 0.389706 0.529412
vt 0.389706 0.544118
vt 0.389706 0.558824
vt 0.389706 0.573529
vt 0.389706 0.588235
vt 0.389706 0.602941
vt 0.389706 0.617647
vt 0.389706 0.632353
vt 0.389706 0.647059
vt 0.389706 0.661765
vt 0.389706 0.676471
vt 0.389706 0.691177
vt 0.389706 0.705882
vt 0.389706 0.720588
vt 0.404412 0.500000
vt 0.404412 0.514706
vt 0.404412 0.529412
vt 0.404412 0.544118
vt 0.404412 0.558824
vt 0.404412 0.573529
vt 0.404412 0.588235
vt 0.404412 0.602941
vt 0.404412 0.617647
vt 0.404412 0.632353
vt 0.404412 0.647059
vt 0.404412 0.661765
vt 0.404412 0.676471
vt 0.404412 0.691177
vt 0.404412 0.705882
vt 0.404412 0.720588
vt 0.419118 0.500000
vt 0.419118 0.514706
vt 0.419118 0.529412
vt 0.419118 0.544118
vt 0.419118 0.558824
vt 0.419118 0.573529
vt 0.419118 0.588235
vt 0.419118 0.602941
vt 0.419118 0.617647
vt 0.419118 0.632353
vt 0.419118 0.647059
vt 0.419118 0.661765
vt 0.419118 0.676471
vt 0.419118 0.691177
vt 0.419118 0.705882
vt 0.419118 0.720588
vt 0.433824 0.500000
vt 0.433824 0.514706
vt 0.433824 0.529412
vt 0.433824 0.544118
vt 0.433824 0.558824
vt 0.433824 0.573529
vt 0.433824 0.588235
vt 0.433824 0.602941
vt 0.433823 0.617647
vt 0.433823 0.632353
vt 0.433823 0.647059
vt 0.433823 0.661765
vt 0.433823 0.676471
vt 0.433824 0.691177
vt 0.433824 0.705882
vt 0.433823 0.720588
vt 0.448529 0.500000
vt 0.448529 0.514706
vt 0.448529 0.529412
vt 0.448529 0.544118
vt 0.448529 0.558824
vt 0.448529 0.573529
vt 0.448529 0.588235
vt 0.448529 0.602941
vt 0.448529 0.617647
vt 0.448529 0.632353
vt 0.448529 0.647059
vt 0.448529 0.661765
vt 0.448529 0.676471
vt 0.448529 0.691176
vt 0.448529 0.705882
vt 0.448529 0.720588
vt 0.463235 0.500000
vt 0.463235 0.514706
vt 0.463235 0.529412
vt 0.463235 0.544118
vt 0.463235 0.558824
vt 0.463235 0.573529
vt 0.463235 0.588235
vt 0.463235 0.602941
vt 0.463235 0.617647
vt 0.463235 0.632353
vt 0.463235 0.647059
vt 0.463235 0.661765
vt 0.463235 0.676471
vt 0.463235 0.691176
vt 0.463235 0.705882
vt 0.463235 0.720588
vt 0.477941 0.500000
vt 0.477941 0.514706
vt 0.477941 0.529412
vt 0.477941 0.544118
vt 0.477941 0.558824
vt 0.477941 0.573529
vt 0.477941 0.588235
vt 0.477941 0.602941
vt 0.477941 0.617647
vt 0.477941 0.632353
vt 0.477941 0.647059
vt 0.477941 0.661765
vt 0.477941 0.676471
vt 0.477941 0.691176
vt 0.477941 0.705882
vt 0.477941 0.720588
vt 0.492647 0.500000
vt 0.492647 0.514706
vt 0.492647 0.529412
vt 0.492647 0.544118
vt 0.492647 0.558824
vt 0.492647 0.573529
vt 0.492647 0.588235
vt 0.492647 0.602941
vt 0.492647 0.617647
vt 0.492647 0.632353
vt 0.492647 0.647059
vt 0.492647 0.661765
vt 0.492647 0.676471
vt 0.492647 0.691176
vt 0.492647 0.705882
vt 0.492647 0.720588
vt 0.507353 0.500000
vt 0.507353 0.514706
vt 0.507353 0.529412
vt 0.507353 0.544118
vt 0.507353 0.558824
vt 0.507353 0.573529
vt 0.507353 0.588235
vt 0.507353 0.602941
vt 0.507353 0.617647
vt 0.507353 0.632353
vt 0.507353 0.647059
vt 0.507353 0.661765
vt 0.507353 0.676471
vt 0.507353 0.691176
vt 0.507353 0.705882
vt 0.507353 0.720588
vt 0.522059 0.500000
vt 0.522059 0.514706
vt 0.522059 0.529412
vt 0.522059 0.544118
vt 0.522059 0.558824
vt 0.522059 0.573529
vt 0.522059 0.588235
vt 0.522059 0.602941
vt 0.522059 0.617647
vt 0.522059 0.632353
vt 0.522059 0.647059
vt 0.522059 0.661765
vt 0.522059 0.676471
vt 0.522059 0.691176
vt 0.522059 0.705882
vt 0.522059 0.720588
vt 0.536765 0.500000
vt 0.536765 0.514706
vt 0.536765 0.529412
vt 0.536765 0.544118
vt 0.536765 0.558824
vt 0.536765 0.573529
vt 0.536765 0.588235
vt 0.536765 0.602941
vt 0.536765 0.617647
vt 0.536765 0.632353
vt 0.536765 0.647059
vt 0.536765 0.661765
vt 0.536765 0.676471
vt 0.536765 0.691177
vt 0.536765 0.705882
vt 0.536765 0.720588
vt 0.551471 0.500000
vt 0.551471 0.514706
vt 0.551471 0.529412
vt 0.551471 0.544118
vt 0.551471 0.558824
vt 0.551471 0.573529
vt 0.551471 0.588235
vt 0.551471 0.602941
vt 0.551471 0.617647
vt 0.551471 0.632353
vt 0.551471 0.647059
vt 0.551471 0.661765
vt 0.551471 0.676471
vt 0.551471 0.691177
vt 0.551471 0.705882
vt 0.551471 0.720588
vt 0.566176 0.500000
vt 0.566176 0.514706
vt 0.566176 0.529412
vt 0.566176 0.544118
vt 0.566176 0.558824
vt 0.566176 0.573529
vt 0.566176 0.588235
vt 0.566176 0.602941
vt 0.566176 0.617647
vt 0.566176 0.632353
vt 0.566176 0.647059
vt 0.566176 0.661765
vt 0.566176 0.676471
vt 0.566176 0.691177
vt 0.566176 0.705882
vt 0.566176 0.720588
vt 0.580882 0.500000
vt 0.580882 0.514706
vt 0.580882 0.529412
vt 0.580882 0.544118
vt 0.580882 0.558824
vt 0.580882 0.573529
vt 0.580882 0.588235
vt 0.580882 0.602941
vt 0.580882 0.617647
vt 0.580882 0.632353
vt 0.580882 0.647059
vt 0.580882 0.661765
vt 0.580882 0.676471
vt 0.580882 0.691177
vt 0.580882 0.705882
vt 0.580882 0.720588
vt 0.595588 0.500000
vt 0.595588 0.514706
vt 0.595588 0.529412
vt 0.595588 0.544118
vt 0.595588 0.558824
vt 0.595588 0.573529
vt 0.595588 0.588235
vt 0.595588 0.602941
vt 0.595588 0.617647
vt 0.595588 0.632353
vt 0.595588 0.647059
vt 0.595588 0.661765
vt 0.595588 0.676471
vt 0.595588 0.691177
vt 0.595588 0.705882
vt 0.595588 0.720588
vt 0.610294 0.514706
vt 0.610294 0.529412
vt 0.610294 0.544118
vt 0.610294 0.558824
vt 0.610294 0.573529
vt 0.610294 0.588235
vt 0.610294 0.602941
vt 0.610294 0.617647
vt 0.610294 0.632353
vt 0.610294 0.647059
vt 0.610294 0.661765
vt 0.610294 0.676471
vt 0.610294 0.691177
vt 0.610294 0.705882
vt 0.610294 0.720588
vt 0.375000 0.485294
vt 0.389706 0.485294
vt 0.404412 0.485294
vt 0.419118 0.485294
vt 0.433824 0.485294
vt 0.448529 0.485294
vt 0.463235 0.485294
vt 0.477941 0.485294
vt 0.492647 0.485294
vt 0.507353 0.485294
vt 0.522059 0.485294
vt 0.536765 0.485294
vt 0.551471 0.485294
vt 0.566176 0.485294
vt 0.580882 0.485294
vt 0.595588 0.485294
vt 0.389706 0.250000
vt 0.389706 0.264706
vt 0.375000 0.264706
vt 0.389706 0.279412
vt 0.375000 0.279412
vt 0.389706 0.294118
vt 0.375000 0.294118
vt 0.389706 0.308824
vt 0.375000 0.308824
vt 0.389706 0.323529
vt 0.375000 0.323529
vt 0.389706 0.338235
vt 0.375000 0.338235
vt 0.389706 0.352941
vt 0.375000 0.352941
vt 0.389706 0.367647
vt 0.375000 0.367647
vt 0.389706 0.382353
vt 0.375000 0.382353
vt 0.389706 0.397059
vt 0.375000 0.397059
vt 0.389706 0.411765
vt 0.375000 0.411765
vt 0.389706 0.426471
vt 0.375000 0.426471
vt 0.389706 0.441176
vt 0.375000 0.441176
vt 0.389706 0.455882
vt 0.375000 0.455882
vt 0.389706 0.470588
vt 0.375000 0.470588
vt 0.404412 0.250000
vt 0.404412 0.264706
vt 0.404412 0.279412
vt 0.404412 0.294118
vt 0.404412 0.308824
vt 0.404412 0.323529
vt 0.404412 0.338235
vt 0.404412 0.352941
vt 0.404412 0.367647
vt 0.404412 0.382353
vt 0.404412 0.397059
vt 0.404412 0.411765
vt 0.404412 0.426471
vt 0.404412 0.441176
vt 0.404412 0.455882
vt 0.404412 0.470588
vt 0.419118 0.250000
vt 0.419118 0.264706
vt 0.419118 0.279412
vt 0.419118 0.294118
vt 0.419118 0.308824
vt 0.419118 0.323529
vt 0.419118 0.338235
vt 0.419118 0.352941
vt 0.419118 0.367647
vt 0.419118 0.382353
vt 0.419118 0.397059
vt 0.419118 0.411765
vt 0.419118 0.426471
vt 0.419118 0.441176
vt 0.419118 0.455882
vt 0.419118 0.470588
vt 0.433824 0.250000
vt 0.433824 0.264706
vt 0.433824 0.279412
vt 0.433824 0.294118
vt 0.433824 0.308824
vt 0.433824 0.323529
vt 0.433824 0.338235
vt 0.433824 0.352941
vt 0.433823 0.367647
vt 0.433823 0.382353
vt 0.433823 0.397059
vt 0.433823 0.411765
vt 0.433823 0.426471
vt 0.433824 0.441176
vt 0.433824 0.455882
vt 0.433823 0.470588
vt 0.448529 0.250000
vt 0.448529 0.264706
vt 0.448529 0.279412
vt 0.448529 0.294118
vt 0.448529 0.308824
vt 0.448529 0.323529
vt 0.448529 0.338235
vt 0.448529 0.352941
vt 0.448529 0.367647
vt 0.448529 0.382353
vt 0.448529 0.397059
vt 0.448529 0.411765
vt 0.448529 0.426471
vt 0.448529 0.441176
vt 0.448529 0.455882
vt 0.448529 0.470588
vt 0.463235 0.250000
vt 0.463235 0.264706
vt 0.463235 0.279412
vt 0.463235 0.294118
vt 0.463235 0.308824
vt 0.463235 0.323529
vt 0.463235 0.338235
vt 0.463235 0.352941
vt 0.463235 0.367647
vt 0.463235 0.382353
vt 0.463235 0.397059
vt 0.463235 0.411765
vt 0.463235 0.426471
vt 0.463235 0.441176
vt 0.463235 0.455882
vt 0.463235 0.470588
vt 0.477941 0.250000
vt 0.477941 0.264706
vt 0.477941 0.279412
vt 0.477941 0.294118
vt 0.477941 0.308824
vt 0.477941 0.323529
vt 0.477941 0.338235
vt 0.477941 0.352941
vt 0.477941 0.367647
vt 0.477941 0.382353
vt 0.477941 0.397059
vt 0.477941 0.411765
vt 0.477941 0.426471
vt 0.477941 0.441176
vt 0.477941 0.455882
vt 0.477941 0.470588
vt 0.492647 0.250000
vt 0.492647 0.264706
vt 0.492647 0.279412
vt 0.492647 0.294118
vt 0.492647 0.308824
vt 0.492647 0.323529
vt 0.492647 0.338235
vt 0.492647 0.352941
vt 0.492647 0.367647
vt 0.492647 0.382353
vt 0.492647 0.397059
vt 0.492647 0.411765
vt 0.492647 0.426471
vt 0.492647 0.441176
vt 0.492647 0.455882
vt 0.492647 0.470588
vt 0.507353 0.250000
vt 0.507353 0.264706
vt 0.507353 0.279412
vt 0.507353 0.294118
vt 0.507353 0.308824
vt 0.507353 0.323529
vt 0.507353 0.338235
vt 0.507353 0.352941
vt 0.507353 0.367647
vt 0.507353 0.382353
vt 0.507353 0.397059
vt 0.507353 0.411765
vt 0.507353 0.426471
vt 0.507353 0.441176
vt 0.507353 0.455882
vt 0.507353 0.470588
vt 0.522059 0.250000
vt 0.522059 0.264706
vt 0.522059 0.279412
vt 0.522059 0.294118
vt 0.522059 0.308824
vt 0.522059 0.323529
vt 0.522059 0.338235
vt 0.522059 0.352941
vt 0.522059 0.367647
vt 0.522059 0.382353
vt 0.522059 0.397059
vt 0.522059 0.411765
vt 0.522059 0.426471
vt 0.522059 0.441176
vt 0.522059 0.455882
vt 0.522059 0.470588
vt 0.536765 0.250000
vt 0.536765 0.264706
vt 0.536765 0.279412
vt 0.536765 0.294118
vt 0.536765 0.308824
vt 0.536765 0.323529
vt 0.536765 0.338235
vt 0.536765 0.352941
vt 0.536765 0.367647
vt 0.536765 0.382353
vt 0.536765 0.397059
vt 0.536765 0.411765
vt 0.536765 0.426471
vt 0.536765 0.441176
vt 0.536765 0.455882
vt 0.536765 0.470588
vt 0.551471 0.250000
vt 0.551471 0.264706
vt 0.551471 0.279412
vt 0.551471 0.294118
vt 0.551471 0.308824
vt 0.551471 0.323529
vt 0.551471 0.338235
vt 0.551471 0.352941
vt 0.551471 0.367647
vt 0.551471 0.382353
vt 0.551471 0.397059
vt 0.551471 0.411765
vt 0.551471 0.426471
vt 0.551471 0.441176
vt 0.551471 0.455882
vt 0.551471 0.470588
vt 0.566176 0.250000
vt 0.566176 0.264706
vt 0.566176 0.279412
vt 0.566176 0.294118
vt 0.566176 0.308824
vt 0.566176 0.323529
vt 0.566176 0.338235
vt 0.566176 0.352941
vt 0.566176 0.367647
vt 0.566176 0.382353
vt 0.566176 0.397059
vt 0.566176 0.411765
vt 0.566176 0.426471
vt 0.566176 0.441176
vt 0.566176 0.455882
vt 0.566176 0.470588
vt 0.580882 0.250000
vt 0.580882 0.264706
vt 0.580882 0.279412
vt 0.580882 0.294118
vt 0.580882 0.308824
vt 0.580882 0.323529
vt 0.580882 0.338235
vt 0.580882 0.352941
vt 0.580882 0.367647
vt 0.580882 0.382353
vt 0.580882 0.397059
vt 0.580882 0.411765
vt 0.580882 0.426471
vt 0.580882 0.441176
vt 0.580882 0.455882
vt 0.580882 0.470588
vt 0.595588 0.250000
vt 0.595588 0.264706
vt 0.595588 0.279412
vt 0.595588 0.294118
vt 0.595588 0.308824
vt 0.595588 0.323529
vt 0.595588 0.338235
vt 0.595588 0.352941
vt 0.595588 0.367647
vt 0.595588 0.382353
vt 0.595588 0.397059
vt 0.595588 0.411765
vt 0.595588 0.426471
vt 0.595588 0.441176
vt 0.595588 0.455882
vt 0.595588 0.470588
vt 0.610294 0.264706
vt 0.610294 0.279412
vt 0.610294 0.294118
vt 0.610294 0.308824
vt 0.610294 0.323529
vt 0.610294 0.338235
vt 0.610294 0.352941
vt 0.610294 0.367647
vt 0.610294 0.382353
vt 0.610294 0.397059
vt 0.610294 0.411765
vt 0.610294 0.426471
vt 0.610294 0.441176
vt 0.610294 0.455882
vt 0.610294 0.470588
vt 0.625000 0.264706
vt 0.625000 0.279412
vt 0.625000 0.294118
vt 0.625000 0.308824
vt 0.625000 0.323529
vt 0.625000 0.338235
vt 0.625000 0.352941
vt 0.625000 0.367647
vt 0.625000 0.382353
vt 0.625000 0.397059
vt 0.625000 0.411765
vt 0.625000 0.426471
vt 0.625000 0.441176
vt 0.625000 0.455882
vt 0.625000 0.470588
vt 0.375000 0.235294
vt 0.389706 0.235294
vt 0.404412 0.235294
vt 0.419118 0.235294
vt 0.433824 0.235294
vt 0.448529 0.235294
vt 0.463235 0.235294
vt 0.477941 0.235294
vt 0.492647 0.235294
vt 0.507353 0.235294
vt 0.522059 0.235294
vt 0.536765 0.235294
vt 0.551471 0.235294
vt 0.566176 0.235294
vt 0.580882 0.235294
vt 0.595588 0.235294
vt 0.389706 0.000000
vt 0.389706 0.014706
vt 0.375000 0.014706
vt 0.389706 0.029412
vt 0.375000 0.029412
vt 0.389706 0.044118
vt 0.375000 0.044118
vt 0.389706 0.058824
vt 0.375000 0.058824
vt 0.389706 0.073529
vt 0.375000 0.073529
vt 0.389706 0.088235
vt 0.375000 0.088235
vt 0.389706 0.102941
vt 0.375000 0.102941
vt 0.389706 0.117647
vt 0.375000 0.117647
vt 0.389706 0.132353
vt 0.375000 0.132353
vt 0.389706 0.147059
vt 0.375000 0.147059
vt 0.389706 0.161765
vt 0.375000 0.161765
vt 0.389706 0.176471
vt 0.375000 0.176471
vt 0.389706 0.191176
vt 0.375000 0.191176
vt 0.389706 0.205882
vt 0.375000 0.205882
vt 0.389706 0.220588
vt 0.375000 0.220588
vt 0.404412 0.000000
vt 0.404412 0.014706
vt 0.404412 0.029412
vt 0.404412 0.044118
vt 0.404412 0.058824
vt 0.404412 0.073529
vt 0.404412 0.088235
vt 0.404412 0.102941
vt 0.404412 0.117647
vt 0.404412 0.132353
vt 0.404412 0.147059
vt 0.404412 0.161765
vt 0.404412 0.176471
vt 0.404412 0.191176
vt 0.404412 0.205882
vt 0.404412 0.220588
vt 0.419118 0.000000
vt 0.419118 0.014706
vt 0.419118 0.029412
vt 0.419118 0.044118
vt 0.419118 0.058824
vt 0.419118 0.073529
vt 0.419118 0.088235
vt 0.419118 0.102941
vt 0.419118 0.117647
vt 0.419118 0.132353
vt 0.419118 0.147059
vt 0.419118 0.161765
vt 0.419118 0.176471
vt 0.419118 0.191176
vt 0.419118 0.205882
vt 0.419118 0.220588
vt 0.433824 0.000000
vt 0.433824 0.014706
vt 0.433824 0.029412
vt 0.433824 0.044118
vt 0.433824 0.058824
vt 0.433824 0.073529
vt 0.433824 0.088235
vt 0.433824 0.102941
vt 0.433823 0.117647
vt 0.433823 0.132353
vt 0.433823 0.147059
vt 0.433823 0.161765
vt 0.433823 0.176471
vt 0.433824 0.191176
vt 0.433824 0.205882
vt 0.433823 0.220588
vt 0.448529 0.000000
vt 0.448529 0.014706
vt 0.448529 0.029412
vt 0.448529 0.044118
vt 0.448529 0.058824
vt 0.448529 0.073529
vt 0.448529 0.088235
vt 0.448529 0.102941
vt 0.448529 0.117647
vt 0.448529 0.132353
vt 0.448529 0.147059
vt 0.448529 0.161765
vt 0.448529 0.176471
vt 0.448529 0.191176
vt 0.448529 0.205882
vt 0.448529 0.220588
vt 0.463235 0.000000
vt 0.463235 0.014706
vt 0.463235 0.029412
vt 0.463235 0.044118
vt 0.463235 0.058824
vt 0.463235 0.073529
vt 0.463235 0.088235
vt 0.463235 0.102941
vt 0.463235 0.117647
vt 0.463235 0.132353
vt 0.463235 0.147059
vt 0.463235 0.161765
vt 0.463235 0.176471
vt 0.463235 0.191176
vt 0.463235 0.205882
vt 0.463235 0.220588
vt 0.477941 0.000000
vt 0.477941 0.014706
vt 0.477941 0.029412
vt 0.477941 0.044118
vt 0.477941 0.058824
vt 0.477941 0.073529
vt 0.477941 0.088235
vt 0.477941 0.102941
vt 0.477941 0.117647
vt 0.477941 0.132353
vt 0.477941 0.147059
vt 0.477941 0.161765
vt 0.477941 0.176471
vt 0.477941 0.191176
vt 0.477941 0.205882
vt 0.477941 0.220588
vt 0.492647 0.000000
vt 0.492647 0.014706
vt 0.492647 0.029412
vt 0.492647 0.044118
vt 0.492647 0.058824
vt 0.492647 0.073529
vt 0.492647 0.088235
vt 0.492647 0.102941
vt 0.492647 0.117647
vt 0.492647 0.132353
vt 0.492647 0.147059
vt 0.492647 0.161765
vt 0.492647 0.176471
vt 0.492647 0.191176
vt 0.492647 0.205882
vt 0.492647 0.220588
vt 0.507353 0.000000
vt 0.507353 0.014706
vt 0.507353 0.029412
vt 0.507353 0.044118
vt 0.507353 0.058824
vt 0.507353 0.073529
vt 0.507353 0.088235
vt 0.507353 0.102941
vt 0.507353 0.117647
vt 0.507353 0.132353
vt 0.507353 0.147059
vt 0.507353 0.161765
vt 0.507353 0.176471
vt 0.507353 0.191176
vt 0.507353 0.205882
vt 0.507353 0.220588
vt 0.522059 0.000000
vt 0.522059 0.014706
vt 0.522059 0.029412
vt 0.522059 0.044118
vt 0.522059 0.058824
vt 0.522059 0.073529
vt 0.522059 0.088235
vt 0.522059 0.102941
vt 0.522059 0.117647
vt 0.522059 0.132353
vt 0.522059 0.147059
vt 0.522059 0.161765
vt 0.522059 0.176471
vt 0.522059 0.191176
vt 0.522059 0.205882
vt 0.522059 0.220588
vt 0.536765 0.000000
vt 0.536765 0.014706
vt 0.536765 0.029412
vt 0.536765 0.044118
vt 0.536765 0.058824
vt 0.536765 0.073529
vt 0.536765 0.088235
vt 0.536765 0.102941
vt 0.536765 0.117647
vt 0.536765 0.132353
vt 0.536765 0.147059
vt 0.536765 0.161765
vt 0.536765 0.176471
vt 0.536765 0.191176
vt 0.536765 0.205882
vt 0.536765 0.220588
vt 0.551471 0.000000
vt 0.551471 0.014706
vt 0.551471 0.029412
vt 0.551471 0.044118
vt 0.551471 0.058824
vt 0.551471 0.073529
vt 0.551471 0.088235
vt 0.551471 0.102941
vt 0.551471 0.117647
vt 0.551471 0.132353
vt 0.551471 0.147059
vt 0.551471 0.161765
vt 0.551471 0.176471
vt 0.551471 0.191176
vt 0.551471 0.205882
vt 0.551471 0.220588
vt 0.566177 0.000000
vt 0.566177 0.014706
vt 0.566177 0.029412
vt 0.566177 0.044118
vt 0.566176 0.058824
vt 0.566176 0.073529
vt 0.566176 0.088235
vt 0.566176 0.102941
vt 0.566176 0.117647
vt 0.566176 0.132353
vt 0.566176 0.147059
vt 0.566176 0.161765
vt 0.566176 0.176471
vt 0.566176 0.191176
vt 0.566176 0.205882
vt 0.566176 0.220588
vt 0.580882 0.000000
vt 0.580882 0.014706
vt 0.580882 0.029412
vt 0.580882 0.044118
vt 0.580882 0.058824
vt 0.580882 0.073529
vt 0.580882 0.088235
vt 0.580882 0.102941
vt 0.580882 0.117647
vt 0.580882 0.132353
vt 0.580882 0.147059
vt 0.580882 0.161765
vt 0.580882 0.176471
vt 0.580882 0.191176
vt 0.580882 0.205882
vt 0.580882 0.220588
vt 0.595588 0.000000
vt 0.595588 0.014706
vt 0.595588 0.029412
vt 0.595588 0.044118
vt 0.595588 0.058824
vt 0.595588 0.073529
vt 0.595588 0.088235
vt 0.595588 0.102941
vt 0.595588 0.117647
vt 0.595588 0.132353
vt 0.595588 0.147059
vt 0.595588 0.161765
vt 0.595588 0.176471
vt 0.595588 0.191176
vt 0.595588 0.205882
vt 0.595588 0.220588
vt 0.610294 0.000000
vt 0.610294 0.014706
vt 0.610294 0.029412
vt 0.610294 0.044118
vt 0.610294 0.058824
vt 0.610294 0.073529
vt 0.610294 0.088235
vt 0.610294 0.102941
vt 0.610294 0.117647
vt 0.610294 0.132353
vt 0.610294 0.147059
vt 0.610294 0.161765
vt 0.610294 0.176471
vt 0.610294 0.191176
vt 0.610294 0.205882
vt 0.610294 0.220588
vt 0.625000 0.014706
vt 0.625000 0.029412
vt 0.625000 0.044118
vt 0.625000 0.058824
vt 0.625000 0.073529
vt 0.625000 0.088235
vt 0.625000 0.102941
vt 0.625000 0.117647
vt 0.625000 0.132353
vt 0.625000 0.147059
vt 0.625000 0.161765
vt 0.625000 0.176471
vt 0.625000 0.191176
vt 0.625000 0.205882
vt 0.625000 0.220588
s 1
usemtl Material.010
f 1/1/1 5/2/1 7/3/1 3/4/1
f 4/5/2 3/4/2 7/6/2 8/7/2
f 8/8/3 7/9/3 5/10/3 6/11/3
f 6/12/4 2/13/4 4/5/4 8/14/4
f 2/13/5 1/1/5 3/4/5 4/5/5
f 6/11/6 5/10/6 1/1/6 2/13/6
f 1744/15/7 64/16/7 12/10/7 65/17/7
f 1488/18/8 112/19/8 16/1/8 113/20/8
f 1232/21/9 160/22/9 14/4/9 161/23/9
f 976/24/10 208/25/10 10/6/10 48/26/10
f 720/27/11 129/28/11 13/5/11 192/29/11
f 464/30/12 49/31/12 10/3/12 208/32/12
f 160/22/13 224/33/13 193/34/13 14/4/13
f 224/33/14 240/35/14 194/36/14 193/34/14
f 240/35/15 256/37/15 195/38/15 194/36/15
f 256/37/16 272/39/16 196/40/16 195/38/16
f 272/39/17 288/41/17 197/42/17 196/40/17
f 288/41/18 304/43/18 198/44/18 197/42/18
f 304/43/19 320/45/19 199/46/19 198/44/19
f 320/45/20 336/47/20 200/48/20 199/46/20
f 336/47/21 352/49/21 201/50/21 200/48/21
f 352/49/22 368/51/22 202/52/22 201/50/22
f 368/51/23 384/53/23 203/54/23 202/52/23
f 384/53/24 400/55/24 204/56/24 203/54/24
f 400/55/25 416/57/25 205/58/25 204/56/25
f 416/57/26 432/59/26 206/60/26 205/58/26
f 432/59/27 448/61/27 207/62/27 206/60/27
f 448/61/28 464/30/28 208/32/28 207/62/28
f 16/1/29 112/63/29 209/64/29 145/65/29
f 145/65/30 209/64/30 210/66/30 146/67/30
f 146/67/31 210/66/31 211/68/31 147/69/31
f 147/69/32 211/68/32 212/70/32 148/71/32
f 148/71/33 212/70/33 213/72/33 149/73/33
f 149/73/34 213/72/34 214/74/34 150/75/34
f 150/75/35 214/74/35 215/76/35 151/77/35
f 151/77/36 215/76/36 216/78/36 152/79/36
f 152/79/37 216/78/37 217/80/37 153/81/37
f 153/81/38 217/80/38 218/82/38 154/83/38
f 154/83/39 218/82/39 219/84/39 155/85/39
f 155/85/40 219/84/40 220/86/40 156/87/40
f 156/87/41 220/86/41 221/88/41 157/89/41
f 157/89/42 221/88/42 222/90/42 158/91/42
f 158/91/43 222/90/43 223/92/43 159/93/43
f 159/93/44 223/92/44 224/33/44 160/22/44
f 112/63/45 111/94/45 225/95/45 209/64/45
f 209/64/46 225/95/46 226/96/46 210/66/46
f 210/66/47 226/96/47 227/97/47 211/68/47
f 211/68/48 227/97/48 228/98/48 212/70/48
f 212/70/49 228/98/49 229/99/49 213/72/49
f 213/72/50 229/99/50 230/100/50 214/74/50
f 214/74/51 230/100/51 231/101/51 215/76/51
f 215/76/52 231/101/52 232/102/52 216/78/52
f 216/78/53 232/102/53 233/103/53 217/80/53
f 217/80/54 233/103/54 234/104/54 218/82/54
f 218/82/55 234/104/55 235/105/55 219/84/55
f 219/84/56 235/105/56 236/106/56 220/86/56
f 220/86/57 236/106/57 237/107/57 221/88/57
f 221/88/58 237/107/58 238/108/58 222/90/58
f 222/90/59 238/108/59 239/109/59 223/92/59
f 223/92/60 239/109/60 240/35/60 224/33/60
f 111/94/61 110/110/61 241/111/61 225/95/61
f 225/95/62 241/111/62 242/112/62 226/96/62
f 226/96/63 242/112/63 243/113/63 227/97/63
f 227/97/64 243/113/64 244/114/64 228/98/64
f 228/98/65 244/114/65 245/115/65 229/99/65
f 229/99/66 245/115/66 246/116/66 230/100/66
f 230/100/67 246/116/67 247/117/67 231/101/67
f 231/101/68 247/117/68 248/118/68 232/102/68
f 232/102/69 248/118/69 249/119/69 233/103/69
f 233/103/70 249/119/70 250/120/70 234/104/70
f 234/104/71 250/120/71 251/121/71 235/105/71
f 235/105/72 251/121/72 252/122/72 236/106/72
f 236/106/73 252/122/73 253/123/73 237/107/73
f 237/107/74 253/123/74 254/124/74 238/108/74
f 238/108/75 254/124/75 255/125/75 239/109/75
f 239/109/76 255/125/76 256/37/76 240/35/76
f 110/110/77 109/126/77 257/127/77 241/111/77
f 241/111/78 257/127/78 258/128/78 242/112/78
f 242/112/79 258/128/79 259/129/79 243/113/79
f 243/113/80 259/129/80 260/130/80 244/114/80
f 244/114/81 260/130/81 261/131/81 245/115/81
f 245/115/82 261/131/82 262/132/82 246/116/82
f 246/116/83 262/132/83 263/133/83 247/117/83
f 247/117/84 263/133/84 264/134/84 248/118/84
f 248/118/85 264/134/85 265/135/85 249/119/85
f 249/119/86 265/135/86 266/136/86 250/120/86
f 250/120/87 266/136/87 267/137/87 251/121/87
f 251/121/88 267/137/88 268/138/88 252/122/88
f 252/122/89 268/138/89 269/139/89 253/123/89
f 253/123/90 269/139/90 270/140/90 254/124/90
f 254/124/91 270/140/91 271/141/91 255/125/91
f 255/125/92 271/141/92 272/39/92 256/37/92
f 109/126/93 108/142/93 273/143/93 257/127/93
f 257/127/94 273/143/94 274/144/94 258/128/94
f 258/128/95 274/144/95 275/145/95 259/129/95
f 259/129/96 275/145/96 276/146/96 260/130/96
f 260/130/97 276/146/97 277/147/97 261/131/97
f 261/131/98 277/147/98 278/148/98 262/132/98
f 262/132/99 278/148/99 279/149/99 263/133/99
f 263/133/100 279/149/100 280/150/100 264/134/100
f 264/134/101 280/150/101 281/151/101 265/135/101
f 265/135/102 281/151/102 282/152/102 266/136/102
f 266/136/103 282/152/103 283/153/103 267/137/103
f 267/137/104 283/153/104 284/154/104 268/138/104
f 268/138/105 284/154/105 285/155/105 269/139/105
f 269/139/106 285/155/106 286/156/106 270/140/106
f 270/140/107 286/156/107 287/157/107 271/141/107
f 271/141/108 287/157/108 288/41/108 272/39/108
f 108/142/109 107/158/109 289/159/109 273/143/109
f 273/143/110 289/159/110 290/160/110 274/144/110
f 274/144/111 290/160/111 291/161/111 275/145/111
f 275/145/112 291/161/112 292/162/112 276/146/112
f 276/146/113 292/162/113 293/163/113 277/147/113
f 277/147/114 293/163/114 294/164/114 278/148/114
f 278/148/115 294/164/115 295/165/115 279/149/115
f 279/149/116 295/165/116 296/166/116 280/150/116
f 280/150/117 296/166/117 297/167/117 281/151/117
f 281/151/118 297/167/118 298/168/118 282/152/118
f 282/152/119 298/168/119 299/169/119 283/153/119
f 283/153/120 299/169/120 300/170/120 284/154/120
f 284/154/121 300/170/121 301/171/121 285/155/121
f 285/155/122 301/171/122 302/172/122 286/156/122
f 286/156/123 302/172/123 303/173/123 287/157/123
f 287/157/124 303/173/124 304/43/124 288/41/124
f 107/158/125 106/174/125 305/175/125 289/159/125
f 289/159/126 305/175/126 306/176/126 290/160/126
f 290/160/127 306/176/127 307/177/127 291/161/127
f 291/161/128 307/177/128 308/178/128 292/162/128
f 292/162/129 308/178/129 309/179/129 293/163/129
f 293/163/130 309/179/130 310/180/130 294/164/130
f 294/164/131 310/180/131 311/181/131 295/165/131
f 295/165/132 311/181/132 312/182/132 296/166/132
f 296/166/133 312/182/133 313/183/133 297/167/133
f 297/167/134 313/183/134 314/184/134 298/168/134
f 298/168/135 314/184/135 315/185/135 299/169/135
f 299/169/136 315/185/136 316/186/136 300/170/136
f 300/170/137 316/186/137 317/187/137 301/171/137
f 301/171/138 317/187/138 318/188/138 302/172/138
f 302/172/139 318/188/139 319/189/139 303/173/139
f 303/173/140 319/189/140 320/45/140 304/43/140
f 106/174/141 105/190/141 321/191/141 305/175/141
f 305/175/142 321/191/142 322/192/142 306/176/142
f 306/176/143 322/192/143 323/193/143 307/177/143
f 307/177/144 323/193/144 324/194/144 308/178/144
f 308/178/145 324/194/145 325/195/145 309/179/145
f 309/179/146 325/195/146 326/196/146 310/180/146
f 310/180/147 326/196/147 327/197/147 311/181/147
f 311/181/148 327/197/148 328/198/148 312/182/148
f 312/182/149 328/198/149 329/199/149 313/183/149
f 313/183/150 329/199/150 330/200/150 314/184/150
f 314/184/151 330/200/151 331/201/151 315/185/151
f 315/185/152 331/201/152 332/202/152 316/186/152
f 316/186/153 332/202/153 333/203/153 317/187/153
f 317/187/154 333/203/154 334/204/154 318/188/154
f 318/188/155 334/204/155 335/205/155 319/189/155
f 319/189/156 335/205/156 336/47/156 320/45/156
f 105/190/157 104/206/157 337/207/157 321/191/157
f 321/191/158 337/207/158 338/208/158 322/192/158
f 322/192/159 338/208/159 339/209/159 323/193/159
f 323/193/160 339/209/160 340/210/160 324/194/160
f 324/194/161 340/210/161 341/211/161 325/195/161
f 325/195/162 341/211/162 342/212/162 326/196/162
f 326/196/163 342/212/163 343/213/163 327/197/163
f 327/197/164 343/213/164 344/214/164 328/198/164
f 328/198/165 344/214/165 345/215/165 329/199/165
f 329/199/166 345/215/166 346/216/166 330/200/166
f 330/200/167 346/216/167 347/217/167 331/201/167
f 331/201/168 347/217/168 348/218/168 332/202/168
f 332/202/169 348/218/169 349/219/169 333/203/169
f 333/203/170 349/219/170 350/220/170 334/204/170
f 334/204/171 350/220/171 351/221/171 335/205/171
f 335/205/172 351/221/172 352/49/172 336/47/172
f 104/206/173 103/222/173 353/223/173 337/207/173
f 337/207/174 353/223/174 354/224/174 338/208/174
f 338/208/175 354/224/175 355/225/175 339/209/175
f 339/209/176 355/225/176 356/226/176 340/210/176
f 340/210/177 356/226/177 357/227/177 341/211/177
f 341/211/178 357/227/178 358/228/178 342/212/178
f 342/212/179 358/228/179 359/229/179 343/213/179
f 343/213/180 359/229/180 360/230/180 344/214/180
f 344/214/181 360/230/181 361/231/181 345/215/181
f 345/215/182 361/231/182 362/232/182 346/216/182
f 346/216/183 362/232/183 363/233/183 347/217/183
f 347/217/184 363/233/184 364/234/184 348/218/184
f 348/218/185 364/234/185 365/235/185 349/219/185
f 349/219/186 365/235/186 366/236/186 350/220/186
f 350/220/187 366/236/187 367/237/187 351/221/187
f 351/221/188 367/237/188 368/51/188 352/49/188
f 103/222/189 102/238/189 369/239/189 353/223/189
f 353/223/190 369/239/190 370/240/190 354/224/190
f 354/224/191 370/240/191 371/241/191 355/225/191
f 355/225/192 371/241/192 372/242/192 356/226/192
f 356/226/193 372/242/193 373/243/193 357/227/193
f 357/227/194 373/243/194 374/244/194 358/228/194
f 358/228/195 374/244/195 375/245/195 359/229/195
f 359/229/196 375/245/196 376/246/196 360/230/196
f 360/230/197 376/246/197 377/247/197 361/231/197
f 361/231/198 377/247/198 378/248/198 362/232/198
f 362/232/199 378/248/199 379/249/199 363/233/199
f 363/233/200 379/249/200 380/250/200 364/234/200
f 364/234/201 380/250/201 381/251/201 365/235/201
f 365/235/202 381/251/202 382/252/202 366/236/202
f 366/236/203 382/252/203 383/253/203 367/237/203
f 367/237/204 383/253/204 384/53/204 368/51/204
f 102/238/205 101/254/205 385/255/205 369/239/205
f 369/239/206 385/255/206 386/256/206 370/240/206
f 370/240/207 386/256/207 387/257/207 371/241/207
f 371/241/208 387/257/208 388/258/208 372/242/208
f 372/242/209 388/258/209 389/259/209 373/243/209
f 373/243/210 389/259/210 390/260/210 374/244/210
f 374/244/211 390/260/211 391/261/211 375/245/211
f 375/245/212 391/261/212 392/262/212 376/246/212
f 376/246/213 392/262/213 393/263/213 377/247/213
f 377/247/214 393/263/214 394/264/214 378/248/214
f 378/248/215 394/264/215 395/265/215 379/249/215
f 379/249/216 395/265/216 396/266/216 380/250/216
f 380/250/217 396/266/217 397/267/217 381/251/217
f 381/251/218 397/267/218 398/268/218 382/252/218
f 382/252/219 398/268/219 399/269/219 383/253/219
f 383/253/220 399/269/220 400/55/220 384/53/220
f 101/254/221 100/270/221 401/271/221 385/255/221
f 385/255/222 401/271/222 402/272/222 386/256/222
f 386/256/223 402/272/223 403/273/223 387/257/223
f 387/257/224 403/273/224 404/274/224 388/258/224
f 388/258/225 404/274/225 405/275/225 389/259/225
f 389/259/226 405/275/226 406/276/226 390/260/226
f 390/260/227 406/276/227 407/277/227 391/261/227
f 391/261/228 407/277/228 408/278/228 392/262/228
f 392/262/229 408/278/229 409/279/229 393/263/229
f 393/263/230 409/279/230 410/280/230 394/264/230
f 394/264/231 410/280/231 411/281/231 395/265/231
f 395/265/232 411/281/232 412/282/232 396/266/232
f 396/266/233 412/282/233 413/283/233 397/267/233
f 397/267/234 413/283/234 414/284/234 398/268/234
f 398/268/235 414/284/235 415/285/235 399/269/235
f 399/269/236 415/285/236 416/57/236 400/55/236
f 100/270/237 99/286/237 417/287/237 401/271/237
f 401/271/238 417/287/238 418/288/238 402/272/238
f 402/272/239 418/288/239 419/289/239 403/273/239
f 403/273/240 419/289/240 420/290/240 404/274/240
f 404/274/241 420/290/241 421/291/241 405/275/241
f 405/275/242 421/291/242 422/292/242 406/276/242
f 406/276/243 422/292/243 423/293/243 407/277/243
f 407/277/244 423/293/244 424/294/244 408/278/244
f 408/278/245 424/294/245 425/295/245 409/279/245
f 409/279/246 425/295/246 426/296/246 410/280/246
f 410/280/247 426/296/247 427/297/247 411/281/247
f 411/281/248 427/297/248 428/298/248 412/282/248
f 412/282/249 428/298/249 429/299/249 413/283/249
f 413/283/250 429/299/250 430/300/250 414/284/250
f 414/284/251 430/300/251 431/301/251 415/285/251
f 415/285/252 431/301/252 432/59/252 416/57/252
f 99/286/253 98/302/253 433/303/253 417/287/253
f 417/287/254 433/303/254 434/304/254 418/288/254
f 418/288/255 434/304/255 435/305/255 419/289/255
f 419/289/256 435/305/256 436/306/256 420/290/256
f 420/290/257 436/306/257 437/307/257 421/291/257
f 421/291/258 437/307/258 438/308/258 422/292/258
f 422/292/259 438/308/259 439/309/259 423/293/259
f 423/293/260 439/309/260 440/310/260 424/294/260
f 424/294/261 440/310/261 441/311/261 425/295/261
f 425/295/262 441/311/262 442/312/262 426/296/262
f 426/296/263 442/312/263 443/313/263 427/297/263
f 427/297/264 443/313/264 444/314/264 428/298/264
f 428/298/265 444/314/265 445/315/265 429/299/265
f 429/299/266 445/315/266 446/316/266 430/300/266
f 430/300/267 446/316/267 447/317/267 431/301/267
f 431/301/268 447/317/268 448/61/268 432/59/268
f 98/302/269 97/318/269 449/319/269 433/303/269
f 433/303/270 449/319/270 450/320/270 434/304/270
f 434/304/271 450/320/271 451/321/271 435/305/271
f 435/305/272 451/321/272 452/322/272 436/306/272
f 436/306/273 452/322/273 453/323/273 437/307/273
f 437/307/274 453/323/274 454/324/274 438/308/274
f 438/308/275 454/324/275 455/325/275 439/309/275
f 439/309/276 455/325/276 456/326/276 440/310/276
f 440/310/277 456/326/277 457/327/277 441/311/277
f 441/311/278 457/327/278 458/328/278 442/312/278
f 442/312/279 458/328/279 459/329/279 443/313/279
f 443/313/280 459/329/280 460/330/280 444/314/280
f 444/314/281 460/330/281 461/331/281 445/315/281
f 445/315/282 461/331/282 462/332/282 446/316/282
f 446/316/283 462/332/283 463/333/283 447/317/283
f 447/317/284 463/333/284 464/30/284 448/61/284
f 97/318/285 12/2/285 64/334/285 449/319/285
f 449/319/286 64/334/286 63/335/286 450/320/286
f 450/320/287 63/335/287 62/336/287 451/321/287
f 451/321/288 62/336/288 61/337/288 452/322/288
f 452/322/289 61/337/289 60/338/289 453/323/289
f 453/323/290 60/338/290 59/339/290 454/324/290
f 454/324/291 59/339/291 58/340/291 455/325/291
f 455/325/292 58/340/292 57/341/292 456/326/292
f 456/326/293 57/341/293 56/342/293 457/327/293
f 457/327/294 56/342/294 55/343/294 458/328/294
f 458/328/295 55/343/295 54/344/295 459/329/295
f 459/329/296 54/344/296 53/345/296 460/330/296
f 460/330/297 53/345/297 52/346/297 461/331/297
f 461/331/298 52/346/298 51/347/298 462/332/298
f 462/332/299 51/347/299 50/348/299 463/333/299
f 463/333/300 50/348/300 49/31/300 464/30/300
f 32/349/301 480/350/301 177/351/301 9/14/301
f 480/350/302 496/352/302 178/353/302 177/351/302
f 496/352/303 512/354/303 179/355/303 178/353/303
f 512/354/304 528/356/304 180/357/304 179/355/304
f 528/356/305 544/358/305 181/359/305 180/357/305
f 544/358/306 560/360/306 182/361/306 181/359/306
f 560/360/307 576/362/308 183/363/307 182/361/308
f 576/362/309 592/364/309 184/365/309 183/363/309
f 592/364/310 608/366/310 185/367/310 184/365/310
f 608/366/311 624/368/311 186/369/311 185/367/311
f 624/368/312 640/370/312 187/371/312 186/369/312
f 640/370/313 656/372/313 188/373/313 187/371/313
f 656/372/314 672/374/314 189/375/314 188/373/314
f 672/374/315 688/376/315 190/377/315 189/375/315
f 688/376/316 704/378/316 191/379/316 190/377/316
f 704/378/317 720/27/317 192/29/317 191/379/317
f 11/12/318 96/380/318 465/381/318 17/382/318
f 17/382/319 465/381/319 466/383/319 18/384/319
f 18/384/320 466/383/320 467/385/320 19/386/320
f 19/386/321 467/385/321 468/387/321 20/388/321
f 20/388/322 468/387/322 469/389/322 21/390/322
f 21/390/323 469/389/323 470/391/323 22/392/323
f 22/392/324 470/391/324 471/393/324 23/394/324
f 23/394/325 471/393/325 472/395/325 24/396/325
f 24/396/326 472/395/326 473/397/326 25/398/326
f 25/398/327 473/397/327 474/399/327 26/400/327
f 26/400/328 474/399/328 475/401/328 27/402/328
f 27/402/329 475/401/329 476/403/329 28/404/329
f 28/404/330 476/403/330 477/405/330 29/406/330
f 29/406/331 477/405/331 478/407/331 30/408/331
f 30/408/332 478/407/332 479/409/332 31/410/332
f 31/410/333 479/409/333 480/350/333 32/349/333
f 96/380/334 95/411/334 481/412/334 465/381/334
f 465/381/335 481/412/335 482/413/335 466/383/335
f 466/383/336 482/413/336 483/414/336 467/385/336
f 467/385/337 483/414/337 484/415/337 468/387/337
f 468/387/338 484/415/338 485/416/338 469/389/338
f 469/389/339 485/416/339 486/417/339 470/391/339
f 470/391/340 486/417/340 487/418/340 471/393/340
f 471/393/341 487/418/341 488/419/341 472/395/341
f 472/395/342 488/419/342 489/420/342 473/397/342
f 473/397/343 489/420/343 490/421/343 474/399/343
f 474/399/344 490/421/344 491/422/344 475/401/344
f 475/401/345 491/422/345 492/423/345 476/403/345
f 476/403/346 492/423/346 493/424/346 477/405/346
f 477/405/347 493/424/347 494/425/347 478/407/347
f 478/407/348 494/425/348 495/426/348 479/409/348
f 479/409/349 495/426/349 496/352/349 480/350/349
f 95/411/350 94/427/350 497/428/350 481/412/350
f 481/412/351 497/428/351 498/429/351 482/413/351
f 482/413/352 498/429/352 499/430/352 483/414/352
f 483/414/353 499/430/353 500/431/353 484/415/353
f 484/415/354 500/431/354 501/432/354 485/416/354
f 485/416/355 501/432/355 502/433/355 486/417/355
f 486/417/356 502/433/356 503/434/356 487/418/356
f 487/418/357 503/434/357 504/435/357 488/419/357
f 488/419/358 504/435/358 505/436/358 489/420/358
f 489/420/359 505/436/359 506/437/359 490/421/359
f 490/421/360 506/437/360 507/438/360 491/422/360
f 491/422/361 507/438/361 508/439/361 492/423/361
f 492/423/362 508/439/362 509/440/362 493/424/362
f 493/424/363 509/440/363 510/441/363 494/425/363
f 494/425/364 510/441/364 511/442/364 495/426/364
f 495/426/365 511/442/365 512/354/365 496/352/365
f 94/427/366 93/443/366 513/444/366 497/428/366
f 497/428/367 513/444/367 514/445/367 498/429/367
f 498/429/368 514/445/368 515/446/368 499/430/368
f 499/430/369 515/446/369 516/447/369 500/431/369
f 500/431/370 516/447/370 517/448/370 501/432/370
f 501/432/371 517/448/371 518/449/371 502/433/371
f 502/433/372 518/449/372 519/450/372 503/434/372
f 503/434/373 519/450/373 520/451/373 504/435/373
f 504/435/374 520/451/374 521/452/374 505/436/374
f 505/436/375 521/452/375 522/453/375 506/437/375
f 506/437/376 522/453/376 523/454/376 507/438/376
f 507/438/377 523/454/377 524/455/377 508/439/377
f 508/439/378 524/455/378 525/456/378 509/440/378
f 509/440/379 525/456/379 526/457/379 510/441/379
f 510/441/380 526/457/380 527/458/380 511/442/380
f 511/442/381 527/458/381 528/356/381 512/354/381
f 93/443/382 92/459/382 529/460/382 513/444/382
f 513/444/383 529/460/383 530/461/383 514/445/383
f 514/445/384 530/461/384 531/462/384 515/446/384
f 515/446/385 531/462/385 532/463/385 516/447/385
f 516/447/386 532/463/386 533/464/386 517/448/386
f 517/448/387 533/464/387 534/465/387 518/449/387
f 518/449/388 534/465/388 535/466/388 519/450/388
f 519/450/389 535/466/389 536/467/389 520/451/389
f 520/451/390 536/467/390 537/468/390 521/452/390
f 521/452/391 537/468/391 538/469/391 522/453/391
f 522/453/392 538/469/392 539/470/392 523/454/392
f 523/454/393 539/470/393 540/471/393 524/455/393
f 524/455/394 540/471/394 541/472/394 525/456/394
f 525/456/395 541/472/395 542/473/395 526/457/395
f 526/457/396 542/473/396 543/474/396 527/458/396
f 527/458/397 543/474/397 544/358/397 528/356/397
f 92/459/398 91/475/398 545/476/398 529/460/398
f 529/460/399 545/476/399 546/477/399 530/461/399
f 530/461/400 546/477/400 547/478/400 531/462/400
f 531/462/401 547/478/401 548/479/401 532/463/401
f 532/463/402 548/479/402 549/480/402 533/464/402
f 533/464/403 549/480/403 550/481/403 534/465/403
f 534/465/404 550/481/404 551/482/404 535/466/404
f 535/466/405 551/482/405 552/483/405 536/467/405
f 536/467/406 552/483/406 553/484/406 537/468/406
f 537/468/407 553/484/407 554/485/407 538/469/407
f 538/469/408 554/485/408 555/486/408 539/470/408
f 539/470/409 555/486/409 556/487/409 540/471/409
f 540/471/410 556/487/410 557/488/410 541/472/410
f 541/472/411 557/488/411 558/489/411 542/473/411
f 542/473/412 558/489/412 559/490/412 543/474/412
f 543/474/413 559/490/413 560/360/413 544/358/413
f 91/475/414 90/491/414 561/492/414 545/476/414
f 545/476/415 561/492/415 562/493/415 546/477/415
f 546/477/416 562/493/416 563/494/416 547/478/416
f 547/478/417 563/494/417 564/495/417 548/479/417
f 548/479/418 564/495/418 565/496/418 549/480/418
f 549/480/419 565/496/419 566/497/419 550/481/419
f 550/481/420 566/497/420 567/498/420 551/482/420
f 551/482/421 567/498/421 568/499/421 552/483/421
f 552/483/422 568/499/422 569/500/422 553/484/422
f 553/484/423 569/500/423 570/501/423 554/485/423
f 554/485/424 570/501/424 571/502/424 555/486/424
f 555/486/425 571/502/425 572/503/425 556/487/425
f 556/487/426 572/503/426 573/504/426 557/488/426
f 557/488/427 573/504/427 574/505/427 558/489/427
f 558/489/428 574/505/428 575/506/428 559/490/428
f 559/490/429 575/506/429 576/362/429 560/360/429
f 90/491/430 89/507/430 577/508/430 561/492/430
f 561/492/431 577/508/431 578/509/431 562/493/431
f 562/493/432 578/509/432 579/510/432 563/494/432
f 563/494/433 579/510/433 580/511/433 564/495/433
f 564/495/434 580/511/434 581/512/434 565/496/434
f 565/496/435 581/512/435 582/513/435 566/497/435
f 566/497/436 582/513/436 583/514/436 567/498/436
f 567/498/437 583/514/437 584/515/437 568/499/437
f 568/499/438 584/515/438 585/516/438 569/500/438
f 569/500/439 585/516/439 586/517/439 570/501/439
f 570/501/440 586/517/440 587/518/440 571/502/440
f 571/502/441 587/518/441 588/519/441 572/503/441
f 572/503/442 588/519/442 589/520/442 573/504/442
f 573/504/443 589/520/443 590/521/443 574/505/443
f 574/505/444 590/521/444 591/522/444 575/506/444
f 575/506/445 591/522/445 592/364/445 576/362/445
f 89/507/446 88/523/446 593/524/446 577/508/446
f 577/508/447 593/524/447 594/525/447 578/509/447
f 578/509/448 594/525/448 595/526/448 579/510/448
f 579/510/449 595/526/449 596/527/449 580/511/449
f 580/511/450 596/527/450 597/528/450 581/512/450
f 581/512/451 597/528/451 598/529/451 582/513/451
f 582/513/452 598/529/452 599/530/452 583/514/452
f 583/514/453 599/530/453 600/531/453 584/515/453
f 584/515/454 600/531/454 601/532/454 585/516/454
f 585/516/455 601/532/455 602/533/455 586/517/455
f 586/517/456 602/533/456 603/534/456 587/518/456
f 587/518/457 603/534/457 604/535/457 588/519/457
f 588/519/458 604/535/458 605/536/458 589/520/458
f 589/520/459 605/536/459 606/537/459 590/521/459
f 590/521/460 606/537/460 607/538/460 591/522/460
f 591/522/461 607/538/461 608/366/461 592/364/461
f 88/523/462 87/539/462 609/540/462 593/524/462
f 593/524/463 609/540/463 610/541/463 594/525/463
f 594/525/464 610/541/464 611/542/464 595/526/464
f 595/526/465 611/542/465 612/543/465 596/527/465
f 596/527/466 612/543/466 613/544/466 597/528/466
f 597/528/467 613/544/467 614/545/467 598/529/467
f 598/529/468 614/545/468 615/546/468 599/530/468
f 599/530/469 615/546/469 616/547/469 600/531/469
f 600/531/470 616/547/470 617/548/470 601/532/470
f 601/532/471 617/548/471 618/549/471 602/533/471
f 602/533/472 618/549/472 619/550/472 603/534/472
f 603/534/473 619/550/473 620/551/473 604/535/473
f 604/535/474 620/551/474 621/552/474 605/536/474
f 605/536/475 621/552/475 622/553/475 606/537/475
f 606/537/476 622/553/476 623/554/476 607/538/476
f 607/538/477 623/554/477 624/368/477 608/366/477
f 87/539/478 86/555/478 625/556/478 609/540/478
f 609/540/479 625/556/479 626/557/479 610/541/479
f 610/541/480 626/557/480 627/558/480 611/542/480
f 611/542/481 627/558/481 628/559/481 612/543/481
f 612/543/482 628/559/482 629/560/482 613/544/482
f 613/544/483 629/560/483 630/561/483 614/545/483
f 614/545/484 630/561/484 631/562/484 615/546/484
f 615/546/485 631/562/485 632/563/485 616/547/485
f 616/547/486 632/563/486 633/564/486 617/548/486
f 617/548/487 633/564/487 634/565/487 618/549/487
f 618/549/488 634/565/488 635/566/488 619/550/488
f 619/550/489 635/566/489 636/567/489 620/551/489
f 620/551/490 636/567/490 637/568/490 621/552/490
f 621/552/491 637/568/491 638/569/491 622/553/491
f 622/553/492 638/569/492 639/570/492 623/554/492
f 623/554/493 639/570/493 640/370/493 624/368/493
f 86/555/494 85/571/494 641/572/494 625/556/494
f 625/556/495 641/572/495 642/573/495 626/557/495
f 626/557/496 642/573/496 643/574/496 627/558/496
f 627/558/497 643/574/497 644/575/497 628/559/497
f 628/559/498 644/575/498 645/576/498 629/560/498
f 629/560/499 645/576/499 646/577/499 630/561/499
f 630/561/500 646/577/500 647/578/500 631/562/500
f 631/562/501 647/578/501 648/579/501 632/563/501
f 632/563/502 648/579/502 649/580/502 633/564/502
f 633/564/503 649/580/503 650/581/503 634/565/503
f 634/565/504 650/581/504 651/582/504 635/566/504
f 635/566/505 651/582/505 652/583/505 636/567/505
f 636/567/506 652/583/506 653/584/506 637/568/506
f 637/568/507 653/584/507 654/585/507 638/569/507
f 638/569/508 654/585/508 655/586/508 639/570/508
f 639/570/509 655/586/509 656/372/509 640/370/509
f 85/571/510 84/587/510 657/588/510 641/572/510
f 641/572/511 657/588/511 658/589/511 642/573/511
f 642/573/512 658/589/512 659/590/512 643/574/512
f 643/574/513 659/590/513 660/591/513 644/575/513
f 644/575/514 660/591/514 661/592/514 645/576/514
f 645/576/515 661/592/515 662/593/515 646/577/515
f 646/577/516 662/593/516 663/594/516 647/578/516
f 647/578/517 663/594/517 664/595/517 648/579/517
f 648/579/518 664/595/518 665/596/518 649/580/518
f 649/580/519 665/596/519 666/597/519 650/581/519
f 650/581/520 666/597/520 667/598/520 651/582/520
f 651/582/521 667/598/521 668/599/521 652/583/521
f 652/583/522 668/599/522 669/600/522 653/584/522
f 653/584/523 669/600/523 670/601/523 654/585/523
f 654/585/524 670/601/524 671/602/524 655/586/524
f 655/586/525 671/602/525 672/374/525 656/372/525
f 84/587/526 83/603/526 673/604/526 657/588/526
f 657/588/527 673/604/527 674/605/527 658/589/527
f 658/589/528 674/605/528 675/606/528 659/590/528
f 659/590/529 675/606/529 676/607/529 660/591/529
f 660/591/530 676/607/530 677/608/530 661/592/530
f 661/592/531 677/608/531 678/609/531 662/593/531
f 662/593/532 678/609/532 679/610/532 663/594/532
f 663/594/533 679/610/533 680/611/533 664/595/533
f 664/595/534 680/611/534 681/612/534 665/596/534
f 665/596/535 681/612/535 682/613/535 666/597/535
f 666/597/536 682/613/536 683/614/536 667/598/536
f 667/598/537 683/614/537 684/615/537 668/599/537
f 668/599/538 684/615/538 685/616/538 669/600/538
f 669/600/539 685/616/539 686/617/539 670/601/539
f 670/601/540 686/617/540 687/618/540 671/602/540
f 671/602/541 687/618/541 688/376/541 672/374/541
f 83/603/542 82/619/542 689/620/542 673/604/542
f 673/604/543 689/620/543 690/621/543 674/605/543
f 674/605/544 690/621/544 691/622/544 675/606/544
f 675/606/545 691/622/545 692/623/545 676/607/545
f 676/607/546 692/623/546 693/624/546 677/608/546
f 677/608/547 693/624/547 694/625/547 678/609/547
f 678/609/548 694/625/548 695/626/548 679/610/548
f 679/610/549 695/626/549 696/627/549 680/611/549
f 680/611/550 696/627/550 697/628/550 681/612/550
f 681/612/551 697/628/551 698/629/551 682/613/551
f 682/613/552 698/629/552 699/630/552 683/614/552
f 683/614/553 699/630/553 700/631/553 684/615/553
f 684/615/554 700/631/554 701/632/554 685/616/554
f 685/616/555 701/632/555 702/633/555 686/617/555
f 686/617/556 702/633/556 703/634/556 687/618/556
f 687/618/557 703/634/557 704/378/557 688/376/557
f 82/619/558 81/635/558 705/636/558 689/620/558
f 689/620/559 705/636/559 706/637/559 690/621/559
f 690/621/560 706/637/560 707/638/560 691/622/560
f 691/622/561 707/638/561 708/639/561 692/623/561
f 692/623/562 708/639/562 709/640/562 693/624/562
f 693/624/563 709/640/563 710/641/563 694/625/563
f 694/625/564 710/641/564 711/642/564 695/626/564
f 695/626/565 711/642/565 712/643/565 696/627/565
f 696/627/566 712/643/566 713/644/566 697/628/566
f 697/628/567 713/644/567 714/645/567 698/629/567
f 698/629/568 714/645/568 715/646/568 699/630/568
f 699/630/569 715/646/569 716/647/569 700/631/569
f 700/631/570 716/647/570 717/648/570 701/632/570
f 701/632/571 717/648/571 718/649/571 702/633/571
f 702/633/572 718/649/572 719/650/572 703/634/572
f 703/634/573 719/650/573 720/27/573 704/378/573
f 81/635/574 15/13/574 144/651/574 705/636/574
f 705/636/575 144/651/575 143/652/575 706/637/575
f 706/637/576 143/652/576 142/653/576 707/638/576
f 707/638/577 142/653/577 141/654/577 708/639/577
f 708/639/578 141/654/578 140/655/578 709/640/578
f 709/640/579 140/655/579 139/656/579 710/641/579
f 710/641/580 139/656/580 138/657/580 711/642/580
f 711/642/581 138/657/581 137/658/581 712/643/581
f 712/643/582 137/658/582 136/659/582 713/644/582
f 713/644/583 136/659/583 135/660/583 714/645/583
f 714/645/584 135/660/584 134/661/584 715/646/584
f 715/646/585 134/661/585 133/662/585 716/647/585
f 716/647/586 133/662/586 132/663/586 717/648/586
f 717/648/587 132/663/587 131/664/587 718/649/587
f 718/649/588 131/664/588 130/665/588 719/650/588
f 719/650/589 130/665/589 129/28/589 720/27/589
f 177/666/590 736/667/590 33/668/590 9/7/590
f 736/667/591 752/669/591 34/670/591 33/668/591
f 752/669/592 768/671/592 35/672/592 34/670/592
f 768/671/593 784/673/593 36/674/593 35/672/593
f 784/673/594 800/675/594 37/676/594 36/674/594
f 800/675/595 816/677/595 38/678/595 37/676/595
f 816/677/596 832/679/596 39/680/596 38/678/596
f 832/679/597 848/681/597 40/682/597 39/680/597
f 848/681/598 864/683/598 41/684/598 40/682/598
f 864/683/599 880/685/599 42/686/599 41/684/599
f 880/685/600 896/687/600 43/688/600 42/686/600
f 896/687/601 912/689/601 44/690/601 43/688/601
f 912/689/602 928/691/602 45/692/602 44/690/602
f 928/691/603 944/693/603 46/694/603 45/692/603
f 944/693/604 960/695/604 47/696/604 46/694/604
f 960/695/605 976/24/605 48/26/605 47/696/605
f 13/5/606 176/697/606 721/698/606 192/699/606
f 192/699/607 721/698/607 722/700/607 191/701/607
f 191/701/608 722/700/608 723/702/608 190/703/608
f 190/703/609 723/702/609 724/704/609 189/705/609
f 189/705/610 724/704/610 725/706/610 188/707/610
f 188/707/611 725/706/611 726/708/611 187/709/611
f 187/709/612 726/708/612 727/710/612 186/711/612
f 186/711/613 727/710/613 728/712/613 185/713/613
f 185/713/614 728/712/614 729/714/614 184/715/614
f 184/715/615 729/714/615 730/716/615 183/717/615
f 183/717/616 730/716/616 731/718/616 182/719/616
f 182/719/617 731/718/617 732/720/617 181/721/617
f 181/721/618 732/720/618 733/722/618 180/723/618
f 180/723/619 733/722/619 734/724/619 179/725/619
f 179/725/620 734/724/620 735/726/620 178/727/620
f 178/727/621 735/726/621 736/667/621 177/666/621
f 176/697/622 175/728/622 737/729/622 721/698/622
f 721/698/623 737/729/623 738/730/623 722/700/623
f 722/700/624 738/730/624 739/731/624 723/702/624
f 723/702/625 739/731/625 740/732/625 724/704/625
f 724/704/626 740/732/626 741/733/626 725/706/626
f 725/706/627 741/733/627 742/734/627 726/708/627
f 726/708/628 742/734/628 743/735/628 727/710/628
f 727/710/629 743/735/629 744/736/629 728/712/629
f 728/712/630 744/736/630 745/737/630 729/714/630
f 729/714/631 745/737/631 746/738/631 730/716/631
f 730/716/632 746/738/632 747/739/632 731/718/632
f 731/718/633 747/739/633 748/740/633 732/720/633
f 732/720/634 748/740/634 749/741/634 733/722/634
f 733/722/635 749/741/635 750/742/635 734/724/635
f 734/724/636 750/742/636 751/743/636 735/726/636
f 735/726/637 751/743/637 752/669/637 736/667/637
f 175/728/638 174/744/638 753/745/638 737/729/638
f 737/729/639 753/745/639 754/746/639 738/730/639
f 738/730/640 754/746/640 755/747/640 739/731/640
f 739/731/641 755/747/641 756/748/641 740/732/641
f 740/732/642 756/748/642 757/749/642 741/733/642
f 741/733/643 757/749/643 758/750/643 742/734/643
f 742/734/644 758/750/644 759/751/644 743/735/644
f 743/735/645 759/751/645 760/752/645 744/736/645
f 744/736/646 760/752/646 761/753/646 745/737/646
f 745/737/647 761/753/647 762/754/647 746/738/647
f 746/738/648 762/754/648 763/755/648 747/739/648
f 747/739/649 763/755/649 764/756/649 748/740/649
f 748/740/650 764/756/650 765/757/650 749/741/650
f 749/741/651 765/757/651 766/758/651 750/742/651
f 750/742/652 766/758/652 767/759/652 751/743/652
f 751/743/653 767/759/653 768/671/653 752/669/653
f 174/744/654 173/760/654 769/761/654 753/745/654
f 753/745/655 769/761/655 770/762/655 754/746/655
f 754/746/656 770/762/656 771/763/656 755/747/656
f 755/747/657 771/763/657 772/764/657 756/748/657
f 756/748/658 772/764/658 773/765/658 757/749/658
f 757/749/659 773/765/659 774/766/659 758/750/659
f 758/750/660 774/766/660 775/767/660 759/751/660
f 759/751/661 775/767/661 776/768/661 760/752/661
f 760/752/662 776/768/662 777/769/662 761/753/662
f 761/753/663 777/769/663 778/770/663 762/754/663
f 762/754/664 778/770/664 779/771/664 763/755/664
f 763/755/665 779/771/665 780/772/665 764/756/665
f 764/756/666 780/772/666 781/773/666 765/757/666
f 765/757/667 781/773/667 782/774/667 766/758/667
f 766/758/668 782/774/668 783/775/668 767/759/668
f 767/759/669 783/775/669 784/673/669 768/671/669
f 173/760/670 172/776/670 785/777/670 769/761/670
f 769/761/671 785/777/671 786/778/671 770/762/671
f 770/762/672 786/778/672 787/779/672 771/763/672
f 771/763/673 787/779/673 788/780/673 772/764/673
f 772/764/674 788/780/674 789/781/674 773/765/674
f 773/765/675 789/781/675 790/782/675 774/766/675
f 774/766/676 790/782/676 791/783/676 775/767/676
f 775/767/677 791/783/677 792/784/677 776/768/677
f 776/768/678 792/784/678 793/785/678 777/769/678
f 777/769/679 793/785/679 794/786/679 778/770/679
f 778/770/680 794/786/680 795/787/680 779/771/680
f 779/771/681 795/787/681 796/788/681 780/772/681
f 780/772/682 796/788/682 797/789/682 781/773/682
f 781/773/683 797/789/683 798/790/683 782/774/683
f 782/774/684 798/790/684 799/791/684 783/775/684
f 783/775/685 799/791/685 800/675/685 784/673/685
f 172/776/686 171/792/686 801/793/686 785/777/686
f 785/777/687 801/793/687 802/794/687 786/778/687
f 786/778/688 802/794/688 803/795/688 787/779/688
f 787/779/689 803/795/689 804/796/689 788/780/689
f 788/780/690 804/796/690 805/797/690 789/781/690
f 789/781/691 805/797/691 806/798/691 790/782/691
f 790/782/692 806/798/692 807/799/692 791/783/692
f 791/783/693 807/799/693 808/800/693 792/784/693
f 792/784/694 808/800/694 809/801/694 793/785/694
f 793/785/695 809/801/695 810/802/695 794/786/695
f 794/786/696 810/802/696 811/803/696 795/787/696
f 795/787/697 811/803/697 812/804/697 796/788/697
f 796/788/698 812/804/698 813/805/698 797/789/698
f 797/789/699 813/805/699 814/806/699 798/790/699
f 798/790/700 814/806/700 815/807/700 799/791/700
f 799/791/701 815/807/701 816/677/701 800/675/701
f 171/792/702 170/808/702 817/809/702 801/793/702
f 801/793/703 817/809/703 818/810/703 802/794/703
f 802/794/704 818/810/704 819/811/704 803/795/704
f 803/795/705 819/811/705 820/812/705 804/796/705
f 804/796/706 820/812/706 821/813/706 805/797/706
f 805/797/707 821/813/707 822/814/707 806/798/707
f 806/798/708 822/814/708 823/815/708 807/799/708
f 807/799/709 823/815/709 824/816/709 808/800/709
f 808/800/710 824/816/710 825/817/710 809/801/710
f 809/801/711 825/817/711 826/818/711 810/802/711
f 810/802/712 826/818/712 827/819/712 811/803/712
f 811/803/713 827/819/713 828/820/713 812/804/713
f 812/804/714 828/820/714 829/821/714 813/805/714
f 813/805/715 829/821/715 830/822/715 814/806/715
f 814/806/716 830/822/716 831/823/716 815/807/716
f 815/807/717 831/823/717 832/679/717 816/677/717
f 170/808/718 169/824/718 833/825/718 817/809/718
f 817/809/719 833/825/719 834/826/719 818/810/719
f 818/810/720 834/826/720 835/827/720 819/811/720
f 819/811/721 835/827/721 836/828/721 820/812/721
f 820/812/722 836/828/722 837/829/722 821/813/722
f 821/813/723 837/829/723 838/830/723 822/814/723
f 822/814/724 838/830/724 839/831/724 823/815/724
f 823/815/725 839/831/725 840/832/725 824/816/725
f 824/816/726 840/832/726 841/833/726 825/817/726
f 825/817/727 841/833/727 842/834/727 826/818/727
f 826/818/728 842/834/728 843/835/728 827/819/728
f 827/819/729 843/835/729 844/836/729 828/820/729
f 828/820/730 844/836/730 845/837/730 829/821/730
f 829/821/731 845/837/731 846/838/731 830/822/731
f 830/822/732 846/838/732 847/839/732 831/823/732
f 831/823/733 847/839/733 848/681/733 832/679/733
f 169/824/734 168/840/734 849/841/734 833/825/734
f 833/825/735 849/841/735 850/842/735 834/826/735
f 834/826/736 850/842/736 851/843/736 835/827/736
f 835/827/737 851/843/737 852/844/737 836/828/737
f 836/828/738 852/844/738 853/845/738 837/829/738
f 837/829/739 853/845/739 854/846/739 838/830/739
f 838/830/740 854/846/740 855/847/740 839/831/740
f 839/831/741 855/847/741 856/848/741 840/832/741
f 840/832/742 856/848/742 857/849/742 841/833/742
f 841/833/743 857/849/743 858/850/743 842/834/743
f 842/834/744 858/850/744 859/851/744 843/835/744
f 843/835/745 859/851/745 860/852/745 844/836/745
f 844/836/746 860/852/746 861/853/746 845/837/746
f 845/837/747 861/853/747 862/854/747 846/838/747
f 846/838/748 862/854/748 863/855/748 847/839/748
f 847/839/749 863/855/749 864/683/749 848/681/749
f 168/840/750 167/856/750 865/857/750 849/841/750
f 849/841/751 865/857/751 866/858/751 850/842/751
f 850/842/752 866/858/752 867/859/752 851/843/752
f 851/843/753 867/859/753 868/860/753 852/844/753
f 852/844/754 868/860/754 869/861/754 853/845/754
f 853/845/755 869/861/755 870/862/755 854/846/755
f 854/846/756 870/862/756 871/863/756 855/847/756
f 855/847/757 871/863/757 872/864/757 856/848/757
f 856/848/758 872/864/758 873/865/758 857/849/758
f 857/849/759 873/865/759 874/866/759 858/850/759
f 858/850/760 874/866/760 875/867/760 859/851/760
f 859/851/761 875/867/761 876/868/761 860/852/761
f 860/852/762 876/868/762 877/869/762 861/853/762
f 861/853/763 877/869/763 878/870/763 862/854/763
f 862/854/764 878/870/764 879/871/764 863/855/764
f 863/855/765 879/871/765 880/685/765 864/683/765
f 167/856/766 166/872/766 881/873/766 865/857/766
f 865/857/767 881/873/767 882/874/767 866/858/767
f 866/858/768 882/874/768 883/875/768 867/859/768
f 867/859/769 883/875/769 884/876/769 868/860/769
f 868/860/770 884/876/770 885/877/770 869/861/770
f 869/861/771 885/877/771 886/878/771 870/862/771
f 870/862/772 886/878/772 887/879/772 871/863/772
f 871/863/773 887/879/773 888/880/773 872/864/773
f 872/864/774 888/880/774 889/881/774 873/865/774
f 873/865/775 889/881/775 890/882/775 874/866/775
f 874/866/776 890/882/776 891/883/776 875/867/776
f 875/867/777 891/883/777 892/884/777 876/868/777
f 876/868/778 892/884/778 893/885/778 877/869/778
f 877/869/779 893/885/779 894/886/779 878/870/779
f 878/870/780 894/886/780 895/887/780 879/871/780
f 879/871/781 895/887/781 896/687/781 880/685/781
f 166/872/782 165/888/782 897/889/782 881/873/782
f 881/873/783 897/889/783 898/890/783 882/874/783
f 882/874/784 898/890/784 899/891/784 883/875/784
f 883/875/785 899/891/785 900/892/785 884/876/785
f 884/876/786 900/892/786 901/893/786 885/877/786
f 885/877/787 901/893/787 902/894/787 886/878/787
f 886/878/788 902/894/788 903/895/788 887/879/788
f 887/879/789 903/895/789 904/896/789 888/880/789
f 888/880/790 904/896/790 905/897/790 889/881/790
f 889/881/791 905/897/791 906/898/791 890/882/791
f 890/882/792 906/898/792 907/899/792 891/883/792
f 891/883/793 907/899/793 908/900/793 892/884/793
f 892/884/794 908/900/794 909/901/794 893/885/794
f 893/885/795 909/901/795 910/902/795 894/886/795
f 894/886/796 910/902/796 911/903/796 895/887/796
f 895/887/797 911/903/797 912/689/797 896/687/797
f 165/888/798 164/904/798 913/905/798 897/889/798
f 897/889/799 913/905/799 914/906/799 898/890/799
f 898/890/800 914/906/800 915/907/800 899/891/800
f 899/891/801 915/907/801 916/908/801 900/892/801
f 900/892/802 916/908/802 917/909/802 901/893/802
f 901/893/803 917/909/803 918/910/803 902/894/803
f 902/894/804 918/910/804 919/911/804 903/895/804
f 903/895/805 919/911/805 920/912/805 904/896/805
f 904/896/806 920/912/806 921/913/806 905/897/806
f 905/897/807 921/913/807 922/914/807 906/898/807
f 906/898/808 922/914/808 923/915/808 907/899/808
f 907/899/809 923/915/809 924/916/809 908/900/809
f 908/900/810 924/916/810 925/917/810 909/901/810
f 909/901/811 925/917/811 926/918/811 910/902/811
f 910/902/812 926/918/812 927/919/812 911/903/812
f 911/903/813 927/919/813 928/691/813 912/689/813
f 164/904/814 163/920/814 929/921/814 913/905/814
f 913/905/815 929/921/815 930/922/815 914/906/815
f 914/906/816 930/922/816 931/923/816 915/907/816
f 915/907/817 931/923/817 932/924/817 916/908/817
f 916/908/818 932/924/818 933/925/818 917/909/818
f 917/909/819 933/925/819 934/926/819 918/910/819
f 918/910/820 934/926/820 935/927/820 919/911/820
f 919/911/821 935/927/821 936/928/821 920/912/821
f 920/912/822 936/928/822 937/929/822 921/913/822
f 921/913/823 937/929/823 938/930/823 922/914/823
f 922/914/824 938/930/824 939/931/824 923/915/824
f 923/915/825 939/931/825 940/932/825 924/916/825
f 924/916/826 940/932/826 941/933/826 925/917/826
f 925/917/827 941/933/827 942/934/827 926/918/827
f 926/918/828 942/934/828 943/935/828 927/919/828
f 927/919/829 943/935/829 944/693/829 928/691/829
f 163/920/830 162/936/830 945/937/830 929/921/830
f 929/921/831 945/937/831 946/938/831 930/922/831
f 930/922/832 946/938/832 947/939/832 931/923/832
f 931/923/833 947/939/833 948/940/833 932/924/833
f 932/924/834 948/940/834 949/941/834 933/925/834
f 933/925/835 949/941/835 950/942/835 934/926/835
f 934/926/836 950/942/836 951/943/836 935/927/836
f 935/927/837 951/943/837 952/944/837 936/928/837
f 936/928/838 952/944/838 953/945/838 937/929/838
f 937/929/839 953/945/839 954/946/839 938/930/839
f 938/930/840 954/946/840 955/947/840 939/931/840
f 939/931/841 955/947/841 956/948/841 940/932/841
f 940/932/842 956/948/842 957/949/842 941/933/842
f 941/933/843 957/949/843 958/950/843 942/934/843
f 942/934/844 958/950/844 959/951/844 943/935/844
f 943/935/845 959/951/845 960/695/845 944/693/845
f 162/936/846 161/23/846 961/952/846 945/937/846
f 945/937/847 961/952/847 962/953/847 946/938/847
f 946/938/848 962/953/848 963/954/848 947/939/848
f 947/939/849 963/954/849 964/955/849 948/940/849
f 948/940/850 964/955/850 965/956/850 949/941/850
f 949/941/851 965/956/851 966/957/851 950/942/851
f 950/942/852 966/957/852 967/958/852 951/943/852
f 951/943/853 967/958/853 968/959/853 952/944/853
f 952/944/854 968/959/854 969/960/854 953/945/854
f 953/945/855 969/960/855 970/961/855 954/946/855
f 954/946/856 970/961/856 971/962/856 955/947/856
f 955/947/857 971/962/857 972/963/857 956/948/857
f 956/948/858 972/963/858 973/964/858 957/949/858
f 957/949/859 973/964/859 974/965/859 958/950/859
f 958/950/860 974/965/860 975/966/860 959/951/860
f 959/951/861 975/966/861 976/24/861 960/695/861
f 161/23/862 14/4/862 193/967/862 961/952/862
f 961/952/863 193/967/863 194/968/863 962/953/863
f 962/953/864 194/968/864 195/969/864 963/954/864
f 963/954/865 195/969/865 196/970/865 964/955/865
f 964/955/866 196/970/866 197/971/866 965/956/866
f 965/956/867 197/971/867 198/972/867 966/957/867
f 966/957/868 198/972/868 199/973/868 967/958/868
f 967/958/869 199/973/869 200/974/869 968/959/869
f 968/959/870 200/974/870 201/975/870 969/960/870
f 969/960/871 201/975/871 202/976/871 970/961/871
f 970/961/872 202/976/872 203/977/872 971/962/872
f 971/962/873 203/977/873 204/978/873 972/963/873
f 972/963/874 204/978/874 205/979/874 973/964/874
f 973/964/875 205/979/875 206/980/875 974/965/875
f 974/965/876 206/980/876 207/981/876 975/966/876
f 975/966/877 207/981/877 208/25/877 976/24/877
f 129/28/878 992/982/878 176/697/878 13/5/878
f 992/982/879 1008/983/879 175/728/879 176/697/879
f 1008/983/880 1024/984/880 174/744/880 175/728/880
f 1024/984/881 1040/985/881 173/760/881 174/744/881
f 1040/985/882 1056/986/882 172/776/882 173/760/882
f 1056/986/883 1072/987/883 171/792/883 172/776/883
f 1072/987/884 1088/988/884 170/808/884 171/792/884
f 1088/988/885 1104/989/885 169/824/885 170/808/885
f 1104/989/886 1120/990/886 168/840/886 169/824/886
f 1120/990/887 1136/991/887 167/856/887 168/840/887
f 1136/991/888 1152/992/888 166/872/888 167/856/888
f 1152/992/889 1168/993/889 165/888/889 166/872/889
f 1168/993/890 1184/994/890 164/904/890 165/888/890
f 1184/994/891 1200/995/891 163/920/891 164/904/891
f 1200/995/892 1216/996/892 162/936/892 163/920/892
f 1216/996/893 1232/21/893 161/23/893 162/936/893
f 15/13/894 128/997/894 977/998/894 144/651/894
f 144/651/895 977/998/895 978/999/895 143/652/895
f 143/652/896 978/999/896 979/1000/896 142/653/896
f 142/653/897 979/1000/897 980/1001/897 141/654/897
f 141/654/898 980/1001/898 981/1002/898 140/655/898
f 140/655/899 981/1002/899 982/1003/899 139/656/899
f 139/656/900 982/1003/900 983/1004/900 138/657/900
f 138/657/901 983/1004/901 984/1005/901 137/658/901
f 137/658/902 984/1005/902 985/1006/902 136/659/902
f 136/659/903 985/1006/903 986/1007/903 135/660/903
f 135/660/904 986/1007/904 987/1008/904 134/661/904
f 134/661/905 987/1008/905 988/1009/905 133/662/905
f 133/662/906 988/1009/906 989/1010/906 132/663/906
f 132/663/907 989/1010/907 990/1011/907 131/664/907
f 131/664/908 990/1011/908 991/1012/908 130/665/908
f 130/665/909 991/1012/909 992/982/909 129/28/909
f 128/997/910 127/1013/910 993/1014/910 977/998/910
f 977/998/911 993/1014/911 994/1015/911 978/999/911
f 978/999/912 994/1015/912 995/1016/912 979/1000/912
f 979/1000/913 995/1016/913 996/1017/913 980/1001/913
f 980/1001/914 996/1017/914 997/1018/914 981/1002/914
f 981/1002/915 997/1018/915 998/1019/915 982/1003/915
f 982/1003/916 998/1019/916 999/1020/916 983/1004/916
f 983/1004/917 999/1020/917 1000/1021/917 984/1005/917
f 984/1005/918 1000/1021/918 1001/1022/918 985/1006/918
f 985/1006/919 1001/1022/919 1002/1023/919 986/1007/919
f 986/1007/920 1002/1023/920 1003/1024/920 987/1008/920
f 987/1008/921 1003/1024/921 1004/1025/921 988/1009/921
f 988/1009/922 1004/1025/922 1005/1026/922 989/1010/922
f 989/1010/923 1005/1026/923 1006/1027/923 990/1011/923
f 990/1011/924 1006/1027/924 1007/1028/924 991/1012/924
f 991/1012/925 1007/1028/925 1008/983/925 992/982/925
f 127/1013/926 126/1029/926 1009/1030/926 993/1014/926
f 993/1014/927 1009/1030/927 1010/1031/927 994/1015/927
f 994/1015/928 1010/1031/928 1011/1032/928 995/1016/928
f 995/1016/929 1011/1032/929 1012/1033/929 996/1017/929
f 996/1017/930 1012/1033/930 1013/1034/930 997/1018/930
f 997/1018/931 1013/1034/931 1014/1035/931 998/1019/931
f 998/1019/932 1014/1035/932 1015/1036/932 999/1020/932
f 999/1020/933 1015/1036/933 1016/1037/933 1000/1021/933
f 1000/1021/934 1016/1037/934 1017/1038/934 1001/1022/934
f 1001/1022/935 1017/1038/935 1018/1039/935 1002/1023/935
f 1002/1023/936 1018/1039/936 1019/1040/936 1003/1024/936
f 1003/1024/937 1019/1040/937 1020/1041/937 1004/1025/937
f 1004/1025/938 1020/1041/938 1021/1042/938 1005/1026/938
f 1005/1026/939 1021/1042/939 1022/1043/939 1006/1027/939
f 1006/1027/940 1022/1043/940 1023/1044/940 1007/1028/940
f 1007/1028/941 1023/1044/941 1024/984/941 1008/983/941
f 126/1029/942 125/1045/942 1025/1046/942 1009/1030/942
f 1009/1030/943 1025/1046/943 1026/1047/943 1010/1031/943
f 1010/1031/944 1026/1047/944 1027/1048/944 1011/1032/944
f 1011/1032/945 1027/1048/945 1028/1049/945 1012/1033/945
f 1012/1033/946 1028/1049/946 1029/1050/946 1013/1034/946
f 1013/1034/947 1029/1050/947 1030/1051/947 1014/1035/947
f 1014/1035/948 1030/1051/948 1031/1052/948 1015/1036/948
f 1015/1036/949 1031/1052/949 1032/1053/949 1016/1037/949
f 1016/1037/950 1032/1053/950 1033/1054/950 1017/1038/950
f 1017/1038/951 1033/1054/951 1034/1055/951 1018/1039/951
f 1018/1039/952 1034/1055/952 1035/1056/952 1019/1040/952
f 1019/1040/953 1035/1056/953 1036/1057/953 1020/1041/953
f 1020/1041/954 1036/1057/954 1037/1058/954 1021/1042/954
f 1021/1042/955 1037/1058/955 1038/1059/955 1022/1043/955
f 1022/1043/956 1038/1059/956 1039/1060/956 1023/1044/956
f 1023/1044/957 1039/1060/957 1040/985/957 1024/984/957
f 125/1045/958 124/1061/958 1041/1062/958 1025/1046/958
f 1025/1046/959 1041/1062/959 1042/1063/959 1026/1047/959
f 1026/1047/960 1042/1063/960 1043/1064/960 1027/1048/960
f 1027/1048/961 1043/1064/961 1044/1065/961 1028/1049/961
f 1028/1049/962 1044/1065/962 1045/1066/962 1029/1050/962
f 1029/1050/963 1045/1066/963 1046/1067/963 1030/1051/963
f 1030/1051/964 1046/1067/964 1047/1068/964 1031/1052/964
f 1031/1052/965 1047/1068/965 1048/1069/965 1032/1053/965
f 1032/1053/966 1048/1069/966 1049/1070/966 1033/1054/966
f 1033/1054/967 1049/1070/967 1050/1071/967 1034/1055/967
f 1034/1055/968 1050/1071/968 1051/1072/968 1035/1056/968
f 1035/1056/969 1051/1072/969 1052/1073/969 1036/1057/969
f 1036/1057/970 1052/1073/970 1053/1074/970 1037/1058/970
f 1037/1058/971 1053/1074/971 1054/1075/971 1038/1059/971
f 1038/1059/972 1054/1075/972 1055/1076/972 1039/1060/972
f 1039/1060/973 1055/1076/973 1056/986/973 1040/985/973
f 124/1061/974 123/1077/975 1057/1078/974 1041/1062/975
f 1041/1062/976 1057/1078/976 1058/1079/976 1042/1063/976
f 1042/1063/977 1058/1079/977 1059/1080/977 1043/1064/977
f 1043/1064/978 1059/1080/978 1060/1081/978 1044/1065/978
f 1044/1065/979 1060/1081/979 1061/1082/979 1045/1066/979
f 1045/1066/980 1061/1082/980 1062/1083/980 1046/1067/980
f 1046/1067/981 1062/1083/981 1063/1084/981 1047/1068/981
f 1047/1068/982 1063/1084/982 1064/1085/982 1048/1069/982
f 1048/1069/983 1064/1085/983 1065/1086/983 1049/1070/983
f 1049/1070/984 1065/1086/984 1066/1087/984 1050/1071/984
f 1050/1071/985 1066/1087/985 1067/1088/985 1051/1072/985
f 1051/1072/986 1067/1088/986 1068/1089/986 1052/1073/986
f 1052/1073/987 1068/1089/987 1069/1090/987 1053/1074/987
f 1053/1074/988 1069/1090/988 1070/1091/988 1054/1075/988
f 1054/1075/989 1070/1091/989 1071/1092/989 1055/1076/989
f 1055/1076/990 1071/1092/990 1072/987/990 1056/986/990
f 123/1077/991 122/1093/991 1073/1094/991 1057/1078/991
f 1057/1078/992 1073/1094/992 1074/1095/992 1058/1079/992
f 1058/1079/993 1074/1095/993 1075/1096/993 1059/1080/993
f 1059/1080/994 1075/1096/994 1076/1097/994 1060/1081/994
f 1060/1081/995 1076/1097/995 1077/1098/995 1061/1082/995
f 1061/1082/996 1077/1098/996 1078/1099/996 1062/1083/996
f 1062/1083/997 1078/1099/997 1079/1100/997 1063/1084/997
f 1063/1084/998 1079/1100/998 1080/1101/998 1064/1085/998
f 1064/1085/999 1080/1101/999 1081/1102/999 1065/1086/999
f 1065/1086/1000 1081/1102/1000 1082/1103/1000 1066/1087/1000
f 1066/1087/1001 1082/1103/1001 1083/1104/1001 1067/1088/1001
f 1067/1088/1002 1083/1104/1002 1084/1105/1002 1068/1089/1002
f 1068/1089/1003 1084/1105/1003 1085/1106/1003 1069/1090/1003
f 1069/1090/1004 1085/1106/1004 1086/1107/1004 1070/1091/1004
f 1070/1091/1005 1086/1107/1005 1087/1108/1005 1071/1092/1005
f 1071/1092/1006 1087/1108/1006 1088/988/1006 1072/987/1006
f 122/1093/1007 121/1109/1007 1089/1110/1007 1073/1094/1007
f 1073/1094/1008 1089/1110/1008 1090/1111/1008 1074/1095/1008
f 1074/1095/1009 1090/1111/1009 1091/1112/1009 1075/1096/1009
f 1075/1096/1010 1091/1112/1010 1092/1113/1010 1076/1097/1010
f 1076/1097/1011 1092/1113/1011 1093/1114/1011 1077/1098/1011
f 1077/1098/1012 1093/1114/1012 1094/1115/1012 1078/1099/1012
f 1078/1099/1013 1094/1115/1013 1095/1116/1013 1079/1100/1013
f 1079/1100/1014 1095/1116/1014 1096/1117/1014 1080/1101/1014
f 1080/1101/1015 1096/1117/1015 1097/1118/1015 1081/1102/1015
f 1081/1102/1016 1097/1118/1016 1098/1119/1016 1082/1103/1016
f 1082/1103/1017 1098/1119/1017 1099/1120/1017 1083/1104/1017
f 1083/1104/1018 1099/1120/1018 1100/1121/1018 1084/1105/1018
f 1084/1105/1019 1100/1121/1019 1101/1122/1019 1085/1106/1019
f 1085/1106/1020 1101/1122/1020 1102/1123/1020 1086/1107/1020
f 1086/1107/1021 1102/1123/1021 1103/1124/1021 1087/1108/1021
f 1087/1108/1022 1103/1124/1022 1104/989/1022 1088/988/1022
f 121/1109/1023 120/1125/1023 1105/1126/1023 1089/1110/1023
f 1089/1110/1024 1105/1126/1024 1106/1127/1024 1090/1111/1024
f 1090/1111/1025 1106/1127/1025 1107/1128/1025 1091/1112/1025
f 1091/1112/1026 1107/1128/1026 1108/1129/1026 1092/1113/1026
f 1092/1113/1027 1108/1129/1027 1109/1130/1027 1093/1114/1027
f 1093/1114/1028 1109/1130/1028 1110/1131/1028 1094/1115/1028
f 1094/1115/1029 1110/1131/1029 1111/1132/1029 1095/1116/1029
f 1095/1116/1030 1111/1132/1030 1112/1133/1030 1096/1117/1030
f 1096/1117/1031 1112/1133/1031 1113/1134/1031 1097/1118/1031
f 1097/1118/1032 1113/1134/1032 1114/1135/1032 1098/1119/1032
f 1098/1119/1033 1114/1135/1033 1115/1136/1033 1099/1120/1033
f 1099/1120/1034 1115/1136/1034 1116/1137/1034 1100/1121/1034
f 1100/1121/1035 1116/1137/1035 1117/1138/1035 1101/1122/1035
f 1101/1122/1036 1117/1138/1036 1118/1139/1036 1102/1123/1036
f 1102/1123/1037 1118/1139/1037 1119/1140/1037 1103/1124/1037
f 1103/1124/1038 1119/1140/1038 1120/990/1038 1104/989/1038
f 120/1125/1039 119/1141/1039 1121/1142/1039 1105/1126/1039
f 1105/1126/1040 1121/1142/1040 1122/1143/1040 1106/1127/1040
f 1106/1127/1041 1122/1143/1041 1123/1144/1041 1107/1128/1041
f 1107/1128/1042 1123/1144/1042 1124/1145/1042 1108/1129/1042
f 1108/1129/1043 1124/1145/1043 1125/1146/1043 1109/1130/1043
f 1109/1130/1044 1125/1146/1044 1126/1147/1044 1110/1131/1044
f 1110/1131/1045 1126/1147/1045 1127/1148/1045 1111/1132/1045
f 1111/1132/1046 1127/1148/1046 1128/1149/1046 1112/1133/1046
f 1112/1133/1047 1128/1149/1047 1129/1150/1047 1113/1134/1047
f 1113/1134/1048 1129/1150/1048 1130/1151/1048 1114/1135/1048
f 1114/1135/1049 1130/1151/1049 1131/1152/1049 1115/1136/1049
f 1115/1136/1050 1131/1152/1050 1132/1153/1050 1116/1137/1050
f 1116/1137/1051 1132/1153/1051 1133/1154/1051 1117/1138/1051
f 1117/1138/1052 1133/1154/1052 1134/1155/1052 1118/1139/1052
f 1118/1139/1053 1134/1155/1053 1135/1156/1053 1119/1140/1053
f 1119/1140/1054 1135/1156/1054 1136/991/1054 1120/990/1054
f 119/1141/1055 118/1157/1055 1137/1158/1055 1121/1142/1055
f 1121/1142/1056 1137/1158/1056 1138/1159/1056 1122/1143/1056
f 1122/1143/1057 1138/1159/1057 1139/1160/1057 1123/1144/1057
f 1123/1144/1058 1139/1160/1058 1140/1161/1058 1124/1145/1058
f 1124/1145/1059 1140/1161/1059 1141/1162/1059 1125/1146/1059
f 1125/1146/1060 1141/1162/1060 1142/1163/1060 1126/1147/1060
f 1126/1147/1061 1142/1163/1061 1143/1164/1061 1127/1148/1061
f 1127/1148/1062 1143/1164/1062 1144/1165/1062 1128/1149/1062
f 1128/1149/1063 1144/1165/1063 1145/1166/1063 1129/1150/1063
f 1129/1150/1064 1145/1166/1064 1146/1167/1064 1130/1151/1064
f 1130/1151/1065 1146/1167/1065 1147/1168/1065 1131/1152/1065
f 1131/1152/1066 1147/1168/1066 1148/1169/1066 1132/1153/1066
f 1132/1153/1067 1148/1169/1067 1149/1170/1067 1133/1154/1067
f 1133/1154/1068 1149/1170/1068 1150/1171/1068 1134/1155/1068
f 1134/1155/1069 1150/1171/1069 1151/1172/1069 1135/1156/1069
f 1135/1156/1070 1151/1172/1070 1152/992/1070 1136/991/1070
f 118/1157/1071 117/1173/1071 1153/1174/1071 1137/1158/1071
f 1137/1158/1072 1153/1174/1072 1154/1175/1072 1138/1159/1072
f 1138/1159/1073 1154/1175/1073 1155/1176/1073 1139/1160/1073
f 1139/1160/1074 1155/1176/1074 1156/1177/1074 1140/1161/1074
f 1140/1161/1075 1156/1177/1075 1157/1178/1075 1141/1162/1075
f 1141/1162/1076 1157/1178/1076 1158/1179/1076 1142/1163/1076
f 1142/1163/1077 1158/1179/1077 1159/1180/1077 1143/1164/1077
f 1143/1164/1078 1159/1180/1078 1160/1181/1078 1144/1165/1078
f 1144/1165/1079 1160/1181/1079 1161/1182/1079 1145/1166/1079
f 1145/1166/1080 1161/1182/1080 1162/1183/1080 1146/1167/1080
f 1146/1167/1081 1162/1183/1081 1163/1184/1081 1147/1168/1081
f 1147/1168/1082 1163/1184/1082 1164/1185/1082 1148/1169/1082
f 1148/1169/1083 1164/1185/1083 1165/1186/1083 1149/1170/1083
f 1149/1170/1084 1165/1186/1084 1166/1187/1084 1150/1171/1084
f 1150/1171/1085 1166/1187/1085 1167/1188/1085 1151/1172/1085
f 1151/1172/1086 1167/1188/1086 1168/993/1086 1152/992/1086
f 117/1173/1087 116/1189/1087 1169/1190/1087 1153/1174/1087
f 1153/1174/1088 1169/1190/1088 1170/1191/1088 1154/1175/1088
f 1154/1175/1089 1170/1191/1089 1171/1192/1089 1155/1176/1089
f 1155/1176/1090 1171/1192/1090 1172/1193/1090 1156/1177/1090
f 1156/1177/1091 1172/1193/1091 1173/1194/1091 1157/1178/1091
f 1157/1178/1092 1173/1194/1092 1174/1195/1092 1158/1179/1092
f 1158/1179/1093 1174/1195/1093 1175/1196/1093 1159/1180/1093
f 1159/1180/1094 1175/1196/1094 1176/1197/1094 1160/1181/1094
f 1160/1181/1095 1176/1197/1095 1177/1198/1095 1161/1182/1095
f 1161/1182/1096 1177/1198/1096 1178/1199/1096 1162/1183/1096
f 1162/1183/1097 1178/1199/1097 1179/1200/1097 1163/1184/1097
f 1163/1184/1098 1179/1200/1098 1180/1201/1098 1164/1185/1098
f 1164/1185/1099 1180/1201/1099 1181/1202/1099 1165/1186/1099
f 1165/1186/1100 1181/1202/1100 1182/1203/1100 1166/1187/1100
f 1166/1187/1101 1182/1203/1101 1183/1204/1101 1167/1188/1101
f 1167/1188/1102 1183/1204/1102 1184/994/1102 1168/993/1102
f 116/1189/1103 115/1205/1103 1185/1206/1103 1169/1190/1103
f 1169/1190/1104 1185/1206/1104 1186/1207/1104 1170/1191/1104
f 1170/1191/1105 1186/1207/1105 1187/1208/1105 1171/1192/1105
f 1171/1192/1106 1187/1208/1106 1188/1209/1106 1172/1193/1106
f 1172/1193/1107 1188/1209/1107 1189/1210/1107 1173/1194/1107
f 1173/1194/1108 1189/1210/1108 1190/1211/1108 1174/1195/1108
f 1174/1195/1109 1190/1211/1109 1191/1212/1109 1175/1196/1109
f 1175/1196/1110 1191/1212/1110 1192/1213/1110 1176/1197/1110
f 1176/1197/1111 1192/1213/1111 1193/1214/1111 1177/1198/1111
f 1177/1198/1112 1193/1214/1112 1194/1215/1112 1178/1199/1112
f 1178/1199/1113 1194/1215/1113 1195/1216/1113 1179/1200/1113
f 1179/1200/1114 1195/1216/1114 1196/1217/1114 1180/1201/1114
f 1180/1201/1115 1196/1217/1115 1197/1218/1115 1181/1202/1115
f 1181/1202/1116 1197/1218/1116 1198/1219/1116 1182/1203/1116
f 1182/1203/1117 1198/1219/1117 1199/1220/1117 1183/1204/1117
f 1183/1204/1118 1199/1220/1118 1200/995/1118 1184/994/1118
f 115/1205/1119 114/1221/1119 1201/1222/1119 1185/1206/1119
f 1185/1206/1120 1201/1222/1120 1202/1223/1120 1186/1207/1120
f 1186/1207/1121 1202/1223/1121 1203/1224/1121 1187/1208/1121
f 1187/1208/1122 1203/1224/1122 1204/1225/1122 1188/1209/1122
f 1188/1209/1123 1204/1225/1123 1205/1226/1123 1189/1210/1123
f 1189/1210/1124 1205/1226/1124 1206/1227/1124 1190/1211/1124
f 1190/1211/1125 1206/1227/1125 1207/1228/1125 1191/1212/1125
f 1191/1212/1126 1207/1228/1126 1208/1229/1126 1192/1213/1126
f 1192/1213/1127 1208/1229/1127 1209/1230/1127 1193/1214/1127
f 1193/1214/1128 1209/1230/1128 1210/1231/1128 1194/1215/1128
f 1194/1215/1129 1210/1231/1129 1211/1232/1129 1195/1216/1129
f 1195/1216/1130 1211/1232/1130 1212/1233/1130 1196/1217/1130
f 1196/1217/1131 1212/1233/1131 1213/1234/1131 1197/1218/1131
f 1197/1218/1132 1213/1234/1132 1214/1235/1132 1198/1219/1132
f 1198/1219/1133 1214/1235/1133 1215/1236/1133 1199/1220/1133
f 1199/1220/1134 1215/1236/1134 1216/996/1134 1200/995/1134
f 114/1221/1135 113/20/1135 1217/1237/1135 1201/1222/1135
f 1201/1222/1136 1217/1237/1136 1218/1238/1136 1202/1223/1136
f 1202/1223/1137 1218/1238/1137 1219/1239/1137 1203/1224/1137
f 1203/1224/1138 1219/1239/1138 1220/1240/1138 1204/1225/1138
f 1204/1225/1139 1220/1240/1139 1221/1241/1139 1205/1226/1139
f 1205/1226/1140 1221/1241/1140 1222/1242/1140 1206/1227/1140
f 1206/1227/1141 1222/1242/1141 1223/1243/1141 1207/1228/1141
f 1207/1228/1142 1223/1243/1142 1224/1244/1142 1208/1229/1142
f 1208/1229/1143 1224/1244/1143 1225/1245/1143 1209/1230/1143
f 1209/1230/1144 1225/1245/1144 1226/1246/1144 1210/1231/1144
f 1210/1231/1145 1226/1246/1145 1227/1247/1145 1211/1232/1145
f 1211/1232/1146 1227/1247/1146 1228/1248/1146 1212/1233/1146
f 1212/1233/1147 1228/1248/1147 1229/1249/1147 1213/1234/1147
f 1213/1234/1148 1229/1249/1148 1230/1250/1148 1214/1235/1148
f 1214/1235/1149 1230/1250/1149 1231/1251/1149 1215/1236/1149
f 1215/1236/1150 1231/1251/1150 1232/21/1150 1216/996/1150
f 113/20/1151 16/1/1151 145/65/1151 1217/1237/1151
f 1217/1237/1152 145/65/1152 146/67/1152 1218/1238/1152
f 1218/1238/1153 146/67/1153 147/69/1153 1219/1239/1153
f 1219/1239/1154 147/69/1154 148/71/1154 1220/1240/1154
f 1220/1240/1155 148/71/1155 149/73/1155 1221/1241/1155
f 1221/1241/1156 149/73/1156 150/75/1156 1222/1242/1156
f 1222/1242/1157 150/75/1157 151/77/1157 1223/1243/1157
f 1223/1243/1158 151/77/1158 152/79/1158 1224/1244/1158
f 1224/1244/1159 152/79/1159 153/81/1159 1225/1245/1159
f 1225/1245/1160 153/81/1160 154/83/1160 1226/1246/1160
f 1226/1246/1161 154/83/1161 155/85/1161 1227/1247/1161
f 1227/1247/1162 155/85/1162 156/87/1162 1228/1248/1162
f 1228/1248/1163 156/87/1163 157/89/1163 1229/1249/1163
f 1229/1249/1164 157/89/1164 158/91/1164 1230/1250/1164
f 1230/1250/1165 158/91/1165 159/93/1165 1231/1251/1165
f 1231/1251/1166 159/93/1166 160/22/1166 1232/21/1166
f 81/1252/1167 1248/1253/1167 128/997/1167 15/13/1167
f 1248/1253/1168 1264/1254/1168 127/1013/1168 128/997/1168
f 1264/1254/1169 1280/1255/1169 126/1029/1169 127/1013/1169
f 1280/1255/1170 1296/1256/1170 125/1045/1170 126/1029/1170
f 1296/1256/1171 1312/1257/1171 124/1061/1171 125/1045/1171
f 1312/1257/1172 1328/1258/1172 123/1077/1172 124/1061/1172
f 1328/1258/1173 1344/1259/1173 122/1093/1173 123/1077/1173
f 1344/1259/1174 1360/1260/1174 121/1109/1174 122/1093/1174
f 1360/1260/1175 1376/1261/1175 120/1125/1175 121/1109/1175
f 1376/1261/1176 1392/1262/1176 119/1141/1176 120/1125/1176
f 1392/1262/1177 1408/1263/1177 118/1157/1177 119/1141/1177
f 1408/1263/1178 1424/1264/1178 117/1173/1178 118/1157/1178
f 1424/1264/1179 1440/1265/1179 116/1189/1179 117/1173/1179
f 1440/1265/1180 1456/1266/1180 115/1205/1180 116/1189/1180
f 1456/1266/1181 1472/1267/1181 114/1221/1181 115/1205/1181
f 1472/1267/1182 1488/18/1182 113/20/1182 114/1221/1182
f 11/11/1183 80/1268/1183 1233/1269/1183 96/1270/1183
f 96/1270/1184 1233/1269/1184 1234/1271/1184 95/1272/1184
f 95/1272/1185 1234/1271/1185 1235/1273/1185 94/1274/1185
f 94/1274/1186 1235/1273/1186 1236/1275/1186 93/1276/1186
f 93/1276/1187 1236/1275/1187 1237/1277/1187 92/1278/1187
f 92/1278/1188 1237/1277/1188 1238/1279/1188 91/1280/1188
f 91/1280/1189 1238/1279/1189 1239/1281/1189 90/1282/1189
f 90/1282/1190 1239/1281/1190 1240/1283/1190 89/1284/1190
f 89/1284/1191 1240/1283/1191 1241/1285/1191 88/1286/1191
f 88/1286/1192 1241/1285/1192 1242/1287/1192 87/1288/1192
f 87/1288/1193 1242/1287/1193 1243/1289/1193 86/1290/1193
f 86/1290/1194 1243/1289/1194 1244/1291/1194 85/1292/1194
f 85/1292/1195 1244/1291/1195 1245/1293/1195 84/1294/1195
f 84/1294/1196 1245/1293/1196 1246/1295/1196 83/1296/1196
f 83/1296/1197 1246/1295/1197 1247/1297/1197 82/1298/1197
f 82/1298/1198 1247/1297/1198 1248/1253/1198 81/1252/1198
f 80/1268/1199 79/1299/1199 1249/1300/1199 1233/1269/1199
f 1233/1269/1200 1249/1300/1200 1250/1301/1200 1234/1271/1200
f 1234/1271/1201 1250/1301/1201 1251/1302/1201 1235/1273/1201
f 1235/1273/1202 1251/1302/1202 1252/1303/1202 1236/1275/1202
f 1236/1275/1203 1252/1303/1203 1253/1304/1203 1237/1277/1203
f 1237/1277/1204 1253/1304/1204 1254/1305/1204 1238/1279/1204
f 1238/1279/1205 1254/1305/1205 1255/1306/1205 1239/1281/1205
f 1239/1281/1206 1255/1306/1206 1256/1307/1206 1240/1283/1206
f 1240/1283/1207 1256/1307/1207 1257/1308/1207 1241/1285/1207
f 1241/1285/1208 1257/1308/1208 1258/1309/1208 1242/1287/1208
f 1242/1287/1209 1258/1309/1209 1259/1310/1209 1243/1289/1209
f 1243/1289/1210 1259/1310/1210 1260/1311/1210 1244/1291/1210
f 1244/1291/1211 1260/1311/1211 1261/1312/1211 1245/1293/1211
f 1245/1293/1212 1261/1312/1212 1262/1313/1212 1246/1295/1212
f 1246/1295/1213 1262/1313/1213 1263/1314/1213 1247/1297/1213
f 1247/1297/1214 1263/1314/1214 1264/1254/1214 1248/1253/1214
f 79/1299/1215 78/1315/1215 1265/1316/1215 1249/1300/1215
f 1249/1300/1216 1265/1316/1216 1266/1317/1216 1250/1301/1216
f 1250/1301/1217 1266/1317/1217 1267/1318/1217 1251/1302/1217
f 1251/1302/1218 1267/1318/1218 1268/1319/1218 1252/1303/1218
f 1252/1303/1219 1268/1319/1219 1269/1320/1219 1253/1304/1219
f 1253/1304/1220 1269/1320/1220 1270/1321/1220 1254/1305/1220
f 1254/1305/1221 1270/1321/1221 1271/1322/1221 1255/1306/1221
f 1255/1306/1222 1271/1322/1222 1272/1323/1222 1256/1307/1222
f 1256/1307/1223 1272/1323/1223 1273/1324/1223 1257/1308/1223
f 1257/1308/1224 1273/1324/1224 1274/1325/1224 1258/1309/1224
f 1258/1309/1225 1274/1325/1225 1275/1326/1225 1259/1310/1225
f 1259/1310/1226 1275/1326/1226 1276/1327/1226 1260/1311/1226
f 1260/1311/1227 1276/1327/1227 1277/1328/1227 1261/1312/1227
f 1261/1312/1228 1277/1328/1228 1278/1329/1228 1262/1313/1228
f 1262/1313/1229 1278/1329/1229 1279/1330/1229 1263/1314/1229
f 1263/1314/1230 1279/1330/1230 1280/1255/1230 1264/1254/1230
f 78/1315/1231 77/1331/1231 1281/1332/1231 1265/1316/1231
f 1265/1316/1232 1281/1332/1232 1282/1333/1232 1266/1317/1232
f 1266/1317/1233 1282/1333/1233 1283/1334/1233 1267/1318/1233
f 1267/1318/1234 1283/1334/1234 1284/1335/1234 1268/1319/1234
f 1268/1319/1235 1284/1335/1235 1285/1336/1235 1269/1320/1235
f 1269/1320/1236 1285/1336/1236 1286/1337/1236 1270/1321/1236
f 1270/1321/1237 1286/1337/1237 1287/1338/1237 1271/1322/1237
f 1271/1322/1238 1287/1338/1238 1288/1339/1238 1272/1323/1238
f 1272/1323/1239 1288/1339/1239 1289/1340/1239 1273/1324/1239
f 1273/1324/1240 1289/1340/1240 1290/1341/1240 1274/1325/1240
f 1274/1325/1241 1290/1341/1241 1291/1342/1241 1275/1326/1241
f 1275/1326/1242 1291/1342/1242 1292/1343/1242 1276/1327/1242
f 1276/1327/1243 1292/1343/1243 1293/1344/1243 1277/1328/1243
f 1277/1328/1244 1293/1344/1244 1294/1345/1244 1278/1329/1244
f 1278/1329/1245 1294/1345/1245 1295/1346/1245 1279/1330/1245
f 1279/1330/1246 1295/1346/1246 1296/1256/1246 1280/1255/1246
f 77/1331/1247 76/1347/1247 1297/1348/1247 1281/1332/1247
f 1281/1332/1248 1297/1348/1248 1298/1349/1248 1282/1333/1248
f 1282/1333/1249 1298/1349/1249 1299/1350/1249 1283/1334/1249
f 1283/1334/1250 1299/1350/1250 1300/1351/1250 1284/1335/1250
f 1284/1335/1251 1300/1351/1251 1301/1352/1251 1285/1336/1251
f 1285/1336/1252 1301/1352/1252 1302/1353/1252 1286/1337/1252
f 1286/1337/1253 1302/1353/1253 1303/1354/1253 1287/1338/1253
f 1287/1338/1254 1303/1354/1254 1304/1355/1254 1288/1339/1254
f 1288/1339/1255 1304/1355/1255 1305/1356/1255 1289/1340/1255
f 1289/1340/1256 1305/1356/1256 1306/1357/1256 1290/1341/1256
f 1290/1341/1257 1306/1357/1257 1307/1358/1257 1291/1342/1257
f 1291/1342/1258 1307/1358/1258 1308/1359/1258 1292/1343/1258
f 1292/1343/1259 1308/1359/1259 1309/1360/1259 1293/1344/1259
f 1293/1344/1260 1309/1360/1260 1310/1361/1260 1294/1345/1260
f 1294/1345/1261 1310/1361/1261 1311/1362/1261 1295/1346/1261
f 1295/1346/1262 1311/1362/1262 1312/1257/1262 1296/1256/1262
f 76/1347/1263 75/1363/1263 1313/1364/1263 1297/1348/1263
f 1297/1348/1264 1313/1364/1264 1314/1365/1264 1298/1349/1264
f 1298/1349/1265 1314/1365/1265 1315/1366/1265 1299/1350/1265
f 1299/1350/1266 1315/1366/1266 1316/1367/1266 1300/1351/1266
f 1300/1351/1267 1316/1367/1267 1317/1368/1267 1301/1352/1267
f 1301/1352/1268 1317/1368/1268 1318/1369/1268 1302/1353/1268
f 1302/1353/1269 1318/1369/1269 1319/1370/1269 1303/1354/1269
f 1303/1354/1270 1319/1370/1270 1320/1371/1270 1304/1355/1270
f 1304/1355/1271 1320/1371/1271 1321/1372/1271 1305/1356/1271
f 1305/1356/1272 1321/1372/1272 1322/1373/1272 1306/1357/1272
f 1306/1357/1273 1322/1373/1273 1323/1374/1273 1307/1358/1273
f 1307/1358/1274 1323/1374/1274 1324/1375/1274 1308/1359/1274
f 1308/1359/1275 1324/1375/1275 1325/1376/1275 1309/1360/1275
f 1309/1360/1276 1325/1376/1276 1326/1377/1276 1310/1361/1276
f 1310/1361/1277 1326/1377/1277 1327/1378/1277 1311/1362/1277
f 1311/1362/1278 1327/1378/1278 1328/1258/1278 1312/1257/1278
f 75/1363/1279 74/1379/1279 1329/1380/1279 1313/1364/1279
f 1313/1364/1280 1329/1380/1280 1330/1381/1280 1314/1365/1280
f 1314/1365/1281 1330/1381/1281 1331/1382/1281 1315/1366/1281
f 1315/1366/1282 1331/1382/1282 1332/1383/1282 1316/1367/1282
f 1316/1367/1283 1332/1383/1283 1333/1384/1283 1317/1368/1283
f 1317/1368/1284 1333/1384/1284 1334/1385/1284 1318/1369/1284
f 1318/1369/1285 1334/1385/1285 1335/1386/1285 1319/1370/1285
f 1319/1370/1286 1335/1386/1286 1336/1387/1286 1320/1371/1286
f 1320/1371/1287 1336/1387/1287 1337/1388/1287 1321/1372/1287
f 1321/1372/1288 1337/1388/1288 1338/1389/1288 1322/1373/1288
f 1322/1373/1289 1338/1389/1289 1339/1390/1289 1323/1374/1289
f 1323/1374/1290 1339/1390/1290 1340/1391/1290 1324/1375/1290
f 1324/1375/1291 1340/1391/1291 1341/1392/1291 1325/1376/1291
f 1325/1376/1292 1341/1392/1292 1342/1393/1292 1326/1377/1292
f 1326/1377/1293 1342/1393/1293 1343/1394/1293 1327/1378/1293
f 1327/1378/1294 1343/1394/1294 1344/1259/1294 1328/1258/1294
f 74/1379/1295 73/1395/1295 1345/1396/1295 1329/1380/1295
f 1329/1380/1296 1345/1396/1296 1346/1397/1296 1330/1381/1296
f 1330/1381/1297 1346/1397/1297 1347/1398/1297 1331/1382/1297
f 1331/1382/1298 1347/1398/1298 1348/1399/1298 1332/1383/1298
f 1332/1383/1299 1348/1399/1299 1349/1400/1299 1333/1384/1299
f 1333/1384/1300 1349/1400/1300 1350/1401/1300 1334/1385/1300
f 1334/1385/1301 1350/1401/1301 1351/1402/1301 1335/1386/1301
f 1335/1386/1302 1351/1402/1302 1352/1403/1302 1336/1387/1302
f 1336/1387/1303 1352/1403/1303 1353/1404/1303 1337/1388/1303
f 1337/1388/1304 1353/1404/1304 1354/1405/1304 1338/1389/1304
f 1338/1389/1305 1354/1405/1305 1355/1406/1305 1339/1390/1305
f 1339/1390/1306 1355/1406/1306 1356/1407/1306 1340/1391/1306
f 1340/1391/1307 1356/1407/1307 1357/1408/1307 1341/1392/1307
f 1341/1392/1308 1357/1408/1308 1358/1409/1308 1342/1393/1308
f 1342/1393/1309 1358/1409/1309 1359/1410/1309 1343/1394/1309
f 1343/1394/1310 1359/1410/1310 1360/1260/1310 1344/1259/1310
f 73/1395/1311 72/1411/1311 1361/1412/1311 1345/1396/1311
f 1345/1396/1312 1361/1412/1312 1362/1413/1312 1346/1397/1312
f 1346/1397/1313 1362/1413/1313 1363/1414/1313 1347/1398/1313
f 1347/1398/1314 1363/1414/1314 1364/1415/1314 1348/1399/1314
f 1348/1399/1315 1364/1415/1315 1365/1416/1315 1349/1400/1315
f 1349/1400/1316 1365/1416/1316 1366/1417/1316 1350/1401/1316
f 1350/1401/1317 1366/1417/1317 1367/1418/1317 1351/1402/1317
f 1351/1402/1318 1367/1418/1318 1368/1419/1318 1352/1403/1318
f 1352/1403/1319 1368/1419/1319 1369/1420/1319 1353/1404/1319
f 1353/1404/1320 1369/1420/1320 1370/1421/1320 1354/1405/1320
f 1354/1405/1321 1370/1421/1321 1371/1422/1321 1355/1406/1321
f 1355/1406/1322 1371/1422/1322 1372/1423/1322 1356/1407/1322
f 1356/1407/1323 1372/1423/1323 1373/1424/1323 1357/1408/1323
f 1357/1408/1324 1373/1424/1324 1374/1425/1324 1358/1409/1324
f 1358/1409/1325 1374/1425/1325 1375/1426/1325 1359/1410/1325
f 1359/1410/1326 1375/1426/1326 1376/1261/1326 1360/1260/1326
f 72/1411/1327 71/1427/1327 1377/1428/1327 1361/1412/1327
f 1361/1412/1328 1377/1428/1328 1378/1429/1328 1362/1413/1328
f 1362/1413/1329 1378/1429/1329 1379/1430/1329 1363/1414/1329
f 1363/1414/1330 1379/1430/1330 1380/1431/1330 1364/1415/1330
f 1364/1415/1331 1380/1431/1331 1381/1432/1331 1365/1416/1331
f 1365/1416/1332 1381/1432/1332 1382/1433/1332 1366/1417/1332
f 1366/1417/1333 1382/1433/1333 1383/1434/1333 1367/1418/1333
f 1367/1418/1334 1383/1434/1334 1384/1435/1334 1368/1419/1334
f 1368/1419/1335 1384/1435/1335 1385/1436/1335 1369/1420/1335
f 1369/1420/1336 1385/1436/1336 1386/1437/1336 1370/1421/1336
f 1370/1421/1337 1386/1437/1337 1387/1438/1337 1371/1422/1337
f 1371/1422/1338 1387/1438/1338 1388/1439/1338 1372/1423/1338
f 1372/1423/1339 1388/1439/1339 1389/1440/1339 1373/1424/1339
f 1373/1424/1340 1389/1440/1340 1390/1441/1340 1374/1425/1340
f 1374/1425/1341 1390/1441/1341 1391/1442/1341 1375/1426/1341
f 1375/1426/1342 1391/1442/1342 1392/1262/1342 1376/1261/1342
f 71/1427/1343 70/1443/1343 1393/1444/1343 1377/1428/1343
f 1377/1428/1344 1393/1444/1344 1394/1445/1344 1378/1429/1344
f 1378/1429/1345 1394/1445/1345 1395/1446/1345 1379/1430/1345
f 1379/1430/1346 1395/1446/1346 1396/1447/1346 1380/1431/1346
f 1380/1431/1347 1396/1447/1347 1397/1448/1347 1381/1432/1347
f 1381/1432/1348 1397/1448/1348 1398/1449/1348 1382/1433/1348
f 1382/1433/1349 1398/1449/1349 1399/1450/1349 1383/1434/1349
f 1383/1434/1350 1399/1450/1350 1400/1451/1350 1384/1435/1350
f 1384/1435/1351 1400/1451/1351 1401/1452/1351 1385/1436/1351
f 1385/1436/1352 1401/1452/1352 1402/1453/1352 1386/1437/1352
f 1386/1437/1353 1402/1453/1353 1403/1454/1353 1387/1438/1353
f 1387/1438/1354 1403/1454/1354 1404/1455/1354 1388/1439/1354
f 1388/1439/1355 1404/1455/1355 1405/1456/1355 1389/1440/1355
f 1389/1440/1356 1405/1456/1356 1406/1457/1356 1390/1441/1356
f 1390/1441/1357 1406/1457/1357 1407/1458/1357 1391/1442/1357
f 1391/1442/1358 1407/1458/1358 1408/1263/1358 1392/1262/1358
f 70/1443/1359 69/1459/1359 1409/1460/1359 1393/1444/1359
f 1393/1444/1360 1409/1460/1360 1410/1461/1360 1394/1445/1360
f 1394/1445/1361 1410/1461/1361 1411/1462/1361 1395/1446/1361
f 1395/1446/1362 1411/1462/1362 1412/1463/1362 1396/1447/1362
f 1396/1447/1363 1412/1463/1363 1413/1464/1363 1397/1448/1363
f 1397/1448/1364 1413/1464/1364 1414/1465/1364 1398/1449/1364
f 1398/1449/1365 1414/1465/1365 1415/1466/1365 1399/1450/1365
f 1399/1450/1366 1415/1466/1366 1416/1467/1366 1400/1451/1366
f 1400/1451/1367 1416/1467/1367 1417/1468/1367 1401/1452/1367
f 1401/1452/1368 1417/1468/1368 1418/1469/1368 1402/1453/1368
f 1402/1453/1369 1418/1469/1369 1419/1470/1369 1403/1454/1369
f 1403/1454/1370 1419/1470/1370 1420/1471/1370 1404/1455/1370
f 1404/1455/1371 1420/1471/1371 1421/1472/1371 1405/1456/1371
f 1405/1456/1372 1421/1472/1372 1422/1473/1372 1406/1457/1372
f 1406/1457/1373 1422/1473/1373 1423/1474/1373 1407/1458/1373
f 1407/1458/1374 1423/1474/1374 1424/1264/1374 1408/1263/1374
f 69/1459/1375 68/1475/1375 1425/1476/1375 1409/1460/1375
f 1409/1460/1376 1425/1476/1376 1426/1477/1376 1410/1461/1376
f 1410/1461/1377 1426/1477/1377 1427/1478/1377 1411/1462/1377
f 1411/1462/1378 1427/1478/1378 1428/1479/1378 1412/1463/1378
f 1412/1463/1379 1428/1479/1379 1429/1480/1379 1413/1464/1379
f 1413/1464/1380 1429/1480/1380 1430/1481/1380 1414/1465/1380
f 1414/1465/1381 1430/1481/1381 1431/1482/1381 1415/1466/1381
f 1415/1466/1382 1431/1482/1382 1432/1483/1382 1416/1467/1382
f 1416/1467/1383 1432/1483/1383 1433/1484/1383 1417/1468/1383
f 1417/1468/1384 1433/1484/1384 1434/1485/1384 1418/1469/1384
f 1418/1469/1385 1434/1485/1385 1435/1486/1385 1419/1470/1385
f 1419/1470/1386 1435/1486/1386 1436/1487/1386 1420/1471/1386
f 1420/1471/1387 1436/1487/1387 1437/1488/1387 1421/1472/1387
f 1421/1472/1388 1437/1488/1388 1438/1489/1388 1422/1473/1388
f 1422/1473/1389 1438/1489/1389 1439/1490/1389 1423/1474/1389
f 1423/1474/1390 1439/1490/1390 1440/1265/1390 1424/1264/1390
f 68/1475/1391 67/1491/1391 1441/1492/1391 1425/1476/1391
f 1425/1476/1392 1441/1492/1392 1442/1493/1392 1426/1477/1392
f 1426/1477/1393 1442/1493/1393 1443/1494/1393 1427/1478/1393
f 1427/1478/1394 1443/1494/1394 1444/1495/1394 1428/1479/1394
f 1428/1479/1395 1444/1495/1395 1445/1496/1395 1429/1480/1395
f 1429/1480/1396 1445/1496/1396 1446/1497/1396 1430/1481/1396
f 1430/1481/1397 1446/1497/1397 1447/1498/1397 1431/1482/1397
f 1431/1482/1398 1447/1498/1398 1448/1499/1398 1432/1483/1398
f 1432/1483/1399 1448/1499/1399 1449/1500/1399 1433/1484/1399
f 1433/1484/1400 1449/1500/1400 1450/1501/1400 1434/1485/1400
f 1434/1485/1401 1450/1501/1401 1451/1502/1401 1435/1486/1401
f 1435/1486/1402 1451/1502/1402 1452/1503/1402 1436/1487/1402
f 1436/1487/1403 1452/1503/1403 1453/1504/1403 1437/1488/1403
f 1437/1488/1404 1453/1504/1404 1454/1505/1404 1438/1489/1404
f 1438/1489/1405 1454/1505/1405 1455/1506/1405 1439/1490/1405
f 1439/1490/1406 1455/1506/1406 1456/1266/1406 1440/1265/1406
f 67/1491/1407 66/1507/1407 1457/1508/1407 1441/1492/1407
f 1441/1492/1408 1457/1508/1408 1458/1509/1408 1442/1493/1408
f 1442/1493/1409 1458/1509/1409 1459/1510/1409 1443/1494/1409
f 1443/1494/1410 1459/1510/1410 1460/1511/1410 1444/1495/1410
f 1444/1495/1411 1460/1511/1411 1461/1512/1411 1445/1496/1411
f 1445/1496/1412 1461/1512/1412 1462/1513/1412 1446/1497/1412
f 1446/1497/1413 1462/1513/1413 1463/1514/1413 1447/1498/1413
f 1447/1498/1414 1463/1514/1414 1464/1515/1414 1448/1499/1414
f 1448/1499/1415 1464/1515/1415 1465/1516/1415 1449/1500/1415
f 1449/1500/1416 1465/1516/1416 1466/1517/1416 1450/1501/1416
f 1450/1501/1417 1466/1517/1417 1467/1518/1417 1451/1502/1417
f 1451/1502/1418 1467/1518/1418 1468/1519/1418 1452/1503/1418
f 1452/1503/1419 1468/1519/1419 1469/1520/1419 1453/1504/1419
f 1453/1504/1420 1469/1520/1420 1470/1521/1420 1454/1505/1420
f 1454/1505/1421 1470/1521/1421 1471/1522/1421 1455/1506/1421
f 1455/1506/1422 1471/1522/1422 1472/1267/1422 1456/1266/1422
f 66/1507/1423 65/17/1423 1473/1523/1423 1457/1508/1423
f 1457/1508/1424 1473/1523/1424 1474/1524/1424 1458/1509/1424
f 1458/1509/1425 1474/1524/1425 1475/1525/1425 1459/1510/1425
f 1459/1510/1426 1475/1525/1426 1476/1526/1426 1460/1511/1426
f 1460/1511/1427 1476/1526/1427 1477/1527/1427 1461/1512/1427
f 1461/1512/1428 1477/1527/1428 1478/1528/1428 1462/1513/1428
f 1462/1513/1429 1478/1528/1429 1479/1529/1429 1463/1514/1429
f 1463/1514/1430 1479/1529/1430 1480/1530/1430 1464/1515/1430
f 1464/1515/1431 1480/1530/1431 1481/1531/1431 1465/1516/1431
f 1465/1516/1432 1481/1531/1432 1482/1532/1432 1466/1517/1432
f 1466/1517/1433 1482/1532/1433 1483/1533/1433 1467/1518/1433
f 1467/1518/1434 1483/1533/1434 1484/1534/1434 1468/1519/1434
f 1468/1519/1435 1484/1534/1435 1485/1535/1435 1469/1520/1435
f 1469/1520/1436 1485/1535/1436 1486/1536/1436 1470/1521/1436
f 1470/1521/1437 1486/1536/1437 1487/1537/1437 1471/1522/1437
f 1471/1522/1438 1487/1537/1438 1488/18/1438 1472/1267/1438
f 65/17/1439 12/10/1439 97/1538/1439 1473/1523/1439
f 1473/1523/1440 97/1538/1440 98/1539/1440 1474/1524/1440
f 1474/1524/1441 98/1539/1441 99/1540/1441 1475/1525/1441
f 1475/1525/1442 99/1540/1442 100/1541/1442 1476/1526/1442
f 1476/1526/1443 100/1541/1443 101/1542/1443 1477/1527/1443
f 1477/1527/1444 101/1542/1444 102/1543/1444 1478/1528/1444
f 1478/1528/1445 102/1543/1445 103/1544/1445 1479/1529/1445
f 1479/1529/1446 103/1544/1446 104/1545/1446 1480/1530/1446
f 1480/1530/1447 104/1545/1447 105/1546/1447 1481/1531/1447
f 1481/1531/1448 105/1546/1448 106/1547/1448 1482/1532/1448
f 1482/1532/1449 106/1547/1449 107/1548/1449 1483/1533/1449
f 1483/1533/1450 107/1548/1450 108/1549/1450 1484/1534/1450
f 1484/1534/1451 108/1549/1451 109/1550/1451 1485/1535/1451
f 1485/1535/1452 109/1550/1452 110/1551/1452 1486/1536/1452
f 1486/1536/1453 110/1551/1453 111/1552/1453 1487/1537/1453
f 1487/1537/1454 111/1552/1454 112/19/1454 1488/18/1454
f 17/1553/1455 1504/1554/1455 80/1268/1455 11/11/1455
f 1504/1554/1456 1520/1555/1456 79/1299/1456 80/1268/1456
f 1520/1555/1457 1536/1556/1457 78/1315/1457 79/1299/1457
f 1536/1556/1458 1552/1557/1458 77/1331/1458 78/1315/1458
f 1552/1557/1459 1568/1558/1459 76/1347/1459 77/1331/1459
f 1568/1558/1460 1584/1559/1460 75/1363/1460 76/1347/1460
f 1584/1559/1461 1600/1560/1461 74/1379/1461 75/1363/1461
f 1600/1560/1462 1616/1561/1462 73/1395/1462 74/1379/1462
f 1616/1561/1463 1632/1562/1463 72/1411/1463 73/1395/1463
f 1632/1562/1464 1648/1563/1464 71/1427/1464 72/1411/1464
f 1648/1563/1465 1664/1564/1465 70/1443/1465 71/1427/1465
f 1664/1564/1466 1680/1565/1466 69/1459/1466 70/1443/1466
f 1680/1565/1467 1696/1566/1467 68/1475/1467 69/1459/1467
f 1696/1566/1468 1712/1567/1468 67/1491/1468 68/1475/1468
f 1712/1567/1469 1728/1568/1469 66/1507/1469 67/1491/1469
f 1728/1568/1470 1744/15/1470 65/17/1470 66/1507/1470
f 9/8/1471 33/1569/1471 1489/1570/1471 32/1571/1471
f 32/1571/1472 1489/1570/1472 1490/1572/1472 31/1573/1472
f 31/1573/1473 1490/1572/1473 1491/1574/1473 30/1575/1473
f 30/1575/1474 1491/1574/1474 1492/1576/1474 29/1577/1474
f 29/1577/1475 1492/1576/1475 1493/1578/1475 28/1579/1475
f 28/1579/1476 1493/1578/1476 1494/1580/1476 27/1581/1476
f 27/1581/1477 1494/1580/1477 1495/1582/1477 26/1583/1477
f 26/1583/1478 1495/1582/1478 1496/1584/1478 25/1585/1478
f 25/1585/1479 1496/1584/1479 1497/1586/1479 24/1587/1479
f 24/1587/1480 1497/1586/1480 1498/1588/1480 23/1589/1480
f 23/1589/1481 1498/1588/1481 1499/1590/1481 22/1591/1481
f 22/1591/1482 1499/1590/1482 1500/1592/1482 21/1593/1482
f 21/1593/1483 1500/1592/1483 1501/1594/1483 20/1595/1483
f 20/1595/1484 1501/1594/1484 1502/1596/1484 19/1597/1484
f 19/1597/1485 1502/1596/1485 1503/1598/1485 18/1599/1485
f 18/1599/1486 1503/1598/1486 1504/1554/1486 17/1553/1486
f 33/1569/1487 34/1600/1487 1505/1601/1487 1489/1570/1487
f 1489/1570/1488 1505/1601/1488 1506/1602/1488 1490/1572/1488
f 1490/1572/1489 1506/1602/1489 1507/1603/1489 1491/1574/1489
f 1491/1574/1490 1507/1603/1490 1508/1604/1490 1492/1576/1490
f 1492/1576/1491 1508/1604/1491 1509/1605/1491 1493/1578/1491
f 1493/1578/1492 1509/1605/1492 1510/1606/1492 1494/1580/1492
f 1494/1580/1493 1510/1606/1493 1511/1607/1493 1495/1582/1493
f 1495/1582/1494 1511/1607/1494 1512/1608/1494 1496/1584/1494
f 1496/1584/1495 1512/1608/1495 1513/1609/1495 1497/1586/1495
f 1497/1586/1496 1513/1609/1496 1514/1610/1496 1498/1588/1496
f 1498/1588/1497 1514/1610/1497 1515/1611/1497 1499/1590/1497
f 1499/1590/1498 1515/1611/1498 1516/1612/1498 1500/1592/1498
f 1500/1592/1499 1516/1612/1499 1517/1613/1499 1501/1594/1499
f 1501/1594/1500 1517/1613/1500 1518/1614/1500 1502/1596/1500
f 1502/1596/1501 1518/1614/1501 1519/1615/1501 1503/1598/1501
f 1503/1598/1502 1519/1615/1502 1520/1555/1502 1504/1554/1502
f 34/1600/1503 35/1616/1504 1521/1617/1503 1505/1601/1504
f 1505/1601/1505 1521/1617/1505 1522/1618/1505 1506/1602/1505
f 1506/1602/1506 1522/1618/1506 1523/1619/1506 1507/1603/1506
f 1507/1603/1507 1523/1619/1507 1524/1620/1507 1508/1604/1507
f 1508/1604/1508 1524/1620/1508 1525/1621/1508 1509/1605/1508
f 1509/1605/1509 1525/1621/1509 1526/1622/1509 1510/1606/1509
f 1510/1606/1510 1526/1622/1510 1527/1623/1510 1511/1607/1510
f 1511/1607/1511 1527/1623/1511 1528/1624/1511 1512/1608/1511
f 1512/1608/1512 1528/1624/1512 1529/1625/1512 1513/1609/1512
f 1513/1609/1513 1529/1625/1513 1530/1626/1513 1514/1610/1513
f 1514/1610/1514 1530/1626/1514 1531/1627/1514 1515/1611/1514
f 1515/1611/1515 1531/1627/1515 1532/1628/1515 1516/1612/1515
f 1516/1612/1516 1532/1628/1516 1533/1629/1516 1517/1613/1516
f 1517/1613/1517 1533/1629/1517 1534/1630/1517 1518/1614/1517
f 1518/1614/1518 1534/1630/1518 1535/1631/1518 1519/1615/1518
f 1519/1615/1519 1535/1631/1519 1536/1556/1519 1520/1555/1519
f 35/1616/1520 36/1632/1520 1537/1633/1520 1521/1617/1520
f 1521/1617/1521 1537/1633/1521 1538/1634/1521 1522/1618/1521
f 1522/1618/1522 1538/1634/1522 1539/1635/1522 1523/1619/1522
f 1523/1619/1523 1539/1635/1523 1540/1636/1523 1524/1620/1523
f 1524/1620/1524 1540/1636/1524 1541/1637/1524 1525/1621/1524
f 1525/1621/1525 1541/1637/1525 1542/1638/1525 1526/1622/1525
f 1526/1622/1526 1542/1638/1526 1543/1639/1526 1527/1623/1526
f 1527/1623/1527 1543/1639/1527 1544/1640/1527 1528/1624/1527
f 1528/1624/1528 1544/1640/1528 1545/1641/1528 1529/1625/1528
f 1529/1625/1529 1545/1641/1529 1546/1642/1529 1530/1626/1529
f 1530/1626/1530 1546/1642/1530 1547/1643/1530 1531/1627/1530
f 1531/1627/1531 1547/1643/1531 1548/1644/1531 1532/1628/1531
f 1532/1628/1532 1548/1644/1532 1549/1645/1532 1533/1629/1532
f 1533/1629/1533 1549/1645/1533 1550/1646/1533 1534/1630/1533
f 1534/1630/1534 1550/1646/1534 1551/1647/1534 1535/1631/1534
f 1535/1631/1535 1551/1647/1535 1552/1557/1535 1536/1556/1535
f 36/1632/1536 37/1648/1536 1553/1649/1536 1537/1633/1536
f 1537/1633/1537 1553/1649/1537 1554/1650/1537 1538/1634/1537
f 1538/1634/1538 1554/1650/1538 1555/1651/1538 1539/1635/1538
f 1539/1635/1539 1555/1651/1539 1556/1652/1539 1540/1636/1539
f 1540/1636/1540 1556/1652/1540 1557/1653/1540 1541/1637/1540
f 1541/1637/1541 1557/1653/1541 1558/1654/1541 1542/1638/1541
f 1542/1638/1542 1558/1654/1542 1559/1655/1542 1543/1639/1542
f 1543/1639/1543 1559/1655/1543 1560/1656/1543 1544/1640/1543
f 1544/1640/1544 1560/1656/1544 1561/1657/1544 1545/1641/1544
f 1545/1641/1545 1561/1657/1545 1562/1658/1545 1546/1642/1545
f 1546/1642/1546 1562/1658/1546 1563/1659/1546 1547/1643/1546
f 1547/1643/1547 1563/1659/1547 1564/1660/1547 1548/1644/1547
f 1548/1644/1548 1564/1660/1548 1565/1661/1548 1549/1645/1548
f 1549/1645/1549 1565/1661/1549 1566/1662/1549 1550/1646/1549
f 1550/1646/1550 1566/1662/1550 1567/1663/1550 1551/1647/1550
f 1551/1647/1551 1567/1663/1551 1568/1558/1551 1552/1557/1551
f 37/1648/1552 38/1664/1552 1569/1665/1552 1553/1649/1552
f 1553/1649/1553 1569/1665/1553 1570/1666/1553 1554/1650/1553
f 1554/1650/1554 1570/1666/1554 1571/1667/1554 1555/1651/1554
f 1555/1651/1555 1571/1667/1555 1572/1668/1555 1556/1652/1555
f 1556/1652/1556 1572/1668/1556 1573/1669/1556 1557/1653/1556
f 1557/1653/1557 1573/1669/1557 1574/1670/1557 1558/1654/1557
f 1558/1654/1558 1574/1670/1558 1575/1671/1558 1559/1655/1558
f 1559/1655/1559 1575/1671/1559 1576/1672/1559 1560/1656/1559
f 1560/1656/1560 1576/1672/1560 1577/1673/1560 1561/1657/1560
f 1561/1657/1561 1577/1673/1561 1578/1674/1561 1562/1658/1561
f 1562/1658/1562 1578/1674/1562 1579/1675/1562 1563/1659/1562
f 1563/1659/1563 1579/1675/1563 1580/1676/1563 1564/1660/1563
f 1564/1660/1564 1580/1676/1564 1581/1677/1564 1565/1661/1564
f 1565/1661/1565 1581/1677/1565 1582/1678/1565 1566/1662/1565
f 1566/1662/1566 1582/1678/1566 1583/1679/1566 1567/1663/1566
f 1567/1663/1567 1583/1679/1567 1584/1559/1567 1568/1558/1567
f 38/1664/1568 39/1680/1568 1585/1681/1568 1569/1665/1568
f 1569/1665/1569 1585/1681/1569 1586/1682/1569 1570/1666/1569
f 1570/1666/1570 1586/1682/1570 1587/1683/1570 1571/1667/1570
f 1571/1667/1571 1587/1683/1571 1588/1684/1571 1572/1668/1571
f 1572/1668/1572 1588/1684/1572 1589/1685/1572 1573/1669/1572
f 1573/1669/1573 1589/1685/1573 1590/1686/1573 1574/1670/1573
f 1574/1670/1574 1590/1686/1574 1591/1687/1574 1575/1671/1574
f 1575/1671/1575 1591/1687/1575 1592/1688/1575 1576/1672/1575
f 1576/1672/1576 1592/1688/1576 1593/1689/1576 1577/1673/1576
f 1577/1673/1577 1593/1689/1577 1594/1690/1577 1578/1674/1577
f 1578/1674/1578 1594/1690/1578 1595/1691/1578 1579/1675/1578
f 1579/1675/1579 1595/1691/1579 1596/1692/1579 1580/1676/1579
f 1580/1676/1580 1596/1692/1580 1597/1693/1580 1581/1677/1580
f 1581/1677/1581 1597/1693/1581 1598/1694/1581 1582/1678/1581
f 1582/1678/1582 1598/1694/1582 1599/1695/1582 1583/1679/1582
f 1583/1679/1583 1599/1695/1583 1600/1560/1583 1584/1559/1583
f 39/1680/1584 40/1696/1584 1601/1697/1584 1585/1681/1584
f 1585/1681/1585 1601/1697/1585 1602/1698/1585 1586/1682/1585
f 1586/1682/1586 1602/1698/1586 1603/1699/1586 1587/1683/1586
f 1587/1683/1587 1603/1699/1587 1604/1700/1587 1588/1684/1587
f 1588/1684/1588 1604/1700/1588 1605/1701/1588 1589/1685/1588
f 1589/1685/1589 1605/1701/1589 1606/1702/1589 1590/1686/1589
f 1590/1686/1590 1606/1702/1590 1607/1703/1590 1591/1687/1590
f 1591/1687/1591 1607/1703/1591 1608/1704/1591 1592/1688/1591
f 1592/1688/1592 1608/1704/1592 1609/1705/1592 1593/1689/1592
f 1593/1689/1593 1609/1705/1593 1610/1706/1593 1594/1690/1593
f 1594/1690/1594 1610/1706/1594 1611/1707/1594 1595/1691/1594
f 1595/1691/1595 1611/1707/1595 1612/1708/1595 1596/1692/1595
f 1596/1692/1596 1612/1708/1596 1613/1709/1596 1597/1693/1596
f 1597/1693/1597 1613/1709/1597 1614/1710/1597 1598/1694/1597
f 1598/1694/1598 1614/1710/1598 1615/1711/1598 1599/1695/1598
f 1599/1695/1599 1615/1711/1599 1616/1561/1599 1600/1560/1599
f 40/1696/1600 41/1712/1600 1617/1713/1600 1601/1697/1600
f 1601/1697/1601 1617/1713/1601 1618/1714/1601 1602/1698/1601
f 1602/1698/1602 1618/1714/1602 1619/1715/1602 1603/1699/1602
f 1603/1699/1603 1619/1715/1603 1620/1716/1603 1604/1700/1603
f 1604/1700/1604 1620/1716/1604 1621/1717/1604 1605/1701/1604
f 1605/1701/1605 1621/1717/1605 1622/1718/1605 1606/1702/1605
f 1606/1702/1606 1622/1718/1606 1623/1719/1606 1607/1703/1606
f 1607/1703/1607 1623/1719/1607 1624/1720/1607 1608/1704/1607
f 1608/1704/1608 1624/1720/1608 1625/1721/1608 1609/1705/1608
f 1609/1705/1609 1625/1721/1609 1626/1722/1609 1610/1706/1609
f 1610/1706/1610 1626/1722/1610 1627/1723/1610 1611/1707/1610
f 1611/1707/1611 1627/1723/1611 1628/1724/1611 1612/1708/1611
f 1612/1708/1612 1628/1724/1612 1629/1725/1612 1613/1709/1612
f 1613/1709/1613 1629/1725/1613 1630/1726/1613 1614/1710/1613
f 1614/1710/1614 1630/1726/1614 1631/1727/1614 1615/1711/1614
f 1615/1711/1615 1631/1727/1615 1632/1562/1615 1616/1561/1615
f 41/1712/1616 42/1728/1616 1633/1729/1616 1617/1713/1616
f 1617/1713/1617 1633/1729/1617 1634/1730/1617 1618/1714/1617
f 1618/1714/1618 1634/1730/1618 1635/1731/1618 1619/1715/1618
f 1619/1715/1619 1635/1731/1619 1636/1732/1619 1620/1716/1619
f 1620/1716/1620 1636/1732/1620 1637/1733/1620 1621/1717/1620
f 1621/1717/1621 1637/1733/1621 1638/1734/1621 1622/1718/1621
f 1622/1718/1622 1638/1734/1622 1639/1735/1622 1623/1719/1622
f 1623/1719/1623 1639/1735/1623 1640/1736/1623 1624/1720/1623
f 1624/1720/1624 1640/1736/1624 1641/1737/1624 1625/1721/1624
f 1625/1721/1625 1641/1737/1625 1642/1738/1625 1626/1722/1625
f 1626/1722/1626 1642/1738/1626 1643/1739/1626 1627/1723/1626
f 1627/1723/1627 1643/1739/1627 1644/1740/1627 1628/1724/1627
f 1628/1724/1628 1644/1740/1628 1645/1741/1628 1629/1725/1628
f 1629/1725/1629 1645/1741/1629 1646/1742/1629 1630/1726/1629
f 1630/1726/1630 1646/1742/1630 1647/1743/1630 1631/1727/1630
f 1631/1727/1631 1647/1743/1631 1648/1563/1631 1632/1562/1631
f 42/1728/1632 43/1744/1632 1649/1745/1632 1633/1729/1632
f 1633/1729/1633 1649/1745/1633 1650/1746/1633 1634/1730/1633
f 1634/1730/1634 1650/1746/1634 1651/1747/1634 1635/1731/1634
f 1635/1731/1635 1651/1747/1635 1652/1748/1635 1636/1732/1635
f 1636/1732/1636 1652/1748/1636 1653/1749/1636 1637/1733/1636
f 1637/1733/1637 1653/1749/1637 1654/1750/1637 1638/1734/1637
f 1638/1734/1638 1654/1750/1638 1655/1751/1638 1639/1735/1638
f 1639/1735/1639 1655/1751/1639 1656/1752/1639 1640/1736/1639
f 1640/1736/1640 1656/1752/1640 1657/1753/1640 1641/1737/1640
f 1641/1737/1641 1657/1753/1641 1658/1754/1641 1642/1738/1641
f 1642/1738/1642 1658/1754/1642 1659/1755/1642 1643/1739/1642
f 1643/1739/1643 1659/1755/1643 1660/1756/1643 1644/1740/1643
f 1644/1740/1644 1660/1756/1644 1661/1757/1644 1645/1741/1644
f 1645/1741/1645 1661/1757/1645 1662/1758/1645 1646/1742/1645
f 1646/1742/1646 1662/1758/1646 1663/1759/1646 1647/1743/1646
f 1647/1743/1647 1663/1759/1647 1664/1564/1647 1648/1563/1647
f 43/1744/1648 44/1760/1648 1665/1761/1648 1649/1745/1648
f 1649/1745/1649 1665/1761/1649 1666/1762/1649 1650/1746/1649
f 1650/1746/1650 1666/1762/1650 1667/1763/1650 1651/1747/1650
f 1651/1747/1651 1667/1763/1651 1668/1764/1651 1652/1748/1651
f 1652/1748/1652 1668/1764/1652 1669/1765/1652 1653/1749/1652
f 1653/1749/1653 1669/1765/1653 1670/1766/1653 1654/1750/1653
f 1654/1750/1654 1670/1766/1654 1671/1767/1654 1655/1751/1654
f 1655/1751/1655 1671/1767/1655 1672/1768/1655 1656/1752/1655
f 1656/1752/1656 1672/1768/1656 1673/1769/1656 1657/1753/1656
f 1657/1753/1657 1673/1769/1657 1674/1770/1657 1658/1754/1657
f 1658/1754/1658 1674/1770/1658 1675/1771/1658 1659/1755/1658
f 1659/1755/1659 1675/1771/1659 1676/1772/1659 1660/1756/1659
f 1660/1756/1660 1676/1772/1660 1677/1773/1660 1661/1757/1660
f 1661/1757/1661 1677/1773/1661 1678/1774/1661 1662/1758/1661
f 1662/1758/1662 1678/1774/1662 1679/1775/1662 1663/1759/1662
f 1663/1759/1663 1679/1775/1663 1680/1565/1663 1664/1564/1663
f 44/1760/1664 45/1776/1665 1681/1777/1664 1665/1761/1665
f 1665/1761/1666 1681/1777/1666 1682/1778/1666 1666/1762/1666
f 1666/1762/1667 1682/1778/1667 1683/1779/1667 1667/1763/1667
f 1667/1763/1668 1683/1779/1668 1684/1780/1668 1668/1764/1668
f 1668/1764/1669 1684/1780/1669 1685/1781/1669 1669/1765/1669
f 1669/1765/1670 1685/1781/1670 1686/1782/1670 1670/1766/1670
f 1670/1766/1671 1686/1782/1671 1687/1783/1671 1671/1767/1671
f 1671/1767/1672 1687/1783/1672 1688/1784/1672 1672/1768/1672
f 1672/1768/1673 1688/1784/1673 1689/1785/1673 1673/1769/1673
f 1673/1769/1674 1689/1785/1674 1690/1786/1674 1674/1770/1674
f 1674/1770/1675 1690/1786/1675 1691/1787/1675 1675/1771/1675
f 1675/1771/1676 1691/1787/1676 1692/1788/1676 1676/1772/1676
f 1676/1772/1677 1692/1788/1677 1693/1789/1677 1677/1773/1677
f 1677/1773/1678 1693/1789/1678 1694/1790/1678 1678/1774/1678
f 1678/1774/1679 1694/1790/1679 1695/1791/1679 1679/1775/1679
f 1679/1775/1680 1695/1791/1680 1696/1566/1680 1680/1565/1680
f 45/1776/1681 46/1792/1681 1697/1793/1681 1681/1777/1681
f 1681/1777/1682 1697/1793/1682 1698/1794/1682 1682/1778/1682
f 1682/1778/1683 1698/1794/1683 1699/1795/1683 1683/1779/1683
f 1683/1779/1684 1699/1795/1684 1700/1796/1684 1684/1780/1684
f 1684/1780/1685 1700/1796/1685 1701/1797/1685 1685/1781/1685
f 1685/1781/1686 1701/1797/1686 1702/1798/1686 1686/1782/1686
f 1686/1782/1687 1702/1798/1687 1703/1799/1687 1687/1783/1687
f 1687/1783/1688 1703/1799/1688 1704/1800/1688 1688/1784/1688
f 1688/1784/1689 1704/1800/1689 1705/1801/1689 1689/1785/1689
f 1689/1785/1690 1705/1801/1690 1706/1802/1690 1690/1786/1690
f 1690/1786/1691 1706/1802/1691 1707/1803/1691 1691/1787/1691
f 1691/1787/1692 1707/1803/1692 1708/1804/1692 1692/1788/1692
f 1692/1788/1693 1708/1804/1693 1709/1805/1693 1693/1789/1693
f 1693/1789/1694 1709/1805/1694 1710/1806/1694 1694/1790/1694
f 1694/1790/1695 1710/1806/1695 1711/1807/1695 1695/1791/1695
f 1695/1791/1696 1711/1807/1696 1712/1567/1696 1696/1566/1696
f 46/1792/1697 47/1808/1697 1713/1809/1697 1697/1793/1697
f 1697/1793/1698 1713/1809/1698 1714/1810/1698 1698/1794/1698
f 1698/1794/1699 1714/1810/1699 1715/1811/1699 1699/1795/1699
f 1699/1795/1700 1715/1811/1700 1716/1812/1700 1700/1796/1700
f 1700/1796/1701 1716/1812/1701 1717/1813/1701 1701/1797/1701
f 1701/1797/1702 1717/1813/1702 1718/1814/1702 1702/1798/1702
f 1702/1798/1703 1718/1814/1703 1719/1815/1703 1703/1799/1703
f 1703/1799/1704 1719/1815/1704 1720/1816/1704 1704/1800/1704
f 1704/1800/1705 1720/1816/1705 1721/1817/1705 1705/1801/1705
f 1705/1801/1706 1721/1817/1706 1722/1818/1706 1706/1802/1706
f 1706/1802/1707 1722/1818/1707 1723/1819/1707 1707/1803/1707
f 1707/1803/1708 1723/1819/1708 1724/1820/1708 1708/1804/1708
f 1708/1804/1709 1724/1820/1709 1725/1821/1709 1709/1805/1709
f 1709/1805/1710 1725/1821/1710 1726/1822/1710 1710/1806/1710
f 1710/1806/1711 1726/1822/1711 1727/1823/1711 1711/1807/1711
f 1711/1807/1712 1727/1823/1712 1728/1568/1712 1712/1567/1712
f 47/1808/1713 48/1824/1713 1729/1825/1713 1713/1809/1713
f 1713/1809/1714 1729/1825/1714 1730/1826/1714 1714/1810/1714
f 1714/1810/1715 1730/1826/1715 1731/1827/1715 1715/1811/1715
f 1715/1811/1716 1731/1827/1716 1732/1828/1716 1716/1812/1716
f 1716/1812/1717 1732/1828/1717 1733/1829/1717 1717/1813/1717
f 1717/1813/1718 1733/1829/1718 1734/1830/1718 1718/1814/1718
f 1718/1814/1719 1734/1830/1719 1735/1831/1719 1719/1815/1719
f 1719/1815/1720 1735/1831/1720 1736/1832/1720 1720/1816/1720
f 1720/1816/1721 1736/1832/1721 1737/1833/1721 1721/1817/1721
f 1721/1817/1722 1737/1833/1722 1738/1834/1722 1722/1818/1722
f 1722/1818/1723 1738/1834/1723 1739/1835/1723 1723/1819/1723
f 1723/1819/1724 1739/1835/1724 1740/1836/1724 1724/1820/1724
f 1724/1820/1725 1740/1836/1725 1741/1837/1725 1725/1821/1725
f 1725/1821/1726 1741/1837/1726 1742/1838/1726 1726/1822/1726
f 1726/1822/1727 1742/1838/1727 1743/1839/1727 1727/1823/1727
f 1727/1823/1728 1743/1839/1728 1744/15/1728 1728/1568/1728
f 48/1824/1729 10/9/1729 49/1840/1729 1729/1825/1729
f 1729/1825/1730 49/1840/1730 50/1841/1730 1730/1826/1730
f 1730/1826/1731 50/1841/1731 51/1842/1731 1731/1827/1731
f 1731/1827/1732 51/1842/1732 52/1843/1732 1732/1828/1732
f 1732/1828/1733 52/1843/1733 53/1844/1733 1733/1829/1733
f 1733/1829/1734 53/1844/1734 54/1845/1734 1734/1830/1734
f 1734/1830/1735 54/1845/1735 55/1846/1735 1735/1831/1735
f 1735/1831/1736 55/1846/1736 56/1847/1736 1736/1832/1736
f 1736/1832/1737 56/1847/1737 57/1848/1737 1737/1833/1737
f 1737/1833/1738 57/1848/1738 58/1849/1738 1738/1834/1738
f 1738/1834/1739 58/1849/1739 59/1850/1739 1739/1835/1739
f 1739/1835/1740 59/1850/1740 60/1851/1740 1740/1836/1740
f 1740/1836/1741 60/1851/1741 61/1852/1741 1741/1837/1741
f 1741/1837/1742 61/1852/1742 62/1853/1742 1742/1838/1742
f 1742/1838/1743 62/1853/1743 63/1854/1743 1743/1839/1743
f 1743/1839/1744 63/1854/1744 64/16/1744 1744/15/1744
f 3488/15/1745 1808/16/1745 1756/10/1745 1809/17/1745
f 3232/18/1746 1856/19/1746 1760/1/1746 1857/20/1746
f 2976/21/1747 1904/22/1747 1758/4/1747 1905/23/1747
f 2720/24/1748 1952/25/1748 1754/6/1748 1792/26/1748
f 2464/27/1749 1873/28/1749 1757/5/1749 1936/29/1749
f 2208/30/1750 1793/31/1750 1754/3/1750 1952/32/1750
f 1904/22/1751 1968/33/1751 1937/34/1751 1758/4/1751
f 1968/33/1752 1984/35/1752 1938/36/1752 1937/34/1752
f 1984/35/1753 2000/37/1753 1939/38/1753 1938/36/1753
f 2000/37/1754 2016/39/1754 1940/40/1754 1939/38/1754
f 2016/39/1755 2032/41/1755 1941/42/1755 1940/40/1755
f 2032/41/1756 2048/43/1756 1942/44/1756 1941/42/1756
f 2048/43/1757 2064/45/1757 1943/46/1757 1942/44/1757
f 2064/45/1758 2080/47/1758 1944/48/1758 1943/46/1758
f 2080/47/1759 2096/49/1759 1945/50/1759 1944/48/1759
f 2096/49/1760 2112/51/1760 1946/52/1760 1945/50/1760
f 2112/51/1761 2128/53/1761 1947/54/1761 1946/52/1761
f 2128/53/1762 2144/55/1762 1948/56/1762 1947/54/1762
f 2144/55/1763 2160/57/1763 1949/58/1763 1948/56/1763
f 2160/57/1764 2176/59/1764 1950/60/1764 1949/58/1764
f 2176/59/1765 2192/61/1765 1951/62/1765 1950/60/1765
f 2192/61/1766 2208/30/1766 1952/32/1766 1951/62/1766
f 1760/1/1767 1856/63/1767 1953/64/1767 1889/65/1767
f 1889/65/1768 1953/64/1768 1954/66/1768 1890/67/1768
f 1890/67/1769 1954/66/1769 1955/68/1769 1891/69/1769
f 1891/69/1770 1955/68/1770 1956/70/1770 1892/71/1770
f 1892/71/1771 1956/70/1771 1957/72/1771 1893/73/1771
f 1893/73/1772 1957/72/1772 1958/74/1772 1894/75/1772
f 1894/75/1773 1958/74/1773 1959/76/1773 1895/77/1773
f 1895/77/1774 1959/76/1774 1960/78/1774 1896/79/1774
f 1896/79/1775 1960/78/1775 1961/80/1775 1897/81/1775
f 1897/81/1776 1961/80/1776 1962/82/1776 1898/83/1776
f 1898/83/1777 1962/82/1777 1963/84/1777 1899/85/1777
f 1899/85/1778 1963/84/1778 1964/86/1778 1900/87/1778
f 1900/87/1779 1964/86/1779 1965/88/1779 1901/89/1779
f 1901/89/1780 1965/88/1780 1966/90/1780 1902/91/1780
f 1902/91/1781 1966/90/1781 1967/92/1781 1903/93/1781
f 1903/93/1782 1967/92/1782 1968/33/1782 1904/22/1782
f 1856/63/1783 1855/94/1783 1969/95/1783 1953/64/1783
f 1953/64/1784 1969/95/1784 1970/96/1784 1954/66/1784
f 1954/66/1785 1970/96/1785 1971/97/1785 1955/68/1785
f 1955/68/1786 1971/97/1786 1972/98/1786 1956/70/1786
f 1956/70/1787 1972/98/1787 1973/99/1787 1957/72/1787
f 1957/72/1788 1973/99/1788 1974/100/1788 1958/74/1788
f 1958/74/1789 1974/100/1789 1975/101/1789 1959/76/1789
f 1959/76/1790 1975/101/1790 1976/102/1790 1960/78/1790
f 1960/78/1791 1976/102/1791 1977/103/1791 1961/80/1791
f 1961/80/1792 1977/103/1792 1978/104/1792 1962/82/1792
f 1962/82/1793 1978/104/1793 1979/105/1793 1963/84/1793
f 1963/84/1794 1979/105/1794 1980/106/1794 1964/86/1794
f 1964/86/1795 1980/106/1795 1981/107/1795 1965/88/1795
f 1965/88/1796 1981/107/1796 1982/108/1796 1966/90/1796
f 1966/90/1797 1982/108/1797 1983/109/1797 1967/92/1797
f 1967/92/1798 1983/109/1798 1984/35/1798 1968/33/1798
f 1855/94/1799 1854/110/1799 1985/111/1799 1969/95/1799
f 1969/95/1800 1985/111/1800 1986/112/1800 1970/96/1800
f 1970/96/1801 1986/112/1801 1987/113/1801 1971/97/1801
f 1971/97/1802 1987/113/1802 1988/114/1802 1972/98/1802
f 1972/98/1803 1988/114/1803 1989/115/1803 1973/99/1803
f 1973/99/1804 1989/115/1804 1990/116/1804 1974/100/1804
f 1974/100/1805 1990/116/1805 1991/117/1805 1975/101/1805
f 1975/101/1806 1991/117/1806 1992/118/1806 1976/102/1806
f 1976/102/1807 1992/118/1807 1993/119/1807 1977/103/1807
f 1977/103/1808 1993/119/1808 1994/120/1808 1978/104/1808
f 1978/104/1809 1994/120/1809 1995/121/1809 1979/105/1809
f 1979/105/1810 1995/121/1810 1996/122/1810 1980/106/1810
f 1980/106/1811 1996/122/1811 1997/123/1811 1981/107/1811
f 1981/107/1812 1997/123/1812 1998/124/1812 1982/108/1812
f 1982/108/1813 1998/124/1813 1999/125/1813 1983/109/1813
f 1983/109/1814 1999/125/1814 2000/37/1814 1984/35/1814
f 1854/110/1815 1853/126/1815 2001/127/1815 1985/111/1815
f 1985/111/1816 2001/127/1816 2002/128/1816 1986/112/1816
f 1986/112/1817 2002/128/1817 2003/129/1817 1987/113/1817
f 1987/113/1818 2003/129/1818 2004/130/1818 1988/114/1818
f 1988/114/1819 2004/130/1819 2005/131/1819 1989/115/1819
f 1989/115/1820 2005/131/1820 2006/132/1820 1990/116/1820
f 1990/116/1821 2006/132/1821 2007/133/1821 1991/117/1821
f 1991/117/1822 2007/133/1822 2008/134/1822 1992/118/1822
f 1992/118/1823 2008/134/1823 2009/135/1823 1993/119/1823
f 1993/119/1824 2009/135/1824 2010/136/1824 1994/120/1824
f 1994/120/1825 2010/136/1825 2011/137/1825 1995/121/1825
f 1995/121/1826 2011/137/1826 2012/138/1826 1996/122/1826
f 1996/122/1827 2012/138/1827 2013/139/1827 1997/123/1827
f 1997/123/1828 2013/139/1828 2014/140/1828 1998/124/1828
f 1998/124/1829 2014/140/1829 2015/141/1829 1999/125/1829
f 1999/125/1830 2015/141/1830 2016/39/1830 2000/37/1830
f 1853/126/1831 1852/142/1831 2017/143/1831 2001/127/1831
f 2001/127/1832 2017/143/1832 2018/144/1832 2002/128/1832
f 2002/128/1833 2018/144/1833 2019/145/1833 2003/129/1833
f 2003/129/1834 2019/145/1834 2020/146/1834 2004/130/1834
f 2004/130/1835 2020/146/1835 2021/147/1835 2005/131/1835
f 2005/131/1836 2021/147/1836 2022/148/1836 2006/132/1836
f 2006/132/1837 2022/148/1837 2023/149/1837 2007/133/1837
f 2007/133/1838 2023/149/1838 2024/150/1838 2008/134/1838
f 2008/134/1839 2024/150/1839 2025/151/1839 2009/135/1839
f 2009/135/1840 2025/151/1840 2026/152/1840 2010/136/1840
f 2010/136/1841 2026/152/1841 2027/153/1841 2011/137/1841
f 2011/137/1842 2027/153/1842 2028/154/1842 2012/138/1842
f 2012/138/1843 2028/154/1843 2029/155/1843 2013/139/1843
f 2013/139/1844 2029/155/1844 2030/156/1844 2014/140/1844
f 2014/140/1845 2030/156/1845 2031/157/1845 2015/141/1845
f 2015/141/1846 2031/157/1846 2032/41/1846 2016/39/1846
f 1852/142/1847 1851/158/1847 2033/159/1847 2017/143/1847
f 2017/143/1848 2033/159/1848 2034/160/1848 2018/144/1848
f 2018/144/1849 2034/160/1849 2035/161/1849 2019/145/1849
f 2019/145/1850 2035/161/1850 2036/162/1850 2020/146/1850
f 2020/146/1851 2036/162/1851 2037/163/1851 2021/147/1851
f 2021/147/1852 2037/163/1852 2038/164/1852 2022/148/1852
f 2022/148/1853 2038/164/1853 2039/165/1853 2023/149/1853
f 2023/149/1854 2039/165/1854 2040/166/1854 2024/150/1854
f 2024/150/1855 2040/166/1855 2041/167/1855 2025/151/1855
f 2025/151/1856 2041/167/1856 2042/168/1856 2026/152/1856
f 2026/152/1857 2042/168/1857 2043/169/1857 2027/153/1857
f 2027/153/1858 2043/169/1858 2044/170/1858 2028/154/1858
f 2028/154/1859 2044/170/1859 2045/171/1859 2029/155/1859
f 2029/155/1860 2045/171/1860 2046/172/1860 2030/156/1860
f 2030/156/1861 2046/172/1861 2047/173/1861 2031/157/1861
f 2031/157/1862 2047/173/1862 2048/43/1862 2032/41/1862
f 1851/158/1863 1850/174/1863 2049/175/1863 2033/159/1863
f 2033/159/1864 2049/175/1864 2050/176/1864 2034/160/1864
f 2034/160/1865 2050/176/1865 2051/177/1865 2035/161/1865
f 2035/161/1866 2051/177/1866 2052/178/1866 2036/162/1866
f 2036/162/1867 2052/178/1867 2053/179/1867 2037/163/1867
f 2037/163/1868 2053/179/1868 2054/180/1868 2038/164/1868
f 2038/164/1869 2054/180/1869 2055/181/1869 2039/165/1869
f 2039/165/1870 2055/181/1870 2056/182/1870 2040/166/1870
f 2040/166/1871 2056/182/1871 2057/183/1871 2041/167/1871
f 2041/167/1872 2057/183/1872 2058/184/1872 2042/168/1872
f 2042/168/1873 2058/184/1873 2059/185/1873 2043/169/1873
f 2043/169/1874 2059/185/1874 2060/186/1874 2044/170/1874
f 2044/170/1875 2060/186/1875 2061/187/1875 2045/171/1875
f 2045/171/1876 2061/187/1876 2062/188/1876 2046/172/1876
f 2046/172/1877 2062/188/1877 2063/189/1877 2047/173/1877
f 2047/173/1878 2063/189/1878 2064/45/1878 2048/43/1878
f 1850/174/1879 1849/190/1879 2065/191/1879 2049/175/1879
f 2049/175/1880 2065/191/1880 2066/192/1880 2050/176/1880
f 2050/176/1881 2066/192/1881 2067/193/1881 2051/177/1881
f 2051/177/1882 2067/193/1882 2068/194/1882 2052/178/1882
f 2052/178/1883 2068/194/1883 2069/195/1883 2053/179/1883
f 2053/179/1884 2069/195/1884 2070/196/1884 2054/180/1884
f 2054/180/1885 2070/196/1885 2071/197/1885 2055/181/1885
f 2055/181/1886 2071/197/1886 2072/198/1886 2056/182/1886
f 2056/182/1887 2072/198/1887 2073/199/1887 2057/183/1887
f 2057/183/1888 2073/199/1888 2074/200/1888 2058/184/1888
f 2058/184/1889 2074/200/1889 2075/201/1889 2059/185/1889
f 2059/185/1890 2075/201/1890 2076/202/1890 2060/186/1890
f 2060/186/1891 2076/202/1891 2077/203/1891 2061/187/1891
f 2061/187/1892 2077/203/1892 2078/204/1892 2062/188/1892
f 2062/188/1893 2078/204/1893 2079/205/1893 2063/189/1893
f 2063/189/1894 2079/205/1894 2080/47/1894 2064/45/1894
f 1849/190/1895 1848/206/1895 2081/207/1895 2065/191/1895
f 2065/191/1896 2081/207/1896 2082/208/1896 2066/192/1896
f 2066/192/1897 2082/208/1897 2083/209/1897 2067/193/1897
f 2067/193/1898 2083/209/1898 2084/210/1898 2068/194/1898
f 2068/194/1899 2084/210/1899 2085/211/1899 2069/195/1899
f 2069/195/1900 2085/211/1900 2086/212/1900 2070/196/1900
f 2070/196/1901 2086/212/1901 2087/213/1901 2071/197/1901
f 2071/197/1902 2087/213/1902 2088/214/1902 2072/198/1902
f 2072/198/1903 2088/214/1903 2089/215/1903 2073/199/1903
f 2073/199/1904 2089/215/1904 2090/216/1904 2074/200/1904
f 2074/200/1905 2090/216/1905 2091/217/1905 2075/201/1905
f 2075/201/1906 2091/217/1906 2092/218/1906 2076/202/1906
f 2076/202/1907 2092/218/1907 2093/219/1907 2077/203/1907
f 2077/203/1908 2093/219/1908 2094/220/1908 2078/204/1908
f 2078/204/1909 2094/220/1909 2095/221/1909 2079/205/1909
f 2079/205/1910 2095/221/1910 2096/49/1910 2080/47/1910
f 1848/206/1911 1847/222/1911 2097/223/1911 2081/207/1911
f 2081/207/1912 2097/223/1912 2098/224/1912 2082/208/1912
f 2082/208/1913 2098/224/1913 2099/225/1913 2083/209/1913
f 2083/209/1914 2099/225/1914 2100/226/1914 2084/210/1914
f 2084/210/1915 2100/226/1915 2101/227/1915 2085/211/1915
f 2085/211/1916 2101/227/1916 2102/228/1916 2086/212/1916
f 2086/212/1917 2102/228/1917 2103/229/1917 2087/213/1917
f 2087/213/1918 2103/229/1918 2104/230/1918 2088/214/1918
f 2088/214/1919 2104/230/1919 2105/231/1919 2089/215/1919
f 2089/215/1920 2105/231/1920 2106/232/1920 2090/216/1920
f 2090/216/1921 2106/232/1921 2107/233/1921 2091/217/1921
f 2091/217/1922 2107/233/1922 2108/234/1922 2092/218/1922
f 2092/218/1923 2108/234/1923 2109/235/1923 2093/219/1923
f 2093/219/1924 2109/235/1924 2110/236/1924 2094/220/1924
f 2094/220/1925 2110/236/1925 2111/237/1925 2095/221/1925
f 2095/221/1926 2111/237/1926 2112/51/1926 2096/49/1926
f 1847/222/1927 1846/238/1927 2113/239/1927 2097/223/1927
f 2097/223/1928 2113/239/1928 2114/240/1928 2098/224/1928
f 2098/224/1929 2114/240/1929 2115/241/1929 2099/225/1929
f 2099/225/1930 2115/241/1930 2116/242/1930 2100/226/1930
f 2100/226/1931 2116/242/1931 2117/243/1931 2101/227/1931
f 2101/227/1932 2117/243/1932 2118/244/1932 2102/228/1932
f 2102/228/1933 2118/244/1933 2119/245/1933 2103/229/1933
f 2103/229/1934 2119/245/1934 2120/246/1934 2104/230/1934
f 2104/230/1935 2120/246/1935 2121/247/1935 2105/231/1935
f 2105/231/1936 2121/247/1936 2122/248/1936 2106/232/1936
f 2106/232/1937 2122/248/1937 2123/249/1937 2107/233/1937
f 2107/233/1938 2123/249/1938 2124/250/1938 2108/234/1938
f 2108/234/1939 2124/250/1939 2125/251/1939 2109/235/1939
f 2109/235/1940 2125/251/1940 2126/252/1940 2110/236/1940
f 2110/236/1941 2126/252/1941 2127/253/1941 2111/237/1941
f 2111/237/1942 2127/253/1942 2128/53/1942 2112/51/1942
f 1846/238/1943 1845/254/1943 2129/255/1943 2113/239/1943
f 2113/239/1944 2129/255/1944 2130/256/1944 2114/240/1944
f 2114/240/1945 2130/256/1945 2131/257/1945 2115/241/1945
f 2115/241/1946 2131/257/1946 2132/258/1946 2116/242/1946
f 2116/242/1947 2132/258/1947 2133/259/1947 2117/243/1947
f 2117/243/1948 2133/259/1948 2134/260/1948 2118/244/1948
f 2118/244/1949 2134/260/1949 2135/261/1949 2119/245/1949
f 2119/245/1950 2135/261/1950 2136/262/1950 2120/246/1950
f 2120/246/1951 2136/262/1951 2137/263/1951 2121/247/1951
f 2121/247/1952 2137/263/1952 2138/264/1952 2122/248/1952
f 2122/248/1953 2138/264/1953 2139/265/1953 2123/249/1953
f 2123/249/1954 2139/265/1954 2140/266/1954 2124/250/1954
f 2124/250/1955 2140/266/1955 2141/267/1955 2125/251/1955
f 2125/251/1956 2141/267/1956 2142/268/1956 2126/252/1956
f 2126/252/1957 2142/268/1957 2143/269/1957 2127/253/1957
f 2127/253/1958 2143/269/1958 2144/55/1958 2128/53/1958
f 1845/254/1959 1844/270/1959 2145/271/1959 2129/255/1959
f 2129/255/1960 2145/271/1960 2146/272/1960 2130/256/1960
f 2130/256/1961 2146/272/1961 2147/273/1961 2131/257/1961
f 2131/257/1962 2147/273/1962 2148/274/1962 2132/258/1962
f 2132/258/1963 2148/274/1963 2149/275/1963 2133/259/1963
f 2133/259/1964 2149/275/1964 2150/276/1964 2134/260/1964
f 2134/260/1965 2150/276/1965 2151/277/1965 2135/261/1965
f 2135/261/1966 2151/277/1966 2152/278/1966 2136/262/1966
f 2136/262/1967 2152/278/1967 2153/279/1967 2137/263/1967
f 2137/263/1968 2153/279/1968 2154/280/1968 2138/264/1968
f 2138/264/1969 2154/280/1969 2155/281/1969 2139/265/1969
f 2139/265/1970 2155/281/1970 2156/282/1970 2140/266/1970
f 2140/266/1971 2156/282/1971 2157/283/1971 2141/267/1971
f 2141/267/1972 2157/283/1972 2158/284/1972 2142/268/1972
f 2142/268/1973 2158/284/1973 2159/285/1973 2143/269/1973
f 2143/269/1974 2159/285/1974 2160/57/1974 2144/55/1974
f 1844/270/1975 1843/286/1975 2161/287/1975 2145/271/1975
f 2145/271/1976 2161/287/1976 2162/288/1976 2146/272/1976
f 2146/272/1977 2162/288/1977 2163/289/1977 2147/273/1977
f 2147/273/1978 2163/289/1978 2164/290/1978 2148/274/1978
f 2148/274/1979 2164/290/1979 2165/291/1979 2149/275/1979
f 2149/275/1980 2165/291/1980 2166/292/1980 2150/276/1980
f 2150/276/1981 2166/292/1981 2167/293/1981 2151/277/1981
f 2151/277/1982 2167/293/1982 2168/294/1982 2152/278/1982
f 2152/278/1983 2168/294/1983 2169/295/1983 2153/279/1983
f 2153/279/1984 2169/295/1984 2170/296/1984 2154/280/1984
f 2154/280/1985 2170/296/1985 2171/297/1985 2155/281/1985
f 2155/281/1986 2171/297/1986 2172/298/1986 2156/282/1986
f 2156/282/1987 2172/298/1987 2173/299/1987 2157/283/1987
f 2157/283/1988 2173/299/1988 2174/300/1988 2158/284/1988
f 2158/284/1989 2174/300/1989 2175/301/1989 2159/285/1989
f 2159/285/1990 2175/301/1990 2176/59/1990 2160/57/1990
f 1843/286/1991 1842/302/1991 2177/303/1991 2161/287/1991
f 2161/287/1992 2177/303/1992 2178/304/1992 2162/288/1992
f 2162/288/1993 2178/304/1993 2179/305/1993 2163/289/1993
f 2163/289/1994 2179/305/1994 2180/306/1994 2164/290/1994
f 2164/290/1995 2180/306/1995 2181/307/1995 2165/291/1995
f 2165/291/1996 2181/307/1996 2182/308/1996 2166/292/1996
f 2166/292/1997 2182/308/1997 2183/309/1997 2167/293/1997
f 2167/293/1998 2183/309/1998 2184/310/1998 2168/294/1998
f 2168/294/1999 2184/310/1999 2185/311/1999 2169/295/1999
f 2169/295/2000 2185/311/2000 2186/312/2000 2170/296/2000
f 2170/296/2001 2186/312/2001 2187/313/2001 2171/297/2001
f 2171/297/2002 2187/313/2002 2188/314/2002 2172/298/2002
f 2172/298/2003 2188/314/2003 2189/315/2003 2173/299/2003
f 2173/299/2004 2189/315/2004 2190/316/2004 2174/300/2004
f 2174/300/2005 2190/316/2005 2191/317/2005 2175/301/2005
f 2175/301/2006 2191/317/2006 2192/61/2006 2176/59/2006
f 1842/302/2007 1841/318/2007 2193/319/2007 2177/303/2007
f 2177/303/2008 2193/319/2008 2194/320/2008 2178/304/2008
f 2178/304/2009 2194/320/2009 2195/321/2009 2179/305/2009
f 2179/305/2010 2195/321/2010 2196/322/2010 2180/306/2010
f 2180/306/2011 2196/322/2011 2197/323/2011 2181/307/2011
f 2181/307/2012 2197/323/2012 2198/324/2012 2182/308/2012
f 2182/308/2013 2198/324/2013 2199/325/2013 2183/309/2013
f 2183/309/2014 2199/325/2014 2200/326/2014 2184/310/2014
f 2184/310/2015 2200/326/2015 2201/327/2015 2185/311/2015
f 2185/311/2016 2201/327/2016 2202/328/2016 2186/312/2016
f 2186/312/2017 2202/328/2017 2203/329/2017 2187/313/2017
f 2187/313/2018 2203/329/2018 2204/330/2018 2188/314/2018
f 2188/314/2019 2204/330/2019 2205/331/2019 2189/315/2019
f 2189/315/2020 2205/331/2020 2206/332/2020 2190/316/2020
f 2190/316/2021 2206/332/2021 2207/333/2021 2191/317/2021
f 2191/317/2022 2207/333/2022 2208/30/2022 2192/61/2022
f 1841/318/2023 1756/2/2023 1808/334/2023 2193/319/2023
f 2193/319/2024 1808/334/2024 1807/335/2024 2194/320/2024
f 2194/320/2025 1807/335/2025 1806/336/2025 2195/321/2025
f 2195/321/2026 1806/336/2026 1805/337/2026 2196/322/2026
f 2196/322/2027 1805/337/2027 1804/338/2027 2197/323/2027
f 2197/323/2028 1804/338/2028 1803/339/2028 2198/324/2028
f 2198/324/2029 1803/339/2029 1802/340/2029 2199/325/2029
f 2199/325/2030 1802/340/2030 1801/341/2030 2200/326/2030
f 2200/326/2031 1801/341/2031 1800/342/2031 2201/327/2031
f 2201/327/2032 1800/342/2032 1799/343/2032 2202/328/2032
f 2202/328/2033 1799/343/2033 1798/344/2033 2203/329/2033
f 2203/329/2034 1798/344/2034 1797/345/2034 2204/330/2034
f 2204/330/2035 1797/345/2035 1796/346/2035 2205/331/2035
f 2205/331/2036 1796/346/2036 1795/347/2036 2206/332/2036
f 2206/332/2037 1795/347/2037 1794/348/2037 2207/333/2037
f 2207/333/2038 1794/348/2038 1793/31/2038 2208/30/2038
f 1776/349/2039 2224/350/2039 1921/351/2039 1753/14/2039
f 2224/350/2040 2240/352/2040 1922/353/2040 1921/351/2040
f 2240/352/2041 2256/354/2041 1923/355/2041 1922/353/2041
f 2256/354/2042 2272/356/2042 1924/357/2042 1923/355/2042
f 2272/356/2043 2288/358/2043 1925/359/2043 1924/357/2043
f 2288/358/2044 2304/360/2044 1926/361/2044 1925/359/2044
f 2304/360/2045 2320/362/2045 1927/363/2045 1926/361/2045
f 2320/362/2046 2336/364/2046 1928/365/2046 1927/363/2046
f 2336/364/2047 2352/366/2047 1929/367/2047 1928/365/2047
f 2352/366/2048 2368/368/2048 1930/369/2048 1929/367/2048
f 2368/368/2049 2384/370/2049 1931/371/2049 1930/369/2049
f 2384/370/2050 2400/372/2050 1932/373/2050 1931/371/2050
f 2400/372/2051 2416/374/2051 1933/375/2051 1932/373/2051
f 2416/374/2052 2432/376/2052 1934/377/2052 1933/375/2052
f 2432/376/2053 2448/378/2053 1935/379/2053 1934/377/2053
f 2448/378/2054 2464/27/2054 1936/29/2054 1935/379/2054
f 1755/12/2055 1840/380/2055 2209/381/2055 1761/382/2055
f 1761/382/2056 2209/381/2056 2210/383/2056 1762/384/2056
f 1762/384/2057 2210/383/2057 2211/385/2057 1763/386/2057
f 1763/386/2058 2211/385/2058 2212/387/2058 1764/388/2058
f 1764/388/2059 2212/387/2059 2213/389/2059 1765/390/2059
f 1765/390/2060 2213/389/2060 2214/391/2060 1766/392/2060
f 1766/392/2061 2214/391/2061 2215/393/2061 1767/394/2061
f 1767/394/2062 2215/393/2062 2216/395/2062 1768/396/2062
f 1768/396/2063 2216/395/2063 2217/397/2063 1769/398/2063
f 1769/398/2064 2217/397/2064 2218/399/2064 1770/400/2064
f 1770/400/2065 2218/399/2065 2219/401/2065 1771/402/2065
f 1771/402/2066 2219/401/2066 2220/403/2066 1772/404/2066
f 1772/404/2067 2220/403/2067 2221/405/2067 1773/406/2067
f 1773/406/2068 2221/405/2068 2222/407/2068 1774/408/2068
f 1774/408/2069 2222/407/2069 2223/409/2069 1775/410/2069
f 1775/410/2070 2223/409/2070 2224/350/2070 1776/349/2070
f 1840/380/2071 1839/411/2071 2225/412/2071 2209/381/2071
f 2209/381/2072 2225/412/2072 2226/413/2072 2210/383/2072
f 2210/383/2073 2226/413/2073 2227/414/2073 2211/385/2073
f 2211/385/2074 2227/414/2074 2228/415/2074 2212/387/2074
f 2212/387/2075 2228/415/2075 2229/416/2075 2213/389/2075
f 2213/389/2076 2229/416/2076 2230/417/2076 2214/391/2076
f 2214/391/2077 2230/417/2077 2231/418/2077 2215/393/2077
f 2215/393/2078 2231/418/2078 2232/419/2078 2216/395/2078
f 2216/395/2079 2232/419/2079 2233/420/2079 2217/397/2079
f 2217/397/2080 2233/420/2080 2234/421/2080 2218/399/2080
f 2218/399/2081 2234/421/2081 2235/422/2081 2219/401/2081
f 2219/401/2082 2235/422/2082 2236/423/2082 2220/403/2082
f 2220/403/2083 2236/423/2083 2237/424/2083 2221/405/2083
f 2221/405/2084 2237/424/2084 2238/425/2084 2222/407/2084
f 2222/407/2085 2238/425/2085 2239/426/2085 2223/409/2085
f 2223/409/2086 2239/426/2086 2240/352/2086 2224/350/2086
f 1839/411/2087 1838/427/2087 2241/428/2087 2225/412/2087
f 2225/412/2088 2241/428/2088 2242/429/2088 2226/413/2088
f 2226/413/2089 2242/429/2089 2243/430/2089 2227/414/2089
f 2227/414/2090 2243/430/2090 2244/431/2090 2228/415/2090
f 2228/415/2091 2244/431/2091 2245/432/2091 2229/416/2091
f 2229/416/2092 2245/432/2092 2246/433/2092 2230/417/2092
f 2230/417/2093 2246/433/2093 2247/434/2093 2231/418/2093
f 2231/418/2094 2247/434/2094 2248/435/2094 2232/419/2094
f 2232/419/2095 2248/435/2095 2249/436/2095 2233/420/2095
f 2233/420/2096 2249/436/2096 2250/437/2096 2234/421/2096
f 2234/421/2097 2250/437/2097 2251/438/2097 2235/422/2097
f 2235/422/2098 2251/438/2098 2252/439/2098 2236/423/2098
f 2236/423/2099 2252/439/2099 2253/440/2099 2237/424/2099
f 2237/424/2100 2253/440/2100 2254/441/2100 2238/425/2100
f 2238/425/2101 2254/441/2101 2255/442/2101 2239/426/2101
f 2239/426/2102 2255/442/2102 2256/354/2102 2240/352/2102
f 1838/427/2103 1837/443/2103 2257/444/2103 2241/428/2103
f 2241/428/2104 2257/444/2104 2258/445/2104 2242/429/2104
f 2242/429/2105 2258/445/2105 2259/446/2105 2243/430/2105
f 2243/430/2106 2259/446/2106 2260/447/2106 2244/431/2106
f 2244/431/2107 2260/447/2107 2261/448/2107 2245/432/2107
f 2245/432/2108 2261/448/2108 2262/449/2108 2246/433/2108
f 2246/433/2109 2262/449/2109 2263/450/2109 2247/434/2109
f 2247/434/2110 2263/450/2110 2264/451/2110 2248/435/2110
f 2248/435/2111 2264/451/2111 2265/452/2111 2249/436/2111
f 2249/436/2112 2265/452/2112 2266/453/2112 2250/437/2112
f 2250/437/2113 2266/453/2113 2267/454/2113 2251/438/2113
f 2251/438/2114 2267/454/2114 2268/455/2114 2252/439/2114
f 2252/439/2115 2268/455/2115 2269/456/2115 2253/440/2115
f 2253/440/2116 2269/456/2116 2270/457/2116 2254/441/2116
f 2254/441/2117 2270/457/2117 2271/458/2117 2255/442/2117
f 2255/442/2118 2271/458/2118 2272/356/2118 2256/354/2118
f 1837/443/2119 1836/459/2119 2273/460/2119 2257/444/2119
f 2257/444/2120 2273/460/2120 2274/461/2120 2258/445/2120
f 2258/445/2121 2274/461/2121 2275/462/2121 2259/446/2121
f 2259/446/2122 2275/462/2122 2276/463/2122 2260/447/2122
f 2260/447/2123 2276/463/2123 2277/464/2123 2261/448/2123
f 2261/448/2124 2277/464/2124 2278/465/2124 2262/449/2124
f 2262/449/2125 2278/465/2125 2279/466/2125 2263/450/2125
f 2263/450/2126 2279/466/2126 2280/467/2126 2264/451/2126
f 2264/451/2127 2280/467/2127 2281/468/2127 2265/452/2127
f 2265/452/2128 2281/468/2128 2282/469/2128 2266/453/2128
f 2266/453/2129 2282/469/2129 2283/470/2129 2267/454/2129
f 2267/454/2130 2283/470/2130 2284/471/2130 2268/455/2130
f 2268/455/2131 2284/471/2131 2285/472/2131 2269/456/2131
f 2269/456/2132 2285/472/2132 2286/473/2132 2270/457/2132
f 2270/457/2133 2286/473/2133 2287/474/2133 2271/458/2133
f 2271/458/2134 2287/474/2134 2288/358/2134 2272/356/2134
f 1836/459/2135 1835/475/2135 2289/476/2135 2273/460/2135
f 2273/460/2136 2289/476/2136 2290/477/2136 2274/461/2136
f 2274/461/2137 2290/477/2137 2291/478/2137 2275/462/2137
f 2275/462/2138 2291/478/2138 2292/479/2138 2276/463/2138
f 2276/463/2139 2292/479/2139 2293/480/2139 2277/464/2139
f 2277/464/2140 2293/480/2140 2294/481/2140 2278/465/2140
f 2278/465/2141 2294/481/2141 2295/482/2141 2279/466/2141
f 2279/466/2142 2295/482/2142 2296/483/2142 2280/467/2142
f 2280/467/2143 2296/483/2143 2297/484/2143 2281/468/2143
f 2281/468/2144 2297/484/2144 2298/485/2144 2282/469/2144
f 2282/469/2145 2298/485/2145 2299/486/2145 2283/470/2145
f 2283/470/2146 2299/486/2146 2300/487/2146 2284/471/2146
f 2284/471/2147 2300/487/2147 2301/488/2147 2285/472/2147
f 2285/472/2148 2301/488/2148 2302/489/2148 2286/473/2148
f 2286/473/2149 2302/489/2149 2303/490/2149 2287/474/2149
f 2287/474/2150 2303/490/2150 2304/360/2150 2288/358/2150
f 1835/475/2151 1834/491/2151 2305/492/2151 2289/476/2151
f 2289/476/2152 2305/492/2152 2306/493/2152 2290/477/2152
f 2290/477/2153 2306/493/2153 2307/494/2153 2291/478/2153
f 2291/478/2154 2307/494/2154 2308/495/2154 2292/479/2154
f 2292/479/2155 2308/495/2155 2309/496/2155 2293/480/2155
f 2293/480/2156 2309/496/2156 2310/497/2156 2294/481/2156
f 2294/481/2157 2310/497/2157 2311/498/2157 2295/482/2157
f 2295/482/2158 2311/498/2158 2312/499/2158 2296/483/2158
f 2296/483/2159 2312/499/2159 2313/500/2159 2297/484/2159
f 2297/484/2160 2313/500/2160 2314/501/2160 2298/485/2160
f 2298/485/2161 2314/501/2161 2315/502/2161 2299/486/2161
f 2299/486/2162 2315/502/2162 2316/503/2162 2300/487/2162
f 2300/487/2163 2316/503/2163 2317/504/2163 2301/488/2163
f 2301/488/2164 2317/504/2164 2318/505/2164 2302/489/2164
f 2302/489/2165 2318/505/2165 2319/506/2165 2303/490/2165
f 2303/490/2166 2319/506/2166 2320/362/2166 2304/360/2166
f 1834/491/2167 1833/507/2167 2321/508/2167 2305/492/2167
f 2305/492/2168 2321/508/2168 2322/509/2168 2306/493/2168
f 2306/493/2169 2322/509/2169 2323/510/2169 2307/494/2169
f 2307/494/2170 2323/510/2170 2324/511/2170 2308/495/2170
f 2308/495/2171 2324/511/2171 2325/512/2171 2309/496/2171
f 2309/496/2172 2325/512/2172 2326/513/2172 2310/497/2172
f 2310/497/2173 2326/513/2173 2327/514/2173 2311/498/2173
f 2311/498/2174 2327/514/2174 2328/515/2174 2312/499/2174
f 2312/499/2175 2328/515/2175 2329/516/2175 2313/500/2175
f 2313/500/2176 2329/516/2176 2330/517/2176 2314/501/2176
f 2314/501/2177 2330/517/2177 2331/518/2177 2315/502/2177
f 2315/502/2178 2331/518/2178 2332/519/2178 2316/503/2178
f 2316/503/2179 2332/519/2179 2333/520/2179 2317/504/2179
f 2317/504/2180 2333/520/2180 2334/521/2180 2318/505/2180
f 2318/505/2181 2334/521/2181 2335/522/2181 2319/506/2181
f 2319/506/2182 2335/522/2182 2336/364/2182 2320/362/2182
f 1833/507/2183 1832/523/2183 2337/524/2183 2321/508/2183
f 2321/508/2184 2337/524/2184 2338/525/2184 2322/509/2184
f 2322/509/2185 2338/525/2185 2339/526/2185 2323/510/2185
f 2323/510/2186 2339/526/2186 2340/527/2186 2324/511/2186
f 2324/511/2187 2340/527/2187 2341/528/2187 2325/512/2187
f 2325/512/2188 2341/528/2188 2342/529/2188 2326/513/2188
f 2326/513/2189 2342/529/2189 2343/530/2189 2327/514/2189
f 2327/514/2190 2343/530/2190 2344/531/2190 2328/515/2190
f 2328/515/2191 2344/531/2191 2345/532/2191 2329/516/2191
f 2329/516/2192 2345/532/2192 2346/533/2192 2330/517/2192
f 2330/517/2193 2346/533/2193 2347/534/2193 2331/518/2193
f 2331/518/2194 2347/534/2194 2348/535/2194 2332/519/2194
f 2332/519/2195 2348/535/2195 2349/536/2195 2333/520/2195
f 2333/520/2196 2349/536/2196 2350/537/2196 2334/521/2196
f 2334/521/2197 2350/537/2197 2351/538/2197 2335/522/2197
f 2335/522/2198 2351/538/2198 2352/366/2198 2336/364/2198
f 1832/523/2199 1831/539/2199 2353/540/2199 2337/524/2199
f 2337/524/2200 2353/540/2200 2354/541/2200 2338/525/2200
f 2338/525/2201 2354/541/2201 2355/542/2201 2339/526/2201
f 2339/526/2202 2355/542/2202 2356/543/2202 2340/527/2202
f 2340/527/2203 2356/543/2203 2357/544/2203 2341/528/2203
f 2341/528/2204 2357/544/2204 2358/545/2204 2342/529/2204
f 2342/529/2205 2358/545/2205 2359/546/2205 2343/530/2205
f 2343/530/2206 2359/546/2206 2360/547/2206 2344/531/2206
f 2344/531/2207 2360/547/2207 2361/548/2207 2345/532/2207
f 2345/532/2208 2361/548/2208 2362/549/2208 2346/533/2208
f 2346/533/2209 2362/549/2209 2363/550/2209 2347/534/2209
f 2347/534/2210 2363/550/2210 2364/551/2210 2348/535/2210
f 2348/535/2211 2364/551/2211 2365/552/2211 2349/536/2211
f 2349/536/2212 2365/552/2212 2366/553/2212 2350/537/2212
f 2350/537/2213 2366/553/2213 2367/554/2213 2351/538/2213
f 2351/538/2214 2367/554/2214 2368/368/2214 2352/366/2214
f 1831/539/2215 1830/555/2215 2369/556/2215 2353/540/2215
f 2353/540/2216 2369/556/2216 2370/557/2216 2354/541/2216
f 2354/541/2217 2370/557/2217 2371/558/2217 2355/542/2217
f 2355/542/2218 2371/558/2218 2372/559/2218 2356/543/2218
f 2356/543/2219 2372/559/2219 2373/560/2219 2357/544/2219
f 2357/544/2220 2373/560/2220 2374/561/2220 2358/545/2220
f 2358/545/2221 2374/561/2221 2375/562/2221 2359/546/2221
f 2359/546/2222 2375/562/2222 2376/563/2222 2360/547/2222
f 2360/547/2223 2376/563/2223 2377/564/2223 2361/548/2223
f 2361/548/2224 2377/564/2224 2378/565/2224 2362/549/2224
f 2362/549/2225 2378/565/2225 2379/566/2225 2363/550/2225
f 2363/550/2226 2379/566/2226 2380/567/2226 2364/551/2226
f 2364/551/2227 2380/567/2227 2381/568/2227 2365/552/2227
f 2365/552/2228 2381/568/2228 2382/569/2228 2366/553/2228
f 2366/553/2229 2382/569/2229 2383/570/2229 2367/554/2229
f 2367/554/2230 2383/570/2230 2384/370/2230 2368/368/2230
f 1830/555/2231 1829/571/2231 2385/572/2231 2369/556/2231
f 2369/556/2232 2385/572/2232 2386/573/2232 2370/557/2232
f 2370/557/2233 2386/573/2233 2387/574/2233 2371/558/2233
f 2371/558/2234 2387/574/2234 2388/575/2234 2372/559/2234
f 2372/559/2235 2388/575/2235 2389/576/2235 2373/560/2235
f 2373/560/2236 2389/576/2236 2390/577/2236 2374/561/2236
f 2374/561/2237 2390/577/2237 2391/578/2237 2375/562/2237
f 2375/562/2238 2391/578/2238 2392/579/2238 2376/563/2238
f 2376/563/2239 2392/579/2239 2393/580/2239 2377/564/2239
f 2377/564/2240 2393/580/2240 2394/581/2240 2378/565/2240
f 2378/565/2241 2394/581/2241 2395/582/2241 2379/566/2241
f 2379/566/2242 2395/582/2242 2396/583/2242 2380/567/2242
f 2380/567/2243 2396/583/2243 2397/584/2243 2381/568/2243
f 2381/568/2244 2397/584/2244 2398/585/2244 2382/569/2244
f 2382/569/2245 2398/585/2245 2399/586/2245 2383/570/2245
f 2383/570/2246 2399/586/2246 2400/372/2246 2384/370/2246
f 1829/571/2247 1828/587/2247 2401/588/2247 2385/572/2247
f 2385/572/2248 2401/588/2248 2402/589/2248 2386/573/2248
f 2386/573/2249 2402/589/2249 2403/590/2249 2387/574/2249
f 2387/574/2250 2403/590/2250 2404/591/2250 2388/575/2250
f 2388/575/2251 2404/591/2251 2405/592/2251 2389/576/2251
f 2389/576/2252 2405/592/2252 2406/593/2252 2390/577/2252
f 2390/577/2253 2406/593/2253 2407/594/2253 2391/578/2253
f 2391/578/2254 2407/594/2254 2408/595/2254 2392/579/2254
f 2392/579/2255 2408/595/2255 2409/596/2255 2393/580/2255
f 2393/580/2256 2409/596/2256 2410/597/2256 2394/581/2256
f 2394/581/2257 2410/597/2257 2411/598/2257 2395/582/2257
f 2395/582/2258 2411/598/2258 2412/599/2258 2396/583/2258
f 2396/583/2259 2412/599/2259 2413/600/2259 2397/584/2259
f 2397/584/2260 2413/600/2260 2414/601/2260 2398/585/2260
f 2398/585/2261 2414/601/2261 2415/602/2261 2399/586/2261
f 2399/586/2262 2415/602/2262 2416/374/2262 2400/372/2262
f 1828/587/2263 1827/603/2263 2417/604/2263 2401/588/2263
f 2401/588/2264 2417/604/2264 2418/605/2264 2402/589/2264
f 2402/589/2265 2418/605/2265 2419/606/2265 2403/590/2265
f 2403/590/2266 2419/606/2266 2420/607/2266 2404/591/2266
f 2404/591/2267 2420/607/2267 2421/608/2267 2405/592/2267
f 2405/592/2268 2421/608/2268 2422/609/2268 2406/593/2268
f 2406/593/2269 2422/609/2269 2423/610/2269 2407/594/2269
f 2407/594/2270 2423/610/2270 2424/611/2270 2408/595/2270
f 2408/595/2271 2424/611/2271 2425/612/2271 2409/596/2271
f 2409/596/2272 2425/612/2272 2426/613/2272 2410/597/2272
f 2410/597/2273 2426/613/2273 2427/614/2273 2411/598/2273
f 2411/598/2274 2427/614/2274 2428/615/2274 2412/599/2274
f 2412/599/2275 2428/615/2275 2429/616/2275 2413/600/2275
f 2413/600/2276 2429/616/2276 2430/617/2276 2414/601/2276
f 2414/601/2277 2430/617/2277 2431/618/2277 2415/602/2277
f 2415/602/2278 2431/618/2278 2432/376/2278 2416/374/2278
f 1827/603/2279 1826/619/2279 2433/620/2279 2417/604/2279
f 2417/604/2280 2433/620/2280 2434/621/2280 2418/605/2280
f 2418/605/2281 2434/621/2281 2435/622/2281 2419/606/2281
f 2419/606/2282 2435/622/2282 2436/623/2282 2420/607/2282
f 2420/607/2283 2436/623/2283 2437/624/2283 2421/608/2283
f 2421/608/2284 2437/624/2284 2438/625/2284 2422/609/2284
f 2422/609/2285 2438/625/2285 2439/626/2285 2423/610/2285
f 2423/610/2286 2439/626/2286 2440/627/2286 2424/611/2286
f 2424/611/2287 2440/627/2287 2441/628/2287 2425/612/2287
f 2425/612/2288 2441/628/2288 2442/629/2288 2426/613/2288
f 2426/613/2289 2442/629/2289 2443/630/2289 2427/614/2289
f 2427/614/2290 2443/630/2290 2444/631/2290 2428/615/2290
f 2428/615/2291 2444/631/2291 2445/632/2291 2429/616/2291
f 2429/616/2292 2445/632/2292 2446/633/2292 2430/617/2292
f 2430/617/2293 2446/633/2293 2447/634/2293 2431/618/2293
f 2431/618/2294 2447/634/2294 2448/378/2294 2432/376/2294
f 1826/619/2295 1825/635/2295 2449/636/2295 2433/620/2295
f 2433/620/2296 2449/636/2296 2450/637/2296 2434/621/2296
f 2434/621/2297 2450/637/2297 2451/638/2297 2435/622/2297
f 2435/622/2298 2451/638/2298 2452/639/2298 2436/623/2298
f 2436/623/2299 2452/639/2299 2453/640/2299 2437/624/2299
f 2437/624/2300 2453/640/2300 2454/641/2300 2438/625/2300
f 2438/625/2301 2454/641/2301 2455/642/2301 2439/626/2301
f 2439/626/2302 2455/642/2302 2456/643/2302 2440/627/2302
f 2440/627/2303 2456/643/2303 2457/644/2303 2441/628/2303
f 2441/628/2304 2457/644/2304 2458/645/2304 2442/629/2304
f 2442/629/2305 2458/645/2305 2459/646/2305 2443/630/2305
f 2443/630/2306 2459/646/2306 2460/647/2306 2444/631/2306
f 2444/631/2307 2460/647/2307 2461/648/2307 2445/632/2307
f 2445/632/2308 2461/648/2308 2462/649/2308 2446/633/2308
f 2446/633/2309 2462/649/2309 2463/650/2309 2447/634/2309
f 2447/634/2310 2463/650/2310 2464/27/2310 2448/378/2310
f 1825/635/2311 1759/13/2311 1888/651/2311 2449/636/2311
f 2449/636/2312 1888/651/2312 1887/652/2312 2450/637/2312
f 2450/637/2313 1887/652/2313 1886/653/2313 2451/638/2313
f 2451/638/2314 1886/653/2314 1885/654/2314 2452/639/2314
f 2452/639/2315 1885/654/2315 1884/655/2315 2453/640/2315
f 2453/640/2316 1884/655/2316 1883/656/2316 2454/641/2316
f 2454/641/2317 1883/656/2317 1882/657/2317 2455/642/2317
f 2455/642/2318 1882/657/2318 1881/658/2318 2456/643/2318
f 2456/643/2319 1881/658/2319 1880/659/2319 2457/644/2319
f 2457/644/2320 1880/659/2320 1879/660/2320 2458/645/2320
f 2458/645/2321 1879/660/2321 1878/661/2321 2459/646/2321
f 2459/646/2322 1878/661/2322 1877/662/2322 2460/647/2322
f 2460/647/2323 1877/662/2323 1876/663/2323 2461/648/2323
f 2461/648/2324 1876/663/2324 1875/664/2324 2462/649/2324
f 2462/649/2325 1875/664/2325 1874/665/2325 2463/650/2325
f 2463/650/2326 1874/665/2326 1873/28/2326 2464/27/2326
f 1921/666/2327 2480/667/2327 1777/668/2327 1753/7/2327
f 2480/667/2328 2496/669/2328 1778/670/2328 1777/668/2328
f 2496/669/2329 2512/671/2329 1779/672/2329 1778/670/2329
f 2512/671/2330 2528/673/2330 1780/674/2330 1779/672/2330
f 2528/673/2331 2544/675/2331 1781/676/2331 1780/674/2331
f 2544/675/2332 2560/677/2332 1782/678/2332 1781/676/2332
f 2560/677/2333 2576/679/2333 1783/680/2333 1782/678/2333
f 2576/679/2334 2592/681/2334 1784/682/2334 1783/680/2334
f 2592/681/2335 2608/683/2335 1785/684/2335 1784/682/2335
f 2608/683/2336 2624/685/2336 1786/686/2336 1785/684/2336
f 2624/685/2337 2640/687/2337 1787/688/2337 1786/686/2337
f 2640/687/2338 2656/689/2338 1788/690/2338 1787/688/2338
f 2656/689/2339 2672/691/2339 1789/692/2339 1788/690/2339
f 2672/691/2340 2688/693/2340 1790/694/2340 1789/692/2340
f 2688/693/2341 2704/695/2341 1791/696/2341 1790/694/2341
f 2704/695/2342 2720/24/2342 1792/26/2342 1791/696/2342
f 1757/5/2343 1920/697/2343 2465/698/2343 1936/699/2343
f 1936/699/2344 2465/698/2344 2466/700/2344 1935/701/2344
f 1935/701/2345 2466/700/2345 2467/702/2345 1934/703/2345
f 1934/703/2346 2467/702/2346 2468/704/2346 1933/705/2346
f 1933/705/2347 2468/704/2347 2469/706/2347 1932/707/2347
f 1932/707/2348 2469/706/2348 2470/708/2348 1931/709/2348
f 1931/709/2349 2470/708/2349 2471/710/2349 1930/711/2349
f 1930/711/2350 2471/710/2350 2472/712/2350 1929/713/2350
f 1929/713/2351 2472/712/2351 2473/714/2351 1928/715/2351
f 1928/715/2352 2473/714/2352 2474/716/2352 1927/717/2352
f 1927/717/2353 2474/716/2353 2475/718/2353 1926/719/2353
f 1926/719/2354 2475/718/2354 2476/720/2354 1925/721/2354
f 1925/721/2355 2476/720/2355 2477/722/2355 1924/723/2355
f 1924/723/2356 2477/722/2356 2478/724/2356 1923/725/2356
f 1923/725/2357 2478/724/2357 2479/726/2357 1922/727/2357
f 1922/727/2358 2479/726/2358 2480/667/2358 1921/666/2358
f 1920/697/2359 1919/728/2359 2481/729/2359 2465/698/2359
f 2465/698/2360 2481/729/2360 2482/730/2360 2466/700/2360
f 2466/700/2361 2482/730/2361 2483/731/2361 2467/702/2361
f 2467/702/2362 2483/731/2362 2484/732/2362 2468/704/2362
f 2468/704/2363 2484/732/2363 2485/733/2363 2469/706/2363
f 2469/706/2364 2485/733/2364 2486/734/2364 2470/708/2364
f 2470/708/2365 2486/734/2365 2487/735/2365 2471/710/2365
f 2471/710/2366 2487/735/2366 2488/736/2366 2472/712/2366
f 2472/712/2367 2488/736/2367 2489/737/2367 2473/714/2367
f 2473/714/2368 2489/737/2368 2490/738/2368 2474/716/2368
f 2474/716/2369 2490/738/2369 2491/739/2369 2475/718/2369
f 2475/718/2370 2491/739/2370 2492/740/2370 2476/720/2370
f 2476/720/2371 2492/740/2371 2493/741/2371 2477/722/2371
f 2477/722/2372 2493/741/2372 2494/742/2372 2478/724/2372
f 2478/724/2373 2494/742/2373 2495/743/2373 2479/726/2373
f 2479/726/2374 2495/743/2374 2496/669/2374 2480/667/2374
f 1919/728/2375 1918/744/2375 2497/745/2375 2481/729/2375
f 2481/729/2376 2497/745/2376 2498/746/2376 2482/730/2376
f 2482/730/2377 2498/746/2377 2499/747/2377 2483/731/2377
f 2483/731/2378 2499/747/2378 2500/748/2378 2484/732/2378
f 2484/732/2379 2500/748/2379 2501/749/2379 2485/733/2379
f 2485/733/2380 2501/749/2380 2502/750/2380 2486/734/2380
f 2486/734/2381 2502/750/2381 2503/751/2381 2487/735/2381
f 2487/735/2382 2503/751/2382 2504/752/2382 2488/736/2382
f 2488/736/2383 2504/752/2383 2505/753/2383 2489/737/2383
f 2489/737/2384 2505/753/2384 2506/754/2384 2490/738/2384
f 2490/738/2385 2506/754/2385 2507/755/2385 2491/739/2385
f 2491/739/2386 2507/755/2386 2508/756/2386 2492/740/2386
f 2492/740/2387 2508/756/2387 2509/757/2387 2493/741/2387
f 2493/741/2388 2509/757/2388 2510/758/2388 2494/742/2388
f 2494/742/2389 2510/758/2389 2511/759/2389 2495/743/2389
f 2495/743/2390 2511/759/2390 2512/671/2390 2496/669/2390
f 1918/744/2391 1917/760/2391 2513/761/2391 2497/745/2391
f 2497/745/2392 2513/761/2392 2514/762/2392 2498/746/2392
f 2498/746/2393 2514/762/2393 2515/763/2393 2499/747/2393
f 2499/747/2394 2515/763/2394 2516/764/2394 2500/748/2394
f 2500/748/2395 2516/764/2395 2517/765/2395 2501/749/2395
f 2501/749/2396 2517/765/2396 2518/766/2396 2502/750/2396
f 2502/750/2397 2518/766/2397 2519/767/2397 2503/751/2397
f 2503/751/2398 2519/767/2398 2520/768/2398 2504/752/2398
f 2504/752/2399 2520/768/2399 2521/769/2399 2505/753/2399
f 2505/753/2400 2521/769/2400 2522/770/2400 2506/754/2400
f 2506/754/2401 2522/770/2401 2523/771/2401 2507/755/2401
f 2507/755/2402 2523/771/2402 2524/772/2402 2508/756/2402
f 2508/756/2403 2524/772/2403 2525/773/2403 2509/757/2403
f 2509/757/2404 2525/773/2404 2526/774/2404 2510/758/2404
f 2510/758/2405 2526/774/2405 2527/775/2405 2511/759/2405
f 2511/759/2406 2527/775/2406 2528/673/2406 2512/671/2406
f 1917/760/2407 1916/776/2407 2529/777/2407 2513/761/2407
f 2513/761/2408 2529/777/2408 2530/778/2408 2514/762/2408
f 2514/762/2409 2530/778/2409 2531/779/2409 2515/763/2409
f 2515/763/2410 2531/779/2410 2532/780/2410 2516/764/2410
f 2516/764/2411 2532/780/2411 2533/781/2411 2517/765/2411
f 2517/765/2412 2533/781/2412 2534/782/2412 2518/766/2412
f 2518/766/2413 2534/782/2413 2535/783/2413 2519/767/2413
f 2519/767/2414 2535/783/2414 2536/784/2414 2520/768/2414
f 2520/768/2415 2536/784/2415 2537/785/2415 2521/769/2415
f 2521/769/2416 2537/785/2416 2538/786/2416 2522/770/2416
f 2522/770/2417 2538/786/2417 2539/787/2417 2523/771/2417
f 2523/771/2418 2539/787/2418 2540/788/2418 2524/772/2418
f 2524/772/2419 2540/788/2419 2541/789/2419 2525/773/2419
f 2525/773/2420 2541/789/2420 2542/790/2420 2526/774/2420
f 2526/774/2421 2542/790/2421 2543/791/2421 2527/775/2421
f 2527/775/2422 2543/791/2422 2544/675/2422 2528/673/2422
f 1916/776/2423 1915/792/2423 2545/793/2423 2529/777/2423
f 2529/777/2424 2545/793/2424 2546/794/2424 2530/778/2424
f 2530/778/2425 2546/794/2425 2547/795/2425 2531/779/2425
f 2531/779/2426 2547/795/2426 2548/796/2426 2532/780/2426
f 2532/780/2427 2548/796/2427 2549/797/2427 2533/781/2427
f 2533/781/2428 2549/797/2428 2550/798/2428 2534/782/2428
f 2534/782/2429 2550/798/2429 2551/799/2429 2535/783/2429
f 2535/783/2430 2551/799/2430 2552/800/2430 2536/784/2430
f 2536/784/2431 2552/800/2431 2553/801/2431 2537/785/2431
f 2537/785/2432 2553/801/2432 2554/802/2432 2538/786/2432
f 2538/786/2433 2554/802/2433 2555/803/2433 2539/787/2433
f 2539/787/2434 2555/803/2434 2556/804/2434 2540/788/2434
f 2540/788/2435 2556/804/2435 2557/805/2435 2541/789/2435
f 2541/789/2436 2557/805/2436 2558/806/2436 2542/790/2436
f 2542/790/2437 2558/806/2437 2559/807/2437 2543/791/2437
f 2543/791/2438 2559/807/2438 2560/677/2438 2544/675/2438
f 1915/792/2439 1914/808/2439 2561/809/2439 2545/793/2439
f 2545/793/2440 2561/809/2440 2562/810/2440 2546/794/2440
f 2546/794/2441 2562/810/2441 2563/811/2441 2547/795/2441
f 2547/795/2442 2563/811/2442 2564/812/2442 2548/796/2442
f 2548/796/2443 2564/812/2443 2565/813/2443 2549/797/2443
f 2549/797/2444 2565/813/2444 2566/814/2444 2550/798/2444
f 2550/798/2445 2566/814/2445 2567/815/2445 2551/799/2445
f 2551/799/2446 2567/815/2446 2568/816/2446 2552/800/2446
f 2552/800/2447 2568/816/2447 2569/817/2447 2553/801/2447
f 2553/801/2448 2569/817/2448 2570/818/2448 2554/802/2448
f 2554/802/2449 2570/818/2449 2571/819/2449 2555/803/2449
f 2555/803/2450 2571/819/2450 2572/820/2450 2556/804/2450
f 2556/804/2451 2572/820/2451 2573/821/2451 2557/805/2451
f 2557/805/2452 2573/821/2452 2574/822/2452 2558/806/2452
f 2558/806/2453 2574/822/2454 2575/823/2453 2559/807/2454
f 2559/807/2455 2575/823/2455 2576/679/2455 2560/677/2455
f 1914/808/2456 1913/824/2456 2577/825/2456 2561/809/2456
f 2561/809/2457 2577/825/2457 2578/826/2457 2562/810/2457
f 2562/810/2458 2578/826/2458 2579/827/2458 2563/811/2458
f 2563/811/2459 2579/827/2459 2580/828/2459 2564/812/2459
f 2564/812/2460 2580/828/2460 2581/829/2460 2565/813/2460
f 2565/813/2461 2581/829/2461 2582/830/2461 2566/814/2461
f 2566/814/2462 2582/830/2462 2583/831/2462 2567/815/2462
f 2567/815/2463 2583/831/2463 2584/832/2463 2568/816/2463
f 2568/816/2464 2584/832/2464 2585/833/2464 2569/817/2464
f 2569/817/2465 2585/833/2465 2586/834/2465 2570/818/2465
f 2570/818/2466 2586/834/2466 2587/835/2466 2571/819/2466
f 2571/819/2467 2587/835/2467 2588/836/2467 2572/820/2467
f 2572/820/2468 2588/836/2468 2589/837/2468 2573/821/2468
f 2573/821/2469 2589/837/2469 2590/838/2469 2574/822/2469
f 2574/822/2470 2590/838/2470 2591/839/2470 2575/823/2470
f 2575/823/2471 2591/839/2471 2592/681/2471 2576/679/2471
f 1913/824/2472 1912/840/2472 2593/841/2472 2577/825/2472
f 2577/825/2473 2593/841/2473 2594/842/2473 2578/826/2473
f 2578/826/2474 2594/842/2474 2595/843/2474 2579/827/2474
f 2579/827/2475 2595/843/2475 2596/844/2475 2580/828/2475
f 2580/828/2476 2596/844/2476 2597/845/2476 2581/829/2476
f 2581/829/2477 2597/845/2477 2598/846/2477 2582/830/2477
f 2582/830/2478 2598/846/2478 2599/847/2478 2583/831/2478
f 2583/831/2479 2599/847/2479 2600/848/2479 2584/832/2479
f 2584/832/2480 2600/848/2480 2601/849/2480 2585/833/2480
f 2585/833/2481 2601/849/2481 2602/850/2481 2586/834/2481
f 2586/834/2482 2602/850/2482 2603/851/2482 2587/835/2482
f 2587/835/2483 2603/851/2483 2604/852/2483 2588/836/2483
f 2588/836/2484 2604/852/2484 2605/853/2484 2589/837/2484
f 2589/837/2485 2605/853/2485 2606/854/2485 2590/838/2485
f 2590/838/2486 2606/854/2486 2607/855/2486 2591/839/2486
f 2591/839/2487 2607/855/2487 2608/683/2487 2592/681/2487
f 1912/840/2488 1911/856/2488 2609/857/2488 2593/841/2488
f 2593/841/2489 2609/857/2489 2610/858/2489 2594/842/2489
f 2594/842/2490 2610/858/2490 2611/859/2490 2595/843/2490
f 2595/843/2491 2611/859/2491 2612/860/2491 2596/844/2491
f 2596/844/2492 2612/860/2492 2613/861/2492 2597/845/2492
f 2597/845/2493 2613/861/2493 2614/862/2493 2598/846/2493
f 2598/846/2494 2614/862/2494 2615/863/2494 2599/847/2494
f 2599/847/2495 2615/863/2495 2616/864/2495 2600/848/2495
f 2600/848/2496 2616/864/2496 2617/865/2496 2601/849/2496
f 2601/849/2497 2617/865/2497 2618/866/2497 2602/850/2497
f 2602/850/2498 2618/866/2498 2619/867/2498 2603/851/2498
f 2603/851/2499 2619/867/2499 2620/868/2499 2604/852/2499
f 2604/852/2500 2620/868/2500 2621/869/2500 2605/853/2500
f 2605/853/2501 2621/869/2501 2622/870/2501 2606/854/2501
f 2606/854/2502 2622/870/2502 2623/871/2502 2607/855/2502
f 2607/855/2503 2623/871/2503 2624/685/2503 2608/683/2503
f 1911/856/2504 1910/872/2504 2625/873/2504 2609/857/2504
f 2609/857/2505 2625/873/2505 2626/874/2505 2610/858/2505
f 2610/858/2506 2626/874/2506 2627/875/2506 2611/859/2506
f 2611/859/2507 2627/875/2507 2628/876/2507 2612/860/2507
f 2612/860/2508 2628/876/2508 2629/877/2508 2613/861/2508
f 2613/861/2509 2629/877/2509 2630/878/2509 2614/862/2509
f 2614/862/2510 2630/878/2510 2631/879/2510 2615/863/2510
f 2615/863/2511 2631/879/2511 2632/880/2511 2616/864/2511
f 2616/864/2512 2632/880/2512 2633/881/2512 2617/865/2512
f 2617/865/2513 2633/881/2513 2634/882/2513 2618/866/2513
f 2618/866/2514 2634/882/2514 2635/883/2514 2619/867/2514
f 2619/867/2515 2635/883/2515 2636/884/2515 2620/868/2515
f 2620/868/2516 2636/884/2517 2637/885/2516 2621/869/2517
f 2621/869/2518 2637/885/2518 2638/886/2518 2622/870/2518
f 2622/870/2519 2638/886/2519 2639/887/2519 2623/871/2519
f 2623/871/2520 2639/887/2520 2640/687/2520 2624/685/2520
f 1910/872/2521 1909/888/2521 2641/889/2521 2625/873/2521
f 2625/873/2522 2641/889/2522 2642/890/2522 2626/874/2522
f 2626/874/2523 2642/890/2523 2643/891/2523 2627/875/2523
f 2627/875/2524 2643/891/2524 2644/892/2524 2628/876/2524
f 2628/876/2525 2644/892/2525 2645/893/2525 2629/877/2525
f 2629/877/2526 2645/893/2526 2646/894/2526 2630/878/2526
f 2630/878/2527 2646/894/2527 2647/895/2527 2631/879/2527
f 2631/879/2528 2647/895/2528 2648/896/2528 2632/880/2528
f 2632/880/2529 2648/896/2529 2649/897/2529 2633/881/2529
f 2633/881/2530 2649/897/2530 2650/898/2530 2634/882/2530
f 2634/882/2531 2650/898/2531 2651/899/2531 2635/883/2531
f 2635/883/2532 2651/899/2532 2652/900/2532 2636/884/2532
f 2636/884/2533 2652/900/2533 2653/901/2533 2637/885/2533
f 2637/885/2534 2653/901/2534 2654/902/2534 2638/886/2534
f 2638/886/2535 2654/902/2535 2655/903/2535 2639/887/2535
f 2639/887/2536 2655/903/2536 2656/689/2536 2640/687/2536
f 1909/888/2537 1908/904/2537 2657/905/2537 2641/889/2537
f 2641/889/2538 2657/905/2538 2658/906/2538 2642/890/2538
f 2642/890/2539 2658/906/2539 2659/907/2539 2643/891/2539
f 2643/891/2540 2659/907/2540 2660/908/2540 2644/892/2540
f 2644/892/2541 2660/908/2541 2661/909/2541 2645/893/2541
f 2645/893/2542 2661/909/2542 2662/910/2542 2646/894/2542
f 2646/894/2543 2662/910/2543 2663/911/2543 2647/895/2543
f 2647/895/2544 2663/911/2544 2664/912/2544 2648/896/2544
f 2648/896/2545 2664/912/2545 2665/913/2545 2649/897/2545
f 2649/897/2546 2665/913/2546 2666/914/2546 2650/898/2546
f 2650/898/2547 2666/914/2547 2667/915/2547 2651/899/2547
f 2651/899/2548 2667/915/2548 2668/916/2548 2652/900/2548
f 2652/900/2549 2668/916/2549 2669/917/2549 2653/901/2549
f 2653/901/2550 2669/917/2550 2670/918/2550 2654/902/2550
f 2654/902/2551 2670/918/2551 2671/919/2551 2655/903/2551
f 2655/903/2552 2671/919/2552 2672/691/2552 2656/689/2552
f 1908/904/2553 1907/920/2553 2673/921/2553 2657/905/2553
f 2657/905/2554 2673/921/2554 2674/922/2554 2658/906/2554
f 2658/906/2555 2674/922/2555 2675/923/2555 2659/907/2555
f 2659/907/2556 2675/923/2556 2676/924/2556 2660/908/2556
f 2660/908/2557 2676/924/2557 2677/925/2557 2661/909/2557
f 2661/909/2558 2677/925/2558 2678/926/2558 2662/910/2558
f 2662/910/2559 2678/926/2559 2679/927/2559 2663/911/2559
f 2663/911/2560 2679/927/2560 2680/928/2560 2664/912/2560
f 2664/912/2561 2680/928/2561 2681/929/2561 2665/913/2561
f 2665/913/2562 2681/929/2562 2682/930/2562 2666/914/2562
f 2666/914/2563 2682/930/2563 2683/931/2563 2667/915/2563
f 2667/915/2564 2683/931/2564 2684/932/2564 2668/916/2564
f 2668/916/2565 2684/932/2565 2685/933/2565 2669/917/2565
f 2669/917/2566 2685/933/2566 2686/934/2566 2670/918/2566
f 2670/918/2567 2686/934/2567 2687/935/2567 2671/919/2567
f 2671/919/2568 2687/935/2568 2688/693/2568 2672/691/2568
f 1907/920/2569 1906/936/2569 2689/937/2569 2673/921/2569
f 2673/921/2570 2689/937/2570 2690/938/2570 2674/922/2570
f 2674/922/2571 2690/938/2571 2691/939/2571 2675/923/2571
f 2675/923/2572 2691/939/2572 2692/940/2572 2676/924/2572
f 2676/924/2573 2692/940/2573 2693/941/2573 2677/925/2573
f 2677/925/2574 2693/941/2574 2694/942/2574 2678/926/2574
f 2678/926/2575 2694/942/2575 2695/943/2575 2679/927/2575
f 2679/927/2576 2695/943/2576 2696/944/2576 2680/928/2576
f 2680/928/2577 2696/944/2577 2697/945/2577 2681/929/2577
f 2681/929/2578 2697/945/2578 2698/946/2578 2682/930/2578
f 2682/930/2579 2698/946/2579 2699/947/2579 2683/931/2579
f 2683/931/2580 2699/947/2580 2700/948/2580 2684/932/2580
f 2684/932/2581 2700/948/2581 2701/949/2581 2685/933/2581
f 2685/933/2582 2701/949/2582 2702/950/2582 2686/934/2582
f 2686/934/2583 2702/950/2583 2703/951/2583 2687/935/2583
f 2687/935/2584 2703/951/2584 2704/695/2584 2688/693/2584
f 1906/936/2585 1905/23/2585 2705/952/2585 2689/937/2585
f 2689/937/2586 2705/952/2586 2706/953/2586 2690/938/2586
f 2690/938/2587 2706/953/2587 2707/954/2587 2691/939/2587
f 2691/939/2588 2707/954/2588 2708/955/2588 2692/940/2588
f 2692/940/2589 2708/955/2589 2709/956/2589 2693/941/2589
f 2693/941/2590 2709/956/2590 2710/957/2590 2694/942/2590
f 2694/942/2591 2710/957/2591 2711/958/2591 2695/943/2591
f 2695/943/2592 2711/958/2592 2712/959/2592 2696/944/2592
f 2696/944/2593 2712/959/2593 2713/960/2593 2697/945/2593
f 2697/945/2594 2713/960/2594 2714/961/2594 2698/946/2594
f 2698/946/2595 2714/961/2595 2715/962/2595 2699/947/2595
f 2699/947/2596 2715/962/2596 2716/963/2596 2700/948/2596
f 2700/948/2597 2716/963/2597 2717/964/2597 2701/949/2597
f 2701/949/2598 2717/964/2598 2718/965/2598 2702/950/2598
f 2702/950/2599 2718/965/2599 2719/966/2599 2703/951/2599
f 2703/951/2600 2719/966/2600 2720/24/2600 2704/695/2600
f 1905/23/2601 1758/4/2601 1937/967/2601 2705/952/2601
f 2705/952/2602 1937/967/2602 1938/968/2602 2706/953/2602
f 2706/953/2603 1938/968/2603 1939/969/2603 2707/954/2603
f 2707/954/2604 1939/969/2604 1940/970/2604 2708/955/2604
f 2708/955/2605 1940/970/2605 1941/971/2605 2709/956/2605
f 2709/956/2606 1941/971/2606 1942/972/2606 2710/957/2606
f 2710/957/2607 1942/972/2607 1943/973/2607 2711/958/2607
f 2711/958/2608 1943/973/2608 1944/974/2608 2712/959/2608
f 2712/959/2609 1944/974/2609 1945/975/2609 2713/960/2609
f 2713/960/2610 1945/975/2610 1946/976/2610 2714/961/2610
f 2714/961/2611 1946/976/2611 1947/977/2611 2715/962/2611
f 2715/962/2612 1947/977/2612 1948/978/2612 2716/963/2612
f 2716/963/2613 1948/978/2613 1949/979/2613 2717/964/2613
f 2717/964/2614 1949/979/2614 1950/980/2614 2718/965/2614
f 2718/965/2615 1950/980/2615 1951/981/2615 2719/966/2615
f 2719/966/2616 1951/981/2616 1952/25/2616 2720/24/2616
f 1873/28/2617 2736/982/2617 1920/697/2617 1757/5/2617
f 2736/982/2618 2752/983/2618 1919/728/2618 1920/697/2618
f 2752/983/2619 2768/984/2619 1918/744/2619 1919/728/2619
f 2768/984/2620 2784/985/2620 1917/760/2620 1918/744/2620
f 2784/985/2621 2800/986/2621 1916/776/2621 1917/760/2621
f 2800/986/2622 2816/987/2622 1915/792/2622 1916/776/2622
f 2816/987/2623 2832/988/2623 1914/808/2623 1915/792/2623
f 2832/988/2624 2848/989/2624 1913/824/2624 1914/808/2624
f 2848/989/2625 2864/990/2625 1912/840/2625 1913/824/2625
f 2864/990/2626 2880/991/2626 1911/856/2626 1912/840/2626
f 2880/991/2627 2896/992/2627 1910/872/2627 1911/856/2627
f 2896/992/2628 2912/993/2628 1909/888/2628 1910/872/2628
f 2912/993/2629 2928/994/2629 1908/904/2629 1909/888/2629
f 2928/994/2630 2944/995/2630 1907/920/2630 1908/904/2630
f 2944/995/2631 2960/996/2631 1906/936/2631 1907/920/2631
f 2960/996/2632 2976/21/2632 1905/23/2632 1906/936/2632
f 1759/13/2633 1872/997/2633 2721/998/2633 1888/651/2633
f 1888/651/2634 2721/998/2634 2722/999/2634 1887/652/2634
f 1887/652/2635 2722/999/2635 2723/1000/2635 1886/653/2635
f 1886/653/2636 2723/1000/2636 2724/1001/2636 1885/654/2636
f 1885/654/2637 2724/1001/2637 2725/1002/2637 1884/655/2637
f 1884/655/2638 2725/1002/2638 2726/1003/2638 1883/656/2638
f 1883/656/2639 2726/1003/2639 2727/1004/2639 1882/657/2639
f 1882/657/2640 2727/1004/2640 2728/1005/2640 1881/658/2640
f 1881/658/2641 2728/1005/2641 2729/1006/2641 1880/659/2641
f 1880/659/2642 2729/1006/2642 2730/1007/2642 1879/660/2642
f 1879/660/2643 2730/1007/2643 2731/1008/2643 1878/661/2643
f 1878/661/2644 2731/1008/2644 2732/1009/2644 1877/662/2644
f 1877/662/2645 2732/1009/2645 2733/1010/2645 1876/663/2645
f 1876/663/2646 2733/1010/2646 2734/1011/2646 1875/664/2646
f 1875/664/2647 2734/1011/2647 2735/1012/2647 1874/665/2647
f 1874/665/2648 2735/1012/2648 2736/982/2648 1873/28/2648
f 1872/997/2649 1871/1013/2649 2737/1014/2649 2721/998/2649
f 2721/998/2650 2737/1014/2650 2738/1015/2650 2722/999/2650
f 2722/999/2651 2738/1015/2651 2739/1016/2651 2723/1000/2651
f 2723/1000/2652 2739/1016/2652 2740/1017/2652 2724/1001/2652
f 2724/1001/2653 2740/1017/2653 2741/1018/2653 2725/1002/2653
f 2725/1002/2654 2741/1018/2654 2742/1019/2654 2726/1003/2654
f 2726/1003/2655 2742/1019/2655 2743/1020/2655 2727/1004/2655
f 2727/1004/2656 2743/1020/2656 2744/1021/2656 2728/1005/2656
f 2728/1005/2657 2744/1021/2657 2745/1022/2657 2729/1006/2657
f 2729/1006/2658 2745/1022/2658 2746/1023/2658 2730/1007/2658
f 2730/1007/2659 2746/1023/2659 2747/1024/2659 2731/1008/2659
f 2731/1008/2660 2747/1024/2660 2748/1025/2660 2732/1009/2660
f 2732/1009/2661 2748/1025/2661 2749/1026/2661 2733/1010/2661
f 2733/1010/2662 2749/1026/2662 2750/1027/2662 2734/1011/2662
f 2734/1011/2663 2750/1027/2663 2751/1028/2663 2735/1012/2663
f 2735/1012/2664 2751/1028/2664 2752/983/2664 2736/982/2664
f 1871/1013/2665 1870/1029/2665 2753/1030/2665 2737/1014/2665
f 2737/1014/2666 2753/1030/2666 2754/1031/2666 2738/1015/2666
f 2738/1015/2667 2754/1031/2667 2755/1032/2667 2739/1016/2667
f 2739/1016/2668 2755/1032/2668 2756/1033/2668 2740/1017/2668
f 2740/1017/2669 2756/1033/2669 2757/1034/2669 2741/1018/2669
f 2741/1018/2670 2757/1034/2670 2758/1035/2670 2742/1019/2670
f 2742/1019/2671 2758/1035/2671 2759/1036/2671 2743/1020/2671
f 2743/1020/2672 2759/1036/2672 2760/1037/2672 2744/1021/2672
f 2744/1021/2673 2760/1037/2673 2761/1038/2673 2745/1022/2673
f 2745/1022/2674 2761/1038/2674 2762/1039/2674 2746/1023/2674
f 2746/1023/2675 2762/1039/2675 2763/1040/2675 2747/1024/2675
f 2747/1024/2676 2763/1040/2676 2764/1041/2676 2748/1025/2676
f 2748/1025/2677 2764/1041/2677 2765/1042/2677 2749/1026/2677
f 2749/1026/2678 2765/1042/2678 2766/1043/2678 2750/1027/2678
f 2750/1027/2679 2766/1043/2679 2767/1044/2679 2751/1028/2679
f 2751/1028/2680 2767/1044/2680 2768/984/2680 2752/983/2680
f 1870/1029/2681 1869/1045/2681 2769/1046/2681 2753/1030/2681
f 2753/1030/2682 2769/1046/2682 2770/1047/2682 2754/1031/2682
f 2754/1031/2683 2770/1047/2683 2771/1048/2683 2755/1032/2683
f 2755/1032/2684 2771/1048/2684 2772/1049/2684 2756/1033/2684
f 2756/1033/2685 2772/1049/2685 2773/1050/2685 2757/1034/2685
f 2757/1034/2686 2773/1050/2686 2774/1051/2686 2758/1035/2686
f 2758/1035/2687 2774/1051/2687 2775/1052/2687 2759/1036/2687
f 2759/1036/2688 2775/1052/2688 2776/1053/2688 2760/1037/2688
f 2760/1037/2689 2776/1053/2689 2777/1054/2689 2761/1038/2689
f 2761/1038/2690 2777/1054/2690 2778/1055/2690 2762/1039/2690
f 2762/1039/2691 2778/1055/2691 2779/1056/2691 2763/1040/2691
f 2763/1040/2692 2779/1056/2692 2780/1057/2692 2764/1041/2692
f 2764/1041/2693 2780/1057/2693 2781/1058/2693 2765/1042/2693
f 2765/1042/2694 2781/1058/2694 2782/1059/2694 2766/1043/2694
f 2766/1043/2695 2782/1059/2695 2783/1060/2695 2767/1044/2695
f 2767/1044/2696 2783/1060/2696 2784/985/2696 2768/984/2696
f 1869/1045/2697 1868/1061/2697 2785/1062/2697 2769/1046/2697
f 2769/1046/2698 2785/1062/2698 2786/1063/2698 2770/1047/2698
f 2770/1047/2699 2786/1063/2699 2787/1064/2699 2771/1048/2699
f 2771/1048/2700 2787/1064/2700 2788/1065/2700 2772/1049/2700
f 2772/1049/2701 2788/1065/2701 2789/1066/2701 2773/1050/2701
f 2773/1050/2702 2789/1066/2702 2790/1067/2702 2774/1051/2702
f 2774/1051/2703 2790/1067/2703 2791/1068/2703 2775/1052/2703
f 2775/1052/2704 2791/1068/2704 2792/1069/2704 2776/1053/2704
f 2776/1053/2705 2792/1069/2705 2793/1070/2705 2777/1054/2705
f 2777/1054/2706 2793/1070/2706 2794/1071/2706 2778/1055/2706
f 2778/1055/2707 2794/1071/2707 2795/1072/2707 2779/1056/2707
f 2779/1056/2708 2795/1072/2708 2796/1073/2708 2780/1057/2708
f 2780/1057/2709 2796/1073/2709 2797/1074/2709 2781/1058/2709
f 2781/1058/2710 2797/1074/2710 2798/1075/2710 2782/1059/2710
f 2782/1059/2711 2798/1075/2711 2799/1076/2711 2783/1060/2711
f 2783/1060/2712 2799/1076/2712 2800/986/2712 2784/985/2712
f 1868/1061/2713 1867/1077/2713 2801/1078/2713 2785/1062/2713
f 2785/1062/2714 2801/1078/2714 2802/1079/2714 2786/1063/2714
f 2786/1063/2715 2802/1079/2715 2803/1080/2715 2787/1064/2715
f 2787/1064/2716 2803/1080/2716 2804/1081/2716 2788/1065/2716
f 2788/1065/2717 2804/1081/2717 2805/1082/2717 2789/1066/2717
f 2789/1066/2718 2805/1082/2718 2806/1083/2718 2790/1067/2718
f 2790/1067/2719 2806/1083/2719 2807/1084/2719 2791/1068/2719
f 2791/1068/2720 2807/1084/2720 2808/1085/2720 2792/1069/2720
f 2792/1069/2721 2808/1085/2721 2809/1086/2721 2793/1070/2721
f 2793/1070/2722 2809/1086/2722 2810/1087/2722 2794/1071/2722
f 2794/1071/2723 2810/1087/2723 2811/1088/2723 2795/1072/2723
f 2795/1072/2724 2811/1088/2724 2812/1089/2724 2796/1073/2724
f 2796/1073/2725 2812/1089/2725 2813/1090/2725 2797/1074/2725
f 2797/1074/2726 2813/1090/2726 2814/1091/2726 2798/1075/2726
f 2798/1075/2727 2814/1091/2727 2815/1092/2727 2799/1076/2727
f 2799/1076/2728 2815/1092/2728 2816/987/2728 2800/986/2728
f 1867/1077/2729 1866/1093/2729 2817/1094/2729 2801/1078/2729
f 2801/1078/2730 2817/1094/2730 2818/1095/2730 2802/1079/2730
f 2802/1079/2731 2818/1095/2731 2819/1096/2731 2803/1080/2731
f 2803/1080/2732 2819/1096/2732 2820/1097/2732 2804/1081/2732
f 2804/1081/2733 2820/1097/2733 2821/1098/2733 2805/1082/2733
f 2805/1082/2734 2821/1098/2734 2822/1099/2734 2806/1083/2734
f 2806/1083/2735 2822/1099/2735 2823/1100/2735 2807/1084/2735
f 2807/1084/2736 2823/1100/2736 2824/1101/2736 2808/1085/2736
f 2808/1085/2737 2824/1101/2737 2825/1102/2737 2809/1086/2737
f 2809/1086/2738 2825/1102/2738 2826/1103/2738 2810/1087/2738
f 2810/1087/2739 2826/1103/2739 2827/1104/2739 2811/1088/2739
f 2811/1088/2740 2827/1104/2740 2828/1105/2740 2812/1089/2740
f 2812/1089/2741 2828/1105/2741 2829/1106/2741 2813/1090/2741
f 2813/1090/2742 2829/1106/2742 2830/1107/2742 2814/1091/2742
f 2814/1091/2743 2830/1107/2743 2831/1108/2743 2815/1092/2743
f 2815/1092/2744 2831/1108/2744 2832/988/2744 2816/987/2744
f 1866/1093/2745 1865/1109/2745 2833/1110/2745 2817/1094/2745
f 2817/1094/2746 2833/1110/2746 2834/1111/2746 2818/1095/2746
f 2818/1095/2747 2834/1111/2747 2835/1112/2747 2819/1096/2747
f 2819/1096/2748 2835/1112/2748 2836/1113/2748 2820/1097/2748
f 2820/1097/2749 2836/1113/2749 2837/1114/2749 2821/1098/2749
f 2821/1098/2750 2837/1114/2750 2838/1115/2750 2822/1099/2750
f 2822/1099/2751 2838/1115/2751 2839/1116/2751 2823/1100/2751
f 2823/1100/2752 2839/1116/2752 2840/1117/2752 2824/1101/2752
f 2824/1101/2753 2840/1117/2753 2841/1118/2753 2825/1102/2753
f 2825/1102/2754 2841/1118/2754 2842/1119/2754 2826/1103/2754
f 2826/1103/2755 2842/1119/2755 2843/1120/2755 2827/1104/2755
f 2827/1104/2756 2843/1120/2756 2844/1121/2756 2828/1105/2756
f 2828/1105/2757 2844/1121/2757 2845/1122/2757 2829/1106/2757
f 2829/1106/2758 2845/1122/2758 2846/1123/2758 2830/1107/2758
f 2830/1107/2759 2846/1123/2759 2847/1124/2759 2831/1108/2759
f 2831/1108/2760 2847/1124/2760 2848/989/2760 2832/988/2760
f 1865/1109/2761 1864/1125/2761 2849/1126/2761 2833/1110/2761
f 2833/1110/2762 2849/1126/2762 2850/1127/2762 2834/1111/2762
f 2834/1111/2763 2850/1127/2763 2851/1128/2763 2835/1112/2763
f 2835/1112/2764 2851/1128/2764 2852/1129/2764 2836/1113/2764
f 2836/1113/2765 2852/1129/2765 2853/1130/2765 2837/1114/2765
f 2837/1114/2766 2853/1130/2766 2854/1131/2766 2838/1115/2766
f 2838/1115/2767 2854/1131/2767 2855/1132/2767 2839/1116/2767
f 2839/1116/2768 2855/1132/2768 2856/1133/2768 2840/1117/2768
f 2840/1117/2769 2856/1133/2769 2857/1134/2769 2841/1118/2769
f 2841/1118/2770 2857/1134/2770 2858/1135/2770 2842/1119/2770
f 2842/1119/2771 2858/1135/2771 2859/1136/2771 2843/1120/2771
f 2843/1120/2772 2859/1136/2772 2860/1137/2772 2844/1121/2772
f 2844/1121/2773 2860/1137/2773 2861/1138/2773 2845/1122/2773
f 2845/1122/2774 2861/1138/2774 2862/1139/2774 2846/1123/2774
f 2846/1123/2775 2862/1139/2775 2863/1140/2775 2847/1124/2775
f 2847/1124/2776 2863/1140/2776 2864/990/2776 2848/989/2776
f 1864/1125/2777 1863/1141/2777 2865/1142/2777 2849/1126/2777
f 2849/1126/2778 2865/1142/2778 2866/1143/2778 2850/1127/2778
f 2850/1127/2779 2866/1143/2779 2867/1144/2779 2851/1128/2779
f 2851/1128/2780 2867/1144/2780 2868/1145/2780 2852/1129/2780
f 2852/1129/2781 2868/1145/2781 2869/1146/2781 2853/1130/2781
f 2853/1130/2782 2869/1146/2782 2870/1147/2782 2854/1131/2782
f 2854/1131/2783 2870/1147/2783 2871/1148/2783 2855/1132/2783
f 2855/1132/2784 2871/1148/2784 2872/1149/2784 2856/1133/2784
f 2856/1133/2785 2872/1149/2785 2873/1150/2785 2857/1134/2785
f 2857/1134/2786 2873/1150/2786 2874/1151/2786 2858/1135/2786
f 2858/1135/2787 2874/1151/2787 2875/1152/2787 2859/1136/2787
f 2859/1136/2788 2875/1152/2788 2876/1153/2788 2860/1137/2788
f 2860/1137/2789 2876/1153/2789 2877/1154/2789 2861/1138/2789
f 2861/1138/2790 2877/1154/2790 2878/1155/2790 2862/1139/2790
f 2862/1139/2791 2878/1155/2791 2879/1156/2791 2863/1140/2791
f 2863/1140/2792 2879/1156/2792 2880/991/2792 2864/990/2792
f 1863/1141/2793 1862/1157/2793 2881/1158/2793 2865/1142/2793
f 2865/1142/2794 2881/1158/2794 2882/1159/2794 2866/1143/2794
f 2866/1143/2795 2882/1159/2795 2883/1160/2795 2867/1144/2795
f 2867/1144/2796 2883/1160/2796 2884/1161/2796 2868/1145/2796
f 2868/1145/2797 2884/1161/2797 2885/1162/2797 2869/1146/2797
f 2869/1146/2798 2885/1162/2798 2886/1163/2798 2870/1147/2798
f 2870/1147/2799 2886/1163/2799 2887/1164/2799 2871/1148/2799
f 2871/1148/2800 2887/1164/2800 2888/1165/2800 2872/1149/2800
f 2872/1149/2801 2888/1165/2801 2889/1166/2801 2873/1150/2801
f 2873/1150/2802 2889/1166/2802 2890/1167/2802 2874/1151/2802
f 2874/1151/2803 2890/1167/2803 2891/1168/2803 2875/1152/2803
f 2875/1152/2804 2891/1168/2804 2892/1169/2804 2876/1153/2804
f 2876/1153/2805 2892/1169/2805 2893/1170/2805 2877/1154/2805
f 2877/1154/2806 2893/1170/2806 2894/1171/2806 2878/1155/2806
f 2878/1155/2807 2894/1171/2807 2895/1172/2807 2879/1156/2807
f 2879/1156/2808 2895/1172/2808 2896/992/2808 2880/991/2808
f 1862/1157/2809 1861/1173/2809 2897/1174/2809 2881/1158/2809
f 2881/1158/2810 2897/1174/2810 2898/1175/2810 2882/1159/2810
f 2882/1159/2811 2898/1175/2811 2899/1176/2811 2883/1160/2811
f 2883/1160/2812 2899/1176/2812 2900/1177/2812 2884/1161/2812
f 2884/1161/2813 2900/1177/2813 2901/1178/2813 2885/1162/2813
f 2885/1162/2814 2901/1178/2814 2902/1179/2814 2886/1163/2814
f 2886/1163/2815 2902/1179/2815 2903/1180/2815 2887/1164/2815
f 2887/1164/2816 2903/1180/2816 2904/1181/2816 2888/1165/2816
f 2888/1165/2817 2904/1181/2817 2905/1182/2817 2889/1166/2817
f 2889/1166/2818 2905/1182/2818 2906/1183/2818 2890/1167/2818
f 2890/1167/2819 2906/1183/2819 2907/1184/2819 2891/1168/2819
f 2891/1168/2820 2907/1184/2820 2908/1185/2820 2892/1169/2820
f 2892/1169/2821 2908/1185/2821 2909/1186/2821 2893/1170/2821
f 2893/1170/2822 2909/1186/2822 2910/1187/2822 2894/1171/2822
f 2894/1171/2823 2910/1187/2823 2911/1188/2823 2895/1172/2823
f 2895/1172/2824 2911/1188/2824 2912/993/2824 2896/992/2824
f 1861/1173/2825 1860/1189/2825 2913/1190/2825 2897/1174/2825
f 2897/1174/2826 2913/1190/2826 2914/1191/2826 2898/1175/2826
f 2898/1175/2827 2914/1191/2827 2915/1192/2827 2899/1176/2827
f 2899/1176/2828 2915/1192/2828 2916/1193/2828 2900/1177/2828
f 2900/1177/2829 2916/1193/2829 2917/1194/2829 2901/1178/2829
f 2901/1178/2830 2917/1194/2830 2918/1195/2830 2902/1179/2830
f 2902/1179/2831 2918/1195/2831 2919/1196/2831 2903/1180/2831
f 2903/1180/2832 2919/1196/2832 2920/1197/2832 2904/1181/2832
f 2904/1181/2833 2920/1197/2833 2921/1198/2833 2905/1182/2833
f 2905/1182/2834 2921/1198/2834 2922/1199/2834 2906/1183/2834
f 2906/1183/2835 2922/1199/2835 2923/1200/2835 2907/1184/2835
f 2907/1184/2836 2923/1200/2836 2924/1201/2836 2908/1185/2836
f 2908/1185/2837 2924/1201/2837 2925/1202/2837 2909/1186/2837
f 2909/1186/2838 2925/1202/2838 2926/1203/2838 2910/1187/2838
f 2910/1187/2839 2926/1203/2839 2927/1204/2839 2911/1188/2839
f 2911/1188/2840 2927/1204/2840 2928/994/2840 2912/993/2840
f 1860/1189/2841 1859/1205/2841 2929/1206/2841 2913/1190/2841
f 2913/1190/2842 2929/1206/2842 2930/1207/2842 2914/1191/2842
f 2914/1191/2843 2930/1207/2843 2931/1208/2843 2915/1192/2843
f 2915/1192/2844 2931/1208/2844 2932/1209/2844 2916/1193/2844
f 2916/1193/2845 2932/1209/2845 2933/1210/2845 2917/1194/2845
f 2917/1194/2846 2933/1210/2846 2934/1211/2846 2918/1195/2846
f 2918/1195/2847 2934/1211/2847 2935/1212/2847 2919/1196/2847
f 2919/1196/2848 2935/1212/2848 2936/1213/2848 2920/1197/2848
f 2920/1197/2849 2936/1213/2849 2937/1214/2849 2921/1198/2849
f 2921/1198/2850 2937/1214/2850 2938/1215/2850 2922/1199/2850
f 2922/1199/2851 2938/1215/2851 2939/1216/2851 2923/1200/2851
f 2923/1200/2852 2939/1216/2852 2940/1217/2852 2924/1201/2852
f 2924/1201/2853 2940/1217/2853 2941/1218/2853 2925/1202/2853
f 2925/1202/2854 2941/1218/2854 2942/1219/2854 2926/1203/2854
f 2926/1203/2855 2942/1219/2855 2943/1220/2855 2927/1204/2855
f 2927/1204/2856 2943/1220/2857 2944/995/2856 2928/994/2857
f 1859/1205/2858 1858/1221/2858 2945/1222/2858 2929/1206/2858
f 2929/1206/2859 2945/1222/2859 2946/1223/2859 2930/1207/2859
f 2930/1207/2860 2946/1223/2860 2947/1224/2860 2931/1208/2860
f 2931/1208/2861 2947/1224/2861 2948/1225/2861 2932/1209/2861
f 2932/1209/2862 2948/1225/2862 2949/1226/2862 2933/1210/2862
f 2933/1210/2863 2949/1226/2863 2950/1227/2863 2934/1211/2863
f 2934/1211/2864 2950/1227/2864 2951/1228/2864 2935/1212/2864
f 2935/1212/2865 2951/1228/2865 2952/1229/2865 2936/1213/2865
f 2936/1213/2866 2952/1229/2866 2953/1230/2866 2937/1214/2866
f 2937/1214/2867 2953/1230/2867 2954/1231/2867 2938/1215/2867
f 2938/1215/2868 2954/1231/2868 2955/1232/2868 2939/1216/2868
f 2939/1216/2869 2955/1232/2869 2956/1233/2869 2940/1217/2869
f 2940/1217/2870 2956/1233/2870 2957/1234/2870 2941/1218/2870
f 2941/1218/2871 2957/1234/2871 2958/1235/2871 2942/1219/2871
f 2942/1219/2872 2958/1235/2872 2959/1236/2872 2943/1220/2872
f 2943/1220/2873 2959/1236/2873 2960/996/2873 2944/995/2873
f 1858/1221/2874 1857/20/2874 2961/1237/2874 2945/1222/2874
f 2945/1222/2875 2961/1237/2875 2962/1238/2875 2946/1223/2875
f 2946/1223/2876 2962/1238/2876 2963/1239/2876 2947/1224/2876
f 2947/1224/2877 2963/1239/2877 2964/1240/2877 2948/1225/2877
f 2948/1225/2878 2964/1240/2878 2965/1241/2878 2949/1226/2878
f 2949/1226/2879 2965/1241/2879 2966/1242/2879 2950/1227/2879
f 2950/1227/2880 2966/1242/2880 2967/1243/2880 2951/1228/2880
f 2951/1228/2881 2967/1243/2881 2968/1244/2881 2952/1229/2881
f 2952/1229/2882 2968/1244/2882 2969/1245/2882 2953/1230/2882
f 2953/1230/2883 2969/1245/2883 2970/1246/2883 2954/1231/2883
f 2954/1231/2884 2970/1246/2884 2971/1247/2884 2955/1232/2884
f 2955/1232/2885 2971/1247/2885 2972/1248/2885 2956/1233/2885
f 2956/1233/2886 2972/1248/2886 2973/1249/2886 2957/1234/2886
f 2957/1234/2887 2973/1249/2887 2974/1250/2887 2958/1235/2887
f 2958/1235/2888 2974/1250/2888 2975/1251/2888 2959/1236/2888
f 2959/1236/2889 2975/1251/2889 2976/21/2889 2960/996/2889
f 1857/20/2890 1760/1/2890 1889/65/2890 2961/1237/2890
f 2961/1237/2891 1889/65/2891 1890/67/2891 2962/1238/2891
f 2962/1238/2892 1890/67/2892 1891/69/2892 2963/1239/2892
f 2963/1239/2893 1891/69/2893 1892/71/2893 2964/1240/2893
f 2964/1240/2894 1892/71/2894 1893/73/2894 2965/1241/2894
f 2965/1241/2895 1893/73/2895 1894/75/2895 2966/1242/2895
f 2966/1242/2896 1894/75/2896 1895/77/2896 2967/1243/2896
f 2967/1243/2897 1895/77/2897 1896/79/2897 2968/1244/2897
f 2968/1244/2898 1896/79/2898 1897/81/2898 2969/1245/2898
f 2969/1245/2899 1897/81/2899 1898/83/2899 2970/1246/2899
f 2970/1246/2900 1898/83/2900 1899/85/2900 2971/1247/2900
f 2971/1247/2901 1899/85/2901 1900/87/2901 2972/1248/2901
f 2972/1248/2902 1900/87/2902 1901/89/2902 2973/1249/2902
f 2973/1249/2903 1901/89/2903 1902/91/2903 2974/1250/2903
f 2974/1250/2904 1902/91/2904 1903/93/2904 2975/1251/2904
f 2975/1251/2905 1903/93/2905 1904/22/2905 2976/21/2905
f 1825/1252/2906 2992/1253/2906 1872/997/2906 1759/13/2906
f 2992/1253/2907 3008/1254/2907 1871/1013/2907 1872/997/2907
f 3008/1254/2908 3024/1255/2908 1870/1029/2908 1871/1013/2908
f 3024/1255/2909 3040/1256/2909 1869/1045/2909 1870/1029/2909
f 3040/1256/2910 3056/1257/2910 1868/1061/2910 1869/1045/2910
f 3056/1257/2911 3072/1258/2911 1867/1077/2911 1868/1061/2911
f 3072/1258/2912 3088/1259/2912 1866/1093/2912 1867/1077/2912
f 3088/1259/2913 3104/1260/2913 1865/1109/2913 1866/1093/2913
f 3104/1260/2914 3120/1261/2914 1864/1125/2914 1865/1109/2914
f 3120/1261/2915 3136/1262/2915 1863/1141/2915 1864/1125/2915
f 3136/1262/2916 3152/1263/2916 1862/1157/2916 1863/1141/2916
f 3152/1263/2917 3168/1264/2917 1861/1173/2917 1862/1157/2917
f 3168/1264/2918 3184/1265/2918 1860/1189/2918 1861/1173/2918
f 3184/1265/2919 3200/1266/2919 1859/1205/2919 1860/1189/2919
f 3200/1266/2920 3216/1267/2920 1858/1221/2920 1859/1205/2920
f 3216/1267/2921 3232/18/2921 1857/20/2921 1858/1221/2921
f 1755/11/2922 1824/1268/2922 2977/1269/2922 1840/1270/2922
f 1840/1270/2923 2977/1269/2923 2978/1271/2923 1839/1272/2923
f 1839/1272/2924 2978/1271/2924 2979/1273/2924 1838/1274/2924
f 1838/1274/2925 2979/1273/2925 2980/1275/2925 1837/1276/2925
f 1837/1276/2926 2980/1275/2926 2981/1277/2926 1836/1278/2926
f 1836/1278/2927 2981/1277/2927 2982/1279/2927 1835/1280/2927
f 1835/1280/2928 2982/1279/2928 2983/1281/2928 1834/1282/2928
f 1834/1282/2929 2983/1281/2929 2984/1283/2929 1833/1284/2929
f 1833/1284/2930 2984/1283/2930 2985/1285/2930 1832/1286/2930
f 1832/1286/2931 2985/1285/2931 2986/1287/2931 1831/1288/2931
f 1831/1288/2932 2986/1287/2932 2987/1289/2932 1830/1290/2932
f 1830/1290/2933 2987/1289/2933 2988/1291/2933 1829/1292/2933
f 1829/1292/2934 2988/1291/2934 2989/1293/2934 1828/1294/2934
f 1828/1294/2935 2989/1293/2935 2990/1295/2935 1827/1296/2935
f 1827/1296/2936 2990/1295/2936 2991/1297/2936 1826/1298/2936
f 1826/1298/2937 2991/1297/2937 2992/1253/2937 1825/1252/2937
f 1824/1268/2938 1823/1299/2938 2993/1300/2938 2977/1269/2938
f 2977/1269/2939 2993/1300/2939 2994/1301/2939 2978/1271/2939
f 2978/1271/2940 2994/1301/2940 2995/1302/2940 2979/1273/2940
f 2979/1273/2941 2995/1302/2941 2996/1303/2941 2980/1275/2941
f 2980/1275/2942 2996/1303/2942 2997/1304/2942 2981/1277/2942
f 2981/1277/2943 2997/1304/2943 2998/1305/2943 2982/1279/2943
f 2982/1279/2944 2998/1305/2944 2999/1306/2944 2983/1281/2944
f 2983/1281/2945 2999/1306/2945 3000/1307/2945 2984/1283/2945
f 2984/1283/2946 3000/1307/2946 3001/1308/2946 2985/1285/2946
f 2985/1285/2947 3001/1308/2947 3002/1309/2947 2986/1287/2947
f 2986/1287/2948 3002/1309/2948 3003/1310/2948 2987/1289/2948
f 2987/1289/2949 3003/1310/2949 3004/1311/2949 2988/1291/2949
f 2988/1291/2950 3004/1311/2950 3005/1312/2950 2989/1293/2950
f 2989/1293/2951 3005/1312/2951 3006/1313/2951 2990/1295/2951
f 2990/1295/2952 3006/1313/2952 3007/1314/2952 2991/1297/2952
f 2991/1297/2953 3007/1314/2953 3008/1254/2953 2992/1253/2953
f 1823/1299/2954 1822/1315/2954 3009/1316/2954 2993/1300/2954
f 2993/1300/2955 3009/1316/2955 3010/1317/2955 2994/1301/2955
f 2994/1301/2956 3010/1317/2956 3011/1318/2956 2995/1302/2956
f 2995/1302/2957 3011/1318/2957 3012/1319/2957 2996/1303/2957
f 2996/1303/2958 3012/1319/2958 3013/1320/2958 2997/1304/2958
f 2997/1304/2959 3013/1320/2959 3014/1321/2959 2998/1305/2959
f 2998/1305/2960 3014/1321/2960 3015/1322/2960 2999/1306/2960
f 2999/1306/2961 3015/1322/2961 3016/1323/2961 3000/1307/2961
f 3000/1307/2962 3016/1323/2962 3017/1324/2962 3001/1308/2962
f 3001/1308/2963 3017/1324/2963 3018/1325/2963 3002/1309/2963
f 3002/1309/2964 3018/1325/2964 3019/1326/2964 3003/1310/2964
f 3003/1310/2965 3019/1326/2965 3020/1327/2965 3004/1311/2965
f 3004/1311/2966 3020/1327/2966 3021/1328/2966 3005/1312/2966
f 3005/1312/2967 3021/1328/2967 3022/1329/2967 3006/1313/2967
f 3006/1313/2968 3022/1329/2968 3023/1330/2968 3007/1314/2968
f 3007/1314/2969 3023/1330/2969 3024/1255/2969 3008/1254/2969
f 1822/1315/2970 1821/1331/2970 3025/1332/2970 3009/1316/2970
f 3009/1316/2971 3025/1332/2971 3026/1333/2971 3010/1317/2971
f 3010/1317/2972 3026/1333/2972 3027/1334/2972 3011/1318/2972
f 3011/1318/2973 3027/1334/2973 3028/1335/2973 3012/1319/2973
f 3012/1319/2974 3028/1335/2974 3029/1336/2974 3013/1320/2974
f 3013/1320/2975 3029/1336/2975 3030/1337/2975 3014/1321/2975
f 3014/1321/2976 3030/1337/2976 3031/1338/2976 3015/1322/2976
f 3015/1322/2977 3031/1338/2977 3032/1339/2977 3016/1323/2977
f 3016/1323/2978 3032/1339/2978 3033/1340/2978 3017/1324/2978
f 3017/1324/2979 3033/1340/2979 3034/1341/2979 3018/1325/2979
f 3018/1325/2980 3034/1341/2980 3035/1342/2980 3019/1326/2980
f 3019/1326/2981 3035/1342/2981 3036/1343/2981 3020/1327/2981
f 3020/1327/2982 3036/1343/2982 3037/1344/2982 3021/1328/2982
f 3021/1328/2983 3037/1344/2983 3038/1345/2983 3022/1329/2983
f 3022/1329/2984 3038/1345/2984 3039/1346/2984 3023/1330/2984
f 3023/1330/2985 3039/1346/2985 3040/1256/2985 3024/1255/2985
f 1821/1331/2986 1820/1347/2986 3041/1348/2986 3025/1332/2986
f 3025/1332/2987 3041/1348/2987 3042/1349/2987 3026/1333/2987
f 3026/1333/2988 3042/1349/2988 3043/1350/2988 3027/1334/2988
f 3027/1334/2989 3043/1350/2989 3044/1351/2989 3028/1335/2989
f 3028/1335/2990 3044/1351/2990 3045/1352/2990 3029/1336/2990
f 3029/1336/2991 3045/1352/2991 3046/1353/2991 3030/1337/2991
f 3030/1337/2992 3046/1353/2992 3047/1354/2992 3031/1338/2992
f 3031/1338/2993 3047/1354/2993 3048/1355/2993 3032/1339/2993
f 3032/1339/2994 3048/1355/2994 3049/1356/2994 3033/1340/2994
f 3033/1340/2995 3049/1356/2995 3050/1357/2995 3034/1341/2995
f 3034/1341/2996 3050/1357/2996 3051/1358/2996 3035/1342/2996
f 3035/1342/2997 3051/1358/2997 3052/1359/2997 3036/1343/2997
f 3036/1343/2998 3052/1359/2998 3053/1360/2998 3037/1344/2998
f 3037/1344/2999 3053/1360/2999 3054/1361/2999 3038/1345/2999
f 3038/1345/3000 3054/1361/3000 3055/1362/3000 3039/1346/3000
f 3039/1346/3001 3055/1362/3001 3056/1257/3001 3040/1256/3001
f 1820/1347/3002 1819/1363/3002 3057/1364/3002 3041/1348/3002
f 3041/1348/3003 3057/1364/3003 3058/1365/3003 3042/1349/3003
f 3042/1349/3004 3058/1365/3004 3059/1366/3004 3043/1350/3004
f 3043/1350/3005 3059/1366/3005 3060/1367/3005 3044/1351/3005
f 3044/1351/3006 3060/1367/3006 3061/1368/3006 3045/1352/3006
f 3045/1352/3007 3061/1368/3007 3062/1369/3007 3046/1353/3007
f 3046/1353/3008 3062/1369/3008 3063/1370/3008 3047/1354/3008
f 3047/1354/3009 3063/1370/3009 3064/1371/3009 3048/1355/3009
f 3048/1355/3010 3064/1371/3010 3065/1372/3010 3049/1356/3010
f 3049/1356/3011 3065/1372/3011 3066/1373/3011 3050/1357/3011
f 3050/1357/3012 3066/1373/3012 3067/1374/3012 3051/1358/3012
f 3051/1358/3013 3067/1374/3013 3068/1375/3013 3052/1359/3013
f 3052/1359/3014 3068/1375/3014 3069/1376/3014 3053/1360/3014
f 3053/1360/3015 3069/1376/3015 3070/1377/3015 3054/1361/3015
f 3054/1361/3016 3070/1377/3016 3071/1378/3016 3055/1362/3016
f 3055/1362/3017 3071/1378/3017 3072/1258/3017 3056/1257/3017
f 1819/1363/3018 1818/1379/3018 3073/1380/3018 3057/1364/3018
f 3057/1364/3019 3073/1380/3019 3074/1381/3019 3058/1365/3019
f 3058/1365/3020 3074/1381/3020 3075/1382/3020 3059/1366/3020
f 3059/1366/3021 3075/1382/3021 3076/1383/3021 3060/1367/3021
f 3060/1367/3022 3076/1383/3022 3077/1384/3022 3061/1368/3022
f 3061/1368/3023 3077/1384/3023 3078/1385/3023 3062/1369/3023
f 3062/1369/3024 3078/1385/3024 3079/1386/3024 3063/1370/3024
f 3063/1370/3025 3079/1386/3025 3080/1387/3025 3064/1371/3025
f 3064/1371/3026 3080/1387/3026 3081/1388/3026 3065/1372/3026
f 3065/1372/3027 3081/1388/3027 3082/1389/3027 3066/1373/3027
f 3066/1373/3028 3082/1389/3028 3083/1390/3028 3067/1374/3028
f 3067/1374/3029 3083/1390/3029 3084/1391/3029 3068/1375/3029
f 3068/1375/3030 3084/1391/3030 3085/1392/3030 3069/1376/3030
f 3069/1376/3031 3085/1392/3031 3086/1393/3031 3070/1377/3031
f 3070/1377/3032 3086/1393/3032 3087/1394/3032 3071/1378/3032
f 3071/1378/3033 3087/1394/3033 3088/1259/3033 3072/1258/3033
f 1818/1379/3034 1817/1395/3034 3089/1396/3034 3073/1380/3034
f 3073/1380/3035 3089/1396/3035 3090/1397/3035 3074/1381/3035
f 3074/1381/3036 3090/1397/3036 3091/1398/3036 3075/1382/3036
f 3075/1382/3037 3091/1398/3037 3092/1399/3037 3076/1383/3037
f 3076/1383/3038 3092/1399/3038 3093/1400/3038 3077/1384/3038
f 3077/1384/3039 3093/1400/3039 3094/1401/3039 3078/1385/3039
f 3078/1385/3040 3094/1401/3040 3095/1402/3040 3079/1386/3040
f 3079/1386/3041 3095/1402/3041 3096/1403/3041 3080/1387/3041
f 3080/1387/3042 3096/1403/3042 3097/1404/3042 3081/1388/3042
f 3081/1388/3043 3097/1404/3043 3098/1405/3043 3082/1389/3043
f 3082/1389/3044 3098/1405/3044 3099/1406/3044 3083/1390/3044
f 3083/1390/3045 3099/1406/3045 3100/1407/3045 3084/1391/3045
f 3084/1391/3046 3100/1407/3046 3101/1408/3046 3085/1392/3046
f 3085/1392/3047 3101/1408/3047 3102/1409/3047 3086/1393/3047
f 3086/1393/3048 3102/1409/3048 3103/1410/3048 3087/1394/3048
f 3087/1394/3049 3103/1410/3049 3104/1260/3049 3088/1259/3049
f 1817/1395/3050 1816/1411/3050 3105/1412/3050 3089/1396/3050
f 3089/1396/3051 3105/1412/3051 3106/1413/3051 3090/1397/3051
f 3090/1397/3052 3106/1413/3052 3107/1414/3052 3091/1398/3052
f 3091/1398/3053 3107/1414/3053 3108/1415/3053 3092/1399/3053
f 3092/1399/3054 3108/1415/3054 3109/1416/3054 3093/1400/3054
f 3093/1400/3055 3109/1416/3055 3110/1417/3055 3094/1401/3055
f 3094/1401/3056 3110/1417/3056 3111/1418/3056 3095/1402/3056
f 3095/1402/3057 3111/1418/3057 3112/1419/3057 3096/1403/3057
f 3096/1403/3058 3112/1419/3058 3113/1420/3058 3097/1404/3058
f 3097/1404/3059 3113/1420/3059 3114/1421/3059 3098/1405/3059
f 3098/1405/3060 3114/1421/3060 3115/1422/3060 3099/1406/3060
f 3099/1406/3061 3115/1422/3061 3116/1423/3061 3100/1407/3061
f 3100/1407/3062 3116/1423/3062 3117/1424/3062 3101/1408/3062
f 3101/1408/3063 3117/1424/3063 3118/1425/3063 3102/1409/3063
f 3102/1409/3064 3118/1425/3064 3119/1426/3064 3103/1410/3064
f 3103/1410/3065 3119/1426/3065 3120/1261/3065 3104/1260/3065
f 1816/1411/3066 1815/1427/3066 3121/1428/3066 3105/1412/3066
f 3105/1412/3067 3121/1428/3067 3122/1429/3067 3106/1413/3067
f 3106/1413/3068 3122/1429/3068 3123/1430/3068 3107/1414/3068
f 3107/1414/3069 3123/1430/3069 3124/1431/3069 3108/1415/3069
f 3108/1415/3070 3124/1431/3070 3125/1432/3070 3109/1416/3070
f 3109/1416/3071 3125/1432/3071 3126/1433/3071 3110/1417/3071
f 3110/1417/3072 3126/1433/3072 3127/1434/3072 3111/1418/3072
f 3111/1418/3073 3127/1434/3073 3128/1435/3073 3112/1419/3073
f 3112/1419/3074 3128/1435/3074 3129/1436/3074 3113/1420/3074
f 3113/1420/3075 3129/1436/3075 3130/1437/3075 3114/1421/3075
f 3114/1421/3076 3130/1437/3076 3131/1438/3076 3115/1422/3076
f 3115/1422/3077 3131/1438/3077 3132/1439/3077 3116/1423/3077
f 3116/1423/3078 3132/1439/3078 3133/1440/3078 3117/1424/3078
f 3117/1424/3079 3133/1440/3079 3134/1441/3079 3118/1425/3079
f 3118/1425/3080 3134/1441/3080 3135/1442/3080 3119/1426/3080
f 3119/1426/3081 3135/1442/3081 3136/1262/3081 3120/1261/3081
f 1815/1427/3082 1814/1443/3082 3137/1444/3082 3121/1428/3082
f 3121/1428/3083 3137/1444/3083 3138/1445/3083 3122/1429/3083
f 3122/1429/3084 3138/1445/3084 3139/1446/3084 3123/1430/3084
f 3123/1430/3085 3139/1446/3085 3140/1447/3085 3124/1431/3085
f 3124/1431/3086 3140/1447/3086 3141/1448/3086 3125/1432/3086
f 3125/1432/3087 3141/1448/3087 3142/1449/3087 3126/1433/3087
f 3126/1433/3088 3142/1449/3088 3143/1450/3088 3127/1434/3088
f 3127/1434/3089 3143/1450/3089 3144/1451/3089 3128/1435/3089
f 3128/1435/3090 3144/1451/3090 3145/1452/3090 3129/1436/3090
f 3129/1436/3091 3145/1452/3091 3146/1453/3091 3130/1437/3091
f 3130/1437/3092 3146/1453/3092 3147/1454/3092 3131/1438/3092
f 3131/1438/3093 3147/1454/3093 3148/1455/3093 3132/1439/3093
f 3132/1439/3094 3148/1455/3094 3149/1456/3094 3133/1440/3094
f 3133/1440/3095 3149/1456/3095 3150/1457/3095 3134/1441/3095
f 3134/1441/3096 3150/1457/3096 3151/1458/3096 3135/1442/3096
f 3135/1442/3097 3151/1458/3097 3152/1263/3097 3136/1262/3097
f 1814/1443/3098 1813/1459/3098 3153/1460/3098 3137/1444/3098
f 3137/1444/3099 3153/1460/3099 3154/1461/3099 3138/1445/3099
f 3138/1445/3100 3154/1461/3100 3155/1462/3100 3139/1446/3100
f 3139/1446/3101 3155/1462/3101 3156/1463/3101 3140/1447/3101
f 3140/1447/3102 3156/1463/3102 3157/1464/3102 3141/1448/3102
f 3141/1448/3103 3157/1464/3103 3158/1465/3103 3142/1449/3103
f 3142/1449/3104 3158/1465/3104 3159/1466/3104 3143/1450/3104
f 3143/1450/3105 3159/1466/3105 3160/1467/3105 3144/1451/3105
f 3144/1451/3106 3160/1467/3106 3161/1468/3106 3145/1452/3106
f 3145/1452/3107 3161/1468/3107 3162/1469/3107 3146/1453/3107
f 3146/1453/3108 3162/1469/3108 3163/1470/3108 3147/1454/3108
f 3147/1454/3109 3163/1470/3109 3164/1471/3109 3148/1455/3109
f 3148/1455/3110 3164/1471/3110 3165/1472/3110 3149/1456/3110
f 3149/1456/3111 3165/1472/3111 3166/1473/3111 3150/1457/3111
f 3150/1457/3112 3166/1473/3112 3167/1474/3112 3151/1458/3112
f 3151/1458/3113 3167/1474/3113 3168/1264/3113 3152/1263/3113
f 1813/1459/3114 1812/1475/3114 3169/1476/3114 3153/1460/3114
f 3153/1460/3115 3169/1476/3115 3170/1477/3115 3154/1461/3115
f 3154/1461/3116 3170/1477/3116 3171/1478/3116 3155/1462/3116
f 3155/1462/3117 3171/1478/3117 3172/1479/3117 3156/1463/3117
f 3156/1463/3118 3172/1479/3118 3173/1480/3118 3157/1464/3118
f 3157/1464/3119 3173/1480/3119 3174/1481/3119 3158/1465/3119
f 3158/1465/3120 3174/1481/3120 3175/1482/3120 3159/1466/3120
f 3159/1466/3121 3175/1482/3121 3176/1483/3121 3160/1467/3121
f 3160/1467/3122 3176/1483/3122 3177/1484/3122 3161/1468/3122
f 3161/1468/3123 3177/1484/3123 3178/1485/3123 3162/1469/3123
f 3162/1469/3124 3178/1485/3124 3179/1486/3124 3163/1470/3124
f 3163/1470/3125 3179/1486/3125 3180/1487/3125 3164/1471/3125
f 3164/1471/3126 3180/1487/3126 3181/1488/3126 3165/1472/3126
f 3165/1472/3127 3181/1488/3127 3182/1489/3127 3166/1473/3127
f 3166/1473/3128 3182/1489/3128 3183/1490/3128 3167/1474/3128
f 3167/1474/3129 3183/1490/3129 3184/1265/3129 3168/1264/3129
f 1812/1475/3130 1811/1491/3130 3185/1492/3130 3169/1476/3130
f 3169/1476/3131 3185/1492/3131 3186/1493/3131 3170/1477/3131
f 3170/1477/3132 3186/1493/3132 3187/1494/3132 3171/1478/3132
f 3171/1478/3133 3187/1494/3133 3188/1495/3133 3172/1479/3133
f 3172/1479/3134 3188/1495/3134 3189/1496/3134 3173/1480/3134
f 3173/1480/3135 3189/1496/3135 3190/1497/3135 3174/1481/3135
f 3174/1481/3136 3190/1497/3136 3191/1498/3136 3175/1482/3136
f 3175/1482/3137 3191/1498/3137 3192/1499/3137 3176/1483/3137
f 3176/1483/3138 3192/1499/3138 3193/1500/3138 3177/1484/3138
f 3177/1484/3139 3193/1500/3139 3194/1501/3139 3178/1485/3139
f 3178/1485/3140 3194/1501/3140 3195/1502/3140 3179/1486/3140
f 3179/1486/3141 3195/1502/3141 3196/1503/3141 3180/1487/3141
f 3180/1487/3142 3196/1503/3142 3197/1504/3142 3181/1488/3142
f 3181/1488/3143 3197/1504/3143 3198/1505/3143 3182/1489/3143
f 3182/1489/3144 3198/1505/3144 3199/1506/3144 3183/1490/3144
f 3183/1490/3145 3199/1506/3145 3200/1266/3145 3184/1265/3145
f 1811/1491/3146 1810/1507/3146 3201/1508/3146 3185/1492/3146
f 3185/1492/3147 3201/1508/3147 3202/1509/3147 3186/1493/3147
f 3186/1493/3148 3202/1509/3148 3203/1510/3148 3187/1494/3148
f 3187/1494/3149 3203/1510/3149 3204/1511/3149 3188/1495/3149
f 3188/1495/3150 3204/1511/3150 3205/1512/3150 3189/1496/3150
f 3189/1496/3151 3205/1512/3151 3206/1513/3151 3190/1497/3151
f 3190/1497/3152 3206/1513/3152 3207/1514/3152 3191/1498/3152
f 3191/1498/3153 3207/1514/3153 3208/1515/3153 3192/1499/3153
f 3192/1499/3154 3208/1515/3154 3209/1516/3154 3193/1500/3154
f 3193/1500/3155 3209/1516/3155 3210/1517/3155 3194/1501/3155
f 3194/1501/3156 3210/1517/3156 3211/1518/3156 3195/1502/3156
f 3195/1502/3157 3211/1518/3157 3212/1519/3157 3196/1503/3157
f 3196/1503/3158 3212/1519/3158 3213/1520/3158 3197/1504/3158
f 3197/1504/3159 3213/1520/3159 3214/1521/3159 3198/1505/3159
f 3198/1505/3160 3214/1521/3160 3215/1522/3160 3199/1506/3160
f 3199/1506/3161 3215/1522/3161 3216/1267/3161 3200/1266/3161
f 1810/1507/3162 1809/17/3162 3217/1523/3162 3201/1508/3162
f 3201/1508/3163 3217/1523/3163 3218/1524/3163 3202/1509/3163
f 3202/1509/3164 3218/1524/3164 3219/1525/3164 3203/1510/3164
f 3203/1510/3165 3219/1525/3165 3220/1526/3165 3204/1511/3165
f 3204/1511/3166 3220/1526/3166 3221/1527/3166 3205/1512/3166
f 3205/1512/3167 3221/1527/3167 3222/1528/3167 3206/1513/3167
f 3206/1513/3168 3222/1528/3168 3223/1529/3168 3207/1514/3168
f 3207/1514/3169 3223/1529/3169 3224/1530/3169 3208/1515/3169
f 3208/1515/3170 3224/1530/3170 3225/1531/3170 3209/1516/3170
f 3209/1516/3171 3225/1531/3171 3226/1532/3171 3210/1517/3171
f 3210/1517/3172 3226/1532/3172 3227/1533/3172 3211/1518/3172
f 3211/1518/3173 3227/1533/3173 3228/1534/3173 3212/1519/3173
f 3212/1519/3174 3228/1534/3174 3229/1535/3174 3213/1520/3174
f 3213/1520/3175 3229/1535/3175 3230/1536/3175 3214/1521/3175
f 3214/1521/3176 3230/1536/3176 3231/1537/3176 3215/1522/3176
f 3215/1522/3177 3231/1537/3177 3232/18/3177 3216/1267/3177
f 1809/17/3178 1756/10/3178 1841/1538/3178 3217/1523/3178
f 3217/1523/3179 1841/1538/3179 1842/1539/3179 3218/1524/3179
f 3218/1524/3180 1842/1539/3180 1843/1540/3180 3219/1525/3180
f 3219/1525/3181 1843/1540/3181 1844/1541/3181 3220/1526/3181
f 3220/1526/3182 1844/1541/3182 1845/1542/3182 3221/1527/3182
f 3221/1527/3183 1845/1542/3183 1846/1543/3183 3222/1528/3183
f 3222/1528/3184 1846/1543/3184 1847/1544/3184 3223/1529/3184
f 3223/1529/3185 1847/1544/3185 1848/1545/3185 3224/1530/3185
f 3224/1530/3186 1848/1545/3186 1849/1546/3186 3225/1531/3186
f 3225/1531/3187 1849/1546/3187 1850/1547/3187 3226/1532/3187
f 3226/1532/3188 1850/1547/3188 1851/1548/3188 3227/1533/3188
f 3227/1533/3189 1851/1548/3189 1852/1549/3189 3228/1534/3189
f 3228/1534/3190 1852/1549/3190 1853/1550/3190 3229/1535/3190
f 3229/1535/3191 1853/1550/3191 1854/1551/3191 3230/1536/3191
f 3230/1536/3192 1854/1551/3192 1855/1552/3192 3231/1537/3192
f 3231/1537/3193 1855/1552/3193 1856/19/3193 3232/18/3193
f 1761/1553/3194 3248/1554/3194 1824/1268/3194 1755/11/3194
f 3248/1554/3195 3264/1555/3196 1823/1299/3195 1824/1268/3196
f 3264/1555/3197 3280/1556/3197 1822/1315/3197 1823/1299/3197
f 3280/1556/3198 3296/1557/3198 1821/1331/3198 1822/1315/3198
f 3296/1557/3199 3312/1558/3199 1820/1347/3199 1821/1331/3199
f 3312/1558/3200 3328/1559/3200 1819/1363/3200 1820/1347/3200
f 3328/1559/3201 3344/1560/3201 1818/1379/3201 1819/1363/3201
f 3344/1560/3202 3360/1561/3202 1817/1395/3202 1818/1379/3202
f 3360/1561/3203 3376/1562/3203 1816/1411/3203 1817/1395/3203
f 3376/1562/3204 3392/1563/3204 1815/1427/3204 1816/1411/3204
f 3392/1563/3205 3408/1564/3205 1814/1443/3205 1815/1427/3205
f 3408/1564/3206 3424/1565/3206 1813/1459/3206 1814/1443/3206
f 3424/1565/3207 3440/1566/3207 1812/1475/3207 1813/1459/3207
f 3440/1566/3208 3456/1567/3208 1811/1491/3208 1812/1475/3208
f 3456/1567/3209 3472/1568/3209 1810/1507/3209 1811/1491/3209
f 3472/1568/3210 3488/15/3210 1809/17/3210 1810/1507/3210
f 1753/8/3211 1777/1569/3211 3233/1570/3211 1776/1571/3211
f 1776/1571/3212 3233/1570/3212 3234/1572/3212 1775/1573/3212
f 1775/1573/3213 3234/1572/3213 3235/1574/3213 1774/1575/3213
f 1774/1575/3214 3235/1574/3214 3236/1576/3214 1773/1577/3214
f 1773/1577/3215 3236/1576/3215 3237/1578/3215 1772/1579/3215
f 1772/1579/3216 3237/1578/3216 3238/1580/3216 1771/1581/3216
f 1771/1581/3217 3238/1580/3217 3239/1582/3217 1770/1583/3217
f 1770/1583/3218 3239/1582/3218 3240/1584/3218 1769/1585/3218
f 1769/1585/3219 3240/1584/3219 3241/1586/3219 1768/1587/3219
f 1768/1587/3220 3241/1586/3220 3242/1588/3220 1767/1589/3220
f 1767/1589/3221 3242/1588/3221 3243/1590/3221 1766/1591/3221
f 1766/1591/3222 3243/1590/3222 3244/1592/3222 1765/1593/3222
f 1765/1593/3223 3244/1592/3223 3245/1594/3223 1764/1595/3223
f 1764/1595/3224 3245/1594/3224 3246/1596/3224 1763/1597/3224
f 1763/1597/3225 3246/1596/3225 3247/1598/3225 1762/1599/3225
f 1762/1599/3226 3247/1598/3226 3248/1554/3226 1761/1553/3226
f 1777/1569/3227 1778/1600/3227 3249/1601/3227 3233/1570/3227
f 3233/1570/3228 3249/1601/3228 3250/1602/3228 3234/1572/3228
f 3234/1572/3229 3250/1602/3229 3251/1603/3229 3235/1574/3229
f 3235/1574/3230 3251/1603/3230 3252/1604/3230 3236/1576/3230
f 3236/1576/3231 3252/1604/3231 3253/1605/3231 3237/1578/3231
f 3237/1578/3232 3253/1605/3232 3254/1606/3232 3238/1580/3232
f 3238/1580/3233 3254/1606/3233 3255/1607/3233 3239/1582/3233
f 3239/1582/3234 3255/1607/3234 3256/1608/3234 3240/1584/3234
f 3240/1584/3235 3256/1608/3235 3257/1609/3235 3241/1586/3235
f 3241/1586/3236 3257/1609/3236 3258/1610/3236 3242/1588/3236
f 3242/1588/3237 3258/1610/3237 3259/1611/3237 3243/1590/3237
f 3243/1590/3238 3259/1611/3238 3260/1612/3238 3244/1592/3238
f 3244/1592/3239 3260/1612/3239 3261/1613/3239 3245/1594/3239
f 3245/1594/3240 3261/1613/3240 3262/1614/3240 3246/1596/3240
f 3246/1596/3241 3262/1614/3241 3263/1615/3241 3247/1598/3241
f 3247/1598/3242 3263/1615/3242 3264/1555/3242 3248/1554/3242
f 1778/1600/3243 1779/1616/3243 3265/1617/3243 3249/1601/3243
f 3249/1601/3244 3265/1617/3244 3266/1618/3244 3250/1602/3244
f 3250/1602/3245 3266/1618/3245 3267/1619/3245 3251/1603/3245
f 3251/1603/3246 3267/1619/3246 3268/1620/3246 3252/1604/3246
f 3252/1604/3247 3268/1620/3247 3269/1621/3247 3253/1605/3247
f 3253/1605/3248 3269/1621/3248 3270/1622/3248 3254/1606/3248
f 3254/1606/3249 3270/1622/3249 3271/1623/3249 3255/1607/3249
f 3255/1607/3250 3271/1623/3250 3272/1624/3250 3256/1608/3250
f 3256/1608/3251 3272/1624/3251 3273/1625/3251 3257/1609/3251
f 3257/1609/3252 3273/1625/3252 3274/1626/3252 3258/1610/3252
f 3258/1610/3253 3274/1626/3253 3275/1627/3253 3259/1611/3253
f 3259/1611/3254 3275/1627/3254 3276/1628/3254 3260/1612/3254
f 3260/1612/3255 3276/1628/3255 3277/1629/3255 3261/1613/3255
f 3261/1613/3256 3277/1629/3256 3278/1630/3256 3262/1614/3256
f 3262/1614/3257 3278/1630/3257 3279/1631/3257 3263/1615/3257
f 3263/1615/3258 3279/1631/3258 3280/1556/3258 3264/1555/3258
f 1779/1616/3259 1780/1632/3259 3281/1633/3259 3265/1617/3259
f 3265/1617/3260 3281/1633/3260 3282/1634/3260 3266/1618/3260
f 3266/1618/3261 3282/1634/3261 3283/1635/3261 3267/1619/3261
f 3267/1619/3262 3283/1635/3262 3284/1636/3262 3268/1620/3262
f 3268/1620/3263 3284/1636/3263 3285/1637/3263 3269/1621/3263
f 3269/1621/3264 3285/1637/3264 3286/1638/3264 3270/1622/3264
f 3270/1622/3265 3286/1638/3265 3287/1639/3265 3271/1623/3265
f 3271/1623/3266 3287/1639/3266 3288/1640/3266 3272/1624/3266
f 3272/1624/3267 3288/1640/3267 3289/1641/3267 3273/1625/3267
f 3273/1625/3268 3289/1641/3268 3290/1642/3268 3274/1626/3268
f 3274/1626/3269 3290/1642/3269 3291/1643/3269 3275/1627/3269
f 3275/1627/3270 3291/1643/3270 3292/1644/3270 3276/1628/3270
f 3276/1628/3271 3292/1644/3272 3293/1645/3271 3277/1629/3272
f 3277/1629/3273 3293/1645/3273 3294/1646/3273 3278/1630/3273
f 3278/1630/3274 3294/1646/3274 3295/1647/3274 3279/1631/3274
f 3279/1631/3275 3295/1647/3275 3296/1557/3275 3280/1556/3275
f 1780/1632/3276 1781/1648/3276 3297/1649/3276 3281/1633/3276
f 3281/1633/3277 3297/1649/3277 3298/1650/3277 3282/1634/3277
f 3282/1634/3278 3298/1650/3278 3299/1651/3278 3283/1635/3278
f 3283/1635/3279 3299/1651/3279 3300/1652/3279 3284/1636/3279
f 3284/1636/3280 3300/1652/3280 3301/1653/3280 3285/1637/3280
f 3285/1637/3281 3301/1653/3281 3302/1654/3281 3286/1638/3281
f 3286/1638/3282 3302/1654/3282 3303/1655/3282 3287/1639/3282
f 3287/1639/3283 3303/1655/3283 3304/1656/3283 3288/1640/3283
f 3288/1640/3284 3304/1656/3284 3305/1657/3284 3289/1641/3284
f 3289/1641/3285 3305/1657/3285 3306/1658/3285 3290/1642/3285
f 3290/1642/3286 3306/1658/3286 3307/1659/3286 3291/1643/3286
f 3291/1643/3287 3307/1659/3287 3308/1660/3287 3292/1644/3287
f 3292/1644/3288 3308/1660/3288 3309/1661/3288 3293/1645/3288
f 3293/1645/3289 3309/1661/3289 3310/1662/3289 3294/1646/3289
f 3294/1646/3290 3310/1662/3290 3311/1663/3290 3295/1647/3290
f 3295/1647/3291 3311/1663/3291 3312/1558/3291 3296/1557/3291
f 1781/1648/3292 1782/1664/3292 3313/1665/3292 3297/1649/3292
f 3297/1649/3293 3313/1665/3293 3314/1666/3293 3298/1650/3293
f 3298/1650/3294 3314/1666/3294 3315/1667/3294 3299/1651/3294
f 3299/1651/3295 3315/1667/3295 3316/1668/3295 3300/1652/3295
f 3300/1652/3296 3316/1668/3296 3317/1669/3296 3301/1653/3296
f 3301/1653/3297 3317/1669/3297 3318/1670/3297 3302/1654/3297
f 3302/1654/3298 3318/1670/3298 3319/1671/3298 3303/1655/3298
f 3303/1655/3299 3319/1671/3299 3320/1672/3299 3304/1656/3299
f 3304/1656/3300 3320/1672/3300 3321/1673/3300 3305/1657/3300
f 3305/1657/3301 3321/1673/3301 3322/1674/3301 3306/1658/3301
f 3306/1658/3302 3322/1674/3302 3323/1675/3302 3307/1659/3302
f 3307/1659/3303 3323/1675/3303 3324/1676/3303 3308/1660/3303
f 3308/1660/3304 3324/1676/3304 3325/1677/3304 3309/1661/3304
f 3309/1661/3305 3325/1677/3305 3326/1678/3305 3310/1662/3305
f 3310/1662/3306 3326/1678/3306 3327/1679/3306 3311/1663/3306
f 3311/1663/3307 3327/1679/3307 3328/1559/3307 3312/1558/3307
f 1782/1664/3308 1783/1680/3308 3329/1681/3308 3313/1665/3308
f 3313/1665/3309 3329/1681/3309 3330/1682/3309 3314/1666/3309
f 3314/1666/3310 3330/1682/3310 3331/1683/3310 3315/1667/3310
f 3315/1667/3311 3331/1683/3311 3332/1684/3311 3316/1668/3311
f 3316/1668/3312 3332/1684/3312 3333/1685/3312 3317/1669/3312
f 3317/1669/3313 3333/1685/3313 3334/1686/3313 3318/1670/3313
f 3318/1670/3314 3334/1686/3314 3335/1687/3314 3319/1671/3314
f 3319/1671/3315 3335/1687/3315 3336/1688/3315 3320/1672/3315
f 3320/1672/3316 3336/1688/3316 3337/1689/3316 3321/1673/3316
f 3321/1673/3317 3337/1689/3317 3338/1690/3317 3322/1674/3317
f 3322/1674/3318 3338/1690/3318 3339/1691/3318 3323/1675/3318
f 3323/1675/3319 3339/1691/3319 3340/1692/3319 3324/1676/3319
f 3324/1676/3320 3340/1692/3320 3341/1693/3320 3325/1677/3320
f 3325/1677/3321 3341/1693/3321 3342/1694/3321 3326/1678/3321
f 3326/1678/3322 3342/1694/3322 3343/1695/3322 3327/1679/3322
f 3327/1679/3323 3343/1695/3323 3344/1560/3323 3328/1559/3323
f 1783/1680/3324 1784/1696/3324 3345/1697/3324 3329/1681/3324
f 3329/1681/3325 3345/1697/3325 3346/1698/3325 3330/1682/3325
f 3330/1682/3326 3346/1698/3326 3347/1699/3326 3331/1683/3326
f 3331/1683/3327 3347/1699/3327 3348/1700/3327 3332/1684/3327
f 3332/1684/3328 3348/1700/3328 3349/1701/3328 3333/1685/3328
f 3333/1685/3329 3349/1701/3329 3350/1702/3329 3334/1686/3329
f 3334/1686/3330 3350/1702/3330 3351/1703/3330 3335/1687/3330
f 3335/1687/3331 3351/1703/3331 3352/1704/3331 3336/1688/3331
f 3336/1688/3332 3352/1704/3332 3353/1705/3332 3337/1689/3332
f 3337/1689/3333 3353/1705/3333 3354/1706/3333 3338/1690/3333
f 3338/1690/3334 3354/1706/3334 3355/1707/3334 3339/1691/3334
f 3339/1691/3335 3355/1707/3335 3356/1708/3335 3340/1692/3335
f 3340/1692/3336 3356/1708/3336 3357/1709/3336 3341/1693/3336
f 3341/1693/3337 3357/1709/3337 3358/1710/3337 3342/1694/3337
f 3342/1694/3338 3358/1710/3338 3359/1711/3338 3343/1695/3338
f 3343/1695/3339 3359/1711/3339 3360/1561/3339 3344/1560/3339
f 1784/1696/3340 1785/1712/3340 3361/1713/3340 3345/1697/3340
f 3345/1697/3341 3361/1713/3341 3362/1714/3341 3346/1698/3341
f 3346/1698/3342 3362/1714/3342 3363/1715/3342 3347/1699/3342
f 3347/1699/3343 3363/1715/3343 3364/1716/3343 3348/1700/3343
f 3348/1700/3344 3364/1716/3344 3365/1717/3344 3349/1701/3344
f 3349/1701/3345 3365/1717/3345 3366/1718/3345 3350/1702/3345
f 3350/1702/3346 3366/1718/3346 3367/1719/3346 3351/1703/3346
f 3351/1703/3347 3367/1719/3347 3368/1720/3347 3352/1704/3347
f 3352/1704/3348 3368/1720/3348 3369/1721/3348 3353/1705/3348
f 3353/1705/3349 3369/1721/3349 3370/1722/3349 3354/1706/3349
f 3354/1706/3350 3370/1722/3350 3371/1723/3350 3355/1707/3350
f 3355/1707/3351 3371/1723/3351 3372/1724/3351 3356/1708/3351
f 3356/1708/3352 3372/1724/3352 3373/1725/3352 3357/1709/3352
f 3357/1709/3353 3373/1725/3353 3374/1726/3353 3358/1710/3353
f 3358/1710/3354 3374/1726/3354 3375/1727/3354 3359/1711/3354
f 3359/1711/3355 3375/1727/3355 3376/1562/3355 3360/1561/3355
f 1785/1712/3356 1786/1728/3356 3377/1729/3356 3361/1713/3356
f 3361/1713/3357 3377/1729/3357 3378/1730/3357 3362/1714/3357
f 3362/1714/3358 3378/1730/3359 3379/1731/3358 3363/1715/3359
f 3363/1715/3360 3379/1731/3360 3380/1732/3360 3364/1716/3360
f 3364/1716/3361 3380/1732/3361 3381/1733/3361 3365/1717/3361
f 3365/1717/3362 3381/1733/3362 3382/1734/3362 3366/1718/3362
f 3366/1718/3363 3382/1734/3363 3383/1735/3363 3367/1719/3363
f 3367/1719/3364 3383/1735/3364 3384/1736/3364 3368/1720/3364
f 3368/1720/3365 3384/1736/3365 3385/1737/3365 3369/1721/3365
f 3369/1721/3366 3385/1737/3366 3386/1738/3366 3370/1722/3366
f 3370/1722/3367 3386/1738/3367 3387/1739/3367 3371/1723/3367
f 3371/1723/3368 3387/1739/3368 3388/1740/3368 3372/1724/3368
f 3372/1724/3369 3388/1740/3369 3389/1741/3369 3373/1725/3369
f 3373/1725/3370 3389/1741/3370 3390/1742/3370 3374/1726/3370
f 3374/1726/3371 3390/1742/3371 3391/1743/3371 3375/1727/3371
f 3375/1727/3372 3391/1743/3372 3392/1563/3372 3376/1562/3372
f 1786/1728/3373 1787/1744/3373 3393/1745/3373 3377/1729/3373
f 3377/1729/3374 3393/1745/3374 3394/1746/3374 3378/1730/3374
f 3378/1730/3375 3394/1746/3375 3395/1747/3375 3379/1731/3375
f 3379/1731/3376 3395/1747/3376 3396/1748/3376 3380/1732/3376
f 3380/1732/3377 3396/1748/3377 3397/1749/3377 3381/1733/3377
f 3381/1733/3378 3397/1749/3378 3398/1750/3378 3382/1734/3378
f 3382/1734/3379 3398/1750/3379 3399/1751/3379 3383/1735/3379
f 3383/1735/3380 3399/1751/3380 3400/1752/3380 3384/1736/3380
f 3384/1736/3381 3400/1752/3381 3401/1753/3381 3385/1737/3381
f 3385/1737/3382 3401/1753/3382 3402/1754/3382 3386/1738/3382
f 3386/1738/3383 3402/1754/3383 3403/1755/3383 3387/1739/3383
f 3387/1739/3384 3403/1755/3384 3404/1756/3384 3388/1740/3384
f 3388/1740/3385 3404/1756/3385 3405/1757/3385 3389/1741/3385
f 3389/1741/3386 3405/1757/3386 3406/1758/3386 3390/1742/3386
f 3390/1742/3387 3406/1758/3387 3407/1759/3387 3391/1743/3387
f 3391/1743/3388 3407/1759/3388 3408/1564/3388 3392/1563/3388
f 1787/1744/3389 1788/1760/3389 3409/1761/3389 3393/1745/3389
f 3393/1745/3390 3409/1761/3390 3410/1762/3390 3394/1746/3390
f 3394/1746/3391 3410/1762/3391 3411/1763/3391 3395/1747/3391
f 3395/1747/3392 3411/1763/3392 3412/1764/3392 3396/1748/3392
f 3396/1748/3393 3412/1764/3393 3413/1765/3393 3397/1749/3393
f 3397/1749/3394 3413/1765/3394 3414/1766/3394 3398/1750/3394
f 3398/1750/3395 3414/1766/3395 3415/1767/3395 3399/1751/3395
f 3399/1751/3396 3415/1767/3396 3416/1768/3396 3400/1752/3396
f 3400/1752/3397 3416/1768/3397 3417/1769/3397 3401/1753/3397
f 3401/1753/3398 3417/1769/3398 3418/1770/3398 3402/1754/3398
f 3402/1754/3399 3418/1770/3399 3419/1771/3399 3403/1755/3399
f 3403/1755/3400 3419/1771/3400 3420/1772/3400 3404/1756/3400
f 3404/1756/3401 3420/1772/3401 3421/1773/3401 3405/1757/3401
f 3405/1757/3402 3421/1773/3402 3422/1774/3402 3406/1758/3402
f 3406/1758/3403 3422/1774/3403 3423/1775/3403 3407/1759/3403
f 3407/1759/3404 3423/1775/3404 3424/1565/3404 3408/1564/3404
f 1788/1760/3405 1789/1776/3405 3425/1777/3405 3409/1761/3405
f 3409/1761/3406 3425/1777/3406 3426/1778/3406 3410/1762/3406
f 3410/1762/3407 3426/1778/3407 3427/1779/3407 3411/1763/3407
f 3411/1763/3408 3427/1779/3408 3428/1780/3408 3412/1764/3408
f 3412/1764/3409 3428/1780/3409 3429/1781/3409 3413/1765/3409
f 3413/1765/3410 3429/1781/3410 3430/1782/3410 3414/1766/3410
f 3414/1766/3411 3430/1782/3411 3431/1783/3411 3415/1767/3411
f 3415/1767/3412 3431/1783/3412 3432/1784/3412 3416/1768/3412
f 3416/1768/3413 3432/1784/3413 3433/1785/3413 3417/1769/3413
f 3417/1769/3414 3433/1785/3414 3434/1786/3414 3418/1770/3414
f 3418/1770/3415 3434/1786/3415 3435/1787/3415 3419/1771/3415
f 3419/1771/3416 3435/1787/3416 3436/1788/3416 3420/1772/3416
f 3420/1772/3417 3436/1788/3417 3437/1789/3417 3421/1773/3417
f 3421/1773/3418 3437/1789/3418 3438/1790/3418 3422/1774/3418
f 3422/1774/3419 3438/1790/3419 3439/1791/3419 3423/1775/3419
f 3423/1775/3420 3439/1791/3420 3440/1566/3420 3424/1565/3420
f 1789/1776/3421 1790/1792/3421 3441/1793/3421 3425/1777/3421
f 3425/1777/3422 3441/1793/3422 3442/1794/3422 3426/1778/3422
f 3426/1778/3423 3442/1794/3423 3443/1795/3423 3427/1779/3423
f 3427/1779/3424 3443/1795/3424 3444/1796/3424 3428/1780/3424
f 3428/1780/3425 3444/1796/3425 3445/1797/3425 3429/1781/3425
f 3429/1781/3426 3445/1797/3426 3446/1798/3426 3430/1782/3426
f 3430/1782/3427 3446/1798/3427 3447/1799/3427 3431/1783/3427
f 3431/1783/3428 3447/1799/3428 3448/1800/3428 3432/1784/3428
f 3432/1784/3429 3448/1800/3429 3449/1801/3429 3433/1785/3429
f 3433/1785/3430 3449/1801/3430 3450/1802/3430 3434/1786/3430
f 3434/1786/3431 3450/1802/3431 3451/1803/3431 3435/1787/3431
f 3435/1787/3432 3451/1803/3432 3452/1804/3432 3436/1788/3432
f 3436/1788/3433 3452/1804/3433 3453/1805/3433 3437/1789/3433
f 3437/1789/3434 3453/1805/3434 3454/1806/3434 3438/1790/3434
f 3438/1790/3435 3454/1806/3435 3455/1807/3435 3439/1791/3435
f 3439/1791/3436 3455/1807/3436 3456/1567/3436 3440/1566/3436
f 1790/1792/3437 1791/1808/3437 3457/1809/3437 3441/1793/3437
f 3441/1793/3438 3457/1809/3438 3458/1810/3438 3442/1794/3438
f 3442/1794/3439 3458/1810/3439 3459/1811/3439 3443/1795/3439
f 3443/1795/3440 3459/1811/3440 3460/1812/3440 3444/1796/3440
f 3444/1796/3441 3460/1812/3441 3461/1813/3441 3445/1797/3441
f 3445/1797/3442 3461/1813/3442 3462/1814/3442 3446/1798/3442
f 3446/1798/3443 3462/1814/3443 3463/1815/3443 3447/1799/3443
f 3447/1799/3444 3463/1815/3444 3464/1816/3444 3448/1800/3444
f 3448/1800/3445 3464/1816/3445 3465/1817/3445 3449/1801/3445
f 3449/1801/3446 3465/1817/3446 3466/1818/3446 3450/1802/3446
f 3450/1802/3447 3466/1818/3447 3467/1819/3447 3451/1803/3447
f 3451/1803/3448 3467/1819/3448 3468/1820/3448 3452/1804/3448
f 3452/1804/3449 3468/1820/3449 3469/1821/3449 3453/1805/3449
f 3453/1805/3450 3469/1821/3450 3470/1822/3450 3454/1806/3450
f 3454/1806/3451 3470/1822/3451 3471/1823/3451 3455/1807/3451
f 3455/1807/3452 3471/1823/3452 3472/1568/3452 3456/1567/3452
f 1791/1808/3453 1792/1824/3453 3473/1825/3453 3457/1809/3453
f 3457/1809/3454 3473/1825/3454 3474/1826/3454 3458/1810/3454
f 3458/1810/3455 3474/1826/3455 3475/1827/3455 3459/1811/3455
f 3459/1811/3456 3475/1827/3456 3476/1828/3456 3460/1812/3456
f 3460/1812/3457 3476/1828/3457 3477/1829/3457 3461/1813/3457
f 3461/1813/3458 3477/1829/3458 3478/1830/3458 3462/1814/3458
f 3462/1814/3459 3478/1830/3459 3479/1831/3459 3463/1815/3459
f 3463/1815/3460 3479/1831/3460 3480/1832/3460 3464/1816/3460
f 3464/1816/3461 3480/1832/3461 3481/1833/3461 3465/1817/3461
f 3465/1817/3462 3481/1833/3462 3482/1834/3462 3466/1818/3462
f 3466/1818/3463 3482/1834/3463 3483/1835/3463 3467/1819/3463
f 3467/1819/3464 3483/1835/3464 3484/1836/3464 3468/1820/3464
f 3468/1820/3465 3484/1836/3465 3485/1837/3465 3469/1821/3465
f 3469/1821/3466 3485/1837/3466 3486/1838/3466 3470/1822/3466
f 3470/1822/3467 3486/1838/3467 3487/1839/3467 3471/1823/3467
f 3471/1823/3468 3487/1839/3468 3488/15/3468 3472/1568/3468
f 1792/1824/3469 1754/9/3469 1793/1840/3469 3473/1825/3469
f 3473/1825/3470 1793/1840/3470 1794/1841/3470 3474/1826/3470
f 3474/1826/3471 1794/1841/3471 1795/1842/3471 3475/1827/3471
f 3475/1827/3472 1795/1842/3472 1796/1843/3472 3476/1828/3472
f 3476/1828/3473 1796/1843/3473 1797/1844/3473 3477/1829/3473
f 3477/1829/3474 1797/1844/3474 1798/1845/3474 3478/1830/3474
f 3478/1830/3475 1798/1845/3475 1799/1846/3475 3479/1831/3475
f 3479/1831/3476 1799/1846/3476 1800/1847/3476 3480/1832/3476
f 3480/1832/3477 1800/1847/3477 1801/1848/3477 3481/1833/3477
f 3481/1833/3478 1801/1848/3478 1802/1849/3478 3482/1834/3478
f 3482/1834/3479 1802/1849/3479 1803/1850/3479 3483/1835/3479
f 3483/1835/3480 1803/1850/3480 1804/1851/3480 3484/1836/3480
f 3484/1836/3481 1804/1851/3481 1805/1852/3481 3485/1837/3481
f 3485/1837/3482 1805/1852/3482 1806/1853/3482 3486/1838/3482
f 3486/1838/3483 1806/1853/3483 1807/1854/3483 3487/1839/3483
f 3487/1839/3484 1807/1854/3484 1808/16/3484 3488/15/3484
usemtl Material.011
f 1745/1/3485 1749/2/3485 1751/3/3485 1747/4/3485
f 1748/5/3486 1747/4/3486 1751/6/3486 1752/7/3486
f 1752/8/3487 1751/9/3487 1749/10/3487 1750/11/3487
f 1750/12/3488 1746/13/3488 1748/5/3488 1752/14/3488
f 1746/13/3489 1745/1/3489 1747/4/3489 1748/5/3489
f 1750/11/3490 1749/10/3490 1745/1/3490 1746/13/3490
f 5224/15/3491 3544/16/3491 3492/10/3491 3545/17/3491
f 4968/18/3492 3592/19/3492 3496/1/3492 3593/20/3492
f 4712/21/3493 3640/22/3493 3494/4/3493 3641/23/3493
f 4456/24/3494 3688/25/3494 3490/6/3494 3528/26/3494
f 4200/27/3495 3609/28/3495 3493/5/3495 3672/29/3495
f 3944/30/3496 3529/31/3496 3490/3/3496 3688/32/3496
f 3640/22/3497 3704/33/3497 3673/34/3497 3494/4/3497
f 3704/33/3498 3720/35/3498 3674/36/3498 3673/34/3498
f 3720/35/3499 3736/37/3499 3675/38/3499 3674/36/3499
f 3736/37/3500 3752/39/3500 3676/40/3500 3675/38/3500
f 3752/39/3501 3768/41/3501 3677/42/3501 3676/40/3501
f 3768/41/3502 3784/43/3502 3678/44/3502 3677/42/3502
f 3784/43/3503 3800/45/3503 3679/46/3503 3678/44/3503
f 3800/45/3504 3816/47/3504 3680/48/3504 3679/46/3504
f 3816/47/3505 3832/49/3505 3681/50/3505 3680/48/3505
f 3832/49/3506 3848/51/3506 3682/52/3506 3681/50/3506
f 3848/51/3507 3864/53/3507 3683/54/3507 3682/52/3507
f 3864/53/3508 3880/55/3508 3684/56/3508 3683/54/3508
f 3880/55/3509 3896/57/3509 3685/58/3509 3684/56/3509
f 3896/57/3510 3912/59/3510 3686/60/3510 3685/58/3510
f 3912/59/3511 3928/61/3511 3687/62/3511 3686/60/3511
f 3928/61/3512 3944/30/3512 3688/32/3512 3687/62/3512
f 3496/1/3513 3592/63/3513 3689/64/3513 3625/65/3513
f 3625/65/3514 3689/64/3514 3690/66/3514 3626/67/3514
f 3626/67/3515 3690/66/3515 3691/68/3515 3627/69/3515
f 3627/69/3516 3691/68/3516 3692/70/3516 3628/71/3516
f 3628/71/3517 3692/70/3517 3693/72/3517 3629/73/3517
f 3629/73/3518 3693/72/3518 3694/74/3518 3630/75/3518
f 3630/75/3519 3694/74/3519 3695/76/3519 3631/77/3519
f 3631/77/3520 3695/76/3520 3696/78/3520 3632/79/3520
f 3632/79/3521 3696/78/3521 3697/80/3521 3633/81/3521
f 3633/81/3522 3697/80/3522 3698/82/3522 3634/83/3522
f 3634/83/3523 3698/82/3523 3699/84/3523 3635/85/3523
f 3635/85/3524 3699/84/3524 3700/86/3524 3636/87/3524
f 3636/87/3525 3700/86/3525 3701/88/3525 3637/89/3525
f 3637/89/3526 3701/88/3526 3702/90/3526 3638/91/3526
f 3638/91/3527 3702/90/3527 3703/92/3527 3639/93/3527
f 3639/93/3528 3703/92/3528 3704/33/3528 3640/22/3528
f 3592/63/3529 3591/94/3529 3705/95/3529 3689/64/3529
f 3689/64/3530 3705/95/3530 3706/96/3530 3690/66/3530
f 3690/66/3531 3706/96/3531 3707/97/3531 3691/68/3531
f 3691/68/3532 3707/97/3532 3708/98/3532 3692/70/3532
f 3692/70/3533 3708/98/3533 3709/99/3533 3693/72/3533
f 3693/72/3534 3709/99/3534 3710/100/3534 3694/74/3534
f 3694/74/3535 3710/100/3535 3711/101/3535 3695/76/3535
f 3695/76/3536 3711/101/3536 3712/102/3536 3696/78/3536
f 3696/78/3537 3712/102/3537 3713/103/3537 3697/80/3537
f 3697/80/3538 3713/103/3538 3714/104/3538 3698/82/3538
f 3698/82/3539 3714/104/3539 3715/105/3539 3699/84/3539
f 3699/84/3540 3715/105/3540 3716/106/3540 3700/86/3540
f 3700/86/3541 3716/106/3541 3717/107/3541 3701/88/3541
f 3701/88/3542 3717/107/3542 3718/108/3542 3702/90/3542
f 3702/90/3543 3718/108/3543 3719/109/3543 3703/92/3543
f 3703/92/3544 3719/109/3544 3720/35/3544 3704/33/3544
f 3591/94/3545 3590/110/3545 3721/111/3545 3705/95/3545
f 3705/95/3546 3721/111/3546 3722/112/3546 3706/96/3546
f 3706/96/3547 3722/112/3547 3723/113/3547 3707/97/3547
f 3707/97/3548 3723/113/3548 3724/114/3548 3708/98/3548
f 3708/98/3549 3724/114/3549 3725/115/3549 3709/99/3549
f 3709/99/3550 3725/115/3550 3726/116/3550 3710/100/3550
f 3710/100/3551 3726/116/3551 3727/117/3551 3711/101/3551
f 3711/101/3552 3727/117/3552 3728/118/3552 3712/102/3552
f 3712/102/3553 3728/118/3553 3729/119/3553 3713/103/3553
f 3713/103/3554 3729/119/3554 3730/120/3554 3714/104/3554
f 3714/104/3555 3730/120/3555 3731/121/3555 3715/105/3555
f 3715/105/3556 3731/121/3556 3732/122/3556 3716/106/3556
f 3716/106/3557 3732/122/3557 3733/123/3557 3717/107/3557
f 3717/107/3558 3733/123/3558 3734/124/3558 3718/108/3558
f 3718/108/3559 3734/124/3559 3735/125/3559 3719/109/3559
f 3719/109/3560 3735/125/3560 3736/37/3560 3720/35/3560
f 3590/110/3561 3589/126/3561 3737/127/3561 3721/111/3561
f 3721/111/3562 3737/127/3562 3738/128/3562 3722/112/3562
f 3722/112/3563 3738/128/3563 3739/129/3563 3723/113/3563
f 3723/113/3564 3739/129/3564 3740/130/3564 3724/114/3564
f 3724/114/3565 3740/130/3565 3741/131/3565 3725/115/3565
f 3725/115/3566 3741/131/3566 3742/132/3566 3726/116/3566
f 3726/116/3567 3742/132/3567 3743/133/3567 3727/117/3567
f 3727/117/3568 3743/133/3568 3744/134/3568 3728/118/3568
f 3728/118/3569 3744/134/3569 3745/135/3569 3729/119/3569
f 3729/119/3570 3745/135/3570 3746/136/3570 3730/120/3570
f 3730/120/3571 3746/136/3571 3747/137/3571 3731/121/3571
f 3731/121/3572 3747/137/3572 3748/138/3572 3732/122/3572
f 3732/122/3573 3748/138/3573 3749/139/3573 3733/123/3573
f 3733/123/3574 3749/139/3574 3750/140/3574 3734/124/3574
f 3734/124/3575 3750/140/3575 3751/141/3575 3735/125/3575
f 3735/125/3576 3751/141/3576 3752/39/3576 3736/37/3576
f 3589/126/3577 3588/142/3577 3753/143/3577 3737/127/3577
f 3737/127/3578 3753/143/3578 3754/144/3578 3738/128/3578
f 3738/128/3579 3754/144/3579 3755/145/3579 3739/129/3579
f 3739/129/3580 3755/145/3580 3756/146/3580 3740/130/3580
f 3740/130/3581 3756/146/3581 3757/147/3581 3741/131/3581
f 3741/131/3582 3757/147/3582 3758/148/3582 3742/132/3582
f 3742/132/3583 3758/148/3583 3759/149/3583 3743/133/3583
f 3743/133/3584 3759/149/3584 3760/150/3584 3744/134/3584
f 3744/134/3585 3760/150/3585 3761/151/3585 3745/135/3585
f 3745/135/3586 3761/151/3586 3762/152/3586 3746/136/3586
f 3746/136/3587 3762/152/3587 3763/153/3587 3747/137/3587
f 3747/137/3588 3763/153/3588 3764/154/3588 3748/138/3588
f 3748/138/3589 3764/154/3589 3765/155/3589 3749/139/3589
f 3749/139/3590 3765/155/3590 3766/156/3590 3750/140/3590
f 3750/140/3591 3766/156/3591 3767/157/3591 3751/141/3591
f 3751/141/3592 3767/157/3592 3768/41/3592 3752/39/3592
f 3588/142/3593 3587/158/3593 3769/159/3593 3753/143/3593
f 3753/143/3594 3769/159/3594 3770/160/3594 3754/144/3594
f 3754/144/3595 3770/160/3595 3771/161/3595 3755/145/3595
f 3755/145/3596 3771/161/3596 3772/162/3596 3756/146/3596
f 3756/146/3597 3772/162/3597 3773/163/3597 3757/147/3597
f 3757/147/3598 3773/163/3598 3774/164/3598 3758/148/3598
f 3758/148/3599 3774/164/3599 3775/165/3599 3759/149/3599
f 3759/149/3600 3775/165/3600 3776/166/3600 3760/150/3600
f 3760/150/3601 3776/166/3601 3777/167/3601 3761/151/3601
f 3761/151/3602 3777/167/3602 3778/168/3602 3762/152/3602
f 3762/152/3603 3778/168/3603 3779/169/3603 3763/153/3603
f 3763/153/3604 3779/169/3604 3780/170/3604 3764/154/3604
f 3764/154/3605 3780/170/3605 3781/171/3605 3765/155/3605
f 3765/155/3606 3781/171/3606 3782/172/3606 3766/156/3606
f 3766/156/3607 3782/172/3607 3783/173/3607 3767/157/3607
f 3767/157/3608 3783/173/3608 3784/43/3608 3768/41/3608
f 3587/158/3609 3586/174/3609 3785/175/3609 3769/159/3609
f 3769/159/3610 3785/175/3610 3786/176/3610 3770/160/3610
f 3770/160/3611 3786/176/3611 3787/177/3611 3771/161/3611
f 3771/161/3612 3787/177/3612 3788/178/3612 3772/162/3612
f 3772/162/3613 3788/178/3613 3789/179/3613 3773/163/3613
f 3773/163/3614 3789/179/3614 3790/180/3614 3774/164/3614
f 3774/164/3615 3790/180/3615 3791/181/3615 3775/165/3615
f 3775/165/3616 3791/181/3616 3792/182/3616 3776/166/3616
f 3776/166/3617 3792/182/3617 3793/183/3617 3777/167/3617
f 3777/167/3618 3793/183/3618 3794/184/3618 3778/168/3618
f 3778/168/3619 3794/184/3619 3795/185/3619 3779/169/3619
f 3779/169/3620 3795/185/3620 3796/186/3620 3780/170/3620
f 3780/170/3621 3796/186/3621 3797/187/3621 3781/171/3621
f 3781/171/3622 3797/187/3622 3798/188/3622 3782/172/3622
f 3782/172/3623 3798/188/3623 3799/189/3623 3783/173/3623
f 3783/173/3624 3799/189/3624 3800/45/3624 3784/43/3624
f 3586/174/3625 3585/190/3625 3801/191/3625 3785/175/3625
f 3785/175/3626 3801/191/3626 3802/192/3626 3786/176/3626
f 3786/176/3627 3802/192/3627 3803/193/3627 3787/177/3627
f 3787/177/3628 3803/193/3628 3804/194/3628 3788/178/3628
f 3788/178/3629 3804/194/3629 3805/195/3629 3789/179/3629
f 3789/179/3630 3805/195/3630 3806/196/3630 3790/180/3630
f 3790/180/3631 3806/196/3631 3807/197/3631 3791/181/3631
f 3791/181/3632 3807/197/3632 3808/198/3632 3792/182/3632
f 3792/182/3633 3808/198/3633 3809/199/3633 3793/183/3633
f 3793/183/3634 3809/199/3634 3810/200/3634 3794/184/3634
f 3794/184/3635 3810/200/3635 3811/201/3635 3795/185/3635
f 3795/185/3636 3811/201/3636 3812/202/3636 3796/186/3636
f 3796/186/3637 3812/202/3637 3813/203/3637 3797/187/3637
f 3797/187/3638 3813/203/3638 3814/204/3638 3798/188/3638
f 3798/188/3639 3814/204/3639 3815/205/3639 3799/189/3639
f 3799/189/3640 3815/205/3640 3816/47/3640 3800/45/3640
f 3585/190/3641 3584/206/3641 3817/207/3641 3801/191/3641
f 3801/191/3642 3817/207/3642 3818/208/3642 3802/192/3642
f 3802/192/3643 3818/208/3643 3819/209/3643 3803/193/3643
f 3803/193/3644 3819/209/3644 3820/210/3644 3804/194/3644
f 3804/194/3645 3820/210/3645 3821/211/3645 3805/195/3645
f 3805/195/3646 3821/211/3646 3822/212/3646 3806/196/3646
f 3806/196/3647 3822/212/3647 3823/213/3647 3807/197/3647
f 3807/197/3648 3823/213/3648 3824/214/3648 3808/198/3648
f 3808/198/3649 3824/214/3649 3825/215/3649 3809/199/3649
f 3809/199/3650 3825/215/3650 3826/216/3650 3810/200/3650
f 3810/200/3651 3826/216/3651 3827/217/3651 3811/201/3651
f 3811/201/3652 3827/217/3652 3828/218/3652 3812/202/3652
f 3812/202/3653 3828/218/3653 3829/219/3653 3813/203/3653
f 3813/203/3654 3829/219/3654 3830/220/3654 3814/204/3654
f 3814/204/3655 3830/220/3655 3831/221/3655 3815/205/3655
f 3815/205/3656 3831/221/3656 3832/49/3656 3816/47/3656
f 3584/206/3657 3583/222/3657 3833/223/3657 3817/207/3657
f 3817/207/3658 3833/223/3658 3834/224/3658 3818/208/3658
f 3818/208/3659 3834/224/3659 3835/225/3659 3819/209/3659
f 3819/209/3660 3835/225/3660 3836/226/3660 3820/210/3660
f 3820/210/3661 3836/226/3661 3837/227/3661 3821/211/3661
f 3821/211/3662 3837/227/3662 3838/228/3662 3822/212/3662
f 3822/212/3663 3838/228/3663 3839/229/3663 3823/213/3663
f 3823/213/3664 3839/229/3664 3840/230/3664 3824/214/3664
f 3824/214/3665 3840/230/3665 3841/231/3665 3825/215/3665
f 3825/215/3666 3841/231/3666 3842/232/3666 3826/216/3666
f 3826/216/3667 3842/232/3667 3843/233/3667 3827/217/3667
f 3827/217/3668 3843/233/3668 3844/234/3668 3828/218/3668
f 3828/218/3669 3844/234/3669 3845/235/3669 3829/219/3669
f 3829/219/3670 3845/235/3670 3846/236/3670 3830/220/3670
f 3830/220/3671 3846/236/3671 3847/237/3671 3831/221/3671
f 3831/221/3672 3847/237/3672 3848/51/3672 3832/49/3672
f 3583/222/3673 3582/238/3673 3849/239/3673 3833/223/3673
f 3833/223/3674 3849/239/3674 3850/240/3674 3834/224/3674
f 3834/224/3675 3850/240/3675 3851/241/3675 3835/225/3675
f 3835/225/3676 3851/241/3676 3852/242/3676 3836/226/3676
f 3836/226/3677 3852/242/3677 3853/243/3677 3837/227/3677
f 3837/227/3678 3853/243/3678 3854/244/3678 3838/228/3678
f 3838/228/3679 3854/244/3679 3855/245/3679 3839/229/3679
f 3839/229/3680 3855/245/3680 3856/246/3680 3840/230/3680
f 3840/230/3681 3856/246/3681 3857/247/3681 3841/231/3681
f 3841/231/3682 3857/247/3682 3858/248/3682 3842/232/3682
f 3842/232/3683 3858/248/3683 3859/249/3683 3843/233/3683
f 3843/233/3684 3859/249/3684 3860/250/3684 3844/234/3684
f 3844/234/3685 3860/250/3685 3861/251/3685 3845/235/3685
f 3845/235/3686 3861/251/3686 3862/252/3686 3846/236/3686
f 3846/236/3687 3862/252/3687 3863/253/3687 3847/237/3687
f 3847/237/3688 3863/253/3688 3864/53/3688 3848/51/3688
f 3582/238/3689 3581/254/3689 3865/255/3689 3849/239/3689
f 3849/239/3690 3865/255/3690 3866/256/3690 3850/240/3690
f 3850/240/3691 3866/256/3691 3867/257/3691 3851/241/3691
f 3851/241/3692 3867/257/3692 3868/258/3692 3852/242/3692
f 3852/242/3693 3868/258/3693 3869/259/3693 3853/243/3693
f 3853/243/3694 3869/259/3694 3870/260/3694 3854/244/3694
f 3854/244/3695 3870/260/3695 3871/261/3695 3855/245/3695
f 3855/245/3696 3871/261/3696 3872/262/3696 3856/246/3696
f 3856/246/3697 3872/262/3697 3873/263/3697 3857/247/3697
f 3857/247/3698 3873/263/3698 3874/264/3698 3858/248/3698
f 3858/248/3699 3874/264/3699 3875/265/3699 3859/249/3699
f 3859/249/3700 3875/265/3700 3876/266/3700 3860/250/3700
f 3860/250/3701 3876/266/3701 3877/267/3701 3861/251/3701
f 3861/251/3702 3877/267/3702 3878/268/3702 3862/252/3702
f 3862/252/3703 3878/268/3703 3879/269/3703 3863/253/3703
f 3863/253/3704 3879/269/3704 3880/55/3704 3864/53/3704
f 3581/254/3705 3580/270/3705 3881/271/3705 3865/255/3705
f 3865/255/3706 3881/271/3706 3882/272/3706 3866/256/3706
f 3866/256/3707 3882/272/3707 3883/273/3707 3867/257/3707
f 3867/257/3708 3883/273/3708 3884/274/3708 3868/258/3708
f 3868/258/3709 3884/274/3709 3885/275/3709 3869/259/3709
f 3869/259/3710 3885/275/3710 3886/276/3710 3870/260/3710
f 3870/260/3711 3886/276/3711 3887/277/3711 3871/261/3711
f 3871/261/3712 3887/277/3712 3888/278/3712 3872/262/3712
f 3872/262/3713 3888/278/3713 3889/279/3713 3873/263/3713
f 3873/263/3714 3889/279/3714 3890/280/3714 3874/264/3714
f 3874/264/3715 3890/280/3715 3891/281/3715 3875/265/3715
f 3875/265/3716 3891/281/3716 3892/282/3716 3876/266/3716
f 3876/266/3717 3892/282/3717 3893/283/3717 3877/267/3717
f 3877/267/3718 3893/283/3718 3894/284/3718 3878/268/3718
f 3878/268/3719 3894/284/3719 3895/285/3719 3879/269/3719
f 3879/269/3720 3895/285/3720 3896/57/3720 3880/55/3720
f 3580/270/3721 3579/286/3721 3897/287/3721 3881/271/3721
f 3881/271/3722 3897/287/3722 3898/288/3722 3882/272/3722
f 3882/272/3723 3898/288/3723 3899/289/3723 3883/273/3723
f 3883/273/3724 3899/289/3724 3900/290/3724 3884/274/3724
f 3884/274/3725 3900/290/3725 3901/291/3725 3885/275/3725
f 3885/275/3726 3901/291/3726 3902/292/3726 3886/276/3726
f 3886/276/3727 3902/292/3727 3903/293/3727 3887/277/3727
f 3887/277/3728 3903/293/3728 3904/294/3728 3888/278/3728
f 3888/278/3729 3904/294/3729 3905/295/3729 3889/279/3729
f 3889/279/3730 3905/295/3730 3906/296/3730 3890/280/3730
f 3890/280/3731 3906/296/3731 3907/297/3731 3891/281/3731
f 3891/281/3732 3907/297/3732 3908/298/3732 3892/282/3732
f 3892/282/3733 3908/298/3733 3909/299/3733 3893/283/3733
f 3893/283/3734 3909/299/3734 3910/300/3734 3894/284/3734
f 3894/284/3735 3910/300/3735 3911/301/3735 3895/285/3735
f 3895/285/3736 3911/301/3736 3912/59/3736 3896/57/3736
f 3579/286/3737 3578/302/3737 3913/303/3737 3897/287/3737
f 3897/287/3738 3913/303/3738 3914/304/3738 3898/288/3738
f 3898/288/3739 3914/304/3739 3915/305/3739 3899/289/3739
f 3899/289/3740 3915/305/3740 3916/306/3740 3900/290/3740
f 3900/290/3741 3916/306/3741 3917/307/3741 3901/291/3741
f 3901/291/3742 3917/307/3742 3918/308/3742 3902/292/3742
f 3902/292/3743 3918/308/3743 3919/309/3743 3903/293/3743
f 3903/293/3744 3919/309/3744 3920/310/3744 3904/294/3744
f 3904/294/3745 3920/310/3745 3921/311/3745 3905/295/3745
f 3905/295/3746 3921/311/3746 3922/312/3746 3906/296/3746
f 3906/296/3747 3922/312/3747 3923/313/3747 3907/297/3747
f 3907/297/3748 3923/313/3748 3924/314/3748 3908/298/3748
f 3908/298/3749 3924/314/3749 3925/315/3749 3909/299/3749
f 3909/299/3750 3925/315/3750 3926/316/3750 3910/300/3750
f 3910/300/3751 3926/316/3751 3927/317/3751 3911/301/3751
f 3911/301/3752 3927/317/3752 3928/61/3752 3912/59/3752
f 3578/302/3753 3577/318/3753 3929/319/3753 3913/303/3753
f 3913/303/3754 3929/319/3754 3930/320/3754 3914/304/3754
f 3914/304/3755 3930/320/3755 3931/321/3755 3915/305/3755
f 3915/305/3756 3931/321/3756 3932/322/3756 3916/306/3756
f 3916/306/3757 3932/322/3757 3933/323/3757 3917/307/3757
f 3917/307/3758 3933/323/3758 3934/324/3758 3918/308/3758
f 3918/308/3759 3934/324/3759 3935/325/3759 3919/309/3759
f 3919/309/3760 3935/325/3760 3936/326/3760 3920/310/3760
f 3920/310/3761 3936/326/3761 3937/327/3761 3921/311/3761
f 3921/311/3762 3937/327/3762 3938/328/3762 3922/312/3762
f 3922/312/3763 3938/328/3763 3939/329/3763 3923/313/3763
f 3923/313/3764 3939/329/3764 3940/330/3764 3924/314/3764
f 3924/314/3765 3940/330/3765 3941/331/3765 3925/315/3765
f 3925/315/3766 3941/331/3766 3942/332/3766 3926/316/3766
f 3926/316/3767 3942/332/3767 3943/333/3767 3927/317/3767
f 3927/317/3768 3943/333/3768 3944/30/3768 3928/61/3768
f 3577/318/3769 3492/2/3769 3544/334/3769 3929/319/3769
f 3929/319/3770 3544/334/3770 3543/335/3770 3930/320/3770
f 3930/320/3771 3543/335/3771 3542/336/3771 3931/321/3771
f 3931/321/3772 3542/336/3772 3541/337/3772 3932/322/3772
f 3932/322/3773 3541/337/3773 3540/338/3773 3933/323/3773
f 3933/323/3774 3540/338/3774 3539/339/3774 3934/324/3774
f 3934/324/3775 3539/339/3775 3538/340/3775 3935/325/3775
f 3935/325/3776 3538/340/3776 3537/341/3776 3936/326/3776
f 3936/326/3777 3537/341/3777 3536/342/3777 3937/327/3777
f 3937/327/3778 3536/342/3778 3535/343/3778 3938/328/3778
f 3938/328/3779 3535/343/3779 3534/344/3779 3939/329/3779
f 3939/329/3780 3534/344/3780 3533/345/3780 3940/330/3780
f 3940/330/3781 3533/345/3781 3532/346/3781 3941/331/3781
f 3941/331/3782 3532/346/3782 3531/347/3782 3942/332/3782
f 3942/332/3783 3531/347/3783 3530/348/3783 3943/333/3783
f 3943/333/3784 3530/348/3784 3529/31/3784 3944/30/3784
f 3512/349/3785 3960/350/3785 3657/351/3785 3489/14/3785
f 3960/350/3786 3976/352/3786 3658/353/3786 3657/351/3786
f 3976/352/3787 3992/354/3787 3659/355/3787 3658/353/3787
f 3992/354/3788 4008/356/3788 3660/357/3788 3659/355/3788
f 4008/356/3789 4024/358/3789 3661/359/3789 3660/357/3789
f 4024/358/3790 4040/360/3790 3662/361/3790 3661/359/3790
f 4040/360/3791 4056/362/3791 3663/363/3791 3662/361/3791
f 4056/362/3792 4072/364/3792 3664/365/3792 3663/363/3792
f 4072/364/3793 4088/366/3793 3665/367/3793 3664/365/3793
f 4088/366/3794 4104/368/3794 3666/369/3794 3665/367/3794
f 4104/368/3795 4120/370/3795 3667/371/3795 3666/369/3795
f 4120/370/3796 4136/372/3796 3668/373/3796 3667/371/3796
f 4136/372/3797 4152/374/3797 3669/375/3797 3668/373/3797
f 4152/374/3798 4168/376/3798 3670/377/3798 3669/375/3798
f 4168/376/3799 4184/378/3799 3671/379/3799 3670/377/3799
f 4184/378/3800 4200/27/3800 3672/29/3800 3671/379/3800
f 3491/12/3801 3576/380/3801 3945/381/3801 3497/382/3801
f 3497/382/3802 3945/381/3802 3946/383/3802 3498/384/3802
f 3498/384/3803 3946/383/3803 3947/385/3803 3499/386/3803
f 3499/386/3804 3947/385/3804 3948/387/3804 3500/388/3804
f 3500/388/3805 3948/387/3805 3949/389/3805 3501/390/3805
f 3501/390/3806 3949/389/3806 3950/391/3806 3502/392/3806
f 3502/392/3807 3950/391/3807 3951/393/3807 3503/394/3807
f 3503/394/3808 3951/393/3808 3952/395/3808 3504/396/3808
f 3504/396/3809 3952/395/3809 3953/397/3809 3505/398/3809
f 3505/398/3810 3953/397/3810 3954/399/3810 3506/400/3810
f 3506/400/3811 3954/399/3811 3955/401/3811 3507/402/3811
f 3507/402/3812 3955/401/3812 3956/403/3812 3508/404/3812
f 3508/404/3813 3956/403/3813 3957/405/3813 3509/406/3813
f 3509/406/3814 3957/405/3814 3958/407/3814 3510/408/3814
f 3510/408/3815 3958/407/3815 3959/409/3815 3511/410/3815
f 3511/410/3816 3959/409/3816 3960/350/3816 3512/349/3816
f 3576/380/3817 3575/411/3817 3961/412/3817 3945/381/3817
f 3945/381/3818 3961/412/3818 3962/413/3818 3946/383/3818
f 3946/383/3819 3962/413/3819 3963/414/3819 3947/385/3819
f 3947/385/3820 3963/414/3820 3964/415/3820 3948/387/3820
f 3948/387/3821 3964/415/3821 3965/416/3821 3949/389/3821
f 3949/389/3822 3965/416/3822 3966/417/3822 3950/391/3822
f 3950/391/3823 3966/417/3823 3967/418/3823 3951/393/3823
f 3951/393/3824 3967/418/3824 3968/419/3824 3952/395/3824
f 3952/395/3825 3968/419/3825 3969/420/3825 3953/397/3825
f 3953/397/3826 3969/420/3826 3970/421/3826 3954/399/3826
f 3954/399/3827 3970/421/3827 3971/422/3827 3955/401/3827
f 3955/401/3828 3971/422/3828 3972/423/3828 3956/403/3828
f 3956/403/3829 3972/423/3829 3973/424/3829 3957/405/3829
f 3957/405/3830 3973/424/3830 3974/425/3830 3958/407/3830
f 3958/407/3831 3974/425/3831 3975/426/3831 3959/409/3831
f 3959/409/3832 3975/426/3832 3976/352/3832 3960/350/3832
f 3575/411/3833 3574/427/3833 3977/428/3833 3961/412/3833
f 3961/412/3834 3977/428/3834 3978/429/3834 3962/413/3834
f 3962/413/3835 3978/429/3835 3979/430/3835 3963/414/3835
f 3963/414/3836 3979/430/3836 3980/431/3836 3964/415/3836
f 3964/415/3837 3980/431/3837 3981/432/3837 3965/416/3837
f 3965/416/3838 3981/432/3838 3982/433/3838 3966/417/3838
f 3966/417/3839 3982/433/3839 3983/434/3839 3967/418/3839
f 3967/418/3840 3983/434/3840 3984/435/3840 3968/419/3840
f 3968/419/3841 3984/435/3841 3985/436/3841 3969/420/3841
f 3969/420/3842 3985/436/3842 3986/437/3842 3970/421/3842
f 3970/421/3843 3986/437/3843 3987/438/3843 3971/422/3843
f 3971/422/3844 3987/438/3844 3988/439/3844 3972/423/3844
f 3972/423/3845 3988/439/3845 3989/440/3845 3973/424/3845
f 3973/424/3846 3989/440/3846 3990/441/3846 3974/425/3846
f 3974/425/3847 3990/441/3847 3991/442/3847 3975/426/3847
f 3975/426/3848 3991/442/3848 3992/354/3848 3976/352/3848
f 3574/427/3849 3573/443/3849 3993/444/3849 3977/428/3849
f 3977/428/3850 3993/444/3850 3994/445/3850 3978/429/3850
f 3978/429/3851 3994/445/3851 3995/446/3851 3979/430/3851
f 3979/430/3852 3995/446/3852 3996/447/3852 3980/431/3852
f 3980/431/3853 3996/447/3853 3997/448/3853 3981/432/3853
f 3981/432/3854 3997/448/3854 3998/449/3854 3982/433/3854
f 3982/433/3855 3998/449/3855 3999/450/3855 3983/434/3855
f 3983/434/3856 3999/450/3856 4000/451/3856 3984/435/3856
f 3984/435/3857 4000/451/3857 4001/452/3857 3985/436/3857
f 3985/436/3858 4001/452/3858 4002/453/3858 3986/437/3858
f 3986/437/3859 4002/453/3859 4003/454/3859 3987/438/3859
f 3987/438/3860 4003/454/3860 4004/455/3860 3988/439/3860
f 3988/439/3861 4004/455/3861 4005/456/3861 3989/440/3861
f 3989/440/3862 4005/456/3862 4006/457/3862 3990/441/3862
f 3990/441/3863 4006/457/3863 4007/458/3863 3991/442/3863
f 3991/442/3864 4007/458/3864 4008/356/3864 3992/354/3864
f 3573/443/3865 3572/459/3865 4009/460/3865 3993/444/3865
f 3993/444/3866 4009/460/3866 4010/461/3866 3994/445/3866
f 3994/445/3867 4010/461/3867 4011/462/3867 3995/446/3867
f 3995/446/3868 4011/462/3868 4012/463/3868 3996/447/3868
f 3996/447/3869 4012/463/3869 4013/464/3869 3997/448/3869
f 3997/448/3870 4013/464/3870 4014/465/3870 3998/449/3870
f 3998/449/3871 4014/465/3871 4015/466/3871 3999/450/3871
f 3999/450/3872 4015/466/3872 4016/467/3872 4000/451/3872
f 4000/451/3873 4016/467/3873 4017/468/3873 4001/452/3873
f 4001/452/3874 4017/468/3874 4018/469/3874 4002/453/3874
f 4002/453/3875 4018/469/3875 4019/470/3875 4003/454/3875
f 4003/454/3876 4019/470/3876 4020/471/3876 4004/455/3876
f 4004/455/3877 4020/471/3877 4021/472/3877 4005/456/3877
f 4005/456/3878 4021/472/3878 4022/473/3878 4006/457/3878
f 4006/457/3879 4022/473/3879 4023/474/3879 4007/458/3879
f 4007/458/3880 4023/474/3880 4024/358/3880 4008/356/3880
f 3572/459/3881 3571/475/3881 4025/476/3881 4009/460/3881
f 4009/460/3882 4025/476/3882 4026/477/3882 4010/461/3882
f 4010/461/3883 4026/477/3883 4027/478/3883 4011/462/3883
f 4011/462/3884 4027/478/3884 4028/479/3884 4012/463/3884
f 4012/463/3885 4028/479/3885 4029/480/3885 4013/464/3885
f 4013/464/3886 4029/480/3886 4030/481/3886 4014/465/3886
f 4014/465/3887 4030/481/3887 4031/482/3887 4015/466/3887
f 4015/466/3888 4031/482/3888 4032/483/3888 4016/467/3888
f 4016/467/3889 4032/483/3889 4033/484/3889 4017/468/3889
f 4017/468/3890 4033/484/3890 4034/485/3890 4018/469/3890
f 4018/469/3891 4034/485/3891 4035/486/3891 4019/470/3891
f 4019/470/3892 4035/486/3892 4036/487/3892 4020/471/3892
f 4020/471/3893 4036/487/3893 4037/488/3893 4021/472/3893
f 4021/472/3894 4037/488/3894 4038/489/3894 4022/473/3894
f 4022/473/3895 4038/489/3895 4039/490/3895 4023/474/3895
f 4023/474/3896 4039/490/3896 4040/360/3896 4024/358/3896
f 3571/475/3897 3570/491/3897 4041/492/3897 4025/476/3897
f 4025/476/3898 4041/492/3898 4042/493/3898 4026/477/3898
f 4026/477/3899 4042/493/3899 4043/494/3899 4027/478/3899
f 4027/478/3900 4043/494/3900 4044/495/3900 4028/479/3900
f 4028/479/3901 4044/495/3901 4045/496/3901 4029/480/3901
f 4029/480/3902 4045/496/3902 4046/497/3902 4030/481/3902
f 4030/481/3903 4046/497/3903 4047/498/3903 4031/482/3903
f 4031/482/3904 4047/498/3904 4048/499/3904 4032/483/3904
f 4032/483/3905 4048/499/3905 4049/500/3905 4033/484/3905
f 4033/484/3906 4049/500/3906 4050/501/3906 4034/485/3906
f 4034/485/3907 4050/501/3907 4051/502/3907 4035/486/3907
f 4035/486/3908 4051/502/3908 4052/503/3908 4036/487/3908
f 4036/487/3909 4052/503/3909 4053/504/3909 4037/488/3909
f 4037/488/3910 4053/504/3910 4054/505/3910 4038/489/3910
f 4038/489/3911 4054/505/3911 4055/506/3911 4039/490/3911
f 4039/490/3912 4055/506/3912 4056/362/3912 4040/360/3912
f 3570/491/3913 3569/507/3913 4057/508/3913 4041/492/3913
f 4041/492/3914 4057/508/3914 4058/509/3914 4042/493/3914
f 4042/493/3915 4058/509/3915 4059/510/3915 4043/494/3915
f 4043/494/3916 4059/510/3916 4060/511/3916 4044/495/3916
f 4044/495/3917 4060/511/3917 4061/512/3917 4045/496/3917
f 4045/496/3918 4061/512/3918 4062/513/3918 4046/497/3918
f 4046/497/3919 4062/513/3919 4063/514/3919 4047/498/3919
f 4047/498/3920 4063/514/3920 4064/515/3920 4048/499/3920
f 4048/499/3921 4064/515/3921 4065/516/3921 4049/500/3921
f 4049/500/3922 4065/516/3922 4066/517/3922 4050/501/3922
f 4050/501/3923 4066/517/3923 4067/518/3923 4051/502/3923
f 4051/502/3924 4067/518/3924 4068/519/3924 4052/503/3924
f 4052/503/3925 4068/519/3925 4069/520/3925 4053/504/3925
f 4053/504/3926 4069/520/3926 4070/521/3926 4054/505/3926
f 4054/505/3927 4070/521/3927 4071/522/3927 4055/506/3927
f 4055/506/3928 4071/522/3928 4072/364/3928 4056/362/3928
f 3569/507/3929 3568/523/3929 4073/524/3929 4057/508/3929
f 4057/508/3930 4073/524/3930 4074/525/3930 4058/509/3930
f 4058/509/3931 4074/525/3931 4075/526/3931 4059/510/3931
f 4059/510/3932 4075/526/3932 4076/527/3932 4060/511/3932
f 4060/511/3933 4076/527/3933 4077/528/3933 4061/512/3933
f 4061/512/3934 4077/528/3934 4078/529/3934 4062/513/3934
f 4062/513/3935 4078/529/3935 4079/530/3935 4063/514/3935
f 4063/514/3936 4079/530/3936 4080/531/3936 4064/515/3936
f 4064/515/3937 4080/531/3937 4081/532/3937 4065/516/3937
f 4065/516/3938 4081/532/3938 4082/533/3938 4066/517/3938
f 4066/517/3939 4082/533/3939 4083/534/3939 4067/518/3939
f 4067/518/3940 4083/534/3940 4084/535/3940 4068/519/3940
f 4068/519/3941 4084/535/3941 4085/536/3941 4069/520/3941
f 4069/520/3942 4085/536/3942 4086/537/3942 4070/521/3942
f 4070/521/3943 4086/537/3943 4087/538/3943 4071/522/3943
f 4071/522/3944 4087/538/3944 4088/366/3944 4072/364/3944
f 3568/523/3945 3567/539/3945 4089/540/3945 4073/524/3945
f 4073/524/3946 4089/540/3946 4090/541/3946 4074/525/3946
f 4074/525/3947 4090/541/3947 4091/542/3947 4075/526/3947
f 4075/526/3948 4091/542/3948 4092/543/3948 4076/527/3948
f 4076/527/3949 4092/543/3949 4093/544/3949 4077/528/3949
f 4077/528/3950 4093/544/3950 4094/545/3950 4078/529/3950
f 4078/529/3951 4094/545/3951 4095/546/3951 4079/530/3951
f 4079/530/3952 4095/546/3952 4096/547/3952 4080/531/3952
f 4080/531/3953 4096/547/3953 4097/548/3953 4081/532/3953
f 4081/532/3954 4097/548/3954 4098/549/3954 4082/533/3954
f 4082/533/3955 4098/549/3955 4099/550/3955 4083/534/3955
f 4083/534/3956 4099/550/3956 4100/551/3956 4084/535/3956
f 4084/535/3957 4100/551/3957 4101/552/3957 4085/536/3957
f 4085/536/3958 4101/552/3958 4102/553/3958 4086/537/3958
f 4086/537/3959 4102/553/3959 4103/554/3959 4087/538/3959
f 4087/538/3960 4103/554/3960 4104/368/3960 4088/366/3960
f 3567/539/3961 3566/555/3961 4105/556/3961 4089/540/3961
f 4089/540/3962 4105/556/3962 4106/557/3962 4090/541/3962
f 4090/541/3963 4106/557/3963 4107/558/3963 4091/542/3963
f 4091/542/3964 4107/558/3964 4108/559/3964 4092/543/3964
f 4092/543/3965 4108/559/3965 4109/560/3965 4093/544/3965
f 4093/544/3966 4109/560/3966 4110/561/3966 4094/545/3966
f 4094/545/3967 4110/561/3967 4111/562/3967 4095/546/3967
f 4095/546/3968 4111/562/3968 4112/563/3968 4096/547/3968
f 4096/547/3969 4112/563/3969 4113/564/3969 4097/548/3969
f 4097/548/3970 4113/564/3970 4114/565/3970 4098/549/3970
f 4098/549/3971 4114/565/3971 4115/566/3971 4099/550/3971
f 4099/550/3972 4115/566/3972 4116/567/3972 4100/551/3972
f 4100/551/3973 4116/567/3973 4117/568/3973 4101/552/3973
f 4101/552/3974 4117/568/3974 4118/569/3974 4102/553/3974
f 4102/553/3975 4118/569/3975 4119/570/3975 4103/554/3975
f 4103/554/3976 4119/570/3976 4120/370/3976 4104/368/3976
f 3566/555/3977 3565/571/3977 4121/572/3977 4105/556/3977
f 4105/556/3978 4121/572/3978 4122/573/3978 4106/557/3978
f 4106/557/3979 4122/573/3979 4123/574/3979 4107/558/3979
f 4107/558/3980 4123/574/3980 4124/575/3980 4108/559/3980
f 4108/559/3981 4124/575/3981 4125/576/3981 4109/560/3981
f 4109/560/3982 4125/576/3982 4126/577/3982 4110/561/3982
f 4110/561/3983 4126/577/3983 4127/578/3983 4111/562/3983
f 4111/562/3984 4127/578/3984 4128/579/3984 4112/563/3984
f 4112/563/3985 4128/579/3985 4129/580/3985 4113/564/3985
f 4113/564/3986 4129/580/3986 4130/581/3986 4114/565/3986
f 4114/565/3987 4130/581/3987 4131/582/3987 4115/566/3987
f 4115/566/3988 4131/582/3988 4132/583/3988 4116/567/3988
f 4116/567/3989 4132/583/3989 4133/584/3989 4117/568/3989
f 4117/568/3990 4133/584/3990 4134/585/3990 4118/569/3990
f 4118/569/3991 4134/585/3991 4135/586/3991 4119/570/3991
f 4119/570/3992 4135/586/3992 4136/372/3992 4120/370/3992
f 3565/571/3993 3564/587/3993 4137/588/3993 4121/572/3993
f 4121/572/3994 4137/588/3994 4138/589/3994 4122/573/3994
f 4122/573/3995 4138/589/3995 4139/590/3995 4123/574/3995
f 4123/574/3996 4139/590/3996 4140/591/3996 4124/575/3996
f 4124/575/3997 4140/591/3997 4141/592/3997 4125/576/3997
f 4125/576/3998 4141/592/3998 4142/593/3998 4126/577/3998
f 4126/577/3999 4142/593/3999 4143/594/3999 4127/578/3999
f 4127/578/4000 4143/594/4000 4144/595/4000 4128/579/4000
f 4128/579/4001 4144/595/4001 4145/596/4001 4129/580/4001
f 4129/580/4002 4145/596/4002 4146/597/4002 4130/581/4002
f 4130/581/4003 4146/597/4003 4147/598/4003 4131/582/4003
f 4131/582/4004 4147/598/4004 4148/599/4004 4132/583/4004
f 4132/583/4005 4148/599/4005 4149/600/4005 4133/584/4005
f 4133/584/4006 4149/600/4006 4150/601/4006 4134/585/4006
f 4134/585/4007 4150/601/4007 4151/602/4007 4135/586/4007
f 4135/586/4008 4151/602/4008 4152/374/4008 4136/372/4008
f 3564/587/4009 3563/603/4009 4153/604/4009 4137/588/4009
f 4137/588/4010 4153/604/4010 4154/605/4010 4138/589/4010
f 4138/589/4011 4154/605/4011 4155/606/4011 4139/590/4011
f 4139/590/4012 4155/606/4012 4156/607/4012 4140/591/4012
f 4140/591/4013 4156/607/4013 4157/608/4013 4141/592/4013
f 4141/592/4014 4157/608/4014 4158/609/4014 4142/593/4014
f 4142/593/4015 4158/609/4015 4159/610/4015 4143/594/4015
f 4143/594/4016 4159/610/4016 4160/611/4016 4144/595/4016
f 4144/595/4017 4160/611/4017 4161/612/4017 4145/596/4017
f 4145/596/4018 4161/612/4018 4162/613/4018 4146/597/4018
f 4146/597/4019 4162/613/4019 4163/614/4019 4147/598/4019
f 4147/598/4020 4163/614/4020 4164/615/4020 4148/599/4020
f 4148/599/4021 4164/615/4021 4165/616/4021 4149/600/4021
f 4149/600/4022 4165/616/4022 4166/617/4022 4150/601/4022
f 4150/601/4023 4166/617/4023 4167/618/4023 4151/602/4023
f 4151/602/4024 4167/618/4024 4168/376/4024 4152/374/4024
f 3563/603/4025 3562/619/4025 4169/620/4025 4153/604/4025
f 4153/604/4026 4169/620/4026 4170/621/4026 4154/605/4026
f 4154/605/4027 4170/621/4027 4171/622/4027 4155/606/4027
f 4155/606/4028 4171/622/4028 4172/623/4028 4156/607/4028
f 4156/607/4029 4172/623/4029 4173/624/4029 4157/608/4029
f 4157/608/4030 4173/624/4030 4174/625/4030 4158/609/4030
f 4158/609/4031 4174/625/4031 4175/626/4031 4159/610/4031
f 4159/610/4032 4175/626/4032 4176/627/4032 4160/611/4032
f 4160/611/4033 4176/627/4033 4177/628/4033 4161/612/4033
f 4161/612/4034 4177/628/4034 4178/629/4034 4162/613/4034
f 4162/613/4035 4178/629/4035 4179/630/4035 4163/614/4035
f 4163/614/4036 4179/630/4036 4180/631/4036 4164/615/4036
f 4164/615/4037 4180/631/4037 4181/632/4037 4165/616/4037
f 4165/616/4038 4181/632/4038 4182/633/4038 4166/617/4038
f 4166/617/4039 4182/633/4039 4183/634/4039 4167/618/4039
f 4167/618/4040 4183/634/4040 4184/378/4040 4168/376/4040
f 3562/619/4041 3561/635/4041 4185/636/4041 4169/620/4041
f 4169/620/4042 4185/636/4042 4186/637/4042 4170/621/4042
f 4170/621/4043 4186/637/4043 4187/638/4043 4171/622/4043
f 4171/622/4044 4187/638/4044 4188/639/4044 4172/623/4044
f 4172/623/4045 4188/639/4045 4189/640/4045 4173/624/4045
f 4173/624/4046 4189/640/4046 4190/641/4046 4174/625/4046
f 4174/625/4047 4190/641/4047 4191/642/4047 4175/626/4047
f 4175/626/4048 4191/642/4048 4192/643/4048 4176/627/4048
f 4176/627/4049 4192/643/4049 4193/644/4049 4177/628/4049
f 4177/628/4050 4193/644/4050 4194/645/4050 4178/629/4050
f 4178/629/4051 4194/645/4051 4195/646/4051 4179/630/4051
f 4179/630/4052 4195/646/4052 4196/647/4052 4180/631/4052
f 4180/631/4053 4196/647/4053 4197/648/4053 4181/632/4053
f 4181/632/4054 4197/648/4054 4198/649/4054 4182/633/4054
f 4182/633/4055 4198/649/4055 4199/650/4055 4183/634/4055
f 4183/634/4056 4199/650/4056 4200/27/4056 4184/378/4056
f 3561/635/4057 3495/13/4057 3624/651/4057 4185/636/4057
f 4185/636/4058 3624/651/4058 3623/652/4058 4186/637/4058
f 4186/637/4059 3623/652/4059 3622/653/4059 4187/638/4059
f 4187/638/4060 3622/653/4060 3621/654/4060 4188/639/4060
f 4188/639/4061 3621/654/4061 3620/655/4061 4189/640/4061
f 4189/640/4062 3620/655/4062 3619/656/4062 4190/641/4062
f 4190/641/4063 3619/656/4063 3618/657/4063 4191/642/4063
f 4191/642/4064 3618/657/4064 3617/658/4064 4192/643/4064
f 4192/643/4065 3617/658/4065 3616/659/4065 4193/644/4065
f 4193/644/4066 3616/659/4066 3615/660/4066 4194/645/4066
f 4194/645/4067 3615/660/4067 3614/661/4067 4195/646/4067
f 4195/646/4068 3614/661/4068 3613/662/4068 4196/647/4068
f 4196/647/4069 3613/662/4069 3612/663/4069 4197/648/4069
f 4197/648/4070 3612/663/4070 3611/664/4070 4198/649/4070
f 4198/649/4071 3611/664/4071 3610/665/4071 4199/650/4071
f 4199/650/4072 3610/665/4072 3609/28/4072 4200/27/4072
f 3657/666/4073 4216/667/4073 3513/668/4073 3489/7/4073
f 4216/667/4074 4232/669/4074 3514/670/4074 3513/668/4074
f 4232/669/4075 4248/671/4075 3515/672/4075 3514/670/4075
f 4248/671/4076 4264/673/4076 3516/674/4076 3515/672/4076
f 4264/673/4077 4280/675/4077 3517/676/4077 3516/674/4077
f 4280/675/4078 4296/677/4078 3518/678/4078 3517/676/4078
f 4296/677/4079 4312/679/4079 3519/680/4079 3518/678/4079
f 4312/679/4080 4328/681/4080 3520/682/4080 3519/680/4080
f 4328/681/4081 4344/683/4081 3521/684/4081 3520/682/4081
f 4344/683/4082 4360/685/4082 3522/686/4082 3521/684/4082
f 4360/685/4083 4376/687/4083 3523/688/4083 3522/686/4083
f 4376/687/4084 4392/689/4084 3524/690/4084 3523/688/4084
f 4392/689/4085 4408/691/4085 3525/692/4085 3524/690/4085
f 4408/691/4086 4424/693/4086 3526/694/4086 3525/692/4086
f 4424/693/4087 4440/695/4087 3527/696/4087 3526/694/4087
f 4440/695/4088 4456/24/4088 3528/26/4088 3527/696/4088
f 3493/5/4089 3656/697/4089 4201/698/4089 3672/699/4089
f 3672/699/4090 4201/698/4090 4202/700/4090 3671/701/4090
f 3671/701/4091 4202/700/4091 4203/702/4091 3670/703/4091
f 3670/703/4092 4203/702/4092 4204/704/4092 3669/705/4092
f 3669/705/4093 4204/704/4093 4205/706/4093 3668/707/4093
f 3668/707/4094 4205/706/4094 4206/708/4094 3667/709/4094
f 3667/709/4095 4206/708/4095 4207/710/4095 3666/711/4095
f 3666/711/4096 4207/710/4096 4208/712/4096 3665/713/4096
f 3665/713/4097 4208/712/4097 4209/714/4097 3664/715/4097
f 3664/715/4098 4209/714/4098 4210/716/4098 3663/717/4098
f 3663/717/4099 4210/716/4099 4211/718/4099 3662/719/4099
f 3662/719/4100 4211/718/4100 4212/720/4100 3661/721/4100
f 3661/721/4101 4212/720/4101 4213/722/4101 3660/723/4101
f 3660/723/4102 4213/722/4102 4214/724/4102 3659/725/4102
f 3659/725/4103 4214/724/4103 4215/726/4103 3658/727/4103
f 3658/727/4104 4215/726/4104 4216/667/4104 3657/666/4104
f 3656/697/4105 3655/728/4105 4217/729/4105 4201/698/4105
f 4201/698/4106 4217/729/4106 4218/730/4106 4202/700/4106
f 4202/700/4107 4218/730/4107 4219/731/4107 4203/702/4107
f 4203/702/4108 4219/731/4108 4220/732/4108 4204/704/4108
f 4204/704/4109 4220/732/4109 4221/733/4109 4205/706/4109
f 4205/706/4110 4221/733/4110 4222/734/4110 4206/708/4110
f 4206/708/4111 4222/734/4111 4223/735/4111 4207/710/4111
f 4207/710/4112 4223/735/4112 4224/736/4112 4208/712/4112
f 4208/712/4113 4224/736/4113 4225/737/4113 4209/714/4113
f 4209/714/4114 4225/737/4114 4226/738/4114 4210/716/4114
f 4210/716/4115 4226/738/4115 4227/739/4115 4211/718/4115
f 4211/718/4116 4227/739/4116 4228/740/4116 4212/720/4116
f 4212/720/4117 4228/740/4117 4229/741/4117 4213/722/4117
f 4213/722/4118 4229/741/4118 4230/742/4118 4214/724/4118
f 4214/724/4119 4230/742/4119 4231/743/4119 4215/726/4119
f 4215/726/4120 4231/743/4120 4232/669/4120 4216/667/4120
f 3655/728/4121 3654/744/4121 4233/745/4121 4217/729/4121
f 4217/729/4122 4233/745/4122 4234/746/4122 4218/730/4122
f 4218/730/4123 4234/746/4123 4235/747/4123 4219/731/4123
f 4219/731/4124 4235/747/4124 4236/748/4124 4220/732/4124
f 4220/732/4125 4236/748/4125 4237/749/4125 4221/733/4125
f 4221/733/4126 4237/749/4126 4238/750/4126 4222/734/4126
f 4222/734/4127 4238/750/4127 4239/751/4127 4223/735/4127
f 4223/735/4128 4239/751/4128 4240/752/4128 4224/736/4128
f 4224/736/4129 4240/752/4129 4241/753/4129 4225/737/4129
f 4225/737/4130 4241/753/4130 4242/754/4130 4226/738/4130
f 4226/738/4131 4242/754/4131 4243/755/4131 4227/739/4131
f 4227/739/4132 4243/755/4132 4244/756/4132 4228/740/4132
f 4228/740/4133 4244/756/4133 4245/757/4133 4229/741/4133
f 4229/741/4134 4245/757/4134 4246/758/4134 4230/742/4134
f 4230/742/4135 4246/758/4135 4247/759/4135 4231/743/4135
f 4231/743/4136 4247/759/4136 4248/671/4136 4232/669/4136
f 3654/744/4137 3653/760/4137 4249/761/4137 4233/745/4137
f 4233/745/4138 4249/761/4138 4250/762/4138 4234/746/4138
f 4234/746/4139 4250/762/4139 4251/763/4139 4235/747/4139
f 4235/747/4140 4251/763/4140 4252/764/4140 4236/748/4140
f 4236/748/4141 4252/764/4141 4253/765/4141 4237/749/4141
f 4237/749/4142 4253/765/4142 4254/766/4142 4238/750/4142
f 4238/750/4143 4254/766/4143 4255/767/4143 4239/751/4143
f 4239/751/4144 4255/767/4144 4256/768/4144 4240/752/4144
f 4240/752/4145 4256/768/4145 4257/769/4145 4241/753/4145
f 4241/753/4146 4257/769/4146 4258/770/4146 4242/754/4146
f 4242/754/4147 4258/770/4147 4259/771/4147 4243/755/4147
f 4243/755/4148 4259/771/4148 4260/772/4148 4244/756/4148
f 4244/756/4149 4260/772/4149 4261/773/4149 4245/757/4149
f 4245/757/4150 4261/773/4150 4262/774/4150 4246/758/4150
f 4246/758/4151 4262/774/4151 4263/775/4151 4247/759/4151
f 4247/759/4152 4263/775/4152 4264/673/4152 4248/671/4152
f 3653/760/4153 3652/776/4153 4265/777/4153 4249/761/4153
f 4249/761/4154 4265/777/4154 4266/778/4154 4250/762/4154
f 4250/762/4155 4266/778/4155 4267/779/4155 4251/763/4155
f 4251/763/4156 4267/779/4156 4268/780/4156 4252/764/4156
f 4252/764/4157 4268/780/4157 4269/781/4157 4253/765/4157
f 4253/765/4158 4269/781/4158 4270/782/4158 4254/766/4158
f 4254/766/4159 4270/782/4159 4271/783/4159 4255/767/4159
f 4255/767/4160 4271/783/4160 4272/784/4160 4256/768/4160
f 4256/768/4161 4272/784/4161 4273/785/4161 4257/769/4161
f 4257/769/4162 4273/785/4162 4274/786/4162 4258/770/4162
f 4258/770/4163 4274/786/4163 4275/787/4163 4259/771/4163
f 4259/771/4164 4275/787/4164 4276/788/4164 4260/772/4164
f 4260/772/4165 4276/788/4165 4277/789/4165 4261/773/4165
f 4261/773/4166 4277/789/4166 4278/790/4166 4262/774/4166
f 4262/774/4167 4278/790/4167 4279/791/4167 4263/775/4167
f 4263/775/4168 4279/791/4168 4280/675/4168 4264/673/4168
f 3652/776/4169 3651/792/4169 4281/793/4169 4265/777/4169
f 4265/777/4170 4281/793/4170 4282/794/4170 4266/778/4170
f 4266/778/4171 4282/794/4171 4283/795/4171 4267/779/4171
f 4267/779/4172 4283/795/4172 4284/796/4172 4268/780/4172
f 4268/780/4173 4284/796/4173 4285/797/4173 4269/781/4173
f 4269/781/4174 4285/797/4174 4286/798/4174 4270/782/4174
f 4270/782/4175 4286/798/4175 4287/799/4175 4271/783/4175
f 4271/783/4176 4287/799/4176 4288/800/4176 4272/784/4176
f 4272/784/4177 4288/800/4177 4289/801/4177 4273/785/4177
f 4273/785/4178 4289/801/4178 4290/802/4178 4274/786/4178
f 4274/786/4179 4290/802/4179 4291/803/4179 4275/787/4179
f 4275/787/4180 4291/803/4180 4292/804/4180 4276/788/4180
f 4276/788/4181 4292/804/4181 4293/805/4181 4277/789/4181
f 4277/789/4182 4293/805/4182 4294/806/4182 4278/790/4182
f 4278/790/4183 4294/806/4183 4295/807/4183 4279/791/4183
f 4279/791/4184 4295/807/4184 4296/677/4184 4280/675/4184
f 3651/792/4185 3650/808/4185 4297/809/4185 4281/793/4185
f 4281/793/4186 4297/809/4186 4298/810/4186 4282/794/4186
f 4282/794/4187 4298/810/4187 4299/811/4187 4283/795/4187
f 4283/795/4188 4299/811/4188 4300/812/4188 4284/796/4188
f 4284/796/4189 4300/812/4189 4301/813/4189 4285/797/4189
f 4285/797/4190 4301/813/4190 4302/814/4190 4286/798/4190
f 4286/798/4191 4302/814/4191 4303/815/4191 4287/799/4191
f 4287/799/4192 4303/815/4192 4304/816/4192 4288/800/4192
f 4288/800/4193 4304/816/4193 4305/817/4193 4289/801/4193
f 4289/801/4194 4305/817/4194 4306/818/4194 4290/802/4194
f 4290/802/4195 4306/818/4195 4307/819/4195 4291/803/4195
f 4291/803/4196 4307/819/4196 4308/820/4196 4292/804/4196
f 4292/804/4197 4308/820/4197 4309/821/4197 4293/805/4197
f 4293/805/4198 4309/821/4198 4310/822/4198 4294/806/4198
f 4294/806/4199 4310/822/4199 4311/823/4199 4295/807/4199
f 4295/807/4200 4311/823/4200 4312/679/4200 4296/677/4200
f 3650/808/4201 3649/824/4201 4313/825/4201 4297/809/4201
f 4297/809/4202 4313/825/4202 4314/826/4202 4298/810/4202
f 4298/810/4203 4314/826/4203 4315/827/4203 4299/811/4203
f 4299/811/4204 4315/827/4204 4316/828/4204 4300/812/4204
f 4300/812/4205 4316/828/4205 4317/829/4205 4301/813/4205
f 4301/813/4206 4317/829/4206 4318/830/4206 4302/814/4206
f 4302/814/4207 4318/830/4207 4319/831/4207 4303/815/4207
f 4303/815/4208 4319/831/4208 4320/832/4208 4304/816/4208
f 4304/816/4209 4320/832/4209 4321/833/4209 4305/817/4209
f 4305/817/4210 4321/833/4210 4322/834/4210 4306/818/4210
f 4306/818/4211 4322/834/4211 4323/835/4211 4307/819/4211
f 4307/819/4212 4323/835/4212 4324/836/4212 4308/820/4212
f 4308/820/4213 4324/836/4213 4325/837/4213 4309/821/4213
f 4309/821/4214 4325/837/4214 4326/838/4214 4310/822/4214
f 4310/822/4215 4326/838/4215 4327/839/4215 4311/823/4215
f 4311/823/4216 4327/839/4216 4328/681/4216 4312/679/4216
f 3649/824/4217 3648/840/4217 4329/841/4217 4313/825/4217
f 4313/825/4218 4329/841/4218 4330/842/4218 4314/826/4218
f 4314/826/4219 4330/842/4219 4331/843/4219 4315/827/4219
f 4315/827/4220 4331/843/4220 4332/844/4220 4316/828/4220
f 4316/828/4221 4332/844/4221 4333/845/4221 4317/829/4221
f 4317/829/4222 4333/845/4222 4334/846/4222 4318/830/4222
f 4318/830/4223 4334/846/4223 4335/847/4223 4319/831/4223
f 4319/831/4224 4335/847/4224 4336/848/4224 4320/832/4224
f 4320/832/4225 4336/848/4225 4337/849/4225 4321/833/4225
f 4321/833/4226 4337/849/4226 4338/850/4226 4322/834/4226
f 4322/834/4227 4338/850/4227 4339/851/4227 4323/835/4227
f 4323/835/4228 4339/851/4228 4340/852/4228 4324/836/4228
f 4324/836/4229 4340/852/4229 4341/853/4229 4325/837/4229
f 4325/837/4230 4341/853/4230 4342/854/4230 4326/838/4230
f 4326/838/4231 4342/854/4231 4343/855/4231 4327/839/4231
f 4327/839/4232 4343/855/4232 4344/683/4232 4328/681/4232
f 3648/840/4233 3647/856/4233 4345/857/4233 4329/841/4233
f 4329/841/4234 4345/857/4234 4346/858/4234 4330/842/4234
f 4330/842/4235 4346/858/4235 4347/859/4235 4331/843/4235
f 4331/843/4236 4347/859/4236 4348/860/4236 4332/844/4236
f 4332/844/4237 4348/860/4237 4349/861/4237 4333/845/4237
f 4333/845/4238 4349/861/4238 4350/862/4238 4334/846/4238
f 4334/846/4239 4350/862/4239 4351/863/4239 4335/847/4239
f 4335/847/4240 4351/863/4240 4352/864/4240 4336/848/4240
f 4336/848/4241 4352/864/4241 4353/865/4241 4337/849/4241
f 4337/849/4242 4353/865/4242 4354/866/4242 4338/850/4242
f 4338/850/4243 4354/866/4243 4355/867/4243 4339/851/4243
f 4339/851/4244 4355/867/4244 4356/868/4244 4340/852/4244
f 4340/852/4245 4356/868/4245 4357/869/4245 4341/853/4245
f 4341/853/4246 4357/869/4246 4358/870/4246 4342/854/4246
f 4342/854/4247 4358/870/4247 4359/871/4247 4343/855/4247
f 4343/855/4248 4359/871/4248 4360/685/4248 4344/683/4248
f 3647/856/4249 3646/872/4249 4361/873/4249 4345/857/4249
f 4345/857/4250 4361/873/4250 4362/874/4250 4346/858/4250
f 4346/858/4251 4362/874/4251 4363/875/4251 4347/859/4251
f 4347/859/4252 4363/875/4252 4364/876/4252 4348/860/4252
f 4348/860/4253 4364/876/4253 4365/877/4253 4349/861/4253
f 4349/861/4254 4365/877/4254 4366/878/4254 4350/862/4254
f 4350/862/4255 4366/878/4255 4367/879/4255 4351/863/4255
f 4351/863/4256 4367/879/4256 4368/880/4256 4352/864/4256
f 4352/864/4257 4368/880/4257 4369/881/4257 4353/865/4257
f 4353/865/4258 4369/881/4258 4370/882/4258 4354/866/4258
f 4354/866/4259 4370/882/4259 4371/883/4259 4355/867/4259
f 4355/867/4260 4371/883/4260 4372/884/4260 4356/868/4260
f 4356/868/4261 4372/884/4261 4373/885/4261 4357/869/4261
f 4357/869/4262 4373/885/4262 4374/886/4262 4358/870/4262
f 4358/870/4263 4374/886/4263 4375/887/4263 4359/871/4263
f 4359/871/4264 4375/887/4264 4376/687/4264 4360/685/4264
f 3646/872/4265 3645/888/4265 4377/889/4265 4361/873/4265
f 4361/873/4266 4377/889/4266 4378/890/4266 4362/874/4266
f 4362/874/4267 4378/890/4267 4379/891/4267 4363/875/4267
f 4363/875/4268 4379/891/4268 4380/892/4268 4364/876/4268
f 4364/876/4269 4380/892/4269 4381/893/4269 4365/877/4269
f 4365/877/4270 4381/893/4270 4382/894/4270 4366/878/4270
f 4366/878/4271 4382/894/4271 4383/895/4271 4367/879/4271
f 4367/879/4272 4383/895/4272 4384/896/4272 4368/880/4272
f 4368/880/4273 4384/896/4273 4385/897/4273 4369/881/4273
f 4369/881/4274 4385/897/4274 4386/898/4274 4370/882/4274
f 4370/882/4275 4386/898/4275 4387/899/4275 4371/883/4275
f 4371/883/4276 4387/899/4276 4388/900/4276 4372/884/4276
f 4372/884/4277 4388/900/4277 4389/901/4277 4373/885/4277
f 4373/885/4278 4389/901/4278 4390/902/4278 4374/886/4278
f 4374/886/4279 4390/902/4279 4391/903/4279 4375/887/4279
f 4375/887/4280 4391/903/4280 4392/689/4280 4376/687/4280
f 3645/888/4281 3644/904/4281 4393/905/4281 4377/889/4281
f 4377/889/4282 4393/905/4282 4394/906/4282 4378/890/4282
f 4378/890/4283 4394/906/4283 4395/907/4283 4379/891/4283
f 4379/891/4284 4395/907/4284 4396/908/4284 4380/892/4284
f 4380/892/4285 4396/908/4285 4397/909/4285 4381/893/4285
f 4381/893/4286 4397/909/4286 4398/910/4286 4382/894/4286
f 4382/894/4287 4398/910/4287 4399/911/4287 4383/895/4287
f 4383/895/4288 4399/911/4288 4400/912/4288 4384/896/4288
f 4384/896/4289 4400/912/4289 4401/913/4289 4385/897/4289
f 4385/897/4290 4401/913/4290 4402/914/4290 4386/898/4290
f 4386/898/4291 4402/914/4291 4403/915/4291 4387/899/4291
f 4387/899/4292 4403/915/4292 4404/916/4292 4388/900/4292
f 4388/900/4293 4404/916/4293 4405/917/4293 4389/901/4293
f 4389/901/4294 4405/917/4294 4406/918/4294 4390/902/4294
f 4390/902/4295 4406/918/4295 4407/919/4295 4391/903/4295
f 4391/903/4296 4407/919/4296 4408/691/4296 4392/689/4296
f 3644/904/4297 3643/920/4297 4409/921/4297 4393/905/4297
f 4393/905/4298 4409/921/4298 4410/922/4298 4394/906/4298
f 4394/906/4299 4410/922/4299 4411/923/4299 4395/907/4299
f 4395/907/4300 4411/923/4300 4412/924/4300 4396/908/4300
f 4396/908/4301 4412/924/4301 4413/925/4301 4397/909/4301
f 4397/909/4302 4413/925/4302 4414/926/4302 4398/910/4302
f 4398/910/4303 4414/926/4303 4415/927/4303 4399/911/4303
f 4399/911/4304 4415/927/4304 4416/928/4304 4400/912/4304
f 4400/912/4305 4416/928/4305 4417/929/4305 4401/913/4305
f 4401/913/4306 4417/929/4306 4418/930/4306 4402/914/4306
f 4402/914/4307 4418/930/4307 4419/931/4307 4403/915/4307
f 4403/915/4308 4419/931/4308 4420/932/4308 4404/916/4308
f 4404/916/4309 4420/932/4309 4421/933/4309 4405/917/4309
f 4405/917/4310 4421/933/4310 4422/934/4310 4406/918/4310
f 4406/918/4311 4422/934/4311 4423/935/4311 4407/919/4311
f 4407/919/4312 4423/935/4312 4424/693/4312 4408/691/4312
f 3643/920/4313 3642/936/4313 4425/937/4313 4409/921/4313
f 4409/921/4314 4425/937/4314 4426/938/4314 4410/922/4314
f 4410/922/4315 4426/938/4315 4427/939/4315 4411/923/4315
f 4411/923/4316 4427/939/4316 4428/940/4316 4412/924/4316
f 4412/924/4317 4428/940/4317 4429/941/4317 4413/925/4317
f 4413/925/4318 4429/941/4318 4430/942/4318 4414/926/4318
f 4414/926/4319 4430/942/4319 4431/943/4319 4415/927/4319
f 4415/927/4320 4431/943/4320 4432/944/4320 4416/928/4320
f 4416/928/4321 4432/944/4321 4433/945/4321 4417/929/4321
f 4417/929/4322 4433/945/4322 4434/946/4322 4418/930/4322
f 4418/930/4323 4434/946/4323 4435/947/4323 4419/931/4323
f 4419/931/4324 4435/947/4324 4436/948/4324 4420/932/4324
f 4420/932/4325 4436/948/4325 4437/949/4325 4421/933/4325
f 4421/933/4326 4437/949/4326 4438/950/4326 4422/934/4326
f 4422/934/4327 4438/950/4327 4439/951/4327 4423/935/4327
f 4423/935/4328 4439/951/4328 4440/695/4328 4424/693/4328
f 3642/936/4329 3641/23/4329 4441/952/4329 4425/937/4329
f 4425/937/4330 4441/952/4330 4442/953/4330 4426/938/4330
f 4426/938/4331 4442/953/4331 4443/954/4331 4427/939/4331
f 4427/939/4332 4443/954/4332 4444/955/4332 4428/940/4332
f 4428/940/4333 4444/955/4333 4445/956/4333 4429/941/4333
f 4429/941/4334 4445/956/4334 4446/957/4334 4430/942/4334
f 4430/942/4335 4446/957/4335 4447/958/4335 4431/943/4335
f 4431/943/4336 4447/958/4336 4448/959/4336 4432/944/4336
f 4432/944/4337 4448/959/4337 4449/960/4337 4433/945/4337
f 4433/945/4338 4449/960/4338 4450/961/4338 4434/946/4338
f 4434/946/4339 4450/961/4339 4451/962/4339 4435/947/4339
f 4435/947/4340 4451/962/4340 4452/963/4340 4436/948/4340
f 4436/948/4341 4452/963/4342 4453/964/4341 4437/949/4342
f 4437/949/4343 4453/964/4343 4454/965/4343 4438/950/4343
f 4438/950/4344 4454/965/4344 4455/966/4344 4439/951/4344
f 4439/951/4345 4455/966/4345 4456/24/4345 4440/695/4345
f 3641/23/4346 3494/4/4346 3673/967/4346 4441/952/4346
f 4441/952/4347 3673/967/4347 3674/968/4347 4442/953/4347
f 4442/953/4348 3674/968/4348 3675/969/4348 4443/954/4348
f 4443/954/4349 3675/969/4349 3676/970/4349 4444/955/4349
f 4444/955/4350 3676/970/4350 3677/971/4350 4445/956/4350
f 4445/956/4351 3677/971/4351 3678/972/4351 4446/957/4351
f 4446/957/4352 3678/972/4352 3679/973/4352 4447/958/4352
f 4447/958/4353 3679/973/4353 3680/974/4353 4448/959/4353
f 4448/959/4354 3680/974/4354 3681/975/4354 4449/960/4354
f 4449/960/4355 3681/975/4355 3682/976/4355 4450/961/4355
f 4450/961/4356 3682/976/4356 3683/977/4356 4451/962/4356
f 4451/962/4357 3683/977/4357 3684/978/4357 4452/963/4357
f 4452/963/4358 3684/978/4358 3685/979/4358 4453/964/4358
f 4453/964/4359 3685/979/4359 3686/980/4359 4454/965/4359
f 4454/965/4360 3686/980/4360 3687/981/4360 4455/966/4360
f 4455/966/4361 3687/981/4361 3688/25/4361 4456/24/4361
f 3609/28/4362 4472/982/4362 3656/697/4362 3493/5/4362
f 4472/982/4363 4488/983/4363 3655/728/4363 3656/697/4363
f 4488/983/4364 4504/984/4364 3654/744/4364 3655/728/4364
f 4504/984/4365 4520/985/4365 3653/760/4365 3654/744/4365
f 4520/985/4366 4536/986/4366 3652/776/4366 3653/760/4366
f 4536/986/4367 4552/987/4367 3651/792/4367 3652/776/4367
f 4552/987/4368 4568/988/4368 3650/808/4368 3651/792/4368
f 4568/988/4369 4584/989/4369 3649/824/4369 3650/808/4369
f 4584/989/4370 4600/990/4370 3648/840/4370 3649/824/4370
f 4600/990/4371 4616/991/4371 3647/856/4371 3648/840/4371
f 4616/991/4372 4632/992/4372 3646/872/4372 3647/856/4372
f 4632/992/4373 4648/993/4373 3645/888/4373 3646/872/4373
f 4648/993/4374 4664/994/4374 3644/904/4374 3645/888/4374
f 4664/994/4375 4680/995/4375 3643/920/4375 3644/904/4375
f 4680/995/4376 4696/996/4376 3642/936/4376 3643/920/4376
f 4696/996/4377 4712/21/4377 3641/23/4377 3642/936/4377
f 3495/13/4378 3608/997/4378 4457/998/4378 3624/651/4378
f 3624/651/4379 4457/998/4379 4458/999/4379 3623/652/4379
f 3623/652/4380 4458/999/4380 4459/1000/4380 3622/653/4380
f 3622/653/4381 4459/1000/4381 4460/1001/4381 3621/654/4381
f 3621/654/4382 4460/1001/4382 4461/1002/4382 3620/655/4382
f 3620/655/4383 4461/1002/4383 4462/1003/4383 3619/656/4383
f 3619/656/4384 4462/1003/4384 4463/1004/4384 3618/657/4384
f 3618/657/4385 4463/1004/4385 4464/1005/4385 3617/658/4385
f 3617/658/4386 4464/1005/4386 4465/1006/4386 3616/659/4386
f 3616/659/4387 4465/1006/4387 4466/1007/4387 3615/660/4387
f 3615/660/4388 4466/1007/4388 4467/1008/4388 3614/661/4388
f 3614/661/4389 4467/1008/4389 4468/1009/4389 3613/662/4389
f 3613/662/4390 4468/1009/4390 4469/1010/4390 3612/663/4390
f 3612/663/4391 4469/1010/4391 4470/1011/4391 3611/664/4391
f 3611/664/4392 4470/1011/4392 4471/1012/4392 3610/665/4392
f 3610/665/4393 4471/1012/4393 4472/982/4393 3609/28/4393
f 3608/997/4394 3607/1013/4394 4473/1014/4394 4457/998/4394
f 4457/998/4395 4473/1014/4395 4474/1015/4395 4458/999/4395
f 4458/999/4396 4474/1015/4396 4475/1016/4396 4459/1000/4396
f 4459/1000/4397 4475/1016/4397 4476/1017/4397 4460/1001/4397
f 4460/1001/4398 4476/1017/4398 4477/1018/4398 4461/1002/4398
f 4461/1002/4399 4477/1018/4399 4478/1019/4399 4462/1003/4399
f 4462/1003/4400 4478/1019/4400 4479/1020/4400 4463/1004/4400
f 4463/1004/4401 4479/1020/4401 4480/1021/4401 4464/1005/4401
f 4464/1005/4402 4480/1021/4402 4481/1022/4402 4465/1006/4402
f 4465/1006/4403 4481/1022/4403 4482/1023/4403 4466/1007/4403
f 4466/1007/4404 4482/1023/4404 4483/1024/4404 4467/1008/4404
f 4467/1008/4405 4483/1024/4405 4484/1025/4405 4468/1009/4405
f 4468/1009/4406 4484/1025/4406 4485/1026/4406 4469/1010/4406
f 4469/1010/4407 4485/1026/4407 4486/1027/4407 4470/1011/4407
f 4470/1011/4408 4486/1027/4408 4487/1028/4408 4471/1012/4408
f 4471/1012/4409 4487/1028/4409 4488/983/4409 4472/982/4409
f 3607/1013/4410 3606/1029/4410 4489/1030/4410 4473/1014/4410
f 4473/1014/4411 4489/1030/4411 4490/1031/4411 4474/1015/4411
f 4474/1015/4412 4490/1031/4412 4491/1032/4412 4475/1016/4412
f 4475/1016/4413 4491/1032/4413 4492/1033/4413 4476/1017/4413
f 4476/1017/4414 4492/1033/4414 4493/1034/4414 4477/1018/4414
f 4477/1018/4415 4493/1034/4415 4494/1035/4415 4478/1019/4415
f 4478/1019/4416 4494/1035/4416 4495/1036/4416 4479/1020/4416
f 4479/1020/4417 4495/1036/4417 4496/1037/4417 4480/1021/4417
f 4480/1021/4418 4496/1037/4418 4497/1038/4418 4481/1022/4418
f 4481/1022/4419 4497/1038/4419 4498/1039/4419 4482/1023/4419
f 4482/1023/4420 4498/1039/4420 4499/1040/4420 4483/1024/4420
f 4483/1024/4421 4499/1040/4421 4500/1041/4421 4484/1025/4421
f 4484/1025/4422 4500/1041/4422 4501/1042/4422 4485/1026/4422
f 4485/1026/4423 4501/1042/4423 4502/1043/4423 4486/1027/4423
f 4486/1027/4424 4502/1043/4424 4503/1044/4424 4487/1028/4424
f 4487/1028/4425 4503/1044/4425 4504/984/4425 4488/983/4425
f 3606/1029/4426 3605/1045/4426 4505/1046/4426 4489/1030/4426
f 4489/1030/4427 4505/1046/4427 4506/1047/4427 4490/1031/4427
f 4490/1031/4428 4506/1047/4428 4507/1048/4428 4491/1032/4428
f 4491/1032/4429 4507/1048/4429 4508/1049/4429 4492/1033/4429
f 4492/1033/4430 4508/1049/4430 4509/1050/4430 4493/1034/4430
f 4493/1034/4431 4509/1050/4431 4510/1051/4431 4494/1035/4431
f 4494/1035/4432 4510/1051/4432 4511/1052/4432 4495/1036/4432
f 4495/1036/4433 4511/1052/4433 4512/1053/4433 4496/1037/4433
f 4496/1037/4434 4512/1053/4434 4513/1054/4434 4497/1038/4434
f 4497/1038/4435 4513/1054/4435 4514/1055/4435 4498/1039/4435
f 4498/1039/4436 4514/1055/4436 4515/1056/4436 4499/1040/4436
f 4499/1040/4437 4515/1056/4437 4516/1057/4437 4500/1041/4437
f 4500/1041/4438 4516/1057/4438 4517/1058/4438 4501/1042/4438
f 4501/1042/4439 4517/1058/4439 4518/1059/4439 4502/1043/4439
f 4502/1043/4440 4518/1059/4440 4519/1060/4440 4503/1044/4440
f 4503/1044/4441 4519/1060/4441 4520/985/4441 4504/984/4441
f 3605/1045/4442 3604/1061/4442 4521/1062/4442 4505/1046/4442
f 4505/1046/4443 4521/1062/4443 4522/1063/4443 4506/1047/4443
f 4506/1047/4444 4522/1063/4444 4523/1064/4444 4507/1048/4444
f 4507/1048/4445 4523/1064/4445 4524/1065/4445 4508/1049/4445
f 4508/1049/4446 4524/1065/4446 4525/1066/4446 4509/1050/4446
f 4509/1050/4447 4525/1066/4447 4526/1067/4447 4510/1051/4447
f 4510/1051/4448 4526/1067/4448 4527/1068/4448 4511/1052/4448
f 4511/1052/4449 4527/1068/4449 4528/1069/4449 4512/1053/4449
f 4512/1053/4450 4528/1069/4450 4529/1070/4450 4513/1054/4450
f 4513/1054/4451 4529/1070/4451 4530/1071/4451 4514/1055/4451
f 4514/1055/4452 4530/1071/4452 4531/1072/4452 4515/1056/4452
f 4515/1056/4453 4531/1072/4453 4532/1073/4453 4516/1057/4453
f 4516/1057/4454 4532/1073/4454 4533/1074/4454 4517/1058/4454
f 4517/1058/4455 4533/1074/4455 4534/1075/4455 4518/1059/4455
f 4518/1059/4456 4534/1075/4456 4535/1076/4456 4519/1060/4456
f 4519/1060/4457 4535/1076/4457 4536/986/4457 4520/985/4457
f 3604/1061/4458 3603/1077/4458 4537/1078/4458 4521/1062/4458
f 4521/1062/4459 4537/1078/4459 4538/1079/4459 4522/1063/4459
f 4522/1063/4460 4538/1079/4460 4539/1080/4460 4523/1064/4460
f 4523/1064/4461 4539/1080/4461 4540/1081/4461 4524/1065/4461
f 4524/1065/4462 4540/1081/4462 4541/1082/4462 4525/1066/4462
f 4525/1066/4463 4541/1082/4463 4542/1083/4463 4526/1067/4463
f 4526/1067/4464 4542/1083/4464 4543/1084/4464 4527/1068/4464
f 4527/1068/4465 4543/1084/4465 4544/1085/4465 4528/1069/4465
f 4528/1069/4466 4544/1085/4466 4545/1086/4466 4529/1070/4466
f 4529/1070/4467 4545/1086/4467 4546/1087/4467 4530/1071/4467
f 4530/1071/4468 4546/1087/4468 4547/1088/4468 4531/1072/4468
f 4531/1072/4469 4547/1088/4469 4548/1089/4469 4532/1073/4469
f 4532/1073/4470 4548/1089/4470 4549/1090/4470 4533/1074/4470
f 4533/1074/4471 4549/1090/4471 4550/1091/4471 4534/1075/4471
f 4534/1075/4472 4550/1091/4472 4551/1092/4472 4535/1076/4472
f 4535/1076/4473 4551/1092/4473 4552/987/4473 4536/986/4473
f 3603/1077/4474 3602/1093/4474 4553/1094/4474 4537/1078/4474
f 4537/1078/4475 4553/1094/4475 4554/1095/4475 4538/1079/4475
f 4538/1079/4476 4554/1095/4476 4555/1096/4476 4539/1080/4476
f 4539/1080/4477 4555/1096/4477 4556/1097/4477 4540/1081/4477
f 4540/1081/4478 4556/1097/4478 4557/1098/4478 4541/1082/4478
f 4541/1082/4479 4557/1098/4479 4558/1099/4479 4542/1083/4479
f 4542/1083/4480 4558/1099/4480 4559/1100/4480 4543/1084/4480
f 4543/1084/4481 4559/1100/4481 4560/1101/4481 4544/1085/4481
f 4544/1085/4482 4560/1101/4482 4561/1102/4482 4545/1086/4482
f 4545/1086/4483 4561/1102/4483 4562/1103/4483 4546/1087/4483
f 4546/1087/4484 4562/1103/4484 4563/1104/4484 4547/1088/4484
f 4547/1088/4485 4563/1104/4485 4564/1105/4485 4548/1089/4485
f 4548/1089/4486 4564/1105/4486 4565/1106/4486 4549/1090/4486
f 4549/1090/4487 4565/1106/4487 4566/1107/4487 4550/1091/4487
f 4550/1091/4488 4566/1107/4488 4567/1108/4488 4551/1092/4488
f 4551/1092/4489 4567/1108/4489 4568/988/4489 4552/987/4489
f 3602/1093/4490 3601/1109/4490 4569/1110/4490 4553/1094/4490
f 4553/1094/4491 4569/1110/4491 4570/1111/4491 4554/1095/4491
f 4554/1095/4492 4570/1111/4492 4571/1112/4492 4555/1096/4492
f 4555/1096/4493 4571/1112/4493 4572/1113/4493 4556/1097/4493
f 4556/1097/4494 4572/1113/4494 4573/1114/4494 4557/1098/4494
f 4557/1098/4495 4573/1114/4495 4574/1115/4495 4558/1099/4495
f 4558/1099/4496 4574/1115/4496 4575/1116/4496 4559/1100/4496
f 4559/1100/4497 4575/1116/4497 4576/1117/4497 4560/1101/4497
f 4560/1101/4498 4576/1117/4498 4577/1118/4498 4561/1102/4498
f 4561/1102/4499 4577/1118/4499 4578/1119/4499 4562/1103/4499
f 4562/1103/4500 4578/1119/4500 4579/1120/4500 4563/1104/4500
f 4563/1104/4501 4579/1120/4501 4580/1121/4501 4564/1105/4501
f 4564/1105/4502 4580/1121/4502 4581/1122/4502 4565/1106/4502
f 4565/1106/4503 4581/1122/4503 4582/1123/4503 4566/1107/4503
f 4566/1107/4504 4582/1123/4504 4583/1124/4504 4567/1108/4504
f 4567/1108/4505 4583/1124/4505 4584/989/4505 4568/988/4505
f 3601/1109/4506 3600/1125/4506 4585/1126/4506 4569/1110/4506
f 4569/1110/4507 4585/1126/4507 4586/1127/4507 4570/1111/4507
f 4570/1111/4508 4586/1127/4508 4587/1128/4508 4571/1112/4508
f 4571/1112/4509 4587/1128/4509 4588/1129/4509 4572/1113/4509
f 4572/1113/4510 4588/1129/4510 4589/1130/4510 4573/1114/4510
f 4573/1114/4511 4589/1130/4511 4590/1131/4511 4574/1115/4511
f 4574/1115/4512 4590/1131/4512 4591/1132/4512 4575/1116/4512
f 4575/1116/4513 4591/1132/4513 4592/1133/4513 4576/1117/4513
f 4576/1117/4514 4592/1133/4514 4593/1134/4514 4577/1118/4514
f 4577/1118/4515 4593/1134/4515 4594/1135/4515 4578/1119/4515
f 4578/1119/4516 4594/1135/4516 4595/1136/4516 4579/1120/4516
f 4579/1120/4517 4595/1136/4517 4596/1137/4517 4580/1121/4517
f 4580/1121/4518 4596/1137/4518 4597/1138/4518 4581/1122/4518
f 4581/1122/4519 4597/1138/4519 4598/1139/4519 4582/1123/4519
f 4582/1123/4520 4598/1139/4520 4599/1140/4520 4583/1124/4520
f 4583/1124/4521 4599/1140/4521 4600/990/4521 4584/989/4521
f 3600/1125/4522 3599/1141/4522 4601/1142/4522 4585/1126/4522
f 4585/1126/4523 4601/1142/4523 4602/1143/4523 4586/1127/4523
f 4586/1127/4524 4602/1143/4524 4603/1144/4524 4587/1128/4524
f 4587/1128/4525 4603/1144/4525 4604/1145/4525 4588/1129/4525
f 4588/1129/4526 4604/1145/4526 4605/1146/4526 4589/1130/4526
f 4589/1130/4527 4605/1146/4527 4606/1147/4527 4590/1131/4527
f 4590/1131/4528 4606/1147/4528 4607/1148/4528 4591/1132/4528
f 4591/1132/4529 4607/1148/4529 4608/1149/4529 4592/1133/4529
f 4592/1133/4530 4608/1149/4530 4609/1150/4530 4593/1134/4530
f 4593/1134/4531 4609/1150/4531 4610/1151/4531 4594/1135/4531
f 4594/1135/4532 4610/1151/4532 4611/1152/4532 4595/1136/4532
f 4595/1136/4533 4611/1152/4533 4612/1153/4533 4596/1137/4533
f 4596/1137/4534 4612/1153/4534 4613/1154/4534 4597/1138/4534
f 4597/1138/4535 4613/1154/4535 4614/1155/4535 4598/1139/4535
f 4598/1139/4536 4614/1155/4536 4615/1156/4536 4599/1140/4536
f 4599/1140/4537 4615/1156/4537 4616/991/4537 4600/990/4537
f 3599/1141/4538 3598/1157/4538 4617/1158/4538 4601/1142/4538
f 4601/1142/4539 4617/1158/4539 4618/1159/4539 4602/1143/4539
f 4602/1143/4540 4618/1159/4540 4619/1160/4540 4603/1144/4540
f 4603/1144/4541 4619/1160/4541 4620/1161/4541 4604/1145/4541
f 4604/1145/4542 4620/1161/4542 4621/1162/4542 4605/1146/4542
f 4605/1146/4543 4621/1162/4543 4622/1163/4543 4606/1147/4543
f 4606/1147/4544 4622/1163/4544 4623/1164/4544 4607/1148/4544
f 4607/1148/4545 4623/1164/4545 4624/1165/4545 4608/1149/4545
f 4608/1149/4546 4624/1165/4546 4625/1166/4546 4609/1150/4546
f 4609/1150/4547 4625/1166/4547 4626/1167/4547 4610/1151/4547
f 4610/1151/4548 4626/1167/4548 4627/1168/4548 4611/1152/4548
f 4611/1152/4549 4627/1168/4549 4628/1169/4549 4612/1153/4549
f 4612/1153/4550 4628/1169/4550 4629/1170/4550 4613/1154/4550
f 4613/1154/4551 4629/1170/4551 4630/1171/4551 4614/1155/4551
f 4614/1155/4552 4630/1171/4552 4631/1172/4552 4615/1156/4552
f 4615/1156/4553 4631/1172/4553 4632/992/4553 4616/991/4553
f 3598/1157/4554 3597/1173/4554 4633/1174/4554 4617/1158/4554
f 4617/1158/4555 4633/1174/4555 4634/1175/4555 4618/1159/4555
f 4618/1159/4556 4634/1175/4556 4635/1176/4556 4619/1160/4556
f 4619/1160/4557 4635/1176/4557 4636/1177/4557 4620/1161/4557
f 4620/1161/4558 4636/1177/4558 4637/1178/4558 4621/1162/4558
f 4621/1162/4559 4637/1178/4559 4638/1179/4559 4622/1163/4559
f 4622/1163/4560 4638/1179/4560 4639/1180/4560 4623/1164/4560
f 4623/1164/4561 4639/1180/4561 4640/1181/4561 4624/1165/4561
f 4624/1165/4562 4640/1181/4562 4641/1182/4562 4625/1166/4562
f 4625/1166/4563 4641/1182/4563 4642/1183/4563 4626/1167/4563
f 4626/1167/4564 4642/1183/4564 4643/1184/4564 4627/1168/4564
f 4627/1168/4565 4643/1184/4565 4644/1185/4565 4628/1169/4565
f 4628/1169/4566 4644/1185/4566 4645/1186/4566 4629/1170/4566
f 4629/1170/4567 4645/1186/4567 4646/1187/4567 4630/1171/4567
f 4630/1171/4568 4646/1187/4568 4647/1188/4568 4631/1172/4568
f 4631/1172/4569 4647/1188/4569 4648/993/4569 4632/992/4569
f 3597/1173/4570 3596/1189/4570 4649/1190/4570 4633/1174/4570
f 4633/1174/4571 4649/1190/4571 4650/1191/4571 4634/1175/4571
f 4634/1175/4572 4650/1191/4572 4651/1192/4572 4635/1176/4572
f 4635/1176/4573 4651/1192/4573 4652/1193/4573 4636/1177/4573
f 4636/1177/4574 4652/1193/4574 4653/1194/4574 4637/1178/4574
f 4637/1178/4575 4653/1194/4575 4654/1195/4575 4638/1179/4575
f 4638/1179/4576 4654/1195/4576 4655/1196/4576 4639/1180/4576
f 4639/1180/4577 4655/1196/4577 4656/1197/4577 4640/1181/4577
f 4640/1181/4578 4656/1197/4578 4657/1198/4578 4641/1182/4578
f 4641/1182/4579 4657/1198/4579 4658/1199/4579 4642/1183/4579
f 4642/1183/4580 4658/1199/4580 4659/1200/4580 4643/1184/4580
f 4643/1184/4581 4659/1200/4581 4660/1201/4581 4644/1185/4581
f 4644/1185/4582 4660/1201/4582 4661/1202/4582 4645/1186/4582
f 4645/1186/4583 4661/1202/4583 4662/1203/4583 4646/1187/4583
f 4646/1187/4584 4662/1203/4584 4663/1204/4584 4647/1188/4584
f 4647/1188/4585 4663/1204/4585 4664/994/4585 4648/993/4585
f 3596/1189/4586 3595/1205/4586 4665/1206/4586 4649/1190/4586
f 4649/1190/4587 4665/1206/4587 4666/1207/4587 4650/1191/4587
f 4650/1191/4588 4666/1207/4588 4667/1208/4588 4651/1192/4588
f 4651/1192/4589 4667/1208/4589 4668/1209/4589 4652/1193/4589
f 4652/1193/4590 4668/1209/4590 4669/1210/4590 4653/1194/4590
f 4653/1194/4591 4669/1210/4591 4670/1211/4591 4654/1195/4591
f 4654/1195/4592 4670/1211/4592 4671/1212/4592 4655/1196/4592
f 4655/1196/4593 4671/1212/4593 4672/1213/4593 4656/1197/4593
f 4656/1197/4594 4672/1213/4594 4673/1214/4594 4657/1198/4594
f 4657/1198/4595 4673/1214/4595 4674/1215/4595 4658/1199/4595
f 4658/1199/4596 4674/1215/4596 4675/1216/4596 4659/1200/4596
f 4659/1200/4597 4675/1216/4597 4676/1217/4597 4660/1201/4597
f 4660/1201/4598 4676/1217/4598 4677/1218/4598 4661/1202/4598
f 4661/1202/4599 4677/1218/4599 4678/1219/4599 4662/1203/4599
f 4662/1203/4600 4678/1219/4600 4679/1220/4600 4663/1204/4600
f 4663/1204/4601 4679/1220/4601 4680/995/4601 4664/994/4601
f 3595/1205/4602 3594/1221/4602 4681/1222/4602 4665/1206/4602
f 4665/1206/4603 4681/1222/4603 4682/1223/4603 4666/1207/4603
f 4666/1207/4604 4682/1223/4604 4683/1224/4604 4667/1208/4604
f 4667/1208/4605 4683/1224/4605 4684/1225/4605 4668/1209/4605
f 4668/1209/4606 4684/1225/4606 4685/1226/4606 4669/1210/4606
f 4669/1210/4607 4685/1226/4607 4686/1227/4607 4670/1211/4607
f 4670/1211/4608 4686/1227/4608 4687/1228/4608 4671/1212/4608
f 4671/1212/4609 4687/1228/4609 4688/1229/4609 4672/1213/4609
f 4672/1213/4610 4688/1229/4610 4689/1230/4610 4673/1214/4610
f 4673/1214/4611 4689/1230/4611 4690/1231/4611 4674/1215/4611
f 4674/1215/4612 4690/1231/4612 4691/1232/4612 4675/1216/4612
f 4675/1216/4613 4691/1232/4613 4692/1233/4613 4676/1217/4613
f 4676/1217/4614 4692/1233/4614 4693/1234/4614 4677/1218/4614
f 4677/1218/4615 4693/1234/4615 4694/1235/4615 4678/1219/4615
f 4678/1219/4616 4694/1235/4616 4695/1236/4616 4679/1220/4616
f 4679/1220/4617 4695/1236/4617 4696/996/4617 4680/995/4617
f 3594/1221/4618 3593/20/4618 4697/1237/4618 4681/1222/4618
f 4681/1222/4619 4697/1237/4619 4698/1238/4619 4682/1223/4619
f 4682/1223/4620 4698/1238/4620 4699/1239/4620 4683/1224/4620
f 4683/1224/4621 4699/1239/4621 4700/1240/4621 4684/1225/4621
f 4684/1225/4622 4700/1240/4622 4701/1241/4622 4685/1226/4622
f 4685/1226/4623 4701/1241/4623 4702/1242/4623 4686/1227/4623
f 4686/1227/4624 4702/1242/4624 4703/1243/4624 4687/1228/4624
f 4687/1228/4625 4703/1243/4625 4704/1244/4625 4688/1229/4625
f 4688/1229/4626 4704/1244/4626 4705/1245/4626 4689/1230/4626
f 4689/1230/4627 4705/1245/4627 4706/1246/4627 4690/1231/4627
f 4690/1231/4628 4706/1246/4628 4707/1247/4628 4691/1232/4628
f 4691/1232/4629 4707/1247/4629 4708/1248/4629 4692/1233/4629
f 4692/1233/4630 4708/1248/4630 4709/1249/4630 4693/1234/4630
f 4693/1234/4631 4709/1249/4631 4710/1250/4631 4694/1235/4631
f 4694/1235/4632 4710/1250/4632 4711/1251/4632 4695/1236/4632
f 4695/1236/4633 4711/1251/4633 4712/21/4633 4696/996/4633
f 3593/20/4634 3496/1/4634 3625/65/4634 4697/1237/4634
f 4697/1237/4635 3625/65/4635 3626/67/4635 4698/1238/4635
f 4698/1238/4636 3626/67/4636 3627/69/4636 4699/1239/4636
f 4699/1239/4637 3627/69/4637 3628/71/4637 4700/1240/4637
f 4700/1240/4638 3628/71/4638 3629/73/4638 4701/1241/4638
f 4701/1241/4639 3629/73/4639 3630/75/4639 4702/1242/4639
f 4702/1242/4640 3630/75/4640 3631/77/4640 4703/1243/4640
f 4703/1243/4641 3631/77/4641 3632/79/4641 4704/1244/4641
f 4704/1244/4642 3632/79/4642 3633/81/4642 4705/1245/4642
f 4705/1245/4643 3633/81/4643 3634/83/4643 4706/1246/4643
f 4706/1246/4644 3634/83/4644 3635/85/4644 4707/1247/4644
f 4707/1247/4645 3635/85/4645 3636/87/4645 4708/1248/4645
f 4708/1248/4646 3636/87/4646 3637/89/4646 4709/1249/4646
f 4709/1249/4647 3637/89/4647 3638/91/4647 4710/1250/4647
f 4710/1250/4648 3638/91/4648 3639/93/4648 4711/1251/4648
f 4711/1251/4649 3639/93/4649 3640/22/4649 4712/21/4649
f 3561/1252/4650 4728/1253/4650 3608/997/4650 3495/13/4650
f 4728/1253/4651 4744/1254/4651 3607/1013/4651 3608/997/4651
f 4744/1254/4652 4760/1255/4652 3606/1029/4652 3607/1013/4652
f 4760/1255/4653 4776/1256/4653 3605/1045/4653 3606/1029/4653
f 4776/1256/4654 4792/1257/4654 3604/1061/4654 3605/1045/4654
f 4792/1257/4655 4808/1258/4655 3603/1077/4655 3604/1061/4655
f 4808/1258/4656 4824/1259/4656 3602/1093/4656 3603/1077/4656
f 4824/1259/4657 4840/1260/4657 3601/1109/4657 3602/1093/4657
f 4840/1260/4658 4856/1261/4658 3600/1125/4658 3601/1109/4658
f 4856/1261/4659 4872/1262/4659 3599/1141/4659 3600/1125/4659
f 4872/1262/4660 4888/1263/4660 3598/1157/4660 3599/1141/4660
f 4888/1263/4661 4904/1264/4661 3597/1173/4661 3598/1157/4661
f 4904/1264/4662 4920/1265/4662 3596/1189/4662 3597/1173/4662
f 4920/1265/4663 4936/1266/4663 3595/1205/4663 3596/1189/4663
f 4936/1266/4664 4952/1267/4664 3594/1221/4664 3595/1205/4664
f 4952/1267/4665 4968/18/4665 3593/20/4665 3594/1221/4665
f 3491/11/4666 3560/1268/4666 4713/1269/4666 3576/1270/4666
f 3576/1270/4667 4713/1269/4667 4714/1271/4667 3575/1272/4667
f 3575/1272/4668 4714/1271/4668 4715/1273/4668 3574/1274/4668
f 3574/1274/4669 4715/1273/4669 4716/1275/4669 3573/1276/4669
f 3573/1276/4670 4716/1275/4670 4717/1277/4670 3572/1278/4670
f 3572/1278/4671 4717/1277/4671 4718/1279/4671 3571/1280/4671
f 3571/1280/4672 4718/1279/4672 4719/1281/4672 3570/1282/4672
f 3570/1282/4673 4719/1281/4673 4720/1283/4673 3569/1284/4673
f 3569/1284/4674 4720/1283/4674 4721/1285/4674 3568/1286/4674
f 3568/1286/4675 4721/1285/4675 4722/1287/4675 3567/1288/4675
f 3567/1288/4676 4722/1287/4676 4723/1289/4676 3566/1290/4676
f 3566/1290/4677 4723/1289/4677 4724/1291/4677 3565/1292/4677
f 3565/1292/4678 4724/1291/4678 4725/1293/4678 3564/1294/4678
f 3564/1294/4679 4725/1293/4679 4726/1295/4679 3563/1296/4679
f 3563/1296/4680 4726/1295/4680 4727/1297/4680 3562/1298/4680
f 3562/1298/4681 4727/1297/4681 4728/1253/4681 3561/1252/4681
f 3560/1268/4682 3559/1299/4682 4729/1300/4682 4713/1269/4682
f 4713/1269/4683 4729/1300/4683 4730/1301/4683 4714/1271/4683
f 4714/1271/4684 4730/1301/4684 4731/1302/4684 4715/1273/4684
f 4715/1273/4685 4731/1302/4685 4732/1303/4685 4716/1275/4685
f 4716/1275/4686 4732/1303/4686 4733/1304/4686 4717/1277/4686
f 4717/1277/4687 4733/1304/4687 4734/1305/4687 4718/1279/4687
f 4718/1279/4688 4734/1305/4688 4735/1306/4688 4719/1281/4688
f 4719/1281/4689 4735/1306/4689 4736/1307/4689 4720/1283/4689
f 4720/1283/4690 4736/1307/4690 4737/1308/4690 4721/1285/4690
f 4721/1285/4691 4737/1308/4691 4738/1309/4691 4722/1287/4691
f 4722/1287/4692 4738/1309/4692 4739/1310/4692 4723/1289/4692
f 4723/1289/4693 4739/1310/4693 4740/1311/4693 4724/1291/4693
f 4724/1291/4694 4740/1311/4694 4741/1312/4694 4725/1293/4694
f 4725/1293/4695 4741/1312/4695 4742/1313/4695 4726/1295/4695
f 4726/1295/4696 4742/1313/4696 4743/1314/4696 4727/1297/4696
f 4727/1297/4697 4743/1314/4697 4744/1254/4697 4728/1253/4697
f 3559/1299/4698 3558/1315/4698 4745/1316/4698 4729/1300/4698
f 4729/1300/4699 4745/1316/4699 4746/1317/4699 4730/1301/4699
f 4730/1301/4700 4746/1317/4700 4747/1318/4700 4731/1302/4700
f 4731/1302/4701 4747/1318/4701 4748/1319/4701 4732/1303/4701
f 4732/1303/4702 4748/1319/4702 4749/1320/4702 4733/1304/4702
f 4733/1304/4703 4749/1320/4703 4750/1321/4703 4734/1305/4703
f 4734/1305/4704 4750/1321/4704 4751/1322/4704 4735/1306/4704
f 4735/1306/4705 4751/1322/4705 4752/1323/4705 4736/1307/4705
f 4736/1307/4706 4752/1323/4706 4753/1324/4706 4737/1308/4706
f 4737/1308/4707 4753/1324/4707 4754/1325/4707 4738/1309/4707
f 4738/1309/4708 4754/1325/4708 4755/1326/4708 4739/1310/4708
f 4739/1310/4709 4755/1326/4709 4756/1327/4709 4740/1311/4709
f 4740/1311/4710 4756/1327/4710 4757/1328/4710 4741/1312/4710
f 4741/1312/4711 4757/1328/4711 4758/1329/4711 4742/1313/4711
f 4742/1313/4712 4758/1329/4712 4759/1330/4712 4743/1314/4712
f 4743/1314/4713 4759/1330/4713 4760/1255/4713 4744/1254/4713
f 3558/1315/4714 3557/1331/4714 4761/1332/4714 4745/1316/4714
f 4745/1316/4715 4761/1332/4715 4762/1333/4715 4746/1317/4715
f 4746/1317/4716 4762/1333/4716 4763/1334/4716 4747/1318/4716
f 4747/1318/4717 4763/1334/4717 4764/1335/4717 4748/1319/4717
f 4748/1319/4718 4764/1335/4718 4765/1336/4718 4749/1320/4718
f 4749/1320/4719 4765/1336/4719 4766/1337/4719 4750/1321/4719
f 4750/1321/4720 4766/1337/4720 4767/1338/4720 4751/1322/4720
f 4751/1322/4721 4767/1338/4721 4768/1339/4721 4752/1323/4721
f 4752/1323/4722 4768/1339/4722 4769/1340/4722 4753/1324/4722
f 4753/1324/4723 4769/1340/4723 4770/1341/4723 4754/1325/4723
f 4754/1325/4724 4770/1341/4724 4771/1342/4724 4755/1326/4724
f 4755/1326/4725 4771/1342/4725 4772/1343/4725 4756/1327/4725
f 4756/1327/4726 4772/1343/4726 4773/1344/4726 4757/1328/4726
f 4757/1328/4727 4773/1344/4727 4774/1345/4727 4758/1329/4727
f 4758/1329/4728 4774/1345/4728 4775/1346/4728 4759/1330/4728
f 4759/1330/4729 4775/1346/4729 4776/1256/4729 4760/1255/4729
f 3557/1331/4730 3556/1347/4730 4777/1348/4730 4761/1332/4730
f 4761/1332/4731 4777/1348/4731 4778/1349/4731 4762/1333/4731
f 4762/1333/4732 4778/1349/4732 4779/1350/4732 4763/1334/4732
f 4763/1334/4733 4779/1350/4733 4780/1351/4733 4764/1335/4733
f 4764/1335/4734 4780/1351/4734 4781/1352/4734 4765/1336/4734
f 4765/1336/4735 4781/1352/4735 4782/1353/4735 4766/1337/4735
f 4766/1337/4736 4782/1353/4736 4783/1354/4736 4767/1338/4736
f 4767/1338/4737 4783/1354/4737 4784/1355/4737 4768/1339/4737
f 4768/1339/4738 4784/1355/4738 4785/1356/4738 4769/1340/4738
f 4769/1340/4739 4785/1356/4739 4786/1357/4739 4770/1341/4739
f 4770/1341/4740 4786/1357/4740 4787/1358/4740 4771/1342/4740
f 4771/1342/4741 4787/1358/4741 4788/1359/4741 4772/1343/4741
f 4772/1343/4742 4788/1359/4742 4789/1360/4742 4773/1344/4742
f 4773/1344/4743 4789/1360/4743 4790/1361/4743 4774/1345/4743
f 4774/1345/4744 4790/1361/4744 4791/1362/4744 4775/1346/4744
f 4775/1346/4745 4791/1362/4745 4792/1257/4745 4776/1256/4745
f 3556/1347/4746 3555/1363/4746 4793/1364/4746 4777/1348/4746
f 4777/1348/4747 4793/1364/4747 4794/1365/4747 4778/1349/4747
f 4778/1349/4748 4794/1365/4748 4795/1366/4748 4779/1350/4748
f 4779/1350/4749 4795/1366/4749 4796/1367/4749 4780/1351/4749
f 4780/1351/4750 4796/1367/4750 4797/1368/4750 4781/1352/4750
f 4781/1352/4751 4797/1368/4751 4798/1369/4751 4782/1353/4751
f 4782/1353/4752 4798/1369/4752 4799/1370/4752 4783/1354/4752
f 4783/1354/4753 4799/1370/4753 4800/1371/4753 4784/1355/4753
f 4784/1355/4754 4800/1371/4754 4801/1372/4754 4785/1356/4754
f 4785/1356/4755 4801/1372/4755 4802/1373/4755 4786/1357/4755
f 4786/1357/4756 4802/1373/4756 4803/1374/4756 4787/1358/4756
f 4787/1358/4757 4803/1374/4757 4804/1375/4757 4788/1359/4757
f 4788/1359/4758 4804/1375/4758 4805/1376/4758 4789/1360/4758
f 4789/1360/4759 4805/1376/4759 4806/1377/4759 4790/1361/4759
f 4790/1361/4760 4806/1377/4760 4807/1378/4760 4791/1362/4760
f 4791/1362/4761 4807/1378/4761 4808/1258/4761 4792/1257/4761
f 3555/1363/4762 3554/1379/4762 4809/1380/4762 4793/1364/4762
f 4793/1364/4763 4809/1380/4763 4810/1381/4763 4794/1365/4763
f 4794/1365/4764 4810/1381/4764 4811/1382/4764 4795/1366/4764
f 4795/1366/4765 4811/1382/4765 4812/1383/4765 4796/1367/4765
f 4796/1367/4766 4812/1383/4766 4813/1384/4766 4797/1368/4766
f 4797/1368/4767 4813/1384/4767 4814/1385/4767 4798/1369/4767
f 4798/1369/4768 4814/1385/4768 4815/1386/4768 4799/1370/4768
f 4799/1370/4769 4815/1386/4769 4816/1387/4769 4800/1371/4769
f 4800/1371/4770 4816/1387/4770 4817/1388/4770 4801/1372/4770
f 4801/1372/4771 4817/1388/4771 4818/1389/4771 4802/1373/4771
f 4802/1373/4772 4818/1389/4772 4819/1390/4772 4803/1374/4772
f 4803/1374/4773 4819/1390/4773 4820/1391/4773 4804/1375/4773
f 4804/1375/4774 4820/1391/4774 4821/1392/4774 4805/1376/4774
f 4805/1376/4775 4821/1392/4775 4822/1393/4775 4806/1377/4775
f 4806/1377/4776 4822/1393/4776 4823/1394/4776 4807/1378/4776
f 4807/1378/4777 4823/1394/4777 4824/1259/4777 4808/1258/4777
f 3554/1379/4778 3553/1395/4778 4825/1396/4778 4809/1380/4778
f 4809/1380/4779 4825/1396/4779 4826/1397/4779 4810/1381/4779
f 4810/1381/4780 4826/1397/4780 4827/1398/4780 4811/1382/4780
f 4811/1382/4781 4827/1398/4781 4828/1399/4781 4812/1383/4781
f 4812/1383/4782 4828/1399/4782 4829/1400/4782 4813/1384/4782
f 4813/1384/4783 4829/1400/4783 4830/1401/4783 4814/1385/4783
f 4814/1385/4784 4830/1401/4784 4831/1402/4784 4815/1386/4784
f 4815/1386/4785 4831/1402/4785 4832/1403/4785 4816/1387/4785
f 4816/1387/4786 4832/1403/4786 4833/1404/4786 4817/1388/4786
f 4817/1388/4787 4833/1404/4787 4834/1405/4787 4818/1389/4787
f 4818/1389/4788 4834/1405/4788 4835/1406/4788 4819/1390/4788
f 4819/1390/4789 4835/1406/4789 4836/1407/4789 4820/1391/4789
f 4820/1391/4790 4836/1407/4790 4837/1408/4790 4821/1392/4790
f 4821/1392/4791 4837/1408/4791 4838/1409/4791 4822/1393/4791
f 4822/1393/4792 4838/1409/4792 4839/1410/4792 4823/1394/4792
f 4823/1394/4793 4839/1410/4793 4840/1260/4793 4824/1259/4793
f 3553/1395/4794 3552/1411/4794 4841/1412/4794 4825/1396/4794
f 4825/1396/4795 4841/1412/4795 4842/1413/4795 4826/1397/4795
f 4826/1397/4796 4842/1413/4796 4843/1414/4796 4827/1398/4796
f 4827/1398/4797 4843/1414/4797 4844/1415/4797 4828/1399/4797
f 4828/1399/4798 4844/1415/4798 4845/1416/4798 4829/1400/4798
f 4829/1400/4799 4845/1416/4799 4846/1417/4799 4830/1401/4799
f 4830/1401/4800 4846/1417/4800 4847/1418/4800 4831/1402/4800
f 4831/1402/4801 4847/1418/4801 4848/1419/4801 4832/1403/4801
f 4832/1403/4802 4848/1419/4802 4849/1420/4802 4833/1404/4802
f 4833/1404/4803 4849/1420/4803 4850/1421/4803 4834/1405/4803
f 4834/1405/4804 4850/1421/4804 4851/1422/4804 4835/1406/4804
f 4835/1406/4805 4851/1422/4805 4852/1423/4805 4836/1407/4805
f 4836/1407/4806 4852/1423/4806 4853/1424/4806 4837/1408/4806
f 4837/1408/4807 4853/1424/4807 4854/1425/4807 4838/1409/4807
f 4838/1409/4808 4854/1425/4808 4855/1426/4808 4839/1410/4808
f 4839/1410/4809 4855/1426/4809 4856/1261/4809 4840/1260/4809
f 3552/1411/4810 3551/1427/4810 4857/1428/4810 4841/1412/4810
f 4841/1412/4811 4857/1428/4811 4858/1429/4811 4842/1413/4811
f 4842/1413/4812 4858/1429/4812 4859/1430/4812 4843/1414/4812
f 4843/1414/4813 4859/1430/4813 4860/1431/4813 4844/1415/4813
f 4844/1415/4814 4860/1431/4814 4861/1432/4814 4845/1416/4814
f 4845/1416/4815 4861/1432/4815 4862/1433/4815 4846/1417/4815
f 4846/1417/4816 4862/1433/4816 4863/1434/4816 4847/1418/4816
f 4847/1418/4817 4863/1434/4817 4864/1435/4817 4848/1419/4817
f 4848/1419/4818 4864/1435/4818 4865/1436/4818 4849/1420/4818
f 4849/1420/4819 4865/1436/4819 4866/1437/4819 4850/1421/4819
f 4850/1421/4820 4866/1437/4820 4867/1438/4820 4851/1422/4820
f 4851/1422/4821 4867/1438/4821 4868/1439/4821 4852/1423/4821
f 4852/1423/4822 4868/1439/4822 4869/1440/4822 4853/1424/4822
f 4853/1424/4823 4869/1440/4823 4870/1441/4823 4854/1425/4823
f 4854/1425/4824 4870/1441/4824 4871/1442/4824 4855/1426/4824
f 4855/1426/4825 4871/1442/4825 4872/1262/4825 4856/1261/4825
f 3551/1427/4826 3550/1443/4826 4873/1444/4826 4857/1428/4826
f 4857/1428/4827 4873/1444/4827 4874/1445/4827 4858/1429/4827
f 4858/1429/4828 4874/1445/4828 4875/1446/4828 4859/1430/4828
f 4859/1430/4829 4875/1446/4829 4876/1447/4829 4860/1431/4829
f 4860/1431/4830 4876/1447/4830 4877/1448/4830 4861/1432/4830
f 4861/1432/4831 4877/1448/4831 4878/1449/4831 4862/1433/4831
f 4862/1433/4832 4878/1449/4832 4879/1450/4832 4863/1434/4832
f 4863/1434/4833 4879/1450/4833 4880/1451/4833 4864/1435/4833
f 4864/1435/4834 4880/1451/4834 4881/1452/4834 4865/1436/4834
f 4865/1436/4835 4881/1452/4835 4882/1453/4835 4866/1437/4835
f 4866/1437/4836 4882/1453/4836 4883/1454/4836 4867/1438/4836
f 4867/1438/4837 4883/1454/4837 4884/1455/4837 4868/1439/4837
f 4868/1439/4838 4884/1455/4838 4885/1456/4838 4869/1440/4838
f 4869/1440/4839 4885/1456/4839 4886/1457/4839 4870/1441/4839
f 4870/1441/4840 4886/1457/4840 4887/1458/4840 4871/1442/4840
f 4871/1442/4841 4887/1458/4841 4888/1263/4841 4872/1262/4841
f 3550/1443/4842 3549/1459/4842 4889/1460/4842 4873/1444/4842
f 4873/1444/4843 4889/1460/4843 4890/1461/4843 4874/1445/4843
f 4874/1445/4844 4890/1461/4844 4891/1462/4844 4875/1446/4844
f 4875/1446/4845 4891/1462/4845 4892/1463/4845 4876/1447/4845
f 4876/1447/4846 4892/1463/4846 4893/1464/4846 4877/1448/4846
f 4877/1448/4847 4893/1464/4847 4894/1465/4847 4878/1449/4847
f 4878/1449/4848 4894/1465/4848 4895/1466/4848 4879/1450/4848
f 4879/1450/4849 4895/1466/4849 4896/1467/4849 4880/1451/4849
f 4880/1451/4850 4896/1467/4850 4897/1468/4850 4881/1452/4850
f 4881/1452/4851 4897/1468/4851 4898/1469/4851 4882/1453/4851
f 4882/1453/4852 4898/1469/4852 4899/1470/4852 4883/1454/4852
f 4883/1454/4853 4899/1470/4853 4900/1471/4853 4884/1455/4853
f 4884/1455/4854 4900/1471/4854 4901/1472/4854 4885/1456/4854
f 4885/1456/4855 4901/1472/4855 4902/1473/4855 4886/1457/4855
f 4886/1457/4856 4902/1473/4856 4903/1474/4856 4887/1458/4856
f 4887/1458/4857 4903/1474/4857 4904/1264/4857 4888/1263/4857
f 3549/1459/4858 3548/1475/4858 4905/1476/4858 4889/1460/4858
f 4889/1460/4859 4905/1476/4859 4906/1477/4859 4890/1461/4859
f 4890/1461/4860 4906/1477/4860 4907/1478/4860 4891/1462/4860
f 4891/1462/4861 4907/1478/4861 4908/1479/4861 4892/1463/4861
f 4892/1463/4862 4908/1479/4862 4909/1480/4862 4893/1464/4862
f 4893/1464/4863 4909/1480/4864 4910/1481/4863 4894/1465/4864
f 4894/1465/4865 4910/1481/4865 4911/1482/4865 4895/1466/4865
f 4895/1466/4866 4911/1482/4866 4912/1483/4866 4896/1467/4866
f 4896/1467/4867 4912/1483/4867 4913/1484/4867 4897/1468/4867
f 4897/1468/4868 4913/1484/4868 4914/1485/4868 4898/1469/4868
f 4898/1469/4869 4914/1485/4869 4915/1486/4869 4899/1470/4869
f 4899/1470/4870 4915/1486/4870 4916/1487/4870 4900/1471/4870
f 4900/1471/4871 4916/1487/4871 4917/1488/4871 4901/1472/4871
f 4901/1472/4872 4917/1488/4872 4918/1489/4872 4902/1473/4872
f 4902/1473/4873 4918/1489/4873 4919/1490/4873 4903/1474/4873
f 4903/1474/4874 4919/1490/4874 4920/1265/4874 4904/1264/4874
f 3548/1475/4875 3547/1491/4875 4921/1492/4875 4905/1476/4875
f 4905/1476/4876 4921/1492/4876 4922/1493/4876 4906/1477/4876
f 4906/1477/4877 4922/1493/4877 4923/1494/4877 4907/1478/4877
f 4907/1478/4878 4923/1494/4878 4924/1495/4878 4908/1479/4878
f 4908/1479/4879 4924/1495/4879 4925/1496/4879 4909/1480/4879
f 4909/1480/4880 4925/1496/4880 4926/1497/4880 4910/1481/4880
f 4910/1481/4881 4926/1497/4881 4927/1498/4881 4911/1482/4881
f 4911/1482/4882 4927/1498/4882 4928/1499/4882 4912/1483/4882
f 4912/1483/4883 4928/1499/4883 4929/1500/4883 4913/1484/4883
f 4913/1484/4884 4929/1500/4884 4930/1501/4884 4914/1485/4884
f 4914/1485/4885 4930/1501/4885 4931/1502/4885 4915/1486/4885
f 4915/1486/4886 4931/1502/4886 4932/1503/4886 4916/1487/4886
f 4916/1487/4887 4932/1503/4887 4933/1504/4887 4917/1488/4887
f 4917/1488/4888 4933/1504/4888 4934/1505/4888 4918/1489/4888
f 4918/1489/4889 4934/1505/4889 4935/1506/4889 4919/1490/4889
f 4919/1490/4890 4935/1506/4890 4936/1266/4890 4920/1265/4890
f 3547/1491/4891 3546/1507/4891 4937/1508/4891 4921/1492/4891
f 4921/1492/4892 4937/1508/4892 4938/1509/4892 4922/1493/4892
f 4922/1493/4893 4938/1509/4893 4939/1510/4893 4923/1494/4893
f 4923/1494/4894 4939/1510/4894 4940/1511/4894 4924/1495/4894
f 4924/1495/4895 4940/1511/4895 4941/1512/4895 4925/1496/4895
f 4925/1496/4896 4941/1512/4896 4942/1513/4896 4926/1497/4896
f 4926/1497/4897 4942/1513/4897 4943/1514/4897 4927/1498/4897
f 4927/1498/4898 4943/1514/4898 4944/1515/4898 4928/1499/4898
f 4928/1499/4899 4944/1515/4899 4945/1516/4899 4929/1500/4899
f 4929/1500/4900 4945/1516/4900 4946/1517/4900 4930/1501/4900
f 4930/1501/4901 4946/1517/4901 4947/1518/4901 4931/1502/4901
f 4931/1502/4902 4947/1518/4902 4948/1519/4902 4932/1503/4902
f 4932/1503/4903 4948/1519/4903 4949/1520/4903 4933/1504/4903
f 4933/1504/4904 4949/1520/4904 4950/1521/4904 4934/1505/4904
f 4934/1505/4905 4950/1521/4905 4951/1522/4905 4935/1506/4905
f 4935/1506/4906 4951/1522/4906 4952/1267/4906 4936/1266/4906
f 3546/1507/4907 3545/17/4907 4953/1523/4907 4937/1508/4907
f 4937/1508/4908 4953/1523/4908 4954/1524/4908 4938/1509/4908
f 4938/1509/4909 4954/1524/4909 4955/1525/4909 4939/1510/4909
f 4939/1510/4910 4955/1525/4910 4956/1526/4910 4940/1511/4910
f 4940/1511/4911 4956/1526/4911 4957/1527/4911 4941/1512/4911
f 4941/1512/4912 4957/1527/4912 4958/1528/4912 4942/1513/4912
f 4942/1513/4913 4958/1528/4914 4959/1529/4913 4943/1514/4914
f 4943/1514/4915 4959/1529/4915 4960/1530/4915 4944/1515/4915
f 4944/1515/4916 4960/1530/4916 4961/1531/4916 4945/1516/4916
f 4945/1516/4917 4961/1531/4917 4962/1532/4917 4946/1517/4917
f 4946/1517/4918 4962/1532/4918 4963/1533/4918 4947/1518/4918
f 4947/1518/4919 4963/1533/4919 4964/1534/4919 4948/1519/4919
f 4948/1519/4920 4964/1534/4920 4965/1535/4920 4949/1520/4920
f 4949/1520/4921 4965/1535/4921 4966/1536/4921 4950/1521/4921
f 4950/1521/4922 4966/1536/4922 4967/1537/4922 4951/1522/4922
f 4951/1522/4923 4967/1537/4923 4968/18/4923 4952/1267/4923
f 3545/17/4924 3492/10/4924 3577/1538/4924 4953/1523/4924
f 4953/1523/4925 3577/1538/4925 3578/1539/4925 4954/1524/4925
f 4954/1524/4926 3578/1539/4926 3579/1540/4926 4955/1525/4926
f 4955/1525/4927 3579/1540/4927 3580/1541/4927 4956/1526/4927
f 4956/1526/4928 3580/1541/4928 3581/1542/4928 4957/1527/4928
f 4957/1527/4929 3581/1542/4929 3582/1543/4929 4958/1528/4929
f 4958/1528/4930 3582/1543/4930 3583/1544/4930 4959/1529/4930
f 4959/1529/4931 3583/1544/4931 3584/1545/4931 4960/1530/4931
f 4960/1530/4932 3584/1545/4932 3585/1546/4932 4961/1531/4932
f 4961/1531/4933 3585/1546/4933 3586/1547/4933 4962/1532/4933
f 4962/1532/4934 3586/1547/4934 3587/1548/4934 4963/1533/4934
f 4963/1533/4935 3587/1548/4935 3588/1549/4935 4964/1534/4935
f 4964/1534/4936 3588/1549/4936 3589/1550/4936 4965/1535/4936
f 4965/1535/4937 3589/1550/4937 3590/1551/4937 4966/1536/4937
f 4966/1536/4938 3590/1551/4938 3591/1552/4938 4967/1537/4938
f 4967/1537/4939 3591/1552/4939 3592/19/4939 4968/18/4939
f 3497/1553/4940 4984/1554/4940 3560/1268/4940 3491/11/4940
f 4984/1554/4941 5000/1555/4941 3559/1299/4941 3560/1268/4941
f 5000/1555/4942 5016/1556/4942 3558/1315/4942 3559/1299/4942
f 5016/1556/4943 5032/1557/4943 3557/1331/4943 3558/1315/4943
f 5032/1557/4944 5048/1558/4944 3556/1347/4944 3557/1331/4944
f 5048/1558/4945 5064/1559/4945 3555/1363/4945 3556/1347/4945
f 5064/1559/4946 5080/1560/4946 3554/1379/4946 3555/1363/4946
f 5080/1560/4947 5096/1561/4947 3553/1395/4947 3554/1379/4947
f 5096/1561/4948 5112/1562/4948 3552/1411/4948 3553/1395/4948
f 5112/1562/4949 5128/1563/4949 3551/1427/4949 3552/1411/4949
f 5128/1563/4950 5144/1564/4950 3550/1443/4950 3551/1427/4950
f 5144/1564/4951 5160/1565/4951 3549/1459/4951 3550/1443/4951
f 5160/1565/4952 5176/1566/4952 3548/1475/4952 3549/1459/4952
f 5176/1566/4953 5192/1567/4953 3547/1491/4953 3548/1475/4953
f 5192/1567/4954 5208/1568/4954 3546/1507/4954 3547/1491/4954
f 5208/1568/4955 5224/15/4955 3545/17/4955 3546/1507/4955
f 3489/8/4956 3513/1569/4956 4969/1570/4956 3512/1571/4956
f 3512/1571/4957 4969/1570/4957 4970/1572/4957 3511/1573/4957
f 3511/1573/4958 4970/1572/4958 4971/1574/4958 3510/1575/4958
f 3510/1575/4959 4971/1574/4959 4972/1576/4959 3509/1577/4959
f 3509/1577/4960 4972/1576/4960 4973/1578/4960 3508/1579/4960
f 3508/1579/4961 4973/1578/4961 4974/1580/4961 3507/1581/4961
f 3507/1581/4962 4974/1580/4962 4975/1582/4962 3506/1583/4962
f 3506/1583/4963 4975/1582/4963 4976/1584/4963 3505/1585/4963
f 3505/1585/4964 4976/1584/4964 4977/1586/4964 3504/1587/4964
f 3504/1587/4965 4977/1586/4965 4978/1588/4965 3503/1589/4965
f 3503/1589/4966 4978/1588/4966 4979/1590/4966 3502/1591/4966
f 3502/1591/4967 4979/1590/4967 4980/1592/4967 3501/1593/4967
f 3501/1593/4968 4980/1592/4968 4981/1594/4968 3500/1595/4968
f 3500/1595/4969 4981/1594/4969 4982/1596/4969 3499/1597/4969
f 3499/1597/4970 4982/1596/4970 4983/1598/4970 3498/1599/4970
f 3498/1599/4971 4983/1598/4971 4984/1554/4971 3497/1553/4971
f 3513/1569/4972 3514/1600/4972 4985/1601/4972 4969/1570/4972
f 4969/1570/4973 4985/1601/4973 4986/1602/4973 4970/1572/4973
f 4970/1572/4974 4986/1602/4974 4987/1603/4974 4971/1574/4974
f 4971/1574/4975 4987/1603/4975 4988/1604/4975 4972/1576/4975
f 4972/1576/4976 4988/1604/4976 4989/1605/4976 4973/1578/4976
f 4973/1578/4977 4989/1605/4977 4990/1606/4977 4974/1580/4977
f 4974/1580/4978 4990/1606/4978 4991/1607/4978 4975/1582/4978
f 4975/1582/4979 4991/1607/4979 4992/1608/4979 4976/1584/4979
f 4976/1584/4980 4992/1608/4980 4993/1609/4980 4977/1586/4980
f 4977/1586/4981 4993/1609/4981 4994/1610/4981 4978/1588/4981
f 4978/1588/4982 4994/1610/4982 4995/1611/4982 4979/1590/4982
f 4979/1590/4983 4995/1611/4983 4996/1612/4983 4980/1592/4983
f 4980/1592/4984 4996/1612/4984 4997/1613/4984 4981/1594/4984
f 4981/1594/4985 4997/1613/4985 4998/1614/4985 4982/1596/4985
f 4982/1596/4986 4998/1614/4986 4999/1615/4986 4983/1598/4986
f 4983/1598/4987 4999/1615/4987 5000/1555/4987 4984/1554/4987
f 3514/1600/4988 3515/1616/4988 5001/1617/4988 4985/1601/4988
f 4985/1601/4989 5001/1617/4989 5002/1618/4989 4986/1602/4989
f 4986/1602/4990 5002/1618/4990 5003/1619/4990 4987/1603/4990
f 4987/1603/4991 5003/1619/4991 5004/1620/4991 4988/1604/4991
f 4988/1604/4992 5004/1620/4992 5005/1621/4992 4989/1605/4992
f 4989/1605/4993 5005/1621/4993 5006/1622/4993 4990/1606/4993
f 4990/1606/4994 5006/1622/4994 5007/1623/4994 4991/1607/4994
f 4991/1607/4995 5007/1623/4995 5008/1624/4995 4992/1608/4995
f 4992/1608/4996 5008/1624/4996 5009/1625/4996 4993/1609/4996
f 4993/1609/4997 5009/1625/4997 5010/1626/4997 4994/1610/4997
f 4994/1610/4998 5010/1626/4998 5011/1627/4998 4995/1611/4998
f 4995/1611/4999 5011/1627/4999 5012/1628/4999 4996/1612/4999
f 4996/1612/5000 5012/1628/5000 5013/1629/5000 4997/1613/5000
f 4997/1613/5001 5013/1629/5001 5014/1630/5001 4998/1614/5001
f 4998/1614/5002 5014/1630/5002 5015/1631/5002 4999/1615/5002
f 4999/1615/5003 5015/1631/5003 5016/1556/5003 5000/1555/5003
f 3515/1616/5004 3516/1632/5004 5017/1633/5004 5001/1617/5004
f 5001/1617/5005 5017/1633/5005 5018/1634/5005 5002/1618/5005
f 5002/1618/5006 5018/1634/5006 5019/1635/5006 5003/1619/5006
f 5003/1619/5007 5019/1635/5007 5020/1636/5007 5004/1620/5007
f 5004/1620/5008 5020/1636/5008 5021/1637/5008 5005/1621/5008
f 5005/1621/5009 5021/1637/5009 5022/1638/5009 5006/1622/5009
f 5006/1622/5010 5022/1638/5010 5023/1639/5010 5007/1623/5010
f 5007/1623/5011 5023/1639/5011 5024/1640/5011 5008/1624/5011
f 5008/1624/5012 5024/1640/5012 5025/1641/5012 5009/1625/5012
f 5009/1625/5013 5025/1641/5013 5026/1642/5013 5010/1626/5013
f 5010/1626/5014 5026/1642/5014 5027/1643/5014 5011/1627/5014
f 5011/1627/5015 5027/1643/5015 5028/1644/5015 5012/1628/5015
f 5012/1628/5016 5028/1644/5016 5029/1645/5016 5013/1629/5016
f 5013/1629/5017 5029/1645/5017 5030/1646/5017 5014/1630/5017
f 5014/1630/5018 5030/1646/5018 5031/1647/5018 5015/1631/5018
f 5015/1631/5019 5031/1647/5019 5032/1557/5019 5016/1556/5019
f 3516/1632/5020 3517/1648/5020 5033/1649/5020 5017/1633/5020
f 5017/1633/5021 5033/1649/5021 5034/1650/5021 5018/1634/5021
f 5018/1634/5022 5034/1650/5022 5035/1651/5022 5019/1635/5022
f 5019/1635/5023 5035/1651/5023 5036/1652/5023 5020/1636/5023
f 5020/1636/5024 5036/1652/5024 5037/1653/5024 5021/1637/5024
f 5021/1637/5025 5037/1653/5025 5038/1654/5025 5022/1638/5025
f 5022/1638/5026 5038/1654/5026 5039/1655/5026 5023/1639/5026
f 5023/1639/5027 5039/1655/5027 5040/1656/5027 5024/1640/5027
f 5024/1640/5028 5040/1656/5028 5041/1657/5028 5025/1641/5028
f 5025/1641/5029 5041/1657/5029 5042/1658/5029 5026/1642/5029
f 5026/1642/5030 5042/1658/5030 5043/1659/5030 5027/1643/5030
f 5027/1643/5031 5043/1659/5031 5044/1660/5031 5028/1644/5031
f 5028/1644/5032 5044/1660/5032 5045/1661/5032 5029/1645/5032
f 5029/1645/5033 5045/1661/5033 5046/1662/5033 5030/1646/5033
f 5030/1646/5034 5046/1662/5034 5047/1663/5034 5031/1647/5034
f 5031/1647/5035 5047/1663/5035 5048/1558/5035 5032/1557/5035
f 3517/1648/5036 3518/1664/5036 5049/1665/5036 5033/1649/5036
f 5033/1649/5037 5049/1665/5037 5050/1666/5037 5034/1650/5037
f 5034/1650/5038 5050/1666/5038 5051/1667/5038 5035/1651/5038
f 5035/1651/5039 5051/1667/5039 5052/1668/5039 5036/1652/5039
f 5036/1652/5040 5052/1668/5040 5053/1669/5040 5037/1653/5040
f 5037/1653/5041 5053/1669/5041 5054/1670/5041 5038/1654/5041
f 5038/1654/5042 5054/1670/5042 5055/1671/5042 5039/1655/5042
f 5039/1655/5043 5055/1671/5043 5056/1672/5043 5040/1656/5043
f 5040/1656/5044 5056/1672/5044 5057/1673/5044 5041/1657/5044
f 5041/1657/5045 5057/1673/5045 5058/1674/5045 5042/1658/5045
f 5042/1658/5046 5058/1674/5046 5059/1675/5046 5043/1659/5046
f 5043/1659/5047 5059/1675/5047 5060/1676/5047 5044/1660/5047
f 5044/1660/5048 5060/1676/5048 5061/1677/5048 5045/1661/5048
f 5045/1661/5049 5061/1677/5049 5062/1678/5049 5046/1662/5049
f 5046/1662/5050 5062/1678/5050 5063/1679/5050 5047/1663/5050
f 5047/1663/5051 5063/1679/5051 5064/1559/5051 5048/1558/5051
f 3518/1664/5052 3519/1680/5052 5065/1681/5052 5049/1665/5052
f 5049/1665/5053 5065/1681/5053 5066/1682/5053 5050/1666/5053
f 5050/1666/5054 5066/1682/5054 5067/1683/5054 5051/1667/5054
f 5051/1667/5055 5067/1683/5055 5068/1684/5055 5052/1668/5055
f 5052/1668/5056 5068/1684/5056 5069/1685/5056 5053/1669/5056
f 5053/1669/5057 5069/1685/5057 5070/1686/5057 5054/1670/5057
f 5054/1670/5058 5070/1686/5058 5071/1687/5058 5055/1671/5058
f 5055/1671/5059 5071/1687/5059 5072/1688/5059 5056/1672/5059
f 5056/1672/5060 5072/1688/5060 5073/1689/5060 5057/1673/5060
f 5057/1673/5061 5073/1689/5061 5074/1690/5061 5058/1674/5061
f 5058/1674/5062 5074/1690/5062 5075/1691/5062 5059/1675/5062
f 5059/1675/5063 5075/1691/5063 5076/1692/5063 5060/1676/5063
f 5060/1676/5064 5076/1692/5064 5077/1693/5064 5061/1677/5064
f 5061/1677/5065 5077/1693/5065 5078/1694/5065 5062/1678/5065
f 5062/1678/5066 5078/1694/5066 5079/1695/5066 5063/1679/5066
f 5063/1679/5067 5079/1695/5067 5080/1560/5067 5064/1559/5067
f 3519/1680/5068 3520/1696/5068 5081/1697/5068 5065/1681/5068
f 5065/1681/5069 5081/1697/5069 5082/1698/5069 5066/1682/5069
f 5066/1682/5070 5082/1698/5070 5083/1699/5070 5067/1683/5070
f 5067/1683/5071 5083/1699/5071 5084/1700/5071 5068/1684/5071
f 5068/1684/5072 5084/1700/5072 5085/1701/5072 5069/1685/5072
f 5069/1685/5073 5085/1701/5073 5086/1702/5073 5070/1686/5073
f 5070/1686/5074 5086/1702/5074 5087/1703/5074 5071/1687/5074
f 5071/1687/5075 5087/1703/5075 5088/1704/5075 5072/1688/5075
f 5072/1688/5076 5088/1704/5076 5089/1705/5076 5073/1689/5076
f 5073/1689/5077 5089/1705/5077 5090/1706/5077 5074/1690/5077
f 5074/1690/5078 5090/1706/5078 5091/1707/5078 5075/1691/5078
f 5075/1691/5079 5091/1707/5079 5092/1708/5079 5076/1692/5079
f 5076/1692/5080 5092/1708/5080 5093/1709/5080 5077/1693/5080
f 5077/1693/5081 5093/1709/5081 5094/1710/5081 5078/1694/5081
f 5078/1694/5082 5094/1710/5082 5095/1711/5082 5079/1695/5082
f 5079/1695/5083 5095/1711/5083 5096/1561/5083 5080/1560/5083
f 3520/1696/5084 3521/1712/5084 5097/1713/5084 5081/1697/5084
f 5081/1697/5085 5097/1713/5085 5098/1714/5085 5082/1698/5085
f 5082/1698/5086 5098/1714/5086 5099/1715/5086 5083/1699/5086
f 5083/1699/5087 5099/1715/5087 5100/1716/5087 5084/1700/5087
f 5084/1700/5088 5100/1716/5088 5101/1717/5088 5085/1701/5088
f 5085/1701/5089 5101/1717/5089 5102/1718/5089 5086/1702/5089
f 5086/1702/5090 5102/1718/5090 5103/1719/5090 5087/1703/5090
f 5087/1703/5091 5103/1719/5091 5104/1720/5091 5088/1704/5091
f 5088/1704/5092 5104/1720/5092 5105/1721/5092 5089/1705/5092
f 5089/1705/5093 5105/1721/5093 5106/1722/5093 5090/1706/5093
f 5090/1706/5094 5106/1722/5094 5107/1723/5094 5091/1707/5094
f 5091/1707/5095 5107/1723/5095 5108/1724/5095 5092/1708/5095
f 5092/1708/5096 5108/1724/5096 5109/1725/5096 5093/1709/5096
f 5093/1709/5097 5109/1725/5097 5110/1726/5097 5094/1710/5097
f 5094/1710/5098 5110/1726/5098 5111/1727/5098 5095/1711/5098
f 5095/1711/5099 5111/1727/5099 5112/1562/5099 5096/1561/5099
f 3521/1712/5100 3522/1728/5100 5113/1729/5100 5097/1713/5100
f 5097/1713/5101 5113/1729/5101 5114/1730/5101 5098/1714/5101
f 5098/1714/5102 5114/1730/5102 5115/1731/5102 5099/1715/5102
f 5099/1715/5103 5115/1731/5103 5116/1732/5103 5100/1716/5103
f 5100/1716/5104 5116/1732/5104 5117/1733/5104 5101/1717/5104
f 5101/1717/5105 5117/1733/5105 5118/1734/5105 5102/1718/5105
f 5102/1718/5106 5118/1734/5106 5119/1735/5106 5103/1719/5106
f 5103/1719/5107 5119/1735/5107 5120/1736/5107 5104/1720/5107
f 5104/1720/5108 5120/1736/5108 5121/1737/5108 5105/1721/5108
f 5105/1721/5109 5121/1737/5109 5122/1738/5109 5106/1722/5109
f 5106/1722/5110 5122/1738/5110 5123/1739/5110 5107/1723/5110
f 5107/1723/5111 5123/1739/5111 5124/1740/5111 5108/1724/5111
f 5108/1724/5112 5124/1740/5112 5125/1741/5112 5109/1725/5112
f 5109/1725/5113 5125/1741/5113 5126/1742/5113 5110/1726/5113
f 5110/1726/5114 5126/1742/5114 5127/1743/5114 5111/1727/5114
f 5111/1727/5115 5127/1743/5115 5128/1563/5115 5112/1562/5115
f 3522/1728/5116 3523/1744/5116 5129/1745/5116 5113/1729/5116
f 5113/1729/5117 5129/1745/5117 5130/1746/5117 5114/1730/5117
f 5114/1730/5118 5130/1746/5118 5131/1747/5118 5115/1731/5118
f 5115/1731/5119 5131/1747/5119 5132/1748/5119 5116/1732/5119
f 5116/1732/5120 5132/1748/5120 5133/1749/5120 5117/1733/5120
f 5117/1733/5121 5133/1749/5121 5134/1750/5121 5118/1734/5121
f 5118/1734/5122 5134/1750/5122 5135/1751/5122 5119/1735/5122
f 5119/1735/5123 5135/1751/5123 5136/1752/5123 5120/1736/5123
f 5120/1736/5124 5136/1752/5124 5137/1753/5124 5121/1737/5124
f 5121/1737/5125 5137/1753/5125 5138/1754/5125 5122/1738/5125
f 5122/1738/5126 5138/1754/5126 5139/1755/5126 5123/1739/5126
f 5123/1739/5127 5139/1755/5127 5140/1756/5127 5124/1740/5127
f 5124/1740/5128 5140/1756/5128 5141/1757/5128 5125/1741/5128
f 5125/1741/5129 5141/1757/5129 5142/1758/5129 5126/1742/5129
f 5126/1742/5130 5142/1758/5130 5143/1759/5130 5127/1743/5130
f 5127/1743/5131 5143/1759/5131 5144/1564/5131 5128/1563/5131
f 3523/1744/5132 3524/1760/5132 5145/1761/5132 5129/1745/5132
f 5129/1745/5133 5145/1761/5133 5146/1762/5133 5130/1746/5133
f 5130/1746/5134 5146/1762/5134 5147/1763/5134 5131/1747/5134
f 5131/1747/5135 5147/1763/5135 5148/1764/5135 5132/1748/5135
f 5132/1748/5136 5148/1764/5136 5149/1765/5136 5133/1749/5136
f 5133/1749/5137 5149/1765/5137 5150/1766/5137 5134/1750/5137
f 5134/1750/5138 5150/1766/5138 5151/1767/5138 5135/1751/5138
f 5135/1751/5139 5151/1767/5139 5152/1768/5139 5136/1752/5139
f 5136/1752/5140 5152/1768/5140 5153/1769/5140 5137/1753/5140
f 5137/1753/5141 5153/1769/5141 5154/1770/5141 5138/1754/5141
f 5138/1754/5142 5154/1770/5142 5155/1771/5142 5139/1755/5142
f 5139/1755/5143 5155/1771/5143 5156/1772/5143 5140/1756/5143
f 5140/1756/5144 5156/1772/5144 5157/1773/5144 5141/1757/5144
f 5141/1757/5145 5157/1773/5145 5158/1774/5145 5142/1758/5145
f 5142/1758/5146 5158/1774/5146 5159/1775/5146 5143/1759/5146
f 5143/1759/5147 5159/1775/5147 5160/1565/5147 5144/1564/5147
f 3524/1760/5148 3525/1776/5148 5161/1777/5148 5145/1761/5148
f 5145/1761/5149 5161/1777/5149 5162/1778/5149 5146/1762/5149
f 5146/1762/5150 5162/1778/5150 5163/1779/5150 5147/1763/5150
f 5147/1763/5151 5163/1779/5151 5164/1780/5151 5148/1764/5151
f 5148/1764/5152 5164/1780/5152 5165/1781/5152 5149/1765/5152
f 5149/1765/5153 5165/1781/5153 5166/1782/5153 5150/1766/5153
f 5150/1766/5154 5166/1782/5154 5167/1783/5154 5151/1767/5154
f 5151/1767/5155 5167/1783/5155 5168/1784/5155 5152/1768/5155
f 5152/1768/5156 5168/1784/5156 5169/1785/5156 5153/1769/5156
f 5153/1769/5157 5169/1785/5157 5170/1786/5157 5154/1770/5157
f 5154/1770/5158 5170/1786/5158 5171/1787/5158 5155/1771/5158
f 5155/1771/5159 5171/1787/5159 5172/1788/5159 5156/1772/5159
f 5156/1772/5160 5172/1788/5160 5173/1789/5160 5157/1773/5160
f 5157/1773/5161 5173/1789/5161 5174/1790/5161 5158/1774/5161
f 5158/1774/5162 5174/1790/5162 5175/1791/5162 5159/1775/5162
f 5159/1775/5163 5175/1791/5163 5176/1566/5163 5160/1565/5163
f 3525/1776/5164 3526/1792/5164 5177/1793/5164 5161/1777/5164
f 5161/1777/5165 5177/1793/5165 5178/1794/5165 5162/1778/5165
f 5162/1778/5166 5178/1794/5166 5179/1795/5166 5163/1779/5166
f 5163/1779/5167 5179/1795/5167 5180/1796/5167 5164/1780/5167
f 5164/1780/5168 5180/1796/5168 5181/1797/5168 5165/1781/5168
f 5165/1781/5169 5181/1797/5169 5182/1798/5169 5166/1782/5169
f 5166/1782/5170 5182/1798/5170 5183/1799/5170 5167/1783/5170
f 5167/1783/5171 5183/1799/5171 5184/1800/5171 5168/1784/5171
f 5168/1784/5172 5184/1800/5172 5185/1801/5172 5169/1785/5172
f 5169/1785/5173 5185/1801/5173 5186/1802/5173 5170/1786/5173
f 5170/1786/5174 5186/1802/5174 5187/1803/5174 5171/1787/5174
f 5171/1787/5175 5187/1803/5175 5188/1804/5175 5172/1788/5175
f 5172/1788/5176 5188/1804/5176 5189/1805/5176 5173/1789/5176
f 5173/1789/5177 5189/1805/5177 5190/1806/5177 5174/1790/5177
f 5174/1790/5178 5190/1806/5178 5191/1807/5178 5175/1791/5178
f 5175/1791/5179 5191/1807/5179 5192/1567/5179 5176/1566/5179
f 3526/1792/5180 3527/1808/5180 5193/1809/5180 5177/1793/5180
f 5177/1793/5181 5193/1809/5181 5194/1810/5181 5178/1794/5181
f 5178/1794/5182 5194/1810/5182 5195/1811/5182 5179/1795/5182
f 5179/1795/5183 5195/1811/5183 5196/1812/5183 5180/1796/5183
f 5180/1796/5184 5196/1812/5184 5197/1813/5184 5181/1797/5184
f 5181/1797/5185 5197/1813/5185 5198/1814/5185 5182/1798/5185
f 5182/1798/5186 5198/1814/5186 5199/1815/5186 5183/1799/5186
f 5183/1799/5187 5199/1815/5187 5200/1816/5187 5184/1800/5187
f 5184/1800/5188 5200/1816/5188 5201/1817/5188 5185/1801/5188
f 5185/1801/5189 5201/1817/5189 5202/1818/5189 5186/1802/5189
f 5186/1802/5190 5202/1818/5190 5203/1819/5190 5187/1803/5190
f 5187/1803/5191 5203/1819/5191 5204/1820/5191 5188/1804/5191
f 5188/1804/5192 5204/1820/5192 5205/1821/5192 5189/1805/5192
f 5189/1805/5193 5205/1821/5193 5206/1822/5193 5190/1806/5193
f 5190/1806/5194 5206/1822/5194 5207/1823/5194 5191/1807/5194
f 5191/1807/5195 5207/1823/5195 5208/1568/5195 5192/1567/5195
f 3527/1808/5196 3528/1824/5196 5209/1825/5196 5193/1809/5196
f 5193/1809/5197 5209/1825/5197 5210/1826/5197 5194/1810/5197
f 5194/1810/5198 5210/1826/5198 5211/1827/5198 5195/1811/5198
f 5195/1811/5199 5211/1827/5199 5212/1828/5199 5196/1812/5199
f 5196/1812/5200 5212/1828/5200 5213/1829/5200 5197/1813/5200
f 5197/1813/5201 5213/1829/5201 5214/1830/5201 5198/1814/5201
f 5198/1814/5202 5214/1830/5202 5215/1831/5202 5199/1815/5202
f 5199/1815/5203 5215/1831/5203 5216/1832/5203 5200/1816/5203
f 5200/1816/5204 5216/1832/5204 5217/1833/5204 5201/1817/5204
f 5201/1817/5205 5217/1833/5205 5218/1834/5205 5202/1818/5205
f 5202/1818/5206 5218/1834/5206 5219/1835/5206 5203/1819/5206
f 5203/1819/5207 5219/1835/5207 5220/1836/5207 5204/1820/5207
f 5204/1820/5208 5220/1836/5208 5221/1837/5208 5205/1821/5208
f 5205/1821/5209 5221/1837/5209 5222/1838/5209 5206/1822/5209
f 5206/1822/5210 5222/1838/5210 5223/1839/5210 5207/1823/5210
f 5207/1823/5211 5223/1839/5211 5224/15/5211 5208/1568/5211
f 3528/1824/5212 3490/9/5212 3529/1840/5212 5209/1825/5212
f 5209/1825/5213 3529/1840/5213 3530/1841/5213 5210/1826/5213
f 5210/1826/5214 3530/1841/5214 3531/1842/5214 5211/1827/5214
f 5211/1827/5215 3531/1842/5215 3532/1843/5215 5212/1828/5215
f 5212/1828/5216 3532/1843/5216 3533/1844/5216 5213/1829/5216
f 5213/1829/5217 3533/1844/5217 3534/1845/5217 5214/1830/5217
f 5214/1830/5218 3534/1845/5218 3535/1846/5218 5215/1831/5218
f 5215/1831/5219 3535/1846/5219 3536/1847/5219 5216/1832/5219
f 5216/1832/5220 3536/1847/5220 3537/1848/5220 5217/1833/5220
f 5217/1833/5221 3537/1848/5221 3538/1849/5221 5218/1834/5221
f 5218/1834/5222 3538/1849/5222 3539/1850/5222 5219/1835/5222
f 5219/1835/5223 3539/1850/5223 3540/1851/5223 5220/1836/5223
f 5220/1836/5224 3540/1851/5224 3541/1852/5224 5221/1837/5224
f 5221/1837/5225 3541/1852/5225 3542/1853/5225 5222/1838/5225
f 5222/1838/5226 3542/1853/5226 3543/1854/5226 5223/1839/5226
f 5223/1839/5227 3543/1854/5227 3544/16/5227 5224/15/5227
usemtl Material.012
f 5225/1/5228 5229/2/5228 5231/3/5228 5227/4/5228
f 5228/5/5229 5227/4/5229 5231/6/5229 5232/7/5229
f 5232/8/5230 5231/9/5230 5229/10/5230 5230/11/5230
f 5230/12/5231 5226/13/5231 5228/5/5231 5232/14/5231
f 5226/13/5232 5225/1/5232 5227/4/5232 5228/5/5232
f 5230/11/5233 5229/10/5233 5225/1/5233 5226/13/5233
