# Blender 5.2.0 LTS
# www.blender.org
mtllib 拉机柄.mtl
o 拉机柄
v -0.053192 -0.001225 -0.344479
v -0.053192 0.019151 -0.344479
v -0.053597 -0.001225 -0.347313
v -0.042802 -0.001225 -0.344479
v -0.050224 -0.001225 -0.356759
v -0.051708 -0.001225 -0.354735
v -0.051708 -0.009186 -0.354735
v -0.049684 -0.001225 -0.359187
v -0.050224 -0.009186 -0.356759
v -0.049684 -0.009186 -0.359187
v -0.053462 -0.011885 -0.356759
v -0.052517 -0.011885 -0.359053
v -0.052787 -0.011885 -0.357838
v -0.059129 -0.011885 -0.360672
v -0.053058 -0.011885 -0.362831
v -0.054407 -0.011885 -0.366474
v -0.067091 -0.011885 -0.364046
v -0.056431 -0.011885 -0.369713
v -0.058590 -0.006892 -0.354329
v -0.064392 -0.006892 -0.357703
v -0.058590 -0.001225 -0.354329
v -0.058590 0.019151 -0.354329
v -0.064392 0.039662 -0.357703
v -0.070869 -0.006892 -0.359863
v -0.070869 0.039662 -0.359863
v -0.075592 -0.011885 -0.365800
v -0.077617 -0.006892 -0.360942
v -0.080451 0.006602 -0.360942
v -0.076807 0.010785 -0.360807
v -0.075458 0.016317 -0.360672
v -0.079371 0.016453 -0.363776
v -0.076807 0.021985 -0.360807
v -0.080316 0.020501 -0.363776
v -0.080451 0.026169 -0.360942
v -0.083014 0.023739 -0.363776
v -0.084498 0.028192 -0.360672
v -0.077617 0.039662 -0.360942
v -0.084498 0.039662 -0.360672
v -0.075592 0.044654 -0.365800
v -0.084229 0.044654 -0.365800
v -0.092730 0.044654 -0.363911
v -0.080316 0.044654 -0.388335
v -0.077751 0.044654 -0.384152
v -0.074513 0.044654 -0.380508
v -0.072624 0.041957 -0.382668
v -0.070464 0.044654 -0.377675
v -0.069115 0.041957 -0.380239
v -0.065202 0.041957 -0.378619
v -0.069115 0.019151 -0.380239
v -0.065202 0.019151 -0.378619
v -0.042802 0.019151 -0.414783
v -0.061019 0.019151 -0.377000
v -0.057376 0.019151 -0.374570
v -0.061019 0.041957 -0.377000
v -0.057376 0.041957 -0.374570
v -0.065877 0.044654 -0.375920
v -0.062233 0.044654 -0.374570
v -0.067091 0.044654 -0.364046
v -0.059129 0.044654 -0.372412
v -0.056431 0.044654 -0.369713
v -0.059129 0.044654 -0.360672
v -0.054272 0.041957 -0.371467
v -0.054407 0.044654 -0.366474
v -0.053058 0.044654 -0.362831
v -0.050359 0.041957 -0.363505
v -0.051843 0.041957 -0.367689
v -0.050359 0.019151 -0.363505
v -0.051843 0.019151 -0.367689
v -0.054272 0.019151 -0.371467
v -0.049684 0.019151 -0.359187
v -0.049684 0.041957 -0.359187
v -0.042802 0.019151 -0.344479
v -0.050224 0.019151 -0.356759
v -0.050224 0.041957 -0.356759
v -0.051708 0.019151 -0.354735
v -0.053597 0.019151 -0.347313
v -0.054677 -0.001225 -0.350011
v -0.054677 0.019151 -0.350011
v -0.056295 -0.001225 -0.352306
v -0.056295 0.019151 -0.352306
v -0.053867 0.019151 -0.353520
v -0.056295 0.040201 -0.353385
v -0.053867 0.041957 -0.353520
v -0.056295 0.019151 -0.353385
v -0.051708 0.041957 -0.354735
v -0.053462 0.044654 -0.356759
v -0.052787 0.044654 -0.357838
v -0.058590 0.039662 -0.354329
v -0.052517 0.044654 -0.359053
v -0.053867 -0.001225 -0.353520
v -0.056295 -0.001225 -0.353385
v -0.056295 -0.007432 -0.353385
v -0.053867 -0.009186 -0.353520
v -0.042802 -0.001225 -0.414783
v -0.042802 0.019151 -0.340296
v 0.000919 0.019151 -0.414783
v 0.000919 -0.001225 -0.414783
v 0.000919 0.019151 -0.442311
v 0.000919 0.019151 -0.462417
v -0.055891 0.019151 -0.427062
v -0.054677 0.019151 -0.431381
v -0.050493 0.019151 -0.455400
v -0.060614 0.019151 -0.419641
v -0.057915 0.019151 -0.423150
v -0.067900 0.019151 -0.414648
v -0.063988 0.019151 -0.416807
v -0.074648 0.019151 -0.409520
v -0.071544 0.019151 -0.412489
v -0.078696 0.019151 -0.402099
v -0.077077 0.019151 -0.406012
v -0.078966 0.019151 -0.393598
v -0.079236 0.019151 -0.397781
v -0.075592 0.019151 -0.385771
v -0.077751 0.019151 -0.389415
v -0.072624 0.019151 -0.382668
v -0.054407 0.019151 -0.399940
v -0.053732 0.019151 -0.397106
v -0.049009 0.019151 -0.369848
v -0.047390 0.019151 -0.365125
v -0.046446 0.019151 -0.418157
v -0.050898 0.019151 -0.415323
v -0.042802 0.019151 -0.421934
v -0.046850 0.019151 -0.360268
v -0.001375 0.019151 -0.464576
v 0.000109 0.019151 -0.464172
v -0.056161 0.019151 -0.402099
v -0.012980 0.019151 -0.436373
v -0.039833 0.019151 -0.426388
v -0.037944 0.019151 -0.431246
v -0.037135 0.019151 -0.436508
v -0.011630 0.022120 -0.436373
v 0.000919 0.019151 -0.436373
v -0.011630 0.022120 -0.458504
v -0.012980 0.019151 -0.458504
v -0.016488 0.019151 -0.461742
v -0.023506 0.019151 -0.461742
v -0.026069 0.019151 -0.461338
v -0.028768 0.019151 -0.460258
v -0.030927 0.019151 -0.458233
v -0.032411 0.019151 -0.456074
v -0.036730 0.019151 -0.446764
v -0.037404 0.019151 -0.444335
v -0.037404 0.019151 -0.441772
v -0.040238 0.021985 -0.441231
v -0.040238 0.021985 -0.444740
v -0.039294 0.021985 -0.447978
v -0.039294 0.041957 -0.447978
v -0.040238 0.041957 -0.444740
v -0.040238 0.041957 -0.441231
v -0.036730 0.044654 -0.446764
v -0.037539 0.044654 -0.441772
v -0.037404 0.044654 -0.444335
v -0.014464 0.044654 -0.419101
v -0.037269 0.044654 -0.436508
v -0.019862 0.044654 -0.417212
v -0.012710 0.042901 -0.417617
v -0.014464 0.044654 -0.458369
v -0.022965 0.044654 -0.458369
v -0.034975 0.044654 -0.450677
v -0.032951 0.044654 -0.453915
v -0.030117 0.044654 -0.456345
v -0.026743 0.044654 -0.457829
v -0.026339 0.038717 -0.464306
v -0.033086 0.040607 -0.460123
v -0.030117 0.039662 -0.462687
v -0.030252 0.021985 -0.462551
v -0.033491 0.021985 -0.459718
v -0.034975 0.021985 -0.457289
v -0.036730 0.041957 -0.453511
v -0.034975 0.041417 -0.457289
v -0.026339 0.021985 -0.464306
v -0.023506 0.021985 -0.464576
v -0.023506 0.038313 -0.464576
v -0.003669 0.034939 -0.464576
v -0.007987 0.033455 -0.464576
v -0.011766 0.031026 -0.464576
v -0.015139 0.027922 -0.464576
v -0.017568 0.024009 -0.464576
v -0.012710 0.042901 -0.460123
v -0.009336 0.041011 -0.462012
v -0.005558 0.040336 -0.462687
v 0.000919 0.038313 -0.464576
v 0.005506 0.034939 -0.464576
v 0.000919 0.035344 -0.464576
v 0.000919 0.040336 -0.462687
v 0.007396 0.040336 -0.462687
v 0.025343 0.038313 -0.464576
v 0.011174 0.041011 -0.462012
v 0.025343 0.021985 -0.464576
v 0.028177 0.021985 -0.464306
v 0.028177 0.038717 -0.464306
v 0.019406 0.024009 -0.464576
v 0.016977 0.027922 -0.464576
v 0.013604 0.031026 -0.464576
v 0.009824 0.033455 -0.464576
v 0.024803 0.044654 -0.458369
v 0.014548 0.042901 -0.460123
v 0.011174 0.041011 -0.416537
v 0.014548 0.042901 -0.417617
v 0.016302 0.044654 -0.458369
v 0.016302 0.044654 -0.419101
v 0.021700 0.044654 -0.417212
v 0.038567 0.044654 -0.446764
v 0.039242 0.044654 -0.444335
v 0.039377 0.044654 -0.441772
v 0.039107 0.044654 -0.436508
v 0.036813 0.044654 -0.450677
v 0.034789 0.044654 -0.453915
v 0.031955 0.044654 -0.456345
v 0.028581 0.044654 -0.457829
v 0.031955 0.039662 -0.462687
v 0.034924 0.040607 -0.460123
v 0.035329 0.021985 -0.459718
v 0.036813 0.021985 -0.457289
v 0.036813 0.041417 -0.457289
v 0.038567 0.041957 -0.453511
v 0.041131 0.041957 -0.447978
v 0.041131 0.021985 -0.447978
v 0.038567 0.019151 -0.446764
v 0.034249 0.019151 -0.456074
v 0.042075 0.021985 -0.444740
v 0.042075 0.021985 -0.441231
v 0.042075 0.041957 -0.444741
v 0.039242 0.019151 -0.441772
v 0.039242 0.019151 -0.444335
v 0.014817 0.019151 -0.436373
v 0.044640 0.019151 -0.414783
v 0.044640 0.019151 -0.421934
v 0.013468 0.022120 -0.436373
v 0.013468 0.022120 -0.458504
v 0.014817 0.019151 -0.458504
v 0.018326 0.019151 -0.461742
v 0.041671 0.019151 -0.426388
v 0.039782 0.019151 -0.431246
v 0.038972 0.019151 -0.436509
v 0.032764 0.019151 -0.458233
v 0.030606 0.019151 -0.460258
v 0.027906 0.019151 -0.461338
v 0.025343 0.019151 -0.461742
v 0.020350 0.021985 -0.464576
v 0.032090 0.021985 -0.462552
v 0.041806 0.021985 -0.436643
v 0.042616 0.021985 -0.431920
v 0.041806 0.041957 -0.436643
v 0.042075 0.041957 -0.441231
v 0.042616 0.041957 -0.431921
v 0.039916 0.044654 -0.431246
v 0.041806 0.044654 -0.426388
v 0.034384 0.044654 -0.411005
v 0.044235 0.041957 -0.427602
v 0.046799 0.041957 -0.423689
v 0.044640 0.044654 -0.421934
v 0.048283 0.044654 -0.418157
v 0.052736 0.044654 -0.415323
v 0.050172 0.041957 -0.420316
v 0.045314 0.044654 -0.402099
v 0.054895 0.044654 -0.400479
v 0.054085 0.044654 -0.397107
v 0.048418 0.038583 -0.389009
v 0.053815 0.044654 -0.391439
v 0.040591 0.038583 -0.398725
v 0.040591 0.029541 -0.398725
v 0.030740 0.038583 -0.406552
v 0.030740 0.029541 -0.406552
v 0.019406 0.029541 -0.411949
v 0.051521 0.029541 -0.360268
v 0.052061 0.029541 -0.364586
v 0.051521 0.021985 -0.360268
v 0.052061 0.021985 -0.364586
v 0.053411 0.029541 -0.368634
v 0.048418 0.029541 -0.389009
v 0.053950 0.029541 -0.377810
v 0.053950 0.038583 -0.377810
v 0.055974 0.029541 -0.375650
v 0.055974 0.039932 -0.375650
v 0.059753 0.044654 -0.379563
v 0.057054 0.044654 -0.390899
v 0.060292 0.044654 -0.389415
v 0.060967 0.044654 -0.380239
v 0.058404 0.042226 -0.375516
v 0.062451 0.041957 -0.377810
v 0.058808 0.029541 -0.375516
v 0.062451 0.021985 -0.377810
v 0.067444 0.044654 -0.382668
v 0.068389 0.041957 -0.380103
v 0.075001 0.041957 -0.384287
v 0.068389 0.021985 -0.380104
v 0.075001 0.021985 -0.384287
v 0.072977 0.019151 -0.386311
v 0.067309 0.019151 -0.382668
v 0.065960 0.019151 -0.392113
v 0.063396 0.019151 -0.390899
v 0.061102 0.019151 -0.380374
v 0.058808 0.021985 -0.375516
v 0.056919 0.019151 -0.377675
v 0.060563 0.019151 -0.390899
v 0.057998 0.019151 -0.392113
v 0.057998 0.043170 -0.392113
v 0.060563 0.043170 -0.390899
v 0.063396 0.043170 -0.390899
v 0.063800 0.044654 -0.389415
v 0.065960 0.043170 -0.392113
v 0.066904 0.044654 -0.390898
v 0.067850 0.019151 -0.394273
v 0.067850 0.043170 -0.394273
v 0.069199 0.044654 -0.393732
v 0.068389 0.019151 -0.397106
v 0.068389 0.043170 -0.397106
v 0.069874 0.044654 -0.397106
v 0.067850 0.019151 -0.399940
v 0.067850 0.043170 -0.399940
v 0.069199 0.044654 -0.400479
v 0.077295 0.044654 -0.398591
v 0.075271 0.044654 -0.404933
v 0.066904 0.044654 -0.403313
v 0.070683 0.044654 -0.409790
v 0.063800 0.044654 -0.404797
v 0.065960 0.043170 -0.402099
v 0.063396 0.043170 -0.403313
v 0.065960 0.019151 -0.402099
v 0.063396 0.019151 -0.403313
v 0.060563 0.019151 -0.403313
v 0.064610 0.019151 -0.412220
v 0.070683 0.019151 -0.409790
v 0.072302 0.021985 -0.412084
v 0.075271 0.019151 -0.404933
v 0.077295 0.019151 -0.398591
v 0.077699 0.021985 -0.406281
v 0.077699 0.041957 -0.406281
v 0.080129 0.021985 -0.398860
v 0.072302 0.041957 -0.412084
v 0.065016 0.041957 -0.415053
v 0.064610 0.044654 -0.412220
v 0.057729 0.044654 -0.413433
v 0.058404 0.041957 -0.416132
v 0.060292 0.044654 -0.404797
v 0.057054 0.044654 -0.403313
v 0.060563 0.043170 -0.403313
v 0.057998 0.019151 -0.402099
v 0.057998 0.043170 -0.402099
v 0.056245 0.043170 -0.399940
v 0.056245 0.019151 -0.399940
v 0.055570 0.019151 -0.397106
v 0.050846 0.019151 -0.369848
v 0.055570 0.043170 -0.397106
v 0.056245 0.019151 -0.394273
v 0.056245 0.043170 -0.394273
v 0.053545 0.019151 -0.374166
v 0.055704 0.021985 -0.372412
v 0.053411 0.021985 -0.368634
v 0.055704 0.029541 -0.372412
v 0.054895 0.044654 -0.393733
v 0.049227 0.019151 -0.365125
v 0.048687 0.019151 -0.360268
v 0.044640 0.019151 -0.311419
v 0.048687 0.019151 -0.316547
v 0.051521 0.021985 -0.312903
v 0.048687 0.019151 -0.311419
v 0.050037 0.020366 -0.311419
v 0.051521 0.029541 -0.320595
v 0.028177 0.029541 -0.320595
v 0.028177 0.020366 -0.311419
v 0.028177 0.029541 -0.273906
v 0.028177 -0.002574 -0.311419
v 0.044640 -0.001225 -0.311419
v 0.051521 -0.001225 -0.311419
v 0.044640 -0.001225 -0.414783
v 0.051521 -0.001225 -0.360268
v 0.051521 -0.002574 -0.311419
v 0.051521 -0.009457 -0.360268
v 0.051521 -0.009457 -0.318300
v 0.049227 -0.011885 -0.320730
v 0.028177 -0.011885 -0.320730
v 0.049227 -0.011885 -0.360268
v 0.000919 -0.011885 -0.397106
v 0.006721 -0.011885 -0.315602
v 0.049632 -0.011885 -0.365125
v 0.052061 -0.009457 -0.364586
v 0.052061 -0.001225 -0.364586
v 0.053411 -0.001225 -0.368634
v 0.053411 -0.009457 -0.368634
v 0.055704 -0.001225 -0.372412
v 0.055704 -0.009457 -0.372412
v 0.051251 -0.011885 -0.369713
v 0.053950 -0.011885 -0.397106
v 0.054760 -0.011885 -0.393598
v 0.053815 -0.011885 -0.373896
v 0.057189 -0.011885 -0.377270
v 0.056919 -0.011885 -0.390764
v 0.057998 -0.010266 -0.392113
v 0.060563 -0.010266 -0.390899
v 0.060157 -0.011885 -0.389145
v 0.056245 -0.010266 -0.394273
v 0.056245 0.038717 -0.394273
v 0.059078 -0.011885 -0.393463
v 0.055570 -0.010266 -0.397106
v 0.055570 -0.001225 -0.397106
v 0.057324 -0.011885 -0.397106
v 0.055570 0.038717 -0.397106
v 0.057729 -0.011885 -0.395082
v 0.056245 -0.001225 -0.394273
v 0.057998 -0.001225 -0.392113
v 0.060563 -0.001225 -0.390899
v 0.058808 -0.001225 -0.375516
v 0.058808 -0.009457 -0.375516
v 0.062451 -0.001225 -0.377810
v 0.062451 -0.009457 -0.377810
v 0.068389 -0.001225 -0.380103
v 0.063396 -0.001225 -0.390899
v 0.063396 -0.010266 -0.390899
v 0.065960 -0.001225 -0.392113
v 0.065960 -0.010266 -0.392113
v 0.067714 0.038717 -0.394273
v 0.065960 0.038717 -0.392113
v 0.064881 -0.011885 -0.393463
v 0.066230 -0.011885 -0.395082
v 0.067850 -0.010266 -0.394273
v 0.067040 -0.011885 -0.390764
v 0.063396 0.038717 -0.390898
v 0.060563 0.038717 -0.390898
v 0.060832 0.039932 -0.391978
v 0.063126 0.039932 -0.391978
v 0.065285 0.039932 -0.392923
v 0.063800 0.039932 -0.394812
v 0.066769 0.039932 -0.394812
v 0.064610 0.039932 -0.395891
v 0.067309 0.039932 -0.397106
v 0.068389 0.038717 -0.397106
v 0.068389 -0.010266 -0.397106
v 0.067850 -0.010266 -0.399940
v 0.067714 0.038717 -0.399940
v 0.066769 0.039932 -0.399400
v 0.065285 0.039932 -0.401154
v 0.064610 0.039932 -0.398320
v 0.064881 0.028597 -0.397106
v 0.064610 0.028597 -0.398320
v 0.063800 0.039932 -0.399400
v 0.064881 0.039932 -0.397106
v 0.064610 0.028597 -0.395891
v 0.062047 0.028597 -0.397106
v 0.063800 0.028597 -0.394812
v 0.062586 0.028597 -0.394273
v 0.061372 0.028597 -0.394273
v 0.062586 0.039932 -0.394273
v 0.061372 0.039932 -0.394273
v 0.060157 0.039932 -0.394812
v 0.060157 0.028597 -0.394812
v 0.059482 0.028597 -0.395891
v 0.059482 0.039932 -0.395891
v 0.059078 0.028597 -0.397106
v 0.059482 0.028597 -0.398320
v 0.059078 0.039932 -0.397106
v 0.056784 0.039932 -0.397106
v 0.057189 0.039932 -0.394812
v 0.057189 0.039932 -0.399400
v 0.059482 0.039932 -0.398320
v 0.060157 0.028597 -0.399400
v 0.060157 0.039932 -0.399400
v 0.061372 0.028597 -0.399940
v 0.058673 0.039932 -0.401154
v 0.061372 0.039932 -0.399940
v 0.060832 0.039932 -0.402234
v 0.063126 0.039932 -0.402234
v 0.062586 0.039932 -0.399940
v 0.062586 0.028597 -0.399940
v 0.063800 0.028597 -0.399400
v 0.060563 0.038717 -0.403313
v 0.065960 0.038717 -0.402099
v 0.063396 0.038717 -0.403313
v 0.060563 -0.010266 -0.403313
v 0.063396 -0.010266 -0.403313
v 0.063800 -0.011885 -0.404933
v 0.065960 -0.001225 -0.402099
v 0.063396 -0.001225 -0.403313
v 0.060967 -0.011885 -0.401694
v 0.060157 -0.011885 -0.404933
v 0.064881 -0.011885 -0.400750
v 0.062991 -0.011885 -0.401694
v 0.065960 -0.010266 -0.402099
v 0.067040 -0.011885 -0.403448
v 0.066230 -0.011885 -0.399130
v 0.067850 -0.001225 -0.399940
v 0.068389 -0.001225 -0.397106
v 0.077699 -0.001225 -0.406281
v 0.080129 -0.001225 -0.398860
v 0.079184 -0.001225 -0.391034
v 0.079184 -0.009457 -0.391034
v 0.080129 -0.009457 -0.398860
v 0.077699 -0.011885 -0.398591
v 0.075676 -0.011885 -0.405068
v 0.077699 -0.009457 -0.406281
v 0.072302 -0.009457 -0.412084
v 0.072302 -0.001225 -0.412084
v 0.070953 -0.011885 -0.410060
v 0.064610 -0.011885 -0.412624
v 0.057594 -0.011885 -0.413839
v 0.065016 -0.009457 -0.415053
v 0.058404 -0.009457 -0.416133
v 0.054085 -0.009457 -0.417752
v 0.054085 -0.001225 -0.417752
v 0.058404 -0.001225 -0.416132
v 0.065016 -0.001225 -0.415053
v 0.060563 -0.001225 -0.403313
v 0.057998 -0.010266 -0.402099
v 0.057998 -0.001225 -0.402099
v 0.056245 -0.001225 -0.399940
v 0.056245 -0.010266 -0.399940
v 0.056919 -0.011885 -0.403448
v 0.054760 -0.011885 -0.400614
v 0.056245 0.038717 -0.399940
v 0.057729 -0.011885 -0.399130
v 0.057998 0.038717 -0.402099
v 0.059078 -0.011885 -0.400750
v 0.062047 -0.011885 -0.397106
v 0.062991 -0.011885 -0.392518
v 0.060967 -0.011885 -0.392518
v 0.066769 -0.011885 -0.397106
v 0.052601 -0.011885 -0.415863
v 0.048148 -0.011885 -0.418831
v 0.046799 -0.009457 -0.423689
v 0.044504 -0.011885 -0.422744
v 0.050172 -0.009457 -0.420316
v 0.050172 -0.001225 -0.420316
v 0.046799 -0.001225 -0.423689
v 0.044235 -0.001225 -0.427602
v 0.044235 -0.009457 -0.427602
v 0.042616 -0.001225 -0.431921
v 0.042616 -0.009457 -0.431921
v 0.041806 -0.001225 -0.436643
v 0.042075 -0.001225 -0.441232
v 0.041806 -0.009457 -0.436643
v 0.042075 -0.009457 -0.441231
v 0.039377 -0.011885 -0.437858
v 0.039916 -0.011885 -0.432461
v 0.041671 -0.011885 -0.427333
v 0.039916 -0.011885 -0.442581
v 0.042075 -0.009726 -0.444740
v 0.039916 -0.011885 -0.444200
v 0.039512 -0.011885 -0.445819
v 0.041131 -0.009457 -0.447978
v 0.036813 -0.011885 -0.451622
v 0.038297 -0.009457 -0.454051
v 0.035329 -0.011885 -0.453781
v 0.036813 -0.008917 -0.457289
v 0.033439 -0.011885 -0.455536
v 0.035329 -0.007972 -0.459718
v 0.031146 -0.011885 -0.456480
v 0.033304 -0.006892 -0.461742
v 0.028581 -0.011885 -0.456885
v -0.026743 -0.011885 -0.456885
v -0.023506 -0.004193 -0.464576
v 0.030876 -0.005408 -0.463362
v 0.028177 -0.004464 -0.464306
v 0.025343 -0.004193 -0.464576
v -0.023506 -0.001225 -0.464576
v 0.025343 -0.001225 -0.464576
v 0.028177 -0.001225 -0.464306
v 0.030876 -0.001225 -0.463362
v 0.033304 -0.001225 -0.461742
v 0.035329 -0.001225 -0.459718
v 0.036813 -0.001225 -0.457289
v 0.041131 -0.001225 -0.447978
v 0.042075 -0.001225 -0.444740
v 0.052331 -0.001225 -0.455400
v 0.052466 -0.001225 -0.458774
v 0.060023 0.019151 -0.464576
v 0.025209 0.019151 -0.464576
v 0.023319 -0.001225 -0.464306
v 0.054085 -0.001225 -0.461742
v 0.056784 -0.001225 -0.463901
v 0.060023 -0.001225 -0.464576
v 0.073787 -0.001359 -0.464576
v 0.061776 -0.007972 -0.464576
v 0.060023 -0.008647 -0.464576
v 0.056784 -0.009186 -0.463901
v 0.060292 -0.011885 -0.460393
v 0.063800 -0.011885 -0.458638
v 0.064881 -0.011885 -0.449868
v 0.057594 -0.011885 -0.460258
v 0.054085 -0.009186 -0.461742
v 0.055840 -0.011885 -0.458638
v 0.055164 -0.011885 -0.456210
v 0.052466 -0.009186 -0.458774
v 0.052331 -0.009186 -0.455400
v 0.055435 -0.011885 -0.453241
v 0.056514 -0.009186 -0.431381
v 0.057729 -0.009186 -0.427062
v 0.056514 -0.001225 -0.431381
v 0.060292 -0.011885 -0.428143
v 0.059213 -0.011885 -0.431786
v 0.060698 -0.011885 -0.444470
v 0.060698 -0.011885 -0.441097
v 0.062182 -0.011885 -0.437993
v 0.062586 -0.009996 -0.441501
v 0.063666 -0.009996 -0.439207
v 0.065690 -0.009996 -0.437588
v 0.064881 -0.011885 -0.435699
v 0.068253 -0.011885 -0.435024
v 0.062047 -0.011885 -0.424634
v 0.064476 -0.011885 -0.421530
v 0.059753 -0.009186 -0.423150
v 0.062451 -0.009186 -0.419641
v 0.059753 -0.001225 -0.423150
v 0.057729 -0.001225 -0.427062
v 0.062451 -0.001225 -0.419641
v 0.065825 -0.001225 -0.416807
v 0.065825 -0.009186 -0.416807
v 0.067444 -0.011885 -0.419101
v 0.069738 -0.009186 -0.414648
v 0.075001 -0.011885 -0.414648
v 0.073381 -0.009186 -0.412489
v 0.069738 -0.001225 -0.414648
v 0.070818 -0.011885 -0.417212
v 0.077295 -0.011885 -0.423284
v 0.104553 -0.008242 -0.378754
v 0.076351 -0.011885 -0.426658
v 0.101314 -0.011885 -0.377000
v 0.081343 -0.011885 -0.407362
v 0.078645 -0.011885 -0.411409
v 0.079994 -0.008242 -0.426793
v 0.080533 -0.008242 -0.424904
v 0.080533 0.041011 -0.424904
v 0.093353 0.016317 -0.400210
v 0.098076 0.007277 -0.391304
v 0.095647 0.009031 -0.395891
v 0.094028 0.012269 -0.399130
v 0.082153 0.012269 -0.363776
v 0.081208 0.016453 -0.363776
v 0.078645 0.010784 -0.360807
v 0.077295 0.016317 -0.360672
v 0.078645 0.021985 -0.360807
v 0.094028 0.020501 -0.399130
v 0.082153 0.020501 -0.363776
v 0.095647 0.023738 -0.395891
v 0.084851 0.023739 -0.363776
v 0.082288 0.026169 -0.360942
v 0.072707 0.039662 -0.359863
v 0.079454 0.039662 -0.360942
v 0.086201 0.028192 -0.360672
v 0.088630 0.025494 -0.363236
v 0.092948 0.028732 -0.359053
v 0.086201 0.039662 -0.360672
v 0.094568 0.044654 -0.363911
v 0.092948 0.039662 -0.359053
v 0.086066 0.044654 -0.365800
v 0.077430 0.044654 -0.365800
v 0.076351 0.044654 -0.380508
v 0.079589 0.044654 -0.384152
v 0.082018 0.044654 -0.388335
v 0.077430 0.041957 -0.385771
v 0.079589 0.041957 -0.389415
v 0.083502 0.044654 -0.393057
v 0.101314 0.044654 -0.377000
v 0.083907 0.044654 -0.397916
v 0.080803 0.041957 -0.393598
v 0.081073 0.041957 -0.397781
v 0.079589 0.019151 -0.389415
v 0.080803 0.019151 -0.393598
v 0.081073 0.019151 -0.397781
v 0.080533 0.041957 -0.402099
v 0.080533 0.019151 -0.402099
v 0.078914 0.041957 -0.406012
v 0.078914 0.019151 -0.406012
v 0.076485 0.019151 -0.409520
v 0.076485 0.041957 -0.409520
v 0.081343 0.044654 -0.407362
v 0.073381 0.041957 -0.412489
v 0.075001 0.044654 -0.414648
v 0.078645 0.044654 -0.411409
v 0.077295 0.044654 -0.423284
v 0.104553 0.041011 -0.378754
v 0.070818 0.044654 -0.417212
v 0.067444 0.044654 -0.419101
v 0.076351 0.044654 -0.426658
v 0.079994 0.041011 -0.426793
v 0.080398 -0.008242 -0.428681
v 0.080398 0.041011 -0.428681
v 0.081479 0.041011 -0.430302
v 0.076890 0.044654 -0.430166
v 0.079049 0.044654 -0.433000
v 0.081479 -0.008242 -0.430302
v 0.079049 -0.011885 -0.433000
v 0.083097 -0.008242 -0.431246
v 0.082018 -0.011885 -0.434754
v 0.085526 -0.011885 -0.435024
v 0.084987 -0.008242 -0.431381
v 0.083097 0.041011 -0.431246
v 0.082018 0.044654 -0.434754
v 0.085526 0.044654 -0.435024
v 0.084987 0.041011 -0.431381
v 0.086876 0.041011 -0.430706
v 0.086876 -0.008242 -0.430706
v 0.088900 -0.011885 -0.433675
v 0.092678 0.018341 -0.426793
v 0.092678 0.014428 -0.426793
v 0.149893 -0.008242 -0.388875
v 0.099830 0.007546 -0.422070
v 0.096592 0.008491 -0.424228
v 0.094028 0.010920 -0.425848
v 0.105632 0.010920 -0.443391
v 0.108197 0.008491 -0.441772
v 0.108736 0.005792 -0.444875
v 0.105363 0.009031 -0.447169
v 0.104283 0.014428 -0.444335
v 0.103473 0.013754 -0.448518
v 0.104283 0.018342 -0.444335
v 0.105632 0.021851 -0.443391
v 0.105363 0.023739 -0.447169
v 0.103473 0.019017 -0.448518
v 0.094837 0.031296 -0.454186
v 0.094837 0.001474 -0.454186
v 0.113054 0.004578 -0.442176
v 0.092274 -0.000146 -0.453915
v 0.083637 -0.011885 -0.445550
v 0.163117 0.001474 -0.408981
v 0.155695 -0.011885 -0.397781
v 0.151917 -0.011885 -0.391978
v 0.159069 -0.011885 -0.395082
v 0.165680 0.001338 -0.406821
v 0.168649 0.000394 -0.402773
v 0.165680 0.004578 -0.406821
v 0.168649 0.004578 -0.402773
v 0.165951 0.007546 -0.401289
v 0.170404 0.005252 -0.398051
v 0.171483 0.008221 -0.392113
v 0.167704 0.007816 -0.396971
v 0.170404 -0.001225 -0.398051
v 0.171754 -0.003519 -0.391034
v 0.161902 -0.011885 -0.391708
v 0.154211 -0.011885 -0.390089
v 0.156100 -0.011885 -0.387795
v 0.163927 -0.011885 -0.387795
v 0.165141 -0.011885 -0.383612
v 0.158394 -0.011885 -0.382262
v 0.157449 -0.011885 -0.385231
v 0.172967 -0.004059 -0.385096
v 0.177285 -0.004059 -0.362291
v 0.174991 0.006602 -0.374032
v 0.174317 0.008625 -0.377944
v 0.173778 0.011999 -0.380644
v 0.172157 0.011865 -0.389009
v 0.171754 0.010920 -0.375516
v 0.172293 0.009571 -0.372816
v 0.160283 0.012539 -0.374841
v 0.171348 0.013349 -0.377540
v 0.173507 0.016317 -0.381588
v 0.171213 0.016317 -0.378214
v 0.162307 0.016317 -0.376460
v 0.169864 0.012539 -0.389280
v 0.170134 0.016317 -0.388335
v 0.171348 0.019421 -0.377540
v 0.160283 0.020231 -0.374841
v 0.169864 0.020231 -0.389280
v 0.171483 0.024549 -0.392113
v 0.168920 0.023335 -0.392383
v 0.172157 0.020366 -0.388739
v 0.172428 0.016317 -0.387795
v 0.173778 0.020770 -0.380644
v 0.171754 0.021851 -0.375516
v 0.174317 0.024144 -0.377944
v 0.174991 0.026168 -0.374032
v 0.172967 0.036828 -0.385096
v 0.163927 0.044654 -0.387795
v 0.165141 0.044654 -0.383612
v 0.177285 0.036828 -0.362291
v 0.171754 0.036289 -0.391034
v 0.161902 0.044654 -0.391708
v 0.169864 0.033455 -0.399670
v 0.169864 0.027788 -0.399670
v 0.166760 0.031700 -0.405607
v 0.159069 0.044654 -0.395082
v 0.155695 0.044654 -0.397781
v 0.154211 0.044654 -0.390089
v 0.151917 0.044654 -0.391978
v 0.151647 0.041011 -0.387525
v 0.088900 0.044654 -0.433675
v 0.149893 0.041011 -0.388875
v 0.099830 0.025223 -0.422070
v 0.149893 0.025223 -0.388875
v 0.164196 0.025223 -0.404122
v 0.152997 0.025223 -0.385771
v 0.161498 0.025223 -0.406552
v 0.111435 0.025224 -0.439612
v 0.163117 0.028192 -0.408981
v 0.113054 0.028192 -0.442176
v 0.163117 0.031296 -0.408981
v 0.166760 0.028192 -0.405607
v 0.108736 0.026978 -0.444875
v 0.108197 0.024279 -0.441772
v 0.096592 0.024279 -0.424228
v 0.094028 0.021850 -0.425848
v 0.167300 0.025088 -0.398186
v 0.155425 0.024954 -0.378350
v 0.154750 0.041011 -0.381588
v 0.154075 0.041011 -0.383747
v 0.152997 0.041011 -0.385771
v 0.156100 0.044654 -0.387795
v 0.157449 0.044654 -0.385231
v 0.158394 0.044654 -0.382262
v 0.162307 0.044654 -0.361752
v 0.170538 0.044654 -0.355950
v 0.162442 0.044654 -0.359728
v 0.158799 0.041011 -0.360942
v 0.158799 -0.008242 -0.359863
v 0.156640 0.022390 -0.372007
v 0.158124 0.021851 -0.364046
v 0.157584 0.023199 -0.366745
v 0.157044 0.023199 -0.369848
v 0.158529 0.019421 -0.362157
v 0.158799 0.041011 -0.359863
v 0.158799 -0.008242 -0.360942
v 0.158664 0.016317 -0.361481
v 0.158529 0.013349 -0.362157
v 0.173912 0.016317 -0.364450
v 0.173778 0.019421 -0.365125
v 0.173778 0.013349 -0.365125
v 0.176611 0.008625 -0.365800
v 0.173372 0.010920 -0.367015
v 0.177151 0.012000 -0.362966
v 0.177691 -0.004598 -0.357703
v 0.177421 0.016317 -0.362021
v 0.177151 0.020771 -0.362966
v 0.177691 0.037368 -0.357703
v 0.177016 0.038987 -0.353116
v 0.170808 0.044654 -0.352171
v 0.175262 0.040337 -0.348798
v 0.177016 -0.006217 -0.353116
v 0.170538 -0.011885 -0.355950
v 0.170808 -0.011885 -0.352171
v 0.175262 -0.007567 -0.348798
v 0.172563 0.041011 -0.345019
v 0.172563 -0.008242 -0.345019
v 0.169864 -0.011885 -0.348932
v 0.167839 -0.011885 -0.345964
v 0.161498 -0.011885 -0.356084
v 0.158933 -0.011885 -0.353250
v 0.162442 -0.011885 -0.359728
v 0.158259 -0.008242 -0.357838
v 0.158259 0.041011 -0.357838
v 0.156505 0.014293 -0.356084
v 0.156775 -0.008242 -0.356219
v 0.154346 0.010515 -0.355410
v 0.154750 -0.008242 -0.355410
v 0.155291 -0.011885 -0.351766
v 0.151512 -0.011885 -0.352171
v 0.156235 -0.011885 -0.343265
v 0.160418 -0.011885 -0.342590
v 0.165006 -0.008242 -0.339891
v 0.164196 -0.011885 -0.343534
v 0.160418 -0.008107 -0.338677
v 0.155831 0.040201 -0.338542
v 0.155831 -0.007432 -0.338542
v 0.160418 0.040876 -0.338677
v 0.165006 0.041011 -0.339891
v 0.160418 0.044654 -0.342590
v 0.164196 0.044654 -0.343534
v 0.169054 0.041011 -0.342050
v 0.169054 -0.008242 -0.342050
v 0.167839 0.044654 -0.345964
v 0.158933 0.044654 -0.353250
v 0.169864 0.044654 -0.348932
v 0.161498 0.044654 -0.356084
v 0.156775 0.041011 -0.356219
v 0.155291 0.044654 -0.351766
v 0.156235 0.044654 -0.343265
v 0.151512 0.044654 -0.352171
v 0.154750 0.041011 -0.355410
v 0.152591 0.041011 -0.355679
v 0.151242 0.024819 -0.356084
v 0.154346 0.022254 -0.355410
v 0.150297 0.022254 -0.342995
v 0.156505 0.018476 -0.356084
v 0.151917 0.018476 -0.342455
v 0.151917 0.014293 -0.342455
v 0.153671 0.019151 -0.338947
v 0.151512 0.024009 -0.339487
v 0.153671 0.013618 -0.338947
v 0.151512 0.008761 -0.339487
v 0.150297 0.010515 -0.342995
v 0.147194 0.007951 -0.344074
v 0.151242 0.007951 -0.356084
v 0.152591 -0.008242 -0.355679
v 0.147329 0.007006 -0.357434
v 0.118046 -0.008242 -0.367284
v 0.118046 0.007006 -0.367284
v 0.143280 0.007006 -0.345289
v 0.093892 0.007006 -0.361887
v 0.142336 0.004038 -0.342455
v 0.092948 0.004038 -0.359053
v 0.147464 0.005252 -0.340836
v 0.151377 -0.006893 -0.339487
v 0.094568 -0.011885 -0.363911
v 0.092948 -0.006892 -0.359053
v 0.086201 -0.006892 -0.360672
v 0.079454 -0.006892 -0.360942
v 0.086201 0.004578 -0.360672
v 0.086066 -0.011885 -0.365800
v 0.079589 -0.011885 -0.384152
v 0.076351 -0.011885 -0.380508
v 0.077430 -0.011885 -0.365800
v 0.067714 -0.011885 -0.375920
v 0.072302 -0.011885 -0.377674
v 0.068928 -0.011885 -0.364045
v 0.072707 -0.006892 -0.359863
v 0.082288 0.006602 -0.360942
v 0.066230 0.039662 -0.357703
v 0.066230 -0.006892 -0.357703
v 0.060427 -0.001225 -0.354329
v 0.060427 0.019151 -0.354329
v 0.060967 -0.011885 -0.360672
v 0.060427 -0.006892 -0.354329
v 0.055300 -0.011885 -0.356759
v 0.058133 -0.007432 -0.353385
v 0.058133 -0.001225 -0.353385
v 0.058133 -0.001225 -0.352306
v 0.055704 -0.001225 -0.353520
v 0.053411 -0.001225 -0.354735
v 0.055704 -0.009186 -0.353520
v 0.056514 -0.001225 -0.350011
v 0.053545 -0.009186 -0.354735
v 0.052061 -0.009186 -0.356759
v 0.054355 -0.011885 -0.359053
v 0.054625 -0.011885 -0.357838
v 0.052061 -0.001225 -0.356759
v 0.051521 -0.001225 -0.359187
v 0.051521 -0.009186 -0.359187
v 0.052196 -0.001225 -0.363505
v 0.052196 -0.009186 -0.363505
v 0.053680 -0.001225 -0.367689
v 0.053680 -0.009186 -0.367689
v 0.056109 -0.011885 -0.366474
v 0.054895 -0.011885 -0.362831
v 0.058268 -0.011885 -0.369713
v 0.055974 -0.009186 -0.371467
v 0.059078 -0.009186 -0.374570
v 0.060967 -0.011885 -0.372412
v 0.062856 -0.009186 -0.377000
v 0.064071 -0.011885 -0.374570
v 0.066904 -0.009186 -0.378619
v 0.070953 -0.001225 -0.380239
v 0.070953 -0.009186 -0.380239
v 0.066904 -0.001225 -0.378619
v 0.062856 -0.001225 -0.377000
v 0.059078 -0.001225 -0.374570
v 0.055974 -0.001225 -0.371467
v 0.074461 -0.009186 -0.382668
v 0.074461 -0.001225 -0.382668
v 0.077430 -0.001225 -0.385771
v 0.077430 -0.009186 -0.385771
v 0.079589 -0.001225 -0.389415
v 0.079589 -0.009186 -0.389415
v 0.080803 -0.001225 -0.393598
v 0.081073 -0.001225 -0.397781
v 0.080803 -0.009186 -0.393598
v 0.081073 -0.009186 -0.397781
v 0.083907 -0.011885 -0.397916
v 0.083502 -0.011885 -0.393057
v 0.082018 -0.011885 -0.388335
v 0.083097 -0.011885 -0.402773
v 0.080533 -0.009186 -0.402099
v 0.080533 -0.001225 -0.402099
v 0.078914 -0.001225 -0.406012
v 0.078914 -0.009186 -0.406012
v 0.076485 -0.001225 -0.409520
v 0.076485 -0.009186 -0.409520
v 0.073381 -0.001225 -0.412489
v 0.044640 -0.001225 -0.279977
v 0.036138 -0.001225 -0.279977
v 0.044640 0.019151 -0.279977
v 0.055570 -0.001225 -0.306292
v 0.055030 -0.001225 -0.313982
v 0.055570 -0.001225 -0.270262
v 0.036138 -0.001225 -0.276874
v 0.055030 -0.001225 -0.344479
v 0.055435 -0.001225 -0.347313
v 0.055030 0.019151 -0.344479
v 0.055030 0.019151 -0.313982
v 0.052061 0.019151 -0.356759
v 0.055435 0.019151 -0.347313
v 0.053411 0.019151 -0.354735
v 0.056514 0.019151 -0.350011
v 0.055704 0.019151 -0.353520
v 0.052061 0.041957 -0.356759
v 0.053545 0.041957 -0.354735
v 0.055300 0.044654 -0.356759
v 0.055704 0.041957 -0.353520
v 0.058133 0.040201 -0.353385
v 0.060427 0.039662 -0.354329
v 0.058133 0.019151 -0.353385
v 0.058133 0.019151 -0.352306
v 0.060967 0.044654 -0.360672
v 0.068928 0.044654 -0.364045
v 0.058268 0.044654 -0.369713
v 0.056109 0.044654 -0.366474
v 0.054625 0.044654 -0.357839
v 0.054355 0.044654 -0.359053
v 0.054895 0.044654 -0.362831
v 0.052196 0.041957 -0.363505
v 0.053680 0.041957 -0.367689
v 0.051521 0.019151 -0.359187
v 0.052196 0.019151 -0.363505
v 0.051521 0.041957 -0.359187
v 0.053680 0.019151 -0.367689
v 0.055974 0.041957 -0.371467
v 0.055974 0.019151 -0.371467
v 0.059078 0.041957 -0.374570
v 0.059078 0.019151 -0.374570
v 0.062856 0.041957 -0.377000
v 0.062856 0.019151 -0.377000
v 0.066904 0.041957 -0.378619
v 0.066904 0.019151 -0.378619
v 0.070953 0.019151 -0.380239
v 0.070953 0.041957 -0.380239
v 0.067714 0.044654 -0.375920
v 0.074461 0.041957 -0.382668
v 0.072302 0.044654 -0.377674
v 0.074461 0.019151 -0.382668
v 0.077430 0.019151 -0.385771
v 0.064071 0.044654 -0.374570
v 0.060967 0.044654 -0.372412
v 0.055570 0.019151 -0.306292
v 0.055570 0.019151 -0.270262
v 0.057324 0.017262 -0.298869
v 0.060292 0.014428 -0.291853
v 0.060292 0.003498 -0.291853
v 0.057324 0.000529 -0.298869
v 0.060292 0.003498 -0.265539
v 0.058808 0.002014 -0.265809
v 0.047473 0.003498 -0.265539
v 0.047473 0.014293 -0.265539
v 0.060292 0.014428 -0.265539
v 0.058808 0.015913 -0.265809
v 0.056919 0.017667 -0.267023
v 0.047203 0.015913 -0.265809
v 0.044235 0.018746 -0.268778
v 0.042750 0.019151 -0.270262
v 0.046124 0.017667 -0.267024
v 0.055840 0.018746 -0.268778
v 0.042750 -0.001225 -0.270262
v 0.036138 0.019151 -0.276874
v 0.036138 0.019151 -0.279977
v 0.044235 -0.000955 -0.268778
v 0.047203 0.002014 -0.265809
v 0.056919 0.000125 -0.267023
v 0.046124 0.000125 -0.267024
v 0.055840 -0.000955 -0.268778
v 0.084851 0.009031 -0.363776
v 0.088630 0.007277 -0.363236
v 0.099425 0.007006 -0.388739
v 0.104553 0.007006 -0.378754
v 0.107117 0.007006 -0.374976
v 0.110220 0.007006 -0.371737
v 0.107117 -0.008242 -0.374976
v 0.110220 -0.008242 -0.371737
v 0.107791 -0.011885 -0.368904
v 0.104148 -0.011885 -0.372682
v 0.112110 -0.011885 -0.365934
v 0.116833 -0.011885 -0.363776
v 0.113864 -0.008242 -0.369039
v 0.113864 0.007006 -0.369039
v 0.147194 0.024819 -0.344075
v 0.147464 0.027518 -0.340836
v 0.151377 0.039662 -0.339487
v 0.142336 0.028731 -0.342455
v 0.143280 0.025763 -0.345289
v 0.118046 0.025763 -0.367284
v 0.147329 0.025763 -0.357434
v 0.093892 0.025763 -0.361887
v 0.099425 0.025763 -0.388739
v 0.107117 0.025763 -0.374976
v 0.104553 0.025763 -0.378754
v 0.110220 0.025763 -0.371737
v 0.113864 0.025763 -0.369039
v 0.118046 0.041011 -0.367284
v 0.113864 0.041011 -0.369039
v 0.112110 0.044654 -0.365934
v 0.110220 0.041011 -0.371737
v 0.107117 0.041011 -0.374976
v 0.107791 0.044654 -0.368904
v 0.104148 0.044654 -0.372682
v 0.116833 0.044654 -0.363776
v 0.098076 0.025494 -0.391303
v 0.162307 -0.011885 -0.361752
v 0.176611 0.024144 -0.365800
v 0.173372 0.021851 -0.367015
v 0.172832 0.023199 -0.369713
v 0.175936 0.026168 -0.369713
v 0.172293 0.023199 -0.372816
v 0.172832 0.009571 -0.369713
v 0.158124 0.010920 -0.364046
v 0.157584 0.009571 -0.366745
v 0.157044 0.009571 -0.369848
v 0.156640 0.010380 -0.372007
v 0.156370 0.009436 -0.373357
v 0.154075 -0.008242 -0.383747
v 0.168920 0.009436 -0.392383
v 0.155425 0.007816 -0.378350
v 0.154075 0.007546 -0.383747
v 0.151647 0.007546 -0.387525
v 0.163386 0.007546 -0.404933
v 0.151647 -0.008242 -0.387525
v 0.149893 0.007546 -0.388875
v 0.161498 0.007546 -0.406552
v 0.111435 0.007546 -0.439612
v 0.163117 0.004578 -0.408981
v 0.175936 0.006602 -0.369713
v 0.156370 0.023335 -0.373357
v 0.079589 0.044654 -0.448249
v 0.078779 0.032105 -0.463767
v 0.075811 0.044654 -0.444470
v 0.063800 0.044654 -0.458638
v 0.087146 0.031296 -0.459314
v 0.087955 0.032915 -0.456749
v 0.083502 0.031296 -0.461742
v 0.092274 0.032915 -0.453915
v 0.071627 0.044654 -0.449868
v 0.089710 0.033590 -0.454861
v 0.074326 0.044654 -0.447709
v 0.073787 0.034130 -0.464576
v 0.061776 0.040742 -0.464576
v 0.060023 0.041417 -0.464576
v 0.060292 0.044654 -0.460393
v 0.062182 0.044654 -0.447709
v 0.064881 0.044654 -0.449868
v 0.058133 0.044654 -0.460393
v 0.056514 0.044654 -0.459448
v 0.054085 0.041957 -0.461742
v 0.056784 0.041957 -0.463901
v 0.054085 0.019151 -0.461742
v 0.056784 0.019151 -0.463901
v 0.052466 0.019151 -0.458774
v 0.052466 0.041957 -0.458773
v 0.052331 0.019151 -0.455400
v 0.052331 0.041957 -0.455400
v 0.056514 0.019151 -0.431381
v 0.057729 0.019151 -0.427062
v 0.056514 0.041957 -0.431381
v 0.055300 0.044654 -0.455265
v 0.059213 0.044654 -0.431786
v 0.060292 0.044654 -0.428142
v 0.057729 0.041957 -0.427063
v 0.059753 0.019151 -0.423150
v 0.059753 0.041957 -0.423150
v 0.062047 0.044654 -0.424634
v 0.064476 0.044654 -0.421530
v 0.065825 0.041957 -0.416807
v 0.062451 0.041957 -0.419641
v 0.062451 0.019151 -0.419641
v 0.065825 0.019151 -0.416807
v 0.069738 0.019151 -0.414648
v 0.073381 0.019151 -0.412489
v 0.069738 0.041957 -0.414648
v 0.064881 0.044654 -0.435699
v 0.068254 0.044654 -0.435024
v 0.071627 0.044654 -0.435699
v 0.074326 0.044654 -0.437992
v 0.070818 0.042766 -0.437588
v 0.068254 0.042766 -0.436914
v 0.068253 -0.009996 -0.436914
v 0.070818 -0.009996 -0.437588
v 0.072842 0.042766 -0.439207
v 0.073921 0.042766 -0.441501
v 0.072842 -0.009996 -0.439207
v 0.074326 -0.011885 -0.437993
v 0.073921 -0.009996 -0.441501
v 0.075811 -0.011885 -0.444470
v 0.073921 -0.009996 -0.444065
v 0.073921 0.042766 -0.444065
v 0.075811 -0.011885 -0.441097
v 0.072842 0.042766 -0.446494
v 0.075811 0.044654 -0.441097
v 0.072842 -0.009996 -0.446494
v 0.070818 0.042766 -0.448113
v 0.070818 -0.009996 -0.448113
v 0.068254 0.042766 -0.448653
v 0.068254 0.044654 -0.450543
v 0.065690 0.042766 -0.448113
v 0.065690 -0.009996 -0.448113
v 0.063666 0.042766 -0.446494
v 0.063666 -0.009996 -0.446494
v 0.060698 0.044654 -0.444470
v 0.062586 0.042766 -0.444065
v 0.062586 -0.009996 -0.444065
v 0.062586 0.042766 -0.441501
v 0.063666 0.042766 -0.439207
v 0.062182 0.044654 -0.437992
v 0.060698 0.044654 -0.441097
v 0.065690 0.042766 -0.437588
v 0.062182 -0.011885 -0.447709
v 0.068253 -0.009996 -0.448653
v 0.068253 -0.011885 -0.450543
v 0.071627 -0.011885 -0.449868
v 0.074326 -0.011885 -0.447709
v 0.071627 -0.011885 -0.435699
v 0.076890 -0.011885 -0.430166
v 0.055435 0.044654 -0.457964
v 0.089710 -0.000820 -0.454861
v 0.087955 -0.000146 -0.456749
v 0.087146 0.001474 -0.459314
v 0.083502 0.001474 -0.461742
v 0.078779 0.000664 -0.463767
v 0.083097 0.044654 -0.402773
v 0.021700 -0.001225 -0.463226
v 0.023319 0.019151 -0.464306
v 0.021700 0.019151 -0.463227
v 0.000919 -0.001225 -0.442311
v 0.000919 -0.001225 -0.462417
v 0.000109 -0.001225 -0.464172
v -0.001375 -0.001225 -0.464576
v -0.050493 -0.001225 -0.455400
v -0.052248 -0.001225 -0.461742
v -0.050628 -0.001225 -0.458774
v -0.054946 -0.001225 -0.463901
v -0.058320 0.019151 -0.464576
v -0.058320 -0.001225 -0.464576
v -0.071949 -0.001359 -0.464576
v -0.060074 -0.007972 -0.464576
v -0.058320 -0.008647 -0.464576
v -0.054946 -0.009186 -0.463901
v -0.058455 -0.011885 -0.460393
v -0.063043 -0.011885 -0.449868
v -0.061963 -0.011885 -0.458638
v -0.055756 -0.011885 -0.460258
v -0.052248 -0.009186 -0.461742
v -0.054002 -0.011885 -0.458638
v -0.053462 -0.011885 -0.456210
v -0.050628 -0.009186 -0.458774
v -0.050493 -0.009186 -0.455400
v -0.054677 -0.009186 -0.431381
v -0.053732 -0.011885 -0.453241
v -0.058860 -0.011885 -0.444470
v -0.057511 -0.011885 -0.431786
v -0.060344 -0.011885 -0.447709
v -0.061829 -0.009996 -0.446494
v -0.063853 -0.009996 -0.448113
v -0.066416 -0.011885 -0.450543
v -0.066416 -0.009996 -0.448652
v -0.066416 0.042766 -0.448652
v -0.063853 0.042766 -0.448113
v -0.061829 0.042766 -0.446494
v -0.060749 0.042766 -0.444065
v -0.060344 0.044654 -0.447709
v -0.058860 0.044654 -0.444470
v -0.053462 0.044654 -0.455265
v -0.058860 0.044654 -0.441097
v -0.057511 0.044654 -0.431786
v -0.060344 0.044654 -0.437993
v -0.060749 0.042766 -0.441501
v -0.060749 -0.009996 -0.441501
v -0.061829 0.042766 -0.439207
v -0.060749 -0.009996 -0.444065
v -0.061829 -0.009996 -0.439207
v -0.063853 0.042766 -0.437588
v -0.063043 0.044654 -0.435699
v -0.066416 0.044654 -0.435024
v -0.066416 0.042766 -0.436914
v -0.063853 -0.009996 -0.437588
v -0.060344 -0.011885 -0.437993
v -0.063043 -0.011885 -0.435699
v -0.066416 -0.011885 -0.435024
v -0.066416 -0.009996 -0.436914
v -0.068980 0.042766 -0.437588
v -0.068980 -0.009996 -0.437588
v -0.072489 -0.011885 -0.437993
v -0.069790 -0.011885 -0.435699
v -0.071005 -0.009996 -0.439207
v -0.071005 0.042766 -0.439207
v -0.072084 0.042766 -0.441501
v -0.072489 0.044654 -0.437993
v -0.069790 0.044654 -0.435699
v -0.080180 0.044654 -0.434754
v -0.077211 0.044654 -0.433000
v -0.074108 0.044654 -0.441097
v -0.083689 0.044654 -0.435024
v -0.074108 0.044654 -0.444470
v -0.077751 0.044654 -0.448249
v -0.072489 0.044654 -0.447709
v -0.072084 0.042766 -0.444065
v -0.071005 0.042766 -0.446494
v -0.072084 -0.009996 -0.444065
v -0.072084 -0.009996 -0.441501
v -0.074108 -0.011885 -0.441097
v -0.074108 -0.011885 -0.444470
v -0.083689 -0.011885 -0.435024
v -0.080180 -0.011885 -0.434754
v -0.081260 -0.008242 -0.431246
v -0.077211 -0.011885 -0.433000
v -0.079641 -0.008242 -0.430302
v -0.075187 -0.011885 -0.430166
v -0.065606 -0.011885 -0.419101
v -0.074513 -0.011885 -0.426658
v -0.078561 -0.008242 -0.428681
v -0.078156 -0.008242 -0.426793
v -0.078696 -0.008242 -0.424904
v -0.078696 0.041011 -0.424904
v -0.078156 0.041011 -0.426793
v -0.075458 -0.011885 -0.423284
v -0.068980 -0.011885 -0.417212
v -0.073164 -0.011885 -0.414648
v -0.102716 -0.008242 -0.378754
v -0.099476 -0.011885 -0.377000
v -0.076807 -0.011885 -0.411409
v -0.079505 -0.011885 -0.407362
v -0.077077 -0.009186 -0.406012
v -0.074648 -0.009186 -0.409520
v -0.078696 -0.009186 -0.402099
v -0.081395 -0.011885 -0.402773
v -0.082069 -0.011885 -0.397916
v -0.079236 -0.009186 -0.397781
v -0.081664 -0.011885 -0.393057
v -0.078966 -0.009186 -0.393598
v -0.077751 -0.009186 -0.389415
v -0.079236 -0.001225 -0.397781
v -0.078966 -0.001225 -0.393598
v -0.077751 -0.001225 -0.389415
v -0.075592 -0.009186 -0.385771
v -0.075592 -0.001225 -0.385771
v -0.072624 -0.009186 -0.382668
v -0.072624 -0.001225 -0.382668
v -0.069115 -0.009186 -0.380239
v -0.069115 -0.001225 -0.380239
v -0.065202 -0.009186 -0.378619
v -0.065202 -0.001225 -0.378619
v -0.061019 -0.009186 -0.377000
v -0.061019 -0.001225 -0.377000
v -0.057376 -0.009186 -0.374570
v -0.057376 -0.001225 -0.374570
v -0.054272 -0.009186 -0.371467
v -0.054272 -0.001225 -0.371467
v -0.051843 -0.009186 -0.367689
v -0.051843 -0.001225 -0.367689
v -0.050359 -0.009186 -0.363505
v -0.050359 -0.001225 -0.363505
v -0.059129 -0.011885 -0.372412
v -0.062233 -0.011885 -0.374570
v -0.065877 -0.011885 -0.375920
v -0.070464 -0.011885 -0.377675
v -0.074513 -0.011885 -0.380508
v -0.084229 -0.011885 -0.365800
v -0.077751 -0.011885 -0.384152
v -0.080316 -0.011885 -0.388335
v -0.092730 -0.011885 -0.363911
v -0.154532 -0.011885 -0.343265
v -0.149540 -0.006892 -0.339487
v -0.091111 -0.006892 -0.359053
v -0.084498 -0.006892 -0.360672
v -0.102310 -0.011885 -0.372682
v -0.105954 -0.011885 -0.368904
v -0.110272 -0.011885 -0.365934
v -0.115130 -0.011885 -0.363776
v -0.116209 -0.008242 -0.367284
v -0.150889 -0.008242 -0.355679
v -0.149675 -0.011885 -0.352171
v -0.112161 -0.008242 -0.369039
v -0.112161 0.007006 -0.369039
v -0.116209 0.007006 -0.367284
v -0.108383 -0.008242 -0.371737
v -0.108383 0.007006 -0.371737
v -0.105279 -0.008242 -0.374976
v -0.105279 0.007006 -0.374976
v -0.092055 0.007006 -0.361887
v -0.102716 0.007006 -0.378754
v -0.097588 0.007006 -0.388739
v -0.096238 0.007277 -0.391304
v -0.086927 0.007277 -0.363236
v -0.083149 0.009031 -0.363776
v -0.091111 0.004038 -0.359053
v -0.084498 0.004578 -0.360672
v -0.141443 0.007006 -0.345289
v -0.140499 0.004038 -0.342455
v -0.145626 0.005252 -0.340836
v -0.145357 0.007951 -0.344074
v -0.149675 0.008761 -0.339487
v -0.148460 0.010515 -0.342995
v -0.151834 0.013618 -0.338947
v -0.153993 -0.007432 -0.338542
v -0.151834 0.019151 -0.338947
v -0.153993 0.040201 -0.338542
v -0.158715 -0.008107 -0.338677
v -0.158715 0.040876 -0.338677
v -0.158581 -0.011885 -0.342590
v -0.163168 -0.008242 -0.339891
v -0.163168 0.041011 -0.339891
v -0.162359 0.044654 -0.343534
v -0.167217 0.041011 -0.342049
v -0.167217 -0.008242 -0.342049
v -0.158581 0.044654 -0.342590
v -0.154532 0.044654 -0.343265
v -0.153453 0.044654 -0.351766
v -0.152913 0.041011 -0.355410
v -0.154937 0.041011 -0.356219
v -0.157096 0.044654 -0.353250
v -0.149675 0.044654 -0.352171
v -0.115130 0.044654 -0.363776
v -0.150889 0.041011 -0.355679
v -0.116209 0.041011 -0.367284
v -0.145492 0.025763 -0.357434
v -0.149404 0.024819 -0.356084
v -0.145357 0.024819 -0.344074
v -0.152644 0.022254 -0.355410
v -0.148460 0.022254 -0.342995
v -0.150214 0.018476 -0.342455
v -0.149675 0.024009 -0.339487
v -0.149540 0.039662 -0.339487
v -0.145626 0.027518 -0.340836
v -0.141443 0.025763 -0.345289
v -0.140499 0.028732 -0.342455
v -0.091111 0.028732 -0.359053
v -0.091111 0.039662 -0.359053
v -0.086927 0.025494 -0.363236
v -0.092055 0.025763 -0.361887
v -0.097588 0.025763 -0.388739
v -0.112161 0.025763 -0.369039
v -0.116209 0.025763 -0.367284
v -0.105279 0.025763 -0.374976
v -0.108383 0.025763 -0.371737
v -0.102716 0.025763 -0.378754
v -0.102716 0.041011 -0.378754
v -0.105279 0.041011 -0.374976
v -0.102310 0.044654 -0.372682
v -0.105954 0.044654 -0.368904
v -0.108383 0.041011 -0.371737
v -0.110272 0.044654 -0.365934
v -0.112161 0.041011 -0.369039
v -0.099476 0.044654 -0.377000
v -0.081664 0.044654 -0.393057
v -0.082069 0.044654 -0.397916
v -0.079505 0.044654 -0.407362
v -0.081395 0.044654 -0.402773
v -0.075458 0.044654 -0.423284
v -0.076807 0.044654 -0.411409
v -0.073164 0.044654 -0.414648
v -0.068980 0.044654 -0.417212
v -0.065606 0.044654 -0.419101
v -0.074513 0.044654 -0.426658
v -0.062638 0.044654 -0.421530
v -0.060209 0.044654 -0.424634
v -0.075187 0.044654 -0.430166
v -0.078561 0.041011 -0.428681
v -0.079641 0.041011 -0.430302
v -0.058455 0.044654 -0.428143
v -0.055891 0.041957 -0.427062
v -0.054677 0.041957 -0.431381
v -0.057915 0.041957 -0.423150
v -0.060614 0.041957 -0.419641
v -0.063988 0.041957 -0.416807
v -0.067900 0.041957 -0.414648
v -0.071544 0.041957 -0.412489
v -0.074648 0.041957 -0.409520
v -0.077077 0.041957 -0.406012
v -0.078696 0.041957 -0.402099
v -0.079236 0.041957 -0.397781
v -0.078966 0.041957 -0.393598
v -0.077751 0.041957 -0.389415
v -0.075592 0.041957 -0.385771
v -0.050493 0.041957 -0.455400
v -0.050628 0.041957 -0.458774
v -0.053732 0.044654 -0.457964
v -0.054677 0.044654 -0.459448
v -0.052248 0.041957 -0.461742
v -0.054946 0.041957 -0.463901
v -0.056295 0.044654 -0.460393
v -0.052248 0.019151 -0.461742
v -0.050628 0.019151 -0.458774
v -0.054946 0.019151 -0.463901
v -0.058320 0.041417 -0.464576
v -0.058455 0.044654 -0.460393
v -0.060074 0.040742 -0.464576
v -0.061963 0.044654 -0.458638
v -0.071949 0.034130 -0.464576
v -0.076942 0.032105 -0.463767
v -0.076942 0.000664 -0.463767
v -0.081664 0.031296 -0.461742
v -0.085308 0.031296 -0.459314
v -0.085308 0.001474 -0.459314
v -0.081664 0.001474 -0.461742
v -0.081800 -0.011885 -0.445550
v -0.093000 0.001474 -0.454186
v -0.153858 -0.011885 -0.397781
v -0.090436 -0.000146 -0.453915
v -0.087872 -0.000820 -0.454861
v -0.086118 -0.000146 -0.456749
v -0.069790 -0.011885 -0.449868
v -0.072489 -0.011885 -0.447709
v -0.087062 -0.011885 -0.433675
v -0.085038 -0.008242 -0.430706
v -0.148055 -0.008242 -0.388875
v -0.150079 -0.011885 -0.391978
v -0.152373 -0.011885 -0.390089
v -0.157366 -0.011885 -0.395082
v -0.160065 -0.011885 -0.391708
v -0.154262 -0.011885 -0.387795
v -0.151159 -0.008242 -0.385771
v -0.148055 0.007546 -0.388875
v -0.151159 0.007546 -0.385771
v -0.152913 -0.008242 -0.381588
v -0.155612 -0.011885 -0.385231
v -0.156556 -0.011885 -0.382262
v -0.162089 -0.011885 -0.387795
v -0.163439 -0.011885 -0.383612
v -0.169916 -0.003519 -0.391034
v -0.171130 -0.004059 -0.385096
v -0.169781 0.008221 -0.392113
v -0.172479 0.008625 -0.377944
v -0.173289 0.006602 -0.374032
v -0.175448 -0.004059 -0.362291
v -0.174099 0.006602 -0.369713
v -0.174909 0.008625 -0.365800
v -0.175313 0.012000 -0.362966
v -0.168836 -0.011885 -0.355950
v -0.175853 -0.004598 -0.357703
v -0.175583 0.016317 -0.362021
v -0.175853 0.037368 -0.357703
v -0.175178 0.038987 -0.353116
v -0.175178 -0.006217 -0.353116
v -0.168971 -0.011885 -0.352171
v -0.173424 0.040337 -0.348798
v -0.173424 -0.007567 -0.348798
v -0.170725 -0.008242 -0.345019
v -0.170725 0.041011 -0.345019
v -0.168026 -0.011885 -0.348932
v -0.166002 -0.011885 -0.345964
v -0.159660 -0.011885 -0.356084
v -0.157096 -0.011885 -0.353250
v -0.156422 -0.008242 -0.357838
v -0.160739 -0.011885 -0.359728
v -0.156962 -0.008242 -0.359863
v -0.156962 -0.008242 -0.360942
v -0.156962 0.041011 -0.360942
v -0.156962 0.041011 -0.359863
v -0.159660 0.044654 -0.356084
v -0.156422 0.041011 -0.357838
v -0.160739 0.044654 -0.359728
v -0.168836 0.044654 -0.355950
v -0.168971 0.044654 -0.352171
v -0.160470 0.044654 -0.361752
v -0.163439 0.044654 -0.383612
v -0.156556 0.044654 -0.382262
v -0.152913 0.041011 -0.381588
v -0.155612 0.044654 -0.385231
v -0.152238 0.041011 -0.383747
v -0.151159 0.025223 -0.385771
v -0.153588 0.024954 -0.378349
v -0.154532 0.023335 -0.373357
v -0.154802 0.022390 -0.372007
v -0.170456 0.023199 -0.372816
v -0.155207 0.023199 -0.369848
v -0.158446 0.020231 -0.374841
v -0.168026 0.020231 -0.389280
v -0.160470 0.016317 -0.376460
v -0.167082 0.023335 -0.392383
v -0.169510 0.019421 -0.377540
v -0.169916 0.021851 -0.375516
v -0.172479 0.024144 -0.377944
v -0.171940 0.020770 -0.380644
v -0.170320 0.020366 -0.388739
v -0.169781 0.024549 -0.392113
v -0.171804 0.016317 -0.381588
v -0.170591 0.016317 -0.387795
v -0.171940 0.011999 -0.380644
v -0.169510 0.013349 -0.377540
v -0.169376 0.016317 -0.378214
v -0.169916 0.010920 -0.375516
v -0.158446 0.012539 -0.374841
v -0.154802 0.010380 -0.372007
v -0.154532 0.009436 -0.373357
v -0.167082 0.009436 -0.392383
v -0.168026 0.012539 -0.389280
v -0.170456 0.009571 -0.372816
v -0.170995 0.009571 -0.369713
v -0.155207 0.009571 -0.369848
v -0.155747 0.009571 -0.366745
v -0.156286 0.010920 -0.364046
v -0.171535 0.010920 -0.367015
v -0.156691 0.013349 -0.362157
v -0.171940 0.013349 -0.365125
v -0.156826 0.016317 -0.361481
v -0.171940 0.019421 -0.365125
v -0.172075 0.016317 -0.364450
v -0.156691 0.019421 -0.362157
v -0.171535 0.021851 -0.367015
v -0.156286 0.021851 -0.364046
v -0.170995 0.023199 -0.369713
v -0.155747 0.023199 -0.366745
v -0.174099 0.026169 -0.369713
v -0.174909 0.024144 -0.365800
v -0.175448 0.036828 -0.362291
v -0.175313 0.020771 -0.362966
v -0.171130 0.036828 -0.385096
v -0.173289 0.026169 -0.374032
v -0.162089 0.044654 -0.387795
v -0.169916 0.036289 -0.391034
v -0.168566 0.033995 -0.398051
v -0.160065 0.044654 -0.391708
v -0.152373 0.044654 -0.390089
v -0.154262 0.044654 -0.387795
v -0.157366 0.044654 -0.395082
v -0.153858 0.044654 -0.397781
v -0.166002 0.031970 -0.404258
v -0.168566 0.027518 -0.398051
v -0.166002 0.028192 -0.404258
v -0.161279 0.031296 -0.408981
v -0.093000 0.031296 -0.454186
v -0.161279 0.028192 -0.408981
v -0.111216 0.028192 -0.442176
v -0.109597 0.025224 -0.439612
v -0.107034 0.026978 -0.444875
v -0.106359 0.024279 -0.441772
v -0.103525 0.023739 -0.447169
v -0.103795 0.021851 -0.443391
v -0.102445 0.018342 -0.444335
v -0.101636 0.019017 -0.448518
v -0.101636 0.013754 -0.448518
v -0.102445 0.014428 -0.444335
v -0.103525 0.009031 -0.447169
v -0.107034 0.005792 -0.444875
v -0.103795 0.010920 -0.443391
v -0.106359 0.008491 -0.441772
v -0.109597 0.007546 -0.439612
v -0.094754 0.008491 -0.424228
v -0.097992 0.007546 -0.422070
v -0.092190 0.010920 -0.425848
v -0.090840 0.014428 -0.426793
v -0.090840 0.018341 -0.426793
v -0.092190 0.021850 -0.425848
v -0.085038 0.041011 -0.430706
v -0.083149 0.041011 -0.431381
v -0.087062 0.044654 -0.433675
v -0.148055 0.041011 -0.388875
v -0.097992 0.025223 -0.422070
v -0.094754 0.024279 -0.424228
v -0.159660 0.025223 -0.406552
v -0.148055 0.025223 -0.388875
v -0.149810 0.041011 -0.387525
v -0.163168 0.025223 -0.403179
v -0.165867 0.024954 -0.396971
v -0.150079 0.044654 -0.391978
v -0.151159 0.041011 -0.385771
v -0.081260 0.041011 -0.431246
v -0.083149 -0.008242 -0.431381
v -0.159660 0.007546 -0.406552
v -0.161279 0.004578 -0.408981
v -0.164923 0.004578 -0.405607
v -0.163168 0.007546 -0.403179
v -0.168026 0.004982 -0.399669
v -0.165867 0.007816 -0.396971
v -0.153588 0.007816 -0.378349
v -0.164923 0.001069 -0.405607
v -0.168026 -0.000685 -0.399669
v -0.161279 0.001474 -0.408981
v -0.111216 0.004578 -0.442176
v -0.090436 0.032915 -0.453915
v -0.087872 0.033590 -0.454861
v -0.086118 0.032915 -0.456749
v -0.170320 0.011865 -0.389009
v -0.168297 0.016317 -0.388335
v -0.168026 0.044654 -0.348932
v -0.166002 0.044654 -0.345964
v -0.154668 0.018476 -0.356084
v -0.154668 0.014293 -0.356084
v -0.152644 0.010515 -0.355410
v -0.150214 0.014293 -0.342455
v -0.154937 -0.008242 -0.356219
v -0.152913 -0.008242 -0.355410
v -0.153453 -0.011885 -0.351766
v -0.149404 0.007951 -0.356084
v -0.145492 0.007006 -0.357434
v -0.160470 -0.011885 -0.361752
v -0.162359 -0.011885 -0.343534
v -0.071005 -0.009996 -0.446494
v -0.068980 -0.009996 -0.448113
v -0.068980 0.042766 -0.448113
v -0.069790 0.044654 -0.449868
v -0.066416 0.044654 -0.450543
v -0.063043 0.044654 -0.449868
v -0.096238 0.025494 -0.391304
v -0.093809 0.023738 -0.395891
v -0.092190 0.020501 -0.399130
v -0.091515 0.016317 -0.400210
v -0.092190 0.012269 -0.399130
v -0.093809 0.009031 -0.395891
v -0.080316 0.012269 -0.363776
v -0.078696 -0.001225 -0.402099
v -0.077077 -0.001225 -0.406012
v -0.074648 -0.001225 -0.409520
v -0.071544 -0.001225 -0.412489
v -0.071544 -0.009186 -0.412489
v -0.067900 -0.001225 -0.414648
v -0.067900 -0.009186 -0.414648
v -0.063988 -0.001225 -0.416807
v -0.060614 -0.001225 -0.419641
v -0.063988 -0.009186 -0.416807
v -0.062638 -0.011885 -0.421530
v -0.060614 -0.009186 -0.419641
v -0.057915 -0.009186 -0.423150
v -0.057915 -0.001225 -0.423150
v -0.055891 -0.001225 -0.427062
v -0.054677 -0.001225 -0.431381
v -0.055891 -0.009186 -0.427062
v -0.058455 -0.011885 -0.428143
v -0.060209 -0.011885 -0.424634
v -0.058860 -0.011885 -0.441097
v -0.026339 -0.001225 -0.464306
v -0.026339 -0.004464 -0.464306
v -0.029038 -0.001225 -0.463362
v -0.031467 -0.001225 -0.461742
v -0.029038 -0.005408 -0.463362
v -0.031467 -0.006892 -0.461742
v -0.033491 -0.007972 -0.459718
v -0.029308 -0.011885 -0.456480
v -0.033491 -0.001225 -0.459718
v -0.034975 -0.001225 -0.457289
v -0.036460 -0.009457 -0.454051
v -0.039294 -0.001225 -0.447978
v -0.034975 -0.008917 -0.457289
v -0.033491 -0.011885 -0.453781
v -0.031602 -0.011885 -0.455536
v -0.034975 -0.011885 -0.451622
v -0.037674 -0.011885 -0.445819
v -0.039294 -0.009457 -0.447978
v -0.040238 -0.001225 -0.444740
v -0.040238 -0.009726 -0.444740
v -0.040238 -0.009457 -0.441231
v -0.038079 -0.011885 -0.442581
v -0.038079 -0.011885 -0.444200
v -0.037539 -0.011885 -0.437858
v -0.038079 -0.011885 -0.432461
v -0.039969 -0.009457 -0.436643
v -0.040778 -0.009457 -0.431921
v -0.039969 -0.001225 -0.436643
v -0.040238 -0.001225 -0.441231
v -0.040778 -0.001225 -0.431921
v -0.042397 -0.009457 -0.427602
v -0.042397 -0.001225 -0.427602
v -0.044961 -0.001225 -0.423689
v -0.044961 -0.009457 -0.423689
v -0.046310 -0.011885 -0.418831
v -0.048334 -0.009457 -0.420316
v -0.042666 -0.011885 -0.422744
v -0.039833 -0.011885 -0.427333
v -0.050764 -0.011885 -0.415863
v -0.048334 -0.001225 -0.420316
v -0.052248 -0.009457 -0.417752
v -0.056566 -0.009457 -0.416133
v -0.052248 -0.001225 -0.417752
v -0.055756 -0.011885 -0.413839
v -0.062773 -0.011885 -0.412624
v -0.058320 -0.011885 -0.404933
v -0.055082 -0.011885 -0.403448
v -0.052923 -0.011885 -0.400614
v -0.054407 -0.010266 -0.399940
v -0.056161 -0.010266 -0.402099
v -0.057241 -0.011885 -0.400750
v -0.056161 0.038717 -0.402099
v -0.054407 -0.001225 -0.399940
v -0.058725 0.038717 -0.403313
v -0.058725 -0.010266 -0.403313
v -0.056161 -0.001225 -0.402099
v -0.058725 -0.001225 -0.403313
v -0.056566 -0.001225 -0.416133
v -0.061559 -0.001225 -0.403313
v -0.061559 -0.010266 -0.403313
v -0.063178 -0.001225 -0.415053
v -0.070464 -0.009457 -0.412084
v -0.070464 -0.001225 -0.412084
v -0.063178 -0.009457 -0.415053
v -0.075862 -0.001225 -0.406281
v -0.075862 -0.009457 -0.406281
v -0.064122 -0.001225 -0.402099
v -0.066012 -0.010266 -0.399940
v -0.064122 -0.010266 -0.402099
v -0.066012 -0.001225 -0.399940
v -0.078291 -0.001225 -0.398860
v -0.066551 -0.001225 -0.397106
v -0.066551 -0.010266 -0.397106
v -0.066012 -0.010266 -0.394273
v -0.068306 -0.011885 -0.397106
v -0.064392 -0.011885 -0.395082
v -0.064932 -0.011885 -0.397106
v -0.064392 -0.011885 -0.399130
v -0.066551 0.038717 -0.397106
v -0.065877 0.038717 -0.394273
v -0.064932 0.039932 -0.394812
v -0.065472 0.039932 -0.397106
v -0.064932 0.039932 -0.399400
v -0.065877 0.038717 -0.399940
v -0.063448 0.039932 -0.401154
v -0.064122 0.038717 -0.402099
v -0.061559 0.038717 -0.403313
v -0.061289 0.039932 -0.402234
v -0.058995 0.039932 -0.402234
v -0.060749 0.039932 -0.399940
v -0.061963 0.039932 -0.399400
v -0.060749 0.028597 -0.399940
v -0.061963 0.028597 -0.399400
v -0.059535 0.039932 -0.399940
v -0.056835 0.039932 -0.401154
v -0.058320 0.039932 -0.399400
v -0.059535 0.028597 -0.399940
v -0.060209 0.028597 -0.397106
v -0.058320 0.028597 -0.399400
v -0.057645 0.039932 -0.398320
v -0.057645 0.028597 -0.398320
v -0.057241 0.028597 -0.397106
v -0.057241 0.039932 -0.397106
v -0.055351 0.039932 -0.399400
v -0.054946 0.039932 -0.397106
v -0.055351 0.039932 -0.394812
v -0.057645 0.039932 -0.395891
v -0.058320 0.039932 -0.394812
v -0.057645 0.028597 -0.395891
v -0.058320 0.028597 -0.394812
v -0.059535 0.039932 -0.394273
v -0.059535 0.028597 -0.394273
v -0.060749 0.028597 -0.394273
v -0.060749 0.039932 -0.394273
v -0.061289 0.039932 -0.391978
v -0.061963 0.039932 -0.394812
v -0.063448 0.039932 -0.392923
v -0.062773 0.039932 -0.395891
v -0.061963 0.028597 -0.394812
v -0.062773 0.028597 -0.395891
v -0.063043 0.028597 -0.397106
v -0.063043 0.039932 -0.397106
v -0.062773 0.039932 -0.398320
v -0.062773 0.028597 -0.398320
v -0.061559 0.038717 -0.390899
v -0.064122 0.038717 -0.392113
v -0.064122 -0.010266 -0.392113
v -0.066012 -0.001225 -0.394273
v -0.065202 -0.011885 -0.390764
v -0.063043 -0.011885 -0.393463
v -0.061559 -0.010266 -0.390899
v -0.064122 -0.001225 -0.392113
v -0.061559 -0.001225 -0.390899
v -0.073164 -0.001225 -0.384287
v -0.066551 -0.001225 -0.380103
v -0.060614 -0.001225 -0.377810
v -0.060614 -0.009457 -0.377810
v -0.066551 -0.009457 -0.380103
v -0.065742 -0.011885 -0.382262
v -0.073164 -0.009457 -0.384287
v -0.071409 -0.011885 -0.386040
v -0.077346 -0.001225 -0.391034
v -0.077346 -0.009457 -0.391034
v -0.075053 -0.011885 -0.391843
v -0.075862 -0.011885 -0.398591
v -0.078291 -0.009457 -0.398860
v -0.073838 -0.011885 -0.405068
v -0.067496 -0.011885 -0.400614
v -0.065202 -0.011885 -0.403448
v -0.069115 -0.011885 -0.410060
v -0.061963 -0.011885 -0.404933
v -0.067496 -0.011885 -0.393598
v -0.061963 -0.011885 -0.389145
v -0.059535 -0.011885 -0.379968
v -0.055351 -0.011885 -0.377270
v -0.056970 -0.009457 -0.375516
v -0.058320 -0.011885 -0.389145
v -0.058725 -0.010266 -0.390899
v -0.055082 -0.011885 -0.390764
v -0.051977 -0.011885 -0.373896
v -0.056161 -0.010266 -0.392113
v -0.052923 -0.011885 -0.393598
v -0.054407 -0.010266 -0.394273
v -0.056161 -0.001225 -0.392113
v -0.054407 -0.001225 -0.394273
v -0.055891 -0.011885 -0.395082
v -0.054407 0.038717 -0.394273
v -0.057241 -0.011885 -0.393463
v -0.053732 -0.010266 -0.397106
v -0.053732 0.038717 -0.397106
v -0.055486 -0.011885 -0.397106
v -0.055891 -0.011885 -0.399130
v -0.060209 -0.011885 -0.397106
v -0.063043 -0.011885 -0.400750
v -0.061154 -0.011885 -0.401694
v -0.061154 -0.011885 -0.392518
v -0.059129 -0.011885 -0.392518
v -0.059129 -0.011885 -0.401694
v -0.054407 0.038717 -0.399940
v -0.053732 -0.001225 -0.397106
v -0.052113 -0.011885 -0.397106
v -0.049414 -0.011885 -0.369713
v -0.051573 -0.009457 -0.368634
v -0.047795 -0.011885 -0.365125
v -0.053867 -0.009457 -0.372412
v -0.053867 -0.001225 -0.372412
v -0.056970 -0.001225 -0.375516
v -0.058725 -0.001225 -0.390899
v -0.051573 -0.001225 -0.368634
v -0.050224 -0.001225 -0.364586
v -0.050224 -0.009457 -0.364586
v -0.047390 -0.011885 -0.360268
v -0.049684 -0.009457 -0.360268
v -0.049684 -0.002574 -0.311419
v -0.047390 -0.011885 -0.320730
v -0.049684 -0.001225 -0.360268
v -0.049684 -0.009457 -0.318300
v -0.026339 -0.002574 -0.311419
v -0.026339 0.024819 -0.251641
v -0.026340 0.003094 0.329277
v -0.026340 -0.011885 0.329277
v -0.026339 -0.011885 -0.320730
v -0.026339 0.026033 -0.262975
v -0.049009 -0.001225 -0.311419
v -0.026339 0.020366 -0.311419
v -0.026339 0.029541 -0.273906
v -0.026339 0.029541 -0.320595
v 0.018461 0.029541 -0.262975
v -0.016623 0.029541 -0.262975
v -0.013385 0.029541 -0.251641
v 0.015222 0.029541 -0.251641
v 0.028177 0.024819 -0.251641
v -0.013385 0.029542 0.492825
v 0.015222 0.029542 0.492825
v -0.012575 0.029812 0.496873
v 0.014413 0.029812 0.496873
v 0.028177 0.024819 0.503620
v 0.028177 -0.011885 0.468535
v 0.028177 -0.014044 0.477846
v 0.028177 0.003094 0.329277
v 0.028177 -0.019981 0.485403
v 0.028177 -0.028617 0.489451
v 0.028177 -0.033341 0.489991
v 0.028177 -0.054121 0.503620
v 0.027502 -0.054121 0.509557
v 0.027502 0.025088 0.509557
v 0.028177 0.003094 0.395668
v 0.028986 -0.011885 0.390271
v 0.028177 -0.011885 0.395668
v 0.028986 0.003094 0.390271
v 0.028986 0.003094 0.334540
v 0.031010 0.003094 0.339532
v 0.031010 0.003094 0.385413
v 0.031010 -0.011885 0.385413
v 0.033170 -0.011885 0.382444
v 0.018866 -0.011885 0.362203
v 0.018866 -0.011885 -0.298869
v 0.021834 -0.004867 0.362203
v 0.018866 -0.011885 0.468535
v 0.028177 -0.011885 0.329277
v 0.028986 -0.011885 0.334540
v 0.031010 -0.011885 0.339532
v 0.033170 -0.011885 0.342366
v 0.033170 0.003094 0.382444
v 0.033170 0.003094 0.342366
v 0.021834 -0.004598 0.520757
v 0.017247 -0.014044 0.477846
v 0.010230 -0.019441 0.484863
v 0.017651 -0.013504 0.524670
v 0.022375 -0.054121 0.520218
v 0.010230 -0.019441 0.528719
v 0.018191 -0.054121 0.524400
v -0.016354 -0.054121 0.524400
v -0.008527 -0.054121 0.528448
v 0.010364 -0.054121 0.528448
v 0.000919 -0.054121 0.530203
v 0.000919 -0.021600 0.530203
v -0.008392 -0.019441 0.528719
v 0.000919 -0.021600 0.486483
v -0.008392 -0.019441 0.484863
v -0.026340 -0.028617 0.489451
v -0.026340 0.024819 0.503620
v -0.026340 -0.019981 0.485403
v -0.026340 -0.033341 0.489991
v -0.026340 -0.054121 0.503620
v -0.026340 -0.054121 0.489991
v 0.028177 -0.054121 0.489991
v -0.025665 -0.054121 0.509557
v -0.025665 0.025088 0.509557
v -0.023640 -0.054121 0.515090
v 0.025478 -0.054121 0.515090
v -0.020537 -0.054121 0.520218
v 0.025478 0.025763 0.515090
v 0.011579 0.030756 0.500651
v 0.022375 0.026978 0.520218
v 0.021834 0.004713 0.520757
v 0.017651 0.013214 0.524670
v 0.021834 0.004713 0.362203
v 0.017651 0.013214 0.362203
v 0.010230 0.019286 0.362203
v 0.017786 0.013214 -0.298869
v 0.010230 0.019286 -0.298869
v 0.000919 0.021310 -0.298869
v 0.000919 0.021310 0.362203
v 0.006046 0.018882 -0.306831
v 0.015897 0.012539 -0.307101
v 0.010499 0.012809 -0.312768
v 0.013873 0.004172 -0.315197
v 0.020081 0.004443 -0.306156
v 0.019945 0.000125 -0.308316
v 0.021835 0.004712 -0.298869
v 0.021835 -0.004868 -0.298869
v 0.020081 -0.007162 -0.305482
v 0.018596 -0.011885 -0.302243
v 0.015762 -0.011885 -0.308855
v 0.016572 -0.006083 -0.311688
v 0.013064 -0.003654 -0.316006
v 0.007126 -0.007837 -0.317896
v 0.000919 -0.000010 -0.319650
v 0.000919 -0.011885 -0.316816
v 0.000919 -0.006892 -0.319111
v -0.005289 -0.007837 -0.317896
v -0.004883 -0.011885 -0.315602
v -0.012036 0.004172 -0.315197
v -0.011901 -0.005813 -0.314793
v -0.018108 0.000125 -0.308316
v -0.016894 -0.004193 -0.309800
v -0.013925 -0.011885 -0.308855
v -0.018243 -0.007162 -0.305482
v -0.016758 -0.011885 -0.302243
v -0.019997 -0.004868 -0.298869
v -0.017028 -0.011885 -0.298869
v -0.017028 -0.011885 0.362203
v -0.019997 -0.004867 0.362203
v -0.017028 -0.011885 0.468535
v -0.020132 -0.004598 0.520757
v -0.019997 0.004713 0.362203
v -0.019997 0.004712 -0.298869
v -0.015948 0.013214 0.362203
v -0.015948 0.013214 -0.298869
v -0.018243 0.004443 -0.306156
v -0.014060 0.012539 -0.307101
v -0.008392 0.019286 -0.298869
v -0.008662 0.012809 -0.312769
v -0.004209 0.018882 -0.306831
v 0.000919 0.017936 -0.309664
v 0.000919 0.009975 -0.317356
v -0.008392 0.019286 0.362203
v -0.015948 0.013214 0.524671
v -0.008392 0.019286 0.528719
v -0.016488 0.028328 0.524266
v -0.008527 0.026438 0.528448
v 0.000919 0.021310 0.530203
v 0.010230 0.019286 0.528719
v 0.000919 0.025628 0.530203
v 0.010364 0.026438 0.528448
v 0.018326 0.028328 0.524266
v 0.011579 0.030756 0.519003
v -0.009877 0.030756 0.519003
v -0.009877 0.030756 0.500651
v -0.023640 0.025763 0.515090
v -0.020537 0.026978 0.520218
v -0.019997 0.004713 0.520757
v -0.015948 -0.013504 0.524670
v -0.015409 -0.014044 0.477846
v -0.026340 -0.014044 0.477846
v -0.026340 -0.011885 0.468535
v -0.026340 -0.011885 0.395668
v -0.026340 0.003094 0.395668
v -0.027149 0.003094 0.390271
v -0.029173 0.003094 0.339533
v -0.027149 0.003094 0.334540
v -0.029173 0.003094 0.385413
v -0.027149 -0.011885 0.390271
v -0.029173 -0.011885 0.385412
v -0.031333 0.003094 0.382444
v -0.031333 -0.011885 0.382444
v -0.031333 0.003094 0.342367
v -0.031333 -0.011885 0.342366
v -0.029173 -0.011885 0.339532
v -0.027149 -0.011885 0.334540
v 0.028177 0.026033 -0.262975
v -0.048739 0.020905 -0.311959
v -0.049684 0.029541 -0.360268
v -0.049684 0.029541 -0.320595
v -0.049684 0.021985 -0.360268
v -0.049684 0.021985 -0.312903
v -0.046850 0.019151 -0.316547
v -0.044422 0.019151 -0.325453
v -0.049009 0.020366 -0.311419
v -0.044422 -0.001225 -0.325453
v -0.049684 -0.001225 -0.311419
v -0.042802 -0.001225 -0.340297
v -0.050224 0.021985 -0.364586
v -0.050224 0.029541 -0.364586
v -0.046580 0.029541 -0.389009
v -0.051573 0.029541 -0.368634
v -0.038754 0.029541 -0.398725
v -0.028903 0.029541 -0.406552
v -0.028903 0.038583 -0.406552
v -0.038754 0.038583 -0.398725
v -0.017568 0.029541 -0.411949
v -0.017568 0.038583 -0.411949
v -0.005289 0.029541 -0.414648
v 0.000919 0.029541 -0.415053
v 0.000919 0.038583 -0.415053
v -0.005289 0.038583 -0.414648
v -0.005558 0.040336 -0.416267
v 0.000919 0.040336 -0.416673
v -0.009336 0.041011 -0.416537
v 0.007396 0.040336 -0.416267
v 0.007126 0.038583 -0.414648
v 0.019406 0.038583 -0.411949
v 0.007126 0.029541 -0.414648
v -0.043477 0.044654 -0.402099
v -0.046580 0.038583 -0.389009
v -0.032546 0.044654 -0.411005
v -0.039969 0.044654 -0.426388
v -0.042802 0.044654 -0.421934
v -0.046446 0.044654 -0.418157
v -0.048334 0.041957 -0.420316
v -0.050898 0.044654 -0.415323
v -0.044961 0.041957 -0.423689
v -0.042397 0.041957 -0.427602
v -0.048334 0.021985 -0.420316
v -0.044961 0.021985 -0.423689
v -0.042397 0.021985 -0.427602
v -0.040778 0.021985 -0.431921
v -0.040778 0.041957 -0.431921
v -0.039969 0.041957 -0.436643
v -0.038079 0.044654 -0.431246
v -0.039969 0.021985 -0.436643
v -0.052248 0.021985 -0.417752
v -0.052248 0.041957 -0.417752
v -0.056566 0.021985 -0.416133
v -0.055891 0.019151 -0.413433
v -0.058725 0.019151 -0.403313
v -0.062773 0.019151 -0.412220
v -0.061559 0.019151 -0.403313
v -0.068846 0.019151 -0.409790
v -0.070464 0.021985 -0.412084
v -0.063178 0.021985 -0.415053
v -0.056566 0.041957 -0.416133
v -0.063178 0.041957 -0.415053
v -0.070464 0.041957 -0.412084
v -0.062773 0.044654 -0.412220
v -0.055891 0.044654 -0.413433
v -0.058455 0.044654 -0.404797
v -0.061963 0.044654 -0.404797
v -0.068846 0.044654 -0.409790
v -0.065067 0.044654 -0.403313
v -0.073433 0.044654 -0.404933
v -0.067361 0.044654 -0.400479
v -0.075458 0.044654 -0.398591
v -0.075862 0.041957 -0.406281
v -0.078291 0.041957 -0.398860
v -0.078291 0.021985 -0.398860
v -0.075862 0.021985 -0.406281
v -0.073433 0.019151 -0.404933
v -0.075458 0.019151 -0.398591
v -0.074648 0.019151 -0.391978
v -0.066551 0.019151 -0.397106
v -0.066012 0.019151 -0.399940
v -0.066551 0.043170 -0.397106
v -0.066012 0.043170 -0.399940
v -0.064122 0.019151 -0.402099
v -0.064122 0.043170 -0.402099
v -0.061559 0.043170 -0.403313
v -0.058725 0.043170 -0.403313
v -0.056161 0.043170 -0.402099
v -0.055217 0.044654 -0.403313
v -0.054407 0.043170 -0.399940
v -0.053058 0.044654 -0.400479
v -0.053732 0.043170 -0.397106
v -0.052248 0.044654 -0.397106
v -0.053058 0.044654 -0.393733
v -0.051977 0.044654 -0.391439
v -0.057915 0.044654 -0.379563
v -0.055217 0.044654 -0.390899
v -0.052113 0.038583 -0.377810
v -0.052113 0.029541 -0.377810
v -0.054137 0.029541 -0.375650
v -0.054137 0.039932 -0.375650
v -0.056970 0.029541 -0.375516
v -0.056566 0.042226 -0.375516
v -0.060614 0.041957 -0.377810
v -0.060614 0.021985 -0.377810
v -0.065606 0.044654 -0.382668
v -0.066551 0.041957 -0.380103
v -0.059129 0.044654 -0.380239
v -0.058455 0.044654 -0.389415
v -0.061963 0.044654 -0.389415
v -0.061559 0.043170 -0.390899
v -0.058725 0.043170 -0.390899
v -0.061559 0.019151 -0.390899
v -0.058725 0.019151 -0.390899
v -0.056161 0.043170 -0.392113
v -0.056161 0.019151 -0.392113
v -0.054407 0.043170 -0.394273
v -0.054407 0.019151 -0.394273
v -0.051708 0.019151 -0.374166
v -0.055082 0.019151 -0.377675
v -0.053867 0.021985 -0.372412
v -0.056970 0.021985 -0.375516
v -0.053867 0.029541 -0.372412
v -0.051573 0.021985 -0.368634
v -0.059264 0.019151 -0.380374
v -0.065472 0.019151 -0.382668
v -0.064122 0.019151 -0.392113
v -0.071140 0.019151 -0.386311
v -0.066551 0.021985 -0.380103
v -0.073164 0.021985 -0.384287
v -0.073164 0.041957 -0.384287
v -0.071140 0.044654 -0.386311
v -0.077346 0.041957 -0.391034
v -0.074648 0.044654 -0.391978
v -0.077346 0.021985 -0.391034
v -0.067361 0.044654 -0.393733
v -0.068036 0.044654 -0.397106
v -0.065067 0.044654 -0.390899
v -0.066012 0.043170 -0.394273
v -0.066012 0.019151 -0.394273
v -0.064122 0.043170 -0.392113
v -0.056835 0.039932 -0.392923
v -0.056161 0.038717 -0.392113
v -0.058725 0.038717 -0.390899
v -0.058995 0.039932 -0.391978
v 0.069334 -0.011885 -0.400614
v 0.070143 -0.011885 -0.397106
v 0.069334 -0.011885 -0.393598
v 0.076890 -0.011885 -0.391843
v 0.073247 -0.011885 -0.386040
v 0.067579 -0.011885 -0.382262
v 0.075001 -0.009457 -0.384287
v 0.068389 -0.009457 -0.380103
v 0.075001 -0.001225 -0.384287
v 0.067850 -0.001225 -0.394273
v 0.061372 -0.011885 -0.379968
v 0.063800 -0.011885 -0.389145
v 0.058673 0.039932 -0.392923
v 0.057998 0.038717 -0.392113
v 0.052736 0.019151 -0.415323
v 0.057729 0.019151 -0.413433
v 0.058404 0.021985 -0.416133
v 0.054085 0.021985 -0.417752
v 0.054085 0.041957 -0.417752
v 0.050172 0.021985 -0.420316
v 0.048283 0.019151 -0.418157
v 0.046799 0.021985 -0.423689
v 0.044235 0.021985 -0.427602
v 0.065016 0.021985 -0.415053
v 0.080129 0.041957 -0.398860
v 0.076485 0.019151 -0.391978
v 0.079184 0.021985 -0.391034
v 0.079184 0.041957 -0.391034
v 0.072977 0.044654 -0.386311
v 0.076485 0.044654 -0.391978
v 0.011444 0.024819 -0.458504
v 0.008880 0.026978 -0.458504
v 0.011444 0.024819 -0.436373
v 0.008880 0.026978 -0.436373
v 0.005912 0.028462 -0.458504
v 0.005912 0.028462 -0.436373
v 0.002538 0.029137 -0.436373
v 0.002538 0.029137 -0.458504
v 0.000919 0.029137 -0.436373
v 0.000919 0.029272 -0.458504
v -0.000701 0.029137 -0.458504
v -0.004074 0.028462 -0.458504
v -0.000701 0.029137 -0.436373
v -0.004074 0.028462 -0.436373
v -0.007043 0.026978 -0.436373
v -0.009607 0.024819 -0.436373
v -0.007043 0.026978 -0.458504
v -0.009607 0.024819 -0.458504
v -0.018512 0.021985 -0.464576
v 0.000919 0.019151 -0.414783
v 0.000919 -0.001225 -0.442311
v 0.000919 0.019151 -0.442311
v -0.027689 -0.110661 0.481795
v -0.027689 -0.110661 0.478558
v -0.035111 -0.118218 0.478558
v -0.034436 -0.104184 0.467357
v -0.034436 -0.104184 0.495829
v -0.035111 -0.118218 0.481795
v -0.026744 -0.111605 0.484765
v -0.024855 -0.113360 0.486789
v -0.034841 -0.119972 0.484765
v -0.035515 -0.112280 0.528620
v -0.034166 -0.122941 0.486789
v -0.022561 -0.115654 0.487598
v -0.032952 -0.126314 0.487598
v -0.034705 -0.120512 0.528620
v -0.032142 -0.128338 0.528620
v -0.036055 -0.121051 0.528620
v -0.034841 -0.125235 0.528620
v -0.036055 -0.121051 0.591233
v -0.034841 -0.125235 0.592582
v -0.032546 -0.130632 0.528620
v -0.030252 -0.134411 0.591233
v -0.032546 -0.130632 0.592582
v -0.030252 -0.134411 0.528620
v -0.026205 -0.140888 0.528620
v -0.027824 -0.135355 0.528620
v -0.030927 -0.135220 0.552774
v -0.030927 -0.135220 0.528620
v -0.026205 -0.140888 0.552774
v -0.039833 -0.144261 0.591233
v -0.039833 -0.144261 0.552774
v -0.034841 -0.149793 0.552774
v -0.039969 -0.146420 0.554258
v -0.035920 -0.150874 0.554258
v -0.035515 -0.150469 0.592042
v -0.039564 -0.145881 0.592177
v -0.029443 -0.135625 0.592582
v -0.020807 -0.143991 0.592582
v -0.025259 -0.129283 0.592582
v -0.020807 -0.134815 0.592582
v -0.015274 -0.139268 0.592582
v -0.021751 -0.128203 0.589074
v -0.018243 -0.132521 0.589074
v -0.021751 -0.128203 0.574904
v -0.018107 -0.132656 0.574904
v -0.013520 -0.136165 0.589074
v -0.008392 -0.138594 0.589074
v -0.008392 -0.138594 0.574904
v -0.013520 -0.136165 0.574904
v 0.001053 -0.112415 0.574904
v -0.002860 -0.139943 0.574904
v 0.002943 -0.140213 0.574904
v 0.008475 -0.139133 0.574904
v 0.004697 -0.086102 0.574904
v -0.000296 -0.086642 0.574904
v 0.010230 -0.087586 0.574904
v 0.015357 -0.090015 0.574904
v -0.025665 -0.112685 0.574904
v 0.019810 -0.093658 0.574904
v 0.023453 -0.097976 0.574904
v 0.026153 -0.103104 0.574904
v 0.027636 -0.108637 0.574904
v 0.028042 -0.114304 0.574904
v 0.027096 -0.119972 0.574904
v 0.025208 -0.125369 0.574904
v 0.026422 -0.129012 0.574904
v 0.026153 -0.132656 0.574904
v 0.024263 -0.135760 0.574904
v 0.021160 -0.137784 0.574904
v 0.017516 -0.138189 0.574904
v 0.013873 -0.136974 0.574904
v -0.024450 -0.123210 0.574904
v -0.025935 -0.117678 0.574904
v -0.025935 -0.117678 0.589073
v -0.024450 -0.123210 0.589074
v -0.026340 -0.112011 0.574904
v -0.026340 -0.112011 0.589073
v -0.025665 -0.112685 0.552910
v -0.035515 -0.102969 0.552910
v -0.035785 -0.104049 0.549940
v -0.036325 -0.106209 0.552910
v -0.029577 -0.108772 0.592582
v -0.035515 -0.102969 0.592582
v -0.036325 -0.106209 0.591232
v -0.036460 -0.107692 0.592582
v -0.049954 -0.106478 0.591232
v -0.037270 -0.106209 0.552774
v -0.036325 -0.106209 0.528620
v -0.037270 -0.106209 0.528620
v -0.037944 -0.113630 0.528620
v -0.037944 -0.113630 0.552774
v -0.049954 -0.106478 0.552774
v -0.050493 -0.113765 0.552774
v -0.051574 -0.107827 0.554258
v -0.051843 -0.113899 0.554258
v -0.051033 -0.107692 0.592177
v -0.051303 -0.113899 0.592042
v -0.050899 -0.119972 0.592042
v -0.036325 -0.119567 0.592582
v -0.028364 -0.122806 0.592582
v -0.029848 -0.115924 0.592582
v -0.049819 -0.121186 0.591233
v -0.037135 -0.121051 0.552774
v -0.051438 -0.119837 0.554258
v -0.049819 -0.121186 0.552774
v -0.037135 -0.121051 0.528620
v -0.035920 -0.104588 0.545623
v -0.034705 -0.105803 0.528620
v -0.035920 -0.104588 0.528620
v -0.023506 -0.116733 0.545623
v -0.034705 -0.105803 0.500552
v -0.023506 -0.116733 0.509998
v -0.012845 -0.127124 0.500552
v -0.012845 -0.127124 0.509998
v -0.012440 -0.126719 0.512967
v -0.023100 -0.116329 0.512967
v -0.011496 -0.125774 0.515396
v -0.022291 -0.115384 0.515396
v -0.020132 -0.113225 0.517825
v -0.017569 -0.110526 0.518634
v -0.006908 -0.121051 0.518634
v -0.009471 -0.123615 0.517825
v -0.012576 -0.126854 0.498124
v -0.034705 -0.105263 0.498124
v -0.011901 -0.126044 0.495829
v -0.020266 -0.117948 0.486789
v -0.018378 -0.119702 0.484765
v -0.006908 -0.121051 0.446037
v -0.017433 -0.120647 0.478558
v -0.011901 -0.126044 0.464523
v -0.017433 -0.120647 0.481795
v -0.030252 -0.131847 0.484765
v -0.029443 -0.133061 0.481795
v -0.029443 -0.133061 0.478558
v -0.030252 -0.131847 0.475588
v -0.027824 -0.135355 0.467357
v -0.024450 -0.139133 0.451703
v -0.022021 -0.141292 0.467357
v -0.032142 -0.128338 0.467357
v -0.031602 -0.129553 0.473565
v -0.029712 -0.132791 0.451703
v -0.033221 -0.125504 0.451703
v -0.024450 -0.139133 0.364129
v -0.029712 -0.132792 0.364128
v -0.026744 -0.130633 0.357786
v -0.033221 -0.125504 0.364128
v -0.022156 -0.136300 0.357786
v -0.021482 -0.126989 0.355357
v -0.013115 -0.135220 0.355357
v -0.016489 -0.140888 0.357786
v -0.009742 -0.143991 0.357786
v -0.018107 -0.144126 0.364129
v -0.018107 -0.144126 0.451703
v -0.010686 -0.147500 0.364129
v -0.010686 -0.147500 0.451703
v -0.002725 -0.149119 0.364129
v -0.002590 -0.145611 0.357786
v -0.002184 -0.139133 0.355357
v 0.004697 -0.145611 0.357786
v 0.009420 -0.137784 0.355357
v 0.011849 -0.143857 0.357786
v 0.005372 -0.149119 0.364129
v 0.013333 -0.147094 0.364129
v 0.005372 -0.149119 0.451703
v 0.000919 -0.149389 0.467357
v 0.009150 -0.148444 0.467357
v -0.002725 -0.149119 0.451703
v 0.013333 -0.147094 0.451703
v 0.016842 -0.145610 0.467357
v 0.020619 -0.143451 0.364128
v 0.020619 -0.143451 0.451703
v 0.026827 -0.138323 0.364128
v 0.026827 -0.138323 0.451703
v 0.023859 -0.141158 0.467357
v 0.029526 -0.135220 0.467357
v 0.023859 -0.141158 0.528620
v 0.016842 -0.145610 0.528620
v 0.022239 -0.144126 0.528620
v 0.009150 -0.148444 0.528620
v 0.018460 -0.146420 0.528620
v 0.013063 -0.148715 0.528620
v 0.013063 -0.148715 0.592582
v 0.008745 -0.149928 0.591233
v 0.008745 -0.149928 0.528620
v 0.001458 -0.151818 0.528620
v 0.008745 -0.151008 0.528620
v 0.008745 -0.151008 0.552774
v 0.000919 -0.149389 0.528620
v -0.007313 -0.148444 0.528620
v -0.005963 -0.150199 0.528620
v -0.005963 -0.151143 0.528620
v -0.010281 -0.149119 0.528620
v -0.005963 -0.150199 0.591233
v -0.005963 -0.151143 0.552774
v 0.001458 -0.151818 0.552774
v -0.005828 -0.163828 0.591233
v -0.005828 -0.163828 0.552774
v -0.004344 -0.165447 0.554258
v 0.001593 -0.164232 0.552774
v 0.009015 -0.163692 0.552774
v 0.007531 -0.165312 0.554258
v 0.001593 -0.165716 0.554258
v 0.001593 -0.165176 0.592042
v -0.004479 -0.164907 0.592177
v -0.004614 -0.150334 0.592582
v 0.007396 -0.150199 0.592582
v 0.007665 -0.164772 0.592042
v 0.009015 -0.163692 0.591233
v -0.001780 -0.143722 0.592582
v 0.005237 -0.143451 0.592582
v 0.002943 -0.140213 0.589074
v 0.008475 -0.139133 0.589074
v 0.012119 -0.141697 0.592582
v 0.013873 -0.136974 0.589208
v 0.018460 -0.138323 0.592582
v 0.018460 -0.146420 0.592582
v 0.023453 -0.143316 0.592582
v 0.022239 -0.144126 0.591233
v 0.032089 -0.153707 0.591233
v 0.022914 -0.144800 0.552774
v 0.022914 -0.144800 0.528620
v 0.028581 -0.140078 0.528620
v 0.028581 -0.140078 0.552774
v 0.032089 -0.153707 0.552774
v 0.037623 -0.148715 0.552774
v 0.034248 -0.153842 0.554258
v 0.038567 -0.149793 0.554258
v 0.038162 -0.149389 0.592042
v 0.033709 -0.153437 0.592177
v 0.042481 -0.145206 0.554258
v 0.042210 -0.144666 0.592042
v 0.031685 -0.134680 0.592582
v 0.024263 -0.135760 0.592582
v 0.026153 -0.132656 0.592582
v 0.026558 -0.129958 0.592582
v 0.034654 -0.129688 0.592582
v 0.032495 -0.133466 0.591233
v 0.042345 -0.143047 0.591233
v 0.033304 -0.134140 0.552774
v 0.042345 -0.143047 0.552774
v 0.033304 -0.134140 0.528620
v 0.032495 -0.133466 0.528620
v 0.029526 -0.135220 0.528620
v 0.033844 -0.128203 0.528620
v 0.034654 -0.129688 0.528620
v 0.036813 -0.124155 0.528620
v 0.037892 -0.119837 0.528620
v 0.036407 -0.120377 0.528620
v 0.037892 -0.119837 0.591232
v 0.036813 -0.124155 0.592582
v 0.029661 -0.123481 0.592582
v 0.031415 -0.116598 0.592582
v 0.038027 -0.118353 0.592717
v 0.031280 -0.109312 0.592717
v 0.037892 -0.106343 0.592717
v 0.053005 -0.112280 0.592042
v 0.052601 -0.118353 0.592177
v 0.051656 -0.119702 0.591232
v 0.053276 -0.118218 0.554258
v 0.051656 -0.119702 0.552774
v 0.038972 -0.119837 0.552774
v 0.039512 -0.112415 0.528620
v 0.038972 -0.119837 0.528620
v 0.039512 -0.112415 0.552774
v 0.038701 -0.105128 0.552774
v 0.038701 -0.105128 0.528620
v 0.051387 -0.104859 0.552774
v 0.052061 -0.112280 0.552774
v 0.053005 -0.106343 0.554258
v 0.053546 -0.112280 0.554258
v 0.051387 -0.104859 0.591232
v 0.052466 -0.106209 0.592042
v 0.037623 -0.105128 0.591232
v 0.036542 -0.100810 0.528620
v 0.037623 -0.105128 0.528620
v 0.036542 -0.100810 0.592582
v 0.029661 -0.102565 0.592582
v 0.034114 -0.095413 0.592582
v 0.026558 -0.096222 0.592582
v 0.031011 -0.090420 0.592582
v 0.031820 -0.091634 0.591232
v 0.034114 -0.095413 0.528620
v 0.031820 -0.091634 0.528620
v 0.033035 -0.096222 0.528620
v 0.036003 -0.103914 0.528620
v 0.028446 -0.089475 0.528620
v 0.028446 -0.089475 0.467357
v 0.033035 -0.096222 0.467357
v 0.034923 -0.100541 0.451704
v 0.031280 -0.093254 0.451704
v 0.036003 -0.103914 0.467357
v 0.037083 -0.112145 0.528620
v 0.037083 -0.112145 0.467357
v 0.036813 -0.108502 0.451703
v 0.034923 -0.100541 0.364129
v 0.036948 -0.116598 0.451703
v 0.036813 -0.108502 0.364128
v 0.031685 -0.102025 0.357786
v 0.036948 -0.116598 0.364128
v 0.033304 -0.109177 0.357786
v 0.026962 -0.110121 0.355357
v 0.033439 -0.116463 0.357786
v 0.025612 -0.121726 0.355357
v 0.031820 -0.123616 0.357786
v 0.035194 -0.124560 0.364128
v 0.031820 -0.131981 0.364128
v 0.031820 -0.131981 0.451703
v 0.034383 -0.124290 0.452649
v 0.033844 -0.128203 0.467357
v 0.036407 -0.120377 0.467357
v 0.028717 -0.130362 0.357786
v 0.024128 -0.136030 0.357786
v 0.019406 -0.131577 0.355357
v 0.008340 -0.134141 0.347125
v 0.016707 -0.128743 0.347125
v 0.018460 -0.140618 0.357786
v 0.021969 -0.120242 0.324050
v 0.016707 -0.128743 0.324050
v 0.021969 -0.120242 0.347125
v 0.023049 -0.110391 0.347125
v 0.023049 -0.110391 0.324050
v 0.025343 -0.110391 0.317303
v 0.019675 -0.101081 0.324050
v 0.021700 -0.100001 0.317304
v 0.017111 -0.087181 0.313526
v 0.014008 -0.092174 0.317304
v 0.026827 -0.096763 0.313526
v 0.029930 -0.094198 0.313255
v 0.035329 -0.108637 0.313255
v 0.031280 -0.109717 0.313526
v 0.033709 -0.124020 0.313255
v 0.029796 -0.123210 0.313526
v 0.024128 -0.121186 0.317303
v 0.022509 -0.134815 0.313526
v 0.018191 -0.130497 0.317304
v 0.008340 -0.134141 0.324050
v 0.010904 -0.141967 0.313526
v 0.008880 -0.136300 0.317304
v -0.001510 -0.135220 0.324050
v -0.002050 -0.137514 0.317304
v -0.010956 -0.132117 0.324050
v -0.012305 -0.133871 0.317304
v -0.015544 -0.138999 0.313526
v -0.002725 -0.143451 0.313526
v -0.017298 -0.142777 0.313255
v -0.002590 -0.147635 0.313255
v -0.017298 -0.142777 0.289911
v -0.002590 -0.147635 0.289911
v 0.012793 -0.145611 0.313255
v 0.025747 -0.137245 0.313255
v 0.012793 -0.145746 0.289911
v 0.009420 -0.137649 0.289642
v 0.019270 -0.131577 0.289641
v 0.025747 -0.137245 0.289911
v 0.033844 -0.124020 0.289910
v 0.025478 -0.121726 0.289641
v 0.026692 -0.110121 0.289641
v 0.021025 -0.110796 0.285727
v 0.019945 -0.119838 0.285727
v 0.017651 -0.118892 0.279250
v 0.015222 -0.127394 0.285727
v 0.013468 -0.125504 0.279250
v 0.017111 -0.118758 0.194912
v 0.013063 -0.125235 0.194912
v 0.006856 -0.129822 0.279250
v 0.006586 -0.129418 0.194912
v -0.001106 -0.130767 0.279250
v 0.007531 -0.132252 0.285727
v -0.001510 -0.133196 0.285727
v -0.002185 -0.138999 0.289642
v -0.010012 -0.130227 0.285727
v -0.013115 -0.135085 0.289642
v -0.021347 -0.126854 0.289642
v -0.028364 -0.131981 0.289911
v -0.033626 -0.117408 0.289911
v -0.028364 -0.131981 0.313255
v -0.025125 -0.129283 0.313526
v -0.033626 -0.117408 0.313255
v -0.032142 -0.102025 0.289911
v -0.032142 -0.102025 0.313255
v -0.029712 -0.116463 0.313526
v -0.020132 -0.126179 0.317304
v -0.023775 -0.115789 0.317304
v -0.022426 -0.104859 0.317304
v -0.028094 -0.102834 0.313526
v -0.016624 -0.095548 0.317304
v -0.020807 -0.091365 0.313526
v -0.024046 -0.088801 0.313255
v -0.011091 -0.080435 0.313255
v -0.011226 -0.080435 0.289911
v -0.024181 -0.088801 0.289911
v -0.017569 -0.094604 0.289642
v -0.023775 -0.104454 0.289642
v -0.025125 -0.115924 0.289642
v -0.013520 -0.098651 0.285727
v -0.018378 -0.106343 0.285727
v -0.019457 -0.115249 0.285727
v -0.016084 -0.107287 0.279250
v -0.011901 -0.100541 0.279250
v -0.015544 -0.107288 0.194912
v -0.011496 -0.100810 0.194913
v -0.005154 -0.096358 0.279250
v -0.005828 -0.093794 0.285727
v -0.004884 -0.096763 0.194913
v 0.002673 -0.095413 0.279250
v 0.003078 -0.092849 0.285727
v 0.010230 -0.097976 0.279250
v 0.002808 -0.095818 0.194913
v 0.009960 -0.098382 0.194913
v 0.015492 -0.103779 0.194912
v 0.015762 -0.103509 0.279250
v 0.011714 -0.095817 0.285727
v 0.018056 -0.102295 0.285727
v 0.018460 -0.110931 0.279250
v 0.018056 -0.111066 0.194912
v 0.022914 -0.099192 0.289642
v 0.035329 -0.108637 0.289910
v 0.014683 -0.090960 0.289642
v 0.029930 -0.094064 0.289911
v 0.018866 -0.083403 0.313255
v 0.018866 -0.083403 0.289911
v 0.004157 -0.078411 0.289911
v 0.004157 -0.078545 0.313255
v 0.003752 -0.087181 0.289642
v -0.007718 -0.088396 0.289642
v 0.004292 -0.082594 0.313526
v -0.009202 -0.084078 0.313526
v -0.007313 -0.089746 0.317304
v -0.006638 -0.092040 0.324050
v 0.003212 -0.090825 0.324050
v 0.003618 -0.088531 0.317304
v 0.012523 -0.094064 0.324050
v 0.012523 -0.094064 0.347125
v 0.019675 -0.101081 0.347125
v 0.023049 -0.099057 0.355357
v 0.014817 -0.090825 0.355357
v 0.023859 -0.089746 0.357786
v 0.018056 -0.085157 0.357786
v 0.011444 -0.082053 0.357786
v 0.003752 -0.086911 0.355357
v 0.003212 -0.090825 0.347125
v -0.007853 -0.088261 0.355357
v -0.002994 -0.080570 0.357786
v 0.004292 -0.080435 0.357786
v 0.004427 -0.076926 0.364129
v 0.012254 -0.078681 0.364129
v 0.012254 -0.078681 0.451703
v 0.019675 -0.082053 0.364129
v 0.019675 -0.082053 0.451703
v 0.022374 -0.083808 0.467357
v 0.015222 -0.079760 0.467357
v 0.026153 -0.087046 0.451703
v 0.026153 -0.087046 0.364129
v 0.031280 -0.093254 0.364129
v 0.028446 -0.095413 0.357786
v 0.018731 -0.081514 0.475588
v 0.007261 -0.077331 0.467357
v 0.016302 -0.080300 0.473565
v 0.013198 -0.078950 0.472755
v 0.002808 -0.089611 0.472755
v 0.005102 -0.091904 0.473565
v 0.009690 -0.077870 0.473565
v 0.000514 -0.087316 0.473565
v 0.006721 -0.077196 0.475588
v -0.000971 -0.076791 0.467357
v 0.004967 -0.076926 0.478558
v -0.001375 -0.085562 0.475588
v -0.009067 -0.078141 0.467357
v -0.002455 -0.084618 0.478558
v -0.009067 -0.078141 0.495829
v -0.002455 -0.084618 0.481796
v 0.004967 -0.076926 0.481796
v -0.000971 -0.076791 0.528620
v 0.006721 -0.077196 0.484765
v -0.001375 -0.085562 0.484765
v 0.000514 -0.087316 0.486789
v 0.002808 -0.089611 0.487598
v 0.009690 -0.077870 0.486789
v 0.007261 -0.077331 0.528620
v 0.013198 -0.078950 0.487598
v 0.016302 -0.080300 0.486789
v 0.015222 -0.079760 0.528620
v 0.005102 -0.091904 0.486789
v 0.006856 -0.093658 0.484765
v 0.013468 -0.100001 0.495829
v -0.007987 -0.077870 0.498124
v 0.013468 -0.100001 0.464523
v 0.008610 -0.104993 0.446037
v 0.014142 -0.099326 0.498124
v 0.008610 -0.104993 0.518634
v 0.007936 -0.094604 0.481796
v 0.019945 -0.082188 0.481796
v 0.018731 -0.081514 0.484765
v 0.007936 -0.094604 0.478558
v 0.019945 -0.082188 0.478558
v 0.006856 -0.093658 0.475588
v 0.022374 -0.083808 0.528620
v 0.021295 -0.081379 0.528620
v 0.017381 -0.079220 0.528620
v 0.021969 -0.080569 0.528620
v 0.027772 -0.085293 0.528620
v 0.027772 -0.085293 0.552774
v 0.032630 -0.090960 0.528620
v 0.032630 -0.090960 0.552774
v 0.041400 -0.081784 0.552774
v 0.041400 -0.081784 0.591232
v 0.041535 -0.079625 0.554258
v 0.041266 -0.080165 0.592177
v 0.037083 -0.075711 0.592042
v 0.022509 -0.082188 0.592582
v 0.032495 -0.071529 0.592042
v 0.037488 -0.075307 0.554258
v 0.036542 -0.076251 0.552774
v 0.032899 -0.071393 0.554258
v 0.030876 -0.071529 0.591232
v 0.030876 -0.071529 0.552774
v 0.021969 -0.080569 0.552774
v 0.021295 -0.081379 0.591232
v 0.017381 -0.079220 0.592582
v 0.016302 -0.086506 0.592582
v 0.009825 -0.083673 0.592582
v 0.011984 -0.077061 0.528620
v 0.011984 -0.077061 0.592582
v 0.007665 -0.075981 0.591232
v 0.006181 -0.075711 0.592582
v 0.007396 -0.062218 0.591232
v -0.005693 -0.075847 0.592582
v 0.002808 -0.082324 0.592582
v -0.000026 -0.060868 0.592042
v 0.006181 -0.061272 0.592177
v 0.006046 -0.060598 0.554258
v 0.007396 -0.062218 0.552774
v 0.000109 -0.061812 0.552774
v -0.000026 -0.060328 0.554258
v -0.006098 -0.061272 0.592042
v -0.005963 -0.060868 0.554258
v -0.007313 -0.062487 0.552774
v -0.007313 -0.062487 0.591232
v -0.007178 -0.076117 0.591232
v -0.007178 -0.075172 0.552774
v -0.007178 -0.076117 0.528620
v 0.000244 -0.074362 0.552774
v -0.007178 -0.076117 0.552910
v -0.007178 -0.075172 0.528620
v 0.000244 -0.074362 0.528620
v 0.007665 -0.075981 0.528620
v 0.007665 -0.074901 0.552774
v 0.007665 -0.074901 0.528620
v -0.010281 -0.076926 0.552910
v -0.008662 -0.076521 0.545623
v -0.009202 -0.076657 0.549940
v -0.000296 -0.086642 0.552910
v 0.003347 -0.088936 0.549940
v 0.002403 -0.090015 0.554124
v -0.023235 -0.116329 0.549940
v 0.003752 -0.088665 0.545623
v -0.007448 -0.077735 0.528620
v 0.003752 -0.088665 0.509998
v 0.003347 -0.089070 0.512697
v 0.002403 -0.089880 0.515396
v 0.000379 -0.092039 0.517825
v -0.002184 -0.094738 0.518634
v -0.008797 -0.107287 0.518634
v -0.005289 -0.103644 0.518634
v -0.000566 -0.102025 0.518634
v 0.004292 -0.102429 0.518634
v 0.008610 -0.104993 0.559926
v 0.011039 -0.102429 0.517825
v -0.000566 -0.102025 0.559927
v 0.004292 -0.102429 0.559927
v -0.005289 -0.103644 0.559926
v -0.008797 -0.107287 0.559926
v -0.010281 -0.112011 0.559926
v -0.010281 -0.112011 0.518634
v -0.009742 -0.116868 0.559926
v -0.009742 -0.116868 0.518634
v -0.006908 -0.121051 0.559926
v -0.002725 -0.123615 0.559926
v -0.002860 -0.123615 0.415945
v 0.002268 -0.124155 0.559926
v 0.002133 -0.124155 0.415945
v 0.006856 -0.122401 0.559926
v 0.006856 -0.122401 0.415945
v 0.010364 -0.118892 0.559926
v 0.010364 -0.118892 0.415945
v 0.011984 -0.114170 0.559926
v 0.011984 -0.114170 0.415945
v 0.011309 -0.109177 0.559926
v 0.011309 -0.109177 0.415945
v 0.009015 -0.105533 0.415945
v 0.004292 -0.102429 0.415945
v 0.004292 -0.102429 0.446037
v -0.000566 -0.102025 0.415945
v -0.000566 -0.102025 0.446037
v -0.005289 -0.103644 0.415945
v -0.005289 -0.103644 0.446037
v -0.008662 -0.107287 0.415945
v -0.008797 -0.107287 0.446037
v -0.010281 -0.112011 0.415945
v -0.010281 -0.112011 0.446037
v -0.009742 -0.116868 0.415945
v -0.007043 -0.121051 0.415945
v -0.009742 -0.116868 0.446037
v -0.017569 -0.110526 0.446037
v -0.023506 -0.116733 0.431328
v -0.020132 -0.113225 0.446847
v -0.002184 -0.094738 0.446037
v 0.003752 -0.088665 0.431328
v 0.000379 -0.092039 0.446847
v 0.013198 -0.100406 0.449275
v 0.011039 -0.102429 0.446847
v 0.002403 -0.089880 0.449275
v 0.014142 -0.099461 0.451704
v 0.003347 -0.088936 0.451704
v 0.014413 -0.099056 0.454538
v 0.003752 -0.088665 0.454538
v -0.008527 -0.076657 0.459800
v -0.007448 -0.077735 0.451703
v 0.014413 -0.099056 0.459800
v 0.014142 -0.099326 0.462230
v -0.008932 -0.076791 0.462230
v -0.010146 -0.077061 0.464523
v -0.010146 -0.077061 0.467357
v -0.007448 -0.077735 0.431328
v -0.003804 -0.077061 0.451703
v 0.004427 -0.076926 0.451703
v -0.003804 -0.077061 0.419048
v -0.009607 -0.078275 0.422827
v -0.012171 -0.079085 0.419048
v -0.003804 -0.077061 0.364129
v -0.011631 -0.078950 0.364129
v -0.007987 -0.077870 0.426876
v 0.003347 -0.088936 0.426876
v 0.002403 -0.090015 0.422827
v -0.022156 -0.115249 0.422827
v -0.020537 -0.113630 0.419048
v 0.000784 -0.091634 0.419048
v -0.018378 -0.111336 0.415945
v -0.001375 -0.093928 0.415945
v -0.015139 -0.080434 0.415945
v -0.003939 -0.096492 0.413651
v -0.015814 -0.108772 0.413651
v -0.012980 -0.105803 0.412167
v -0.030252 -0.094333 0.413516
v -0.032142 -0.097976 0.415945
v -0.033626 -0.101485 0.364129
v -0.033492 -0.101081 0.419048
v -0.034166 -0.103644 0.422827
v -0.035245 -0.109446 0.419048
v -0.035245 -0.117678 0.451703
v -0.035245 -0.109446 0.451703
v -0.035246 -0.117678 0.364128
v -0.034705 -0.105803 0.431328
v -0.034570 -0.105263 0.426876
v -0.035245 -0.109446 0.364128
v -0.031736 -0.116868 0.357786
v -0.031736 -0.109581 0.357786
v -0.030118 -0.102429 0.357786
v -0.023910 -0.104319 0.355357
v -0.025259 -0.115924 0.355357
v -0.020266 -0.105803 0.347125
v -0.021347 -0.115654 0.347125
v -0.029983 -0.124020 0.357786
v -0.021347 -0.115654 0.324050
v -0.017973 -0.125100 0.324050
v -0.017973 -0.125100 0.347125
v -0.010956 -0.132117 0.347125
v -0.001510 -0.135220 0.347125
v -0.020266 -0.105803 0.324050
v -0.015139 -0.097302 0.324050
v -0.015139 -0.097302 0.347126
v -0.017703 -0.094468 0.355357
v -0.006638 -0.092040 0.347126
v -0.027014 -0.095817 0.357786
v -0.022426 -0.090015 0.357786
v -0.016758 -0.085428 0.357786
v -0.010146 -0.082188 0.357786
v -0.018917 -0.082593 0.364129
v -0.018782 -0.082458 0.413516
v -0.022021 -0.084752 0.412167
v -0.025259 -0.087721 0.364129
v -0.025259 -0.087721 0.411627
v -0.028094 -0.091095 0.412167
v -0.030252 -0.094198 0.364129
v -0.009877 -0.102700 0.411627
v -0.006908 -0.099461 0.412167
v -0.023235 -0.116329 0.426876
v -0.034705 -0.105803 0.451703
v -0.023506 -0.116733 0.454538
v -0.035785 -0.104724 0.459800
v -0.035515 -0.112280 0.467357
v -0.012845 -0.127124 0.459800
v -0.012576 -0.126854 0.462230
v -0.035785 -0.104319 0.462230
v -0.035380 -0.103104 0.464523
v -0.009471 -0.123615 0.446847
v -0.011496 -0.125774 0.449275
v -0.022291 -0.115384 0.449275
v -0.023235 -0.116329 0.451703
v -0.012440 -0.126719 0.451703
v -0.012845 -0.127124 0.454538
v -0.034841 -0.119972 0.475588
v -0.034705 -0.120512 0.467357
v -0.032952 -0.126314 0.472755
v -0.034166 -0.122941 0.473565
v -0.022561 -0.115654 0.472755
v -0.024855 -0.113360 0.473565
v -0.026744 -0.111605 0.475588
v -0.020266 -0.117948 0.473565
v -0.018378 -0.119702 0.475588
v 0.013198 -0.100406 0.515396
v 0.014413 -0.099056 0.500552
v 0.014142 -0.099461 0.512967
v 0.014413 -0.099056 0.509998
v -0.007448 -0.077735 0.500552
v -0.008662 -0.076521 0.528620
v -0.022156 -0.115249 0.554124
v 0.000784 -0.091634 0.557767
v -0.023641 -0.110661 0.557767
v -0.020537 -0.113630 0.557767
v -0.021482 -0.108367 0.560871
v -0.018378 -0.111336 0.560871
v -0.001375 -0.093928 0.560871
v -0.003939 -0.096492 0.563165
v -0.004479 -0.090960 0.560871
v -0.002320 -0.088665 0.557767
v -0.007043 -0.093523 0.563165
v -0.009877 -0.096492 0.564650
v -0.006908 -0.099461 0.564650
v -0.015814 -0.108772 0.563165
v -0.012980 -0.105803 0.564650
v -0.009877 -0.102700 0.565189
v -0.012980 -0.099596 0.565189
v -0.015948 -0.102834 0.564650
v -0.018917 -0.105803 0.563165
v -0.001106 -0.085967 0.574904
v -0.001106 -0.085967 0.589073
v -0.004344 -0.082728 0.592582
v 0.004697 -0.086102 0.589073
v 0.010230 -0.087586 0.589073
v 0.015357 -0.090015 0.589073
v 0.021969 -0.090690 0.592582
v 0.019675 -0.093523 0.589073
v 0.023453 -0.098111 0.589073
v 0.026153 -0.103104 0.589073
v 0.027636 -0.108637 0.589073
v 0.028042 -0.114304 0.589073
v 0.027096 -0.119972 0.589073
v 0.025208 -0.125369 0.589208
v -0.010281 -0.076926 0.592582
v -0.016354 -0.114979 0.194912
v -0.014195 -0.122671 0.279250
v -0.016894 -0.115114 0.279250
v -0.013789 -0.122266 0.194912
v -0.008392 -0.127663 0.194912
v -0.001106 -0.130227 0.194912
v -0.008527 -0.128203 0.279250
v -0.016354 -0.123885 0.285727
v 0.021160 -0.137784 0.592582
v -0.002860 -0.139943 0.589074
v -0.008797 -0.142237 0.592582
v -0.010281 -0.149119 0.592582
v -0.015814 -0.146960 0.592582
v -0.019592 -0.144800 0.591233
v -0.015814 -0.146960 0.528620
v -0.015004 -0.145746 0.528620
v -0.019592 -0.144800 0.528620
v -0.022021 -0.141292 0.528620
v -0.020266 -0.145476 0.528620
v -0.020266 -0.145476 0.552774
v -0.029173 -0.154652 0.591233
v -0.029173 -0.154652 0.552774
v -0.031332 -0.154786 0.554258
v -0.030793 -0.154517 0.592042
v -0.015004 -0.145746 0.467357
v -0.007313 -0.148444 0.467357
v -0.031602 -0.129553 0.486789
v -0.022561 -0.113225 0.183173
v -0.017163 -0.104589 0.183173
v -0.019053 -0.113225 0.183173
v -0.020266 -0.103104 0.183173
v -0.020266 -0.103104 0.194238
v -0.022561 -0.113225 0.194238
v -0.020132 -0.123345 0.183173
v -0.017029 -0.121861 0.183173
v -0.013520 -0.131442 0.183173
v -0.020132 -0.123345 0.194238
v -0.013520 -0.131443 0.194238
v -0.004209 -0.135761 0.194238
v -0.004209 -0.135760 0.183173
v 0.006181 -0.135760 0.183173
v -0.003400 -0.132521 0.183173
v -0.011496 -0.128743 0.183173
v -0.010686 -0.118757 0.179800
v -0.007178 -0.123210 0.179800
v -0.005963 -0.121591 0.174268
v -0.001510 -0.123750 0.174268
v -0.001915 -0.125640 0.179800
v 0.003347 -0.123750 0.174268
v 0.003752 -0.125640 0.179800
v 0.005372 -0.132386 0.183173
v 0.013333 -0.128473 0.183173
v 0.015492 -0.131172 0.183173
v 0.021834 -0.122941 0.183173
v 0.015492 -0.131172 0.194238
v 0.006181 -0.135761 0.194238
v 0.021834 -0.122941 0.194238
v 0.024128 -0.112821 0.194238
v 0.024128 -0.112820 0.183173
v 0.021700 -0.102834 0.183173
v 0.018866 -0.121591 0.183173
v 0.020755 -0.112955 0.183173
v 0.013738 -0.112955 0.179800
v 0.018731 -0.104319 0.183173
v 0.012523 -0.118488 0.179800
v 0.008880 -0.123076 0.179800
v 0.010634 -0.117679 0.174267
v 0.011714 -0.112955 0.174267
v 0.010634 -0.108232 0.174267
v 0.011714 -0.112955 0.138508
v 0.010634 -0.108232 0.138508
v 0.012523 -0.107287 0.133110
v 0.007531 -0.104454 0.138508
v 0.008880 -0.102834 0.133110
v 0.003212 -0.102430 0.138508
v 0.007531 -0.104454 0.174267
v 0.012389 -0.107422 0.179800
v 0.008745 -0.102969 0.179800
v 0.003212 -0.102430 0.174268
v 0.003618 -0.100406 0.179800
v -0.001645 -0.102430 0.174268
v -0.001645 -0.102430 0.138508
v -0.002184 -0.100406 0.133110
v 0.003618 -0.100406 0.133110
v -0.006098 -0.104589 0.138508
v -0.007313 -0.102969 0.133110
v -0.009067 -0.108367 0.138508
v -0.006098 -0.104589 0.174267
v -0.009067 -0.108367 0.174268
v -0.007313 -0.103104 0.179800
v -0.002184 -0.100541 0.179800
v -0.011766 -0.097572 0.183173
v -0.003804 -0.093658 0.183173
v -0.013925 -0.094873 0.183173
v 0.005102 -0.093658 0.183173
v -0.004614 -0.090420 0.183173
v 0.005777 -0.090286 0.183173
v -0.004614 -0.090420 0.194238
v 0.005777 -0.090286 0.194238
v 0.015222 -0.094739 0.194238
v 0.015222 -0.094739 0.183173
v 0.021700 -0.102834 0.194238
v 0.013063 -0.097437 0.183173
v -0.013925 -0.094873 0.194238
v -0.010821 -0.107558 0.179800
v -0.012036 -0.113090 0.179800
v -0.010146 -0.113090 0.174268
v -0.010146 -0.113090 0.138508
v -0.008932 -0.117813 0.174268
v -0.005963 -0.121591 0.138508
v -0.008932 -0.117813 0.138508
v -0.010821 -0.118757 0.133110
v -0.010146 -0.126989 0.129737
v -0.007178 -0.123345 0.133110
v -0.015139 -0.120916 0.129737
v -0.012171 -0.113090 0.133110
v -0.010956 -0.107558 0.133110
v -0.016894 -0.113225 0.129737
v -0.015139 -0.120916 0.119751
v -0.015274 -0.105534 0.129737
v -0.016894 -0.113225 0.119751
v -0.015409 -0.113225 0.115568
v -0.013925 -0.106073 0.115568
v -0.015274 -0.105534 0.119751
v -0.009471 -0.100406 0.115568
v -0.010417 -0.099326 0.129737
v -0.010417 -0.099326 0.119751
v -0.003265 -0.095817 0.129737
v -0.002994 -0.097167 0.115568
v -0.003265 -0.095818 0.119751
v 0.004292 -0.097167 0.115568
v 0.004562 -0.095683 0.129737
v 0.004562 -0.095683 0.119751
v 0.011714 -0.099056 0.129737
v 0.011714 -0.099057 0.119751
v 0.010904 -0.100271 0.115568
v 0.007665 -0.104454 0.113139
v 0.003212 -0.102295 0.113139
v 0.015357 -0.105938 0.115568
v 0.010634 -0.108232 0.113139
v 0.016707 -0.105263 0.119751
v 0.017111 -0.112955 0.115568
v 0.011849 -0.112955 0.113139
v 0.018596 -0.112955 0.119751
v 0.015492 -0.119972 0.115568
v 0.016842 -0.120647 0.119751
v 0.011039 -0.125640 0.115568
v 0.010769 -0.117813 0.113139
v 0.007801 -0.121592 0.113139
v 0.000784 -0.113090 0.113139
v -0.001510 -0.123751 0.113139
v -0.010146 -0.113090 0.113139
v 0.003347 -0.123751 0.113139
v -0.009202 -0.108368 0.113139
v -0.009067 -0.117948 0.113139
v -0.006098 -0.104454 0.113139
v -0.005963 -0.121726 0.113139
v -0.001780 -0.102295 0.113139
v -0.009202 -0.125909 0.115568
v -0.010146 -0.126989 0.119751
v -0.008527 -0.128203 0.119751
v -0.013789 -0.120242 0.115568
v -0.006503 -0.128473 0.116917
v -0.002725 -0.129012 0.115568
v 0.004697 -0.129688 0.116917
v -0.002860 -0.129688 0.116917
v 0.004562 -0.128878 0.115568
v 0.008340 -0.128338 0.116917
v 0.010095 -0.128203 0.119751
v 0.011984 -0.126854 0.119751
v 0.011984 -0.126854 0.129737
v 0.010095 -0.128203 0.122450
v -0.008527 -0.128203 0.122450
v -0.002994 -0.130362 0.122450
v 0.004832 -0.130362 0.129737
v 0.004832 -0.130362 0.122450
v -0.002994 -0.130362 0.129737
v -0.001915 -0.125774 0.133110
v -0.001510 -0.123750 0.138508
v 0.003347 -0.123750 0.138508
v 0.003752 -0.125774 0.133110
v 0.007665 -0.121591 0.138508
v 0.009015 -0.123210 0.133110
v 0.010634 -0.117679 0.138508
v 0.012523 -0.118623 0.133110
v 0.016842 -0.120647 0.129737
v 0.018596 -0.112955 0.129737
v 0.016707 -0.105263 0.129737
v 0.013873 -0.112955 0.133110
v 0.007665 -0.121591 0.174267
vn 0.0041 0.0010 1.0000
vn -0.0041 -0.0017 1.0000
vn -0.0016 0.0012 1.0000
vn -0.9875 -0.0016 0.1579
vn -0.9633 0.0010 0.2683
vn -0.9875 -0.0015 0.1578
vn -0.0028 -1.0000 -0.0014
vn 0.6552 0.0003 0.7555
vn 0.9160 0.0008 0.4012
vn 0.6551 0.0003 0.7555
vn 0.9160 0.0007 0.4011
vn 0.9999 0.0042 -0.0152
vn 0.4856 -0.7098 0.5102
vn -0.2619 -0.7497 0.6077
vn 0.6478 -0.7080 0.2813
vn 0.7041 -0.7095 -0.0289
vn 0.7060 -0.7076 -0.0280
vn 0.9999 0.0042 -0.0151
vn 0.6476 -0.7083 0.2811
vn -0.0021 -1.0000 -0.0023
vn -0.0022 -1.0000 -0.0023
vn -0.0080 -0.9998 0.0168
vn -0.3157 -0.7074 0.6324
vn -0.1936 -0.7060 0.6812
vn -0.3148 -0.7074 0.6329
vn -0.3830 -0.7095 0.5915
vn -0.4882 -0.0034 0.8727
vn -0.4417 -0.0061 0.8971
vn -0.4941 -0.0031 0.8694
vn -0.4918 -0.0048 0.8707
vn -0.4400 -0.0033 0.8980
vn -0.2513 0.0036 0.9679
vn -0.1961 -0.7080 0.6784
vn -0.2521 -0.0069 0.9677
vn -0.1590 0.0015 0.9873
vn -0.0568 -0.7072 0.7048
vn -0.0564 -0.7059 0.7061
vn -0.0362 0.0076 0.9993
vn -0.0361 0.0076 0.9993
vn -0.1084 0.0051 0.9941
vn -0.5463 -0.2722 0.7922
vn -0.6125 0.0022 0.7905
vn -0.6113 -0.0030 0.7914
vn -0.5469 0.2696 0.7926
vn -0.1092 -0.0051 0.9940
vn -0.0352 -0.0076 0.9994
vn -0.5452 -0.2727 0.7927
vn -0.3580 -0.5013 0.7877
vn -0.0372 -0.0074 0.9993
vn -0.3580 -0.5016 0.7876
vn -0.0237 -0.6852 0.7279
vn 0.1462 -0.0102 0.9892
vn -0.1946 0.7065 0.6804
vn -0.0543 0.7060 0.7061
vn -0.0557 0.7060 0.7060
vn 0.0862 0.7062 0.7028
vn 0.0859 0.7055 0.7035
vn 0.1462 -0.0105 0.9892
vn -0.0018 1.0000 -0.0010
vn -0.0017 1.0000 -0.0009
vn 0.2165 0.7077 0.6725
vn 0.4637 0.7049 -0.5368
vn 0.5720 0.7052 -0.4190
vn 0.4630 0.7059 -0.5361
vn 0.3324 0.7050 -0.6265
vn 0.3316 0.7063 -0.6254
vn -0.0018 1.0000 -0.0009
vn 0.4715 0.0021 -0.8819
vn 0.6551 0.0015 -0.7555
vn 0.2591 0.7031 -0.6622
vn 0.3643 0.0035 -0.9313
vn -0.0018 1.0000 -0.0003
vn -0.0020 1.0000 -0.0003
vn 0.4591 0.0019 -0.8884
vn 0.4593 0.0018 -0.8883
vn 0.6361 0.0007 -0.7716
vn 0.6360 0.0008 -0.7717
vn 0.3256 0.7061 -0.6288
vn 0.3274 0.7056 -0.6284
vn 0.4506 0.7068 -0.5453
vn 0.2582 0.7046 -0.6610
vn 0.4513 0.7056 -0.5463
vn 0.5560 0.7060 -0.4387
vn 0.5552 0.7064 -0.4390
vn 0.6349 0.7065 -0.3128
vn 0.6363 0.7055 -0.3121
vn 0.6862 0.7066 -0.1728
vn 0.6859 0.7069 -0.1727
vn 0.8984 0.0028 -0.4391
vn 0.8984 0.0026 -0.4392
vn 0.7857 0.0010 -0.6186
vn 0.9709 0.0023 -0.2395
vn 0.9709 0.0023 -0.2396
vn 0.7857 0.0010 -0.6187
vn 0.9170 -0.0014 0.3990
vn 0.9160 0.0008 0.4011
vn 0.6568 0.0026 0.7540
vn -0.9631 -0.0049 0.2692
vn -0.8790 0.0040 0.4768
vn -0.8790 0.0042 0.4768
vn -0.7426 -0.0072 0.6697
vn -0.7431 0.0034 0.6692
vn -0.1619 -0.0070 0.9868
vn -0.1618 -0.0066 0.9868
vn 0.2723 0.0015 0.9622
vn 0.2741 0.0021 0.9617
vn 0.6503 0.7062 0.2799
vn -0.2603 0.7493 0.6089
vn 0.4877 0.7065 0.5129
vn -0.0979 0.7668 0.6344
vn -0.3801 0.7099 0.5929
vn -0.3165 0.7082 0.6311
vn 0.6482 0.7073 0.2820
vn -0.4376 0.7093 0.5527
vn -0.4794 -0.0022 0.8776
vn -0.3164 0.7081 0.6312
vn 0.7077 0.7060 -0.0270
vn 0.7065 0.7072 -0.0265
vn -0.6650 0.0040 0.7469
vn -0.6644 -0.0041 0.7474
vn -0.1482 -0.0002 0.9890
vn 0.2798 0.0016 0.9601
vn -0.1500 -0.0006 0.9887
vn -0.4389 -0.7082 0.5530
vn -0.0983 -0.7667 0.6344
vn 0.2817 0.0010 0.9595
vn 1.0000 -0.0000 -0.0000
vn -0.1933 0.7066 0.6807
vn -0.0013 -0.0045 -1.0000
vn -1.0000 -0.0000 -0.0029
vn -0.9998 0.0038 -0.0186
vn -0.0000 -0.0000 1.0000
vn 0.0029 -1.0000 0.0009
vn 0.0030 -1.0000 0.0010
vn 0.0029 -1.0000 0.0010
vn -0.0030 -1.0000 -0.0010
vn -0.0029 -1.0000 -0.0009
vn 0.8561 -0.5168 -0.0030
vn 0.8560 -0.5169 -0.0031
vn 0.9088 -0.4173 -0.0032
vn -0.0028 -0.0000 -1.0000
vn 0.9088 -0.4172 -0.0031
vn -0.7015 -0.7055 -0.1005
vn -0.6994 -0.7075 -0.1012
vn -0.7077 -0.7062 0.0195
vn -0.7079 -0.7061 0.0175
vn -0.7028 -0.7103 -0.0385
vn -0.6483 -0.7094 -0.2765
vn -0.6483 -0.7094 -0.2766
vn -0.9231 0.0042 -0.3845
vn -0.9160 0.0035 -0.4011
vn -0.9902 -0.0011 -0.1396
vn -0.9902 -0.0011 -0.1398
vn -0.9997 0.0001 0.0244
vn -0.6592 0.7060 -0.2589
vn -0.6613 0.7040 -0.2590
vn -0.7033 0.7041 -0.0981
vn -0.7075 0.7064 0.0203
vn -0.7076 0.7063 0.0190
vn -0.7030 0.7046 -0.0968
vn 0.0007 1.0000 -0.0019
vn 0.0006 1.0000 -0.0018
vn 0.0007 1.0000 -0.0017
vn 0.2001 0.7108 0.6743
vn 0.2248 0.7322 0.6429
vn 0.2805 0.6956 0.6614
vn 0.5776 0.8163 -0.0005
vn 0.7183 0.6957 -0.0030
vn 0.7184 0.6956 -0.0024
vn -0.1740 0.7444 -0.6447
vn -0.3423 0.7621 -0.5495
vn -0.3409 0.7617 -0.5510
vn -0.0121 0.7095 -0.7046
vn -0.1753 0.7446 -0.6441
vn -0.0083 0.7084 -0.7057
vn -0.2893 -0.0031 -0.9572
vn -0.5323 -0.0033 -0.8466
vn -0.5303 0.0028 -0.8478
vn -0.7486 -0.0038 -0.6630
vn -0.7473 -0.0016 -0.6645
vn -0.3773 -0.7099 -0.5947
vn -0.5200 -0.7143 -0.4684
vn -0.5211 -0.7122 -0.4703
vn -0.6287 -0.7094 -0.3186
vn -0.6249 -0.7129 -0.3182
vn -0.8948 -0.0006 -0.4464
vn -0.9071 -0.0003 -0.4209
vn -0.5011 0.7511 -0.4299
vn -0.5020 0.7508 -0.4294
vn -0.6128 0.7175 -0.3311
vn -0.6128 0.7183 -0.3295
vn -0.2002 -0.7124 -0.6726
vn -0.3763 -0.7094 -0.5959
vn -0.2014 -0.7113 -0.6734
vn -0.2893 0.0019 -0.9572
vn -0.0302 -0.7112 -0.7023
vn -0.0069 -0.0017 -1.0000
vn -0.0152 -0.0017 -0.9999
vn -0.0280 -0.7126 -0.7010
vn 0.0013 -0.0045 -1.0000
vn 0.0014 -0.0045 -1.0000
vn 0.0015 -0.0019 -1.0000
vn -0.0027 0.7054 -0.7088
vn -0.0026 0.7056 -0.7086
vn -0.0036 0.7057 -0.7085
vn -0.0022 0.7056 -0.7086
vn -0.0023 0.7056 -0.7086
vn 0.0038 0.0041 -1.0000
vn -0.0014 -0.0045 -1.0000
vn -0.0011 0.7056 -0.7086
vn -0.0017 0.7053 -0.7089
vn -0.0028 0.7056 -0.7086
vn -0.0015 -0.0019 -1.0000
vn -0.0032 0.7056 -0.7086
vn 0.0152 -0.0017 -0.9999
vn 0.2889 0.0020 -0.9574
vn 0.2894 -0.0031 -0.9572
vn 0.0024 0.7078 -0.7064
vn 0.0067 0.7087 -0.7054
vn -0.0042 -0.0017 -1.0000
vn -0.5776 0.8163 -0.0005
vn -0.5759 0.8175 -0.0012
vn -0.3334 0.9428 0.0004
vn -0.3352 0.9421 0.0002
vn -0.7184 0.6956 -0.0031
vn -0.0007 0.7052 -0.7090
vn -0.7184 0.6956 -0.0024
vn -0.0006 1.0000 -0.0018
vn -0.0007 1.0000 -0.0019
vn -0.2810 0.6949 0.6619
vn -0.2254 0.7316 0.6434
vn -0.2006 0.7102 0.6748
vn 0.3367 0.7622 -0.5529
vn 0.3381 0.7626 -0.5514
vn 0.1697 0.7444 -0.6458
vn 0.1708 0.7445 -0.6454
vn 0.7473 -0.0016 -0.6645
vn 0.7486 -0.0038 -0.6630
vn 0.5337 0.0012 -0.8457
vn 0.8948 -0.0006 -0.4464
vn 0.4974 0.7521 -0.4324
vn 0.4983 0.7517 -0.4320
vn 0.6096 0.7189 -0.3341
vn 0.9070 -0.0010 -0.4211
vn 0.6096 0.7195 -0.3327
vn 0.6584 0.7053 -0.2629
vn 0.9235 0.0075 -0.3835
vn 0.9169 -0.0038 -0.3992
vn 0.6529 -0.7052 -0.2763
vn 0.6333 -0.7052 -0.3187
vn 0.7059 -0.7012 -0.0999
vn 0.6294 -0.7089 -0.3182
vn 0.9902 -0.0012 -0.1396
vn 0.7121 -0.7018 0.0184
vn 0.7120 -0.7019 0.0208
vn 0.9997 -0.0002 0.0264
vn 0.7038 -0.7033 -0.1003
vn 0.0030 -1.0000 0.0009
vn -0.8577 -0.5142 -0.0017
vn -0.9102 -0.4142 -0.0016
vn -0.8576 -0.5143 -0.0017
vn -0.9102 -0.4142 -0.0017
vn 0.2059 -0.7079 -0.6757
vn 0.2048 -0.7091 -0.6747
vn 0.0348 -0.7082 -0.7051
vn 0.0019 -0.7037 -0.7105
vn 0.0325 -0.7096 -0.7038
vn -0.6488 -0.2707 -0.7112
vn -0.6466 -0.2734 -0.7121
vn -0.6049 -0.3586 -0.7110
vn -0.6744 -0.2099 -0.7079
vn 0.3819 -0.7063 -0.5961
vn 0.3812 -0.7058 -0.5971
vn 0.5360 -0.0033 -0.8442
vn 0.5258 -0.7082 -0.4711
vn 0.5242 -0.7105 -0.4695
vn 0.7075 -0.7056 -0.0391
vn 0.6835 -0.7066 -0.1832
vn 0.7070 -0.7062 -0.0375
vn 0.6863 -0.7038 -0.1836
vn 0.9985 -0.0008 -0.0539
vn 0.9664 -0.0018 -0.2570
vn 0.9985 -0.0007 -0.0540
vn 0.9996 0.0002 0.0275
vn 0.7051 0.7081 -0.0374
vn 0.7090 0.7049 0.0197
vn 0.7091 0.7048 0.0212
vn 0.7067 0.7063 -0.0412
vn 0.7012 0.7055 -0.1031
vn 0.6821 0.7072 -0.1860
vn 0.6816 0.7075 -0.1867
vn 0.6302 0.7059 -0.3234
vn 0.6283 0.7068 -0.3251
vn 0.5487 0.7066 -0.4468
vn 0.5491 0.7069 -0.4458
vn 0.4434 0.7072 -0.5507
vn 0.3197 0.7056 -0.6324
vn 0.4451 0.7070 -0.5496
vn -0.5114 0.6891 0.5135
vn -0.5099 0.6908 0.5127
vn -0.3861 0.6885 0.6140
vn -0.6028 0.6987 0.3852
vn -0.6040 0.6971 0.3864
vn -0.3897 0.6885 0.6117
vn -0.7039 0.0025 0.7103
vn -0.8426 -0.0054 0.5385
vn -0.7038 0.0025 0.7104
vn -0.5303 0.0018 0.8478
vn -0.5303 0.0019 0.8478
vn 0.0013 1.0000 -0.0013
vn 0.0014 1.0000 -0.0014
vn -0.3307 0.0010 0.9437
vn 0.9760 0.0039 0.2177
vn 0.9999 -0.0000 0.0108
vn 0.9757 -0.0001 0.2190
vn 0.9041 0.0020 0.4274
vn -0.8698 -0.0041 0.4934
vn -0.8687 -0.0000 0.4954
vn -0.4178 -0.0029 0.9085
vn -0.4194 -0.0032 0.9078
vn -0.6736 0.7057 0.2197
vn -0.6455 0.7015 0.3021
vn -0.6436 0.7009 0.3075
vn -0.6762 0.7047 0.2147
vn 0.3742 0.7180 0.5870
vn 0.2895 0.7110 0.6409
vn 0.2891 0.7114 0.6406
vn 0.3739 0.7192 0.5856
vn 0.4161 0.0016 0.9093
vn 0.5837 0.0056 0.8119
vn 0.4245 0.0024 0.9054
vn 0.5266 0.0058 0.8501
vn 0.4575 -0.0010 0.8892
vn 0.3226 0.7031 0.6337
vn 0.3230 0.7020 0.6348
vn 0.7110 -0.0000 0.7032
vn 0.5045 0.7057 0.4974
vn 0.7111 -0.0000 0.7031
vn 0.3264 -0.6994 0.6358
vn 0.5098 -0.7017 0.4977
vn 0.5058 -0.7048 0.4974
vn 0.3229 -0.7023 0.6345
vn 0.3089 -0.7063 0.6370
vn -0.0030 -1.0000 -0.0009
vn 0.3064 -0.7067 0.6377
vn 0.4498 -0.7073 0.5453
vn 0.4507 -0.7052 0.5473
vn -0.0028 -1.0000 -0.0010
vn 0.6222 0.0624 -0.7804
vn 0.2245 0.0060 -0.9745
vn 0.6232 0.0065 -0.7820
vn 0.2238 0.0649 -0.9725
vn -0.2249 -0.0032 -0.9744
vn -0.2259 0.0656 -0.9719
vn 0.4428 0.7046 -0.5546
vn 0.1580 0.7061 -0.6902
vn -0.1590 0.7057 -0.6904
vn -0.6222 0.0623 -0.7804
vn -0.6237 -0.0033 -0.7816
vn -0.4436 0.7057 -0.5525
vn -0.8990 0.0638 -0.4332
vn -0.9010 -0.0038 -0.4338
vn -0.6377 0.7065 -0.3069
vn -0.9981 0.0619 -0.0000
vn -1.0000 -0.0000 -0.0000
vn -0.9001 -0.0029 0.4356
vn -0.7087 0.7055 -0.0006
vn -0.6383 0.7064 0.3059
vn -0.8981 0.0646 0.4349
vn -0.4415 0.7065 0.5530
vn -0.6217 0.0660 0.7805
vn -0.1591 0.7070 0.6891
vn -0.2220 0.0644 0.9729
vn -0.2221 -0.0013 0.9750
vn -0.6237 0.0004 0.7816
vn 0.2230 0.0008 0.9748
vn 0.4031 -0.7031 -0.5858
vn 0.4032 -0.7032 -0.5856
vn 0.1969 -0.6992 -0.6873
vn 0.6120 -0.7037 -0.3608
vn 0.6122 -0.7033 -0.3614
vn 0.7071 -0.7036 -0.0698
vn 0.8631 -0.0038 -0.5050
vn 0.8627 0.0075 -0.5056
vn 0.5675 -0.0035 -0.8234
vn 0.9956 0.0024 -0.0937
vn 0.7090 -0.7018 -0.0692
vn 0.6103 0.7045 -0.3622
vn 0.3987 0.7050 -0.5866
vn 0.3991 0.7048 -0.5865
vn 0.6099 0.7047 -0.3626
vn 0.2777 -0.0023 -0.9607
vn 0.1902 0.7021 -0.6862
vn 0.1908 0.7019 -0.6863
vn 0.1719 0.7067 -0.6863
vn 0.1725 0.7057 -0.6872
vn 0.1582 0.7075 0.6887
vn 0.4420 0.7065 0.5528
vn 0.2189 0.0649 0.9736
vn 0.6212 0.0660 0.7809
vn 0.6237 0.0004 0.7817
vn 0.9001 -0.0008 0.4357
vn 0.8982 0.0629 0.4351
vn 1.0000 -0.0000 0.0028
vn 0.9981 0.0618 -0.0001
vn 0.9010 -0.0038 -0.4337
vn 0.8990 0.0637 -0.4334
vn 0.5607 -0.7038 0.4361
vn 0.5603 -0.7050 0.4348
vn 0.6405 -0.7062 0.3017
vn 0.7880 0.0068 0.6156
vn 0.6628 0.0046 0.7488
vn 0.6397 -0.7074 0.3006
vn 0.9041 0.0011 0.4273
vn 0.6933 -0.7038 0.1547
vn 0.6379 0.7070 -0.3054
vn 0.7090 0.7052 -0.0007
vn 0.6389 0.7061 0.3054
vn 0.6916 -0.7058 0.1534
vn 0.7081 -0.7061 0.0076
vn 0.7081 -0.7061 0.0064
vn 0.7080 -0.7062 -0.0017
vn 0.7081 -0.7061 -0.0016
vn 0.7038 -0.7103 -0.0109
vn 0.6736 -0.7391 0.0022
vn -0.0010 0.0039 1.0000
vn 0.0029 0.0038 1.0000
vn 0.0029 0.0039 1.0000
vn 0.0010 0.0039 1.0000
vn -0.0002 0.7078 0.7064
vn -0.0003 0.7078 0.7064
vn -0.0002 0.7077 0.7065
vn -0.0001 0.7076 0.7066
vn 1.0000 0.0014 -0.0014
vn 1.0000 -0.0017 0.0069
vn 0.0014 1.0000 -0.0010
vn 0.0015 1.0000 -0.0011
vn 1.0000 -0.0000 -0.0029
vn 1.0000 -0.0039 -0.0029
vn -0.0008 -0.7103 0.7039
vn -0.0007 -0.7104 0.7038
vn -0.0013 -0.7103 0.7039
vn 1.0000 -0.0019 -0.0014
vn 1.0000 -0.0019 0.0014
vn 1.0000 -0.0018 0.0042
vn 1.0000 -0.0014 0.0094
vn 1.0000 -0.0016 -0.0012
vn -0.0000 -0.7103 0.7039
vn 0.7065 -0.7077 0.0066
vn 0.7065 -0.7077 -0.0031
vn 0.7065 -0.7077 -0.0030
vn 0.7065 -0.7077 0.0034
vn -0.0009 -0.7104 0.7038
vn -0.0013 -1.0000 -0.0026
vn -0.0014 -1.0000 -0.0028
vn 0.6901 -0.7079 0.1505
vn 0.6883 -0.7095 0.1513
vn 0.6383 -0.7086 0.3006
vn 0.9760 0.0004 0.2178
vn 0.9760 0.0004 0.2177
vn 0.9025 0.0003 0.4307
vn 0.9044 0.0003 0.4266
vn 0.6391 -0.7082 0.3000
vn 0.7883 0.0020 0.6153
vn 0.7883 0.0021 0.6153
vn 0.5581 -0.7082 0.4324
vn 0.5581 -0.7095 0.4302
vn 0.4501 -0.7079 0.5444
vn 0.4396 -0.7068 -0.5543
vn 0.8869 -0.1674 -0.4305
vn 0.6125 -0.1689 -0.7722
vn 0.2157 -0.1710 -0.9614
vn 0.1544 -0.7056 -0.6916
vn 0.6377 -0.7042 -0.3121
vn -0.9019 0.0009 0.4320
vn -0.9019 0.0010 0.4320
vn -0.6254 0.0019 0.7803
vn 0.8997 0.0039 -0.4365
vn -0.6391 -0.7061 0.3050
vn -0.0368 -0.9983 0.0456
vn -0.4438 -0.7062 0.5516
vn -0.0529 -0.9983 0.0250
vn 0.9850 -0.1726 -0.0024
vn 1.0000 0.0038 0.0013
vn 0.9850 -0.1725 -0.0024
vn -0.7100 -0.7042 -0.0011
vn -0.0583 -0.9983 -0.0001
vn -1.0000 -0.0000 -0.0028
vn 0.0017 1.0000 -0.0011
vn 0.6220 0.0045 -0.7830
vn 0.2158 -0.1710 -0.9613
vn 0.2215 0.0052 -0.9752
vn 0.0017 1.0000 -0.0012
vn 0.6345 0.0025 0.7729
vn 0.4302 -0.0000 0.9027
vn 0.4302 0.0001 0.9027
vn 0.4572 0.0014 0.8894
vn -0.2208 -0.0015 -0.9753
vn -0.2194 -0.1700 -0.9607
vn -0.6155 -0.1671 -0.7702
vn -0.6215 0.0004 -0.7834
vn 0.2273 0.0022 0.9738
vn 0.6254 0.0019 0.7803
vn 0.2274 0.0022 0.9738
vn 0.1553 -0.7090 0.6879
vn 0.0329 -0.9986 0.0415
vn 0.4374 -0.7104 0.5514
vn -0.4431 -0.7058 -0.5527
vn -0.2195 -0.1700 -0.9607
vn 0.9019 0.0009 0.4320
vn 0.9018 0.0009 0.4321
vn 0.0478 -0.9986 0.0225
vn 0.6349 -0.7089 0.3073
vn -0.8885 -0.1690 -0.4265
vn -0.8885 -0.1690 -0.4266
vn -0.2273 0.0022 0.9738
vn -0.0091 0.9990 0.0448
vn -0.1564 0.7097 0.6869
vn 0.1564 0.7084 0.6882
vn 0.0123 0.9989 0.0448
vn 0.0295 0.9990 0.0350
vn 0.4411 0.7081 0.5514
vn 0.0017 1.0000 -0.0010
vn 0.6357 0.7086 0.3062
vn 0.0422 0.9989 0.0199
vn 0.0466 0.9989 -0.0002
vn 0.0015 1.0000 -0.0009
vn 0.7082 0.7060 -0.0003
vn 1.0000 0.0001 -0.0029
vn 1.0000 -0.0000 -0.0026
vn 0.8992 0.0002 -0.4376
vn 0.8993 0.0001 -0.4374
vn 0.0427 0.9989 -0.0202
vn 0.6371 0.7069 -0.3072
vn 0.0315 0.9988 -0.0376
vn -1.0000 -0.0017 -0.0014
vn -0.9005 0.0012 0.4348
vn -0.9005 -0.0038 0.4349
vn -1.0000 -0.0018 -0.0015
vn -0.6217 0.0003 0.7833
vn -0.8994 -0.0000 -0.4370
vn -0.8995 -0.0000 -0.4369
vn -0.6199 -0.0020 -0.7847
vn -0.2206 -0.0005 -0.9754
vn 0.2262 -0.0009 -0.9741
vn -0.2207 -0.0005 -0.9754
vn 0.2264 -0.0009 -0.9740
vn 0.6248 -0.0033 -0.7808
vn 0.9025 -0.0021 -0.4306
vn 0.9025 -0.0021 -0.4308
vn 1.0000 -0.0045 0.0069
vn 0.9015 0.0033 0.4328
vn 1.0000 -0.0045 0.0068
vn -0.0392 0.9991 0.0190
vn -0.0436 0.9990 -0.0014
vn -0.0387 0.9990 -0.0223
vn 0.6232 0.0017 0.7821
vn 0.6231 0.0017 0.7821
vn 0.2244 0.0034 0.9745
vn -0.0266 0.9990 -0.0368
vn 0.2245 0.0034 0.9745
vn -0.0065 0.9989 -0.0473
vn 0.0123 0.9988 -0.0469
vn -0.2226 0.0029 0.9749
vn -0.2224 0.0029 0.9749
vn -0.6216 0.0003 0.7833
vn -0.1530 0.7084 -0.6890
vn 0.1595 0.7078 -0.6882
vn 0.4430 0.7072 -0.5510
vn 0.2194 -0.0000 -0.9756
vn -0.2194 -0.0000 -0.9756
vn 0.6204 0.0003 -0.7843
vn -0.1550 -0.7073 0.6897
vn -0.6115 -0.1746 0.7717
vn -0.2203 -0.1731 0.9599
vn 0.1603 -0.7072 0.6886
vn -0.6232 -0.0006 0.7821
vn -0.2208 0.0021 0.9753
vn 0.2197 -0.1729 0.9601
vn 0.1517 -0.7056 -0.6922
vn -0.0129 -0.9983 -0.0562
vn -0.1595 -0.7061 -0.6899
vn 0.0110 -0.9984 -0.0551
vn 0.0313 -0.9983 -0.0482
vn 0.4378 -0.7075 -0.5547
vn 0.6203 0.0010 -0.7844
vn -0.9004 0.0003 0.4350
vn -0.8855 -0.1758 0.4300
vn -0.4384 -0.7089 0.5525
vn 0.0484 -0.9985 -0.0260
vn 0.6340 -0.7093 -0.3082
vn -1.0000 -0.0017 -0.0042
vn 0.9959 0.0034 -0.0906
vn 0.9956 0.0034 -0.0933
vn 0.8640 0.0042 -0.5034
vn 0.9421 0.0009 0.3352
vn 0.9413 -0.0000 0.3375
vn 0.6681 -0.7058 0.2353
vn 0.7055 -0.7054 -0.0686
vn 0.7049 -0.7056 -0.0725
vn 0.6100 -0.7049 -0.3619
vn 0.6104 -0.7051 -0.3609
vn 0.5685 0.0015 -0.8227
vn 0.5686 0.0013 -0.8226
vn 0.3967 -0.7046 -0.5883
vn 0.3987 -0.7061 -0.5852
vn 0.1911 -0.7029 -0.6851
vn 0.1916 -0.7014 -0.6866
vn 0.1720 -0.7041 -0.6889
vn 0.1720 -0.7048 -0.6883
vn 0.3263 -0.7048 -0.6299
vn 0.2474 0.0006 -0.9689
vn 0.2797 0.0009 -0.9601
vn 0.4570 0.0021 -0.8894
vn 0.4572 0.0021 -0.8894
vn 0.2225 0.0012 0.9749
vn 0.6131 -0.1760 0.7702
vn 0.6250 0.0035 0.7806
vn 0.9016 0.0029 0.4326
vn 0.8879 -0.1729 0.4262
vn 0.4407 -0.7081 0.5517
vn 0.6132 -0.1760 0.7701
vn 0.8880 -0.1729 0.4262
vn 0.6370 -0.7079 0.3052
vn -0.8993 0.0001 -0.4374
vn -0.8992 -0.0000 -0.4375
vn -0.6401 -0.7052 -0.3049
vn -0.0535 -0.9983 -0.0252
vn -0.6203 0.0003 -0.7844
vn -0.0385 -0.9983 -0.0439
vn -0.6204 0.0003 -0.7843
vn -0.4426 -0.7061 -0.5527
vn -0.0028 -1.0000 -0.0013
vn 0.0528 -0.9986 -0.0000
vn 0.0084 -0.9985 0.0549
vn -0.0121 -0.9985 0.0535
vn 0.7041 -0.7101 -0.0014
vn -0.1584 -0.7065 0.6898
vn -0.4364 0.7084 -0.5547
vn -0.6342 0.7097 -0.3067
vn -0.7052 0.7090 -0.0021
vn 0.7070 -0.7072 -0.0040
vn 0.4505 -0.7042 -0.5488
vn 0.3267 -0.7067 -0.6275
vn 0.4527 -0.7055 -0.5453
vn 0.5557 -0.7045 -0.4414
vn 0.5555 -0.7056 -0.4399
vn 0.6344 0.0045 -0.7730
vn 0.7788 0.0011 -0.6272
vn 0.8933 0.0053 -0.4494
vn 0.9672 0.0068 -0.2540
vn 0.0016 1.0000 -0.0012
vn 0.9672 0.0036 -0.2541
vn 0.9988 0.0047 -0.0479
vn 0.9997 0.0010 0.0262
vn 0.9996 -0.0000 0.0286
vn 0.7066 -0.7071 -0.0263
vn 0.7059 -0.7078 -0.0263
vn 0.7103 -0.7027 0.0410
vn 0.6866 -0.7067 -0.1708
vn 0.6878 -0.7062 -0.1680
vn 0.6365 -0.7058 -0.3109
vn 0.6357 -0.7062 -0.3117
vn 0.7096 -0.7034 0.0418
vn 0.7093 -0.6986 -0.0936
vn 0.7104 -0.6973 -0.0955
vn 0.6535 -0.7032 -0.2801
vn 0.6521 -0.7040 -0.2813
vn 0.6159 -0.7154 -0.3300
vn 0.6175 -0.7144 -0.3292
vn 0.4842 -0.7497 -0.4511
vn 0.4832 -0.7498 -0.4520
vn 0.3028 -0.7606 -0.5743
vn 0.3000 -0.7615 -0.5745
vn 0.1236 -0.7385 -0.6628
vn 0.1243 -0.7385 -0.6627
vn 0.0045 -0.7083 -0.7059
vn -0.0014 -1.0000 -0.0029
vn -0.0058 -0.7051 -0.7090
vn 0.0030 -0.7083 -0.7059
vn 0.0027 -0.7082 -0.7060
vn -0.0016 -0.7064 -0.7078
vn 0.0039 -0.7082 -0.7060
vn -0.0049 -0.0000 -1.0000
vn 0.0029 -0.0000 -1.0000
vn -0.0030 -0.0000 -1.0000
vn 0.0049 -0.0000 -1.0000
vn 0.2321 -0.0023 -0.9727
vn 0.4536 0.0002 -0.8912
vn 0.4573 0.0021 -0.8893
vn 0.6409 0.0034 -0.7676
vn 0.7937 0.0008 -0.6083
vn 0.6408 0.0034 -0.7677
vn 0.7951 0.0008 -0.6065
vn 0.8994 -0.0000 -0.4371
vn 0.9224 -0.0025 -0.3862
vn 0.9044 0.0004 -0.4267
vn 0.9234 0.0031 -0.3839
vn 0.9905 0.0029 -0.1374
vn 0.0028 -1.0000 -0.0014
vn 0.0030 -1.0000 -0.0015
vn -0.0010 -0.0000 -1.0000
vn -0.0062 -0.0000 -1.0000
vn -0.0055 -0.0000 -1.0000
vn -0.3809 -0.0030 -0.9246
vn 0.0027 -1.0000 -0.0015
vn -0.0071 0.0001 -1.0000
vn -0.4212 -0.0013 -0.9070
vn 0.0166 -0.0002 -0.9999
vn -0.0029 -0.0000 -1.0000
vn 0.1319 -0.7837 -0.6069
vn 0.1316 -0.7840 -0.6066
vn -0.2067 -0.8023 -0.5600
vn -0.4229 0.0025 -0.9062
vn 0.3864 -0.7079 -0.5912
vn 0.3863 -0.7066 -0.5929
vn 0.0010 -1.0000 -0.0029
vn 0.0013 -1.0000 -0.0028
vn 0.0014 -1.0000 -0.0028
vn -0.2077 -0.8020 -0.5601
vn -0.5105 -0.7744 -0.3738
vn -0.5109 -0.7767 -0.3685
vn 0.0015 -1.0000 -0.0027
vn -0.6569 -0.7453 -0.1143
vn -0.6580 -0.7440 -0.1165
vn -0.9653 -0.0011 -0.2610
vn -0.9653 0.0020 -0.2610
vn -0.9898 0.0014 0.1425
vn -0.6976 -0.7081 0.1089
vn -0.7638 0.0014 -0.6454
vn -0.7654 0.0012 -0.6436
vn -0.6972 -0.7091 0.1058
vn -0.6967 -0.7049 0.1331
vn -0.9894 0.0039 0.1450
vn -0.9817 0.0032 0.1906
vn -0.6608 -0.7056 0.2559
vn -0.6609 -0.7057 0.2554
vn -0.9321 0.0028 0.3621
vn -0.6953 -0.7063 0.1329
vn 0.0013 -1.0000 -0.0029
vn 0.0009 -1.0000 -0.0030
vn 0.0011 -1.0000 -0.0030
vn 0.5571 -0.7047 -0.4393
vn 0.6924 -0.7046 -0.1551
vn 0.5553 -0.7049 -0.4412
vn 0.6927 -0.7047 -0.1535
vn 0.3126 -0.7042 -0.6375
vn 0.3115 -0.7062 -0.6358
vn 0.0054 -0.7071 -0.7071
vn 0.0008 -1.0000 -0.0029
vn -0.5981 -0.7062 0.3789
vn -0.5971 -0.7076 0.3779
vn -0.5113 -0.7066 0.4892
vn -0.5136 -0.7066 0.4868
vn -0.8431 0.0021 0.5378
vn -0.7222 -0.0000 0.6917
vn -0.9321 0.0028 0.3622
vn -0.7237 0.0022 0.6901
vn -0.5736 0.0017 0.8191
vn -0.5719 0.0029 0.8203
vn -0.4077 -0.7071 0.5778
vn -0.4067 -0.7071 0.5785
vn -0.3535 -0.7049 0.6149
vn -0.4979 0.0036 0.8672
vn -0.3524 -0.7049 0.6155
vn -0.4244 -0.7079 0.5646
vn -0.4221 -0.7059 0.5688
vn -0.4980 0.0036 0.8672
vn -0.5970 0.0018 0.8022
vn 0.0006 -1.0000 -0.0032
vn 0.0007 -1.0000 -0.0030
vn 0.6338 -0.7046 -0.3190
vn 0.6351 -0.7039 -0.3181
vn 0.6268 -0.7053 -0.3312
vn 0.6262 -0.7053 -0.3323
vn 0.7088 -0.7049 -0.0270
vn 0.7075 -0.7062 -0.0278
vn 0.0014 -1.0000 -0.0027
vn 0.8867 0.0001 -0.4624
vn 0.8858 0.0002 -0.4642
vn 0.8847 -0.0017 -0.4662
vn 0.9990 0.0034 -0.0439
vn 0.8841 -0.0010 -0.4672
vn 0.8857 -0.0002 -0.4642
vn 0.8847 0.0006 -0.4662
vn 0.8866 0.0007 -0.4626
vn 0.8565 0.4302 0.2852
vn 0.8550 0.4320 0.2871
vn 0.6005 0.7745 0.1991
vn 0.9492 0.0024 0.3146
vn 0.9487 0.0037 0.3162
vn 0.6125 0.0022 0.7905
vn 0.6124 -0.0019 0.7905
vn 0.5474 0.2692 0.7924
vn 0.5480 0.2694 0.7919
vn 0.5463 -0.2689 0.7933
vn 0.5473 -0.2690 0.7925
vn 0.8588 -0.4262 0.2844
vn 0.8588 -0.4261 0.2844
vn 0.3611 -0.5015 0.7862
vn 0.6014 -0.7739 0.1985
vn 0.3578 -0.5019 0.7874
vn 0.0370 -0.0075 0.9993
vn 0.2521 -0.0074 0.9677
vn 0.1092 -0.0053 0.9940
vn 0.0352 -0.0075 0.9994
vn -0.1443 -0.0102 0.9895
vn 0.0243 -0.6869 0.7264
vn 0.0246 -0.6848 0.7283
vn -0.2146 -0.7121 0.6685
vn -0.3101 0.0030 0.9507
vn -0.1462 -0.0102 0.9892
vn -0.3071 -0.0063 0.9517
vn -0.0864 0.7061 0.7029
vn -0.0865 0.7064 0.7025
vn -0.2165 0.7077 0.6725
vn -0.2171 0.7078 0.6722
vn 0.0566 0.7058 0.7062
vn 0.0551 0.7060 0.7061
vn 0.0015 1.0000 -0.0013
vn 0.0015 1.0000 -0.0014
vn 0.0016 1.0000 -0.0013
vn -0.6491 0.7060 -0.2832
vn -0.5696 0.7063 -0.4203
vn -0.5700 0.7064 -0.4197
vn -0.6491 0.7057 -0.2840
vn -0.6947 0.7071 -0.1318
vn -0.6955 0.7065 -0.1309
vn -0.7079 0.7059 0.0241
vn -0.7064 0.7073 0.0253
vn -0.9993 0.0035 0.0370
vn -0.9817 -0.0037 -0.1905
vn -0.9151 -0.0001 -0.4032
vn -0.9151 -0.0001 -0.4033
vn -0.0014 1.0000 -0.0014
vn -0.9993 0.0034 0.0370
vn -0.9660 0.0038 0.2587
vn -0.8860 0.0010 0.4637
vn -0.7582 0.0011 0.6520
vn -0.7583 0.0011 0.6519
vn -0.5362 0.7079 0.4598
vn -0.5361 0.7084 0.4590
vn -0.6268 0.7062 0.3292
vn -0.6249 0.7078 0.3294
vn -0.5971 0.0006 0.8022
vn -0.4204 0.7074 0.5682
vn -0.4198 0.7086 0.5672
vn 0.6236 0.7075 -0.3325
vn 0.6292 0.7073 -0.3221
vn 0.6228 0.7070 -0.3350
vn 0.6289 0.7079 -0.3216
vn 0.7048 0.7087 -0.0310
vn 0.7059 0.7076 -0.0310
vn 0.9223 -0.0033 0.3865
vn 0.9990 0.0034 -0.0440
vn 0.9223 -0.0034 0.3864
vn 0.6525 0.7075 0.2713
vn 0.6713 0.0036 0.7412
vn 0.6713 0.0036 0.7411
vn 0.4746 0.7076 0.5235
vn 0.4735 0.7086 0.5232
vn 0.6511 0.7095 0.2696
vn 0.4715 -0.7108 0.5219
vn 0.4715 -0.7087 0.5248
vn 0.6486 -0.7105 0.2730
vn 0.2030 -0.7092 0.6751
vn 0.4937 0.0015 0.8696
vn 0.2040 -0.7109 0.6731
vn -0.1027 -0.7085 0.6982
vn -0.1027 -0.7100 0.6967
vn -0.1455 0.0024 0.9893
vn 0.0732 0.0024 0.9973
vn 0.0730 0.0025 0.9973
vn 0.4938 -0.0020 0.8696
vn 0.2054 0.7080 0.6757
vn 0.2073 0.7091 0.6740
vn -0.1026 0.7088 0.6979
vn -0.1029 0.7082 0.6985
vn -0.1452 0.0024 0.9894
vn -0.3861 0.7085 0.5907
vn -0.5481 0.0010 0.8364
vn -0.5479 -0.0036 0.8365
vn -0.3862 -0.7103 0.5885
vn -0.3861 -0.7085 0.5907
vn -0.3927 -0.7087 0.5862
vn -0.5516 0.0025 0.8341
vn -0.5533 -0.0029 0.8330
vn -0.5499 -0.0052 0.8352
vn -0.5517 0.0024 0.8341
vn -0.5535 -0.0014 0.8329
vn -0.5499 0.0035 0.8352
vn 0.3603 0.9020 0.2378
vn 0.6527 0.6249 0.4284
vn 0.8150 0.2262 0.5335
vn 0.3603 0.9020 0.2377
vn 0.6470 0.6360 -0.4206
vn 0.6475 0.6352 -0.4211
vn 0.8513 0.4413 -0.2839
vn 0.8513 0.4408 -0.2845
vn 0.9649 0.1576 -0.2100
vn 0.9645 0.1566 -0.2125
vn 0.9665 -0.1542 -0.2053
vn 0.8132 -0.2258 0.5364
vn 0.9670 -0.1542 -0.2029
vn 0.8482 -0.4444 -0.2883
vn 0.8497 -0.4431 -0.2858
vn 0.8132 -0.2259 0.5363
vn 0.6511 -0.6255 0.4300
vn 0.5534 0.0009 -0.8329
vn 0.5548 0.0048 -0.8320
vn 0.5492 -0.0012 -0.8357
vn 0.5499 -0.0001 -0.8352
vn 0.5484 -0.0014 -0.8362
vn 0.5533 0.0037 -0.8330
vn 0.5568 0.0046 -0.8306
vn 0.5551 0.0046 -0.8318
vn 0.3877 -0.7075 -0.5908
vn 0.3873 -0.7071 -0.5916
vn 0.3882 -0.7077 -0.5903
vn 0.1394 0.0030 -0.9902
vn -0.0905 0.0054 -0.9959
vn -0.0906 0.0058 -0.9959
vn 0.3892 -0.7058 -0.5919
vn 0.3880 -0.7078 -0.5903
vn 0.0017 -1.0000 -0.0026
vn 0.0019 -1.0000 -0.0025
vn 0.0018 -1.0000 -0.0025
vn 0.4541 -0.7068 -0.5425
vn 0.4906 -0.7090 -0.5066
vn 0.5316 -0.7072 -0.4661
vn 0.8923 -0.0005 -0.4515
vn 0.8912 -0.0025 -0.4535
vn 0.7511 -0.0008 -0.6602
vn 0.5899 0.7250 -0.3555
vn 0.5918 0.7237 -0.3550
vn 0.5263 0.7120 -0.4648
vn 0.5398 0.7551 -0.3721
vn 0.9797 0.0021 -0.2005
vn 0.9812 -0.0024 -0.1931
vn 0.9802 -0.0004 -0.1980
vn 0.5398 0.7545 -0.3733
vn 0.4152 0.7113 -0.5671
vn 0.9812 -0.0023 -0.1930
vn 0.6497 -0.7064 -0.2808
vn 0.5722 -0.7076 -0.4146
vn 0.5861 -0.7062 -0.3971
vn 0.0010 -1.0000 -0.0028
vn 0.0006 -1.0000 -0.0031
vn 0.0003 -1.0000 -0.0032
vn 0.6499 -0.7069 -0.2790
vn -0.0005 -1.0000 -0.0031
vn -0.0007 -1.0000 -0.0029
vn 0.6912 -0.7072 -0.1486
vn 0.6904 -0.7083 -0.1474
vn -0.0002 -1.0000 -0.0032
vn 0.9807 0.0003 -0.1954
vn 0.9807 0.0002 -0.1955
vn 0.6912 -0.7095 -0.1376
vn 0.9812 -0.0023 -0.1931
vn 0.9802 0.0007 -0.1980
vn 0.9807 -0.0018 -0.1955
vn 0.8168 0.3050 0.4897
vn 0.7785 0.5520 0.2986
vn 0.7788 0.5522 0.2976
vn 0.7258 0.6875 0.0225
vn 0.7247 0.6887 0.0226
vn 0.1178 0.7720 0.6246
vn 0.1488 0.6115 0.7771
vn 0.0564 0.9528 0.2982
vn 0.1759 0.3864 0.9054
vn 0.8149 0.3068 0.4917
vn 0.8280 -0.0018 0.5608
vn 0.8284 -0.0003 0.5602
vn 0.2056 -0.0005 0.9786
vn 0.2038 -0.0006 0.9790
vn -0.7423 0.4547 -0.4921
vn -0.8352 -0.0038 -0.5499
vn -0.7396 0.4646 -0.4869
vn -0.7416 -0.4550 -0.4929
vn 0.1758 -0.3869 0.9052
vn 0.1527 -0.6118 0.7761
vn -0.7403 -0.4627 -0.4877
vn -0.4931 -0.8064 -0.3263
vn 0.2651 -0.4443 -0.8557
vn 0.2649 -0.4465 -0.8547
vn 0.2146 0.0135 -0.9766
vn 0.4245 -0.7263 -0.5407
vn 0.4244 -0.7248 -0.5427
vn 0.2153 0.0126 -0.9765
vn 0.9826 0.0043 -0.1855
vn 0.9821 0.0013 -0.1881
vn 0.9826 0.0063 -0.1856
vn 0.9802 -0.0003 -0.1980
vn 0.9812 -0.0003 -0.1930
vn 0.8162 -0.3068 0.4896
vn 0.8169 -0.3038 0.4902
vn 0.7807 -0.5481 0.3002
vn 0.7793 -0.5512 0.2982
vn 0.9822 0.0013 -0.1879
vn 0.7263 -0.6870 0.0220
vn 0.9807 0.0001 -0.1954
vn 0.6478 0.7030 -0.2935
vn 0.6462 0.7042 -0.2942
vn 0.6902 0.7081 -0.1493
vn 0.6918 0.7068 -0.1477
vn 0.9817 0.0024 -0.1905
vn 0.6921 0.7085 -0.1379
vn 0.9817 0.0002 -0.1905
vn 0.5760 0.7035 -0.4162
vn 0.5778 0.7027 -0.4152
vn 0.9558 0.0015 -0.2940
vn 0.9586 0.0050 -0.2847
vn 0.8234 0.0048 -0.5674
vn 0.4878 0.7066 -0.5126
vn 0.4872 0.7066 -0.5132
vn 0.0017 1.0000 -0.0009
vn 0.3909 0.7072 -0.5891
vn 0.0015 1.0000 -0.0012
vn 0.0016 1.0000 -0.0010
vn -0.4986 0.7096 0.4979
vn -0.5000 0.7086 0.4978
vn -0.3940 0.7079 0.5862
vn -0.3934 0.7089 0.5854
vn -0.3860 0.7085 0.5907
vn -0.5535 0.0036 0.8329
vn -0.7059 0.0079 0.7083
vn -0.0034 -1.0000 -0.0038
vn -0.0032 -1.0000 -0.0039
vn -0.8651 0.0161 0.5014
vn 0.0088 -0.9999 0.0053
vn 0.0087 -0.9999 0.0055
vn 0.3946 -0.7074 -0.5864
vn 0.3955 -0.7068 -0.5866
vn 0.3945 -0.7056 -0.5886
vn 0.5522 -0.7187 -0.4225
vn 0.3970 -0.7060 -0.5865
vn 0.5525 -0.0026 -0.8335
vn 0.5505 -0.0028 -0.8348
vn 0.5550 0.0002 -0.8318
vn 0.5528 -0.7184 -0.4223
vn 0.5429 -0.7496 -0.3787
vn 0.3886 0.7060 -0.5921
vn 0.6439 -0.6380 -0.4223
vn 0.5482 0.0010 -0.8364
vn 0.6432 -0.6387 -0.4223
vn 0.3623 -0.9022 0.2340
vn 0.3623 -0.9022 0.2341
vn -0.5516 -0.0014 0.8341
vn -0.5517 0.0025 0.8340
vn -0.1639 -0.9804 -0.1095
vn -0.1640 -0.9803 -0.1098
vn -0.9782 0.0046 0.2078
vn -0.9797 0.0032 0.2004
vn -0.9428 0.0204 0.3327
vn -0.8296 0.0014 0.5584
vn -0.5877 0.7087 0.3903
vn -0.5863 0.7102 0.3898
vn -0.6523 0.7092 0.2676
vn -0.6516 0.7098 0.2674
vn 0.0013 1.0000 -0.0015
vn -0.6922 0.7078 0.1409
vn -0.6923 0.7077 0.1407
vn -0.6943 0.7084 0.1271
vn 0.0012 1.0000 -0.0014
vn -0.6943 0.7083 0.1276
vn 0.0013 1.0000 -0.0016
vn -0.6995 0.7059 -0.1114
vn -0.9883 0.0046 -0.1523
vn -0.9817 -0.0037 0.1904
vn -0.9817 -0.0018 0.1904
vn -0.9817 -0.0037 0.1905
vn -0.9813 -0.0002 0.1927
vn -0.9812 -0.0037 0.1929
vn -0.9812 -0.0023 0.1930
vn -0.6988 0.7065 -0.1116
vn -0.1740 0.4315 -0.8852
vn -0.1731 0.4335 -0.8844
vn -0.1905 -0.0037 -0.9817
vn -0.9817 -0.0018 0.1905
vn -0.1726 -0.4313 -0.8856
vn -0.1717 -0.4296 -0.8866
vn -0.1881 0.0064 -0.9821
vn 0.6144 0.5505 -0.5652
vn 0.6058 0.5544 -0.5707
vn 0.5702 0.3076 -0.7618
vn 0.5712 0.3095 -0.7602
vn 0.5585 -0.0005 -0.8295
vn -0.1199 0.7802 -0.6140
vn 0.9984 -0.0063 0.0555
vn 0.9817 -0.0018 -0.1905
vn 0.9961 0.0016 -0.0880
vn 0.5587 -0.0028 -0.8294
vn 0.9826 0.0073 -0.1855
vn 0.9985 -0.0006 0.0555
vn 0.5715 -0.3072 -0.7610
vn 0.9831 0.0014 -0.1830
vn 0.6921 0.7090 -0.1353
vn 0.6926 0.7090 -0.1331
vn 0.6781 0.7348 -0.0179
vn 0.9621 -0.0019 0.2725
vn 0.6781 0.7348 -0.0182
vn 0.6226 0.7563 0.2010
vn 0.9622 -0.0019 0.2725
vn 0.8744 -0.0045 0.4852
vn 0.8744 -0.0046 0.4852
vn 0.6754 -0.7373 -0.0160
vn 0.6902 -0.7107 -0.1360
vn 0.6909 -0.7102 -0.1351
vn 0.6753 -0.7374 -0.0173
vn 0.6202 -0.7580 0.2020
vn 0.7416 -0.0002 0.6708
vn 0.7416 -0.0074 0.6708
vn 0.4993 -0.7485 0.4364
vn 0.6203 -0.7582 0.2007
vn 0.0028 -1.0000 -0.0015
vn 0.0026 -1.0000 -0.0018
vn 0.0024 -1.0000 -0.0020
vn 0.4995 -0.7500 0.4335
vn -0.0003 -1.0000 -0.0031
vn -0.4010 -0.7063 -0.5834
vn -0.6164 -0.7083 -0.3440
vn -0.6162 -0.7081 -0.3447
vn -0.0004 -1.0000 -0.0031
vn -0.6992 -0.7058 -0.1135
vn -0.7001 -0.7052 -0.1118
vn -0.9641 0.0029 -0.2654
vn -0.9642 0.0029 -0.2652
vn -0.7226 -0.0030 -0.6913
vn -0.6048 -0.0013 -0.7963
vn -0.7216 0.0014 -0.6924
vn -0.4835 -0.0026 -0.8753
vn -0.4014 -0.7062 -0.5832
vn -0.0716 -0.0030 -0.9974
vn -0.0691 -0.0030 -0.9976
vn -0.0966 -0.7062 -0.7014
vn -0.0976 -0.7054 -0.7021
vn 0.2172 -0.7055 -0.6746
vn 0.0018 -1.0000 -0.0026
vn 0.0020 -1.0000 -0.0024
vn 0.0027 -1.0000 -0.0017
vn 0.0021 -1.0000 -0.0024
vn 0.0186 -0.7235 0.6901
vn -0.2229 -0.7068 0.6714
vn 0.0188 -0.7238 0.6898
vn 0.2186 -0.7149 0.6641
vn 0.3047 -0.7269 0.6155
vn -0.2198 -0.7097 0.6693
vn -0.0518 0.0036 0.9987
vn 0.1395 0.0021 0.9902
vn 0.1415 0.0018 0.9899
vn -0.0490 -0.0069 0.9988
vn 0.3643 0.0031 0.9313
vn 0.0182 0.7255 0.6880
vn 0.2211 0.7141 0.6642
vn 0.3083 0.7254 0.6154
vn 0.0197 0.7238 0.6898
vn 0.3963 0.7206 0.5689
vn 0.5669 0.0028 0.8238
vn 0.5687 0.0016 0.8225
vn 0.3951 -0.7221 0.5679
vn 0.5016 0.7458 0.4383
vn 0.5029 0.7452 0.4380
vn 0.6227 0.7563 0.2007
vn -0.6181 0.7077 -0.3423
vn -0.6182 0.7078 -0.3419
vn -0.4003 0.7074 -0.5825
vn -0.3982 0.7076 -0.5837
vn -0.0961 0.7077 -0.6999
vn 0.0016 1.0000 -0.0008
vn 0.0018 1.0000 -0.0009
vn -0.0964 0.7068 -0.7008
vn 0.2078 0.7074 -0.6756
vn 0.2085 0.7062 -0.6766
vn -0.4819 0.0037 -0.8762
vn -0.0721 0.0024 -0.9974
vn -0.0694 0.0026 -0.9976
vn 0.3032 0.0006 -0.9529
vn 0.3092 0.0003 -0.9510
vn -0.6050 0.0022 -0.7962
vn -0.7443 -0.6187 -0.2516
vn -0.9234 -0.2188 -0.3153
vn -0.7433 -0.6187 -0.2544
vn -0.4121 -0.9002 -0.1409
vn -0.9258 -0.2149 -0.3110
vn -0.9274 0.2140 -0.3068
vn -0.9269 0.2142 -0.3081
vn -0.8786 0.1621 0.4491
vn -0.8781 -0.1611 0.4506
vn -0.8783 -0.1625 0.4497
vn -0.7465 -0.4448 0.4949
vn -0.3099 0.0030 0.9508
vn -0.1764 0.0051 0.9843
vn -0.7466 -0.4442 0.4952
vn -0.1830 -0.0055 0.9831
vn -0.8791 0.1609 0.4486
vn -0.3088 -0.0057 0.9511
vn -0.7472 0.4399 0.4982
vn -0.7480 0.4452 0.4923
vn -0.5159 0.6367 0.5732
vn -0.7482 0.6161 -0.2461
vn -0.7475 0.6157 -0.2493
vn -0.4151 0.8996 -0.1358
vn -0.4147 0.8996 -0.1372
vn 0.3009 0.0020 -0.9537
vn 0.3078 0.0005 -0.9515
vn 0.3148 -0.0009 -0.9492
vn -0.0152 0.9999 -0.0048
vn 0.3239 -0.0013 -0.9461
vn 0.3240 0.0008 -0.9461
vn -0.0020 1.0000 -0.0004
vn -0.2138 0.7090 0.6721
vn -0.2132 0.7099 0.6713
vn -0.2382 0.7055 0.6675
vn -0.0019 1.0000 -0.0004
vn -0.2375 0.7066 0.6665
vn -0.5141 0.6365 0.5749
vn -0.3184 -0.0044 0.9480
vn -0.3127 -0.0057 0.9498
vn -0.3195 0.0012 0.9476
vn -0.2243 -0.7066 0.6711
vn -0.2189 -0.7078 0.6717
vn -0.3082 0.0024 0.9513
vn -0.0897 -0.7046 0.7039
vn -0.3081 0.0027 0.9514
vn -0.1473 0.0060 0.9891
vn 0.0503 -0.7063 0.7061
vn -0.0901 -0.7060 0.7025
vn 0.0343 0.0075 0.9994
vn 0.0011 -1.0000 -0.0029
vn 0.0016 -1.0000 -0.0026
vn 0.0010 -1.0000 -0.0030
vn 0.0538 -0.7047 0.7074
vn 0.0007 -1.0000 -0.0029
vn 0.1900 -0.7067 0.6815
vn 0.1930 -0.7050 0.6825
vn 0.3116 -0.7098 0.6317
vn 0.0342 0.0075 0.9994
vn 0.2513 0.0036 0.9679
vn 0.1084 0.0051 0.9941
vn 0.1570 0.0012 0.9876
vn 0.4418 -0.0043 0.8971
vn 0.4400 -0.0080 0.8980
vn 0.3121 -0.7094 0.6320
vn 0.4934 -0.0066 0.8698
vn 0.4916 -0.0011 0.8708
vn 0.4864 -0.0066 0.8737
vn 0.3807 -0.7086 0.5941
vn 0.2977 -0.7433 0.5991
vn 0.4360 -0.7089 0.5544
vn 0.1500 -0.0018 0.9887
vn 0.1482 -0.0015 0.9889
vn 0.0028 -1.0000 -0.0013
vn 0.0029 -1.0000 -0.0013
vn -0.2856 0.0021 0.9584
vn -0.6568 0.0026 0.7541
vn -0.6568 0.0026 0.7540
vn -0.2835 0.0027 0.9590
vn -0.6486 -0.7066 0.2829
vn -0.2055 -0.7887 0.5795
vn -0.4909 -0.7054 0.5113
vn 0.0996 -0.7674 0.6334
vn -0.9170 0.0025 0.3988
vn -0.7092 -0.7046 -0.0260
vn -0.7084 -0.7054 -0.0235
vn -0.6502 -0.7049 0.2834
vn -0.9179 0.0007 0.3969
vn -0.9997 -0.0013 -0.0261
vn -0.9997 -0.0013 -0.0260
vn -0.6880 -0.7052 -0.1714
vn -0.9697 0.0022 -0.2444
vn -0.9697 0.0024 -0.2443
vn -0.6884 -0.7050 -0.1705
vn -0.8954 -0.0013 -0.4453
vn -0.6372 -0.7039 -0.3139
vn -0.6380 -0.7033 -0.3134
vn 0.0005 -1.0000 -0.0031
vn 0.0005 -1.0000 -0.0029
vn 0.0004 -1.0000 -0.0031
vn -0.5587 -0.7029 -0.4402
vn 0.0005 -1.0000 -0.0032
vn -0.5572 -0.7057 -0.4377
vn -0.4518 -0.7062 -0.5452
vn -0.4524 -0.7060 -0.5448
vn -0.3279 -0.7051 -0.6287
vn -0.3279 -0.7052 -0.6286
vn -0.2601 -0.7034 -0.6615
vn -0.2610 -0.7022 -0.6624
vn -0.4697 -0.0033 -0.8828
vn -0.3679 -0.0037 -0.9298
vn -0.3679 -0.0037 -0.9299
vn -0.4717 -0.0005 -0.8818
vn -0.3350 -0.7056 -0.6245
vn -0.4625 -0.0014 -0.8866
vn -0.4608 -0.0024 -0.8875
vn -0.6376 -0.0012 -0.7704
vn -0.6377 -0.0039 -0.7703
vn -0.7830 0.0010 -0.6220
vn -0.7817 -0.0024 -0.6237
vn -0.6551 -0.0006 -0.7556
vn -0.3363 -0.7042 -0.6253
vn -0.4644 -0.7044 -0.5368
vn -0.4661 -0.7028 -0.5374
vn -0.6551 -0.0033 -0.7555
vn -0.8042 0.0009 -0.5943
vn -0.9151 -0.0034 -0.4033
vn -0.8016 -0.0026 -0.5979
vn -0.9151 -0.0034 -0.4032
vn -0.9994 0.0007 0.0342
vn -0.7097 -0.7041 0.0248
vn -0.7084 -0.7054 0.0237
vn -0.6963 -0.7052 -0.1336
vn -0.9994 0.0007 0.0341
vn -0.6981 -0.7036 -0.1328
vn -0.6501 -0.7054 -0.2825
vn -0.6496 -0.7053 -0.2838
vn -0.5725 -0.7035 -0.4211
vn -0.5728 -0.7031 -0.4213
vn -0.6835 -0.7067 0.1827
vn -0.6858 -0.7052 0.1799
vn -0.8860 0.0044 0.4637
vn -0.6286 -0.7055 0.3274
vn -0.5372 -0.7072 0.4596
vn -0.6267 -0.7057 0.3305
vn -0.7610 0.0013 0.6487
vn -0.7597 0.0028 0.6502
vn -0.5376 -0.7063 0.4606
vn -0.5955 0.0006 0.8034
vn 0.0028 -1.0000 -0.0012
vn 1.0000 -0.0038 0.0089
vn 0.9633 -0.0029 0.2685
vn 0.9998 0.0034 -0.0206
vn 0.9998 0.0036 -0.0205
vn 0.9638 -0.0040 0.2666
vn -0.9179 0.0008 0.3968
vn -0.6584 0.0003 0.7527
vn -0.6568 0.0017 0.7541
vn -0.2741 0.0021 0.9617
vn 0.2584 0.7495 0.6094
vn -0.6489 0.7067 0.2820
vn -0.4877 0.7078 0.5111
vn 0.0990 0.7672 0.6337
vn -0.2761 0.0027 0.9611
vn 0.1637 -0.0073 0.9865
vn 0.4370 0.7083 0.5543
vn 0.1638 -0.0070 0.9865
vn 0.4810 -0.0011 0.8767
vn 0.3815 0.7090 0.5931
vn -0.0014 1.0000 -0.0015
vn 0.8771 -0.0034 0.4804
vn 0.7444 -0.0019 0.6678
vn 0.7443 -0.0018 0.6678
vn 0.6649 -0.0016 0.7469
vn 0.6649 -0.0016 0.7470
vn 0.3151 0.7085 0.6314
vn 0.3133 0.7096 0.6311
vn 0.0013 1.0000 -0.0014
vn 0.1936 0.7057 0.6816
vn -0.6863 0.7071 -0.1703
vn -0.6875 0.7056 -0.1718
vn -0.7083 0.7055 -0.0247
vn -0.6362 0.7049 -0.3136
vn -0.7064 0.7073 -0.0259
vn -0.9697 0.0023 -0.2443
vn -0.9697 0.0021 -0.2444
vn -0.6353 0.7065 -0.3119
vn -0.9997 -0.0013 -0.0233
vn -0.0015 1.0000 -0.0014
vn -0.7831 0.0010 -0.6219
vn -0.6344 0.0008 -0.7730
vn -0.4536 0.0002 -0.8912
vn -0.4573 0.0020 -0.8893
vn -0.3625 0.0035 -0.9320
vn -0.3624 0.0035 -0.9320
vn -0.4661 -0.0000 -0.8847
vn -0.4661 0.0001 -0.8847
vn -0.6492 -0.0000 -0.7606
vn -0.3329 0.7058 -0.6253
vn -0.3336 0.7056 -0.6251
vn -0.2612 0.7027 -0.6618
vn -0.2609 0.7039 -0.6606
vn -0.4629 0.7062 -0.5358
vn -0.4643 0.7060 -0.5348
vn -0.8015 -0.0026 -0.5979
vn -0.8016 -0.0027 -0.5978
vn -0.3250 0.7050 -0.6304
vn -0.3259 0.7066 -0.6281
vn -0.4510 0.7051 -0.5472
vn -0.4514 0.7060 -0.5457
vn -0.5547 0.7066 -0.4393
vn -0.5557 0.7057 -0.4395
vn -0.6494 0.7063 0.2817
vn 0.1939 0.7064 0.6807
vn 0.8771 -0.0034 0.4803
vn 0.9456 0.3095 -0.1004
vn -0.0013 1.0000 -0.0013
vn 0.7064 0.7078 -0.0026
vn 0.8702 0.4767 -0.1244
vn -0.0000 1.0000 -0.0012
vn 0.9456 -0.3096 -0.1000
vn 0.9621 -0.2614 -0.0777
vn 0.9617 0.2630 -0.0768
vn 0.8699 -0.4768 -0.1262
vn 0.7069 -0.7073 -0.0001
vn 0.9471 -0.3209 -0.0041
vn -0.0008 -0.0234 0.9997
vn 0.0011 -0.0233 0.9997
vn -0.0000 -0.3867 0.9222
vn 0.7086 -0.7055 -0.0091
vn 0.0011 0.0233 0.9997
vn 0.0010 0.0234 0.9997
vn 0.9471 0.3209 -0.0040
vn 0.7084 0.7057 -0.0070
vn 0.0011 0.3867 0.9222
vn 0.0001 0.7077 0.7065
vn 0.0004 0.3869 0.9221
vn 0.7068 0.7074 -0.0011
vn -0.7071 0.0001 0.7071
vn -0.7068 -0.0034 0.7074
vn -0.7065 -0.0008 0.7077
vn -0.7049 -0.0025 0.7093
vn -0.7082 -0.0010 0.7060
vn -0.0002 0.9245 0.3812
vn 0.0003 0.9245 0.3811
vn 0.7050 0.7092 -0.0024
vn -0.7069 -0.0006 0.7073
vn -0.7068 0.0025 0.7074
vn -0.7052 -0.0031 0.7090
vn 0.0035 -0.9246 0.3809
vn -0.7069 0.0002 0.7073
vn -0.7068 0.0002 0.7074
vn -0.7069 0.0005 0.7073
vn 0.0031 -0.3869 0.9221
vn -0.0001 -0.7078 0.7064
vn -0.7051 -0.0016 0.7091
vn 0.0002 -0.9245 0.3811
vn 0.7065 -0.7078 -0.0034
vn 0.7066 -0.7076 -0.0022
vn 0.0995 -0.7674 0.6334
vn 0.3590 0.5018 0.7870
vn 0.3593 0.5006 0.7876
vn 0.0243 0.6834 0.7297
vn 0.2601 0.9618 0.0852
vn 0.6004 0.7745 0.1991
vn 0.2609 0.9617 0.0840
vn 0.0232 0.6822 0.7308
vn 0.0059 1.0000 0.0011
vn 0.8847 -0.0000 -0.4662
vn 0.8857 -0.0000 -0.4643
vn 0.7808 0.0004 -0.6248
vn 0.7808 -0.0008 -0.6248
vn 0.6471 0.0030 -0.7624
vn 0.6471 -0.0018 -0.7624
vn 0.4613 -0.7063 -0.5370
vn 0.5577 -0.7041 -0.4395
vn 0.4612 -0.7055 -0.5381
vn 0.5569 -0.7057 -0.4380
vn 0.0022 -1.0000 -0.0023
vn 0.0023 -1.0000 -0.0022
vn 0.3505 -0.7056 -0.6159
vn 0.2376 -0.7057 -0.6675
vn 0.2363 -0.7046 -0.6691
vn 0.0016 -1.0000 -0.0027
vn 0.3517 -0.7062 -0.6145
vn 0.4877 0.0019 -0.8730
vn 0.2162 -0.7062 -0.6742
vn -0.5145 -0.6387 0.5721
vn -0.3175 0.0018 0.9483
vn -0.5155 -0.6396 0.5703
vn -0.2241 0.7078 0.6699
vn -0.2211 0.7077 0.6710
vn -0.3173 0.0018 0.9483
vn -0.2159 0.7094 0.6709
vn -0.2391 -0.7090 0.6635
vn -0.2366 -0.7089 0.6644
vn -0.0099 -0.9999 -0.0082
vn -0.0100 -0.9999 -0.0082
vn -0.2133 -0.7120 0.6690
vn -0.4110 -0.9004 -0.1429
vn 0.2654 -0.9607 0.0819
vn 0.0091 -1.0000 -0.0017
vn 0.6472 -0.0018 -0.7623
vn 0.4878 -0.0004 -0.8730
vn 0.3240 -0.0013 -0.9461
vn 0.4560 0.7075 -0.5399
vn 0.3449 0.7069 -0.6175
vn 0.3458 0.7064 -0.6176
vn 0.2305 0.7069 -0.6687
vn 0.5519 0.7078 -0.4410
vn 0.4573 0.7079 -0.5383
vn 0.5518 0.7074 -0.4417
vn 0.8857 -0.0005 -0.4643
vn 0.8847 0.0004 -0.4662
vn 0.2294 0.7073 -0.6686
vn -0.0014 1.0000 -0.0010
vn 0.8865 0.0007 -0.4627
vn 0.2655 -0.9607 0.0816
vn 0.8858 -0.0000 -0.4641
vn -0.0006 -1.0000 -0.0031
vn -0.6828 -0.7191 0.1291
vn -0.6860 -0.7159 0.1299
vn -0.6840 -0.7159 0.1402
vn 0.5687 -0.3074 -0.7629
vn 0.6084 -0.5548 -0.5674
vn 0.6138 -0.5502 -0.5661
vn 0.6657 -0.6884 -0.2879
vn 0.6654 -0.6884 -0.2888
vn -0.1168 -0.7793 -0.6157
vn -0.1186 -0.7805 -0.6138
vn -0.0428 -0.9745 -0.2201
vn -0.0418 -0.9741 -0.2223
vn 0.0228 -0.9948 0.0990
vn 0.0585 -0.9527 0.2983
vn 0.7262 -0.6873 0.0194
vn 0.1016 -0.8556 0.5075
vn 0.1185 -0.7724 0.6240
vn 0.6619 0.6905 -0.2918
vn -0.1200 0.7809 -0.6131
vn -0.0430 0.9744 -0.2207
vn -0.9812 0.0007 0.1930
vn -0.9817 0.0012 0.1906
vn -0.0424 0.9744 -0.2207
vn 0.0212 0.9946 0.1016
vn -0.9817 -0.0037 0.1906
vn 0.0980 0.8545 0.5101
vn -0.9817 0.0013 0.1904
vn -0.6576 0.6787 -0.3269
vn -0.5160 0.7864 -0.3396
vn -0.9812 0.0037 0.1929
vn -0.9776 0.0071 0.2103
vn -0.9606 0.0070 0.2778
vn -0.5106 0.7894 -0.3407
vn -0.2114 0.9674 -0.1396
vn -0.2112 0.9674 -0.1396
vn -0.0035 1.0000 -0.0025
vn -0.8985 0.0012 0.4390
vn -0.0036 1.0000 -0.0025
vn -0.0009 1.0000 -0.0018
vn -0.7720 0.0018 0.6356
vn -0.7721 0.0018 0.6355
vn -0.5534 -0.0001 0.8329
vn 0.0091 1.0000 0.0042
vn 0.3946 0.7050 -0.5893
vn 0.3945 0.7051 -0.5893
vn 0.4013 0.7046 -0.5852
vn 0.0085 1.0000 0.0051
vn 0.5279 0.7111 -0.4643
vn 0.4007 0.7055 -0.5846
vn 0.5524 0.0015 -0.8336
vn -0.3909 -0.7104 0.5853
vn -0.5178 -0.7171 0.4665
vn -0.5793 -0.7183 0.3854
vn -0.6682 -0.7203 0.1862
vn -0.5168 -0.7200 0.4631
vn 0.4140 0.7120 -0.5672
vn 0.2720 0.4439 -0.8538
vn 0.2748 0.4449 -0.8524
vn -0.6530 -0.7091 0.2660
vn 0.6656 0.6882 -0.2887
vn -0.6575 -0.6776 -0.3294
vn -0.4996 -0.8039 -0.3228
vn 0.5434 -0.7495 -0.3781
vn 0.3883 0.7059 -0.5924
vn 0.3878 0.7064 -0.5922
vn 0.3884 0.7059 -0.5923
vn 0.3894 0.7054 -0.5922
vn 0.3885 0.7070 -0.5910
vn 0.3890 0.7053 -0.5926
vn 0.3891 0.7052 -0.5927
vn 0.0147 -0.0002 -0.9999
vn 0.0027 -0.0000 -1.0000
vn 0.3878 0.7063 -0.5922
vn 0.2779 -0.0018 -0.9606
vn -0.0227 0.0002 -0.9997
vn 0.1461 0.7807 -0.6076
vn 0.1465 0.7809 -0.6072
vn -0.1759 0.7983 -0.5760
vn -0.1745 0.7975 -0.5775
vn -0.4654 0.7749 -0.4276
vn -0.4648 0.7764 -0.4257
vn -0.7638 -0.0019 -0.6455
vn -0.4212 0.0008 -0.9070
vn -0.4211 0.0008 -0.9070
vn -0.0015 1.0000 -0.0013
vn -0.0014 1.0000 -0.0013
vn -0.9653 -0.0011 -0.2612
vn -0.9653 -0.0011 -0.2611
vn -0.9894 0.0039 0.1451
vn -0.9322 0.0028 0.3620
vn -0.6890 0.7177 0.1007
vn -0.6884 0.7182 0.1011
vn -0.6897 0.7122 0.1305
vn -0.6881 0.7140 0.1294
vn -0.6586 0.7079 0.2550
vn -0.6589 0.7071 0.2566
vn -0.8442 0.0041 0.5360
vn -0.8442 0.0042 0.5360
vn -0.5950 0.7081 0.3802
vn -0.5965 0.7082 0.3777
vn -0.5094 0.7076 0.4897
vn -0.4044 0.7084 0.5784
vn -0.4063 0.7085 0.5771
vn -0.5094 0.7085 0.4884
vn -0.5754 0.0016 0.8179
vn -0.5753 0.0016 0.8179
vn -0.7223 0.0038 0.6916
vn -0.7223 0.0039 0.6916
vn -0.4945 0.0040 0.8692
vn -0.5970 0.0006 0.8022
vn -0.3515 0.7063 0.6144
vn -0.3510 0.7068 0.6142
vn -0.3081 0.7055 -0.6383
vn -0.3096 0.7058 -0.6371
vn -0.5557 0.7048 -0.4410
vn -0.0025 0.7069 -0.7073
vn -0.0038 0.7069 -0.7073
vn 0.0068 -0.0017 -1.0000
vn 0.0070 -0.0017 -1.0000
vn -0.4323 -0.0048 -0.9017
vn -0.4308 0.0012 -0.9024
vn -0.7809 0.0004 -0.6247
vn -0.5536 0.7068 -0.4404
vn -0.7807 0.0004 -0.6249
vn -0.6909 0.7062 -0.1548
vn -0.9740 0.0029 -0.2264
vn -0.5498 -0.7073 -0.4443
vn -0.3053 -0.7056 -0.6394
vn -0.5500 -0.7078 -0.4432
vn -0.6880 -0.7078 -0.1602
vn -0.6895 -0.7077 0.1543
vn -0.6881 -0.7092 0.1534
vn -0.6870 -0.7088 -0.1600
vn -0.9756 -0.0034 0.2195
vn -0.9753 0.0034 0.2207
vn 0.0017 -1.0000 -0.0027
vn -0.6880 0.7086 0.1563
vn -0.6898 0.7069 -0.1566
vn -0.6885 0.7084 0.1554
vn -0.5527 0.7077 0.4401
vn -0.7846 0.0017 0.6200
vn -0.5532 0.7079 0.4391
vn -0.3043 0.7091 0.6361
vn -0.7847 0.0017 0.6199
vn -0.4369 0.0033 0.8995
vn -0.0011 0.0008 1.0000
vn 0.0002 0.7081 0.7061
vn -0.0000 0.7073 0.7069
vn -0.3050 0.7079 0.6370
vn 0.3078 0.7070 0.6367
vn 0.3059 0.7070 0.6376
vn 0.4369 0.0033 0.8995
vn 0.4370 0.0033 0.8994
vn 0.7847 0.0017 0.6199
vn 0.5518 0.7088 0.4394
vn 0.5536 0.7068 0.4404
vn 0.7846 0.0017 0.6200
vn 0.9753 0.0034 0.2207
vn 0.6898 0.7071 0.1555
vn 0.6889 0.7079 0.1561
vn 0.9753 -0.0031 0.2207
vn 0.6886 0.7071 -0.1607
vn 0.9740 0.0029 -0.2264
vn 0.6893 0.7067 -0.1596
vn 0.5527 0.7060 -0.4428
vn 0.5507 0.7067 -0.4442
vn 0.0016 1.0000 -0.0011
vn 0.3039 0.7058 -0.6399
vn 0.3040 0.7072 -0.6383
vn 0.7809 0.0004 -0.6246
vn 0.4308 0.0012 -0.9025
vn 0.6882 -0.7090 0.1541
vn 0.5510 -0.7101 0.4384
vn 0.6853 -0.7113 0.1561
vn 0.5511 -0.7084 0.4410
vn 0.3061 -0.7109 0.6332
vn 0.3064 -0.7081 0.6362
vn -0.0012 -0.7095 0.7047
vn -0.0004 -0.7095 0.7047
vn -0.0012 0.0008 1.0000
vn 0.0010 -1.0000 -0.0031
vn -0.3050 -0.7101 0.6346
vn -0.3059 -0.7110 0.6332
vn -0.5537 -0.7077 0.4389
vn -0.5528 -0.7090 0.4379
vn -0.3055 -0.7067 -0.6382
vn 0.0012 -1.0000 -0.0029
vn 0.6489 -0.7103 0.2728
vn 0.0012 -0.7069 -0.7073
vn -0.6346 0.7516 -0.1798
vn -0.6357 0.7514 -0.1769
vn 0.8565 0.0052 -0.5161
vn 0.8565 0.0073 -0.5161
vn 0.5546 -0.0025 -0.8321
vn 0.5526 -0.0009 -0.8334
vn 0.1395 0.0030 -0.9902
vn 0.3859 -0.7073 -0.5923
vn 0.3857 -0.7067 -0.5932
vn 0.3883 -0.7070 -0.5911
vn 0.9532 -0.0032 -0.3024
vn 0.9537 -0.0014 -0.3006
vn 0.4750 -0.0006 -0.8800
vn 0.5481 -0.0012 -0.8364
vn 0.5482 -0.0012 -0.8363
vn 0.3856 -0.7068 -0.5931
vn 0.3896 -0.7068 -0.5905
vn 0.3879 -0.7082 -0.5899
vn -0.6838 0.7068 0.1814
vn -0.6848 0.7057 0.1819
vn 0.8847 0.0002 -0.4662
vn -0.3808 -0.0030 -0.9246
vn -0.6952 -0.0022 -0.7188
vn -0.6953 -0.0022 -0.7188
vn -0.7060 -0.0030 -0.7082
vn -0.7060 -0.0029 -0.7082
vn -0.6953 -0.0022 -0.7187
vn -1.0000 -0.0019 -0.0015
vn -0.0030 -1.0000 -0.0015
vn 0.9998 0.0038 -0.0188
vn 0.9998 0.0038 -0.0189
vn 0.7038 0.0019 -0.7104
vn 0.7038 -0.0009 -0.7104
vn 0.0044 0.0010 -1.0000
vn 0.0044 -0.0000 -1.0000
vn 0.0088 0.0005 -1.0000
vn 0.0058 0.0003 -1.0000
vn -0.0225 -0.0003 -0.9997
vn 0.0110 0.0001 -0.9999
vn 0.4303 0.0043 -0.9027
vn -0.0048 -0.0000 -1.0000
vn 0.4267 0.0025 -0.9044
vn 0.2008 -0.8028 -0.5614
vn -0.1368 -0.7846 -0.6047
vn -0.1371 -0.7848 -0.6044
vn -0.3916 -0.7065 -0.5895
vn -0.0020 -1.0000 -0.0021
vn -0.3928 -0.7044 -0.5912
vn 0.2021 -0.8048 -0.5581
vn 0.5071 -0.7784 -0.3700
vn 0.5057 -0.7779 -0.3729
vn 0.6540 -0.7479 -0.1138
vn 0.6551 -0.7468 -0.1146
vn 0.7679 0.0014 -0.6406
vn 0.7665 0.0012 -0.6422
vn 0.9653 -0.0001 -0.2611
vn 0.9890 0.0014 0.1476
vn 0.6947 -0.7114 0.1059
vn 0.9822 0.0007 0.1881
vn 0.6930 -0.7091 0.1299
vn 0.6932 -0.7128 0.1071
vn 0.6930 -0.7089 0.1311
vn -0.0021 -1.0000 -0.0024
vn -0.3075 -0.7105 0.6330
vn -0.3080 -0.7075 0.6361
vn -0.5526 -0.7074 0.4407
vn -0.5524 -0.7093 0.4379
vn -0.6898 -0.7075 0.1536
vn -0.0010 -0.7093 0.7049
vn -0.0012 -0.7097 0.7045
vn -0.7817 0.0002 0.6237
vn -0.4338 0.0001 0.9010
vn -0.7816 -0.0000 0.6237
vn -0.4340 -0.0000 0.9009
vn -0.6898 0.7071 0.1555
vn -0.5536 0.7068 0.4404
vn -0.6888 0.7079 0.1561
vn -0.9744 -0.0002 0.2249
vn -0.5518 0.7089 0.4393
vn -0.3078 0.7070 0.6367
vn -0.0017 1.0000 -0.0010
vn -0.6893 0.7067 -0.1596
vn -0.6886 0.7071 -0.1606
vn -0.5527 0.7060 -0.4428
vn -0.9738 -0.0008 -0.2275
vn -0.7803 -0.0016 -0.6254
vn -0.9744 -0.0000 0.2250
vn -0.5508 0.7067 -0.4442
vn -0.6867 -0.7101 0.1554
vn -0.6884 -0.7075 -0.1597
vn -0.4320 -0.0029 -0.9019
vn -0.3038 0.7058 -0.6399
vn -0.3040 0.7072 -0.6384
vn 0.0025 0.7069 -0.7073
vn 0.0039 0.7069 -0.7073
vn -0.4319 -0.0029 -0.9019
vn -0.5501 -0.7071 -0.4444
vn -0.5520 -0.7063 -0.4432
vn -0.3067 -0.7055 -0.6389
vn -0.3057 -0.7070 -0.6377
vn 0.0008 -0.7069 -0.7073
vn 0.0045 -0.7070 -0.7072
vn 0.3112 -0.7049 -0.6373
vn 0.4375 -0.0037 -0.8992
vn 0.3115 -0.7054 -0.6367
vn 0.5550 -0.7052 -0.4412
vn 0.5576 -0.7043 -0.4393
vn 0.7844 -0.0031 -0.6203
vn 0.5557 0.7048 -0.4410
vn 0.5557 0.7056 -0.4398
vn 0.6924 0.7044 -0.1563
vn 0.9755 -0.0031 -0.2200
vn 0.3081 0.7055 -0.6383
vn 0.6915 0.7054 -0.1558
vn 0.3096 0.7059 -0.6371
vn 0.6879 0.7085 0.1574
vn 0.5525 0.7088 0.4386
vn 0.9755 -0.0033 -0.2201
vn 0.9749 0.0023 0.2226
vn 0.5527 0.7077 0.4401
vn 0.7829 0.0019 0.6221
vn 0.6935 -0.7036 -0.1549
vn 0.6928 -0.7044 -0.1545
vn 0.6876 -0.7090 0.1567
vn 0.6867 -0.7101 0.1554
vn -0.2042 -0.7099 0.6741
vn 0.1043 -0.7092 0.6973
vn -0.2052 -0.7091 0.6746
vn -0.4722 -0.7100 0.5225
vn -0.4734 -0.7081 0.5239
vn -0.6496 -0.7100 0.2720
vn -0.7032 -0.7103 -0.0316
vn -0.7046 -0.7090 -0.0295
vn -0.6499 -0.7097 0.2718
vn -0.8872 -0.0043 -0.4613
vn -0.9991 0.0033 -0.0419
vn -0.8863 -0.0043 -0.4631
vn -0.6266 -0.7104 -0.3204
vn -0.6256 -0.7104 -0.3223
vn -0.9990 0.0034 -0.0439
vn -0.9228 -0.0070 0.3853
vn -0.6227 -0.7075 -0.3343
vn -0.6232 -0.7075 -0.3333
vn -0.0020 -1.0000 -0.0020
vn 0.5359 -0.7091 0.4582
vn 0.6225 -0.7113 0.3264
vn 0.6815 -0.7096 0.1791
vn 0.6234 -0.7098 0.3280
vn 0.6807 -0.7101 0.1800
vn 0.7058 -0.7080 0.0240
vn 0.6935 -0.7083 -0.1320
vn 0.7047 -0.7091 0.0243
vn 0.6937 -0.7078 -0.1331
vn 0.9817 -0.0000 -0.1905
vn 0.9817 0.0002 -0.1906
vn 0.9179 0.0043 -0.3968
vn 0.6465 -0.7075 -0.2854
vn 0.9992 0.0007 0.0397
vn 0.9992 0.0008 0.0397
vn 0.9151 -0.0004 -0.4032
vn 0.8055 0.0009 -0.5926
vn 0.8055 0.0009 -0.5925
vn 0.6519 -0.0006 -0.7583
vn 0.6505 0.0008 -0.7595
vn 0.4643 -0.0005 -0.8857
vn 0.3624 -0.0000 -0.9320
vn 0.4556 -0.0015 -0.8902
vn 0.4572 -0.0024 -0.8894
vn 0.6332 0.0001 -0.7740
vn 0.6333 0.0001 -0.7739
vn 0.7816 0.0002 -0.6238
vn 0.7815 0.0002 -0.6239
vn 0.8954 0.0008 -0.4452
vn 0.8954 0.0008 -0.4453
vn 0.9690 -0.0004 -0.2469
vn 0.6839 -0.7088 -0.1729
vn 0.6334 -0.7071 -0.3144
vn 0.6339 -0.7070 -0.3136
vn 0.6830 -0.7092 -0.1748
vn 0.5513 -0.7083 -0.4409
vn 0.5510 -0.7079 -0.4418
vn 0.4467 -0.7078 -0.5472
vn 0.3216 -0.7080 -0.6288
vn 0.3214 -0.7048 -0.6324
vn 0.2560 -0.7035 -0.6630
vn 0.3283 -0.7056 -0.6280
vn 0.4585 -0.7067 -0.5388
vn 0.4587 -0.7052 -0.5406
vn 0.5677 -0.7070 -0.4218
vn 0.6471 -0.7071 -0.2851
vn 0.5675 -0.7076 -0.4211
vn 0.2229 -0.7100 0.6680
vn 0.2203 -0.7099 0.6690
vn 0.2150 -0.7101 0.6704
vn 0.2150 -0.7102 0.6704
vn 0.0866 -0.7067 0.7022
vn 0.0857 -0.7056 0.7034
vn -0.3467 -0.7074 -0.6160
vn -0.2298 -0.7074 -0.6684
vn -0.2286 -0.7074 -0.6688
vn -0.2098 -0.7078 -0.6745
vn -0.2090 -0.7090 -0.6735
vn -0.3449 -0.7097 -0.6143
vn -0.4877 -0.0004 -0.8730
vn -0.6454 0.0016 -0.7638
vn -0.4897 0.0010 -0.8719
vn -0.3257 -0.0022 -0.9455
vn -0.4575 -0.7065 -0.5399
vn -0.6471 -0.0003 -0.7624
vn -0.7807 0.0014 -0.6249
vn -0.5484 -0.7099 -0.4419
vn -0.4576 -0.7071 -0.5391
vn -0.5505 -0.7083 -0.4419
vn -0.8837 0.0003 -0.4680
vn -0.0017 1.0000 -0.0012
vn -0.0043 1.0000 -0.0007
vn -0.0015 1.0000 -0.0011
vn -0.8838 0.0023 -0.4679
vn -0.0099 1.0000 0.0002
vn -0.8866 0.0004 -0.4625
vn -0.2646 0.9606 0.0849
vn -0.2647 0.9606 0.0849
vn -0.8857 0.0032 -0.4643
vn -0.6011 0.7739 0.1995
vn -0.0242 0.6833 0.7297
vn -0.3569 0.5013 0.7882
vn -0.0215 0.6841 0.7291
vn 0.2139 0.7086 0.6724
vn 0.2145 0.7084 0.6724
vn -0.3605 0.5000 0.7874
vn 0.1434 0.0060 0.9896
vn 0.3082 0.0024 0.9513
vn 0.2385 0.7076 0.6652
vn 0.2375 0.7066 0.6665
vn 0.3164 -0.0056 0.9486
vn 0.5142 0.6365 0.5749
vn 0.3146 -0.0057 0.9492
vn 0.3183 -0.0050 0.9480
vn 0.5160 0.6366 0.5732
vn 0.7475 0.4432 0.4948
vn 0.3089 -0.0063 0.9511
vn 0.7457 0.4404 0.4999
vn 0.8792 0.1609 0.4485
vn 0.0489 -0.0070 0.9988
vn 0.1850 -0.0059 0.9827
vn 0.1744 0.0048 0.9847
vn 0.0499 0.0035 0.9987
vn -0.1434 0.0021 0.9897
vn -0.0216 -0.7252 0.6882
vn 0.2163 -0.7096 0.6706
vn -0.3643 0.0031 0.9313
vn -0.0215 -0.7253 0.6881
vn -0.2219 -0.7147 0.6633
vn -0.2210 0.7143 0.6640
vn -0.0194 0.7237 0.6899
vn -0.3092 0.7235 0.6172
vn -0.3963 0.7196 0.5702
vn -0.5669 0.0027 0.8238
vn -0.5702 0.0027 0.8215
vn -0.0193 0.7236 0.6900
vn 0.2185 0.7096 0.6699
vn -0.0016 1.0000 -0.0008
vn 0.1005 0.7061 -0.7009
vn 0.1008 0.7051 -0.7019
vn 0.4020 0.7056 -0.5835
vn -0.2146 0.7056 -0.6753
vn 0.4042 0.7057 -0.5819
vn -0.2312 0.7057 -0.6698
vn -0.2137 0.7062 -0.6750
vn -0.3124 0.0013 -0.9499
vn -0.3053 0.0007 -0.9523
vn -0.3239 0.0019 -0.9461
vn -0.2346 0.7052 -0.6691
vn -0.3009 0.0007 -0.9537
vn 0.0721 0.0022 -0.9974
vn 0.4105 -0.9008 -0.1419
vn 0.4103 -0.9008 -0.1424
vn 0.0122 -0.9999 -0.0046
vn 0.7430 -0.6199 -0.2523
vn 0.8780 -0.1596 0.4513
vn 0.7487 -0.4439 0.4924
vn 0.7461 -0.4441 0.4961
vn 0.8770 -0.1614 0.4525
vn 0.9246 -0.2175 -0.3126
vn 0.5173 -0.6387 0.5696
vn 0.3088 -0.0063 0.9511
vn 0.3164 -0.0051 0.9486
vn 0.3183 -0.0051 0.9480
vn 0.5160 -0.6389 0.5706
vn 0.2402 -0.7089 0.6632
vn 0.2377 -0.7088 0.6641
vn 0.3071 -0.0069 0.9517
vn 0.2139 -0.7107 0.6701
vn 0.2154 0.7075 0.6731
vn 0.2240 0.7076 0.6702
vn -0.0235 -0.6848 0.7283
vn -0.0100 -0.9999 -0.0013
vn -0.0045 -1.0000 -0.0021
vn -0.0018 -1.0000 -0.0026
vn -0.2640 -0.9609 0.0841
vn 0.0122 -0.9999 -0.0045
vn -0.8848 -0.0003 -0.4659
vn -0.8853 -0.0042 -0.4650
vn -0.8843 -0.0027 -0.4669
vn -0.7804 -0.0015 -0.6253
vn -0.5552 0.7054 -0.4407
vn -0.6267 0.7054 -0.3312
vn -0.5553 0.7058 -0.4398
vn -0.4591 0.7061 -0.5392
vn -0.4597 0.7056 -0.5392
vn -0.6467 -0.0000 -0.7627
vn -0.3489 0.7051 -0.6173
vn -0.3497 0.7048 -0.6173
vn -0.6483 0.0001 -0.7614
vn -0.4921 -0.0000 -0.8705
vn -0.4892 -0.0045 -0.8722
vn -0.6259 0.7049 -0.3337
vn -0.6323 0.7053 -0.3205
vn -0.7081 0.7056 -0.0274
vn -0.7071 0.7065 -0.0293
vn -0.6320 0.7059 -0.3200
vn -0.6536 0.7054 0.2742
vn -0.6521 0.7067 0.2743
vn -0.4739 0.7064 0.5257
vn -0.4744 0.7069 0.5247
vn 0.6590 0.7067 0.2574
vn 0.6875 0.7145 0.1296
vn 0.6598 0.7064 0.2562
vn 0.5962 0.7077 0.3791
vn 0.8431 0.0019 0.5377
vn 0.8431 -0.0010 0.5378
vn 0.9312 0.0006 0.3645
vn 0.9312 0.0006 0.3644
vn 0.6882 0.7137 0.1307
vn 0.9821 0.0007 0.1881
vn 0.5968 0.7075 0.3785
vn 0.7209 0.0021 0.6930
vn 0.7208 0.0023 0.6931
vn 0.5114 0.7061 0.4898
vn 0.5094 0.7079 0.4892
vn 0.5736 0.0004 0.8191
vn 0.4040 0.7076 0.5797
vn 0.4926 0.0031 0.8702
vn 0.4043 0.7080 0.5791
vn 0.3522 0.7046 0.6160
vn 0.3517 0.7053 0.6155
vn 0.4214 0.7077 0.5670
vn 0.5937 0.0006 0.8047
vn 0.4206 0.7075 0.5680
vn 0.7601 -0.0003 0.6498
vn 0.5364 0.7080 0.4593
vn 0.8838 0.0010 0.4678
vn 0.8839 0.0010 0.4677
vn 0.6264 0.7063 0.3297
vn 0.6249 0.7078 0.3294
vn 0.5359 0.7075 0.4607
vn 0.6832 0.7068 0.1835
vn 0.9653 -0.0017 0.2611
vn 0.9666 -0.0014 0.2562
vn 0.6840 0.7063 0.1826
vn 0.7078 0.7060 0.0236
vn 0.7080 0.7058 0.0256
vn 0.6955 0.7061 -0.1329
vn 0.9831 0.0043 -0.1830
vn 0.6956 0.7061 -0.1325
vn 0.6501 0.7051 -0.2833
vn 0.9179 0.0042 -0.3968
vn 0.6491 0.7055 -0.2846
vn 0.5694 0.7067 -0.4199
vn 0.6885 0.7184 0.0994
vn 0.6890 0.7177 0.1008
vn 0.9891 0.0014 0.1476
vn 0.9890 0.0014 0.1477
vn 0.6349 0.7520 -0.1774
vn 0.6346 0.7518 -0.1792
vn 0.4652 0.7749 -0.4279
vn 0.4651 0.7749 -0.4280
vn 0.7664 0.0008 -0.6423
vn 0.1754 0.7967 -0.5783
vn 0.4266 0.0025 -0.9044
vn 0.1763 0.7975 -0.5770
vn 0.4265 0.0025 -0.9045
vn 0.0265 0.0003 -0.9996
vn -0.1469 0.7808 -0.6073
vn -0.1466 0.7808 -0.6074
vn -0.3873 0.7066 -0.5922
vn -0.3873 0.7058 -0.5932
vn -0.3874 0.7065 -0.5923
vn -0.2855 -0.0029 -0.9584
vn -0.3879 0.7064 -0.5920
vn -0.3876 0.7070 -0.5915
vn -0.4786 -0.0025 -0.8781
vn -0.3903 0.7059 -0.5911
vn -0.5535 -0.0023 -0.8329
vn -0.5533 -0.0023 -0.8330
vn -0.4786 -0.0025 -0.8780
vn -0.3924 -0.7052 -0.5905
vn -0.3934 -0.7041 -0.5912
vn -0.3920 -0.7046 -0.5915
vn -0.3933 -0.7052 -0.5899
vn -0.3924 -0.7041 -0.5919
vn -0.3926 -0.7029 -0.5931
vn -0.3932 -0.7050 -0.5902
vn -0.3932 -0.7034 -0.5921
vn -0.3941 -0.7034 -0.5916
vn -0.3939 -0.7035 -0.5916
vn 0.3860 -0.7079 0.5915
vn 0.3859 -0.7079 0.5915
vn 0.3942 -0.7089 0.5849
vn 0.3959 -0.7091 0.5834
vn 0.4948 -0.7180 0.4896
vn 0.5732 -0.7253 0.3813
vn 0.5867 -0.7106 0.3884
vn 0.5567 -0.0002 0.8307
vn 0.5561 -0.0000 0.8311
vn 0.8648 -0.0021 0.5021
vn 0.8648 -0.0031 0.5021
vn 0.9801 0.0015 0.1986
vn 0.6889 -0.7100 0.1460
vn 0.6441 -0.7186 0.2623
vn 0.6870 -0.7117 0.1467
vn -0.6934 -0.7055 -0.1465
vn -0.6922 -0.7067 -0.1466
vn -0.6508 -0.7002 -0.2935
vn -0.6501 -0.7007 -0.2938
vn -0.5791 -0.7030 -0.4128
vn -0.9822 -0.0023 -0.1880
vn -0.9817 -0.0028 -0.1906
vn -0.9821 -0.0023 -0.1882
vn -0.9821 -0.0023 -0.1881
vn -0.9812 -0.0007 -0.1928
vn -0.9812 -0.0007 -0.1930
vn -0.6973 -0.7035 -0.1373
vn -0.9807 -0.0006 -0.1955
vn -0.9812 0.0024 -0.1930
vn -0.9836 -0.0018 -0.1805
vn -0.9984 0.0003 0.0559
vn -0.6966 -0.7049 -0.1337
vn -0.6943 -0.7077 -0.1307
vn -0.9985 0.0020 0.0555
vn -0.9961 -0.0023 -0.0879
vn -0.9622 0.0005 0.2725
vn -0.6786 -0.7343 -0.0174
vn -0.6786 -0.7344 -0.0137
vn -0.6232 -0.7558 0.2007
vn -0.8744 -0.0026 0.4852
vn -0.8755 -0.0026 0.4832
vn -0.7441 0.0001 0.6681
vn -0.6229 -0.7563 0.2000
vn -0.5032 -0.7460 0.4362
vn -0.7416 -0.0058 0.6708
vn -0.5025 -0.7460 0.4370
vn -0.0047 -1.0000 -0.0014
vn -0.0046 -1.0000 -0.0014
vn 0.6176 -0.7075 -0.3436
vn 0.3987 -0.7060 -0.5854
vn 0.6171 -0.7070 -0.3454
vn 0.6987 -0.7068 -0.1108
vn 0.6986 -0.7066 -0.1122
vn 0.6947 -0.7079 0.1278
vn 0.9817 0.0016 0.1906
vn 0.9821 0.0007 0.1886
vn 0.9970 -0.0013 0.0771
vn 0.8780 0.0002 -0.4786
vn 0.9622 0.0010 -0.2723
vn 0.9972 0.0016 0.0742
vn 0.6209 0.7064 -0.3398
vn 0.7008 0.7046 -0.1114
vn 0.7022 0.7035 -0.1098
vn 0.6211 0.7056 -0.3410
vn 0.6957 0.7067 0.1289
vn 0.8780 0.0014 -0.4786
vn 0.6952 0.7070 0.1301
vn 0.6939 0.7057 0.1432
vn 0.6939 0.7057 0.1431
vn 0.9817 0.0019 0.1904
vn 0.9811 -0.0012 0.1937
vn 0.6534 0.7072 0.2701
vn 0.6530 0.7077 0.2697
vn 0.8651 0.0153 0.5014
vn 0.9422 0.0191 0.3344
vn 0.9795 0.0019 0.2014
vn 0.9817 0.0031 0.1906
vn -0.0570 -0.9533 0.2965
vn -0.0963 -0.8557 0.5084
vn -0.0208 -0.9947 0.1010
vn -0.1431 -0.6697 0.7287
vn 0.9814 -0.0016 0.1918
vn 0.5168 -0.7865 -0.3380
vn 0.6593 -0.6778 -0.3254
vn 0.7425 -0.4624 -0.4846
vn 0.7456 -0.4547 -0.4871
vn 0.8309 -0.0005 -0.5565
vn 0.5142 -0.7881 -0.3384
vn -0.1801 -0.3887 0.9036
vn -0.1982 -0.1360 0.9707
vn -0.1450 -0.6670 0.7309
vn -0.7227 -0.6910 0.0174
vn -0.7768 -0.5569 0.2941
vn -0.7784 -0.5534 0.2964
vn -0.8159 -0.3133 0.4860
vn -0.8154 -0.3108 0.4884
vn -0.9807 -0.0037 -0.1955
vn -0.9812 0.0023 -0.1930
vn -0.8301 0.0020 0.5576
vn -0.9802 -0.0037 -0.1979
vn -0.9826 -0.0018 -0.1856
vn -0.8162 0.3101 0.4875
vn -0.8170 0.3088 0.4870
vn -0.8299 -0.0018 0.5579
vn -0.1843 0.3863 0.9038
vn -0.2016 0.1244 0.9715
vn -0.7772 0.5553 0.2961
vn -0.1195 0.7720 0.6243
vn -0.1544 0.6114 0.7761
vn -0.0584 0.9531 0.2970
vn -0.0998 0.8542 0.5103
vn 0.7380 0.4648 -0.4892
vn 0.6561 0.6792 -0.3291
vn 0.5134 0.7878 -0.3402
vn 0.5110 0.7895 -0.3399
vn 0.7395 0.4570 -0.4943
vn -0.7784 0.5548 0.2939
vn -0.7246 0.6890 0.0161
vn -0.7236 0.6900 0.0146
vn -0.0199 0.9948 0.1000
vn -0.6637 0.6892 -0.2906
vn -0.6643 0.6884 -0.2911
vn 0.0415 0.9745 -0.2204
vn 0.9813 0.0019 0.1926
vn 0.9818 -0.0012 0.1899
vn 0.9817 -0.0019 0.1904
vn 0.1193 0.7808 -0.6133
vn 0.9814 -0.0031 0.1917
vn 0.1193 0.7809 -0.6131
vn 0.1714 0.4313 -0.8858
vn 0.9810 -0.0006 0.1938
vn 0.1714 0.4315 -0.8857
vn 0.1905 -0.0029 -0.9817
vn 0.1711 -0.4315 -0.8857
vn 0.1717 -0.4316 -0.8856
vn 0.1204 -0.7800 -0.6141
vn 0.9816 0.0019 0.1907
vn 0.1203 -0.7801 -0.6140
vn 0.0422 -0.9742 -0.2215
vn 0.9817 0.0016 0.1907
vn -0.6633 -0.6886 -0.2931
vn -0.6074 -0.5519 -0.5713
vn -0.6616 -0.6898 -0.2942
vn -0.6103 -0.5505 -0.5696
vn -0.9822 -0.0023 -0.1881
vn -0.9826 -0.0017 -0.1856
vn -0.9817 -0.0006 -0.1905
vn -0.5735 -0.3042 -0.7607
vn -0.5724 -0.3042 -0.7615
vn -0.5623 -0.0038 -0.8269
vn -0.5605 0.0005 -0.8281
vn -0.6924 0.7095 -0.1312
vn -0.6930 0.7085 -0.1334
vn -0.6932 0.7075 -0.1371
vn -0.6909 0.7072 -0.1501
vn -0.6908 0.7075 -0.1494
vn -0.9821 -0.0022 -0.1881
vn -0.9812 -0.0006 -0.1930
vn -0.7244 -0.6891 0.0165
vn -0.6513 0.7048 -0.2811
vn -0.6507 0.7049 -0.2824
vn -0.5820 0.7054 -0.4045
vn -0.5817 0.7055 -0.4049
vn -0.4926 0.7056 -0.5093
vn -0.4926 0.7066 -0.5079
vn -0.3911 0.7069 -0.5893
vn -0.9812 -0.0003 -0.1930
vn -0.8548 -0.0018 -0.5189
vn -0.5586 -0.0012 -0.8294
vn -0.3910 0.7072 -0.5891
vn -0.5502 0.0002 -0.8350
vn -0.5481 -0.0015 -0.8364
vn -0.3870 0.7075 -0.5914
vn -0.5584 -0.0035 -0.8296
vn -0.4002 -0.7040 -0.5867
vn -0.4011 -0.7058 -0.5839
vn -0.6452 -0.6353 -0.4243
vn -0.4006 -0.7046 -0.5857
vn -0.5499 0.0023 -0.8352
vn -0.6462 -0.6359 -0.4219
vn -0.8514 -0.4400 -0.2856
vn -0.5534 -0.0023 -0.8329
vn -0.8502 -0.4417 -0.2866
vn -0.5533 -0.0039 -0.8330
vn -0.9650 -0.1601 -0.2075
vn -0.9641 -0.1587 -0.2131
vn -0.9646 0.1536 -0.2145
vn -0.5531 -0.0020 -0.8331
vn -0.5565 -0.0039 -0.8309
vn -0.9658 0.1550 -0.2077
vn -0.8491 0.4432 -0.2874
vn -0.5482 -0.0014 -0.8364
vn -0.8496 0.4427 -0.2869
vn -0.5551 -0.0012 -0.8318
vn -0.6445 0.6375 -0.4221
vn -0.6438 0.6384 -0.4218
vn -0.3958 0.7080 -0.5849
vn -0.0109 0.9999 0.0054
vn -0.3620 0.9011 0.2387
vn -0.3612 0.9016 0.2378
vn -0.6507 0.6244 0.4321
vn 0.5504 -0.0010 0.8349
vn 0.5524 -0.0013 0.8336
vn 0.5490 -0.0006 0.8358
vn 0.5531 -0.0008 0.8331
vn -0.0102 0.9999 0.0064
vn -0.6520 0.6246 0.4299
vn 0.5522 0.0024 0.8337
vn -0.8132 0.2216 0.5382
vn -0.8123 0.2249 0.5382
vn -0.8106 -0.2284 0.5392
vn -0.8121 -0.2251 0.5383
vn 0.5522 0.0005 0.8337
vn -0.6499 -0.6250 0.4325
vn -0.6498 -0.6250 0.4325
vn 0.5502 0.0037 0.8350
vn 0.5492 -0.0007 0.8357
vn 0.1446 0.0012 0.9895
vn 0.1045 0.7071 0.6993
vn 0.3873 0.7060 0.5930
vn 0.1015 0.7061 0.7008
vn 0.3866 0.7062 0.5931
vn 0.3932 0.7072 0.5877
vn 0.5566 0.0002 0.8308
vn 0.5522 0.0037 0.8337
vn 0.5523 0.0019 0.8336
vn -0.3591 -0.9019 0.2399
vn -0.3603 -0.9019 0.2381
vn -0.0072 -0.9999 0.0074
vn -0.0073 -0.9999 0.0074
vn 0.0032 -1.0000 0.0001
vn 0.5542 0.0019 0.8324
vn 0.7053 0.0072 0.7088
vn 0.0044 -1.0000 -0.0023
vn 0.0044 -1.0000 -0.0024
vn -0.5507 -0.7505 -0.3653
vn -0.5510 -0.7501 -0.3656
vn -0.5621 -0.7187 -0.4092
vn -0.5638 -0.7188 -0.4067
vn -0.3993 -0.7038 -0.5876
vn 0.1701 -0.9789 -0.1131
vn 0.1707 -0.9789 -0.1127
vn -0.4026 -0.7106 -0.5770
vn -0.4039 -0.7080 -0.5794
vn 0.5002 0.7068 0.5002
vn 0.4989 0.7077 0.5003
vn 0.3927 0.7075 0.5876
vn 0.5869 0.7082 0.3923
vn 0.8314 0.0012 0.5556
vn 0.5886 0.7067 0.3926
vn -0.0019 1.0000 -0.0010
vn -0.2043 0.7062 0.6779
vn 0.1448 0.0038 0.9894
vn -0.2895 -0.0000 0.9572
vn -0.2870 -0.0008 0.9579
vn 0.1042 -0.7089 0.6976
vn -0.2065 0.7074 0.6759
vn -0.4918 -0.0010 0.8707
vn -0.0006 1.0000 -0.0019
vn 0.0031 1.0000 -0.0030
vn -0.3933 0.7077 -0.5869
vn -0.3933 0.7077 -0.5870
vn -0.5610 0.7170 -0.4137
vn -0.5608 0.7168 -0.4143
vn -0.5384 0.7546 -0.3752
vn -0.5389 0.7544 -0.3749
vn 0.1690 0.9791 -0.1136
vn 0.0032 1.0000 -0.0030
vn -0.4004 0.7325 -0.5505
vn 0.1692 0.9790 -0.1137
vn -0.4002 0.7322 -0.5511
vn 0.9781 0.0027 0.2081
vn 0.9818 -0.0027 0.1899
vn -0.9558 -0.0043 -0.2940
vn -0.8184 -0.0024 -0.5747
vn -0.5809 -0.6995 -0.4162
vn -0.4909 -0.7052 -0.5116
vn -0.4917 -0.7043 -0.5121
vn -0.3956 -0.7044 -0.5893
vn -0.5517 0.0023 -0.8340
vn -0.5535 -0.0032 -0.8328
vn -0.5516 -0.0014 -0.8341
vn -0.3981 0.7066 -0.5850
vn -0.3895 0.7069 -0.5904
vn -0.1369 -0.0029 -0.9906
vn -0.1394 -0.0003 -0.9902
vn 0.0879 0.0025 -0.9961
vn 0.0879 0.0029 -0.9961
vn -0.3878 0.7064 -0.5922
vn -0.5490 0.0027 -0.8358
vn -0.5508 0.0008 -0.8346
vn -0.3878 0.7065 -0.5920
vn -0.8554 -0.0024 -0.5179
vn -0.9525 0.0024 -0.3044
vn -0.8565 -0.0034 -0.5161
vn -0.5739 0.3045 -0.7602
vn -0.5730 0.3055 -0.7605
vn -0.6113 0.5518 -0.5672
vn -0.6083 0.5508 -0.5714
vn -0.2670 0.4447 -0.8550
vn -0.2677 0.4448 -0.8547
vn -0.2095 0.0131 -0.9777
vn 0.8357 0.0020 -0.5492
vn -0.2088 0.0138 -0.9779
vn -0.2691 -0.4465 -0.8534
vn -0.2670 -0.4452 -0.8547
vn -0.9821 -0.0043 -0.1881
vn -0.6230 0.7562 0.2000
vn -0.6229 0.7557 0.2023
vn -0.6790 0.7339 -0.0170
vn -0.6781 0.7348 -0.0161
vn -0.5024 0.7456 0.4377
vn -0.5027 0.7459 0.4370
vn 0.6049 -0.0027 -0.7963
vn 0.6034 0.0008 -0.7975
vn 0.4819 0.0043 -0.8762
vn 0.0668 -0.0026 -0.9978
vn 0.4840 -0.0048 -0.8750
vn 0.9244 0.2201 -0.3114
vn 0.7435 0.6198 -0.2513
vn 0.9245 0.2200 -0.3114
vn 0.9247 -0.2175 -0.3125
vn 0.0667 -0.0026 -0.9978
vn 0.3977 -0.7065 -0.5854
vn 0.0943 -0.7062 -0.7017
vn 0.0974 -0.7066 -0.7009
vn -0.3051 -0.0010 -0.9523
vn -0.3096 -0.0033 -0.9509
vn 0.4124 0.9003 -0.1391
vn 0.0119 0.9999 -0.0060
vn 0.4103 0.9012 -0.1398
vn -0.3143 -0.0016 -0.9493
vn 0.7432 0.6201 -0.2512
vn 0.0118 0.9999 -0.0060
vn 0.8779 0.1604 0.4512
vn 0.6944 -0.7083 0.1268
vn -0.3095 -0.7256 0.6146
vn -0.3989 -0.7196 0.5684
vn 0.3043 -0.7116 0.6332
vn 0.5516 -0.7093 0.4390
vn 0.3036 -0.7105 0.6348
vn 0.5512 -0.7100 0.4382
vn 0.4357 0.0010 0.9001
vn 0.4356 0.0009 0.9001
vn 0.7830 0.0019 0.6220
vn 0.3043 0.7091 0.6361
vn 0.3050 0.7080 0.6370
vn -0.0002 0.7080 0.7062
vn -0.0000 0.7074 0.7068
vn -0.3059 0.7070 0.6376
vn -0.9519 0.0005 -0.3063
vn -0.9220 -0.0062 0.3872
vn -0.8155 0.0029 0.5787
vn -0.8156 0.0029 0.5786
vn -0.4916 -0.0010 0.8708
vn -0.8862 -0.0043 -0.4633
vn -0.2627 -0.9610 0.0858
vn -0.6028 -0.7724 0.1999
vn -0.6031 -0.7725 0.1989
vn -0.8853 -0.0016 -0.4650
vn -0.8579 -0.4275 0.2852
vn -0.8579 -0.4275 0.2851
vn -0.9489 0.0017 0.3157
vn -0.9489 0.0018 0.3157
vn -0.8865 0.0004 -0.4626
vn -0.8573 0.4281 0.2860
vn -0.6006 0.7738 0.2013
vn -0.8572 0.4282 0.2860
vn -0.8856 -0.0006 -0.4644
vn -0.5460 0.2699 0.7931
vn -0.3240 -0.0013 -0.9461
vn 0.2173 0.7091 0.6708
vn 0.9653 0.0013 0.2610
vn 0.7601 -0.0002 0.6498
vn 0.5953 -0.0006 0.8035
vn 0.4945 0.0020 0.8692
vn 0.5702 0.0004 0.8215
vn 0.7208 0.0022 0.6931
vn 0.3509 -0.7085 0.6123
vn 0.4040 -0.7108 0.5758
vn 0.4037 -0.7092 0.5779
vn 0.5087 -0.7095 0.4877
vn 0.7209 0.0023 0.6931
vn 0.5095 -0.7094 0.4870
vn 0.8431 -0.0009 0.5378
vn 0.5944 -0.7097 0.3782
vn 0.9312 0.0006 0.3646
vn 0.9313 0.0006 0.3643
vn 0.6575 -0.7086 0.2561
vn 0.6588 -0.7085 0.2531
vn 0.5941 -0.7109 0.3764
vn 0.4198 -0.7077 0.5683
vn 0.4194 -0.7099 0.5658
vn -0.6890 -0.7072 -0.1589
vn -0.2341 0.0026 -0.9722
vn -0.2379 -0.0028 -0.9713
vn -0.4480 -0.0014 -0.8940
vn -0.4483 -0.0016 -0.8939
vn -0.6376 0.0007 -0.7704
vn 0.0024 -0.7091 -0.7051
vn -0.1235 -0.7419 -0.6590
vn -0.6424 -0.0025 -0.7664
vn -0.0020 -0.7070 -0.7072
vn -0.7963 -0.0048 -0.6048
vn -0.7964 -0.0048 -0.6048
vn -0.1262 -0.7411 -0.6595
vn -0.3025 -0.7625 -0.5718
vn -0.9034 -0.0042 -0.4287
vn -0.9084 -0.0039 -0.4182
vn -0.9243 -0.0035 -0.3817
vn -0.4803 -0.7526 -0.4505
vn -0.3023 -0.7630 -0.5714
vn -0.4813 -0.7525 -0.4496
vn -0.6146 -0.7167 -0.3296
vn -0.6174 -0.7142 -0.3299
vn -0.6515 -0.7048 -0.2808
vn -0.6504 -0.7060 -0.2802
vn -0.9252 -0.0046 -0.3795
vn -0.9898 0.0007 -0.1425
vn -0.9898 0.0007 -0.1424
vn -0.7066 -0.7013 -0.0942
vn -0.9997 -0.0013 0.0258
vn -0.7113 -0.7016 0.0421
vn -0.7078 -0.7051 0.0437
vn -0.7080 -0.7001 -0.0926
vn -0.7034 -0.7104 -0.0234
vn -0.7039 -0.7099 -0.0237
vn -0.6865 -0.7075 -0.1680
vn -0.6854 -0.7089 -0.1663
vn -0.9989 -0.0024 -0.0479
vn -0.9989 -0.0024 -0.0478
vn -0.9666 -0.0017 -0.2564
vn -0.9666 -0.0048 -0.2563
vn -0.8923 -0.0038 -0.4515
vn -0.5540 -0.7082 -0.4376
vn -0.5560 -0.7071 -0.4369
vn -0.4521 -0.7065 -0.5445
vn -0.4491 -0.7081 -0.5449
vn -0.6312 -0.0024 -0.7756
vn -0.6336 -0.7096 -0.3083
vn -0.6362 -0.7070 -0.3089
vn -0.3246 -0.7069 -0.6285
vn -0.3239 -0.7078 -0.6278
vn -0.1763 -0.7057 -0.6862
vn -0.1749 -0.7053 -0.6870
vn -0.4590 -0.0015 -0.8884
vn -0.2474 -0.0042 -0.9689
vn -0.1935 -0.7025 -0.6848
vn -0.4370 -0.7091 0.5533
vn -0.6147 -0.1740 0.7693
vn -0.1554 -0.7083 0.6886
vn -0.6332 -0.7098 0.3087
vn -0.8873 -0.1741 0.4270
vn 0.0363 -0.9983 -0.0458
vn 0.1563 -0.7052 -0.6916
vn 0.4395 -0.7061 -0.5552
vn 0.6376 -0.7061 -0.3079
vn 0.6204 0.0002 -0.7843
vn 0.8992 0.0001 -0.4375
vn -0.6217 0.0026 0.7832
vn -0.6146 -0.1740 0.7694
vn -0.8995 0.0006 0.4370
vn 0.2195 -0.0000 -0.9756
vn -0.2190 -0.1738 0.9601
vn -0.2223 -0.0022 0.9750
vn 0.2202 -0.1734 0.9599
vn 0.2227 0.0004 0.9749
vn -0.2798 -0.0012 -0.9601
vn -0.2797 -0.0012 -0.9601
vn -0.5668 -0.0010 -0.8238
vn -0.5669 -0.0009 -0.8238
vn -0.2474 -0.0003 -0.9689
vn -0.1923 -0.7027 -0.6850
vn -0.3982 -0.7071 -0.5843
vn -0.8629 -0.0047 -0.5054
vn 0.9025 0.0027 0.4307
vn 0.8880 -0.1713 0.4267
vn 0.6249 0.0026 0.7807
vn 0.6154 -0.1720 0.7692
vn 0.9854 -0.1701 -0.0037
vn 1.0000 0.0038 -0.0042
vn 0.8860 -0.1719 -0.4306
vn -0.9018 0.0009 0.4321
vn -1.0000 0.0001 -0.0028
vn 0.7098 -0.7044 -0.0030
vn 0.9854 -0.1702 -0.0037
vn -0.0500 -0.9985 0.0209
vn -0.6362 -0.7079 0.3067
vn -0.7057 -0.7085 -0.0019
vn -0.0550 -0.9985 -0.0000
vn -0.0504 -0.9983 -0.0275
vn -0.6360 -0.7072 -0.3088
vn -0.8992 0.0002 -0.4375
vn -0.0422 0.9989 0.0201
vn -0.7077 0.7065 -0.0000
vn -0.6367 0.7085 0.3043
vn -0.0466 0.9989 -0.0004
vn -0.0428 0.9989 -0.0203
vn -0.6371 0.7069 -0.3072
vn -0.0315 0.9988 -0.0377
vn -0.4430 0.7072 -0.5510
vn -0.0121 0.9988 -0.0469
vn -0.2195 -0.0000 -0.9756
vn -0.1598 0.7078 -0.6881
vn -0.0017 1.0000 -0.0011
vn 0.0092 0.9989 -0.0466
vn 0.1550 0.7084 -0.6886
vn 0.6231 0.0014 0.7821
vn 0.0267 0.9990 -0.0367
vn -0.2225 0.0029 0.9749
vn -0.6215 0.0004 0.7834
vn -0.6215 -0.0000 0.7834
vn -0.9005 0.0012 0.4349
vn -1.0000 -0.0018 -0.0014
vn 0.0437 0.9990 -0.0016
vn 0.0394 0.9990 -0.0195
vn 0.0391 0.9991 0.0189
vn -0.2205 -0.0005 -0.9754
vn 0.2263 -0.0009 -0.9740
vn -0.0124 0.9989 0.0448
vn -0.0015 1.0000 -0.0009
vn -0.0296 0.9990 0.0349
vn 0.6248 -0.0031 -0.7808
vn 0.9025 -0.0021 -0.4307
vn 0.9024 -0.0021 -0.4308
vn 0.9015 0.0033 0.4327
vn 0.9014 0.0004 0.4329
vn -0.4425 0.7077 0.5508
vn -0.1574 0.7095 0.6869
vn -0.2274 0.0022 0.9738
vn 0.6263 -0.0009 -0.7796
vn 0.6129 -0.1672 -0.7723
vn 0.9014 -0.0009 -0.4330
vn -0.4383 -0.7104 0.5507
vn 0.4394 -0.7069 -0.5543
vn 0.6129 -0.1673 -0.7722
vn 0.2165 -0.1695 -0.9615
vn -0.0329 -0.9986 0.0414
vn -0.1558 -0.7099 0.6868
vn 0.2262 -0.0018 -0.9741
vn -0.4579 -0.0052 0.8890
vn -0.4309 -0.0039 0.9024
vn -0.4597 -0.0043 0.8881
vn -0.7123 0.0002 0.7019
vn -0.5026 -0.7087 0.4951
vn -0.3218 -0.7058 0.6311
vn -0.3224 -0.7067 0.6298
vn -0.3066 -0.7098 0.6342
vn -0.5034 -0.7089 0.4939
vn -0.6675 -0.7061 0.2363
vn -0.9423 0.0020 0.3347
vn -0.9423 -0.0003 0.3348
vn -0.7028 -0.7081 -0.0684
vn -0.6687 -0.7056 0.2344
vn -0.7046 -0.7062 -0.0696
vn -0.9961 -0.0038 -0.0879
vn -0.6073 -0.7078 -0.3609
vn -0.6075 -0.7075 -0.3611
vn -0.3975 -0.7069 -0.5851
vn 0.1605 -0.7091 0.6866
vn 0.6156 -0.1720 0.7691
vn 0.4432 -0.7075 0.5505
vn 0.2203 -0.1734 0.9599
vn 0.6386 -0.7066 0.3047
vn 0.6380 -0.7051 -0.3096
vn -0.3049 -0.7103 0.6345
vn -0.4465 -0.7103 0.5441
vn -0.4480 -0.7099 0.5434
vn 0.1548 -0.7056 -0.6915
vn -0.2213 -0.1679 -0.9606
vn -0.1590 -0.7052 -0.6909
vn -0.4435 -0.7052 -0.5532
vn -0.6169 -0.1693 -0.7686
vn -0.8888 -0.1704 -0.4255
vn -0.6378 -0.7065 -0.3066
vn -0.6253 0.0045 -0.7804
vn -0.8887 -0.1703 -0.4256
vn -0.9017 0.0039 -0.4324
vn -0.9858 -0.1677 0.0018
vn 0.0349 -0.9984 0.0437
vn 0.0505 -0.9984 0.0240
vn 0.6382 -0.7082 0.3019
vn 0.0561 -0.9984 -0.0030
vn 1.0000 -0.0000 -0.0028
vn 0.9019 0.0010 0.4320
vn 0.6254 -0.0024 0.7803
vn 0.4434 -0.7084 0.5491
vn -0.9858 -0.1678 0.0018
vn 0.7084 -0.7058 -0.0043
vn 0.0522 -0.9983 -0.0247
vn 0.0006 -1.0000 -0.0030
vn -0.0104 -0.9985 0.0530
vn -0.0373 -0.9982 -0.0470
vn -0.0132 -0.9983 -0.0568
vn 0.0131 -0.9983 -0.0576
vn 0.0146 -0.9986 0.0508
vn -0.1546 -0.7039 -0.6933
vn 0.1582 -0.7081 0.6882
vn -0.4403 -0.7054 -0.5554
vn 0.7052 0.7090 -0.0021
vn 0.6342 0.7097 -0.3067
vn 0.8992 -0.0000 -0.4375
vn 0.6346 0.7105 0.3041
vn 0.4364 0.7084 -0.5547
vn -0.7087 -0.7055 0.0024
vn -1.0000 0.0006 0.0009
vn -0.5579 -0.7085 0.4322
vn -0.6367 -0.7105 0.2996
vn -0.6359 -0.7111 0.3000
vn -0.6879 -0.7098 0.1514
vn -0.5570 -0.7090 0.4326
vn -0.7888 -0.0058 0.6146
vn -0.7888 -0.0058 0.6147
vn -0.9055 0.0024 0.4243
vn -0.6350 -0.0063 0.7725
vn -0.2252 0.0057 -0.9743
vn -0.9047 -0.0006 0.4260
vn -0.9756 -0.0038 0.2196
vn -0.9766 0.0029 0.2153
vn -0.6893 -0.7081 0.1530
vn -0.7038 -0.7104 0.0073
vn -0.7039 -0.7103 0.0068
vn -1.0000 0.0038 0.0042
vn -1.0000 0.0037 -0.0013
vn -1.0000 0.0009 -0.0011
vn -0.9999 -0.0042 0.0093
vn -0.7038 -0.7104 -0.0029
vn 0.0011 -0.7077 0.7065
vn 0.0018 -0.7077 0.7065
vn 0.0020 -0.7078 0.7064
vn 0.0034 -0.7077 0.7065
vn -1.0000 0.0039 -0.0029
vn -1.0000 0.0038 -0.0029
vn -1.0000 0.0039 -0.0010
vn 0.0042 -0.7078 0.7064
vn -0.3383 0.9280 0.1559
vn -0.3383 0.9280 0.1561
vn -0.3277 0.8999 0.2879
vn -0.3444 0.9388 -0.0009
vn -0.3444 0.9388 0.0018
vn 0.3444 0.9388 -0.0008
vn 0.3444 0.9388 0.0019
vn 0.3383 0.9280 0.1560
vn 0.3442 0.9389 -0.0009
vn 0.0006 0.9869 -0.1612
vn 0.3444 0.9388 -0.0009
vn 0.3443 0.9388 -0.0018
vn 1.0000 -0.0016 0.0012
vn 1.0000 -0.0017 0.0068
vn 1.0000 0.0010 -0.0041
vn 1.0000 -0.0046 0.0042
vn 1.0000 0.0041 -0.0013
vn 0.9749 -0.0003 0.2225
vn 0.9749 -0.0003 0.2226
vn 0.3444 0.9388 -0.0017
vn 0.9625 0.0028 0.2711
vn 0.9622 -0.0029 0.2722
vn 0.9883 0.0057 0.1521
vn 0.9883 0.0056 0.1521
vn -0.0020 1.0000 -0.0000
vn 0.0020 1.0000 -0.0000
vn 0.8809 -0.0015 0.4733
vn 0.8035 -0.0019 0.5953
vn -0.0014 -1.0000 -0.0027
vn -0.9851 0.1718 0.0021
vn -0.9209 0.3897 0.0001
vn -0.9208 0.3900 0.0019
vn -0.9168 0.3994 -0.0029
vn -0.0014 -1.0000 -0.0030
vn 0.8047 -0.0031 -0.5937
vn 0.8819 -0.0024 -0.4715
vn 0.9625 0.0034 -0.2711
vn 0.9883 0.0060 -0.1521
vn 1.0000 0.0036 0.0014
vn -0.9805 0.1965 0.0007
vn -0.7558 0.6548 -0.0026
vn -0.0000 -1.0000 -0.0030
vn -0.0050 -0.8854 -0.4648
vn -0.0044 -0.8854 -0.4649
vn -0.7396 0.6730 -0.0001
vn -0.4327 0.9015 -0.0007
vn -0.0018 -0.6621 -0.7494
vn -0.0105 -0.6247 -0.7808
vn 0.7910 0.0009 0.6118
vn 0.5803 -0.0010 0.8144
vn 0.7937 0.0021 0.6083
vn 0.3232 -0.0034 0.9463
vn 0.3230 -0.0033 0.9464
vn 0.1628 -0.0047 0.9866
vn 0.1628 -0.0046 0.9866
vn 0.4302 0.9027 -0.0040
vn -0.3234 -0.0044 0.9462
vn -0.3256 -0.0066 0.9455
vn -0.1648 -0.0055 0.9863
vn -0.1650 -0.0030 0.9863
vn -0.0058 -0.2951 -0.9554
vn -0.0013 -0.4324 -0.9017
vn 0.0019 -0.2952 -0.9554
vn 0.0055 -0.6248 -0.7808
vn -1.0000 -0.0078 -0.0000
vn -0.0020 -0.0156 -0.9999
vn -0.0030 -0.6622 -0.7493
vn 0.0028 -0.0000 -1.0000
vn -0.9754 0.0025 0.2206
vn -0.9758 0.0029 0.2187
vn -0.9045 0.0018 0.4265
vn 0.9045 0.0013 0.4265
vn 0.8974 0.0042 0.4411
vn 0.3443 0.9389 -0.0009
vn 0.3444 0.9388 -0.0018
vn 0.7610 -0.0018 0.6487
vn 0.7721 -0.0023 0.6355
vn -0.7830 -0.6220 -0.0017
vn -0.9297 -0.3682 -0.0000
vn -0.7831 -0.6219 -0.0045
vn 0.6019 0.0068 0.7986
vn -0.9555 -0.2949 -0.0030
vn -0.4352 -0.9003 -0.0013
vn -0.7831 -0.6219 -0.0030
vn -0.4359 -0.9000 -0.0018
vn -0.7077 -0.5955 0.3802
vn -0.2876 -0.8453 0.4502
vn -0.0014 -1.0000 -0.0025
vn -0.8713 -0.3024 0.3866
vn -0.4369 -0.5583 0.7053
vn -0.5182 -0.2083 0.8295
vn -0.9691 -0.2468 0.0007
vn -0.8984 0.0035 0.4392
vn -0.9844 0.1759 0.0053
vn -0.8992 0.2899 0.3277
vn -0.8635 0.4132 0.2892
vn -0.6863 0.4415 0.5780
vn -0.7546 0.2731 0.5966
vn -0.5241 0.0999 0.8458
vn -0.4455 0.4546 0.7713
vn -0.3365 0.1813 0.9241
vn 0.0229 -0.1618 0.9866
vn -0.0014 0.3029 0.9530
vn -0.0004 0.4550 0.8905
vn 0.3648 0.2083 0.9075
vn 0.5689 0.1790 0.8027
vn 0.3914 0.4832 0.7832
vn 0.5195 -0.1992 0.8309
vn 0.9015 -0.0175 0.4324
vn 0.8245 0.1446 0.5471
vn 0.6552 0.4499 0.6069
vn 0.8751 0.3064 0.3746
vn 0.8839 0.4275 0.1896
vn 0.9841 0.1775 -0.0011
vn 0.9191 0.3941 -0.0026
vn 0.9845 0.1752 -0.0049
vn 0.9195 0.3931 -0.0005
vn 0.9798 0.1998 -0.0038
vn 0.9156 0.4020 -0.0045
vn 0.9545 -0.2982 -0.0052
vn 0.9688 -0.2477 0.0007
vn 0.7812 -0.6243 -0.0053
vn 0.7812 -0.6243 -0.0004
vn 0.8709 -0.3026 0.3873
vn 0.7061 -0.5980 0.3794
vn 0.2857 -0.8479 0.4466
vn 0.4319 -0.9019 -0.0025
vn 0.4359 -0.5606 0.7041
vn -0.0008 -0.7991 0.6012
vn -0.0006 -0.4896 0.8719
vn 0.4327 -0.9015 -0.0049
vn 0.7812 -0.6243 -0.0027
vn 0.4327 -0.9015 -0.0019
vn -0.3729 0.0158 0.9278
vn -0.6013 0.0091 0.7990
vn -0.5996 0.0074 0.8003
vn -0.3707 0.0180 0.9286
vn -0.1702 0.0200 0.9852
vn 0.3679 0.0146 0.9298
vn 0.1647 0.0167 0.9862
vn 0.3680 0.0146 0.9297
vn -0.4353 -0.9003 0.0001
vn -0.1652 0.0199 0.9861
vn -0.0022 0.9100 0.4146
vn 0.0005 0.9100 0.4146
vn -0.0010 0.9100 0.4146
vn 0.6003 0.0092 0.7998
vn -0.0023 0.9099 0.4148
vn -0.0011 0.9099 0.4148
vn 0.0016 0.9987 -0.0511
vn 0.0016 0.9987 -0.0512
vn -0.3443 0.9389 -0.0018
vn -0.3444 0.9388 0.0001
vn -0.3443 0.9389 -0.0009
vn -0.3445 0.9388 -0.0007
vn -0.7738 -0.0089 0.6334
vn -0.7609 0.0003 0.6488
vn -0.8980 -0.0013 0.4400
vn -0.7944 -0.0019 0.6074
vn 0.9285 -0.3712 -0.0000
vn -0.7935 0.0018 0.6085
vn -0.5814 -0.0057 0.8136
vn 0.7539 0.6570 -0.0060
vn 0.7377 0.6751 -0.0039
vn 0.0004 -0.8854 -0.4649
vn -0.0000 -0.8854 -0.4648
vn -0.9631 -0.0048 0.2692
vn -0.9887 -0.0021 0.1501
vn -0.9887 -0.0020 0.1501
vn 0.0001 1.0000 -0.0020
vn -0.0000 1.0000 -0.0020
vn -0.9633 0.0005 0.2684
vn -0.8828 0.0023 0.4697
vn -0.8060 0.0018 0.5919
vn -0.8060 0.0018 0.5920
vn -0.8023 0.0006 -0.5969
vn -0.8799 0.0014 -0.4751
vn -0.8031 -0.0007 -0.5959
vn -0.9620 -0.0043 -0.2730
vn -0.9620 -0.0044 -0.2730
vn -0.9881 -0.0018 -0.1540
vn -0.9881 -0.0019 -0.1541
vn -0.3442 0.9389 -0.0002
vn -0.3442 0.9389 -0.0000
vn 0.3383 0.9280 0.1559
vn 0.3277 0.8999 0.2879
vn 0.0007 0.7078 0.7064
vn -0.0000 0.7071 0.7071
vn 0.0002 0.7078 0.7064
vn 0.0010 0.7077 0.7065
vn -0.9999 -0.0000 0.0108
vn 0.0003 0.7078 0.7064
vn -0.7038 -0.7103 0.0063
vn -0.7070 -0.7072 -0.0029
vn -0.7032 -0.7110 -0.0013
vn -0.7057 -0.7085 -0.0014
vn -0.9806 0.0062 -0.1957
vn -0.9488 0.0089 -0.3158
vn -0.9807 0.0062 -0.1956
vn -0.9232 0.0328 -0.3828
vn -0.9269 0.0040 -0.3754
vn -0.9488 0.0101 -0.3157
vn -0.7038 -0.7103 0.0052
vn 0.0014 1.0000 -0.0011
vn -1.0000 -0.0016 0.0012
vn 0.0011 0.7076 0.7066
vn -0.6893 -0.7081 0.1531
vn -0.6876 -0.7100 0.1519
vn -0.9762 -0.0001 0.2168
vn -0.9757 -0.0001 0.2189
vn -0.9044 0.0008 0.4267
vn 0.5302 0.0017 0.8478
vn 0.5303 0.0017 0.8478
vn 0.7038 0.0026 0.7104
vn 0.3307 0.0010 0.9437
vn 0.3307 0.0009 0.9437
vn 0.1705 0.0022 0.9854
vn -0.0014 0.0036 1.0000
vn -0.0069 0.0038 1.0000
vn 0.1049 0.7295 0.6759
vn 0.1044 0.7298 0.6756
vn 0.1753 0.7197 0.6718
vn 0.2625 0.7018 0.6622
vn 0.3334 0.9428 0.0004
vn 0.3352 0.9421 0.0002
vn 0.5759 0.8175 -0.0012
vn 0.0411 0.9992 0.0002
vn 0.0410 0.9992 0.0002
vn -0.0410 0.9992 0.0002
vn -0.0411 0.9992 0.0002
vn -0.1029 0.7295 0.6762
vn -0.1049 0.7295 0.6759
vn -0.1758 0.7192 0.6722
vn -0.2650 0.7010 0.6621
vn -0.1705 0.0022 0.9854
vn -0.3307 0.0009 0.9438
vn -0.1705 0.0052 0.9853
vn 0.3866 0.6887 0.6133
vn 0.3873 0.6896 0.6120
vn 0.5098 0.6919 0.5113
vn 0.5106 0.6921 0.5101
vn 0.6017 0.7004 0.3840
vn 0.8429 -0.0020 0.5380
vn -0.4480 0.7059 -0.5486
vn -0.4475 0.7063 -0.5485
vn -0.3266 0.7049 -0.6297
vn -0.5532 0.7047 -0.4443
vn -0.5513 0.7060 -0.4445
vn -0.6330 0.7057 -0.3184
vn -0.6312 0.7064 -0.3202
vn -0.8902 0.0021 -0.4555
vn -0.7795 -0.0009 -0.6264
vn -0.6288 0.0046 -0.7775
vn -0.6287 -0.7076 -0.3225
vn -0.5460 -0.7092 -0.4460
vn -0.5485 -0.7068 -0.4467
vn -0.4441 -0.7086 -0.5483
vn -0.4450 -0.7073 -0.5493
vn -0.8903 0.0021 -0.4555
vn -0.6271 -0.7091 -0.3224
vn -0.6817 -0.7080 -0.1843
vn -0.9664 -0.0018 -0.2571
vn -0.9664 -0.0018 -0.2572
vn -0.9985 -0.0007 -0.0540
vn -0.6854 0.7055 -0.1801
vn -0.7070 0.7064 -0.0347
vn -0.6853 0.7048 -0.1832
vn -0.7035 0.7097 -0.0382
vn -0.9986 -0.0008 -0.0537
vn -0.7034 -0.7097 -0.0402
vn -0.6790 -0.7108 -0.1836
vn -0.3212 -0.7068 -0.6303
vn -0.3206 -0.7078 -0.6294
vn -0.4575 -0.0018 -0.8892
vn -0.1698 -0.7078 -0.6857
vn -0.4576 -0.0017 -0.8892
vn -0.2468 -0.0034 -0.9690
vn -0.1702 -0.7085 -0.6848
vn -0.1922 -0.7026 -0.6851
vn -0.3982 -0.7069 -0.5845
vn -0.3983 -0.7068 -0.5846
vn -0.2777 -0.0024 -0.9607
vn -0.2777 -0.0023 -0.9607
vn -0.5675 -0.0035 -0.8234
vn -0.2468 -0.0034 -0.9691
vn -0.5675 -0.0036 -0.8234
vn -0.1957 0.7009 -0.6859
vn -0.1774 0.7058 -0.6859
vn -0.1958 0.7013 -0.6854
vn -0.4029 0.7045 -0.5843
vn -0.1774 0.7053 -0.6864
vn -0.4039 0.7032 -0.5851
vn -0.6136 0.7034 -0.3588
vn -0.6139 0.7028 -0.3593
vn -0.7077 0.7032 -0.0681
vn -0.7050 0.7061 -0.0667
vn -0.8631 -0.0038 -0.5050
vn -0.9955 0.0023 -0.0949
vn -0.9955 0.0022 -0.0950
vn -0.8621 0.0045 -0.5067
vn -0.7028 -0.7079 -0.0707
vn -0.7045 -0.7062 -0.0698
vn -0.6687 -0.7057 0.2344
vn 0.9000 -0.0008 0.4359
vn 0.9981 0.0620 -0.0000
vn 0.8991 0.0621 0.4334
vn 0.6221 -0.0014 0.7830
vn 0.6201 0.0644 0.7819
vn 0.2221 -0.0013 0.9750
vn 0.1567 0.7072 0.6894
vn 0.2177 0.0635 0.9739
vn 0.4403 0.7069 0.5536
vn -0.2189 0.0638 0.9737
vn -0.2240 -0.0022 0.9746
vn -0.1566 0.7073 0.6893
vn -0.6219 -0.0013 0.7831
vn -0.6228 0.0643 0.7798
vn -0.4410 0.7061 0.5540
vn -0.8990 0.0638 0.4333
vn -0.6370 0.7070 0.3074
vn -0.9981 0.0619 0.0026
vn -0.7088 0.7055 -0.0018
vn -0.6380 0.7060 -0.3074
vn 0.6028 0.6987 0.3852
vn 0.6423 0.7027 0.3060
vn 0.6442 0.7033 0.3007
vn 0.6721 0.7076 0.2183
vn 0.8430 -0.0021 0.5380
vn 0.8691 -0.0014 0.4947
vn 0.8692 0.0040 0.4945
vn 0.4185 -0.0001 0.9082
vn 0.4220 -0.0043 0.9066
vn 0.0720 -0.0003 0.9974
vn 0.0719 -0.0032 0.9974
vn 0.6747 0.7066 0.2133
vn -0.4161 0.0015 0.9093
vn -0.5854 0.0038 0.8107
vn -0.5267 0.0058 0.8501
vn -0.3716 0.7194 0.5868
vn -0.2891 0.7110 0.6410
vn -0.3722 0.7205 0.5851
vn -0.4245 0.0024 0.9054
vn -0.2886 0.7118 0.6404
vn -0.4575 -0.0010 0.8892
vn -0.3216 0.7040 0.6332
vn -0.3220 0.7029 0.6342
vn 0.2239 0.0619 -0.9726
vn 0.1580 0.7061 -0.6903
vn -0.2212 0.0608 -0.9733
vn -0.4416 0.7058 -0.5540
vn 0.2221 0.0060 -0.9750
vn -0.6219 0.0625 -0.7806
vn -0.2250 -0.0032 -0.9744
vn -0.8999 0.0629 -0.4315
vn -0.9010 0.0042 -0.4338
vn -0.5576 -0.7078 0.4337
vn -0.4488 -0.7089 0.5441
vn -0.6362 -0.7115 0.2985
vn -0.4479 -0.7107 0.5425
vn -0.7884 -0.0018 0.6151
vn -0.7872 -0.0029 0.6167
vn -0.6633 -0.0011 0.7484
vn -0.9045 0.0008 0.4266
vn -0.3038 -0.7103 0.6350
vn -0.3207 -0.7057 0.6317
vn -0.3238 -0.7030 0.6332
vn -0.5068 -0.7058 0.4951
vn -0.5027 -0.7086 0.4952
vn -0.7126 -0.0004 0.7015
vn -0.7110 -0.0000 0.7032
vn -0.5035 0.7074 0.4961
vn -0.5030 0.7075 0.4964
vn -0.9432 0.0003 0.3321
vn -0.6664 0.7071 0.2364
vn -0.9432 0.0003 0.3323
vn -0.6668 0.7068 0.2361
vn 0.6390 0.7053 -0.3070
vn 0.7088 0.7054 0.0002
vn 0.6376 0.7068 0.3064
vn 0.4417 0.7065 -0.5530
vn 0.8982 0.0646 -0.4349
vn 0.6238 0.0640 -0.7790
vn 0.6237 -0.0032 -0.7817
vn -0.9000 -0.0008 0.4358
vn -0.3253 0.7064 -0.6287
vn 0.0280 0.9990 0.0354
vn 0.4407 0.7087 0.5509
vn 0.6253 -0.0024 0.7803
vn 0.1568 0.7099 0.6867
vn 0.0089 0.9990 0.0448
vn -0.7036 -0.7106 0.0022
vn -0.6359 -0.7084 0.3062
vn -0.9850 -0.1725 0.0018
vn -0.6408 -0.7030 -0.3085
vn 0.5067 -0.7076 0.4925
vn 0.6688 -0.7052 0.2354
vn 0.5058 -0.7074 0.4937
vn 0.3251 -0.7049 0.6304
vn 0.3241 -0.7048 0.6310
vn 0.7103 -0.0000 0.7039
vn 0.4590 0.0004 0.8884
vn -0.8985 0.0011 -0.4390
vn 0.3065 -0.7097 0.6344
vn 0.3082 -0.7096 0.6336
vn -0.1590 -0.7056 -0.6905
vn 0.4498 -0.7091 0.5430
vn -0.0257 0.9990 0.0374
vn -0.6346 0.7102 0.3049
vn -0.4382 0.7096 0.5517
vn -0.6253 0.0019 0.7803
vn -0.2245 -0.0026 0.9745
vn 0.0015 1.0000 -0.0015
vn 0.1749 -0.7053 -0.6870
vn 0.1744 -0.7045 -0.6880
vn 0.3253 -0.7042 -0.6311
vn 0.3258 -0.7032 -0.6319
vn 0.4500 -0.7033 -0.5504
vn 0.4549 0.0047 -0.8905
vn 0.2468 -0.0034 -0.9691
vn 0.4577 -0.0018 -0.8891
vn 0.6300 0.0068 -0.7766
vn 0.4486 -0.7048 -0.5496
vn 0.5537 -0.7028 -0.4466
vn 0.7795 -0.0009 -0.6264
vn 0.8919 -0.0000 -0.4523
vn 0.5507 -0.7052 -0.4466
vn 0.6330 -0.7038 -0.3224
vn 0.6312 -0.7053 -0.3226
vn 0.3209 0.7069 -0.6303
vn 0.2464 0.0062 -0.9691
vn 0.1969 -0.6993 -0.6872
vn 0.9957 -0.0023 -0.0929
vn 0.9421 0.0053 0.3352
vn 0.6713 -0.7020 0.2377
vn 0.6725 -0.7014 0.2363
vn 0.5046 0.7061 0.4968
vn 0.6676 0.7061 0.2361
vn 0.6687 0.7046 0.2376
vn 0.7070 0.7041 -0.0665
vn 0.7060 0.7048 -0.0700
vn -0.0747 0.0026 0.9972
vn -0.0715 -0.0003 0.9974
vn -0.6048 -0.3585 -0.7111
vn -0.7190 -0.6950 -0.0020
vn -0.5263 -0.4686 -0.7095
vn -0.5252 -0.4685 -0.7104
vn -0.7191 -0.6949 -0.0020
vn -0.4091 -0.5741 -0.7092
vn -0.4102 -0.5741 -0.7086
vn -0.5424 -0.8401 -0.0023
vn -0.5424 -0.8401 -0.0022
vn -0.3364 -0.9417 -0.0025
vn -0.3365 -0.9417 -0.0025
vn -0.1612 -0.9869 -0.0027
vn -0.1402 -0.6944 -0.7058
vn -0.1384 -0.6929 -0.7076
vn 0.0032 -0.7100 -0.7042
vn -0.2736 -0.6509 -0.7081
vn 0.0031 -0.7100 -0.7042
vn 0.1585 -0.9874 -0.0029
vn 0.1435 -0.6922 -0.7073
vn 0.1453 -0.6935 -0.7056
vn 0.2758 -0.6488 -0.7093
vn 0.3338 -0.9426 -0.0030
vn 0.5399 -0.8417 -0.0031
vn 0.7170 -0.6971 -0.0030
vn -0.0000 -0.0000 -1.0000
vn 0.7170 -0.6971 -0.0031
vn 0.2747 -0.6509 -0.7077
vn 0.4159 -0.5719 -0.7071
vn 0.4148 -0.5719 -0.7077
vn 0.5318 -0.4657 -0.7073
vn 0.6100 -0.3551 -0.7084
vn -0.2687 -0.6502 -0.7107
vn 0.6563 0.7072 -0.2629
vn 0.7009 0.7060 -0.1014
vn -0.0023 0.7053 -0.7089
vn 0.6514 -0.2696 -0.7092
vn 0.6501 -0.2706 -0.7100
vn -0.0048 -0.7053 -0.7089
vn 0.6779 -0.2070 -0.7054
vn 0.6959 0.7182 0.0014
vn 0.6959 0.7182 -0.0016
vn 0.6959 0.7181 -0.0023
vn 0.7022 -0.6758 -0.2242
vn 0.6973 -0.6800 0.2264
vn 0.6976 -0.6800 0.2257
vn 0.7017 -0.6758 -0.2256
vn 0.6958 0.7182 0.0059
vn 0.6959 0.7181 -0.0009
vn 0.5565 -0.5379 -0.6332
vn 0.6943 0.7197 0.0005
vn 0.3041 -0.2933 -0.9064
vn 0.5591 -0.5374 -0.6313
vn -0.9737 -0.2279 0.0006
vn -0.9995 -0.0310 -0.0001
vn -0.9907 -0.1359 -0.0006
vn -0.9965 -0.0841 -0.0000
vn -0.0139 0.0058 -0.9999
vn -0.9403 -0.3404 0.0006
vn -0.9737 -0.2279 0.0010
vn 0.0004 -0.0031 -1.0000
vn -0.0018 -0.0026 -1.0000
vn -0.9074 -0.4203 0.0037
vn -0.0025 -0.0036 -1.0000
vn -0.9389 -0.3442 -0.0053
vn -0.9627 -0.2705 -0.0047
vn -0.9397 -0.3419 -0.0039
vn -0.9627 -0.2706 -0.0047
vn -0.8924 -0.4513 -0.0035
vn 0.0043 0.0046 -1.0000
vn -0.8537 -0.5207 -0.0045
vn -0.8549 -0.5188 -0.0037
vn 0.0028 0.0003 -1.0000
vn -0.0029 0.0011 -1.0000
vn 0.0033 0.0015 -1.0000
vn 0.0047 -0.0004 -1.0000
vn -0.7168 0.6973 -0.0045
vn -0.7169 0.6972 -0.0027
vn -0.7168 0.6973 -0.0044
vn -0.7171 0.6970 -0.0026
vn -0.6953 -0.7187 -0.0033
vn -0.7610 -0.6488 -0.0056
vn -0.0020 0.0002 -1.0000
vn -0.0417 -0.0278 -0.9987
vn 0.0018 -0.0009 -1.0000
vn -0.7167 0.6973 -0.0043
vn -0.9998 -0.0182 0.0047
vn -0.9998 -0.0205 0.0049
vn -0.8358 -0.5488 0.0124
vn -0.0342 -0.0355 -0.9988
vn -0.5196 -0.4614 -0.7191
vn -0.4874 -0.4952 -0.7192
vn -0.6937 -0.7201 0.0163
vn -0.6952 -0.7186 0.0164
vn -0.8369 -0.5472 0.0154
vn -0.0144 0.0071 0.9999
vn -0.2004 0.1595 0.9666
vn -0.0239 -0.0290 0.9993
vn -0.4829 0.4581 0.7463
vn 0.0060 -0.0190 0.9998
vn 0.0003 0.0027 1.0000
vn -0.0024 0.0042 1.0000
vn -0.8447 -0.5320 0.0583
vn -0.4824 0.4577 0.7468
vn -0.0039 0.0027 1.0000
vn 0.4973 0.5057 0.7050
vn 0.5987 0.3829 0.7036
vn 0.5988 0.3849 0.7023
vn 0.3727 0.6040 0.7045
vn 0.4971 0.5066 0.7044
vn 0.6957 0.7183 -0.0007
vn 0.8308 0.5566 0.0005
vn 0.8306 0.5569 0.0003
vn 0.6958 0.7182 -0.0008
vn 0.5301 0.8479 -0.0017
vn 0.3734 0.6034 0.7046
vn 0.2315 0.6723 0.7031
vn 0.3390 0.9408 -0.0009
vn 0.3389 0.9408 -0.0009
vn 0.5302 0.8479 -0.0017
vn -0.0015 0.0019 1.0000
vn -0.0041 0.0032 1.0000
vn -0.0041 0.0033 1.0000
vn 0.0023 -0.0055 1.0000
vn -0.0035 0.0017 1.0000
vn -0.0029 0.0007 1.0000
vn -0.0009 0.0009 1.0000
vn -0.0010 0.0010 1.0000
vn 0.0010 -0.0022 1.0000
vn -0.0026 0.0048 1.0000
vn 0.0030 -0.0070 1.0000
vn 0.0012 -0.0029 1.0000
vn 0.0001 0.0032 1.0000
vn 0.9858 0.1680 0.0007
vn 0.9858 0.1679 0.0007
vn 0.9981 0.0616 0.0009
vn 0.9286 0.3710 0.0003
vn 0.9286 0.3711 0.0003
vn 0.6944 0.7196 -0.0071
vn 0.6943 0.7197 -0.0002
vn 0.6958 0.7178 -0.0266
vn 0.6959 0.7182 -0.0023
vn 0.6859 0.7042 -0.1836
vn -0.9761 0.2172 0.0085
vn -0.9761 0.2172 0.0054
vn -0.9744 0.2246 -0.0028
vn -0.9756 0.2197 0.0029
vn 0.6958 0.7182 -0.0009
vn -0.9750 0.2221 0.0053
vn -0.9775 0.2066 0.0415
vn -0.0065 0.0138 0.9999
vn -0.0196 0.6634 0.7480
vn -0.0157 0.9999 -0.0021
vn -0.0156 0.9999 -0.0021
vn -0.0156 0.9999 -0.0020
vn -0.0156 0.9999 -0.0022
vn -0.0157 0.9999 -0.0020
vn -0.9998 -0.0180 -0.0069
vn -0.9970 0.0769 0.0054
vn -0.9966 0.0822 -0.0029
vn -0.0503 -0.0004 -0.9987
vn -0.0443 0.0004 -0.9990
vn -0.6968 0.0322 -0.7165
vn -0.7228 0.6911 0.0040
vn -0.7226 0.6912 0.0034
vn -0.9782 0.2077 0.0074
vn -0.9776 0.2100 0.0139
vn -0.6907 -0.0128 -0.7230
vn -0.9998 -0.0149 0.0151
vn -0.9997 -0.0177 0.0180
vn -0.9726 -0.2324 0.0111
vn -0.0013 -0.0170 0.9999
vn -0.0401 -0.0019 0.9992
vn -0.0264 -0.2545 0.9667
vn -0.0299 0.2521 0.9672
vn -0.9659 -0.2522 0.0585
vn -0.0017 -0.6507 0.7594
vn -0.0024 -0.6527 0.7576
vn 0.0127 -0.9999 -0.0010
vn 0.0125 -0.9999 -0.0008
vn 0.0123 -0.9999 -0.0009
vn 0.0125 -0.9999 -0.0009
vn -0.9725 -0.2326 0.0135
vn -0.6893 -0.7245 0.0016
vn -0.6863 -0.7273 0.0041
vn -0.0483 -0.0037 -0.9988
vn -0.6902 -0.0556 -0.7215
vn 0.0127 -0.9999 -0.0008
vn -0.9935 -0.1142 0.0001
vn -0.9935 -0.1141 0.0001
vn 0.0021 -0.0013 -1.0000
vn 0.0013 -0.0049 -1.0000
vn 0.6669 0.2423 0.7047
vn 0.7033 0.0946 0.7045
vn 0.7051 0.0922 0.7031
vn 0.7132 0.0125 0.7008
vn 0.7140 0.0147 0.7000
vn 0.6684 0.2425 0.7032
vn 0.0033 -0.0027 -1.0000
vn -0.0006 -0.0038 -1.0000
vn -0.9798 0.2000 0.0041
vn -0.9793 0.2024 0.0046
vn 0.0023 -0.0039 -1.0000
vn 0.0022 -0.0038 -1.0000
vn 0.6958 0.7181 -0.0118
vn 0.6959 0.7182 -0.0009
vn 0.6958 0.7182 -0.0045
vn 0.6960 0.7180 -0.0009
vn -0.9935 0.1136 -0.0027
vn -0.9935 0.1138 -0.0020
vn 0.6958 0.7182 0.0057
vn -0.7171 0.6969 -0.0060
vn -0.7183 0.6958 -0.0018
vn -0.7168 0.6973 -0.0033
vn 0.6944 0.7196 -0.0024
vn 0.6868 0.7031 -0.1843
vn 0.6605 0.6757 -0.3273
vn 0.6604 0.6758 -0.3273
vn 0.5205 0.5354 -0.6652
vn 0.5205 0.5353 -0.6652
vn 0.3106 0.3109 -0.8983
vn -0.7183 0.6957 -0.0013
vn 0.3105 0.3109 -0.8983
vn 0.0191 0.0138 -0.9997
vn 0.0493 0.0483 -0.9976
vn -0.7168 0.6973 0.0009
vn 0.6977 0.7163 0.0059
vn 0.6657 0.6882 0.2885
vn 0.6658 0.6881 0.2885
vn -0.7167 0.6973 0.0009
vn -0.7175 0.6966 -0.0039
vn 0.6959 0.7181 -0.0014
vn 0.6959 0.7182 -0.0015
vn -0.7183 0.6958 -0.0023
vn -0.7168 0.6973 -0.0032
vn 0.6959 0.7181 -0.0015
vn 0.6958 0.7182 -0.0084
vn -0.7004 0.6792 -0.2194
vn -0.5658 0.5448 -0.6189
vn -0.6972 0.6823 0.2200
vn -0.8107 -0.5854 -0.0019
vn -0.7692 -0.6391 -0.0007
vn -0.8180 -0.5752 -0.0018
vn -0.8524 -0.5228 0.0022
vn -0.5625 0.5476 0.6194
vn -0.8455 -0.5333 -0.0263
vn -0.7613 -0.6484 -0.0041
vn -0.8653 -0.5008 -0.0211
vn -0.8322 -0.5545 -0.0020
vn -0.6910 -0.7228 -0.0018
vn -0.6333 -0.7739 -0.0017
vn -0.9207 -0.3903 -0.0065
vn -0.6946 -0.7184 -0.0387
vn -0.9358 -0.3526 -0.0011
vn -0.8385 -0.5437 -0.0371
vn -0.4675 -0.4808 -0.7418
vn -0.9378 -0.3452 -0.0376
vn -0.5694 -0.3514 -0.7432
vn -0.3622 -0.5614 -0.7441
vn -0.5779 -0.3807 -0.7219
vn -0.3552 -0.5934 -0.7223
vn -0.2114 -0.6354 -0.7427
vn -0.5185 -0.8542 -0.0389
vn -0.5099 -0.8602 -0.0031
vn -0.3099 -0.9501 -0.0367
vn -0.0821 -0.6655 -0.7419
vn -0.3089 -0.9511 -0.0010
vn -0.0943 -0.9948 -0.0387
vn 0.0851 -0.6644 -0.7425
vn -0.0621 -0.6895 -0.7216
vn 0.1307 -0.9907 -0.0385
vn 0.2421 -0.6475 -0.7225
vn 0.2114 -0.6341 -0.7438
vn 0.1357 -0.9908 -0.0019
vn 0.3441 -0.9382 -0.0383
vn -0.0859 -0.9963 -0.0015
vn 0.2232 -0.9748 -0.0006
vn 0.3523 -0.9359 -0.0001
vn 0.4352 -0.9003 -0.0004
vn 0.5551 -0.8318 -0.0011
vn 0.5452 -0.8375 -0.0371
vn 0.7166 -0.6965 -0.0377
vn 0.7262 -0.6875 -0.0013
vn 0.6252 -0.7805 -0.0020
vn 0.7856 -0.6187 -0.0017
vn 0.6343 -0.7731 -0.0000
vn 0.4452 -0.8954 -0.0007
vn 0.0003 -0.0023 -1.0000
vn -0.0036 -0.0007 -1.0000
vn -0.0020 -0.0014 -1.0000
vn -0.0034 -0.0023 -1.0000
vn 0.2286 -0.9735 -0.0014
vn 0.4519 -0.8921 -0.0025
vn 0.3439 -0.9390 -0.0034
vn 0.3439 -0.9390 -0.0041
vn 0.2704 -0.9627 -0.0022
vn 0.2684 -0.9633 -0.0037
vn -0.0028 -0.0001 -1.0000
vn 0.9999 0.0119 -0.0011
vn 0.9999 0.0148 -0.0041
vn 0.9999 0.0148 0.0013
vn 0.9999 0.0146 -0.0010
vn -0.2231 -0.9748 -0.0011
vn -0.0049 -0.0002 -1.0000
vn 0.0027 0.0003 -1.0000
vn -0.9998 -0.0207 0.0041
vn -0.9998 -0.0178 0.0009
vn -0.9999 -0.0124 0.0018
vn -0.2360 -0.9717 -0.0042
vn -0.3119 -0.9501 -0.0038
vn -0.2361 -0.9717 -0.0037
vn 0.0166 -0.9999 -0.0030
vn 0.0167 -0.9999 -0.0029
vn -0.0792 -0.9968 -0.0047
vn 0.0013 0.0039 -1.0000
vn -0.0036 -0.0455 -0.9990
vn 0.0013 0.0040 -1.0000
vn -0.9999 -0.0123 0.0016
vn -0.9999 -0.0124 0.0017
vn 0.0006 -0.0455 -0.9990
vn -0.0339 -0.6930 -0.7201
vn -0.6847 -0.7288 0.0001
vn -0.6847 -0.7288 0.0017
vn -0.2075 -0.9782 0.0073
vn 0.0022 -0.0482 -0.9988
vn 0.0571 -0.6890 -0.7225
vn 0.0085 -0.6931 -0.7208
vn 0.0147 -0.9998 0.0107
vn 0.0146 -0.9998 0.0108
vn 0.2382 -0.9712 0.0092
vn -0.2071 -0.9783 0.0102
vn -0.0139 0.0006 0.9999
vn -0.2501 -0.0244 0.9679
vn 0.0031 -0.0370 0.9993
vn 0.0123 -0.0085 0.9999
vn 0.1098 -0.0366 0.9933
vn 0.2360 -0.9717 0.0087
vn 0.7132 -0.7009 0.0003
vn 0.6544 -0.0087 0.7561
vn 0.6549 -0.0083 0.7557
vn 0.7135 -0.7006 0.0001
vn 0.2503 -0.9665 0.0570
vn -0.0019 0.0029 1.0000
vn -0.0020 0.0032 1.0000
vn -0.0809 0.7068 0.7028
vn -0.0813 0.7068 0.7028
vn 0.0766 0.7070 0.7031
vn -0.2334 0.6712 0.7036
vn -0.2339 0.6714 0.7032
vn 0.0009 0.0018 1.0000
vn -0.3103 0.6432 0.7000
vn -0.3106 0.6425 0.7005
vn -0.0019 0.0028 1.0000
vn 0.0010 -0.0129 0.9999
vn 0.5368 -0.8419 0.0558
vn 0.5173 -0.8558 -0.0004
vn -0.6939 -0.7201 0.0032
vn -0.6939 -0.7201 0.0004
vn -0.6940 -0.7200 0.0004
vn -0.4557 -0.4829 0.7478
vn -0.4556 -0.4829 0.7478
vn -0.6939 -0.7201 0.0033
vn 0.5173 -0.8558 -0.0014
vn -0.6982 -0.7159 -0.0001
vn -0.6984 -0.7157 -0.0001
vn 0.7193 -0.6947 -0.0054
vn 0.6472 -0.7623 -0.0039
vn 0.7193 -0.6947 -0.0043
vn 0.0002 0.0057 -1.0000
vn 0.0349 -0.0292 -0.9990
vn -0.0010 0.0030 -1.0000
vn 0.0326 -0.0299 -0.9990
vn 0.4664 -0.5118 -0.7215
vn 0.5445 -0.8387 0.0080
vn 0.0267 -0.9996 -0.0003
vn 0.0264 -0.9997 -0.0002
vn 0.4995 -0.4786 -0.7221
vn 0.7163 -0.6977 0.0132
vn 0.7163 -0.6977 0.0133
vn 0.5446 -0.8386 0.0125
vn -0.1555 -0.1999 0.9674
vn 0.0288 -0.0278 0.9992
vn 0.8549 -0.5186 0.0125
vn 0.8548 -0.5188 0.0114
vn 0.0098 -0.0022 0.9999
vn 0.0989 0.0559 0.9935
vn -0.0016 0.0022 1.0000
vn 0.0018 -0.0043 1.0000
vn -0.0037 0.0021 1.0000
vn 0.9064 -0.4223 -0.0023
vn 0.8609 -0.5057 0.0561
vn 0.8719 -0.4896 -0.0011
vn 0.4611 0.4614 0.7579
vn 0.4612 0.4616 0.7577
vn 0.6973 0.7168 0.0023
vn 0.6989 0.7152 0.0028
vn 0.6973 0.7167 0.0024
vn 0.6974 0.7166 0.0023
vn 0.9999 0.0118 0.0009
vn 0.9999 0.0121 0.0041
vn 0.0351 -0.0289 -0.9990
vn 0.0046 -0.0007 -1.0000
vn 0.5284 -0.4498 -0.7200
vn 0.7830 -0.6220 -0.0032
vn 0.7830 -0.6220 -0.0033
vn 0.0024 0.0024 -1.0000
vn -0.0002 0.0040 -1.0000
vn 0.0004 0.0022 -1.0000
vn 0.0005 0.0031 -1.0000
vn -0.0016 0.0035 -1.0000
vn 0.9075 -0.4201 -0.0021
vn 0.8708 -0.4916 -0.0033
vn 0.9499 -0.3125 -0.0028
vn -0.0018 0.0004 -1.0000
vn 0.9507 -0.3102 -0.0022
vn 0.9715 -0.2371 -0.0011
vn 0.9715 -0.2371 -0.0035
vn -0.0023 -0.0003 -1.0000
vn 0.0022 -0.0006 -1.0000
vn 0.0005 -0.0013 1.0000
vn 0.0009 -0.0073 1.0000
vn -0.0018 -0.0058 1.0000
vn 0.0174 -0.0445 0.9989
vn 0.9745 -0.1994 0.1032
vn -0.0045 0.0038 1.0000
vn 0.0197 0.0412 0.9990
vn 0.0394 -0.0026 0.9992
vn 0.0272 -0.2541 0.9668
vn 0.0142 -0.6549 0.7556
vn 0.0153 -0.6591 0.7519
vn 0.9775 -0.2106 0.0117
vn 0.9776 -0.2102 0.0129
vn 0.7269 -0.6868 0.0040
vn 0.7252 -0.6885 0.0034
vn 0.0124 -0.9999 -0.0008
vn 0.0186 -0.9998 0.0010
vn 0.0185 -0.9998 0.0010
vn 0.0186 -0.9998 0.0008
vn 0.0452 0.0008 -0.9990
vn -0.0020 0.0001 -1.0000
vn 0.9999 0.0120 0.0041
vn 0.9968 -0.0800 -0.0002
vn 0.0522 0.0037 -0.9986
vn 0.9935 0.1137 0.0008
vn 0.9941 0.1085 0.0015
vn 0.0542 -0.0003 -0.9985
vn 0.6946 0.0530 -0.7174
vn 0.6968 0.0087 -0.7172
vn 0.6929 -0.0345 -0.7202
vn 0.9709 0.2393 0.0077
vn 0.9998 0.0119 0.0179
vn 0.7006 0.7136 0.0023
vn 0.9711 0.2387 0.0044
vn 0.7004 0.7137 0.0038
vn 0.0320 0.1130 0.9931
vn 0.0045 0.6782 0.7349
vn 0.0041 0.6795 0.7336
vn -0.0156 0.9999 -0.0019
vn -0.0157 0.9999 -0.0017
vn 0.9663 0.2472 0.0716
vn 0.9633 0.2684 -0.0029
vn 0.9392 0.3433 -0.0005
vn 0.9392 0.3433 -0.0032
vn 0.9633 0.2684 -0.0040
vn -0.0005 0.0045 1.0000
vn -0.0018 0.0028 1.0000
vn 0.8918 0.4524 -0.0019
vn 0.0200 -0.0163 0.9997
vn 0.8436 0.5340 0.0560
vn 0.8544 0.5196 -0.0011
vn 0.8543 0.5197 -0.0013
vn -0.0018 -0.0029 -1.0000
vn -0.0022 -0.0015 -1.0000
vn -0.0031 -0.0008 -1.0000
vn 0.0069 0.0009 -1.0000
vn -0.0016 -0.0022 -1.0000
vn 0.0012 0.0007 -1.0000
vn 0.9683 0.2498 -0.0002
vn 0.8833 0.4688 0.0013
vn 0.8878 0.4602 -0.0007
vn 0.7541 0.6567 -0.0000
vn 0.7600 0.6500 0.0001
vn 0.9418 0.3362 -0.0002
vn 0.8445 0.5356 0.0018
vn 0.9664 0.2570 0.0016
vn 0.9997 0.0250 0.0015
vn 0.9995 0.0328 0.0014
vn 0.9932 0.1161 0.0020
vn 0.9392 0.3414 -0.0356
vn 0.9916 0.1243 -0.0369
vn 0.9919 -0.1267 -0.0017
vn 0.9925 -0.1175 -0.0336
vn 0.6330 0.2249 -0.7407
vn 0.6676 0.0640 -0.7418
vn 0.6880 0.0856 -0.7206
vn 0.6683 -0.0626 -0.7413
vn 0.6583 -0.2151 -0.7214
vn 0.6293 -0.2282 -0.7429
vn 0.9493 -0.3130 -0.0308
vn 0.9498 -0.3128 -0.0023
vn 0.8688 -0.4940 -0.0351
vn 0.8699 -0.4933 -0.0002
vn 0.9108 -0.4129 -0.0073
vn 0.9815 -0.1914 -0.0042
vn 0.9107 -0.4131 -0.0004
vn 0.9802 -0.1979 -0.0000
vn 0.7930 -0.6093 -0.0013
vn 0.5723 -0.3516 -0.7408
vn 0.4969 -0.4806 -0.7226
vn 0.4689 -0.4772 -0.7432
vn 0.3368 -0.9322 -0.1325
vn 0.3647 -0.5624 -0.7421
vn 0.7063 -0.6954 -0.1328
vn 0.9380 -0.3209 -0.1311
vn 0.9430 -0.3231 0.0800
vn 0.7115 -0.6981 0.0798
vn 0.9846 0.1162 -0.1305
vn 0.9900 0.1137 0.0836
vn 0.7566 0.0852 0.6483
vn 0.6467 0.4065 0.6454
vn 0.8427 0.5322 0.0817
vn 0.2989 0.1868 0.9358
vn 0.1868 0.2995 0.9356
vn 0.4062 0.6464 0.6459
vn 0.0553 0.0338 0.9979
vn 0.0632 0.0084 0.9980
vn 0.3508 0.0395 0.9356
vn 0.3349 -0.1170 0.9350
vn 0.0629 -0.0206 0.9978
vn 0.7230 -0.2479 0.6448
vn 0.2497 -0.2509 0.9353
vn 0.5431 -0.5383 0.6444
vn 0.3346 -0.9389 0.0803
vn 0.2539 -0.7203 0.6455
vn 0.1190 -0.3332 0.9353
vn -0.1043 -0.9913 0.0801
vn -0.0823 -0.7606 0.6440
vn -0.5251 -0.8473 0.0799
vn -0.4030 -0.6499 0.6443
vn -0.1875 -0.3020 0.9347
vn -0.0378 -0.3513 0.9355
vn -0.0336 -0.0611 0.9976
vn -0.0064 -0.0676 0.9977
vn -0.0965 -0.9953 0.0012
vn -0.5148 -0.8573 -0.0010
vn -0.0966 -0.9953 0.0018
vn -0.5195 -0.8544 -0.0007
vn 0.3458 -0.9383 0.0018
vn 0.0239 -0.0615 0.9978
vn 0.3459 -0.9383 0.0016
vn 0.0481 -0.0466 0.9978
vn 0.7204 -0.6936 0.0018
vn -0.0069 -0.0266 -0.9996
vn 0.0750 -0.2273 -0.9709
vn 0.0106 -0.0291 -0.9995
vn 0.1667 -0.1714 -0.9710
vn 0.0183 -0.0194 -0.9996
vn 0.7204 -0.6935 0.0018
vn 0.9491 -0.3149 0.0020
vn 0.9491 -0.3150 0.0020
vn 0.2250 -0.0798 -0.9711
vn 0.0259 -0.0103 -0.9996
vn 0.7566 0.0874 -0.6480
vn 0.2362 0.0254 -0.9714
vn 0.7179 -0.2529 -0.6486
vn 0.7068 -0.7064 -0.0372
vn 0.9438 -0.3285 -0.0374
vn 0.5368 -0.5385 -0.6495
vn 0.9448 -0.3273 -0.0117
vn 0.7086 -0.7056 -0.0075
vn 0.3320 -0.9425 -0.0373
vn 0.3318 -0.9433 -0.0062
vn -0.1109 -0.9930 -0.0397
vn 0.2504 -0.7194 -0.6479
vn -0.0858 -0.7564 -0.6485
vn -0.0299 -0.2379 -0.9708
vn -0.4056 -0.6454 -0.6472
vn -0.1301 -0.2026 -0.9706
vn -0.0160 -0.0244 -0.9996
vn -0.0254 -0.0138 -0.9996
vn -0.2059 -0.1273 -0.9703
vn -0.0327 -0.0076 -0.9994
vn -0.8355 -0.5494 -0.0006
vn -0.9917 -0.1285 -0.0001
vn -0.8390 -0.5441 -0.0006
vn -0.0566 -0.0366 0.9977
vn -0.2990 -0.1942 0.9343
vn -0.0684 -0.0151 0.9975
vn -0.9482 0.3176 -0.0005
vn -0.9482 0.3176 -0.0003
vn -0.3552 -0.0355 0.9341
vn -0.0640 0.0227 0.9977
vn -0.6473 -0.4090 0.6433
vn -0.7607 -0.0925 0.6425
vn -0.7226 0.2543 0.6428
vn -0.3363 0.1193 0.9342
vn -0.5405 0.5410 0.6444
vn -0.2496 0.2509 0.9353
vn -0.0483 0.0486 0.9976
vn -0.0231 0.0629 0.9978
vn -0.7169 0.6971 -0.0023
vn -0.7170 0.6971 0.0005
vn -0.3417 0.9398 -0.0018
vn -0.3417 0.9398 -0.0009
vn -0.0125 0.0280 -0.9995
vn -0.1719 0.1673 -0.9708
vn -0.0256 0.0196 -0.9995
vn -0.2284 0.0768 -0.9705
vn -0.0321 0.0063 -0.9995
vn -0.5419 0.5374 -0.6462
vn -0.7210 0.2480 -0.6470
vn -0.2429 -0.0306 -0.9696
vn -0.9452 0.3249 -0.0336
vn -0.7583 -0.0889 -0.6458
vn -0.7108 0.7024 -0.0375
vn -0.9460 0.3241 -0.0040
vn -0.7106 0.7036 -0.0070
vn -0.3338 0.9419 -0.0366
vn -0.3338 0.9426 -0.0055
vn -0.2534 0.7176 -0.6487
vn 0.1066 0.9936 -0.0365
vn 0.0809 0.7569 -0.6485
vn 0.5285 0.8481 -0.0381
vn 0.1065 0.9943 -0.0064
vn 0.5279 0.8493 -0.0069
vn 0.8435 0.5359 -0.0368
vn 0.8444 0.5357 -0.0090
vn 0.4035 0.6460 -0.6480
vn 0.6429 0.4058 -0.6496
vn 0.9925 0.1158 -0.0391
vn 0.9931 0.1172 -0.0068
vn 0.2015 0.1285 -0.9710
vn 0.0283 0.0028 -0.9996
vn 0.0213 0.0141 -0.9997
vn 0.1252 0.2040 -0.9709
vn 0.0153 0.0230 -0.9996
vn 0.8393 0.5436 0.0025
vn 0.8393 0.5437 0.0025
vn 0.5203 0.8540 -0.0005
vn 0.5202 0.8540 -0.0004
vn 0.9922 0.1249 0.0029
vn 0.0219 0.2395 -0.9706
vn 0.0026 0.0270 -0.9996
vn 0.0980 0.9952 0.0015
vn -0.0817 0.2275 -0.9703
vn 0.0069 0.0655 0.9978
vn 0.0387 0.3510 0.9356
vn 0.0339 0.0563 0.9978
vn -0.1171 0.3342 0.9352
vn -0.2524 0.7212 0.6452
vn -0.3341 0.9391 0.0810
vn 0.1073 0.9909 0.0810
vn 0.0850 0.7606 0.6436
vn 0.5272 0.8459 0.0806
vn 0.8372 0.5310 -0.1313
vn 0.5239 0.8414 -0.1325
vn 0.5829 0.3753 -0.7207
vn 0.3628 0.5911 -0.7204
vn 0.4723 0.4779 -0.7406
vn 0.3675 0.5619 -0.7411
vn 0.0691 0.6886 -0.7218
vn 0.2178 0.6340 -0.7420
vn 0.0883 0.6637 -0.7428
vn 0.1063 0.9856 -0.1313
vn -0.2345 0.6492 -0.7236
vn -0.0799 0.6656 -0.7420
vn 0.0658 0.9975 -0.0245
vn 0.3183 0.9472 -0.0380
vn 0.3232 0.9463 -0.0009
vn 0.5277 0.8494 -0.0002
vn 0.5223 0.8520 -0.0355
vn 0.7022 0.7120 0.0005
vn 0.6275 0.7786 0.0001
vn 0.3684 0.9296 -0.0067
vn 0.6974 0.7158 -0.0354
vn 0.8375 0.5452 -0.0363
vn 0.5757 0.3447 -0.7415
vn 0.5015 0.8648 -0.0236
vn 0.4739 0.8803 -0.0206
vn 0.1479 0.9890 -0.0069
vn 0.3108 0.9501 -0.0250
vn -0.3157 0.3090 0.8971
vn -0.0067 0.0080 0.9999
vn -0.0109 0.0080 0.9999
vn 0.2986 -0.2991 0.9063
vn 0.2680 0.9631 -0.0256
vn 0.3004 -0.2997 0.9055
vn 0.5526 -0.5410 0.6339
vn 0.1013 0.9947 -0.0147
vn -0.0595 0.9982 0.0018
vn 0.0430 0.9991 -0.0058
vn 0.5527 -0.5411 0.6339
vn 0.6973 -0.6800 0.2267
vn -0.6954 -0.7186 0.0003
vn -0.6969 -0.7172 -0.0009
vn -0.6939 -0.7201 0.0018
vn -0.6954 -0.7186 -0.0010
vn 0.6972 -0.6800 0.2271
vn -0.6938 -0.7201 0.0079
vn -0.6939 -0.7201 0.0003
vn 0.0594 0.9982 0.0012
vn -0.0208 0.9998 0.0008
vn 0.1063 0.9943 0.0017
vn 0.5592 -0.5374 -0.6313
vn -0.6954 -0.7186 0.0004
vn -0.0097 0.0058 -0.9999
vn 0.1914 0.9815 0.0015
vn 0.2725 0.9622 0.0039
vn 0.3811 0.9245 0.0018
vn -0.3191 0.3065 -0.8968
vn -0.3190 0.3064 -0.8968
vn 0.3812 0.9245 0.0018
vn 0.4658 0.8849 0.0032
vn -0.6953 -0.7187 0.0082
vn -0.6954 -0.7186 0.0005
vn -0.6938 -0.7201 0.0033
vn -0.5658 0.5448 -0.6190
vn -0.6645 -0.6885 0.2906
vn -0.6645 -0.6885 0.2905
vn -0.7168 0.6973 0.0003
vn -0.7168 0.6972 -0.0009
vn -0.6954 -0.7186 -0.0072
vn -0.7168 0.6973 -0.0039
vn -0.7168 0.6972 0.0003
vn -0.7004 0.6792 -0.2193
vn -0.5658 0.5447 -0.6190
vn -0.6939 -0.7201 0.0021
vn 0.5574 0.8302 -0.0028
vn 0.5502 0.8350 0.0011
vn -0.5625 0.5476 0.6195
vn -0.6938 -0.7201 0.0018
vn 0.5975 0.8019 -0.0005
vn 0.4883 0.8726 0.0068
vn 0.0013 0.0025 -1.0000
vn 0.0028 -0.0003 -1.0000
vn -0.0015 -0.0021 -1.0000
vn -0.0036 -0.0016 -1.0000
vn 0.0049 0.0003 -1.0000
vn -0.0033 -0.0000 -1.0000
vn 0.6974 0.7166 0.0021
vn 0.6944 0.7196 -0.0017
vn 0.7614 0.6482 -0.0018
vn 0.6253 0.7804 0.0011
vn -0.0035 -0.0010 -1.0000
vn -0.0011 -0.0039 -1.0000
vn 0.0355 0.0312 -0.9989
vn 0.0038 0.0044 -1.0000
vn 0.7178 -0.6962 0.0001
vn 0.7178 -0.6962 0.0002
vn 0.7178 -0.6963 0.0001
vn 0.7194 -0.6946 0.0040
vn 0.7191 -0.6949 0.0040
vn 0.7131 -0.7010 -0.0021
vn 0.4834 -0.4594 0.7452
vn 0.1983 -0.1616 0.9667
vn 0.9997 0.0229 0.0017
vn 0.9997 0.0256 -0.0008
vn 0.8387 0.5446 0.0078
vn 0.8384 0.5449 0.0131
vn 0.0207 0.0293 0.9994
vn 0.6988 0.7152 0.0146
vn -0.0118 0.0201 0.9997
vn -0.1618 0.2000 0.9663
vn 0.6987 0.7153 0.0146
vn 0.5193 0.8545 0.0089
vn 0.4821 0.4974 -0.7212
vn 0.0289 0.0341 -0.9990
vn 0.4512 0.5270 -0.7202
vn 0.5163 0.4639 -0.7199
vn 0.5192 0.8546 0.0109
vn -0.0235 0.9997 0.0014
vn -0.0235 0.9997 0.0011
vn 0.0302 0.0333 -0.9990
vn -0.7168 0.6972 0.0007
vn -0.0023 -0.0009 -1.0000
vn -0.7169 0.6972 -0.0009
vn -0.7169 0.6971 -0.0008
vn -0.4559 0.4627 0.7603
vn -0.4578 0.4625 0.7593
vn 0.4201 0.9075 -0.0006
vn 0.5046 0.8613 0.0590
vn 0.4899 0.8718 0.0015
vn 0.4201 0.9075 -0.0007
vn 0.4899 0.8718 -0.0005
vn 0.0022 -0.0050 1.0000
vn -0.0022 0.0036 1.0000
vn -0.0032 0.0012 1.0000
vn 0.3127 0.9499 0.0003
vn 0.2368 0.9716 0.0001
vn 0.0233 0.0007 0.9997
vn 0.2168 0.9744 0.0592
vn 0.6708 0.0154 0.7415
vn 0.6719 0.0153 0.7405
vn 0.2512 0.0216 0.9677
vn -0.0110 0.0372 0.9992
vn -0.0239 0.0088 0.9997
vn 0.2080 0.9781 0.0107
vn 0.2082 0.9781 0.0076
vn -0.0079 0.9999 0.0136
vn 0.6867 0.7269 0.0007
vn 0.0033 0.0477 -0.9989
vn 0.0029 0.0477 -0.9989
vn 0.0369 0.6942 -0.7189
vn 0.6855 0.7280 0.0002
vn -0.0097 0.6926 -0.7213
vn -0.0079 0.9999 0.0137
vn -0.2372 0.9714 0.0077
vn -0.2393 0.9709 0.0087
vn -0.0573 0.6914 -0.7202
vn 0.0001 0.0477 -0.9989
vn -0.7301 0.6833 -0.0008
vn -0.7302 0.6832 -0.0002
vn -0.6470 0.0065 0.7625
vn -0.2549 0.0316 0.9665
vn -0.6462 0.0065 0.7632
vn -0.9999 -0.0125 0.0019
vn -0.9999 -0.0123 0.0020
vn -0.9999 -0.0122 0.0022
vn -0.1112 0.9938 -0.0002
vn -0.0136 0.9999 -0.0000
vn 0.0013 0.0069 -1.0000
vn -0.0017 -0.0018 -1.0000
vn -0.0057 -0.0020 -1.0000
vn -0.0036 -0.0022 -1.0000
vn -0.0013 -0.0003 -1.0000
vn -0.0014 0.0001 -1.0000
vn -0.0032 -0.0000 -1.0000
vn 0.0840 0.9965 0.0001
vn 0.9999 0.0147 0.0013
vn 0.9999 0.0119 -0.0017
vn 0.9999 0.0118 -0.0017
vn 0.0014 -0.0020 -1.0000
vn -0.0036 -0.0012 -1.0000
vn -0.0039 -0.0026 -1.0000
vn 0.2369 0.9715 0.0001
vn -0.2292 0.9734 0.0001
vn -0.2311 0.9729 0.0002
vn -0.2464 0.9692 -0.0000
vn -0.2504 0.9682 -0.0002
vn -0.2502 0.9682 0.0009
vn -0.2445 0.9696 0.0058
vn -0.6876 -0.6992 -0.1958
vn -0.6888 -0.7006 -0.1861
vn -0.6999 -0.7142 -0.0097
vn -0.7010 -0.7124 -0.0310
vn -0.6984 -0.7157 -0.0049
vn -0.6999 -0.7143 -0.0067
vn -0.7170 0.6971 -0.0048
vn -0.7168 0.6973 0.0008
vn -0.6767 -0.6576 -0.3310
vn -0.6985 -0.7156 -0.0001
vn -0.7198 0.6942 -0.0038
vn -0.7560 0.6546 0.0010
vn -0.7168 0.6973 -0.0003
vn -0.3037 -0.2964 -0.9055
vn -0.0480 -0.0418 -0.9980
vn -0.0169 -0.0061 -0.9998
vn 0.0026 -0.0027 -1.0000
vn -0.0046 0.0059 -1.0000
vn -0.2890 -0.2928 -0.9114
vn -0.1248 -0.1997 -0.9719
vn -0.8032 -0.5957 -0.0019
vn -0.7729 -0.6346 -0.0018
vn -0.3142 -0.9494 -0.0016
vn 0.1298 -0.9915 -0.0013
vn 0.1299 -0.9915 -0.0013
vn 0.5439 -0.8391 -0.0009
vn 0.5440 -0.8391 -0.0009
vn 0.8558 -0.5172 -0.0005
vn 0.8558 -0.5174 -0.0005
vn 0.9958 -0.0918 -0.0001
vn 0.9392 0.3435 0.0005
vn 0.9392 0.3434 0.0005
vn 0.7496 0.6619 -0.0000
vn 0.6110 0.7916 -0.0003
vn 0.3073 0.9516 -0.0009
vn 0.3019 0.9533 -0.0011
vn -0.1228 0.9924 -0.0016
vn -0.5423 0.8402 -0.0021
vn -0.5422 0.8402 -0.0020
vn -0.8527 0.5224 -0.0026
vn -0.9951 0.0989 -0.0026
vn -0.9951 0.0990 -0.0026
vn -0.9128 -0.4085 -0.0019
vn -0.9380 -0.3467 -0.0019
vn -0.7922 -0.6103 0.0002
vn -0.6381 -0.7699 -0.0001
vn -0.3301 -0.9440 0.0011
vn -0.3301 -0.9439 0.0011
vn 0.1298 -0.9915 -0.0011
vn 0.1299 -0.9915 -0.0011
vn 0.5442 -0.8389 -0.0004
vn 0.8558 -0.5172 0.0008
vn 0.5440 -0.8391 -0.0007
vn 0.8558 -0.5173 0.0008
vn 0.9958 -0.0917 -0.0001
vn 0.9404 0.3401 0.0005
vn 0.7538 0.6571 -0.0001
vn 0.0169 0.0148 0.9997
vn 0.0478 0.0469 0.9978
vn 0.0029 0.0012 1.0000
vn 0.5948 0.8039 -0.0005
vn 0.0014 -0.0003 1.0000
vn 0.0014 0.0003 1.0000
vn -0.0134 -0.0156 0.9998
vn 0.0018 -0.0009 1.0000
vn 0.3036 0.3132 0.8998
vn -0.7153 0.6988 -0.0000
vn -0.7153 0.6988 -0.0001
vn -0.7198 0.6942 0.0029
vn -0.0443 -0.0481 0.9979
vn -0.3033 -0.3161 0.8989
vn 0.0003 -0.0024 1.0000
vn 0.0008 0.0011 1.0000
vn -0.7183 0.6958 0.0007
vn -0.3033 -0.3162 0.8989
vn -0.5189 -0.5406 0.6622
vn -0.7153 0.6989 0.0005
vn -0.6553 -0.6789 0.3311
vn -0.6554 -0.6789 0.3311
vn -0.7184 0.6957 0.0013
vn -0.6844 -0.7053 0.1850
vn -0.6954 -0.7186 -0.0025
vn -0.6955 -0.7185 0.0005
vn -0.6937 -0.7201 0.0149
vn -0.6941 -0.7196 -0.0200
vn -0.6955 -0.7184 -0.0126
vn -0.6954 -0.7186 0.0019
vn -0.7170 0.6971 0.0013
vn -0.7170 0.6971 0.0008
vn -0.7169 0.6971 -0.0016
vn -0.6691 -0.6855 -0.2872
vn -0.6685 -0.6855 -0.2885
vn -0.0455 0.9961 0.0757
vn -0.0121 0.9991 -0.0411
vn -0.0481 0.9975 0.0516
vn -0.6955 -0.7184 -0.0158
vn -0.6955 -0.7185 -0.0010
vn -0.0309 0.9368 0.3485
vn -0.1605 0.9862 0.0407
vn -0.6953 -0.7186 0.0121
vn -0.0235 0.9997 -0.0040
vn -0.1123 0.9934 -0.0224
vn -0.1785 0.9839 -0.0018
vn 0.1062 0.9943 -0.0016
vn -0.0763 0.9971 -0.0015
vn -0.2063 0.9784 -0.0148
vn -0.2313 0.9720 -0.0404
vn -0.2659 0.9640 -0.0039
vn -0.3370 0.9396 -0.0600
vn -0.1042 0.9935 -0.0455
vn -0.6784 -0.6996 0.2246
vn -0.6787 -0.6996 0.2233
vn -0.6241 -0.6469 0.4383
vn -0.6249 -0.6469 0.4371
vn -0.7154 0.6987 -0.0001
vn -0.5409 -0.5604 0.6272
vn -0.7154 0.6987 -0.0000
vn -0.4292 -0.4443 0.7864
vn -0.4291 -0.4442 0.7865
vn -0.2990 -0.3088 0.9029
vn 0.1508 0.1594 0.9756
vn 0.2998 0.3106 0.9020
vn 0.3034 0.3106 0.9008
vn 0.4331 0.4445 0.7842
vn 0.4331 0.4446 0.7841
vn -0.8838 0.4679 -0.0047
vn -0.9475 0.3141 -0.0595
vn -0.9056 0.4241 -0.0053
vn -0.9709 0.2394 -0.0016
vn 0.5429 0.5603 0.6256
vn -0.9986 0.0526 -0.0037
vn -0.9779 0.2049 -0.0411
vn 0.5430 0.5603 0.6254
vn 0.6256 0.6466 0.4365
vn -0.9953 -0.0926 -0.0276
vn -0.9910 -0.1342 -0.0020
vn -1.0000 -0.0062 -0.0061
vn -0.9881 0.1541 -0.0031
vn -0.9958 0.0790 -0.0457
vn -0.9833 0.1815 -0.0147
vn -0.6660 -0.0711 -0.7426
vn -0.6637 0.0706 -0.7446
vn -0.6282 0.2326 -0.7425
vn -0.6545 0.2208 -0.7231
vn -0.6861 -0.0882 -0.7221
vn -0.6307 -0.2272 -0.7420
vn -0.9834 -0.1230 -0.1337
vn -0.9367 0.3236 -0.1336
vn -0.9896 -0.1205 0.0788
vn -0.8349 -0.5341 -0.1332
vn -0.8390 -0.5382 0.0799
vn -0.5207 -0.8435 -0.1319
vn -0.1010 -0.9859 -0.1338
vn -0.9425 0.3245 0.0798
vn -0.7031 0.6987 -0.1321
vn -0.7075 0.7023 0.0786
vn -0.4961 0.4812 -0.7227
vn -0.3316 0.9338 -0.1342
vn -0.5694 0.3540 -0.7420
vn -0.4630 0.4827 -0.7434
vn -0.3595 0.5648 -0.7428
vn -0.5545 0.8289 -0.0741
vn -0.2076 0.6357 -0.7435
vn -0.4909 0.8712 -0.0042
vn -0.6317 0.7752 -0.0060
vn -0.7135 0.6957 -0.0834
vn -0.7149 0.6992 -0.0068
vn -0.7909 0.6119 -0.0045
vn -0.8414 0.5355 -0.0729
vn 0.1535 0.1577 0.9755
vn 0.0005 0.0005 1.0000
vn -0.0005 -0.0006 1.0000
vn -0.7181 0.6960 0.0004
vn -0.1484 -0.1575 0.9763
vn -0.1505 -0.1575 0.9760
vn -0.4468 0.8946 -0.0052
vn 0.6798 0.6992 0.2214
vn 0.6780 0.7003 0.2233
vn 0.6943 0.7196 0.0121
vn 0.6262 0.6461 0.4364
vn 0.6958 0.7182 0.0100
vn -0.9959 0.0870 -0.0227
vn 0.6960 0.7181 -0.0016
vn 0.6943 0.7195 -0.0133
vn -0.9989 -0.0227 -0.0400
vn 0.6958 0.7179 -0.0227
vn -0.9993 0.0386 -0.0032
vn -0.9970 0.0194 0.0746
vn 0.6684 0.6864 -0.2864
vn 0.6685 0.6860 -0.2871
vn -0.9649 0.0846 0.2487
vn 0.6987 0.7146 -0.0349
vn -0.9902 0.1355 0.0328
vn -0.7169 0.6972 -0.0021
vn -0.7168 0.6972 -0.0057
vn -0.7169 0.6972 -0.0003
vn -0.7183 0.6957 -0.0023
vn 0.5222 0.5405 0.6596
vn 0.5222 0.5406 0.6595
vn 0.3071 0.3134 0.8986
vn 0.6560 0.6786 0.3304
vn -0.7161 0.6980 -0.0052
vn -0.7162 0.6979 -0.0044
vn 0.6836 0.7060 0.1850
vn 0.6836 0.7060 0.1849
vn 0.6959 0.7181 -0.0016
vn -0.7158 0.6984 -0.0008
vn -0.7186 0.6954 -0.0000
vn -0.9892 0.1467 -0.0065
vn -0.9831 0.1822 -0.0170
vn -0.9970 -0.0767 -0.0042
vn -0.9916 -0.1286 -0.0137
vn -0.9838 -0.1790 -0.0066
vn -0.9125 -0.4083 -0.0248
vn -0.9552 -0.2948 -0.0269
vn 0.2985 -0.2990 0.9064
vn 0.5526 -0.5411 0.6339
vn 0.5539 -0.5411 0.6328
vn 0.6958 0.7182 -0.0015
vn -0.3142 0.3081 0.8980
vn -0.3139 0.3084 0.8980
vn -0.7170 0.6970 0.0004
vn 0.0045 -0.0024 -1.0000
vn 0.0029 0.0011 -1.0000
vn -0.5318 -0.5432 -0.6498
vn -0.5318 -0.5432 -0.6497
vn -0.7180 0.6961 -0.0012
vn -0.7174 0.6966 0.0003
vn -0.6571 -0.6771 -0.3313
vn -0.7180 0.6960 0.0001
vn -0.6571 -0.6771 -0.3314
vn -0.6802 -0.7021 -0.2106
vn -0.6953 -0.7186 0.0135
vn -0.6953 -0.7187 0.0064
vn -0.1393 0.9902 -0.0007
vn -0.2072 0.9782 -0.0157
vn -0.1366 0.9906 -0.0015
vn -0.0034 -0.0014 -1.0000
vn -0.6984 -0.7157 0.0012
vn -0.2292 0.9734 -0.0008
vn 0.6255 0.6301 -0.4601
vn 0.6255 0.6296 -0.4608
vn 0.6431 0.6917 -0.3286
vn 0.6859 0.7042 -0.1835
vn -0.7168 0.6973 -0.0042
vn 0.5628 0.5585 -0.6094
vn 0.5633 0.5608 -0.6068
vn 0.4377 0.4455 -0.7810
vn 0.4376 0.4455 -0.7810
vn -0.4374 -0.4456 -0.7811
vn -0.4373 -0.4456 -0.7811
vn -0.3052 -0.3091 -0.9007
vn -0.5486 -0.5724 -0.6094
vn -0.5486 -0.5725 -0.6094
vn -0.5875 -0.6221 -0.5175
vn -0.5875 -0.6226 -0.5169
vn -0.7169 0.6972 -0.0024
vn -0.7169 0.6972 -0.0022
vn -0.7170 0.6971 -0.0027
vn -0.7170 0.6971 -0.0028
vn -0.3053 -0.3106 -0.9002
vn -0.1579 -0.1561 -0.9750
vn -0.1573 -0.1583 -0.9748
vn -0.7169 0.6971 -0.0024
vn -0.7168 0.6973 0.0011
vn -0.0032 0.0029 -1.0000
vn -0.0033 0.0029 -1.0000
vn 0.1569 0.1581 -0.9749
vn -0.7168 0.6973 -0.0022
vn -0.7170 0.6971 -0.0020
vn 0.1560 0.1593 -0.9748
vn 0.3051 0.3101 -0.9004
vn -0.7169 0.6972 -0.0045
vn 0.3050 0.3089 -0.9009
vn -0.7170 0.6971 -0.0019
vn -0.7169 0.6972 -0.0023
vn -0.6999 -0.7143 -0.0010
vn -0.6938 -0.7201 -0.0000
vn -0.1408 -0.9900 -0.0015
vn -0.0359 -0.9994 -0.0014
vn -0.0044 0.0033 1.0000
vn -0.6998 -0.7143 -0.0026
vn 0.0086 -0.7147 0.6994
vn -0.0695 -0.7095 0.7013
vn 0.0102 -0.7125 0.7016
vn -0.0718 -0.7100 0.7006
vn -0.2248 -0.6748 0.7029
vn -0.3409 -0.9401 -0.0016
vn -0.2248 -0.6741 0.7036
vn -0.3408 -0.9401 -0.0021
vn -0.5294 -0.8484 -0.0006
vn -0.5294 -0.8484 -0.0014
vn -0.3682 -0.6112 0.7006
vn -0.3676 -0.6102 0.7018
vn -0.6997 -0.7144 -0.0013
vn -0.4932 -0.5125 0.7029
vn -0.4940 -0.5131 0.7020
vn -0.6996 -0.7145 -0.0003
vn -0.5932 -0.3898 0.7044
vn -0.8320 -0.5548 -0.0031
vn -0.5940 -0.3923 0.7023
vn -0.8320 -0.5547 -0.0019
vn -0.9308 -0.3656 -0.0012
vn -0.9307 -0.3657 -0.0005
vn -0.6684 -0.2517 0.6999
vn -0.6677 -0.2488 0.7016
vn -0.7086 -0.0967 0.6990
vn -0.9863 -0.1651 -0.0010
vn -0.9863 -0.1648 -0.0013
vn -0.7084 -0.0967 0.6991
vn -0.7110 0.0571 0.7009
vn -0.9989 0.0464 -0.0028
vn -0.9989 0.0465 -0.0007
vn -0.9687 0.2482 -0.0050
vn -0.9687 0.2482 -0.0027
vn -0.7095 0.0577 0.7024
vn -0.6766 0.2145 0.7045
vn -0.6757 0.2146 0.7052
vn -0.6483 0.2901 0.7039
vn -0.9404 0.3401 -0.0027
vn -0.9917 -0.1286 -0.0019
vn -0.9448 -0.3276 -0.0096
vn -0.9447 -0.3277 -0.0097
vn -0.9917 -0.1284 -0.0020
vn -0.6499 0.2891 0.7029
vn -0.6996 -0.7146 -0.0007
vn 0.0018 -0.0040 1.0000
vn 0.0012 -0.0026 1.0000
vn -0.2502 0.9682 0.0019
vn -0.2305 0.9722 0.0418
vn -0.1721 0.9851 -0.0046
vn 0.9921 0.1251 0.0008
vn -0.9935 -0.1141 -0.0067
vn -0.9930 -0.1129 -0.0358
vn -0.8463 -0.5326 -0.0066
vn -0.8459 -0.5320 -0.0374
vn -0.5302 -0.8478 -0.0106
vn -0.1092 -0.9940 -0.0073
vn -0.5294 -0.8474 -0.0403
vn -0.6458 -0.4041 -0.6478
vn 0.0021 -0.0012 -1.0000
vn 0.0020 -0.0037 -1.0000
vn -0.0019 0.0007 -1.0000
vn 0.0070 -0.0019 -1.0000
vn -0.0036 -0.0030 -1.0000
vn -0.9392 0.3433 -0.0027
vn -0.9393 0.3430 -0.0004
vn -0.7170 0.6970 -0.0021
vn -0.7170 0.6971 -0.0023
vn -0.3680 0.9298 0.0008
vn 0.0950 0.9955 -0.0040
vn -0.0008 -0.0046 -1.0000
vn 0.0264 0.9996 -0.0041
vn 0.2966 0.9549 -0.0092
vn 0.2698 0.9629 -0.0010
vn -0.3681 0.9298 -0.0019
vn -0.2751 0.9614 -0.0018
vn -0.3682 0.9298 -0.0019
vn -0.0758 0.9971 -0.0014
vn -0.0757 0.9971 -0.0014
vn 0.0774 0.7072 0.7028
vn 0.1366 0.9906 -0.0012
vn 0.2299 0.6743 0.7018
vn -0.0015 0.0022 1.0000
vn -0.3120 -0.9501 -0.0038
vn -0.4230 -0.9061 -0.0007
vn -0.4194 -0.9078 -0.0028
vn -0.4893 -0.8721 -0.0020
vn -0.5074 -0.8599 0.0564
vn 0.0026 -0.0001 -1.0000
vn 0.0051 0.0004 -1.0000
vn -0.4893 -0.8721 -0.0030
vn 0.0041 -0.0016 -1.0000
vn -0.0042 -0.0013 -1.0000
vn 0.7149 -0.6992 -0.0009
vn 0.7133 -0.7009 -0.0020
vn 0.7134 -0.7008 -0.0021
vn 0.7152 -0.6990 -0.0008
vn -0.0343 -0.0349 -0.9988
vn -0.0042 0.0048 -1.0000
vn -0.6215 -0.7834 -0.0050
vn 0.7135 -0.7007 -0.0020
vn 0.7180 -0.6960 0.0002
vn 0.0128 -0.9999 0.0067
vn -0.5151 -0.8570 0.0153
vn 0.0129 -0.9999 0.0066
vn -0.4538 -0.5276 -0.7181
vn -0.5207 -0.8537 0.0099
vn 0.0569 -0.1040 0.9929
vn 0.4601 -0.4647 0.7566
vn 0.4610 -0.4651 0.7558
vn -0.6292 -0.7773 -0.0005
vn -0.4446 -0.8957 -0.0010
vn -0.4345 -0.9007 -0.0015
vn -0.2281 -0.9736 -0.0014
vn -0.2197 -0.9738 0.0588
vn -0.6717 -0.0131 0.7407
vn -0.6730 -0.0129 0.7395
vn 0.1121 -0.9937 -0.0010
vn -0.3172 0.3058 -0.8977
vn -0.8687 -0.4954 0.0023
vn -0.3171 0.3059 -0.8977
vn -0.7156 0.6985 -0.0020
vn -0.7170 0.6970 -0.0039
vn 0.0036 -0.0085 1.0000
vn -0.0409 0.0194 -0.9990
vn 0.0007 -0.0012 -1.0000
vn 0.0002 0.0068 -1.0000
vn -0.0491 0.0019 -0.9988
vn 0.0026 -0.0003 -1.0000
vn -1.0000 -0.0043 0.0017
vn -0.9047 0.4261 -0.0007
vn -0.9047 0.4261 -0.0026
vn -0.8985 -0.4390 -0.0000
vn -0.0450 -0.0157 -0.9989
vn 0.0009 -0.0011 -1.0000
vn -0.6183 -0.7860 0.0008
vn -0.6182 -0.7860 0.0008
vn -0.2187 -0.9758 -0.0026
vn -0.2188 -0.9758 -0.0026
vn -0.0094 -0.0457 -0.9989
vn -0.0017 -0.0017 -1.0000
vn 0.0046 -0.0025 -1.0000
vn 0.2280 -0.9737 0.0006
vn -0.0323 -0.0311 -0.9990
vn -0.5961 -0.2891 -0.7490
vn -0.4107 -0.5191 -0.7496
vn -0.6184 -0.7841 -0.0522
vn -0.2140 -0.9754 -0.0521
vn -0.1406 -0.6452 -0.7510
vn 0.2291 -0.9721 -0.0511
vn 0.1568 -0.6422 -0.7503
vn 0.0134 -0.0469 -0.9988
vn 0.0326 -0.0378 -0.9988
vn -0.0039 -0.0029 -1.0000
vn -0.0054 -0.0018 -1.0000
vn 0.9035 -0.4286 -0.0008
vn 0.6313 -0.7755 0.0001
vn 0.2279 -0.9737 0.0007
vn 0.9035 -0.4285 -0.0008
vn 0.9999 0.0093 0.0041
vn 0.9999 0.0093 0.0040
vn 0.0520 0.0046 -0.9986
vn -0.0000 -0.0038 -1.0000
vn 0.8967 0.4426 0.0004
vn 0.0481 -0.0203 -0.9986
vn 0.0402 0.0208 -0.9990
vn 0.6638 0.0078 -0.7479
vn 0.6017 -0.2784 -0.7486
vn 0.9041 -0.4245 -0.0483
vn 0.4207 -0.5115 -0.7492
vn 0.9987 0.0122 -0.0492
vn 0.8966 0.4400 -0.0496
vn 0.8963 0.4400 0.0548
vn 0.9985 0.0073 0.0549
vn 0.6168 0.7853 0.0534
vn 0.6833 0.3375 0.6474
vn 0.4692 0.6016 0.6464
vn 0.2148 0.9751 0.0545
vn 0.6161 0.7859 -0.0531
vn 0.2134 0.9755 -0.0540
vn 0.5914 0.2904 -0.7523
vn 0.4051 0.5190 -0.7526
vn 0.1419 0.6446 -0.7512
vn -0.2300 0.9718 0.0517
vn -0.2285 0.9721 -0.0530
vn 0.1651 0.7464 0.6447
vn -0.1752 0.7450 0.6436
vn -0.6279 0.7764 0.0544
vn -0.4807 0.5944 0.6446
vn -0.6277 0.7767 -0.0526
vn -0.9035 0.4249 0.0554
vn -0.9034 0.4259 -0.0493
vn -0.4149 0.5129 -0.7516
vn -0.1519 0.6423 -0.7512
vn -0.0088 0.0448 -0.9990
vn -0.0297 0.0345 -0.9990
vn 0.0010 -0.0033 -1.0000
vn 0.0016 -0.0019 -1.0000
vn 0.0100 0.0436 -0.9990
vn -0.6297 0.7768 -0.0007
vn -0.2292 0.9734 -0.0022
vn -0.0023 -0.0041 -1.0000
vn 0.2137 0.9769 -0.0015
vn 0.2138 0.9769 -0.0015
vn 0.6174 0.7867 0.0007
vn 0.6172 0.7868 -0.0044
vn 0.8966 0.4427 0.0004
vn 0.0290 0.0371 -0.9989
vn -0.0033 -0.0034 -1.0000
vn -0.5965 0.2795 -0.7523
vn -0.9987 -0.0029 -0.0507
vn -0.6629 -0.0039 -0.7487
vn -0.8977 -0.4378 -0.0494
vn -0.9985 -0.0068 0.0552
vn -0.6180 -0.7844 0.0538
vn -0.8968 -0.4389 0.0554
vn -0.6846 -0.3387 0.6455
vn -0.4710 -0.6018 0.6450
vn -0.3543 -0.4516 0.8189
vn -0.5137 -0.2557 0.8190
vn -0.7620 -0.0058 0.6476
vn -0.6912 0.3271 0.6444
vn -0.5740 -0.0052 0.8188
vn -0.5161 0.2466 0.8203
vn -0.9999 -0.0148 -0.0007
vn -0.9947 -0.0059 -0.1025
vn -0.8903 -0.4444 -0.0995
vn -0.8969 -0.4422 -0.0003
vn -0.9039 0.4278 -0.0039
vn -0.8988 0.4258 -0.1043
vn -0.7368 -0.0047 -0.6761
vn -0.6648 0.3164 -0.6767
vn -0.4620 0.5729 -0.6770
vn -0.6258 0.7733 -0.1020
vn -0.6284 0.7779 -0.0012
vn -0.2287 0.9735 -0.0008
vn -0.2270 0.9686 -0.1017
vn -0.1665 0.7177 -0.6761
vn 0.2160 0.9713 -0.0992
vn 0.1621 0.7206 -0.6741
vn 0.2177 0.9760 0.0003
vn 0.6152 0.7884 -0.0004
vn 0.4598 0.5793 -0.6730
vn 0.6136 0.7831 -0.1009
vn 0.6607 0.3272 -0.6756
vn 0.0267 0.0272 -0.9993
vn 0.0127 0.0344 -0.9993
vn 0.8919 0.4411 -0.0999
vn 0.0310 0.0175 -0.9994
vn 0.7348 0.0100 -0.6782
vn 0.0319 0.0043 -0.9995
vn 0.6649 -0.3150 -0.6773
vn 0.9945 0.0050 -0.1050
vn 0.8987 -0.4270 -0.1003
vn 0.4652 -0.5061 -0.7262
vn 0.0315 -0.0147 -0.9994
vn 0.0197 -0.0266 -0.9995
vn 0.0013 0.0003 -1.0000
vn -0.0093 -0.0357 -0.9993
vn 0.0078 -0.0378 -0.9993
vn -0.0268 -0.0271 -0.9993
vn -0.0326 -0.0022 -0.9995
vn -0.0311 -0.0183 -0.9994
vn -0.0300 0.0159 -0.9994
vn -0.0190 0.0280 -0.9994
vn -0.0046 0.0354 -0.9994
vn -0.4568 -0.5182 -0.7230
vn -0.1082 -0.5142 -0.8508
vn -0.7399 -0.6639 -0.1085
vn -0.6617 -0.3271 -0.6747
vn -0.5731 -0.8047 -0.1547
vn -0.4522 -0.7560 -0.4733
vn -0.1377 -0.7966 -0.5886
vn 0.1090 -0.5138 -0.8510
vn 0.1444 -0.7932 -0.5916
vn 0.4684 -0.7460 -0.4734
vn 0.0074 -0.9369 0.3494
vn 0.0064 -0.9370 0.3493
vn 0.0030 -0.9991 0.0428
vn 0.7480 -0.6546 -0.1092
vn 0.5815 -0.7999 -0.1487
vn -0.0010 0.0036 1.0000
vn 0.6512 -0.7588 0.0080
vn 0.4509 -0.8924 0.0185
vn -0.0000 -0.8614 -0.5079
vn 0.0059 -0.8614 -0.5078
vn -0.0014 -0.0004 -1.0000
vn -0.0049 -0.0004 -1.0000
vn 0.1976 -0.9802 0.0112
vn 0.1999 -0.9797 0.0121
vn -0.1909 -0.9815 0.0118
vn -0.1919 -0.9814 0.0106
vn -0.6445 -0.7645 0.0102
vn -0.4371 -0.8991 0.0219
vn -0.1233 -0.5615 0.8182
vn 0.1319 -0.5573 0.8198
vn -0.1659 -0.7469 0.6439
vn 0.2325 -0.9710 0.0558
vn -0.2157 -0.9750 0.0542
vn 0.1717 -0.7455 0.6440
vn 0.6294 -0.7751 0.0554
vn 0.4798 -0.5940 0.6457
vn 0.3586 -0.4503 0.8177
vn 0.9048 -0.4222 0.0557
vn 0.5171 -0.2477 0.8193
vn 0.6895 -0.3308 0.6444
vn 0.9999 0.0112 -0.0028
vn 0.9036 -0.4284 -0.0016
vn 0.5727 0.0044 0.8197
vn 0.8966 0.4428 -0.0029
vn 0.5118 0.2557 0.8202
vn 0.7619 0.0089 0.6476
vn 0.3542 0.4532 0.8180
vn 0.6321 -0.7733 -0.0498
vn 0.0029 -0.9991 0.0428
vn 0.0009 0.0032 1.0000
vn 0.1210 0.5619 0.8183
vn -0.1299 0.5599 0.8183
vn -0.3609 0.4483 0.8178
vt 0.731445 0.342773
vt 0.727539 0.342773
vt 0.731445 0.334961
vt 0.095764 0.320313
vt 0.094604 0.312500
vt 0.095764 0.312500
vt 0.136108 0.528809
vt 0.135742 0.523926
vt 0.136230 0.524902
vt 0.131836 0.525146
vt 0.136230 0.529785
vt 0.136353 0.527832
vt 0.902832 0.284668
vt 0.899414 0.285645
vt 0.899414 0.284668
vt 0.902832 0.285645
vt 0.899414 0.286621
vt 0.415283 0.582764
vt 0.416748 0.582764
vt 0.415527 0.583740
vt 0.416992 0.583496
vt 0.416016 0.584717
vt 0.902832 0.286621
vt 0.416992 0.583252
vt 0.174805 0.354492
vt 0.172852 0.355957
vt 0.172485 0.355957
vt 0.172363 0.355469
vt 0.175659 0.357422
vt 0.174194 0.356934
vt 0.177246 0.357422
vt 0.177612 0.352539
vt 0.418213 0.578125
vt 0.421631 0.578613
vt 0.419189 0.581055
vt 0.416016 0.579834
vt 0.891602 0.281250
vt 0.901855 0.278809
vt 0.899414 0.281738
vt 0.901855 0.281738
vt 0.883789 0.278809
vt 0.901855 0.275879
vt 0.419922 0.576172
vt 0.883789 0.275879
vt 0.892578 0.274414
vt 0.423584 0.575928
vt 0.421631 0.573730
vt 0.896484 0.272461
vt 0.901855 0.273438
vt 0.895020 0.273438
vt 0.467041 0.910217
vt 0.469238 0.908569
vt 0.469238 0.910217
vt 0.471191 0.910217
vt 0.890625 0.273438
vt 0.889160 0.272461
vt 0.467285 0.908569
vt 0.465088 0.910217
vt 0.883789 0.273438
vt 0.465332 0.908569
vt 0.463623 0.910217
vt 0.888184 0.270508
vt 0.770996 0.625000
vt 0.767578 0.624756
vt 0.769531 0.622803
vt 0.765625 0.621826
vt 0.768066 0.620361
vt 0.883789 0.270508
vt 0.042816 0.041992
vt 0.037537 0.051270
vt 0.036316 0.048340
vt 0.764160 0.618896
vt 0.039032 0.041992
vt 0.034485 0.045410
vt 0.040924 0.041992
vt 0.761719 0.632324
vt 0.760254 0.630615
vt 0.762207 0.630859
vt 0.763672 0.632813
vt 0.764160 0.631348
vt 0.037262 0.041016
vt 0.882813 0.298340
vt 0.891602 0.298340
vt 0.882813 0.300293
vt 0.765137 0.633301
vt 0.882813 0.296875
vt 0.891602 0.296875
vt 0.465088 0.041016
vt 0.470459 0.057129
vt 0.468994 0.057129
vt 0.467285 0.057617
vt 0.891602 0.294922
vt 0.882813 0.294922
vt 0.891602 0.292969
vt 0.465576 0.058105
vt 0.882813 0.292969
vt 0.766602 0.634277
vt 0.767090 0.632813
vt 0.768066 0.634766
vt 0.765625 0.632080
vt 0.034454 0.039063
vt 0.032074 0.042969
vt 0.033081 0.038574
vt 0.035675 0.040039
vt 0.768555 0.633301
vt 0.031616 0.038086
vt 0.770020 0.633545
vt 0.029236 0.041016
vt 0.030106 0.038086
vt 0.770020 0.635010
vt 0.771484 0.633545
vt 0.771973 0.635010
vt 0.028656 0.038574
vt 0.773438 0.634521
vt 0.772949 0.633301
vt 0.882813 0.289551
vt 0.891602 0.289551
vt 0.882813 0.291504
vt 0.882813 0.288086
vt 0.891602 0.288086
vt 0.891602 0.291504
vt 0.463867 0.058594
vt 0.462646 0.059570
vt 0.461670 0.061035
vt 0.891602 0.286133
vt 0.460693 0.062500
vt 0.882813 0.286133
vt 0.891602 0.285156
vt 0.456543 0.067383
vt 0.460693 0.063477
vt 0.882813 0.285156
vt 0.460205 0.068359
vt 0.460938 0.067383
vt 0.891602 0.284180
vt 0.460938 0.064453
vt 0.094604 0.320313
vt 0.093506 0.312500
vt 0.093506 0.320313
vt 0.461670 0.066895
vt 0.092407 0.312500
vt 0.092407 0.320313
vt 0.461670 0.065430
vt 0.462402 0.065918
vt 0.883301 0.282227
vt 0.891602 0.282227
vt 0.891602 0.283203
vt 0.882813 0.283203
vt 0.882813 0.284180
vt 0.462646 0.065430
vt 0.775391 0.632813
vt 0.774414 0.631592
vt 0.775879 0.631836
vt 0.775879 0.630859
vt 0.026947 0.039551
vt 0.026764 0.040039
vt 0.774902 0.628906
vt 0.771973 0.630127
vt 0.774414 0.632080
vt 0.775391 0.629639
vt 0.883789 0.281250
vt 0.772949 0.627197
vt 0.773926 0.632568
vt 0.027283 0.039551
vt 0.774902 0.633545
vt 0.463623 0.065430
vt 0.091187 0.312500
vt 0.091187 0.320313
vt 0.137085 0.527100
vt 0.136963 0.525635
vt 0.137817 0.526367
vt 0.137939 0.526855
vt 0.138916 0.526855
vt 0.901855 0.282715
vt 0.899414 0.283691
vt 0.899414 0.282715
vt 0.415527 0.580811
vt 0.415527 0.581787
vt 0.902832 0.283691
vt 0.727539 0.334961
vt 0.621094 0.439941
vt 0.621094 0.447754
vt 0.593750 0.439941
vt 0.769531 0.627441
vt 0.593750 0.447754
vt 0.330811 0.985657
vt 0.347900 0.993622
vt 0.330811 0.993622
vt 0.322754 0.608643
vt 0.351807 0.616699
vt 0.322754 0.616699
vt 0.857422 0.068359
vt 0.865234 0.068359
vt 0.857422 0.085449
vt 0.897949 0.786499
vt 0.899902 0.794189
vt 0.897949 0.815552
vt 0.886230 0.823975
vt 0.880859 0.815552
vt 0.452148 0.025879
vt 0.448730 0.035645
vt 0.347900 0.985657
vt 0.454590 0.018066
vt 0.455078 0.017578
vt 0.471436 0.038086
vt 0.471680 0.040039
vt 0.471436 0.036621
vt 0.472656 0.026855
vt 0.455566 0.017578
vt 0.472168 0.041504
vt 0.473145 0.042969
vt 0.474365 0.044434
vt 0.475342 0.045410
vt 0.476074 0.046875
vt 0.476563 0.048828
vt 0.476807 0.050293
vt 0.476563 0.051758
vt 0.475830 0.053223
vt 0.474854 0.054688
vt 0.473633 0.056152
vt 0.472168 0.056641
vt 0.902832 0.809692
vt 0.903320 0.810669
vt 0.902344 0.808716
vt 0.900391 0.797974
vt 0.899902 0.796143
vt 0.899414 0.816895
vt 0.897949 0.818359
vt 0.901367 0.815796
vt 0.896973 0.820068
vt 0.880859 0.823975
vt 0.895996 0.822021
vt 0.895996 0.824097
vt 0.895996 0.826050
vt 0.250732 0.724854
vt 0.242065 0.724854
vt 0.242065 0.723633
vt 0.817383 0.030273
vt 0.818848 0.025391
vt 0.818848 0.030762
vt 0.250732 0.723633
vt 0.887695 0.833984
vt 0.886230 0.832642
vt 0.890625 0.833984
vt 0.891602 0.833740
vt 0.892578 0.833374
vt 0.893555 0.832520
vt 0.894043 0.831665
vt 0.895508 0.828125
vt 0.895996 0.827148
vt 0.684570 0.830688
vt 0.684570 0.828979
vt 0.686035 0.828979
vt 0.686035 0.830688
vt 0.687500 0.828979
vt 0.683594 0.828979
vt 0.683594 0.830688
vt 0.378662 0.953766
vt 0.378662 0.961578
vt 0.377441 0.961578
vt 0.377441 0.953766
vt 0.375977 0.961578
vt 0.375977 0.953766
vt 0.994629 0.576660
vt 0.997070 0.576660
vt 0.997070 0.577637
vt 0.994629 0.578369
vt 0.997070 0.578369
vt 0.994629 0.577637
vt 0.453613 0.472168
vt 0.466797 0.470215
vt 0.453125 0.473145
vt 0.454102 0.471680
vt 0.455566 0.469727
vt 0.465576 0.468750
vt 0.686523 0.037598
vt 0.687500 0.038086
vt 0.686523 0.040527
vt 0.452637 0.474609
vt 0.160522 0.316406
vt 0.161499 0.300293
vt 0.161499 0.315430
vt 0.454346 0.479980
vt 0.457031 0.482422
vt 0.453369 0.479004
vt 0.452637 0.476074
vt 0.452881 0.477539
vt 0.994629 0.571289
vt 0.997070 0.572510
vt 0.994629 0.572510
vt 0.997070 0.570313
vt 0.997070 0.571289
vt 0.994629 0.569824
vt 0.387207 0.955017
vt 0.385498 0.961578
vt 0.385498 0.954620
vt 0.383789 0.961578
vt 0.384033 0.954285
vt 0.677246 0.830688
vt 0.678223 0.828979
vt 0.678223 0.830688
vt 0.679688 0.828979
vt 0.679688 0.830688
vt 0.382813 0.961578
vt 0.381104 0.953766
vt 0.382813 0.953979
vt 0.997070 0.573975
vt 0.994629 0.573975
vt 0.997070 0.575195
vt 0.994629 0.575195
vt 0.675781 0.828979
vt 0.677246 0.828979
vt 0.675781 0.830688
vt 0.387207 0.961578
vt 0.674805 0.828979
vt 0.388428 0.955139
vt 0.388428 0.961578
vt 0.674805 0.830688
vt 0.397949 0.955139
vt 0.395996 0.956512
vt 0.394287 0.957092
vt 0.392822 0.958008
vt 0.391602 0.959259
vt 0.390625 0.960724
vt 0.997559 0.569580
vt 0.995605 0.566650
vt 0.996094 0.565674
vt 0.996582 0.564453
vt 0.997559 0.562744
vt 0.407471 0.955139
vt 0.399658 0.956512
vt 0.397949 0.956299
vt 0.996582 0.560791
vt 0.996582 0.562744
vt 0.997559 0.555664
vt 0.996094 0.559570
vt 0.401367 0.957092
vt 0.995605 0.558594
vt 0.407471 0.961548
vt 0.405029 0.960724
vt 0.408447 0.961548
vt 0.408447 0.955017
vt 0.994629 0.555420
vt 0.997070 0.554932
vt 0.404053 0.959229
vt 0.402832 0.958008
vt 0.149536 0.316406
vt 0.149536 0.299805
vt 0.151001 0.316895
vt 0.151001 0.298828
vt 0.148438 0.300293
vt 0.994629 0.558105
vt 0.148438 0.315430
vt 0.209595 0.369141
vt 0.221924 0.378418
vt 0.219360 0.380859
vt 0.686523 0.023926
vt 0.687500 0.025879
vt 0.686523 0.026855
vt 0.210693 0.367188
vt 0.220703 0.368652
vt 0.223267 0.371582
vt 0.223633 0.373047
vt 0.222778 0.370605
vt 0.222168 0.370117
vt 0.223755 0.375000
vt 0.223633 0.375977
vt 0.222900 0.377441
vt 0.995117 0.552490
vt 0.997070 0.552490
vt 0.995117 0.553711
vt 0.997070 0.553711
vt 0.411621 0.954254
vt 0.411865 0.961548
vt 0.410156 0.954590
vt 0.413086 0.961548
vt 0.997070 0.551514
vt 0.413086 0.953949
vt 0.995117 0.551514
vt 0.997070 0.549805
vt 0.414551 0.953766
vt 0.995117 0.549805
vt 0.997070 0.547607
vt 0.416992 0.953766
vt 0.416992 0.961548
vt 0.312744 0.357422
vt 0.312744 0.359375
vt 0.308594 0.359375
vt 0.313965 0.357422
vt 0.308594 0.357422
vt 0.418213 0.961548
vt 0.314941 0.357422
vt 0.314941 0.359375
vt 0.418213 0.953766
vt 0.419678 0.961548
vt 0.313965 0.359375
vt 0.875488 0.823975
vt 0.866211 0.828125
vt 0.866211 0.827148
vt 0.866211 0.826050
vt 0.863770 0.818359
vt 0.863770 0.815552
vt 0.865234 0.820068
vt 0.817383 0.020020
vt 0.818848 0.019531
vt 0.250732 0.736816
vt 0.242065 0.738037
vt 0.242065 0.736816
vt 0.250732 0.738037
vt 0.875488 0.832642
vt 0.874023 0.833984
vt 0.871582 0.833984
vt 0.865723 0.822021
vt 0.866211 0.824097
vt 0.868164 0.831787
vt 0.868652 0.832520
vt 0.869629 0.833374
vt 0.870605 0.833740
vt 0.305176 0.357422
vt 0.305176 0.359375
vt 0.303467 0.359375
vt 0.301758 0.357422
vt 0.301270 0.359375
vt 0.303467 0.357422
vt 0.405518 0.961548
vt 0.423096 0.281250
vt 0.425537 0.283691
vt 0.422363 0.281738
vt 0.424805 0.281738
vt 0.306396 0.357422
vt 0.306396 0.359375
vt 0.410156 0.961548
vt 0.307617 0.357422
vt 0.307617 0.359375
vt 0.316895 0.357422
vt 0.318604 0.359375
vt 0.316895 0.359375
vt 0.318604 0.357422
vt 0.421387 0.953766
vt 0.423340 0.961548
vt 0.421387 0.961548
vt 0.419678 0.953766
vt 0.995117 0.544189
vt 0.997070 0.545654
vt 0.995117 0.545654
vt 0.997070 0.544189
vt 0.997070 0.546631
vt 0.995117 0.542480
vt 0.997070 0.542480
vt 0.423340 0.953766
vt 0.219727 0.366699
vt 0.219116 0.364746
vt 0.995117 0.541016
vt 0.213013 0.361816
vt 0.218872 0.362793
vt 0.997070 0.541016
vt 0.997070 0.539307
vt 0.995117 0.539307
vt 0.218994 0.360840
vt 0.995117 0.537842
vt 0.214111 0.356445
vt 0.219604 0.358887
vt 0.995117 0.536133
vt 0.997070 0.537842
vt 0.216553 0.353516
vt 0.679199 0.016113
vt 0.681641 0.013672
vt 0.684570 0.018555
vt 0.215454 0.353027
vt 0.213989 0.351074
vt 0.676270 0.012207
vt 0.678223 0.009766
vt 0.681641 0.020508
vt 0.048248 0.676758
vt 0.053131 0.680420
vt 0.048248 0.680420
vt 0.043335 0.676758
vt 0.043335 0.680420
vt 0.038574 0.159180
vt 0.020508 0.151367
vt 0.018417 0.146973
vt 0.038452 0.676758
vt 0.036896 0.159668
vt 0.023529 0.155273
vt 0.462891 0.958618
vt 0.464600 0.961578
vt 0.462891 0.961578
vt 0.464600 0.958618
vt 0.461182 0.958618
vt 0.035278 0.160156
vt 0.027313 0.158203
vt 0.031708 0.160156
vt 0.058044 0.676758
vt 0.058044 0.680420
vt 0.053131 0.676758
vt 0.059174 0.676758
vt 0.059174 0.680908
vt 0.672363 0.007813
vt 0.674316 0.006348
vt 0.672363 0.009277
vt 0.214844 0.350098
vt 0.212769 0.346191
vt 0.215454 0.349121
vt 0.672363 0.006836
vt 0.213379 0.346191
vt 0.995117 0.515869
vt 0.997070 0.516357
vt 0.995117 0.516357
vt 0.997070 0.515137
vt 0.456055 0.953766
vt 0.457764 0.958588
vt 0.456055 0.961548
vt 0.457764 0.953674
vt 0.453613 0.953766
vt 0.995117 0.518311
vt 0.997070 0.518311
vt 0.453613 0.961548
vt 0.450439 0.953766
vt 0.997070 0.520264
vt 0.450439 0.961548
vt 0.344238 0.357422
vt 0.341797 0.359375
vt 0.341797 0.357422
vt 0.344238 0.359375
vt 0.346436 0.357422
vt 0.855469 0.806763
vt 0.853027 0.804443
vt 0.854980 0.803101
vt 0.856445 0.806274
vt 0.857422 0.802124
vt 0.346436 0.359375
vt 0.348389 0.357422
vt 0.348389 0.359375
vt 0.857422 0.806274
vt 0.858887 0.801025
vt 0.858887 0.806763
vt 0.124878 0.604492
vt 0.126099 0.613525
vt 0.124878 0.613525
vt 0.126099 0.604492
vt 0.127197 0.613525
vt 0.127197 0.604492
vt 0.124878 0.603516
vt 0.126099 0.603516
vt 0.127197 0.603516
vt 0.128296 0.604492
vt 0.128418 0.613525
vt 0.128296 0.603516
vt 0.129517 0.604492
vt 0.129517 0.613525
vt 0.129517 0.603516
vt 0.130615 0.604492
vt 0.130737 0.613525
vt 0.131836 0.613525
vt 0.130615 0.603516
vt 0.131836 0.603516
vt 0.131836 0.604492
vt 0.220215 0.349121
vt 0.222900 0.347656
vt 0.220825 0.350098
vt 0.223755 0.350098
vt 0.220947 0.351563
vt 0.133057 0.603516
vt 0.223633 0.352539
vt 0.220337 0.352539
vt 0.132935 0.604492
vt 0.134277 0.603516
vt 0.134155 0.604492
vt 0.134033 0.613770
vt 0.132935 0.613525
vt 0.135132 0.613770
vt 0.857422 0.811157
vt 0.855957 0.814575
vt 0.856445 0.811157
vt 0.853516 0.813599
vt 0.855469 0.810669
vt 0.852051 0.811768
vt 0.331787 0.357422
vt 0.331787 0.359375
vt 0.329346 0.359375
vt 0.334229 0.359375
vt 0.854980 0.809814
vt 0.334229 0.357422
vt 0.851074 0.809204
vt 0.336914 0.359375
vt 0.441162 0.953766
vt 0.441162 0.961548
vt 0.438232 0.953766
vt 0.444336 0.961548
vt 0.336914 0.357422
vt 0.438232 0.961548
vt 0.995117 0.527100
vt 0.997070 0.529541
vt 0.995117 0.529541
vt 0.997070 0.527100
vt 0.435059 0.953766
vt 0.995117 0.531982
vt 0.997070 0.531982
vt 0.997070 0.534180
vt 0.222412 0.354980
vt 0.219238 0.353516
vt 0.995117 0.534180
vt 0.220581 0.356934
vt 0.118896 0.603760
vt 0.120178 0.603516
vt 0.119141 0.604492
vt 0.217896 0.354004
vt 0.135498 0.603760
vt 0.135254 0.604492
vt 0.120239 0.604492
vt 0.120300 0.613770
vt 0.119263 0.613770
vt 0.121460 0.613525
vt 0.121399 0.604492
vt 0.859375 0.809814
vt 0.858887 0.810669
vt 0.859375 0.808716
vt 0.122559 0.613525
vt 0.861328 0.797974
vt 0.859375 0.807617
vt 0.122559 0.604492
vt 0.123718 0.613525
vt 0.123718 0.604492
vt 0.860352 0.799683
vt 0.349854 0.357422
vt 0.349854 0.359375
vt 0.351563 0.359375
vt 0.459473 0.961548
vt 0.457764 0.961548
vt 0.459473 0.958618
vt 0.351563 0.357422
vt 0.461182 0.961578
vt 0.033844 0.161133
vt 0.032532 0.161133
vt 0.032623 0.162109
vt 0.353027 0.357422
vt 0.123718 0.603516
vt 0.122559 0.603516
vt 0.214844 0.351563
vt 0.121399 0.603516
vt 0.862305 0.796143
vt 0.353027 0.359375
vt 0.862305 0.794312
vt 0.354736 0.357422
vt 0.354736 0.359375
vt 0.863770 0.775146
vt 0.862305 0.777222
vt 0.369141 0.359375
vt 0.369141 0.357422
vt 0.370117 0.358398
vt 0.862305 0.775146
vt 0.370361 0.359375
vt 0.739258 0.579346
vt 0.738770 0.572998
vt 0.739258 0.570801
vt 0.738770 0.571289
vt 0.085754 0.489746
vt 0.080688 0.490723
vt 0.081604 0.489746
vt 0.085754 0.499023
vt 0.080688 0.499023
vt 0.730957 0.572998
vt 0.737305 0.005371
vt 0.740723 0.001953
vt 0.740723 0.020020
vt 0.728027 0.005371
vt 0.730469 0.579346
vt 0.876953 0.885620
vt 0.875977 0.888123
vt 0.857910 0.881897
vt 0.730957 0.570313
vt 0.730469 0.570313
vt 0.838867 0.872437
vt 0.562012 0.707031
vt 0.521973 0.715088
vt 0.521973 0.707031
vt 0.064026 0.429199
vt 0.064026 0.419922
vt 0.067871 0.429199
vt 0.983398 0.530518
vt 0.986328 0.533203
vt 0.986328 0.549561
vt 0.982910 0.549561
vt 0.982910 0.530518
vt 0.069153 0.428223
vt 0.041840 0.004395
vt 0.030121 0.004395
vt 0.030731 0.001953
vt 0.041840 0.001953
vt 0.069153 0.419922
vt 0.302734 0.480957
vt 0.306396 0.482910
vt 0.302734 0.482910
vt 0.309814 0.478516
vt 0.306641 0.482910
vt 0.302246 0.479004
vt 0.043304 0.004395
vt 0.043304 0.001953
vt 0.044769 0.004395
vt 0.982910 0.551270
vt 0.986328 0.551270
vt 0.982910 0.552979
vt 0.986328 0.552979
vt 0.044769 0.001953
vt 0.982910 0.554688
vt 0.986328 0.554688
vt 0.046234 0.004395
vt 0.309814 0.483398
vt 0.307129 0.482910
vt 0.309326 0.483398
vt 0.307617 0.483398
vt 0.046204 0.001953
vt 0.309082 0.483398
vt 0.047668 0.001953
vt 0.307861 0.483398
vt 0.417236 0.306152
vt 0.418213 0.304688
vt 0.418213 0.306152
vt 0.418213 0.307129
vt 0.417236 0.307129
vt 0.309082 0.483887
vt 0.417236 0.304688
vt 0.529785 0.510254
vt 0.529785 0.491211
vt 0.530762 0.491211
vt 0.528809 0.510254
vt 0.421631 0.304688
vt 0.526367 0.002930
vt 0.525391 0.002930
vt 0.525391 0.002441
vt 0.525879 0.003418
vt 0.418213 0.303711
vt 0.421631 0.303711
vt 0.527344 0.003906
vt 0.526367 0.004395
vt 0.528809 0.491211
vt 0.844727 0.879272
vt 0.854492 0.881531
vt 0.845215 0.880249
vt 0.843750 0.878662
vt 0.421631 0.306152
vt 0.421631 0.307129
vt 0.851563 0.882629
vt 0.845703 0.881348
vt 0.853027 0.881897
vt 0.850098 0.883667
vt 0.982910 0.556396
vt 0.986328 0.556396
vt 0.982910 0.558105
vt 0.986328 0.558105
vt 0.982910 0.560547
vt 0.845215 0.882385
vt 0.848633 0.885559
vt 0.421631 0.308105
vt 0.418213 0.308105
vt 0.418213 0.309570
vt 0.844238 0.883179
vt 0.421631 0.309570
vt 0.517578 0.491211
vt 0.518555 0.491211
vt 0.517578 0.510254
vt 0.523438 0.002441
vt 0.522949 0.003418
vt 0.522461 0.002930
vt 0.417236 0.309570
vt 0.519531 0.510254
vt 0.519531 0.491211
vt 0.518555 0.510254
vt 0.522461 0.004395
vt 0.521973 0.003906
vt 0.418213 0.310547
vt 0.531738 0.510254
vt 0.533203 0.491211
vt 0.533203 0.510254
vt 0.851563 0.043457
vt 0.852051 0.043457
vt 0.851563 0.044434
vt 0.851074 0.044434
vt 0.850098 0.044922
vt 0.850586 0.045410
vt 0.850098 0.043945
vt 0.849609 0.045898
vt 0.849609 0.044922
vt 0.848633 0.044922
vt 0.849609 0.043945
vt 0.848145 0.045410
vt 0.520996 0.510254
vt 0.520996 0.491211
vt 0.521973 0.491211
vt 0.521973 0.510254
vt 0.847656 0.044434
vt 0.847168 0.044434
vt 0.848633 0.043457
vt 0.847656 0.043457
vt 0.195801 0.392090
vt 0.200195 0.393066
vt 0.195801 0.393066
vt 0.200195 0.392090
vt 0.200195 0.393555
vt 0.848145 0.043457
vt 0.849121 0.043945
vt 0.195801 0.391602
vt 0.200195 0.391602
vt 0.441162 0.002930
vt 0.441650 0.003906
vt 0.441162 0.004395
vt 0.442139 0.003906
vt 0.195801 0.391113
vt 0.442383 0.003418
vt 0.195801 0.390625
vt 0.200195 0.391113
vt 0.195801 0.397461
vt 0.200195 0.397949
vt 0.195801 0.397949
vt 0.442383 0.002930
vt 0.200195 0.390625
vt 0.200195 0.397461
vt 0.850098 0.043457
vt 0.850586 0.043457
vt 0.195801 0.396973
vt 0.200195 0.396973
vt 0.850586 0.042969
vt 0.195801 0.396484
vt 0.442139 0.002441
vt 0.441650 0.001953
vt 0.200195 0.396484
vt 0.195801 0.395996
vt 0.441162 0.001953
vt 0.440674 0.001953
vt 0.195801 0.395508
vt 0.200195 0.395996
vt 0.851074 0.041992
vt 0.850098 0.041992
vt 0.850098 0.041016
vt 0.849609 0.041016
vt 0.850098 0.042480
vt 0.849609 0.041992
vt 0.200195 0.395508
vt 0.195801 0.395020
vt 0.200195 0.395020
vt 0.849121 0.041992
vt 0.195801 0.394531
vt 0.848633 0.041016
vt 0.200195 0.394531
vt 0.848633 0.042480
vt 0.847656 0.041992
vt 0.847656 0.042480
vt 0.848145 0.042969
vt 0.195801 0.394043
vt 0.200195 0.394043
vt 0.440186 0.003418
vt 0.440186 0.002930
vt 0.440430 0.003906
vt 0.195801 0.393555
vt 0.440674 0.003906
vt 0.847168 0.041504
vt 0.846680 0.042480
vt 0.846680 0.043457
vt 0.523926 0.510254
vt 0.523926 0.491211
vt 0.525391 0.491211
vt 0.525391 0.510254
vt 0.522949 0.510254
vt 0.417480 0.315430
vt 0.418213 0.313965
vt 0.418213 0.315430
vt 0.417725 0.316895
vt 0.421631 0.313965
vt 0.421631 0.314941
vt 0.418457 0.316406
vt 0.524414 0.007324
vt 0.525391 0.006348
vt 0.525391 0.007324
vt 0.524414 0.006348
vt 0.523438 0.006348
vt 0.523438 0.007324
vt 0.522949 0.491211
vt 0.421631 0.312988
vt 0.418213 0.312988
vt 0.417236 0.314453
vt 0.522949 0.005859
vt 0.522461 0.006348
vt 0.842285 0.883423
vt 0.839844 0.887512
vt 0.841309 0.882813
vt 0.421631 0.312012
vt 0.837402 0.885681
vt 0.840820 0.881897
vt 0.843262 0.888123
vt 0.982910 0.569824
vt 0.986328 0.569824
vt 0.982910 0.572998
vt 0.982910 0.566650
vt 0.986328 0.566650
vt 0.056396 0.004395
vt 0.058685 0.001953
vt 0.058685 0.004395
vt 0.061005 0.001953
vt 0.061005 0.003906
vt 0.986328 0.572998
vt 0.982910 0.575928
vt 0.986328 0.575928
vt 0.063293 0.001953
vt 0.063293 0.003906
vt 0.310547 0.485352
vt 0.310303 0.484375
vt 0.311035 0.484863
vt 0.310547 0.484375
vt 0.311279 0.484375
vt 0.065430 0.001953
vt 0.310547 0.483887
vt 0.311279 0.483398
vt 0.065430 0.003906
vt 0.067322 0.003906
vt 0.067261 0.001953
vt 0.068909 0.003906
vt 0.982910 0.581543
vt 0.986328 0.579102
vt 0.986328 0.581543
vt 0.982910 0.583496
vt 0.986328 0.583496
vt 0.840820 0.879700
vt 0.835938 0.879883
vt 0.836426 0.877319
vt 0.982910 0.579102
vt 0.836426 0.875488
vt 0.840332 0.880798
vt 0.421875 0.300293
vt 0.418213 0.301270
vt 0.418457 0.300293
vt 0.421875 0.315918
vt 0.421875 0.301270
vt 0.841797 0.878967
vt 0.842773 0.878540
vt 0.421631 0.302734
vt 0.418213 0.302246
vt 0.417480 0.301270
vt 0.417236 0.302246
vt 0.527344 0.510254
vt 0.527344 0.491211
vt 0.527344 0.005371
vt 0.526367 0.004883
vt 0.526367 0.510254
vt 0.525879 0.005859
vt 0.526367 0.491211
vt 0.526367 0.006348
vt 0.524414 0.004883
vt 0.522461 0.004883
vt 0.523438 0.002930
vt 0.524414 0.002930
vt 0.521973 0.005371
vt 0.524414 0.001953
vt 0.848145 0.040527
vt 0.849609 0.040527
vt 0.850586 0.040527
vt 0.310303 0.483398
vt 0.310059 0.483398
vt 0.311523 0.482910
vt 0.311768 0.482910
vt 0.417236 0.303711
vt 0.312012 0.482422
vt 0.070496 0.003906
vt 0.068909 0.001953
vt 0.070496 0.001953
vt 0.072083 0.003906
vt 0.072083 0.001953
vt 0.982910 0.585205
vt 0.986328 0.585205
vt 0.982910 0.587158
vt 0.986328 0.587158
vt 0.982910 0.588867
vt 0.834961 0.872070
vt 0.833984 0.870605
vt 0.835938 0.873657
vt 0.986328 0.589111
vt 0.982910 0.590820
vt 0.844238 0.856201
vt 0.832520 0.869385
vt 0.986328 0.590820
vt 0.982910 0.592529
vt 0.831055 0.868530
vt 0.829102 0.868042
vt 0.986328 0.592529
vt 0.982910 0.594482
vt 0.986328 0.594482
vt 0.076965 0.003906
vt 0.076965 0.001953
vt 0.078247 0.003906
vt 0.075317 0.001953
vt 0.075317 0.003906
vt 0.312500 0.481934
vt 0.312988 0.481934
vt 0.313477 0.481934
vt 0.073730 0.001953
vt 0.073730 0.003906
vt 0.078247 0.001953
vt 0.313965 0.481934
vt 0.079102 0.003906
vt 0.314209 0.481934
vt 0.079102 0.001953
vt 0.079956 0.001953
vt 0.079956 0.003906
vt 0.082397 0.001953
vt 0.314697 0.481445
vt 0.082397 0.003906
vt 0.314941 0.481445
vt 0.083313 0.001953
vt 0.315186 0.481445
vt 0.083313 0.003906
vt 0.084290 0.001953
vt 0.084290 0.003906
vt 0.085205 0.001953
vt 0.315186 0.480957
vt 0.085205 0.003906
vt 0.086548 0.001953
vt 0.315186 0.475586
vt 0.102539 0.005371
vt 0.103760 0.001953
vt 0.087952 0.005371
vt 0.086060 0.004395
vt 0.086975 0.005371
vt 0.982910 0.625732
vt 0.983887 0.606689
vt 0.984375 0.625732
vt 0.982910 0.606689
vt 0.982910 0.605713
vt 0.983887 0.605713
vt 0.822266 0.861084
vt 0.822266 0.859985
vt 0.822754 0.858887
vt 0.982910 0.604492
vt 0.984375 0.604492
vt 0.822754 0.862183
vt 0.982910 0.603516
vt 0.823242 0.863159
vt 0.982910 0.602295
vt 0.984863 0.603516
vt 0.985352 0.602295
vt 0.982910 0.601074
vt 0.823730 0.864014
vt 0.982910 0.597168
vt 0.986328 0.599854
vt 0.826660 0.866821
vt 0.985840 0.601074
vt 0.986328 0.597168
vt 0.982910 0.595703
vt 0.828125 0.867554
vt 0.986328 0.595947
vt 0.829102 0.840820
vt 0.348389 0.869141
vt 0.364258 0.872192
vt 0.344727 0.879761
vt 0.346924 0.869141
vt 0.345703 0.868530
vt 0.344727 0.880493
vt 0.848145 0.739014
vt 0.848145 0.725342
vt 0.856445 0.739014
vt 0.856445 0.725342
vt 0.848145 0.724609
vt 0.344971 0.867432
vt 0.344727 0.866089
vt 0.899902 0.012695
vt 0.902832 0.012695
vt 0.899902 0.014160
vt 0.892090 0.013184
vt 0.899902 0.007813
vt 0.902344 0.012207
vt 0.873047 0.446289
vt 0.871582 0.444336
vt 0.874023 0.444824
vt 0.902832 0.014160
vt 0.872559 0.446777
vt 0.870605 0.444824
vt 0.745117 0.296387
vt 0.745605 0.299805
vt 0.743652 0.295898
vt 0.742188 0.296387
vt 0.872559 0.443848
vt 0.874023 0.443359
vt 0.872559 0.442871
vt 0.741699 0.297363
vt 0.741211 0.298340
vt 0.874023 0.441895
vt 0.872070 0.442383
vt 0.899902 0.017090
vt 0.902832 0.017090
vt 0.902832 0.018066
vt 0.873047 0.440918
vt 0.899902 0.015625
vt 0.902832 0.015625
vt 0.871094 0.441895
vt 0.864746 0.436035
vt 0.899902 0.018066
vt 0.903320 0.027832
vt 0.862793 0.437012
vt 0.863281 0.435547
vt 0.899902 0.027832
vt 0.903320 0.029297
vt 0.863770 0.437500
vt 0.746094 0.307617
vt 0.746582 0.304688
vt 0.746582 0.309082
vt 0.741699 0.299805
vt 0.744629 0.302246
vt 0.745605 0.303711
vt 0.884277 0.150879
vt 0.883301 0.151855
vt 0.883301 0.150879
vt 0.884277 0.151855
vt 0.748047 0.306152
vt 0.883301 0.149414
vt 0.884277 0.149414
vt 0.884277 0.148438
vt 0.747070 0.310547
vt 0.749512 0.306641
vt 0.747559 0.311523
vt 0.861328 0.435059
vt 0.861328 0.436523
vt 0.859863 0.436035
vt 0.859863 0.434570
vt 0.899902 0.031250
vt 0.903320 0.031250
vt 0.903320 0.032715
vt 0.899902 0.029297
vt 0.360840 0.866211
vt 0.359375 0.867065
vt 0.357666 0.867554
vt 0.899902 0.032715
vt 0.362305 0.865234
vt 0.363281 0.863892
vt 0.903320 0.034668
vt 0.899902 0.034668
vt 0.857910 0.434570
vt 0.858398 0.436035
vt 0.856445 0.435059
vt 0.903320 0.036133
vt 0.856445 0.436523
vt 0.854492 0.436523
vt 0.854492 0.435059
vt 0.899902 0.036133
vt 0.903320 0.038086
vt 0.750000 0.313965
vt 0.752930 0.312012
vt 0.751953 0.315430
vt 0.749023 0.312988
vt 0.997070 0.702881
vt 0.994629 0.702881
vt 0.994629 0.682373
vt 0.997070 0.682373
vt 0.752930 0.310059
vt 0.997070 0.704102
vt 0.994629 0.704102
vt 0.766602 0.328125
vt 0.755859 0.318359
vt 0.753906 0.316895
vt 0.861328 0.960663
vt 0.861328 0.979919
vt 0.850586 0.970291
vt 0.862305 0.960663
vt 0.841309 0.960663
vt 0.846680 0.966705
vt 0.850098 0.968689
vt 0.848633 0.967438
vt 0.487793 0.840576
vt 0.487305 0.855103
vt 0.486084 0.841431
vt 0.488770 0.855225
vt 0.489502 0.840210
vt 0.615234 0.932068
vt 0.615234 0.933655
vt 0.613281 0.933655
vt 0.613281 0.932068
vt 0.617188 0.933655
vt 0.617188 0.932068
vt 0.491211 0.840698
vt 0.490479 0.855225
vt 0.619141 0.933655
vt 0.492676 0.841675
vt 0.492188 0.854980
vt 0.619141 0.932068
vt 0.889160 0.079102
vt 0.883789 0.075195
vt 0.891113 0.077637
vt 0.883789 0.078125
vt 0.888672 0.080566
vt 0.620605 0.933655
vt 0.620605 0.932068
vt 0.623047 0.933655
vt 0.888184 0.083008
vt 0.883789 0.080566
vt 0.883789 0.083008
vt 0.905762 0.755371
vt 0.903320 0.753784
vt 0.906738 0.752319
vt 0.904297 0.751343
vt 0.901855 0.756104
vt 0.903809 0.758179
vt 0.794922 0.390137
vt 0.789551 0.385742
vt 0.795410 0.386719
vt 0.788086 0.387207
vt 0.786621 0.387207
vt 0.794922 0.394531
vt 0.913574 0.761108
vt 0.911621 0.762573
vt 0.911621 0.761108
vt 0.913086 0.762573
vt 0.915527 0.761475
vt 0.784668 0.387207
vt 0.789063 0.395508
vt 0.914551 0.762939
vt 0.782715 0.386719
vt 0.916992 0.762451
vt 0.916016 0.763672
vt 0.883301 0.044922
vt 0.892090 0.046387
vt 0.883301 0.046387
vt 0.892090 0.047852
vt 0.883301 0.048340
vt 0.478760 0.858032
vt 0.487061 0.872192
vt 0.477295 0.858521
vt 0.480469 0.857910
vt 0.892090 0.044922
vt 0.482178 0.858154
vt 0.883301 0.042969
vt 0.892090 0.042969
vt 0.483643 0.858765
vt 0.883301 0.041504
vt 0.892090 0.041504
vt 0.883301 0.039551
vt 0.892090 0.039551
vt 0.485107 0.859741
vt 0.919922 0.767334
vt 0.918457 0.767700
vt 0.919434 0.765503
vt 0.917969 0.766113
vt 0.883301 0.038086
vt 0.920410 0.769287
vt 0.918945 0.769287
vt 0.773438 0.381348
vt 0.777832 0.382813
vt 0.779297 0.384277
vt 0.776855 0.381348
vt 0.125732 0.631592
vt 0.146240 0.633789
vt 0.125732 0.633789
vt 0.146362 0.631592
vt 0.775879 0.379395
vt 0.775391 0.377930
vt 0.771484 0.380859
vt 0.147339 0.631592
vt 0.147339 0.633789
vt 0.862793 0.960663
vt 0.862305 0.979919
vt 0.862793 0.979919
vt 0.148438 0.631592
vt 0.863770 0.960663
vt 0.863770 0.979919
vt 0.149536 0.631592
vt 0.149536 0.633789
vt 0.148438 0.633789
vt 0.997070 0.706299
vt 0.994629 0.706055
vt 0.994629 0.705078
vt 0.994629 0.707275
vt 0.864258 0.960663
vt 0.997070 0.707275
vt 0.997070 0.708740
vt 0.994629 0.708496
vt 0.694824 0.481445
vt 0.714355 0.482422
vt 0.694824 0.482422
vt 0.864258 0.979919
vt 0.150513 0.631592
vt 0.150513 0.633789
vt 0.151489 0.633789
vt 0.151489 0.631592
vt 0.714355 0.481445
vt 0.055847 0.631592
vt 0.054474 0.633789
vt 0.055084 0.631592
vt 0.694824 0.480469
vt 0.714355 0.480469
vt 0.997070 0.612549
vt 0.994629 0.613770
vt 0.994629 0.613037
vt 0.997070 0.613770
vt 0.994629 0.643311
vt 0.705566 0.478027
vt 0.704102 0.478027
vt 0.702637 0.477539
vt 0.701172 0.474609
vt 0.694824 0.451172
vt 0.701660 0.476074
vt 0.962891 0.853271
vt 0.971191 0.854858
vt 0.962891 0.854736
vt 0.962891 0.856323
vt 0.971191 0.853271
vt 0.098999 0.147461
vt 0.098999 0.148926
vt 0.097290 0.147461
vt 0.971191 0.856323
vt 0.097290 0.148926
vt 0.095581 0.147461
vt 0.095581 0.148926
vt 0.093933 0.147461
vt 0.971191 0.857910
vt 0.093933 0.148926
vt 0.092224 0.148926
vt 0.092224 0.147461
vt 0.962891 0.857788
vt 0.971191 0.859375
vt 0.894531 0.170898
vt 0.899414 0.174805
vt 0.892578 0.170898
vt 0.890625 0.169922
vt 0.887695 0.174805
vt 0.897949 0.166504
vt 0.899414 0.143066
vt 0.897461 0.168457
vt 0.896484 0.169922
vt 0.859375 0.452637
vt 0.861328 0.445313
vt 0.860352 0.451660
vt 0.698730 0.069336
vt 0.699707 0.057129
vt 0.699707 0.068848
vt 0.827637 0.445313
vt 0.827637 0.452637
vt 0.789063 0.296387
vt 0.787109 0.298828
vt 0.786621 0.295898
vt 0.757324 0.304199
vt 0.826172 0.452637
vt 0.826172 0.445313
vt 0.752930 0.301758
vt 0.824219 0.451660
vt 0.897949 0.139648
vt 0.899414 0.139648
vt 0.899414 0.141602
vt 0.897949 0.141602
vt 0.125977 0.147461
vt 0.125732 0.148926
vt 0.124023 0.148926
vt 0.127441 0.148926
vt 0.897461 0.138184
vt 0.896484 0.135742
vt 0.900391 0.138184
vt 0.127808 0.147461
vt 0.129883 0.148926
vt 0.900879 0.135254
vt 0.820313 0.448242
vt 0.824219 0.444824
vt 0.822266 0.450195
vt 0.790527 0.297852
vt 0.788086 0.299316
vt 0.787598 0.298828
vt 0.791016 0.300293
vt 0.822754 0.444336
vt 0.790039 0.302246
vt 0.788086 0.300293
vt 0.818848 0.446289
vt 0.821777 0.443359
vt 0.788086 0.299805
vt 0.901367 0.132813
vt 0.896973 0.128418
vt 0.901367 0.124023
vt 0.812012 0.440430
vt 0.896484 0.129883
vt 0.895020 0.134277
vt 0.895020 0.131348
vt 0.942871 0.578857
vt 0.944336 0.580322
vt 0.942871 0.580322
vt 0.942871 0.581787
vt 0.944336 0.581787
vt 0.201172 0.195313
vt 0.196533 0.195313
vt 0.201416 0.193848
vt 0.200806 0.196289
vt 0.944336 0.578857
vt 0.942871 0.577148
vt 0.944336 0.577148
vt 0.200562 0.197754
vt 0.197144 0.196777
vt 0.967285 0.821045
vt 0.961914 0.819580
vt 0.967285 0.819580
vt 0.960938 0.821045
vt 0.967285 0.817993
vt 0.200806 0.180664
vt 0.196533 0.182129
vt 0.197144 0.180176
vt 0.200562 0.179688
vt 0.960938 0.817993
vt 0.968262 0.816528
vt 0.134888 0.147461
vt 0.134644 0.148926
vt 0.133179 0.147461
vt 0.136597 0.147461
vt 0.136353 0.148926
vt 0.133179 0.148926
vt 0.890137 0.135742
vt 0.891602 0.131348
vt 0.891602 0.134277
vt 0.893066 0.131348
vt 0.893066 0.133789
vt 0.942871 0.596680
vt 0.944336 0.596680
vt 0.942871 0.597656
vt 0.944336 0.595215
vt 0.942871 0.595215
vt 0.890137 0.129883
vt 0.942871 0.593750
vt 0.889648 0.128418
vt 0.885254 0.132813
vt 0.933594 0.733887
vt 0.929688 0.736328
vt 0.932129 0.732178
vt 0.928711 0.734863
vt 0.885254 0.135254
vt 0.926270 0.725342
vt 0.885254 0.124023
vt 0.930176 0.737793
vt 0.936523 0.736328
vt 0.886719 0.138672
vt 0.888672 0.138672
vt 0.887207 0.141113
vt 0.937988 0.738770
vt 0.930664 0.739258
vt 0.763184 0.415039
vt 0.760742 0.416992
vt 0.760254 0.415039
vt 0.931152 0.740967
vt 0.763184 0.416016
vt 0.761719 0.418457
vt 0.765625 0.385254
vt 0.086792 0.631592
vt 0.086731 0.633789
vt 0.085693 0.633789
vt 0.085815 0.631592
vt 0.055817 0.633789
vt 0.708008 0.451172
vt 0.714355 0.451172
vt 0.708008 0.474609
vt 0.714355 0.450195
vt 0.971191 0.812256
vt 0.962891 0.810913
vt 0.971191 0.810913
vt 0.962891 0.812622
vt 0.708008 0.449219
vt 0.962891 0.787476
vt 0.971191 0.787354
vt 0.165527 0.147461
vt 0.143433 0.148926
vt 0.143188 0.147461
vt 0.141724 0.147461
vt 0.165649 0.148926
vt 0.888672 0.143066
vt 0.888672 0.166504
vt 0.887207 0.143066
vt 0.888672 0.141113
vt 0.141724 0.148926
vt 0.139282 0.148926
vt 0.938477 0.740723
vt 0.938477 0.772827
vt 0.167603 0.148926
vt 0.889160 0.168457
vt 0.166992 0.147461
vt 0.090271 0.148926
vt 0.090271 0.147461
vt 0.962891 0.860962
vt 0.971191 0.860962
vt 0.971191 0.862549
vt 0.962891 0.862427
vt 0.708008 0.476074
vt 0.962891 0.859375
vt 0.707031 0.477539
vt 0.969727 0.814575
vt 0.960938 0.814941
vt 0.708008 0.446289
vt 0.714355 0.447754
vt 0.714355 0.448730
vt 0.714355 0.449219
vt 0.087830 0.631592
vt 0.087830 0.633789
vt 0.088867 0.633789
vt 0.088867 0.631592
vt 0.765137 0.417480
vt 0.763184 0.419922
vt 0.764648 0.416992
vt 0.763672 0.416504
vt 0.089905 0.631592
vt 0.089905 0.633789
vt 0.765137 0.419922
vt 0.098022 0.633789
vt 0.773438 0.416992
vt 0.098389 0.631592
vt 0.776367 0.419434
vt 0.774414 0.416504
vt 0.098572 0.633789
vt 0.694824 0.438965
vt 0.714355 0.438965
vt 0.714355 0.439453
vt 0.694824 0.439453
vt 0.707520 0.442871
vt 0.707031 0.443848
vt 0.706055 0.439941
vt 0.707031 0.440430
vt 0.707520 0.441895
vt 0.704590 0.439453
vt 0.099060 0.631592
vt 0.202026 0.189941
vt 0.195923 0.189453
vt 0.195923 0.188477
vt 0.703613 0.439941
vt 0.202026 0.187012
vt 0.195923 0.187500
vt 0.202026 0.188477
vt 0.942871 0.584717
vt 0.944336 0.584717
vt 0.944336 0.586182
vt 0.942871 0.586182
vt 0.944336 0.587646
vt 0.201904 0.191406
vt 0.901367 0.122070
vt 0.895020 0.124023
vt 0.893066 0.124023
vt 0.942871 0.587646
vt 0.896484 0.125488
vt 0.885254 0.122070
vt 0.942871 0.589111
vt 0.891602 0.124023
vt 0.921387 0.726807
vt 0.924805 0.724121
vt 0.922852 0.723389
vt 0.884277 0.120117
vt 0.920410 0.725830
vt 0.920898 0.723145
vt 0.901855 0.120117
vt 0.883789 0.118652
vt 0.902832 0.118652
vt 0.810059 0.437012
vt 0.813477 0.435547
vt 0.811035 0.438477
vt 0.812988 0.434570
vt 0.810059 0.435059
vt 0.883301 0.116699
vt 0.902832 0.116699
vt 0.810059 0.433105
vt 0.812500 0.433594
vt 0.779297 0.311523
vt 0.778320 0.307129
vt 0.780273 0.311035
vt 0.812500 0.432129
vt 0.780762 0.310547
vt 0.775879 0.308105
vt 0.997070 0.658203
vt 0.994629 0.657227
vt 0.997070 0.656982
vt 0.780273 0.306152
vt 0.997070 0.655762
vt 0.994629 0.656250
vt 0.694824 0.437988
vt 0.714355 0.437988
vt 0.817383 0.960663
vt 0.818359 0.969482
vt 0.817383 0.979919
vt 0.817871 0.960663
vt 0.994629 0.658447
vt 0.818848 0.960663
vt 0.818848 0.968018
vt 0.997070 0.659424
vt 0.994629 0.659424
vt 0.997070 0.660645
vt 0.777344 0.311035
vt 0.773926 0.309570
vt 0.776367 0.311035
vt 0.772461 0.311523
vt 0.812500 0.427734
vt 0.815430 0.429199
vt 0.813965 0.429688
vt 0.778320 0.311523
vt 0.811523 0.429199
vt 0.812988 0.430664
vt 0.813965 0.426758
vt 0.883789 0.109375
vt 0.902832 0.111328
vt 0.883789 0.111328
vt 0.902832 0.109375
vt 0.883301 0.112793
vt 0.902832 0.113281
vt 0.915527 0.726807
vt 0.915527 0.724365
vt 0.916504 0.725830
vt 0.914063 0.725342
vt 0.916992 0.723633
vt 0.902832 0.114746
vt 0.883301 0.114746
vt 0.810547 0.431152
vt 0.917969 0.725342
vt 0.918945 0.723145
vt 0.777344 0.414551
vt 0.779297 0.418945
vt 0.778320 0.419434
vt 0.779785 0.417969
vt 0.919434 0.725342
vt 0.775879 0.416016
vt 0.777832 0.419434
vt 0.100098 0.631592
vt 0.099792 0.633789
vt 0.101074 0.633789
vt 0.101196 0.631592
vt 0.102356 0.633789
vt 0.778320 0.413086
vt 0.779297 0.411621
vt 0.780273 0.415527
vt 0.780273 0.416992
vt 0.102295 0.631592
vt 0.103699 0.633789
vt 0.103394 0.631592
vt 0.817871 0.979919
vt 0.818848 0.972565
vt 0.818848 0.979919
vt 0.820313 0.973587
vt 0.819824 0.979919
vt 0.818359 0.971115
vt 0.453613 0.847778
vt 0.455078 0.852905
vt 0.453369 0.852905
vt 0.452148 0.847778
vt 0.455322 0.847290
vt 0.457031 0.847412
vt 0.456787 0.853027
vt 0.580566 0.932068
vt 0.578613 0.933655
vt 0.578613 0.932068
vt 0.577148 0.932068
vt 0.890137 0.107422
vt 0.892090 0.108398
vt 0.577148 0.933655
vt 0.894531 0.108398
vt 0.580566 0.933655
vt 0.896484 0.107910
vt 0.582520 0.932068
vt 0.582520 0.933655
vt 0.584473 0.932068
vt 0.458496 0.848022
vt 0.458252 0.853149
vt 0.460205 0.848145
vt 0.459961 0.853149
vt 0.820313 0.967010
vt 0.819824 0.960663
vt 0.821777 0.966644
vt 0.461670 0.848267
vt 0.833984 0.960663
vt 0.833984 0.966644
vt 0.473877 0.848755
vt 0.461670 0.853271
vt 0.607422 0.932068
vt 0.607422 0.933655
vt 0.586426 0.932068
vt 0.481934 0.854126
vt 0.586426 0.933655
vt 0.584473 0.933655
vt 0.897461 0.105957
vt 0.902344 0.107910
vt 0.897949 0.104004
vt 0.815918 0.425781
vt 0.839844 0.422852
vt 0.902344 0.083496
vt 0.839355 0.420410
vt 0.841797 0.419434
vt 0.897949 0.083496
vt 0.902344 0.080566
vt 0.844238 0.418457
vt 0.843262 0.421875
vt 0.897949 0.080566
vt 0.902344 0.078125
vt 0.758789 0.327148
vt 0.766113 0.333984
vt 0.761719 0.333984
vt 0.757813 0.328125
vt 0.757813 0.333984
vt 0.846191 0.420898
vt 0.754395 0.329590
vt 0.753906 0.333984
vt 0.756348 0.329102
vt 0.846680 0.416992
vt 0.849121 0.418945
vt 0.848633 0.415527
vt 0.896973 0.079102
vt 0.902344 0.075195
vt 0.895508 0.077637
vt 0.893066 0.077148
vt 0.884277 0.072754
vt 0.902344 0.072266
vt 0.851563 0.416992
vt 0.899902 0.069336
vt 0.902344 0.069336
vt 0.892090 0.069824
vt 0.851074 0.413574
vt 0.853516 0.415039
vt 0.852051 0.413086
vt 0.899902 0.068359
vt 0.902344 0.068359
vt 0.388672 0.866821
vt 0.388184 0.866943
vt 0.387695 0.865967
vt 0.388184 0.867798
vt 0.899902 0.067383
vt 0.389404 0.867554
vt 0.387695 0.868652
vt 0.902832 0.066406
vt 0.899902 0.066406
vt 0.902832 0.067383
vt 0.854980 0.414063
vt 0.854004 0.413574
vt 0.853027 0.413574
vt 0.902832 0.065918
vt 0.855469 0.415039
vt 0.854004 0.415527
vt 0.899902 0.065918
vt 0.899902 0.064941
vt 0.903320 0.064941
vt 0.855957 0.416992
vt 0.899902 0.062988
vt 0.903320 0.062988
vt 0.854004 0.416992
vt 0.899902 0.061523
vt 0.903320 0.061523
vt 0.855469 0.418945
vt 0.854004 0.418457
vt 0.748047 0.333008
vt 0.750000 0.334473
vt 0.747559 0.334473
vt 0.749023 0.332031
vt 0.750488 0.331055
vt 0.853516 0.419922
vt 0.751465 0.330078
vt 0.854980 0.420410
vt 0.854004 0.421875
vt 0.853027 0.420898
vt 0.752930 0.329590
vt 0.853027 0.423340
vt 0.851563 0.421875
vt 0.851563 0.424316
vt 0.850586 0.422852
vt 0.900391 0.052734
vt 0.903320 0.054688
vt 0.899902 0.054199
vt 0.903320 0.052734
vt 0.850098 0.425293
vt 0.903320 0.056152
vt 0.378174 0.863403
vt 0.377686 0.861938
vt 0.378906 0.864990
vt 0.899902 0.056152
vt 0.379883 0.866455
vt 0.903320 0.058105
vt 0.899902 0.057617
vt 0.903320 0.059570
vt 0.899902 0.059570
vt 0.381104 0.867676
vt 0.382568 0.868652
vt 0.900391 0.051270
vt 0.849121 0.424316
vt 0.847656 0.425781
vt 0.849121 0.426758
vt 0.903320 0.051270
vt 0.376709 0.860474
vt 0.375488 0.859375
vt 0.900391 0.049316
vt 0.374023 0.858521
vt 0.900391 0.047852
vt 0.903320 0.049316
vt 0.900391 0.046387
vt 0.903320 0.047852
vt 0.372559 0.858032
vt 0.370850 0.857910
vt 0.903320 0.046387
vt 0.900391 0.044434
vt 0.849121 0.432617
vt 0.848145 0.433105
vt 0.848633 0.431152
vt 0.903320 0.044434
vt 0.847168 0.431641
vt 0.848145 0.429688
vt 0.758789 0.323730
vt 0.758789 0.325684
vt 0.757813 0.321777
vt 0.846680 0.429688
vt 0.848633 0.428223
vt 0.847168 0.427734
vt 0.756836 0.319824
vt 0.850098 0.433594
vt 0.849121 0.435059
vt 0.900391 0.042969
vt 0.903320 0.042969
vt 0.900391 0.041016
vt 0.903320 0.041016
vt 0.851563 0.434570
vt 0.853027 0.435059
vt 0.851074 0.436035
vt 0.900391 0.039551
vt 0.903320 0.039551
vt 0.852539 0.436523
vt 0.900391 0.038086
vt 0.364990 0.860962
vt 0.364258 0.862427
vt 0.366211 0.859741
vt 0.367676 0.858765
vt 0.369141 0.858154
vt 0.384277 0.869263
vt 0.385986 0.869507
vt 0.416748 0.872192
vt 0.386963 0.869263
vt 0.360596 0.577393
vt 0.307861 0.569336
vt 0.360596 0.569336
vt 0.417969 0.875488
vt 0.416748 0.875488
vt 0.469238 0.106934
vt 0.465820 0.106934
vt 0.469238 0.099121
vt 0.420654 0.867920
vt 0.406494 0.867920
vt 0.403564 0.868164
vt 0.391602 0.868164
vt 0.390625 0.867920
vt 0.122681 0.021973
vt 0.122803 0.014160
vt 0.123901 0.014160
vt 0.110657 0.013672
vt 0.110535 0.021973
vt 0.459717 0.868164
vt 0.434326 0.872192
vt 0.447754 0.868164
vt 0.463623 0.868652
vt 0.464355 0.869263
vt 0.123779 0.021973
vt 0.460693 0.867920
vt 0.883301 0.065918
vt 0.892090 0.065918
vt 0.892090 0.066895
vt 0.461670 0.867554
vt 0.463135 0.867798
vt 0.883301 0.066895
vt 0.892090 0.067871
vt 0.897461 0.765015
vt 0.896973 0.766357
vt 0.896484 0.765503
vt 0.895996 0.764526
vt 0.883301 0.067871
vt 0.883789 0.068848
vt 0.895996 0.763306
vt 0.892090 0.068848
vt 0.884277 0.069824
vt 0.896484 0.762329
vt 0.462646 0.866821
vt 0.463135 0.866821
vt 0.463379 0.865967
vt 0.124939 0.021973
vt 0.126221 0.014160
vt 0.126099 0.021973
vt 0.127441 0.014160
vt 0.127319 0.021973
vt 0.899414 0.763306
vt 0.898438 0.760376
vt 0.795898 0.382813
vt 0.792969 0.378906
vt 0.796875 0.379395
vt 0.901855 0.760864
vt 0.794434 0.377930
vt 0.795898 0.377441
vt 0.797852 0.376953
vt 0.797363 0.376953
vt 0.899414 0.765991
vt 0.899414 0.767578
vt 0.898438 0.765625
vt 0.900879 0.766113
vt 0.897461 0.766968
vt 0.883301 0.061523
vt 0.892090 0.063477
vt 0.883301 0.063477
vt 0.900879 0.767700
vt 0.892090 0.064941
vt 0.883301 0.064941
vt 0.468750 0.868652
vt 0.467041 0.869263
vt 0.465332 0.869507
vt 0.892090 0.061523
vt 0.470215 0.867676
vt 0.883301 0.060059
vt 0.892090 0.060059
vt 0.883301 0.058105
vt 0.892090 0.058105
vt 0.471436 0.866455
vt 0.883301 0.056641
vt 0.892090 0.056641
vt 0.472412 0.864990
vt 0.883301 0.054688
vt 0.892090 0.054688
vt 0.472900 0.863403
vt 0.473633 0.861816
vt 0.883301 0.053223
vt 0.892090 0.053223
vt 0.883301 0.051270
vt 0.907715 0.762451
vt 0.908691 0.763794
vt 0.906250 0.763672
vt 0.907227 0.764771
vt 0.909668 0.761597
vt 0.910156 0.763062
vt 0.790527 0.384766
vt 0.791016 0.382813
vt 0.892090 0.051270
vt 0.883301 0.049805
vt 0.474609 0.860474
vt 0.475830 0.859375
vt 0.892090 0.049805
vt 0.791504 0.381348
vt 0.905273 0.764648
vt 0.791992 0.379883
vt 0.905762 0.765869
vt 0.903809 0.765381
vt 0.904297 0.766846
vt 0.902344 0.765869
vt 0.902832 0.767456
vt 0.897949 0.765381
vt 0.900391 0.758301
vt 0.125000 0.014160
vt 0.107483 0.021973
vt 0.444580 0.867920
vt 0.093140 0.021973
vt 0.104492 0.020996
vt 0.430664 0.867920
vt 0.107605 0.013672
vt 0.101685 0.015625
vt 0.101624 0.020020
vt 0.104614 0.014160
vt 0.093262 0.013184
vt 0.091309 0.015625
vt 0.423584 0.866089
vt 0.423584 0.871094
vt 0.422852 0.866699
vt 0.091431 0.014648
vt 0.427734 0.871094
vt 0.427734 0.866089
vt 0.091187 0.019531
vt 0.091309 0.020508
vt 0.428467 0.866699
vt 0.429199 0.867310
vt 0.428467 0.871216
vt 0.091797 0.021484
vt 0.429199 0.871582
vt 0.114868 0.204590
vt 0.112366 0.205566
vt 0.113953 0.204590
vt 0.112976 0.205078
vt 0.112244 0.206543
vt 0.429932 0.867798
vt 0.429932 0.872314
vt 0.092529 0.021973
vt 0.430664 0.872925
vt 0.114868 0.212402
vt 0.118530 0.212402
vt 0.118530 0.204590
vt 0.433105 0.875488
vt 0.434326 0.875488
vt 0.921387 0.116699
vt 0.921387 0.108887
vt 0.922363 0.116699
vt 0.922363 0.108887
vt 0.465820 0.099121
vt 0.421143 0.872314
vt 0.420654 0.872925
vt 0.113953 0.212402
vt 0.112366 0.211426
vt 0.112244 0.210449
vt 0.422852 0.871216
vt 0.422119 0.867310
vt 0.422119 0.871582
vt 0.112976 0.211914
vt 0.421143 0.867798
vt 0.091919 0.013672
vt 0.092651 0.013184
vt 0.307861 0.577393
vt 0.747559 0.334961
vt 0.747559 0.335449
vt 0.611328 0.932068
vt 0.611328 0.933655
vt 0.609863 0.933655
vt 0.484619 0.842773
vt 0.485596 0.854736
vt 0.484131 0.854370
vt 0.609375 0.932068
vt 0.483643 0.843506
vt 0.841309 0.966644
vt 0.845703 0.966644
vt 0.480469 0.846436
vt 0.839355 0.966644
vt 0.479004 0.847534
vt 0.839355 0.960663
vt 0.477295 0.848267
vt 0.837402 0.966644
vt 0.837402 0.960663
vt 0.997070 0.678467
vt 0.994629 0.680664
vt 0.994629 0.678711
vt 0.997070 0.680420
vt 0.767578 0.329102
vt 0.768555 0.329102
vt 0.769531 0.328125
vt 0.997070 0.676758
vt 0.994629 0.675049
vt 0.997070 0.674805
vt 0.769043 0.326172
vt 0.994629 0.676758
vt 0.835938 0.960663
vt 0.835938 0.966644
vt 0.475586 0.848633
vt 0.994629 0.660645
vt 0.574707 0.932068
vt 0.884277 0.107422
vt 0.574707 0.933655
vt 0.888672 0.105957
vt 0.911621 0.728516
vt 0.914551 0.728027
vt 0.888184 0.104004
vt 0.912598 0.726807
vt 0.644043 0.932068
vt 0.644043 0.933655
vt 0.645996 0.933655
vt 0.450195 0.852661
vt 0.438232 0.847168
vt 0.450439 0.847778
vt 0.429932 0.851807
vt 0.623047 0.932068
vt 0.645508 0.932068
vt 0.451904 0.852783
vt 0.427734 0.851807
vt 0.428955 0.841064
vt 0.432129 0.844238
vt 0.433350 0.845459
vt 0.434814 0.846313
vt 0.436523 0.846924
vt 0.837402 0.973953
vt 0.835938 0.979919
vt 0.835938 0.973953
vt 0.833984 0.979919
vt 0.833984 0.973953
vt 0.837402 0.979919
vt 0.121826 0.631592
vt 0.119873 0.633789
vt 0.119934 0.631592
vt 0.117981 0.631592
vt 0.839355 0.973953
vt 0.123779 0.631592
vt 0.121826 0.633789
vt 0.839355 0.979919
vt 0.790527 0.397949
vt 0.790039 0.399414
vt 0.123779 0.633789
vt 0.790039 0.396484
vt 0.841309 0.979919
vt 0.841309 0.973953
vt 0.117920 0.633789
vt 0.789063 0.400391
vt 0.821777 0.973953
vt 0.845703 0.973953
vt 0.846680 0.973862
vt 0.428223 0.840210
vt 0.848633 0.973145
vt 0.494385 0.843140
vt 0.493896 0.854736
vt 0.781250 0.309570
vt 0.781250 0.305664
vt 0.994629 0.655518
vt 0.997070 0.655273
vt 0.997070 0.647217
vt 0.890137 0.125488
vt 0.944336 0.589111
vt 0.942871 0.590576
vt 0.889648 0.126953
vt 0.944336 0.590576
vt 0.944336 0.592041
vt 0.942871 0.592041
vt 0.201904 0.186035
vt 0.195801 0.186523
vt 0.201660 0.184570
vt 0.195679 0.185547
vt 0.195435 0.184570
vt 0.201416 0.183105
vt 0.944336 0.593750
vt 0.195313 0.183594
vt 0.201172 0.181641
vt 0.944336 0.583252
vt 0.195801 0.190918
vt 0.201660 0.192871
vt 0.702148 0.441895
vt 0.702637 0.440430
vt 0.195679 0.191895
vt 0.195435 0.192871
vt 0.702148 0.442871
vt 0.195313 0.193848
vt 0.702148 0.443848
vt 0.958984 0.822021
vt 0.959473 0.822632
vt 0.702148 0.444336
vt 0.701172 0.446289
vt 0.694824 0.448730
vt 0.968262 0.822632
vt 0.960938 0.824219
vt 0.969727 0.824219
vt 0.962402 0.825806
vt 0.701172 0.448730
vt 0.970703 0.825684
vt 0.962891 0.827393
vt 0.701172 0.450195
vt 0.971191 0.827393
vt 0.962891 0.828247
vt 0.694824 0.450195
vt 0.701172 0.451172
vt 0.971191 0.828247
vt 0.962891 0.851685
vt 0.123047 0.147461
vt 0.122986 0.148926
vt 0.100586 0.147461
vt 0.971191 0.851807
vt 0.124084 0.147461
vt 0.100769 0.148926
vt 0.897949 0.143066
vt 0.997070 0.643311
vt 0.994629 0.644287
vt 0.997070 0.645264
vt 0.994629 0.646240
vt 0.997070 0.644287
vt 0.129883 0.147461
vt 0.131592 0.147461
vt 0.131592 0.148926
vt 0.997070 0.646240
vt 0.942871 0.583252
vt 0.896973 0.126953
vt 0.707520 0.444336
vt 0.958984 0.817017
vt 0.959473 0.816528
vt 0.139038 0.147461
vt 0.762695 0.378906
vt 0.766113 0.383301
vt 0.937500 0.780396
vt 0.931152 0.776489
vt 0.938477 0.778442
vt 0.936523 0.782227
vt 0.763672 0.376953
vt 0.764648 0.378418
vt 0.760742 0.371582
vt 0.763184 0.375977
vt 0.930664 0.783691
vt 0.938477 0.776611
vt 0.937500 0.775757
vt 0.937012 0.774658
vt 0.937500 0.773682
vt 0.886230 0.007813
vt 0.883789 0.012207
vt 0.932129 0.785889
vt 0.886719 0.005859
vt 0.883301 0.013184
vt 0.930176 0.785156
vt 0.931641 0.786499
vt 0.929688 0.785645
vt 0.763672 0.373535
vt 0.760254 0.370117
vt 0.764648 0.372559
vt 0.760742 0.369629
vt 0.930664 0.787231
vt 0.761230 0.369141
vt 0.929199 0.787598
vt 0.929199 0.785889
vt 0.892090 0.015625
vt 0.883301 0.015625
vt 0.883301 0.014160
vt 0.892090 0.014160
vt 0.506348 0.866089
vt 0.506348 0.879761
vt 0.506348 0.867432
vt 0.505371 0.868530
vt 0.504395 0.869141
vt 0.892090 0.017090
vt 0.883301 0.017090
vt 0.502930 0.869141
vt 0.892090 0.018555
vt 0.493652 0.867554
vt 0.892090 0.027832
vt 0.883301 0.018555
vt 0.491943 0.867065
vt 0.892090 0.029297
vt 0.883301 0.027832
vt 0.927734 0.785400
vt 0.926758 0.786621
vt 0.920410 0.779297
vt 0.921875 0.778320
vt 0.920898 0.777100
vt 0.919434 0.777710
vt 0.883301 0.029785
vt 0.892090 0.031250
vt 0.883301 0.031250
vt 0.920410 0.775635
vt 0.918945 0.776123
vt 0.919922 0.774170
vt 0.773438 0.375488
vt 0.774414 0.376465
vt 0.770020 0.380859
vt 0.772461 0.374512
vt 0.918457 0.772705
vt 0.919922 0.772705
vt 0.918457 0.774414
vt 0.892090 0.034668
vt 0.883301 0.034668
vt 0.883301 0.033203
vt 0.892090 0.033203
vt 0.487793 0.863892
vt 0.487061 0.862427
vt 0.489014 0.865234
vt 0.892090 0.036621
vt 0.486084 0.860962
vt 0.883301 0.036621
vt 0.892090 0.038086
vt 0.918457 0.770996
vt 0.920410 0.771240
vt 0.490234 0.866211
vt 0.769043 0.375000
vt 0.770996 0.373535
vt 0.769043 0.376465
vt 0.768066 0.377930
vt 0.767090 0.378906
vt 0.768066 0.381348
vt 0.884277 0.165527
vt 0.883301 0.165527
vt 0.883301 0.164551
vt 0.883301 0.166992
vt 0.884277 0.166992
vt 0.445313 0.218262
vt 0.445313 0.238770
vt 0.444336 0.238770
vt 0.444336 0.218262
vt 0.443359 0.238770
vt 0.884277 0.164551
vt 0.443359 0.218262
vt 0.884277 0.163086
vt 0.442383 0.238770
vt 0.884277 0.145996
vt 0.883301 0.146973
vt 0.883301 0.145996
vt 0.883301 0.144531
vt 0.442383 0.218262
vt 0.884277 0.143555
vt 0.883301 0.143555
vt 0.884277 0.144531
vt 0.441162 0.238770
vt 0.441162 0.218262
vt 0.751465 0.304199
vt 0.755859 0.304688
vt 0.754395 0.305664
vt 0.750488 0.303223
vt 0.751465 0.305664
vt 0.884277 0.162109
vt 0.883301 0.163086
vt 0.883301 0.162109
vt 0.884277 0.161133
vt 0.440186 0.238770
vt 0.767090 0.382324
vt 0.765625 0.378906
vt 0.883301 0.161133
vt 0.884277 0.159668
vt 0.440186 0.218262
vt 0.439209 0.238770
vt 0.439209 0.218262
vt 0.438232 0.238770
vt 0.883301 0.158691
vt 0.884277 0.158691
vt 0.883301 0.159668
vt 0.884277 0.174805
vt 0.883301 0.174805
vt 0.884277 0.173828
vt 0.883301 0.173828
vt 0.763184 0.374512
vt 0.451416 0.218262
vt 0.452393 0.238770
vt 0.451416 0.238770
vt 0.450439 0.238770
vt 0.883301 0.172852
vt 0.884277 0.172852
vt 0.450439 0.218262
vt 0.449463 0.238770
vt 0.883301 0.171387
vt 0.884277 0.171387
vt 0.449463 0.218262
vt 0.884277 0.170410
vt 0.448486 0.238770
vt 0.883301 0.170410
vt 0.448486 0.218262
vt 0.447266 0.238770
vt 0.883301 0.168945
vt 0.884277 0.168945
vt 0.767578 0.373047
vt 0.768555 0.374023
vt 0.766113 0.372559
vt 0.762695 0.369141
vt 0.884277 0.167969
vt 0.883301 0.167969
vt 0.447266 0.218262
vt 0.446289 0.238770
vt 0.446289 0.218262
vt 0.884277 0.152832
vt 0.883301 0.154297
vt 0.883301 0.152832
vt 0.884277 0.154297
vt 0.883301 0.155273
vt 0.745117 0.301270
vt 0.884277 0.155273
vt 0.884277 0.156738
vt 0.883301 0.156738
vt 0.452393 0.218262
vt 0.748047 0.300293
vt 0.747070 0.299805
vt 0.884277 0.141113
vt 0.883301 0.141113
vt 0.884277 0.140137
vt 0.883301 0.140137
vt 0.884277 0.142090
vt 0.749023 0.301270
vt 0.883301 0.142090
vt 0.438232 0.218262
vt 0.884277 0.146973
vt 0.753418 0.306641
vt 0.750488 0.306641
vt 0.752930 0.308594
vt 0.997070 0.705078
vt 0.883301 0.148438
vt 0.761719 0.369141
vt 0.928223 0.785889
vt 0.927734 0.787354
vt 0.696777 0.069336
vt 0.696777 0.056641
vt 0.697754 0.056152
vt 0.697754 0.069824
vt 0.698730 0.056641
vt 0.861328 0.451660
vt 0.862305 0.451660
vt 0.863281 0.452637
vt 0.695313 0.068848
vt 0.695313 0.057129
vt 0.887207 0.003906
vt 0.887207 0.001953
vt 0.898926 0.001953
vt 0.898926 0.003418
vt 0.865234 0.452637
vt 0.898926 0.005859
vt 0.867188 0.452148
vt 0.868652 0.450684
vt 0.944336 0.597656
vt 0.918457 0.763794
vt 0.780762 0.385742
vt 0.917480 0.764771
vt 0.850098 0.971878
vt 0.856445 0.724609
vt 0.345215 0.881104
vt 0.848145 0.723877
vt 0.506348 0.880493
vt 0.505859 0.881104
vt 0.856445 0.723877
vt 0.487061 0.889221
vt 0.856445 0.712402
vt 0.497803 0.889221
vt 0.364258 0.889221
vt 0.353271 0.889221
vt 0.848145 0.712402
vt 0.589355 0.341797
vt 0.597656 0.331055
vt 0.597656 0.341797
vt 0.589355 0.331055
vt 0.140381 0.551270
vt 0.127441 0.566650
vt 0.124146 0.556641
vt 0.129883 0.574219
vt 0.336426 0.635498
vt 0.336426 0.627441
vt 0.344238 0.627441
vt 0.344238 0.635498
vt 0.344971 0.635498
vt 0.344971 0.627441
vt 0.130493 0.574707
vt 0.345459 0.635498
vt 0.130981 0.574707
vt 0.345459 0.627441
vt 0.148193 0.565430
vt 0.367676 0.635498
vt 0.148682 0.566650
vt 0.150879 0.567871
vt 0.149536 0.567627
vt 0.152222 0.567871
vt 0.367676 0.627441
vt 0.899414 0.344238
vt 0.891602 0.338867
vt 0.899414 0.338867
vt 0.902344 0.338867
vt 0.899414 0.337891
vt 0.902344 0.339844
vt 0.902832 0.337891
vt 0.452881 0.607178
vt 0.451904 0.604980
vt 0.453857 0.605957
vt 0.454346 0.605225
vt 0.204712 0.372559
vt 0.207153 0.375977
vt 0.206543 0.376953
vt 0.207397 0.374512
vt 0.452148 0.603271
vt 0.451416 0.605957
vt 0.451416 0.607910
vt 0.450684 0.606201
vt 0.205688 0.376953
vt 0.449951 0.607910
vt 0.449707 0.606201
vt 0.204712 0.376953
vt 0.902832 0.336426
vt 0.899414 0.336426
vt 0.902832 0.334961
vt 0.899414 0.334961
vt 0.902832 0.333496
vt 0.448730 0.607178
vt 0.899414 0.333496
vt 0.902832 0.324219
vt 0.442139 0.600586
vt 0.448975 0.605469
vt 0.443115 0.599609
vt 0.203857 0.375977
vt 0.203491 0.372559
vt 0.202148 0.372559
vt 0.197632 0.370117
vt 0.194824 0.592041
vt 0.195923 0.592041
vt 0.195923 0.593262
vt 0.194824 0.593262
vt 0.195923 0.594238
vt 0.195923 0.590820
vt 0.194824 0.590820
vt 0.781738 0.174805
vt 0.760742 0.175781
vt 0.760742 0.174805
vt 0.781738 0.176758
vt 0.760742 0.176758
vt 0.781738 0.175781
vt 0.869141 0.285156
vt 0.867676 0.286133
vt 0.867676 0.285156
vt 0.781738 0.173828
vt 0.869141 0.286133
vt 0.867676 0.287109
vt 0.058868 0.019043
vt 0.057861 0.022949
vt 0.056519 0.022949
vt 0.055389 0.023926
vt 0.869141 0.283691
vt 0.867676 0.283691
vt 0.052094 0.025391
vt 0.054688 0.024902
vt 0.869141 0.282715
vt 0.781738 0.172852
vt 0.760742 0.172852
vt 0.781738 0.171875
vt 0.760742 0.173828
vt 0.867676 0.282715
vt 0.194824 0.594238
vt 0.194824 0.595459
vt 0.760742 0.171875
vt 0.781738 0.170898
vt 0.867676 0.281250
vt 0.869141 0.281250
vt 0.869141 0.280273
vt 0.867676 0.280273
vt 0.760742 0.170898
vt 0.781738 0.169922
vt 0.194824 0.596680
vt 0.195923 0.596680
vt 0.194824 0.597900
vt 0.195923 0.597900
vt 0.195923 0.599121
vt 0.194824 0.599121
vt 0.760742 0.169922
vt 0.194824 0.600098
vt 0.781738 0.168457
vt 0.760742 0.168457
vt 0.195923 0.600098
vt 0.195923 0.601318
vt 0.194824 0.601318
vt 0.781738 0.167480
vt 0.760742 0.167480
vt 0.869141 0.277832
vt 0.867676 0.277832
vt 0.867676 0.276855
vt 0.781738 0.166504
vt 0.867676 0.279297
vt 0.869141 0.276855
vt 0.869141 0.279297
vt 0.056030 0.028320
vt 0.057312 0.028809
vt 0.056702 0.031250
vt 0.057922 0.032227
vt 0.058655 0.028809
vt 0.058777 0.033203
vt 0.059814 0.027832
vt 0.869141 0.275391
vt 0.060486 0.026855
vt 0.061798 0.028320
vt 0.867676 0.275391
vt 0.869141 0.274414
vt 0.760742 0.166504
vt 0.781738 0.165527
vt 0.867676 0.274414
vt 0.760742 0.165527
vt 0.781738 0.164551
vt 0.194824 0.602539
vt 0.195923 0.602539
vt 0.194824 0.603760
vt 0.195923 0.603760
vt 0.204224 0.366699
vt 0.204346 0.362305
vt 0.205444 0.367676
vt 0.203491 0.363281
vt 0.202881 0.366699
vt 0.500488 0.523682
vt 0.499023 0.521484
vt 0.500000 0.521484
vt 0.202271 0.364258
vt 0.501465 0.521484
vt 0.501465 0.523682
vt 0.501953 0.521484
vt 0.201660 0.367188
vt 0.200928 0.364258
vt 0.195313 0.364746
vt 0.199707 0.363770
vt 0.200684 0.368164
vt 0.406982 0.523682
vt 0.405273 0.521484
vt 0.406250 0.521484
vt 0.501953 0.523682
vt 0.405762 0.523682
vt 0.325439 0.606934
vt 0.324707 0.587402
vt 0.325439 0.587402
vt 0.407715 0.521484
vt 0.407715 0.523682
vt 0.324707 0.606934
vt 0.323975 0.587402
vt 0.198730 0.362793
vt 0.195313 0.363281
vt 0.195435 0.361328
vt 0.195190 0.359375
vt 0.428467 0.523682
vt 0.428223 0.521484
vt 0.194458 0.357910
vt 0.188843 0.344727
vt 0.193359 0.356445
vt 0.438477 0.589111
vt 0.438965 0.586670
vt 0.439941 0.588623
vt 0.436768 0.585938
vt 0.437744 0.587402
vt 0.437988 0.584961
vt 0.191895 0.354980
vt 0.436523 0.583740
vt 0.434326 0.583984
vt 0.435547 0.584717
vt 0.190308 0.354004
vt 0.434814 0.582520
vt 0.902832 0.305176
vt 0.899414 0.305176
vt 0.902832 0.303711
vt 0.432617 0.583496
vt 0.902832 0.307129
vt 0.899414 0.307129
vt 0.151855 0.540527
vt 0.151245 0.538818
vt 0.150269 0.537598
vt 0.899414 0.303711
vt 0.902832 0.302246
vt 0.149048 0.536377
vt 0.899414 0.302246
vt 0.902832 0.300293
vt 0.899414 0.300293
vt 0.147583 0.535645
vt 0.902832 0.298828
vt 0.899414 0.298828
vt 0.145996 0.535156
vt 0.902832 0.296875
vt 0.144287 0.535156
vt 0.899414 0.296875
vt 0.142578 0.534912
vt 0.902832 0.295410
vt 0.899414 0.295410
vt 0.902832 0.293457
vt 0.899414 0.293457
vt 0.140869 0.534424
vt 0.902832 0.291992
vt 0.899414 0.291992
vt 0.139404 0.533691
vt 0.902832 0.290039
vt 0.138062 0.532715
vt 0.899414 0.290039
vt 0.136963 0.531250
vt 0.902832 0.288574
vt 0.899414 0.288574
vt 0.417725 0.585693
vt 0.419678 0.584473
vt 0.419434 0.585938
vt 0.418213 0.584229
vt 0.421143 0.585938
vt 0.420898 0.584473
vt 0.422852 0.585693
vt 0.423828 0.583740
vt 0.424561 0.585205
vt 0.422363 0.584229
vt 0.425293 0.583008
vt 0.181274 0.355469
vt 0.180054 0.356445
vt 0.178711 0.356934
vt 0.426025 0.584473
vt 0.180054 0.350098
vt 0.182861 0.354492
vt 0.427246 0.582275
vt 0.184570 0.353516
vt 0.427734 0.583740
vt 0.428955 0.581787
vt 0.181885 0.347168
vt 0.186523 0.353516
vt 0.429199 0.583252
vt 0.430908 0.581787
vt 0.188354 0.353516
vt 0.432861 0.582031
vt 0.430908 0.583252
vt 0.183105 0.344238
vt 0.432861 0.546631
vt 0.436035 0.546387
vt 0.427002 0.569824
vt 0.187866 0.336914
vt 0.189697 0.319336
vt 0.424316 0.568848
vt 0.423096 0.571289
vt 0.425537 0.572998
vt 0.188110 0.342773
vt 0.187622 0.340820
vt 0.187622 0.338867
vt 0.434082 0.523682
vt 0.436035 0.521484
vt 0.436035 0.523682
vt 0.450439 0.523682
vt 0.450195 0.521484
vt 0.191650 0.323242
vt 0.434082 0.521484
vt 0.351074 0.593262
vt 0.349365 0.587402
vt 0.351074 0.587402
vt 0.352783 0.593262
vt 0.352783 0.587402
vt 0.432129 0.523682
vt 0.349365 0.593262
vt 0.347656 0.587402
vt 0.430176 0.523682
vt 0.432129 0.521484
vt 0.347656 0.593506
vt 0.430176 0.521484
vt 0.345703 0.587402
vt 0.597168 0.244141
vt 0.590332 0.241211
vt 0.598145 0.242676
vt 0.596191 0.245605
vt 0.345703 0.593506
vt 0.601074 0.239746
vt 0.341309 0.593506
vt 0.590332 0.238770
vt 0.602051 0.238770
vt 0.340332 0.593506
vt 0.589844 0.237305
vt 0.474609 0.910217
vt 0.472900 0.908569
vt 0.474854 0.908569
vt 0.477051 0.910217
vt 0.477051 0.908569
vt 0.473145 0.910217
vt 0.901855 0.270508
vt 0.897461 0.270508
vt 0.897461 0.268066
vt 0.498047 0.908569
vt 0.497803 0.910217
vt 0.901855 0.268066
vt 0.897461 0.247559
vt 0.500000 0.910217
vt 0.901855 0.244141
vt 0.896973 0.245605
vt 0.500000 0.908569
vt 0.501953 0.910217
vt 0.895996 0.244141
vt 0.501953 0.908569
vt 0.503906 0.910217
vt 0.901855 0.242188
vt 0.894043 0.243164
vt 0.891602 0.243164
vt 0.883789 0.242676
vt 0.902344 0.240723
vt 0.435303 0.543701
vt 0.433838 0.544922
vt 0.883301 0.240723
vt 0.883301 0.238770
vt 0.437012 0.544922
vt 0.436768 0.542480
vt 0.902344 0.238770
vt 0.754395 0.591553
vt 0.754395 0.593994
vt 0.752930 0.593018
vt 0.752930 0.590576
vt 0.883301 0.237305
vt 0.902344 0.236816
vt 0.755859 0.592529
vt 0.755371 0.595459
vt 0.044128 0.076172
vt 0.046722 0.073730
vt 0.044830 0.077637
vt 0.045929 0.078613
vt 0.160278 0.835571
vt 0.160156 0.837646
vt 0.159058 0.837646
vt 0.161621 0.835571
vt 0.159058 0.835571
vt 0.047943 0.074707
vt 0.046021 0.072266
vt 0.042328 0.058594
vt 0.175659 0.835571
vt 0.161255 0.837646
vt 0.364746 0.600830
vt 0.366943 0.606689
vt 0.352783 0.606934
vt 0.175659 0.837646
vt 0.366455 0.600342
vt 0.367920 0.606689
vt 0.590332 0.270996
vt 0.595215 0.270996
vt 0.595215 0.272949
vt 0.590332 0.269531
vt 0.595703 0.269531
vt 0.367676 0.599365
vt 0.505859 0.910217
vt 0.507324 0.908569
vt 0.507324 0.910217
vt 0.505859 0.908569
vt 0.590332 0.268066
vt 0.509766 0.908569
vt 0.889648 0.244141
vt 0.883789 0.244141
vt 0.888672 0.245605
vt 0.509766 0.910217
vt 0.888184 0.248047
vt 0.438232 0.910217
vt 0.440430 0.908569
vt 0.440430 0.910217
vt 0.438721 0.908569
vt 0.883789 0.268066
vt 0.461182 0.910217
vt 0.888184 0.268066
vt 0.766602 0.617920
vt 0.758301 0.595703
vt 0.463623 0.908569
vt 0.461426 0.908569
vt 0.601074 0.228027
vt 0.590332 0.227051
vt 0.597656 0.225098
vt 0.590332 0.229492
vt 0.595703 0.222168
vt 0.595215 0.220215
vt 0.594727 0.218750
vt 0.589355 0.207031
vt 0.596680 0.223633
vt 0.345947 0.606934
vt 0.341309 0.600830
vt 0.345703 0.600830
vt 0.347656 0.606934
vt 0.347656 0.600830
vt 0.181519 0.835571
vt 0.183350 0.837646
vt 0.181396 0.837646
vt 0.179565 0.835571
vt 0.179565 0.837646
vt 0.349365 0.606934
vt 0.177612 0.835571
vt 0.177612 0.837646
vt 0.349365 0.600830
vt 0.351074 0.606934
vt 0.351074 0.600830
vt 0.042053 0.054688
vt 0.041992 0.056641
vt 0.042480 0.052734
vt 0.043304 0.050781
vt 0.183350 0.835571
vt 0.044678 0.041504
vt 0.046326 0.040527
vt 0.047760 0.039063
vt 0.053162 0.032715
vt 0.048859 0.037598
vt 0.203979 0.835571
vt 0.049591 0.036133
vt 0.049896 0.034180
vt 0.049805 0.032227
vt 0.049683 0.030762
vt 0.054077 0.031738
vt 0.205078 0.835571
vt 0.205078 0.837646
vt 0.203979 0.837646
vt 0.049866 0.029297
vt 0.050354 0.027832
vt 0.055328 0.031250
vt 0.206177 0.835571
vt 0.051086 0.026367
vt 0.206177 0.837646
vt 0.206909 0.837646
vt 0.206909 0.835571
vt 0.750000 0.648193
vt 0.748047 0.648682
vt 0.749023 0.647461
vt 0.054565 0.026367
vt 0.055054 0.027344
vt 0.749512 0.645996
vt 0.882813 0.320313
vt 0.891602 0.320313
vt 0.882813 0.322266
vt 0.891602 0.322266
vt 0.749023 0.649658
vt 0.882813 0.323730
vt 0.750977 0.646729
vt 0.891602 0.318848
vt 0.882813 0.318848
vt 0.750000 0.644531
vt 0.751465 0.645020
vt 0.891602 0.316895
vt 0.882813 0.316895
vt 0.751953 0.643311
vt 0.882813 0.315430
vt 0.891602 0.315430
vt 0.750488 0.643066
vt 0.751953 0.641357
vt 0.750488 0.641357
vt 0.750977 0.639404
vt 0.891602 0.313477
vt 0.882813 0.313477
vt 0.752441 0.639648
vt 0.891602 0.312012
vt 0.882813 0.312012
vt 0.752930 0.637939
vt 0.882813 0.310059
vt 0.891602 0.310059
vt 0.751953 0.635742
vt 0.753418 0.636475
vt 0.751465 0.637451
vt 0.754395 0.635010
vt 0.891602 0.308594
vt 0.882813 0.308594
vt 0.891602 0.306641
vt 0.882813 0.306641
vt 0.752930 0.634033
vt 0.754395 0.632568
vt 0.755371 0.633789
vt 0.756836 0.632813
vt 0.891602 0.305176
vt 0.882813 0.305176
vt 0.756348 0.631592
vt 0.758301 0.632324
vt 0.882813 0.303223
vt 0.891602 0.303223
vt 0.758301 0.630859
vt 0.760254 0.632080
vt 0.882813 0.301758
vt 0.891602 0.301758
vt 0.891602 0.300293
vt 0.741211 0.655029
vt 0.742188 0.656250
vt 0.891602 0.323730
vt 0.882813 0.333496
vt 0.891602 0.333496
vt 0.882813 0.334961
vt 0.740723 0.656982
vt 0.740723 0.655273
vt 0.739258 0.656738
vt 0.739746 0.655273
vt 0.060516 0.018555
vt 0.059753 0.018555
vt 0.891602 0.334961
vt 0.882813 0.335938
vt 0.739258 0.654785
vt 0.891602 0.335938
vt 0.882813 0.337402
vt 0.738281 0.656006
vt 0.473145 0.025879
vt 0.474121 0.024902
vt 0.891602 0.337402
vt 0.475342 0.024414
vt 0.476807 0.024414
vt 0.882813 0.338867
vt 0.737305 0.654785
vt 0.739258 0.653809
vt 0.736816 0.654297
vt 0.883301 0.339355
vt 0.885742 0.344238
vt 0.738770 0.652344
vt 0.732910 0.650391
vt 0.886230 0.346191
vt 0.731934 0.648682
vt 0.738770 0.644775
vt 0.731445 0.646729
vt 0.898926 0.346191
vt 0.886719 0.348145
vt 0.731445 0.645020
vt 0.898438 0.350098
vt 0.886719 0.350098
vt 0.898438 0.348145
vt 0.459717 0.597656
vt 0.452393 0.593994
vt 0.459717 0.595947
vt 0.459229 0.599609
vt 0.458984 0.593018
vt 0.459717 0.592041
vt 0.452637 0.560547
vt 0.204712 0.360840
vt 0.207397 0.331543
vt 0.207397 0.365234
vt 0.458496 0.594238
vt 0.458740 0.595215
vt 0.458008 0.601318
vt 0.206177 0.370117
vt 0.206055 0.368652
vt 0.204712 0.331543
vt 0.497803 0.523682
vt 0.497803 0.521484
vt 0.467773 0.523682
vt 0.468018 0.521484
vt 0.467041 0.521484
vt 0.204590 0.330566
vt 0.465820 0.523682
vt 0.207275 0.329590
vt 0.206665 0.328125
vt 0.204224 0.329102
vt 0.466064 0.521484
vt 0.830078 0.708984
vt 0.830078 0.702881
vt 0.831543 0.708984
vt 0.831543 0.702881
vt 0.833496 0.708984
vt 0.464111 0.523682
vt 0.465088 0.521484
vt 0.202881 0.327148
vt 0.205933 0.326660
vt 0.203613 0.328125
vt 0.463867 0.521484
vt 0.204834 0.325195
vt 0.450195 0.553223
vt 0.453613 0.550537
vt 0.451172 0.554932
vt 0.455322 0.552734
vt 0.451904 0.556641
vt 0.895996 0.216309
vt 0.900391 0.216797
vt 0.900879 0.219238
vt 0.895996 0.221680
vt 0.896484 0.223633
vt 0.900879 0.228027
vt 0.447998 0.543213
vt 0.896484 0.225098
vt 0.895996 0.226563
vt 0.894531 0.228027
vt 0.900879 0.229980
vt 0.443604 0.544434
vt 0.446289 0.541748
vt 0.884766 0.229980
vt 0.892578 0.228027
vt 0.883789 0.231445
vt 0.901367 0.231934
vt 0.444336 0.541016
vt 0.442383 0.543701
vt 0.442383 0.541016
vt 0.883301 0.233398
vt 0.902344 0.233398
vt 0.883301 0.235352
vt 0.441162 0.543213
vt 0.440430 0.541016
vt 0.902344 0.235352
vt 0.439697 0.543213
vt 0.195068 0.320801
vt 0.193115 0.316406
vt 0.194580 0.316406
vt 0.195801 0.316895
vt 0.196411 0.321289
vt 0.453857 0.523682
vt 0.452881 0.521484
vt 0.454102 0.521484
vt 0.193481 0.320801
vt 0.454834 0.523682
vt 0.455322 0.521484
vt 0.455566 0.523682
vt 0.841309 0.708984
vt 0.841309 0.689697
vt 0.841797 0.708984
vt 0.369385 0.587402
vt 0.370361 0.587402
vt 0.370361 0.606689
vt 0.841797 0.689697
vt 0.157715 0.835571
vt 0.156982 0.837646
vt 0.156494 0.835571
vt 0.158081 0.837646
vt 0.156372 0.837646
vt 0.369385 0.606689
vt 0.156006 0.835571
vt 0.051361 0.077637
vt 0.050873 0.074219
vt 0.051453 0.073730
vt 0.050171 0.078613
vt 0.049438 0.074707
vt 0.147949 0.837646
vt 0.059235 0.070313
vt 0.057312 0.068359
vt 0.147949 0.835571
vt 0.837402 0.697021
vt 0.833496 0.689697
vt 0.146973 0.835571
vt 0.146973 0.837646
vt 0.831543 0.695801
vt 0.832520 0.689697
vt 0.834473 0.696045
vt 0.836426 0.696533
vt 0.720703 0.261230
vt 0.727051 0.260742
vt 0.727051 0.261230
vt 0.725098 0.259277
vt 0.837891 0.696777
vt 0.395264 0.874390
vt 0.395752 0.874023
vt 0.396729 0.875793
vt 0.396729 0.882568
vt 0.398438 0.876709
vt 0.395264 0.883301
vt 0.720703 0.259277
vt 0.724121 0.257813
vt 0.720703 0.260254
vt 0.940430 0.559570
vt 0.938965 0.558105
vt 0.940430 0.558105
vt 0.938965 0.556641
vt 0.940430 0.556641
vt 0.891113 0.220703
vt 0.889648 0.221680
vt 0.889648 0.216309
vt 0.938965 0.554932
vt 0.891113 0.217773
vt 0.892578 0.220215
vt 0.892578 0.217773
vt 0.894531 0.220703
vt 0.940430 0.574219
vt 0.938965 0.575684
vt 0.938965 0.574219
vt 0.940430 0.575684
vt 0.940430 0.554932
vt 0.720703 0.273438
vt 0.724121 0.274902
vt 0.720703 0.274902
vt 0.720703 0.257813
vt 0.940430 0.572754
vt 0.720703 0.272461
vt 0.725098 0.273438
vt 0.720703 0.270996
vt 0.727051 0.271973
vt 0.399902 0.875793
vt 0.400879 0.874023
vt 0.401367 0.874390
vt 0.401367 0.883301
vt 0.399902 0.882568
vt 0.938965 0.572754
vt 0.940430 0.571289
vt 0.938965 0.571289
vt 0.727051 0.270996
vt 0.938965 0.569824
vt 0.940430 0.569824
vt 0.720703 0.270020
vt 0.837891 0.702148
vt 0.839355 0.702148
vt 0.727051 0.270020
vt 0.837402 0.701660
vt 0.840332 0.701416
vt 0.727051 0.268555
vt 0.841309 0.700684
vt 0.720703 0.268555
vt 0.727051 0.267578
vt 0.841309 0.699463
vt 0.720703 0.267578
vt 0.727051 0.266113
vt 0.720703 0.265137
vt 0.727051 0.265137
vt 0.720703 0.266113
vt 0.841309 0.698242
vt 0.720703 0.263672
vt 0.840332 0.697266
vt 0.727051 0.263672
vt 0.720703 0.262695
vt 0.727051 0.262695
vt 0.839355 0.696777
vt 0.940430 0.561035
vt 0.938965 0.562500
vt 0.938965 0.561035
vt 0.940430 0.562500
vt 0.889648 0.226563
vt 0.884766 0.228027
vt 0.889160 0.225098
vt 0.891113 0.228027
vt 0.938965 0.563965
vt 0.940430 0.563965
vt 0.940430 0.565430
vt 0.938965 0.565430
vt 0.744629 0.590576
vt 0.747559 0.593506
vt 0.743164 0.592041
vt 0.740723 0.602051
vt 0.737305 0.599609
vt 0.889160 0.223633
vt 0.884766 0.219238
vt 0.938965 0.559570
vt 0.739746 0.603760
vt 0.735840 0.601563
vt 0.885254 0.216797
vt 0.885742 0.213867
vt 0.739258 0.605469
vt 0.733398 0.604004
vt 0.061127 0.067383
vt 0.058960 0.064941
vt 0.061615 0.065918
vt 0.058624 0.066406
vt 0.060333 0.068848
vt 0.738770 0.607422
vt 0.061798 0.063965
vt 0.731934 0.606445
vt 0.738770 0.609375
vt 0.888672 0.213867
vt 0.886719 0.211426
vt 0.888184 0.211426
vt 0.887207 0.208496
vt 0.731445 0.609375
vt 0.888184 0.185059
vt 0.887207 0.176758
vt 0.731445 0.641113
vt 0.888184 0.208496
vt 0.613770 0.904724
vt 0.613770 0.903137
vt 0.615723 0.903137
vt 0.589844 0.903137
vt 0.888672 0.183105
vt 0.615723 0.904724
vt 0.617188 0.903137
vt 0.890137 0.181641
vt 0.617188 0.904724
vt 0.892090 0.180664
vt 0.619141 0.904724
vt 0.619141 0.903137
vt 0.621094 0.903137
vt 0.898926 0.176758
vt 0.894043 0.180664
vt 0.621094 0.904724
vt 0.623047 0.903137
vt 0.895996 0.181641
vt 0.622559 0.904724
vt 0.896973 0.183105
vt 0.624512 0.904724
vt 0.624512 0.903137
vt 0.626465 0.904724
vt 0.430420 0.886230
vt 0.431885 0.877991
vt 0.432129 0.886230
vt 0.433594 0.886230
vt 0.800293 0.708984
vt 0.803711 0.701416
vt 0.805176 0.702393
vt 0.806641 0.702881
vt 0.430420 0.877991
vt 0.433594 0.877991
vt 0.803223 0.700195
vt 0.435059 0.877991
vt 0.435059 0.886230
vt 0.436523 0.886230
vt 0.436523 0.877991
vt 0.803223 0.698486
vt 0.438232 0.886230
vt 0.438232 0.877991
vt 0.800293 0.689697
vt 0.803711 0.697266
vt 0.799805 0.689697
vt 0.113281 0.835571
vt 0.114319 0.837646
vt 0.113281 0.837646
vt 0.114319 0.835571
vt 0.143921 0.837646
vt 0.830078 0.689697
vt 0.806641 0.695801
vt 0.805176 0.696289
vt 0.439697 0.886230
vt 0.439697 0.877991
vt 0.441162 0.886230
vt 0.441162 0.877991
vt 0.389648 0.878113
vt 0.389648 0.886353
vt 0.366211 0.878052
vt 0.366211 0.886292
vt 0.830078 0.695801
vt 0.831055 0.689697
vt 0.391357 0.877747
vt 0.391602 0.885986
vt 0.585449 0.904724
vt 0.585449 0.903137
vt 0.587891 0.904724
vt 0.587402 0.903137
vt 0.589844 0.904724
vt 0.393799 0.884521
vt 0.393799 0.875854
vt 0.664551 0.904724
vt 0.664551 0.903137
vt 0.666992 0.904724
vt 0.666992 0.903137
vt 0.144897 0.835571
vt 0.144897 0.837646
vt 0.143799 0.835571
vt 0.145874 0.835571
vt 0.831543 0.689697
vt 0.145996 0.837646
vt 0.059082 0.063965
vt 0.059082 0.034668
vt 0.112244 0.837646
vt 0.799805 0.708984
vt 0.798828 0.689697
vt 0.798828 0.708984
vt 0.499268 0.523682
vt 0.112244 0.835571
vt 0.111267 0.835571
vt 0.798340 0.689697
vt 0.111267 0.837646
vt 0.406982 0.886353
vt 0.406982 0.878113
vt 0.405029 0.885986
vt 0.649902 0.903137
vt 0.650391 0.904724
vt 0.651855 0.903137
vt 0.652344 0.904724
vt 0.654297 0.903137
vt 0.655273 0.904724
vt 0.402832 0.884583
vt 0.405273 0.877747
vt 0.657715 0.903137
vt 0.402832 0.875854
vt 0.657227 0.904724
vt 0.834473 0.702881
vt 0.836426 0.702148
vt 0.897461 0.213379
vt 0.898926 0.210449
vt 0.899414 0.213379
vt 0.897461 0.210449
vt 0.458008 0.555420
vt 0.452393 0.558594
vt 0.459473 0.558105
vt 0.459717 0.560303
vt 0.898438 0.208496
vt 0.897461 0.185547
vt 0.897461 0.208496
vt 0.626465 0.903137
vt 0.732422 0.642090
vt 0.697266 0.641113
vt 0.697266 0.628174
vt 0.698242 0.640381
vt 0.698242 0.628662
vt 0.732422 0.643066
vt 0.696289 0.641357
vt 0.696289 0.627930
vt 0.732422 0.644287
vt 0.695313 0.641113
vt 0.693848 0.640381
vt 0.695313 0.628174
vt 0.058075 0.067383
vt 0.940430 0.566895
vt 0.938965 0.566895
vt 0.940430 0.568359
vt 0.938965 0.568359
vt 0.659180 0.904724
vt 0.659180 0.903137
vt 0.661133 0.903137
vt 0.398193 0.882263
vt 0.661133 0.904724
vt 0.662598 0.903137
vt 0.662598 0.904724
vt 0.894531 0.217285
vt 0.048920 0.079102
vt 0.749023 0.589844
vt 0.750000 0.592285
vt 0.748535 0.592529
vt 0.746582 0.590088
vt 0.750977 0.590088
vt 0.751465 0.592285
vt 0.047516 0.079102
vt 0.368408 0.596191
vt 0.368408 0.597900
vt 0.368652 0.606689
vt 0.367676 0.594727
vt 0.368652 0.587402
vt 0.590332 0.266113
vt 0.595215 0.264648
vt 0.595703 0.266113
vt 0.596191 0.268066
vt 0.367676 0.587402
vt 0.452637 0.523682
vt 0.451416 0.521484
vt 0.451660 0.523682
vt 0.192261 0.321777
vt 0.190430 0.317871
vt 0.366455 0.593750
vt 0.366943 0.587402
vt 0.590332 0.263184
vt 0.595215 0.261230
vt 0.595215 0.263184
vt 0.364746 0.593506
vt 0.590332 0.264648
vt 0.590332 0.261230
vt 0.595215 0.249512
vt 0.503906 0.908569
vt 0.455811 0.521484
vt 0.197021 0.321777
vt 0.196899 0.317871
vt 0.191528 0.316895
vt 0.438232 0.543945
vt 0.438477 0.541504
vt 0.194824 0.605957
vt 0.195923 0.604980
vt 0.195923 0.605957
vt 0.194824 0.604980
vt 0.195923 0.607422
vt 0.194824 0.607422
vt 0.781738 0.162598
vt 0.760742 0.163574
vt 0.760742 0.162598
vt 0.781738 0.163574
vt 0.760742 0.164551
vt 0.867676 0.273438
vt 0.869141 0.273438
vt 0.869141 0.271973
vt 0.867676 0.271973
vt 0.061798 0.020996
vt 0.060608 0.025391
vt 0.060150 0.023926
vt 0.059143 0.022949
vt 0.867676 0.288574
vt 0.869141 0.288574
vt 0.869141 0.287109
vt 0.061615 0.019531
vt 0.205688 0.371582
vt 0.693848 0.628662
vt 0.061157 0.018555
vt 0.323975 0.606934
vt 0.323242 0.606934
vt 0.323242 0.587402
vt 0.798340 0.708984
vt 0.340332 0.600830
vt 0.601563 0.229004
vt 0.589844 0.230957
vt 0.603027 0.230469
vt 0.338379 0.600098
vt 0.336914 0.598633
vt 0.604004 0.231934
vt 0.589844 0.232422
vt 0.589355 0.233887
vt 0.604492 0.233887
vt 0.336426 0.597168
vt 0.336914 0.595459
vt 0.604492 0.235352
vt 0.603516 0.237305
vt 0.589844 0.235840
vt 0.338379 0.594238
vt 0.470947 0.908569
vt 0.352783 0.600830
vt 0.594727 0.206543
vt 0.590332 0.272949
vt 0.757324 0.593994
vt 0.595703 0.247559
vt 0.899414 0.308594
vt 0.152222 0.542236
vt 0.902832 0.308594
vt 0.899414 0.310547
vt 0.152100 0.543701
vt 0.902832 0.310547
vt 0.899414 0.312012
vt 0.151611 0.545410
vt 0.902832 0.312012
vt 0.899414 0.313965
vt 0.150757 0.546875
vt 0.902832 0.313965
vt 0.899414 0.315430
vt 0.149658 0.548096
vt 0.902832 0.315430
vt 0.899414 0.317383
vt 0.148560 0.549316
vt 0.902832 0.317383
vt 0.899414 0.318848
vt 0.147583 0.550781
vt 0.438965 0.592529
vt 0.440674 0.593994
vt 0.439209 0.594238
vt 0.440918 0.595459
vt 0.902832 0.318848
vt 0.439453 0.595947
vt 0.902832 0.320801
vt 0.899414 0.320801
vt 0.440186 0.597656
vt 0.146973 0.552490
vt 0.899414 0.322266
vt 0.146729 0.554199
vt 0.146851 0.555908
vt 0.902832 0.322266
vt 0.899414 0.324219
vt 0.440918 0.599121
vt 0.442139 0.598389
vt 0.441406 0.596924
vt 0.200195 0.369141
vt 0.196655 0.369141
vt 0.195923 0.367676
vt 0.195435 0.366211
vt 0.200317 0.370605
vt 0.440430 0.592285
vt 0.440430 0.590332
vt 0.438721 0.590576
vt 0.200928 0.371582
vt 0.195923 0.595459
vt 0.982910 0.626953
vt 0.829590 0.839844
vt 0.984375 0.626953
vt 0.982910 0.628174
vt 0.830078 0.838989
vt 0.984863 0.628174
vt 0.831055 0.838257
vt 0.982910 0.629150
vt 0.104248 0.004395
vt 0.105164 0.003906
vt 0.985352 0.629150
vt 0.103455 0.004883
vt 0.982910 0.630371
vt 0.985840 0.630371
vt 0.105164 0.001953
vt 0.106079 0.003906
vt 0.982910 0.631348
vt 0.832031 0.837769
vt 0.833008 0.837524
vt 0.985840 0.631348
vt 0.986328 0.632813
vt 0.982910 0.635498
vt 0.836914 0.837158
vt 0.106934 0.003906
vt 0.106018 0.001953
vt 0.106873 0.001953
vt 0.107849 0.003906
vt 0.315186 0.475098
vt 0.314941 0.475098
vt 0.107849 0.001953
vt 0.314697 0.475098
vt 0.314209 0.474609
vt 0.109863 0.003906
vt 0.109863 0.001953
vt 0.986328 0.635498
vt 0.982910 0.636719
vt 0.986328 0.636719
vt 0.110657 0.003906
vt 0.986328 0.638184
vt 0.111450 0.001953
vt 0.111450 0.003906
vt 0.110657 0.001953
vt 0.313965 0.474609
vt 0.313477 0.474609
vt 0.112427 0.001953
vt 0.112427 0.003906
vt 0.312988 0.474609
vt 0.113831 0.001953
vt 0.113831 0.003906
vt 0.982910 0.639893
vt 0.986328 0.639893
vt 0.986328 0.641846
vt 0.982910 0.638184
vt 0.838379 0.837158
vt 0.839844 0.837646
vt 0.841309 0.838379
vt 0.982910 0.641846
vt 0.843262 0.838623
vt 0.986328 0.643555
vt 0.982910 0.643555
vt 0.845215 0.838623
vt 0.849609 0.840088
vt 0.846680 0.838135
vt 0.986328 0.645508
vt 0.982910 0.645508
vt 0.116821 0.003906
vt 0.116821 0.001953
vt 0.118347 0.001953
vt 0.118347 0.003906
vt 0.986328 0.647217
vt 0.115356 0.003906
vt 0.115356 0.001953
vt 0.312500 0.474609
vt 0.312012 0.474121
vt 0.311768 0.474121
vt 0.119873 0.001953
vt 0.119873 0.003906
vt 0.982910 0.647217
vt 0.986328 0.649170
vt 0.121399 0.001953
vt 0.121399 0.003906
vt 0.982910 0.649170
vt 0.986328 0.650879
vt 0.123169 0.001953
vt 0.311279 0.473145
vt 0.310547 0.472656
vt 0.311279 0.472656
vt 0.310303 0.473145
vt 0.311523 0.473633
vt 0.415039 0.334473
vt 0.416016 0.333984
vt 0.415283 0.335449
vt 0.310059 0.473145
vt 0.414795 0.333008
vt 0.415771 0.333008
vt 0.533691 0.005859
vt 0.533203 0.007324
vt 0.534180 0.006348
vt 0.534668 0.005371
vt 0.762207 0.656982
vt 0.763672 0.637695
vt 0.762207 0.637695
vt 0.761230 0.656982
vt 0.419434 0.333984
vt 0.419189 0.333008
vt 0.763672 0.656982
vt 0.416016 0.335449
vt 0.419434 0.334961
vt 0.856445 0.836792
vt 0.850098 0.836182
vt 0.855957 0.835693
vt 0.856934 0.837646
vt 0.419434 0.319336
vt 0.415771 0.320313
vt 0.416016 0.318848
vt 0.851074 0.834839
vt 0.852539 0.832520
vt 0.856445 0.834595
vt 0.419434 0.320313
vt 0.982910 0.653564
vt 0.986328 0.653564
vt 0.986328 0.656738
vt 0.982910 0.656738
vt 0.854492 0.830200
vt 0.982910 0.650879
vt 0.123230 0.003906
vt 0.125488 0.003906
vt 0.986328 0.659668
vt 0.982910 0.659668
vt 0.857422 0.833862
vt 0.857422 0.828979
vt 0.419189 0.322266
vt 0.415771 0.322266
vt 0.419189 0.321289
vt 0.415771 0.321289
vt 0.858398 0.833496
vt 0.415771 0.323730
vt 0.860352 0.828979
vt 0.859375 0.833618
vt 0.419189 0.323730
vt 0.415771 0.324707
vt 0.769043 0.656982
vt 0.768066 0.637695
vt 0.768066 0.656982
vt 0.414795 0.323730
vt 0.530273 0.004395
vt 0.529297 0.003906
vt 0.529297 0.005371
vt 0.530273 0.004883
vt 0.530762 0.005859
vt 0.529785 0.006348
vt 0.766602 0.656982
vt 0.769043 0.637695
vt 0.674316 0.060059
vt 0.675293 0.060059
vt 0.674316 0.059570
vt 0.675293 0.060547
vt 0.675781 0.061035
vt 0.676270 0.060547
vt 0.766602 0.637695
vt 0.676270 0.062012
vt 0.676758 0.061523
vt 0.765625 0.656982
vt 0.765625 0.637695
vt 0.676270 0.062988
vt 0.764648 0.656982
vt 0.764648 0.637695
vt 0.676758 0.062988
vt 0.675293 0.062500
vt 0.675781 0.063477
vt 0.676270 0.063965
vt 0.675293 0.062012
vt 0.675293 0.062988
vt 0.303223 0.410645
vt 0.298828 0.410645
vt 0.303223 0.411133
vt 0.298828 0.411133
vt 0.303223 0.411621
vt 0.675293 0.063965
vt 0.674805 0.063477
vt 0.298828 0.411621
vt 0.303223 0.412109
vt 0.659180 0.003418
vt 0.660156 0.002930
vt 0.659180 0.002930
vt 0.298828 0.412109
vt 0.659668 0.002441
vt 0.303223 0.412598
vt 0.659668 0.001953
vt 0.298828 0.412598
vt 0.660156 0.001953
vt 0.303223 0.413086
vt 0.298828 0.413086
vt 0.673828 0.063477
vt 0.673340 0.063965
vt 0.674316 0.064453
vt 0.674316 0.063477
vt 0.672852 0.063477
vt 0.673340 0.062988
vt 0.303223 0.413574
vt 0.673340 0.062500
vt 0.298828 0.413574
vt 0.303223 0.414063
vt 0.298828 0.414063
vt 0.661133 0.002441
vt 0.660645 0.001953
vt 0.303223 0.414551
vt 0.298828 0.414551
vt 0.661621 0.002930
vt 0.661621 0.003418
vt 0.303223 0.415039
vt 0.298828 0.415039
vt 0.673340 0.061523
vt 0.672852 0.061035
vt 0.673340 0.062012
vt 0.673828 0.061523
vt 0.303223 0.408203
vt 0.298828 0.408203
vt 0.303223 0.408691
vt 0.673340 0.060547
vt 0.674316 0.061035
vt 0.298828 0.408691
vt 0.303223 0.409180
vt 0.661133 0.003906
vt 0.298828 0.409180
vt 0.660645 0.003906
vt 0.303223 0.409668
vt 0.660156 0.004395
vt 0.298828 0.409668
vt 0.674805 0.061523
vt 0.675293 0.061523
vt 0.303223 0.410156
vt 0.298828 0.410156
vt 0.659668 0.003906
vt 0.672852 0.060059
vt 0.672363 0.060547
vt 0.770020 0.656982
vt 0.771484 0.637695
vt 0.770020 0.637695
vt 0.419189 0.326172
vt 0.415771 0.326172
vt 0.419189 0.324707
vt 0.771484 0.656982
vt 0.529785 0.002930
vt 0.414795 0.326172
vt 0.415771 0.327148
vt 0.530762 0.003418
vt 0.530762 0.002441
vt 0.860840 0.835083
vt 0.865723 0.835815
vt 0.861328 0.836182
vt 0.419189 0.327148
vt 0.860352 0.834106
vt 0.864746 0.832764
vt 0.865723 0.838257
vt 0.982910 0.672119
vt 0.986328 0.674561
vt 0.982910 0.674561
vt 0.986328 0.672119
vt 0.982910 0.668945
vt 0.134155 0.003906
vt 0.136353 0.001953
vt 0.136353 0.003906
vt 0.138306 0.003906
vt 0.986328 0.668945
vt 0.134155 0.001953
vt 0.131958 0.003906
vt 0.982910 0.665771
vt 0.986328 0.665771
vt 0.129883 0.001953
vt 0.131958 0.001953
vt 0.129883 0.003906
vt 0.982910 0.662842
vt 0.986328 0.662842
vt 0.127686 0.001953
vt 0.127686 0.003906
vt 0.310547 0.471191
vt 0.310059 0.472168
vt 0.309814 0.471191
vt 0.125488 0.001953
vt 0.310303 0.472168
vt 0.311035 0.471680
vt 0.415039 0.319824
vt 0.414795 0.321289
vt 0.415283 0.318848
vt 0.414795 0.322266
vt 0.309814 0.471680
vt 0.309326 0.471191
vt 0.309326 0.472168
vt 0.308594 0.471680
vt 0.414795 0.324707
vt 0.309082 0.472168
vt 0.863281 0.830322
vt 0.308350 0.472168
vt 0.309082 0.472656
vt 0.308105 0.472656
vt 0.138306 0.001953
vt 0.307861 0.473145
vt 0.139893 0.003906
vt 0.139893 0.001953
vt 0.309082 0.473145
vt 0.414795 0.327148
vt 0.415771 0.328125
vt 0.414795 0.328125
vt 0.414795 0.329590
vt 0.307617 0.473633
vt 0.415771 0.329590
vt 0.309326 0.473145
vt 0.415771 0.330566
vt 0.414795 0.330566
vt 0.419189 0.329590
vt 0.419189 0.330566
vt 0.415771 0.332031
vt 0.532715 0.002930
vt 0.533691 0.003418
vt 0.534180 0.002930
vt 0.533691 0.004395
vt 0.758789 0.656982
vt 0.760254 0.637695
vt 0.758789 0.637695
vt 0.757813 0.656982
vt 0.533203 0.002441
vt 0.534668 0.003906
vt 0.760254 0.656982
vt 0.533691 0.004883
vt 0.532227 0.004883
vt 0.531250 0.002930
vt 0.531250 0.006348
vt 0.532227 0.006348
vt 0.532715 0.006348
vt 0.532227 0.002930
vt 0.532227 0.007324
vt 0.532227 0.001953
vt 0.530762 0.007324
vt 0.672852 0.064453
vt 0.674316 0.064941
vt 0.761230 0.637695
vt 0.672363 0.063965
vt 0.675293 0.064453
vt 0.414795 0.332031
vt 0.419189 0.332031
vt 0.309814 0.473633
vt 0.307129 0.473633
vt 0.141357 0.003906
vt 0.142700 0.001953
vt 0.142700 0.003906
vt 0.144043 0.001953
vt 0.306641 0.473633
vt 0.141235 0.001953
vt 0.982910 0.677979
vt 0.986328 0.677979
vt 0.986328 0.679688
vt 0.982910 0.676270
vt 0.986328 0.676270
vt 0.859863 0.838013
vt 0.866211 0.839844
vt 0.866699 0.841431
vt 0.860840 0.837280
vt 0.419189 0.328125
vt 0.982910 0.679688
vt 0.868164 0.842773
vt 0.869141 0.843750
vt 0.986328 0.681396
vt 0.982910 0.681396
vt 0.857910 0.838257
vt 0.858887 0.838379
vt 0.144043 0.003906
vt 0.145386 0.001953
vt 0.145386 0.003906
vt 0.986328 0.683105
vt 0.986328 0.699463
vt 0.983398 0.702148
vt 0.982910 0.682861
vt 0.159180 0.001953
vt 0.160156 0.003906
vt 0.082031 0.488281
vt 0.085876 0.479004
vt 0.085876 0.488281
vt 0.080688 0.487305
vt 0.408691 0.733887
vt 0.389893 0.722656
vt 0.413086 0.733398
vt 0.640137 0.725342
vt 0.640137 0.719482
vt 0.386230 0.718994
vt 0.080688 0.479004
vt 0.404541 0.735352
vt 0.742188 0.326660
vt 0.741699 0.327148
vt 0.741699 0.317871
vt 0.750977 0.317871
vt 0.389893 0.731689
vt 0.386230 0.735352
vt 0.054108 0.150391
vt 0.054199 0.128906
vt 0.072388 0.128906
vt 0.309570 0.938202
vt 0.309570 0.934204
vt 0.314209 0.937744
vt 0.072327 0.150391
vt 0.076599 0.146484
vt 0.076660 0.132813
vt 0.305176 0.938385
vt 0.305176 0.933044
vt 0.081055 0.145508
vt 0.081055 0.134277
vt 0.417969 0.924805
vt 0.417969 0.930176
vt 0.413574 0.926025
vt 0.708984 0.924805
vt 0.372070 0.134766
vt 0.372070 0.145996
vt 0.373535 0.135254
vt 0.373535 0.145996
vt 0.710449 0.924438
vt 0.713379 0.930176
vt 0.730957 0.281738
vt 0.739258 0.324219
vt 0.725098 0.310547
vt 0.724121 0.313965
vt 0.721680 0.316895
vt 0.730469 0.255859
vt 0.738770 0.028809
vt 0.718262 0.318848
vt 0.716309 0.318848
vt 0.708496 0.324219
vt 0.708496 0.326660
vt 0.739258 0.326660
vt 0.715332 0.929871
vt 0.206909 0.394531
vt 0.206909 0.388672
vt 0.208984 0.388672
vt 0.208984 0.394531
vt 0.724609 0.281738
vt 0.879883 0.301270
vt 0.880371 0.277344
vt 0.880371 0.303223
vt 0.879883 0.279297
vt 0.879395 0.281250
vt 0.879395 0.299316
vt 0.204834 0.394531
vt 0.204834 0.388672
vt 0.203369 0.394531
vt 0.237183 0.480957
vt 0.239258 0.479980
vt 0.237427 0.481445
vt 0.236694 0.480957
vt 0.242310 0.480957
vt 0.300537 0.479980
vt 0.079834 0.688721
vt 0.144287 0.688721
vt 0.079956 0.689453
vt 0.069519 0.689453
vt 0.236206 0.480957
vt 0.229370 0.479980
vt 0.241821 0.480957
vt 0.241333 0.480957
vt 0.241089 0.481445
vt 0.194214 0.166992
vt 0.192749 0.166992
vt 0.194214 0.161133
vt 0.610352 0.115723
vt 0.610352 0.100098
vt 0.616211 0.115723
vt 0.616211 0.100098
vt 0.192749 0.161133
vt 0.878418 0.298340
vt 0.878418 0.282715
vt 0.203369 0.388672
vt 0.190674 0.166992
vt 0.190674 0.161133
vt 0.188599 0.166992
vt 0.724609 0.255859
vt 0.724609 0.001953
vt 0.188599 0.161133
vt 0.064453 0.688721
vt 0.068604 0.689697
vt 0.229370 0.480957
vt 0.228516 0.480957
vt 0.228516 0.479980
vt 0.064087 0.689697
vt 0.067932 0.690674
vt 0.227661 0.480957
vt 0.227661 0.479004
vt 0.063660 0.690674
vt 0.708496 0.331055
vt 0.724121 0.333496
vt 0.708496 0.333496
vt 0.727539 0.331543
vt 0.722168 0.336914
vt 0.540039 0.423340
vt 0.538086 0.408691
vt 0.540039 0.410156
vt 0.541504 0.420410
vt 0.541504 0.413086
vt 0.708496 0.336914
vt 0.541992 0.416992
vt 0.721191 0.340820
vt 0.708496 0.340820
vt 0.067993 0.678467
vt 0.063904 0.679199
vt 0.063782 0.678223
vt 0.721191 0.716553
vt 0.721191 0.703125
vt 0.725098 0.715820
vt 0.725098 0.703125
vt 0.067749 0.691650
vt 0.063538 0.691650
vt 0.068115 0.679443
vt 0.226807 0.480957
vt 0.227417 0.478027
vt 0.226807 0.475586
vt 0.227661 0.477539
vt 0.708496 0.733887
vt 0.702637 0.712891
vt 0.703125 0.711182
vt 0.701172 0.716309
vt 0.226318 0.480957
vt 0.226318 0.475586
vt 0.227661 0.475586
vt 0.708496 0.702881
vt 0.224365 0.475586
vt 0.703125 0.702881
vt 0.526367 0.427246
vt 0.531738 0.406250
vt 0.531738 0.427246
vt 0.526367 0.406250
vt 0.224365 0.480957
vt 0.708496 0.318848
vt 0.534180 0.427246
vt 0.710938 0.703125
vt 0.710449 0.733887
vt 0.712891 0.703125
vt 0.536133 0.407227
vt 0.536133 0.426270
vt 0.534180 0.406250
vt 0.708496 0.328613
vt 0.739746 0.328613
vt 0.538086 0.425293
vt 0.711914 0.923340
vt 0.717773 0.929077
vt 0.719727 0.927795
vt 0.740234 0.331055
vt 0.731445 0.331543
vt 0.079468 0.687012
vt 0.064270 0.687988
vt 0.063721 0.687012
vt 0.734863 0.333496
vt 0.079651 0.687988
vt 0.079285 0.686035
vt 0.143433 0.686768
vt 0.143188 0.686035
vt 0.079285 0.685303
vt 0.144043 0.686523
vt 0.143799 0.685547
vt 0.143066 0.685059
vt 0.144287 0.687256
vt 0.144409 0.686035
vt 0.145020 0.686279
vt 0.143677 0.687500
vt 0.144653 0.687256
vt 0.144043 0.688232
vt 0.144775 0.687744
vt 0.144897 0.688477
vt 0.145752 0.687744
vt 0.145386 0.687256
vt 0.145508 0.686523
vt 0.146484 0.686279
vt 0.146118 0.686035
vt 0.145752 0.685303
vt 0.146240 0.685303
vt 0.146606 0.685303
vt 0.146118 0.684326
vt 0.145630 0.683594
vt 0.146484 0.684326
vt 0.145020 0.684082
vt 0.144775 0.683105
vt 0.145142 0.683105
vt 0.145874 0.682861
vt 0.145020 0.682617
vt 0.302734 0.475586
vt 0.302246 0.477539
vt 0.301514 0.477051
vt 0.301025 0.476563
vt 0.145020 0.681885
vt 0.144165 0.682129
vt 0.144409 0.681641
vt 0.300537 0.476563
vt 0.242310 0.475586
vt 0.239258 0.476563
vt 0.079956 0.681641
vt 0.080078 0.680908
vt 0.064575 0.681152
vt 0.069702 0.680420
vt 0.079773 0.682373
vt 0.143799 0.682861
vt 0.079529 0.683350
vt 0.143433 0.683594
vt 0.144409 0.683350
vt 0.144165 0.683838
vt 0.143799 0.684814
vt 0.143188 0.684326
vt 0.144409 0.684326
vt 0.144043 0.685059
vt 0.145020 0.685303
vt 0.079346 0.684326
vt 0.063782 0.682861
vt 0.063232 0.683838
vt 0.721191 0.731689
vt 0.717773 0.735352
vt 0.717773 0.729248
vt 0.721191 0.734619
vt 0.724609 0.732422
vt 0.063049 0.684814
vt 0.739746 0.336914
vt 0.737793 0.340820
vt 0.737305 0.336914
vt 0.063232 0.686035
vt 0.724609 0.734131
vt 0.739746 0.340820
vt 0.569824 0.205566
vt 0.571777 0.215820
vt 0.569824 0.212891
vt 0.571777 0.202637
vt 0.740723 0.333496
vt 0.568848 0.209473
vt 0.721191 0.926086
vt 0.719238 0.923340
vt 0.573730 0.205078
vt 0.375244 0.145020
vt 0.375244 0.136230
vt 0.382324 0.145020
vt 0.573730 0.213379
vt 0.382324 0.136230
vt 0.007690 0.938080
vt 0.011139 0.931519
vt 0.012650 0.932617
vt 0.005501 0.937256
vt 0.003540 0.935974
vt 0.001950 0.934265
vt 0.004021 0.931519
vt 0.715820 0.726074
vt 0.715332 0.734619
vt 0.712891 0.734131
vt 0.715820 0.722412
vt 0.064392 0.682129
vt 0.715332 0.703125
vt 0.717773 0.718994
vt 0.068787 0.680176
vt 0.064209 0.680176
vt 0.228516 0.476563
vt 0.228516 0.475586
vt 0.229370 0.476563
vt 0.698242 0.718750
vt 0.694824 0.719482
vt 0.229370 0.475586
vt 0.666016 0.725342
vt 0.666016 0.719482
vt 0.236206 0.475586
vt 0.187744 0.362793
vt 0.189941 0.356934
vt 0.189941 0.362793
vt 0.884766 0.203613
vt 0.884277 0.179688
vt 0.884766 0.177734
vt 0.187744 0.356934
vt 0.884277 0.201660
vt 0.883301 0.199707
vt 0.883301 0.181641
vt 0.185669 0.362793
vt 0.236694 0.475586
vt 0.185669 0.356934
vt 0.237183 0.475586
vt 0.184326 0.362793
vt 0.184326 0.356934
vt 0.237427 0.475098
vt 0.616211 0.133301
vt 0.610352 0.117676
vt 0.616211 0.117676
vt 0.610352 0.133301
vt 0.241089 0.475098
vt 0.208496 0.054199
vt 0.207153 0.054199
vt 0.208496 0.048340
vt 0.241455 0.475586
vt 0.207153 0.048340
vt 0.204956 0.054199
vt 0.204956 0.048340
vt 0.241821 0.475586
vt 0.202881 0.054199
vt 0.202881 0.048340
vt 0.882813 0.198730
vt 0.882813 0.183105
vt 0.717773 0.703125
vt 0.302246 0.478516
vt 0.306396 0.473633
vt 0.301514 0.479492
vt 0.301025 0.479980
vt 0.010002 0.938385
vt 0.014198 0.933044
vt 0.739258 0.024414
vt 0.413574 0.929993
vt 0.409180 0.929565
vt 0.038696 0.119629
vt 0.721680 0.002441
vt 0.716797 0.011230
vt 0.716797 0.001953
vt 0.722168 0.011230
vt 0.054199 0.119629
vt 0.315674 0.958588
vt 0.331055 0.961548
vt 0.312744 0.961548
vt 0.331055 0.958588
vt 0.721191 0.001953
vt 0.727539 0.830688
vt 0.744141 0.828979
vt 0.745605 0.830688
vt 0.746582 0.828979
vt 0.357666 0.608643
vt 0.361328 0.616699
vt 0.357666 0.616699
vt 0.899902 0.777222
vt 0.898438 0.780640
vt 0.363281 0.617432
vt 0.363525 0.617188
vt 0.363525 0.608643
vt 0.727539 0.828979
vt 0.882813 0.850952
vt 0.889160 0.850708
vt 0.888672 0.851074
vt 0.871094 0.844482
vt 0.877441 0.849609
vt 0.351807 0.608643
vt 0.742188 0.327148
vt 0.982910 0.702148
vt 0.722168 0.002441
vt 0.750977 0.326660
vt 0.726074 0.830688
vt 0.726074 0.828979
vt 0.332764 0.958588
vt 0.332764 0.961548
vt 0.027435 0.121094
vt 0.035400 0.119141
vt 0.037018 0.119629
vt 0.023621 0.124023
vt 0.334473 0.958588
vt 0.020584 0.127930
vt 0.018875 0.676758
vt 0.018875 0.680420
vt 0.013977 0.680420
vt 0.023758 0.676758
vt 0.013977 0.676758
vt 0.018463 0.132324
vt 0.023758 0.680420
vt 0.028656 0.676758
vt 0.017365 0.137207
vt 0.031113 0.676758
vt 0.031113 0.680420
vt 0.017227 0.139648
vt 0.028656 0.680420
vt 0.685059 0.032227
vt 0.685547 0.032227
vt 0.684570 0.034668
vt 0.685547 0.034668
vt 0.685547 0.036133
vt 0.683594 0.039063
vt 0.159058 0.316895
vt 0.159058 0.298828
vt 0.160522 0.299805
vt 0.157593 0.316895
vt 0.155029 0.316406
vt 0.157593 0.298828
vt 0.155029 0.298828
vt 0.152466 0.298828
vt 0.152466 0.316895
vt 0.684570 0.029785
vt 0.685547 0.029297
vt 0.685547 0.027832
vt 0.683594 0.024902
vt 0.033569 0.676758
vt 0.038452 0.680420
vt 0.033569 0.680420
vt 0.017365 0.142090
vt 0.681641 0.043945
vt 0.684570 0.045410
vt 0.679199 0.047852
vt 0.681641 0.050293
vt 0.676270 0.051758
vt 0.009087 0.680420
vt 0.457275 0.466309
vt 0.463379 0.463379
vt 0.457520 0.464355
vt 0.457275 0.461914
vt 0.462158 0.458008
vt 0.456787 0.459961
vt 0.994629 0.586426
vt 0.997070 0.586426
vt 0.994629 0.587891
vt 0.997070 0.584717
vt 0.994629 0.584717
vt 0.994629 0.583252
vt 0.997070 0.583252
vt 0.370605 0.953766
vt 0.368652 0.961578
vt 0.368652 0.953766
vt 0.366943 0.961578
vt 0.366943 0.953766
vt 0.691406 0.830688
vt 0.693359 0.828979
vt 0.693359 0.830688
vt 0.694824 0.828979
vt 0.694824 0.830688
vt 0.370605 0.961578
vt 0.691406 0.828979
vt 0.689453 0.830688
vt 0.372314 0.953766
vt 0.372314 0.961578
vt 0.374268 0.953766
vt 0.994629 0.581543
vt 0.997070 0.580078
vt 0.997070 0.581543
vt 0.456543 0.468262
vt 0.994629 0.580078
vt 0.374268 0.961578
vt 0.687500 0.830688
vt 0.689453 0.828979
vt 0.696777 0.828979
vt 0.696777 0.830688
vt 0.364990 0.961578
vt 0.698730 0.828979
vt 0.364990 0.953766
vt 0.363281 0.961578
vt 0.698730 0.830688
vt 0.700684 0.828979
vt 0.904297 0.811157
vt 0.903320 0.815063
vt 0.905762 0.814575
vt 0.700684 0.830688
vt 0.905273 0.811157
vt 0.908203 0.813599
vt 0.703125 0.830688
vt 0.703125 0.828979
vt 0.360596 0.953766
vt 0.360596 0.961578
vt 0.357422 0.961578
vt 0.363281 0.953766
vt 0.357422 0.953766
vt 0.994629 0.592041
vt 0.997070 0.589844
vt 0.997070 0.592041
vt 0.997070 0.594238
vt 0.994629 0.589844
vt 0.453857 0.456543
vt 0.457031 0.455078
vt 0.455811 0.458496
vt 0.456055 0.454102
vt 0.452637 0.454102
vt 0.994629 0.594238
vt 0.455566 0.453125
vt 0.452637 0.451660
vt 0.994629 0.596680
vt 0.453613 0.449219
vt 0.455566 0.451660
vt 0.997070 0.596680
vt 0.994629 0.598877
vt 0.997070 0.598877
vt 0.354492 0.953766
vt 0.351318 0.961578
vt 0.351318 0.953766
vt 0.354492 0.961578
vt 0.705566 0.828979
vt 0.705566 0.830688
vt 0.708496 0.828979
vt 0.708496 0.830688
vt 0.710938 0.828979
vt 0.907227 0.808716
vt 0.910645 0.806641
vt 0.910645 0.809204
vt 0.907227 0.809692
vt 0.910156 0.811646
vt 0.484375 0.497070
vt 0.485596 0.487793
vt 0.485596 0.497070
vt 0.484375 0.487793
vt 0.483398 0.497070
vt 0.906250 0.810669
vt 0.483154 0.487793
vt 0.482178 0.497070
vt 0.481934 0.486816
vt 0.482178 0.487793
vt 0.483154 0.486816
vt 0.480957 0.487793
vt 0.481201 0.497070
vt 0.480713 0.486816
vt 0.495850 0.497070
vt 0.497070 0.487793
vt 0.497070 0.497070
vt 0.495850 0.487793
vt 0.496094 0.486816
vt 0.497314 0.486816
vt 0.458496 0.455566
vt 0.459717 0.455078
vt 0.494873 0.487793
vt 0.494873 0.486816
vt 0.460938 0.454590
vt 0.493652 0.487793
vt 0.493652 0.486816
vt 0.462402 0.452637
vt 0.461426 0.453125
vt 0.492432 0.486816
vt 0.461426 0.451660
vt 0.678223 0.054199
vt 0.672363 0.055176
vt 0.674316 0.057617
vt 0.463623 0.447754
vt 0.672363 0.056152
vt 0.009079 0.676758
vt 0.004189 0.680420
vt 0.004189 0.676758
vt 0.003040 0.676758
vt 0.003040 0.680908
vt 0.001950 0.676758
vt 0.002100 0.681885
vt 0.672363 0.057617
vt 0.339600 0.953766
vt 0.337891 0.958618
vt 0.337891 0.953674
vt 0.994629 0.609131
vt 0.997070 0.608643
vt 0.997070 0.610596
vt 0.339600 0.961578
vt 0.994629 0.608643
vt 0.342041 0.953766
vt 0.994629 0.605957
vt 0.997070 0.605957
vt 0.462891 0.447754
vt 0.460938 0.450684
vt 0.460449 0.446777
vt 0.459961 0.449707
vt 0.490234 0.486816
vt 0.489014 0.487793
vt 0.489014 0.486816
vt 0.490234 0.487793
vt 0.491455 0.486816
vt 0.489014 0.497070
vt 0.491455 0.487793
vt 0.490234 0.497070
vt 0.491455 0.497070
vt 0.492432 0.487793
vt 0.492432 0.497070
vt 0.902832 0.807617
vt 0.901367 0.799683
vt 0.903320 0.806641
vt 0.493652 0.497070
vt 0.902832 0.801025
vt 0.722656 0.830688
vt 0.720703 0.828979
vt 0.722656 0.828979
vt 0.724121 0.828979
vt 0.724121 0.830688
vt 0.720703 0.830688
vt 0.336182 0.961548
vt 0.336182 0.958588
vt 0.337891 0.961548
vt 0.334473 0.961548
vt 0.032684 0.118164
vt 0.033966 0.118164
vt 0.031830 0.118652
vt 0.032745 0.117188
vt 0.718750 0.830688
vt 0.718750 0.828979
vt 0.716309 0.828979
vt 0.904297 0.806274
vt 0.904297 0.802124
vt 0.905273 0.806274
vt 0.906738 0.802979
vt 0.716309 0.830688
vt 0.906250 0.806641
vt 0.909180 0.804443
vt 0.713379 0.828979
vt 0.342041 0.961578
vt 0.713379 0.830688
vt 0.345215 0.953766
vt 0.345215 0.961578
vt 0.994629 0.603516
vt 0.997070 0.603516
vt 0.348389 0.953766
vt 0.997070 0.601318
vt 0.348389 0.961578
vt 0.994629 0.601318
vt 0.710938 0.830688
vt 0.455322 0.447266
vt 0.457275 0.449707
vt 0.456055 0.450195
vt 0.458008 0.446289
vt 0.486816 0.486816
vt 0.485596 0.486816
vt 0.484375 0.486816
vt 0.487793 0.486816
vt 0.486816 0.487793
vt 0.458496 0.449219
vt 0.487793 0.487793
vt 0.486816 0.497070
vt 0.487793 0.497070
vt 0.907227 0.807617
vt 0.494873 0.497070
vt 0.997070 0.587891
vt 0.302734 0.473633
vt 0.672363 0.062988
vt 0.671875 0.062988
vt 0.757813 0.637695
vt 0.671875 0.061523
vt 0.756836 0.656982
vt 0.756836 0.637695
vt 0.672363 0.062012
vt 0.755859 0.656982
vt 0.755859 0.637695
vt 0.848633 0.837402
vt 0.417725 0.299805
vt 0.835938 0.882935
vt 0.309814 0.485352
vt 0.310059 0.484863
vt 0.309814 0.484863
vt 0.417236 0.312012
vt 0.417236 0.312988
vt 0.418213 0.312012
vt 0.309326 0.485352
vt 0.417236 0.310547
vt 0.309326 0.484863
vt 0.054047 0.001953
vt 0.056366 0.001953
vt 0.308594 0.484863
vt 0.309082 0.484375
vt 0.308350 0.484375
vt 0.054077 0.004395
vt 0.051727 0.001953
vt 0.051727 0.004395
vt 0.982910 0.563721
vt 0.986328 0.560547
vt 0.986328 0.563721
vt 0.846191 0.887451
vt 0.843262 0.883545
vt 0.421631 0.310547
vt 0.049438 0.004395
vt 0.049438 0.001953
vt 0.308105 0.483887
vt 0.417236 0.308105
vt 0.047668 0.004395
vt 0.440430 0.002441
vt 0.851563 0.042480
vt 0.851563 0.041504
vt 0.852051 0.042480
vt 0.530762 0.510254
vt 0.531738 0.491211
vt 0.856445 0.881531
vt 0.866211 0.192383
vt 0.866211 0.209473
vt 0.858398 0.192383
vt 0.364990 0.985657
vt 0.364990 0.993622
vt 0.562012 0.715088
vt 0.858398 0.209473
vt 0.054108 0.159668
vt 0.479980 0.958618
vt 0.482910 0.961578
vt 0.860840 0.815796
vt 0.858887 0.815063
vt 0.327148 0.357422
vt 0.327148 0.359375
vt 0.325439 0.357422
vt 0.325439 0.359375
vt 0.323730 0.357422
vt 0.430664 0.953766
vt 0.432373 0.961548
vt 0.430664 0.961548
vt 0.428711 0.953766
vt 0.428711 0.961548
vt 0.323730 0.359375
vt 0.322021 0.357422
vt 0.427002 0.953766
vt 0.427002 0.961548
vt 0.425049 0.953766
vt 0.425049 0.961548
vt 0.322021 0.359375
vt 0.320313 0.357422
vt 0.320313 0.359375
vt 0.862305 0.816895
vt 0.997070 0.536133
vt 0.432373 0.953766
vt 0.329346 0.357422
vt 0.435059 0.961548
vt 0.444336 0.953766
vt 0.447510 0.961548
vt 0.339355 0.357422
vt 0.339355 0.359375
vt 0.447510 0.953766
vt 0.995117 0.520264
vt 0.997070 0.522705
vt 0.995117 0.522705
vt 0.997070 0.524902
vt 0.219116 0.348145
vt 0.218506 0.344727
vt 0.220947 0.345703
vt 0.995117 0.524902
vt 0.217773 0.347656
vt 0.215942 0.345215
vt 0.854980 0.807617
vt 0.851563 0.806641
vt 0.854492 0.808716
vt 0.216431 0.348145
vt 0.060272 0.676758
vt 0.060120 0.681885
vt 0.424561 0.284180
vt 0.250732 0.735352
vt 0.421387 0.283203
vt 0.423828 0.285645
vt 0.242065 0.735352
vt 0.420410 0.284668
vt 0.423096 0.286621
vt 0.250732 0.734131
vt 0.816406 0.020996
vt 0.242065 0.734131
vt 0.815918 0.021973
vt 0.250732 0.732910
vt 0.242065 0.732910
vt 0.814941 0.023438
vt 0.250732 0.731445
vt 0.242065 0.731445
vt 0.814941 0.024414
vt 0.242065 0.730957
vt 0.250732 0.730957
vt 0.419189 0.288086
vt 0.422607 0.289063
vt 0.419189 0.289551
vt 0.422852 0.287598
vt 0.422607 0.289551
vt 0.250732 0.730225
vt 0.422607 0.290527
vt 0.419189 0.291504
vt 0.422852 0.291504
vt 0.242065 0.730225
vt 0.242065 0.729004
vt 0.250732 0.729004
vt 0.814941 0.025879
vt 0.814941 0.026855
vt 0.242065 0.727539
vt 0.815918 0.028320
vt 0.250732 0.727539
vt 0.242065 0.726318
vt 0.816406 0.029297
vt 0.250732 0.726318
vt 0.419678 0.293457
vt 0.423096 0.292969
vt 0.420410 0.294922
vt 0.423828 0.293945
vt 0.421387 0.296387
vt 0.424561 0.294922
vt 0.814941 0.025391
vt 0.419678 0.286133
vt 0.995117 0.547607
vt 0.995117 0.546631
vt 0.994629 0.567139
vt 0.422363 0.297852
vt 0.425537 0.295898
vt 0.390137 0.961578
vt 0.423096 0.298340
vt 0.672363 0.830688
vt 0.424805 0.297852
vt 0.672363 0.828979
vt 0.865234 0.085449
vt 0.325684 0.627441
vt 0.325684 0.635498
vt 0.431641 0.331055
vt 0.435303 0.326660
vt 0.431641 0.332520
vt 0.514160 0.469727
vt 0.518066 0.470703
vt 0.514160 0.470703
vt 0.518066 0.469727
vt 0.435303 0.337891
vt 0.431152 0.333496
vt 0.514160 0.468262
vt 0.430176 0.334473
vt 0.514160 0.466797
vt 0.518555 0.468262
vt 0.188477 0.596680
vt 0.192383 0.597656
vt 0.188232 0.596924
vt 0.187988 0.597168
vt 0.519531 0.466797
vt 0.514160 0.465820
vt 0.520020 0.465820
vt 0.188599 0.596191
vt 0.192383 0.596924
vt 0.439697 0.078125
vt 0.439209 0.078125
vt 0.439697 0.075195
vt 0.192383 0.595947
vt 0.440430 0.081543
vt 0.439453 0.080078
vt 0.670898 0.610352
vt 0.669434 0.609863
vt 0.670410 0.585449
vt 0.668945 0.585449
vt 0.672852 0.585449
vt 0.439941 0.082031
vt 0.675293 0.609863
vt 0.674316 0.585205
vt 0.673340 0.610352
vt 0.092346 0.041992
vt 0.091980 0.043457
vt 0.091187 0.043945
vt 0.091919 0.041016
vt 0.092773 0.041504
vt 0.092957 0.039063
vt 0.841797 0.358398
vt 0.842285 0.368164
vt 0.841797 0.368164
vt 0.842285 0.343750
vt 0.800293 0.388184
vt 0.797363 0.397949
vt 0.797363 0.388184
vt 0.800293 0.397949
vt 0.292725 0.114746
vt 0.295654 0.109863
vt 0.295654 0.114746
vt 0.836914 0.343750
vt 0.836914 0.358398
vt 0.704590 0.484375
vt 0.704590 0.499512
vt 0.704102 0.499023
vt 0.292725 0.109863
vt 0.294922 0.108887
vt 0.292725 0.108887
vt 0.701660 0.483887
vt 0.701660 0.499023
vt 0.704102 0.483887
vt 0.075867 0.023926
vt 0.075867 0.022949
vt 0.076477 0.022461
vt 0.075745 0.022949
vt 0.076965 0.023926
vt 0.076416 0.024902
vt 0.075745 0.024902
vt 0.075378 0.024414
vt 0.675781 0.610352
vt 0.075684 0.023926
vt 0.077087 0.024902
vt 0.555664 0.023926
vt 0.555176 0.023438
vt 0.555664 0.023438
vt 0.555664 0.024414
vt 0.555176 0.023926
vt 0.686523 0.051758
vt 0.685059 0.051270
vt 0.686523 0.051270
vt 0.685059 0.051758
vt 0.686523 0.052734
vt 0.555176 0.024414
vt 0.555176 0.024902
vt 0.686523 0.053223
vt 0.685059 0.053223
vt 0.685059 0.052734
vt 0.131836 0.014160
vt 0.131226 0.016602
vt 0.131348 0.014160
vt 0.132324 0.014160
vt 0.132813 0.014648
vt 0.133179 0.014648
vt 0.133423 0.015137
vt 0.133667 0.015625
vt 0.129761 0.018555
vt 0.130249 0.019043
vt 0.129517 0.018066
vt 0.129517 0.014648
vt 0.130737 0.019043
vt 0.131348 0.019043
vt 0.129761 0.014648
vt 0.131836 0.019043
vt 0.132324 0.018555
vt 0.132813 0.018555
vt 0.133179 0.018066
vt 0.133423 0.017578
vt 0.133667 0.017090
vt 0.134033 0.017090
vt 0.134277 0.016602
vt 0.134277 0.016113
vt 0.134033 0.016113
vt 0.130249 0.014160
vt 0.130737 0.014160
vt 0.686523 0.050293
vt 0.685059 0.050293
vt 0.685059 0.049805
vt 0.686523 0.050781
vt 0.685059 0.050781
vt 0.129395 0.014648
vt 0.686523 0.049805
vt 0.430664 0.368652
vt 0.435791 0.360352
vt 0.430664 0.374512
vt 0.430176 0.360352
vt 0.430176 0.368652
vt 0.435547 0.358887
vt 0.951172 0.502930
vt 0.952148 0.503906
vt 0.950684 0.503906
vt 0.951660 0.519043
vt 0.432373 0.375977
vt 0.435547 0.375977
vt 0.950195 0.519531
vt 0.952148 0.519531
vt 0.073608 0.025391
vt 0.073486 0.025391
vt 0.072571 0.024902
vt 0.687988 0.434082
vt 0.687500 0.449219
vt 0.682617 0.434082
vt 0.687988 0.449219
vt 0.682617 0.449219
vt 0.687988 0.458496
vt 0.687500 0.458496
vt 0.601074 0.261230
vt 0.598145 0.270996
vt 0.598145 0.261230
vt 0.601074 0.270996
vt 0.392822 0.207031
vt 0.390137 0.211914
vt 0.390137 0.207031
vt 0.392822 0.211914
vt 0.390625 0.212891
vt 0.617188 0.083008
vt 0.617188 0.098145
vt 0.616699 0.097656
vt 0.616699 0.082520
vt 0.392822 0.212891
vt 0.614258 0.082520
vt 0.614258 0.097656
vt 0.611816 0.082520
vt 0.074402 0.024902
vt 0.072998 0.023926
vt 0.073425 0.023926
vt 0.072632 0.024414
vt 0.668945 0.610596
vt 0.075134 0.024902
vt 0.074829 0.024414
vt 0.074585 0.025391
vt 0.073608 0.023438
vt 0.074524 0.024414
vt 0.560547 0.589111
vt 0.560059 0.574219
vt 0.565430 0.574219
vt 0.565430 0.589111
vt 0.611816 0.097656
vt 0.610840 0.083008
vt 0.610840 0.098145
vt 0.395752 0.211914
vt 0.395752 0.207031
vt 0.395264 0.212891
vt 0.560059 0.598633
vt 0.560547 0.598633
vt 0.604004 0.261230
vt 0.604004 0.270996
vt 0.438721 0.078125
vt 0.438721 0.075195
vt 0.555664 0.022461
vt 0.555176 0.021973
vt 0.555664 0.021973
vt 0.555176 0.021484
vt 0.074097 0.025879
vt 0.555664 0.021484
vt 0.555176 0.022461
vt 0.439209 0.072754
vt 0.439697 0.072754
vt 0.951660 0.501221
vt 0.952148 0.494629
vt 0.951660 0.494629
vt 0.440430 0.072266
vt 0.439941 0.071777
vt 0.435303 0.357422
vt 0.434814 0.350586
vt 0.435547 0.350586
vt 0.428711 0.357422
vt 0.428711 0.343262
vt 0.189697 0.598145
vt 0.192383 0.598389
vt 0.434814 0.339844
vt 0.508789 0.454102
vt 0.508789 0.440430
vt 0.509277 0.453125
vt 0.423096 0.339844
vt 0.422852 0.343262
vt 0.392578 0.692627
vt 0.386719 0.693848
vt 0.386719 0.692627
vt 0.392578 0.693848
vt 0.392578 0.694824
vt 0.386719 0.694824
vt 0.509766 0.452148
vt 0.510742 0.451172
vt 0.392578 0.696289
vt 0.512207 0.451172
vt 0.386719 0.696289
vt 0.392578 0.697754
vt 0.386719 0.697754
vt 0.491211 0.082520
vt 0.489502 0.090332
vt 0.489990 0.083496
vt 0.492676 0.082031
vt 0.423096 0.337891
vt 0.435059 0.338867
vt 0.423096 0.338867
vt 0.489990 0.090820
vt 0.489258 0.089355
vt 0.428955 0.334473
vt 0.427734 0.334473
vt 0.426758 0.333496
vt 0.426025 0.332031
vt 0.492676 0.110352
vt 0.489990 0.103516
vt 0.426025 0.331055
vt 0.423096 0.325684
vt 0.514160 0.461914
vt 0.520996 0.463379
vt 0.514160 0.463379
vt 0.520996 0.461914
vt 0.514160 0.460449
vt 0.520996 0.460449
vt 0.187744 0.595459
vt 0.192383 0.595215
vt 0.187988 0.595459
vt 0.188232 0.595703
vt 0.520996 0.459473
vt 0.187378 0.595703
vt 0.186646 0.595215
vt 0.187256 0.595947
vt 0.185181 0.595459
vt 0.185181 0.594727
vt 0.186646 0.594482
vt 0.186646 0.595947
vt 0.177002 0.594238
vt 0.185181 0.596436
vt 0.177002 0.594727
vt 0.176270 0.594238
vt 0.177002 0.595459
vt 0.176270 0.594971
vt 0.176270 0.593750
vt 0.175659 0.594971
vt 0.175659 0.593994
vt 0.176147 0.593018
vt 0.176880 0.593506
vt 0.185181 0.593994
vt 0.176880 0.592773
vt 0.176025 0.592529
vt 0.185181 0.593262
vt 0.176758 0.592041
vt 0.174805 0.609375
vt 0.175171 0.608887
vt 0.175659 0.609863
vt 0.174316 0.609131
vt 0.175415 0.592773
vt 0.175781 0.609131
vt 0.174683 0.607910
vt 0.175293 0.608154
vt 0.183960 0.610352
vt 0.175903 0.608398
vt 0.183838 0.611328
vt 0.185425 0.611084
vt 0.185547 0.610352
vt 0.184082 0.609619
vt 0.185669 0.609619
vt 0.184204 0.608887
vt 0.176147 0.607666
vt 0.176147 0.607178
vt 0.184326 0.608154
vt 0.185791 0.608887
vt 0.185913 0.607910
vt 0.191528 0.609619
vt 0.191406 0.610352
vt 0.447510 0.029297
vt 0.446289 0.031250
vt 0.447021 0.028320
vt 0.447021 0.031250
vt 0.140137 0.194336
vt 0.140015 0.195801
vt 0.138916 0.192871
vt 0.191284 0.611084
vt 0.139282 0.192383
vt 0.911133 0.268066
vt 0.909180 0.292969
vt 0.908691 0.268066
vt 0.907715 0.292480
vt 0.906738 0.268066
vt 0.140625 0.195801
vt 0.140991 0.195801
vt 0.141357 0.198730
vt 0.140381 0.199219
vt 0.567383 0.601563
vt 0.567871 0.592285
vt 0.567871 0.601563
vt 0.567383 0.577148
vt 0.192383 0.592773
vt 0.186646 0.592041
vt 0.192383 0.592041
vt 0.191162 0.611816
vt 0.140747 0.201660
vt 0.140015 0.202148
vt 0.140259 0.203613
vt 0.141113 0.201660
vt 0.791992 0.485840
vt 0.792480 0.495117
vt 0.791992 0.495117
vt 0.918945 0.485840
vt 0.917969 0.460938
vt 0.919434 0.461426
vt 0.792480 0.470703
vt 0.610352 0.827637
vt 0.610352 0.837158
vt 0.607422 0.837158
vt 0.607422 0.827637
vt 0.117493 0.113770
vt 0.114624 0.118164
vt 0.114624 0.113281
vt 0.787109 0.470703
vt 0.787109 0.485840
vt 0.117493 0.118652
vt 0.115173 0.119141
vt 0.168091 0.674561
vt 0.168091 0.659668
vt 0.168945 0.660156
vt 0.120361 0.118164
vt 0.119873 0.119141
vt 0.117493 0.119141
vt 0.171143 0.675049
vt 0.171265 0.660156
vt 0.173584 0.660156
vt 0.168701 0.675049
vt 0.078491 0.024902
vt 0.079407 0.023926
vt 0.079834 0.023926
vt 0.079285 0.025391
vt 0.080200 0.024414
vt 0.173462 0.675049
vt 0.174194 0.674561
vt 0.080261 0.024902
vt 0.572754 0.577148
vt 0.572754 0.592285
vt 0.079407 0.025391
vt 0.174438 0.659668
vt 0.906738 0.293457
vt 0.078247 0.025391
vt 0.078735 0.025879
vt 0.079590 0.025879
vt 0.555664 0.025879
vt 0.555176 0.025879
vt 0.555664 0.025391
vt 0.555176 0.026367
vt 0.555664 0.026367
vt 0.079041 0.026367
vt 0.555176 0.027344
vt 0.555664 0.027344
vt 0.079773 0.026367
vt 0.079285 0.026855
vt 0.079956 0.026855
vt 0.914063 0.292969
vt 0.911621 0.292969
vt 0.913086 0.292480
vt 0.880859 0.011230
vt 0.880371 0.025879
vt 0.875488 0.011230
vt 0.079895 0.026855
vt 0.081177 0.026855
vt 0.880859 0.035645
vt 0.912598 0.268066
vt 0.875488 0.025879
vt 0.880371 0.035645
vt 0.844238 0.811279
vt 0.841309 0.820801
vt 0.841309 0.811279
vt 0.844238 0.820801
vt 0.352783 0.056641
vt 0.349854 0.061523
vt 0.349854 0.056641
vt 0.352783 0.061523
vt 0.350586 0.062500
vt 0.715820 0.292969
vt 0.715332 0.307617
vt 0.715332 0.292480
vt 0.352783 0.062500
vt 0.718262 0.292969
vt 0.718262 0.307617
vt 0.716309 0.308105
vt 0.081299 0.026855
vt 0.081299 0.027344
vt 0.720703 0.292969
vt 0.720703 0.307617
vt 0.079956 0.027832
vt 0.081299 0.028320
vt 0.079529 0.027344
vt 0.079407 0.027832
vt 0.079285 0.027832
vt 0.079773 0.028809
vt 0.464355 0.588135
vt 0.462158 0.588135
vt 0.462646 0.587402
vt 0.081177 0.028320
vt 0.079895 0.028320
vt 0.854980 0.101074
vt 0.855469 0.115723
vt 0.850098 0.115723
vt 0.850098 0.101074
vt 0.721680 0.292480
vt 0.721680 0.307617
vt 0.355713 0.061523
vt 0.355713 0.056641
vt 0.355225 0.062500
vt 0.855469 0.091309
vt 0.846680 0.811279
vt 0.846680 0.820801
vt 0.854980 0.091309
vt 0.447754 0.023926
vt 0.447021 0.024902
vt 0.447510 0.023926
vt 0.446289 0.021973
vt 0.447021 0.021973
vt 0.465088 0.562988
vt 0.463379 0.562988
vt 0.467285 0.562988
vt 0.728516 0.346680
vt 0.729492 0.344727
vt 0.729980 0.345215
vt 0.466797 0.588135
vt 0.468506 0.587646
vt 0.468994 0.563232
vt 0.729004 0.348145
vt 0.728027 0.348145
vt 0.079041 0.028809
vt 0.079590 0.029297
vt 0.078735 0.029297
vt 0.079285 0.029785
vt 0.468994 0.588135
vt 0.078247 0.029785
vt 0.078491 0.030273
vt 0.079895 0.030762
vt 0.080261 0.030273
vt 0.080322 0.030273
vt 0.079407 0.029297
vt 0.854492 0.789673
vt 0.854492 0.774902
vt 0.855469 0.775269
vt 0.855469 0.790283
vt 0.866211 0.750977
vt 0.871582 0.765991
vt 0.866211 0.765991
vt 0.871582 0.750977
vt 0.380615 0.196777
vt 0.377686 0.201660
vt 0.377686 0.196777
vt 0.871582 0.775391
vt 0.852051 0.816650
vt 0.852051 0.826172
vt 0.849121 0.826172
vt 0.849121 0.816650
vt 0.383301 0.201660
vt 0.383301 0.196777
vt 0.854980 0.816650
vt 0.854980 0.826172
vt 0.380615 0.201660
vt 0.382813 0.202148
vt 0.380615 0.202637
vt 0.378174 0.202148
vt 0.850098 0.789795
vt 0.852051 0.774902
vt 0.852539 0.789795
vt 0.849121 0.775269
vt 0.850098 0.774902
vt 0.849121 0.790283
vt 0.079468 0.031250
vt 0.079285 0.031250
vt 0.078369 0.030273
vt 0.565918 0.396484
vt 0.571289 0.381348
vt 0.571289 0.396484
vt 0.565918 0.381348
vt 0.135620 0.417480
vt 0.136230 0.417969
vt 0.135620 0.419922
vt 0.160645 0.419434
vt 0.160645 0.417480
vt 0.565918 0.405762
vt 0.077698 0.030273
vt 0.078064 0.030762
vt 0.077515 0.030762
vt 0.135742 0.422363
vt 0.077087 0.030273
vt 0.077026 0.030762
vt 0.135742 0.424316
vt 0.136353 0.423828
vt 0.160767 0.421875
vt 0.160767 0.423340
vt 0.775391 0.485840
vt 0.775879 0.484863
vt 0.776367 0.484863
vt 0.728516 0.355957
vt 0.729980 0.357422
vt 0.729492 0.357910
vt 0.774902 0.487793
vt 0.729004 0.354492
vt 0.192017 0.605469
vt 0.186279 0.604004
vt 0.192017 0.604492
vt 0.186279 0.603271
vt 0.192139 0.603760
vt 0.184814 0.604492
vt 0.184814 0.603760
vt 0.186279 0.604980
vt 0.191895 0.606201
vt 0.186157 0.605713
vt 0.184692 0.605225
vt 0.176514 0.604004
vt 0.176514 0.604736
vt 0.184692 0.605957
vt 0.176392 0.605225
vt 0.175781 0.604004
vt 0.175781 0.604492
vt 0.175049 0.604492
vt 0.175781 0.605225
vt 0.174927 0.605713
vt 0.175659 0.605713
vt 0.176392 0.605713
vt 0.184692 0.606689
vt 0.176270 0.606445
vt 0.184448 0.607422
vt 0.186035 0.607178
vt 0.186035 0.606445
vt 0.191772 0.607910
vt 0.191772 0.607178
vt 0.191650 0.608643
vt 0.175659 0.606445
vt 0.174805 0.606934
vt 0.175537 0.606934
vt 0.173828 0.607666
vt 0.175415 0.607666
vt 0.173950 0.606689
vt 0.174072 0.605469
vt 0.171875 0.605225
vt 0.171753 0.606445
vt 0.174194 0.604492
vt 0.171997 0.604248
vt 0.171387 0.604248
vt 0.171509 0.603027
vt 0.172119 0.603027
vt 0.170898 0.603027
vt 0.171021 0.601807
vt 0.171631 0.601807
vt 0.170410 0.602783
vt 0.170288 0.604004
vt 0.170654 0.604004
vt 0.170532 0.605225
vt 0.170166 0.605225
vt 0.171265 0.605225
vt 0.170410 0.606445
vt 0.171021 0.606445
vt 0.171753 0.607422
vt 0.171021 0.607422
vt 0.170410 0.607666
vt 0.171631 0.608398
vt 0.171265 0.608398
vt 0.172729 0.593262
vt 0.172607 0.594238
vt 0.172241 0.593018
vt 0.171997 0.593994
vt 0.171387 0.593750
vt 0.171875 0.592529
vt 0.170654 0.608887
vt 0.171021 0.593506
vt 0.171631 0.592285
vt 0.170410 0.609131
vt 0.635742 0.309082
vt 0.633301 0.310547
vt 0.633301 0.309082
vt 0.635742 0.310547
vt 0.633301 0.329102
vt 0.635742 0.327637
vt 0.635742 0.329102
vt 0.169922 0.607666
vt 0.633301 0.327637
vt 0.170044 0.606445
vt 0.635742 0.326172
vt 0.815918 0.344727
vt 0.815430 0.346191
vt 0.814941 0.345703
vt 0.814941 0.347168
vt 0.814453 0.346680
vt 0.633301 0.326172
vt 0.635742 0.324707
vt 0.633301 0.324707
vt 0.814941 0.348145
vt 0.813965 0.347656
vt 0.815430 0.349121
vt 0.814941 0.349121
vt 0.815430 0.348145
vt 0.816406 0.347656
vt 0.816406 0.348145
vt 0.815918 0.347168
vt 0.823730 0.348633
vt 0.823730 0.347656
vt 0.816406 0.346680
vt 0.824219 0.347168
vt 0.816895 0.346191
vt 0.815918 0.346680
vt 0.816406 0.345703
vt 0.816406 0.345215
vt 0.816406 0.357910
vt 0.815918 0.356934
vt 0.816406 0.357422
vt 0.815430 0.357422
vt 0.814941 0.357910
vt 0.816406 0.358887
vt 0.814453 0.356934
vt 0.814941 0.356445
vt 0.813965 0.355957
vt 0.635742 0.312012
vt 0.633301 0.313477
vt 0.633301 0.312012
vt 0.170776 0.594727
vt 0.171265 0.594971
vt 0.170776 0.595947
vt 0.635742 0.313477
vt 0.633301 0.314941
vt 0.635742 0.314941
vt 0.171143 0.596191
vt 0.170776 0.597168
vt 0.171875 0.594971
vt 0.171875 0.596191
vt 0.171875 0.597412
vt 0.171143 0.597168
vt 0.171875 0.598389
vt 0.171265 0.598389
vt 0.170898 0.598389
vt 0.170776 0.599365
vt 0.635742 0.316406
vt 0.633301 0.316406
vt 0.635742 0.317871
vt 0.633301 0.317871
vt 0.813965 0.352539
vt 0.814941 0.353516
vt 0.813965 0.353516
vt 0.814941 0.354492
vt 0.813965 0.354492
vt 0.815430 0.353516
vt 0.815430 0.354492
vt 0.814941 0.355469
vt 0.815918 0.354492
vt 0.815430 0.355469
vt 0.815918 0.353516
vt 0.823730 0.354004
vt 0.823730 0.353516
vt 0.815918 0.352539
vt 0.823730 0.352539
vt 0.815430 0.352539
vt 0.815918 0.351563
vt 0.815430 0.351563
vt 0.815918 0.351074
vt 0.823730 0.352051
vt 0.823730 0.351074
vt 0.815918 0.350098
vt 0.823730 0.350098
vt 0.815430 0.350586
vt 0.815430 0.350098
vt 0.815918 0.349121
vt 0.823730 0.349609
vt 0.814941 0.349609
vt 0.813965 0.348633
vt 0.813965 0.349609
vt 0.814453 0.350586
vt 0.813965 0.350586
vt 0.635742 0.321777
vt 0.633301 0.321777
vt 0.635742 0.320313
vt 0.633301 0.320313
vt 0.633301 0.323242
vt 0.814453 0.351563
vt 0.813965 0.351563
vt 0.635742 0.319336
vt 0.633301 0.319336
vt 0.814453 0.352539
vt 0.170654 0.600586
vt 0.171021 0.600586
vt 0.170532 0.601807
vt 0.171143 0.599609
vt 0.171753 0.599609
vt 0.172485 0.599609
vt 0.172363 0.600830
vt 0.171753 0.600830
vt 0.172241 0.601807
vt 0.174316 0.603271
vt 0.174438 0.602051
vt 0.175171 0.603271
vt 0.175293 0.602295
vt 0.175903 0.602783
vt 0.175903 0.602295
vt 0.175415 0.601074
vt 0.176025 0.601807
vt 0.176147 0.601074
vt 0.174561 0.600830
vt 0.175537 0.599854
vt 0.176147 0.600586
vt 0.176758 0.601318
vt 0.176758 0.601807
vt 0.184937 0.601318
vt 0.184937 0.602051
vt 0.176636 0.602295
vt 0.184937 0.602783
vt 0.186401 0.602539
vt 0.186401 0.601807
vt 0.176636 0.602783
vt 0.176514 0.603516
vt 0.175903 0.603516
vt 0.187134 0.602051
vt 0.187012 0.601807
vt 0.186401 0.600830
vt 0.186890 0.601563
vt 0.718750 0.256836
vt 0.712891 0.255859
vt 0.718750 0.255859
vt 0.713379 0.254395
vt 0.712402 0.256836
vt 0.187012 0.601074
vt 0.718750 0.254395
vt 0.713867 0.253418
vt 0.187256 0.600830
vt 0.186523 0.600098
vt 0.187500 0.600830
vt 0.718750 0.253418
vt 0.714355 0.251953
vt 0.435303 0.274414
vt 0.431152 0.270996
vt 0.431885 0.270020
vt 0.430176 0.271973
vt 0.718750 0.251953
vt 0.435547 0.263184
vt 0.431885 0.268555
vt 0.718750 0.270020
vt 0.714355 0.268555
vt 0.718750 0.268555
vt 0.714355 0.270020
vt 0.187866 0.600830
vt 0.192261 0.600342
vt 0.188110 0.601074
vt 0.718750 0.267578
vt 0.713867 0.267578
vt 0.718750 0.266113
vt 0.431152 0.267578
vt 0.430176 0.266602
vt 0.428955 0.266113
vt 0.713379 0.266113
vt 0.718750 0.264648
vt 0.712891 0.264648
vt 0.192261 0.601318
vt 0.188232 0.601318
vt 0.188354 0.601563
vt 0.718750 0.263672
vt 0.712402 0.263672
vt 0.192139 0.602051
vt 0.188232 0.602051
vt 0.423096 0.263184
vt 0.427734 0.266602
vt 0.426758 0.267578
vt 0.718750 0.262207
vt 0.435303 0.262207
vt 0.423096 0.262207
vt 0.896973 0.036133
vt 0.894043 0.043457
vt 0.896973 0.023926
vt 0.426270 0.268555
vt 0.423096 0.275391
vt 0.894043 0.014648
vt 0.896973 0.022949
vt 0.718750 0.260742
vt 0.711914 0.262207
vt 0.711914 0.260742
vt 0.711914 0.259766
vt 0.426025 0.270020
vt 0.718750 0.259766
vt 0.187500 0.602295
vt 0.187744 0.602295
vt 0.711914 0.258301
vt 0.718750 0.258301
vt 0.426758 0.270996
vt 0.427734 0.271973
vt 0.192139 0.603027
vt 0.187988 0.602295
vt 0.773438 0.488770
vt 0.773926 0.490723
vt 0.772949 0.493164
vt 0.773438 0.494141
vt 0.772949 0.491211
vt 0.773438 0.491699
vt 0.792969 0.629639
vt 0.792969 0.638916
vt 0.790039 0.638916
vt 0.795898 0.629639
vt 0.774902 0.485840
vt 0.790039 0.629639
vt 0.304688 0.193359
vt 0.307617 0.188965
vt 0.307617 0.193848
vt 0.841797 0.774902
vt 0.846680 0.789917
vt 0.841797 0.789917
vt 0.847168 0.774902
vt 0.847168 0.799316
vt 0.846680 0.799316
vt 0.077209 0.030762
vt 0.077209 0.032227
vt 0.077026 0.032227
vt 0.713379 0.484375
vt 0.713379 0.499512
vt 0.712402 0.499023
vt 0.712891 0.483887
vt 0.076477 0.032227
vt 0.710449 0.483887
vt 0.075928 0.031250
vt 0.075928 0.032227
vt 0.709961 0.499023
vt 0.708008 0.483887
vt 0.304688 0.187988
vt 0.304688 0.188477
vt 0.302246 0.187988
vt 0.306885 0.187988
vt 0.708008 0.499023
vt 0.707520 0.484375
vt 0.707031 0.499512
vt 0.301758 0.188965
vt 0.653320 0.398926
vt 0.658203 0.384277
vt 0.658203 0.398926
vt 0.301758 0.193848
vt 0.652832 0.408691
vt 0.652832 0.384277
vt 0.795898 0.638916
vt 0.653320 0.408691
vt 0.075745 0.032227
vt 0.075684 0.030762
vt 0.915039 0.458984
vt 0.912598 0.458984
vt 0.913086 0.458496
vt 0.915527 0.434082
vt 0.914063 0.434082
vt 0.075378 0.030762
vt 0.075745 0.030273
vt 0.075134 0.030273
vt 0.074829 0.030762
vt 0.917969 0.434082
vt 0.917480 0.458984
vt 0.918945 0.458496
vt 0.074402 0.030273
vt 0.919434 0.459473
vt 0.073669 0.031250
vt 0.074524 0.030762
vt 0.073486 0.031250
vt 0.073059 0.031250
vt 0.073547 0.029785
vt 0.074524 0.029785
vt 0.849609 0.691650
vt 0.849609 0.706299
vt 0.847168 0.691650
vt 0.850098 0.691895
vt 0.818848 0.174805
vt 0.815918 0.174805
vt 0.818359 0.173828
vt 0.850098 0.707031
vt 0.815918 0.173828
vt 0.847168 0.706299
vt 0.844727 0.691650
vt 0.844727 0.706299
vt 0.813477 0.173828
vt 0.812988 0.174805
vt 0.844238 0.691895
vt 0.843750 0.706787
vt 0.072571 0.030273
vt 0.072632 0.030762
vt 0.073425 0.029785
vt 0.256348 0.672363
vt 0.255859 0.657227
vt 0.261230 0.657227
vt 0.261230 0.672363
vt 0.255859 0.681885
vt 0.256348 0.681885
vt 0.255859 0.672363
vt 0.007771 0.846436
vt 0.007771 0.855957
vt 0.004860 0.855957
vt 0.815918 0.179688
vt 0.812988 0.179688
vt 0.775879 0.502686
vt 0.775391 0.500244
vt 0.775879 0.502441
vt 0.773926 0.500244
vt 0.004860 0.846436
vt 0.773438 0.497070
vt 0.772949 0.497559
vt 0.001950 0.855957
vt 0.001950 0.846436
vt 0.845703 0.740967
vt 0.846191 0.750488
vt 0.845703 0.750488
vt 0.846191 0.726074
vt 0.840820 0.726074
vt 0.818848 0.179688
vt 0.840820 0.740967
vt 0.773438 0.495605
vt 0.773926 0.497070
vt 0.919434 0.434082
vt 0.950195 0.521484
vt 0.951172 0.528076
vt 0.950684 0.531006
vt 0.951660 0.531006
vt 0.951172 0.545898
vt 0.951172 0.529785
vt 0.428955 0.241699
vt 0.435791 0.241699
vt 0.435791 0.243652
vt 0.430664 0.240723
vt 0.436035 0.240723
vt 0.428955 0.243652
vt 0.523926 0.438477
vt 0.509277 0.438477
vt 0.523438 0.437012
vt 0.428955 0.240234
vt 0.524414 0.440430
vt 0.520996 0.451172
vt 0.435059 0.250488
vt 0.428955 0.257324
vt 0.523926 0.453125
vt 0.524414 0.454102
vt 0.523438 0.452148
vt 0.522461 0.451172
vt 0.392578 0.708008
vt 0.388672 0.706055
vt 0.392578 0.706543
vt 0.390869 0.703125
vt 0.390869 0.701172
vt 0.390137 0.704834
vt 0.386719 0.708008
vt 0.386719 0.706543
vt 0.042084 0.961609
vt 0.058228 0.961609
vt 0.042084 0.963562
vt 0.058228 0.963562
vt 0.058228 0.965515
vt 0.042084 0.965515
vt 0.058228 0.967438
vt 0.042084 0.940247
vt 0.058228 0.940247
vt 0.058228 0.942200
vt 0.042084 0.967438
vt 0.042084 0.942200
vt 0.058228 0.944122
vt 0.042084 0.944122
vt 0.058228 0.946075
vt 0.042084 0.946075
vt 0.058228 0.948029
vt 0.042084 0.948029
vt 0.058228 0.949951
vt 0.001950 0.949921
vt 0.058228 0.951904
vt 0.001950 0.951874
vt 0.058228 0.953857
vt 0.001950 0.953857
vt 0.058228 0.955780
vt 0.001950 0.955780
vt 0.058228 0.957733
vt 0.001950 0.957733
vt 0.058228 0.959686
vt 0.001950 0.959686
vt 0.013710 0.961609
vt 0.001961 0.961365
vt 0.001961 0.963562
vt 0.013710 0.963562
vt 0.001961 0.965515
vt 0.013718 0.965515
vt 0.001970 0.967468
vt 0.001950 0.942169
vt 0.001950 0.940247
vt 0.013710 0.940247
vt 0.013718 0.967438
vt 0.013710 0.942169
vt 0.001950 0.944122
vt 0.013710 0.944122
vt 0.001950 0.946075
vt 0.013710 0.946075
vt 0.001950 0.947968
vt 0.795410 0.510742
vt 0.789551 0.510986
vt 0.791504 0.510498
vt 0.013710 0.947998
vt 0.792969 0.509277
vt 0.793945 0.505615
vt 0.795410 0.502197
vt 0.793945 0.507568
vt 0.795410 0.512207
vt 0.163818 0.255371
vt 0.161865 0.261719
vt 0.160400 0.261230
vt 0.151855 0.261230
vt 0.789551 0.502197
vt 0.795410 0.500732
vt 0.791504 0.502686
vt 0.792969 0.503906
vt 0.148438 0.255371
vt 0.150391 0.261719
vt 0.789551 0.500732
vt 0.149170 0.262695
vt 0.789551 0.499023
vt 0.795410 0.499023
vt 0.148682 0.263672
vt 0.789551 0.498047
vt 0.795410 0.498047
vt 0.148438 0.264648
vt 0.789551 0.497070
vt 0.795410 0.497070
vt 0.428711 0.279297
vt 0.435547 0.280762
vt 0.428711 0.288574
vt 0.423096 0.277344
vt 0.435547 0.277344
vt 0.422852 0.279297
vt 0.897461 0.040039
vt 0.896484 0.041992
vt 0.897461 0.038086
vt 0.423096 0.276367
vt 0.896973 0.037109
vt 0.435547 0.276367
vt 0.895508 0.042969
vt 0.186035 0.599365
vt 0.185791 0.599365
vt 0.186279 0.599365
vt 0.435791 0.275391
vt 0.435791 0.274414
vt 0.428955 0.271973
vt 0.186523 0.599365
vt 0.434814 0.288574
vt 0.185059 0.599609
vt 0.185059 0.599365
vt 0.183105 0.599609
vt 0.185059 0.600586
vt 0.182007 0.600098
vt 0.182617 0.599609
vt 0.182251 0.599609
vt 0.182007 0.599365
vt 0.176880 0.599854
vt 0.176880 0.600586
vt 0.428711 0.290039
vt 0.434814 0.290039
vt 0.428711 0.291992
vt 0.435303 0.291992
vt 0.163086 0.251953
vt 0.149292 0.251953
vt 0.162109 0.250488
vt 0.148682 0.253906
vt 0.428711 0.293457
vt 0.150146 0.250488
vt 0.160889 0.249512
vt 0.435791 0.293457
vt 0.428711 0.295410
vt 0.151367 0.249512
vt 0.436279 0.295410
vt 0.428711 0.297363
vt 0.159424 0.248535
vt 0.152832 0.248535
vt 0.157837 0.248047
vt 0.428955 0.302246
vt 0.437012 0.303711
vt 0.428955 0.304199
vt 0.436523 0.305664
vt 0.428955 0.305664
vt 0.181519 0.598389
vt 0.176880 0.597412
vt 0.181763 0.598145
vt 0.182007 0.598145
vt 0.436035 0.307129
vt 0.182129 0.597412
vt 0.182373 0.597900
vt 0.428955 0.307617
vt 0.435547 0.309082
vt 0.177002 0.595947
vt 0.185181 0.597168
vt 0.185181 0.597900
vt 0.183228 0.597900
vt 0.177002 0.596680
vt 0.182739 0.597900
vt 0.176270 0.596191
vt 0.176270 0.596680
vt 0.176270 0.597412
vt 0.175659 0.597412
vt 0.175659 0.596191
vt 0.176270 0.595459
vt 0.174805 0.596191
vt 0.174683 0.597412
vt 0.172607 0.596191
vt 0.174805 0.595215
vt 0.172607 0.595215
vt 0.174805 0.593994
vt 0.174683 0.593262
vt 0.173584 0.608643
vt 0.172485 0.597412
vt 0.174683 0.598633
vt 0.172485 0.598389
vt 0.175537 0.598633
vt 0.174561 0.599854
vt 0.176270 0.597900
vt 0.176147 0.598633
vt 0.176147 0.599365
vt 0.176880 0.599365
vt 0.176147 0.599854
vt 0.181519 0.599121
vt 0.181396 0.598877
vt 0.176880 0.598633
vt 0.181396 0.598633
vt 0.181396 0.598389
vt 0.176880 0.597900
vt 0.437256 0.302246
vt 0.428955 0.300781
vt 0.437256 0.300293
vt 0.154419 0.248047
vt 0.156128 0.248047
vt 0.437012 0.298828
vt 0.428955 0.298828
vt 0.436768 0.296875
vt 0.181641 0.599365
vt 0.428955 0.311035
vt 0.435303 0.310547
vt 0.435059 0.312500
vt 0.428955 0.309082
vt 0.163574 0.253906
vt 0.428955 0.312500
vt 0.435059 0.320313
vt 0.185059 0.598389
vt 0.428955 0.321777
vt 0.435791 0.323730
vt 0.185913 0.598389
vt 0.423096 0.323730
vt 0.186646 0.597656
vt 0.186157 0.598389
vt 0.423096 0.324707
vt 0.435791 0.324707
vt 0.186401 0.598389
vt 0.436035 0.325684
vt 0.186646 0.598389
vt 0.489990 0.109375
vt 0.489258 0.104980
vt 0.489502 0.104004
vt 0.491211 0.110352
vt 0.795410 0.513916
vt 0.789551 0.513916
vt 0.789551 0.512207
vt 0.795410 0.514893
vt 0.789551 0.514893
vt 0.489258 0.107422
vt 0.489502 0.108398
vt 0.795410 0.516113
vt 0.789551 0.516113
vt 0.423096 0.321289
vt 0.163818 0.264648
vt 0.163574 0.263672
vt 0.163086 0.262695
vt 0.189331 0.598389
vt 0.189453 0.598389
vt 0.187622 0.597168
vt 0.187378 0.596924
vt 0.186646 0.596924
vt 0.187134 0.596191
vt 0.187256 0.596680
vt 0.514160 0.455566
vt 0.519531 0.455566
vt 0.514160 0.456543
vt 0.520020 0.456543
vt 0.518555 0.454102
vt 0.514160 0.454102
vt 0.428955 0.328613
vt 0.430176 0.329102
vt 0.431152 0.330078
vt 0.518066 0.452637
vt 0.514160 0.452637
vt 0.514160 0.458008
vt 0.427734 0.329102
vt 0.520508 0.458008
vt 0.514160 0.459473
vt 0.426758 0.329590
vt 0.896973 0.041016
vt 0.388672 0.698242
vt 0.390137 0.699463
vt 0.895508 0.015137
vt 0.896484 0.016113
vt 0.392578 0.709473
vt 0.386719 0.709473
vt 0.897461 0.021973
vt 0.896973 0.017090
vt 0.386719 0.710449
vt 0.897461 0.018066
vt 0.392578 0.710693
vt 0.386719 0.711670
vt 0.423096 0.261230
vt 0.423340 0.257324
vt 0.392578 0.711670
vt 0.435059 0.261230
vt 0.189697 0.599609
vt 0.189453 0.599609
vt 0.192261 0.599854
vt 0.776367 0.502441
vt 0.776367 0.502930
vt 0.435791 0.250488
vt 0.951172 0.521484
vt 0.509766 0.437012
vt 0.289063 0.522217
vt 0.287354 0.522705
vt 0.287354 0.520996
vt 0.428711 0.358887
vt 0.522461 0.435547
vt 0.510742 0.435547
vt 0.289063 0.524414
vt 0.287354 0.524414
vt 0.289063 0.526123
vt 0.287354 0.526123
vt 0.521484 0.434570
vt 0.511719 0.434570
vt 0.520020 0.433594
vt 0.289063 0.536377
vt 0.287354 0.536377
vt 0.287354 0.534668
vt 0.289063 0.538086
vt 0.287354 0.538086
vt 0.289063 0.540283
vt 0.287354 0.539795
vt 0.392822 0.635498
vt 0.394775 0.634277
vt 0.401367 0.635498
vt 0.395996 0.633057
vt 0.396973 0.631592
vt 0.289063 0.534668
vt 0.287354 0.532959
vt 0.289063 0.532959
vt 0.397461 0.630127
vt 0.513184 0.433594
vt 0.518066 0.433105
vt 0.514648 0.433105
vt 0.516602 0.432617
vt 0.287354 0.531250
vt 0.289063 0.531250
vt 0.287354 0.529541
vt 0.401367 0.621338
vt 0.397705 0.628418
vt 0.397461 0.626709
vt 0.289063 0.529541
vt 0.287354 0.527832
vt 0.396973 0.625000
vt 0.289063 0.527832
vt 0.395996 0.623535
vt 0.394775 0.622314
vt 0.392822 0.621338
vt 0.430908 0.231934
vt 0.430664 0.231934
vt 0.430908 0.226563
vt 0.356201 0.092285
vt 0.357422 0.092773
vt 0.356201 0.092773
vt 0.129395 0.018066
vt 0.432861 0.225098
vt 0.357422 0.092285
vt 0.863770 0.005859
vt 0.863281 0.006348
vt 0.863281 0.005859
vt 0.863770 0.006348
vt 0.863281 0.006836
vt 0.356201 0.091309
vt 0.863770 0.006836
vt 0.357422 0.091309
vt 0.356201 0.090820
vt 0.357422 0.090820
vt 0.863281 0.007813
vt 0.863770 0.007813
vt 0.357422 0.090332
vt 0.863281 0.008301
vt 0.863770 0.008301
vt 0.356201 0.090332
vt 0.863281 0.008789
vt 0.357422 0.089844
vt 0.863770 0.008789
vt 0.356201 0.089844
vt 0.356201 0.089355
vt 0.357422 0.089355
vt 0.863770 0.009277
vt 0.863281 0.009277
vt 0.863770 0.009766
vt 0.356201 0.088867
vt 0.357422 0.088867
vt 0.863281 0.009766
vt 0.863770 0.010254
vt 0.356201 0.088379
vt 0.357422 0.088379
vt 0.356201 0.087891
vt 0.357422 0.087891
vt 0.863281 0.010254
vt 0.863770 0.010742
vt 0.863281 0.010742
vt 0.863770 0.011230
vt 0.356201 0.087402
vt 0.357422 0.087402
vt 0.863281 0.003906
vt 0.864258 0.003906
vt 0.864746 0.003418
vt 0.863281 0.011230
vt 0.076416 0.030273
vt 0.436035 0.225098
vt 0.074097 0.029297
vt 0.073303 0.029297
vt 0.952148 0.546387
vt 0.950195 0.546387
vt 0.189209 0.599609
vt 0.635742 0.323242
vt 0.823730 0.354980
vt 0.816406 0.354980
vt 0.823730 0.355957
vt 0.816406 0.355957
vt 0.824219 0.356445
vt 0.824219 0.357422
vt 0.816406 0.356445
vt 0.816895 0.356934
vt 0.824219 0.346191
vt 0.815918 0.355957
vt 0.728516 0.351563
vt 0.727539 0.351074
vt 0.727539 0.354004
vt 0.728027 0.354004
vt 0.447998 0.026367
vt 0.863281 0.003418
vt 0.863281 0.002930
vt 0.864746 0.002930
vt 0.079407 0.027344
vt 0.863281 0.002441
vt 0.864746 0.002441
vt 0.447754 0.029297
vt 0.863281 0.001953
vt 0.864258 0.001953
vt 0.685059 0.055176
vt 0.686523 0.054688
vt 0.686523 0.055176
vt 0.685059 0.054199
vt 0.686523 0.054199
vt 0.685059 0.054688
vt 0.555176 0.025391
vt 0.685059 0.053711
vt 0.686523 0.053711
vt 0.555664 0.024902
vt 0.077698 0.024902
vt 0.078003 0.024414
vt 0.077515 0.024414
vt 0.917480 0.486328
vt 0.915039 0.486328
vt 0.915527 0.460938
vt 0.913086 0.485352
vt 0.912598 0.485840
vt 0.139404 0.205566
vt 0.138916 0.205566
vt 0.914063 0.460938
vt 0.092224 0.036133
vt 0.091187 0.034668
vt 0.091736 0.034180
vt 0.091919 0.037598
vt 0.092651 0.036133
vt 0.568359 0.306152
vt 0.568848 0.296875
vt 0.568848 0.306152
vt 0.568359 0.281738
vt 0.289795 0.109863
vt 0.289795 0.114746
vt 0.803223 0.388184
vt 0.803223 0.397949
vt 0.573730 0.281738
vt 0.573730 0.296875
vt 0.698730 0.484375
vt 0.699219 0.499023
vt 0.698242 0.499512
vt 0.290283 0.108887
vt 0.699219 0.483887
vt 0.077026 0.022949
vt 0.077148 0.022949
vt 0.077209 0.023926
vt 0.192383 0.594482
vt 0.186646 0.593750
vt 0.192383 0.593750
vt 0.186646 0.592773
vt 0.185059 0.592529
vt 0.919434 0.486328
vt 0.079224 0.023926
vt 0.078369 0.024414
vt 0.120361 0.113281
vt 0.612793 0.827637
vt 0.612793 0.837158
vt 0.520508 0.464355
vt 0.188477 0.595947
vt 0.514160 0.464355
vt 0.489502 0.084473
vt 0.489258 0.085449
vt 0.073364 0.025879
vt 0.124939 0.046387
vt 0.121582 0.045898
vt 0.124695 0.045410
vt 0.122009 0.046875
vt 0.118408 0.046875
vt 0.635254 0.816772
vt 0.639648 0.812378
vt 0.639648 0.816772
vt 0.635254 0.812378
vt 0.631348 0.816772
vt 0.631348 0.812378
vt 0.119141 0.047852
vt 0.115479 0.048828
vt 0.627441 0.816772
vt 0.627441 0.812378
vt 0.623047 0.816772
vt 0.623047 0.812378
vt 0.151855 0.052734
vt 0.151245 0.049316
vt 0.153076 0.052246
vt 0.619141 0.816772
vt 0.116516 0.049805
vt 0.114868 0.052734
vt 0.113647 0.052246
vt 0.119873 0.050293
vt 0.117737 0.051758
vt 0.119507 0.054199
vt 0.117920 0.055176
vt 0.116272 0.053223
vt 0.147095 0.054199
vt 0.149048 0.051758
vt 0.150391 0.053223
vt 0.148560 0.055176
vt 0.150269 0.049805
vt 0.147583 0.048340
vt 0.148315 0.046875
vt 0.145142 0.045898
vt 0.667969 0.816772
vt 0.671875 0.812378
vt 0.671875 0.816772
vt 0.675781 0.812378
vt 0.675781 0.816772
vt 0.619141 0.812378
vt 0.667969 0.812378
vt 0.663574 0.816772
vt 0.663574 0.812378
vt 0.141846 0.046387
vt 0.139160 0.044922
vt 0.142090 0.045410
vt 0.659668 0.816772
vt 0.144775 0.046875
vt 0.139038 0.046387
vt 0.141724 0.049316
vt 0.144409 0.049805
vt 0.143311 0.053223
vt 0.146851 0.050293
vt 0.140991 0.052734
vt 0.138428 0.052734
vt 0.137817 0.064941
vt 0.140015 0.065430
vt 0.135620 0.064941
vt 0.137695 0.067383
vt 0.135498 0.066895
vt 0.133423 0.064941
vt 0.135864 0.052246
vt 0.133301 0.052246
vt 0.139038 0.049316
vt 0.136230 0.048828
vt 0.133423 0.048828
vt 0.131104 0.064941
vt 0.130737 0.052246
vt 0.133423 0.066895
vt 0.131226 0.066895
vt 0.128906 0.064941
vt 0.129150 0.067383
vt 0.128174 0.052734
vt 0.126709 0.065430
vt 0.125610 0.052734
vt 0.127808 0.048828
vt 0.130615 0.048828
vt 0.130615 0.046387
vt 0.127808 0.046387
vt 0.127686 0.044922
vt 0.130493 0.044922
vt 0.133423 0.045898
vt 0.643555 0.816772
vt 0.647461 0.812378
vt 0.647461 0.816772
vt 0.133423 0.044922
vt 0.651367 0.812378
vt 0.651367 0.816772
vt 0.655762 0.812378
vt 0.655762 0.816772
vt 0.659668 0.812378
vt 0.136230 0.046387
vt 0.136230 0.044922
vt 0.643555 0.812378
vt 0.125000 0.049316
vt 0.123291 0.053223
vt 0.122375 0.049805
vt 0.121277 0.053711
vt 0.124634 0.065430
vt 0.120667 0.066406
vt 0.122620 0.065918
vt 0.122681 0.068359
vt 0.120483 0.068359
vt 0.120300 0.070801
vt 0.122864 0.070313
vt 0.124878 0.067871
vt 0.126953 0.067383
vt 0.125122 0.069824
vt 0.127319 0.069336
vt 0.782227 0.818115
vt 0.778809 0.819702
vt 0.776855 0.817261
vt 0.779297 0.814209
vt 0.783203 0.822876
vt 0.779785 0.822754
vt 0.777832 0.820190
vt 0.778320 0.822754
vt 0.777832 0.825317
vt 0.778809 0.825928
vt 0.782227 0.827515
vt 0.779297 0.831421
vt 0.776855 0.828491
vt 0.775879 0.827393
vt 0.773926 0.829956
vt 0.773926 0.828491
vt 0.774902 0.833496
vt 0.770020 0.833496
vt 0.770996 0.828613
vt 0.770996 0.829956
vt 0.768555 0.827515
vt 0.771484 0.826660
vt 0.773438 0.826538
vt 0.768066 0.828613
vt 0.770020 0.825928
vt 0.767090 0.825439
vt 0.768555 0.824463
vt 0.766602 0.822876
vt 0.765625 0.826172
vt 0.765137 0.823120
vt 0.767090 0.820190
vt 0.768555 0.822754
vt 0.768555 0.820923
vt 0.772461 0.822632
vt 0.771484 0.818604
vt 0.769531 0.819336
vt 0.772949 0.818726
vt 0.775879 0.821045
vt 0.774902 0.819580
vt 0.776367 0.822754
vt 0.775879 0.824463
vt 0.774902 0.825806
vt 0.773438 0.817017
vt 0.770996 0.816406
vt 0.774414 0.816040
vt 0.776367 0.818237
vt 0.773926 0.815796
vt 0.772461 0.815918
vt 0.770508 0.815796
vt 0.768066 0.817627
vt 0.768066 0.817261
vt 0.767090 0.818726
vt 0.241577 0.216309
vt 0.241577 0.210938
vt 0.242798 0.209961
vt 0.765625 0.820190
vt 0.766113 0.819580
vt 0.241089 0.211914
vt 0.762695 0.818115
vt 0.765625 0.819336
vt 0.243774 0.217285
vt 0.243774 0.209961
vt 0.244629 0.215332
vt 0.244629 0.211914
vt 0.765625 0.814209
vt 0.767090 0.816772
vt 0.769531 0.812378
vt 0.770508 0.815063
vt 0.774414 0.812378
vt 0.773926 0.815308
vt 0.117493 0.070313
vt 0.146484 0.070801
vt 0.148438 0.068359
vt 0.149292 0.070313
vt 0.118347 0.068359
vt 0.146240 0.066406
vt 0.148071 0.066406
vt 0.118774 0.066406
vt 0.146362 0.068359
vt 0.144165 0.065918
vt 0.144165 0.068359
vt 0.143921 0.070313
vt 0.142090 0.065918
vt 0.141602 0.069824
vt 0.141968 0.067871
vt 0.762695 0.827759
vt 0.761230 0.822998
vt 0.139526 0.069824
vt 0.765625 0.831543
vt 0.137451 0.069336
vt 0.139771 0.067383
vt 0.135376 0.068848
vt 0.145386 0.053711
vt 0.242676 0.217285
vt 0.241089 0.214844
vt 0.133423 0.068848
vt 0.131348 0.068848
vt 0.129395 0.069336
s 1
usemtl mike4_v31_body.002
f 1/1/1 4/2/2 2/3/3
f 2/4/4 3/5/5 1/6/6
f 5/7/7 1/8/7 3/9/7
f 5/7/7 4/10/7 1/8/7
f 8/11/7 4/10/7 5/7/7
f 5/7/7 3/9/7 6/12/7
f 7/13/8 5/14/9 6/15/10
f 9/16/11 5/14/9 7/13/8
f 9/16/11 8/17/12 5/14/9
f 7/18/13 11/19/14 9/20/15
f 9/20/15 12/21/16 10/22/17
f 10/23/18 8/17/12 9/16/11
f 9/20/15 11/19/14 13/24/19
f 9/20/15 13/24/19 12/21/16
f 14/25/20 12/26/21 13/27/21
f 14/25/20 13/27/21 11/28/22
f 14/25/20 16/29/21 15/30/21
f 14/25/20 15/30/21 12/26/21
f 14/25/20 18/31/20 16/29/21
f 17/32/21 18/31/20 14/25/20
f 20/33/23 17/34/24 14/35/25
f 20/33/23 14/35/25 19/36/26
f 19/36/26 14/35/25 11/19/14
f 22/37/27 20/38/28 21/39/29
f 21/39/29 20/38/28 19/40/30
f 22/37/27 23/41/31 20/38/28
f 23/41/31 24/42/32 20/38/28
f 24/43/33 17/34/24 20/33/23
f 25/44/34 24/42/32 23/41/31
f 24/42/32 25/44/34 30/45/35
f 24/43/33 26/46/36 17/34/24
f 27/47/37 26/46/36 24/43/33
f 24/42/32 28/48/38 27/49/39
f 24/42/32 29/50/40 28/48/38
f 24/42/32 30/45/35 29/50/40
f 32/51/41 31/52/42 30/53/43
f 30/53/43 31/52/42 29/54/44
f 25/44/34 32/55/45 30/45/35
f 25/44/34 34/56/46 32/55/45
f 32/51/41 33/57/47 31/52/42
f 34/58/48 33/57/47 32/51/41
f 37/59/49 34/56/46 25/44/34
f 34/58/48 35/60/50 33/57/47
f 36/61/51 35/60/50 34/58/48
f 37/59/49 36/62/52 34/56/46
f 25/63/53 39/64/54 37/65/55
f 37/65/55 40/66/56 38/67/57
f 38/68/58 36/62/52 37/59/49
f 37/65/55 39/64/54 40/66/56
f 42/69/59 41/70/60 40/71/59
f 38/67/57 40/66/56 41/72/61
f 44/73/59 40/71/59 39/74/59
f 42/69/59 40/71/59 43/75/59
f 43/75/59 40/71/59 44/73/59
f 45/76/62 43/77/63 44/78/64
f 45/76/62 44/78/64 47/79/65
f 47/79/65 44/78/64 46/80/66
f 44/73/59 39/74/59 46/81/67
f 47/82/68 49/83/68 45/84/69
f 47/79/65 46/80/66 48/85/70
f 48/86/71 50/87/71 47/82/68
f 47/82/68 50/87/71 49/83/68
f 51/88/72 49/89/72 50/90/73
f 51/88/72 50/90/73 52/91/72
f 48/86/71 52/92/74 50/87/71
f 54/93/75 53/94/76 52/92/74
f 51/88/72 52/91/72 53/95/72
f 54/93/75 52/92/74 48/86/71
f 55/96/77 53/94/76 54/93/75
f 54/97/78 57/98/79 55/99/80
f 54/97/78 56/100/81 57/98/79
f 48/85/70 56/100/81 54/97/78
f 57/101/59 58/102/60 59/103/59
f 56/104/59 58/102/60 57/101/59
f 55/99/80 57/98/79 59/105/82
f 59/103/59 58/102/60 60/106/59
f 55/99/80 59/105/82 60/107/83
f 60/106/59 61/108/60 63/109/59
f 60/106/59 58/102/60 61/108/60
f 55/99/80 60/107/83 62/110/84
f 62/110/84 60/107/83 63/111/85
f 62/110/84 63/111/85 66/112/86
f 63/109/59 61/108/60 64/113/59
f 65/114/87 63/111/85 64/115/88
f 66/112/86 63/111/85 65/114/87
f 66/116/89 68/117/90 62/118/91
f 65/119/92 67/120/93 66/116/89
f 66/116/89 67/120/93 68/117/90
f 62/118/91 68/117/90 69/121/94
f 51/88/72 69/122/72 68/123/73
f 51/88/72 68/123/73 67/124/72
f 55/96/77 69/121/94 53/94/76
f 51/88/72 53/95/72 69/122/72
f 62/118/91 69/121/94 55/96/77
f 65/119/92 70/125/12 67/120/93
f 51/88/72 67/124/72 70/126/73
f 71/127/12 70/125/12 65/119/92
f 71/127/12 73/128/95 70/125/12
f 51/88/72 70/126/73 72/129/72
f 72/129/72 70/126/73 73/130/73
f 74/131/96 73/128/95 71/127/12
f 72/129/72 73/130/73 2/132/73
f 2/132/73 73/130/73 76/133/73
f 74/131/96 75/134/97 73/128/95
f 76/133/73 73/130/73 75/135/73
f 76/136/98 3/5/5 2/4/4
f 76/136/98 77/137/99 3/5/5
f 78/138/100 77/137/99 76/136/98
f 76/133/73 75/135/73 78/139/73
f 78/138/100 79/140/101 77/137/99
f 80/141/102 79/140/101 78/138/100
f 78/139/73 81/142/73 80/143/73
f 78/139/73 75/135/73 81/142/73
f 82/144/103 84/145/104 81/146/105
f 82/144/103 81/146/105 83/147/106
f 83/147/106 81/146/105 85/148/8
f 80/143/73 81/142/73 84/149/73
f 85/148/8 81/146/105 75/134/97
f 74/150/107 86/151/108 85/152/109
f 85/148/8 75/134/97 74/131/96
f 86/151/108 83/153/110 85/152/109
f 87/154/59 61/108/60 86/155/59
f 88/156/111 86/151/108 61/157/112
f 74/150/107 87/158/113 86/151/108
f 88/156/111 82/159/114 86/151/108
f 86/151/108 82/159/114 83/153/110
f 23/41/31 22/37/27 88/160/115
f 88/160/115 22/37/27 84/145/104
f 88/160/115 84/145/104 82/144/103
f 88/156/111 61/157/112 23/161/116
f 74/150/107 89/162/117 87/158/113
f 89/163/59 61/108/60 87/154/59
f 71/164/118 89/162/117 74/150/107
f 65/114/87 89/162/117 71/164/118
f 64/113/59 61/108/60 89/163/59
f 65/114/87 64/115/88 89/162/117
f 80/143/73 84/149/73 22/165/73
f 80/141/102 21/166/119 79/140/101
f 22/167/120 21/166/119 80/141/102
f 90/168/7 77/169/7 79/170/7
f 90/168/7 79/170/7 91/171/7
f 91/171/7 79/170/7 21/172/7
f 92/173/121 90/174/122 91/175/123
f 92/173/121 91/175/123 19/40/30
f 19/40/30 91/175/123 21/39/29
f 92/176/124 11/19/14 93/177/125
f 93/178/126 90/174/122 92/173/121
f 11/19/14 92/176/124 19/36/26
f 93/177/125 11/19/14 7/18/13
f 7/13/8 6/15/10 93/178/126
f 93/178/126 6/15/10 90/174/122
f 6/12/7 77/169/7 90/168/7
f 6/12/7 3/9/7 77/169/7
f 2/3/3 4/2/2 72/179/1
f 72/180/127 4/181/127 51/182/127
f 23/161/116 61/157/112 58/183/128
f 25/63/53 58/183/128 39/64/54
f 23/161/116 58/183/128 25/63/53
f 56/104/59 39/74/59 58/102/60
f 46/81/67 39/74/59 56/104/59
f 48/85/70 46/80/66 56/100/81
f 51/182/127 4/181/127 94/184/127
f 51/185/129 97/186/129 94/187/129
f 94/188/130 95/189/131 51/190/130
f 51/191/132 94/192/132 96/193/132
f 95/194/133 123/195/134 51/196/135
f 51/196/134 127/197/136 96/198/136
f 98/199/72 51/88/72 96/200/72
f 96/201/129 97/186/129 51/185/129
f 99/202/73 51/88/72 98/199/73
f 125/203/73 51/88/72 99/202/73
f 51/88/72 100/204/73 104/205/73
f 51/88/72 101/206/73 100/204/73
f 51/88/72 102/207/73 101/206/73
f 124/208/72 102/207/73 51/88/72
f 51/88/72 103/209/73 106/210/73
f 51/88/72 104/205/73 103/209/73
f 51/88/72 105/211/73 108/212/73
f 51/88/72 106/210/73 105/211/73
f 51/88/72 107/213/73 110/214/73
f 51/88/72 108/212/73 107/213/73
f 51/88/72 109/215/73 112/216/73
f 51/88/72 110/214/73 109/215/73
f 51/88/72 111/217/73 114/218/73
f 51/88/72 112/216/73 111/217/73
f 51/88/72 113/219/73 115/220/73
f 51/88/72 114/218/73 113/219/73
f 51/88/72 115/220/73 49/89/72
f 51/196/135 116/221/136 126/222/134
f 116/221/136 51/196/135 117/223/136
f 51/196/135 118/224/136 117/223/136
f 51/196/135 119/225/136 118/224/136
f 51/196/135 123/195/134 119/225/136
f 51/196/135 120/226/136 122/227/136
f 51/196/135 121/228/136 120/226/136
f 51/196/135 126/222/134 121/228/136
f 51/196/135 122/227/136 127/197/137
f 124/208/72 51/88/72 125/203/73
f 127/197/137 122/227/136 128/229/136
f 96/198/136 127/197/136 132/230/136
f 127/197/137 128/229/136 129/231/136
f 127/197/137 129/231/136 130/232/136
f 127/197/137 130/232/136 143/233/136
f 133/234/138 131/235/139 127/236/140
f 131/237/141 132/238/141 127/239/141
f 133/234/138 127/236/140 134/240/142
f 127/197/137 135/241/134 134/242/134
f 127/197/137 136/243/136 135/241/134
f 127/197/137 137/244/136 136/243/136
f 127/197/137 138/245/136 137/244/136
f 127/197/137 139/246/134 138/245/136
f 127/197/137 140/247/134 139/246/134
f 127/197/137 141/248/136 140/247/134
f 127/197/137 142/249/136 141/248/136
f 127/197/137 143/233/136 142/249/136
f 145/250/143 142/251/144 143/252/145
f 144/253/146 143/252/145 130/254/147
f 145/250/143 143/252/145 144/253/146
f 145/250/143 141/255/148 142/251/144
f 146/256/149 141/255/148 145/250/143
f 147/257/150 146/258/151 145/259/152
f 148/260/153 145/259/152 144/261/154
f 147/257/150 145/259/152 148/260/153
f 148/260/153 144/261/154 149/262/154
f 150/263/155 147/264/156 148/265/157
f 151/266/158 148/265/157 149/267/159
f 150/263/155 148/265/157 152/268/160
f 152/268/160 148/265/157 151/266/158
f 152/269/161 153/270/162 150/271/161
f 151/272/163 153/270/162 152/269/161
f 154/273/161 155/274/161 153/270/162
f 154/273/161 153/270/162 151/272/163
f 156/275/164 153/276/165 155/277/166
f 150/271/161 153/270/162 159/278/161
f 156/279/167 157/280/168 153/281/169
f 158/282/161 153/270/162 157/283/161
f 162/284/161 153/270/162 158/282/161
f 159/278/161 153/270/162 160/285/161
f 160/285/161 153/270/162 161/286/161
f 161/286/161 153/270/162 162/284/161
f 162/287/170 164/288/171 161/289/172
f 162/287/170 163/290/173 165/291/174
f 158/292/175 163/290/173 162/287/170
f 162/287/170 165/291/174 164/288/171
f 163/293/176 166/294/177 165/295/178
f 165/295/178 166/294/177 167/296/179
f 165/295/178 167/296/179 164/297/180
f 166/298/181 139/299/182 167/300/183
f 167/300/183 139/299/182 140/301/184
f 167/300/183 140/301/184 168/302/185
f 164/297/180 167/296/179 168/303/186
f 168/302/185 140/301/184 146/256/149
f 169/304/187 168/303/186 146/258/151
f 170/305/186 168/303/186 169/304/187
f 164/297/180 168/303/186 170/305/186
f 161/289/172 164/288/171 170/306/188
f 161/289/172 170/306/188 160/307/189
f 160/307/189 170/306/188 169/308/190
f 169/304/187 146/258/151 147/257/150
f 159/309/191 169/308/190 147/264/156
f 160/307/189 169/308/190 159/309/191
f 166/298/181 137/310/192 138/311/193
f 171/312/194 137/310/192 166/298/181
f 163/293/176 171/313/195 166/294/177
f 166/298/181 138/311/193 139/299/182
f 171/312/194 136/314/196 137/310/192
f 173/315/197 171/313/195 163/293/176
f 173/315/197 172/316/198 171/313/195
f 172/317/199 136/314/196 171/312/194
f 182/318/200 174/319/201 173/315/197
f 173/315/197 174/319/201 175/320/202
f 173/315/197 175/320/202 176/321/129
f 173/315/197 176/321/129 177/322/129
f 173/315/197 177/322/129 178/323/201
f 173/315/197 178/323/201 172/316/198
f 158/292/175 173/324/203 163/290/173
f 179/325/204 173/324/203 158/292/175
f 180/326/205 173/324/203 179/325/204
f 180/326/205 181/327/206 173/324/203
f 181/327/206 182/328/207 173/324/203
f 187/329/208 183/330/209 182/318/200
f 182/318/200 183/330/209 184/331/200
f 182/318/200 184/331/200 174/319/201
f 186/332/210 182/328/207 185/333/207
f 185/333/207 182/328/207 181/327/206
f 187/334/211 182/328/207 186/332/210
f 188/335/212 187/334/211 186/332/210
f 187/329/208 195/336/213 183/330/209
f 197/337/214 187/334/211 188/335/212
f 187/329/208 189/338/215 192/339/209
f 187/329/208 190/340/216 189/338/215
f 191/341/217 190/340/216 187/329/208
f 196/342/218 191/343/219 187/334/211
f 187/329/208 192/339/209 193/344/200
f 187/329/208 193/344/200 194/345/220
f 187/329/208 194/345/220 195/336/213
f 196/342/218 187/334/211 197/337/214
f 199/346/221 197/347/222 198/348/223
f 198/348/223 197/347/222 188/349/224
f 199/346/221 200/350/225 197/347/222
f 200/351/226 196/342/218 197/337/214
f 201/352/227 200/350/225 199/346/221
f 201/353/228 196/354/229 200/355/229
f 202/356/230 201/357/231 199/358/232
f 202/359/229 206/360/229 201/353/228
f 201/353/228 203/361/229 207/362/229
f 201/353/228 204/363/229 203/361/229
f 201/353/228 205/364/229 204/363/229
f 201/353/228 206/360/229 205/364/229
f 201/353/228 207/362/229 208/365/229
f 201/353/228 208/365/229 209/366/229
f 201/353/228 209/366/229 210/367/229
f 201/353/228 210/367/229 196/354/229
f 209/368/233 212/369/234 210/370/235
f 210/370/235 211/371/236 191/343/219
f 210/370/235 212/369/234 211/371/236
f 210/370/235 191/343/219 196/342/218
f 212/372/237 213/373/238 211/374/239
f 212/372/237 214/375/240 213/373/238
f 209/368/233 215/376/241 212/369/234
f 215/377/240 214/375/240 212/372/237
f 208/378/242 215/376/241 209/368/233
f 208/378/242 216/379/243 215/376/241
f 216/380/244 214/375/240 215/377/240
f 207/381/245 217/382/246 216/379/243
f 207/381/245 216/379/243 208/378/242
f 217/383/247 218/384/248 216/380/244
f 216/380/244 218/384/248 214/375/240
f 218/385/249 219/386/249 220/387/250
f 221/388/251 219/386/249 218/385/249
f 218/385/249 220/387/250 214/389/252
f 217/383/247 221/390/253 218/384/248
f 222/391/254 224/392/255 221/388/251
f 223/393/253 222/394/256 221/390/253
f 221/388/251 225/395/257 219/386/249
f 223/393/253 221/390/253 217/383/247
f 221/388/251 224/392/255 225/395/257
f 226/396/134 219/397/134 225/398/134
f 226/396/134 225/398/134 224/399/134
f 226/396/134 228/400/258 227/401/136
f 96/198/136 226/396/134 227/401/136
f 96/198/136 132/230/136 226/396/134
f 226/396/134 233/402/136 228/400/258
f 132/238/141 229/403/141 226/404/141
f 230/405/259 226/406/260 229/407/261
f 231/408/262 226/406/260 230/405/259
f 226/396/134 231/409/136 232/410/136
f 226/396/134 232/410/136 239/411/134
f 226/396/134 234/412/134 233/402/136
f 226/396/134 235/413/134 234/412/134
f 226/396/134 224/399/134 235/413/134
f 226/396/134 220/414/136 219/397/134
f 226/396/134 236/415/136 220/414/136
f 226/396/134 237/416/134 236/415/136
f 226/396/134 238/417/134 237/416/134
f 226/396/134 239/411/134 238/417/134
f 190/418/263 238/419/264 239/420/265
f 240/421/266 239/420/265 232/422/266
f 190/418/263 239/420/265 189/423/267
f 189/423/267 239/420/265 240/421/266
f 189/338/215 240/424/129 192/339/209
f 240/425/268 231/426/269 192/427/270
f 240/425/268 232/428/271 231/426/269
f 241/429/272 237/430/273 238/419/264
f 241/429/272 238/419/264 190/418/263
f 191/341/217 241/431/274 190/340/216
f 213/432/275 236/433/276 241/429/272
f 211/374/239 213/373/238 241/431/274
f 211/374/239 241/431/274 191/341/217
f 241/429/272 236/433/276 237/430/273
f 213/432/275 220/387/250 236/433/276
f 242/434/277 234/435/278 235/436/279
f 222/391/254 235/436/279 224/392/255
f 242/434/277 235/436/279 222/391/254
f 243/437/280 234/435/278 242/434/277
f 244/438/281 243/439/282 242/440/283
f 244/438/281 242/440/283 245/441/284
f 245/441/284 242/440/283 222/394/256
f 206/442/285 245/443/286 205/444/287
f 206/442/285 244/445/288 245/443/286
f 205/444/287 245/443/286 223/446/289
f 245/441/284 222/394/256 223/393/253
f 247/447/290 246/448/291 244/445/288
f 246/449/282 243/439/282 244/438/281
f 247/447/290 244/445/288 206/442/285
f 202/359/229 247/450/229 206/360/229
f 202/359/229 248/451/229 247/450/229
f 248/452/292 246/448/291 247/447/290
f 249/453/229 252/454/229 248/451/229
f 249/453/229 248/451/229 202/359/229
f 248/452/292 250/455/293 246/448/291
f 248/452/292 251/456/294 250/455/293
f 252/457/295 251/456/294 248/452/292
f 249/453/229 253/458/229 252/454/229
f 253/459/296 251/456/294 252/457/295
f 256/460/228 253/458/229 249/453/229
f 256/460/228 254/461/229 253/458/229
f 254/462/297 255/463/298 253/459/296
f 253/459/296 255/463/298 251/456/294
f 254/461/229 256/460/228 257/464/229
f 261/465/299 256/466/300 249/467/301
f 256/460/228 258/468/229 257/464/229
f 258/468/229 256/460/228 260/469/229
f 259/470/302 256/466/300 261/465/299
f 259/470/302 260/471/303 256/466/300
f 261/465/299 249/467/301 263/472/304
f 262/473/305 259/474/306 261/475/307
f 262/473/305 261/475/307 264/476/308
f 264/476/308 261/475/307 263/477/309
f 266/478/310 264/479/311 265/480/311
f 264/476/308 263/477/309 265/481/312
f 267/482/311 264/479/311 266/478/310
f 267/482/311 262/483/311 264/479/311
f 267/484/313 268/485/314 269/486/315
f 266/487/314 268/485/314 267/484/313
f 267/484/313 269/486/315 270/488/316
f 270/489/311 271/490/311 267/482/311
f 267/482/311 271/490/311 262/483/311
f 270/489/311 272/491/311 271/490/311
f 272/492/317 273/493/318 271/494/306
f 271/494/306 273/493/318 259/474/306
f 271/494/306 259/474/306 262/473/305
f 274/495/319 273/493/318 272/492/317
f 274/495/319 275/496/320 273/493/318
f 275/497/321 276/498/322 273/499/323
f 273/499/323 260/471/303 259/470/302
f 273/499/323 276/498/322 260/471/303
f 277/500/229 260/469/229 276/501/229
f 277/500/229 276/501/229 278/502/229
f 275/497/321 280/503/324 276/498/322
f 278/502/229 276/501/229 279/504/229
f 276/505/325 281/506/326 279/507/327
f 276/505/325 280/508/328 281/506/326
f 281/509/329 282/510/330 283/511/331
f 282/510/330 281/509/329 280/512/332
f 281/509/329 283/511/331 285/513/333
f 279/507/327 281/506/326 284/514/334
f 284/514/334 281/506/326 285/515/335
f 285/513/333 287/516/333 286/517/336
f 284/514/334 285/515/335 286/518/337
f 285/513/333 283/511/331 287/516/333
f 286/517/336 287/516/333 288/519/338
f 287/520/339 289/521/340 288/522/341
f 287/520/339 290/523/342 289/521/340
f 283/524/343 290/523/342 287/520/339
f 291/525/344 289/526/258 290/527/136
f 291/525/344 290/527/136 292/528/136
f 292/528/136 290/527/136 293/529/136
f 283/524/343 293/530/345 290/523/342
f 294/531/346 293/530/345 283/524/343
f 294/531/346 295/532/347 293/530/345
f 296/533/136 293/529/136 295/534/348
f 292/528/136 293/529/136 296/533/136
f 296/533/136 295/534/348 297/535/136
f 298/536/349 296/537/350 297/538/351
f 298/536/349 299/539/352 296/537/350
f 299/539/352 292/540/353 296/537/350
f 299/539/352 300/541/354 292/540/353
f 298/536/349 277/542/355 299/539/352
f 299/539/352 277/542/355 278/543/356
f 299/539/352 278/543/356 300/541/354
f 300/541/354 301/544/357 302/545/358
f 300/541/354 278/543/356 301/544/357
f 300/541/354 291/546/359 292/540/353
f 300/541/354 302/545/358 291/546/359
f 302/545/358 301/544/357 303/547/360
f 302/545/358 303/547/360 305/548/361
f 302/545/358 305/548/361 304/549/362
f 302/545/358 304/549/362 291/546/359
f 305/548/361 303/547/360 306/550/363
f 305/548/361 306/550/363 308/551/364
f 305/548/361 307/552/365 304/549/362
f 305/548/361 308/551/364 307/552/365
f 308/551/364 310/553/366 307/552/365
f 308/551/364 306/550/363 309/554/367
f 308/551/364 309/554/367 312/555/368
f 308/551/364 311/556/369 310/553/366
f 308/551/364 312/555/368 311/556/369
f 309/557/229 313/558/229 312/559/229
f 312/559/229 313/558/229 314/560/229
f 312/559/229 314/560/229 315/561/229
f 311/556/369 312/555/368 315/562/370
f 315/561/229 314/560/229 316/563/229
f 315/561/229 316/563/229 317/564/229
f 318/565/371 315/562/370 317/566/372
f 311/556/369 315/562/370 318/565/371
f 318/565/371 317/566/372 319/567/373
f 318/565/371 319/567/373 321/568/374
f 311/556/369 318/565/371 320/569/375
f 318/565/371 321/568/374 320/569/375
f 319/567/373 322/570/376 321/568/374
f 322/571/136 323/572/258 321/573/258
f 321/573/258 323/572/258 324/574/258
f 321/573/258 324/574/258 320/575/258
f 320/575/258 324/574/258 326/576/136
f 325/577/377 324/578/378 323/579/379
f 325/577/377 326/580/380 324/578/378
f 320/575/258 326/576/136 310/581/258
f 328/582/381 326/580/380 325/577/377
f 310/581/258 326/576/136 327/583/258
f 328/582/381 327/584/382 326/580/380
f 329/585/383 328/586/384 331/587/385
f 329/585/383 330/588/386 328/586/384
f 330/589/387 327/584/382 328/582/381
f 331/587/385 328/586/384 325/590/385
f 314/591/388 331/592/389 316/593/390
f 314/591/388 329/594/391 331/592/389
f 331/587/385 325/590/385 332/595/392
f 333/596/393 331/592/389 332/597/394
f 316/593/390 331/592/389 333/596/393
f 333/596/393 332/597/394 335/598/395
f 317/564/229 316/563/229 333/599/229
f 317/564/229 333/599/229 336/600/229
f 333/596/393 335/598/395 334/601/396
f 336/600/229 333/599/229 334/602/229
f 336/603/397 337/604/398 338/605/399
f 336/600/229 334/602/229 337/606/229
f 319/567/373 336/607/397 338/608/399
f 319/567/373 317/566/372 336/607/397
f 338/605/399 337/604/398 340/609/400
f 338/605/399 340/609/400 339/610/401
f 338/605/399 339/610/401 322/611/376
f 319/567/373 338/608/399 322/570/376
f 340/609/400 342/612/402 339/610/401
f 340/609/400 337/604/398 341/613/403
f 340/609/400 341/613/403 342/612/402
f 342/614/136 227/401/136 339/615/134
f 227/401/136 342/614/136 343/616/258
f 341/613/403 343/617/404 342/612/402
f 344/618/134 227/401/136 343/616/258
f 343/616/258 346/619/258 344/618/134
f 341/613/403 345/620/405 343/617/404
f 345/620/405 346/621/406 343/617/404
f 345/620/405 347/622/407 346/621/406
f 347/622/407 297/538/351 346/621/406
f 346/619/258 348/623/136 344/618/134
f 297/535/136 348/623/136 346/619/258
f 349/624/408 348/625/409 295/532/347
f 349/624/408 344/626/410 348/625/409
f 297/535/136 295/534/348 348/623/136
f 349/624/408 295/532/347 294/531/346
f 282/510/330 349/627/411 294/628/412
f 351/629/411 349/627/411 282/510/330
f 350/630/413 344/626/410 349/624/408
f 351/629/411 350/631/414 349/627/411
f 270/488/316 350/631/414 351/629/411
f 351/632/311 272/491/311 270/489/311
f 351/632/311 274/633/311 272/491/311
f 351/632/311 282/634/311 274/633/311
f 270/488/316 269/486/315 350/631/414
f 269/635/415 344/626/410 350/630/413
f 345/620/405 352/636/416 347/622/407
f 347/622/407 352/636/416 277/542/355
f 347/622/407 277/542/355 298/536/349
f 347/622/407 298/536/349 297/538/351
f 345/620/405 258/637/417 352/636/416
f 258/468/229 260/469/229 352/638/229
f 352/638/229 260/469/229 277/500/229
f 345/620/405 257/639/418 258/637/417
f 341/613/403 257/639/418 345/620/405
f 227/401/136 344/618/134 353/640/134
f 269/635/415 353/641/419 344/626/410
f 227/401/136 353/640/134 354/642/348
f 268/643/420 354/644/421 353/641/419
f 268/643/420 353/641/419 269/635/415
f 227/401/136 354/642/348 355/645/136
f 355/645/136 354/642/348 356/646/136
f 268/643/420 356/647/422 354/644/421
f 357/648/423 356/647/422 268/643/420
f 359/649/424 356/647/422 357/648/423
f 355/645/136 356/646/136 358/650/136
f 358/651/425 356/647/422 359/649/424
f 362/652/426 355/653/427 359/654/428
f 359/654/428 355/653/427 358/655/429
f 360/656/430 359/657/430 357/658/431
f 361/659/432 359/657/430 360/656/430
f 362/660/433 359/657/430 361/659/432
f 362/652/426 365/661/429 355/653/427
f 362/662/434 361/663/435 363/664/434
f 364/665/434 362/662/434 363/664/434
f 364/666/429 365/661/429 362/652/426
f 365/667/436 366/668/436 368/669/436
f 366/670/132 365/661/429 369/671/429
f 365/667/436 368/669/436 367/672/437
f 367/673/438 355/674/438 365/675/439
f 369/671/429 365/661/429 364/666/429
f 369/676/440 364/677/441 371/678/442
f 369/679/443 371/680/444 370/681/445
f 369/679/443 370/681/445 368/682/446
f 366/683/447 369/679/443 368/682/446
f 371/678/442 364/677/441 372/684/448
f 370/685/449 371/686/450 372/687/451
f 370/685/449 372/687/451 374/688/452
f 372/684/448 364/677/441 373/689/453
f 373/690/454 374/691/455 372/692/455
f 374/691/455 375/693/455 377/694/455
f 374/691/455 376/695/455 375/693/455
f 373/690/454 376/695/455 374/691/455
f 370/685/449 374/688/452 378/696/456
f 378/696/456 374/688/452 377/697/457
f 378/696/456 377/697/457 381/698/458
f 379/699/459 370/681/445 378/700/460
f 379/699/459 378/700/460 380/701/461
f 380/701/461 378/700/460 381/702/462
f 381/698/458 377/697/457 384/703/463
f 380/701/461 381/702/462 382/704/464
f 382/704/464 381/702/462 383/705/465
f 381/698/458 384/703/463 383/706/466
f 375/693/455 385/707/455 384/708/455
f 384/708/455 385/707/455 386/709/455
f 377/694/455 375/693/455 384/708/455
f 384/708/455 386/709/455 387/710/455
f 383/706/466 384/703/463 387/711/467
f 387/710/455 386/709/455 389/712/455
f 383/706/466 387/711/467 388/713/468
f 387/710/455 389/712/455 388/714/455
f 389/715/469 393/716/470 390/717/471
f 389/715/469 390/717/471 391/718/472
f 389/715/469 391/718/472 392/719/473
f 388/714/455 389/712/455 392/720/455
f 386/721/474 393/716/470 389/715/469
f 394/722/475 393/723/476 390/724/477
f 399/725/130 393/723/476 394/722/475
f 401/726/478 390/717/471 393/716/470
f 393/727/479 395/728/480 390/729/481
f 400/730/482 395/728/480 393/727/479
f 386/721/474 396/731/483 393/716/470
f 397/732/484 393/716/470 396/731/485
f 396/733/486 398/734/487 393/727/479
f 399/725/130 396/735/488 393/723/476
f 401/726/478 393/716/470 397/732/484
f 398/734/487 400/730/482 393/727/479
f 401/736/436 380/737/437 402/738/436
f 397/739/489 380/737/437 401/736/436
f 402/740/490 390/717/471 401/726/478
f 402/740/490 391/718/491 390/717/471
f 403/741/492 391/718/491 402/740/490
f 402/738/436 404/742/436 403/743/493
f 402/738/436 382/744/437 404/742/436
f 402/738/436 380/737/437 382/744/437
f 403/743/493 404/742/436 406/745/436
f 404/746/494 405/747/494 406/748/495
f 404/746/494 383/705/465 405/747/494
f 382/704/464 383/705/465 404/746/494
f 406/748/495 407/749/496 408/750/497
f 406/748/495 405/747/494 407/749/496
f 409/751/493 406/745/436 408/752/436
f 403/743/493 406/745/436 409/751/493
f 409/753/498 410/754/499 403/741/492
f 409/753/498 412/755/500 410/754/499
f 409/751/493 408/752/436 411/756/489
f 411/757/501 412/755/500 409/753/498
f 410/758/502 412/759/503 419/760/504
f 410/761/505 415/762/506 412/763/507
f 418/764/508 410/754/509 412/755/500
f 413/765/510 412/759/503 417/766/511
f 414/767/503 412/759/503 413/765/510
f 419/760/504 412/759/503 414/767/503
f 415/762/506 416/768/512 412/763/507
f 412/763/507 416/768/512 417/769/513
f 418/764/508 412/755/500 417/770/514
f 411/757/501 417/770/515 412/755/500
f 420/771/516 410/772/502 419/773/504
f 421/774/517 420/775/518 419/776/519
f 422/777/520 421/774/517 419/776/519
f 423/778/521 422/777/520 419/776/519
f 423/778/521 419/776/519 414/779/522
f 423/778/521 424/780/523 422/777/520
f 413/781/524 423/778/521 414/779/522
f 413/781/524 425/782/525 423/778/521
f 425/782/525 424/780/523 423/778/521
f 427/783/526 426/784/527 425/782/525
f 425/782/525 426/784/527 424/780/523
f 428/785/528 425/782/525 413/781/524
f 427/783/526 425/782/525 428/785/528
f 428/786/529 417/766/511 429/787/530
f 428/786/529 429/787/530 430/788/531
f 413/765/510 417/766/511 428/786/529
f 428/786/529 430/788/531 431/789/532
f 432/790/533 428/785/528 431/791/534
f 432/790/533 427/783/526 428/785/528
f 434/792/523 427/783/526 432/790/533
f 433/793/535 432/790/533 431/791/534
f 433/793/535 434/792/523 432/790/533
f 435/794/536 434/795/537 436/796/538
f 435/794/536 438/797/539 434/795/537
f 436/796/538 434/795/537 437/798/540
f 433/793/535 437/799/523 434/792/523
f 427/783/526 434/792/523 438/800/523
f 439/801/541 438/797/539 435/794/536
f 427/783/526 438/800/523 426/784/527
f 439/801/541 426/802/542 438/797/539
f 440/803/310 439/804/311 435/805/311
f 440/803/310 441/806/311 439/804/311
f 441/807/543 426/802/542 439/801/541
f 440/803/310 442/808/311 441/806/311
f 442/809/544 424/810/543 441/807/543
f 441/807/543 424/810/543 426/802/542
f 443/811/545 444/812/546 442/813/544
f 440/803/310 443/814/311 442/808/311
f 442/809/544 444/815/546 424/810/543
f 443/811/545 445/816/547 444/812/546
f 422/777/520 444/817/523 421/774/517
f 422/777/520 424/780/523 444/817/523
f 421/774/517 444/817/523 445/818/523
f 447/819/548 446/820/548 445/816/547
f 421/774/517 445/818/523 446/821/523
f 447/819/548 445/816/547 443/811/545
f 448/822/549 446/820/548 447/819/548
f 447/823/311 440/803/310 448/824/311
f 440/803/310 447/823/311 443/814/311
f 448/822/549 449/825/550 446/820/548
f 450/826/551 449/825/550 448/822/549
f 448/824/311 440/803/310 450/827/311
f 440/803/310 451/828/311 450/827/311
f 451/829/552 452/830/553 450/826/551
f 450/826/551 452/830/553 449/825/550
f 454/831/554 452/832/523 453/833/555
f 453/833/555 452/832/523 455/834/556
f 454/831/554 449/835/523 452/832/523
f 455/834/556 452/832/523 456/836/523
f 451/829/552 456/837/552 452/830/553
f 457/838/557 456/837/552 451/829/552
f 457/838/557 458/839/558 456/837/552
f 455/834/556 456/836/523 458/840/489
f 459/841/559 458/839/558 457/838/557
f 455/834/556 458/840/489 460/842/560
f 459/841/559 461/843/561 458/839/558
f 460/842/560 458/840/489 461/844/523
f 462/845/562 461/844/523 463/846/563
f 460/842/560 461/844/523 462/845/562
f 463/846/563 461/844/523 464/847/527
f 465/848/564 464/849/565 461/843/561
f 465/848/564 461/843/561 459/841/559
f 440/803/310 465/850/311 459/851/311
f 440/803/310 466/852/311 465/850/311
f 466/853/566 464/849/565 465/848/564
f 440/803/310 436/854/311 466/852/311
f 436/796/538 437/798/540 466/853/566
f 466/853/566 437/798/540 464/849/565
f 463/846/563 464/847/527 433/793/535
f 433/793/535 464/847/527 437/799/523
f 462/845/562 463/846/563 467/855/567
f 463/846/563 469/856/568 467/855/567
f 463/846/563 433/793/535 468/857/569
f 463/846/563 468/857/569 469/856/568
f 469/858/570 471/859/570 470/860/571
f 469/858/570 470/860/571 467/861/571
f 468/862/572 471/859/570 469/858/570
f 472/863/573 479/864/574 471/865/575
f 472/863/573 471/865/575 476/866/576
f 473/867/577 471/865/575 479/864/574
f 474/868/578 471/865/575 473/867/577
f 474/868/578 470/869/579 471/865/575
f 476/866/576 471/865/575 470/869/579
f 471/870/580 475/871/581 470/872/582
f 478/873/583 475/871/581 471/870/580
f 477/874/584 478/873/583 471/870/580
f 479/875/585 477/874/584 471/870/580
f 468/862/572 479/876/586 471/859/570
f 482/877/587 479/864/574 430/878/588
f 431/789/532 430/788/531 479/876/586
f 480/879/589 430/878/588 479/864/574
f 481/880/590 479/875/585 430/881/591
f 431/789/532 479/876/586 468/862/572
f 480/879/589 479/864/574 472/863/573
f 481/880/590 477/874/584 479/875/585
f 473/867/577 479/864/574 482/877/587
f 483/882/436 485/883/436 482/884/493
f 482/877/587 430/878/588 483/885/592
f 482/884/493 484/886/436 473/887/436
f 482/884/493 485/883/436 484/886/436
f 483/882/436 486/888/436 485/883/436
f 485/889/593 488/890/594 484/891/595
f 486/892/596 487/893/597 485/889/593
f 485/889/593 487/893/597 488/890/594
f 487/894/598 489/895/599 488/896/600
f 488/896/600 489/895/599 490/897/601
f 488/896/600 490/897/601 491/898/602
f 484/891/595 488/890/594 491/899/595
f 493/900/603 491/899/595 492/901/604
f 491/898/602 494/902/605 492/903/606
f 484/891/595 491/899/595 493/900/603
f 491/898/602 490/897/601 494/902/605
f 490/904/455 480/905/455 494/906/455
f 494/906/455 480/905/455 472/907/455
f 494/906/455 472/907/455 495/908/455
f 492/903/606 494/902/605 495/909/607
f 495/908/455 472/907/455 476/910/455
f 495/908/455 476/910/455 496/911/455
f 492/903/606 495/909/607 497/912/608
f 498/913/609 495/909/607 496/914/610
f 497/912/608 495/909/607 498/913/609
f 498/913/609 496/914/610 499/915/611
f 501/916/612 497/917/613 498/918/612
f 500/919/614 498/918/612 499/920/615
f 501/916/612 498/918/612 500/919/614
f 503/921/436 502/922/436 501/923/436
f 502/924/613 497/917/613 501/916/612
f 503/921/436 501/923/436 500/925/436
f 474/926/436 502/922/436 503/921/436
f 503/927/616 504/928/617 470/929/579
f 503/930/616 470/869/579 474/868/578
f 505/931/618 504/928/617 503/927/616
f 503/921/436 500/925/436 505/932/436
f 367/672/437 506/933/489 505/932/436
f 500/925/436 367/672/437 505/932/436
f 506/934/619 507/935/620 505/931/618
f 505/931/618 507/935/620 504/928/617
f 508/936/621 504/928/622 507/935/623
f 508/936/621 507/935/623 509/937/624
f 506/934/619 396/731/485 507/935/620
f 510/938/625 507/939/626 396/735/488
f 509/937/624 507/935/623 396/731/483
f 507/940/627 398/734/487 396/733/486
f 511/941/628 398/734/487 507/940/627
f 512/942/629 507/939/626 510/938/625
f 513/943/630 511/941/628 507/940/627
f 512/942/629 504/944/631 507/939/626
f 504/945/632 513/943/630 507/940/627
f 470/872/582 513/943/630 504/945/632
f 475/871/581 513/943/630 470/872/582
f 514/946/633 513/943/630 475/871/581
f 514/946/633 511/941/628 513/943/630
f 517/947/634 514/946/633 481/880/590
f 481/880/590 514/946/633 477/874/584
f 514/946/633 415/762/506 515/948/635
f 514/946/633 416/768/512 415/762/506
f 514/946/633 515/948/635 516/949/636
f 514/946/633 516/949/636 395/728/480
f 514/946/633 398/734/487 511/941/628
f 514/946/633 400/730/482 398/734/487
f 514/946/633 395/728/480 400/730/482
f 514/946/633 478/873/583 477/874/584
f 514/946/633 475/871/581 478/873/583
f 514/946/633 517/947/634 416/768/512
f 517/947/634 481/880/590 429/950/637
f 416/768/512 517/947/634 429/950/637
f 516/949/636 515/948/635 391/951/638
f 395/728/480 516/949/636 391/951/638
f 515/948/635 415/762/506 410/761/505
f 391/951/638 515/948/635 410/761/505
f 460/842/560 512/952/639 510/953/640
f 462/845/562 467/855/567 512/952/639
f 460/842/560 462/845/562 512/952/639
f 467/861/571 504/944/631 512/942/629
f 455/834/556 510/953/640 399/954/641
f 510/938/625 396/735/488 399/725/130
f 455/834/556 460/842/560 510/953/640
f 508/955/455 509/956/455 518/957/455
f 509/956/455 375/693/455 519/958/455
f 375/693/455 509/956/455 385/707/455
f 509/937/624 396/731/483 385/959/642
f 518/957/455 509/956/455 519/958/455
f 519/958/455 375/693/455 521/960/455
f 522/961/643 518/962/644 519/963/645
f 522/961/643 519/963/645 520/964/646
f 520/964/646 519/963/645 521/965/647
f 523/966/648 499/920/615 522/967/648
f 523/966/648 522/967/648 524/968/649
f 499/915/611 518/962/644 522/961/643
f 524/968/649 522/967/648 520/969/649
f 524/968/649 520/969/649 525/970/650
f 367/672/437 524/971/436 525/972/436
f 367/672/437 523/973/436 524/971/436
f 525/970/650 520/969/649 526/974/650
f 525/970/650 526/974/650 527/975/651
f 97/976/652 525/972/436 527/977/436
f 367/672/436 525/972/436 97/976/652
f 527/975/651 526/974/650 528/978/653
f 527/975/651 528/978/653 529/979/654
f 97/976/652 527/977/436 529/980/493
f 97/976/652 529/980/493 530/981/437
f 529/979/654 528/978/653 531/982/654
f 529/979/654 531/982/654 530/983/655
f 530/983/655 531/982/654 532/984/656
f 531/985/657 533/986/658 532/987/659
f 531/985/657 534/988/660 533/986/658
f 528/989/661 534/988/660 531/985/657
f 535/990/455 375/693/455 534/991/455
f 534/991/455 375/693/455 533/992/455
f 528/989/661 535/993/662 534/988/660
f 521/960/455 375/693/455 535/990/455
f 526/994/663 521/965/647 535/993/662
f 526/994/663 535/993/662 528/989/661
f 532/987/659 533/986/658 536/995/664
f 533/992/455 375/693/455 536/996/455
f 532/987/659 536/995/664 537/997/665
f 536/996/455 375/693/455 538/998/455
f 537/997/665 536/995/664 538/999/666
f 538/998/455 375/693/455 539/998/455
f 537/997/665 538/999/666 539/1000/667
f 540/1001/668 539/1000/667 541/1002/669
f 537/997/665 539/1000/667 540/1001/668
f 539/998/455 375/693/455 541/1003/455
f 540/1001/668 541/1002/669 542/1004/670
f 541/1003/455 375/693/455 543/1005/455
f 542/1004/670 541/1002/669 543/1006/671
f 543/1005/455 375/693/455 545/1007/455
f 542/1004/670 543/1006/671 544/1008/672
f 544/1008/672 543/1006/671 545/1009/673
f 544/1008/672 545/1009/673 546/1010/674
f 546/1010/674 545/1009/673 547/1011/675
f 545/1007/455 375/693/455 547/1012/455
f 546/1010/674 547/1011/675 548/1013/676
f 547/1012/455 375/693/455 549/1012/455
f 548/1013/676 547/1011/675 549/1014/677
f 549/1012/455 375/693/455 550/1015/678
f 551/1016/679 549/1014/677 550/1017/680
f 554/1018/681 549/1014/677 551/1016/679
f 548/1013/676 549/1014/677 552/1019/682
f 552/1019/682 549/1014/677 553/1020/683
f 553/1020/683 549/1014/677 554/1018/681
f 555/1021/684 554/1022/685 551/1023/686
f 556/1024/687 554/1022/685 555/1021/684
f 557/1025/688 554/1022/685 556/1024/687
f 557/1025/688 553/1026/688 554/1022/685
f 97/976/652 558/1027/437 557/1028/436
f 97/976/652 557/1028/436 556/1029/437
f 558/1030/689 553/1026/688 557/1025/688
f 558/1030/689 552/1031/690 553/1026/688
f 97/976/652 559/1032/436 558/1027/437
f 559/1033/691 552/1031/690 558/1030/689
f 97/976/652 560/1034/436 559/1032/436
f 560/1035/692 548/1036/693 559/1033/691
f 559/1033/691 548/1036/693 552/1031/690
f 560/1035/692 546/1037/694 548/1036/693
f 561/1038/695 546/1037/694 560/1035/692
f 97/976/652 561/1039/436 560/1034/436
f 562/1040/696 542/1041/697 561/1038/695
f 97/976/652 562/1042/436 561/1039/436
f 561/1038/695 542/1041/697 544/1043/89
f 561/1038/695 544/1043/89 546/1037/694
f 562/1040/696 540/1044/698 542/1041/697
f 563/1045/699 540/1044/698 562/1040/696
f 97/976/652 563/1046/493 562/1042/436
f 530/983/655 532/984/656 563/1045/699
f 97/976/652 530/981/437 563/1046/493
f 563/1045/699 537/1047/699 540/1044/698
f 563/1045/699 532/984/656 537/1047/699
f 97/976/652 556/1029/437 555/1048/436
f 564/1049/700 367/1050/701 556/1051/700
f 564/1049/700 556/1051/700 565/1052/700
f 565/1052/700 556/1051/700 569/1053/700
f 556/1051/700 367/1050/701 568/1054/700
f 571/1055/702 556/1056/703 566/1057/703
f 566/1057/703 556/1056/703 567/1058/704
f 568/1059/705 567/1058/704 556/1056/703
f 569/1053/700 556/1051/700 570/1060/700
f 570/1060/700 556/1051/700 571/1061/706
f 571/1062/702 574/1063/707 570/1064/708
f 566/1065/703 572/1066/709 571/1062/702
f 571/1062/702 572/1066/709 573/1067/710
f 571/1062/702 573/1067/710 574/1063/707
f 574/1068/711 576/1069/712 575/1070/713
f 570/1064/708 574/1063/707 575/1071/714
f 573/1072/715 576/1069/712 574/1068/711
f 573/1072/715 577/1073/716 576/1069/712
f 577/1074/717 578/1075/718 576/1076/718
f 576/1076/718 578/1075/718 579/1077/719
f 575/1070/713 576/1069/712 579/1078/720
f 580/1079/721 579/1078/720 581/1080/722
f 575/1070/713 579/1078/720 580/1079/721
f 579/1077/719 578/1075/718 581/1081/723
f 581/1081/723 578/1075/718 582/1082/723
f 583/1083/724 581/1080/722 582/1084/725
f 580/1079/721 581/1080/722 583/1083/724
f 565/1085/726 583/1086/727 584/1087/728
f 583/1083/724 582/1084/725 584/1088/729
f 569/1089/730 583/1086/727 565/1085/726
f 569/1089/730 580/1090/731 583/1086/727
f 584/1088/729 582/1084/725 585/1091/732
f 584/1088/729 585/1091/732 586/1092/733
f 565/1085/726 584/1087/728 564/1093/734
f 564/1093/734 584/1087/728 586/1094/735
f 586/1092/733 589/1095/736 587/1096/737
f 588/1097/735 586/1094/735 587/1098/738
f 564/1093/734 586/1094/735 588/1097/735
f 586/1092/733 590/1099/739 589/1095/736
f 586/1092/733 585/1091/732 590/1099/739
f 590/1100/740 593/1101/741 589/1102/741
f 585/1103/723 591/1104/723 590/1100/740
f 590/1100/740 591/1104/723 592/1105/742
f 590/1100/740 592/1105/742 593/1101/741
f 593/1106/743 594/1107/744 595/1108/745
f 592/1109/746 594/1107/744 593/1106/743
f 589/1102/741 593/1101/741 597/1110/741
f 593/1106/743 595/1108/745 596/1111/747
f 593/1106/743 596/1111/747 597/1112/748
f 597/1112/748 596/1111/747 598/1113/749
f 599/1114/741 597/1110/741 598/1115/750
f 589/1102/741 597/1110/741 599/1114/741
f 599/1114/741 598/1115/750 600/1116/750
f 601/1117/751 599/1118/752 600/1119/753
f 587/1096/737 599/1118/752 601/1117/751
f 587/1096/737 589/1095/736 599/1118/752
f 601/1117/751 600/1119/753 602/1120/754
f 603/1121/755 601/1122/755 602/1123/756
f 604/1124/757 601/1122/755 603/1121/755
f 604/1124/757 587/1098/738 601/1122/755
f 603/1125/700 367/1050/701 604/1126/700
f 604/1126/700 367/1050/701 588/1127/700
f 588/1097/735 587/1098/738 604/1124/757
f 603/1121/755 602/1123/756 605/1128/758
f 605/1129/700 367/1050/701 603/1125/700
f 606/1130/700 367/1050/701 605/1129/700
f 605/1128/758 607/1131/759 606/1132/760
f 605/1128/758 602/1123/756 607/1131/759
f 602/1120/754 600/1119/753 607/1133/761
f 607/1133/761 600/1119/753 608/1134/762
f 607/1133/761 608/1134/762 609/1135/763
f 606/1132/760 607/1131/759 609/1136/764
f 609/1135/763 613/1137/765 610/1138/766
f 609/1135/763 610/1138/766 611/1139/767
f 612/1140/768 609/1136/764 611/1141/769
f 609/1135/763 608/1134/762 613/1137/765
f 606/1132/760 609/1136/764 612/1140/768
f 613/1142/770 614/1143/717 610/1144/750
f 608/1145/771 614/1143/717 613/1142/770
f 614/1146/772 621/1147/773 615/1148/774
f 614/1146/772 615/1148/774 617/1149/775
f 608/1145/771 616/1150/770 614/1143/717
f 616/1151/776 620/1152/777 614/1146/772
f 614/1143/717 617/1153/778 618/1154/718
f 619/1155/741 614/1143/717 618/1154/718
f 610/1144/750 614/1143/717 619/1155/741
f 614/1146/772 620/1152/777 621/1147/773
f 621/1156/779 622/1157/780 623/1158/781
f 620/1159/782 622/1157/780 621/1156/779
f 615/1160/783 621/1156/779 624/1161/784
f 626/1162/785 621/1156/779 623/1158/781
f 624/1161/784 621/1156/779 625/1163/786
f 625/1163/786 621/1156/779 626/1162/785
f 626/1164/787 627/1165/788 625/1166/789
f 626/1164/787 628/1167/790 627/1165/788
f 623/1168/791 628/1167/790 626/1164/787
f 628/1169/792 630/1170/793 629/1171/794
f 628/1169/792 629/1171/794 627/1172/795
f 628/1169/792 631/1173/796 630/1170/793
f 633/1174/797 631/1173/796 628/1169/792
f 632/1175/798 628/1167/790 623/1168/791
f 632/1175/798 633/1176/799 628/1167/790
f 633/1174/797 636/1177/800 631/1173/796
f 634/1178/801 633/1176/799 632/1175/798
f 634/1178/801 635/1179/801 633/1176/799
f 635/1180/802 636/1177/800 633/1174/797
f 636/1181/803 637/1182/804 631/1183/805
f 636/1181/803 638/1184/806 637/1182/804
f 639/1185/807 638/1184/806 636/1181/803
f 635/1180/802 639/1186/808 636/1177/800
f 640/1187/809 639/1186/808 635/1180/802
f 640/1187/809 641/1188/810 639/1186/808
f 641/1189/811 642/1190/812 639/1185/807
f 639/1185/807 642/1190/812 638/1184/806
f 641/1189/811 644/1191/813 642/1190/812
f 645/1192/814 642/1193/815 643/1194/816
f 643/1194/816 642/1193/815 644/1195/817
f 645/1192/814 638/1196/818 642/1193/815
f 646/1197/819 638/1196/818 645/1192/814
f 645/1198/820 647/1199/821 646/1200/311
f 645/1198/820 648/1201/820 647/1199/821
f 645/1198/820 649/1202/822 648/1201/820
f 643/1203/523 649/1202/822 645/1198/820
f 649/1204/823 650/1205/824 648/1206/825
f 649/1204/823 651/1207/826 650/1205/824
f 652/1208/827 651/1207/826 649/1204/823
f 643/1203/523 652/1209/489 649/1202/822
f 643/1203/523 653/1210/437 652/1209/489
f 652/1208/827 655/1211/828 651/1207/826
f 653/1210/437 654/1212/489 652/1209/489
f 654/1213/829 655/1211/828 652/1208/827
f 654/1213/829 656/1214/830 655/1211/828
f 656/1215/831 658/1216/832 655/1217/832
f 655/1217/832 658/1216/832 657/1218/833
f 655/1217/832 657/1218/833 651/1219/834
f 658/1220/835 227/1221/835 657/1222/835
f 659/1223/835 227/1221/835 658/1220/835
f 656/1215/831 659/1224/836 658/1216/832
f 661/1225/835 227/1221/835 659/1223/835
f 656/1215/831 660/1226/837 659/1224/836
f 659/1224/836 660/1226/837 661/1227/837
f 663/1228/835 227/1221/835 661/1225/835
f 661/1227/837 660/1226/837 662/1229/838
f 661/1227/837 662/1229/838 663/1230/838
f 663/1230/838 665/1231/839 664/1232/840
f 664/1233/835 227/1221/835 663/1228/835
f 663/1230/838 662/1229/838 665/1231/839
f 669/1234/841 665/1235/842 666/1236/843
f 666/1236/843 665/1235/842 662/1237/844
f 664/1232/840 665/1231/839 667/1238/845
f 668/1239/846 667/1240/847 665/1235/842
f 668/1239/846 665/1235/842 669/1234/841
f 670/1241/820 669/1242/820 666/1243/652
f 670/1241/820 668/1244/820 669/1242/820
f 671/1245/848 670/1246/849 653/1247/850
f 653/1210/437 670/1241/820 666/1243/652
f 622/1248/851 670/1246/849 671/1245/848
f 670/1241/820 672/1249/820 668/1244/820
f 670/1241/820 673/1250/820 672/1249/820
f 674/1251/820 673/1250/820 670/1241/820
f 675/1252/852 674/1253/853 670/1246/849
f 675/1252/852 670/1246/849 622/1248/851
f 676/1254/854 675/1255/855 620/1159/782
f 676/1254/854 677/1256/856 675/1255/855
f 677/1257/857 674/1253/853 675/1252/852
f 620/1159/782 675/1255/855 622/1157/780
f 681/1258/858 677/1256/856 676/1254/854
f 681/1258/858 678/1259/859 677/1256/856
f 678/1260/860 680/1261/861 677/1257/857
f 677/1257/857 679/1262/862 674/1253/853
f 677/1257/857 680/1261/861 679/1262/862
f 682/1263/863 681/1264/864 676/1265/865
f 682/1263/863 683/1266/866 681/1264/864
f 683/1267/867 678/1259/859 681/1258/858
f 684/1268/868 683/1266/866 682/1263/863
f 685/1269/869 683/1266/866 684/1268/868
f 685/1269/869 686/1270/870 683/1266/866
f 686/1271/871 687/1272/872 683/1273/873
f 683/1267/867 687/1274/874 678/1259/859
f 687/1275/875 680/1261/861 678/1260/860
f 687/1275/875 688/1276/876 680/1261/861
f 687/1275/875 689/1277/877 688/1276/876
f 689/1277/877 687/1275/875 690/1278/878
f 686/1271/871 690/1279/879 687/1272/872
f 691/1280/880 689/1281/877 690/1282/878
f 692/1283/881 691/1284/882 690/1279/879
f 692/1283/881 690/1279/879 686/1271/871
f 685/1285/869 692/1286/883 686/1287/870
f 693/1288/884 692/1286/883 685/1285/869
f 693/1288/884 696/1289/885 692/1286/883
f 691/1284/882 692/1283/881 694/1290/886
f 694/1290/886 692/1283/881 695/1291/887
f 695/1291/887 692/1283/881 699/1292/888
f 697/1293/889 692/1283/881 696/1294/890
f 698/1295/891 692/1283/881 697/1293/889
f 699/1292/888 692/1283/881 698/1295/891
f 698/1296/892 700/1297/893 699/1298/893
f 699/1298/893 700/1297/893 695/1299/894
f 698/1296/892 701/1300/895 700/1297/893
f 701/1301/896 702/1302/897 700/1303/898
f 695/1299/894 700/1297/893 704/1304/894
f 700/1303/898 702/1302/897 703/1305/899
f 700/1303/898 703/1305/899 704/1306/900
f 704/1306/900 703/1305/899 705/1307/901
f 704/1306/900 705/1307/901 706/1308/902
f 695/1299/894 704/1304/894 706/1309/903
f 706/1308/902 705/1307/901 709/1310/904
f 706/1308/902 708/1311/905 707/1312/906
f 694/1313/907 706/1309/903 707/1314/908
f 706/1308/902 709/1310/904 708/1311/905
f 695/1299/894 706/1309/903 694/1313/907
f 705/1315/909 711/1316/910 709/1317/911
f 708/1318/912 709/1317/911 710/1319/913
f 710/1319/913 709/1317/911 711/1316/910
f 712/1320/914 715/1321/915 711/1316/910
f 702/1322/916 712/1320/914 711/1316/910
f 702/1322/916 711/1316/910 703/1323/909
f 703/1323/909 711/1316/910 705/1315/909
f 711/1324/917 714/1325/918 713/1326/919
f 713/1327/920 710/1328/921 711/1329/922
f 711/1324/917 716/1330/923 714/1325/918
f 715/1331/924 716/1330/923 711/1324/917
f 718/1332/723 717/1333/925 716/1334/926
f 717/1333/925 693/1335/927 716/1334/926
f 719/1336/928 718/1337/929 716/1330/923
f 719/1336/928 716/1330/923 715/1331/924
f 716/1334/926 693/1335/927 714/1338/719
f 720/1339/930 718/1337/929 719/1336/928
f 722/1340/931 720/1341/932 719/1342/933
f 721/1343/933 719/1342/933 715/1321/915
f 722/1340/931 719/1342/933 721/1343/933
f 723/1344/934 722/1345/935 721/1346/936
f 723/1344/934 724/1347/937 722/1345/935
f 724/1348/938 720/1341/932 722/1340/931
f 725/1349/939 727/1350/940 724/1348/938
f 726/1351/941 725/1352/942 724/1347/937
f 726/1351/941 724/1347/937 723/1344/934
f 724/1348/938 727/1350/940 720/1341/932
f 727/1350/940 725/1349/939 728/1353/943
f 728/1354/944 729/1355/945 727/1356/946
f 727/1356/946 729/1355/945 720/1339/930
f 729/1357/947 731/1358/948 730/1359/718
f 729/1357/947 730/1359/718 718/1332/723
f 732/1360/949 731/1358/948 729/1357/947
f 728/1354/944 732/1361/950 729/1355/945
f 720/1339/930 729/1355/945 718/1337/929
f 733/1362/951 734/1363/952 732/1360/949
f 736/1364/953 733/1365/954 732/1361/950
f 732/1360/949 734/1363/952 735/1366/955
f 732/1360/949 735/1366/955 731/1358/948
f 736/1364/953 732/1361/950 728/1354/944
f 736/1367/956 738/1368/957 737/1369/957
f 737/1370/958 733/1365/954 736/1364/953
f 736/1367/956 739/1371/959 738/1368/957
f 728/1353/943 725/1349/939 736/1367/956
f 725/1349/939 739/1371/959 736/1367/956
f 741/1372/960 740/1373/961 739/1371/959
f 740/1374/962 742/1375/963 739/1376/964
f 741/1372/960 739/1371/959 725/1349/939
f 739/1376/964 742/1375/963 738/1377/965
f 738/1377/965 742/1375/963 743/1378/966
f 742/1379/967 744/1380/968 743/1381/969
f 745/1382/970 744/1380/968 742/1379/967
f 740/1374/962 745/1383/971 742/1375/963
f 746/1384/972 745/1383/971 740/1374/962
f 746/1384/972 747/1385/973 745/1383/971
f 747/1386/974 748/1387/975 745/1382/970
f 745/1382/970 748/1387/975 744/1380/968
f 749/1388/976 748/1389/977 750/1390/977
f 749/1388/976 744/1391/978 748/1389/977
f 750/1390/977 748/1389/977 753/1392/979
f 751/1393/980 752/1394/981 748/1395/975
f 751/1393/980 748/1395/975 747/1396/974
f 753/1392/979 748/1389/977 752/1397/982
f 753/1392/979 752/1397/982 755/1398/983
f 753/1399/984 756/1400/985 750/1401/986
f 755/1402/987 754/1403/988 753/1399/984
f 753/1399/984 754/1403/988 756/1400/985
f 750/1401/986 756/1400/985 757/1404/989
f 754/1405/990 758/1406/991 756/1407/992
f 756/1407/992 746/1408/993 757/1409/994
f 756/1407/992 758/1406/991 746/1408/993
f 758/1410/995 751/1411/996 746/1412/972
f 758/1410/995 759/1413/997 751/1411/996
f 760/1414/998 759/1413/997 758/1410/995
f 754/1405/990 760/1415/999 758/1406/991
f 761/1416/1000 759/1413/997 760/1414/998
f 761/1417/957 760/1415/999 762/1418/1001
f 760/1415/999 754/1405/990 762/1418/1001
f 766/1419/1002 763/1420/1003 762/1421/1004
f 762/1421/1004 763/1420/1003 764/1422/1005
f 762/1418/1001 754/1405/990 766/1423/1006
f 764/1422/1005 765/1424/1007 762/1421/1004
f 765/1425/1008 761/1417/957 762/1418/1001
f 766/1419/1002 767/1426/1009 763/1420/1003
f 768/1427/1010 767/1426/1009 766/1419/1002
f 766/1423/1006 754/1405/990 768/1428/1011
f 768/1428/1011 769/1429/1012 770/1430/1013
f 768/1428/1011 754/1405/990 769/1429/1012
f 770/1431/1014 771/1432/1015 768/1427/1010
f 768/1427/1010 771/1432/1015 767/1426/1009
f 774/1433/1016 771/1434/523 772/1435/527
f 770/1431/1014 772/1436/1017 771/1432/1015
f 773/1437/489 771/1434/523 774/1433/1016
f 773/1437/489 767/1438/1018 771/1434/523
f 774/1433/1016 772/1435/527 776/1439/1019
f 775/1440/1020 773/1441/1021 774/1442/1022
f 775/1440/1020 774/1442/1022 777/1443/1023
f 777/1443/1023 774/1442/1022 776/1444/1024
f 777/1443/1023 776/1444/1024 691/1280/880
f 779/1445/890 777/1446/1025 778/1447/888
f 778/1447/888 777/1446/1025 691/1284/882
f 779/1445/890 775/1448/1026 777/1446/1025
f 780/1449/1027 779/1450/951 782/1451/951
f 780/1449/1027 781/1452/1028 779/1450/951
f 781/1453/1029 775/1448/1026 779/1445/890
f 782/1451/951 779/1450/951 778/1454/1030
f 782/1451/951 778/1454/1030 783/1455/1031
f 783/1456/1032 784/1457/1033 782/1458/1034
f 782/1458/1034 784/1457/1033 780/1459/1035
f 783/1456/1032 785/1460/1036 784/1457/1033
f 784/1461/1037 785/1462/1038 786/1463/1039
f 786/1463/1039 787/1464/1013 784/1461/1037
f 780/1459/1035 784/1457/1033 787/1465/1040
f 770/1430/1013 787/1464/1013 786/1463/1039
f 780/1459/1035 787/1465/1040 769/1466/1041
f 770/1430/1013 769/1429/1012 787/1464/1013
f 786/1463/1039 785/1462/1038 710/1319/913
f 786/1467/1017 772/1436/1017 770/1431/1014
f 710/1468/1042 772/1436/1017 786/1467/1017
f 783/1456/1032 788/1469/1043 785/1460/1036
f 788/1470/1044 710/1319/913 785/1462/1038
f 788/1469/1043 783/1456/1032 789/1471/1045
f 707/1312/906 788/1472/1043 789/1473/1045
f 707/1312/906 708/1311/905 788/1472/1043
f 708/1318/912 710/1319/913 788/1470/1044
f 790/1474/1046 789/1475/1047 783/1476/1031
f 790/1474/1046 707/1314/908 789/1475/1047
f 790/1474/1046 783/1476/1031 778/1477/1030
f 778/1447/888 691/1284/882 790/1478/1048
f 791/1479/908 707/1314/908 790/1474/1046
f 790/1478/1048 691/1284/882 791/1480/1049
f 694/1313/907 707/1314/908 791/1479/908
f 791/1480/1049 691/1284/882 694/1290/886
f 792/1481/1050 781/1452/1028 780/1449/1027
f 792/1481/1050 793/1482/1051 781/1452/1028
f 793/1483/1052 794/1484/1053 781/1453/1029
f 781/1453/1029 794/1484/1053 795/1485/1054
f 781/1453/1029 795/1485/1054 796/1486/1055
f 781/1453/1029 796/1486/1055 775/1448/1026
f 796/1487/1056 797/1488/1057 775/1440/1020
f 796/1487/1056 798/1489/1058 797/1488/1057
f 795/1490/1059 798/1489/1058 796/1487/1056
f 799/1491/1060 763/1492/820 798/1493/311
f 798/1493/311 763/1492/820 797/1494/820
f 794/1495/1061 799/1496/1062 798/1489/1058
f 794/1495/1061 798/1489/1058 795/1490/1059
f 799/1491/1060 764/1497/1060 763/1492/820
f 794/1495/1061 800/1498/1063 799/1496/1062
f 800/1499/1064 764/1497/1060 799/1491/1060
f 803/1500/1065 800/1498/1063 794/1495/1061
f 800/1499/1064 801/1501/1066 764/1497/1060
f 802/1502/310 801/1501/1066 800/1499/1064
f 803/1500/1065 802/1503/1067 800/1498/1063
f 804/1504/1068 810/1505/1068 803/1506/1069
f 804/1504/1068 803/1506/1069 811/1507/1070
f 808/1508/1071 803/1506/1069 805/1509/1072
f 805/1509/1072 803/1506/1069 794/1484/1053
f 809/1510/1069 803/1506/1069 806/1511/1073
f 806/1511/1073 803/1506/1069 807/1512/1071
f 807/1512/1071 803/1506/1069 808/1508/1071
f 812/1513/1074 803/1506/1069 809/1510/1069
f 810/1514/1075 802/1503/1067 803/1500/1065
f 811/1507/1070 803/1506/1069 812/1513/1074
f 816/1515/1076 813/1516/1077 812/1517/1078
f 813/1518/1079 811/1507/1070 812/1513/1074
f 815/1519/1080 812/1517/1078 809/1520/1081
f 816/1515/1076 812/1517/1078 814/1521/1082
f 814/1521/1082 812/1517/1078 815/1519/1080
f 817/1522/1083 818/1523/1084 816/1524/1085
f 817/1522/1083 816/1524/1085 819/1525/1086
f 819/1525/1086 816/1524/1085 814/1526/1087
f 818/1527/1088 813/1516/1077 816/1515/1076
f 820/1528/1089 737/1369/957 819/1529/1090
f 820/1528/1089 819/1529/1090 821/1530/1091
f 819/1525/1086 814/1526/1087 821/1531/1092
f 737/1369/957 817/1532/1093 819/1529/1090
f 820/1528/1089 821/1530/1091 823/1533/1094
f 821/1531/1092 814/1526/1087 822/1534/1095
f 823/1533/1094 821/1530/1091 822/1535/1096
f 823/1533/1094 822/1535/1096 765/1425/1008
f 801/1536/1097 823/1537/1098 765/1424/1007
f 801/1536/1097 824/1538/1099 823/1537/1098
f 824/1539/1100 820/1528/1089 823/1533/1094
f 825/1540/1101 824/1538/1099 801/1536/1097
f 825/1540/1101 826/1541/1102 824/1538/1099
f 824/1539/1100 827/1542/1103 820/1528/1089
f 826/1543/1104 827/1542/1103 824/1539/1100
f 826/1543/1104 830/1544/1105 827/1542/1103
f 827/1545/1106 828/1546/1107 820/1547/1108
f 827/1545/1106 829/1548/1109 828/1546/1107
f 830/1549/1110 829/1548/1109 827/1545/1106
f 831/1550/1111 832/1551/1112 830/1544/1105
f 831/1550/1111 830/1544/1105 826/1543/1104
f 832/1552/1113 833/1553/1114 830/1549/1110
f 830/1549/1110 833/1553/1114 829/1548/1109
f 834/1554/1115 835/1555/1116 833/1556/1117
f 832/1552/1113 834/1557/1118 833/1553/1114
f 833/1556/1117 835/1555/1116 829/1558/1119
f 834/1554/1115 836/1559/771 835/1555/1116
f 836/1560/1120 838/1561/1121 835/1562/1122
f 829/1558/1119 835/1555/1116 837/1563/1123
f 835/1562/1122 838/1561/1121 837/1564/1124
f 837/1564/1124 838/1561/1121 804/1565/1125
f 838/1566/1126 810/1505/1068 804/1504/1068
f 839/1567/1127 810/1505/1068 838/1566/1126
f 838/1568/1128 840/1569/1129 839/1570/1130
f 841/1571/1131 840/1569/1129 838/1568/1128
f 836/1560/1120 841/1572/1132 838/1561/1121
f 843/1573/1133 842/1574/1134 841/1571/1131
f 841/1571/1131 842/1574/1134 840/1569/1129
f 844/1575/1135 843/1576/1136 841/1572/1132
f 844/1575/1135 841/1572/1132 836/1560/1120
f 845/1577/1137 843/1576/1136 844/1575/1135
f 847/1578/1138 844/1579/1139 836/1559/771
f 846/1580/1140 845/1581/1141 844/1579/1139
f 846/1580/1140 844/1579/1139 847/1578/1138
f 850/1582/1142 846/1583/1143 847/1584/1144
f 847/1578/1138 836/1559/771 849/1585/949
f 850/1582/1142 847/1584/1144 848/1586/1145
f 848/1586/1145 847/1584/1144 849/1587/1146
f 852/1588/1147 846/1583/1143 850/1582/1142
f 851/1589/1148 850/1590/1149 853/1591/1150
f 851/1589/1148 852/1592/1151 850/1590/1149
f 853/1591/1150 850/1590/1149 854/1593/1152
f 854/1593/1152 850/1590/1149 848/1594/1152
f 855/1595/1153 854/1596/1154 856/1597/1155
f 855/1595/1153 853/1598/1156 854/1596/1154
f 856/1597/1155 854/1596/1154 857/1599/1157
f 854/1593/1152 858/1600/1158 857/1601/1159
f 854/1593/1152 848/1594/1152 858/1600/1158
f 858/1602/1160 849/1587/1146 834/1557/1118
f 858/1602/1160 834/1557/1118 832/1552/1113
f 857/1601/1159 858/1600/1158 832/1551/1112
f 848/1586/1145 849/1587/1146 858/1602/1160
f 859/1603/1161 857/1599/1157 831/1604/1162
f 856/1597/1155 857/1599/1157 859/1603/1161
f 857/1601/1159 832/1551/1112 831/1550/1111
f 860/1605/1018 859/1606/820 861/1607/311
f 860/1605/1018 856/1608/489 859/1606/820
f 859/1603/1161 831/1604/1162 861/1609/1163
f 860/1605/1018 861/1607/311 862/1610/310
f 862/1610/310 861/1607/311 825/1611/1060
f 826/1541/1102 825/1540/1101 861/1609/1163
f 861/1609/1163 831/1604/1162 826/1541/1102
f 839/1612/1164 862/1613/1165 802/1503/1067
f 839/1612/1164 860/1614/1166 862/1613/1165
f 862/1610/310 825/1611/1060 802/1502/310
f 863/1615/1167 860/1614/1166 839/1612/1164
f 863/1615/1167 864/1616/1168 860/1614/1166
f 864/1617/1016 856/1608/489 860/1605/1018
f 866/1618/1016 865/1619/1169 864/1617/1016
f 864/1617/1016 865/1619/1169 855/1620/1170
f 867/1621/1171 866/1622/1172 864/1616/1168
f 867/1621/1171 864/1616/1168 863/1615/1167
f 864/1617/1016 855/1620/1170 856/1608/489
f 868/1623/1173 866/1622/1172 867/1621/1171
f 863/1624/1174 870/1625/1175 867/1626/1176
f 867/1626/1176 869/1627/1177 868/1628/1178
f 867/1626/1176 870/1625/1175 869/1627/1177
f 863/1624/1174 872/1629/1179 870/1625/1175
f 870/1630/1180 873/1631/1181 871/1632/1182
f 870/1630/1180 871/1632/1182 869/1633/1183
f 872/1634/1184 873/1631/1181 870/1630/1180
f 840/1635/1185 873/1631/1181 872/1634/1184
f 840/1635/1185 874/1636/1186 873/1631/1181
f 874/1637/1187 875/1638/1188 873/1639/1189
f 873/1639/1189 875/1638/1188 871/1640/1190
f 876/1641/1191 875/1642/1192 851/1589/1148
f 871/1640/1190 875/1638/1188 876/1643/1193
f 852/1592/1151 851/1589/1148 875/1642/1192
f 877/1644/1194 852/1592/1151 875/1642/1192
f 874/1637/1187 877/1645/1195 875/1638/1188
f 878/1646/1196 852/1592/1151 877/1644/1194
f 879/1647/1197 878/1648/1198 877/1645/1195
f 879/1647/1197 877/1645/1195 874/1637/1187
f 880/1649/1199 878/1648/1198 879/1647/1197
f 842/1650/1200 879/1651/1201 874/1636/1186
f 881/1652/1202 879/1651/1201 842/1650/1200
f 881/1652/1202 880/1653/1203 879/1651/1201
f 843/1573/1133 881/1654/1204 842/1574/1134
f 882/1655/1205 881/1654/1204 843/1573/1133
f 882/1655/1205 883/1656/1206 881/1654/1204
f 883/1657/1207 880/1653/1203 881/1652/1202
f 884/1658/1208 885/1659/1209 883/1656/1206
f 884/1658/1208 883/1656/1206 882/1655/1205
f 885/1660/1210 886/1661/1207 883/1657/1207
f 883/1657/1207 886/1661/1207 880/1653/1203
f 887/1662/1211 889/1663/1212 886/1664/1213
f 885/1660/1210 887/1665/1214 886/1661/1207
f 886/1664/1213 888/1666/1215 890/1667/1216
f 886/1664/1213 889/1663/1212 888/1666/1215
f 886/1664/1213 890/1667/1216 880/1649/1199
f 880/1649/1199 890/1667/1216 878/1648/1198
f 890/1668/1217 891/1669/1218 878/1646/1196
f 888/1670/1219 891/1669/1218 890/1668/1217
f 891/1671/1220 892/1672/1221 846/1583/1143
f 891/1671/1220 846/1583/1143 852/1588/1147
f 878/1646/1196 891/1669/1218 852/1592/1151
f 888/1670/1219 893/1673/1222 891/1669/1218
f 893/1674/1221 892/1672/1221 891/1671/1220
f 894/1675/1223 892/1672/1221 893/1674/1221
f 889/1676/1224 894/1677/1225 893/1673/1222
f 889/1676/1224 893/1673/1222 888/1670/1219
f 895/1678/1226 897/1679/1227 894/1675/1223
f 896/1680/1225 895/1681/1228 894/1677/1225
f 894/1675/1223 897/1679/1227 892/1672/1221
f 896/1680/1225 894/1677/1225 889/1676/1224
f 898/1682/1229 892/1683/1230 897/1684/1231
f 898/1682/1229 897/1684/1231 899/1685/741
f 899/1685/741 897/1684/1231 900/1686/750
f 895/1678/1226 900/1687/1232 897/1679/1227
f 901/1688/1233 900/1686/750 903/1689/948
f 902/1690/771 900/1686/750 901/1688/1233
f 899/1685/741 900/1686/750 902/1690/771
f 904/1691/1234 900/1687/1232 895/1678/1226
f 904/1691/1234 903/1692/1235 900/1687/1232
f 907/1693/1236 903/1692/1235 904/1691/1234
f 905/1694/1237 904/1695/1238 895/1681/1228
f 629/1696/1239 904/1695/1238 905/1694/1237
f 637/1182/804 904/1695/1238 630/1697/1240
f 630/1697/1240 904/1695/1238 629/1696/1239
f 637/1182/804 906/1698/1241 904/1695/1238
f 904/1695/1238 906/1698/1241 907/1699/1242
f 907/1693/1236 910/1700/1243 903/1692/1235
f 907/1699/1242 908/1701/1244 911/1702/1245
f 907/1699/1242 909/1703/1246 908/1701/1244
f 906/1698/1241 909/1703/1246 907/1699/1242
f 911/1704/1247 910/1700/1243 907/1693/1236
f 911/1704/1247 912/1705/1248 910/1700/1243
f 913/1706/1249 912/1705/1248 911/1704/1247
f 911/1702/1245 914/1707/1250 913/1708/1251
f 911/1702/1245 908/1701/1244 914/1707/1250
f 915/1709/1252 914/1710/1253 908/1711/1253
f 915/1709/1252 916/1712/1252 914/1710/1253
f 913/1708/1251 914/1707/1250 916/1713/1254
f 919/1714/700 916/1712/1252 915/1709/1252
f 919/1714/700 917/1715/700 916/1712/1252
f 920/1716/1255 916/1713/1254 917/1717/1256
f 913/1708/1251 916/1713/1254 918/1718/1257
f 918/1718/1257 916/1713/1254 920/1716/1255
f 921/1719/1258 912/1705/1259 920/1720/1260
f 912/1705/1259 918/1721/1261 920/1720/1260
f 920/1716/1255 917/1717/1256 921/1722/1262
f 926/1723/1263 922/1724/1264 921/1719/1258
f 921/1719/1258 922/1724/1264 923/1724/1265
f 921/1719/1258 923/1724/1265 912/1705/1259
f 921/1722/1262 917/1717/1256 924/1725/1266
f 925/1726/1267 921/1722/1262 924/1725/1266
f 925/1726/1267 926/1727/1268 921/1722/1262
f 928/1728/1269 922/1724/1264 926/1723/1263
f 927/1729/1270 926/1727/1268 925/1726/1267
f 927/1729/1270 928/1730/1271 926/1727/1268
f 928/1728/1269 932/1731/1272 922/1724/1264
f 929/1732/1273 928/1730/1271 927/1729/1270
f 929/1732/1273 930/1733/1273 928/1730/1271
f 930/1734/1274 931/1735/1275 928/1728/1269
f 928/1728/1269 931/1735/1275 932/1731/1272
f 932/1736/1276 910/1737/1277 922/1738/1278
f 931/1739/1276 910/1737/1277 932/1736/1276
f 933/1740/1276 910/1737/1277 931/1739/1276
f 930/1734/1274 933/1741/1279 931/1735/1275
f 936/1742/1280 903/1689/948 933/1740/1276
f 933/1740/1276 903/1689/948 910/1737/1277
f 934/1743/1281 933/1741/1279 930/1734/1274
f 935/1744/1282 933/1741/1279 934/1743/1281
f 935/1744/1282 936/1745/1283 933/1741/1279
f 938/1746/770 903/1689/948 936/1742/1280
f 937/1747/1284 936/1745/1283 935/1744/1282
f 937/1747/1284 938/1748/1285 936/1745/1283
f 901/1688/1233 903/1689/948 938/1746/770
f 939/1749/1286 901/1750/1287 938/1748/1285
f 939/1749/1286 938/1748/1285 937/1747/1284
f 940/1751/1288 939/1752/1289 942/1753/1290
f 940/1751/1288 941/1754/1291 939/1752/1289
f 941/1755/1292 901/1750/1287 939/1749/1286
f 942/1753/1290 939/1752/1289 937/1756/1293
f 942/1757/700 367/1050/701 940/1758/700
f 943/1759/700 367/1050/701 942/1757/700
f 942/1753/1290 937/1756/1293 943/1760/1294
f 944/1761/700 367/1050/701 943/1759/700
f 943/1760/1294 935/1762/1295 944/1763/1296
f 943/1760/1294 937/1756/1293 935/1762/1295
f 944/1763/1296 935/1762/1295 934/1764/1297
f 944/1763/1296 934/1764/1297 945/1765/1298
f 945/1766/700 367/1050/701 944/1761/700
f 929/1767/700 367/1050/701 945/1766/700
f 945/1765/1298 930/1733/1273 929/1732/1273
f 945/1765/1298 934/1764/1297 930/1733/1273
f 947/1768/1299 941/1754/1291 940/1751/1288
f 941/1755/1292 902/1769/1300 901/1750/1287
f 941/1755/1292 899/1770/1301 902/1769/1300
f 946/1771/1302 899/1770/1301 941/1755/1292
f 947/1768/1299 946/1772/1303 941/1754/1291
f 947/1773/700 940/1758/700 367/1050/701
f 947/1773/700 367/1050/701 948/1774/700
f 948/1775/1304 946/1772/1303 947/1768/1299
f 948/1774/700 367/1050/701 950/1776/700
f 950/1777/1305 949/1778/1306 948/1775/1304
f 948/1775/1304 949/1778/1306 946/1772/1303
f 952/1779/832 951/1780/1307 950/1777/1305
f 950/1777/1305 951/1780/1307 949/1778/1306
f 950/1776/700 367/1050/701 952/1781/700
f 952/1781/700 367/1050/701 953/1782/700
f 952/1779/832 954/1783/832 951/1780/1307
f 953/1784/1308 954/1783/832 952/1779/832
f 955/1785/1309 956/1786/1310 954/1787/1311
f 953/1784/1308 955/1788/1312 954/1783/832
f 954/1787/1311 957/1789/1313 951/1790/1314
f 954/1787/1311 956/1786/1310 957/1789/1313
f 957/1791/719 617/1153/778 958/1792/718
f 956/1793/719 617/1153/778 957/1791/719
f 951/1790/1314 957/1789/1313 958/1794/1315
f 617/1153/778 892/1683/1230 958/1792/718
f 958/1792/718 892/1683/1230 898/1682/1229
f 951/1790/1314 958/1794/1315 949/1795/1316
f 949/1795/1316 958/1794/1315 898/1796/1317
f 959/1797/719 617/1153/778 956/1793/719
f 960/1798/1318 959/1799/1319 956/1786/1310
f 960/1798/1318 956/1786/1310 955/1785/1309
f 961/1800/837 960/1801/837 955/1788/1312
f 962/1802/1320 960/1801/837 961/1800/837
f 962/1802/1320 963/1803/838 960/1801/837
f 963/1804/1321 959/1799/1319 960/1798/1318
f 965/1805/1322 618/1806/1323 963/1804/1321
f 963/1804/1321 618/1806/1323 959/1799/1319
f 964/1807/1324 963/1803/838 962/1802/1320
f 964/1807/1324 965/1808/1325 963/1803/838
f 965/1805/1322 619/1809/1326 618/1806/1323
f 966/1810/1327 965/1808/1325 964/1807/1324
f 966/1810/1327 611/1141/769 965/1808/1325
f 965/1805/1322 610/1138/766 619/1809/1326
f 611/1139/767 610/1138/766 965/1805/1322
f 612/1140/768 611/1141/769 966/1810/1327
f 966/1811/1253 367/1050/701 612/1812/700
f 964/1813/700 367/1050/701 966/1811/1253
f 962/1814/700 367/1050/701 964/1813/700
f 961/1815/700 367/1050/701 962/1814/700
f 961/1800/837 955/1788/1312 953/1784/1308
f 953/1782/700 367/1050/701 961/1815/700
f 618/1154/718 617/1153/778 959/1797/719
f 949/1795/1316 898/1796/1317 946/1771/1302
f 946/1771/1302 898/1796/1317 899/1770/1301
f 927/1816/700 367/1050/701 929/1767/700
f 925/1817/700 367/1050/701 927/1816/700
f 367/1050/701 925/1817/700 967/1818/700
f 967/1818/700 925/1817/700 924/1819/700
f 969/1820/130 367/1821/130 967/1822/130
f 967/1818/700 973/1823/700 968/1824/700
f 967/1825/129 968/1826/129 969/1827/129
f 972/1828/1328 967/1818/700 970/1829/700
f 970/1829/700 967/1818/700 971/1830/700
f 971/1830/700 967/1818/700 974/1831/700
f 967/1818/700 972/1828/1328 973/1823/700
f 967/1818/700 924/1819/700 974/1831/700
f 974/1831/700 917/1715/700 975/1832/700
f 974/1831/700 924/1819/700 917/1715/700
f 976/1833/1329 974/1834/1329 975/1835/1330
f 976/1833/1329 971/1836/1331 974/1834/1329
f 977/1837/1332 971/1836/1331 976/1833/1329
f 976/1838/835 969/1839/835 977/1840/835
f 976/1838/835 980/1841/835 978/1842/835
f 978/1842/835 969/1839/835 976/1838/835
f 976/1833/1329 975/1835/1330 979/1843/1333
f 979/1844/835 980/1841/835 976/1838/835
f 983/1845/1334 978/1846/1266 980/1847/1335
f 981/1848/835 980/1841/835 979/1844/835
f 981/1848/835 982/1849/835 980/1841/835
f 984/1850/1336 980/1847/1335 982/1851/1337
f 983/1845/1334 980/1847/1335 984/1850/1336
f 985/1852/1338 983/1853/1339 984/1854/1340
f 985/1852/1338 984/1854/1340 986/1855/1341
f 984/1850/1336 982/1851/1337 986/1856/1342
f 986/1856/1342 982/1851/1337 987/1857/1343
f 985/1852/1338 986/1855/1341 987/1858/1344
f 987/1857/1343 989/1859/1345 988/1860/1346
f 985/1852/1338 987/1858/1344 988/1861/1347
f 987/1857/1343 982/1851/1337 989/1859/1345
f 990/1862/835 989/1863/835 982/1849/835
f 909/1864/1348 989/1863/835 990/1862/835
f 988/1860/1346 989/1859/1345 909/1703/1246
f 990/1862/835 982/1849/835 981/1848/835
f 981/1865/1349 915/1866/1350 990/1867/1351
f 990/1867/1351 915/1866/1350 908/1868/1352
f 990/1867/1351 908/1868/1352 909/1869/1353
f 985/1852/1338 988/1861/1347 991/1870/1354
f 991/1870/1354 988/1861/1347 906/1871/1355
f 988/1860/1346 909/1703/1246 906/1698/1241
f 992/1872/1356 993/1873/1356 991/1874/1356
f 991/1870/1354 906/1871/1355 992/1875/1357
f 991/1874/1356 993/1873/1356 994/1876/1060
f 991/1874/1356 994/1876/1060 997/1877/1060
f 991/1874/1356 995/1878/1060 985/1878/1060
f 991/1874/1356 996/1879/1060 995/1878/1060
f 991/1874/1356 997/1877/1060 996/1879/1060
f 997/1880/1358 998/1881/1359 996/1882/1360
f 994/1883/1361 998/1881/1359 997/1880/1358
f 996/1882/1360 998/1881/1359 1002/1884/1362
f 999/1885/1273 1001/1886/1363 998/1887/1364
f 994/1883/1361 999/1888/1365 998/1881/1359
f 998/1887/1364 1000/1889/1366 1002/1890/1267
f 998/1887/1364 1001/1886/1363 1000/1889/1366
f 1002/1890/1267 1000/1889/1366 978/1846/1266
f 1002/1890/1267 978/1846/1266 983/1845/1334
f 996/1882/1360 1002/1884/1362 983/1853/1339
f 1003/1891/1367 227/1221/835 1001/1892/835
f 1001/1892/835 227/1221/835 1000/1893/835
f 999/1885/1273 1003/1894/1273 1001/1886/1363
f 1005/1895/835 227/1221/835 1003/1891/1367
f 1004/1896/1297 1003/1894/1273 999/1885/1273
f 1004/1896/1297 1005/1897/1368 1003/1894/1273
f 1006/1898/1369 1005/1897/1368 1004/1896/1297
f 1006/1898/1369 1007/1899/1369 1005/1897/1368
f 1007/1900/835 227/1221/835 1005/1895/835
f 1008/1901/1370 1007/1899/1369 1006/1898/1369
f 1008/1901/1370 1009/1902/1371 1007/1899/1369
f 1009/1903/835 227/1221/835 1007/1900/835
f 1010/1904/1372 1009/1902/1371 1008/1901/1370
f 1010/1904/1372 1011/1905/1373 1009/1902/1371
f 1011/1906/835 227/1221/835 1009/1903/835
f 1012/1907/835 227/1221/835 1011/1906/835
f 1013/1908/1374 1012/1909/1375 1011/1905/1373
f 1013/1908/1374 1011/1905/1373 1010/1904/1372
f 1015/1910/1376 1012/1909/1375 1013/1908/1374
f 1016/1911/1377 1013/1912/1378 1014/1913/1379
f 1014/1913/1379 1013/1912/1378 1010/1914/1380
f 647/1915/1381 1013/1912/1378 1016/1911/1377
f 647/1915/1381 1015/1916/1382 1013/1912/1378
f 646/1200/311 1016/1917/821 1014/1918/311
f 646/1200/311 647/1199/821 1016/1917/821
f 1015/1910/1376 1017/1919/1376 1012/1909/1375
f 648/1206/825 1015/1916/1382 647/1915/1381
f 648/1206/825 650/1205/824 1015/1916/1382
f 650/1920/1383 1017/1919/1376 1015/1910/1376
f 1017/1921/835 227/1221/835 1012/1907/835
f 1018/1922/835 227/1221/835 1017/1921/835
f 650/1920/1383 1018/1923/1384 1017/1919/1376
f 657/1222/835 227/1221/835 1018/1922/835
f 651/1219/834 1018/1923/1384 650/1920/1383
f 651/1219/834 657/1218/833 1018/1923/1384
f 646/1200/311 1014/1918/311 992/1872/1356
f 992/1872/1356 1014/1918/311 1019/1924/311
f 1014/1913/1379 1010/1914/1380 1019/1925/1385
f 992/1872/1356 1019/1924/311 1020/1926/1060
f 1019/1925/1385 1008/1927/1386 1020/1928/1387
f 1019/1925/1385 1010/1914/1380 1008/1927/1386
f 992/1872/1356 1020/1926/1060 993/1873/1356
f 1020/1928/1387 1006/1929/1388 993/1930/1389
f 1020/1928/1387 1008/1927/1386 1006/1929/1388
f 993/1930/1389 1006/1929/1388 1004/1931/1390
f 993/1930/1389 1004/1931/1390 999/1888/1365
f 1000/1893/835 227/1221/835 969/1839/835
f 1000/1893/835 969/1839/835 978/1842/835
f 993/1930/1389 999/1888/1365 994/1883/1361
f 996/1882/1360 983/1853/1339 995/1932/1391
f 995/1932/1391 983/1853/1339 985/1852/1338
f 992/1875/1357 637/1933/1392 646/1197/819
f 992/1875/1357 906/1871/1355 637/1933/1392
f 981/1865/1349 919/1934/1393 915/1866/1350
f 979/1843/1333 919/1934/1393 981/1865/1349
f 979/1843/1333 975/1835/1330 919/1934/1393
f 1021/1935/1394 971/1836/1331 977/1837/1332
f 977/1840/835 969/1839/835 1021/1936/1395
f 1022/1937/1396 1023/1938/1397 1021/1935/1394
f 1021/1936/1395 969/1839/835 1022/1939/1398
f 1023/1938/1397 970/1940/1399 1021/1935/1394
f 1021/1935/1394 970/1940/1399 971/1836/1331
f 1025/1941/1400 1023/1938/1397 1024/1942/1401
f 1024/1942/1401 1023/1938/1397 1022/1937/1396
f 1026/1943/1402 970/1940/1399 1023/1938/1397
f 1025/1941/1400 1026/1943/1402 1023/1938/1397
f 1026/1943/1402 972/1944/1403 970/1940/1399
f 1025/1941/1400 972/1944/1403 1026/1943/1402
f 1027/1945/1404 1025/1941/1400 1024/1942/1401
f 1027/1945/1404 972/1944/1403 1025/1941/1400
f 1027/1946/1405 1029/1947/1406 1028/1948/1407
f 1028/1949/1408 972/1944/1403 1027/1945/1404
f 1027/1946/1405 1030/1950/1409 1029/1947/1406
f 1031/1951/1410 1030/1950/1409 1027/1946/1405
f 1027/1945/1404 1024/1942/1401 1031/1952/1411
f 1024/1942/1401 1022/1937/1396 1031/1952/1411
f 1031/1952/1411 1022/1937/1396 1032/1953/1412
f 1032/1954/1413 1030/1950/1409 1031/1951/1410
f 1033/1955/1414 1034/1956/1415 1032/1954/1413
f 1032/1953/1412 1022/1937/1396 1033/1957/1416
f 1032/1954/1413 1034/1956/1415 1030/1950/1409
f 1033/1955/1414 1037/1958/431 1034/1956/1415
f 1036/1959/1417 1034/1960/1418 1035/1961/1419
f 1035/1961/1419 1034/1960/1418 1037/1962/1420
f 1036/1959/1417 1030/1963/1421 1034/1960/1418
f 1038/1964/1422 1037/1958/431 1033/1955/1414
f 1038/1964/1422 1035/1965/1423 1037/1958/431
f 1033/1957/1416 1022/1937/1396 1038/1966/1424
f 1022/1939/1398 1035/1965/1423 1038/1964/1422
f 1022/1939/1398 1036/1967/835 1035/1965/1423
f 1039/1968/1425 1036/1959/1417 973/1969/1426
f 1039/1968/1425 1030/1963/1421 1036/1959/1417
f 973/1969/1426 1036/1959/1417 1040/1970/1427
f 1022/1939/1398 1040/1971/835 1036/1967/835
f 969/1839/835 1040/1971/835 1022/1939/1398
f 1040/1971/835 969/1839/835 1041/1972/835
f 1041/1973/130 968/1974/130 1040/1975/130
f 1040/1975/130 968/1974/130 973/1976/130
f 969/1827/129 968/1826/129 1041/1977/129
f 972/1828/1328 1042/1978/1428 1039/1979/1252
f 972/1828/1328 1039/1979/1252 973/1823/700
f 1042/1980/1429 1043/1981/1430 1039/1968/1425
f 1039/1968/1425 1029/1982/1431 1030/1963/1421
f 1039/1968/1425 1043/1981/1430 1029/1982/1431
f 1028/1948/1407 1029/1947/1406 1043/1983/1432
f 1028/1948/1407 1043/1983/1432 1044/1984/1433
f 1044/1984/1433 1043/1983/1432 1045/1985/1433
f 1042/1980/1429 1045/1986/1434 1043/1981/1430
f 1044/1984/1433 1045/1985/1433 1046/1987/1435
f 1046/1987/1435 1045/1985/1433 1042/1978/1428
f 972/1944/1403 1044/1988/1436 1046/1989/1437
f 1046/1987/1435 1042/1978/1428 972/1828/1328
f 1044/1988/1436 972/1944/1403 1028/1949/1408
f 975/1832/700 917/1715/700 919/1714/700
f 227/1990/130 367/1821/130 969/1820/130
f 922/1738/1278 910/1737/1277 923/1991/1276
f 923/1991/1276 910/1737/1277 912/1992/1276
f 912/1705/1248 913/1706/1249 918/1721/1438
f 905/1694/1237 895/1681/1228 896/1680/1225
f 1047/1993/1439 905/1994/1440 896/1995/1441
f 627/1172/795 905/1994/1440 1047/1993/1439
f 627/1172/795 629/1171/794 905/1994/1440
f 624/1996/1442 1047/1997/1443 1048/1998/1444
f 1047/1993/1439 896/1995/1441 1048/1999/1445
f 625/1166/789 1047/1997/1443 624/1996/1442
f 625/1166/789 627/1165/788 1047/1997/1443
f 1049/2000/1446 1048/1998/1444 887/1665/1214
f 1048/1999/1445 889/1663/1212 887/1662/1211
f 1048/1998/1444 1049/2000/1446 624/1996/1442
f 1048/1999/1445 896/1995/1441 889/1663/1212
f 1050/2001/1447 615/1160/783 1049/2002/1448
f 1049/2002/1448 615/1160/783 624/1161/784
f 1049/2000/1446 887/1665/1214 1050/2003/1210
f 1050/2001/1447 1051/2004/1449 615/1160/783
f 1050/2003/1210 887/1665/1214 1051/2005/1210
f 615/1160/783 1051/2004/1449 1053/2006/1450
f 1051/2005/1210 887/1665/1214 1052/2007/1210
f 1053/2006/1450 1051/2004/1449 1052/2008/1451
f 1053/2006/1450 1052/2008/1451 1054/2009/1452
f 1055/2010/1453 1053/2011/1454 1054/2012/1455
f 1056/2013/1456 1053/2011/1454 1055/2010/1453
f 1056/2013/1456 615/1148/774 1053/2011/1454
f 1056/2014/926 892/1683/1230 617/1153/778
f 892/1683/1230 1056/2014/926 1055/2015/1457
f 617/1149/775 615/1148/774 1056/2013/1456
f 892/1683/1230 1055/2015/1457 1057/2016/1458
f 1055/2010/1453 1054/2012/1455 1057/2017/1459
f 1057/2017/1459 884/2018/1460 1058/2019/1461
f 892/1683/1230 1057/2016/1458 1058/2020/1462
f 1057/2017/1459 1059/2021/1463 884/2018/1460
f 1057/2017/1459 1054/2012/1455 1059/2021/1463
f 1059/2022/1464 885/1659/1209 884/1658/1208
f 1059/2022/1464 1060/2023/1464 885/1659/1209
f 1054/2009/1452 1060/2023/1464 1059/2022/1464
f 1052/2007/1210 887/1665/1214 1060/2024/1210
f 1060/2024/1210 887/1665/1214 885/1660/1210
f 1054/2009/1452 1052/2008/1451 1060/2023/1464
f 892/1683/1230 1058/2020/1462 846/1580/1140
f 846/1580/1140 1058/2020/1462 845/1581/1141
f 1058/2019/1461 884/2018/1460 882/2025/1465
f 1058/2019/1461 882/2025/1465 845/1577/1137
f 845/1577/1137 882/2025/1465 843/1576/1136
f 871/1640/1190 876/1643/1193 1061/2026/1466
f 876/1641/1191 851/1589/1148 1063/2027/1467
f 1061/2026/1466 876/1643/1193 1062/2028/1468
f 876/1641/1191 1063/2027/1467 1062/2029/1219
f 643/1194/816 1063/2030/1469 865/2031/1470
f 643/1194/816 644/1195/817 1063/2030/1469
f 1064/2032/1471 1063/2027/1467 644/1191/813
f 865/2031/1470 1063/2030/1469 851/2033/1472
f 1062/2029/1219 1063/2027/1467 1064/2032/1471
f 1065/2034/1473 1064/2035/1474 641/1188/810
f 1065/2034/1473 1062/2036/1468 1064/2035/1474
f 1064/2032/1471 644/1191/813 641/1189/811
f 1065/2037/1475 1066/2038/719 1067/2039/1476
f 1068/2040/719 1066/2038/719 1065/2037/1475
f 1065/2034/1473 641/1188/810 1068/2041/1477
f 1065/2034/1473 1061/2042/1466 1062/2036/1468
f 1065/2037/1475 1067/2039/1476 1061/2043/1478
f 640/2044/1479 1069/2045/1480 1068/2040/719
f 1068/2041/1477 641/1188/810 640/1187/809
f 1068/2040/719 1069/2045/1480 1071/2046/719
f 1068/2040/719 1070/2047/719 1072/2048/719
f 1068/2040/719 1071/2046/719 1070/2047/719
f 1068/2040/719 1072/2048/719 1073/2049/719
f 1068/2040/719 1073/2049/719 1066/2038/719
f 1072/2050/1481 1075/2051/1464 1073/2052/1482
f 1073/2052/1482 1074/2053/1483 1066/2054/1483
f 1073/2052/1482 1075/2051/1464 1074/2053/1483
f 1072/2050/1481 1077/2055/1451 1075/2051/1464
f 1077/2056/1484 1076/2057/1485 1075/2058/1486
f 1075/2058/1486 1076/2057/1485 1074/2059/1487
f 1070/2060/1449 1077/2055/1451 1072/2050/1481
f 1078/2061/1488 1079/2062/1489 1077/2056/1484
f 1070/2060/1449 1078/2063/1449 1077/2055/1451
f 1077/2056/1484 1079/2062/1489 1076/2057/1485
f 1079/2064/652 643/1203/523 1076/2065/489
f 1078/2061/1488 1080/2066/1490 1079/2062/1489
f 1080/2067/493 643/1203/523 1079/2064/652
f 1080/2067/493 653/1210/437 643/1203/523
f 671/1245/848 653/1247/850 1080/2066/1490
f 671/1245/848 1080/2066/1490 1078/2061/1488
f 671/2068/1491 1078/2063/1449 1071/2069/1492
f 1071/2069/1492 1078/2063/1449 1070/2060/1449
f 1074/2059/1487 1076/2057/1485 1081/2070/1493
f 1076/2065/489 643/1203/523 1081/2071/1494
f 1081/2071/1494 865/1619/1169 866/1618/1016
f 1081/2071/1494 643/1203/523 865/1619/1169
f 1074/2059/1487 1081/2070/1493 868/1623/1173
f 868/1623/1173 1081/2070/1493 866/1622/1172
f 1066/2054/1483 1074/2053/1483 1067/2072/1206
f 1067/2072/1206 1074/2053/1483 868/1628/1178
f 1069/2073/1491 671/2068/1491 1071/2069/1492
f 1082/2074/1495 671/2068/1491 1069/2073/1491
f 1082/2075/1496 1069/2045/1480 640/2044/1479
f 1082/2074/1495 622/1157/780 671/2068/1491
f 634/2076/1497 622/1157/780 1082/2074/1495
f 1082/2077/1496 635/1179/801 634/1178/801
f 640/2078/1479 635/1179/801 1082/2077/1496
f 1061/2043/1478 1067/2039/1476 869/1633/1183
f 1067/2072/1206 868/1628/1178 869/1627/1177
f 869/1633/1183 871/1632/1182 1061/2043/1478
f 842/1650/1200 874/1636/1186 840/1635/1185
f 839/1570/1130 840/1569/1129 872/1629/1179
f 839/1570/1130 872/1629/1179 863/1624/1174
f 865/2031/1470 853/1598/1156 855/1595/1153
f 865/2031/1470 851/2033/1472 853/1598/1156
f 849/1585/949 836/1559/771 834/1554/1115
f 839/1612/1164 802/1503/1067 810/1514/1075
f 829/1558/1119 837/1563/1123 828/2079/1498
f 828/2079/1498 837/1563/1123 1083/2080/1498
f 837/1564/1124 811/2081/1499 1083/2082/1500
f 837/1564/1124 804/1565/1125 811/2081/1499
f 828/2079/1498 1083/2080/1498 733/1362/951
f 733/1362/951 1083/2080/1498 734/1363/952
f 1083/2082/1500 811/2081/1499 734/2083/1501
f 820/1547/1108 828/1546/1107 737/1370/958
f 737/1370/958 828/1546/1107 733/1365/954
f 802/1502/310 825/1611/1060 801/1501/1066
f 765/1425/1008 822/1535/1096 1084/2084/957
f 822/1534/1095 815/2085/1502 1084/2086/1503
f 822/1534/1095 814/1526/1087 815/2085/1502
f 765/1425/1008 1084/2084/957 1087/2087/957
f 1084/2086/1503 815/2085/1502 1085/2088/1504
f 1084/2086/1503 1085/2088/1504 1086/2089/1505
f 1084/2086/1503 1086/2089/1505 1087/2090/1506
f 765/1425/1008 1087/2087/957 761/1417/957
f 1087/2090/1506 1086/2089/1505 761/1416/1000
f 1085/2091/1507 806/2092/1508 1086/2093/1509
f 1086/2093/1509 807/2094/1510 808/2095/1511
f 1086/2093/1509 806/2092/1508 807/2094/1510
f 1086/2093/1509 808/2095/1511 1088/2096/1512
f 761/1416/1000 1086/2089/1505 1088/2097/1513
f 1088/2096/1512 808/2095/1511 805/2098/1514
f 761/1416/1000 1088/2097/1513 759/1413/997
f 1088/2096/1512 752/1394/981 759/2099/1515
f 1088/2096/1512 805/2098/1514 752/1394/981
f 815/1519/1080 809/1520/1081 1085/2091/1507
f 1085/2091/1507 809/1520/1081 806/2092/1508
f 817/1522/1083 1089/2100/1516 818/1523/1084
f 818/1527/1088 1090/2101/1517 813/1516/1077
f 1089/2102/1518 1090/2101/1517 818/1527/1088
f 1091/2103/1519 811/1507/1070 1090/2104/1520
f 1090/2104/1520 811/1507/1070 813/1518/1079
f 1089/2102/1518 1091/2105/1521 1090/2101/1517
f 1089/2102/1518 1092/2106/1522 1091/2105/1521
f 1092/2107/1523 811/1507/1070 1091/2103/1519
f 743/1381/969 1093/2108/1524 1092/2106/1522
f 1093/2109/1525 811/1507/1070 1092/2107/1523
f 743/1381/969 1092/2106/1522 1089/2102/1518
f 1093/2110/1526 744/1391/978 1094/2111/1527
f 1094/2112/1528 811/1507/1070 1093/2109/1525
f 743/1381/969 744/1380/968 1093/2108/1524
f 1097/2113/1529 1095/2114/1530 1094/2112/1528
f 1095/2114/1530 811/1507/1070 1094/2112/1528
f 744/1391/978 1096/2115/1531 1094/2111/1527
f 1094/2111/1527 1096/2115/1531 1097/2116/1532
f 1097/2116/1532 726/2117/1533 1098/2118/1534
f 1097/2116/1532 1096/2115/1531 726/2117/1533
f 1098/2119/1535 1095/2114/1530 1097/2113/1529
f 1098/2118/1534 726/2117/1533 723/2120/1536
f 1098/2118/1534 723/2120/1536 1099/2121/1537
f 1099/2122/1538 1095/2114/1530 1098/2119/1535
f 1099/2121/1537 723/2120/1536 1100/2123/1537
f 1099/2121/1537 1100/2123/1537 1102/2124/1537
f 1099/2122/1538 1101/2125/1539 1095/2114/1530
f 1102/2126/1540 1101/2125/1539 1099/2122/1538
f 1102/2126/1540 696/1294/890 1101/2125/1539
f 697/1293/889 696/1294/890 1102/2126/1540
f 1102/2124/1537 1103/2127/1537 697/2128/1541
f 1102/2124/1537 1100/2123/1537 1103/2127/1537
f 1103/2129/1542 1105/2130/1543 1104/2131/1544
f 697/2128/1541 1103/2127/1537 1104/2132/1545
f 1100/2133/1546 1105/2130/1543 1103/2129/1542
f 1104/2131/1544 1105/2130/1543 712/2134/1547
f 1105/2135/1548 715/1321/915 712/1320/914
f 1100/2133/1546 721/1346/936 1105/2130/1543
f 721/1343/933 715/1321/915 1105/2135/1548
f 1104/2131/1544 702/1302/897 701/1301/896
f 698/1296/892 1104/2132/1545 701/1300/895
f 1104/2131/1544 712/2134/1547 702/1302/897
f 697/2128/1541 1104/2132/1545 698/1296/892
f 717/2136/1549 1101/2137/1550 696/1289/885
f 731/2138/1551 1095/2139/1552 1101/2137/1550
f 731/2138/1551 1101/2137/1550 730/2140/1553
f 730/2140/1553 1101/2137/1550 717/2136/1549
f 723/1344/934 721/1346/936 1100/2133/1546
f 1096/2141/1554 725/1352/942 726/1351/941
f 749/2142/1555 741/2143/1556 1096/2141/1554
f 744/1391/978 749/1388/976 1096/2115/1531
f 1096/2141/1554 741/2143/1556 725/1352/942
f 734/2083/1501 1095/2139/1552 735/2144/1557
f 734/2083/1501 811/2081/1499 1095/2139/1552
f 735/2144/1557 1095/2139/1552 731/2138/1551
f 1106/2145/1558 1089/2100/1516 817/1522/1083
f 738/1377/965 743/1378/966 1089/2100/1516
f 738/1377/965 1089/2100/1516 1106/2145/1558
f 737/1369/957 1106/2146/990 817/1532/1093
f 737/1369/957 738/1368/957 1106/2146/990
f 805/1509/1072 794/1484/1053 1107/2147/1520
f 805/2148/1559 1107/2149/1560 752/1397/982
f 1107/2147/1520 794/1484/1053 793/1483/1052
f 755/1398/983 752/1397/982 1107/2149/1560
f 755/1398/983 1107/2149/1560 793/1482/1051
f 801/1536/1097 765/1424/1007 764/1422/1005
f 797/1494/820 763/1492/820 767/1438/1018
f 797/1494/820 767/1438/1018 773/1437/489
f 775/1440/1020 797/1488/1057 773/1441/1021
f 755/1398/983 793/1482/1051 792/1481/1050
f 780/1459/1035 769/1466/1041 792/2150/1561
f 792/2150/1561 769/1466/1041 754/1403/988
f 792/2150/1561 754/1403/988 755/1402/987
f 772/1435/527 1108/2151/523 776/1439/1019
f 776/1439/1019 1108/2151/523 689/2152/523
f 691/1280/880 776/1444/1024 689/1281/877
f 1109/2153/1562 1108/2154/1563 1114/2155/1564
f 1119/2156/1565 1108/2154/1563 1109/2153/1562
f 710/1468/1042 1108/2154/1563 772/1436/1017
f 1108/2151/523 1118/2157/523 1110/2158/489
f 1108/2151/523 1110/2158/489 689/2152/523
f 1108/2151/523 1111/2159/489 1116/2160/489
f 1119/2156/1565 1111/2161/1566 1108/2154/1563
f 1114/2155/1564 1108/2154/1563 1112/2162/1564
f 1112/2162/1564 1108/2154/1563 1113/2163/1564
f 1113/2163/1564 1108/2154/1563 1117/2164/1567
f 1117/2164/1567 1108/2154/1563 1115/2165/1568
f 1115/2165/1568 1108/2154/1563 710/1468/1042
f 1108/2151/523 1116/2160/489 1118/2157/523
f 566/1065/703 1119/2166/1569 572/1066/709
f 566/1065/703 1120/2167/1570 1119/2166/1569
f 1120/2168/1571 1111/2161/1566 1119/2156/1565
f 1109/2169/1572 572/1066/709 1119/2166/1569
f 566/1065/703 1121/2170/1573 1120/2167/1570
f 1122/2171/1574 1120/2168/1571 1121/2172/1575
f 1120/2168/1571 1122/2171/1574 1111/2161/1566
f 1121/2172/1575 1125/2173/1576 1122/2171/1574
f 1124/2174/527 1111/2159/489 1122/2175/489
f 1123/2176/1019 1122/2175/489 1125/2177/489
f 1124/2174/527 1122/2175/489 1123/2176/1019
f 1125/2173/1576 1121/2172/1575 1128/2178/1577
f 1123/2176/1019 1125/2177/489 1126/2179/523
f 1125/2173/1576 1127/2180/1578 1126/2181/1579
f 1125/2173/1576 1128/2178/1577 1127/2180/1578
f 1129/2182/1580 1127/2183/1580 1128/2184/1581
f 1129/2182/1580 1128/2184/1581 1130/2185/1582
f 1130/2185/1582 1128/2184/1581 1121/2170/1573
f 1130/2185/1582 1121/2170/1573 566/1065/703
f 566/2186/1583 567/2187/1584 1130/2188/835
f 1130/2188/835 567/2187/1584 1129/2189/835
f 1129/2189/835 567/2187/1584 1131/2190/835
f 1131/2191/1585 1127/2183/1580 1129/2182/1580
f 1131/2191/1585 1132/2192/1586 1127/2183/1580
f 1131/2190/835 567/2187/1584 1133/2193/835
f 1133/2194/728 1132/2192/1586 1131/2191/1585
f 1133/2193/835 227/1221/835 1135/2195/835
f 1133/2193/835 567/2187/1584 227/1221/835
f 1135/2196/735 1134/2197/1587 1133/2194/728
f 1133/2194/728 1134/2197/1587 1132/2192/1586
f 1135/2195/835 227/1221/835 1136/2198/835
f 1136/2199/1588 1137/2200/735 1135/2196/735
f 1135/2196/735 1137/2200/735 1134/2197/1587
f 1138/2201/1589 1134/2202/1590 1137/2203/1591
f 1138/2201/1589 1137/2203/1591 1139/2204/1592
f 1139/2204/1592 1137/2203/1591 1140/2205/1593
f 1140/2205/1593 1137/2203/1591 1141/2206/1594
f 1136/2199/1588 1141/2207/1588 1137/2200/735
f 1142/2208/1595 1141/2207/1588 1136/2199/1588
f 1142/2208/1595 1143/2209/1596 1141/2207/1588
f 1144/2210/1597 1141/2206/1594 1143/2211/1598
f 1140/2205/1593 1141/2206/1594 1144/2210/1597
f 1144/2210/1597 1143/2211/1598 1145/2212/1599
f 674/1251/820 1144/2213/652 1145/2214/820
f 679/2215/493 1144/2213/652 674/1251/820
f 679/2215/493 1140/2216/437 1144/2213/652
f 1145/2212/1599 1146/2217/1600 673/2218/1601
f 674/1251/820 1145/2214/820 673/1250/820
f 1145/2212/1599 1147/2219/1602 1146/2217/1600
f 1145/2212/1599 1143/2211/1598 1147/2219/1602
f 1149/2220/1603 1146/2221/1604 1147/2222/1605
f 1148/2223/1606 1147/2222/1605 1143/2209/1596
f 1149/2220/1603 1147/2222/1605 1148/2223/1606
f 1149/2224/835 227/1221/835 1150/2225/835
f 1148/2226/835 227/1221/835 1149/2224/835
f 1150/2227/1607 1146/2221/1604 1149/2220/1603
f 1150/2225/835 227/1221/835 1151/2228/835
f 1150/2227/1607 1152/2229/1607 1146/2221/1604
f 1151/2230/1608 1152/2229/1607 1150/2227/1607
f 1151/2230/1608 667/1238/845 1152/2229/1607
f 668/1239/846 1152/2231/1609 667/1240/847
f 672/2232/1610 1152/2231/1609 668/1239/846
f 673/2218/1601 1152/2231/1609 672/2232/1610
f 673/2218/1601 1146/2217/1600 1152/2231/1609
f 1151/2228/835 227/1221/835 664/1233/835
f 664/1232/840 667/1238/845 1151/2230/1608
f 1142/2233/835 227/1221/835 1148/2226/835
f 1148/2223/1606 1143/2209/1596 1142/2208/1595
f 1136/2198/835 227/1221/835 1142/2233/835
f 1153/2234/437 1139/2235/436 1140/2216/437
f 1153/2234/437 1140/2216/437 1154/2236/1019
f 1154/2236/1019 1140/2216/437 1155/2237/489
f 1155/2237/489 1140/2216/437 679/2215/493
f 1156/2238/436 1155/2237/489 680/2239/436
f 680/2239/436 1155/2237/489 679/2215/493
f 1157/2240/1611 1155/2241/1612 1156/2242/1613
f 1157/2240/1611 1154/2243/1614 1155/2241/1612
f 1158/2244/1615 1154/2243/1614 1157/2240/1611
f 1159/2245/1616 1158/2246/1617 1157/2247/1618
f 1159/2245/1616 1157/2247/1618 1160/2248/1619
f 1160/2248/1619 1157/2247/1618 1161/2249/1620
f 1157/2240/1611 1156/2242/1613 1161/2250/1621
f 1160/2248/1619 1161/2249/1620 1163/2251/1622
f 1161/2250/1621 1156/2242/1613 1162/2252/1623
f 1163/2251/1622 1161/2249/1620 1162/2253/1624
f 1164/2254/1625 1160/2255/1626 1163/2256/1627
f 1164/2254/1625 1163/2256/1627 1165/2257/1628
f 1163/2251/1622 1162/2253/1624 1165/2258/1624
f 1166/2259/1629 1165/2257/1628 1167/2260/1630
f 1169/2261/1631 1165/2257/1628 1166/2259/1629
f 1165/2258/1624 1168/2262/1632 1167/2263/1633
f 1164/2254/1625 1165/2257/1628 1169/2261/1631
f 1165/2258/1624 1162/2253/1624 1168/2262/1632
f 1169/2264/925 685/2265/1634 684/2266/1462
f 1166/2267/1634 685/2265/1634 1169/2264/925
f 1169/2264/925 684/2266/1462 1164/2268/723
f 1168/2269/1635 1171/2270/1636 1110/2271/1637
f 1168/2269/1635 1110/2271/1637 1170/2272/1638
f 1167/2263/1633 1168/2262/1632 1170/2273/1639
f 1162/2252/1623 1171/2270/1636 1168/2269/1635
f 1162/2252/1623 1156/2242/1613 1171/2270/1636
f 688/2274/652 1171/2275/489 1156/2238/436
f 689/2152/523 1171/2275/489 688/2274/652
f 689/2152/523 1110/2158/489 1171/2275/489
f 1170/2272/1638 1110/2271/1637 1118/2276/1640
f 1170/2272/1638 1118/2276/1640 1173/2277/1641
f 1167/2263/1633 1170/2273/1639 1172/2278/1642
f 1172/2278/1642 1170/2273/1639 1173/2279/1643
f 1174/2280/1643 1173/2279/1643 1175/2281/1644
f 1172/2278/1642 1173/2279/1643 1174/2280/1643
f 1173/2277/1641 1176/2282/1645 1175/2283/1646
f 1173/2277/1641 1116/2284/1647 1176/2282/1645
f 1173/2277/1641 1118/2276/1640 1116/2284/1647
f 1175/2285/1646 1176/2286/1645 1177/2287/1648
f 1177/2287/1648 1176/2286/1645 1124/2288/1649
f 1116/2160/489 1111/2159/489 1176/2289/489
f 1176/2289/489 1111/2159/489 1124/2174/527
f 1178/2290/1650 1175/2291/1644 1177/2292/1651
f 1178/2290/1650 1177/2292/1651 1179/2293/1652
f 1177/2287/1648 1123/2294/1653 1179/2295/1654
f 1177/2287/1648 1124/2288/1649 1123/2294/1653
f 1180/2296/1655 1179/2293/1652 1182/2297/1656
f 1178/2290/1650 1179/2293/1652 1180/2296/1655
f 1179/2295/1654 1123/2294/1653 1181/2298/1657
f 1179/2295/1654 1181/2298/1657 1182/2299/1658
f 1180/2296/1655 1182/2297/1656 1183/2300/1659
f 1182/2299/1658 1181/2298/1657 1184/2301/1660
f 1183/2300/1659 1182/2297/1656 1184/2302/1661
f 1184/2301/1660 1181/2298/1657 1187/2303/1662
f 1183/2300/1659 1184/2302/1661 594/2304/1661
f 594/2304/1661 1184/2302/1661 1185/2305/1449
f 1184/2301/1660 1186/2306/1663 1185/2307/1664
f 1184/2301/1660 1187/2303/1662 1186/2306/1663
f 1187/2308/493 1139/2235/436 1186/2309/1665
f 1181/2310/437 1138/2311/436 1187/2308/493
f 1187/2308/493 1138/2311/436 1139/2235/436
f 1185/2307/1664 1186/2306/1663 1188/2312/1666
f 1186/2309/1665 1139/2235/436 1153/2234/437
f 1188/2312/1666 1186/2306/1663 1153/2313/1667
f 1188/2312/1666 1153/2313/1667 1154/2243/1614
f 1188/2312/1666 1154/2243/1614 1158/2244/1615
f 595/2314/1668 1185/2305/1449 1188/2315/1669
f 595/2314/1668 1188/2315/1669 596/2316/1669
f 596/2316/1669 1188/2315/1669 1158/2246/1617
f 594/2304/1661 1185/2305/1449 595/2314/1668
f 591/2317/1670 1180/2318/1671 1183/2319/1672
f 592/1109/746 1183/2319/1672 594/1107/744
f 591/2317/1670 1183/2319/1672 592/1109/746
f 1123/2176/1019 1138/2311/436 1181/2310/437
f 1189/2320/1673 1180/2318/1671 591/2317/1670
f 1189/2320/1673 1178/2321/1674 1180/2318/1671
f 585/1103/723 578/1075/718 1189/2322/723
f 585/1103/723 1189/2322/723 591/1104/723
f 578/2323/1675 1178/2321/1674 1189/2320/1673
f 1191/2324/1676 1190/2325/1677 1178/2321/1674
f 1178/2290/1650 1190/2326/1678 1175/2291/1644
f 1191/2324/1676 1178/2321/1674 578/2323/1675
f 577/1074/717 1192/2327/1229 1191/2328/1679
f 577/1074/717 1191/2328/1679 578/1075/718
f 1192/2329/1680 1174/2330/1681 1191/2331/1676
f 1191/2331/1676 1174/2330/1681 1190/2332/1677
f 714/1338/719 1192/2327/1229 577/1074/717
f 1193/2333/1682 1174/2330/1681 1192/2329/1680
f 714/1338/719 1193/2334/718 1192/2327/1229
f 714/1338/719 1166/2267/1634 1193/2334/718
f 1193/2333/1682 1172/2335/1683 1174/2330/1681
f 1166/2259/1629 1172/2335/1683 1193/2333/1682
f 1174/2280/1643 1175/2281/1644 1190/2336/1678
f 1166/2259/1629 1167/2260/1630 1172/2335/1683
f 693/1335/927 685/2265/1634 1166/2267/1634
f 693/1335/927 1166/2267/1634 714/1338/719
f 1194/2337/1684 1160/2255/1626 1164/2254/1625
f 1164/2268/723 682/2338/719 1194/2339/1685
f 1164/2268/723 684/2266/1462 682/2338/719
f 598/1113/749 1160/2255/1626 1194/2337/1684
f 1194/2339/1685 1195/2340/741 598/1115/750
f 1194/2339/1685 682/2338/719 1195/2340/741
f 598/1115/750 1195/2340/741 608/1145/771
f 608/1145/771 1195/2340/741 616/1150/770
f 682/1263/863 676/1265/865 1195/2341/1686
f 1195/2341/1686 676/1265/865 616/1151/776
f 598/1113/749 1159/2342/1687 1160/2255/1626
f 598/1113/749 596/1111/747 1159/2342/1687
f 596/2316/1669 1158/2246/1617 1159/2245/1616
f 688/2274/652 1156/2238/436 680/2239/436
f 1123/2176/1019 1196/2343/489 1138/2311/436
f 1196/2344/1688 1134/2202/1590 1138/2201/1589
f 1196/2344/1688 1127/2180/1578 1132/2345/1689
f 1126/2181/1579 1127/2180/1578 1196/2344/1688
f 1123/2176/1019 1126/2179/523 1196/2343/489
f 1196/2344/1688 1132/2345/1689 1134/2202/1590
f 1198/2346/1690 1113/2347/1691 1117/2348/1692
f 1197/2349/1693 1117/2348/1692 1115/2350/1694
f 1198/2346/1690 1117/2348/1692 1197/2349/1693
f 1197/2351/1695 714/1325/918 1198/2352/1696
f 1198/2352/1696 714/1325/918 1199/2353/1697
f 1199/2354/1698 1112/2355/1699 1198/2346/1690
f 1198/2346/1690 1112/2355/1699 1113/2347/1691
f 1114/2356/1700 1112/2357/1701 1199/2358/1702
f 1114/2356/1700 1199/2358/1702 1200/2359/1700
f 1199/2353/1697 714/1325/918 1200/2360/1703
f 1114/2356/1700 1200/2359/1700 1201/2361/1572
f 1200/2360/1703 714/1325/918 1201/2362/1704
f 1114/2356/1700 1201/2361/1572 1109/2169/1572
f 1109/2169/1572 1201/2361/1572 572/1066/709
f 1201/2362/1704 714/1325/918 572/2363/1705
f 1197/2349/1693 1115/2350/1694 713/1327/920
f 713/1326/919 714/1325/918 1197/2351/1695
f 713/1327/920 1115/2350/1694 710/1328/921
f 759/2099/1515 752/1394/981 751/1393/980
f 757/1409/994 746/1408/993 740/1373/961
f 757/1409/994 740/1373/961 741/1372/960
f 749/2142/1555 757/1404/989 741/2143/1556
f 750/1401/986 757/1404/989 749/2142/1555
f 746/1412/972 751/1411/996 747/2364/973
f 718/1332/723 730/1359/718 717/1333/925
f 717/2136/1549 696/1289/885 693/1288/884
f 572/2363/1705 714/1325/918 577/1073/716
f 616/1151/776 676/1265/865 620/1152/777
f 666/1236/843 662/1237/844 1202/2365/1706
f 653/1210/437 666/1243/652 1202/2366/436
f 1202/2365/1706 660/2367/1707 654/1213/829
f 653/1210/437 1202/2366/436 654/1212/489
f 1202/2365/1706 662/1237/844 660/2367/1707
f 654/1213/829 660/2367/1707 656/1214/830
f 646/1197/819 637/1933/1392 638/1196/818
f 631/1183/805 637/1182/804 630/1697/1240
f 632/2368/1708 622/1157/780 634/2076/1497
f 623/1158/781 622/1157/780 632/2368/1708
f 612/1812/700 367/1050/701 606/1130/700
f 600/1116/750 598/1115/750 608/1145/771
f 588/1127/700 367/1050/701 564/1049/700
f 582/1082/723 578/1075/718 585/1103/723
f 570/1064/708 575/1071/714 580/1090/731
f 570/1064/708 580/1090/731 569/1089/730
f 572/2363/1705 577/1073/716 573/1072/715
f 568/1059/705 1204/2369/1709 567/1058/704
f 568/1054/700 367/1050/701 1203/2370/700
f 1203/2371/1710 1204/2369/1709 568/1059/705
f 227/1221/835 1204/2372/835 1205/2373/835
f 227/1221/835 567/2187/1584 1204/2372/835
f 1203/2371/1710 1205/2374/1711 1204/2369/1709
f 227/1221/835 1205/2373/835 96/2375/835
f 1203/2371/1710 98/2376/1712 1205/2374/1711
f 96/2375/835 1205/2373/835 98/2377/835
f 1203/2370/700 367/1050/701 97/2378/700
f 1203/2370/700 97/2378/700 1206/2379/700
f 1206/2380/1713 98/2376/1712 1203/2371/1714
f 1206/2381/1715 96/2382/1715 98/2383/1715
f 97/2384/1715 96/2382/1715 1206/2381/1715
f 94/2385/7 1206/2386/7 97/2387/7
f 94/2385/1716 1207/2388/7 1206/2386/7
f 98/2389/438 1206/2390/438 1207/2391/1717
f 99/2392/1718 1207/2391/1717 125/2393/1719
f 125/2393/1719 1207/2391/1717 1208/2394/1720
f 98/2389/438 1207/2391/1717 99/2392/1718
f 94/2385/1716 1208/2395/7 1207/2388/7
f 125/2393/1719 1208/2394/1720 124/2396/1721
f 94/2385/1716 1209/2397/7 1208/2395/7
f 124/2396/1721 1208/2394/1720 1209/2398/1722
f 1210/2399/7 1209/2397/7 94/2385/1716
f 124/2396/1721 1209/2398/1722 1214/2400/1723
f 1212/2401/7 1209/2397/7 1210/2399/7
f 1213/2402/7 1209/2397/7 1211/2403/7
f 1211/2403/7 1209/2397/7 1212/2401/7
f 1213/2402/7 1215/2404/7 1209/2397/7
f 1214/2400/1723 1209/2398/1722 1215/2405/1724
f 1216/2406/1725 1214/2407/1723 1215/2408/1724
f 1218/2409/1726 1215/2408/1724 1213/2410/1727
f 1216/2406/1725 1215/2408/1724 1217/2411/1728
f 1217/2411/1728 1215/2408/1724 1218/2409/1726
f 1218/2409/1726 1213/2410/1727 1219/2412/1729
f 1219/2413/1730 1220/2414/1731 1218/2415/1732
f 1218/2415/1732 1220/2414/1731 1217/2416/1733
f 1221/2417/1734 1220/2418/21 1223/2419/21
f 1221/2417/1734 1222/2420/21 1220/2418/21
f 1217/2416/1733 1220/2414/1731 1222/2421/1735
f 1219/2413/1730 1223/2422/1736 1220/2414/1731
f 1224/2423/1737 1223/2422/1736 1219/2413/1730
f 1224/2423/1737 1225/2424/1738 1223/2422/1736
f 1221/2417/1734 1223/2419/21 1225/2425/21
f 1227/2426/1739 1226/2427/1740 1225/2424/1738
f 1221/2417/1734 1225/2425/21 1226/2428/21
f 1227/2426/1739 1225/2424/1738 1224/2423/1737
f 1224/2429/1741 1211/2430/1742 1227/2431/1743
f 1227/2431/1743 1211/2430/1742 1212/2432/651
f 1227/2431/1743 1212/2432/651 1228/2433/1744
f 1228/2434/1745 1226/2427/1740 1227/2426/1739
f 1228/2433/1744 1210/2435/1744 1229/2436/1746
f 1228/2433/1744 1212/2432/651 1210/2435/1744
f 1229/2437/1747 1230/2438/1748 1228/2434/1745
f 1228/2434/1745 1230/2438/1748 1226/2427/1740
f 1229/2437/1747 1232/2439/1749 1230/2438/1748
f 1221/2417/1734 1226/2428/21 1230/2440/21
f 1221/2417/1734 1230/2440/21 1233/2441/21
f 1233/2441/21 1230/2440/21 1231/2442/1750
f 1231/2442/1750 1230/2440/21 1232/2443/1750
f 1235/2444/1751 1221/2445/1752 1233/2446/1753
f 1234/2447/1754 1233/2446/1753 1231/2448/1755
f 1235/2444/1751 1233/2446/1753 1234/2447/1754
f 1235/2444/1751 1236/2449/1756 1221/2445/1752
f 1235/2444/1751 1237/2450/1757 1236/2449/1756
f 1240/2451/1758 1235/2452/1759 1234/2453/1760
f 1238/2454/132 1237/2455/132 1235/2452/1759
f 1238/2454/132 1235/2452/1759 1239/2456/1761
f 1239/2456/1761 1235/2452/1759 1240/2451/1758
f 1243/2457/1762 1240/2458/1763 1241/2459/1764
f 1240/2451/1758 1234/2453/1760 1241/2460/1765
f 1242/2461/1766 1240/2458/1763 1243/2457/1762
f 1242/2461/1766 1239/2462/1767 1240/2458/1763
f 1244/2463/59 1242/2464/1768 1243/2465/59
f 1244/2463/59 1243/2465/59 1245/2466/59
f 1243/2457/1762 1241/2459/1764 1245/2467/1769
f 1245/2467/1769 1241/2459/1764 1248/2468/1770
f 1246/2469/59 1245/2466/59 1247/2470/60
f 1244/2463/59 1245/2466/59 1246/2469/59
f 1245/2467/1769 1248/2468/1770 1247/2471/1771
f 1248/2472/1772 1249/2473/1772 1250/2474/1773
f 1248/2472/1772 1251/2475/1774 1249/2473/1772
f 1247/2471/1771 1248/2468/1770 1250/2476/1775
f 1241/2460/1765 1251/2475/1774 1248/2472/1772
f 1251/2477/1776 1231/2448/1755 1249/2478/1777
f 1234/2447/1754 1231/2448/1755 1251/2477/1776
f 1241/2460/1765 1234/2453/1760 1251/2475/1774
f 1250/2474/1773 1249/2473/1772 1252/2479/1773
f 1250/2474/1773 1252/2479/1773 1253/2480/1778
f 1247/2471/1771 1250/2476/1775 1253/2481/1779
f 1254/2482/1780 1253/2481/1779 1255/2483/1781
f 1247/2471/1771 1253/2481/1779 1254/2482/1780
f 1255/2483/1781 1253/2481/1779 1256/2484/1782
f 1253/2480/1778 1252/2479/1773 1257/2485/1783
f 1253/2480/1778 1257/2485/1783 1256/2486/1570
f 1252/2487/1784 1258/2488/1785 1257/2489/1786
f 1257/2489/1786 1258/2488/1785 1259/2490/1787
f 1257/2489/1786 1259/2490/1787 1260/2491/1788
f 1257/2489/1786 1260/2491/1788 1261/2492/1789
f 1256/2486/1570 1257/2485/1783 1261/2493/685
f 1261/2492/1789 1260/2491/1788 1263/2494/1790
f 1262/2495/1791 1261/2493/685 1263/2496/1791
f 1256/2486/1570 1261/2493/685 1262/2495/1791
f 1263/2494/1790 1260/2491/1788 1265/2497/1792
f 1263/2494/1790 1264/2498/1793 1266/2499/1794
f 1263/2494/1790 1265/2497/1792 1264/2498/1793
f 1267/2500/1795 1263/2496/1791 1266/2501/1795
f 1262/2495/1791 1263/2496/1791 1267/2500/1795
f 1269/2502/1796 1267/2503/1797 1268/2504/1798
f 1267/2500/1795 1266/2501/1795 1268/2505/1799
f 1269/2502/1796 1262/2506/1800 1267/2503/1797
f 1269/2502/1796 1268/2504/1798 1273/2507/1801
f 1270/2508/1802 1262/2506/1800 1269/2502/1796
f 1270/2509/59 1269/2510/60 1272/2511/67
f 1269/2510/60 1271/2512/67 1272/2511/67
f 1273/2513/67 1271/2512/67 1269/2510/60
f 1273/2513/67 1274/2514/67 1271/2512/67
f 1275/2515/67 1274/2514/67 1273/2513/67
f 1273/2507/1801 1268/2504/1798 1275/2516/1658
f 1277/2517/59 1276/2518/60 1275/2515/67
f 1275/2515/67 1276/2518/60 1274/2514/67
f 1275/2516/1658 1278/2519/1803 1277/2520/1804
f 1275/2516/1658 1268/2504/1798 1278/2519/1803
f 1268/2505/1799 1281/2521/1805 1278/2522/1806
f 1277/2520/1804 1278/2519/1803 1279/2523/1807
f 1278/2522/1806 1280/2524/1806 1279/2525/1808
f 1278/2522/1806 1281/2521/1805 1280/2524/1806
f 1266/2499/1794 1264/2498/1793 1281/2526/1809
f 1281/2526/1809 1264/2498/1793 1282/2527/1810
f 1281/2526/1809 1282/2527/1810 1280/2528/1811
f 1268/2505/1799 1266/2501/1795 1281/2521/1805
f 1280/2528/1811 1282/2527/1810 1283/2529/1812
f 1282/2530/21 1284/2531/21 1283/2532/21
f 1282/2530/21 1285/2533/20 1284/2531/21
f 1264/2534/20 1285/2533/20 1282/2530/21
f 1286/2535/1813 1284/2536/1814 1285/2537/1815
f 1264/2534/20 1287/2538/20 1285/2533/20
f 1286/2535/1813 1285/2537/1815 1287/2539/1816
f 1288/2540/1817 1287/2539/1816 1289/2541/1818
f 1286/2535/1813 1287/2539/1816 1288/2540/1817
f 1265/2542/20 1289/2543/21 1287/2538/20
f 1265/2542/20 1287/2538/20 1264/2534/20
f 1289/2543/21 1290/2544/21 1291/2545/21
f 1289/2543/21 1260/2546/21 1290/2544/21
f 1289/2543/21 1265/2542/20 1260/2546/21
f 1293/2547/1819 1289/2548/1818 1291/2549/1820
f 1288/2540/1817 1289/2541/1818 1292/2550/1821
f 1293/2547/1819 1292/2551/1821 1289/2548/1818
f 1295/2552/1822 1293/2553/1823 1294/2554/1824
f 1293/2547/1819 1297/2555/1825 1294/2556/1826
f 1296/2557/1827 1293/2553/1823 1295/2552/1822
f 1296/2557/1827 1292/2558/1828 1293/2553/1823
f 1293/2547/1819 1291/2549/1820 1297/2555/1825
f 1291/2545/21 1290/2544/21 1297/2559/20
f 1297/2559/20 1290/2544/21 1298/2560/21
f 1297/2559/20 1298/2560/21 1299/2561/21
f 1297/2559/20 1299/2561/21 1302/2562/21
f 1294/2556/1826 1297/2555/1825 1300/2563/1829
f 1300/2563/1829 1297/2555/1825 1301/2564/1830
f 1297/2559/20 1303/2565/1750 1301/2566/1831
f 1297/2559/20 1302/2562/21 1303/2565/1750
f 1301/2566/1831 1303/2565/1750 1307/2567/21
f 1305/2568/1832 1303/2569/1833 1302/2570/1832
f 1306/2571/1834 1303/2569/1833 1304/2572/1835
f 1304/2572/1835 1303/2569/1833 1305/2568/1832
f 1306/2571/1834 1307/2573/1836 1303/2569/1833
f 1301/2566/1831 1307/2567/21 1308/2574/21
f 1306/2571/1834 1308/2575/1837 1307/2573/1836
f 1311/2576/1838 1308/2575/1837 1309/2577/1839
f 1309/2577/1839 1308/2575/1837 1306/2571/1834
f 1301/2566/1831 1308/2574/21 1310/2578/21
f 1311/2576/1838 1310/2579/1840 1308/2575/1837
f 1311/2580/1841 1314/2581/1842 1312/2582/1843
f 1312/2583/1844 1310/2579/1840 1311/2576/1838
f 1309/2584/1845 1313/2585/1846 1311/2580/1841
f 1311/2580/1841 1313/2585/1846 1314/2581/1842
f 1313/2586/7 94/2385/1716 1314/2587/7
f 1314/2587/7 94/2385/1716 1315/2588/7
f 1312/2582/1843 1314/2581/1842 1315/2589/1847
f 1312/2582/1843 1315/2589/1847 1316/2590/1848
f 1315/2588/7 94/2385/1716 1317/2591/7
f 1316/2590/1848 1315/2589/1847 1317/2592/1849
f 1316/2590/1848 1317/2592/1849 1318/2593/1850
f 1318/2593/1850 1317/2592/1849 1319/2594/1851
f 1317/2591/7 94/2385/1716 1319/2595/7
f 1318/2593/1850 1319/2594/1851 1320/2596/1852
f 1320/2596/1852 1319/2594/1851 1321/2597/1852
f 1319/2595/7 94/2385/1716 1321/2598/7
f 1320/2596/1852 1321/2597/1852 1322/2599/1853
f 1321/2598/7 94/2385/1716 1323/2600/7
f 1322/2599/1853 1321/2597/1852 1323/2601/1853
f 1323/2600/7 94/2385/1716 1325/2602/7
f 1322/2599/1853 1323/2601/1853 1324/2603/1854
f 1324/2603/1854 1323/2601/1853 1325/2604/1855
f 1324/2603/1854 1325/2604/1855 1326/2605/1856
f 1326/2605/1856 1325/2604/1855 1327/2606/1857
f 1325/2602/7 94/2385/1716 1327/2607/7
f 1326/2605/1856 1327/2606/1857 1328/2608/1858
f 1328/2608/1858 1327/2606/1857 1329/2609/1859
f 1327/2607/7 94/2385/1716 1329/2610/7
f 1328/2608/1858 1329/2609/1859 1330/2611/1860
f 1329/2610/7 94/2385/1716 1331/2612/7
f 1330/2611/1860 1329/2609/1859 1331/2613/1861
f 1331/2612/7 94/2385/1716 1333/2614/7
f 1330/2611/1860 1331/2613/1861 1332/2615/93
f 1332/2615/93 1331/2613/1861 1333/2616/1862
f 1332/2615/93 1333/2616/1862 10/23/18
f 10/23/18 1333/2616/1862 8/17/12
f 1333/2614/7 94/2385/1716 8/11/7
f 10/22/17 12/21/16 1332/2617/1863
f 1332/2617/1863 16/2618/1864 1330/2619/1865
f 1332/2617/1863 15/2620/1866 16/2618/1864
f 1332/2617/1863 12/21/16 15/2620/1866
f 1330/2619/1865 16/2618/1864 1328/2621/1867
f 1328/2621/1867 18/2622/1868 1326/2623/1869
f 1328/2621/1867 16/2618/1864 18/2622/1868
f 1326/2623/1869 1335/2624/1870 1324/2625/1871
f 1326/2623/1869 18/2622/1868 1334/2626/1869
f 1326/2623/1869 1334/2626/1869 1335/2624/1870
f 1324/2625/1871 1335/2624/1870 1336/2627/1872
f 17/32/21 1336/2628/21 1335/2629/21
f 17/32/21 1335/2629/21 1334/2630/21
f 1324/2625/1871 1336/2627/1872 1322/2631/1872
f 26/2632/21 1336/2628/21 17/32/21
f 26/2632/21 1337/2633/21 1336/2628/21
f 1322/2631/1872 1336/2627/1872 1337/2634/1873
f 26/2632/21 1338/2635/20 1337/2633/21
f 1320/2636/1873 1337/2634/1873 1338/2637/1874
f 1322/2631/1872 1337/2634/1873 1320/2636/1873
f 1339/2638/21 1338/2635/20 26/2632/21
f 1339/2638/21 1340/2639/21 1338/2635/20
f 1318/2640/1875 1338/2637/1874 1340/2641/1876
f 1320/2636/1873 1338/2637/1874 1318/2640/1875
f 1339/2638/21 1341/2642/21 1340/2639/21
f 1312/2583/1844 1340/2641/1876 1341/2643/1877
f 1316/2644/1878 1340/2641/1876 1312/2583/1844
f 1318/2640/1875 1340/2641/1876 1316/2644/1878
f 1342/2645/1831 1341/2642/21 1339/2638/21
f 1342/2645/1831 1301/2566/1831 1341/2642/21
f 1301/2566/1831 1310/2578/21 1341/2642/21
f 1312/2583/1844 1341/2643/1877 1310/2579/1840
f 1344/2646/1879 1343/2647/1880 1342/2648/1881
f 1350/2649/20 1342/2645/1831 1343/2650/21
f 1344/2646/1879 1342/2648/1881 1345/2651/1882
f 1345/2651/1882 1342/2648/1881 1346/2652/1883
f 1346/2652/1883 1342/2648/1881 1339/2653/1884
f 1342/2645/1831 1347/2654/21 1301/2566/1831
f 1347/2654/21 1342/2645/1831 1348/2655/21
f 1348/2655/21 1342/2645/1831 1349/2656/21
f 1349/2656/21 1342/2645/1831 1350/2649/20
f 1354/2657/1885 1350/2658/1886 1351/2659/1887
f 1351/2659/1887 1350/2658/1886 1352/2660/1888
f 1352/2660/1888 1350/2658/1886 1353/2661/1889
f 1350/2649/20 1343/2650/21 1353/2662/21
f 1354/2657/1885 1349/2663/1890 1350/2658/1886
f 1355/2664/1891 1357/2665/1892 1354/2666/1893
f 1355/2664/1891 1354/2666/1893 1356/2667/1894
f 1356/2667/1894 1354/2666/1893 1351/2668/1894
f 1357/2669/1895 1349/2663/1890 1354/2657/1885
f 1358/2670/1896 1357/2665/1892 1355/2664/1891
f 1358/2670/1896 1359/2671/1897 1357/2665/1892
f 1359/2672/1898 1348/2673/1899 1357/2669/1895
f 1357/2669/1895 1348/2673/1899 1349/2663/1890
f 1360/2674/1897 1359/2671/1897 1358/2670/1896
f 1300/2563/1829 1347/2675/1900 1359/2672/1898
f 1359/2672/1898 1347/2675/1900 1348/2673/1899
f 1360/2674/1897 1300/2676/1901 1359/2671/1897
f 1360/2677/1902 1361/2678/1903 1362/2679/1494
f 1358/2680/1904 1361/2678/1903 1360/2677/1902
f 1362/2681/1905 1300/2676/1901 1360/2674/1897
f 1362/2679/1494 1361/2678/1903 1363/2682/1906
f 1300/2676/1901 1362/2681/1905 1363/2683/1907
f 1363/2682/1906 1365/2684/1908 1364/2685/1909
f 1300/2676/1901 1363/2683/1907 1364/2686/1910
f 1363/2682/1906 1361/2678/1903 1365/2684/1908
f 1364/2685/1909 1365/2684/1908 1366/2687/1911
f 1368/2688/1912 1366/2689/1913 1365/2690/1914
f 1368/2688/1912 1365/2690/1914 1367/2691/1915
f 1367/2691/1915 1365/2690/1914 1361/2692/1916
f 28/2693/1917 1366/2689/1913 1368/2688/1912
f 1346/2694/1918 1368/2695/1918 1367/2696/1919
f 27/49/39 28/48/38 1368/2695/1918
f 27/49/39 1368/2695/1918 1346/2694/1918
f 1367/2691/1915 1361/2692/1916 1369/2697/1920
f 1367/2691/1915 1369/2697/1920 1370/2698/1921
f 1345/2699/1919 1367/2696/1919 1370/2700/1922
f 1346/2694/1918 1367/2696/1919 1345/2699/1919
f 1370/2698/1921 1369/2697/1920 1371/2701/1923
f 1344/2702/1924 1370/2700/1922 1371/2703/1925
f 1345/2699/1919 1370/2700/1922 1344/2702/1924
f 1371/2701/1923 1369/2697/1920 1372/2704/1926
f 1371/2701/1923 1372/2704/1926 1373/2705/1927
f 1344/2702/1924 1371/2703/1925 1373/2706/1928
f 1373/2705/1927 1372/2704/1926 1374/2707/1929
f 1373/2705/1927 1374/2707/1929 1375/2708/1930
f 1376/2709/1931 1373/2706/1928 1375/2710/1932
f 1376/2709/1931 1344/2702/1924 1373/2706/1928
f 1376/2709/1931 1375/2710/1932 1377/2711/1933
f 1378/2712/1934 1376/2709/1931 1377/2711/1933
f 1378/2712/1934 1379/2713/1935 1376/2709/1931
f 1379/2714/1936 1343/2647/1880 1376/2715/1937
f 1376/2715/1937 1343/2647/1880 1344/2646/1879
f 1380/2716/1935 1379/2713/1935 1378/2712/1934
f 1383/2717/1938 1379/2713/1935 1380/2716/1935
f 1379/2714/1936 1381/2718/1939 1343/2647/1880
f 1382/2719/1940 1381/2718/1939 1379/2714/1936
f 1383/2717/1938 1382/2720/1938 1379/2713/1935
f 1383/2721/1941 1387/2722/1942 1384/2723/1943
f 1383/2721/1941 1384/2723/1943 1385/2724/1944
f 1385/2725/1945 1386/2726/1946 1383/2717/1938
f 1383/2717/1938 1386/2726/1946 1382/2720/1938
f 1380/2727/1947 1387/2722/1942 1383/2721/1941
f 1380/2727/1947 1388/2728/1948 1387/2722/1942
f 1388/2729/1949 1389/2730/59 1387/2731/60
f 1387/2731/60 1389/2730/59 1384/2732/67
f 1389/2733/1950 1390/2734/1951 1391/2735/1952
f 1393/2736/1953 1390/2734/1951 1389/2733/1950
f 1389/2733/1950 1391/2735/1952 1392/2737/1954
f 1384/2732/67 1389/2730/59 1392/2738/59
f 1388/2729/1949 1393/2739/59 1389/2730/59
f 1388/2729/1949 1394/2740/67 1393/2739/59
f 1394/2741/1955 1395/2742/1956 1393/2736/1953
f 1393/2736/1953 1395/2742/1956 1390/2734/1951
f 1397/2743/1957 1395/2744/1958 1396/2745/1959
f 1394/2741/1955 1396/2746/1960 1395/2742/1956
f 1398/2747/1961 1395/2744/1958 1397/2743/1957
f 1398/2747/1961 1390/2748/1962 1395/2744/1958
f 1399/2749/1963 1398/2750/1964 1397/2751/1965
f 1401/2752/1966 1398/2750/1964 1399/2749/1963
f 1401/2752/1966 1400/2753/1966 1398/2750/1964
f 1400/2754/1962 1390/2748/1962 1398/2747/1961
f 1377/2755/1967 1401/2756/1968 1403/2757/1969
f 1377/2755/1967 1402/2758/1970 1401/2756/1968
f 1402/2759/1971 1400/2753/1966 1401/2752/1966
f 1403/2757/1969 1401/2756/1968 1399/2760/1972
f 1378/2712/1934 1377/2711/1933 1403/2761/1973
f 1378/2712/1934 1403/2761/1973 1404/2762/1974
f 1404/2762/1974 1403/2761/1973 1405/2763/1975
f 1403/2757/1969 1399/2760/1972 1405/2764/1976
f 1404/2762/1974 1405/2763/1975 1407/2765/1922
f 1405/2766/1976 1406/2767/1977 1407/2768/1978
f 1405/2766/1976 1399/2769/1972 1406/2767/1977
f 1404/2762/1974 1407/2765/1922 1409/2770/1979
f 1407/2768/1978 1406/2767/1977 1408/2771/1980
f 1409/2770/1979 1407/2765/1922 1408/2772/1919
f 1409/2773/1981 41/72/61 1404/2774/1982
f 38/67/57 41/72/61 1409/2773/1981
f 1409/2770/1979 1408/2772/1919 38/68/58
f 1408/2771/1980 1410/2775/1983 36/61/51
f 1408/2771/1980 1411/2776/1980 1410/2775/1983
f 38/68/58 1408/2772/1919 36/62/52
f 1408/2771/1980 1406/2767/1977 1411/2776/1980
f 1412/2777/1984 1411/2778/1985 1417/2779/1986
f 1412/2777/1984 1410/2780/1987 1411/2778/1985
f 1416/2781/1986 1411/2778/1985 1413/2782/1986
f 1413/2782/1986 1411/2778/1985 1414/2783/1986
f 1414/2783/1986 1411/2778/1985 1406/2784/1988
f 1417/2779/1986 1411/2778/1985 1415/2785/1986
f 1415/2785/1986 1411/2778/1985 1416/2781/1986
f 1418/2786/1989 1412/2787/1990 1417/2788/1991
f 1417/2788/1991 1419/2789/1992 1418/2786/1989
f 1415/2790/1992 1419/2789/1992 1417/2788/1991
f 1420/2791/1993 1418/2792/1994 1419/2793/1995
f 1420/2791/1993 1419/2793/1995 1421/2794/1996
f 1421/2794/1996 1419/2793/1995 1422/2795/1997
f 1415/2790/1992 1422/2796/1998 1419/2789/1992
f 1423/2797/1999 1422/2795/1997 1424/2798/2000
f 1421/2794/1996 1422/2795/1997 1423/2797/1999
f 1416/2799/2001 1424/2800/2002 1422/2796/1998
f 1416/2799/2001 1422/2796/1998 1415/2790/1992
f 1423/2797/1999 1424/2798/2000 1394/2741/1955
f 1413/2801/2003 1396/2745/1959 1424/2800/2002
f 1394/2741/1955 1424/2798/2000 1396/2746/1960
f 1413/2801/2003 1424/2800/2002 1416/2799/2001
f 41/70/60 1421/2802/59 1423/2803/59
f 41/70/60 1423/2803/59 1394/2740/67
f 41/70/60 1420/2804/59 1421/2802/59
f 1425/2805/1768 1420/2804/59 41/70/60
f 1425/2806/2004 1418/2792/1994 1420/2791/1993
f 1425/2805/1768 41/70/60 1426/2807/67
f 1427/2808/59 1425/2805/1768 1426/2807/67
f 1429/2809/67 1425/2805/1768 1427/2808/59
f 1430/2810/60 1425/2805/1768 1428/2811/60
f 1428/2811/60 1425/2805/1768 1429/2809/67
f 1430/2812/2005 1418/2792/1994 1425/2806/2004
f 1431/2813/59 1430/2810/60 1428/2811/60
f 1432/2814/59 1430/2810/60 1431/2813/59
f 1433/2815/59 1430/2810/60 1432/2814/59
f 1434/2816/59 1430/2810/60 1433/2815/59
f 1434/2816/59 1435/2817/59 1430/2810/60
f 1435/2818/2006 1296/2819/2007 1430/2812/2005
f 1430/2812/2005 1296/2819/2007 1295/2820/2008
f 1430/2812/2005 1295/2820/2008 1418/2792/1994
f 1436/2821/59 1435/2817/59 1434/2816/59
f 1437/2822/67 1435/2817/59 1436/2821/59
f 1437/2822/67 1438/2823/59 1435/2817/59
f 1438/2824/2009 1296/2819/2007 1435/2818/2006
f 1441/2825/1768 1438/2823/59 1437/2822/67
f 1438/2824/2009 1439/2826/2010 1296/2819/2007
f 1438/2824/2009 1440/2827/2011 1439/2826/2010
f 1438/2824/2009 1272/2828/2012 1440/2827/2011
f 1270/2509/59 1272/2511/67 1438/2823/59
f 1441/2825/1768 1270/2509/59 1438/2823/59
f 1442/2829/2013 1246/2830/2014 1441/2831/2015
f 1246/2469/59 1254/2832/59 1441/2825/1768
f 1441/2825/1768 1254/2832/59 1255/2833/59
f 1442/2829/2013 1441/2831/2015 1437/2834/2016
f 1441/2825/1768 1255/2833/59 1270/2509/59
f 1444/2835/2017 104/2836/2018 1442/2837/2019
f 1442/2837/2019 104/2836/2018 100/2838/2020
f 1443/2839/2021 1246/2830/2014 1442/2829/2013
f 1442/2837/2019 100/2838/2020 1443/2840/2022
f 1442/2829/2013 1437/2834/2016 1444/2841/2023
f 1444/2835/2017 103/2842/2024 104/2836/2018
f 1445/2843/2025 103/2842/2024 1444/2835/2017
f 1444/2841/2023 1437/2834/2016 1436/2844/2026
f 1444/2841/2023 1436/2844/2026 1445/2845/2027
f 1445/2843/2025 106/2846/2028 103/2842/2024
f 1446/2847/2028 106/2846/2028 1445/2843/2025
f 1445/2845/2027 1436/2844/2026 1446/2848/2029
f 1447/2849/2030 105/2850/2030 1446/2847/2028
f 1446/2848/2029 1434/2851/2031 1447/2852/2032
f 1446/2847/2028 105/2850/2030 106/2846/2028
f 1446/2848/2029 1436/2844/2026 1434/2851/2031
f 1447/2852/2032 1434/2851/2031 1433/2853/2033
f 1447/2852/2032 1433/2853/2033 1432/2854/2034
f 1447/2849/2030 108/2855/2035 105/2850/2030
f 1448/2856/2035 108/2855/2035 1447/2849/2030
f 1447/2852/2032 1432/2854/2034 1448/2857/2036
f 1448/2856/2035 107/2858/2037 108/2855/2035
f 1449/2859/2037 107/2858/2037 1448/2856/2035
f 1448/2857/2036 1432/2854/2034 1449/2860/2038
f 1450/2861/2039 110/2862/2040 1449/2859/2037
f 1449/2860/2038 1428/2863/2041 1450/2864/2042
f 1449/2860/2038 1431/2865/2043 1428/2863/2041
f 1449/2859/2037 110/2862/2040 107/2858/2037
f 1449/2860/2038 1432/2854/2034 1431/2865/2043
f 1450/2864/2042 1428/2863/2041 1451/2866/2044
f 1450/2861/2039 109/2867/2045 110/2862/2040
f 1451/2868/2046 109/2867/2045 1450/2861/2039
f 1451/2868/2046 112/2869/1845 109/2867/2045
f 1452/2870/1845 112/2869/1845 1451/2868/2046
f 1451/2866/2044 1429/2871/2047 1427/2872/2048
f 1451/2866/2044 1427/2872/2048 1452/2873/2049
f 1451/2866/2044 1428/2863/2041 1429/2871/2047
f 1452/2873/2049 1427/2872/2048 1453/2874/2050
f 1452/2870/1845 111/2875/2051 112/2869/1845
f 1453/2876/2051 111/2875/2051 1452/2870/1845
f 1453/2874/2050 1427/2872/2048 1426/2877/2052
f 1453/2874/2050 1426/2877/2052 1454/2878/2053
f 1454/2879/2054 114/2880/2054 1453/2876/2051
f 1453/2876/2051 114/2880/2054 111/2875/2051
f 1454/2878/2053 1426/2877/2052 42/2881/2055
f 1454/2878/2053 43/77/63 1455/2882/2056
f 1455/2883/1848 113/2884/1848 1454/2879/2054
f 1454/2878/2053 42/2881/2055 43/77/63
f 1454/2879/2054 113/2884/1848 114/2880/2054
f 1455/2883/1848 115/2885/69 113/2884/1848
f 45/84/69 115/2885/69 1455/2883/1848
f 1455/2882/2056 43/77/63 45/76/62
f 1443/2839/2021 1244/2886/2057 1246/2830/2014
f 1456/2887/2058 1244/2886/2057 1443/2839/2021
f 1443/2840/2022 101/2888/2022 1456/2889/2059
f 1443/2840/2022 100/2838/2020 101/2888/2022
f 1456/2889/2059 102/2890/2060 1457/2891/651
f 1457/2892/2061 1458/2893/2062 1456/2887/2058
f 1456/2887/2058 1458/2893/2062 1244/2886/2057
f 1456/2889/2059 101/2888/2022 102/2890/2060
f 1460/2894/2063 1458/2893/2062 1457/2892/2061
f 1460/2894/2063 1459/2895/2064 1458/2893/2062
f 1459/2896/59 1242/2464/1768 1458/2897/59
f 1458/2897/59 1242/2464/1768 1244/2463/59
f 1457/2891/651 1464/2898/651 1460/2899/2065
f 1460/2894/2063 1462/2900/2066 1459/2895/2064
f 1460/2899/2065 1463/2901/1741 1461/2902/2067
f 1461/2903/2068 1462/2900/2066 1460/2894/2063
f 1460/2899/2065 1464/2898/651 1463/2901/1741
f 1457/2891/651 102/2890/2060 1464/2898/651
f 124/208/72 1464/2904/73 102/207/73
f 124/208/72 1463/2905/73 1464/2904/73
f 1461/2902/2067 1463/2901/1741 1465/2906/2069
f 124/208/72 1465/2907/73 1463/2905/73
f 124/208/72 1214/2908/73 1465/2907/73
f 1466/2909/2070 1465/2906/2069 1214/2407/1723
f 1461/2902/2067 1465/2906/2069 1466/2909/2070
f 1466/2910/2071 1462/2900/2066 1461/2903/2068
f 1466/2910/2071 1467/2911/2072 1462/2900/2066
f 1468/2912/2073 1467/2911/2072 1466/2910/2071
f 1466/2909/2070 1214/2407/1723 1468/2913/685
f 1468/2913/685 1214/2407/1723 1470/2914/1725
f 1468/2912/2073 1469/2915/2074 1467/2911/2072
f 1470/2916/2075 1469/2915/2074 1468/2912/2073
f 1471/2917/2076 1470/2914/1725 1216/2406/1725
f 1471/2918/2077 1276/2919/2078 1470/2916/2075
f 1470/2916/2075 1276/2919/2078 1469/2915/2074
f 1214/2407/1723 1216/2406/1725 1470/2914/1725
f 1473/2920/2077 1276/2919/2078 1471/2918/2077
f 1472/2921/2076 1471/2917/2076 1216/2406/1725
f 1472/2921/2076 1473/2922/2079 1471/2917/2076
f 1474/2923/2080 1276/2919/2078 1473/2920/2077
f 1475/2924/2081 1474/2925/2082 1473/2922/2079
f 1475/2924/2081 1473/2922/2079 1476/2926/2083
f 1476/2926/2083 1473/2922/2079 1472/2921/2076
f 1476/2927/2084 1477/2928/2085 1475/2929/2086
f 1472/2930/2087 1477/2928/2085 1476/2927/2084
f 1480/2931/2088 1477/2928/2085 1478/2932/2089
f 1478/2932/2089 1477/2928/2085 1479/2933/2090
f 1485/2934/21 1479/2935/21 1477/2936/21
f 1481/2937/2091 1477/2928/2085 1480/2931/2088
f 1482/2938/2092 1477/2928/2085 1481/2937/2091
f 1475/2929/2086 1477/2928/2085 1482/2938/2092
f 1216/2939/2093 1477/2928/2085 1472/2930/2087
f 1216/2939/2093 1222/2421/1735 1477/2928/2085
f 1483/2940/21 1477/2936/21 1222/2420/21
f 1484/2941/20 1477/2936/21 1483/2940/21
f 1283/2532/21 1485/2934/21 1477/2936/21
f 1283/2532/21 1477/2936/21 1484/2941/20
f 1479/2935/21 1485/2934/21 1488/2942/21
f 1283/2532/21 1284/2531/21 1485/2934/21
f 1486/2943/2094 1485/2944/2095 1284/2536/1814
f 1487/2945/2096 1485/2944/2095 1486/2943/2094
f 1487/2945/2096 1488/2946/2097 1485/2944/2095
f 1487/2945/2096 1489/2947/2098 1488/2946/2097
f 1489/2948/21 1479/2935/21 1488/2942/21
f 1493/2949/2099 1489/2947/2098 1487/2945/2096
f 1489/2948/21 1490/2950/21 1479/2935/21
f 1489/2948/21 1491/2951/20 1490/2950/21
f 1492/2952/20 1491/2951/20 1489/2948/21
f 1493/2949/2099 1492/2953/2100 1489/2947/2098
f 1487/2954/2101 1494/2955/2102 1493/2956/2103
f 1493/2956/2103 1494/2955/2102 1495/2957/2104
f 1493/2956/2103 1495/2957/2104 1496/2958/2105
f 1496/2959/2106 1497/2960/2107 1493/2949/2099
f 1493/2949/2099 1497/2960/2107 1492/2953/2100
f 1498/2961/20 1499/2962/21 1497/2963/21
f 1496/2959/2106 1498/2964/2108 1497/2960/2107
f 1497/2963/21 1499/2962/21 1492/2952/20
f 1498/2961/20 1500/2965/20 1499/2962/21
f 1500/2966/2109 1502/2967/2110 1499/2968/2111
f 1492/2952/20 1499/2962/21 1491/2951/20
f 1501/2969/2112 1491/2970/2113 1499/2968/2111
f 1499/2968/2111 1502/2967/2110 1501/2969/2112
f 1503/2971/2114 1501/2972/2115 1502/2973/2116
f 1504/2974/2117 1503/2971/2114 1502/2973/2116
f 1504/2974/2117 1502/2973/2116 1505/2975/2118
f 1505/2975/2118 1502/2973/2116 1506/2976/2119
f 1500/2966/2109 1506/2977/2120 1502/2967/2110
f 1507/2978/2121 1506/2976/2119 1508/2979/2122
f 1505/2975/2118 1506/2976/2119 1507/2978/2121
f 1508/2979/2122 1506/2976/2119 1509/2980/2123
f 1509/2980/2123 1506/2976/2119 1511/2981/2124
f 1510/2982/2125 1511/2983/2126 1506/2977/2120
f 1510/2982/2125 1506/2977/2120 1500/2966/2109
f 1513/2984/2127 1512/2985/2128 1511/2981/2124
f 1509/2980/2123 1511/2981/2124 1512/2985/2128
f 1513/2984/2127 1511/2981/2124 1514/2986/2129
f 1514/2986/2129 1511/2981/2124 1515/2987/2129
f 1510/2982/2125 1515/2988/2130 1511/2983/2126
f 1516/2989/2131 1518/2990/2132 1515/2988/2130
f 1516/2989/2131 1515/2988/2130 1510/2982/2125
f 1514/2986/2129 1515/2987/2129 1517/2991/2133
f 1517/2991/2133 1515/2987/2129 1518/2992/2134
f 1517/2991/2133 1518/2992/2134 1520/2993/2135
f 1521/2994/2136 1519/2995/2137 1518/2990/2132
f 1520/2993/2135 1518/2992/2134 1519/2996/2138
f 1521/2994/2136 1518/2990/2132 1516/2989/2131
f 1522/2997/2139 1519/2995/2137 1521/2994/2136
f 1523/2998/2140 1522/2999/2141 1521/3000/2140
f 1523/2998/2140 1521/3000/2140 1516/3001/21
f 1523/2998/2140 1516/3001/21 1526/3002/20
f 1525/3003/2142 1524/3004/2143 1523/3005/2144
f 1524/3006/21 1522/2999/2141 1523/2998/2140
f 1525/3003/2142 1523/3005/2144 1527/3007/2145
f 1527/3007/2145 1523/3005/2144 1526/3008/2146
f 1527/3007/2145 1526/3008/2146 1528/3009/2147
f 1528/3010/2148 1529/3011/2149 1527/3012/2150
f 1525/3013/2151 1527/3014/2152 1530/3015/2152
f 1527/3012/2150 1529/3011/2149 1530/3016/2153
f 1531/3017/2154 1530/3018/2155 1533/3019/2156
f 1531/3017/2154 1532/3020/2157 1530/3018/2155
f 1533/3019/2156 1530/3018/2155 1529/3021/2158
f 1525/3013/2151 1530/3015/2152 1532/3022/2159
f 1533/3019/2156 1529/3021/2158 1536/3023/2160
f 1534/3024/59 1533/3025/60 1536/3026/59
f 1535/3027/59 1533/3025/60 1534/3024/59
f 1535/3027/59 1531/3028/59 1533/3025/60
f 1536/3023/2160 1529/3021/2158 1539/3029/2161
f 1534/3024/59 1536/3026/59 1537/3030/59
f 1537/3030/59 1536/3026/59 1538/3031/59
f 1536/3023/2160 1539/3029/2161 1538/3032/2162
f 1529/3011/2149 1545/3033/2163 1539/3034/2164
f 1538/3032/2162 1539/3029/2161 1540/3035/2165
f 1540/3035/2165 1539/3029/2161 1541/3036/2166
f 1539/3034/2164 1542/3037/2167 1541/3038/2168
f 1539/3034/2164 1543/3039/2169 1542/3037/2167
f 1539/3034/2164 1544/3040/2170 1543/3039/2169
f 1539/3034/2164 1545/3033/2163 1544/3040/2170
f 1546/3041/2171 1545/3042/2172 1547/3043/2173
f 1546/3041/2171 1548/3044/2174 1545/3042/2172
f 1529/3011/2149 1547/3045/2175 1545/3033/2163
f 1544/3046/2176 1545/3047/2177 1548/3048/2178
f 1549/3049/2179 1548/3048/2178 1550/3050/2180
f 1548/3048/2178 1549/3049/2179 1551/3051/2181
f 1552/3052/2182 1550/3053/2183 1548/3044/2174
f 1548/3048/2178 1551/3051/2181 1544/3046/2176
f 1553/3054/2184 1548/3044/2174 1546/3041/2171
f 1552/3052/2182 1548/3044/2174 1553/3054/2184
f 1546/3055/2185 1554/3056/2186 1553/3057/2187
f 1553/3057/2187 1554/3056/2186 1555/3058/2188
f 1553/3057/2187 1555/3058/2188 1552/3059/2189
f 1555/3060/2190 1554/3061/2121 1557/3062/2191
f 1552/3059/2189 1555/3058/2188 1558/3063/2192
f 1556/3064/2193 1558/3065/2194 1555/3060/2190
f 1556/3064/2193 1555/3060/2190 1557/3062/2191
f 1559/3066/2119 1560/3067/2194 1558/3065/2194
f 1559/3066/2119 1558/3065/2194 1556/3064/2193
f 1561/3068/2195 1558/3069/2192 1560/3070/2196
f 1562/3071/2197 1558/3069/2192 1561/3068/2195
f 1552/3059/2189 1558/3063/2192 1562/3072/2197
f 1561/3073/2198 1550/3074/2183 1562/3075/2199
f 1562/3076/2199 1550/3053/2183 1552/3052/2182
f 1561/3068/2195 1560/3070/2196 1563/3077/2200
f 1563/3078/2201 1564/3079/2202 1561/3073/2198
f 1561/3073/2198 1564/3079/2202 1550/3074/2183
f 1569/3080/2203 1565/3081/2204 1564/3079/2202
f 1564/3082/2205 1565/3083/2206 1566/3084/2207
f 1564/3082/2205 1566/3084/2207 1567/3085/2208
f 1568/3086/2209 1564/3082/2205 1567/3085/2208
f 1568/3086/2209 1550/3050/2180 1564/3082/2205
f 1569/3080/2203 1564/3079/2202 1563/3078/2201
f 1563/3077/2200 1504/3087/2210 1569/3088/2211
f 1569/3088/2211 1504/3087/2210 1505/3089/2212
f 1569/3080/2203 1571/3090/2213 1565/3081/2204
f 1569/3088/2211 1505/3089/2212 1507/3091/2214
f 1569/3088/2211 1507/3091/2214 1570/3092/2215
f 1570/3093/2216 1571/3090/2213 1569/3080/2203
f 1528/3010/2148 1571/3094/2217 1572/3095/2218
f 1570/3093/2216 1572/3096/2216 1571/3090/2213
f 1528/3010/2148 1565/3097/2219 1571/3094/2217
f 1528/3010/2148 1572/3095/2218 1573/3098/2175
f 1570/3093/2216 1573/3099/2220 1572/3096/2216
f 1528/3010/2148 1573/3098/2175 1575/3100/2221
f 1574/3101/2222 1575/3102/2223 1573/3099/2220
f 1574/3101/2222 1573/3099/2220 1570/3093/2216
f 1528/3010/2148 1575/3100/2221 1577/3103/2224
f 1576/3104/2225 1575/3102/2223 1574/3101/2222
f 1576/3104/2225 1577/3105/2226 1575/3102/2223
f 1528/3010/2148 1577/3103/2224 1529/3011/2149
f 1578/3106/2227 1580/3107/2228 1577/3105/2226
f 1578/3106/2227 1577/3105/2226 1579/3108/2226
f 1579/3108/2226 1577/3105/2226 1576/3104/2225
f 1529/3011/2149 1577/3103/2224 1580/3109/2175
f 1581/3110/2229 1580/3107/2228 1578/3106/2227
f 1529/3011/2149 1580/3109/2175 1582/3111/2230
f 1581/3110/2229 1582/3112/2231 1580/3107/2228
f 1583/3113/2232 1584/3114/2232 1582/3112/2231
f 1583/3113/2232 1582/3112/2231 1581/3110/2229
f 1529/3011/2149 1582/3111/2230 1584/3115/2233
f 1583/3113/2232 1547/3043/2173 1584/3114/2232
f 1529/3011/2149 1584/3115/2233 1547/3045/2175
f 1546/3041/2171 1547/3043/2173 1583/3113/2232
f 1583/3116/2234 1586/3117/2235 1585/3118/2236
f 1583/3116/2234 1585/3118/2236 1546/3055/2185
f 1581/3119/2237 1586/3117/2235 1583/3116/2234
f 1586/3120/2238 1587/3121/2114 1585/3122/2239
f 1588/3123/2240 1587/3121/2114 1586/3120/2238
f 1581/3119/2237 1588/3124/2241 1586/3117/2235
f 1578/3125/2242 1588/3124/2241 1581/3119/2237
f 1579/3126/2243 1588/3124/2241 1578/3125/2242
f 1579/3126/2243 1512/3127/2244 1588/3124/2241
f 1588/3123/2240 1512/2985/2128 1513/2984/2127
f 1588/3123/2240 1513/2984/2127 1587/3121/2114
f 1513/3128/2245 1534/3129/2246 1587/3130/2247
f 1587/3130/2247 1534/3129/2246 1537/3131/2248
f 1587/3130/2247 1537/3131/2248 1589/3132/2249
f 1590/3133/2250 1587/3121/2114 1589/3134/2251
f 1585/3122/2239 1587/3121/2114 1590/3133/2250
f 1546/3055/2185 1585/3118/2236 1590/3135/2252
f 1590/3133/2250 1589/3134/2251 1554/3061/2121
f 1546/3055/2185 1590/3135/2252 1554/3056/2186
f 1591/3136/2253 1589/3132/2249 1537/3131/2248
f 1591/3136/2253 1592/3137/2254 1589/3132/2249
f 1557/3062/2191 1589/3134/2251 1592/3138/2122
f 1589/3134/2251 1557/3062/2191 1554/3061/2121
f 1557/3062/2191 1592/3138/2122 1593/3139/2115
f 1594/3140/2255 1593/3141/2256 1592/3137/2254
f 1594/3140/2255 1592/3137/2254 1591/3136/2253
f 1594/3142/59 1595/3143/67 1597/3144/59
f 1594/3142/59 1596/3145/59 1595/3143/67
f 1591/3146/59 1596/3145/59 1594/3142/59
f 1594/3140/2255 1597/3147/2257 1593/3141/2256
f 1597/3144/59 1595/3143/67 1598/3148/59
f 1599/3149/2258 1597/3147/2257 1598/3150/2259
f 1593/3141/2256 1597/3147/2257 1599/3149/2258
f 1600/3151/2260 1593/3139/2115 1599/3152/2261
f 1600/3151/2260 1599/3152/2261 1601/3153/2261
f 1601/3153/2261 1599/3152/2261 1602/3154/2262
f 1599/3149/2258 1598/3150/2259 1602/3155/2263
f 1605/3156/2264 1602/3154/2262 1603/3157/2265
f 1602/3155/2263 1598/3150/2259 1603/3158/2266
f 1601/3153/2261 1602/3154/2262 1604/3159/2267
f 1604/3159/2267 1602/3154/2262 1605/3156/2264
f 1606/3160/2268 1605/3161/2269 1607/3162/2270
f 1606/3160/2268 1604/3163/2271 1605/3161/2269
f 1605/3156/2264 1603/3157/2265 1607/3164/2272
f 1606/3160/2268 1607/3162/2270 1608/3165/2273
f 1608/3165/2273 1607/3162/2270 1609/3166/2274
f 1607/3164/2272 1603/3157/2265 1609/3167/2275
f 1608/3165/2273 1609/3166/2274 1610/3168/2276
f 1609/3167/2275 1603/3157/2265 1612/3169/2277
f 1610/3168/2276 1609/3166/2274 1611/3170/2278
f 1611/3170/2278 1609/3166/2274 1612/3171/2279
f 1611/3170/2278 1612/3171/2279 1613/3172/2280
f 1612/3169/2277 1478/3173/2281 1613/3174/2282
f 1612/3169/2277 1603/3157/2265 1478/3173/2281
f 1611/3170/2278 1613/3172/2280 1614/3175/2283
f 1614/3175/2283 1613/3172/2280 1615/3176/2284
f 1613/3174/2282 1478/3173/2281 1615/3177/2285
f 1614/3175/2283 1615/3176/2284 1617/3178/2286
f 1615/3177/2285 1478/3173/2281 1616/3179/2287
f 1618/3180/2288 1615/3176/2284 1616/3181/2289
f 1617/3178/2286 1615/3176/2284 1618/3180/2288
f 1618/3180/2288 1616/3181/2289 1619/3182/2290
f 1619/3183/2291 1620/3184/2292 1618/3185/2293
f 1618/3185/2293 1620/3184/2292 1617/3186/2294
f 1486/3187/2295 1622/3188/2296 1620/3189/2297
f 1486/3187/2295 1620/3189/2297 1621/3190/2298
f 1619/3183/2291 1621/3191/2299 1620/3184/2292
f 1617/3186/2294 1620/3184/2292 1622/3192/2300
f 1486/3187/2295 1623/3193/2301 1622/3188/2296
f 1617/3186/2294 1622/3192/2300 1623/3194/2302
f 1614/3195/2303 1623/3194/2302 1611/3196/2304
f 1611/3196/2304 1623/3194/2302 1624/3197/2305
f 1486/3187/2295 1624/3198/2306 1623/3193/2301
f 1617/3186/2294 1623/3194/2302 1614/3195/2303
f 1610/3199/2307 1624/3197/2305 1625/3200/2308
f 1611/3196/2304 1624/3197/2305 1610/3199/2307
f 1486/3187/2295 1626/3201/2309 1624/3198/2306
f 1626/3201/2309 1625/3202/2310 1624/3198/2306
f 1626/3201/2309 1486/3187/2295 1627/3203/2311
f 1274/3204/2312 1626/3205/2313 1627/3206/2314
f 1274/3204/2312 1628/3207/2315 1626/3205/2313
f 1626/3205/2313 1628/3207/2315 1629/3208/2316
f 1629/3209/2317 1630/3210/2318 1626/3201/2309
f 1626/3201/2309 1630/3210/2318 1631/3211/2319
f 1626/3201/2309 1631/3211/2319 1625/3202/2310
f 1608/3212/2320 1631/3213/2321 1606/3214/2322
f 1606/3214/2322 1631/3213/2321 1630/3215/2323
f 1610/3199/2307 1631/3213/2321 1608/3212/2320
f 1610/3199/2307 1625/3200/2308 1631/3213/2321
f 1633/3216/2324 1632/3217/2324 1630/3218/2323
f 1630/3218/2323 1632/3217/2324 1606/3219/2322
f 1629/3209/2317 1633/3220/2325 1630/3210/2318
f 1634/3221/2326 1542/3037/2167 1633/3220/2325
f 1542/3222/2327 1635/3223/2328 1633/3216/2324
f 1633/3216/2324 1635/3223/2328 1632/3217/2324
f 1634/3221/2326 1633/3220/2325 1629/3209/2317
f 1636/3224/2329 1600/3225/2330 1635/3226/2331
f 1635/3226/2331 1600/3225/2330 1601/3227/2332
f 1635/3226/2331 1601/3227/2332 1604/3163/2271
f 1635/3226/2331 1604/3163/2271 1632/3228/2333
f 1542/3222/2327 1636/3229/2334 1635/3223/2328
f 1543/3230/2335 1551/3051/2181 1636/3229/2334
f 1551/3231/2336 1557/3232/2337 1636/3233/2329
f 1543/3230/2335 1636/3229/2334 1542/3222/2327
f 1636/3233/2329 1557/3232/2337 1600/3234/2330
f 1595/3235/2338 1634/3236/2339 1637/3237/2340
f 1596/3238/2341 1634/3236/2339 1595/3235/2338
f 1637/3237/2340 1634/3236/2339 1629/3208/2316
f 1638/3239/2342 1542/3037/2167 1634/3221/2326
f 1596/3238/2341 1638/3240/2343 1634/3236/2339
f 1540/3035/2165 1638/3240/2343 1596/3238/2341
f 1540/3035/2165 1541/3036/2166 1638/3240/2343
f 1541/3038/2168 1542/3037/2167 1638/3239/2342
f 1598/3148/59 1595/3143/67 1637/3241/59
f 1629/3208/2316 1628/3207/2315 1637/3237/2340
f 1598/3148/59 1637/3241/59 1628/3242/2344
f 1632/3228/2333 1604/3163/2271 1606/3160/2268
f 1276/2518/60 1628/3242/2344 1274/2514/67
f 1598/3148/59 1628/3242/2344 1276/2518/60
f 1274/3204/2312 1627/3206/2314 1639/3243/2345
f 1627/3203/2311 1640/3244/2346 1639/3245/2347
f 1627/3203/2311 1486/3187/2295 1640/3244/2346
f 1639/3245/2347 1640/3244/2346 1286/3246/2348
f 1486/2943/2094 1284/2536/1814 1640/3247/2349
f 1640/3247/2349 1284/2536/1814 1286/2535/1813
f 1274/3204/2312 1639/3243/2345 1271/3248/2350
f 1271/3248/2350 1639/3243/2345 1272/3249/2012
f 1639/3245/2347 1286/3246/2348 1440/3250/2351
f 1272/3249/2012 1639/3243/2345 1440/3251/2011
f 1487/2954/2101 1621/3190/2298 1494/2955/2102
f 1486/3187/2295 1621/3190/2298 1487/2954/2101
f 1641/3252/2352 1494/3253/2352 1621/3191/2299
f 1641/3252/2352 1621/3191/2299 1619/3183/2291
f 1644/3254/2353 1494/3253/2352 1641/3252/2352
f 1619/3182/2290 1642/3255/2354 1641/3256/2355
f 1641/3256/2355 1642/3255/2354 1643/3257/2356
f 1641/3256/2355 1643/3257/2356 1644/3258/2357
f 1644/3258/2357 1645/3259/2358 1646/3260/2359
f 1644/3258/2357 1643/3257/2356 1645/3259/2358
f 1646/3261/2360 1495/3262/2361 1644/3254/2353
f 1644/3254/2353 1495/3262/2361 1494/3253/2352
f 1646/3260/2359 1645/3259/2358 1503/3263/2362
f 1646/3261/2360 1647/3264/2363 1495/3262/2361
f 1567/3085/2208 1647/3264/2363 1646/3261/2360
f 1646/3260/2359 1503/3263/2362 1567/3265/2364
f 1496/2958/2105 1495/2957/2104 1647/3266/2365
f 1496/2958/2105 1647/3266/2365 1566/3267/2366
f 1567/3085/2208 1566/3084/2207 1647/3264/2363
f 1645/3268/2367 1648/3269/2368 1649/3270/2367
f 1643/3271/2368 1648/3269/2368 1645/3268/2367
f 1645/3268/2367 1649/3270/2367 1503/2971/2114
f 1503/2971/2114 1649/3270/2367 1501/2972/2115
f 1649/3272/2369 1490/3273/2370 1491/2970/2113
f 1648/3274/2371 1490/3273/2370 1649/3272/2369
f 1649/3272/2369 1491/2970/2113 1501/2969/2112
f 1650/3275/2372 1479/2933/2090 1648/3274/2371
f 1643/3271/2368 1650/3276/2373 1648/3269/2368
f 1648/3274/2371 1479/2933/2090 1490/3273/2370
f 1651/3277/2374 1478/3173/2281 1650/3276/2373
f 1478/2932/2089 1479/2933/2090 1650/3275/2372
f 1651/3277/2374 1650/3276/2373 1642/3278/2375
f 1642/3278/2375 1650/3276/2373 1643/3271/2368
f 1616/3179/2287 1478/3173/2281 1651/3277/2374
f 1619/3182/2290 1616/3181/2289 1651/3279/2376
f 1619/3182/2290 1651/3279/2376 1642/3255/2354
f 1603/3158/2266 1598/3150/2259 1276/2919/2078
f 1603/3158/2266 1276/2919/2078 1652/3280/2377
f 1652/3281/2378 1480/3282/2379 1603/3283/2380
f 1603/3283/2380 1480/3282/2379 1478/3284/2381
f 1652/3280/2377 1276/2919/2078 1653/3285/2382
f 1653/3286/2383 1481/3287/2384 1652/3281/2378
f 1652/3281/2378 1481/3287/2384 1480/3282/2379
f 1653/3285/2382 1276/2919/2078 1654/3288/2385
f 1654/3289/2386 1481/3287/2384 1653/3286/2383
f 1654/3288/2385 1276/2919/2078 1474/2923/2080
f 1474/3290/2387 1482/3291/2388 1654/3289/2386
f 1654/3289/2386 1482/3291/2388 1481/3287/2384
f 1557/3062/2191 1593/3139/2115 1600/3151/2260
f 1591/3146/59 1540/3292/67 1596/3145/59
f 1537/3030/59 1538/3031/59 1591/3146/59
f 1591/3146/59 1538/3031/59 1540/3292/67
f 1576/3293/2389 1509/3294/2390 1579/3126/2243
f 1579/3126/2243 1509/3294/2390 1512/3127/2244
f 1574/3295/2391 1509/3294/2390 1576/3293/2389
f 1570/3092/2215 1508/3296/2392 1574/3295/2391
f 1574/3295/2391 1508/3296/2392 1509/3294/2390
f 1570/3092/2215 1507/3091/2214 1508/3296/2392
f 1568/3297/2393 1655/3298/2394 1559/3299/2395
f 1567/3265/2364 1655/3298/2394 1568/3297/2393
f 1656/3300/2396 1550/3050/2180 1568/3086/2209
f 1568/3297/2393 1559/3299/2395 1656/3301/2397
f 1549/3049/2179 1550/3050/2180 1656/3300/2396
f 1656/3301/2397 1559/3299/2395 1556/3302/2398
f 1656/3301/2397 1556/3302/2398 1549/3303/2399
f 1655/3304/2400 1503/2971/2114 1504/2974/2117
f 1567/3265/2364 1503/3263/2362 1655/3298/2394
f 1655/3304/2400 1560/3067/2194 1559/3066/2119
f 1655/3304/2400 1504/2974/2117 1560/3067/2194
f 1496/2958/2105 1566/3267/2366 1565/3097/2219
f 1496/2958/2105 1565/3097/2219 1528/3010/2148
f 1563/3077/2200 1560/3070/2196 1504/3087/2210
f 1549/3303/2399 1556/3302/2398 1557/3232/2337
f 1549/3303/2399 1557/3232/2337 1551/3231/2336
f 1544/3046/2176 1551/3051/2181 1543/3230/2335
f 1657/3305/59 1531/3028/59 1535/3027/59
f 1517/3306/2401 1657/3307/2402 1535/3308/2403
f 1517/3306/2401 1535/3308/2403 1514/3309/2404
f 1514/3309/2404 1535/3308/2403 1534/3129/2246
f 1520/3310/2405 1657/3307/2402 1517/3306/2401
f 1657/3305/59 1392/2738/59 1531/3028/59
f 1520/3310/2405 1658/3311/2406 1657/3307/2402
f 1658/3312/59 1392/2738/59 1657/3305/59
f 1385/2724/1944 1658/3311/2406 1520/3310/2405
f 1384/2732/67 1392/2738/59 1658/3312/59
f 1385/2724/1944 1384/2723/1943 1658/3311/2406
f 1514/3309/2404 1534/3129/2246 1513/3128/2245
f 1392/2737/1954 1532/3020/2157 1531/3017/2154
f 1660/3313/2407 1525/3013/2151 1532/3022/2159
f 1392/2737/1954 1391/2735/1952 1532/3020/2157
f 1660/3313/2407 1532/3022/2159 1659/3314/2408
f 1659/3314/2408 1532/3022/2159 1391/3315/2409
f 1661/3316/2410 1663/3317/2411 1660/3313/2407
f 1662/3318/2412 1661/3319/2413 1660/3320/2414
f 1402/2759/1971 1660/3320/2414 1659/3321/2415
f 1662/3318/2412 1660/3320/2414 1402/2759/1971
f 1660/3313/2407 1663/3317/2411 1525/3013/2151
f 1661/3316/2410 1664/3322/2416 1663/3317/2411
f 1663/3323/2417 1665/3324/2418 1524/3004/2143
f 1663/3323/2417 1524/3004/2143 1525/3003/2142
f 1664/3325/2419 1665/3324/2418 1663/3323/2417
f 1665/3326/20 1381/3327/20 1524/3006/21
f 1664/3325/2419 1353/2661/1889 1665/3324/2418
f 1353/2662/21 1343/2650/21 1665/3326/20
f 1665/3326/20 1343/2650/21 1381/3327/20
f 1666/3328/2420 1664/3322/2416 1661/3316/2410
f 1666/3328/2420 1352/3329/2421 1664/3322/2416
f 1352/2660/1888 1353/2661/1889 1664/3325/2419
f 1372/3330/2422 1667/3331/2423 1666/3332/2424
f 1667/3333/2425 1352/3329/2421 1666/3328/2420
f 1372/3330/2422 1666/3332/2424 1374/3334/2426
f 1374/3334/2426 1666/3332/2424 1661/3319/2413
f 1667/3333/2425 1351/2668/1894 1352/3329/2421
f 1356/2667/1894 1351/2668/1894 1667/3333/2425
f 1369/3335/2427 1667/3331/2423 1372/3330/2422
f 1667/3331/2423 1369/3335/2427 1356/3336/1902
f 1374/3334/2426 1661/3319/2413 1662/3318/2412
f 1375/2708/1930 1662/3337/2428 1377/2755/1967
f 1375/2708/1930 1374/2707/1929 1662/3337/2428
f 1377/2755/1967 1662/3337/2428 1402/2758/1970
f 1659/3314/2408 1391/3315/2409 1400/2754/1962
f 1402/2759/1971 1659/3321/2415 1400/2753/1966
f 1528/3009/2147 1526/3008/2146 1668/3338/2429
f 1528/3009/2147 1668/3338/2429 1496/2959/2106
f 1668/3339/1750 1500/2965/20 1498/2961/20
f 1496/2959/2106 1668/3338/2429 1498/2964/2108
f 1526/3002/20 1510/3340/1750 1668/3339/1750
f 1668/3339/1750 1510/3340/1750 1500/2965/20
f 1526/3002/20 1516/3001/21 1510/3340/1750
f 1524/3006/21 1669/3341/21 1522/2999/2141
f 1524/3006/21 1381/3327/20 1669/3341/21
f 1382/2719/1940 1669/3342/2430 1381/2718/1939
f 1669/3342/2430 1382/2719/1940 1386/3343/2431
f 1669/3342/2430 1386/3343/2431 1522/2997/2139
f 1522/2997/2139 1386/3343/2431 1519/2995/2137
f 1520/2993/2135 1519/2996/2138 1385/2725/1945
f 1385/2725/1945 1519/2996/2138 1386/2726/1946
f 1671/3344/2432 1484/3345/2433 1483/3346/2434
f 1670/3347/2435 1484/3345/2433 1671/3344/2432
f 1280/2528/1811 1484/3345/2433 1670/3347/2435
f 1280/2528/1811 1283/2529/1812 1484/3345/2433
f 1671/3344/2432 1483/3346/2434 1236/3348/1756
f 1671/3344/2432 1236/3348/1756 1237/3349/1757
f 1238/3350/132 1671/3351/2436 1237/3352/132
f 1672/3353/2437 1671/3351/2436 1238/3350/132
f 1672/3353/2437 1670/3354/2438 1671/3351/2436
f 1277/2520/1804 1279/2523/1807 1672/3355/2439
f 1277/2520/1804 1672/3355/2439 1673/3356/2440
f 1279/2525/1808 1670/3354/2438 1672/3353/2437
f 1673/3356/2440 1672/3355/2439 1674/3357/2441
f 1674/3357/2441 1672/3355/2439 1238/3358/2442
f 1469/3359/59 1673/3360/59 1674/3361/59
f 1469/3359/59 1674/3361/59 1675/3362/59
f 1238/3363/2442 1239/2462/1767 1674/3364/2441
f 1674/3364/2441 1239/2462/1767 1675/3365/2443
f 1469/3359/59 1675/3362/59 1467/3366/59
f 1467/3366/59 1675/3362/59 1242/2464/1768
f 1675/3365/2443 1239/2462/1767 1242/2461/1766
f 1673/3360/59 1276/2518/60 1277/2517/59
f 1469/3359/59 1276/2518/60 1673/3360/59
f 1279/2525/1808 1280/2524/1806 1670/3354/2438
f 1483/2940/21 1222/2420/21 1236/3367/21
f 1475/3368/2444 1482/3291/2388 1474/3290/2387
f 1467/3366/59 1242/2464/1768 1462/3369/59
f 1462/3369/59 1242/2464/1768 1459/2896/59
f 1439/3370/2445 1440/3371/2446 1288/3372/2447
f 1440/3250/2351 1286/3246/2348 1288/3373/2448
f 1439/3370/2445 1292/2558/1828 1296/2557/1827
f 1439/3370/2445 1288/3372/2447 1292/2558/1828
f 1426/2807/67 41/70/60 42/69/59
f 1418/2786/1989 1676/3374/2449 1412/2787/1990
f 1295/2552/1822 1676/3374/2449 1418/2786/1989
f 1676/3375/2450 1410/2780/1987 1412/2777/1984
f 1676/3375/2450 35/3376/2451 1410/2780/1987
f 1677/3377/2452 35/3376/2451 1676/3375/2450
f 1295/2552/1822 1677/3378/2449 1676/3374/2449
f 1295/2552/1822 1678/3379/2453 1677/3378/2449
f 1678/3380/2454 33/3381/2455 1677/3377/2452
f 1677/3377/2452 33/3381/2455 35/3376/2451
f 1678/3380/2454 31/3382/2456 33/3381/2455
f 1679/3383/2457 31/3382/2456 1678/3380/2454
f 1295/2552/1822 1679/3384/2449 1678/3379/2453
f 1294/2554/1824 1680/3385/2458 1679/3384/2449
f 1295/2552/1822 1294/2554/1824 1679/3384/2449
f 1680/3386/2459 31/3382/2456 1679/3383/2457
f 1681/3387/2460 1682/3388/2461 1680/3386/2459
f 1294/2554/1824 1681/3389/2462 1680/3385/2458
f 1680/3386/2459 1682/3388/2461 31/3382/2456
f 1681/3387/2460 1366/2687/1911 1682/3388/2461
f 28/2693/1917 1682/3390/2463 1366/2689/1913
f 29/54/44 1682/3390/2463 28/2693/1917
f 29/54/44 31/52/42 1682/3390/2463
f 1364/2685/1909 1366/2687/1911 1681/3387/2460
f 1294/2554/1824 1364/2686/1910 1681/3389/2462
f 1414/3391/2464 1396/2745/1959 1413/2801/2003
f 1414/2783/1986 1406/2784/1988 1397/3392/1965
f 1397/2743/1957 1396/2745/1959 1414/3391/2464
f 36/61/51 1410/2775/1983 35/60/50
f 1399/2749/1963 1397/2751/1965 1406/3393/1988
f 1404/2774/1982 1388/2728/1948 1378/3394/2465
f 1404/2774/1982 41/72/61 1388/2728/1948
f 1400/2754/1962 1391/3315/2409 1390/2748/1962
f 41/70/60 1394/2740/67 1388/2729/1949
f 1378/3394/2465 1388/2728/1948 1380/2727/1947
f 1356/3336/1902 1369/3335/2427 1361/2678/1903
f 1294/2554/1824 1300/2676/1901 1364/2686/1910
f 1356/3336/1902 1361/2678/1903 1355/3395/1494
f 1355/3395/1494 1361/2678/1903 1358/2680/1904
f 1300/2563/1829 1301/2564/1830 1347/2675/1900
f 1346/2652/1883 1339/2653/1884 27/47/37
f 27/47/37 1339/2653/1884 26/46/36
f 17/32/21 1334/2630/21 18/31/20
f 1309/2584/1845 1683/3396/2466 1313/2585/1846
f 1683/3397/7 94/2385/1716 1313/2586/7
f 1306/3398/2466 1684/3399/2039 1683/3396/2466
f 1306/3398/2466 1683/3396/2466 1309/2584/1845
f 1684/3400/7 94/2385/1716 1683/3397/7
f 1304/3401/2039 1684/3399/2039 1306/3398/2466
f 1304/3401/2039 1685/3402/2037 1684/3399/2039
f 1685/3403/7 94/2385/1716 1684/3400/7
f 1305/3404/2467 1685/3402/2037 1304/3401/2039
f 1305/3404/2467 1686/3405/2468 1685/3402/2037
f 1686/3406/7 94/2385/1716 1685/3403/7
f 1687/3407/2035 1686/3405/2468 1305/3404/2467
f 1687/3407/2035 1688/3408/2469 1686/3405/2468
f 1688/3409/7 94/2385/1716 1686/3406/7
f 1689/3410/2469 1690/3411/2470 1688/3408/2469
f 1689/3410/2469 1688/3408/2469 1687/3407/2035
f 1690/3412/7 94/2385/1716 1688/3409/7
f 1692/3413/2470 1691/3414/2471 1690/3411/2470
f 1691/3415/7 94/2385/1716 1690/3412/7
f 1692/3413/2470 1690/3411/2470 1689/3410/2469
f 1689/3416/2472 1290/3417/2473 1692/3418/2474
f 1692/3418/2474 1290/3417/2473 1693/3419/2475
f 1694/3420/2476 1691/3414/2471 1692/3413/2470
f 1692/3418/2474 1693/3419/2475 1694/3421/2477
f 1695/3422/2018 1696/3423/2478 1694/3420/2476
f 1694/3421/2477 1693/3419/2475 1695/3424/2479
f 1694/3420/2476 1696/3423/2478 1691/3414/2471
f 1696/3425/7 94/2385/1716 1691/3415/7
f 1695/3422/2018 1697/3426/2480 1696/3423/2478
f 1697/3427/7 94/2385/1716 1696/3425/7
f 1698/3428/7 94/2385/1716 1697/3427/7
f 1699/3429/2481 1698/3430/2022 1697/3426/2480
f 1699/3429/2481 1697/3426/2480 1695/3422/2018
f 1699/3431/2482 1700/3432/2483 1232/2439/1749
f 1699/3431/2482 1701/3433/2484 1700/3432/2483
f 1699/3431/2482 1232/2439/1749 1229/2437/1747
f 1229/2436/1746 1698/3430/2022 1699/3429/2481
f 1695/3424/2479 1701/3433/2484 1699/3431/2482
f 1259/3434/20 1700/3435/20 1701/3436/21
f 1260/2546/21 1259/3434/20 1701/3436/21
f 1260/2546/21 1701/3436/21 1693/3437/21
f 1695/3424/2479 1693/3419/2475 1701/3433/2484
f 1258/3438/20 1700/3435/20 1259/3434/20
f 1258/3438/20 1232/2443/1750 1700/3435/20
f 1229/2436/1746 1210/2435/1744 1698/3430/2022
f 1210/2399/7 94/2385/1716 1698/3428/7
f 1260/2546/21 1693/3437/21 1290/2544/21
f 1689/3416/2472 1298/3439/2472 1290/3417/2473
f 1689/3416/2472 1299/3440/2485 1298/3439/2472
f 1687/3441/2486 1299/3440/2485 1689/3416/2472
f 1305/2568/1832 1299/3440/2485 1687/3441/2486
f 1305/2568/1832 1302/2570/1832 1299/3440/2485
f 1255/2483/1781 1262/2506/1800 1270/2508/1802
f 1255/2483/1781 1256/2484/1782 1262/2506/1800
f 1702/3442/20 1232/2443/1750 1258/3438/20
f 1249/2478/1777 1702/3443/2487 1258/2488/1785
f 1249/2478/1777 1258/2488/1785 1252/2487/1784
f 1249/2478/1777 1231/2448/1755 1702/3443/2487
f 1231/2442/1750 1232/2443/1750 1702/3442/20
f 1246/2469/59 1247/2470/60 1254/2832/59
f 1236/3367/21 1222/2420/21 1221/2417/1734
f 1224/2429/1741 1213/2410/1727 1211/2430/1742
f 1219/2412/1729 1213/2410/1727 1224/2429/1741
f 1217/2416/1733 1222/2421/1735 1216/2939/2093
f 555/1021/684 551/1023/686 1703/3444/2488
f 97/976/652 555/1048/436 1703/3445/436
f 1703/3444/2488 551/1023/686 1704/3446/2489
f 1703/3444/2488 1704/3446/2489 1705/3447/2490
f 97/976/652 1703/3445/436 1705/3448/493
f 1705/3447/2490 1704/3446/2489 1707/3449/2491
f 97/976/652 1705/3448/493 1706/3450/437
f 1705/3447/2490 1707/3449/2491 1706/3451/2492
f 1707/3452/2493 550/1017/680 1708/3453/2494
f 1706/3451/2492 1707/3449/2491 1708/3454/2495
f 1704/3455/2496 550/1017/680 1707/3452/2493
f 1711/3456/2497 1708/3454/2495 1709/3457/2498
f 1708/3453/2494 1710/3458/2499 1709/3459/2500
f 1708/3453/2494 550/1017/680 1710/3458/2499
f 1706/3451/2492 1708/3454/2495 1711/3456/2497
f 1711/3456/2497 1709/3457/2498 1712/3460/2501
f 97/976/652 1706/3450/437 1711/3461/437
f 97/976/652 1711/3461/437 1712/3462/436
f 1712/3460/2501 1715/3463/1273 1713/3464/2502
f 1712/3460/2501 1713/3464/2502 1714/3465/2503
f 97/976/652 1712/3462/436 1714/3466/436
f 1712/3460/2501 1709/3457/2498 1715/3463/1273
f 1715/3467/2504 1717/3468/2505 1716/3469/2506
f 1715/3467/2504 1716/3469/2506 1713/3470/2507
f 1709/3459/2500 1717/3468/2505 1715/3467/2504
f 1717/3471/455 375/693/455 1716/3472/455
f 1710/1015/455 375/693/455 1717/3471/455
f 1709/3459/2500 1710/3458/2499 1717/3468/2505
f 1713/3470/2507 1716/3469/2506 1718/3473/2508
f 1716/3472/455 375/693/455 1718/3474/455
f 1718/3474/455 375/693/455 1719/3475/455
f 1720/3476/2509 1718/3473/2508 1719/3477/2510
f 1713/3470/2507 1718/3473/2508 1720/3476/2509
f 1714/3465/2503 1720/3478/2511 1721/3479/2512
f 1721/3479/2512 1720/3478/2511 1722/3480/2513
f 1720/3476/2509 1719/3477/2510 1722/3481/2514
f 1714/3465/2503 1713/3464/2502 1720/3478/2511
f 1721/3479/2512 1722/3480/2513 1723/3482/2515
f 1722/3481/2514 1724/3483/2516 1723/3484/2517
f 1722/3481/2514 1725/3485/2518 1724/3483/2516
f 1722/3481/2514 1719/3477/2510 1725/3485/2518
f 1725/3475/455 375/693/455 1724/3486/455
f 1719/3475/455 375/693/455 1725/3475/455
f 1724/3486/455 375/693/455 1726/3487/455
f 1723/3484/2517 1724/3483/2516 1726/3488/2519
f 1723/3484/2517 1726/3488/2519 1728/3489/2520
f 1726/3487/455 375/693/455 1727/3490/455
f 1728/3489/2520 1726/3488/2519 1727/3491/2521
f 1728/3489/2520 1727/3491/2521 1729/3492/2522
f 1730/3493/2523 1728/3494/2524 1729/3495/2525
f 1731/3496/2515 1728/3494/2524 1730/3493/2523
f 1731/3496/2515 1723/3482/2515 1728/3494/2524
f 1721/3479/2512 1723/3482/2515 1731/3496/2515
f 97/976/652 1721/3497/436 1731/3498/436
f 97/976/652 1731/3498/436 1730/3499/489
f 1730/3493/2523 1729/3495/2525 1732/3500/2526
f 97/976/652 1730/3499/489 1732/3501/436
f 1732/3500/2526 1733/3502/2527 1734/3503/2527
f 1732/3500/2526 1729/3495/2525 1733/3502/2527
f 97/976/652 1732/3501/436 1734/3504/493
f 97/976/652 1734/3504/493 94/3505/437
f 94/3505/437 1734/3504/493 1735/3506/436
f 1734/3503/2527 1736/3507/1773 1735/3508/1773
f 1734/3503/2527 1733/3502/2527 1736/3507/1773
f 1736/3509/2528 1739/3510/2529 1737/3511/2530
f 1736/3509/2528 1737/3511/2530 1738/3512/2531
f 1735/3508/1773 1736/3507/1773 1738/3513/2532
f 1733/3514/2533 1739/3510/2529 1736/3509/2528
f 1733/3514/2533 1740/3515/2534 1739/3510/2529
f 1740/3516/455 375/693/455 1739/3517/455
f 1739/3517/455 375/693/455 1737/3518/455
f 1729/3492/2522 1740/3515/2534 1733/3514/2533
f 1727/3490/455 375/693/455 1740/3516/455
f 1729/3492/2522 1727/3491/2521 1740/3515/2534
f 1738/3512/2531 1741/3519/2535 1743/3520/2536
f 1738/3512/2531 1737/3511/2530 1741/3519/2535
f 1735/3508/1773 1738/3513/2532 1742/3521/2532
f 1742/3521/2532 1738/3513/2532 1743/3522/1294
f 1743/3520/2536 1746/3523/2537 1744/3524/2538
f 1745/3525/2539 1743/3522/1294 1744/3526/2540
f 1742/3521/2532 1743/3522/1294 1745/3525/2539
f 1743/3520/2536 1741/3519/2535 1746/3523/2537
f 1744/3524/2538 1746/3523/2537 1747/3527/2541
f 1746/3528/455 1748/3529/455 1747/3530/455
f 1746/3528/455 1749/3531/455 1748/3529/455
f 1741/3532/455 1749/3531/455 1746/3528/455
f 1749/3533/2542 1752/3534/2543 1748/3535/2544
f 1741/3532/455 1750/3536/455 1749/3531/455
f 1750/3537/2545 1751/3538/2546 1749/3533/2542
f 1749/3533/2542 1751/3538/2546 1752/3534/2543
f 1753/3539/2547 1757/3540/2548 1752/3541/2549
f 1753/3539/2547 1752/3541/2549 1751/3542/2550
f 1752/3543/2551 1756/3544/570 1754/3545/586
f 1752/3543/2551 1754/3545/586 1751/3546/2552
f 1758/3547/2553 1752/3534/2554 1755/3548/2555
f 1755/3548/2555 1752/3534/2554 1751/3538/2546
f 1757/3549/2556 1756/3544/570 1752/3543/2551
f 1758/3547/2553 1757/3550/2557 1752/3534/2554
f 1748/3535/2544 1752/3534/2543 1757/3550/2557
f 1759/3551/2558 1757/3550/2557 1758/3547/2553
f 1758/3552/436 1745/3553/436 1759/3554/437
f 94/3505/437 1745/3553/436 1758/3552/436
f 1755/3555/436 94/3505/437 1758/3552/436
f 1759/3556/2558 1762/3557/2559 1757/3558/2557
f 1759/3554/437 1745/3553/436 1760/3559/437
f 1759/3554/437 1760/3559/437 1763/3560/436
f 1759/3554/437 1763/3560/436 1761/3561/436
f 1761/3562/2560 1762/3557/2559 1759/3556/2558
f 1763/3563/2561 1766/3564/2562 1764/3565/2563
f 1763/3563/2561 1764/3565/2563 1765/3566/2564
f 1761/3561/436 1763/3560/436 1765/3567/489
f 1760/3568/2565 1766/3564/2562 1763/3563/2561
f 1760/3568/2565 1744/3526/2540 1766/3564/2562
f 1744/3524/2538 1747/3527/2541 1766/3569/2566
f 1766/3569/2566 1747/3527/2541 1764/3570/2567
f 1765/3566/2564 1764/3565/2563 1768/3571/2568
f 1765/3566/2564 1768/3571/2568 1767/3572/2568
f 1769/3573/436 1765/3567/489 1767/3574/436
f 1761/3561/436 1765/3567/489 1769/3573/436
f 1772/3575/2569 1770/3576/2570 1769/3577/2571
f 1769/3577/2571 1770/3576/2570 1771/3578/2572
f 1769/3577/2571 1771/3578/2572 1761/3562/2560
f 1769/3573/436 1767/3574/436 1772/3579/489
f 1772/3575/2569 1775/3580/2573 1770/3576/2570
f 1772/3579/489 1767/3574/436 1773/3581/436
f 1772/3579/489 1773/3581/436 1774/3582/493
f 1774/3583/2574 1775/3580/2573 1772/3575/2569
f 1774/3583/2574 1776/3584/2575 1775/3580/2573
f 1776/3585/2576 1781/3586/2577 1775/3587/130
f 1777/3588/2578 1775/3580/2579 1776/3584/2575
f 1778/3589/2580 1776/3590/2581 1775/3591/2582
f 1777/3588/2578 1770/3576/2570 1775/3580/2579
f 1779/3592/2583 1778/3589/2580 1775/3591/2582
f 1780/3593/2584 1779/3592/2583 1775/3591/2582
f 1780/3593/2584 1775/3591/2582 1770/3594/2585
f 1775/3587/130 1781/3586/2577 1770/3595/2586
f 1776/3585/2576 1782/3596/475 1781/3586/2577
f 1783/3597/2587 1781/3598/2588 1782/3599/2589
f 1783/3597/2587 1784/3600/2590 1781/3598/2588
f 1781/3598/2588 1784/3600/2590 1785/3601/2591
f 1781/3598/2588 1785/3601/2591 1786/3602/2592
f 1770/3595/2586 1781/3586/2577 1786/3603/625
f 1786/3602/2592 1787/3604/2593 1788/3605/2594
f 1785/3601/2591 1787/3604/2593 1786/3602/2592
f 1771/3606/631 1786/3603/625 1788/3607/631
f 1770/3595/2586 1786/3603/625 1771/3606/631
f 1787/3604/2593 1790/3608/2595 1788/3605/2594
f 1771/3606/631 1788/3607/631 1762/3609/571
f 1762/3609/571 1788/3607/631 1789/3610/2596
f 1788/3605/2594 1790/3608/2595 1789/3611/2597
f 1792/3612/2598 1790/3608/2595 1787/3604/2593
f 1791/3613/2599 1790/3608/2595 1792/3612/2598
f 1791/3613/2599 1756/3614/2600 1790/3608/2595
f 1790/3608/2595 1756/3614/2600 1789/3611/2597
f 1792/3612/2598 1787/3604/2593 1793/3615/1768
f 1796/3616/2598 1791/3613/2599 1792/3612/2598
f 1793/3617/2601 1795/3618/2601 1792/3619/559
f 1792/3619/559 1795/3618/2601 1794/3620/561
f 1792/3619/559 1794/3620/561 1796/3621/564
f 1797/3622/2602 1791/3613/2599 1796/3616/2598
f 1798/3623/1768 1797/3622/2602 1796/3616/2598
f 1796/3621/564 1799/3624/2603 1798/3625/2604
f 1796/3621/564 1794/3620/561 1799/3624/2603
f 1794/3626/311 1800/3627/310 1799/3628/311
f 1798/3625/2604 1799/3624/2603 1801/3629/2605
f 1799/3628/311 1800/3627/310 1801/3630/311
f 1798/3625/2604 1801/3629/2605 1802/3631/2606
f 1801/3630/311 1800/3627/310 1803/3632/311
f 1802/3631/2606 1801/3629/2605 1803/3633/2606
f 1803/3632/311 1800/3627/310 1804/3634/311
f 1805/3635/1715 1803/3633/2606 1804/3636/2607
f 1802/3631/2606 1803/3633/2606 1805/3635/1715
f 1805/3637/1768 1807/3638/2608 1806/3639/2609
f 1805/3637/1768 1806/3639/2609 1802/3640/1768
f 1805/3637/1768 1808/3641/2610 1807/3638/2608
f 1809/3642/1768 1808/3641/2610 1805/3637/1768
f 1805/3635/1715 1804/3636/2607 1809/3643/541
f 1810/3644/1768 1808/3641/2610 1809/3642/1768
f 1809/3643/541 1811/3645/542 1810/3646/543
f 1809/3643/541 1804/3636/2607 1811/3645/542
f 1810/3646/543 1811/3645/542 1812/3647/543
f 1800/3627/310 1812/3648/311 1811/3649/311
f 1800/3627/310 1811/3649/311 1804/3634/311
f 1810/3646/543 1812/3647/543 1813/3650/544
f 1813/3650/544 1812/3647/543 1814/3651/2611
f 1812/3648/311 1800/3627/310 1814/3652/311
f 1814/3652/311 1800/3627/310 1815/3653/311
f 1816/3654/2612 1814/3651/2611 1815/3655/547
f 1813/3650/544 1814/3651/2611 1816/3654/2612
f 1816/3656/2598 1817/3657/2613 1813/3658/2614
f 1818/3659/1768 1817/3657/2613 1816/3656/2598
f 1816/3660/2612 1815/3661/547 1818/3662/548
f 1818/3659/1768 1819/3663/2615 1817/3657/2613
f 1818/3659/1768 1783/3597/2587 1819/3663/2615
f 1820/3664/1768 1783/3597/2587 1818/3659/1768
f 1818/3662/548 1821/3665/2616 1820/3666/2617
f 1818/3662/548 1815/3661/547 1821/3665/2616
f 1815/3653/311 1800/3627/310 1821/3667/311
f 1820/3666/2617 1821/3665/2616 1822/3668/2618
f 1821/3667/311 1800/3627/310 1822/3669/311
f 1820/3666/2617 1822/3668/2618 1824/3670/551
f 1822/3669/311 1800/3627/310 1823/3671/311
f 1824/3670/551 1822/3668/2618 1823/3672/551
f 1824/3673/1768 1784/3600/2590 1820/3664/1768
f 1824/3673/1768 1825/3674/1768 1784/3600/2590
f 1824/3670/551 1823/3672/551 1825/3675/2619
f 1784/3600/2590 1825/3674/1768 1785/3601/2591
f 1825/3674/1768 1787/3604/2593 1785/3601/2591
f 1787/3604/2593 1825/3674/1768 1793/3615/1768
f 1825/3675/2619 1826/3676/2620 1793/3617/2601
f 1825/3675/2619 1823/3672/551 1826/3676/2620
f 1793/3617/2601 1826/3676/2620 1795/3618/2601
f 1826/3677/311 1800/3627/310 1795/3677/311
f 1823/3671/311 1800/3627/310 1826/3677/311
f 1820/3664/1768 1784/3600/2590 1783/3597/2587
f 1819/3663/2615 1828/3678/2621 1827/3679/2622
f 1819/3663/2615 1827/3679/2622 1817/3657/2613
f 1819/3663/2615 1782/3599/2589 1828/3678/2621
f 1819/3663/2615 1783/3597/2587 1782/3599/2589
f 1829/3680/477 1827/3681/2623 1828/3682/477
f 1829/3680/477 1828/3682/477 1782/3596/475
f 1829/3680/477 1782/3596/475 1776/3585/2576
f 1834/3683/2624 1829/3684/2625 1830/3685/2626
f 1830/3685/2626 1829/3684/2625 1776/3584/2575
f 1829/3680/477 1833/3686/516 1827/3681/2623
f 1778/3589/2580 1829/3687/2627 1776/3590/2581
f 1831/3688/2628 1776/3584/2575 1829/3684/2629
f 1831/3688/2628 1829/3684/2629 1833/3689/2630
f 1778/3589/2580 1832/3690/2631 1829/3687/2627
f 1832/3690/2631 1833/3691/2632 1829/3687/2627
f 1834/3683/2624 1833/3689/2630 1829/3684/2625
f 1834/3692/436 1837/3693/436 1835/3694/489
f 1835/3695/2633 1833/3689/2630 1834/3683/2624
f 1830/3696/436 1836/3697/436 1834/3692/436
f 1834/3692/436 1836/3697/436 1837/3693/436
f 1835/3694/489 1837/3693/436 1838/3698/436
f 1837/3699/2634 1839/3700/2635 1838/3701/2635
f 1837/3699/2634 1840/3702/2636 1839/3700/2635
f 1836/3703/2637 1840/3702/2636 1837/3699/2634
f 1842/3704/2638 1841/3705/2639 1840/3706/2640
f 1840/3706/2640 1841/3705/2639 1839/3707/2641
f 1836/3703/2637 1842/3708/2637 1840/3702/2636
f 1842/3704/2638 1843/3709/2642 1841/3705/2639
f 1845/3710/2643 1843/3709/2642 1842/3704/2638
f 1844/3711/2644 1842/3708/2637 1836/3703/2637
f 1844/3711/2644 1845/3712/2645 1842/3708/2637
f 1845/3710/2643 1847/3713/2646 1846/3714/2647
f 1845/3710/2643 1846/3714/2647 1843/3709/2642
f 1848/3715/2648 1847/3713/2646 1845/3710/2643
f 1773/3716/2649 1848/3717/2649 1845/3712/2645
f 1773/3716/2649 1845/3712/2645 1844/3711/2644
f 1848/3715/2648 1849/3718/2650 1847/3713/2646
f 1767/3572/2568 1848/3717/2649 1773/3716/2649
f 1767/3572/2568 1768/3571/2568 1848/3717/2649
f 1768/3719/2651 1849/3718/2650 1848/3715/2648
f 1849/3720/455 1850/3721/455 1847/3722/455
f 1768/3719/2651 1852/3723/2652 1849/3718/2650
f 1849/3720/455 1851/3724/455 1850/3721/455
f 1852/3725/455 1851/3724/455 1849/3720/455
f 1852/3725/455 1853/3529/455 1851/3724/455
f 1747/3530/455 1853/3529/455 1852/3725/455
f 1764/3570/2567 1747/3527/2541 1852/3723/2652
f 1764/3570/2567 1852/3723/2652 1768/3719/2651
f 1853/3726/2653 1771/3578/2654 1851/3727/2655
f 1747/3530/455 1748/3529/455 1853/3529/455
f 1748/3728/2544 1762/3557/2656 1853/3726/2653
f 1853/3726/2653 1762/3557/2656 1771/3578/2654
f 1851/3727/2655 1770/3576/2570 1850/3729/2657
f 1851/3727/2655 1771/3578/2654 1770/3576/2570
f 1850/3729/2657 1770/3576/2570 1777/3588/2578
f 1847/3722/455 1850/3721/455 1777/3730/455
f 1847/3722/455 1777/3730/455 1846/3731/455
f 1846/3731/455 1777/3730/455 1854/3732/455
f 1846/3731/455 1854/3732/455 1843/3733/455
f 1854/3734/2658 1776/3584/2575 1831/3688/2628
f 1777/3588/2578 1776/3584/2575 1854/3734/2658
f 1843/3733/455 1854/3732/455 1831/3735/455
f 1830/3696/436 1844/3736/489 1836/3697/436
f 1774/3582/493 1773/3581/436 1844/3736/489
f 1774/3582/493 1844/3736/489 1830/3696/436
f 1843/3733/455 1831/3735/455 1841/3737/455
f 1841/3737/455 1831/3735/455 1855/3738/455
f 1841/3737/455 1855/3738/455 1856/3739/455
f 1839/3707/2641 1841/3705/2639 1856/3740/2659
f 1856/3739/455 1859/3738/455 1857/3741/455
f 1858/3742/2660 1856/3740/2659 1857/3743/2661
f 1839/3707/2641 1856/3740/2659 1858/3742/2660
f 1856/3739/455 1855/3738/455 1859/3738/455
f 1857/3741/455 1859/3738/455 1861/3744/455
f 1855/3745/2662 1860/3746/2663 1859/3747/2664
f 1859/3747/2664 1860/3746/2663 1861/3748/2665
f 1857/3741/455 1861/3744/455 1862/3749/455
f 1861/3748/2665 1860/3746/2663 1863/3750/2666
f 1862/3749/455 1861/3744/455 1864/3751/455
f 1861/3748/2665 1863/3750/2666 1865/3752/2667
f 1861/3748/2665 1865/3752/2667 1864/3753/2668
f 1866/3754/2669 1865/3752/2670 1863/3750/2666
f 1867/3755/2671 1865/3752/2670 1866/3754/2669
f 1867/3755/2671 1871/3756/2672 1865/3752/2670
f 1870/3757/2673 1868/3758/2674 1865/3759/2675
f 1868/3758/2674 1873/3760/2676 1865/3759/2675
f 1865/3761/510 1872/3762/2677 1869/3763/2678
f 1865/3761/510 1869/3763/2678 1863/3764/2679
f 1870/3757/2673 1865/3759/2675 1863/3765/2680
f 1864/3753/2668 1865/3752/2667 1871/3756/2681
f 1873/3760/2676 1871/3766/2682 1865/3759/2675
f 1871/3767/2677 1872/3762/2677 1865/3761/510
f 1873/3760/2676 1751/3542/2550 1871/3766/2682
f 1873/3760/2676 1874/3768/2683 1751/3542/2550
f 1873/3760/2676 1875/3769/2684 1874/3768/2683
f 1868/3758/2674 1875/3769/2684 1873/3760/2676
f 1875/3769/2684 1779/3592/2583 1780/3593/2584
f 1779/3592/2583 1875/3769/2684 1778/3589/2580
f 1832/3690/2631 1875/3769/2684 1878/3770/2685
f 1778/3589/2580 1875/3769/2684 1832/3690/2631
f 1875/3769/2684 1780/3593/2584 1876/3771/2686
f 1877/3772/2687 1875/3769/2684 1876/3771/2686
f 1880/3773/2688 1875/3769/2684 1877/3772/2687
f 1878/3770/2685 1875/3769/2684 1879/3774/2689
f 1870/3757/2673 1875/3769/2684 1868/3758/2674
f 1879/3774/2689 1875/3769/2684 1870/3757/2673
f 1874/3768/2683 1875/3769/2684 1753/3539/2547
f 1753/3539/2547 1875/3769/2684 1880/3773/2688
f 1753/3539/2547 1880/3773/2688 1757/3540/2548
f 1880/3773/2688 1762/3775/2690 1757/3540/2548
f 1877/3772/2687 1762/3775/2690 1880/3773/2688
f 1878/3770/2685 1879/3774/2689 1860/3776/2691
f 1879/3774/2689 1870/3757/2673 1860/3776/2691
f 1832/3690/2631 1878/3770/2685 1833/3691/2632
f 1878/3770/2685 1860/3776/2691 1833/3691/2632
f 1877/3772/2687 1876/3771/2686 1762/3775/2690
f 1876/3771/2686 1780/3593/2584 1771/3777/2692
f 1876/3771/2686 1771/3777/2692 1762/3775/2690
f 1874/3768/2683 1753/3539/2547 1751/3542/2550
f 1807/3638/2608 1872/3778/2693 1806/3639/2609
f 1806/3639/2609 1872/3778/2693 1881/3779/2694
f 1871/3767/2677 1881/3780/2695 1872/3762/2677
f 1808/3641/2610 1872/3778/2693 1807/3638/2608
f 1808/3641/2610 1869/3781/2696 1872/3778/2693
f 1751/3546/2552 1881/3780/2695 1871/3767/2677
f 1797/3622/2602 1881/3779/2694 1754/3782/2697
f 1751/3546/2552 1754/3545/586 1881/3780/2695
f 1806/3639/2609 1881/3779/2694 1797/3622/2602
f 1883/3783/2698 1871/3756/2681 1750/3537/2545
f 1750/3537/2545 1871/3756/2681 1751/3538/2546
f 1882/3784/2699 1751/3538/2546 1871/3756/2672
f 1882/3784/2699 1871/3756/2672 1867/3755/2671
f 1864/3753/2668 1871/3756/2681 1883/3783/2698
f 1750/3536/455 375/693/455 1883/3785/455
f 1883/3785/455 375/693/455 1884/3786/455
f 1864/3751/455 1883/3785/455 1884/3786/455
f 1887/3787/2700 1884/3788/2701 1885/3789/2702
f 1885/3789/2702 1884/3788/2701 1886/3790/2703
f 1884/3786/455 375/693/455 1886/3791/455
f 1887/3787/2700 1862/3792/2704 1884/3788/2701
f 1862/3749/455 1864/3751/455 1884/3786/455
f 1888/3793/2705 1887/3794/2706 1885/3795/2707
f 1887/3787/2700 1857/3743/2661 1862/3792/2704
f 1858/3742/2660 1857/3743/2661 1887/3787/2700
f 1889/3796/2708 1858/3797/2708 1887/3794/2706
f 1889/3796/2708 1887/3794/2706 1888/3793/2705
f 1866/3798/489 1889/3799/489 1888/3800/489
f 1838/3701/2635 1858/3797/2708 1889/3796/2708
f 1890/3801/489 1838/3698/436 1889/3799/489
f 1890/3801/489 1889/3799/489 1866/3798/489
f 1835/3694/489 1838/3698/436 1890/3801/489
f 1890/3802/2709 1860/3746/2663 1835/3695/2633
f 1866/3754/2669 1863/3750/2666 1890/3802/2709
f 1890/3802/2709 1863/3750/2666 1860/3746/2663
f 1888/3793/2705 1885/3795/2707 1891/3803/2710
f 1866/3798/489 1888/3800/489 1891/3804/437
f 94/3505/437 1891/3804/437 1892/3805/493
f 1891/3803/2710 1893/3806/2711 1892/3807/2712
f 1891/3804/437 94/3505/437 1882/3808/493
f 1891/3803/2710 1885/3795/2707 1893/3806/2711
f 1866/3798/489 1891/3804/437 1867/3809/436
f 1867/3809/436 1891/3804/437 1882/3808/493
f 1893/3810/2713 1886/3790/2703 1894/3811/2714
f 1893/3810/2713 1894/3811/2714 1895/3812/2715
f 1892/3807/2712 1893/3806/2711 1895/3813/2716
f 1885/3789/2702 1886/3790/2703 1893/3810/2713
f 1895/3813/2716 1899/3814/2717 1896/3815/2718
f 1898/3816/2719 1895/3813/2716 1896/3815/2718
f 1895/3812/2715 1897/3817/2720 1899/3818/2720
f 1895/3812/2715 1894/3811/2714 1897/3817/2720
f 1892/3807/2712 1895/3813/2716 1898/3816/2719
f 1899/3819/2721 1900/3820/2722 1896/3821/2723
f 1897/3822/2724 1900/3820/2722 1899/3819/2721
f 1905/3823/2725 1900/3824/2726 1901/3825/2727
f 1901/3825/2727 1900/3824/2726 1902/3826/2725
f 1900/3824/2726 1903/3827/2725 1902/3826/2725
f 1900/3824/2726 1904/3828/2725 1903/3827/2725
f 1897/3822/2724 1904/3829/2728 1900/3820/2722
f 1908/3830/2726 1900/3824/2726 1905/3823/2725
f 1906/3831/429 1896/3832/428 1900/3833/426
f 1906/3831/429 1900/3833/426 1907/3834/132
f 1908/3830/2726 1907/3835/2725 1900/3824/2726
f 1909/3836/2725 1907/3835/2725 1908/3830/2726
f 361/3837/311 1909/3838/311 1908/3839/311
f 1905/3840/2729 1911/3841/2730 1908/3842/2731
f 361/3837/311 1908/3839/311 363/3843/311
f 363/3843/311 1908/3839/311 1910/3844/310
f 1910/3844/310 1908/3839/311 1911/3845/311
f 1901/3846/2732 1912/3847/2733 1911/3841/2730
f 1913/3848/311 1911/3845/311 1912/3849/311
f 1910/3844/310 1911/3845/311 1913/3848/311
f 1901/3846/2732 1911/3841/2730 1905/3840/2729
f 1913/3850/2734 1914/3851/2735 1910/3852/2736
f 1916/3853/2737 1914/3851/2735 1913/3850/2734
f 1913/3848/311 1912/3849/311 1915/3854/311
f 1913/3848/311 1915/3854/311 1916/3855/311
f 1916/3855/311 1915/3854/311 1917/3856/2738
f 1916/3855/311 1917/3856/2738 1918/3857/2738
f 1918/3858/2739 1919/3859/2740 1916/3853/2737
f 1916/3853/2737 1919/3859/2740 1914/3851/2735
f 1929/3860/2741 1919/3861/434 1920/3862/2742
f 1920/3862/2742 1919/3861/434 1921/3863/2743
f 1921/3863/2743 1919/3861/434 1923/3864/2743
f 1922/3865/2741 1919/3861/434 1929/3860/2741
f 1922/3865/2741 1914/3866/2741 1919/3861/434
f 1923/3864/2743 1919/3861/434 1924/3867/2744
f 1924/3867/2744 1919/3861/434 1925/3868/2741
f 1925/3868/2741 1919/3861/434 1926/3869/2745
f 1926/3869/2745 1919/3861/434 1927/3870/2746
f 1927/3870/2746 1919/3861/434 1928/3871/2747
f 1918/3858/2739 1928/3872/2748 1919/3859/2740
f 1930/3873/2749 1932/3874/2750 1929/3875/2751
f 1930/3873/2749 1929/3875/2751 1931/3876/2752
f 1931/3877/2742 1929/3860/2741 1920/3862/2742
f 1932/3878/2753 1922/3879/2754 1929/3880/2754
f 1932/3878/2753 1933/3881/2754 1922/3879/2754
f 1932/3878/2753 1934/3882/2754 1933/3881/2754
f 1935/3883/2754 1934/3882/2754 1932/3878/2753
f 1936/3884/2755 1935/3885/2755 1932/3874/2750
f 1936/3884/2755 1932/3874/2750 1930/3873/2749
f 1937/3886/2756 1935/3885/2755 1936/3884/2755
f 1936/3887/455 1938/3888/2757 1937/3889/455
f 1930/3890/455 1938/3888/2757 1936/3887/455
f 1942/3891/455 1938/3888/2757 1939/3892/455
f 1940/3893/2758 1939/3894/2759 1938/3895/2760
f 1940/3893/2758 1938/3895/2760 1941/3896/2761
f 1931/3897/455 1941/3898/2762 1938/3888/2757
f 1943/3899/455 1938/3888/2757 1942/3891/455
f 1944/3900/455 1938/3888/2757 1943/3899/455
f 1945/3901/455 1938/3888/2757 1944/3900/455
f 1937/3889/455 1938/3888/2757 1945/3901/455
f 1931/3897/455 1938/3888/2757 1930/3890/455
f 1945/3902/2763 1944/3903/2764 1947/3904/2763
f 1937/3905/551 1945/3906/551 1946/3907/551
f 1946/3907/551 1945/3906/551 1947/3908/551
f 1947/3904/2763 1944/3903/2764 1934/3909/2764
f 1946/3910/2754 1947/3911/2754 1934/3882/2754
f 1946/3912/2756 1935/3885/2755 1937/3886/2756
f 1946/3910/2754 1934/3882/2754 1935/3883/2754
f 1934/3909/2764 1944/3903/2764 1943/3913/2765
f 1934/3909/2764 1943/3913/2765 1933/3914/2765
f 1933/3914/2765 1943/3913/2765 1942/3915/2766
f 1942/3891/455 1939/3892/455 373/690/454
f 1942/3916/2767 364/665/434 1922/3865/2741
f 373/3917/2767 364/665/434 1942/3916/2767
f 1933/3914/2765 1942/3915/2766 1922/3918/2766
f 1948/3919/2768 1940/3893/2758 1941/3896/2761
f 1948/3919/2768 1941/3896/2761 1949/3920/2769
f 1941/3898/2762 1931/3897/455 1920/3921/2770
f 1941/3898/2762 1920/3921/2770 1921/3922/2771
f 1941/3898/2762 1921/3922/2771 1949/3923/2772
f 1951/3924/2773 1949/3920/2769 1950/3925/2774
f 1949/3923/2772 1923/3926/2775 1950/3927/2776
f 1949/3923/2772 1921/3922/2771 1923/3926/2775
f 1948/3919/2768 1949/3920/2769 1951/3924/2773
f 1951/3924/2773 1950/3925/2774 1953/3928/2774
f 1952/3929/2777 1951/3930/2778 1954/3931/2778
f 1952/3929/2777 1948/3932/2779 1951/3930/2778
f 1954/3931/2778 1951/3930/2778 1953/3933/2780
f 1955/3934/700 1952/3935/700 1954/3936/700
f 1955/3934/700 1954/3936/700 1956/3937/700
f 1956/3937/700 1954/3936/700 1957/3938/700
f 1954/3931/2778 1953/3933/2780 1957/3939/2781
f 1956/3937/700 1957/3938/700 1958/3940/700
f 1957/3939/2781 1959/3941/2782 1958/3942/2783
f 1957/3939/2781 1953/3933/2780 1959/3941/2782
f 1961/3943/835 1960/3944/2784 1959/3945/835
f 1960/3946/2785 1956/3947/2786 1959/3948/2787
f 1959/3948/2787 1956/3947/2786 1958/3949/2788
f 1953/3928/2774 1961/3950/835 1959/3951/835
f 1962/3952/2784 1960/3944/2784 1961/3943/835
f 1953/3928/2774 1950/3925/2774 1961/3950/835
f 1950/3927/2776 1924/3953/2789 1961/3954/2790
f 1924/3953/2789 1963/3955/2791 1961/3954/2790
f 1961/3954/2790 1963/3955/2791 1962/3956/2792
f 1964/3957/2793 1963/3958/2725 1966/3959/2726
f 1964/3957/2793 1965/3960/2725 1963/3958/2725
f 1925/3961/2794 1963/3955/2791 1924/3953/2789
f 1925/3961/2794 1966/3962/2794 1963/3955/2791
f 1962/3956/2792 1963/3955/2791 1965/3963/2795
f 1964/3957/2793 1966/3959/2726 1967/3964/2727
f 1925/3961/2794 1968/3965/2796 1966/3962/2794
f 1967/3964/2727 1966/3959/2726 1968/3966/130
f 1968/3967/700 1926/3968/700 1967/3969/700
f 1968/3967/700 1969/3970/700 1926/3968/700
f 1969/3971/2796 1968/3965/2796 1925/3961/2794
f 1925/3868/2741 1926/3869/2745 1969/3972/2742
f 1967/3969/700 1926/3968/700 1970/3973/700
f 1964/3957/2793 1967/3964/2727 1970/3974/2797
f 1971/3975/2798 1970/3974/2797 1972/3976/2799
f 1964/3957/2793 1970/3974/2797 1971/3975/2798
f 1970/3973/700 1973/3977/700 1972/3978/700
f 1970/3973/700 1927/3979/700 1973/3977/700
f 1970/3973/700 1926/3968/700 1927/3979/700
f 1927/3870/2746 1928/3871/2747 1973/3980/2800
f 1973/3980/2800 1928/3871/2747 1975/3981/2801
f 1974/3982/700 1973/3977/700 1952/3935/700
f 1973/3980/2800 1948/3932/2779 1952/3929/2777
f 1972/3978/700 1973/3977/700 1974/3982/700
f 1973/3980/2800 1975/3981/2801 1948/3932/2779
f 1976/3983/2802 1975/3984/2802 1928/3872/2748
f 1976/3983/2802 1977/3985/2803 1975/3984/2802
f 1977/3986/2804 1978/3987/2805 1975/3981/2801
f 1975/3981/2801 1978/3987/2805 1948/3932/2779
f 1981/3988/2806 1978/3989/2807 1979/3990/2808
f 1977/3986/2804 1979/3991/2809 1978/3987/2805
f 1980/3992/2810 1948/3919/2768 1978/3989/2807
f 1981/3988/2806 1980/3992/2810 1978/3989/2807
f 1982/3993/2811 1981/3988/2806 1979/3990/2808
f 1981/3988/2806 1983/3994/2812 1980/3992/2810
f 1984/3995/2813 1981/3988/2806 1982/3993/2811
f 1984/3995/2813 1983/3994/2812 1981/3988/2806
f 1984/3995/2813 1982/3993/2811 1986/3996/455
f 1988/3997/2814 1983/3994/2812 1984/3995/2813
f 1987/3998/2815 1984/3995/2813 1985/3999/2816
f 1984/3995/2813 1986/3996/455 1985/3999/2816
f 1987/3998/2815 1988/3997/2814 1984/3995/2813
f 1991/4000/2817 1983/3994/2812 1988/3997/2814
f 1989/4001/2818 1988/3997/2814 1987/3998/2815
f 1990/4002/2819 1988/3997/2814 1989/4001/2818
f 1990/4002/2819 1991/4000/2817 1988/3997/2814
f 1991/4000/2817 1993/4003/2820 1983/3994/2812
f 1990/4002/2819 1992/4004/2821 1991/4000/2817
f 1992/4004/2821 1993/4003/2820 1991/4000/2817
f 1993/4003/2820 1994/4005/2822 1980/3992/2810
f 1992/4004/2821 1994/4005/2822 1993/4003/2820
f 1983/3994/2812 1993/4003/2820 1980/3992/2810
f 1994/4005/2822 1995/4006/2823 1939/3894/2759
f 1994/4005/2822 1992/4004/2821 1995/4006/2823
f 1940/3893/2758 1994/4005/2822 1939/3894/2759
f 1980/3992/2810 1994/4005/2822 1940/3893/2758
f 1995/4006/2823 1996/4007/2824 1939/3894/2759
f 1995/4006/2823 1997/4008/2825 1996/4007/2824
f 1995/4006/2823 1998/4009/2826 1997/4008/2825
f 1995/4006/2823 1992/4004/2821 1998/4009/2826
f 1999/4010/2827 376/4011/2828 1998/4009/2826
f 1998/4009/2826 1992/4004/2821 1999/4010/2827
f 1998/4009/2826 376/4011/2828 1997/4008/2825
f 1999/4010/2827 1992/4004/2821 1990/4002/2819
f 1999/4010/2827 1990/4002/2819 2000/4012/2829
f 1999/4010/2827 2000/4012/2829 376/4011/2828
f 1990/4002/2819 2001/4013/2830 2000/4012/2829
f 2000/4012/2829 2001/4013/2830 2003/4014/2831
f 2000/4012/2829 2002/4015/2832 376/4011/2828
f 2000/4012/2829 2003/4014/2831 2002/4015/2832
f 2003/4014/2831 2004/4016/2833 2002/4015/2832
f 2001/4013/2830 2004/4016/2833 2003/4014/2831
f 2004/4016/2833 2007/4017/2834 2005/4018/2835
f 2002/4015/2832 2004/4016/2833 2005/4018/2835
f 2006/4019/2836 2004/4016/2833 2001/4013/2830
f 2006/4019/2836 2007/4017/2834 2004/4016/2833
f 2006/4019/2836 2008/4020/2837 2007/4017/2834
f 2007/4017/2834 2008/4020/2837 2009/4021/2838
f 2007/4017/2834 2009/4021/2838 2010/4022/2839
f 2005/4018/2835 2007/4017/2834 2010/4022/2839
f 2009/4021/2838 2011/4023/2840 2010/4022/2839
f 1904/4024/2816 2005/4025/455 2010/4026/455
f 1904/4024/2816 2010/4026/455 2012/4027/455
f 2010/4022/2839 2011/4023/2840 2012/4028/2841
f 2012/4028/2841 2013/4029/2842 2014/4030/2843
f 2011/4023/2840 2013/4029/2842 2012/4028/2841
f 1904/4024/2816 2012/4027/455 2014/4031/455
f 1904/4024/2816 2014/4031/455 1903/4032/455
f 1903/4032/455 2014/4031/455 2015/4033/2757
f 2014/4030/2843 2016/4034/2844 2015/4035/2845
f 2013/4029/2842 2016/4034/2844 2014/4030/2843
f 2016/4034/2844 2018/4036/2846 2017/4037/2847
f 2015/4035/2845 2016/4034/2844 2017/4037/2847
f 2016/4034/2844 2019/4038/2848 2018/4036/2846
f 2013/4029/2842 2020/4039/2849 2016/4034/2844
f 2020/4039/2849 2019/4038/2848 2016/4034/2844
f 2020/4039/2849 2021/4040/2850 2019/4038/2848
f 2008/4020/2837 2020/4039/2849 2013/4029/2842
f 2022/4041/2851 2021/4040/2850 2020/4039/2849
f 2023/4042/2852 2022/4041/2851 2020/4039/2849
f 2023/4042/2852 2020/4039/2849 2008/4020/2837
f 2006/4019/2836 2023/4042/2852 2008/4020/2837
f 2006/4019/2836 2024/4043/2853 2023/4042/2852
f 2023/4042/2852 2024/4043/2853 2022/4041/2851
f 2027/4044/2854 2025/4045/2855 2024/4043/2853
f 2024/4043/2853 2025/4045/2855 2022/4041/2851
f 2026/4046/2856 2024/4043/2853 2006/4019/2836
f 2027/4044/2854 2024/4043/2853 2026/4046/2856
f 2027/4044/2854 2026/4046/2856 2028/4047/2857
f 1985/3999/2816 2027/4044/2854 2028/4047/2857
f 2025/4045/2855 2027/4044/2854 1985/3999/2816
f 1989/4001/2818 2028/4047/2857 2029/4048/2858
f 1989/4001/2818 1987/3998/2815 2028/4047/2857
f 2028/4047/2857 2026/4046/2856 2029/4048/2858
f 1987/3998/2815 1985/3999/2816 2028/4047/2857
f 1990/4002/2819 1989/4001/2818 2029/4048/2858
f 1990/4002/2819 2029/4048/2858 2001/4013/2830
f 2029/4048/2858 2006/4019/2836 2001/4013/2830
f 2026/4046/2856 2006/4019/2836 2029/4048/2858
f 2022/4041/2851 2025/4045/2855 2021/4040/2850
f 2021/4040/2850 2025/4045/2855 2030/4049/2859
f 2030/4049/2859 2025/4045/2855 1986/3996/455
f 1986/3996/455 2025/4045/2855 1985/3999/2816
f 2031/4050/2860 2030/4049/2859 2032/4051/2861
f 2021/4040/2850 2030/4049/2859 2031/4050/2860
f 2032/4051/2861 2030/4049/2859 1986/3996/455
f 2032/4052/2862 2033/4053/2863 2031/4054/2864
f 2032/4052/2862 2034/4055/2865 2033/4053/2863
f 2035/4056/2866 2034/4055/2865 2032/4052/2862
f 2032/4051/2861 1986/3996/455 2035/4057/2757
f 2038/4058/2867 2035/4059/2868 2036/4060/2869
f 1986/3996/455 2036/4061/2870 2035/4057/2757
f 2034/4055/2865 2035/4056/2866 2037/4062/2871
f 2037/4063/2868 2035/4059/2868 2038/4058/2867
f 2038/4064/2872 2033/4065/2873 2034/4066/2874
f 2039/4067/2873 2033/4065/2873 2038/4064/2872
f 2038/4058/2867 2036/4060/2869 2039/4068/2875
f 2038/4064/2872 2034/4066/2874 2037/4069/2876
f 1976/3983/2802 2039/4070/2739 1977/3985/2803
f 2040/4071/2802 2039/4070/2739 1976/3983/2802
f 2040/4072/2877 2033/4065/2873 2039/4067/2873
f 2039/4068/2875 1979/3991/2809 1977/3986/2804
f 2039/4068/2875 2036/4060/2869 1979/3991/2809
f 1976/4073/2878 2042/4074/2879 2040/4075/311
f 2033/4065/2873 2040/4072/2877 2041/4076/2877
f 2040/4075/311 2042/4074/2879 2041/4077/311
f 1976/4073/2878 1917/3856/2738 2042/4074/2879
f 1971/4078/2732 2042/4079/2732 1917/4080/2880
f 2043/4081/2881 2042/4079/2732 1971/4078/2732
f 2044/4082/2882 2042/4079/2732 2043/4081/2881
f 2033/4083/2732 2042/4079/2732 2044/4082/2882
f 2041/4084/2883 2042/4079/2732 2033/4083/2732
f 2045/4085/2884 2044/4086/2885 2043/4087/2886
f 2031/4054/2864 2044/4086/2885 2045/4085/2884
f 2031/4054/2864 2033/4053/2863 2044/4086/2885
f 2045/4085/2884 2043/4087/2886 2018/4088/2887
f 2018/4036/2846 2019/4038/2848 2045/4089/2888
f 2045/4089/2888 2021/4040/2850 2031/4050/2860
f 2019/4038/2848 2021/4040/2850 2045/4089/2888
f 1971/3975/2798 1972/3976/2799 2043/4087/2886
f 2043/4087/2886 1972/3976/2799 2018/4088/2887
f 1982/3993/2811 1979/3990/2808 2036/4061/2870
f 1986/3996/455 1982/3993/2811 2036/4061/2870
f 2018/4088/2887 1972/3976/2799 1974/4090/2889
f 2018/4088/2887 1974/4090/2889 2046/4091/2890
f 2047/4092/2891 2018/4036/2846 2046/4093/2892
f 2017/4037/2847 2018/4036/2846 2047/4092/2891
f 2047/4092/2891 2046/4093/2892 1962/3952/2784
f 1962/3956/2792 1965/3963/2795 2047/4094/2893
f 2047/4094/2893 1965/3963/2795 2048/4095/2894
f 2047/4094/2893 2048/4095/2894 2017/4096/2762
f 1964/3957/2793 2048/4097/2725 1965/3960/2725
f 1964/3957/2793 2049/4098/2727 2048/4097/2725
f 2017/4096/2762 2048/4095/2894 2049/4099/2762
f 2051/4100/130 2050/4101/2725 2049/4098/2727
f 2050/4102/455 2017/4096/2762 2049/4099/2762
f 1964/3957/2793 2051/4100/130 2049/4098/2727
f 2052/4103/2895 2050/4104/2896 2051/4105/2897
f 1902/4106/2898 2052/4107/2899 2051/4108/2898
f 1964/3957/2793 1902/3826/2725 2051/4100/130
f 2052/4103/2895 2056/4109/2900 2050/4104/2896
f 2054/4110/2899 2052/4107/2899 1902/4106/2898
f 2053/4111/2899 2055/4112/2899 2052/4107/2899
f 2053/4111/2899 2052/4107/2899 2054/4110/2899
f 2055/4113/2901 2056/4109/2900 2052/4103/2895
f 2056/4114/455 2015/4033/2757 2050/4102/455
f 2055/4113/2901 2057/4115/2901 2056/4109/2900
f 2057/4116/455 2015/4033/2757 2056/4114/455
f 2058/4117/2902 2057/4115/2901 2055/4113/2901
f 2059/4118/2903 2057/4115/2901 2058/4117/2902
f 2059/4119/455 2015/4033/2757 2057/4116/455
f 2060/4120/1715 2059/4121/1715 2058/4122/1715
f 2061/4123/1715 2059/4121/1715 2060/4120/1715
f 2061/4124/455 2015/4033/2757 2059/4119/455
f 2060/4125/2904 2053/4126/2905 2061/4127/2906
f 2062/4128/455 2015/4033/2757 2061/4124/455
f 2061/4127/2906 2053/4126/2905 2062/4129/2905
f 2062/4129/2905 2054/4130/2907 2063/4131/2908
f 2063/4132/455 2015/4033/2757 2062/4128/455
f 2062/4129/2905 2053/4126/2905 2054/4130/2907
f 2063/4131/2908 2054/4130/2907 1902/4133/2909
f 2063/4131/2908 1902/4133/2909 1903/4134/2910
f 1903/4032/455 2015/4033/2757 2063/4132/455
f 2053/4111/2899 2060/4135/2899 2058/4136/2899
f 2053/4111/2899 2058/4136/2899 2055/4112/2899
f 2050/4102/455 2015/4033/2757 2017/4096/2762
f 2046/4091/2890 1974/4090/2889 1955/4137/2890
f 2046/4091/2890 1955/4137/2890 1960/3946/2785
f 1962/3952/2784 2046/4093/2892 1960/3944/2784
f 2011/4023/2840 2008/4020/2837 2013/4029/2842
f 2009/4021/2838 2008/4020/2837 2011/4023/2840
f 375/693/455 2002/4138/455 2005/4025/455
f 1894/4139/455 2005/4025/455 1904/4024/2816
f 1894/4139/455 375/693/455 2005/4025/455
f 375/693/455 376/695/455 2002/4138/455
f 373/690/454 1997/4140/455 376/695/455
f 373/690/454 1996/4141/455 1997/4140/455
f 373/690/454 1939/3892/455 1996/4141/455
f 1980/3992/2810 1940/3893/2758 1948/3919/2768
f 1976/3983/2802 1928/3872/2748 1918/3858/2739
f 1918/3857/2738 1917/3856/2738 1976/4073/2878
f 1974/3982/700 1952/3935/700 1955/3934/700
f 1971/4078/2732 1917/4080/2880 1964/4142/2911
f 1964/4142/2911 1915/4143/2912 1901/3846/2732
f 1964/4142/2911 1917/4080/2880 1915/4143/2912
f 1901/3825/2727 1902/3826/2725 1964/3957/2793
f 1960/3946/2785 1955/4137/2890 1956/3947/2786
f 1923/3926/2775 1924/3953/2789 1950/3927/2776
f 1922/3865/2741 364/665/434 1914/3866/2741
f 1901/3846/2732 1915/4143/2912 1912/3847/2733
f 364/665/434 2064/4144/435 1914/3866/2741
f 1910/3852/2736 1914/3851/2735 2064/4145/2913
f 364/665/434 363/664/434 2064/4144/435
f 1910/3852/2736 2064/4145/2913 363/4146/2914
f 361/3837/311 2066/4147/311 1909/3838/311
f 2065/4148/2915 1909/4149/2916 2067/4150/2917
f 2065/4148/2915 1907/4151/2918 1909/4149/2916
f 2066/4147/311 2067/4152/311 1909/3838/311
f 2067/4153/365 2068/4154/2919 2069/4155/365
f 2066/4156/2919 2068/4154/2919 2067/4153/365
f 2065/4148/2915 2067/4150/2917 2069/4157/2920
f 2068/4158/2921 2070/4159/2922 2069/4160/2923
f 2069/4160/2923 2070/4159/2922 2065/4161/2924
f 2073/4162/2925 2070/4163/2926 2071/4164/2927
f 2070/4165/134 123/195/134 2071/4166/258
f 2065/4167/2928 2070/4163/2926 2072/4168/2929
f 2072/4168/2929 2070/4163/2926 1906/4169/2930
f 1906/4169/2930 2070/4163/2926 2073/4162/2925
f 2068/4158/2921 123/4170/2931 2070/4159/2922
f 2073/4162/2925 2071/4164/2927 95/189/131
f 2073/4171/436 2074/4172/437 1906/4173/2932
f 2073/4171/436 1898/4174/436 2074/4172/437
f 2075/4175/436 1898/4174/436 2073/4171/436
f 2073/4162/2925 95/189/131 2075/4176/131
f 2075/4176/131 95/189/131 94/188/130
f 94/3505/437 1898/4174/436 2075/4175/436
f 2074/4177/132 1896/3832/428 1906/3831/429
f 1898/3816/2719 1896/3815/2718 2074/4178/2933
f 1907/4151/2918 2065/4148/2915 2072/4179/2934
f 1906/3831/429 1907/3834/132 2072/4180/132
f 2071/4166/258 123/195/134 95/194/133
f 2076/4181/2935 119/4182/2936 2068/4158/2921
f 2077/4183/2937 2076/4184/2938 2068/4154/2919
f 2068/4158/2921 119/4182/2936 123/4170/2931
f 2077/4183/2937 2068/4154/2919 2066/4156/2919
f 2078/4185/310 2079/4186/311 2077/4187/311
f 2078/4185/310 2077/4187/311 2080/4188/311
f 2079/4189/2939 2076/4184/2938 2077/4183/2937
f 2081/4190/311 2077/4187/311 2066/4147/311
f 2080/4188/311 2077/4187/311 2081/4190/311
f 2081/4191/2940 2082/4192/2941 2083/4193/2942
f 2084/4194/2943 2082/4192/2941 2081/4191/2940
f 2081/4191/2940 2083/4193/2942 2080/4195/2942
f 2081/4190/311 2066/4147/311 2084/4196/311
f 2084/4194/2943 2085/4197/2944 2082/4192/2941
f 2086/4198/2945 2085/4197/2944 2084/4194/2943
f 2084/4196/311 2066/4147/311 2086/4199/311
f 2087/4200/2946 2088/4201/2947 2086/4198/2945
f 2086/4199/311 2066/4147/311 2087/4202/311
f 2086/4198/2945 2088/4201/2947 2089/4203/2945
f 2086/4198/2945 2089/4203/2945 2085/4197/2944
f 2088/4204/430 2091/4205/430 2089/4206/2948
f 2089/4206/2948 2090/4207/2949 2092/4208/2950
f 2089/4206/2948 2091/4205/430 2090/4207/2949
f 2089/4206/2948 2092/4208/2950 2085/4209/2951
f 2092/4210/2952 180/4211/2953 179/4212/2954
f 2092/4210/2952 179/4212/2954 156/279/167
f 2085/4209/2951 2092/4208/2950 156/275/164
f 2090/4213/2955 180/4211/2953 2092/4210/2952
f 2091/4214/2754 181/4215/2956 2090/4213/2955
f 2091/4214/2754 185/4216/2754 181/4215/2956
f 2091/4214/2754 186/4217/2957 185/4216/2754
f 2093/4218/2958 186/4217/2957 2091/4214/2754
f 2094/4219/2959 2093/4220/2960 2091/4205/430
f 2094/4219/2959 2091/4205/430 2088/4204/430
f 2094/4219/2959 198/4221/2961 2093/4220/2960
f 2095/4222/2962 198/4221/2961 2094/4219/2959
f 2096/4223/2963 2095/4224/2964 2094/4225/2965
f 2096/4223/2963 2094/4225/2965 2088/4201/2947
f 265/481/312 2095/4224/2964 2096/4223/2963
f 266/478/310 265/480/311 2096/4226/311
f 266/478/310 2096/4226/311 2087/4202/311
f 2096/4223/2963 2088/4201/2947 2087/4200/2946
f 2095/4222/2962 199/358/232 198/4221/2961
f 2095/4222/2962 202/356/230 199/358/232
f 265/481/312 263/477/309 2095/4224/2964
f 263/472/304 202/356/230 2095/4222/2962
f 2093/4218/2958 188/349/224 186/4217/2957
f 198/348/223 188/349/224 2093/4218/2958
f 2090/4213/2955 181/4215/2956 180/4211/2953
f 2066/4147/311 266/478/310 2087/4202/311
f 2085/4209/2951 155/277/166 2082/4227/2966
f 2085/4209/2951 156/275/164 155/277/166
f 2082/4227/2966 2099/4228/2967 2083/4229/2968
f 2083/4229/2968 2097/4230/2969 2098/4231/2970
f 2083/4229/2968 2099/4228/2967 2097/4230/2969
f 2080/4195/2942 2083/4193/2942 2098/4232/2971
f 2082/4227/2966 155/277/166 2099/4228/2967
f 2100/4233/161 2099/4234/161 155/274/161
f 2101/4235/161 2099/4234/161 2100/4233/161
f 2102/4236/161 2099/4234/161 2101/4235/161
f 2102/4236/161 2097/4237/163 2099/4234/161
f 2104/4238/161 2097/4237/163 2102/4236/161
f 2102/4239/2972 2103/4240/2973 2104/4241/2974
f 2102/4239/2972 2105/4242/2975 2103/4240/2973
f 2101/4243/2976 2105/4242/2975 2102/4239/2972
f 2100/4244/2977 2106/4245/2978 2105/4242/2975
f 2100/4244/2977 2105/4242/2975 2101/4243/2976
f 2106/4246/2979 2108/4247/2980 2105/4248/2980
f 2105/4248/2980 2107/4249/2981 2103/4250/2981
f 2105/4248/2980 2108/4247/2980 2107/4249/2981
f 2109/4251/2982 122/4252/2983 2108/4253/2984
f 2108/4253/2984 122/4252/2983 120/4254/2985
f 2108/4253/2984 120/4254/2985 2107/4255/2986
f 2106/4246/2979 2109/4256/2987 2108/4247/2980
f 2109/4251/2982 128/4257/2988 122/4252/2983
f 2110/4258/2989 128/4257/2988 2109/4251/2982
f 2111/4259/2990 2110/4260/2991 2109/4256/2987
f 2111/4259/2990 2109/4256/2987 2106/4246/2979
f 2112/4261/2992 2110/4260/2991 2111/4259/2990
f 2113/4262/2993 2112/4263/2994 2111/4264/2995
f 2111/4264/2995 2100/4244/2977 2113/4262/2993
f 2100/4244/2977 2111/4264/2995 2106/4245/2978
f 2113/4265/161 155/274/161 154/273/161
f 154/4266/2996 2112/4263/2994 2113/4262/2993
f 2100/4233/161 155/274/161 2113/4265/161
f 2112/4261/2992 2114/4267/2997 2110/4260/2991
f 149/262/154 2114/4267/2997 2112/4261/2992
f 154/4266/2996 149/267/159 2112/4263/2994
f 2114/4268/2998 129/4269/2999 2110/4258/2989
f 2114/4268/2998 130/254/147 129/4269/2999
f 144/253/146 130/254/147 2114/4268/2998
f 149/262/154 144/261/154 2114/4267/2997
f 2110/4258/2989 129/4269/2999 128/4257/2988
f 2107/4255/2986 120/4254/2985 121/4270/3000
f 2107/4255/2986 121/4270/3000 2115/4271/3001
f 2103/4250/2981 2107/4249/2981 2115/4272/3002
f 2115/4271/3001 121/4270/3000 2118/4273/3003
f 2103/4250/2981 2115/4272/3002 2116/4274/3004
f 2116/4274/3004 2115/4272/3002 2117/4275/3005
f 2115/4271/3001 2118/4273/3003 2117/4276/3006
f 2117/4276/3006 2118/4273/3003 2120/4277/3007
f 2119/4278/258 2118/4279/258 126/222/134
f 2119/4278/258 2120/4280/136 2118/4279/258
f 126/222/134 2118/4279/258 121/228/136
f 2117/4276/3006 2120/4277/3007 2124/4281/2566
f 2121/4282/136 2120/4280/136 2119/4278/258
f 2121/4282/136 2122/4283/136 2120/4280/136
f 2123/4284/3008 2120/4277/3007 2122/4285/3009
f 2124/4281/2566 2120/4277/3007 2123/4284/3008
f 2126/4286/3010 2124/4287/3011 2123/4288/3012
f 2125/4289/3013 2117/4275/3005 2124/4287/3011
f 2125/4289/3013 2124/4287/3011 2126/4286/3010
f 2126/4286/3010 2123/4288/3012 2127/4290/3014
f 2128/4291/3015 2125/4292/3016 2126/4293/3017
f 2128/4291/3015 2126/4293/3017 2127/4294/3018
f 2129/4295/3019 2125/4292/3016 2128/4291/3015
f 2128/4296/161 2130/4297/161 2129/4298/161
f 2128/4296/161 2131/4299/161 2130/4297/161
f 2132/4300/161 2131/4299/161 2128/4296/161
f 2128/4291/3015 2127/4294/3018 2132/4301/3020
f 2132/4300/161 2133/4302/161 2131/4299/161
f 2134/4303/161 2133/4302/161 2132/4300/161
f 2132/4301/3020 2127/4294/3018 2134/4304/3021
f 2136/4305/161 2135/4306/161 2134/4303/161
f 2134/4303/161 2135/4306/161 2133/4302/161
f 2134/4304/3021 2127/4294/3018 2137/4307/3022
f 2134/4304/3021 2137/4307/3022 2136/4308/3023
f 2136/4308/3023 2137/4307/3022 2138/4309/3024
f 2137/4310/3025 2139/4311/3026 2138/4312/3027
f 2137/4310/3025 2140/4313/3028 2139/4311/3026
f 2127/4290/3014 2140/4313/3028 2137/4310/3025
f 2127/4290/3014 2123/4288/3012 2140/4313/3028
f 2123/4284/3008 2141/4314/2650 2140/4315/2651
f 2140/4315/2651 2141/4314/2650 2142/4316/3029
f 2140/4315/2651 2142/4316/3029 2139/4317/3030
f 2139/4317/3030 2142/4316/3029 2143/4318/3031
f 2144/4319/258 2143/4320/344 2142/4321/344
f 2144/4319/258 2142/4321/344 2145/4322/136
f 2145/4322/136 2142/4321/344 2141/4323/258
f 2145/4324/3032 2146/4325/3033 2144/4326/127
f 2147/4327/3034 2146/4325/3033 2145/4324/3032
f 2148/4328/3035 2147/4327/3034 2145/4324/3032
f 2145/4322/136 2141/4323/258 2148/4329/136
f 2149/4330/3036 2147/4327/3034 2148/4328/3035
f 2121/4331/3037 2149/4330/3036 2148/4328/3035
f 2148/4329/136 2122/4283/136 2121/4282/136
f 2148/4329/136 2141/4323/258 2122/4283/136
f 2131/4332/3038 2149/4330/3036 2150/4333/3039
f 2150/4333/3039 2149/4330/3036 2121/4331/3037
f 2133/4334/3040 2147/4327/3034 2149/4330/3036
f 2133/4334/3040 2149/4330/3036 2131/4332/3038
f 2151/4335/3041 2150/4333/3039 2119/4336/3042
f 2130/4337/3043 2150/4333/3039 2151/4335/3041
f 2119/4336/3042 2150/4333/3039 2121/4331/3037
f 2131/4332/3038 2150/4333/3039 2130/4337/3043
f 126/4338/3044 2151/4339/3041 2119/4340/3042
f 2152/4341/3045 2151/4339/3041 126/4338/3044
f 2153/4342/3046 2151/4339/3041 2152/4341/3045
f 2153/4342/3046 2130/4343/3043 2151/4339/3041
f 2129/4298/161 2130/4297/161 2153/4344/161
f 2129/4298/161 2153/4344/161 2104/4238/161
f 2153/4344/161 2155/4345/161 2104/4238/161
f 2153/4342/3046 2152/4341/3045 2154/4346/3047
f 2153/4342/3046 2154/4346/3047 2155/4347/3048
f 2097/4237/163 2104/4238/161 2155/4345/161
f 2157/4348/161 2097/4237/163 2155/4345/161
f 2155/4347/3048 2154/4346/3047 2156/4349/3049
f 2155/4347/3048 2156/4349/3049 2157/4350/3050
f 2159/4351/161 2157/4348/161 2158/4352/161
f 2157/4350/3050 2156/4349/3049 2158/4353/3051
f 2097/4237/163 2157/4348/161 2159/4351/161
f 2159/4351/161 2158/4352/161 2161/4354/161
f 2098/4231/2970 2097/4230/2969 2159/4355/3052
f 2162/4356/3053 2159/4355/3052 2160/4357/3054
f 2159/4351/161 2161/4354/161 2160/4358/161
f 2098/4231/2970 2159/4355/3052 2162/4356/3053
f 2162/4356/3053 2160/4357/3054 2165/4359/3055
f 2078/4360/3056 2098/4232/2971 2162/4361/3057
f 2078/4360/3056 2162/4361/3057 2163/4362/3058
f 2163/4362/3058 2162/4361/3057 2164/4363/3059
f 2164/4363/3059 2162/4361/3057 2165/4364/3060
f 2164/4363/3059 2165/4364/3060 2166/4365/3061
f 2166/4365/3061 2165/4364/3060 2167/4366/3062
f 2165/4359/3055 2160/4357/3054 2167/4367/3063
f 2168/4368/3064 2166/4369/3065 2167/4370/3066
f 2160/4371/3067 2168/4372/3068 2167/4373/3069
f 2168/4368/3064 2169/4374/3070 2166/4369/3065
f 2172/4375/3071 2168/4372/3068 2160/4371/3067
f 2171/4376/3072 2169/4374/3070 2168/4368/3064
f 2170/4377/3073 2168/4372/3068 2172/4375/3071
f 2170/4377/3073 2171/4378/3074 2168/4372/3068
f 2172/4379/161 2173/4380/161 2170/4381/161
f 2160/4358/161 2173/4380/161 2172/4379/161
f 2170/4381/161 2173/4380/161 2174/4382/161
f 2173/4383/357 2175/4384/3075 2174/4385/3076
f 2173/4383/357 2176/4386/3077 2175/4384/3075
f 2161/4387/3078 2176/4386/3077 2173/4383/357
f 2160/4358/161 2161/4354/161 2173/4380/161
f 2175/4384/3075 2176/4386/3077 2177/4388/3079
f 2161/4387/3078 2179/4389/3080 2176/4386/3077
f 2177/4388/3079 2176/4386/3077 2178/4390/3081
f 2176/4386/3077 2179/4389/3080 2178/4390/3081
f 2178/4390/3081 2179/4389/3080 2180/4391/359
f 2179/4389/3080 2181/4392/3082 2180/4391/359
f 2161/4387/3078 2181/4392/3082 2179/4389/3080
f 2158/4353/3051 2156/4349/3049 2181/4392/3082
f 2181/4392/3082 2156/4349/3049 2182/4393/3083
f 2180/4391/359 2181/4392/3082 2182/4393/3083
f 2158/4353/3051 2181/4392/3082 2161/4387/3078
f 2182/4394/136 2183/4395/258 2180/4396/134
f 2182/4394/136 118/224/136 2183/4395/258
f 117/223/136 118/224/136 2182/4394/136
f 2182/4393/3083 2156/4349/3049 117/4397/365
f 2180/4396/134 2183/4395/258 2184/4398/134
f 2185/4399/3084 2184/4400/3085 2183/4401/2704
f 2185/4399/3084 2183/4401/2704 118/4402/2701
f 2185/4399/3084 118/4402/2701 2188/4403/3086
f 2185/4399/3084 2186/4404/3087 2184/4400/3085
f 2166/4369/3065 2185/4405/3088 2187/4406/3089
f 2166/4369/3065 2186/4407/3090 2185/4405/3088
f 2187/4406/3089 2185/4405/3088 2188/4408/3091
f 2079/4189/2939 2188/4408/3091 2076/4184/2938
f 2187/4406/3089 2188/4408/3091 2079/4189/2939
f 2188/4403/3086 118/4402/2701 2076/4181/2935
f 2164/4409/311 2187/4410/311 2163/4411/311
f 2163/4411/311 2187/4410/311 2079/4186/311
f 2166/4412/311 2187/4410/311 2164/4409/311
f 2166/4369/3065 2169/4374/3070 2186/4407/3090
f 2169/4413/2641 2189/4414/3092 2186/4404/3087
f 2186/4404/3087 2189/4414/3092 2184/4400/3085
f 2169/4413/2641 2190/4415/3093 2189/4414/3092
f 2178/4416/258 2184/4398/134 2189/4417/258
f 2178/4416/258 2189/4417/258 2177/4418/258
f 2177/4418/258 2189/4417/258 2190/4419/134
f 2193/4420/3094 2190/4415/3093 2169/4413/2641
f 2177/4418/258 2190/4419/134 2191/4421/134
f 2191/4421/134 2190/4419/134 2192/4422/344
f 2193/4420/3094 2192/4423/3095 2190/4415/3093
f 2171/4376/3072 2193/4424/3072 2169/4374/3070
f 2194/4425/3096 2192/4423/3095 2193/4420/3094
f 2195/4426/3097 2194/4427/3098 2193/4424/3072
f 2195/4426/3097 2193/4424/3072 2171/4376/3072
f 2196/4428/3099 2195/4429/3100 2170/4377/3073
f 2170/4377/3073 2195/4429/3100 2171/4378/3074
f 2197/4430/3101 2194/4427/3098 2195/4426/3097
f 2196/4428/3099 2197/4431/3102 2195/4429/3100
f 2197/4430/3101 2199/4432/3103 2194/4427/3098
f 2198/4433/3104 2197/4431/3102 2196/4428/3099
f 2198/4433/3104 2138/4309/3024 2197/4431/3102
f 2138/4312/3027 2199/4432/3103 2197/4430/3101
f 2139/4317/3030 2143/4318/3031 2199/4434/2643
f 2199/4434/2643 2143/4318/3031 2192/4423/3095
f 2199/4434/2643 2192/4423/3095 2194/4425/3096
f 2138/4312/3027 2139/4311/3026 2199/4432/3103
f 2198/4435/161 2200/4436/161 2201/4437/161
f 2196/4438/161 2200/4436/161 2198/4435/161
f 2198/4435/161 2201/4437/161 2136/4305/161
f 2136/4308/3023 2138/4309/3024 2198/4433/3104
f 2200/4439/3105 2146/4325/3033 2201/4440/3106
f 2136/4305/161 2201/4437/161 2135/4306/161
f 2201/4440/3106 2146/4325/3033 2135/4441/3107
f 2202/4442/3108 2203/4443/3109 2200/4439/3105
f 2196/4438/161 2202/4444/161 2200/4436/161
f 2200/4439/3105 2203/4443/3109 2146/4325/3033
f 2202/4442/3108 2205/4445/3110 2203/4443/3109
f 2203/4443/3109 2205/4445/3110 2204/4446/406
f 2144/4326/127 2203/4443/3109 2204/4446/406
f 2146/4325/3033 2203/4443/3109 2144/4326/127
f 2174/4385/3076 2205/4445/3110 2202/4442/3108
f 2204/4446/406 2205/4445/3110 2191/4447/3111
f 2205/4445/3110 2175/4384/3075 2191/4447/3111
f 2174/4385/3076 2175/4384/3075 2205/4445/3110
f 2204/4448/136 2143/4320/344 2144/4319/258
f 2204/4448/136 2192/4422/344 2143/4320/344
f 2191/4421/134 2192/4422/344 2204/4448/136
f 2170/4381/161 2174/4382/161 2202/4444/161
f 2170/4381/161 2202/4444/161 2196/4438/161
f 2191/4447/3111 2175/4384/3075 2177/4388/3079
f 2180/4396/134 2184/4398/134 2178/4416/258
f 2163/4411/311 2079/4186/311 2078/4185/310
f 2156/4349/3049 2154/4346/3047 117/4397/365
f 117/4397/365 2154/4346/3047 116/4449/3112
f 2154/4346/3047 2152/4341/3045 116/4449/3112
f 116/4449/3112 2152/4341/3045 126/4338/3044
f 2135/4441/3107 2147/4327/3034 2133/4334/3040
f 2135/4441/3107 2146/4325/3033 2147/4327/3034
f 2123/4284/3008 2122/4285/3009 2141/4314/2650
f 2104/4241/2974 2116/4450/3113 2129/4295/3019
f 2129/4295/3019 2116/4450/3113 2125/4292/3016
f 2116/4274/3004 2117/4275/3005 2125/4289/3013
f 2104/4241/2974 2103/4240/2973 2116/4450/3113
f 2080/4195/2942 2098/4232/2971 2078/4360/3056
f 2076/4181/2935 118/4402/2701 119/4182/2936
f 266/478/310 2066/4147/311 361/3837/311
f 1897/4451/455 1894/4139/455 1904/4024/2816
f 94/3505/437 1892/3805/493 1898/4174/436
f 1886/3791/455 375/693/455 1894/4139/455
f 1882/3808/493 94/3505/437 1755/3555/436
f 1755/3548/2555 1751/3538/2546 1882/3784/2699
f 1870/3757/2673 1863/3765/2680 1860/3776/2691
f 2206/4452/3114 1869/3781/2696 1808/3641/2610
f 2206/4452/3114 2207/4453/3115 1869/3781/2696
f 1863/3764/2679 1869/3763/2678 2207/4454/3116
f 2206/4452/3114 2208/4455/3117 2207/4453/3115
f 1860/4456/504 2207/4454/3116 2208/4457/502
f 1863/3764/2679 2207/4454/3116 1860/4456/504
f 2206/4452/3114 2209/4458/3118 2208/4455/3117
f 2209/4458/3118 1827/3679/2622 2208/4455/3117
f 1833/4459/516 2208/4457/502 1827/4460/2623
f 1860/4456/504 2208/4457/502 1833/4459/516
f 1817/3657/2613 1827/3679/2622 2209/4458/3118
f 1813/3658/2614 2209/4458/3118 1810/3644/1768
f 1813/3658/2614 1817/3657/2613 2209/4458/3118
f 1810/3644/1768 2209/4458/3118 2206/4452/3114
f 1810/3644/1768 2206/4452/3114 1808/3641/2610
f 1835/3695/2633 1860/3746/2663 1833/3689/2630
f 1855/3745/2662 1833/3689/2630 1860/3746/2663
f 1838/3701/2635 1839/3700/2635 1858/3797/2708
f 1831/3688/2628 1833/3689/2630 1855/3745/2662
f 1830/3685/2626 1776/3584/2575 1774/3583/2574
f 1806/3639/2609 1797/3622/2602 1798/3623/1768
f 1802/3640/1768 1806/3639/2609 1798/3623/1768
f 1795/3677/311 1800/3627/310 1794/3626/311
f 1797/3622/2602 1754/3782/2697 1791/3613/2599
f 1791/3613/2599 1754/3782/2697 1756/3614/2600
f 1762/3609/571 1789/3610/2596 1757/3549/2556
f 1757/3549/2556 1789/3610/2596 1756/3544/570
f 1771/3777/2692 1780/3593/2584 1770/3594/2585
f 1761/3562/2560 1771/3578/2572 1762/3557/2559
f 1748/3728/2544 1757/3558/2557 1762/3557/2656
f 1745/3525/2539 1744/3526/2540 1760/3568/2565
f 1737/3518/455 1750/3536/455 1741/3532/455
f 1737/3518/455 375/693/455 1750/3536/455
f 94/3505/437 1742/4461/436 1745/3553/436
f 94/3505/437 1735/3506/436 1742/4461/436
f 97/976/652 1714/3466/436 1721/3497/436
f 550/1015/678 375/693/455 1710/1015/455
f 551/1016/679 550/1017/680 1704/3455/2496
f 520/964/646 521/965/647 526/994/663
f 367/672/437 500/925/436 523/973/436
f 500/919/614 499/920/615 523/966/648
f 496/911/455 508/955/455 518/957/455
f 499/915/611 496/914/610 518/962/644
f 496/911/455 476/910/455 508/955/455
f 476/4462/576 504/928/622 508/936/621
f 506/933/489 367/672/437 397/739/489
f 397/732/484 396/731/485 506/934/619
f 470/929/579 504/928/622 476/4462/576
f 467/861/571 470/860/571 504/944/631
f 502/924/613 492/901/604 497/917/613
f 493/900/603 492/901/604 502/924/613
f 474/926/436 493/4463/436 502/922/436
f 473/887/436 484/886/436 493/4463/436
f 473/887/436 493/4463/436 474/926/436
f 489/4464/455 2210/4465/455 490/904/455
f 490/904/455 2210/4465/455 480/905/455
f 489/4464/455 2211/4466/455 2210/4465/455
f 2211/4467/3119 430/878/588 2210/4468/3120
f 2210/4468/3120 430/878/588 480/879/589
f 2211/4467/3119 429/4469/3121 430/878/588
f 2213/4470/455 2211/4466/455 489/4464/455
f 2211/4467/3119 417/770/514 429/4469/3121
f 2212/4471/3122 417/770/514 2211/4467/3119
f 2213/4470/455 2212/4472/455 2211/4466/455
f 487/894/598 2214/4473/3123 2213/4474/3124
f 2214/4475/455 2212/4472/455 2213/4470/455
f 487/894/598 2213/4474/3124 489/895/599
f 2214/4475/455 418/4476/455 2212/4472/455
f 2215/4477/455 418/4476/455 2214/4475/455
f 2216/4478/3125 2215/4479/3126 2214/4473/3123
f 2216/4478/3125 2214/4473/3123 487/894/598
f 2217/4480/3127 2215/4479/3126 2216/4478/3125
f 2218/4481/3128 2217/4482/3129 2216/4483/3128
f 2218/4481/3128 2216/4483/3128 486/892/596
f 486/892/596 2216/4483/3128 487/893/597
f 411/756/489 2218/4484/489 2219/4485/436
f 411/756/489 408/752/436 2218/4484/489
f 408/750/497 2217/4482/3129 2218/4481/3128
f 2219/4485/436 2218/4484/489 486/888/436
f 2219/4485/436 486/888/436 483/882/436
f 483/885/592 429/4469/3121 2219/4486/3130
f 2219/4486/3130 417/770/515 411/757/501
f 2219/4486/3130 429/4469/3121 417/770/515
f 408/750/497 407/749/496 2217/4482/3129
f 407/4487/3131 2215/4479/3126 2217/4480/3127
f 2215/4477/455 2221/4476/455 418/4476/455
f 407/4487/3131 2220/4488/3132 2215/4479/3126
f 2220/4489/455 2221/4476/455 2215/4477/455
f 392/719/473 391/718/472 2221/4490/3133
f 2221/4490/3133 391/718/472 410/754/509
f 2221/4490/3133 410/754/509 418/764/508
f 2220/4489/455 392/720/455 2221/4476/455
f 405/4491/3134 2220/4488/3132 407/4487/3131
f 388/714/455 392/720/455 2220/4489/455
f 405/4491/3134 388/713/468 2220/4488/3132
f 418/764/508 417/770/514 2212/4471/3122
f 483/885/592 430/878/588 429/4469/3121
f 429/950/637 481/880/590 430/881/591
f 433/793/535 431/791/534 468/857/569
f 440/803/310 459/851/311 457/4492/311
f 440/803/310 457/4492/311 451/828/311
f 453/833/555 455/834/556 399/954/641
f 2222/4493/3135 446/821/523 454/831/554
f 2222/4493/3135 454/831/554 394/4494/3136
f 454/831/554 399/954/641 394/4494/3136
f 454/831/554 446/821/523 449/835/523
f 454/831/554 453/833/555 399/954/641
f 2222/4493/3135 394/4494/3136 2223/4495/3137
f 421/774/517 446/821/523 2222/4493/3135
f 2222/4493/3135 2223/4495/3137 420/775/518
f 421/774/517 2222/4493/3135 420/775/518
f 394/722/475 390/724/477 2223/4496/3138
f 2223/4496/3138 390/724/477 391/4497/3139
f 2223/4496/3138 391/4497/3139 420/771/516
f 440/803/310 435/805/311 436/854/311
f 417/769/513 416/768/512 429/950/637
f 420/771/516 391/4497/3139 410/772/502
f 403/741/492 410/754/499 391/718/491
f 383/706/466 388/713/468 405/4491/3134
f 367/672/437 380/737/437 397/739/489
f 385/959/642 396/731/483 386/721/474
f 390/729/481 395/728/480 391/951/638
f 367/672/437 379/4498/436 380/737/437
f 367/672/437 368/669/436 379/4498/436
f 368/682/446 370/681/445 379/699/459
f 227/4499/132 96/4500/132 367/4501/132
f 227/4502/129 367/4503/129 97/186/129
f 227/4504/439 355/674/438 367/673/438
f 367/4501/132 96/4500/132 97/4505/132
f 266/478/310 361/3837/311 360/4506/3140
f 360/4507/127 357/4508/127 268/485/314
f 360/4507/127 268/485/314 266/487/314
f 341/613/403 337/604/398 257/639/418
f 227/401/136 2224/4509/258 339/615/134
f 339/615/134 2224/4509/258 2225/4510/136
f 339/615/134 2225/4510/136 322/571/136
f 2226/4511/3141 323/579/379 2225/4512/3142
f 322/571/136 2225/4510/136 323/572/258
f 2226/4511/3141 2225/4512/3142 2227/4513/3143
f 2227/4513/3143 2225/4512/3142 2224/4514/3144
f 2227/4513/3143 2224/4514/3144 2229/4515/3145
f 2228/4516/3146 2226/4517/3147 2227/4518/3148
f 2228/4516/3146 2227/4518/3148 255/4519/3149
f 255/4519/3149 2227/4518/3148 2229/4520/3149
f 2229/4515/3145 2224/4514/3144 2230/4521/3150
f 2229/4515/3145 2230/4521/3150 2231/4522/3151
f 255/4519/3149 2229/4520/3149 251/4523/3152
f 251/4523/3152 2229/4520/3149 2231/4524/3152
f 250/4525/3153 2231/4524/3152 2232/4526/3153
f 251/4523/3152 2231/4524/3152 250/4525/3153
f 2231/4522/3151 228/4527/3154 2232/4528/3155
f 2231/4522/3151 2230/4521/3150 228/4527/3154
f 250/4525/3153 2232/4526/3153 246/449/282
f 246/449/282 2232/4526/3153 243/439/282
f 2232/4528/3155 233/4529/3156 243/437/280
f 2232/4528/3155 228/4527/3154 233/4529/3156
f 227/401/136 228/400/258 2230/4530/134
f 227/401/136 2230/4530/134 2224/4509/258
f 334/601/396 2228/4531/3157 254/462/297
f 254/462/297 2228/4531/3157 255/463/298
f 335/4532/3158 2226/4517/3147 2228/4516/3146
f 334/601/396 335/598/395 2228/4531/3157
f 2233/4533/3159 323/579/379 2226/4511/3141
f 335/4532/3158 2233/4534/392 2226/4517/3147
f 325/577/377 323/579/379 2233/4533/3159
f 332/595/392 325/590/385 2233/4534/392
f 332/595/392 2233/4534/392 335/4532/3158
f 337/606/229 254/461/229 257/464/229
f 337/606/229 334/602/229 254/461/229
f 2234/4535/3160 2236/4536/3161 330/588/386
f 2234/4535/3160 330/588/386 329/585/383
f 2236/4537/3162 2235/4538/3163 330/589/387
f 330/589/387 2235/4538/3163 327/584/382
f 2236/4537/3162 289/521/340 2235/4538/3163
f 288/522/341 289/521/340 2236/4537/3162
f 2237/4539/3161 2236/4536/3161 2234/4535/3160
f 2237/4539/3161 288/519/338 2236/4536/3161
f 2238/4540/3164 2237/4541/3165 2239/4542/3166
f 2238/4540/3164 286/518/337 2237/4541/3165
f 286/517/336 288/519/338 2237/4539/3161
f 2239/4542/3166 2237/4541/3165 2234/4543/3167
f 306/4544/229 2238/4545/229 2239/4546/229
f 306/4544/229 2239/4546/229 309/557/229
f 309/557/229 2239/4546/229 313/558/229
f 2239/4542/3166 2234/4543/3167 313/4547/3168
f 303/4548/229 2238/4545/229 306/4544/229
f 303/4548/229 284/4549/229 2238/4545/229
f 284/514/334 286/518/337 2238/4540/3164
f 304/4550/258 2235/4551/258 289/526/258
f 307/4552/344 2235/4551/258 304/4550/258
f 307/4552/344 327/583/258 2235/4551/258
f 313/4547/3168 2234/4543/3167 329/594/391
f 313/4547/3168 329/594/391 314/591/388
f 310/581/258 327/583/258 307/4552/344
f 311/556/369 320/569/375 310/553/366
f 304/4550/258 289/526/258 291/525/344
f 301/4553/229 284/4549/229 303/4548/229
f 278/502/229 284/4549/229 301/4553/229
f 282/510/330 294/628/412 283/511/331
f 278/502/229 279/504/229 284/4549/229
f 282/4554/3169 275/496/320 274/495/319
f 280/4555/3170 275/496/320 282/4554/3169
f 263/472/304 249/467/301 202/356/230
f 243/437/280 233/4529/3156 234/435/278
f 192/427/270 231/426/269 230/4556/3171
f 230/405/259 229/407/261 2240/4557/3172
f 193/4558/3173 230/4556/3171 2240/4559/3174
f 192/427/270 230/4556/3171 193/4558/3173
f 2240/4557/3172 229/407/261 2242/4560/3175
f 193/4558/3173 2240/4559/3174 194/4561/3176
f 194/4561/3176 2240/4559/3174 2241/4562/3177
f 2240/4557/3172 2242/4560/3175 2241/4563/3178
f 229/403/141 132/238/141 2242/4564/141
f 2241/4563/3178 2242/4560/3175 2243/4565/3179
f 2242/4564/141 132/238/141 2243/4566/141
f 2241/4563/3178 2243/4565/3179 2244/4567/3180
f 2244/4567/3180 2243/4565/3179 2245/4568/3181
f 2243/4566/141 132/238/141 2245/4569/684
f 2247/4570/3182 2245/4568/3181 2246/4571/3182
f 2245/4569/684 132/238/141 2246/4572/141
f 2244/4567/3180 2245/4568/3181 2247/4570/3182
f 2247/4570/3182 2246/4571/3182 2248/4573/455
f 2247/4570/3182 2248/4573/455 2249/4574/455
f 183/4575/3183 2247/4576/3184 184/4577/3185
f 183/4575/3183 2244/4578/3186 2247/4576/3184
f 184/4577/3185 2247/4576/3184 2249/4579/3187
f 2249/4574/455 2248/4573/455 2250/4580/3188
f 184/4577/3185 2249/4579/3187 2250/4581/3189
f 174/4582/3190 2250/4581/3189 2251/4583/3191
f 184/4577/3185 2250/4581/3189 174/4582/3190
f 2250/4580/3188 2248/4573/455 2252/4584/3188
f 2250/4580/3188 2253/4585/3192 2251/4586/3192
f 2250/4580/3188 2252/4584/3188 2253/4585/3192
f 2252/4587/141 132/238/141 2253/4588/141
f 2251/4586/3192 2253/4585/3192 2254/4589/3193
f 2253/4588/141 132/238/141 2254/4590/141
f 2256/4591/3193 2254/4589/3193 2255/4592/3194
f 2254/4590/141 132/238/141 2255/4593/3195
f 2251/4586/3192 2254/4589/3193 2256/4591/3193
f 2256/4591/3193 2255/4592/3194 2257/4594/3196
f 175/4595/3197 2251/4583/3191 2256/4596/3198
f 175/4595/3197 2256/4596/3198 176/4597/3199
f 176/4597/3199 2256/4596/3198 2257/4598/3200
f 2257/4594/3196 2255/4592/3194 131/235/139
f 2257/4594/3196 131/235/139 133/234/138
f 176/4597/3199 2257/4598/3200 177/4599/3200
f 177/4599/3200 2257/4598/3200 133/4600/3201
f 2255/4593/3195 132/238/141 131/237/141
f 2248/4601/141 132/238/141 2252/4587/141
f 174/4582/3190 2251/4583/3191 175/4595/3197
f 2246/4572/141 132/238/141 2248/4601/141
f 195/4602/3202 2244/4578/3186 183/4575/3183
f 195/4602/3202 2241/4562/3177 2244/4578/3186
f 194/4561/3176 2241/4562/3177 195/4602/3202
f 227/4502/129 97/186/129 96/201/129
f 203/4603/3203 223/446/289 217/382/246
f 205/444/287 223/446/289 204/4604/3204
f 204/4604/3204 223/446/289 203/4603/3203
f 214/389/252 220/387/250 213/432/275
f 203/4603/3203 217/382/246 207/381/245
f 157/4605/3205 179/325/204 158/292/175
f 156/279/167 179/4212/2954 157/280/168
f 177/4599/3200 133/4600/3201 178/4606/3201
f 178/4606/3201 133/4600/3201 134/4607/3206
f 172/316/198 178/323/201 2258/4608/129
f 178/4606/3201 134/4607/3206 2258/4609/3207
f 2258/4610/3208 136/314/196 172/317/199
f 2258/4609/3207 134/4607/3206 135/4611/3209
f 136/314/196 2258/4610/3208 135/4612/3208
f 159/309/191 147/264/156 150/263/155
f 151/266/158 149/267/159 154/4266/2996
f 146/256/149 140/301/184 141/255/148
f 45/84/69 49/83/68 115/2885/69
f 96/193/132 94/192/132 97/4613/132
f 97/4614/438 2260/2390/438 2259/4615/438
f 2259/4615/438 2260/2390/438 2261/2389/438
f 8/11/7 94/2385/1716 4/10/7
f 2263/4616/3210 2265/4617/3211 2262/4618/3212
f 2262/4619/3213 2264/4620/3214 2263/4621/3215
f 2262/4619/3213 2267/4622/3216 2264/4620/3214
f 2262/4618/3212 2265/4617/3211 2266/4623/3217
f 2262/4618/3212 2266/4623/3217 2268/4624/3218
f 2268/4625/3219 2267/4622/3216 2262/4619/3213
f 2268/4624/3218 2266/4623/3217 2269/4626/3220
f 2269/4627/3221 2270/4628/3222 2268/4625/3219
f 2268/4625/3219 2270/4628/3222 2267/4622/3216
f 2272/4629/3223 2271/4630/3224 2270/4631/3225
f 2270/4631/3225 2271/4630/3224 2267/4632/3226
f 2269/4627/3221 2272/4633/3221 2270/4628/3222
f 2273/4634/3227 2272/4633/3221 2269/4627/3221
f 2273/4634/3227 2274/4635/3227 2272/4633/3221
f 2274/4636/3228 2275/4637/3229 2272/4629/3223
f 2275/4637/3229 2271/4630/3224 2272/4629/3223
f 2275/4638/3230 2277/4639/3195 2271/4640/3231
f 2274/4636/3228 2276/4641/3232 2275/4637/3229
f 2276/4642/3233 2278/4643/3230 2275/4638/3230
f 2275/4638/3230 2278/4643/3230 2277/4639/3195
f 2280/4644/3234 2279/4645/3235 2278/4646/3236
f 2278/4646/3236 2279/4645/3235 2277/4647/3237
f 2281/4648/3238 2280/4644/3234 2278/4646/3236
f 2278/4643/3230 2276/4642/3233 2281/4649/3239
f 2282/4650/3240 2281/4648/3238 2284/4651/3241
f 2282/4650/3240 2283/4652/3238 2281/4648/3238
f 2281/4648/3238 2283/4652/3238 2280/4644/3234
f 2284/4653/3242 2281/4654/3239 2276/4655/3233
f 2284/4653/3242 2276/4655/3233 2286/4656/3243
f 2288/4657/3244 2284/4653/3242 2285/4658/3245
f 2285/4658/3245 2284/4653/3242 2286/4656/3243
f 2287/4659/3246 2284/4660/3247 2288/4661/3248
f 2284/4660/3247 2287/4659/3246 2282/4662/3249
f 2285/4663/3250 2287/4664/3251 2288/4665/3251
f 2285/4663/3250 2289/4666/3250 2287/4664/3251
f 2289/4667/3252 2291/4668/3253 2287/4669/3254
f 2282/4662/3249 2287/4659/3246 2290/4670/3255
f 2290/4670/3255 2287/4659/3246 2291/4671/3248
f 2290/4672/3256 2291/4673/3257 2293/4674/3258
f 2291/4668/3253 2289/4667/3252 2292/4675/3259
f 2291/4668/3253 2292/4675/3259 2293/4676/3260
f 2293/4676/3260 2292/4675/3259 2294/4677/3261
f 2295/4678/3262 2293/4674/3258 2294/4679/3263
f 2296/4680/3264 2293/4674/3258 2295/4678/3262
f 2290/4672/3256 2293/4674/3258 2296/4680/3264
f 2297/4681/3265 2296/4682/3266 2295/4683/3267
f 2297/4681/3265 2290/4684/3268 2296/4682/3266
f 2297/4681/3265 2295/4683/3267 2298/4685/3269
f 2300/4686/3270 2297/4681/3265 2298/4685/3269
f 2299/4687/1678 2297/4681/3265 2300/4686/3270
f 2299/4687/1678 2283/4688/3271 2297/4681/3265
f 2297/4689/3272 2283/4652/3238 2282/4650/3240
f 2297/4681/3265 2282/4690/3273 2290/4684/3268
f 2300/4686/3270 2298/4685/3269 2301/4691/3274
f 2300/4692/3275 2302/4693/3276 2299/4694/3277
f 2301/4695/3278 2303/4696/3279 2300/4692/3275
f 2300/4692/3275 2303/4696/3279 2302/4693/3276
f 2303/4697/3280 2304/4698/3281 2302/4699/3282
f 2303/4697/3280 2305/4700/3283 2304/4698/3281
f 2306/4701/3284 2305/4700/3283 2303/4697/3280
f 2301/4695/3278 2306/4702/3285 2303/4696/3279
f 2301/4695/3278 2307/4703/3286 2306/4702/3285
f 2307/4704/3287 2308/4705/3288 2306/4701/3284
f 2306/4701/3284 2308/4705/3288 2309/4706/3289
f 2306/4701/3284 2309/4706/3289 2305/4700/3283
f 2309/4707/3290 2310/4708/3291 2305/4709/3290
f 2308/4710/3292 2310/4708/3291 2309/4707/3290
f 2311/4711/3292 2310/4708/3291 2308/4710/3292
f 2312/4712/3292 2310/4708/3291 2311/4711/3292
f 2313/4713/3290 2310/4708/3291 2312/4712/3292
f 2331/4714/3293 2310/4708/3291 2313/4713/3290
f 2314/4715/3294 2310/4708/3291 2316/4716/3292
f 2314/4715/3294 2315/4717/3295 2310/4708/3291
f 2315/4717/3295 2318/4718/3296 2310/4708/3291
f 2316/4716/3292 2310/4708/3291 2317/4719/3297
f 2317/4719/3297 2310/4708/3291 2319/4720/3297
f 2310/4708/3291 2318/4718/3296 2333/4721/3270
f 2319/4720/3297 2310/4708/3291 2320/4722/3298
f 2320/4722/3298 2310/4708/3291 2321/4723/3297
f 2321/4723/3297 2310/4708/3291 2322/4724/3299
f 2322/4724/3299 2310/4708/3291 2323/4725/3290
f 2323/4725/3290 2310/4708/3291 2324/4726/3300
f 2324/4726/3300 2310/4708/3291 2325/4727/3300
f 2325/4727/3300 2310/4708/3291 2326/4728/3301
f 2326/4728/3301 2310/4708/3291 2327/4729/3293
f 2327/4729/3293 2310/4708/3291 2328/4729/3293
f 2328/4729/3293 2310/4708/3291 2329/4730/3300
f 2329/4730/3300 2310/4708/3291 2330/4731/3293
f 2330/4731/3293 2310/4708/3291 2331/4714/3293
f 2332/4732/3292 2310/4708/3291 2333/4721/3270
f 2304/4733/3302 2310/4708/3291 2332/4732/3292
f 2305/4709/3290 2310/4708/3291 2304/4733/3302
f 2334/4734/3303 2333/4735/3304 2336/4736/3305
f 2335/4737/3306 2333/4735/3304 2334/4734/3303
f 2335/4737/3306 2332/4738/3307 2333/4735/3304
f 2333/4721/3270 2318/4718/3296 2336/4739/1644
f 2334/4734/3303 2336/4736/3305 2337/4740/3305
f 2336/4741/3211 2339/4742/3308 2337/4743/3309
f 2338/4744/3310 2336/4741/3211 2318/4745/3311
f 2338/4744/3310 2339/4742/3308 2336/4741/3211
f 2338/4744/3310 2340/4746/3312 2339/4742/3308
f 2340/4747/3313 2341/4748/3314 2339/4749/3315
f 2339/4749/3315 2341/4748/3314 2344/4750/3316
f 2337/4743/3309 2339/4742/3308 2342/4751/3211
f 2342/4751/3211 2339/4742/3308 2343/4752/3317
f 2339/4749/3315 2344/4750/3316 2343/4753/3318
f 2343/4753/3318 2344/4750/3316 2345/4754/3319
f 2345/4755/3320 2344/4756/3321 2346/4757/3321
f 2344/4758/3322 2347/4759/3323 2346/4760/3324
f 2341/4761/3325 2347/4759/3323 2344/4758/3322
f 2346/4760/3324 2347/4759/3323 2352/4762/3326
f 2348/4763/3323 2347/4759/3323 2341/4761/3325
f 2347/4759/3323 2348/4763/3323 2349/4764/3324
f 2350/4765/3327 2347/4766/3328 2349/4767/3329
f 2350/4765/3327 2351/4768/3327 2347/4766/3328
f 2351/4769/2796 2352/4770/3330 2347/4771/684
f 2352/4770/3330 2351/4769/2796 2353/4772/3331
f 2352/4770/3330 2353/4772/3331 2354/4773/3332
f 2346/4774/3333 2352/4775/3334 2354/4776/3335
f 2346/4774/3333 2354/4776/3335 2356/4777/3336
f 2354/4773/3332 2353/4772/3331 2355/4778/3337
f 2357/4779/3338 2354/4776/3335 2355/4780/3339
f 2356/4777/3336 2354/4776/3335 2357/4779/3338
f 2357/4779/3338 2355/4780/3339 2358/4781/3340
f 2359/4782/3341 2357/4783/3342 2358/4784/3343
f 2345/4755/3320 2356/4785/3344 2357/4783/3342
f 2345/4755/3320 2357/4783/3342 2359/4782/3341
f 2280/4644/3234 2359/4786/3345 2279/4645/3235
f 2360/4787/3274 2359/4782/3341 2280/4788/3274
f 2361/4789/1678 2359/4782/3341 2360/4787/3274
f 2361/4789/1678 2345/4755/3320 2359/4782/3341
f 2359/4782/3341 2362/4790/3346 2279/4791/3347
f 2359/4782/3341 2358/4784/3343 2362/4790/3346
f 2363/4792/3348 2279/4793/3349 2362/4794/3350
f 2363/4792/3348 2362/4794/3350 2365/4795/3351
f 2358/4781/3340 2364/4796/3352 2362/4797/3353
f 2362/4797/3353 2364/4796/3352 2365/4798/3354
f 2365/4799/3355 2351/4769/2796 2363/4800/2796
f 2353/4772/3331 2351/4769/2796 2365/4799/3355
f 2364/4801/3356 2353/4772/3331 2365/4799/3355
f 2355/4778/3337 2353/4772/3331 2364/4801/3356
f 2358/4781/3340 2355/4780/3339 2364/4796/3352
f 2363/4792/3348 2277/4802/3357 2279/4793/3349
f 2277/4802/3357 2363/4792/3348 2366/4803/3348
f 2366/4804/3358 2363/4805/3359 2351/4768/3327
f 2366/4804/3358 2351/4768/3327 2350/4765/3327
f 2277/4639/3195 2366/4806/3360 2350/4807/3361
f 2360/4808/3362 2334/4809/3363 2361/4810/3364
f 2361/4810/3364 2334/4809/3363 2337/4811/3365
f 2342/4812/3301 2345/4755/3320 2361/4789/1678
f 2361/4810/3364 2337/4811/3365 2342/4813/3366
f 2360/4787/3274 2280/4788/3274 2283/4688/3271
f 2360/4787/3274 2283/4688/3271 2299/4687/1678
f 2360/4808/3362 2335/4814/3367 2334/4809/3363
f 2299/4694/3277 2335/4814/3367 2360/4808/3362
f 2345/4755/3320 2346/4757/3321 2356/4785/3344
f 2277/4639/3195 2350/4807/3361 2271/4640/3231
f 2271/4640/3231 2350/4807/3361 2349/4815/3368
f 2271/4640/3231 2349/4815/3368 2348/4816/3369
f 2367/4817/3370 2348/4818/3371 2341/4748/3314
f 2348/4818/3371 2367/4817/3370 2369/4819/3371
f 2271/4640/3231 2348/4816/3369 2368/4820/3372
f 2368/4820/3372 2348/4816/3369 2369/4821/3373
f 2367/4822/3374 2368/4823/3375 2369/4824/3211
f 2368/4823/3375 2367/4822/3374 2370/4825/3376
f 2372/4826/3377 2368/4823/3375 2370/4825/3376
f 2371/4827/3378 2271/4630/3224 2368/4828/3379
f 2372/4826/3377 2371/4829/3380 2368/4823/3375
f 2372/4830/3381 2370/4831/3382 2376/4832/3383
f 2373/4833/3380 2371/4829/3380 2372/4826/3377
f 2373/4833/3380 2372/4826/3377 2374/4834/3384
f 2372/4835/3385 2375/4836/3386 2374/4837/3385
f 2376/4838/3387 2375/4836/3386 2372/4835/3385
f 2378/4839/3388 2377/4840/3389 2376/4838/3387
f 2376/4838/3387 2377/4840/3389 2375/4836/3386
f 2376/4832/3383 2370/4831/3382 2378/4841/3383
f 2378/4841/3383 2370/4831/3382 2379/4842/3248
f 2379/4843/3390 2377/4840/3389 2378/4839/3388
f 2379/4842/3248 2370/4831/3382 2380/4844/3391
f 2379/4843/3390 2382/4845/3392 2377/4840/3389
f 2380/4846/3393 2381/4847/3394 2379/4843/3390
f 2379/4843/3390 2381/4847/3394 2382/4845/3392
f 2382/4848/3383 2383/4849/3383 2377/4850/3248
f 2381/4851/3395 2383/4849/3383 2382/4848/3383
f 2385/4852/3396 2384/4853/3397 2383/4854/3398
f 2383/4854/3398 2384/4853/3397 2371/4829/3380
f 2383/4854/3398 2371/4829/3380 2373/4833/3380
f 2381/4851/3395 2385/4855/3399 2383/4849/3383
f 2377/4850/3248 2383/4849/3383 2373/4856/3400
f 2266/4623/3217 2385/4852/3396 2273/4857/3401
f 2385/4852/3396 2266/4623/3217 2384/4853/3397
f 2273/4857/3401 2385/4852/3396 2386/4858/3384
f 2386/4858/3384 2385/4852/3396 2387/4859/3402
f 2387/4859/3402 2385/4852/3396 2391/4860/3309
f 2388/4861/3403 2385/4855/3399 2381/4851/3395
f 2388/4861/3403 2390/4862/3404 2385/4855/3399
f 2391/4860/3309 2385/4852/3396 2389/4863/3405
f 2385/4852/3396 2390/4864/3406 2389/4863/3405
f 2391/4865/3407 2392/4866/3408 2387/4867/3408
f 2391/4865/3407 2393/4868/3407 2392/4866/3408
f 2389/4869/3409 2393/4868/3407 2391/4865/3407
f 2389/4869/3409 2394/4870/3409 2393/4868/3407
f 2394/4871/3410 2286/4872/3411 2393/4873/3412
f 2393/4873/3412 2286/4872/3411 2392/4874/3413
f 2389/4869/3409 2395/4875/3414 2394/4870/3409
f 2395/4876/3415 2396/4877/3416 2394/4871/3410
f 2396/4877/3416 2286/4872/3411 2394/4871/3410
f 2400/4878/3417 2396/4877/3416 2395/4876/3415
f 2401/4879/3418 2397/4880/3419 2396/4877/3416
f 2397/4880/3419 2398/4881/3420 2396/4877/3416
f 2396/4877/3416 2398/4881/3420 2286/4872/3411
f 2399/4882/3421 2401/4879/3418 2396/4877/3416
f 2399/4882/3421 2396/4877/3416 2400/4878/3417
f 2401/4879/3418 2403/4883/3422 2397/4880/3419
f 2402/4884/3423 2404/4885/3424 2401/4879/3418
f 2402/4884/3423 2401/4879/3418 2399/4882/3421
f 2401/4879/3418 2404/4885/3424 2403/4883/3422
f 2404/4885/3424 2407/4886/3425 2403/4883/3422
f 2406/4887/3426 2404/4885/3424 2402/4884/3423
f 2405/4888/3427 2407/4886/3425 2404/4885/3424
f 2405/4888/3427 2404/4885/3424 2406/4887/3426
f 2403/4883/3422 2407/4886/3425 2410/4889/3428
f 2405/4888/3427 2408/4890/3429 2407/4886/3425
f 2407/4886/3425 2408/4890/3429 2409/4891/3430
f 2410/4889/3428 2407/4886/3425 2409/4891/3430
f 2411/4892/3431 2410/4889/3428 2409/4891/3430
f 2403/4883/3422 2410/4889/3428 2412/4893/3432
f 2412/4893/3432 2410/4889/3428 2411/4892/3431
f 2397/4880/3419 2403/4883/3422 2412/4893/3432
f 2397/4880/3419 2412/4893/3432 2413/4894/3433
f 2412/4893/3432 2411/4892/3431 2414/4895/3434
f 2412/4893/3432 2414/4895/3434 2413/4894/3433
f 2414/4895/3434 2411/4892/3431 2417/4896/3435
f 2413/4894/3433 2414/4895/3434 2415/4897/3436
f 2415/4897/3436 2414/4895/3434 2416/4898/3437
f 2416/4898/3437 2414/4895/3434 2417/4896/3435
f 2417/4899/3435 2419/4900/3438 2416/4901/3437
f 2418/4902/3439 2419/4900/3438 2417/4899/3435
f 2417/4896/3435 2411/4892/3431 2418/4903/3439
f 2419/4900/3438 2422/4904/3440 2416/4901/3437
f 2420/4905/3441 2419/4900/3438 2418/4902/3439
f 2420/4905/3441 2421/4906/3442 2419/4900/3438
f 2419/4900/3438 2421/4906/3442 2422/4904/3440
f 2422/4904/3440 2424/4907/3443 2416/4901/3437
f 2421/4906/3442 2423/4908/3444 2422/4904/3440
f 2422/4904/3440 2423/4908/3444 2424/4907/3443
f 2416/4901/3437 2424/4907/3443 2427/4909/3445
f 2427/4909/3445 2424/4907/3443 2425/4910/633
f 2424/4907/3443 2426/4911/3446 2425/4910/633
f 2424/4907/3443 2428/4912/3447 2426/4911/3446
f 2423/4908/3444 2428/4912/3447 2424/4907/3443
f 2426/4911/3446 2428/4912/3447 2429/4913/3448
f 2428/4912/3447 2431/4914/3449 2429/4913/3448
f 2430/4915/3450 2428/4912/3447 2423/4908/3444
f 2430/4915/3450 2431/4914/3449 2428/4912/3447
f 2430/4915/3450 2432/4916/3451 2431/4914/3449
f 2432/4916/3451 2433/4917/3452 2431/4914/3449
f 2431/4914/3449 2433/4917/3452 2434/4918/3453
f 2429/4913/3448 2431/4914/3449 2434/4918/3453
f 2434/4918/3453 2435/4919/3454 2436/4920/3455
f 2434/4918/3453 2433/4917/3452 2435/4919/3454
f 2437/4921/3456 2434/4918/3453 2436/4920/3455
f 2429/4913/3448 2434/4918/3453 2437/4921/3456
f 2438/4922/3457 2437/4923/3458 2436/4924/3459
f 2438/4922/3457 2440/4925/3460 2437/4923/3458
f 2441/4926/3195 2439/4927/3195 2437/4928/3458
f 2439/4929/3461 2429/4913/3448 2437/4921/3456
f 2441/4926/3195 2437/4928/3458 2440/4930/3460
f 2440/4931/3462 2442/4932/3463 2441/4933/3464
f 2442/4932/3463 2443/4934/3465 2441/4933/3464
f 2441/4933/3464 2443/4934/3465 2444/4935/3466
f 2444/4936/3195 2439/4927/3195 2441/4926/3195
f 2446/4937/3467 2445/4938/141 2444/4936/3195
f 2445/4938/141 2448/4939/141 2444/4936/3195
f 2444/4940/3468 2447/4941/3469 2446/4942/3470
f 2447/4941/3469 2444/4940/3468 2443/4943/3471
f 2444/4936/3195 2448/4939/141 2439/4927/3195
f 2449/4944/3472 2425/4945/633 2448/4946/706
f 2425/4910/633 2426/4911/3446 2448/4947/706
f 2448/4947/706 2426/4911/3446 2439/4929/3461
f 2450/4948/3473 2449/4949/3474 2448/4939/141
f 2450/4948/3473 2448/4939/141 2445/4938/141
f 2452/4950/1728 2449/4949/3474 2450/4948/3473
f 2450/4948/3473 2445/4938/141 2451/4951/141
f 2454/4952/3475 2450/4953/3476 2451/4954/3477
f 2453/4955/3478 2452/4956/3479 2450/4957/3480
f 2450/4953/3476 2454/4952/3475 2453/4958/3476
f 2445/4959/3481 2455/4960/3482 2454/4961/3483
f 2445/4959/3481 2454/4961/3483 2451/4962/3483
f 2455/4963/3484 2457/4964/3485 2454/4965/3486
f 2453/4958/3476 2454/4952/3475 2456/4966/3487
f 2456/4966/3487 2454/4952/3475 2457/4967/3488
f 2457/4964/3485 2459/4968/3489 2458/4969/3490
f 2456/4970/3491 2457/4971/3492 2458/4972/3493
f 2457/4964/3485 2455/4963/3484 2459/4968/3489
f 2459/4968/3489 2455/4963/3484 2460/4973/3494
f 2461/4974/3495 2459/4968/3489 2460/4973/3494
f 2462/4975/3496 2459/4968/3489 2461/4974/3495
f 2458/4969/3490 2459/4968/3489 2462/4975/3496
f 2463/4976/3497 2458/4972/3493 2462/4977/3498
f 2463/4976/3497 2462/4977/3498 2461/4978/3499
f 2464/4979/3500 2458/4972/3493 2463/4976/3497
f 2465/4980/3501 2464/4981/3502 2463/4982/3503
f 2465/4980/3501 2463/4982/3503 2466/4983/3504
f 2466/4983/3504 2463/4982/3503 2467/4984/3505
f 2463/4976/3497 2461/4978/3499 2467/4985/3506
f 2467/4985/3506 2461/4978/3499 2468/4986/3507
f 2466/4983/3504 2467/4984/3505 2468/4987/3508
f 2447/4941/3469 2468/4988/3469 2460/4989/3469
f 2447/4941/3469 2443/4943/3471 2468/4988/3469
f 2466/4983/3504 2468/4987/3508 2443/4990/3509
f 2468/4986/3507 2461/4978/3499 2460/4991/3510
f 2442/4932/3463 2466/4992/3511 2443/4934/3465
f 2469/4993/3512 2465/4980/3501 2466/4983/3504
f 2469/4993/3512 2466/4983/3504 2470/4994/3513
f 2470/4994/3513 2466/4983/3504 2442/4995/3294
f 2470/4996/3514 2471/4997/3515 2469/4998/3516
f 2470/4996/3514 2472/4999/3517 2471/4997/3515
f 2473/5000/3518 2472/4999/3517 2470/4996/3514
f 2470/4994/3513 2442/4995/3294 2473/5001/3519
f 2473/5000/3518 2474/5002/3520 2472/4999/3517
f 2474/5002/3520 2473/5000/3518 2475/5003/3521
f 2473/5001/3519 2476/5004/3513 2475/5005/3522
f 2473/5001/3519 2442/4995/3294 2476/5004/3513
f 2475/5005/3522 2476/5004/3513 2477/5006/3523
f 2477/5007/3524 2476/5008/3462 2478/5009/3525
f 2440/4931/3462 2476/5008/3462 2442/4932/3463
f 2478/5009/3525 2476/5008/3462 2440/4931/3462
f 2478/5010/3526 2480/5011/3527 2479/5012/3528
f 2477/5006/3523 2478/5013/3529 2479/5014/3530
f 2438/5015/3531 2480/5011/3527 2478/5010/3526
f 2478/5009/3525 2440/4931/3462 2438/5016/3532
f 2479/5012/3528 2480/5011/3527 2484/5017/3533
f 2480/5011/3527 2438/5015/3531 2481/5018/3534
f 2482/5019/3535 2480/5020/3536 2481/5021/3536
f 2482/5019/3535 2483/5022/3537 2480/5020/3536
f 2483/5023/3538 2484/5024/3539 2480/5025/3540
f 2484/5024/3539 2483/5023/3538 2485/5026/3541
f 2484/5024/3539 2485/5026/3541 2486/5027/3542
f 2486/5028/3543 2479/5029/3544 2484/5030/3545
f 2486/5027/3542 2485/5026/3541 2487/5031/3546
f 2487/5032/3547 2488/5033/3548 2486/5028/3543
f 2486/5028/3543 2488/5033/3548 2489/5034/3549
f 2486/5028/3543 2489/5034/3549 2479/5029/3544
f 2477/5006/3523 2479/5014/3530 2489/5035/3550
f 2477/5006/3523 2489/5035/3550 2488/5036/3551
f 2490/5037/3552 2491/5038/3553 2488/5033/3548
f 2490/5037/3552 2488/5033/3548 2487/5032/3547
f 2477/5006/3523 2488/5036/3551 2492/5039/3554
f 2492/5039/3554 2488/5036/3551 2491/5040/3555
f 2493/5041/3556 2477/5006/3523 2492/5039/3554
f 2493/5041/3556 2492/5039/3554 2494/5042/3302
f 2494/5042/3302 2492/5039/3554 2495/5043/3557
f 2495/5043/3557 2492/5039/3554 2496/5044/3558
f 2496/5045/3559 2492/5046/3560 2497/5047/3561
f 2492/5039/3554 2498/5048/3562 2497/5049/3563
f 2492/5039/3554 2491/5040/3555 2498/5048/3562
f 2499/5050/3564 2497/5051/3565 2498/5052/3566
f 2499/5050/3564 2498/5052/3566 2500/5053/3567
f 2490/5037/3552 2500/5054/3568 2498/5055/3569
f 2490/5037/3552 2498/5055/3569 2491/5038/3553
f 2500/5056/3570 2483/5023/3538 2499/5057/3571
f 2485/5026/3541 2483/5023/3538 2500/5056/3570
f 2490/5058/3572 2485/5026/3541 2500/5056/3570
f 2499/5050/3564 2502/5059/3565 2497/5051/3565
f 2501/5060/3573 2499/5061/3574 2483/5022/3537
f 2502/5059/3565 2499/5050/3564 2501/5062/3564
f 2501/5063/3575 2503/5064/3576 2502/5065/3577
f 2502/5065/3577 2503/5064/3576 2504/5066/3578
f 2502/5065/3577 2504/5066/3578 2505/5067/3579
f 2505/5068/3580 2497/5047/3561 2502/5069/3581
f 2506/5070/3582 2496/5045/3559 2505/5068/3580
f 2506/5071/3583 2505/5072/3579 2504/5073/3578
f 2496/5045/3559 2497/5047/3561 2505/5068/3580
f 2506/5070/3582 2510/5074/3584 2496/5045/3559
f 2509/5075/3585 2506/5070/3582 2507/5076/3586
f 2506/5071/3583 2508/5077/3587 2507/5078/3588
f 2506/5071/3583 2504/5073/3578 2508/5077/3587
f 2509/5075/3585 2510/5074/3584 2506/5070/3582
f 2511/5079/3589 2496/5044/3558 2510/5080/3590
f 2511/5079/3589 2510/5080/3590 2512/5081/3591
f 2512/5081/3591 2510/5080/3590 2513/5082/3592
f 2513/5083/3593 2510/5074/3584 2509/5075/3585
f 2512/5081/3591 2513/5082/3592 2514/5084/3594
f 2514/5084/3594 2513/5082/3592 2515/5085/3595
f 2513/5082/3592 2516/5086/3596 2515/5085/3595
f 2513/5082/3592 2517/5087/3597 2516/5086/3596
f 2513/5082/3592 2518/5088/3598 2517/5087/3597
f 2513/5082/3592 2509/5089/3599 2518/5088/3598
f 2519/5090/3600 2517/5091/3601 2518/5092/3602
f 2519/5090/3600 2518/5092/3602 2520/5093/3603
f 2518/5094/3604 2521/5095/3605 2520/5096/3606
f 2509/5097/3607 2521/5095/3605 2518/5094/3604
f 2524/5098/1570 2520/5099/3608 2521/5100/3609
f 2507/5101/3607 2521/5095/3605 2509/5097/3607
f 2521/5095/3605 2507/5101/3607 2523/5101/3605
f 2522/5102/3610 2524/5103/3610 2521/5104/3611
f 2522/5102/3610 2521/5104/3611 2523/5105/3611
f 2527/5106/3612 2524/5098/1570 2525/5107/687
f 2526/5108/3613 2525/5109/3614 2524/5103/3610
f 2526/5108/3613 2524/5103/3610 2522/5102/3610
f 2520/5099/3608 2524/5098/1570 2528/5110/3615
f 2528/5110/3615 2524/5098/1570 2527/5106/3612
f 2529/5111/3616 2528/5110/3615 2527/5106/3612
f 2530/5112/3617 2528/5110/3615 2529/5111/3616
f 2519/5113/3618 2528/5110/3615 2530/5112/3617
f 2520/5099/3608 2528/5110/3615 2519/5113/3618
f 2529/5114/3619 2516/5115/3620 2530/5116/3620
f 2530/5116/3620 2516/5115/3620 2519/5090/3600
f 2529/5114/3619 2531/5117/3621 2532/5118/3622
f 2529/5114/3619 2527/5119/3623 2531/5117/3621
f 2529/5114/3619 2532/5118/3622 2516/5115/3620
f 2515/5085/3595 2516/5086/3596 2532/5120/3624
f 2515/5085/3595 2532/5120/3624 2531/5121/3625
f 2515/5085/3595 2531/5121/3625 2533/5122/3626
f 2525/5123/3627 2531/5124/3326 2527/5125/3326
f 2525/5123/3627 2533/5126/3628 2531/5124/3326
f 2515/5127/3629 2533/5128/3630 2536/5129/3631
f 2533/5128/3630 2534/5130/3632 2536/5129/3631
f 2533/5128/3630 2535/5131/3633 2534/5130/3632
f 2525/5123/3627 2535/5132/3628 2533/5126/3628
f 2537/5133/3634 2515/5085/3595 2536/5134/3635
f 2537/5133/3634 2536/5134/3635 2538/5135/3512
f 2536/5129/3631 2534/5130/3632 2538/5136/3636
f 2537/5133/3634 2538/5135/3512 2539/5137/3556
f 2539/5137/3556 2538/5135/3512 2540/5138/3637
f 2540/5139/3638 2538/5136/3636 2541/5140/3639
f 2541/5140/3639 2538/5136/3636 2542/5141/3636
f 2538/5136/3636 2534/5130/3632 2542/5141/3636
f 2541/5140/3639 2542/5141/3636 2543/5142/3640
f 2543/5143/3641 2542/5144/3642 2544/5145/3643
f 2534/5146/3644 2544/5147/3643 2542/5148/3642
f 2543/5143/3641 2544/5145/3643 2546/5149/3645
f 2534/5146/3644 2545/5150/3646 2544/5147/3643
f 2545/5151/3647 2548/5152/3648 2544/5153/3649
f 2544/5153/3649 2547/5154/3650 2546/5155/3651
f 2548/5152/3648 2547/5154/3650 2544/5153/3649
f 2549/5156/3652 2550/5157/3653 2548/5152/3648
f 2551/5158/3654 2549/5156/3652 2548/5152/3648
f 2548/5152/3648 2550/5157/3653 2547/5154/3650
f 2551/5158/3654 2548/5152/3648 2545/5151/3647
f 2552/5159/3655 2551/5158/3654 2545/5151/3647
f 2553/5160/3656 2551/5158/3654 2552/5159/3655
f 2553/5160/3656 2554/5161/3657 2551/5158/3654
f 2554/5161/3657 2549/5156/3652 2551/5158/3654
f 2555/5162/3658 2549/5156/3652 2554/5161/3657
f 2557/5163/3659 2555/5162/3658 2554/5161/3657
f 2557/5163/3659 2554/5161/3657 2556/5164/3660
f 2556/5164/3660 2554/5161/3657 2553/5160/3656
f 2559/5165/3661 2557/5163/3659 2556/5164/3660
f 2557/5163/3659 2558/5166/3662 2555/5162/3658
f 2560/5167/3663 2558/5166/3662 2557/5163/3659
f 2559/5165/3661 2560/5167/3663 2557/5163/3659
f 2561/5168/3664 2558/5166/3662 2560/5167/3663
f 2561/5168/3664 2560/5167/3663 2562/5169/3665
f 2562/5169/3665 2560/5167/3663 2559/5165/3661
f 2563/5170/3666 2562/5169/3665 2564/5171/3667
f 2563/5170/3666 2561/5168/3664 2562/5169/3665
f 2564/5171/3667 2562/5169/3665 2565/5172/3668
f 2565/5172/3668 2562/5169/3665 2559/5165/3661
f 2565/5172/3668 2556/5164/3660 2568/5173/3669
f 2565/5172/3668 2559/5165/3661 2556/5164/3660
f 2566/5174/3670 2565/5172/3668 2567/5175/3671
f 2566/5174/3670 2564/5171/3667 2565/5172/3668
f 2565/5172/3668 2568/5173/3669 2567/5175/3671
f 2567/5175/3671 2568/5173/3669 2569/5176/3672
f 2568/5173/3669 2556/5164/3660 2570/5177/3673
f 2569/5176/3672 2568/5173/3669 2570/5177/3673
f 2570/5177/3673 2556/5164/3660 2553/5160/3656
f 2569/5176/3672 2570/5177/3673 2504/5178/3674
f 2504/5178/3674 2570/5177/3673 2508/5179/3675
f 2570/5177/3673 2553/5160/3656 2508/5179/3675
f 2435/4919/3454 2567/5175/3671 2569/5176/3672
f 2435/4919/3454 2569/5176/3672 2503/5180/3676
f 2503/5180/3676 2569/5176/3672 2504/5178/3674
f 2566/5174/3670 2567/5175/3671 2433/4917/3452
f 2433/4917/3452 2567/5175/3671 2435/4919/3454
f 2432/4916/3451 2571/5181/3677 2566/5174/3670
f 2571/5181/3677 2564/5171/3667 2566/5174/3670
f 2432/4916/3451 2566/5174/3670 2433/4917/3452
f 2563/5170/3666 2564/5171/3667 2571/5181/3677
f 2563/5170/3666 2571/5181/3677 2573/5182/3678
f 2572/5183/3679 2571/5181/3677 2432/4916/3451
f 2573/5182/3678 2571/5181/3677 2572/5183/3679
f 2574/5184/3680 2573/5182/3678 2420/4905/3441
f 2420/4905/3441 2573/5182/3678 2576/5185/3681
f 2575/5186/3682 2573/5182/3678 2574/5184/3680
f 2575/5186/3682 2563/5170/3666 2573/5182/3678
f 2573/5182/3678 2572/5183/3679 2576/5185/3681
f 2576/5185/3681 2572/5183/3679 2430/4915/3450
f 2576/5185/3681 2430/4915/3450 2423/4908/3444
f 2420/4905/3441 2576/5185/3681 2421/4906/3442
f 2576/5185/3681 2423/4908/3444 2421/4906/3442
f 2579/5187/3683 2575/5186/3682 2577/5188/3684
f 2577/5188/3684 2575/5186/3682 2578/5189/3685
f 2578/5189/3685 2575/5186/3682 2574/5184/3680
f 2579/5187/3683 2563/5170/3666 2575/5186/3682
f 2561/5168/3664 2563/5170/3666 2579/5187/3683
f 2561/5168/3664 2579/5187/3683 2580/5190/3686
f 2579/5187/3683 2581/5191/3687 2580/5190/3686
f 2579/5187/3683 2577/5188/3684 2581/5191/3687
f 2581/5191/3687 2577/5188/3684 2582/5192/3688
f 2584/5193/3689 2581/5191/3687 2582/5192/3688
f 2580/5190/3686 2581/5191/3687 2583/5194/3690
f 2583/5194/3690 2581/5191/3687 2584/5193/3689
f 2584/5193/3689 2582/5192/3688 2587/5195/3691
f 2584/5193/3689 2587/5195/3691 2585/5196/3692
f 2586/5197/3693 2584/5193/3689 2585/5196/3692
f 2586/5197/3693 2583/5194/3690 2584/5193/3689
f 2585/5196/3692 2587/5195/3691 2588/5198/3694
f 2588/5198/3694 2587/5195/3691 2589/5199/3695
f 2587/5195/3691 2590/5200/3696 2589/5199/3695
f 2582/5192/3688 2590/5200/3696 2587/5195/3691
f 2590/5200/3696 2592/5201/3697 2591/5202/3698
f 2589/5199/3695 2590/5200/3696 2591/5202/3698
f 2593/5203/3699 2592/5201/3697 2590/5200/3696
f 2582/5192/3688 2593/5203/3699 2590/5200/3696
f 2593/5203/3699 2594/5204/3700 2592/5201/3697
f 2593/5203/3699 2595/5205/3701 2594/5204/3700
f 2582/5192/3688 2577/5188/3684 2593/5203/3699
f 2593/5203/3699 2577/5188/3684 2578/5189/3685
f 2593/5203/3699 2578/5189/3685 2595/5205/3701
f 2578/5189/3685 2596/5206/3702 2595/5205/3701
f 2595/5205/3701 2596/5206/3702 2598/5207/3703
f 2595/5205/3701 2598/5207/3703 2597/5208/3704
f 2595/5205/3701 2597/5208/3704 2594/5204/3700
f 2598/5207/3703 2596/5206/3702 2599/5209/3705
f 2600/5210/3706 2598/5207/3703 2599/5209/3705
f 2597/5208/3704 2598/5207/3703 2600/5210/3706
f 2599/5211/3705 2601/5212/3707 2600/5213/3706
f 2601/5212/3707 2602/5214/3708 2600/5213/3706
f 2602/5214/3708 2603/5215/3709 2600/5213/3706
f 2600/5213/3706 2603/5215/3709 2604/5216/3710
f 2604/5217/3710 2597/5208/3704 2600/5210/3706
f 2604/5216/3710 2603/5215/3709 2605/5218/3711
f 2604/5216/3710 2605/5218/3711 2606/5219/3712
f 2606/5220/3712 2597/5208/3704 2604/5217/3710
f 2606/5221/3713 2607/5222/3714 2608/5223/3715
f 2605/5224/3716 2607/5222/3714 2606/5221/3713
f 2608/5225/3715 2609/5226/3717 2606/5227/3713
f 2609/5228/3718 2597/5208/3704 2606/5220/3712
f 2609/5226/3717 2608/5225/3715 2611/5229/3719
f 2610/5230/3720 2594/5204/3700 2609/5228/3718
f 2609/5226/3717 2611/5229/3719 2610/5231/3721
f 2594/5204/3700 2597/5208/3704 2609/5228/3718
f 2608/5232/3722 2612/5233/3723 2611/5234/3724
f 2612/5233/3723 2613/5235/3725 2611/5234/3724
f 2611/5234/3724 2613/5235/3725 2614/5236/3726
f 2610/5231/3721 2611/5229/3719 2614/5237/3727
f 2610/5231/3721 2614/5237/3727 2591/5238/3728
f 2591/5238/3728 2614/5237/3727 2615/5239/3729
f 2614/5236/3726 2616/5240/3730 2615/5241/3731
f 2613/5235/3725 2616/5240/3730 2614/5236/3726
f 2616/5240/3730 2618/5242/3732 2617/5243/3733
f 2616/5240/3730 2617/5243/3733 2615/5241/3731
f 2613/5235/3725 2619/5244/3734 2616/5240/3730
f 2616/5240/3730 2619/5244/3734 2618/5242/3732
f 2619/5244/3734 2622/5245/3735 2620/5246/3736
f 2619/5244/3734 2620/5246/3736 2618/5242/3732
f 2621/5247/3737 2622/5245/3735 2619/5244/3734
f 2613/5235/3725 2621/5247/3737 2619/5244/3734
f 2620/5246/3736 2622/5245/3735 2623/5248/3738
f 2623/5248/3738 2622/5245/3735 2624/5249/3739
f 2622/5245/3735 2625/5250/3740 2624/5249/3739
f 2625/5250/3740 2622/5245/3735 2621/5247/3737
f 2624/5249/3739 2625/5250/3740 2626/5251/3741
f 2626/5251/3741 2625/5250/3740 2627/5252/3742
f 2625/5250/3740 2628/5253/3743 2627/5252/3742
f 2625/5250/3740 2621/5247/3737 2628/5253/3743
f 2627/5252/3742 2628/5253/3743 2629/5254/3744
f 2629/5254/3744 2628/5253/3743 2630/5255/3745
f 2628/5253/3743 2612/5233/3723 2630/5255/3745
f 2628/5253/3743 2621/5247/3737 2612/5233/3723
f 2630/5256/3745 2631/5257/3746 2629/5258/3744
f 2632/5259/3747 2631/5257/3746 2630/5256/3745
f 2632/5259/3747 2630/5256/3745 2607/5260/3748
f 2607/5260/3748 2630/5256/3745 2608/5261/3722
f 2630/5255/3745 2612/5233/3723 2608/5232/3722
f 2634/5262/3749 2632/5259/3747 2607/5260/3748
f 2633/5263/3750 2632/5259/3747 2634/5262/3749
f 2633/5263/3750 2631/5257/3746 2632/5259/3747
f 2635/5264/3751 2633/5263/3750 2634/5262/3749
f 2636/5265/3752 2635/5266/3753 2634/5267/3754
f 2605/5224/3716 2634/5267/3754 2607/5222/3714
f 2636/5265/3752 2634/5267/3754 2605/5224/3716
f 2605/5218/3711 2603/5215/3709 2636/5268/3755
f 2603/5215/3709 2637/5269/3756 2636/5268/3755
f 2636/5268/3755 2637/5269/3756 2638/5270/3757
f 2638/5271/3753 2635/5266/3753 2636/5265/3752
f 2638/5271/3753 2639/5272/3758 2635/5266/3753
f 2640/5273/3759 2639/5272/3758 2638/5271/3753
f 2637/5269/3756 2641/5274/3760 2638/5270/3757
f 2638/5270/3757 2641/5274/3760 2640/5275/3761
f 2642/5276/3762 2641/5274/3760 2637/5269/3756
f 2642/5276/3762 2643/5277/3763 2641/5274/3760
f 2643/5277/3763 2644/5278/3764 2641/5274/3760
f 2644/5278/3764 2645/5279/3765 2641/5274/3760
f 2641/5274/3760 2645/5279/3765 2640/5275/3761
f 2644/5278/3764 2646/5280/3766 2645/5279/3765
f 2646/5280/3766 2647/5281/3767 2645/5279/3765
f 2640/5275/3761 2645/5279/3765 2648/5282/3768
f 2645/5279/3765 2647/5281/3767 2648/5282/3768
f 2648/5282/3768 2647/5281/3767 2649/5283/3769
f 2648/5284/3770 2651/5285/3771 2640/5273/3759
f 2649/5286/3772 2650/5287/3773 2648/5284/3770
f 2648/5284/3770 2650/5287/3773 2651/5285/3771
f 2650/5288/3774 2652/5289/3775 2651/5290/3776
f 2652/5289/3775 2653/5291/3777 2651/5290/3776
f 2640/5273/3759 2651/5285/3771 2639/5272/3758
f 2651/5290/3776 2653/5291/3777 2639/5292/3778
f 2652/5289/3775 2655/5293/3779 2653/5291/3777
f 2653/5291/3777 2656/5294/3780 2654/5295/3781
f 2653/5291/3777 2654/5295/3781 2639/5292/3778
f 2653/5291/3777 2655/5293/3779 2656/5294/3780
f 2656/5294/3780 2658/5296/3782 2657/5297/3783
f 2654/5295/3781 2656/5294/3780 2657/5297/3783
f 2656/5294/3780 2659/5298/3784 2658/5296/3782
f 2655/5293/3779 2659/5298/3784 2656/5294/3780
f 2658/5296/3782 2659/5298/3784 2660/5299/3785
f 2660/5299/3785 2659/5298/3784 2661/5300/3786
f 2659/5298/3784 2662/5301/3787 2661/5300/3786
f 2655/5293/3779 2662/5301/3787 2659/5298/3784
f 2661/5300/3786 2662/5301/3787 2664/5302/3788
f 2663/5303/3789 2665/5304/3790 2662/5301/3787
f 2663/5303/3789 2662/5301/3787 2655/5293/3779
f 2662/5301/3787 2665/5304/3790 2664/5302/3788
f 2666/5305/3791 2665/5304/3790 2663/5303/3789
f 2666/5305/3791 2667/5306/3792 2665/5304/3790
f 2665/5304/3790 2667/5306/3792 2668/5307/3793
f 2664/5302/3788 2665/5304/3790 2668/5307/3793
f 2668/5307/3793 2667/5306/3792 2669/5308/3794
f 2669/5308/3794 2671/5309/3795 2670/5310/3796
f 2667/5306/3792 2671/5309/3795 2669/5308/3794
f 2672/5311/3797 2671/5309/3795 2667/5306/3792
f 2673/5312/3798 2671/5309/3795 2672/5311/3797
f 2673/5312/3798 2674/5313/3799 2671/5309/3795
f 2671/5309/3795 2674/5313/3799 2670/5310/3796
f 2674/5313/3799 2620/5246/3736 2675/5314/3800
f 2618/5242/3732 2620/5246/3736 2674/5313/3799
f 2670/5310/3796 2674/5313/3799 2675/5314/3800
f 2618/5242/3732 2674/5313/3799 2673/5312/3798
f 2675/5314/3800 2620/5246/3736 2623/5248/3738
f 2617/5243/3733 2618/5242/3732 2673/5312/3798
f 2617/5243/3733 2673/5312/3798 2676/5315/3801
f 2676/5315/3801 2673/5312/3798 2672/5311/3797
f 2677/5316/3802 2676/5315/3801 2679/5317/3803
f 2617/5243/3733 2676/5315/3801 2677/5316/3802
f 2676/5315/3801 2672/5311/3797 2678/5318/3804
f 2676/5315/3801 2678/5318/3804 2679/5317/3803
f 2679/5317/3803 2678/5318/3804 2681/5319/3805
f 2588/5320/3806 2679/5321/3807 2680/5322/3808
f 2680/5322/3808 2679/5321/3807 2681/5323/3809
f 2588/5320/3806 2677/5324/3810 2679/5321/3807
f 2681/5319/3805 2684/5325/3811 2682/5326/3812
f 2683/5327/3813 2681/5323/3809 2682/5328/3813
f 2680/5322/3808 2681/5323/3809 2683/5327/3813
f 2678/5318/3804 2684/5325/3811 2681/5319/3805
f 2684/5325/3811 2663/5303/3789 2685/5329/3814
f 2684/5325/3811 2685/5329/3814 2682/5326/3812
f 2678/5318/3804 2666/5305/3791 2684/5325/3811
f 2684/5325/3811 2666/5305/3791 2663/5303/3789
f 2682/5326/3812 2685/5329/3814 2650/5288/3774
f 2685/5329/3814 2652/5289/3775 2650/5288/3774
f 2685/5329/3814 2655/5293/3779 2652/5289/3775
f 2685/5329/3814 2663/5303/3789 2655/5293/3779
f 2683/5327/3813 2682/5328/3813 2649/5286/3772
f 2683/5330/3815 2686/5331/3816 2680/5332/3817
f 2687/5333/3818 2686/5331/3816 2683/5330/3815
f 2649/5283/3769 2687/5333/3818 2683/5330/3815
f 2688/5334/3819 2686/5331/3816 2687/5333/3818
f 2646/5280/3766 2688/5334/3819 2687/5333/3818
f 2646/5280/3766 2687/5333/3818 2647/5281/3767
f 2647/5281/3767 2687/5333/3818 2649/5283/3769
f 2646/5280/3766 2689/5335/3820 2688/5334/3819
f 2689/5335/3820 2690/5336/3821 2688/5334/3819
f 2688/5334/3819 2690/5336/3821 2691/5337/3822
f 2688/5334/3819 2691/5337/3822 2686/5331/3816
f 2690/5336/3821 2692/5338/3823 2691/5337/3822
f 2691/5337/3822 2692/5338/3823 2586/5197/3693
f 2691/5337/3822 2586/5197/3693 2686/5331/3816
f 2694/5339/3824 2692/5338/3823 2693/5340/3825
f 2693/5340/3825 2692/5338/3823 2690/5336/3821
f 2694/5339/3824 2583/5194/3690 2692/5338/3823
f 2692/5338/3823 2583/5194/3690 2586/5197/3693
f 2695/5341/3826 2580/5190/3686 2694/5339/3824
f 2695/5341/3826 2694/5339/3824 2696/5342/3827
f 2696/5342/3827 2694/5339/3824 2693/5340/3825
f 2580/5190/3686 2583/5194/3690 2694/5339/3824
f 2695/5341/3826 2696/5342/3827 2697/5343/3828
f 2696/5342/3827 2698/5344/3829 2697/5343/3828
f 2696/5342/3827 2693/5340/3825 2700/5345/3830
f 2696/5342/3827 2699/5346/3831 2698/5344/3829
f 2696/5342/3827 2700/5345/3830 2699/5346/3831
f 2700/5345/3830 2704/5347/3832 2699/5346/3831
f 2700/5345/3830 2693/5340/3825 2701/5348/3833
f 2700/5345/3830 2701/5348/3833 2702/5349/3834
f 2700/5345/3830 2702/5349/3834 2703/5350/3835
f 2700/5345/3830 2703/5350/3835 2704/5347/3832
f 2704/5347/3832 2705/5351/3836 2706/5352/3837
f 2703/5350/3835 2705/5351/3836 2704/5347/3832
f 2699/5346/3831 2704/5347/3832 2706/5352/3837
f 2706/5352/3837 2707/5353/3838 2709/5354/3839
f 2706/5352/3837 2705/5351/3836 2707/5353/3838
f 2708/5355/3840 2699/5346/3831 2706/5352/3837
f 2708/5355/3840 2706/5352/3837 2709/5354/3839
f 2712/5356/3841 2709/5354/3839 2710/5357/3842
f 2709/5354/3839 2711/5358/3843 2710/5357/3842
f 2707/5353/3838 2711/5358/3843 2709/5354/3839
f 2708/5355/3840 2709/5354/3839 2712/5356/3841
f 2550/5157/3653 2712/5356/3841 2547/5154/3650
f 2713/5359/3844 2712/5356/3841 2550/5157/3653
f 2713/5359/3844 2708/5355/3840 2712/5356/3841
f 2547/5154/3650 2712/5356/3841 2710/5357/3842
f 2714/5360/3845 2697/5343/3828 2713/5359/3844
f 2714/5360/3845 2713/5359/3844 2550/5157/3653
f 2713/5359/3844 2698/5344/3829 2708/5355/3840
f 2697/5343/3828 2698/5344/3829 2713/5359/3844
f 2714/5360/3845 2550/5157/3653 2549/5156/3652
f 2555/5162/3658 2714/5360/3845 2549/5156/3652
f 2555/5162/3658 2715/5361/3846 2714/5360/3845
f 2715/5361/3846 2697/5343/3828 2714/5360/3845
f 2558/5166/3662 2715/5361/3846 2555/5162/3658
f 2695/5341/3826 2715/5361/3846 2558/5166/3662
f 2695/5341/3826 2697/5343/3828 2715/5361/3846
f 2710/5357/3842 2711/5358/3843 2716/5362/3847
f 2716/5362/3847 2711/5358/3843 2718/5363/3848
f 2707/5353/3838 2717/5364/3849 2711/5358/3843
f 2711/5358/3843 2717/5364/3849 2719/5365/3850
f 2718/5363/3848 2711/5358/3843 2719/5365/3850
f 2721/5366/3851 2719/5367/3852 2720/5368/3853
f 2720/5368/3853 2719/5367/3852 2722/5369/3854
f 2721/5366/3851 2718/5370/3851 2719/5367/3852
f 2719/5365/3850 2717/5364/3849 2722/5371/3855
f 2723/5372/3856 2722/5369/3854 2724/5373/3857
f 2720/5368/3853 2722/5369/3854 2723/5372/3856
f 2722/5371/3855 2717/5364/3849 2724/5374/3858
f 2724/5374/3858 2717/5364/3849 2725/5375/3859
f 2724/5374/3858 2725/5375/3859 2726/5376/3860
f 2727/5377/3861 2724/5373/3857 2726/5378/3862
f 2723/5372/3856 2724/5373/3857 2727/5377/3861
f 2728/5379/3863 2727/5380/3864 2729/5381/3865
f 2728/5379/3863 2723/5382/3866 2727/5380/3864
f 2727/5377/3861 2726/5378/3862 2729/5383/3867
f 2730/5384/3868 2728/5379/3863 2729/5381/3865
f 2730/5384/3868 2729/5381/3865 2731/5385/3869
f 2729/5386/3867 2732/5387/3216 2731/5388/3216
f 2732/5387/3216 2729/5386/3867 2726/5389/3862
f 2732/5390/3870 2725/5375/3859 2733/5391/3871
f 2726/5376/3860 2725/5375/3859 2732/5390/3870
f 2733/5391/3871 2734/5392/3872 2732/5390/3870
f 2735/5393/3873 2732/5387/3216 2734/5394/3873
f 2731/5388/3216 2732/5387/3216 2735/5393/3873
f 2735/5393/3873 2734/5394/3873 2736/5395/3221
f 2730/5384/3868 2735/5396/3527 2736/5397/3866
f 2730/5384/3868 2731/5385/3869 2735/5396/3527
f 2730/5384/3868 2736/5397/3866 2737/5398/3874
f 2736/5395/3221 2738/5399/3221 2737/5400/3227
f 2736/5395/3221 2734/5394/3873 2738/5399/3221
f 2737/5400/3227 2738/5399/3221 2740/5401/3875
f 2739/5402/3876 2738/5403/3877 2734/5392/3872
f 2739/5402/3876 2740/5404/3878 2738/5403/3877
f 2743/5405/3879 2740/5401/3875 2741/5406/3880
f 2742/5407/3881 2741/5408/3882 2740/5404/3878
f 2742/5407/3881 2740/5404/3878 2739/5402/3876
f 2737/5400/3227 2740/5401/3875 2743/5405/3879
f 2745/5409/3883 2743/5410/3884 2744/5411/3885
f 2743/5405/3879 2741/5406/3880 2744/5412/3886
f 2745/5409/3883 2737/5398/3874 2743/5410/3884
f 2745/5409/3883 2730/5384/3868 2737/5398/3874
f 2745/5409/3883 2746/5413/3887 2730/5384/3868
f 2749/5414/3888 2746/5413/3887 2745/5409/3883
f 2747/5415/3889 2748/5416/3247 2745/5417/3890
f 2745/5409/3883 2751/5418/3865 2747/5419/3891
f 2745/5417/3890 2748/5416/3247 2750/5420/3892
f 2745/5417/3890 2750/5420/3892 2749/5421/3893
f 2745/5409/3883 2744/5411/3885 2751/5418/3865
f 2751/5422/3894 2753/5423/3895 2752/5424/3407
f 2751/5422/3894 2752/5424/3407 2755/5425/3409
f 2744/5412/3886 2753/5423/3895 2751/5422/3894
f 2747/5419/3891 2751/5418/3865 2754/5426/3896
f 2751/5422/3894 2755/5425/3409 2754/5427/3409
f 2710/5357/3842 2755/5428/3897 2752/5429/3898
f 2710/5357/3842 2716/5362/3847 2755/5428/3897
f 2754/5427/3409 2755/5425/3409 2716/5430/3414
f 2754/5427/3409 2716/5430/3414 2756/5431/3899
f 2747/5419/3891 2754/5426/3896 2756/5432/3900
f 2756/5431/3899 2718/5370/3851 2721/5366/3851
f 2747/5419/3891 2756/5432/3900 2721/5433/3874
f 2756/5431/3899 2716/5430/3414 2718/5370/3851
f 2757/5434/3901 2752/5429/3898 2753/5435/3902
f 2744/5412/3886 2741/5406/3880 2753/5423/3895
f 2757/5434/3901 2753/5435/3902 2741/5408/3882
f 2761/5436/3903 2546/5149/3645 2757/5437/3904
f 2546/5155/3651 2710/5357/3842 2757/5434/3901
f 2710/5357/3842 2752/5429/3898 2757/5434/3901
f 2757/5434/3901 2741/5408/3882 2742/5407/3881
f 2759/5438/3905 2757/5437/3904 2742/5439/3906
f 2760/5440/3907 2757/5437/3904 2758/5441/3908
f 2758/5441/3908 2757/5437/3904 2759/5438/3905
f 2761/5436/3903 2757/5437/3904 2760/5440/3907
f 2761/5442/3909 2762/5443/3910 2764/5444/3911
f 2760/5445/3912 2762/5443/3910 2761/5442/3909
f 2761/5436/3903 2543/5143/3641 2546/5149/3645
f 2763/5446/3913 2543/5143/3641 2761/5436/3903
f 2761/5442/3909 2764/5444/3911 2763/5447/3911
f 2762/5448/3914 2765/5449/3915 2764/5450/3916
f 2766/5451/3917 2764/5452/3918 2765/5453/3919
f 2541/5454/3920 2764/5452/3918 2766/5451/3917
f 2543/5455/3921 2764/5452/3918 2541/5454/3920
f 2764/5452/3918 2543/5455/3921 2763/5456/3922
f 2540/5138/3637 2541/5457/3923 2766/5458/3923
f 2540/5138/3637 2766/5458/3923 2768/5459/3924
f 2766/5460/3925 2765/5461/3926 2767/5462/3927
f 2766/5460/3925 2767/5462/3927 2768/5463/3928
f 2540/5138/3637 2768/5459/3924 2769/5464/3929
f 2768/5463/3928 2767/5462/3927 2769/5465/3930
f 2770/5466/3931 2540/5138/3637 2769/5464/3929
f 2770/5466/3931 2769/5464/3929 2771/5467/3932
f 2769/5465/3930 2772/5468/3933 2771/5469/3934
f 2769/5465/3930 2767/5462/3927 2772/5468/3933
f 2772/5470/3935 2773/5471/3936 2774/5472/3937
f 2767/5473/3938 2773/5471/3936 2772/5470/3935
f 2771/5469/3934 2772/5468/3933 2774/5474/3939
f 2771/5469/3934 2774/5474/3939 2775/5475/3940
f 2775/5475/3940 2774/5474/3939 2776/5476/3941
f 2774/5472/3937 2773/5471/3936 2776/5477/3942
f 2777/5478/3395 2775/5479/3943 2776/5480/3395
f 2776/5477/3942 2762/5448/3914 2777/5481/3944
f 2773/5471/3936 2762/5448/3914 2776/5477/3942
f 2777/5478/3395 2758/5482/3945 2778/5483/3946
f 2777/5478/3395 2778/5483/3946 2775/5479/3943
f 2760/5445/3912 2777/5484/3912 2762/5443/3910
f 2758/5482/3945 2777/5478/3395 2760/5485/3248
f 2770/5466/3931 2775/5486/3947 2778/5487/3948
f 2779/5488/3949 2770/5489/3950 2778/5490/3951
f 2759/5491/3952 2778/5490/3951 2758/5492/3953
f 2779/5488/3949 2778/5490/3951 2759/5491/3952
f 2779/5493/3954 2780/5494/3955 2770/5466/3931
f 2779/5493/3954 2781/5495/3956 2780/5494/3955
f 2783/5496/3956 2781/5495/3956 2779/5493/3954
f 2782/5497/3957 2779/5488/3949 2759/5491/3952
f 2782/5497/3957 2783/5498/3957 2779/5488/3949
f 2784/5499/3958 2783/5498/3957 2782/5497/3957
f 2785/5500/3959 2781/5495/3956 2783/5496/3956
f 2785/5501/3960 2783/5498/3957 2784/5499/3958
f 2786/5502/3961 2785/5500/3959 2784/5503/3962
f 2790/5504/3963 2785/5500/3959 2786/5502/3961
f 2789/5505/3964 2787/5506/3965 2785/5500/3959
f 2787/5506/3965 2788/5507/3955 2785/5500/3959
f 2785/5500/3959 2788/5507/3955 2781/5495/3956
f 2789/5505/3964 2785/5500/3959 2790/5504/3963
f 2790/5508/3966 2791/5509/3967 2789/5510/3968
f 2786/5511/3969 2791/5509/3967 2790/5508/3966
f 2792/5512/3970 2793/5513/3971 2791/5514/3972
f 2786/5511/3969 2792/5515/3973 2791/5509/3967
f 2791/5514/3972 2793/5513/3971 2794/5516/3974
f 2789/5510/3968 2791/5509/3967 2794/5517/3975
f 2789/5510/3968 2794/5517/3975 2795/5518/3976
f 2795/5518/3976 2794/5517/3975 2796/5519/3977
f 2794/5516/3974 2793/5513/3971 2796/5520/3978
f 2796/5520/3978 2793/5513/3971 2797/5521/3979
f 2798/5522/3980 2796/5519/3977 2797/5523/3981
f 2795/5518/3976 2796/5519/3977 2798/5522/3980
f 2798/5524/3982 2787/5506/3965 2795/5525/3983
f 2798/5524/3982 2799/5526/3984 2787/5506/3965
f 2800/5527/3985 2799/5528/3986 2798/5529/3488
f 2800/5527/3985 2798/5529/3488 2797/5530/3488
f 2801/5531/3986 2800/5527/3985 2804/5532/3477
f 2800/5527/3985 2801/5531/3986 2803/5533/3987
f 2804/5534/3988 2800/5535/3988 2802/5536/3989
f 2797/5521/3979 2802/5537/201 2800/5538/3990
f 2800/5527/3985 2803/5533/3987 2799/5528/3986
f 2804/5539/3991 2733/5540/3992 2801/5541/3993
f 2805/5542/3994 2733/5540/3992 2804/5539/3991
f 2804/5534/3988 2802/5536/3989 2805/5543/3989
f 2806/5544/3995 2805/5542/3994 2808/5545/3996
f 2806/5544/3995 2733/5540/3992 2805/5542/3994
f 2805/5543/3989 2807/5546/3997 2808/5547/3997
f 2805/5543/3989 2802/5536/3989 2807/5546/3997
f 2807/5548/3998 2806/5549/3999 2808/5550/3470
f 2784/5551/4000 2807/5548/3998 2786/5552/3470
f 2806/5549/3999 2807/5548/3998 2784/5551/4000
f 2802/5537/201 2792/5512/3970 2807/5553/4001
f 2786/5552/3470 2807/5548/3998 2792/5554/3470
f 2782/5555/4002 2739/5556/4003 2806/5544/3995
f 2806/5544/3995 2739/5556/4003 2733/5540/3992
f 2784/5499/3958 2782/5497/3957 2806/5557/4004
f 2801/5558/4005 2810/5559/4006 2803/5560/4007
f 2803/5560/4007 2809/5561/4008 2799/5562/4009
f 2803/5560/4007 2811/5563/4010 2809/5561/4008
f 2803/5560/4007 2810/5559/4006 2811/5563/4010
f 2813/5564/4011 2811/5565/4012 2810/5566/4013
f 2812/5567/4014 2809/5568/4015 2811/5565/4012
f 2812/5567/4014 2811/5565/4012 2813/5564/4011
f 2813/5564/4011 2810/5566/4013 2816/5569/4016
f 2813/5570/4017 2815/5571/3246 2814/5572/4018
f 2814/5573/4019 2812/5567/4014 2813/5564/4011
f 2813/5570/4017 2370/4831/3382 2815/5571/3246
f 2816/5574/3945 2370/4831/3382 2813/5570/4017
f 2822/5575/3248 2370/4831/3382 2816/5574/3945
f 2810/5566/4013 2817/5576/4020 2816/5569/4016
f 2816/5569/4016 2817/5576/4020 2818/5577/3531
f 2819/5578/4021 2816/5574/3945 2818/5579/4022
f 2820/5580/4023 2816/5574/3945 2819/5578/4021
f 2821/5581/4018 2816/5574/3945 2820/5580/4023
f 2822/5575/3248 2816/5574/3945 2821/5581/4018
f 2380/4844/3391 2370/4831/3382 2822/5575/3248
f 2821/5582/4024 2826/5583/4025 2822/5584/4026
f 2822/5584/4026 2824/5585/3252 2823/5586/4027
f 2822/5584/4026 2823/5586/4027 2380/4846/3393
f 2822/5584/4026 2825/5587/4028 2824/5585/3252
f 2822/5584/4026 2826/5583/4025 2825/5587/4028
f 2826/5583/4025 2828/5588/4029 2750/5589/4030
f 2750/5590/4031 2827/5591/4032 2826/5592/4033
f 2826/5592/4033 2827/5591/4032 2830/5593/4033
f 2821/5582/4024 2828/5588/4029 2826/5583/4025
f 2826/5592/4033 2829/5594/4034 2825/5595/4035
f 2826/5592/4033 2830/5593/4033 2829/5594/4034
f 2825/5595/4035 2829/5594/4034 2831/5596/4036
f 2824/5597/4037 2831/5598/4036 2832/5599/4038
f 2825/5595/4035 2831/5596/4036 2824/5600/4037
f 2823/5601/4039 2832/5599/4038 2833/5602/4040
f 2824/5597/4037 2832/5599/4038 2823/5601/4039
f 2834/5603/4040 2833/5602/4040 2835/5604/4041
f 2823/5601/4039 2833/5602/4040 2834/5603/4040
f 2834/5603/4040 2835/5604/4041 2836/5605/4042
f 2836/5605/4042 2835/5604/4041 2837/5606/4043
f 2381/5607/4044 2837/5606/4043 2838/5608/4045
f 2836/5605/4042 2837/5606/4043 2381/5607/4044
f 2839/5609/4046 2381/5607/4044 2838/5608/4045
f 2839/5609/4046 2838/5608/4045 2840/5610/4047
f 2839/5609/4046 2840/5610/4047 2841/5611/4047
f 2841/5611/4047 2840/5610/4047 2842/5612/4048
f 2841/5611/4047 2842/5612/4048 2843/5613/4049
f 2843/5613/4049 2842/5612/4048 2844/5614/4050
f 2843/5613/4049 2844/5614/4050 2845/5615/4050
f 2845/5615/4050 2844/5614/4050 2846/5616/4051
f 2845/5615/4050 2846/5616/4051 2847/5617/4052
f 2847/5617/4052 2846/5616/4051 2848/5618/4053
f 2847/5617/4052 2848/5618/4053 2849/5619/4054
f 2849/5619/4054 2848/5618/4053 2750/5590/4031
f 2750/5590/4031 2848/5618/4053 2827/5591/4032
f 2748/5620/4055 2849/5619/4054 2750/5590/4031
f 2748/5620/4055 2850/5621/4056 2849/5619/4054
f 2748/5620/4055 2851/5622/4057 2850/5621/4056
f 2852/5623/4058 2851/5622/4057 2748/5620/4055
f 2852/5623/4058 2853/5624/4059 2851/5622/4057
f 2854/5625/4060 2853/5624/4059 2852/5623/4058
f 2854/5625/4060 2855/5626/4061 2853/5624/4059
f 2857/5627/4062 2855/5628/4061 2856/5629/4063
f 2855/5626/4061 2854/5625/4060 2856/5630/4063
f 2857/5627/4062 2856/5629/4063 2858/5631/4064
f 2857/5627/4062 2858/5631/4064 2859/5632/4065
f 2859/5632/4065 2858/5631/4064 2860/5633/4040
f 2859/5632/4065 2860/5633/4040 2861/5634/4066
f 2861/5634/4066 2863/5635/4066 2862/5636/4067
f 2861/5634/4066 2860/5633/4040 2863/5635/4066
f 2864/5637/4068 2388/5638/4069 2863/5639/4070
f 2862/5636/4067 2863/5635/4066 2388/5640/4071
f 2864/5637/4068 2863/5639/4070 2860/5641/4072
f 2864/5637/4068 2856/5642/4073 2867/5643/4074
f 2864/5637/4068 2858/5644/4075 2856/5642/4073
f 2864/5637/4068 2860/5641/4072 2858/5644/4075
f 2866/5645/4076 2388/5638/4069 2864/5637/4068
f 2865/5646/4077 2866/5647/4078 2864/5648/4079
f 2865/5646/4077 2864/5648/4079 2867/5649/4078
f 2867/5643/4074 2748/5650/4080 2869/5651/4081
f 2867/5643/4074 2852/5652/4082 2748/5650/4080
f 2867/5643/4074 2854/5653/4083 2852/5652/4082
f 2867/5643/4074 2856/5642/4073 2854/5653/4083
f 2865/5646/4077 2867/5649/4078 2868/5654/4084
f 2868/5654/4084 2867/5649/4078 2869/5655/4084
f 2869/5651/4081 2748/5650/4080 2871/5656/4085
f 2868/5654/4084 2869/5655/4084 2872/5657/4084
f 2869/5651/4081 2870/5658/4086 2872/5659/4086
f 2869/5651/4081 2871/5656/4085 2870/5658/4086
f 2868/5654/4084 2872/5657/4084 2874/5660/4087
f 2872/5659/4086 2873/5661/4088 2874/5662/4089
f 2872/5659/4086 2870/5658/4086 2873/5661/4088
f 2868/5654/4084 2874/5660/4087 2876/5663/4090
f 2874/5662/4089 2873/5661/4088 2875/5664/4091
f 2874/5662/4089 2875/5664/4091 2876/5665/4091
f 2876/5666/4092 2878/5667/4093 2868/5668/4094
f 2879/5669/4095 2877/5670/4096 2876/5666/4092
f 2876/5666/4092 2877/5670/4096 2878/5667/4093
f 2879/5669/4095 2876/5666/4092 2875/5671/4097
f 2875/5672/4098 2870/5673/4099 2879/5674/4100
f 2880/5675/4101 2877/5670/4096 2879/5669/4095
f 2879/5674/4100 2870/5673/4099 2880/5676/3383
f 2880/5675/4101 2881/5677/4102 2877/5670/4096
f 2747/5419/3891 2881/5677/4102 2880/5675/4101
f 2880/5676/3383 2870/5673/4099 2871/5678/3248
f 2880/5676/3383 2871/5678/3248 2747/5415/3889
f 2881/5679/4103 2725/5375/3859 2877/5680/4104
f 2882/5681/4105 2725/5375/3859 2881/5679/4103
f 2747/5419/3891 2882/5682/4106 2881/5677/4102
f 2883/5683/4107 2882/5682/4106 2728/5379/3863
f 2728/5379/3863 2882/5682/4106 2720/5684/3884
f 2883/5685/4108 2725/5375/3859 2882/5681/4105
f 2747/5419/3891 2720/5684/3884 2882/5682/4106
f 2728/5685/4109 2725/5375/3859 2883/5685/4108
f 2868/5668/4094 2878/5667/4093 2884/5686/4110
f 2877/5680/4104 2885/5687/4111 2878/5688/4112
f 2878/5688/4112 2885/5687/4111 2884/5689/4113
f 2725/5375/3859 2886/5690/4114 2885/5687/4111
f 2725/5375/3859 2885/5687/4111 2877/5680/4104
f 2885/5687/4111 2886/5690/4114 2887/5691/4115
f 2885/5687/4111 2887/5691/4115 2884/5689/4113
f 2892/5692/4116 2887/5691/4115 2888/5693/4117
f 2888/5693/4117 2887/5691/4115 2889/5694/4118
f 2886/5690/4114 2705/5351/3836 2887/5691/4115
f 2887/5691/4115 2891/5695/4119 2889/5694/4118
f 2705/5351/3836 2890/5696/4120 2887/5691/4115
f 2887/5691/4115 2890/5696/4120 2891/5695/4119
f 2884/5689/4113 2887/5691/4115 2892/5692/4116
f 2893/5697/4121 2892/5698/4122 2894/5699/4123
f 2893/5697/4121 2884/5686/4110 2892/5698/4122
f 2894/5699/4123 2892/5698/4122 2888/5700/4124
f 2895/5701/4078 2894/5702/4078 2896/5703/4125
f 2895/5701/4078 2893/5704/4078 2894/5702/4078
f 2894/5699/4123 2888/5700/4124 2897/5705/4126
f 2896/5703/4125 2894/5702/4078 2897/5706/4127
f 2896/5703/4125 2897/5706/4127 2898/5707/4078
f 2897/5705/4126 2888/5700/4124 2889/5708/4126
f 2897/5705/4126 2889/5708/4126 2899/5709/4128
f 2898/5707/4078 2897/5706/4127 2899/5710/4078
f 2899/5709/4128 2889/5708/4126 2900/5711/4129
f 2899/5709/4128 2900/5711/4129 2901/5712/4130
f 2902/5713/4078 2899/5710/4078 2901/5714/4078
f 2898/5707/4078 2899/5710/4078 2902/5713/4078
f 2902/5713/4078 2901/5714/4078 2903/5715/4078
f 2903/5716/4131 2904/5717/4132 2902/5718/4133
f 2902/5718/4133 2904/5717/4132 2905/5719/4134
f 2902/5718/4133 2905/5719/4134 2898/5720/4135
f 2904/5721/4136 2906/5722/4137 2905/5723/4138
f 2905/5723/4138 2906/5722/4137 2907/5724/4139
f 2898/5720/4135 2905/5719/4134 2907/5725/4140
f 2907/5724/4139 2909/5726/4141 2908/5727/4142
f 2896/5728/4143 2907/5725/4140 2908/5729/4144
f 2898/5720/4135 2907/5725/4140 2896/5728/4143
f 2906/5722/4137 2909/5726/4141 2907/5724/4139
f 2909/5726/4141 2912/5730/4145 2910/5731/4146
f 2909/5726/4141 2910/5731/4146 2911/5732/4147
f 2913/5733/4148 2909/5726/4141 2911/5732/4147
f 2915/5734/4149 2912/5730/4145 2909/5726/4141
f 2914/5735/4150 2909/5726/4141 2913/5733/4148
f 2908/5727/4142 2909/5726/4141 2914/5735/4150
f 2906/5722/4137 2915/5734/4149 2909/5726/4141
f 2916/5736/4151 2912/5730/4145 2915/5734/4149
f 2916/5736/4151 2915/5734/4149 2917/5737/4152
f 2917/5737/4152 2915/5734/4149 2906/5722/4137
f 2918/5738/4153 2917/5737/4152 2906/5722/4137
f 2919/5739/4154 2917/5737/4152 2918/5738/4153
f 2919/5739/4154 2920/5740/4155 2917/5737/4152
f 2920/5740/4155 2916/5736/4151 2917/5737/4152
f 2920/5740/4155 2408/4890/3429 2923/5741/4156
f 2920/5740/4155 2922/5742/4157 2408/4890/3429
f 2919/5739/4154 2921/5743/4158 2920/5740/4155
f 2920/5740/4155 2921/5743/4158 2922/5742/4157
f 2920/5740/4155 2923/5741/4156 2916/5736/4151
f 2923/5741/4156 2408/4890/3429 2405/4888/3427
f 2923/5741/4156 2912/5730/4145 2916/5736/4151
f 2923/5741/4156 2406/4887/3426 2912/5730/4145
f 2923/5741/4156 2405/4888/3427 2406/4887/3426
f 2921/5743/4158 2924/5744/4159 2922/5742/4157
f 2408/4890/3429 2922/5742/4157 2926/5745/4160
f 2922/5742/4157 2924/5744/4159 2925/5746/4161
f 2926/5745/4160 2922/5742/4157 2925/5746/4161
f 2926/5745/4160 2925/5746/4161 2601/5212/3707
f 2926/5745/4160 2601/5212/3707 2927/5747/4162
f 2409/4891/3430 2408/4890/3429 2926/5745/4160
f 2409/4891/3430 2926/5745/4160 2927/5747/4162
f 2418/4903/3439 2409/4891/3430 2927/5747/4162
f 2418/4903/3439 2927/5747/4162 2928/5748/4163
f 2928/5748/4163 2927/5747/4162 2599/5211/3705
f 2927/5747/4162 2601/5212/3707 2599/5211/3705
f 2928/5749/4163 2420/4905/3441 2418/4902/3439
f 2599/5209/3705 2596/5206/3702 2928/5749/4163
f 2596/5206/3702 2574/5184/3680 2928/5749/4163
f 2574/5184/3680 2420/4905/3441 2928/5749/4163
f 2925/5746/4161 2924/5744/4159 2642/5276/3762
f 2925/5746/4161 2642/5276/3762 2602/5214/3708
f 2925/5746/4161 2602/5214/3708 2601/5212/3707
f 2921/5743/4158 2929/5750/4164 2924/5744/4159
f 2924/5744/4159 2929/5750/4164 2643/5277/3763
f 2642/5276/3762 2924/5744/4159 2643/5277/3763
f 2931/5751/4165 2929/5750/4164 2921/5743/4158
f 2643/5277/3763 2929/5750/4164 2644/5278/3764
f 2929/5750/4164 2930/5752/4166 2644/5278/3764
f 2931/5751/4165 2930/5752/4166 2929/5750/4164
f 2932/5753/4167 2931/5751/4165 2919/5739/4154
f 2931/5751/4165 2921/5743/4158 2919/5739/4154
f 2932/5753/4167 2933/5754/4168 2931/5751/4165
f 2933/5754/4168 2930/5752/4166 2931/5751/4165
f 2933/5754/4168 2689/5335/3820 2930/5752/4166
f 2702/5349/3834 2701/5348/3833 2933/5754/4168
f 2701/5348/3833 2689/5335/3820 2933/5754/4168
f 2702/5349/3834 2933/5754/4168 2932/5753/4167
f 2932/5753/4167 2934/5755/4169 2935/5756/4170
f 2932/5753/4167 2919/5739/4154 2934/5755/4169
f 2702/5349/3834 2932/5753/4167 2936/5757/4171
f 2932/5753/4167 2935/5756/4170 2936/5757/4171
f 2891/5695/4119 2936/5757/4171 2938/5758/4172
f 2937/5759/4173 2936/5757/4171 2891/5695/4119
f 2702/5349/3834 2936/5757/4171 2937/5759/4173
f 2936/5757/4171 2935/5756/4170 2938/5758/4172
f 2939/5760/4174 2938/5758/4172 2940/5761/4175
f 2891/5695/4119 2938/5758/4172 2939/5760/4174
f 2938/5758/4172 2941/5762/4176 2940/5761/4175
f 2938/5758/4172 2935/5756/4170 2941/5762/4176
f 2935/5756/4170 2934/5755/4169 2941/5762/4176
f 2942/5763/4177 2941/5762/4176 2943/5764/4178
f 2940/5761/4175 2941/5762/4176 2942/5763/4177
f 2941/5762/4176 2944/5765/4179 2943/5764/4178
f 2941/5762/4176 2934/5755/4169 2944/5765/4179
f 2943/5764/4178 2944/5765/4179 2904/5721/4136
f 2944/5765/4179 2906/5722/4137 2904/5721/4136
f 2944/5765/4179 2918/5738/4153 2906/5722/4137
f 2934/5755/4169 2918/5738/4153 2944/5765/4179
f 2903/5716/4131 2943/5766/4180 2904/5717/4132
f 2945/5767/4181 2943/5766/4180 2903/5716/4131
f 2945/5767/4181 2942/5768/4182 2943/5766/4180
f 2903/5715/4078 2946/5769/4077 2945/5770/4183
f 2945/5767/4181 2940/5771/4184 2942/5768/4182
f 2946/5772/4185 2940/5771/4184 2945/5767/4181
f 2901/5712/4130 2939/5773/4130 2946/5772/4185
f 2946/5772/4185 2939/5773/4130 2940/5771/4184
f 2903/5715/4078 2901/5714/4078 2946/5769/4077
f 2901/5712/4130 2900/5711/4129 2939/5773/4130
f 2900/5774/4186 2891/5695/4119 2939/5760/4174
f 2703/5350/3835 2937/5759/4173 2890/5696/4120
f 2890/5696/4120 2937/5759/4173 2891/5695/4119
f 2702/5349/3834 2937/5759/4173 2703/5350/3835
f 2919/5739/4154 2918/5738/4153 2934/5755/4169
f 2644/5278/3764 2930/5752/4166 2646/5280/3766
f 2930/5752/4166 2689/5335/3820 2646/5280/3766
f 2947/5775/4187 2914/5776/4188 2913/5777/4189
f 2895/5778/4190 2914/5776/4188 2947/5775/4187
f 2895/5778/4190 2908/5729/4144 2914/5776/4188
f 2865/5646/4077 2868/5654/4084 2947/5779/4077
f 2947/5775/4187 2913/5777/4189 2865/5780/4191
f 2947/5779/4077 2893/5704/4078 2895/5701/4078
f 2947/5779/4077 2868/5654/4084 2893/5704/4078
f 2865/5780/4191 2913/5777/4189 2948/5781/3375
f 2913/5733/4148 2911/5732/4147 2948/5782/4192
f 2949/5783/4193 2948/5781/3375 2950/5784/4194
f 2865/5780/4191 2948/5781/3375 2949/5783/4193
f 2948/5782/4192 2911/5732/4147 2950/5785/4195
f 2952/5786/4196 2949/5783/4193 2950/5784/4194
f 2950/5785/4195 2911/5732/4147 2951/5787/4197
f 2950/5785/4195 2951/5787/4197 2954/5788/4198
f 2952/5786/4196 2950/5784/4194 2953/5789/4199
f 2953/5789/4199 2950/5784/4194 2954/5790/4200
f 2954/5788/4198 2951/5787/4197 2955/5791/4201
f 2390/4864/3406 2954/5790/4200 2955/5792/4202
f 2953/5789/4199 2954/5790/4200 2390/4864/3406
f 2955/5791/4201 2951/5787/4197 2265/5793/4203
f 2390/4864/3406 2955/5792/4202 2265/4617/3211
f 2957/5794/4204 2952/5795/4205 2953/5796/4206
f 2957/5794/4204 2953/5796/4206 2956/5797/4207
f 2956/5797/4207 2953/5796/4206 2390/4862/3404
f 2958/5798/4208 2957/5799/4209 2956/5800/4210
f 2959/5801/4211 2957/5799/4209 2958/5798/4208
f 2959/5801/4211 2960/5802/4211 2957/5799/4209
f 2961/5803/4212 2957/5794/4204 2960/5804/4213
f 2957/5794/4204 2961/5803/4212 2952/5795/4205
f 2949/5805/4214 2961/5806/4215 2960/5802/4211
f 2949/5783/4193 2952/5786/4196 2961/5807/4216
f 2949/5805/4214 2960/5802/4211 2959/5801/4211
f 2949/5808/4217 2959/5809/4218 2865/5646/4077
f 2865/5646/4077 2959/5809/4218 2958/5810/4078
f 2865/5646/4077 2958/5810/4078 2866/5647/4078
f 2958/5798/4208 2956/5800/4210 2866/5645/4076
f 2866/5645/4076 2956/5800/4210 2388/5638/4069
f 2956/5797/4207 2390/4862/3404 2388/4861/3403
f 2266/5811/4219 2951/5787/4197 2384/5812/4220
f 2265/5793/4203 2951/5787/4197 2266/5811/4219
f 2951/5787/4197 2371/4827/3378 2384/5812/4220
f 2371/4827/3378 2951/5787/4197 2271/4630/3224
f 2271/4630/3224 2951/5787/4197 2267/4632/3226
f 2264/5813/4221 2951/5787/4197 2962/5814/4222
f 2951/5787/4197 2963/5815/4223 2962/5814/4222
f 2951/5787/4197 2910/5731/4146 2963/5815/4223
f 2911/5732/4147 2910/5731/4146 2951/5787/4197
f 2267/4632/3226 2951/5787/4197 2264/5813/4221
f 2910/5731/4146 2402/4884/3423 2963/5815/4223
f 2963/5815/4223 2402/4884/3423 2399/4882/3421
f 2963/5815/4223 2399/4882/3421 2964/5816/4224
f 2965/5817/4225 2963/5815/4223 2964/5816/4224
f 2962/5814/4222 2963/5815/4223 2965/5817/4225
f 2967/5818/3854 2965/5819/4226 2966/5820/3853
f 2966/5820/3853 2965/5819/4226 2964/5821/3853
f 2967/5818/3854 2962/5822/4227 2965/5819/4226
f 2968/5823/4228 2962/5822/4227 2967/5818/3854
f 2966/5824/4216 2265/4617/3211 2967/5825/3211
f 2967/5825/3211 2265/4617/3211 2968/5826/4229
f 2968/5823/4228 2264/5827/3214 2962/5822/4227
f 2264/5827/3214 2968/5823/4228 2263/5828/3215
f 2968/5826/4229 2265/4617/3211 2263/4616/3210
f 2966/5820/3853 2964/5821/3853 2969/5829/4230
f 2969/5830/3220 2390/4864/3406 2966/5824/4216
f 2966/5824/4216 2390/4864/3406 2265/4617/3211
f 2969/5829/4230 2400/5831/4231 2970/5832/3899
f 2970/5833/3283 2390/4864/3406 2969/5830/3220
f 2969/5829/4230 2964/5821/3853 2400/5831/4231
f 2970/5832/3899 2395/4875/3414 2389/4869/3409
f 2389/4863/3405 2390/4864/3406 2970/5833/3283
f 2970/5832/3899 2400/5831/4231 2395/4875/3414
f 2964/5816/4224 2399/4882/3421 2400/4878/3417
f 2912/5730/4145 2406/4887/3426 2910/5731/4146
f 2910/5731/4146 2406/4887/3426 2402/4884/3423
f 2896/5728/4143 2908/5729/4144 2895/5778/4190
f 2889/5694/4118 2891/5695/4119 2900/5774/4186
f 2868/5668/4094 2884/5686/4110 2893/5697/4121
f 2703/5350/3835 2890/5696/4120 2705/5351/3836
f 2707/5353/3838 2705/5351/3836 2886/5690/4114
f 2707/5353/3838 2886/5690/4114 2717/5364/3849
f 2717/5364/3849 2886/5690/4114 2725/5375/3859
f 2870/5673/4099 2875/5672/4098 2873/5834/4232
f 2747/5415/3889 2871/5678/3248 2748/5416/3247
f 2862/5636/4067 2388/5640/4071 2839/5609/4046
f 2839/5609/4046 2388/5640/4071 2381/5607/4044
f 2380/4846/3393 2836/5835/4233 2381/4847/3394
f 2380/4846/3393 2834/5836/4234 2836/5835/4233
f 2380/4846/3393 2823/5586/4027 2834/5836/4234
f 2749/5421/3893 2750/5420/3892 2828/5837/3893
f 2749/5421/3893 2828/5837/3893 2971/5838/3248
f 2820/5839/4235 2971/5840/4236 2828/5588/4029
f 2820/5839/4235 2828/5588/4029 2821/5582/4024
f 2749/5421/3893 2971/5838/3248 2972/5841/4237
f 2972/5841/4237 2971/5838/3248 2973/5842/4238
f 2820/5839/4235 2973/5843/4239 2971/5840/4236
f 2972/5841/4237 2973/5842/4238 2974/5844/4240
f 2819/5845/4241 2974/5846/4242 2973/5843/4239
f 2819/5845/4241 2973/5843/4239 2820/5839/4235
f 2818/5577/3531 2972/5847/4243 2974/5848/3866
f 2974/5846/4242 2819/5845/4241 2818/5849/4242
f 2972/5847/4243 2975/5850/4244 2749/5414/3888
f 2972/5847/4243 2818/5577/3531 2975/5850/4244
f 2749/5414/3888 2975/5850/4244 2746/5413/3887
f 2975/5851/4245 2725/5375/3859 2746/5852/4246
f 2733/5391/3871 2725/5375/3859 2975/5851/4245
f 2733/5391/3871 2975/5851/4245 2817/5853/4247
f 2818/5577/3531 2817/5576/4020 2975/5850/4244
f 2801/5541/3993 2817/5854/4248 2976/5855/4248
f 2801/5541/3993 2733/5540/3992 2817/5854/4248
f 2817/5576/4020 2810/5566/4013 2976/5856/4249
f 2801/5558/4005 2976/5857/4250 2810/5559/4006
f 2814/5572/4018 2815/5571/3246 2977/5858/4018
f 2338/5859/4251 2977/5860/4252 2815/5861/4253
f 2370/4825/3376 2367/4822/3374 2815/5862/4254
f 2815/5862/4254 2367/4822/3374 2340/4746/3312
f 2815/5862/4254 2340/4746/3312 2338/4744/3310
f 2814/5572/4018 2977/5858/4018 2978/5863/4255
f 2978/5863/4255 2977/5858/4018 2980/5864/3246
f 2979/5865/4256 2977/5860/4252 2338/5859/4251
f 2979/5865/4256 2980/5866/4257 2977/5860/4252
f 2981/5867/4258 2982/5868/4259 2980/5866/4257
f 2981/5867/4258 2980/5866/4257 2979/5865/4256
f 2983/5869/3248 2980/5864/3246 2982/5870/3246
f 2978/5863/4255 2980/5864/3246 2983/5869/3248
f 2983/5869/3248 2982/5870/3246 2984/5871/3246
f 2985/5872/4260 2983/5873/4261 2984/5874/4262
f 2986/5875/4263 2983/5873/4261 2985/5872/4260
f 2986/5875/4263 2978/5876/4264 2983/5873/4261
f 2986/5875/4263 2812/5877/4265 2814/5878/4266
f 2812/5879/4267 2986/5880/3770 2315/5881/4268
f 2986/5875/4263 2814/5878/4266 2978/5876/4264
f 2315/5881/4268 2986/5880/3770 2985/5882/4269
f 2315/5881/4268 2985/5882/4269 2987/5883/4270
f 2985/5872/4260 2984/5874/4262 2987/5884/4271
f 2987/5884/4271 2989/5885/4272 2988/5886/4273
f 2315/5881/4268 2987/5883/4270 2988/5887/4274
f 2987/5884/4271 2984/5874/4262 2989/5885/4272
f 2984/5871/3246 2990/5888/3246 2989/5889/4018
f 2989/5889/4018 2990/5888/3246 2991/5890/4018
f 2989/5889/4018 2991/5890/4018 2992/5891/4275
f 2988/5886/4273 2989/5885/4272 2992/5892/4276
f 2993/5893/4277 2992/5892/4276 2991/5894/4278
f 2988/5886/4273 2992/5892/4276 2993/5893/4277
f 2318/5895/4279 2993/5896/4280 2994/5897/4270
f 2993/5893/4277 2991/5894/4278 2994/5898/4281
f 2315/5881/4268 2988/5887/4274 2993/5896/4280
f 2315/5881/4268 2993/5896/4280 2318/5895/4279
f 2994/5898/4281 2991/5894/4278 2990/5899/4282
f 2318/5895/4279 2994/5897/4270 2995/5900/4283
f 2994/5898/4281 2990/5899/4282 2995/5901/4284
f 2318/5895/4279 2995/5900/4283 2981/5902/4285
f 2995/5901/4284 2982/5868/4259 2981/5867/4258
f 2995/5901/4284 2990/5899/4282 2982/5868/4259
f 2984/5871/3246 2982/5870/3246 2990/5888/3246
f 2318/5895/4279 2981/5902/4285 2979/5903/4286
f 2318/5895/4279 2979/5903/4286 2338/5904/3770
f 2996/5905/4287 2809/5568/4015 2812/5567/4014
f 2996/5905/4287 2812/5567/4014 2315/5906/4288
f 2997/5907/4249 2809/5568/4015 2996/5905/4287
f 2314/5908/4289 2997/5909/4290 2996/5910/4290
f 2996/5911/4291 2315/4717/3295 2314/4715/3294
f 2998/5912/4292 2809/5568/4015 2997/5907/4249
f 2314/5908/4289 2999/5913/4289 2997/5909/4290
f 2997/5914/4293 2788/5915/4294 2998/5916/4295
f 2788/5915/4294 2997/5914/4293 2999/5917/4296
f 2788/5915/4294 2999/5917/4296 2781/5918/4297
f 2316/5919/4298 2999/5913/4289 2314/5908/4289
f 2781/5918/4297 2999/5917/4296 3000/5920/4299
f 2316/5919/4298 3000/5921/4300 2999/5913/4289
f 2317/5922/4301 3000/5921/4300 2316/5919/4298
f 2317/5922/4301 3001/5923/4302 3000/5921/4300
f 2780/5924/4303 3000/5920/4299 3001/5925/4304
f 2781/5918/4297 3000/5920/4299 2780/5924/4303
f 2317/5922/4301 3003/5926/4305 3001/5923/4302
f 2780/5924/4303 3001/5925/4304 3002/5927/4306
f 3002/5927/4306 3001/5925/4304 3003/5928/4307
f 2319/5929/4308 3003/5926/4305 2317/5922/4301
f 3002/5927/4306 3003/5928/4307 2539/5930/4309
f 2319/5929/4308 3004/5931/4310 3003/5926/4305
f 2539/5930/4309 3003/5928/4307 3004/5932/4311
f 2320/5933/4312 3004/5931/4310 2319/5929/4308
f 2321/5934/4313 3004/5931/4310 2320/5933/4312
f 2321/5934/4313 3005/5935/4314 3004/5931/4310
f 2539/5930/4309 3004/5932/4311 3005/5936/4315
f 2539/5930/4309 3005/5936/4315 2537/5937/4316
f 2537/5937/4316 3005/5936/4315 3006/5938/4317
f 2322/5939/4318 3006/5940/4319 3005/5935/4314
f 2322/5939/4318 3005/5935/4314 2321/5934/4313
f 2537/5937/4316 3006/5938/4317 2514/5941/4320
f 2514/5941/4320 3006/5938/4317 3007/5942/4321
f 2323/5943/4322 3007/5944/4323 3006/5940/4319
f 2323/5943/4322 3006/5940/4319 2322/5939/4318
f 2324/5945/4324 3008/5946/4325 3007/5944/4323
f 2512/5947/4326 3007/5942/4321 3008/5948/4327
f 2514/5941/4320 3007/5942/4321 2512/5947/4326
f 2324/5945/4324 3007/5944/4323 2323/5943/4322
f 2512/5947/4326 3008/5948/4327 2511/5949/4328
f 2511/5949/4328 3008/5948/4327 3009/5950/4329
f 2325/5951/4330 3009/5952/4330 3008/5946/4325
f 2325/5951/4330 3008/5946/4325 2324/5945/4324
f 2326/5953/4331 3009/5954/4332 2325/5953/4333
f 2326/5953/4331 2495/5955/4334 3009/5954/4332
f 2511/5949/4328 3009/5950/4329 2495/5956/4335
f 3002/5957/3956 2540/5138/3637 2770/5466/3931
f 2539/5137/3556 2540/5138/3637 3002/5957/3956
f 2780/5494/3955 3002/5957/3956 2770/5466/3931
f 3010/5958/4336 2809/5568/4015 2998/5912/4292
f 2787/5506/3965 2998/5959/4337 2788/5507/3955
f 2998/5959/4337 2787/5506/3965 3010/5960/4338
f 2799/5562/4009 2809/5561/4008 3010/5961/4339
f 2799/5562/4009 3010/5961/4339 2787/5962/4340
f 2792/5512/3970 2802/5537/201 2793/5513/3971
f 2793/5513/3971 2802/5537/201 2797/5521/3979
f 2795/5525/3983 2787/5506/3965 2789/5505/3964
f 2782/5555/4002 2742/5439/3906 2739/5556/4003
f 2759/5438/3905 2742/5439/3906 2782/5555/4002
f 2770/5466/3931 2771/5467/3932 2775/5486/3947
f 2765/5449/3915 2762/5448/3914 2773/5471/3936
f 2765/5449/3915 2773/5471/3936 2767/5473/3938
f 2720/5684/3884 2747/5419/3891 2721/5433/3874
f 2746/5852/4246 2725/5375/3859 2730/5963/4341
f 2739/5402/3876 2734/5392/3872 2733/5391/3871
f 2730/5963/4341 2725/5375/3859 2728/5685/4109
f 2728/5379/3863 2720/5684/3884 2723/5382/3866
f 2547/5154/3650 2710/5357/3842 2546/5155/3651
f 2698/5344/3829 2699/5346/3831 2708/5355/3840
f 2693/5340/3825 2690/5336/3821 2701/5348/3833
f 2701/5348/3833 2690/5336/3821 2689/5335/3820
f 2561/5168/3664 2580/5190/3686 2695/5341/3826
f 2561/5168/3664 2695/5341/3826 2558/5166/3662
f 2686/5331/3816 2585/5196/3692 2680/5332/3817
f 2586/5197/3693 2585/5196/3692 2686/5331/3816
f 2649/5286/3772 2682/5328/3813 2650/5287/3773
f 2680/5332/3817 2585/5196/3692 2588/5198/3694
f 2678/5318/3804 2672/5311/3797 2666/5305/3791
f 2589/5964/4342 2615/5239/3729 2677/5324/3810
f 2615/5241/3731 2617/5243/3733 2677/5316/3802
f 2589/5964/4342 2677/5324/3810 2588/5320/3806
f 2672/5311/3797 2667/5306/3792 2666/5305/3791
f 3011/5965/4343 2658/5296/3782 2660/5299/3785
f 3013/5966/4344 2658/5296/3782 3011/5965/4343
f 3014/5967/4345 3012/5968/4346 3011/5965/4343
f 3012/5968/4346 3013/5966/4344 3011/5965/4343
f 3015/5969/4347 3012/5968/4346 3014/5967/4345
f 3016/5970/4348 3017/5971/4349 3015/5969/4347
f 3017/5971/4349 3012/5968/4346 3015/5969/4347
f 2627/5972/3742 3017/5971/4349 3016/5970/4348
f 2629/5258/3744 3017/5971/4349 2627/5972/3742
f 2631/5257/3746 3017/5971/4349 2629/5258/3744
f 2631/5257/3746 3012/5968/4346 3017/5971/4349
f 2626/5251/3741 2627/5252/3742 3016/5973/4348
f 2657/5297/3783 2658/5296/3782 3013/5966/4344
f 2657/5297/3783 3013/5966/4344 3018/5974/4350
f 3018/5974/4350 3013/5966/4344 3012/5968/4346
f 2654/5295/3781 2657/5297/3783 3018/5974/4350
f 2654/5295/3781 3018/5974/4350 2633/5263/3750
f 2633/5263/3750 3018/5974/4350 2631/5257/3746
f 3018/5974/4350 3012/5968/4346 2631/5257/3746
f 2639/5292/3778 2654/5295/3781 2635/5264/3751
f 2654/5295/3781 2633/5263/3750 2635/5264/3751
f 2642/5276/3762 2603/5215/3709 2602/5214/3708
f 2642/5276/3762 2637/5269/3756 2603/5215/3709
f 2612/5233/3723 2621/5247/3737 2613/5235/3725
f 2591/5238/3728 2615/5239/3729 2589/5964/4342
f 2591/5202/3698 2592/5201/3697 2610/5230/3720
f 2592/5201/3697 2594/5204/3700 2610/5230/3720
f 2578/5189/3685 2574/5184/3680 2596/5206/3702
f 2430/4915/3450 2572/5183/3679 2432/4916/3451
f 2508/5179/3675 2553/5160/3656 2552/5159/3655
f 2507/5078/3588 2552/5975/4351 2522/5976/4352
f 2507/5078/3588 2508/5077/3587 2552/5975/4351
f 2522/5976/4352 2552/5975/4351 2526/5977/4353
f 2526/5977/4353 2552/5975/4351 2535/5978/4354
f 2535/5978/4354 2552/5975/4351 2545/5150/3646
f 2535/5978/4354 2545/5150/3646 2534/5146/3644
f 2514/5084/3594 2515/5085/3595 2537/5133/3634
f 2535/5132/3628 2525/5123/3627 2526/5132/3324
f 2507/5078/3588 2522/5976/4352 2523/5078/1616
f 2519/5090/3600 2516/5115/3620 2517/5091/3601
f 2495/5043/3557 2496/5044/3558 2511/5079/3589
f 2436/4920/3455 2435/4919/3454 2503/5180/3676
f 2482/5979/4355 2436/4924/3459 2503/5064/3576
f 2482/5979/4355 2503/5064/3576 2501/5063/3575
f 2501/5060/3573 2483/5022/3537 2482/5019/3535
f 2327/5980/4356 2495/5955/4334 2326/5953/4331
f 2327/5980/4356 2494/5955/4357 2495/5955/4334
f 2328/5981/4358 2494/5955/4357 2327/5980/4356
f 2328/5981/4358 2493/5982/4359 2494/5955/4357
f 3019/5983/3512 2477/5006/3523 2493/5041/3556
f 2329/5984/4360 2493/5982/4359 2328/5981/4358
f 2329/5984/4360 3019/5985/4360 2493/5982/4359
f 2475/5005/3522 2477/5006/3523 3019/5983/3512
f 2329/5984/4360 2475/5985/4361 3019/5985/4360
f 2487/5031/3546 2485/5026/3541 2490/5058/3572
f 2482/5979/4355 2438/4922/3457 2436/4924/3459
f 2481/5986/4362 2438/4922/3457 2482/5979/4355
f 2330/5984/4363 2475/5985/4361 2329/5984/4360
f 2331/5987/4364 2475/5985/4361 2330/5984/4363
f 2474/5988/4365 2475/5985/4361 2331/5987/4364
f 2331/5989/4366 2472/5990/4367 2474/5991/4368
f 2472/5990/4367 2312/5992/4369 2471/5993/4370
f 2472/5990/4367 2313/5994/4367 2312/5992/4369
f 2472/5990/4367 2331/5989/4366 2313/5994/4367
f 2469/4998/3516 2471/4997/3515 3020/5995/4371
f 2471/5993/4370 2311/5996/4372 3020/5997/4372
f 2471/5993/4370 2312/5992/4369 2311/5996/4372
f 3020/5997/4372 2308/4705/3288 2307/4704/3287
f 3021/5998/4373 3020/5995/4371 2307/4703/3286
f 3020/5997/4372 2311/5996/4372 2308/4705/3288
f 2469/4998/3516 3020/5995/4371 3021/5998/4373
f 3021/5999/4374 3022/6000/3512 2465/4980/3501
f 3021/5999/4374 2465/4980/3501 2469/4993/3512
f 3021/5999/4374 3023/6001/3290 3022/6000/3512
f 2301/4691/3274 3023/6001/3290 3021/5999/4374
f 3021/5998/4373 2307/4703/3286 2301/4695/3278
f 2452/4956/3479 3022/6002/4375 3023/6003/4376
f 2452/4956/3479 3023/6003/4376 3025/6004/4377
f 2301/4691/3274 2298/4685/3269 3023/6001/3290
f 3025/6004/4377 3023/6003/4376 3024/6005/4378
f 3023/6003/4376 2298/6006/4379 3024/6005/4378
f 2452/4950/1728 3025/6007/4380 3026/6008/4381
f 3025/6004/4377 3024/6005/4378 3027/6009/4382
f 3027/6010/3195 3026/6011/4381 3025/6012/4380
f 3027/6010/3195 3028/6013/4383 3026/6011/4381
f 3027/6010/3195 2285/4658/3245 3028/6013/4383
f 3029/6014/4384 2285/4658/3245 3027/6010/3195
f 3027/6015/4385 3030/6016/4386 3029/6017/4387
f 3030/6016/4386 3027/6015/4385 3024/6018/4388
f 3032/6019/4389 2289/4667/3252 3030/6020/4390
f 3029/6021/4391 3030/6022/4391 2289/4666/3250
f 3030/6016/4386 3031/6023/4392 3032/6024/4393
f 3030/6016/4386 3024/6018/4388 3031/6023/4392
f 2292/4675/3259 2289/4667/3252 3032/6019/4389
f 3031/6025/4394 3033/6026/4395 3032/6027/4396
f 3033/6028/4397 2292/4675/3259 3032/6019/4389
f 3034/6029/4398 3033/6026/4395 3031/6025/4394
f 2295/4678/3262 3033/6026/4395 3034/6029/4398
f 2295/4678/3262 2294/4679/3263 3033/6026/4395
f 2294/4677/3261 2292/4675/3259 3033/6028/4397
f 2298/4685/3269 2295/4683/3267 3034/6030/4399
f 2298/4685/3269 3034/6030/4399 3031/6031/4400
f 2298/4685/3269 3031/6031/4400 3024/6032/4401
f 3029/6021/4391 2289/4666/3250 2285/4663/3250
f 3028/6033/4402 3035/6034/4403 3026/6035/4404
f 2398/4881/3420 3035/6034/4403 3028/6033/4402
f 2285/4658/3245 2286/4656/3243 3028/6013/4383
f 2286/4872/3411 2398/4881/3420 3028/6033/4402
f 3035/6034/4403 3036/6036/4405 3026/6035/4404
f 3035/6034/4403 2415/4897/3436 3036/6036/4405
f 2398/4881/3420 2413/4894/3433 3035/6034/4403
f 2413/4894/3433 2415/4897/3436 3035/6034/4403
f 2449/4944/3472 3036/6036/4405 2425/4945/633
f 3026/6035/4404 3036/6036/4405 2449/4944/3472
f 3036/6036/4405 2427/6037/3445 2425/4945/633
f 3036/6036/4405 2415/4897/3436 2427/6037/3445
f 2452/4950/1728 3026/6008/4381 2449/4949/3474
f 2453/4955/3478 3022/6002/4375 2452/4956/3479
f 2465/6038/4406 3022/6002/4375 2453/4955/3478
f 2465/4980/3501 2456/6039/4407 2464/4981/3502
f 2465/4980/3501 2453/6040/4408 2456/6039/4407
f 2456/4970/3491 2458/4972/3493 2464/4979/3500
f 2460/4973/3494 2455/4963/3484 2447/6041/202
f 2446/6042/4409 2455/4960/3482 2445/4959/3481
f 2446/6042/4409 2447/6043/4409 2455/4960/3482
f 2426/4911/3446 2429/4913/3448 2439/4929/3461
f 2427/6037/3445 2415/4897/3436 2416/4898/3437
f 2418/4903/3439 2411/4892/3431 2409/4891/3430
f 2397/4880/3419 2413/4894/3433 2398/4881/3420
f 2387/4867/3408 2392/4866/3408 3037/6044/4410
f 2286/4872/3411 3037/6045/4411 2392/4874/3413
f 3037/6045/4411 2276/4641/3232 2274/4636/3228
f 2386/6046/4412 3037/6044/4410 2274/4635/3227
f 2387/4867/3408 3037/6044/4410 2386/6046/4412
f 2286/4872/3411 2276/4641/3232 3037/6045/4411
f 2386/6046/4412 2274/4635/3227 2273/4634/3227
f 2377/4850/3248 2373/4856/3400 2375/6047/4413
f 2375/6047/4413 2373/4856/3400 2374/6048/4414
f 2367/4817/3370 2341/4748/3314 2340/4747/3313
f 2343/6049/4415 2345/4755/3320 2342/4812/3301
f 2302/4699/3282 2332/4738/3307 2335/4737/3306
f 2299/4694/3277 2302/4693/3276 2335/4814/3367
f 2302/4699/3282 2304/4698/3281 2332/4738/3307
f 2269/4626/3220 2266/4623/3217 2273/4857/3401
f 3039/6050/4416 3038/6051/4417 3041/6052/4418
f 3039/6050/4416 3040/6053/4419 3038/6051/4417
f 3040/6053/4419 3044/6054/4420 3038/6051/4417
f 3038/6055/4421 3042/6056/4422 3041/6057/4423
f 3038/6055/4421 3043/6058/4421 3042/6056/4422
f 3044/6059/4424 3043/6058/4421 3038/6055/4421
f 3044/6059/4424 3047/6060/4424 3043/6058/4421
f 3040/6053/4419 3045/6061/4425 3044/6054/4420
f 3045/6061/4425 3046/6062/4426 3044/6054/4420
f 3046/6063/4427 3047/6060/4424 3044/6059/4424
f 3046/6063/4427 3048/6064/4428 3047/6060/4424
f 3050/6065/4429 3049/6066/4430 3048/6064/4428
f 3050/6065/4429 3048/6064/4428 3046/6063/4427
f 3052/6067/4431 3051/6068/4432 3050/6069/4433
f 3051/6070/4434 3049/6066/4430 3050/6065/4429
f 3053/6071/4435 3052/6072/4431 3050/6073/4433
f 3053/6071/4435 3050/6073/4433 3046/6062/4426
f 3045/6061/4425 3053/6071/4435 3046/6062/4426
f 3054/6074/4436 3053/6071/4435 3045/6061/4425
f 3054/6074/4436 3055/6075/4437 3053/6071/4435
f 3053/6071/4435 3055/6075/4437 3052/6072/4431
f 3055/6075/4437 3056/6076/4438 3057/6077/4439
f 3054/6074/4436 3056/6076/4438 3055/6075/4437
f 3055/6075/4437 3057/6077/4439 3058/6078/4440
f 3055/6075/4437 3058/6078/4440 3052/6072/4431
f 3059/6079/4441 3060/6080/4442 3058/6081/4440
f 3057/6082/4439 3059/6079/4441 3058/6081/4440
f 3060/6080/4442 3061/6083/4443 3058/6081/4440
f 3058/6081/4440 3061/6083/4443 3052/6067/4431
f 3062/6084/4444 3061/6083/4443 3060/6080/4442
f 3062/6084/4444 3063/6085/4445 3061/6083/4443
f 3061/6083/4443 3063/6085/4445 3051/6068/4432
f 3052/6067/4431 3061/6083/4443 3051/6068/4432
f 3062/6084/4444 3064/6086/4446 3063/6085/4445
f 3064/6087/4447 3065/6088/4448 3063/6089/4448
f 3063/6089/4448 3066/6090/4449 3051/6091/4434
f 3063/6089/4448 3065/6088/4448 3066/6090/4449
f 3051/6070/4434 3066/6092/4449 3049/6066/4430
f 3064/6087/4447 3067/6093/4450 3065/6088/4448
f 3069/6094/4451 3068/6095/4452 3067/6093/4450
f 3069/6094/4451 3067/6093/4450 3064/6087/4447
f 3072/6096/4453 3070/6097/4454 3069/6098/3467
f 3070/6099/4455 3068/6095/4452 3069/6094/4451
f 3071/6100/4456 3069/6098/3467 3064/6086/4446
f 3071/6100/4456 3072/6096/4453 3069/6098/3467
f 3072/6096/4453 3074/6101/4457 3070/6097/4454
f 3073/6102/4458 3074/6101/4457 3072/6096/4453
f 3075/6103/4459 3073/6102/4458 3072/6096/4453
f 3075/6103/4459 3072/6096/4453 3071/6100/4456
f 3077/6104/4460 3075/6103/4459 3076/6105/4461
f 3075/6103/4459 3071/6100/4456 3076/6105/4461
f 3078/6106/4462 3075/6103/4459 3077/6104/4460
f 3078/6106/4462 3073/6102/4458 3075/6103/4459
f 3079/6107/4463 3078/6106/4462 3081/6108/4464
f 3079/6107/4463 3073/6102/4458 3078/6106/4462
f 3078/6106/4462 3077/6104/4460 3080/6109/4465
f 3078/6106/4462 3080/6109/4465 3081/6108/4464
f 3083/6110/4466 3081/6108/4464 3082/6111/4467
f 3081/6108/4464 3080/6109/4465 3082/6111/4467
f 3079/6107/4463 3081/6108/4464 3083/6110/4466
f 3083/6110/4466 3082/6111/4467 3084/6112/4468
f 3085/6113/4469 3083/6110/4466 3084/6112/4468
f 3086/6114/4470 3083/6110/4466 3085/6113/4469
f 3086/6114/4470 3079/6107/4463 3083/6110/4466
f 3089/6115/4471 3086/6114/4470 3085/6113/4469
f 3086/6114/4470 3087/6116/4472 3079/6107/4463
f 3086/6114/4470 3088/6117/4473 3087/6116/4472
f 3089/6115/4471 3088/6117/4473 3086/6114/4470
f 3089/6115/4471 3090/6118/4474 3088/6117/4473
f 3089/6115/4471 3085/6113/4469 3092/6119/4475
f 3091/6120/4476 3090/6118/4474 3089/6115/4471
f 3091/6120/4476 3089/6115/4471 3092/6119/4475
f 3092/6119/4475 3085/6113/4469 3094/6121/4477
f 3092/6119/4475 3094/6121/4477 3093/6122/4478
f 3095/6123/4479 3092/6119/4475 3093/6122/4478
f 3091/6120/4476 3092/6119/4475 3095/6123/4479
f 3095/6123/4479 3093/6122/4478 3096/6124/4480
f 3098/6125/4481 3091/6120/4476 3095/6123/4479
f 3097/6126/4482 3095/6123/4479 3096/6124/4480
f 3098/6125/4481 3095/6123/4479 3097/6126/4482
f 3099/6127/4483 3098/6125/4481 3097/6126/4482
f 3099/6127/4483 3100/6128/4484 3098/6125/4481
f 3098/6125/4481 3100/6128/4484 3101/6129/4485
f 3098/6125/4481 3101/6129/4485 3091/6120/4476
f 3091/6120/4476 3101/6129/4485 3090/6118/4474
f 3101/6129/4485 3103/6130/4486 3090/6118/4474
f 3100/6128/4484 3102/6131/4487 3101/6129/4485
f 3101/6129/4485 3102/6131/4487 3103/6130/4486
f 3103/6130/4486 3104/6132/4488 3106/6133/4489
f 3103/6130/4486 3102/6131/4487 3104/6132/4488
f 3105/6134/4490 3103/6130/4486 3106/6133/4489
f 3090/6118/4474 3103/6130/4486 3105/6134/4490
f 3104/6135/4491 3108/6136/4492 3106/6137/4492
f 3105/6134/4490 3106/6133/4489 3107/6138/4493
f 3106/6137/4492 3109/6139/4494 3107/6140/4495
f 3106/6137/4492 3108/6136/4492 3109/6139/4494
f 3107/6140/4495 3109/6139/4494 3110/6141/4496
f 3107/6140/4495 3110/6141/4496 3111/6142/4497
f 3111/6142/4497 3110/6141/4496 3112/6143/4498
f 3111/6142/4497 3112/6143/4498 3070/6099/4455
f 3070/6099/4455 3112/6143/4498 3068/6095/4452
f 3113/6144/4499 3107/6138/4493 3111/6145/4500
f 3074/6101/4457 3111/6145/4500 3070/6097/4454
f 3074/6101/4457 3113/6144/4499 3111/6145/4500
f 3088/6117/4473 3113/6144/4499 3087/6116/4472
f 3087/6116/4472 3113/6144/4499 3074/6101/4457
f 3088/6117/4473 3105/6134/4490 3113/6144/4499
f 3113/6144/4499 3105/6134/4490 3107/6138/4493
f 3104/6135/4491 3114/6146/4491 3108/6136/4492
f 3041/6057/4423 3114/6146/4491 3104/6135/4491
f 3041/6057/4423 3042/6056/4422 3114/6146/4491
f 3090/6118/4474 3105/6134/4490 3088/6117/4473
f 3102/6131/4487 3041/6052/4418 3104/6132/4488
f 3100/6128/4484 3039/6050/4416 3102/6131/4487
f 3102/6131/4487 3039/6050/4416 3041/6052/4418
f 3099/6127/4483 3115/6147/4501 3100/6128/4484
f 3115/6147/4501 3039/6050/4416 3100/6128/4484
f 3117/6148/4502 3115/6147/4501 3099/6127/4483
f 3116/6149/4503 3039/6050/4416 3115/6147/4501
f 3117/6148/4502 3116/6149/4503 3115/6147/4501
f 3119/6150/4504 3117/6148/4502 3118/6151/4505
f 3117/6148/4502 3099/6127/4483 3118/6151/4505
f 3119/6150/4504 3116/6149/4503 3117/6148/4502
f 3119/6150/4504 3054/6074/4436 3116/6149/4503
f 3056/6076/4438 3054/6074/4436 3119/6150/4504
f 3056/6076/4438 3119/6150/4504 3120/6152/4506
f 3119/6150/4504 3121/6153/4507 3120/6152/4506
f 3119/6150/4504 3118/6151/4505 3121/6153/4507
f 3121/6153/4507 3118/6151/4505 3122/6154/4508
f 3120/6152/4506 3121/6153/4507 3122/6154/4508
f 3124/6155/4509 3122/6154/4508 3123/6156/4510
f 3123/6156/4510 3122/6154/4508 3125/6157/4511
f 3120/6152/4506 3122/6154/4508 3124/6155/4509
f 3122/6154/4508 3126/6158/4512 3125/6157/4511
f 3118/6151/4505 3126/6158/4512 3122/6154/4508
f 3118/6151/4505 3127/6159/4513 3126/6158/4512
f 3126/6158/4512 3127/6159/4513 3128/6160/4514
f 3125/6157/4511 3126/6158/4512 3128/6160/4514
f 3128/6160/4514 3127/6159/4513 3130/6161/4515
f 3128/6162/4516 3131/6163/4517 3129/6164/4518
f 3128/6162/4516 3129/6164/4518 3125/6165/4519
f 3130/6166/4520 3131/6163/4517 3128/6162/4516
f 3130/6166/4520 3134/6167/4521 3131/6163/4517
f 3129/6164/4518 3131/6163/4517 3132/6168/4522
f 3131/6163/4517 3133/6169/4523 3132/6168/4522
f 3131/6163/4517 3134/6167/4521 3133/6169/4523
f 3134/6167/4521 3135/6170/4524 3133/6169/4523
f 3134/6167/4521 3137/6171/4525 3135/6170/4524
f 3136/6172/4526 3134/6167/4521 3130/6166/4520
f 3136/6172/4526 3137/6171/4525 3134/6167/4521
f 3138/6173/4527 3137/6171/4525 3136/6172/4526
f 3140/6174/4528 3137/6171/4525 3138/6173/4527
f 3137/6171/4525 3139/6175/4529 3135/6170/4524
f 3139/6175/4529 3137/6171/4525 3140/6174/4528
f 3143/6176/4530 3141/6177/4531 3140/6174/4528
f 3140/6174/4528 3141/6177/4531 3139/6175/4529
f 3142/6178/4532 3140/6174/4528 3138/6173/4527
f 3143/6176/4530 3140/6174/4528 3142/6178/4532
f 3143/6176/4530 3142/6178/4532 3144/6179/4533
f 3143/6176/4530 3146/6180/4534 3141/6177/4531
f 3145/6181/4535 3143/6176/4530 3144/6179/4533
f 3145/6181/4535 3146/6180/4534 3143/6176/4530
f 3145/6181/4535 3149/6182/4536 3146/6180/4534
f 3147/6183/4537 3148/6184/4538 3146/6180/4534
f 3147/6183/4537 3146/6180/4534 3149/6182/4536
f 3148/6184/4538 3141/6177/4531 3146/6180/4534
f 3151/6185/4539 3149/6182/4536 3145/6181/4535
f 3150/6186/4540 3147/6183/4537 3149/6182/4536
f 3150/6186/4540 3149/6182/4536 3152/6187/4541
f 3151/6185/4539 3152/6187/4541 3149/6182/4536
f 3153/6188/4542 3150/6186/4540 3152/6187/4541
f 3155/6189/4543 3153/6188/4542 3152/6187/4541
f 3155/6189/4543 3152/6187/4541 3154/6190/4544
f 3154/6190/4544 3152/6187/4541 3151/6185/4539
f 3156/6191/4545 3155/6189/4543 3154/6190/4544
f 3155/6189/4543 3156/6191/4545 3157/6192/4546
f 3158/6193/4547 3155/6189/4543 3157/6192/4546
f 3158/6193/4547 3153/6188/4542 3155/6189/4543
f 3159/6194/4548 3160/6195/4549 3158/6193/4547
f 3159/6194/4548 3158/6193/4547 3157/6192/4546
f 3158/6193/4547 3160/6195/4549 3153/6188/4542
f 3161/6196/4550 3160/6195/4549 3163/6197/4551
f 3167/6198/4552 3160/6195/4549 3161/6196/4550
f 3163/6197/4551 3160/6195/4549 3159/6194/4548
f 3162/6199/4553 3160/6195/4549 3165/6200/4554
f 3164/6201/4555 3160/6195/4549 3162/6199/4553
f 3166/6202/4556 3160/6195/4549 3164/6201/4555
f 3165/6200/4554 3160/6195/4549 3167/6198/4552
f 3168/6203/4557 3160/6195/4549 3166/6202/4556
f 3153/6188/4542 3160/6195/4549 3150/6186/4540
f 3150/6186/4540 3160/6195/4549 3147/6183/4537
f 3147/6183/4537 3160/6195/4549 3148/6184/4538
f 3148/6184/4538 3160/6195/4549 3168/6203/4557
f 3148/6184/4538 3168/6203/4557 3141/6177/4531
f 3168/6203/4557 3139/6175/4529 3141/6177/4531
f 3168/6203/4557 3166/6202/4556 3139/6175/4529
f 3167/6198/4552 3161/6196/4550 3169/6204/4558
f 3167/6198/4552 3169/6204/4558 3165/6200/4554
f 3161/6196/4550 3174/6205/4559 3169/6204/4558
f 3170/6206/4560 3172/6207/4561 3169/6204/4558
f 3170/6206/4560 3169/6204/4558 3171/6208/4562
f 3169/6204/4558 3173/6209/4563 3171/6208/4562
f 3165/6200/4554 3169/6204/4558 3172/6207/4561
f 3174/6205/4559 3173/6209/4563 3169/6204/4558
f 3174/6205/4559 3176/6210/4564 3173/6209/4563
f 3174/6205/4559 3177/6211/4565 3175/6212/4566
f 3174/6205/4559 3175/6212/4566 3176/6210/4564
f 3161/6196/4550 3163/6197/4551 3174/6205/4559
f 3163/6197/4551 3177/6211/4565 3174/6205/4559
f 3159/6194/4548 3157/6192/4546 3177/6211/4565
f 3157/6192/4546 3178/6213/4567 3177/6211/4565
f 3177/6211/4565 3178/6213/4567 3175/6212/4566
f 3163/6197/4551 3159/6194/4548 3177/6211/4565
f 3173/6214/4568 3178/6215/4569 3179/6216/4570
f 3178/6213/4567 3180/6217/4571 3179/6218/4572
f 3173/6214/4568 3175/6219/4573 3178/6215/4569
f 3157/6192/4546 3180/6217/4571 3178/6213/4567
f 3156/6191/4545 3180/6217/4571 3157/6192/4546
f 3156/6191/4545 3181/6220/4574 3180/6217/4571
f 3180/6217/4571 3181/6220/4574 3182/6221/4575
f 3179/6218/4572 3180/6217/4571 3182/6221/4575
f 3183/6222/4576 3182/6223/4577 3184/6224/4578
f 3183/6222/4576 3179/6216/4570 3182/6223/4577
f 3184/6224/4578 3182/6223/4577 3186/6225/4579
f 3182/6221/4575 3185/6226/4580 3186/6227/4581
f 3182/6221/4575 3181/6220/4574 3185/6226/4580
f 3187/6228/4582 3184/6229/4583 3186/6227/4581
f 3187/6228/4582 3186/6227/4581 3185/6226/4580
f 3123/6230/4584 3183/6231/4585 3187/6228/4582
f 3187/6228/4582 3183/6231/4585 3184/6229/4583
f 3187/6232/4586 3124/6155/4509 3123/6156/4510
f 3185/6233/4587 3188/6234/4588 3187/6235/4586
f 3188/6236/4588 3124/6155/4509 3187/6232/4586
f 3188/6234/4588 3190/6237/4589 3189/6238/4590
f 3189/6239/4590 3124/6155/4509 3188/6236/4588
f 3191/6240/4591 3190/6237/4589 3188/6234/4588
f 3191/6240/4591 3188/6234/4588 3185/6233/4587
f 3192/6241/4592 3191/6240/4591 3193/6242/4593
f 3192/6241/4592 3190/6237/4589 3191/6240/4591
f 3181/6243/4594 3191/6240/4591 3185/6233/4587
f 3193/6242/4593 3191/6240/4591 3181/6243/4594
f 3194/6244/4595 3192/6241/4592 3193/6242/4593
f 3196/6245/4596 3193/6242/4593 3181/6243/4594
f 3194/6244/4595 3193/6242/4593 3195/6246/4597
f 3195/6246/4597 3193/6242/4593 3196/6245/4596
f 3154/6190/4544 3197/6247/4598 3196/6248/4599
f 3197/6249/4600 3195/6246/4597 3196/6245/4596
f 3156/6191/4545 3154/6190/4544 3196/6248/4599
f 3156/6191/4545 3196/6248/4599 3181/6220/4574
f 3154/6190/4544 3151/6185/4539 3197/6247/4598
f 3151/6185/4539 3198/6250/4601 3197/6247/4598
f 3198/6251/4602 3199/6252/4603 3197/6249/4600
f 3199/6252/4603 3195/6246/4597 3197/6249/4600
f 3082/6111/4467 3199/6252/4603 3198/6251/4602
f 3080/6109/4465 3199/6252/4603 3082/6111/4467
f 3080/6109/4465 3195/6246/4597 3199/6252/4603
f 3144/6253/4604 3082/6111/4467 3198/6251/4602
f 3145/6181/4535 3144/6179/4533 3198/6250/4601
f 3151/6185/4539 3145/6181/4535 3198/6250/4601
f 3080/6109/4465 3194/6244/4595 3195/6246/4597
f 3194/6244/4595 3200/6254/4605 3192/6241/4592
f 3077/6104/4460 3200/6254/4605 3194/6244/4595
f 3077/6104/4460 3194/6244/4595 3080/6109/4465
f 3192/6241/4592 3200/6254/4605 3059/6079/4441
f 3077/6104/4460 3076/6105/4461 3200/6254/4605
f 3200/6254/4605 3060/6080/4442 3059/6079/4441
f 3200/6254/4605 3076/6105/4461 3060/6080/4442
f 3192/6241/4592 3059/6079/4441 3190/6237/4589
f 3190/6237/4589 3059/6079/4441 3057/6082/4439
f 3189/6238/4590 3190/6237/4589 3057/6082/4439
f 3056/6076/4438 3189/6239/4590 3057/6077/4439
f 3056/6076/4438 3120/6152/4506 3189/6239/4590
f 3189/6239/4590 3120/6152/4506 3124/6155/4509
f 3170/6206/4560 3183/6231/4585 3123/6230/4584
f 3171/6255/4606 3179/6216/4570 3183/6222/4576
f 3170/6206/4560 3171/6208/4562 3183/6231/4585
f 3173/6214/4568 3179/6216/4570 3171/6255/4606
f 3175/6219/4573 3173/6214/4568 3176/6256/4607
f 3170/6206/4560 3129/6164/4518 3172/6207/4561
f 3162/6199/4553 3165/6200/4554 3172/6207/4561
f 3129/6164/4518 3132/6168/4522 3172/6207/4561
f 3162/6199/4553 3172/6207/4561 3132/6168/4522
f 3125/6165/4519 3170/6206/4560 3123/6230/4584
f 3125/6165/4519 3129/6164/4518 3170/6206/4560
f 3166/6202/4556 3135/6170/4524 3139/6175/4529
f 3166/6202/4556 3164/6201/4555 3135/6170/4524
f 3164/6201/4555 3162/6199/4553 3133/6169/4523
f 3164/6201/4555 3133/6169/4523 3135/6170/4524
f 3162/6199/4553 3132/6168/4522 3133/6169/4523
f 3084/6112/4468 3082/6111/4467 3144/6253/4604
f 3142/6257/4608 3084/6112/4468 3144/6253/4604
f 3138/6258/4609 3094/6121/4477 3142/6257/4608
f 3094/6121/4477 3084/6112/4468 3142/6257/4608
f 3136/6259/4610 3093/6122/4478 3138/6258/4609
f 3093/6122/4478 3094/6121/4477 3138/6258/4609
f 3096/6124/4480 3093/6122/4478 3136/6259/4610
f 3130/6161/4515 3096/6124/4480 3136/6259/4610
f 3127/6159/4513 3096/6124/4480 3130/6161/4515
f 3118/6151/4505 3097/6126/4482 3127/6159/4513
f 3097/6126/4482 3096/6124/4480 3127/6159/4513
f 3099/6127/4483 3097/6126/4482 3118/6151/4505
f 3054/6074/4436 3040/6053/4419 3116/6149/4503
f 3116/6149/4503 3040/6053/4419 3039/6050/4416
f 3085/6113/4469 3084/6112/4468 3094/6121/4477
f 3079/6107/4463 3087/6116/4472 3073/6102/4458
f 3087/6116/4472 3074/6101/4457 3073/6102/4458
f 3076/6105/4461 3062/6084/4444 3060/6080/4442
f 3076/6105/4461 3071/6100/4456 3062/6084/4444
f 3062/6084/4444 3071/6100/4456 3064/6086/4446
f 3054/6074/4436 3045/6061/4425 3040/6053/4419
