# Blender 5.2.0 LTS
# www.blender.org
mtllib 弹匣.mtl
o 弹匣
v 0.046683 0.532475 -0.013137
v 0.055641 0.532817 -0.017321
v 0.041406 0.537751 -0.077534
v -0.040810 0.524826 0.080209
v -0.035990 0.525148 0.076277
v -0.042274 0.525107 0.076784
v -0.046683 0.532475 -0.013137
v -0.054999 0.532021 -0.007596
v -0.055641 0.532817 -0.017321
v 0.040810 0.524826 0.080209
v 0.042274 0.525107 0.076784
v 0.035990 0.525148 0.076277
v 0.046683 0.532475 -0.013137
v 0.054999 0.532021 -0.007596
v 0.055641 0.532817 -0.017321
v 0.051210 0.537751 -0.077534
v 0.041406 0.537751 -0.077534
v 0.035990 0.525148 0.076277
v 0.042274 0.525107 0.076784
v 0.054999 0.532021 -0.007596
v -0.046683 0.532475 -0.013137
v -0.041406 0.537751 -0.077534
v -0.055641 0.532817 -0.017321
v -0.051210 0.537751 -0.077534
v -0.054999 0.532021 -0.007596
v -0.042274 0.525107 0.076784
v -0.035990 0.525148 0.076277
v -0.037070 0.523130 0.082717
v -0.035990 0.525148 0.076277
v -0.040810 0.524826 0.080209
v 0.037070 0.523130 0.082717
v 0.040810 0.524826 0.080209
v 0.035990 0.525148 0.076277
v -0.023129 0.510497 0.076277
v 0.000000 0.510497 0.083634
v 0.000000 0.510497 0.076277
v -0.023129 0.510497 0.083634
v 0.023129 0.510497 0.076277
v 0.023129 0.510497 0.083634
v 0.014322 0.483216 -0.255839
v 0.000000 0.482291 -0.276288
v 0.000000 0.483216 -0.255839
v 0.014322 0.482291 -0.276288
v 0.000000 0.482291 -0.276288
v -0.014322 0.483216 -0.255839
v 0.000000 0.483216 -0.255839
v -0.014322 0.482291 -0.276288
v -0.026464 0.486448 -0.276309
v -0.030064 0.486448 -0.272710
v -0.030064 0.486448 -0.269771
v -0.015775 0.486448 -0.269771
v -0.015886 0.486448 -0.276309
v 0.030064 0.486448 -0.269771
v 0.030064 0.486448 -0.272710
v 0.026464 0.486448 -0.276309
v 0.015775 0.486448 -0.269771
v 0.015886 0.486448 -0.276309
v 0.030806 0.544573 -0.096197
v 0.039556 0.549405 -0.103813
v 0.030806 0.551750 -0.106983
v 0.035967 0.543190 -0.093897
v 0.051210 0.537751 -0.077534
v 0.041406 0.537751 -0.077534
v 0.039556 0.549405 -0.103813
v -0.030806 0.544573 -0.096197
v -0.039556 0.549405 -0.103813
v -0.035967 0.543190 -0.093897
v -0.030806 0.551750 -0.106983
v -0.039556 0.549405 -0.103813
v -0.051210 0.537751 -0.077534
v -0.041406 0.537751 -0.077534
v -0.045817 0.488833 0.076782
v -0.060440 0.481363 0.072022
v -0.057853 0.482059 0.078620
v -0.053138 0.484145 0.082185
v -0.044291 0.488833 0.080208
v -0.041311 0.489915 0.082716
v 0.057853 0.482059 0.078620
v 0.060440 0.481363 0.072022
v 0.045817 0.488833 0.076782
v 0.053138 0.484145 0.082185
v 0.044291 0.488833 0.080208
v 0.041311 0.489915 0.082716
v -0.052127 0.486281 0.040372
v -0.060440 0.481363 0.072022
v -0.045817 0.488833 0.076782
v -0.060440 0.481363 0.040372
v -0.053138 0.484145 0.082185
v -0.044291 0.488833 0.080208
v 0.060440 0.481363 0.040372
v 0.060440 0.481363 -0.007593
v 0.052127 0.486281 0.040372
v 0.060440 0.481363 0.072022
v 0.045817 0.488833 0.076782
v 0.044291 0.488833 0.080208
v 0.053138 0.484145 0.082185
v 0.000000 0.442843 -0.013137
v 0.054100 0.442843 -0.013137
v 0.054100 0.442843 -0.252664
v 0.038542 0.442843 0.076277
v 0.000000 0.442843 0.076277
v -0.038542 0.442843 0.076277
v -0.054100 0.442843 -0.013137
v 0.000000 0.442843 -0.255839
v -0.054100 0.442843 -0.252664
v -0.050874 0.442843 -0.255839
v 0.050874 0.442843 -0.255839
v 0.000000 0.442843 -0.255839
v 0.054100 0.442843 -0.252664
v -0.060440 0.481363 0.040372
v -0.052127 0.486281 0.040372
v -0.060440 0.481363 -0.007593
v -0.034154 -0.500338 -0.158587
v -0.026769 -0.500338 -0.158587
v -0.026779 -0.496736 -0.145964
v 0.026779 -0.496736 -0.145964
v 0.026769 -0.500338 -0.158587
v 0.034154 -0.500338 -0.158587
v 0.000000 -0.428442 0.092659
v 0.000000 -0.496741 -0.145979
v 0.068426 -0.438830 0.056355
v 0.059885 -0.428442 0.092659
v 0.061288 -0.428760 0.091548
v 0.068426 -0.490768 -0.125147
v 0.026779 -0.496736 -0.145964
v 0.061271 -0.495553 -0.141867
v 0.046694 -0.499055 -0.154107
v 0.034154 -0.500338 -0.158587
v -0.059885 -0.428442 0.092659
v -0.068426 -0.438830 0.056355
v -0.061288 -0.428760 0.091548
v -0.026779 -0.496736 -0.145964
v 0.000000 -0.496741 -0.145979
v -0.068426 -0.490768 -0.125147
v -0.068426 -0.438830 0.056355
v 0.000000 -0.428442 0.092659
v -0.061271 -0.495553 -0.141867
v -0.046694 -0.499055 -0.154107
v -0.034154 -0.500338 -0.158587
v -0.060433 -0.423157 0.101083
v -0.061277 -0.425838 0.091711
v -0.059874 -0.425784 0.091898
v -0.061277 -0.426102 0.090787
v 0.000000 -0.425800 0.091903
v -0.054223 -0.413369 0.135310
v -0.049891 -0.406540 0.159187
v 0.000000 -0.396093 0.195717
v -0.032293 -0.396093 0.195717
v -0.045147 -0.399063 0.185333
v -0.038031 -0.396491 0.194326
v 0.049891 -0.406540 0.159187
v 0.032293 -0.396093 0.195717
v 0.045147 -0.399063 0.185333
v 0.038031 -0.396491 0.194326
v 0.042736 -0.397578 0.190525
v 0.061277 -0.426102 0.090787
v 0.061277 -0.425838 0.091711
v 0.059874 -0.425784 0.091898
v 0.060433 -0.423157 0.101083
v 0.000000 -0.425800 0.091903
v 0.054223 -0.413369 0.135310
v 0.049891 -0.406540 0.159187
v 0.000000 -0.396093 0.195717
v -0.038031 -0.396491 0.194326
v -0.042736 -0.397578 0.190525
v -0.045147 -0.399063 0.185333
v 0.000000 -0.484951 -0.149361
v -0.026769 -0.487167 -0.157009
v 0.000000 -0.487149 -0.157026
v -0.026779 -0.484967 -0.149339
v 0.000000 -0.484951 -0.149361
v 0.026769 -0.487167 -0.157009
v 0.026779 -0.484967 -0.149339
v 0.000000 -0.487149 -0.157026
v -0.038939 -0.436848 -0.165918
v -0.038939 -0.434090 -0.170911
v -0.031381 -0.428801 -0.180485
v 0.000000 -0.436848 -0.165918
v 0.000000 -0.428801 -0.180485
v 0.031381 -0.428801 -0.180485
v 0.038939 -0.436848 -0.165918
v 0.000000 -0.436848 -0.165918
v 0.038939 -0.434090 -0.170911
v 0.000000 -0.428801 -0.180485
v 0.028426 0.517898 -0.264079
v 0.027831 0.518492 -0.269771
v 0.027761 0.518562 -0.264079
v -0.027831 0.518492 -0.269771
v -0.028426 0.517898 -0.269771
v -0.028426 0.517898 -0.264079
v 0.023129 0.510497 0.076277
v 0.037070 0.523130 0.082717
v 0.035990 0.525148 0.076277
v 0.023129 0.510497 0.083634
v -0.023129 0.510497 0.076277
v -0.037070 0.523130 0.082717
v -0.023129 0.510497 0.083634
v -0.035990 0.525148 0.076277
v -0.061275 -0.363813 -0.177235
v -0.057689 -0.366889 -0.173169
v -0.060316 -0.366281 -0.170612
v -0.037204 -0.370610 -0.189264
v -0.064219 -0.362829 -0.171665
v -0.061277 -0.365325 -0.166960
v -0.030670 -0.371129 -0.191511
v -0.037590 -0.367539 -0.193006
v 0.000000 -0.371129 -0.191511
v -0.030628 -0.368036 -0.195109
v 0.030628 -0.368036 -0.195109
v 0.000000 -0.368034 -0.195096
v 0.030670 -0.371129 -0.191511
v 0.060316 -0.366281 -0.170612
v 0.057689 -0.366889 -0.173169
v 0.061275 -0.363813 -0.177235
v 0.037204 -0.370610 -0.189264
v 0.064219 -0.362829 -0.171665
v 0.061277 -0.365325 -0.166960
v 0.037590 -0.367539 -0.193006
v 0.030670 -0.371129 -0.191511
v 0.030628 -0.368036 -0.195109
v -0.037204 -0.370610 -0.189264
v -0.061275 -0.363813 -0.177235
v -0.037590 -0.367539 -0.193006
v -0.030670 -0.371129 -0.191511
v -0.030628 -0.368036 -0.195109
v 0.000000 -0.371129 -0.191511
v 0.000000 -0.368034 -0.195096
v 0.061275 -0.363813 -0.177235
v 0.037204 -0.370610 -0.189264
v 0.037590 -0.367539 -0.193006
v -0.027761 0.518562 -0.264079
v -0.031411 0.519621 -0.260613
v -0.029006 0.522027 -0.260613
v -0.028426 0.517898 -0.264079
v -0.030064 0.511783 -0.264079
v -0.038031 -0.287108 0.163706
v -0.032651 -0.282690 0.167082
v -0.039398 -0.283073 0.165464
v -0.032293 -0.286775 0.165115
v 0.000000 -0.282694 0.167066
v 0.000000 -0.286775 0.165115
v 0.032293 -0.286775 0.165115
v 0.032651 -0.282690 0.167082
v 0.038031 -0.287108 0.163706
v 0.039398 -0.283073 0.165464
v 0.037792 -0.367112 -0.174105
v 0.034344 -0.367887 -0.177466
v 0.037204 -0.370610 -0.189264
v 0.034344 -0.370302 -0.187929
v 0.030670 -0.371129 -0.191511
v -0.034344 -0.370302 -0.187929
v -0.037204 -0.370610 -0.189264
v -0.030670 -0.371129 -0.191511
v -0.034344 -0.367887 -0.177466
v -0.037792 -0.367112 -0.174105
v -0.054101 -0.367112 -0.174105
v -0.057689 -0.366889 -0.173169
v 0.034344 -0.370302 -0.187929
v 0.037204 -0.370610 -0.189264
v 0.034344 -0.367887 -0.177466
v 0.054101 -0.367112 -0.174105
v 0.037792 -0.367112 -0.174105
v 0.057689 -0.366889 -0.173169
v -0.037204 -0.370610 -0.189264
v -0.034344 -0.370302 -0.187929
v -0.034344 -0.367887 -0.177466
v -0.033512 0.221270 -0.257596
v -0.054100 0.253941 -0.257927
v -0.033512 0.253941 -0.257927
v -0.054100 0.221270 -0.257596
v -0.054100 0.473349 -0.260150
v -0.033512 0.473349 -0.260150
v -0.054100 0.511783 -0.260613
v -0.057689 0.511783 -0.259648
v -0.052349 0.531710 -0.259648
v -0.033512 0.166148 -0.256061
v -0.054100 0.221270 -0.257596
v -0.033512 0.110850 -0.252491
v -0.054100 0.110851 -0.252491
v -0.057689 0.111010 -0.251546
v -0.057689 0.166088 -0.255096
v -0.054624 0.533023 -0.257012
v -0.037761 0.546297 -0.259648
v -0.049242 0.529916 -0.260613
v -0.039075 0.548572 -0.257012
v -0.030806 0.548161 -0.259648
v -0.030806 0.550788 -0.257012
v -0.030806 0.551750 -0.253411
v -0.039556 0.549405 -0.253411
v -0.031411 0.519621 -0.260613
v -0.033512 0.511783 -0.260613
v -0.030806 0.525952 -0.260613
v -0.029006 0.522027 -0.260613
v -0.035967 0.543190 -0.260613
v -0.030806 0.534250 -0.260613
v -0.030806 0.544573 -0.260613
v -0.039556 0.549405 -0.166111
v -0.054895 0.534066 -0.220598
v -0.030806 0.551750 -0.166111
v -0.030806 0.551750 -0.106983
v -0.055457 0.533504 -0.166111
v -0.039556 0.549405 -0.103813
v -0.051210 0.537751 -0.077534
v -0.061277 0.511783 -0.166111
v -0.061277 0.511783 -0.017321
v -0.055641 0.532817 -0.017321
v 0.039398 -0.283073 0.165464
v 0.042737 -0.288018 0.159856
v 0.045135 -0.284190 0.160774
v 0.047934 -0.285660 0.154585
v -0.047934 -0.285660 0.154585
v -0.042737 -0.288018 0.159856
v -0.045135 -0.284190 0.160774
v -0.039398 -0.283073 0.165464
v -0.045817 0.268932 0.076782
v -0.057853 0.262158 0.078620
v -0.053138 0.264244 0.082185
v -0.060440 0.261462 0.072022
v -0.044291 0.268932 0.080208
v -0.041311 0.270014 0.082716
v 0.052127 0.266380 0.040372
v 0.060440 0.261462 0.072022
v 0.060440 0.261463 0.040372
v 0.057853 0.262158 0.078620
v 0.045817 0.268932 0.076782
v 0.053138 0.264244 0.082185
v 0.044291 0.268932 0.080208
v 0.041311 0.270014 0.082716
v 0.060440 0.261463 -0.007593
v 0.052127 0.266380 0.040372
v 0.060440 0.261463 0.040372
v 0.045817 0.268932 0.076782
v 0.060440 0.261462 0.072022
v 0.044291 0.268932 0.080208
v 0.053138 0.264244 0.082185
v -0.060440 0.261463 -0.007593
v -0.060440 0.261463 0.040372
v -0.052127 0.266380 0.040372
v -0.060440 0.261462 0.072022
v -0.045817 0.268932 0.076782
v -0.053138 0.264244 0.082185
v -0.044291 0.268932 0.080208
v 0.047934 -0.285660 0.154585
v 0.042737 -0.288018 0.159856
v 0.045149 -0.289260 0.154598
v 0.039398 -0.283073 0.165464
v 0.038031 -0.287108 0.163706
v 0.049929 -0.288288 0.143418
v 0.047112 -0.291834 0.143708
v 0.048374 -0.295380 0.137207
v -0.049929 -0.288288 0.143418
v -0.045149 -0.289260 0.154598
v -0.047934 -0.285660 0.154585
v -0.042737 -0.288018 0.159856
v -0.047112 -0.291834 0.143708
v -0.048374 -0.295380 0.137207
v -0.038031 -0.287108 0.163706
v -0.039398 -0.283073 0.165464
v 0.033512 0.166148 -0.256061
v 0.054100 0.110851 -0.252491
v 0.033512 0.110850 -0.252491
v 0.057689 0.166088 -0.255096
v 0.057689 0.111010 -0.251546
v 0.054100 0.221270 -0.257596
v 0.033512 0.221270 -0.257596
v 0.054100 0.253941 -0.257927
v 0.054100 0.221270 -0.257596
v 0.033512 0.253941 -0.257927
v 0.054100 0.473349 -0.260150
v 0.033512 0.473349 -0.260150
v 0.054100 0.511783 -0.260613
v 0.057689 0.511783 -0.259648
v 0.052349 0.531710 -0.259648
v 0.060315 0.511783 -0.257012
v 0.033512 0.511783 -0.260613
v 0.049242 0.529916 -0.260613
v 0.031411 0.519621 -0.260613
v 0.030806 0.525952 -0.260613
v 0.037761 0.546297 -0.259648
v 0.054624 0.533023 -0.257012
v 0.039075 0.548572 -0.257012
v 0.055457 0.533504 -0.253411
v 0.030806 0.548161 -0.259648
v 0.030806 0.550788 -0.257012
v 0.061277 0.511783 -0.253411
v 0.061277 0.511783 -0.224929
v 0.039556 0.549405 -0.253411
v 0.054895 0.534066 -0.220598
v 0.039556 0.549405 -0.166111
v 0.055457 0.533504 -0.166111
v 0.000000 -0.221658 -0.225194
v 0.030596 -0.218595 -0.228801
v 0.030670 -0.221658 -0.225194
v 0.000000 -0.218588 -0.228759
v 0.037554 -0.218148 -0.226684
v 0.037199 -0.221189 -0.222930
v -0.030596 -0.218595 -0.228801
v 0.000000 -0.221658 -0.225194
v -0.030670 -0.221658 -0.225194
v 0.000000 -0.218588 -0.228759
v -0.037199 -0.221189 -0.222930
v -0.037554 -0.218148 -0.226684
v 0.051528 -0.292823 0.135097
v 0.049311 -0.301852 0.133399
v 0.052658 -0.300591 0.130527
v 0.048374 -0.295380 0.137207
v 0.049929 -0.288288 0.143418
v -0.049311 -0.301852 0.133399
v -0.051528 -0.292823 0.135097
v -0.052658 -0.300591 0.130527
v -0.048374 -0.295380 0.137207
v -0.049929 -0.288288 0.143418
v -0.061277 -0.311640 0.059887
v -0.063326 -0.305955 0.068697
v -0.064152 -0.308164 0.059384
v -0.060434 -0.309396 0.069384
v 0.061277 -0.311640 0.059887
v 0.063326 -0.305955 0.068697
v 0.060434 -0.309396 0.069384
v 0.064152 -0.308164 0.059384
v 0.064153 -0.349122 -0.113839
v 0.061277 -0.365325 -0.166960
v 0.064219 -0.362829 -0.171665
v 0.061277 -0.352096 -0.111329
v 0.064150 -0.335785 -0.057479
v 0.061277 -0.339573 -0.058330
v 0.061277 -0.311640 0.059887
v -0.061277 -0.352096 -0.111329
v -0.064150 -0.335785 -0.057479
v -0.064153 -0.349122 -0.113839
v -0.061277 -0.339573 -0.058330
v -0.061277 -0.311640 0.059887
v -0.061277 -0.365325 -0.166960
v -0.064219 -0.362829 -0.171665
v 0.000000 0.103506 -0.272429
v -0.026464 0.107512 -0.270025
v 0.000000 0.107512 -0.270025
v 0.026464 0.107512 -0.270025
v 0.031123 0.103509 -0.272384
v 0.033040 0.107889 -0.268035
v -0.033040 0.107889 -0.268035
v -0.026464 0.107512 -0.270025
v -0.031123 0.103509 -0.272384
v 0.000000 0.103506 -0.272429
v -0.064150 -0.335785 -0.057479
v -0.061277 -0.311640 0.059887
v -0.064152 -0.308164 0.059384
v 0.064150 -0.335785 -0.057479
v 0.064152 -0.308164 0.059384
v 0.061277 -0.311640 0.059887
v 0.032292 0.169274 0.092075
v 0.000000 0.166061 0.095255
v 0.032650 0.166063 0.095272
v 0.038028 0.169030 0.090644
v 0.039390 0.165800 0.093633
v 0.000000 0.169273 0.092075
v -0.032292 0.169274 0.092075
v -0.032650 0.166063 0.095272
v -0.038028 0.169030 0.090644
v -0.039390 0.165800 0.093633
v 0.059796 -0.302455 0.088164
v 0.055696 -0.306206 0.096089
v 0.056945 -0.305969 0.088597
v 0.060434 -0.309396 0.069384
v 0.063326 -0.305955 0.068697
v 0.058169 -0.302752 0.097781
v 0.054771 -0.310204 0.102656
v 0.057086 -0.307448 0.105496
v -0.058169 -0.302752 0.097781
v -0.054771 -0.310204 0.102656
v -0.057086 -0.307448 0.105496
v -0.055696 -0.306206 0.096089
v -0.059796 -0.302455 0.088164
v -0.056945 -0.305969 0.088597
v -0.060434 -0.309396 0.069384
v -0.063326 -0.305955 0.068697
v 0.037302 0.103851 -0.270491
v 0.057689 0.111010 -0.251546
v 0.061650 0.106859 -0.254115
v 0.033040 0.107889 -0.268035
v 0.031123 0.103509 -0.272384
v -0.033040 0.107889 -0.268035
v -0.031123 0.103509 -0.272384
v -0.037302 0.103851 -0.270491
v -0.057689 0.111010 -0.251546
v -0.061650 0.106859 -0.254115
v 0.038032 -0.147403 0.133356
v 0.032425 -0.143146 0.136973
v 0.032293 -0.147108 0.134779
v 0.039407 -0.143479 0.135335
v 0.000000 -0.143152 0.136958
v 0.000000 -0.147107 0.134779
v -0.032293 -0.147108 0.134779
v -0.032425 -0.143146 0.136973
v -0.038032 -0.147403 0.133356
v -0.039407 -0.143479 0.135335
v -0.031381 -0.428801 -0.180485
v 0.000000 -0.422027 -0.182438
v 0.000000 -0.428801 -0.180485
v -0.031381 -0.422027 -0.182438
v 0.000000 -0.422027 -0.182438
v 0.031381 -0.428801 -0.180485
v 0.000000 -0.428801 -0.180485
v 0.031381 -0.422027 -0.182438
v -0.026769 -0.472503 -0.166552
v -0.034154 -0.489837 -0.161592
v -0.034154 -0.472503 -0.166552
v -0.026769 -0.500338 -0.158587
v -0.034154 -0.500338 -0.158587
v 0.038939 -0.486062 -0.161034
v 0.034154 -0.472503 -0.166552
v 0.038939 -0.472070 -0.165038
v 0.034154 -0.489837 -0.161592
v -0.038939 -0.486062 -0.161034
v -0.034154 -0.472503 -0.166552
v -0.034154 -0.489837 -0.161592
v -0.038939 -0.472070 -0.165038
v -0.042731 0.168361 0.086737
v -0.039390 0.165800 0.093633
v -0.038028 0.169030 0.090644
v 0.042731 0.168361 0.086737
v 0.038028 0.169030 0.090644
v 0.039390 0.165800 0.093633
v 0.000000 -0.487149 -0.157026
v -0.026769 -0.487167 -0.157009
v -0.026769 -0.468575 -0.162353
v -0.037667 -0.468567 -0.162325
v -0.037667 -0.446685 -0.168634
v 0.000000 -0.446685 -0.168634
v 0.026769 -0.468575 -0.162353
v 0.037667 -0.446685 -0.168634
v 0.037667 -0.446685 -0.168634
v 0.037667 -0.468567 -0.162325
v 0.026769 -0.468575 -0.162353
v 0.026769 -0.487167 -0.157009
v 0.000000 -0.487149 -0.157026
v 0.000000 -0.446685 -0.168634
v -0.026769 -0.468575 -0.162353
v -0.037667 -0.446685 -0.168634
v 0.038032 -0.147403 0.133356
v 0.045139 -0.144443 0.130592
v 0.039407 -0.143479 0.135335
v -0.038032 -0.147403 0.133356
v -0.039407 -0.143479 0.135335
v -0.045139 -0.144443 0.130592
v 0.000000 -0.420779 -0.178107
v 0.030670 -0.371129 -0.191511
v 0.030670 -0.420779 -0.178107
v 0.000000 -0.371129 -0.191511
v 0.000000 -0.420779 -0.178107
v -0.030670 -0.371129 -0.191511
v 0.000000 -0.371129 -0.191511
v -0.030670 -0.420779 -0.178107
v 0.038939 -0.443331 -0.164049
v 0.000000 -0.436848 -0.165918
v 0.038939 -0.436848 -0.165918
v 0.000000 -0.443331 -0.164049
v 0.000000 -0.436848 -0.165918
v -0.038939 -0.443331 -0.164049
v -0.038939 -0.436848 -0.165918
v 0.000000 -0.443331 -0.164049
v 0.057689 0.111010 -0.251546
v 0.060316 0.111443 -0.248963
v 0.061650 0.106859 -0.254115
v 0.064266 0.108248 -0.248579
v -0.060316 0.111443 -0.248963
v -0.061650 0.106859 -0.254115
v -0.064266 0.108248 -0.248579
v -0.057689 0.111010 -0.251546
v -0.026779 -0.484967 -0.149339
v 0.000000 -0.496741 -0.145979
v -0.026779 -0.496736 -0.145964
v 0.000000 -0.484951 -0.149361
v 0.000000 -0.496741 -0.145979
v 0.026779 -0.484967 -0.149339
v 0.026779 -0.496736 -0.145964
v 0.000000 -0.484951 -0.149361
v 0.000000 0.474945 -0.276250
v 0.000000 0.482291 -0.276288
v 0.014322 0.482291 -0.276288
v 0.026464 0.474945 -0.276250
v 0.000000 0.253941 -0.275340
v 0.026464 0.486448 -0.276309
v 0.014322 0.482291 -0.276288
v 0.015886 0.486448 -0.276309
v 0.026464 0.486448 -0.276309
v 0.038031 0.174979 0.090234
v 0.037673 0.190252 0.084300
v 0.032293 0.175076 0.091679
v -0.037673 0.190252 0.084300
v -0.038031 0.174979 0.090234
v -0.032293 0.175076 0.091679
v 0.061277 -0.216663 -0.200592
v 0.060316 -0.217294 -0.204108
v 0.064153 -0.213974 -0.205170
v 0.064142 -0.203047 -0.146159
v 0.061250 -0.214820 -0.210750
v 0.057689 -0.217828 -0.206681
v 0.037199 -0.221189 -0.222930
v 0.037554 -0.218148 -0.226684
v 0.030670 -0.221658 -0.225194
v 0.030596 -0.218595 -0.228801
v -0.060316 -0.217294 -0.204108
v -0.061250 -0.214820 -0.210750
v -0.057689 -0.217828 -0.206681
v -0.037199 -0.221189 -0.222930
v -0.037554 -0.218148 -0.226684
v -0.064153 -0.213974 -0.205170
v -0.061277 -0.216663 -0.200592
v -0.064142 -0.203047 -0.146159
v -0.030670 -0.221658 -0.225194
v -0.030596 -0.218595 -0.228801
v 0.000000 -0.368034 -0.195096
v 0.000000 -0.348259 -0.199822
v 0.030604 -0.348267 -0.199856
v -0.026464 0.474945 -0.276250
v -0.026464 0.486448 -0.276309
v -0.014322 0.482291 -0.276288
v -0.015886 0.486448 -0.276309
v 0.000000 0.474945 -0.276250
v 0.000000 0.482291 -0.276288
v 0.000000 0.253941 -0.275340
v -0.026464 0.253941 -0.275340
v 0.000000 0.221301 -0.275205
v -0.026464 0.221301 -0.275205
v 0.026464 0.253941 -0.275340
v 0.026464 0.474945 -0.276250
v 0.026464 0.221301 -0.275205
v -0.026464 0.221301 -0.275205
v 0.000000 0.165448 -0.273838
v -0.026464 0.165448 -0.273838
v 0.026464 0.221301 -0.275205
v 0.026464 0.165448 -0.273838
v 0.026464 0.107512 -0.270025
v -0.026464 0.107512 -0.270025
v 0.000000 0.107512 -0.270025
v 0.030064 0.511783 -0.269771
v 0.015775 0.486448 -0.269771
v 0.027831 0.518492 -0.269771
v 0.030064 0.486448 -0.269771
v 0.028426 0.517898 -0.269771
v -0.015775 0.486448 -0.269771
v -0.030064 0.486448 -0.269771
v -0.030064 0.511783 -0.269771
v -0.027831 0.518492 -0.269771
v -0.028426 0.517898 -0.269771
v -0.030806 0.525952 -0.260613
v -0.049242 0.529916 -0.260613
v -0.030806 0.534250 -0.260613
v -0.052349 0.531710 -0.259648
v -0.054100 0.511783 -0.260613
v -0.033512 0.511783 -0.260613
v -0.033512 0.473349 -0.260150
v -0.037761 0.546297 -0.259648
v -0.035967 0.543190 -0.260613
v -0.030806 0.544573 -0.260613
v -0.030806 0.548161 -0.259648
v -0.054101 -0.367112 -0.174105
v -0.057689 -0.413119 -0.160679
v -0.057689 -0.366889 -0.173169
v -0.060316 -0.366281 -0.170612
v -0.054101 -0.414172 -0.161380
v -0.038939 -0.415830 -0.160943
v -0.037792 -0.367112 -0.174105
v -0.060316 -0.412446 -0.158140
v -0.030670 -0.286731 -0.210999
v 0.000000 -0.344166 -0.198233
v -0.030670 -0.344166 -0.198233
v 0.000000 -0.286731 -0.210999
v 0.030670 -0.286731 -0.210999
v 0.030670 -0.344166 -0.198233
v 0.000000 -0.221658 -0.225194
v 0.030670 -0.221658 -0.225194
v 0.054101 -0.483474 -0.141721
v 0.038939 -0.480758 -0.142496
v 0.054101 -0.414172 -0.161380
v 0.038939 -0.415830 -0.160943
v 0.041764 -0.483475 -0.141724
v -0.054101 -0.414172 -0.161380
v -0.038939 -0.480758 -0.142496
v -0.054101 -0.483474 -0.141721
v -0.041764 -0.483475 -0.141724
v -0.038939 -0.415830 -0.160943
v 0.000000 -0.286731 -0.210999
v 0.030670 -0.221658 -0.225194
v 0.030670 -0.286731 -0.210999
v -0.030670 -0.221658 -0.225194
v 0.000000 -0.221658 -0.225194
v -0.030670 -0.286731 -0.210999
v 0.042738 -0.148209 0.129467
v 0.047934 -0.145715 0.124340
v 0.045139 -0.144443 0.130592
v 0.038032 -0.147403 0.133356
v -0.038032 -0.147403 0.133356
v -0.045139 -0.144443 0.130592
v -0.042738 -0.148209 0.129467
v -0.047934 -0.145715 0.124340
v 0.031123 0.103509 -0.272384
v 0.037302 0.103851 -0.270491
v 0.037157 0.082785 -0.268777
v -0.037157 0.082785 -0.268777
v -0.037302 0.103851 -0.270491
v -0.031123 0.103509 -0.272384
v -0.026464 0.107512 -0.270025
v -0.026464 0.165448 -0.273838
v 0.000000 0.165448 -0.273838
v 0.026464 0.107512 -0.270025
v 0.000000 0.107512 -0.270025
v 0.037792 -0.367112 -0.174105
v 0.038939 -0.415830 -0.160943
v 0.037506 -0.415830 -0.160943
v -0.038939 -0.415830 -0.160943
v -0.037792 -0.367112 -0.174105
v -0.037506 -0.415830 -0.160943
v 0.000000 -0.198457 -0.232353
v -0.030596 -0.218595 -0.228801
v -0.030634 -0.198459 -0.232360
v 0.000000 -0.218588 -0.228759
v -0.030968 0.082441 -0.270660
v 0.000000 0.103506 -0.272429
v 0.000000 0.082452 -0.270561
v -0.031123 0.103509 -0.272384
v -0.037157 0.082785 -0.268777
v -0.037302 0.103851 -0.270491
v -0.061521 0.085669 -0.252379
v -0.061650 0.106859 -0.254115
v 0.030968 0.082441 -0.270660
v 0.000000 0.103506 -0.272429
v 0.031123 0.103509 -0.272384
v 0.000000 0.082452 -0.270561
v 0.037157 0.082785 -0.268777
v 0.037302 0.103851 -0.270491
v 0.061521 0.085669 -0.252379
v 0.061650 0.106859 -0.254115
v 0.030670 -0.194522 -0.230444
v 0.000000 -0.128697 -0.240906
v 0.030670 -0.128697 -0.240906
v 0.000000 -0.194522 -0.230444
v -0.030670 0.079400 -0.267242
v 0.000000 0.034357 -0.262735
v -0.030670 0.034357 -0.262735
v 0.000000 0.079400 -0.267242
v 0.030670 -0.044178 -0.253740
v 0.000000 -0.044178 -0.253740
v -0.030670 -0.071595 -0.249542
v 0.000000 -0.128697 -0.240906
v -0.030670 -0.128697 -0.240906
v -0.030670 -0.194522 -0.230444
v 0.000000 -0.194522 -0.230444
v 0.000000 -0.071595 -0.249542
v 0.030670 -0.071595 -0.249542
v 0.030670 -0.128697 -0.240906
v 0.054101 -0.367112 -0.174105
v 0.054101 -0.414172 -0.161380
v 0.038939 -0.415830 -0.160943
v 0.037792 -0.367112 -0.174105
v 0.057689 -0.413119 -0.160679
v 0.057689 -0.366889 -0.173169
v 0.060316 -0.366281 -0.170612
v 0.060316 -0.412446 -0.158140
v 0.061277 -0.365325 -0.166960
v 0.061277 -0.411488 -0.154623
v 0.061277 -0.352096 -0.111329
v 0.061277 -0.385042 -0.128473
v 0.061277 -0.390516 -0.131634
v 0.061277 -0.396840 -0.131634
v -0.030670 -0.044178 -0.253740
v 0.000000 0.034357 -0.262735
v 0.000000 -0.044178 -0.253740
v -0.030670 0.034357 -0.262735
v 0.000000 0.079400 -0.267242
v 0.030670 0.079400 -0.267242
v 0.030670 0.034357 -0.262735
v 0.030670 -0.044178 -0.253740
v -0.037590 -0.367539 -0.193006
v -0.061275 -0.363813 -0.177235
v -0.061254 -0.344052 -0.181981
v 0.030656 -0.048134 -0.255860
v 0.037609 -0.047728 -0.253727
v 0.037530 -0.067971 -0.251022
v 0.061301 -0.044700 -0.237708
v 0.061230 -0.064934 -0.234994
v 0.000000 -0.048134 -0.255873
v 0.030572 -0.068381 -0.253148
v 0.000000 -0.068372 -0.253085
v -0.030572 -0.068381 -0.253148
v -0.037554 -0.218148 -0.226684
v -0.030634 -0.198459 -0.232360
v -0.030596 -0.218595 -0.228801
v -0.037589 -0.198016 -0.230240
v -0.061250 -0.214820 -0.210750
v -0.045142 0.167443 0.081402
v -0.045129 0.165055 0.088873
v -0.042731 0.168361 0.086737
v -0.039390 0.165800 0.093633
v -0.047938 0.164051 0.082576
v -0.047140 0.165485 0.070062
v 0.045142 0.167443 0.081402
v 0.045129 0.165055 0.088873
v 0.047938 0.164051 0.082576
v 0.047140 0.165485 0.070062
v 0.042731 0.168361 0.086737
v 0.039390 0.165800 0.093633
v -0.037589 -0.198016 -0.230240
v -0.061250 -0.214820 -0.210750
v -0.061285 -0.194696 -0.214306
v 0.037589 -0.198016 -0.230240
v 0.061250 -0.214820 -0.210750
v 0.037554 -0.218148 -0.226684
v -0.057689 -0.190542 -0.211955
v -0.054101 -0.125572 -0.223274
v -0.054101 -0.190735 -0.212897
v -0.054101 -0.068151 -0.231891
v -0.057689 -0.125404 -0.222327
v -0.057689 -0.067976 -0.230945
v -0.060316 -0.124946 -0.219740
v 0.057689 0.036495 -0.244030
v 0.060316 -0.039976 -0.232559
v 0.057689 -0.040451 -0.235149
v 0.060316 0.036791 -0.241420
v 0.061277 -0.039180 -0.228933
v 0.061277 0.037196 -0.237855
v 0.054101 0.036386 -0.244986
v 0.054101 -0.040625 -0.236096
v 0.037792 0.036386 -0.244986
v 0.054101 0.082396 -0.249705
v 0.037792 0.082396 -0.249705
v -0.053193 0.177217 0.051796
v -0.049380 0.170741 0.057135
v -0.049769 0.177733 0.054711
v -0.052727 0.168644 0.054768
v -0.051490 0.162957 0.061888
v -0.048407 0.166214 0.062815
v 0.049380 0.170741 0.057135
v 0.051490 0.162957 0.061888
v 0.052727 0.168644 0.054768
v 0.048407 0.166214 0.062815
v 0.053193 0.177217 0.051796
v 0.049769 0.177733 0.054711
v 0.057689 -0.125404 -0.222327
v 0.060316 -0.190014 -0.209379
v 0.057689 -0.190542 -0.211955
v 0.060316 -0.124946 -0.219740
v 0.054101 -0.125572 -0.223274
v 0.061277 -0.124319 -0.216202
v 0.061277 -0.189194 -0.205736
v 0.054101 -0.068151 -0.231891
v 0.037792 -0.125572 -0.223274
v -0.030628 -0.368036 -0.195109
v -0.037567 -0.347774 -0.197755
v -0.030604 -0.348267 -0.199856
v 0.000000 -0.368034 -0.195096
v 0.000000 -0.348259 -0.199822
v 0.030604 -0.348267 -0.199856
v 0.030628 -0.368036 -0.195109
v 0.037567 -0.347774 -0.197755
v 0.037590 -0.367539 -0.193006
v 0.061254 -0.344052 -0.181981
v 0.061275 -0.363813 -0.177235
v 0.064162 -0.342601 -0.176729
v 0.064219 -0.362829 -0.171665
v 0.064144 -0.328873 -0.118675
v -0.031381 -0.428801 -0.180485
v -0.038939 -0.419885 -0.175007
v -0.031381 -0.422027 -0.182438
v -0.038939 -0.434090 -0.170911
v 0.037667 -0.446685 -0.168634
v 0.038939 -0.468210 -0.161074
v 0.037667 -0.468567 -0.162325
v 0.038939 -0.445867 -0.167516
v -0.037667 -0.446685 -0.168634
v -0.038939 -0.468210 -0.161074
v -0.038939 -0.445867 -0.167516
v -0.037667 -0.468567 -0.162325
v 0.031381 -0.428801 -0.180485
v 0.038939 -0.419885 -0.175007
v 0.038939 -0.434090 -0.170911
v 0.031381 -0.422027 -0.182438
v -0.045151 -0.149311 0.124155
v -0.050013 -0.148165 0.112454
v -0.047207 -0.151731 0.112487
v -0.048446 -0.155109 0.105827
v -0.051617 -0.152553 0.103774
v -0.049362 -0.161498 0.101661
v -0.052693 -0.160060 0.098877
v -0.053113 -0.169851 0.098283
v -0.049689 -0.169046 0.101197
v 0.030064 0.511783 -0.264079
v 0.028426 0.517898 -0.269771
v 0.028426 0.517898 -0.264079
v 0.027831 0.518492 -0.269771
v 0.030064 0.511783 -0.269771
v 0.037792 0.036386 -0.244986
v 0.054101 -0.040625 -0.236096
v 0.037792 -0.040625 -0.236096
v 0.030670 -0.420779 -0.178107
v 0.034344 -0.370302 -0.187929
v 0.034344 -0.419761 -0.174577
v 0.030670 -0.371129 -0.191511
v -0.030670 -0.420779 -0.178107
v -0.034344 -0.370302 -0.187929
v -0.030670 -0.371129 -0.191511
v -0.034344 -0.419761 -0.174577
v -0.032652 0.020473 0.110387
v 0.000000 -0.000168 0.113310
v 0.000000 0.020471 0.110371
v 0.032652 0.020473 0.110387
v -0.032653 -0.000165 0.113327
v -0.039400 0.020174 0.108744
v -0.039408 -0.000461 0.111679
v 0.032653 -0.000165 0.113327
v 0.039400 0.020174 0.108744
v 0.039408 -0.000461 0.111679
v 0.045151 -0.149311 0.124155
v 0.050013 -0.148165 0.112454
v 0.047934 -0.145715 0.124340
v 0.042738 -0.148209 0.129467
v 0.048446 -0.155109 0.105827
v 0.051617 -0.152553 0.103774
v -0.042738 -0.148209 0.129467
v -0.047934 -0.145715 0.124340
v -0.045151 -0.149311 0.124155
v -0.050013 -0.148165 0.112454
v -0.051617 -0.152553 0.103774
v -0.048446 -0.155109 0.105827
v 0.053079 -0.310195 0.130528
v 0.049311 -0.301852 0.133399
v 0.049651 -0.309356 0.133397
v 0.052658 -0.300591 0.130527
v -0.030064 0.486448 -0.272710
v -0.026464 0.474945 -0.276250
v -0.030064 0.474945 -0.272651
v -0.026464 0.253941 -0.275340
v -0.026464 0.486448 -0.276309
v 0.048407 0.166214 0.062815
v 0.049977 0.162034 0.070912
v 0.051490 0.162957 0.061888
v 0.047140 0.165485 0.070062
v 0.047938 0.164051 0.082576
v -0.047938 0.164051 0.082576
v -0.047140 0.165485 0.070062
v -0.049977 0.162034 0.070912
v -0.048407 0.166214 0.062815
v -0.051490 0.162957 0.061888
v 0.032293 -0.004032 0.110961
v 0.000000 -0.064705 0.120128
v 0.032293 -0.064705 0.120128
v 0.038031 -0.004301 0.109530
v 0.000000 -0.004032 0.110961
v 0.038031 -0.064958 0.118699
v 0.032293 -0.119772 0.129657
v 0.038032 -0.120067 0.128234
v 0.000000 -0.119772 0.129657
v -0.032293 -0.004032 0.110961
v -0.032293 -0.119772 0.129657
v -0.032293 -0.064705 0.120128
v -0.038031 -0.004301 0.109530
v -0.038031 -0.064958 0.118699
v -0.038032 -0.120067 0.128234
v 0.000000 -0.122665 0.133121
v -0.032425 -0.143146 0.136973
v 0.000000 -0.143152 0.136958
v 0.032425 -0.143146 0.136973
v -0.032653 -0.122661 0.133137
v -0.039407 -0.143479 0.135335
v -0.039403 -0.122997 0.131502
v 0.032653 -0.122661 0.133137
v 0.039407 -0.143479 0.135335
v 0.039403 -0.122997 0.131502
v -0.032293 0.023510 0.107008
v 0.000000 0.075738 0.101174
v -0.032293 0.075738 0.101174
v 0.000000 0.023510 0.107008
v -0.038031 0.075574 0.099736
v -0.038030 0.023243 0.105578
v -0.038031 0.141277 0.093030
v -0.032293 0.141524 0.094453
v 0.000000 0.141524 0.094453
v 0.032293 0.023510 0.107008
v 0.032293 0.141524 0.094453
v 0.032293 0.075738 0.101174
v 0.038031 0.141277 0.093030
v 0.038031 0.075574 0.099736
v 0.038030 0.023243 0.105578
v 0.054895 0.534066 -0.220598
v 0.061277 0.511783 -0.216266
v 0.061277 0.473362 -0.216266
v 0.054895 0.387395 -0.220598
v 0.061277 0.387395 -0.216266
v 0.061277 0.379357 -0.220598
v 0.061277 0.387395 -0.216266
v -0.061277 0.473362 -0.216266
v -0.054895 0.534066 -0.220598
v -0.054895 0.387395 -0.220598
v -0.061277 0.511783 -0.216266
v -0.061277 0.387395 -0.216266
v -0.061277 0.379357 -0.220598
v -0.061277 0.387395 -0.216266
v -0.039390 0.165800 0.093633
v -0.032651 0.145267 0.097043
v -0.032650 0.166063 0.095272
v -0.039404 0.145006 0.095401
v 0.000000 0.145264 0.097027
v 0.000000 0.166061 0.095255
v 0.032650 0.166063 0.095272
v 0.032651 0.145267 0.097043
v 0.039390 0.165800 0.093633
v 0.039404 0.145006 0.095401
v 0.030064 0.474945 -0.263613
v 0.033512 0.511783 -0.260613
v 0.033512 0.473349 -0.260150
v 0.030064 0.253941 -0.261375
v 0.030064 0.511783 -0.264079
v 0.031411 0.519621 -0.260613
v 0.028426 0.517898 -0.264079
v 0.027761 0.518562 -0.264079
v 0.029006 0.522027 -0.260613
v -0.034344 -0.416785 -0.164256
v -0.037792 -0.367112 -0.174105
v -0.034344 -0.367887 -0.177466
v -0.026464 0.165448 -0.273838
v -0.030064 0.221295 -0.271606
v -0.026464 0.221301 -0.275205
v -0.030064 0.165590 -0.270241
v -0.030064 0.108189 -0.266470
v -0.026464 0.221301 -0.275205
v -0.030064 0.253941 -0.271741
v -0.026464 0.253941 -0.275340
v -0.030064 0.474945 -0.272651
v 0.026464 0.165448 -0.273838
v 0.030064 0.221295 -0.271606
v 0.030064 0.165590 -0.270241
v 0.026464 0.221301 -0.275205
v 0.030064 0.108189 -0.266470
v 0.026464 0.107512 -0.270025
v 0.026464 0.221301 -0.275205
v 0.030064 0.253941 -0.271741
v 0.026464 0.253941 -0.275340
v 0.030064 0.474945 -0.272651
v 0.026464 0.474945 -0.276250
v 0.030064 0.486448 -0.272710
v 0.026464 0.486448 -0.276309
v 0.034344 -0.416785 -0.164256
v 0.037792 -0.367112 -0.174105
v 0.037506 -0.415830 -0.160943
v 0.034344 -0.367887 -0.177466
v -0.034344 -0.343295 -0.194658
v -0.030670 -0.286731 -0.210999
v -0.030670 -0.344166 -0.198233
v -0.034344 -0.285942 -0.207411
v -0.034344 -0.220914 -0.221596
v -0.030670 -0.286731 -0.210999
v -0.034344 -0.220914 -0.221596
v -0.030670 -0.221658 -0.225194
v -0.034344 -0.343295 -0.194658
v -0.034344 -0.285942 -0.207411
v 0.030670 -0.286731 -0.210999
v 0.034344 -0.220914 -0.221596
v 0.034344 -0.285942 -0.207411
v 0.034344 -0.343295 -0.194658
v 0.030670 -0.344166 -0.198233
v 0.030572 -0.068381 -0.253148
v 0.000000 -0.071595 -0.249542
v 0.000000 -0.068372 -0.253085
v 0.030670 -0.286731 -0.210999
v 0.030670 -0.221658 -0.225194
v 0.034344 -0.220914 -0.221596
v 0.015775 0.486448 -0.269771
v 0.014322 0.482291 -0.276288
v 0.014322 0.483216 -0.255839
v 0.030634 -0.198459 -0.232360
v 0.037554 -0.218148 -0.226684
v 0.030596 -0.218595 -0.228801
v 0.037589 -0.198016 -0.230240
v 0.000000 -0.198457 -0.232353
v 0.000000 -0.218588 -0.228759
v 0.061285 -0.194696 -0.214306
v 0.061250 -0.214820 -0.210750
v 0.064153 -0.213974 -0.205170
v 0.064228 -0.193487 -0.208953
v 0.064142 -0.203047 -0.146159
v 0.061277 -0.216663 -0.200592
v 0.064142 -0.203047 -0.146159
v 0.061277 -0.206495 -0.145444
v 0.061277 -0.206929 -0.137908
v 0.064143 -0.203608 -0.136590
v 0.061277 -0.211138 -0.131530
v 0.064147 -0.208653 -0.128955
v -0.061277 -0.206929 -0.137908
v -0.064142 -0.203047 -0.146159
v -0.061277 -0.206495 -0.145444
v -0.061277 -0.216663 -0.200592
v -0.064143 -0.203608 -0.136590
v -0.061277 -0.211138 -0.131530
v -0.064147 -0.208653 -0.128955
v 0.015775 0.486448 -0.269771
v 0.014322 0.483216 -0.255839
v 0.027761 0.518562 -0.264079
v 0.027831 0.518492 -0.269771
v 0.029006 0.522027 -0.260613
v 0.030806 0.525952 -0.255839
v 0.030806 0.525952 -0.260613
v 0.015886 0.486448 -0.276309
v 0.014322 0.482291 -0.276288
v -0.034344 -0.416785 -0.164256
v -0.037506 -0.415830 -0.160943
v -0.037792 -0.367112 -0.174105
v -0.030064 0.474945 -0.263613
v -0.033512 0.511783 -0.260613
v -0.030064 0.511783 -0.264079
v -0.031411 0.519621 -0.260613
v -0.033512 0.473349 -0.260150
v -0.030064 0.253941 -0.261375
v -0.027761 0.518562 -0.264079
v -0.028426 0.517898 -0.264079
v -0.034344 -0.218722 -0.210999
v -0.037792 -0.218023 -0.207622
v -0.037199 -0.221189 -0.222930
v -0.054101 -0.218023 -0.207622
v -0.057689 -0.217828 -0.206681
v -0.034344 -0.220914 -0.221596
v -0.030670 -0.221658 -0.225194
v 0.037792 -0.218023 -0.207622
v 0.034344 -0.218722 -0.210999
v 0.037199 -0.221189 -0.222930
v 0.034344 -0.220914 -0.221596
v 0.030670 -0.221658 -0.225194
v 0.057689 -0.217828 -0.206681
v 0.054101 -0.218023 -0.207622
v 0.054101 -0.218023 -0.207622
v 0.037792 -0.218023 -0.207622
v 0.037199 -0.221189 -0.222930
v 0.038031 0.174979 0.090234
v 0.032292 0.169274 0.092075
v 0.038028 0.169030 0.090644
v 0.032293 0.175076 0.091679
v 0.000000 0.175076 0.091679
v 0.000000 0.169273 0.092075
v -0.032292 0.169274 0.092075
v -0.032293 0.175076 0.091679
v -0.038031 0.174979 0.090234
v -0.038028 0.169030 0.090644
v 0.054100 0.110851 -0.252491
v 0.057689 0.111010 -0.251546
v 0.033040 0.107889 -0.268035
v 0.033512 0.110850 -0.252491
v 0.030064 0.110202 -0.255896
v 0.026464 0.107512 -0.270025
v 0.030064 0.108189 -0.266470
v -0.026464 0.107512 -0.270025
v -0.033040 0.107889 -0.268035
v -0.030064 0.108189 -0.266470
v -0.033512 0.110850 -0.252491
v -0.030064 0.110202 -0.255896
v -0.054100 0.110851 -0.252491
v -0.057689 0.111010 -0.251546
v -0.015775 0.486448 -0.269771
v -0.027831 0.518492 -0.269771
v -0.027761 0.518562 -0.264079
v -0.014322 0.483216 -0.255839
v -0.029006 0.522027 -0.260613
v -0.030806 0.525952 -0.255839
v 0.038031 -0.208311 0.145679
v 0.032293 -0.259802 0.158349
v 0.038031 -0.260135 0.156940
v 0.032293 -0.208000 0.147094
v 0.038032 -0.147403 0.133356
v 0.032293 -0.147108 0.134779
v 0.000000 -0.147107 0.134779
v 0.000000 -0.208000 0.147094
v 0.000000 -0.259802 0.158349
v -0.032293 -0.259802 0.158349
v -0.032293 -0.208000 0.147094
v -0.032293 -0.147108 0.134779
v -0.038032 -0.147403 0.133356
v -0.038031 -0.208311 0.145679
v -0.038031 -0.260135 0.156940
v 0.033040 0.107889 -0.268035
v 0.030064 0.108189 -0.266470
v 0.030064 0.110202 -0.255896
v -0.030064 0.110202 -0.255896
v -0.030064 0.108189 -0.266470
v -0.033040 0.107889 -0.268035
v -0.030064 0.108189 -0.266470
v -0.026464 0.165448 -0.273838
v -0.026464 0.107512 -0.270025
v -0.060316 -0.482487 -0.138272
v -0.061277 -0.411488 -0.154623
v -0.060316 -0.412446 -0.158140
v -0.061277 -0.481498 -0.134816
v -0.057689 -0.483210 -0.140797
v -0.061277 -0.414382 -0.126934
v -0.061277 -0.396840 -0.131634
v -0.057689 -0.413119 -0.160679
v -0.054101 -0.414172 -0.161380
v -0.054101 -0.483474 -0.141721
v -0.034344 0.034774 -0.259085
v -0.034344 0.080019 -0.263619
v -0.030670 0.079400 -0.267242
v 0.030670 -0.128697 -0.240906
v 0.034344 -0.193746 -0.226848
v 0.030670 -0.194522 -0.230444
v 0.034344 -0.128056 -0.237288
v 0.030670 -0.071595 -0.249542
v 0.034344 -0.043450 -0.250126
v 0.030670 0.034357 -0.262735
v 0.034344 0.034774 -0.259085
v 0.030670 0.079400 -0.267242
v 0.034344 0.080019 -0.263619
v -0.034344 -0.193746 -0.226848
v -0.030670 -0.128697 -0.240906
v -0.030670 -0.194522 -0.230444
v -0.034344 -0.128056 -0.237288
v -0.030670 -0.071595 -0.249542
v -0.034344 -0.070891 -0.245932
v -0.034344 0.034774 -0.259085
v -0.030670 0.079400 -0.267242
v -0.030670 0.034357 -0.262735
v -0.034344 -0.043450 -0.250126
v -0.030670 -0.044178 -0.253740
v 0.034344 -0.043450 -0.250126
v 0.030670 -0.044178 -0.253740
v 0.030670 0.034357 -0.262735
v -0.030064 0.221276 -0.261044
v -0.033512 0.253941 -0.257927
v -0.030064 0.253941 -0.261375
v -0.033512 0.473349 -0.260150
v -0.033512 0.221270 -0.257596
v -0.030064 0.166013 -0.259506
v -0.030064 0.221276 -0.261044
v -0.033512 0.166148 -0.256061
v -0.033512 0.110850 -0.252491
v 0.037673 0.272572 0.083634
v 0.000000 0.235310 0.083761
v 0.037673 0.235310 0.083761
v 0.000000 0.272572 0.083634
v -0.037673 0.272572 0.083634
v 0.041310 0.237869 0.082843
v 0.041311 0.270014 0.082716
v 0.053138 0.243638 0.082310
v 0.053138 0.264244 0.082185
v 0.041310 0.221301 0.083051
v 0.037673 0.221301 0.083969
v 0.000000 0.221301 0.083969
v 0.037673 0.190252 0.084300
v 0.041309 0.190197 0.083381
v -0.037673 0.235310 0.083761
v -0.041310 0.237869 0.082843
v -0.041311 0.270014 0.082716
v -0.053138 0.243638 0.082310
v -0.053138 0.264244 0.082185
v -0.041310 0.221301 0.083051
v -0.037673 0.221301 0.083969
v -0.037673 0.190252 0.084300
v -0.041309 0.190197 0.083381
v 0.000000 0.190252 0.084300
v -0.032293 0.175076 0.091679
v 0.032293 0.175076 0.091679
v 0.000000 0.175076 0.091679
v -0.037792 -0.339933 -0.180852
v -0.034344 -0.283631 -0.196897
v -0.034344 -0.340750 -0.184207
v -0.037792 -0.282890 -0.193530
v 0.030064 0.166013 -0.259506
v 0.033512 0.221270 -0.257596
v 0.033512 0.166148 -0.256061
v 0.033512 0.110850 -0.252491
v 0.030064 0.221276 -0.261044
v 0.030064 0.221276 -0.261044
v 0.033512 0.253941 -0.257927
v 0.030064 0.253941 -0.261375
v 0.033512 0.473349 -0.260150
v 0.030670 -0.071595 -0.249542
v 0.034344 -0.070891 -0.245932
v 0.034344 -0.128056 -0.237288
v 0.034344 -0.283631 -0.196897
v 0.037792 -0.339933 -0.180852
v 0.034344 -0.340750 -0.184207
v 0.037792 -0.282890 -0.193530
v 0.037792 -0.218023 -0.207622
v 0.060316 0.111443 -0.248963
v 0.061276 0.112098 -0.245442
v 0.064266 0.108248 -0.248579
v 0.064163 0.118102 -0.190052
v 0.061276 0.121340 -0.190367
v 0.064157 0.119953 -0.181880
v 0.061276 0.124393 -0.183643
v 0.064149 0.127257 -0.176033
v 0.061276 0.130352 -0.179035
v 0.064150 0.134415 -0.174017
v -0.064157 0.119953 -0.181880
v -0.061276 0.121340 -0.190367
v -0.064163 0.118102 -0.190052
v -0.061276 0.112098 -0.245442
v -0.064266 0.108248 -0.248579
v -0.060316 0.111443 -0.248963
v -0.061276 0.124393 -0.183643
v -0.064149 0.127257 -0.176033
v -0.061276 0.130352 -0.179035
v -0.064150 0.134415 -0.174017
v -0.034344 -0.283631 -0.196897
v -0.037792 -0.218023 -0.207622
v -0.034344 -0.218722 -0.210999
v -0.037792 -0.282890 -0.193530
v 0.034344 -0.283631 -0.196897
v 0.034344 -0.218722 -0.210999
v 0.037792 -0.218023 -0.207622
v 0.061276 0.130352 -0.179035
v 0.061276 0.141052 -0.174697
v 0.064150 0.134415 -0.174017
v -0.064150 0.134415 -0.174017
v -0.061276 0.141052 -0.174697
v -0.061276 0.130352 -0.179035
v 0.052693 -0.160060 0.098877
v 0.049362 -0.161498 0.101661
v 0.049689 -0.169046 0.101197
v 0.060429 -0.167158 0.038099
v 0.063320 -0.163654 0.037604
v 0.059829 -0.160782 0.056539
v -0.059829 -0.160782 0.056539
v -0.063320 -0.163654 0.037604
v -0.060429 -0.167158 0.038099
v -0.045136 0.019317 0.103978
v -0.039408 -0.000461 0.111679
v -0.039400 0.020174 0.108744
v 0.061276 0.151639 -0.014966
v 0.063324 0.150090 -0.004868
v 0.064151 0.148455 -0.014319
v 0.060432 0.153305 -0.005327
v -0.063324 0.150090 -0.004868
v -0.061276 0.151639 -0.014966
v -0.064151 0.148455 -0.014319
v -0.060432 0.153305 -0.005327
v 0.045136 0.019317 0.103978
v 0.039400 0.020174 0.108744
v 0.039408 -0.000461 0.111679
v -0.037609 -0.047728 -0.253727
v -0.030670 -0.044178 -0.253740
v -0.030656 -0.048134 -0.255860
v 0.000000 -0.044178 -0.253740
v -0.037196 -0.043723 -0.251469
v -0.061301 -0.044700 -0.237708
v 0.030670 -0.044178 -0.253740
v 0.030656 -0.048134 -0.255860
v 0.000000 -0.044178 -0.253740
v 0.030656 -0.048134 -0.255860
v 0.000000 -0.048134 -0.255873
v -0.030656 -0.048134 -0.255860
v 0.030670 -0.044178 -0.253740
v 0.037609 -0.047728 -0.253727
v 0.037196 -0.043723 -0.251469
v 0.061301 -0.044700 -0.237708
v -0.060429 -0.167158 0.038099
v -0.064151 -0.165601 0.028235
v -0.061277 -0.169139 0.028544
v -0.063320 -0.163654 0.037604
v 0.000000 -0.282694 0.167066
v 0.032651 -0.262479 0.162012
v 0.000000 -0.262483 0.161996
v -0.032651 -0.262479 0.162012
v 0.032651 -0.282690 0.167082
v 0.039398 -0.283073 0.165464
v 0.039400 -0.262867 0.160395
v -0.032651 -0.282690 0.167082
v -0.039398 -0.283073 0.165464
v -0.039400 -0.262867 0.160395
v 0.064151 -0.165601 0.028235
v 0.060429 -0.167158 0.038099
v 0.061277 -0.169139 0.028544
v 0.063320 -0.163654 0.037604
v 0.045129 0.165055 0.088873
v 0.039390 0.165800 0.093633
v 0.039404 0.145006 0.095401
v -0.033512 0.110850 -0.252491
v -0.030064 0.166013 -0.259506
v -0.030064 0.110202 -0.255896
v 0.030064 0.166013 -0.259506
v 0.033512 0.110850 -0.252491
v 0.030064 0.110202 -0.255896
v -0.037792 -0.125572 -0.223274
v -0.034344 -0.068812 -0.235278
v -0.034344 -0.126174 -0.226670
v -0.037792 -0.068151 -0.231891
v -0.037792 -0.190735 -0.212897
v -0.034344 -0.191464 -0.216272
v 0.034344 -0.068812 -0.235278
v 0.037792 -0.125572 -0.223274
v 0.034344 -0.126174 -0.226670
v 0.037792 -0.068151 -0.231891
v 0.037792 -0.190735 -0.212897
v 0.034344 -0.191464 -0.216272
v 0.034344 0.035995 -0.248411
v 0.037792 -0.040625 -0.236096
v 0.034344 -0.041308 -0.239488
v 0.034344 0.081815 -0.253105
v 0.037792 0.036386 -0.244986
v -0.037792 0.036386 -0.244986
v -0.034344 0.081815 -0.253105
v -0.034344 0.035995 -0.248411
v -0.037792 0.082396 -0.249705
v -0.037792 -0.040625 -0.236096
v 0.034344 0.035995 -0.248411
v 0.037792 0.036386 -0.244986
v 0.037792 -0.040625 -0.236096
v 0.034344 0.081815 -0.253105
v 0.037792 0.082396 -0.249705
v 0.030670 -0.071595 -0.249542
v 0.037530 -0.067971 -0.251022
v 0.037197 -0.071153 -0.247269
v 0.030572 -0.068381 -0.253148
v 0.000000 -0.071595 -0.249542
v 0.061230 -0.064934 -0.234994
v 0.057689 -0.067976 -0.230945
v 0.060316 -0.067498 -0.228360
v -0.030572 -0.068381 -0.253148
v -0.030670 -0.071595 -0.249542
v 0.000000 -0.068372 -0.253085
v -0.037792 -0.040625 -0.236096
v -0.034344 0.035995 -0.248411
v -0.034344 -0.041308 -0.239488
v 0.061276 0.131797 -0.140771
v 0.064150 0.127905 -0.133439
v 0.064150 0.127129 -0.141024
v 0.064150 0.132034 -0.148561
v 0.061276 0.131120 -0.133740
v 0.064151 0.148455 -0.014319
v 0.061276 0.151639 -0.014966
v 0.061277 -0.198290 -0.096246
v 0.064149 -0.191384 -0.090014
v 0.061277 -0.194891 -0.089489
v 0.061277 -0.169139 0.028544
v -0.061276 0.131120 -0.133740
v -0.064151 0.148455 -0.014319
v -0.061276 0.151639 -0.014966
v -0.064150 0.127905 -0.133439
v -0.061276 0.131797 -0.140771
v -0.064150 0.127129 -0.141024
v -0.064150 0.132034 -0.148561
v -0.061277 -0.169139 0.028544
v -0.064149 -0.191384 -0.090014
v -0.061277 -0.194891 -0.089489
v -0.061277 -0.198290 -0.096246
v 0.059815 0.153496 0.014979
v 0.055798 0.159717 0.020848
v 0.058229 0.157437 0.023640
v 0.054939 0.165674 0.025449
v 0.056988 0.156677 0.014198
v 0.060432 0.153305 -0.005327
v 0.063324 0.150090 -0.004868
v -0.060432 0.153305 -0.005327
v -0.059815 0.153496 0.014979
v -0.056988 0.156677 0.014198
v -0.063324 0.150090 -0.004868
v -0.055798 0.159717 0.020848
v -0.058229 0.157437 0.023640
v -0.054939 0.165674 0.025449
v -0.038028 0.169030 0.090644
v -0.042737 0.174713 0.086286
v -0.042731 0.168361 0.086737
v 0.042737 0.174713 0.086286
v 0.038031 0.174979 0.090234
v 0.038028 0.169030 0.090644
v 0.030656 -0.048134 -0.255860
v 0.037530 -0.067971 -0.251022
v 0.030572 -0.068381 -0.253148
v 0.037609 -0.047728 -0.253727
v 0.061230 -0.064934 -0.234994
v 0.000000 -0.048134 -0.255873
v 0.000000 -0.068372 -0.253085
v 0.061301 -0.044700 -0.237708
v 0.064137 -0.064066 -0.229414
v 0.064249 -0.043421 -0.232303
v -0.030572 -0.068381 -0.253148
v -0.030656 -0.048134 -0.255860
v -0.037530 -0.067971 -0.251022
v -0.037609 -0.047728 -0.253727
v -0.061230 -0.064934 -0.234994
v -0.061301 -0.044700 -0.237708
v -0.064137 -0.064066 -0.229414
v -0.064249 -0.043421 -0.232303
v -0.064144 -0.054394 -0.170332
v -0.064160 -0.032496 -0.173142
v -0.064147 -0.055162 -0.160974
v 0.052693 -0.160060 0.098877
v 0.049689 -0.169046 0.101197
v 0.053113 -0.169851 0.098283
v 0.049664 -0.215925 0.111048
v 0.053099 -0.216572 0.108107
v 0.053092 -0.254501 0.116534
v 0.049652 -0.253912 0.119487
v 0.049314 -0.260573 0.123035
v 0.051617 -0.152553 0.103774
v 0.049362 -0.161498 0.101661
v 0.048446 -0.155109 0.105827
v 0.050013 -0.148165 0.112454
v 0.047207 -0.151731 0.112487
v 0.045151 -0.149311 0.124155
v -0.037673 0.492473 0.083634
v 0.000000 0.455211 0.083761
v 0.000000 0.492473 0.083634
v 0.037673 0.492473 0.083634
v -0.037673 0.455211 0.083761
v 0.037673 0.455211 0.083761
v -0.041310 0.457769 0.082843
v 0.041310 0.457769 0.082843
v -0.041311 0.489915 0.082716
v -0.053138 0.463539 0.082310
v -0.053138 0.484145 0.082185
v 0.041311 0.489915 0.082716
v 0.053138 0.463539 0.082310
v 0.053138 0.484145 0.082185
v -0.032293 -0.360164 0.185289
v 0.000000 -0.396093 0.195717
v 0.000000 -0.360164 0.185289
v -0.032293 -0.396093 0.195717
v -0.038031 -0.396491 0.194326
v -0.038031 -0.360543 0.183892
v 0.032293 -0.360164 0.185289
v 0.032293 -0.396093 0.195717
v 0.038031 -0.396491 0.194326
v 0.038031 -0.360543 0.183892
v -0.032293 -0.336170 0.178325
v -0.038031 -0.336537 0.176925
v 0.000000 -0.336170 0.178325
v -0.032293 -0.286775 0.165115
v -0.038031 -0.287108 0.163706
v 0.000000 -0.286775 0.165115
v 0.032293 -0.286775 0.165115
v 0.032293 -0.336170 0.178325
v 0.038031 -0.336537 0.176925
v 0.038031 -0.287108 0.163706
v -0.061277 -0.211138 -0.131530
v -0.064146 -0.217267 -0.124671
v -0.064147 -0.208653 -0.128955
v -0.061277 -0.217895 -0.128166
v -0.032293 0.023510 0.107008
v 0.000000 0.020471 0.110371
v 0.000000 0.023510 0.107008
v 0.032293 0.023510 0.107008
v -0.032652 0.020473 0.110387
v -0.038030 0.023243 0.105578
v -0.039400 0.020174 0.108744
v 0.032652 0.020473 0.110387
v 0.038030 0.023243 0.105578
v 0.039400 0.020174 0.108744
v 0.049359 -0.119613 0.094059
v 0.053116 -0.113347 0.088032
v 0.049683 -0.112792 0.090990
v 0.053070 -0.071560 0.081418
v 0.049635 -0.071042 0.084379
v 0.053056 -0.025959 0.074637
v 0.052625 -0.015973 0.075743
v 0.049623 -0.025170 0.077560
v 0.051540 -0.008706 0.080863
v 0.049283 -0.017603 0.078402
v 0.048341 -0.011283 0.082850
v 0.049877 -0.004460 0.089747
v 0.045150 -0.006034 0.100280
v 0.047934 -0.002439 0.100621
v 0.042737 -0.005033 0.105620
v -0.044288 0.190045 0.080873
v -0.045814 0.221301 0.077116
v -0.045809 0.188586 0.077447
v -0.044290 0.221301 0.080543
v -0.044291 0.238951 0.080335
v -0.041309 0.190197 0.083381
v -0.041310 0.237869 0.082843
v -0.041310 0.221301 0.083051
v -0.043236 0.179243 0.084544
v -0.044288 0.190045 0.080873
v -0.041309 0.190197 0.083381
v -0.038031 0.174979 0.090234
v -0.037673 0.190252 0.084300
v -0.051540 -0.008706 0.080863
v -0.049283 -0.017603 0.078402
v -0.048341 -0.011283 0.082850
v -0.049877 -0.004460 0.089747
v -0.052625 -0.015973 0.075743
v -0.053056 -0.025959 0.074637
v -0.049623 -0.025170 0.077560
v -0.053070 -0.071560 0.081418
v -0.049635 -0.071042 0.084379
v -0.053116 -0.113347 0.088032
v -0.049683 -0.112792 0.090990
v -0.049359 -0.119613 0.094059
v -0.032653 -0.000165 0.113327
v -0.038031 -0.004301 0.109530
v -0.032293 -0.004032 0.110961
v -0.039408 -0.000461 0.111679
v 0.000000 -0.000168 0.113310
v 0.000000 -0.004032 0.110961
v 0.032293 -0.004032 0.110961
v 0.032653 -0.000165 0.113327
v 0.038031 -0.004301 0.109530
v 0.039408 -0.000461 0.111679
v -0.064137 -0.064066 -0.229414
v -0.061301 -0.044700 -0.237708
v -0.061230 -0.064934 -0.234994
v -0.049281 0.024575 0.072570
v -0.053068 0.030891 0.066909
v -0.052657 0.022454 0.070221
v -0.049623 0.031488 0.069859
v -0.053061 0.071325 0.062370
v 0.049623 0.031488 0.069859
v 0.053061 0.071325 0.062370
v 0.049623 0.071665 0.065356
v 0.053068 0.030891 0.066909
v 0.049281 0.024575 0.072570
v 0.052657 0.022454 0.070221
v -0.053070 -0.071560 0.081418
v -0.049683 -0.112792 0.090990
v -0.049635 -0.071042 0.084379
v -0.053056 -0.025959 0.074637
v -0.049623 -0.025170 0.077560
v -0.052625 -0.015973 0.075743
v -0.049283 -0.017603 0.078402
v -0.053079 -0.310195 0.130528
v -0.049311 -0.301852 0.133399
v -0.052658 -0.300591 0.130527
v -0.049651 -0.309356 0.133397
v -0.049657 -0.346022 0.143129
v -0.053092 -0.346767 0.140241
v 0.049635 -0.071042 0.084379
v 0.053056 -0.025959 0.074637
v 0.049623 -0.025170 0.077560
v 0.052625 -0.015973 0.075743
v 0.049283 -0.017603 0.078402
v 0.049623 0.071665 0.065356
v 0.053096 0.119947 0.056919
v 0.049664 0.120730 0.059868
v 0.053061 0.071325 0.062370
v -0.038031 0.075574 0.099736
v -0.042737 0.140604 0.089144
v -0.042737 0.075128 0.095805
v -0.038031 0.141277 0.093030
v -0.045149 0.139685 0.083835
v -0.047165 0.137716 0.072440
v -0.049664 0.120730 0.059868
v -0.048415 0.134555 0.065586
v -0.049335 0.128295 0.060954
v -0.060316 -0.067498 -0.228360
v -0.061230 -0.064934 -0.234994
v -0.057689 -0.067976 -0.230945
v -0.037197 -0.071153 -0.247269
v -0.030670 -0.071595 -0.249542
v -0.037530 -0.067971 -0.251022
v -0.030572 -0.068381 -0.253148
v -0.042736 0.022512 0.101669
v -0.039400 0.020174 0.108744
v -0.038030 0.023243 0.105578
v 0.042737 0.140604 0.089144
v 0.038031 0.075574 0.099736
v 0.042737 0.075128 0.095805
v 0.038031 0.141277 0.093030
v 0.045149 0.139685 0.083835
v 0.047165 0.137716 0.072440
v 0.049664 0.120730 0.059868
v 0.048415 0.134555 0.065586
v 0.049335 0.128295 0.060954
v 0.042736 0.022512 0.101669
v 0.038030 0.023243 0.105578
v 0.039400 0.020174 0.108744
v 0.053226 0.212413 0.051116
v 0.050177 0.227999 0.051847
v 0.049807 0.218201 0.054054
v 0.049838 0.187201 0.054415
v 0.053226 0.212413 0.051116
v 0.053255 0.186970 0.051478
v 0.049769 0.177733 0.054711
v 0.053193 0.177217 0.051796
v 0.049380 0.170741 0.057135
v 0.052727 0.168644 0.054768
v -0.053226 0.212413 0.051116
v -0.049838 0.187201 0.054415
v -0.049807 0.218201 0.054054
v -0.053226 0.212413 0.051116
v -0.050177 0.227999 0.051847
v -0.053255 0.186970 0.051478
v -0.049769 0.177733 0.054711
v -0.053193 0.177217 0.051796
v -0.052727 0.168644 0.054768
v -0.049380 0.170741 0.057135
v -0.061276 0.141052 -0.174697
v -0.064150 0.137691 -0.151615
v -0.061276 0.144533 -0.151939
v -0.049281 0.024575 0.072570
v -0.051464 0.016931 0.077549
v -0.048332 0.020153 0.078443
v -0.052657 0.022454 0.070221
v 0.051464 0.016931 0.077549
v 0.049281 0.024575 0.072570
v 0.048332 0.020153 0.078443
v 0.052657 0.022454 0.070221
v -0.037792 0.036386 -0.244986
v -0.054101 0.082396 -0.249705
v -0.037792 0.082396 -0.249705
v -0.037792 -0.040625 -0.236096
v -0.054101 -0.040625 -0.236096
v -0.057689 -0.040451 -0.235149
v -0.054101 0.036386 -0.244986
v -0.057689 0.036495 -0.244030
v -0.057689 0.082542 -0.248755
v -0.060316 0.036791 -0.241420
v -0.060316 0.082944 -0.246160
v -0.061277 0.037196 -0.237855
v -0.061277 -0.012056 -0.160965
v -0.061277 -0.029014 -0.173464
v -0.061277 -0.025785 -0.166634
v -0.061277 -0.019535 -0.162029
v -0.061277 0.091525 -0.187542
v -0.061277 0.083488 -0.242694
v -0.061277 0.045176 -0.167591
v -0.061277 0.079406 -0.171452
v -0.061277 0.086342 -0.174176
v -0.061277 0.090822 -0.180124
v 0.054101 -0.282890 -0.193530
v 0.057689 -0.339706 -0.179917
v 0.054101 -0.339933 -0.180852
v 0.037792 -0.339933 -0.180852
v 0.037792 -0.282890 -0.193530
v 0.054101 -0.218023 -0.207622
v 0.037792 -0.218023 -0.207622
v 0.057689 -0.217828 -0.206681
v 0.057689 -0.282684 -0.192591
v 0.060316 -0.217294 -0.204108
v 0.060316 -0.339085 -0.177360
v 0.060316 -0.282120 -0.190025
v 0.061277 -0.338249 -0.173695
v 0.061277 -0.281348 -0.186515
v 0.061277 -0.216663 -0.200592
v 0.061277 -0.325429 -0.119399
v 0.061277 -0.307770 -0.108436
v 0.061277 -0.266225 -0.117732
v 0.061277 -0.217895 -0.128166
v 0.061277 -0.206495 -0.145444
v 0.061277 -0.211138 -0.131530
v -0.037590 -0.367539 -0.193006
v -0.061254 -0.344052 -0.181981
v -0.037567 -0.347774 -0.197755
v -0.030628 -0.368036 -0.195109
v -0.061275 -0.363813 -0.177235
v -0.064162 -0.342601 -0.176729
v -0.064219 -0.362829 -0.171665
v -0.064144 -0.328873 -0.118675
v 0.061277 -0.211138 -0.131530
v 0.064146 -0.217267 -0.124671
v 0.061277 -0.217895 -0.128166
v 0.064147 -0.208653 -0.128955
v 0.061277 -0.266225 -0.117732
v 0.064146 -0.306855 -0.105003
v 0.061277 -0.307770 -0.108436
v 0.064146 -0.265464 -0.114267
v -0.041311 0.489915 0.082716
v -0.044305 0.511783 0.080209
v -0.044291 0.488833 0.080208
v -0.040810 0.524826 0.080209
v -0.042274 0.525107 0.076784
v -0.045817 0.488833 0.076782
v -0.045844 0.511783 0.076784
v -0.051913 0.511783 0.040408
v -0.054999 0.532021 -0.007596
v -0.052127 0.486281 0.040372
v -0.060421 0.511783 -0.007596
v -0.060440 0.481363 -0.007593
v -0.061277 0.511783 -0.017321
v -0.055641 0.532817 -0.017321
v -0.061277 0.473842 -0.017321
v -0.053092 -0.254501 0.116534
v -0.049314 -0.260573 0.123035
v -0.049652 -0.253912 0.119487
v -0.049664 -0.215925 0.111048
v -0.053099 -0.216572 0.108107
v -0.064151 -0.111401 -0.143323
v -0.061277 -0.069733 -0.153278
v -0.061277 -0.112020 -0.146814
v -0.064151 -0.159637 -0.135252
v -0.064151 -0.069147 -0.149782
v -0.061277 -0.062859 -0.156240
v -0.064155 -0.060542 -0.153486
v -0.064147 -0.055162 -0.160974
v -0.061277 -0.058483 -0.162348
v -0.064144 -0.054394 -0.170332
v -0.061277 -0.066814 -0.224942
v -0.061277 -0.057889 -0.169809
v -0.064146 -0.306855 -0.105003
v -0.064146 -0.265464 -0.114267
v -0.061277 -0.266225 -0.117732
v 0.061277 -0.266225 -0.117732
v 0.064146 -0.217267 -0.124671
v 0.064146 -0.265464 -0.114267
v -0.052693 -0.160060 0.098877
v -0.049689 -0.169046 0.101197
v -0.049362 -0.161498 0.101661
v -0.053113 -0.169851 0.098283
v -0.049664 -0.215925 0.111048
v -0.053099 -0.216572 0.108107
v -0.053092 -0.254501 0.116534
v -0.049652 -0.253912 0.119487
v -0.052664 -0.263006 0.121061
v -0.049314 -0.260573 0.123035
v -0.051549 -0.267808 0.128701
v -0.048378 -0.264617 0.129466
v 0.061277 0.086342 -0.174176
v 0.064153 0.079957 -0.167944
v 0.061277 0.079406 -0.171452
v 0.064159 0.088548 -0.171314
v 0.064153 0.045577 -0.164064
v 0.061277 0.045176 -0.167591
v 0.064153 -0.011220 -0.157479
v 0.061277 -0.012056 -0.160965
v 0.064150 -0.021182 -0.158891
v 0.061277 -0.019535 -0.162029
v 0.064157 -0.028273 -0.164131
v 0.061277 -0.025785 -0.166634
v 0.064160 -0.032496 -0.173142
v 0.061277 -0.029014 -0.173464
v 0.061277 -0.039180 -0.228933
v 0.045148 -0.362994 0.174864
v 0.042736 -0.337539 0.173099
v 0.042736 -0.361579 0.180077
v 0.038031 -0.336537 0.176925
v 0.038031 -0.004301 0.109530
v 0.045145 -0.001312 0.106902
v 0.039408 -0.000461 0.111679
v 0.042737 -0.005033 0.105620
v 0.047934 -0.002439 0.100621
v 0.053092 -0.346767 0.140241
v 0.049657 -0.346022 0.143129
v 0.050411 -0.371817 0.150467
v 0.053079 -0.310195 0.130528
v 0.049651 -0.309356 0.133397
v -0.057689 0.473349 -0.259185
v -0.054100 0.473349 -0.260150
v -0.054100 0.253941 -0.257927
v -0.057689 0.511783 -0.259648
v -0.060315 0.511783 -0.257012
v -0.060315 0.473350 -0.256549
v -0.061277 0.511783 -0.253411
v -0.061277 0.473351 -0.252948
v -0.061277 0.511783 -0.224929
v -0.054624 0.533023 -0.257012
v -0.055457 0.533504 -0.253411
v -0.054895 0.534066 -0.220598
v -0.039556 0.549405 -0.253411
v -0.039075 0.548572 -0.257012
v -0.030806 0.551750 -0.253411
v -0.030806 0.550788 -0.257012
v -0.030806 0.551750 -0.166111
v -0.061277 0.511783 -0.216266
v -0.055457 0.533504 -0.166111
v -0.061277 0.511783 -0.166111
v -0.061277 0.473362 -0.216266
v -0.061277 0.473377 -0.166073
v -0.061277 0.387395 -0.216266
v -0.061277 0.473842 -0.017321
v -0.061277 0.511783 -0.017321
v -0.064150 -0.021182 -0.158891
v -0.061277 -0.012056 -0.160965
v -0.061277 -0.019535 -0.162029
v -0.064153 -0.011220 -0.157479
v -0.044291 0.268932 0.080208
v -0.045816 0.458852 0.076909
v -0.045817 0.268932 0.076782
v -0.044291 0.458852 0.080335
v -0.052139 0.461403 0.040369
v -0.041311 0.270014 0.082716
v -0.052127 0.266380 0.040372
v -0.041310 0.457769 0.082843
v -0.060440 0.261463 -0.007593
v -0.037673 0.272572 0.083634
v -0.060441 0.466321 -0.007593
v -0.061277 0.253941 -0.017321
v -0.037673 0.455211 0.083761
v 0.000000 0.455211 0.083761
v 0.000000 0.272572 0.083634
v 0.037673 0.272572 0.083634
v 0.037673 0.455211 0.083761
v 0.041310 0.457769 0.082843
v 0.041311 0.270014 0.082716
v 0.044291 0.458852 0.080335
v 0.044291 0.268932 0.080208
v 0.045816 0.458852 0.076909
v 0.045817 0.268932 0.076782
v 0.052139 0.461403 0.040369
v 0.052127 0.266380 0.040372
v 0.060440 0.261463 -0.007593
v 0.060441 0.466321 -0.007593
v 0.061277 0.253941 -0.017321
v 0.061277 0.473842 -0.017321
v 0.060440 0.481363 -0.007593
v 0.061277 0.511783 -0.017321
v 0.060421 0.511783 -0.007596
v 0.052127 0.486281 0.040372
v 0.054999 0.532021 -0.007596
v 0.055641 0.532817 -0.017321
v 0.051913 0.511783 0.040408
v 0.045817 0.488833 0.076782
v 0.042274 0.525107 0.076784
v 0.045844 0.511783 0.076784
v 0.044305 0.511783 0.080209
v 0.044291 0.488833 0.080208
v 0.040810 0.524826 0.080209
v 0.041311 0.489915 0.082716
v 0.041314 0.511783 0.082717
v 0.037070 0.523130 0.082717
v 0.037673 0.492473 0.083634
v 0.037673 0.511783 0.083634
v 0.023129 0.510497 0.083634
v 0.000000 0.492473 0.083634
v 0.000000 0.510497 0.083634
v -0.023129 0.510497 0.083634
v -0.037673 0.492473 0.083634
v -0.037673 0.511783 0.083634
v -0.037070 0.523130 0.082717
v -0.041314 0.511783 0.082717
v -0.053092 -0.346767 0.140241
v -0.050411 -0.371817 0.150467
v -0.049657 -0.346022 0.143129
v -0.049651 -0.309356 0.133397
v -0.053079 -0.310195 0.130528
v 0.052667 0.130039 0.058361
v 0.049664 0.120730 0.059868
v 0.053096 0.119947 0.056919
v 0.049335 0.128295 0.060954
v 0.061277 -0.062859 -0.156240
v 0.064151 -0.069147 -0.149782
v 0.061277 -0.069733 -0.153278
v 0.064151 -0.111401 -0.143323
v -0.052667 0.130039 0.058361
v -0.049664 0.120730 0.059868
v -0.049335 0.128295 0.060954
v 0.064150 0.137691 -0.151615
v 0.061276 0.136024 -0.146200
v 0.064150 0.132034 -0.148561
v 0.061276 0.144533 -0.151939
v 0.064150 0.132034 -0.148561
v 0.061276 0.131797 -0.140771
v 0.061276 0.141052 -0.174697
v 0.061276 0.144533 -0.151939
v 0.064150 0.134415 -0.174017
v 0.061277 -0.069733 -0.153278
v 0.064151 -0.111401 -0.143323
v 0.061277 -0.112020 -0.146814
v 0.064151 -0.159637 -0.135252
v 0.061277 0.079406 -0.171452
v 0.064153 0.079957 -0.167944
v 0.064153 0.045577 -0.164064
v -0.064153 0.045577 -0.164064
v -0.064153 0.079957 -0.167944
v -0.061277 0.079406 -0.171452
v -0.061277 0.086342 -0.174176
v -0.064153 0.079957 -0.167944
v -0.064159 0.088548 -0.171314
v -0.061277 0.079406 -0.171452
v -0.064153 0.045577 -0.164064
v -0.061277 0.045176 -0.167591
v -0.064153 -0.011220 -0.157479
v -0.061277 -0.012056 -0.160965
v -0.061277 -0.321846 -0.112738
v -0.061277 -0.315329 -0.108693
v -0.061277 -0.307770 -0.108436
v -0.061277 -0.266225 -0.117732
v -0.061277 -0.281348 -0.186515
v -0.061277 -0.325429 -0.119399
v -0.061277 -0.338249 -0.173695
v -0.060316 -0.282120 -0.190025
v -0.060316 -0.339085 -0.177360
v -0.057689 -0.282684 -0.192591
v -0.057689 -0.339706 -0.179917
v -0.061277 -0.206495 -0.145444
v -0.061277 -0.216663 -0.200592
v -0.061277 -0.217895 -0.128166
v -0.061277 -0.206929 -0.137908
v -0.061277 -0.211138 -0.131530
v -0.057689 -0.217828 -0.206681
v -0.054101 -0.282890 -0.193530
v -0.054101 -0.339933 -0.180852
v -0.037792 -0.339933 -0.180852
v -0.054101 -0.218023 -0.207622
v -0.037792 -0.282890 -0.193530
v -0.037792 -0.218023 -0.207622
v 0.054224 -0.379191 0.125004
v 0.056657 -0.352003 0.120496
v 0.053092 -0.346767 0.140241
v -0.061277 -0.266225 -0.117732
v -0.064146 -0.217267 -0.124671
v -0.061277 -0.217895 -0.128166
v -0.064146 -0.265464 -0.114267
v -0.064146 -0.306855 -0.105003
v -0.061277 -0.307770 -0.108436
v -0.061277 -0.315329 -0.108693
v -0.064146 -0.316532 -0.105327
v -0.064144 -0.324272 -0.110128
v 0.042738 -0.148209 0.129467
v 0.038031 -0.208311 0.145679
v 0.042737 -0.209162 0.141811
v 0.038032 -0.147403 0.133356
v 0.038031 -0.260135 0.156940
v 0.042737 -0.261044 0.153091
v 0.045151 -0.149311 0.124155
v 0.045151 -0.210323 0.136527
v 0.049689 -0.169046 0.101197
v 0.047207 -0.151731 0.112487
v 0.049362 -0.161498 0.101661
v 0.048446 -0.155109 0.105827
v 0.061277 -0.112020 -0.146814
v 0.064151 -0.159637 -0.135252
v 0.061277 -0.160479 -0.138711
v 0.064150 -0.169483 -0.136121
v 0.061277 -0.168060 -0.139384
v -0.064151 -0.159637 -0.135252
v -0.061277 -0.112020 -0.146814
v -0.061277 -0.160479 -0.138711
v -0.064150 -0.169483 -0.136121
v -0.061277 -0.168060 -0.139384
v -0.042738 -0.120873 0.124346
v -0.045150 -0.066595 0.109464
v -0.045151 -0.121974 0.119035
v -0.049683 -0.112792 0.090990
v -0.047190 -0.124357 0.107543
v -0.042737 -0.065650 0.114796
v -0.038032 -0.120067 0.128234
v -0.049359 -0.119613 0.094059
v -0.048438 -0.123887 0.100175
v -0.042737 -0.005033 0.105620
v -0.045150 -0.006034 0.100280
v -0.038031 -0.064958 0.118699
v -0.038031 -0.004301 0.109530
v -0.047070 -0.008029 0.089624
v -0.049623 -0.025170 0.077560
v -0.047937 0.143275 0.084374
v -0.049977 0.162034 0.070912
v -0.049972 0.141290 0.072770
v -0.051490 0.162957 0.061888
v -0.047938 0.164051 0.082576
v -0.045145 0.144266 0.090639
v -0.045129 0.165055 0.088873
v -0.039404 0.145006 0.095401
v -0.039390 0.165800 0.093633
v -0.061277 -0.198290 -0.096246
v -0.064149 -0.191384 -0.090014
v -0.064149 -0.195793 -0.098794
v -0.061277 -0.169139 0.028544
v -0.064151 -0.165601 0.028235
v -0.061277 -0.204693 -0.100471
v -0.064149 -0.203394 -0.103811
v -0.064149 -0.213064 -0.104404
v -0.061277 -0.212242 -0.100938
v -0.061277 -0.260254 -0.090573
v -0.064149 -0.261018 -0.094049
v -0.064149 -0.302096 -0.084860
v -0.051624 0.137088 0.063588
v -0.047165 0.137716 0.072440
v -0.049972 0.141290 0.072770
v -0.045149 0.139685 0.083835
v -0.048415 0.134555 0.065586
v -0.049335 0.128295 0.060954
v -0.052667 0.130039 0.058361
v -0.047937 0.143275 0.084374
v -0.042737 0.140604 0.089144
v -0.045145 0.144266 0.090639
v -0.038031 0.141277 0.093030
v -0.039404 0.145006 0.095401
v -0.053096 0.119947 0.056919
v -0.049664 0.120730 0.059868
v -0.049623 0.071665 0.065356
v -0.053061 0.071325 0.062370
v -0.049623 0.031488 0.069859
v -0.064150 0.132034 -0.148561
v -0.061276 0.131797 -0.140771
v -0.061276 0.136024 -0.146200
v -0.064150 0.137691 -0.151615
v -0.064150 0.132034 -0.148561
v -0.061276 0.144533 -0.151939
v -0.061276 0.141052 -0.174697
v -0.064150 0.134415 -0.174017
v -0.045138 -0.263992 0.155703
v -0.047934 -0.285660 0.154585
v -0.045135 -0.284190 0.160774
v -0.060316 -0.190014 -0.209379
v -0.057689 -0.125404 -0.222327
v -0.057689 -0.190542 -0.211955
v -0.054101 -0.125572 -0.223274
v -0.060316 -0.124946 -0.219740
v -0.061277 -0.189194 -0.205736
v -0.057689 -0.067976 -0.230945
v -0.060316 -0.067498 -0.228360
v -0.061277 -0.124319 -0.216202
v -0.061277 -0.177884 -0.150559
v -0.061277 -0.112020 -0.146814
v -0.061277 -0.160479 -0.138711
v -0.061277 -0.057889 -0.169809
v -0.061277 -0.066814 -0.224942
v -0.061277 -0.069733 -0.153278
v -0.061277 -0.062859 -0.156240
v -0.061277 -0.058483 -0.162348
v -0.037792 -0.125572 -0.223274
v -0.054101 -0.190735 -0.212897
v -0.037792 -0.190735 -0.212897
v -0.054101 -0.068151 -0.231891
v -0.037792 -0.068151 -0.231891
v -0.054224 -0.379191 0.125004
v -0.050411 -0.371817 0.150467
v -0.053092 -0.346767 0.140241
v -0.039400 -0.262867 0.160395
v -0.045135 -0.284190 0.160774
v -0.039398 -0.283073 0.165464
v -0.045138 -0.263992 0.155703
v -0.047935 -0.265474 0.149519
v -0.047934 -0.285660 0.154585
v -0.049929 -0.288288 0.143418
v -0.049931 -0.268123 0.138351
v -0.051528 -0.292823 0.135097
v 0.042737 -0.005033 0.105620
v 0.038031 -0.064958 0.118699
v 0.042737 -0.065650 0.114796
v 0.038031 -0.004301 0.109530
v 0.038032 -0.120067 0.128234
v 0.045150 -0.006034 0.100280
v 0.042738 -0.120873 0.124346
v 0.047070 -0.008029 0.089624
v 0.049623 -0.025170 0.077560
v 0.045150 -0.066595 0.109464
v 0.045151 -0.121974 0.119035
v 0.049683 -0.112792 0.090990
v 0.049635 -0.071042 0.084379
v 0.047190 -0.124357 0.107543
v 0.049359 -0.119613 0.094059
v 0.047938 0.164051 0.082576
v 0.045145 0.144266 0.090639
v 0.047937 0.143275 0.084374
v 0.045129 0.165055 0.088873
v 0.039404 0.145006 0.095401
v 0.049977 0.162034 0.070912
v 0.049972 0.141290 0.072770
v 0.051490 0.162957 0.061888
v -0.045151 -0.210323 0.136527
v -0.049664 -0.215925 0.111048
v -0.049652 -0.253912 0.119487
v -0.049689 -0.169046 0.101197
v -0.048446 -0.155109 0.105827
v -0.049362 -0.161498 0.101661
v -0.045151 -0.149311 0.124155
v -0.047207 -0.151731 0.112487
v -0.042737 -0.209162 0.141811
v -0.042737 -0.261044 0.153091
v -0.038031 -0.260135 0.156940
v -0.042738 -0.148209 0.129467
v -0.038031 -0.208311 0.145679
v -0.038032 -0.147403 0.133356
v -0.045148 -0.338908 0.167873
v -0.042737 -0.288018 0.159856
v -0.045149 -0.289260 0.154598
v -0.049651 -0.309356 0.133397
v -0.042736 -0.337539 0.173099
v -0.038031 -0.287108 0.163706
v -0.038031 -0.336537 0.176925
v -0.048374 -0.295380 0.137207
v -0.049311 -0.301852 0.133399
v 0.061277 -0.169139 0.028544
v 0.064149 -0.191384 -0.090014
v 0.064151 -0.165601 0.028235
v 0.061277 -0.198290 -0.096246
v 0.064149 -0.195793 -0.098794
v 0.061277 -0.204693 -0.100471
v 0.064149 -0.203394 -0.103811
v 0.064149 -0.213064 -0.104404
v 0.061277 -0.212242 -0.100938
v 0.061277 -0.260254 -0.090573
v 0.064149 -0.261018 -0.094049
v 0.064149 -0.302096 -0.084860
v 0.061277 -0.301369 -0.081374
v 0.026769 -0.472503 -0.166552
v 0.034154 -0.489837 -0.161592
v 0.026769 -0.500338 -0.158587
v 0.034154 -0.472503 -0.166552
v 0.034154 -0.500338 -0.158587
v 0.041765 -0.488523 -0.159363
v 0.034154 -0.489837 -0.161592
v 0.038939 -0.486062 -0.161034
v 0.046694 -0.499055 -0.154107
v 0.046694 -0.487930 -0.157290
v 0.061271 -0.495553 -0.141867
v 0.061271 -0.484427 -0.145050
v 0.068426 -0.490768 -0.125147
v 0.068426 -0.479643 -0.128330
v 0.068426 -0.427738 0.053053
v 0.068426 -0.438830 0.056355
v 0.060316 -0.067498 -0.228360
v 0.061230 -0.064934 -0.234994
v 0.064137 -0.064066 -0.229414
v 0.061277 -0.066814 -0.224942
v 0.064144 -0.054394 -0.170332
v 0.037197 -0.071153 -0.247269
v 0.037530 -0.067971 -0.251022
v 0.061277 -0.058483 -0.162348
v 0.061277 -0.057889 -0.169809
v -0.060316 -0.067498 -0.228360
v -0.064137 -0.064066 -0.229414
v -0.061230 -0.064934 -0.234994
v -0.061277 -0.066814 -0.224942
v -0.064144 -0.054394 -0.170332
v -0.037530 -0.067971 -0.251022
v -0.037197 -0.071153 -0.247269
v -0.061277 -0.058483 -0.162348
v -0.061277 -0.057889 -0.169809
v 0.042737 0.075128 0.095805
v 0.038030 0.023243 0.105578
v 0.042736 0.022512 0.101669
v 0.038031 0.075574 0.099736
v 0.045150 0.074517 0.090436
v 0.045149 0.139685 0.083835
v 0.049664 0.120730 0.059868
v 0.049623 0.071665 0.065356
v 0.057689 -0.125404 -0.222327
v 0.054101 -0.068151 -0.231891
v 0.057689 -0.067976 -0.230945
v 0.054101 -0.125572 -0.223274
v 0.060316 -0.124946 -0.219740
v 0.060316 -0.067498 -0.228360
v 0.061277 -0.189194 -0.205736
v 0.060316 -0.190014 -0.209379
v 0.061277 -0.124319 -0.216202
v 0.037792 -0.125572 -0.223274
v 0.037792 -0.068151 -0.231891
v 0.054101 -0.190735 -0.212897
v 0.057689 -0.190542 -0.211955
v 0.037792 -0.190735 -0.212897
v 0.061277 -0.066814 -0.224942
v 0.061277 -0.057889 -0.169809
v 0.061277 -0.058483 -0.162348
v 0.061277 -0.062859 -0.156240
v 0.061277 -0.177884 -0.150559
v 0.061277 -0.112020 -0.146814
v 0.061277 -0.069733 -0.153278
v 0.061277 -0.160479 -0.138711
v 0.061277 -0.168060 -0.139384
v 0.061277 -0.174478 -0.143752
v 0.045136 0.019317 0.103978
v 0.039408 -0.000461 0.111679
v 0.045145 -0.001312 0.106902
v 0.047934 0.018178 0.097692
v 0.047934 -0.002439 0.100621
v 0.049880 0.016135 0.086802
v 0.049877 -0.004460 0.089747
v 0.051464 0.016931 0.077549
v 0.051540 -0.008706 0.080863
v 0.057128 0.016936 0.045420
v 0.052657 0.022454 0.070221
v -0.038031 -0.004301 0.109530
v -0.045145 -0.001312 0.106902
v -0.042737 -0.005033 0.105620
v -0.039408 -0.000461 0.111679
v -0.047934 -0.002439 0.100621
v -0.045150 -0.006034 0.100280
v -0.049877 -0.004460 0.089747
v -0.047070 -0.008029 0.089624
v -0.048341 -0.011283 0.082850
v -0.060316 -0.039976 -0.232559
v -0.057689 0.036495 -0.244030
v -0.057689 -0.040451 -0.235149
v -0.060316 0.036791 -0.241420
v -0.061277 -0.039180 -0.228933
v -0.061277 0.037196 -0.237855
v -0.061277 -0.029014 -0.173464
v -0.061277 -0.025785 -0.166634
v -0.061277 -0.012056 -0.160965
v -0.061277 0.045176 -0.167591
v -0.061277 0.091525 -0.187542
v -0.061277 0.090822 -0.180124
v -0.061277 0.079406 -0.171452
v -0.061277 0.083488 -0.242694
v -0.060316 0.082944 -0.246160
v -0.054101 0.082396 -0.249705
v -0.054101 0.036386 -0.244986
v -0.037792 0.036386 -0.244986
v -0.054101 -0.040625 -0.236096
v -0.054138 0.227999 0.028913
v -0.053226 0.212413 0.051116
v -0.050177 0.227999 0.051847
v -0.056942 0.212076 0.029570
v -0.053255 0.186970 0.051478
v -0.056962 0.185669 0.029936
v 0.053255 0.186970 0.051478
v 0.056942 0.212076 0.029570
v 0.053226 0.212413 0.051116
v 0.056962 0.185669 0.029936
v 0.054138 0.227999 0.028913
v 0.050177 0.227999 0.051847
v -0.038030 0.023243 0.105578
v -0.042737 0.075128 0.095805
v -0.042736 0.022512 0.101669
v -0.038031 0.075574 0.099736
v -0.045150 0.074517 0.090436
v -0.045149 0.139685 0.083835
v -0.045149 0.021513 0.096329
v -0.049664 0.120730 0.059868
v -0.049623 0.031488 0.069859
v -0.049623 0.071665 0.065356
v -0.047165 0.137716 0.072440
v -0.048415 0.134555 0.065586
v -0.048332 0.020153 0.078443
v -0.047056 0.019531 0.085741
v -0.049880 0.016135 0.086802
v -0.045149 0.021513 0.096329
v -0.047056 0.019531 0.085741
v -0.048332 0.020153 0.078443
v -0.051464 0.016931 0.077549
v -0.047934 0.018178 0.097692
v -0.042736 0.022512 0.101669
v -0.045136 0.019317 0.103978
v -0.039400 0.020174 0.108744
v -0.047934 0.018178 0.097692
v -0.045145 -0.001312 0.106902
v -0.045136 0.019317 0.103978
v -0.039408 -0.000461 0.111679
v -0.047934 -0.002439 0.100621
v -0.049880 0.016135 0.086802
v -0.049877 -0.004460 0.089747
v -0.051464 0.016931 0.077549
v -0.051540 -0.008706 0.080863
v -0.057128 0.016936 0.045420
v -0.052657 0.022454 0.070221
v 0.042736 0.022512 0.101669
v 0.039400 0.020174 0.108744
v 0.045136 0.019317 0.103978
v 0.047934 0.018178 0.097692
v 0.045149 0.021513 0.096329
v 0.049880 0.016135 0.086802
v 0.047056 0.019531 0.085741
v 0.048332 0.020153 0.078443
v 0.051464 0.016931 0.077549
v -0.068426 -0.427738 0.053053
v -0.068426 -0.490768 -0.125147
v -0.068426 -0.438830 0.056355
v -0.068426 -0.479643 -0.128330
v -0.061271 -0.484427 -0.145050
v -0.061271 -0.495553 -0.141867
v -0.046694 -0.487930 -0.157290
v -0.046694 -0.499055 -0.154107
v -0.041765 -0.488523 -0.159363
v -0.034154 -0.500338 -0.158587
v -0.034154 -0.489837 -0.161592
v -0.038939 -0.486062 -0.161034
v -0.045148 -0.362994 0.174864
v -0.042736 -0.337539 0.173099
v -0.045148 -0.338908 0.167873
v -0.049657 -0.346022 0.143129
v -0.049651 -0.309356 0.133397
v -0.042736 -0.361579 0.180077
v -0.038031 -0.336537 0.176925
v -0.038031 -0.360543 0.183892
v -0.042736 -0.397578 0.190525
v -0.038031 -0.396491 0.194326
v -0.047112 -0.291834 0.143708
v -0.048374 -0.295380 0.137207
v -0.045149 -0.289260 0.154598
v 0.055457 0.533504 -0.166111
v 0.039556 0.549405 -0.103813
v 0.051210 0.537751 -0.077534
v 0.039556 0.549405 -0.166111
v 0.030806 0.551750 -0.106983
v 0.030806 0.551750 -0.166111
v 0.039556 0.549405 -0.253411
v 0.030806 0.551750 -0.253411
v 0.039075 0.548572 -0.257012
v 0.030806 0.550788 -0.257012
v 0.054624 0.533023 -0.257012
v 0.055457 0.533504 -0.253411
v 0.037761 0.546297 -0.259648
v 0.030806 0.548161 -0.259648
v 0.030806 0.544573 -0.260613
v 0.035967 0.543190 -0.260613
v 0.030806 0.534250 -0.260613
v 0.049242 0.529916 -0.260613
v 0.030806 0.525952 -0.260613
v 0.031411 0.519621 -0.260613
v 0.029006 0.522027 -0.260613
v 0.054100 0.511783 -0.260613
v 0.052349 0.531710 -0.259648
v 0.033512 0.473349 -0.260150
v 0.033512 0.511783 -0.260613
v 0.061277 0.511783 -0.224929
v 0.054895 0.534066 -0.220598
v 0.061277 0.511783 -0.216266
v 0.061277 0.511783 -0.166111
v 0.061277 0.473362 -0.216266
v 0.061277 0.511783 -0.017321
v 0.055641 0.532817 -0.017321
v 0.061277 0.473842 -0.017321
v 0.061277 0.473377 -0.166073
v 0.061277 0.387395 -0.216266
v 0.061277 0.253941 -0.017321
v 0.061277 0.253941 -0.165892
v 0.061277 0.379357 -0.220598
v 0.061277 0.221301 -0.165865
v 0.061277 0.221301 -0.017321
v 0.061277 0.182862 -0.017320
v 0.061277 0.221273 -0.250392
v 0.061277 0.253941 -0.250723
v 0.061277 0.473351 -0.252948
v 0.061277 0.387395 -0.224929
v 0.061277 0.473359 -0.224929
v 0.061277 0.511783 -0.253411
v 0.060315 0.473350 -0.256549
v 0.060315 0.511783 -0.257012
v 0.060316 0.253941 -0.254325
v 0.060316 0.221272 -0.253994
v 0.057689 0.221271 -0.256631
v 0.057689 0.253941 -0.256962
v 0.054100 0.221270 -0.257596
v 0.054100 0.253941 -0.257927
v 0.057689 0.473349 -0.259185
v 0.054100 0.473349 -0.260150
v 0.057689 0.511783 -0.259648
v 0.064147 -0.055162 -0.160974
v 0.061277 -0.062859 -0.156240
v 0.061277 -0.058483 -0.162348
v 0.064144 -0.054394 -0.170332
v 0.064155 -0.060542 -0.153486
v 0.064151 -0.069147 -0.149782
v 0.061277 -0.066814 -0.224942
v 0.061277 -0.057889 -0.169809
v -0.060316 -0.217294 -0.204108
v -0.057689 -0.282684 -0.192591
v -0.060316 -0.282120 -0.190025
v -0.057689 -0.217828 -0.206681
v -0.061277 -0.216663 -0.200592
v -0.061277 -0.281348 -0.186515
v -0.061277 -0.266225 -0.117732
v -0.061277 -0.217895 -0.128166
v -0.057689 -0.339706 -0.179917
v -0.054101 -0.282890 -0.193530
v -0.047140 0.165485 0.070062
v -0.045149 0.174349 0.080893
v -0.049769 0.177733 0.054711
v -0.049838 0.187201 0.054415
v -0.049380 0.170741 0.057135
v -0.048407 0.166214 0.062815
v -0.045142 0.167443 0.081402
v -0.042731 0.168361 0.086737
v -0.042737 0.174713 0.086286
v -0.043236 0.179243 0.084544
v -0.038031 0.174979 0.090234
v -0.038028 0.169030 0.090644
v -0.038031 0.174979 0.090234
v -0.042737 -0.065650 0.114796
v -0.045150 -0.006034 0.100280
v -0.045150 -0.066595 0.109464
v -0.038032 -0.120067 0.128234
v -0.038031 -0.064958 0.118699
v -0.049623 -0.025170 0.077560
v -0.049635 -0.071042 0.084379
v -0.049683 -0.112792 0.090990
v -0.048438 -0.123887 0.100175
v -0.047190 -0.124357 0.107543
v -0.047070 -0.008029 0.089624
v -0.048341 -0.011283 0.082850
v -0.049283 -0.017603 0.078402
v -0.047934 -0.145715 0.124340
v -0.050004 -0.127701 0.108732
v -0.050013 -0.148165 0.112454
v -0.051582 -0.127102 0.099341
v -0.051617 -0.152553 0.103774
v -0.057106 -0.127387 0.067125
v -0.047934 -0.125252 0.120513
v -0.045139 -0.144443 0.130592
v -0.045135 -0.123968 0.126764
v -0.039407 -0.143479 0.135335
v -0.039403 -0.122997 0.131502
v -0.056665 -0.117491 0.068044
v -0.052710 -0.121878 0.091869
v -0.053116 -0.113347 0.088032
v -0.056648 -0.075159 0.061115
v -0.053070 -0.071560 0.081418
v -0.056674 -0.030837 0.053879
v -0.053056 -0.025959 0.074637
v 0.045139 -0.144443 0.130592
v 0.047934 -0.125252 0.120513
v 0.045135 -0.123968 0.126764
v 0.039407 -0.143479 0.135335
v 0.039403 -0.122997 0.131502
v 0.047934 -0.145715 0.124340
v 0.050004 -0.127701 0.108732
v 0.050013 -0.148165 0.112454
v 0.051582 -0.127102 0.099341
v 0.051617 -0.152553 0.103774
v 0.057106 -0.127387 0.067125
v 0.056665 -0.117491 0.068044
v 0.052710 -0.121878 0.091869
v 0.053116 -0.113347 0.088032
v 0.056648 -0.075159 0.061115
v 0.053070 -0.071560 0.081418
v 0.056674 -0.030837 0.053879
v 0.053056 -0.025959 0.074637
v 0.057689 -0.040451 -0.235149
v 0.060316 -0.039976 -0.232559
v 0.061301 -0.044700 -0.237708
v 0.037196 -0.043723 -0.251469
v 0.064249 -0.043421 -0.232303
v 0.061277 -0.039180 -0.228933
v 0.064160 -0.032496 -0.173142
v -0.064160 -0.032496 -0.173142
v -0.061277 -0.039180 -0.228933
v -0.064249 -0.043421 -0.232303
v -0.060316 -0.039976 -0.232559
v -0.061301 -0.044700 -0.237708
v -0.057689 -0.040451 -0.235149
v -0.037196 -0.043723 -0.251469
v 0.053079 -0.310195 0.130528
v 0.056657 -0.352003 0.120496
v 0.056662 -0.315913 0.110290
v 0.057086 -0.307448 0.105496
v 0.053092 -0.346767 0.140241
v 0.054224 -0.379191 0.125004
v 0.050411 -0.371817 0.150467
v 0.045149 0.021513 0.096329
v 0.047056 0.019531 0.085741
v 0.049623 0.031488 0.069859
v 0.049281 0.024575 0.072570
v 0.045150 0.074517 0.090436
v 0.049623 0.071665 0.065356
v 0.042736 0.022512 0.101669
v 0.050177 0.227999 0.051847
v 0.054138 0.227999 0.028913
v 0.052139 0.241502 0.040369
v 0.060441 0.246420 -0.007593
v 0.045816 0.238951 0.076909
v 0.060443 0.221301 -0.007592
v 0.054665 0.217894 0.025889
v 0.060446 0.183450 -0.007593
v 0.054683 0.185473 0.026248
v 0.054683 0.185473 0.026248
v 0.060433 0.168458 -0.006517
v 0.045814 0.221301 0.077116
v 0.049807 0.218201 0.054054
v 0.044291 0.238951 0.080335
v 0.045809 0.188586 0.077447
v 0.049838 0.187201 0.054415
v 0.045149 0.174349 0.080893
v 0.043236 0.179243 0.084544
v 0.042737 0.174713 0.086286
v 0.038031 0.174979 0.090234
v 0.042731 0.168361 0.086737
v 0.038028 0.169030 0.090644
v 0.045142 0.167443 0.081402
v 0.044290 0.221301 0.080543
v 0.041310 0.237869 0.082843
v 0.041310 0.221301 0.083051
v 0.041309 0.190197 0.083381
v 0.044288 0.190045 0.080873
v 0.045809 0.188586 0.077447
v 0.043236 0.179243 0.084544
v 0.044288 0.190045 0.080873
v 0.041309 0.190197 0.083381
v 0.038031 0.174979 0.090234
v 0.037673 0.190252 0.084300
v 0.049929 -0.288288 0.143418
v 0.047935 -0.265474 0.149519
v 0.047934 -0.285660 0.154585
v 0.045138 -0.263992 0.155703
v 0.049931 -0.268123 0.138351
v 0.045135 -0.284190 0.160774
v 0.039400 -0.262867 0.160395
v 0.039398 -0.283073 0.165464
v 0.051528 -0.292823 0.135097
v 0.051549 -0.267808 0.128701
v 0.052658 -0.300591 0.130527
v 0.058191 -0.276620 0.091709
v 0.058169 -0.302752 0.097781
v 0.057085 -0.268846 0.096436
v 0.052664 -0.263006 0.121061
v 0.059796 -0.281158 0.083344
v 0.059796 -0.302455 0.088164
v 0.063326 -0.305955 0.068697
v 0.056653 -0.259191 0.096688
v 0.053092 -0.254501 0.116534
v 0.056664 -0.221010 0.087920
v 0.053099 -0.216572 0.108107
v 0.056683 -0.175020 0.077634
v -0.042737 -0.261044 0.153091
v -0.045151 -0.210323 0.136527
v -0.045150 -0.262287 0.147833
v -0.049652 -0.253912 0.119487
v -0.047118 -0.264867 0.136912
v -0.048378 -0.264617 0.129466
v -0.049314 -0.260573 0.123035
v -0.056657 -0.352003 0.120496
v -0.053079 -0.310195 0.130528
v -0.056662 -0.315913 0.110290
v -0.053092 -0.346767 0.140241
v -0.054224 -0.379191 0.125004
v -0.052658 -0.300591 0.130527
v -0.057086 -0.307448 0.105496
v -0.058169 -0.302752 0.097781
v -0.051549 -0.267808 0.128701
v -0.058191 -0.276620 0.091709
v -0.051528 -0.292823 0.135097
v -0.049931 -0.268123 0.138351
v -0.052664 -0.263006 0.121061
v -0.057085 -0.268846 0.096436
v -0.056653 -0.259191 0.096688
v 0.045150 -0.006034 0.100280
v 0.047070 -0.008029 0.089624
v 0.049877 -0.004460 0.089747
v 0.048341 -0.011283 0.082850
v 0.053068 0.030891 0.066909
v 0.056646 0.069011 0.042017
v 0.053061 0.071325 0.062370
v 0.056681 0.115402 0.036372
v 0.053096 0.119947 0.056919
v 0.056679 0.026769 0.046798
v 0.052657 0.022454 0.070221
v 0.057128 0.016936 0.045420
v 0.051464 0.016931 0.077549
v 0.051540 -0.008706 0.080863
v 0.052625 -0.015973 0.075743
v 0.058140 0.010032 0.040388
v 0.057095 -0.022326 0.050233
v 0.058265 -0.016865 0.042727
v 0.059828 -0.016108 0.033672
v 0.059767 0.005868 0.031630
v 0.063322 0.002160 0.011751
v 0.063319 -0.018477 0.014704
v -0.056681 0.115402 0.036372
v -0.053061 0.071325 0.062370
v -0.053096 0.119947 0.056919
v -0.057092 0.123895 0.033049
v -0.052667 0.130039 0.058361
v -0.056646 0.069011 0.042017
v -0.053068 0.030891 0.066909
v -0.056679 0.026769 0.046798
v -0.058229 0.157437 0.023640
v -0.058258 0.129532 0.025670
v -0.059815 0.153496 0.014979
v 0.045147 -0.399063 0.185333
v 0.042736 -0.361579 0.180077
v 0.042736 -0.397578 0.190525
v 0.038031 -0.360543 0.183892
v 0.038031 -0.396491 0.194326
v 0.038031 -0.336537 0.176925
v 0.045148 -0.362994 0.174864
v 0.050411 -0.371817 0.150467
v 0.049891 -0.406540 0.159187
v 0.054224 -0.379191 0.125004
v 0.054223 -0.413369 0.135310
v 0.054224 -0.379191 0.125004
v 0.060433 -0.423157 0.101083
v 0.060520 -0.358505 0.081403
v 0.049657 -0.346022 0.143129
v 0.050411 -0.371817 0.150467
v 0.045148 -0.338908 0.167873
v 0.042736 -0.337539 0.173099
v 0.049651 -0.309356 0.133397
v 0.038031 -0.287108 0.163706
v 0.042737 -0.288018 0.159856
v 0.045149 -0.289260 0.154598
v 0.047112 -0.291834 0.143708
v 0.049311 -0.301852 0.133399
v 0.048374 -0.295380 0.137207
v -0.063322 0.002160 0.011751
v -0.059828 -0.016108 0.033672
v -0.059767 0.005868 0.031630
v -0.057128 0.016936 0.045420
v -0.052625 -0.015973 0.075743
v -0.051540 -0.008706 0.080863
v -0.058140 0.010032 0.040388
v -0.058265 -0.016865 0.042727
v -0.057095 -0.022326 0.050233
v -0.056679 0.026769 0.046798
v -0.052657 0.022454 0.070221
v -0.053068 0.030891 0.066909
v 0.056674 -0.030837 0.053879
v 0.053070 -0.071560 0.081418
v 0.056648 -0.075159 0.061115
v 0.053056 -0.025959 0.074637
v 0.057095 -0.022326 0.050233
v 0.052625 -0.015973 0.075743
v 0.058265 -0.016865 0.042727
v 0.058140 0.010032 0.040388
v 0.059767 0.005868 0.031630
v 0.056681 0.115402 0.036372
v 0.053061 0.071325 0.062370
v 0.056646 0.069011 0.042017
v 0.053096 0.119947 0.056919
v 0.057092 0.123895 0.033049
v 0.052667 0.130039 0.058361
v -0.063322 0.002160 0.011751
v -0.063319 -0.018477 0.014704
v -0.059828 -0.016108 0.033672
v -0.059767 0.005868 0.031630
v -0.058265 -0.016865 0.042727
v -0.058140 0.010032 0.040388
v -0.052625 -0.015973 0.075743
v -0.057095 -0.022326 0.050233
v -0.053056 -0.025959 0.074637
v -0.056674 -0.030837 0.053879
v -0.056648 -0.075159 0.061115
v -0.053070 -0.071560 0.081418
v -0.057287 0.164012 0.028722
v -0.052667 0.130039 0.058361
v -0.051624 0.137088 0.063588
v -0.058229 0.157437 0.023640
v -0.058258 0.129532 0.025670
v -0.057092 0.123895 0.033049
v -0.059815 0.153496 0.014979
v -0.059812 0.130418 0.016740
v -0.063324 0.150090 -0.004868
v -0.063327 0.128167 -0.002901
v -0.063320 -0.143264 0.033798
v -0.059829 -0.160782 0.056539
v -0.059825 -0.139224 0.053333
v -0.063320 -0.163654 0.037604
v -0.058224 -0.161355 0.065835
v -0.058186 -0.134822 0.062090
v -0.057089 -0.166491 0.073461
v -0.052693 -0.160060 0.098877
v -0.057106 -0.127387 0.067125
v -0.051617 -0.152553 0.103774
v -0.051582 -0.127102 0.099341
v -0.052710 -0.121878 0.091869
v -0.056683 -0.175020 0.077634
v -0.053113 -0.169851 0.098283
v -0.053099 -0.216572 0.108107
v 0.063320 -0.143264 0.033798
v 0.059829 -0.160782 0.056539
v 0.063320 -0.163654 0.037604
v 0.059825 -0.139224 0.053333
v 0.058224 -0.161355 0.065835
v 0.058186 -0.134822 0.062090
v 0.057089 -0.166491 0.073461
v 0.052693 -0.160060 0.098877
v 0.051617 -0.152553 0.103774
v 0.057106 -0.127387 0.067125
v 0.052710 -0.121878 0.091869
v 0.051582 -0.127102 0.099341
v 0.053113 -0.169851 0.098283
v 0.056683 -0.175020 0.077634
v 0.053099 -0.216572 0.108107
v 0.058229 0.157437 0.023640
v 0.051624 0.137088 0.063588
v 0.052667 0.130039 0.058361
v 0.057287 0.164012 0.028722
v 0.058258 0.129532 0.025670
v 0.057092 0.123895 0.033049
v 0.059815 0.153496 0.014979
v 0.059812 0.130418 0.016740
v 0.063324 0.150090 -0.004868
v 0.063327 0.128167 -0.002901
v -0.053193 0.177217 0.051796
v -0.056962 0.185669 0.029936
v -0.056912 0.173551 0.030444
v -0.052727 0.168644 0.054768
v -0.057287 0.164012 0.028722
v -0.051624 0.137088 0.063588
v -0.051490 0.162957 0.061888
v -0.049972 0.141290 0.072770
v 0.057287 0.164012 0.028722
v 0.056912 0.173551 0.030444
v 0.052727 0.168644 0.054768
v 0.051624 0.137088 0.063588
v 0.053193 0.177217 0.051796
v 0.056962 0.185669 0.029936
v 0.051490 0.162957 0.061888
v 0.049972 0.141290 0.072770
v 0.053113 -0.169851 0.098283
v 0.057089 -0.166491 0.073461
v 0.052693 -0.160060 0.098877
v -0.057089 -0.166491 0.073461
v -0.053113 -0.169851 0.098283
v -0.052693 -0.160060 0.098877
v -0.059796 -0.281158 0.083344
v -0.063326 -0.305955 0.068697
v -0.059796 -0.302455 0.088164
v -0.058169 -0.302752 0.097781
v -0.058191 -0.276620 0.091709
v -0.052658 -0.300591 0.130527
v -0.051549 -0.267808 0.128701
v -0.057085 -0.268846 0.096436
v 0.045150 -0.262287 0.147833
v 0.047118 -0.264867 0.136912
v 0.049652 -0.253912 0.119487
v 0.049314 -0.260573 0.123035
v 0.048378 -0.264617 0.129466
v 0.045151 -0.210323 0.136527
v 0.042737 -0.261044 0.153091
v 0.049664 -0.215925 0.111048
v 0.049689 -0.169046 0.101197
v 0.048446 -0.155109 0.105827
v 0.047207 -0.151731 0.112487
v -0.053092 -0.254501 0.116534
v -0.056664 -0.221010 0.087920
v -0.056653 -0.259191 0.096688
v -0.052664 -0.263006 0.121061
v -0.053099 -0.216572 0.108107
v -0.056683 -0.175020 0.077634
v 0.060435 0.124800 -0.002751
v 0.056964 0.127008 0.016611
v 0.054428 0.114796 0.032590
v 0.054769 0.121765 0.029863
v -0.054428 0.114796 0.032590
v -0.054769 0.121765 0.029863
v -0.055708 0.126286 0.023941
v -0.056964 0.127008 0.016611
v -0.060435 0.124800 -0.002751
v -0.060432 -0.139816 0.032991
v -0.056977 -0.135794 0.052389
v -0.054450 -0.118418 0.064149
v -0.054791 -0.126002 0.063441
v -0.054431 -0.075861 0.057185
v -0.060437 -0.081849 0.023405
v -0.060431 -0.021994 0.015070
v -0.054455 -0.031576 0.049953
v 0.045150 -0.066595 0.109464
v 0.049635 -0.071042 0.084379
v 0.049623 -0.025170 0.077560
v 0.048341 -0.011283 0.082850
v 0.047070 -0.008029 0.089624
v 0.049283 -0.017603 0.078402
v 0.060431 -0.021994 0.015070
v 0.057004 -0.019695 0.033613
v 0.054455 -0.031576 0.049953
v 0.060437 -0.081849 0.023405
v 0.054799 -0.024698 0.047008
v 0.055741 -0.020308 0.040970
v 0.054431 -0.075861 0.057185
v 0.054450 -0.118418 0.064149
v 0.060432 -0.139816 0.032991
v 0.056977 -0.135794 0.052389
v 0.055723 -0.132408 0.059105
v 0.054791 -0.126002 0.063441
v -0.060437 -0.081849 0.023405
v -0.054431 -0.075861 0.057185
v -0.054455 -0.031576 0.049953
v -0.060432 -0.139816 0.032991
v -0.054450 -0.118418 0.064149
v -0.057004 -0.019695 0.033613
v -0.060431 -0.021994 0.015070
v -0.055741 -0.020308 0.040970
v -0.054799 -0.024698 0.047008
v 0.056653 -0.259191 0.096688
v 0.052664 -0.263006 0.121061
v 0.057085 -0.268846 0.096436
v 0.054455 -0.031576 0.049953
v 0.054431 -0.075861 0.057185
v 0.060437 -0.081849 0.023405
v -0.054777 0.018484 0.042001
v -0.054444 0.025842 0.043040
v -0.056903 0.009180 0.030903
v -0.060441 0.064627 0.003459
v -0.060430 0.005472 0.011103
v 0.054444 0.025842 0.043040
v 0.054777 0.018484 0.042001
v 0.055684 0.012339 0.037525
v 0.056903 0.009180 0.030903
v 0.060430 0.005472 0.011103
v 0.060441 0.064627 0.003459
v 0.047056 0.019531 0.085741
v 0.048332 0.020153 0.078443
v 0.049281 0.024575 0.072570
v -0.049281 0.024575 0.072570
v -0.048332 0.020153 0.078443
v -0.049623 0.031488 0.069859
v -0.047056 0.019531 0.085741
v -0.045149 0.021513 0.096329
v -0.060441 0.064627 0.003459
v -0.054403 0.068579 0.038213
v -0.054428 0.114796 0.032590
v -0.054444 0.025842 0.043040
v -0.060435 0.124800 -0.002751
v -0.055708 0.126286 0.023941
v -0.056964 0.127008 0.016611
v -0.060430 0.005472 0.011103
v -0.056903 0.009180 0.030903
v -0.055684 0.012339 0.037525
v -0.054777 0.018484 0.042001
v 0.059796 -0.281158 0.083344
v 0.063326 -0.305955 0.068697
v 0.063324 -0.285805 0.063663
v 0.060441 0.064627 0.003459
v 0.054403 0.068579 0.038213
v 0.054444 0.025842 0.043040
v 0.054428 0.114796 0.032590
v 0.060435 0.124800 -0.002751
v 0.056903 0.009180 0.030903
v 0.060430 0.005472 0.011103
v -0.055723 -0.132408 0.059105
v -0.054791 -0.126002 0.063441
v -0.056977 -0.135794 0.052389
v -0.059796 -0.281158 0.083344
v -0.063324 -0.285805 0.063663
v -0.063326 -0.305955 0.068697
v 0.047190 -0.124357 0.107543
v 0.048438 -0.123887 0.100175
v 0.049359 -0.119613 0.094059
v 0.055708 0.126286 0.023941
v 0.054769 0.121765 0.029863
v 0.056964 0.127008 0.016611
v 0.053193 0.177217 0.051796
v 0.056962 0.185669 0.029936
v 0.053255 0.186970 0.051478
v -0.047207 -0.151731 0.112487
v -0.048446 -0.155109 0.105827
v -0.049689 -0.169046 0.101197
v 0.055725 -0.164811 0.064127
v 0.054789 -0.169041 0.070408
v 0.056985 -0.164353 0.056704
v 0.052658 -0.300591 0.130527
v 0.053079 -0.310195 0.130528
v 0.057086 -0.307448 0.105496
v 0.058169 -0.302752 0.097781
v -0.053193 0.177217 0.051796
v -0.053255 0.186970 0.051478
v -0.056962 0.185669 0.029936
v 0.060429 -0.167158 0.038099
v 0.056985 -0.164353 0.056704
v 0.054450 -0.175810 0.073719
v 0.054789 -0.169041 0.070408
v -0.060431 -0.229141 0.050938
v -0.054441 -0.221867 0.084025
v -0.054450 -0.175810 0.073719
v -0.060429 -0.167158 0.038099
v 0.054450 -0.175810 0.073719
v 0.054441 -0.221867 0.084025
v 0.060431 -0.229141 0.050938
v 0.060429 -0.167158 0.038099
v -0.055798 0.159717 0.020848
v -0.054939 0.165674 0.025449
v -0.056988 0.156677 0.014198
v -0.054642 0.172957 0.026772
v -0.056662 -0.315913 0.110290
v -0.053079 -0.310195 0.130528
v -0.057086 -0.307448 0.105496
v 0.054642 0.172957 0.026772
v 0.054939 0.165674 0.025449
v 0.055798 0.159717 0.020848
v 0.056988 0.156677 0.014198
v -0.054450 -0.175810 0.073719
v -0.054789 -0.169041 0.070408
v -0.055725 -0.164811 0.064127
v -0.056985 -0.164353 0.056704
v -0.060429 -0.167158 0.038099
v -0.054642 0.172957 0.026772
v -0.060433 0.168458 -0.006517
v -0.056988 0.156677 0.014198
v -0.060432 0.153305 -0.005327
v -0.054683 0.185473 0.026248
v 0.060433 0.168458 -0.006517
v 0.054642 0.172957 0.026772
v 0.056988 0.156677 0.014198
v 0.054683 0.185473 0.026248
v 0.060432 0.153305 -0.005327
v 0.060431 -0.229141 0.050938
v 0.054441 -0.221867 0.084025
v 0.054437 -0.260210 0.092834
v 0.060434 -0.282414 0.062650
v -0.054437 -0.260210 0.092834
v -0.054441 -0.221867 0.084025
v -0.060431 -0.229141 0.050938
v -0.060434 -0.282414 0.062650
v 0.060316 -0.482487 -0.138272
v 0.061277 -0.411488 -0.154623
v 0.061277 -0.481498 -0.134816
v 0.061277 -0.396840 -0.131634
v 0.061277 -0.414382 -0.126934
v 0.060316 -0.412446 -0.158140
v 0.057689 -0.483210 -0.140797
v 0.057689 -0.413119 -0.160679
v 0.054101 -0.414172 -0.161380
v 0.054101 -0.483474 -0.141721
v 0.061277 -0.385042 -0.128473
v 0.061277 -0.390516 -0.131634
v 0.061277 -0.365325 -0.166960
v 0.061277 -0.352096 -0.111329
v 0.061277 -0.381880 -0.122997
v 0.061277 -0.339573 -0.058330
v 0.061277 -0.349672 -0.002795
v 0.061277 -0.311640 0.059887
v 0.061277 -0.332274 0.062133
v 0.061277 0.173892 -0.165832
v 0.061276 0.144533 -0.151939
v 0.061276 0.141052 -0.174697
v 0.061277 0.167266 -0.016196
v 0.061277 0.165699 -0.248859
v 0.061276 0.141052 -0.174697
v 0.061276 0.151639 -0.014966
v 0.061276 0.131120 -0.133740
v 0.061276 0.144533 -0.151939
v 0.061276 0.136024 -0.146200
v 0.061276 0.131797 -0.140771
v 0.060316 0.165924 -0.252460
v 0.060316 0.221272 -0.253994
v 0.060316 0.111443 -0.248963
v 0.061276 0.112098 -0.245442
v 0.057689 0.111010 -0.251546
v 0.061276 0.121340 -0.190367
v 0.061276 0.141052 -0.174697
v 0.061276 0.130352 -0.179035
v 0.057689 0.166088 -0.255096
v 0.057689 0.221271 -0.256631
v 0.054100 0.166148 -0.256061
v 0.054100 0.110851 -0.252491
v 0.054100 0.221270 -0.257596
v 0.033512 0.166148 -0.256061
v -0.054224 -0.379191 0.125004
v -0.049891 -0.406540 0.159187
v -0.050411 -0.371817 0.150467
v -0.054223 -0.413369 0.135310
v -0.045147 -0.399063 0.185333
v -0.045148 -0.362994 0.174864
v -0.049657 -0.346022 0.143129
v -0.050411 -0.371817 0.150467
v -0.042736 -0.361579 0.180077
v -0.042736 -0.397578 0.190525
v -0.038031 -0.360543 0.183892
v -0.060433 -0.423157 0.101083
v -0.054224 -0.379191 0.125004
v -0.060520 -0.358505 0.081403
v 0.061277 -0.216663 -0.200592
v 0.060316 -0.282120 -0.190025
v 0.060316 -0.217294 -0.204108
v 0.057689 -0.282684 -0.192591
v 0.054101 -0.282890 -0.193530
v 0.057689 -0.339706 -0.179917
v 0.061277 -0.281348 -0.186515
v 0.061277 -0.206495 -0.145444
v 0.061277 -0.206929 -0.137908
v 0.061277 -0.211138 -0.131530
v 0.061277 -0.217895 -0.128166
v 0.061277 -0.266225 -0.117732
v -0.045816 0.238951 0.076909
v -0.050177 0.227999 0.051847
v -0.052139 0.241502 0.040369
v -0.054138 0.227999 0.028913
v -0.060441 0.246420 -0.007593
v -0.060443 0.221301 -0.007592
v -0.054665 0.217894 0.025889
v -0.060446 0.183450 -0.007593
v -0.054683 0.185473 0.026248
v -0.060433 0.168458 -0.006517
v -0.054683 0.185473 0.026248
v -0.049807 0.218201 0.054054
v -0.045809 0.188586 0.077447
v -0.049838 0.187201 0.054415
v -0.045149 0.174349 0.080893
v -0.043236 0.179243 0.084544
v -0.060452 0.246420 0.040369
v -0.060440 0.261463 -0.007593
v -0.060440 0.261463 0.040372
v -0.060440 0.261462 0.072022
v -0.060440 0.246420 0.072132
v -0.057853 0.262158 0.078620
v -0.057853 0.245724 0.078742
v -0.053138 0.264244 0.082185
v -0.053138 0.243638 0.082310
v 0.045149 0.174349 0.080893
v 0.047140 0.165485 0.070062
v 0.049769 0.177733 0.054711
v 0.049838 0.187201 0.054415
v 0.045142 0.167443 0.081402
v 0.048407 0.166214 0.062815
v 0.049380 0.170741 0.057135
v -0.060452 0.466321 0.040369
v -0.060440 0.481363 0.072022
v -0.060440 0.481363 0.040372
v -0.060440 0.481363 -0.007593
v -0.060441 0.466321 -0.007593
v -0.060440 0.466321 0.072132
v -0.057853 0.482059 0.078620
v -0.057853 0.465625 0.078742
v -0.053138 0.484145 0.082185
v -0.053138 0.463539 0.082310
v 0.060440 0.481363 0.072022
v 0.060452 0.466321 0.040369
v 0.060440 0.481363 0.040372
v 0.060440 0.481363 -0.007593
v 0.060441 0.466321 -0.007593
v 0.060440 0.466321 0.072132
v 0.057853 0.482059 0.078620
v 0.057853 0.465625 0.078742
v 0.053138 0.484145 0.082185
v 0.053138 0.463539 0.082310
v -0.063319 -0.018477 0.014704
v -0.064153 0.000395 0.002346
v -0.064150 -0.020242 0.005302
v -0.063322 0.002160 0.011751
v 0.064153 0.000395 0.002346
v 0.063319 -0.018477 0.014704
v 0.064150 -0.020242 0.005302
v 0.063322 0.002160 0.011751
v -0.060434 -0.282414 0.062650
v -0.056950 -0.277810 0.082133
v -0.054437 -0.260210 0.092834
v -0.054771 -0.267758 0.092632
v -0.049769 0.177733 0.054711
v -0.049380 0.170741 0.057135
v -0.047140 0.165485 0.070062
v 0.049380 0.170741 0.057135
v 0.049769 0.177733 0.054711
v 0.047140 0.165485 0.070062
v 0.054437 -0.260210 0.092834
v 0.054771 -0.267758 0.092632
v 0.055699 -0.274253 0.088683
v 0.056950 -0.277810 0.082133
v 0.060434 -0.282414 0.062650
v -0.055699 -0.274253 0.088683
v -0.054771 -0.267758 0.092632
v -0.056950 -0.277810 0.082133
v -0.064157 -0.028273 -0.164131
v -0.061277 -0.019535 -0.162029
v -0.061277 -0.025785 -0.166634
v -0.064150 -0.021182 -0.158891
v -0.064160 -0.032496 -0.173142
v -0.061277 -0.029014 -0.173464
v -0.061277 -0.039180 -0.228933
v 0.060440 0.261463 -0.007593
v 0.060452 0.246420 0.040369
v 0.060440 0.261463 0.040372
v 0.060440 0.261462 0.072022
v 0.060440 0.246420 0.072132
v 0.057853 0.262158 0.078620
v 0.057853 0.245724 0.078742
v 0.053138 0.264244 0.082185
v 0.053138 0.243638 0.082310
v 0.064151 0.148455 -0.014319
v 0.063327 0.128167 -0.002901
v 0.064154 0.126529 -0.012349
v 0.063324 0.150090 -0.004868
v -0.063327 0.128167 -0.002901
v -0.064151 0.148455 -0.014319
v -0.064154 0.126529 -0.012349
v -0.063324 0.150090 -0.004868
v -0.063320 -0.163654 0.037604
v -0.064149 -0.145211 0.024426
v -0.064151 -0.165601 0.028235
v -0.063320 -0.143264 0.033798
v 0.064149 -0.145211 0.024426
v 0.063320 -0.163654 0.037604
v 0.064151 -0.165601 0.028235
v 0.063320 -0.143264 0.033798
v 0.048374 -0.295380 0.137207
v 0.047112 -0.291834 0.143708
v 0.049651 -0.309356 0.133397
v -0.060524 -0.341062 0.076731
v -0.054438 -0.353044 0.116649
v -0.054437 -0.316809 0.106400
v -0.060520 -0.358505 0.081403
v -0.054224 -0.379191 0.125004
v -0.060434 -0.309396 0.069384
v -0.056945 -0.305969 0.088597
v 0.060520 -0.358505 0.081403
v 0.054438 -0.353044 0.116649
v 0.054224 -0.379191 0.125004
v 0.060524 -0.341062 0.076731
v 0.054437 -0.316809 0.106400
v 0.060434 -0.309396 0.069384
v 0.056945 -0.305969 0.088597
v 0.055696 -0.306206 0.096089
v 0.054771 -0.310204 0.102656
v 0.054437 -0.316809 0.106400
v 0.056945 -0.305969 0.088597
v 0.060524 -0.341062 0.076731
v 0.064152 -0.308164 0.059384
v 0.063324 -0.285805 0.063663
v 0.063326 -0.305955 0.068697
v 0.064151 -0.288007 0.054347
v -0.064152 -0.308164 0.059384
v -0.063324 -0.285805 0.063663
v -0.064151 -0.288007 0.054347
v -0.063326 -0.305955 0.068697
v -0.055696 -0.306206 0.096089
v -0.056945 -0.305969 0.088597
v -0.054437 -0.316809 0.106400
v -0.060524 -0.341062 0.076731
v -0.054771 -0.310204 0.102656
v 0.061277 0.037196 -0.237855
v 0.061277 0.083488 -0.242694
v 0.061277 0.091525 -0.187542
v 0.060316 0.082944 -0.246160
v 0.061277 0.086342 -0.174176
v 0.061277 0.079406 -0.171452
v 0.061277 0.045176 -0.167591
v 0.061277 -0.012056 -0.160965
v 0.060316 0.036791 -0.241420
v 0.057689 0.082542 -0.248755
v 0.057689 0.036495 -0.244030
v 0.054101 0.082396 -0.249705
v 0.054101 0.036386 -0.244986
v 0.061277 -0.029014 -0.173464
v 0.061277 -0.039180 -0.228933
v 0.061277 -0.019535 -0.162029
v -0.060430 0.005472 0.011103
v -0.061277 0.063524 -0.006233
v -0.061277 0.003676 0.001509
v -0.060441 0.064627 0.003459
v -0.061277 0.123136 -0.012383
v -0.060435 0.124800 -0.002751
v -0.060437 -0.081849 0.023405
v -0.061278 -0.023789 0.005481
v -0.061277 -0.083552 0.013796
v -0.060431 -0.021994 0.015070
v -0.060432 -0.139816 0.032991
v -0.061278 -0.141799 0.023430
v 0.061277 -0.083552 0.013796
v 0.060432 -0.139816 0.032991
v 0.061278 -0.141799 0.023430
v 0.060437 -0.081849 0.023405
v 0.061278 -0.023789 0.005481
v 0.060431 -0.021994 0.015070
v 0.061277 0.063524 -0.006233
v 0.060430 0.005472 0.011103
v 0.061277 0.003676 0.001509
v 0.060441 0.064627 0.003459
v 0.061277 0.123136 -0.012383
v 0.060435 0.124800 -0.002751
v 0.054789 -0.169041 0.070408
v 0.056683 -0.175020 0.077634
v 0.054450 -0.175810 0.073719
v 0.058224 -0.161355 0.065835
v 0.057089 -0.166491 0.073461
v -0.054789 -0.169041 0.070408
v -0.057089 -0.166491 0.073461
v -0.058224 -0.161355 0.065835
v -0.054450 -0.175810 0.073719
v -0.056683 -0.175020 0.077634
v -0.064153 -0.213974 -0.205170
v -0.061285 -0.194696 -0.214306
v -0.064228 -0.193487 -0.208953
v -0.064142 -0.203047 -0.146159
v -0.064154 -0.181344 -0.150038
v -0.064143 -0.203608 -0.136590
v -0.064153 -0.176949 -0.141210
v -0.064149 -0.195793 -0.098794
v -0.064150 -0.169483 -0.136121
v -0.064149 -0.203394 -0.103811
v -0.064147 -0.208653 -0.128955
v -0.064149 -0.213064 -0.104404
v -0.064147 -0.169175 -0.103361
v -0.064147 -0.163973 -0.111002
v -0.064149 -0.191384 -0.090014
v -0.064147 -0.169738 -0.093868
v -0.064146 -0.265464 -0.114267
v -0.064146 -0.217267 -0.124671
v -0.064149 -0.302096 -0.084860
v -0.064146 -0.306855 -0.105003
v -0.064149 -0.310592 -0.080335
v -0.064146 -0.316532 -0.105327
v -0.060431 -0.229141 0.050938
v -0.061277 -0.169139 0.028544
v -0.061277 -0.231237 0.041406
v -0.060429 -0.167158 0.038099
v -0.060434 -0.282414 0.062650
v -0.061277 -0.284658 0.053150
v 0.030670 0.079400 -0.267242
v 0.037157 0.082785 -0.268777
v 0.037205 0.079785 -0.264976
v 0.030968 0.082441 -0.270660
v 0.000000 0.082452 -0.270561
v 0.000000 0.079400 -0.267242
v -0.030670 0.079400 -0.267242
v 0.061277 -0.231237 0.041406
v 0.060434 -0.282414 0.062650
v 0.061277 -0.284658 0.053150
v 0.060431 -0.229141 0.050938
v 0.061277 -0.169139 0.028544
v 0.060429 -0.167158 0.038099
v -0.064096 0.086336 -0.247195
v -0.061650 0.106859 -0.254115
v -0.061521 0.085669 -0.252379
v -0.064266 0.108248 -0.248579
v -0.064138 0.095066 -0.187927
v -0.064163 0.118102 -0.190052
v -0.064157 0.119953 -0.181880
v -0.064145 0.094146 -0.178708
v -0.064151 0.093427 -0.145929
v -0.064159 0.088548 -0.171314
v -0.064149 0.127257 -0.176033
v -0.064151 0.100522 -0.140584
v -0.064150 0.132034 -0.148561
v -0.064150 0.134415 -0.174017
v -0.064150 0.127129 -0.141024
v -0.064151 0.104729 -0.131344
v -0.064150 0.127905 -0.133439
v -0.064154 0.126529 -0.012349
v -0.060446 0.183450 -0.007593
v -0.061277 0.221301 -0.017321
v -0.061277 0.182862 -0.017320
v -0.060443 0.221301 -0.007592
v -0.060441 0.246420 -0.007593
v -0.061277 0.253941 -0.017321
v -0.060433 0.168458 -0.006517
v -0.061277 0.167266 -0.016196
v -0.060432 0.153305 -0.005327
v -0.061276 0.151639 -0.014966
v 0.064138 0.095066 -0.187927
v 0.064266 0.108248 -0.248579
v 0.064163 0.118102 -0.190052
v 0.064157 0.119953 -0.181880
v 0.064145 0.094146 -0.178708
v 0.064096 0.086336 -0.247195
v 0.061650 0.106859 -0.254115
v 0.061521 0.085669 -0.252379
v 0.064151 0.093427 -0.145929
v 0.064159 0.088548 -0.171314
v 0.064149 0.127257 -0.176033
v 0.064151 0.100522 -0.140584
v 0.064150 0.132034 -0.148561
v 0.064150 0.134415 -0.174017
v 0.064150 0.127129 -0.141024
v 0.064151 0.104729 -0.131344
v 0.064150 0.127905 -0.133439
v 0.064154 0.126529 -0.012349
v 0.061277 0.221301 -0.017321
v 0.060446 0.183450 -0.007593
v 0.061277 0.182862 -0.017320
v 0.060443 0.221301 -0.007592
v 0.060441 0.246420 -0.007593
v 0.060433 0.168458 -0.006517
v 0.061277 0.167266 -0.016196
v 0.060432 0.153305 -0.005327
v 0.061276 0.151639 -0.014966
v 0.061277 -0.426102 0.090787
v 0.068426 -0.438830 0.056355
v 0.068426 -0.427738 0.053053
v 0.061288 -0.428760 0.091548
v -0.061277 -0.426102 0.090787
v -0.068426 -0.438830 0.056355
v -0.061288 -0.428760 0.091548
v -0.068426 -0.427738 0.053053
v -0.060316 -0.067498 -0.228360
v -0.061277 -0.124319 -0.216202
v -0.061277 -0.066814 -0.224942
v -0.061277 -0.160479 -0.138711
v -0.061277 -0.177884 -0.150559
v -0.061277 -0.174478 -0.143752
v -0.061277 -0.168060 -0.139384
v -0.060440 0.481363 -0.007593
v -0.061277 0.473842 -0.017321
v -0.060441 0.466321 -0.007593
v 0.061025 -0.332404 0.068422
v 0.061277 -0.311640 0.059887
v 0.060434 -0.309396 0.069384
v 0.061277 -0.332274 0.062133
v 0.060657 -0.335669 0.073697
v 0.060524 -0.341062 0.076731
v 0.060440 0.261463 -0.007593
v 0.060441 0.246420 -0.007593
v 0.061277 0.253941 -0.017321
v -0.060440 0.261463 -0.007593
v -0.061277 0.253941 -0.017321
v -0.060441 0.246420 -0.007593
v -0.061025 -0.332404 0.068422
v -0.060657 -0.335669 0.073697
v -0.060434 -0.309396 0.069384
v -0.060524 -0.341062 0.076731
v -0.061277 -0.311640 0.059887
v -0.061277 -0.332274 0.062133
v 0.060440 0.481363 -0.007593
v 0.060441 0.466321 -0.007593
v 0.061277 0.473842 -0.017321
v 0.061277 0.221301 -0.017321
v 0.061277 0.253941 -0.017321
v 0.060441 0.246420 -0.007593
v -0.033512 0.166148 -0.256061
v -0.054100 0.110851 -0.252491
v -0.054100 0.166148 -0.256061
v -0.054100 0.221270 -0.257596
v -0.057689 0.221271 -0.256631
v -0.057689 0.166088 -0.255096
v -0.060316 0.221272 -0.253994
v -0.060316 0.165924 -0.252460
v -0.057689 0.111010 -0.251546
v -0.060316 0.111443 -0.248963
v -0.061277 0.221273 -0.250392
v -0.061277 0.165699 -0.248859
v -0.061276 0.112098 -0.245442
v -0.061276 0.121340 -0.190367
v -0.061276 0.141052 -0.174697
v -0.061276 0.130352 -0.179035
v -0.061276 0.141052 -0.174697
v -0.061277 0.173892 -0.165832
v -0.061277 0.221301 -0.165865
v -0.061277 0.182862 -0.017320
v -0.061276 0.144533 -0.151939
v -0.061277 0.167266 -0.016196
v -0.061277 0.221301 -0.017321
v -0.061277 0.253941 -0.017321
v -0.061276 0.131120 -0.133740
v -0.061276 0.151639 -0.014966
v -0.061276 0.144533 -0.151939
v -0.061276 0.136024 -0.146200
v -0.061276 0.131797 -0.140771
v -0.061277 0.253941 -0.165892
v -0.061277 0.253941 -0.250723
v -0.061277 0.379357 -0.220598
v -0.060316 0.221272 -0.253994
v -0.061277 0.387395 -0.224929
v -0.061277 0.473359 -0.224929
v -0.060316 0.253941 -0.254325
v -0.057689 0.221271 -0.256631
v -0.057689 0.253941 -0.256962
v -0.054100 0.221270 -0.257596
v -0.064144 -0.328873 -0.118675
v -0.064219 -0.362829 -0.171665
v -0.064153 -0.349122 -0.113839
v -0.064144 -0.324272 -0.110128
v -0.064149 -0.315401 -0.072588
v -0.064150 -0.335785 -0.057479
v 0.064151 -0.021929 -0.116928
v 0.064150 -0.020242 0.005302
v 0.064148 -0.043833 -0.113982
v 0.064153 0.000395 0.002346
v 0.064151 -0.021178 -0.126196
v 0.064142 -0.203047 -0.146159
v 0.064228 -0.193487 -0.208953
v 0.064154 -0.181344 -0.150038
v 0.064143 -0.203608 -0.136590
v 0.064153 -0.176949 -0.141210
v 0.064149 -0.203394 -0.103811
v 0.064147 -0.208653 -0.128955
v 0.064149 -0.213064 -0.104404
v 0.064146 -0.265464 -0.114267
v 0.064146 -0.217267 -0.124671
v 0.064150 -0.169483 -0.136121
v 0.064149 -0.195793 -0.098794
v 0.064147 -0.169175 -0.103361
v 0.064149 -0.191384 -0.090014
v 0.064147 -0.163973 -0.111002
v -0.064155 -0.060542 -0.153486
v -0.064147 -0.055456 -0.128274
v -0.064147 -0.055162 -0.160974
v -0.064157 -0.028273 -0.164131
v -0.064160 -0.032496 -0.173142
v 0.064152 -0.007230 -0.137036
v 0.064153 0.045577 -0.164064
v 0.064152 0.047927 -0.143396
v 0.064153 -0.011220 -0.157479
v 0.064153 0.079957 -0.167944
v 0.064152 0.083494 -0.147409
v 0.064159 0.088548 -0.171314
v 0.064151 0.093427 -0.145929
v 0.064145 0.094146 -0.178708
v 0.064157 0.119953 -0.181880
v 0.064150 -0.021182 -0.158891
v 0.064151 -0.015677 -0.133655
v 0.064151 -0.021178 -0.126196
v 0.064147 -0.048123 -0.123020
v 0.064148 -0.043833 -0.113982
v 0.064153 0.079957 -0.167944
v 0.064152 0.047927 -0.143396
v 0.064153 0.045577 -0.164064
v -0.064151 -0.165601 0.028235
v -0.064147 -0.169738 -0.093868
v -0.064149 -0.191384 -0.090014
v -0.064149 -0.145211 0.024426
v -0.064153 0.079957 -0.167944
v -0.064152 0.047927 -0.143396
v -0.064152 0.083494 -0.147409
v -0.064153 0.045577 -0.164064
v 0.064150 -0.335785 -0.057479
v 0.064151 -0.288007 0.054347
v 0.064152 -0.308164 0.059384
v 0.064149 -0.315691 -0.062769
v 0.064149 -0.315401 -0.072588
v 0.064153 -0.349122 -0.113839
v 0.064146 -0.316532 -0.105327
v 0.064144 -0.324272 -0.110128
v 0.064149 -0.310592 -0.080335
v -0.064151 -0.069147 -0.149782
v -0.064148 -0.107786 -0.122929
v -0.064148 -0.065336 -0.129422
v -0.064155 -0.060542 -0.153486
v -0.064147 -0.055456 -0.128274
v -0.064151 -0.111401 -0.143323
v -0.064148 -0.155427 -0.114970
v -0.064151 -0.159637 -0.135252
v -0.064147 -0.048123 -0.123020
v -0.064157 -0.028273 -0.164131
v -0.064150 -0.021182 -0.158891
v -0.064151 -0.015677 -0.133655
v -0.064153 -0.011220 -0.157479
v -0.064152 -0.007230 -0.137036
v 0.064146 -0.316532 -0.105327
v 0.064146 -0.306855 -0.105003
v 0.064149 -0.310592 -0.080335
v 0.064149 -0.302096 -0.084860
v -0.064152 -0.007230 -0.137036
v -0.064153 0.045577 -0.164064
v -0.064153 -0.011220 -0.157479
v -0.064152 0.047927 -0.143396
v 0.064148 -0.155427 -0.114970
v 0.064151 -0.111401 -0.143323
v 0.064148 -0.107786 -0.122929
v 0.064151 -0.069147 -0.149782
v 0.064148 -0.065336 -0.129422
v 0.064151 -0.159637 -0.135252
v 0.064147 -0.163973 -0.111002
v 0.064150 -0.169483 -0.136121
v 0.064147 -0.055456 -0.128274
v 0.064155 -0.060542 -0.153486
v 0.064147 -0.055162 -0.160974
v 0.064157 -0.028273 -0.164131
v 0.064160 -0.032496 -0.173142
v 0.064147 -0.169738 -0.093868
v 0.064151 -0.165601 0.028235
v 0.064149 -0.191384 -0.090014
v 0.064149 -0.145211 0.024426
v 0.064147 -0.169175 -0.103361
v 0.064144 -0.054394 -0.170332
v 0.064249 -0.043421 -0.232303
v 0.064160 -0.032496 -0.173142
v 0.064137 -0.064066 -0.229414
v 0.064147 -0.055162 -0.160974
v 0.064154 0.126529 -0.012349
v 0.064150 0.127905 -0.133439
v 0.064151 0.148455 -0.014319
v 0.064149 -0.302096 -0.084860
v 0.064146 -0.265464 -0.114267
v 0.064149 -0.261018 -0.094049
v 0.064146 -0.306855 -0.105003
v 0.064149 -0.213064 -0.104404
v 0.064146 -0.217267 -0.124671
v 0.064147 -0.208653 -0.128955
v -0.064151 -0.288007 0.054347
v -0.064150 -0.335785 -0.057479
v -0.064152 -0.308164 0.059384
v -0.064149 -0.315691 -0.062769
v -0.064149 -0.315401 -0.072588
v -0.064146 -0.316532 -0.105327
v -0.064144 -0.324272 -0.110128
v -0.064149 -0.310592 -0.080335
v -0.064150 -0.020242 0.005302
v -0.064151 -0.021929 -0.116928
v -0.064148 -0.043833 -0.113982
v -0.064151 -0.021178 -0.126196
v -0.064153 0.000395 0.002346
v -0.064151 -0.021178 -0.126196
v -0.064151 -0.015677 -0.133655
v -0.064150 -0.021182 -0.158891
v -0.064147 -0.048123 -0.123020
v -0.064148 -0.043833 -0.113982
v -0.064146 -0.265464 -0.114267
v -0.064149 -0.261018 -0.094049
v -0.064149 -0.213064 -0.104404
v -0.064149 -0.302096 -0.084860
v -0.064146 -0.217267 -0.124671
v -0.064147 -0.208653 -0.128955
v 0.064144 -0.328873 -0.118675
v 0.064153 -0.349122 -0.113839
v 0.064219 -0.362829 -0.171665
v 0.064144 -0.324272 -0.110128
v 0.064149 -0.315401 -0.072588
v -0.064147 -0.163973 -0.111002
v -0.064148 -0.155427 -0.114970
v -0.064151 -0.159637 -0.135252
v -0.064150 -0.169483 -0.136121
v -0.064149 -0.203394 -0.103811
v -0.064149 -0.195793 -0.098794
v -0.064143 -0.203608 -0.136590
v 0.060431 -0.021994 0.015070
v 0.063319 -0.018477 0.014704
v 0.059828 -0.016108 0.033672
v 0.064153 -0.011220 -0.157479
v 0.064152 -0.007230 -0.137036
v 0.064151 -0.015677 -0.133655
v 0.064148 -0.065336 -0.129422
v 0.064151 -0.069147 -0.149782
v 0.064155 -0.060542 -0.153486
v 0.064147 -0.048123 -0.123020
v 0.064147 -0.055456 -0.128274
v 0.064157 -0.028273 -0.164131
v 0.064150 -0.021182 -0.158891
v 0.064149 -0.195793 -0.098794
v 0.064149 -0.203394 -0.103811
v 0.064153 -0.176949 -0.141210
v -0.064154 0.126529 -0.012349
v -0.064151 0.148455 -0.014319
v -0.064150 0.127905 -0.133439
v 0.064150 0.134415 -0.174017
v 0.064150 0.137691 -0.151615
v 0.064150 0.132034 -0.148561
v -0.059828 -0.016108 0.033672
v -0.063319 -0.018477 0.014704
v -0.060431 -0.021994 0.015070
v -0.064153 0.079957 -0.167944
v -0.064152 0.083494 -0.147409
v -0.064159 0.088548 -0.171314
v -0.064151 0.093427 -0.145929
v -0.064150 0.132034 -0.148561
v -0.064150 0.137691 -0.151615
v -0.064150 0.134415 -0.174017
v 0.060433 -0.423157 0.101083
v 0.061277 -0.373414 0.073156
v 0.061032 -0.370159 0.078541
v 0.061277 -0.425838 0.091711
v 0.060657 -0.364692 0.081474
v 0.060520 -0.358505 0.081403
v -0.060657 -0.364692 0.081474
v -0.061032 -0.370159 0.078541
v -0.060433 -0.423157 0.101083
v -0.060520 -0.358505 0.081403
v -0.061277 -0.373414 0.073156
v -0.061277 -0.425838 0.091711
v 0.061277 -0.426102 0.090787
v 0.059885 -0.428442 0.092659
v 0.061288 -0.428760 0.091548
v 0.059874 -0.425784 0.091898
v -0.059885 -0.428442 0.092659
v -0.061277 -0.426102 0.090787
v -0.061288 -0.428760 0.091548
v -0.059874 -0.425784 0.091898
v -0.061277 -0.365325 -0.166960
v -0.061277 -0.411488 -0.154623
v -0.061277 -0.352096 -0.111329
v -0.061277 -0.385042 -0.128473
v -0.061277 -0.390516 -0.131634
v -0.061277 -0.396840 -0.131634
v -0.061277 -0.381880 -0.122997
v -0.061277 -0.339573 -0.058330
v -0.061277 -0.349672 -0.002795
v -0.061277 -0.311640 0.059887
v 0.064150 -0.020242 0.005302
v 0.060431 -0.021994 0.015070
v 0.061278 -0.023789 0.005481
v 0.063319 -0.018477 0.014704
v -0.060431 -0.021994 0.015070
v -0.064150 -0.020242 0.005302
v -0.061278 -0.023789 0.005481
v -0.063319 -0.018477 0.014704
v -0.061277 -0.427738 0.053053
v -0.061277 -0.423019 -0.111973
v -0.061277 -0.481498 -0.134816
v -0.061277 -0.423019 -0.118297
v -0.061277 -0.419859 -0.123772
v -0.061277 -0.373414 0.073156
v -0.061277 -0.426102 0.090787
v -0.061277 -0.414382 -0.126934
v -0.061277 -0.411488 -0.154623
v -0.061277 0.048309 -0.140037
v -0.061277 -0.006627 -0.133706
v -0.061277 -0.018603 -0.117465
v -0.061277 -0.018000 -0.124916
v -0.061277 -0.013566 -0.130928
v -0.061277 0.063524 -0.006233
v -0.061277 0.003676 0.001509
v -0.061277 0.101331 -0.131199
v -0.061277 0.123136 -0.012383
v -0.061277 0.084225 -0.144081
v -0.061277 0.098139 -0.138191
v -0.061277 0.091831 -0.142942
v -0.061276 0.144533 -0.151939
v -0.061277 0.173892 -0.165832
v -0.061276 0.141052 -0.174697
v 0.061277 -0.231237 0.041406
v 0.061277 -0.284658 0.053150
v 0.061277 -0.312288 -0.063785
v 0.061277 -0.260254 -0.090573
v 0.061277 -0.301369 -0.081374
v 0.061277 -0.194891 -0.089489
v 0.061277 -0.169139 0.028544
v 0.061277 -0.212242 -0.100938
v 0.061277 -0.204693 -0.100471
v 0.061277 -0.198290 -0.096246
v 0.061277 0.063524 -0.006233
v 0.061277 0.003676 0.001509
v 0.061277 -0.018603 -0.117465
v 0.061277 0.048309 -0.140037
v 0.061277 -0.006627 -0.133706
v 0.061278 -0.107165 -0.119424
v 0.061278 -0.064553 -0.125935
v 0.061278 -0.047369 -0.113626
v 0.061278 -0.050644 -0.120513
v 0.061278 -0.056979 -0.125051
v 0.061277 -0.083552 0.013796
v 0.061278 -0.023789 0.005481
v 0.061278 -0.166271 -0.094585
v 0.061278 -0.141799 0.023430
v 0.061278 -0.161579 -0.108311
v 0.061278 -0.154777 -0.111472
v 0.061278 -0.165826 -0.102073
v -0.061278 -0.047369 -0.113626
v -0.061278 -0.050644 -0.120513
v -0.061278 -0.064553 -0.125935
v -0.061278 -0.056979 -0.125051
v -0.061278 -0.107165 -0.119424
v -0.061277 -0.083552 0.013796
v -0.061278 -0.166271 -0.094585
v -0.061278 -0.141799 0.023430
v -0.061278 -0.165826 -0.102073
v -0.061278 -0.154777 -0.111472
v -0.061278 -0.107165 -0.119424
v -0.061278 -0.154777 -0.111472
v -0.061278 -0.166271 -0.094585
v -0.061277 -0.083552 0.013796
v -0.061278 -0.161579 -0.108311
v -0.061278 -0.165826 -0.102073
v -0.061278 -0.023789 0.005481
v -0.061278 -0.047369 -0.113626
v 0.061277 -0.315329 -0.108693
v 0.061277 -0.321846 -0.112738
v 0.061277 -0.325429 -0.119399
v 0.061277 -0.307770 -0.108436
v 0.061277 -0.019535 -0.162029
v 0.061277 -0.025785 -0.166634
v 0.061277 -0.029014 -0.173464
v 0.061277 -0.423019 -0.111973
v 0.061277 -0.427738 0.053053
v 0.061277 -0.481498 -0.134816
v 0.061277 -0.373414 0.073156
v 0.061277 -0.426102 0.090787
v 0.061277 -0.423019 -0.118297
v 0.061277 -0.419859 -0.123772
v 0.061277 -0.411488 -0.154623
v 0.061277 -0.414382 -0.126934
v 0.061277 0.048309 -0.140037
v 0.061277 0.084225 -0.144081
v 0.061277 0.101331 -0.131199
v 0.061277 0.098139 -0.138191
v 0.061277 0.063524 -0.006233
v 0.061277 0.123136 -0.012383
v -0.061276 0.121340 -0.190367
v -0.061276 0.124393 -0.183643
v -0.061276 0.130352 -0.179035
v -0.061277 -0.194891 -0.089489
v -0.061277 -0.198290 -0.096246
v -0.061277 -0.212242 -0.100938
v -0.061277 -0.260254 -0.090573
v -0.061277 -0.231237 0.041406
v -0.061277 -0.312288 -0.063785
v -0.061277 -0.284658 0.053150
v -0.061277 -0.312061 -0.071331
v -0.061277 -0.301369 -0.081374
v -0.061277 -0.308031 -0.077824
v -0.061277 -0.260254 -0.090573
v -0.061277 -0.301369 -0.081374
v -0.061277 -0.312288 -0.063785
v 0.061277 0.473377 -0.166073
v 0.061277 0.379357 -0.220598
v 0.061277 0.387395 -0.216266
v -0.061277 -0.325429 -0.119399
v -0.061277 -0.321846 -0.112738
v -0.061277 -0.307770 -0.108436
v 0.061277 0.090822 -0.180124
v 0.061277 0.086342 -0.174176
v 0.061277 0.091525 -0.187542
v -0.061277 -0.426102 0.090787
v -0.061277 -0.425838 0.091711
v -0.061277 -0.373414 0.073156
v -0.061277 -0.419859 -0.123772
v -0.061277 -0.411488 -0.154623
v -0.061277 -0.481498 -0.134816
v -0.061277 0.091831 -0.142942
v -0.061277 0.084225 -0.144081
v -0.061277 0.101331 -0.131199
v 0.061277 -0.062859 -0.156240
v 0.061277 -0.069733 -0.153278
v 0.061277 -0.057889 -0.169809
v 0.061277 -0.312288 -0.063785
v 0.061277 -0.312061 -0.071331
v 0.061277 -0.308031 -0.077824
v 0.061277 -0.301369 -0.081374
v 0.061277 -0.018603 -0.117465
v 0.061277 -0.018000 -0.124916
v 0.061277 -0.013566 -0.130928
v 0.061277 -0.006627 -0.133706
v -0.061277 -0.058483 -0.162348
v -0.061277 -0.057889 -0.169809
v -0.061277 -0.069733 -0.153278
v 0.061278 -0.154777 -0.111472
v 0.061278 -0.107165 -0.119424
v 0.061278 -0.166271 -0.094585
v 0.061277 -0.373414 0.073156
v 0.061277 -0.425838 0.091711
v 0.061277 -0.426102 0.090787
v 0.061277 -0.481498 -0.134816
v 0.061277 -0.411488 -0.154623
v 0.061277 -0.419859 -0.123772
v 0.061277 -0.198290 -0.096246
v 0.061277 -0.194891 -0.089489
v 0.061277 -0.212242 -0.100938
v 0.061277 0.084225 -0.144081
v 0.061277 0.091831 -0.142942
v 0.061277 0.098139 -0.138191
v -0.061277 -0.349672 -0.002795
v -0.061277 -0.332274 0.062133
v -0.061277 -0.311640 0.059887
v -0.061277 -0.381880 -0.122997
v -0.061277 -0.339573 -0.058330
v -0.061277 -0.385042 -0.128473
v -0.061277 -0.352096 -0.111329
v -0.061277 -0.198290 -0.096246
v -0.061277 -0.204693 -0.100471
v -0.061277 -0.212242 -0.100938
v -0.061277 -0.231237 0.041406
v -0.061277 -0.169139 0.028544
v -0.061277 -0.194891 -0.089489
v 0.061276 0.130352 -0.179035
v 0.061276 0.124393 -0.183643
v 0.061276 0.121340 -0.190367
v -0.061277 0.473377 -0.166073
v -0.061277 0.387395 -0.216266
v -0.061277 0.379357 -0.220598
v -0.054771 -0.310204 0.102656
v -0.056662 -0.315913 0.110290
v -0.057086 -0.307448 0.105496
v -0.054437 -0.316809 0.106400
v 0.056903 0.009180 0.030903
v 0.058140 0.010032 0.040388
v 0.059767 0.005868 0.031630
v 0.060430 0.005472 0.011103
v 0.063322 0.002160 0.011751
v -0.058140 0.010032 0.040388
v -0.056903 0.009180 0.030903
v -0.059767 0.005868 0.031630
v -0.060430 0.005472 0.011103
v -0.063322 0.002160 0.011751
v 0.057342 -0.387312 -0.126203
v 0.061277 -0.381880 -0.122997
v 0.057342 -0.384770 -0.121799
v 0.061277 -0.349672 -0.002795
v 0.061277 -0.385042 -0.128473
v 0.057342 -0.335376 0.062541
v 0.057342 -0.391347 -0.128532
v 0.061277 -0.332274 0.062133
v 0.061277 -0.390516 -0.131634
v 0.057342 -0.335376 0.067626
v 0.061277 -0.396840 -0.131634
v 0.061025 -0.332404 0.068422
v 0.057342 -0.396432 -0.128532
v 0.060657 -0.335669 0.073697
v 0.057342 -0.413185 -0.124044
v 0.057342 -0.337706 0.071661
v 0.061277 -0.414382 -0.126934
v 0.060524 -0.341062 0.076731
v 0.057342 -0.417588 -0.121501
v 0.057342 -0.342109 0.074203
v 0.061277 -0.419859 -0.123772
v 0.060520 -0.358505 0.081403
v 0.061277 -0.423019 -0.118297
v 0.057342 -0.358862 0.078692
v 0.057342 -0.419918 -0.117466
v 0.057342 -0.363946 0.078692
v 0.061277 -0.423019 -0.111973
v 0.060657 -0.364692 0.081474
v 0.057342 -0.419918 -0.112382
v 0.057342 -0.367981 0.076363
v 0.061277 -0.373414 0.073156
v 0.061032 -0.370159 0.078541
v 0.057342 -0.370524 0.071959
v -0.061277 -0.381880 -0.122997
v -0.057342 -0.387312 -0.126203
v -0.057342 -0.384770 -0.121799
v -0.061277 -0.385042 -0.128473
v -0.061277 -0.349672 -0.002795
v -0.057342 -0.391347 -0.128532
v -0.057342 -0.335376 0.062541
v -0.061277 -0.390516 -0.131634
v -0.061277 -0.332274 0.062133
v -0.061277 -0.396840 -0.131634
v -0.057342 -0.335376 0.067626
v -0.057342 -0.396432 -0.128532
v -0.061025 -0.332404 0.068422
v -0.057342 -0.413185 -0.124044
v -0.060657 -0.335669 0.073697
v -0.061277 -0.414382 -0.126934
v -0.057342 -0.337706 0.071661
v -0.057342 -0.417588 -0.121501
v -0.060524 -0.341062 0.076731
v -0.061277 -0.419859 -0.123772
v -0.057342 -0.342109 0.074203
v -0.061277 -0.423019 -0.118297
v -0.060520 -0.358505 0.081403
v -0.057342 -0.419918 -0.117466
v -0.057342 -0.358862 0.078692
v -0.061277 -0.423019 -0.111973
v -0.057342 -0.363946 0.078692
v -0.057342 -0.419918 -0.112382
v -0.060657 -0.364692 0.081474
v -0.061277 -0.373414 0.073156
v -0.057342 -0.367981 0.076363
v -0.057342 -0.370524 0.071959
v -0.061032 -0.370159 0.078541
v -0.061278 -0.023789 0.005481
v -0.064148 -0.043833 -0.113982
v -0.061278 -0.047369 -0.113626
v -0.064147 -0.048123 -0.123020
v -0.063322 0.002160 0.011751
v -0.061277 0.003676 0.001509
v -0.064153 0.000395 0.002346
v -0.060430 0.005472 0.011103
v 0.061277 0.003676 0.001509
v 0.063322 0.002160 0.011751
v 0.064153 0.000395 0.002346
v 0.060430 0.005472 0.011103
v 0.061278 -0.023789 0.005481
v 0.064148 -0.043833 -0.113982
v 0.064150 -0.020242 0.005302
v 0.064147 -0.048123 -0.123020
v 0.064148 -0.043833 -0.113982
v 0.061278 -0.047369 -0.113626
v 0.061278 -0.023789 0.005481
v -0.061278 -0.023789 0.005481
v -0.064150 -0.020242 0.005302
v -0.064148 -0.043833 -0.113982
v -0.057342 -0.358862 0.078692
v -0.057342 -0.342109 0.074203
v -0.057342 -0.370524 0.071959
v -0.057342 -0.363946 0.078692
v -0.057342 -0.367981 0.076363
v -0.057342 -0.335376 0.062541
v -0.057342 -0.335376 0.067626
v -0.057342 -0.337706 0.071661
v -0.057342 -0.384770 -0.121799
v -0.057342 -0.419918 -0.112382
v -0.057342 -0.413185 -0.124044
v -0.057342 -0.419918 -0.117466
v -0.057342 -0.417588 -0.121501
v -0.057342 -0.396432 -0.128532
v -0.057342 -0.391347 -0.128532
v -0.057342 -0.387312 -0.126203
v 0.057342 -0.370524 0.071959
v 0.057342 -0.335376 0.062541
v 0.057342 -0.342109 0.074203
v 0.057342 -0.335376 0.067626
v 0.057342 -0.337706 0.071661
v 0.057342 -0.358862 0.078692
v 0.057342 -0.363946 0.078692
v 0.057342 -0.367981 0.076363
v 0.057342 -0.384770 -0.121799
v 0.057342 -0.419918 -0.112382
v 0.057342 -0.413185 -0.124044
v 0.057342 -0.419918 -0.117466
v 0.057342 -0.417588 -0.121501
v 0.057342 -0.396432 -0.128532
v 0.057342 -0.391347 -0.128532
v 0.057342 -0.387312 -0.126203
v 0.061277 -0.018000 -0.124916
v 0.064151 -0.021929 -0.116928
v 0.064151 -0.021178 -0.126196
v 0.061277 -0.013566 -0.130928
v 0.061277 -0.018603 -0.117465
v 0.061277 0.003676 0.001509
v 0.064153 0.000395 0.002346
v 0.054441 -0.221867 0.084025
v 0.056683 -0.175020 0.077634
v 0.056664 -0.221010 0.087920
v 0.054450 -0.175810 0.073719
v 0.054789 -0.169041 0.070408
v 0.057089 -0.166491 0.073461
v 0.058224 -0.161355 0.065835
v 0.055725 -0.164811 0.064127
v 0.059829 -0.160782 0.056539
v 0.056985 -0.164353 0.056704
v 0.060429 -0.167158 0.038099
v -0.055725 -0.164811 0.064127
v -0.059829 -0.160782 0.056539
v -0.056985 -0.164353 0.056704
v -0.060429 -0.167158 0.038099
v -0.058224 -0.161355 0.065835
v -0.054789 -0.169041 0.070408
v -0.056683 -0.175020 0.077634
v -0.057089 -0.166491 0.073461
v -0.054441 -0.221867 0.084025
v -0.054450 -0.175810 0.073719
v -0.056664 -0.221010 0.087920
v -0.064151 -0.021929 -0.116928
v -0.061277 0.003676 0.001509
v -0.061277 -0.018603 -0.117465
v -0.064153 0.000395 0.002346
v 0.060431 -0.021994 0.015070
v 0.059828 -0.016108 0.033672
v 0.057004 -0.019695 0.033613
v 0.055741 -0.020308 0.040970
v 0.058265 -0.016865 0.042727
v 0.054799 -0.024698 0.047008
v 0.057095 -0.022326 0.050233
v -0.054799 -0.024698 0.047008
v -0.058265 -0.016865 0.042727
v -0.055741 -0.020308 0.040970
v -0.057095 -0.022326 0.050233
v -0.059828 -0.016108 0.033672
v -0.057004 -0.019695 0.033613
v -0.060431 -0.021994 0.015070
v -0.032293 -0.119772 0.129657
v 0.000000 -0.122665 0.133121
v 0.000000 -0.119772 0.129657
v 0.032293 -0.119772 0.129657
v -0.032653 -0.122661 0.133137
v -0.038032 -0.120067 0.128234
v -0.039403 -0.122997 0.131502
v 0.032653 -0.122661 0.133137
v 0.038032 -0.120067 0.128234
v 0.039403 -0.122997 0.131502
v 0.064144 -0.324272 -0.110128
v 0.061277 -0.315329 -0.108693
v 0.064146 -0.316532 -0.105327
v 0.064146 -0.306855 -0.105003
v 0.061277 -0.307770 -0.108436
v -0.038939 -0.436848 -0.165918
v -0.038939 -0.443331 -0.164049
v -0.038939 -0.415830 -0.160943
v -0.038939 -0.434090 -0.170911
v -0.038939 -0.419885 -0.175007
v -0.038939 -0.480758 -0.142496
v -0.038939 -0.468210 -0.161074
v -0.038939 -0.445867 -0.167516
v 0.038939 -0.436848 -0.165918
v 0.038939 -0.415830 -0.160943
v 0.038939 -0.443331 -0.164049
v 0.038939 -0.434090 -0.170911
v 0.038939 -0.419885 -0.175007
v 0.038939 -0.480758 -0.142496
v 0.038939 -0.468210 -0.161074
v 0.038939 -0.445867 -0.167516
v 0.038939 -0.486062 -0.161034
v 0.038939 -0.468210 -0.161074
v 0.038939 -0.480758 -0.142496
v 0.038939 -0.472070 -0.165038
v -0.038939 -0.468210 -0.161074
v -0.038939 -0.486062 -0.161034
v -0.038939 -0.480758 -0.142496
v -0.038939 -0.472070 -0.165038
v 0.064145 0.094146 -0.178708
v 0.061277 0.086342 -0.174176
v 0.061277 0.090822 -0.180124
v 0.064159 0.088548 -0.171314
v -0.061277 0.086342 -0.174176
v -0.064145 0.094146 -0.178708
v -0.061277 0.090822 -0.180124
v -0.064159 0.088548 -0.171314
v -0.064151 -0.021929 -0.116928
v -0.061277 -0.018000 -0.124916
v -0.064151 -0.021178 -0.126196
v -0.061277 -0.013566 -0.130928
v -0.061277 -0.018603 -0.117465
v 0.032293 0.141524 0.094453
v 0.000000 0.145264 0.097027
v 0.000000 0.141524 0.094453
v -0.032293 0.141524 0.094453
v 0.032651 0.145267 0.097043
v 0.038031 0.141277 0.093030
v 0.039404 0.145006 0.095401
v -0.032651 0.145267 0.097043
v -0.038031 0.141277 0.093030
v -0.039404 0.145006 0.095401
v -0.034344 -0.218722 -0.210999
v -0.034344 -0.285942 -0.207411
v -0.034344 -0.283631 -0.196897
v -0.034344 -0.340750 -0.184207
v -0.034344 -0.343295 -0.194658
v -0.034344 -0.126174 -0.226670
v -0.034344 -0.070891 -0.245932
v -0.034344 -0.128056 -0.237288
v -0.034344 -0.191464 -0.216272
v -0.034344 -0.193746 -0.226848
v -0.034344 -0.419761 -0.174577
v -0.034344 -0.367887 -0.177466
v -0.034344 -0.370302 -0.187929
v 0.034344 -0.041308 -0.239488
v 0.034344 0.034774 -0.259085
v 0.034344 0.035995 -0.248411
v 0.034344 0.080019 -0.263619
v 0.034344 0.081815 -0.253105
v -0.034344 0.035995 -0.248411
v -0.034344 0.080019 -0.263619
v -0.034344 0.034774 -0.259085
v -0.034344 0.081815 -0.253105
v -0.034344 -0.041308 -0.239488
v 0.034344 -0.285942 -0.207411
v 0.034344 -0.218722 -0.210999
v 0.034344 -0.283631 -0.196897
v 0.034344 -0.340750 -0.184207
v 0.034344 -0.343295 -0.194658
v 0.034344 -0.367887 -0.177466
v 0.034344 -0.419761 -0.174577
v 0.034344 -0.370302 -0.187929
v 0.034344 -0.126174 -0.226670
v 0.034344 -0.070891 -0.245932
v 0.034344 -0.068812 -0.235278
v 0.034344 -0.128056 -0.237288
v 0.034344 -0.191464 -0.216272
v 0.034344 -0.193746 -0.226848
v 0.034344 -0.191464 -0.216272
v 0.034344 -0.128056 -0.237288
v 0.034344 -0.126174 -0.226670
v -0.034344 -0.041308 -0.239488
v -0.034344 0.034774 -0.259085
v -0.034344 -0.043450 -0.250126
v -0.034344 -0.218722 -0.210999
v -0.034344 -0.220914 -0.221596
v -0.034344 -0.285942 -0.207411
v -0.034344 -0.126174 -0.226670
v -0.034344 -0.068812 -0.235278
v -0.034344 -0.070891 -0.245932
v -0.034344 -0.191464 -0.216272
v -0.034344 -0.128056 -0.237288
v -0.034344 -0.419761 -0.174577
v -0.034344 -0.416785 -0.164256
v -0.034344 -0.367887 -0.177466
v 0.034344 -0.041308 -0.239488
v 0.034344 -0.043450 -0.250126
v 0.034344 0.034774 -0.259085
v 0.034344 -0.285942 -0.207411
v 0.034344 -0.220914 -0.221596
v 0.034344 -0.218722 -0.210999
v 0.034344 -0.367887 -0.177466
v 0.034344 -0.416785 -0.164256
v 0.034344 -0.419761 -0.174577
v 0.000000 -0.428442 0.092659
v 0.059874 -0.425784 0.091898
v 0.000000 -0.425800 0.091903
v 0.059885 -0.428442 0.092659
v -0.059874 -0.425784 0.091898
v -0.059885 -0.428442 0.092659
v -0.057287 0.164012 0.028722
v -0.054642 0.172957 0.026772
v -0.054939 0.165674 0.025449
v -0.058229 0.157437 0.023640
v -0.056912 0.173551 0.030444
v -0.054683 0.185473 0.026248
v -0.027831 0.518492 -0.269771
v -0.028426 0.517898 -0.264079
v -0.027761 0.518562 -0.264079
v -0.028426 0.517898 -0.269771
v -0.030064 0.511783 -0.264079
v -0.030064 0.511783 -0.269771
v -0.030064 0.486448 -0.269771
v -0.030064 0.474945 -0.263613
v -0.030064 0.474945 -0.272651
v -0.030064 0.486448 -0.272710
v -0.030064 0.253941 -0.271741
v -0.030064 0.253941 -0.261375
v -0.030064 0.221295 -0.271606
v 0.058229 0.157437 0.023640
v 0.054939 0.165674 0.025449
v 0.057287 0.164012 0.028722
v 0.054642 0.172957 0.026772
v 0.054683 0.185473 0.026248
v 0.056912 0.173551 0.030444
v 0.030064 0.165590 -0.270241
v 0.030064 0.221276 -0.261044
v 0.030064 0.166013 -0.259506
v 0.030064 0.110202 -0.255896
v 0.030064 0.108189 -0.266470
v 0.030064 0.221295 -0.271606
v 0.030064 0.253941 -0.261375
v 0.030064 0.221276 -0.261044
v 0.030064 0.253941 -0.271741
v 0.030064 0.474945 -0.263613
v 0.000000 0.082452 -0.270561
v -0.030670 0.079400 -0.267242
v -0.030968 0.082441 -0.270660
v -0.037157 0.082785 -0.268777
v -0.037205 0.079785 -0.264976
v -0.061521 0.085669 -0.252379
v -0.057689 0.082542 -0.248755
v -0.060316 0.082944 -0.246160
v -0.030064 0.253941 -0.261375
v -0.030064 0.221295 -0.271606
v -0.030064 0.221276 -0.261044
v -0.030064 0.474945 -0.263613
v -0.030064 0.253941 -0.271741
v -0.030064 0.221276 -0.261044
v -0.030064 0.165590 -0.270241
v -0.030064 0.166013 -0.259506
v -0.030064 0.110202 -0.255896
v -0.030064 0.110202 -0.255896
v -0.030064 0.165590 -0.270241
v -0.030064 0.108189 -0.266470
v 0.030064 0.486448 -0.269771
v 0.030064 0.511783 -0.264079
v 0.030064 0.474945 -0.263613
v 0.030064 0.511783 -0.269771
v 0.030064 0.474945 -0.272651
v 0.030064 0.486448 -0.272710
v 0.030064 0.253941 -0.271741
v -0.048438 -0.123887 0.100175
v -0.050004 -0.127701 0.108732
v -0.047190 -0.124357 0.107543
v -0.045151 -0.121974 0.119035
v -0.051582 -0.127102 0.099341
v -0.049359 -0.119613 0.094059
v -0.052710 -0.121878 0.091869
v -0.053116 -0.113347 0.088032
v 0.051582 -0.127102 0.099341
v 0.049359 -0.119613 0.094059
v 0.048438 -0.123887 0.100175
v 0.052710 -0.121878 0.091869
v 0.053116 -0.113347 0.088032
v 0.050004 -0.127701 0.108732
v 0.047190 -0.124357 0.107543
v 0.045151 -0.121974 0.119035
v -0.042738 -0.120873 0.124346
v -0.045135 -0.123968 0.126764
v -0.039403 -0.122997 0.131502
v 0.064149 -0.213064 -0.104404
v 0.064149 -0.203394 -0.103811
v 0.061277 -0.204693 -0.100471
v -0.061277 -0.204693 -0.100471
v -0.064149 -0.203394 -0.103811
v -0.064149 -0.213064 -0.104404
v 0.054438 -0.353044 0.116649
v 0.056657 -0.352003 0.120496
v 0.054224 -0.379191 0.125004
v 0.056662 -0.315913 0.110290
v 0.056657 -0.352003 0.120496
v 0.054771 -0.310204 0.102656
v 0.057086 -0.307448 0.105496
v 0.054437 -0.316809 0.106400
v -0.037589 -0.198016 -0.230240
v -0.030670 -0.194522 -0.230444
v -0.030634 -0.198459 -0.232360
v -0.037199 -0.194036 -0.228183
v -0.061285 -0.194696 -0.214306
v -0.057689 -0.190542 -0.211955
v -0.060316 -0.190014 -0.209379
v -0.054438 -0.353044 0.116649
v -0.054224 -0.379191 0.125004
v -0.056657 -0.352003 0.120496
v 0.057128 0.016936 0.045420
v 0.054444 0.025842 0.043040
v 0.056679 0.026769 0.046798
v 0.054777 0.018484 0.042001
v 0.058140 0.010032 0.040388
v 0.055684 0.012339 0.037525
v 0.056903 0.009180 0.030903
v -0.057128 0.016936 0.045420
v -0.054444 0.025842 0.043040
v -0.054777 0.018484 0.042001
v -0.056679 0.026769 0.046798
v -0.058140 0.010032 0.040388
v -0.055684 0.012339 0.037525
v -0.056903 0.009180 0.030903
v -0.064153 -0.176949 -0.141210
v -0.061277 -0.168060 -0.139384
v -0.061277 -0.174478 -0.143752
v -0.064150 -0.169483 -0.136121
v -0.064154 -0.181344 -0.150038
v 0.064154 -0.181344 -0.150038
v 0.061277 -0.174478 -0.143752
v 0.064153 -0.176949 -0.141210
v 0.061277 -0.168060 -0.139384
v 0.064150 -0.169483 -0.136121
v 0.064147 -0.048123 -0.123020
v 0.061278 -0.047369 -0.113626
v 0.061278 -0.050644 -0.120513
v 0.061278 -0.056979 -0.125051
v 0.064147 -0.055456 -0.128274
v 0.061278 -0.064553 -0.125935
v 0.064148 -0.065336 -0.129422
v 0.061278 -0.107165 -0.119424
v -0.061278 -0.064553 -0.125935
v -0.064147 -0.055456 -0.128274
v -0.064148 -0.065336 -0.129422
v -0.061278 -0.107165 -0.119424
v -0.061278 -0.056979 -0.125051
v -0.064147 -0.048123 -0.123020
v -0.061278 -0.050644 -0.120513
v -0.061278 -0.047369 -0.113626
v 0.053092 -0.254501 0.116534
v 0.049314 -0.260573 0.123035
v 0.052664 -0.263006 0.121061
v 0.051549 -0.267808 0.128701
v 0.048378 -0.264617 0.129466
v 0.037792 -0.068151 -0.231891
v 0.034344 -0.068812 -0.235278
v 0.037197 -0.071153 -0.247269
v 0.034344 -0.070891 -0.245932
v 0.030670 -0.071595 -0.249542
v 0.054101 -0.068151 -0.231891
v 0.057689 -0.067976 -0.230945
v -0.034344 -0.068812 -0.235278
v -0.037792 -0.068151 -0.231891
v -0.037197 -0.071153 -0.247269
v -0.054101 -0.068151 -0.231891
v -0.057689 -0.067976 -0.230945
v -0.034344 -0.070891 -0.245932
v -0.030670 -0.071595 -0.249542
v 0.054101 -0.040625 -0.236096
v 0.057689 -0.040451 -0.235149
v 0.037196 -0.043723 -0.251469
v 0.034344 -0.041308 -0.239488
v 0.037792 -0.040625 -0.236096
v 0.034344 -0.043450 -0.250126
v -0.037792 -0.040625 -0.236096
v -0.034344 -0.041308 -0.239488
v -0.037196 -0.043723 -0.251469
v -0.034344 -0.043450 -0.250126
v -0.054101 -0.040625 -0.236096
v -0.057689 -0.040451 -0.235149
v -0.030670 -0.044178 -0.253740
v -0.037196 -0.043723 -0.251469
v -0.034344 -0.043450 -0.250126
v 0.030670 -0.044178 -0.253740
v 0.034344 -0.043450 -0.250126
v 0.037196 -0.043723 -0.251469
v 0.037792 -0.040625 -0.236096
v 0.054101 -0.040625 -0.236096
v 0.000000 -0.344166 -0.198233
v 0.030604 -0.348267 -0.199856
v 0.000000 -0.348259 -0.199822
v 0.064152 -0.007230 -0.137036
v 0.061277 -0.013566 -0.130928
v 0.064151 -0.015677 -0.133655
v 0.064151 -0.021178 -0.126196
v 0.061277 -0.006627 -0.133706
v -0.064151 -0.021178 -0.126196
v -0.061277 -0.013566 -0.130928
v -0.064151 -0.015677 -0.133655
v -0.064152 -0.007230 -0.137036
v -0.061277 -0.006627 -0.133706
v 0.054138 0.227999 0.028913
v 0.056942 0.212076 0.029570
v 0.054665 0.217894 0.025889
v 0.054683 0.185473 0.026248
v 0.056962 0.185669 0.029936
v 0.054683 0.185473 0.026248
v 0.056912 0.173551 0.030444
v 0.057287 0.164012 0.028722
v 0.054642 0.172957 0.026772
v -0.054683 0.185473 0.026248
v -0.056942 0.212076 0.029570
v -0.054665 0.217894 0.025889
v -0.054138 0.227999 0.028913
v -0.056962 0.185669 0.029936
v -0.056912 0.173551 0.030444
v -0.054683 0.185473 0.026248
v -0.057287 0.164012 0.028722
v -0.054642 0.172957 0.026772
v -0.056662 -0.315913 0.110290
v -0.054438 -0.353044 0.116649
v -0.056657 -0.352003 0.120496
v -0.054437 -0.316809 0.106400
v 0.057689 -0.190542 -0.211955
v 0.060316 -0.190014 -0.209379
v 0.061285 -0.194696 -0.214306
v 0.037199 -0.194036 -0.228183
v 0.030670 -0.194522 -0.230444
v 0.037589 -0.198016 -0.230240
v 0.056662 -0.315913 0.110290
v 0.054438 -0.353044 0.116649
v 0.054437 -0.316809 0.106400
v 0.047165 0.137716 0.072440
v 0.051624 0.137088 0.063588
v 0.049972 0.141290 0.072770
v 0.045149 0.139685 0.083835
v 0.047937 0.143275 0.084374
v 0.042737 0.140604 0.089144
v 0.045145 0.144266 0.090639
v 0.038031 0.141277 0.093030
v 0.039404 0.145006 0.095401
v 0.048415 0.134555 0.065586
v 0.049335 0.128295 0.060954
v 0.052667 0.130039 0.058361
v -0.064148 -0.107786 -0.122929
v -0.061278 -0.154777 -0.111472
v -0.061278 -0.107165 -0.119424
v -0.064148 -0.065336 -0.129422
v -0.064148 -0.155427 -0.114970
v -0.061278 -0.161579 -0.108311
v -0.064147 -0.169175 -0.103361
v -0.061278 -0.165826 -0.102073
v -0.064147 -0.169738 -0.093868
v -0.064149 -0.145211 0.024426
v -0.061278 -0.141799 0.023430
v 0.030670 -0.194522 -0.230444
v 0.037589 -0.198016 -0.230240
v 0.030634 -0.198459 -0.232360
v 0.000000 -0.194522 -0.230444
v 0.000000 -0.198457 -0.232353
v 0.061285 -0.194696 -0.214306
v 0.037199 -0.194036 -0.228183
v -0.030634 -0.198459 -0.232360
v -0.030670 -0.194522 -0.230444
v 0.000000 -0.198457 -0.232353
v 0.060316 -0.190014 -0.209379
v 0.064228 -0.193487 -0.208953
v 0.061277 -0.189194 -0.205736
v 0.064154 -0.181344 -0.150038
v 0.061277 -0.177884 -0.150559
v 0.061277 -0.174478 -0.143752
v 0.061278 -0.154777 -0.111472
v 0.064148 -0.107786 -0.122929
v 0.061278 -0.107165 -0.119424
v 0.064148 -0.065336 -0.129422
v -0.064152 0.083494 -0.147409
v -0.061277 0.048309 -0.140037
v -0.061277 0.084225 -0.144081
v -0.064152 0.047927 -0.143396
v 0.061277 0.048309 -0.140037
v 0.064152 0.083494 -0.147409
v 0.061277 0.084225 -0.144081
v 0.064152 0.047927 -0.143396
v 0.061277 -0.006627 -0.133706
v 0.064152 0.047927 -0.143396
v 0.061277 0.048309 -0.140037
v 0.064152 -0.007230 -0.137036
v -0.064152 0.047927 -0.143396
v -0.061277 -0.006627 -0.133706
v -0.061277 0.048309 -0.140037
v -0.064152 -0.007230 -0.137036
v 0.054455 -0.031576 0.049953
v 0.056648 -0.075159 0.061115
v 0.054431 -0.075861 0.057185
v 0.056674 -0.030837 0.053879
v 0.054799 -0.024698 0.047008
v 0.057095 -0.022326 0.050233
v -0.054799 -0.024698 0.047008
v -0.056674 -0.030837 0.053879
v -0.057095 -0.022326 0.050233
v -0.054455 -0.031576 0.049953
v -0.056648 -0.075159 0.061115
v -0.054431 -0.075861 0.057185
v 0.042738 -0.120873 0.124346
v 0.039403 -0.122997 0.131502
v 0.045135 -0.123968 0.126764
v 0.038032 -0.120067 0.128234
v 0.047934 -0.125252 0.120513
v 0.045151 -0.121974 0.119035
v 0.050004 -0.127701 0.108732
v 0.047165 0.137716 0.072440
v 0.048415 0.134555 0.065586
v 0.051624 0.137088 0.063588
v -0.056665 -0.117491 0.068044
v -0.054431 -0.075861 0.057185
v -0.054450 -0.118418 0.064149
v -0.056648 -0.075159 0.061115
v -0.057106 -0.127387 0.067125
v -0.054791 -0.126002 0.063441
v 0.054431 -0.075861 0.057185
v 0.056665 -0.117491 0.068044
v 0.054450 -0.118418 0.064149
v 0.056648 -0.075159 0.061115
v 0.057106 -0.127387 0.067125
v 0.054791 -0.126002 0.063441
v 0.064148 -0.155427 -0.114970
v 0.061278 -0.161579 -0.108311
v 0.064147 -0.163973 -0.111002
v 0.064147 -0.169175 -0.103361
v 0.061278 -0.154777 -0.111472
v 0.064148 -0.107786 -0.122929
v 0.060316 0.082944 -0.246160
v 0.057689 0.082542 -0.248755
v 0.061521 0.085669 -0.252379
v -0.030806 0.550788 -0.257012
v -0.030806 0.551750 -0.253411
v -0.030806 0.544573 -0.252664
v -0.030806 0.548161 -0.259648
v -0.030806 0.551750 -0.166111
v -0.030806 0.544573 -0.260613
v -0.030806 0.544573 -0.096197
v -0.030806 0.548859 -0.103074
v -0.030806 0.551750 -0.106983
v -0.030806 0.541286 -0.255839
v -0.030806 0.534250 -0.260613
v -0.030806 0.525952 -0.255839
v -0.030806 0.525952 -0.260613
v -0.029006 0.522027 -0.260613
v -0.027761 0.518562 -0.264079
v -0.014322 0.483216 -0.255839
v -0.014322 0.482291 -0.276288
v -0.015775 0.486448 -0.269771
v -0.015886 0.486448 -0.276309
v 0.058258 0.129532 0.025670
v 0.054769 0.121765 0.029863
v 0.055708 0.126286 0.023941
v 0.059812 0.130418 0.016740
v 0.057092 0.123895 0.033049
v 0.056681 0.115402 0.036372
v 0.060435 0.124800 -0.002751
v 0.056964 0.127008 0.016611
v 0.054428 0.114796 0.032590
v 0.056646 0.069011 0.042017
v 0.054403 0.068579 0.038213
v 0.056679 0.026769 0.046798
v 0.054444 0.025842 0.043040
v -0.059812 0.130418 0.016740
v -0.060435 0.124800 -0.002751
v -0.056964 0.127008 0.016611
v -0.055708 0.126286 0.023941
v -0.058258 0.129532 0.025670
v -0.054769 0.121765 0.029863
v -0.057092 0.123895 0.033049
v -0.056681 0.115402 0.036372
v -0.056646 0.069011 0.042017
v -0.054428 0.114796 0.032590
v -0.054403 0.068579 0.038213
v -0.056679 0.026769 0.046798
v -0.054444 0.025842 0.043040
v -0.042738 -0.120873 0.124346
v -0.039403 -0.122997 0.131502
v -0.038032 -0.120067 0.128234
v -0.047934 -0.125252 0.120513
v -0.045135 -0.123968 0.126764
v -0.045151 -0.121974 0.119035
v -0.050004 -0.127701 0.108732
v 0.054771 -0.267758 0.092632
v 0.056653 -0.259191 0.096688
v 0.057085 -0.268846 0.096436
v 0.058191 -0.276620 0.091709
v 0.054441 -0.221867 0.084025
v 0.056664 -0.221010 0.087920
v 0.054437 -0.260210 0.092834
v -0.056653 -0.259191 0.096688
v -0.054771 -0.267758 0.092632
v -0.057085 -0.268846 0.096436
v -0.058191 -0.276620 0.091709
v -0.056664 -0.221010 0.087920
v -0.054441 -0.221867 0.084025
v -0.054437 -0.260210 0.092834
v 0.061277 0.083488 -0.242694
v 0.064138 0.095066 -0.187927
v 0.061277 0.091525 -0.187542
v 0.061277 0.090822 -0.180124
v 0.064145 0.094146 -0.178708
v 0.064096 0.086336 -0.247195
v 0.060316 0.082944 -0.246160
v 0.061521 0.085669 -0.252379
v 0.057689 0.082542 -0.248755
v 0.037205 0.079785 -0.264976
v 0.037157 0.082785 -0.268777
v -0.064138 0.095066 -0.187927
v -0.061277 0.083488 -0.242694
v -0.061277 0.091525 -0.187542
v -0.061277 0.090822 -0.180124
v -0.064145 0.094146 -0.178708
v -0.064096 0.086336 -0.247195
v -0.060316 0.082944 -0.246160
v -0.061521 0.085669 -0.252379
v -0.037157 0.082785 -0.268777
v -0.037205 0.079785 -0.264976
v -0.064154 -0.181344 -0.150038
v -0.061277 -0.189194 -0.205736
v -0.064228 -0.193487 -0.208953
v -0.060316 -0.190014 -0.209379
v -0.061285 -0.194696 -0.214306
v -0.061277 -0.177884 -0.150559
v -0.061277 -0.174478 -0.143752
v -0.037199 -0.194036 -0.228183
v -0.037589 -0.198016 -0.230240
v -0.026769 -0.487167 -0.157009
v -0.026779 -0.496736 -0.145964
v -0.026769 -0.500338 -0.158587
v -0.026779 -0.484967 -0.149339
v 0.026769 -0.487167 -0.157009
v 0.026769 -0.472503 -0.166552
v 0.026769 -0.500338 -0.158587
v -0.026769 -0.472503 -0.166552
v -0.026769 -0.487167 -0.157009
v -0.026769 -0.500338 -0.158587
v 0.026779 -0.496736 -0.145964
v 0.026769 -0.487167 -0.157009
v 0.026769 -0.500338 -0.158587
v 0.026779 -0.484967 -0.149339
v 0.026769 -0.487167 -0.157009
v 0.026769 -0.468575 -0.162353
v 0.026769 -0.472503 -0.166552
v -0.026769 -0.472503 -0.166552
v -0.026769 -0.468575 -0.162353
v -0.026769 -0.487167 -0.157009
v 0.054769 0.121765 0.029863
v 0.056681 0.115402 0.036372
v 0.054428 0.114796 0.032590
v -0.054769 0.121765 0.029863
v -0.054428 0.114796 0.032590
v -0.056681 0.115402 0.036372
v -0.030806 0.551750 -0.106983
v -0.030806 0.544573 -0.096197
v -0.030806 0.548859 -0.103074
v 0.030806 0.551750 -0.106983
v 0.030806 0.548859 -0.103074
v 0.030806 0.544573 -0.096197
v 0.030806 0.544573 -0.260613
v 0.030806 0.541286 -0.255839
v 0.030806 0.544573 -0.252664
v 0.030806 0.534250 -0.260613
v 0.030806 0.525952 -0.255839
v 0.030806 0.525952 -0.260613
v 0.030806 0.548161 -0.259648
v 0.030806 0.550788 -0.257012
v 0.030806 0.551750 -0.253411
v 0.030806 0.551750 -0.166111
v 0.030806 0.544573 -0.096197
v 0.030806 0.548859 -0.103074
v 0.030806 0.551750 -0.106983
v 0.060432 -0.139816 0.032991
v 0.059825 -0.139224 0.053333
v 0.063320 -0.143264 0.033798
v -0.060432 -0.139816 0.032991
v -0.063320 -0.143264 0.033798
v -0.059825 -0.139224 0.053333
v -0.060316 -0.339085 -0.177360
v -0.061254 -0.344052 -0.181981
v -0.064162 -0.342601 -0.176729
v -0.061277 -0.338249 -0.173695
v -0.037204 -0.343620 -0.195989
v -0.037567 -0.347774 -0.197755
v -0.064147 -0.169175 -0.103361
v -0.061278 -0.161579 -0.108311
v -0.064147 -0.163973 -0.111002
v -0.064148 -0.155427 -0.114970
v -0.059812 0.130418 0.016740
v -0.063327 0.128167 -0.002901
v -0.060435 0.124800 -0.002751
v -0.061277 0.101331 -0.131199
v -0.064151 0.100522 -0.140584
v -0.061277 0.098139 -0.138191
v -0.061277 0.091831 -0.142942
v -0.064151 0.104729 -0.131344
v -0.061277 0.123136 -0.012383
v -0.064154 0.126529 -0.012349
v -0.064151 0.093427 -0.145929
v -0.061277 0.084225 -0.144081
v -0.064152 0.083494 -0.147409
v 0.061277 0.084225 -0.144081
v 0.064151 0.093427 -0.145929
v 0.061277 0.091831 -0.142942
v 0.064152 0.083494 -0.147409
v 0.064151 0.100522 -0.140584
v 0.061277 0.098139 -0.138191
v 0.061277 0.101331 -0.131199
v 0.064151 0.104729 -0.131344
v 0.061277 0.123136 -0.012383
v 0.064154 0.126529 -0.012349
v -0.063320 -0.143264 0.033798
v -0.061278 -0.141799 0.023430
v -0.064149 -0.145211 0.024426
v -0.060432 -0.139816 0.032991
v 0.061278 -0.141799 0.023430
v 0.063320 -0.143264 0.033798
v 0.064149 -0.145211 0.024426
v 0.060432 -0.139816 0.032991
v 0.064154 0.126529 -0.012349
v 0.060435 0.124800 -0.002751
v 0.061277 0.123136 -0.012383
v 0.063327 0.128167 -0.002901
v 0.059812 0.130418 0.016740
v 0.055708 0.126286 0.023941
v 0.056964 0.127008 0.016611
v 0.060435 0.124800 -0.002751
v 0.063327 0.128167 -0.002901
v -0.060435 0.124800 -0.002751
v -0.064154 0.126529 -0.012349
v -0.061277 0.123136 -0.012383
v -0.063327 0.128167 -0.002901
v 0.061278 -0.165826 -0.102073
v 0.064147 -0.169738 -0.093868
v 0.064147 -0.169175 -0.103361
v 0.061278 -0.161579 -0.108311
v 0.061278 -0.141799 0.023430
v 0.064149 -0.145211 0.024426
v -0.058186 -0.134822 0.062090
v -0.056977 -0.135794 0.052389
v -0.059825 -0.139224 0.053333
v -0.060432 -0.139816 0.032991
v -0.055723 -0.132408 0.059105
v -0.054791 -0.126002 0.063441
v -0.057106 -0.127387 0.067125
v 0.058186 -0.134822 0.062090
v 0.054791 -0.126002 0.063441
v 0.057106 -0.127387 0.067125
v 0.055723 -0.132408 0.059105
v 0.056977 -0.135794 0.052389
v 0.059825 -0.139224 0.053333
v 0.060432 -0.139816 0.032991
v 0.061278 -0.141799 0.023430
v 0.064147 -0.169738 -0.093868
v 0.061278 -0.166271 -0.094585
v 0.061278 -0.165826 -0.102073
v -0.064147 -0.169738 -0.093868
v -0.061278 -0.141799 0.023430
v -0.061278 -0.166271 -0.094585
v -0.061278 -0.165826 -0.102073
v 0.054100 0.511783 -0.252664
v 0.054100 0.442843 -0.013137
v 0.054100 0.511783 -0.013137
v -0.032293 -0.259802 0.158349
v 0.000000 -0.262483 0.161996
v 0.000000 -0.259802 0.158349
v 0.032293 -0.259802 0.158349
v -0.032651 -0.262479 0.162012
v -0.038031 -0.260135 0.156940
v -0.039400 -0.262867 0.160395
v 0.032651 -0.262479 0.162012
v 0.038031 -0.260135 0.156940
v 0.039400 -0.262867 0.160395
v -0.045138 -0.263992 0.155703
v -0.039400 -0.262867 0.160395
v -0.038031 -0.260135 0.156940
v 0.038031 -0.260135 0.156940
v 0.039400 -0.262867 0.160395
v 0.045138 -0.263992 0.155703
v -0.064144 -0.324272 -0.110128
v -0.061277 -0.315329 -0.108693
v -0.061277 -0.321846 -0.112738
v -0.064144 -0.328873 -0.118675
v -0.061277 -0.325429 -0.119399
v -0.045138 -0.263992 0.155703
v -0.038031 -0.260135 0.156940
v -0.042737 -0.261044 0.153091
v -0.047935 -0.265474 0.149519
v 0.038031 -0.260135 0.156940
v 0.045138 -0.263992 0.155703
v 0.042737 -0.261044 0.153091
v 0.047935 -0.265474 0.149519
v 0.061277 0.473359 -0.224929
v 0.061277 0.511783 -0.224929
v 0.054895 0.534066 -0.220598
v 0.054895 0.387395 -0.220598
v 0.061277 0.387395 -0.224929
v 0.061277 0.387395 -0.224929
v 0.061277 0.379357 -0.220598
v -0.054895 0.534066 -0.220598
v -0.061277 0.511783 -0.224929
v -0.061277 0.473359 -0.224929
v -0.054895 0.387395 -0.220598
v -0.061277 0.387395 -0.224929
v -0.061277 0.387395 -0.224929
v -0.061277 0.379357 -0.220598
v 0.057689 -0.339706 -0.179917
v 0.060316 -0.339085 -0.177360
v 0.061254 -0.344052 -0.181981
v 0.037204 -0.343620 -0.195989
v -0.064149 -0.302096 -0.084860
v -0.061277 -0.308031 -0.077824
v -0.061277 -0.301369 -0.081374
v -0.061277 -0.260254 -0.090573
v -0.064149 -0.310592 -0.080335
v -0.064149 -0.315401 -0.072588
v -0.061277 -0.312061 -0.071331
v -0.064149 -0.315691 -0.062769
v -0.061277 -0.312288 -0.063785
v -0.061277 -0.284658 0.053150
v -0.064151 -0.288007 0.054347
v 0.061277 -0.338249 -0.173695
v 0.064144 -0.328873 -0.118675
v 0.064162 -0.342601 -0.176729
v 0.060316 -0.339085 -0.177360
v 0.061254 -0.344052 -0.181981
v 0.061277 -0.325429 -0.119399
v 0.061277 -0.321846 -0.112738
v 0.064144 -0.324272 -0.110128
v 0.061277 -0.315329 -0.108693
v 0.037204 -0.343620 -0.195989
v 0.037567 -0.347774 -0.197755
v 0.030670 -0.344166 -0.198233
v 0.030604 -0.348267 -0.199856
v 0.000000 -0.344166 -0.198233
v 0.000000 -0.348259 -0.199822
v -0.030604 -0.348267 -0.199856
v -0.030670 -0.344166 -0.198233
v -0.037567 -0.347774 -0.197755
v -0.037204 -0.343620 -0.195989
v -0.061254 -0.344052 -0.181981
v -0.057689 -0.339706 -0.179917
v -0.060316 -0.339085 -0.177360
v 0.059796 -0.281158 0.083344
v 0.055699 -0.274253 0.088683
v 0.058191 -0.276620 0.091709
v 0.054771 -0.267758 0.092632
v 0.060434 -0.282414 0.062650
v 0.063324 -0.285805 0.063663
v 0.054437 -0.260210 0.092834
v 0.056653 -0.259191 0.096688
v -0.049931 -0.268123 0.138351
v -0.048378 -0.264617 0.129466
v -0.051549 -0.267808 0.128701
v -0.047118 -0.264867 0.136912
v -0.045150 -0.262287 0.147833
v 0.045150 -0.262287 0.147833
v 0.049931 -0.268123 0.138351
v 0.047118 -0.264867 0.136912
v 0.048378 -0.264617 0.129466
v 0.051549 -0.267808 0.128701
v -0.060434 -0.282414 0.062650
v -0.059796 -0.281158 0.083344
v -0.056950 -0.277810 0.082133
v -0.063324 -0.285805 0.063663
v -0.055699 -0.274253 0.088683
v -0.058191 -0.276620 0.091709
v -0.054771 -0.267758 0.092632
v -0.056653 -0.259191 0.096688
v -0.054437 -0.260210 0.092834
v -0.047935 -0.265474 0.149519
v -0.042737 -0.261044 0.153091
v -0.045150 -0.262287 0.147833
v -0.049931 -0.268123 0.138351
v 0.042737 -0.261044 0.153091
v 0.047935 -0.265474 0.149519
v 0.045150 -0.262287 0.147833
v 0.049931 -0.268123 0.138351
v -0.041406 0.537751 -0.077534
v -0.049242 0.529916 -0.252664
v -0.035967 0.543190 -0.093897
v -0.035967 0.543190 -0.252664
v -0.030806 0.544573 -0.252664
v -0.030806 0.544573 -0.096197
v -0.046683 0.532475 -0.013137
v -0.054100 0.511783 -0.013137
v -0.054100 0.511783 -0.252664
v -0.038542 0.511783 0.076277
v -0.035990 0.525148 0.076277
v -0.054100 0.442843 -0.013137
v -0.054100 0.442843 -0.252664
v -0.038542 0.442843 0.076277
v 0.061277 -0.284658 0.053150
v 0.064149 -0.315691 -0.062769
v 0.061277 -0.312288 -0.063785
v 0.064151 -0.288007 0.054347
v 0.061277 -0.312061 -0.071331
v 0.061277 -0.308031 -0.077824
v 0.064149 -0.315401 -0.072588
v 0.064149 -0.310592 -0.080335
v 0.064149 -0.302096 -0.084860
v 0.061277 -0.301369 -0.081374
v 0.059796 -0.281158 0.083344
v 0.056950 -0.277810 0.082133
v 0.055699 -0.274253 0.088683
v 0.060434 -0.282414 0.062650
v 0.064151 -0.288007 0.054347
v 0.060434 -0.282414 0.062650
v 0.063324 -0.285805 0.063663
v 0.061277 -0.284658 0.053150
v -0.064151 -0.288007 0.054347
v -0.060434 -0.282414 0.062650
v -0.061277 -0.284658 0.053150
v -0.063324 -0.285805 0.063663
v 0.037792 0.082396 -0.249705
v 0.034344 0.081815 -0.253105
v 0.037205 0.079785 -0.264976
v 0.054101 0.082396 -0.249705
v 0.057689 0.082542 -0.248755
v -0.034344 0.080019 -0.263619
v -0.037205 0.079785 -0.264976
v -0.030670 0.079400 -0.267242
v -0.034344 0.081815 -0.253105
v -0.054101 0.082396 -0.249705
v -0.037792 0.082396 -0.249705
v -0.057689 0.082542 -0.248755
v -0.064144 -0.328873 -0.118675
v -0.061277 -0.338249 -0.173695
v -0.064162 -0.342601 -0.176729
v -0.061277 -0.325429 -0.119399
v 0.034344 0.080019 -0.263619
v 0.030670 0.079400 -0.267242
v 0.037205 0.079785 -0.264976
v 0.034344 0.081815 -0.253105
v -0.034344 0.081815 -0.253105
v -0.037792 0.082396 -0.249705
v -0.037205 0.079785 -0.264976
v 0.054101 -0.190735 -0.212897
v 0.057689 -0.190542 -0.211955
v 0.037199 -0.194036 -0.228183
v 0.030670 -0.194522 -0.230444
v 0.034344 -0.193746 -0.226848
v -0.030670 -0.194522 -0.230444
v -0.037199 -0.194036 -0.228183
v -0.034344 -0.193746 -0.226848
v -0.054101 -0.190735 -0.212897
v -0.037792 -0.190735 -0.212897
v -0.057689 -0.190542 -0.211955
v -0.037792 -0.190735 -0.212897
v -0.034344 -0.191464 -0.216272
v -0.037199 -0.194036 -0.228183
v -0.034344 -0.193746 -0.226848
v 0.037199 -0.194036 -0.228183
v 0.034344 -0.193746 -0.226848
v 0.034344 -0.191464 -0.216272
v 0.037792 -0.190735 -0.212897
v 0.054101 -0.190735 -0.212897
v 0.035990 0.525148 0.076277
v 0.038542 0.511783 0.076277
v 0.023129 0.510497 0.076277
v 0.038542 0.442843 0.076277
v 0.000000 0.442843 0.076277
v 0.000000 0.510497 0.076277
v -0.023129 0.510497 0.076277
v -0.038542 0.442843 0.076277
v -0.038542 0.511783 0.076277
v -0.035990 0.525148 0.076277
v 0.061277 -0.312061 -0.071331
v 0.064149 -0.315691 -0.062769
v 0.064149 -0.315401 -0.072588
v 0.049242 0.529916 -0.252664
v 0.046683 0.532475 -0.013137
v 0.041406 0.537751 -0.077534
v 0.035967 0.543190 -0.093897
v 0.035967 0.543190 -0.252664
v 0.030806 0.544573 -0.096197
v 0.030806 0.544573 -0.252664
v 0.054100 0.511783 -0.013137
v 0.054100 0.511783 -0.252664
v 0.038542 0.511783 0.076277
v 0.035990 0.525148 0.076277
v 0.054100 0.442843 -0.013137
v 0.054100 0.442843 -0.252664
v 0.038542 0.442843 0.076277
v 0.050874 0.442843 -0.255839
v 0.054100 0.511783 -0.252664
v 0.050871 0.511783 -0.255839
v -0.057853 0.245724 0.078742
v -0.060440 0.246420 0.072132
v -0.045816 0.238951 0.076909
v -0.053138 0.243638 0.082310
v -0.041310 0.237869 0.082843
v -0.044291 0.238951 0.080335
v -0.050874 0.442843 -0.255839
v -0.054100 0.511783 -0.252664
v -0.054100 0.442843 -0.252664
v -0.050871 0.511783 -0.255839
v -0.046471 0.528196 -0.255839
v -0.049242 0.529916 -0.252664
v 0.050871 0.511783 -0.255839
v 0.030806 0.525952 -0.255839
v 0.014322 0.483216 -0.255839
v 0.050874 0.442843 -0.255839
v 0.034324 0.540344 -0.255839
v 0.030806 0.541286 -0.255839
v 0.046471 0.528196 -0.255839
v -0.046471 0.528196 -0.255839
v -0.050871 0.511783 -0.255839
v -0.030806 0.525952 -0.255839
v 0.000000 0.442843 -0.255839
v 0.000000 0.483216 -0.255839
v -0.014322 0.483216 -0.255839
v -0.050874 0.442843 -0.255839
v 0.014322 0.483216 -0.255839
v 0.000000 0.483216 -0.255839
v 0.000000 0.442843 -0.255839
v 0.050874 0.442843 -0.255839
v -0.030806 0.525952 -0.255839
v -0.030806 0.541286 -0.255839
v -0.034324 0.540344 -0.255839
v -0.046471 0.528196 -0.255839
v -0.014322 0.483216 -0.255839
v -0.050871 0.511783 -0.255839
v -0.050874 0.442843 -0.255839
v 0.030806 0.525952 -0.255839
v 0.050871 0.511783 -0.255839
v 0.046471 0.528196 -0.255839
v 0.041310 0.237869 0.082843
v 0.044291 0.238951 0.080335
v 0.053138 0.243638 0.082310
v 0.057853 0.245724 0.078742
v 0.045816 0.238951 0.076909
v 0.060440 0.246420 0.072132
v 0.052139 0.241502 0.040369
v 0.060452 0.246420 0.040369
v 0.060441 0.246420 -0.007593
v -0.052139 0.241502 0.040369
v -0.060452 0.246420 0.040369
v -0.060441 0.246420 -0.007593
v -0.060440 0.246420 0.072132
v -0.052139 0.241502 0.040369
v -0.045816 0.238951 0.076909
v -0.060452 0.246420 0.040369
v -0.044291 0.238951 0.080335
v -0.053138 0.243638 0.082310
v 0.052139 0.241502 0.040369
v 0.060440 0.246420 0.072132
v 0.045816 0.238951 0.076909
v 0.053138 0.243638 0.082310
v 0.044291 0.238951 0.080335
v 0.054100 0.511783 -0.252664
v 0.046471 0.528196 -0.255839
v 0.050871 0.511783 -0.255839
v 0.049242 0.529916 -0.252664
v 0.050874 0.442843 -0.255839
v 0.054100 0.442843 -0.252664
v -0.034154 -0.472503 -0.166552
v -0.026769 -0.468575 -0.162353
v -0.026769 -0.472503 -0.166552
v -0.037667 -0.468567 -0.162325
v -0.038939 -0.472070 -0.165038
v -0.038939 -0.468210 -0.161074
v 0.034154 -0.472503 -0.166552
v 0.026769 -0.468575 -0.162353
v 0.037667 -0.468567 -0.162325
v 0.026769 -0.472503 -0.166552
v 0.038939 -0.472070 -0.165038
v 0.038939 -0.468210 -0.161074
v -0.038939 -0.480758 -0.142496
v -0.041765 -0.488523 -0.159363
v -0.041764 -0.483475 -0.141724
v -0.038939 -0.486062 -0.161034
v 0.038939 -0.480758 -0.142496
v 0.041765 -0.488523 -0.159363
v 0.038939 -0.486062 -0.161034
v 0.041764 -0.483475 -0.141724
v 0.037667 -0.446685 -0.168634
v 0.000000 -0.446685 -0.168634
v 0.000000 -0.443331 -0.164049
v 0.038939 -0.443331 -0.164049
v 0.038939 -0.445867 -0.167516
v 0.000000 -0.443331 -0.164049
v 0.000000 -0.446685 -0.168634
v -0.037667 -0.446685 -0.168634
v -0.038939 -0.443331 -0.164049
v -0.038939 -0.445867 -0.167516
v 0.030670 -0.344166 -0.198233
v 0.034344 -0.343295 -0.194658
v 0.037204 -0.343620 -0.195989
v 0.054101 -0.339933 -0.180852
v 0.057689 -0.339706 -0.179917
v 0.037204 -0.343620 -0.195989
v 0.037792 -0.339933 -0.180852
v 0.034344 -0.340750 -0.184207
v 0.034344 -0.343295 -0.194658
v -0.030670 -0.344166 -0.198233
v -0.037204 -0.343620 -0.195989
v -0.034344 -0.343295 -0.194658
v -0.054101 -0.339933 -0.180852
v -0.037792 -0.339933 -0.180852
v -0.057689 -0.339706 -0.179917
v -0.037792 -0.339933 -0.180852
v -0.034344 -0.340750 -0.184207
v -0.037204 -0.343620 -0.195989
v -0.034344 -0.343295 -0.194658
v 0.030670 -0.420779 -0.178107
v 0.000000 -0.422027 -0.182438
v 0.000000 -0.420779 -0.178107
v 0.031381 -0.422027 -0.182438
v 0.034344 -0.419761 -0.174577
v 0.038939 -0.419885 -0.175007
v 0.034344 -0.416785 -0.164256
v 0.038939 -0.415830 -0.160943
v 0.037506 -0.415830 -0.160943
v -0.030670 -0.420779 -0.178107
v 0.000000 -0.422027 -0.182438
v -0.031381 -0.422027 -0.182438
v 0.000000 -0.420779 -0.178107
v -0.034344 -0.419761 -0.174577
v -0.038939 -0.419885 -0.175007
v -0.034344 -0.416785 -0.164256
v -0.038939 -0.415830 -0.160943
v -0.037506 -0.415830 -0.160943
v -0.041310 0.457769 0.082843
v -0.053138 0.463539 0.082310
v -0.044291 0.458852 0.080335
v -0.057853 0.465625 0.078742
v -0.045816 0.458852 0.076909
v -0.060440 0.466321 0.072132
v -0.060452 0.466321 0.040369
v -0.052139 0.461403 0.040369
v 0.041310 0.457769 0.082843
v 0.044291 0.458852 0.080335
v 0.053138 0.463539 0.082310
v 0.057853 0.465625 0.078742
v 0.045816 0.458852 0.076909
v 0.060440 0.466321 0.072132
v 0.052139 0.461403 0.040369
v 0.060452 0.466321 0.040369
v 0.060441 0.466321 -0.007593
v -0.060440 0.466321 0.072132
v -0.052139 0.461403 0.040369
v -0.045816 0.458852 0.076909
v -0.060452 0.466321 0.040369
v -0.060441 0.466321 -0.007593
v -0.044291 0.458852 0.080335
v -0.053138 0.463539 0.082310
v 0.052139 0.461403 0.040369
v 0.060440 0.466321 0.072132
v 0.045816 0.458852 0.076909
v 0.053138 0.463539 0.082310
v 0.044291 0.458852 0.080335
v -0.061277 -0.426102 0.090787
v -0.061277 -0.427738 0.053053
v -0.068426 -0.427738 0.053053
v 0.061277 -0.426102 0.090787
v 0.068426 -0.427738 0.053053
v 0.061277 -0.427738 0.053053
v 0.057689 -0.483210 -0.140797
v 0.060316 -0.482487 -0.138272
v 0.061271 -0.484427 -0.145050
v 0.054101 -0.483474 -0.141721
v 0.068426 -0.479643 -0.128330
v 0.046694 -0.487930 -0.157290
v 0.041764 -0.483475 -0.141724
v 0.041765 -0.488523 -0.159363
v 0.061277 -0.481498 -0.134816
v 0.061277 -0.427738 0.053053
v 0.068426 -0.427738 0.053053
v -0.060316 -0.482487 -0.138272
v -0.057689 -0.483210 -0.140797
v -0.061271 -0.484427 -0.145050
v -0.054101 -0.483474 -0.141721
v -0.068426 -0.479643 -0.128330
v -0.046694 -0.487930 -0.157290
v -0.041764 -0.483475 -0.141724
v -0.041765 -0.488523 -0.159363
v -0.061277 -0.481498 -0.134816
v -0.061277 -0.427738 0.053053
v -0.068426 -0.427738 0.053053
v 0.034324 0.540344 -0.255839
v 0.049242 0.529916 -0.252664
v 0.035967 0.543190 -0.252664
v 0.046471 0.528196 -0.255839
v -0.030806 0.544573 -0.252664
v -0.034324 0.540344 -0.255839
v -0.030806 0.541286 -0.255839
v -0.049242 0.529916 -0.252664
v -0.046471 0.528196 -0.255839
v -0.035967 0.543190 -0.252664
v 0.034324 0.540344 -0.255839
v 0.030806 0.544573 -0.252664
v 0.030806 0.541286 -0.255839
v 0.035967 0.543190 -0.252664
v -0.030806 0.544573 -0.252664
v -0.035967 0.543190 -0.252664
v -0.034324 0.540344 -0.255839
v -0.035967 0.543190 -0.252664
v -0.030806 0.544573 -0.096197
v -0.035967 0.543190 -0.093897
v 0.035254 -0.382627 0.194116
v 0.000000 -0.387744 0.200153
v 0.035833 -0.387743 0.200156
v 0.043753 -0.383819 0.189960
v -0.035254 -0.382627 0.194116
v 0.000000 -0.382628 0.194113
v -0.043753 -0.383819 0.189960
v -0.035833 -0.387743 0.200156
v -0.035254 -0.382627 0.194116
v 0.000000 -0.387744 0.200153
v 0.035254 -0.382627 0.194116
v 0.000000 -0.382628 0.194113
v 0.035833 -0.424751 0.210718
v 0.045731 -0.390647 0.198321
v 0.035833 -0.387743 0.200156
v 0.045720 -0.425458 0.208255
v 0.000000 -0.387744 0.200153
v 0.000000 -0.424752 0.210715
v -0.045731 -0.390647 0.198321
v -0.035833 -0.424751 0.210718
v -0.035833 -0.387743 0.200156
v -0.045720 -0.425458 0.208255
v 0.000000 -0.424752 0.210715
v 0.000000 -0.387744 0.200153
v 0.035833 -0.387743 0.200156
v 0.035833 -0.424751 0.210718
v 0.062030 -0.478550 -0.140388
v 0.068141 -0.497684 -0.139597
v 0.062053 -0.498083 -0.143747
v -0.062030 -0.478550 -0.140388
v -0.062053 -0.498083 -0.143747
v -0.068141 -0.497684 -0.139597
v -0.047276 -0.513584 -0.154157
v -0.032321 -0.529741 -0.155405
v -0.047298 -0.528189 -0.149992
v -0.032310 -0.515051 -0.159590
v -0.024299 -0.529741 -0.155406
v -0.024309 -0.515050 -0.159592
v -0.068138 -0.508789 -0.136420
v -0.069476 -0.522806 -0.131218
v -0.075923 -0.518894 -0.117578
v 0.000000 -0.436043 0.197041
v -0.018995 -0.455881 0.195388
v -0.015326 -0.473627 0.193909
v -0.028114 -0.440434 0.196675
v -0.033714 -0.436044 0.197041
v 0.000000 -0.511010 0.190793
v -0.015347 -0.511010 0.190793
v 0.000000 -0.522165 0.189863
v -0.015185 -0.522627 0.189795
v 0.000000 -0.532161 0.189030
v -0.019087 -0.533450 0.188973
v 0.000000 -0.556669 0.186987
v -0.021495 -0.556565 0.187029
v -0.028619 -0.540896 0.186999
v -0.039785 -0.543445 0.182904
v 0.000000 -0.436043 0.197041
v 0.018995 -0.455881 0.195388
v 0.028114 -0.440434 0.196675
v 0.033714 -0.436044 0.197041
v 0.015326 -0.473627 0.193909
v 0.000000 -0.511010 0.190793
v 0.015347 -0.511010 0.190793
v 0.000000 -0.522165 0.189863
v 0.015185 -0.522627 0.189795
v 0.000000 -0.532161 0.189030
v 0.019087 -0.533450 0.188973
v 0.000000 -0.556669 0.186987
v 0.021495 -0.556565 0.187029
v 0.028619 -0.540896 0.186999
v 0.039785 -0.543445 0.182904
v 0.000000 -0.531224 -0.134881
v -0.025659 -0.554982 -0.128325
v -0.025659 -0.531226 -0.134881
v 0.000000 -0.554990 -0.128323
v 0.025659 -0.554982 -0.128325
v 0.000000 -0.531224 -0.134881
v 0.025659 -0.531226 -0.134881
v 0.000000 -0.554990 -0.128323
v 0.024277 -0.529517 -0.146236
v 0.000000 -0.533194 -0.141747
v 0.000000 -0.529516 -0.146298
v 0.024265 -0.533180 -0.141699
v 0.024287 -0.519943 -0.151138
v 0.000000 -0.519940 -0.151199
v 0.024292 -0.513319 -0.153047
v 0.000000 -0.513328 -0.153104
v -0.024292 -0.513319 -0.153047
v 0.000000 -0.519940 -0.151199
v -0.024287 -0.519943 -0.151138
v 0.000000 -0.513328 -0.153104
v 0.000000 -0.529516 -0.146298
v -0.024277 -0.529517 -0.146236
v 0.000000 -0.533194 -0.141747
v -0.024265 -0.533180 -0.141699
v 0.066274 -0.476487 -0.133191
v 0.068141 -0.497684 -0.139597
v 0.062030 -0.478550 -0.140388
v -0.068141 -0.497684 -0.139597
v -0.066274 -0.476487 -0.133191
v -0.062030 -0.478550 -0.140388
v 0.039808 -0.557727 0.182015
v 0.053034 -0.543116 0.168682
v 0.039785 -0.543445 0.182904
v 0.021495 -0.556565 0.187029
v -0.021169 -0.561813 0.182556
v -0.021495 -0.556565 0.187029
v -0.039808 -0.557727 0.182015
v 0.000000 -0.556669 0.186987
v -0.021169 -0.561813 0.182556
v 0.000000 -0.561813 0.182556
v -0.021495 -0.556565 0.187029
v 0.021169 -0.561813 0.182556
v 0.000000 -0.556669 0.186987
v 0.000000 -0.561813 0.182556
v 0.021495 -0.556565 0.187029
v 0.000000 -0.554990 -0.128323
v -0.024832 -0.560193 -0.123069
v -0.025659 -0.554982 -0.128325
v -0.037964 -0.556112 -0.123414
v 0.000000 -0.560193 -0.123069
v 0.037964 -0.556112 -0.123414
v 0.024832 -0.560193 -0.123069
v 0.025659 -0.554982 -0.128325
v 0.000000 -0.554990 -0.128323
v 0.000000 -0.560193 -0.123069
v -0.029670 -0.442354 0.194479
v -0.033714 -0.436044 0.197041
v -0.036948 -0.436642 0.194956
v -0.028114 -0.440434 0.196675
v -0.018995 -0.455881 0.195388
v -0.020916 -0.457160 0.193235
v -0.015326 -0.473627 0.193909
v -0.016807 -0.476906 0.191577
v -0.015347 -0.511010 0.190793
v -0.016807 -0.511020 0.188722
v -0.016799 -0.522174 0.187741
v -0.015185 -0.522627 0.189795
v -0.020877 -0.532076 0.187010
v -0.019087 -0.533450 0.188973
v -0.028619 -0.540896 0.186999
v -0.029525 -0.538525 0.184889
v -0.039785 -0.543445 0.182904
v -0.039605 -0.540940 0.180937
v 0.015185 -0.522627 0.189795
v 0.020877 -0.532076 0.187010
v 0.016799 -0.522174 0.187741
v 0.019087 -0.533450 0.188973
v 0.015347 -0.511010 0.190793
v 0.028619 -0.540896 0.186999
v 0.016807 -0.511020 0.188722
v 0.029525 -0.538525 0.184889
v 0.039785 -0.543445 0.182904
v 0.039605 -0.540940 0.180937
v 0.016807 -0.476906 0.191577
v 0.015326 -0.473627 0.193909
v 0.020916 -0.457160 0.193235
v 0.018995 -0.455881 0.195388
v 0.029670 -0.442354 0.194479
v 0.028114 -0.440434 0.196675
v 0.033714 -0.436044 0.197041
v 0.036948 -0.436642 0.194956
v 0.021169 -0.561813 0.182556
v 0.039808 -0.557727 0.182015
v 0.021495 -0.556565 0.187029
v 0.037582 -0.562860 0.178116
v 0.053034 -0.560892 0.168452
v 0.049352 -0.565664 0.166233
v 0.056836 -0.563558 0.157121
v 0.055853 -0.571213 0.142715
v 0.052770 -0.568034 0.156185
v 0.056737 -0.573285 0.133938
v 0.060153 -0.567258 0.141420
v 0.060932 -0.569080 0.133711
v -0.053034 -0.560892 0.168452
v -0.037582 -0.562860 0.178116
v -0.039808 -0.557727 0.182015
v -0.021169 -0.561813 0.182556
v -0.049352 -0.565664 0.166233
v -0.056836 -0.563558 0.157121
v -0.055853 -0.571213 0.142715
v -0.052770 -0.568034 0.156185
v -0.060153 -0.567258 0.141420
v -0.056737 -0.573285 0.133938
v -0.060932 -0.569080 0.133711
v -0.061978 -0.488681 -0.107067
v -0.061983 -0.470412 -0.112011
v 0.000000 -0.470446 -0.112128
v 0.000000 -0.500031 -0.104120
v 0.061978 -0.488681 -0.107067
v 0.068075 -0.488679 -0.107055
v 0.068072 -0.500012 -0.103988
v -0.068072 -0.500012 -0.103988
v -0.068075 -0.488679 -0.107055
v -0.061978 -0.488681 -0.107067
v 0.000000 -0.500031 -0.104120
v 0.068072 -0.500012 -0.103988
v 0.061978 -0.488681 -0.107067
v 0.000000 -0.470446 -0.112128
v 0.061983 -0.470412 -0.112011
v 0.052578 -0.559251 -0.109892
v 0.035652 -0.561207 -0.118751
v 0.037964 -0.556112 -0.123414
v 0.024832 -0.560193 -0.123069
v 0.049423 -0.564196 -0.106021
v 0.057875 -0.562137 -0.097491
v 0.053572 -0.566471 -0.096332
v 0.057875 -0.568881 -0.069053
v 0.057875 -0.562137 -0.097491
v 0.049423 -0.564196 -0.106021
v 0.052578 -0.559251 -0.109892
v -0.049352 -0.565664 0.166233
v -0.056836 -0.563558 0.157121
v -0.052770 -0.568034 0.156185
v -0.060153 -0.567258 0.141420
v -0.055853 -0.571213 0.142715
v 0.055853 -0.571213 0.142715
v 0.060153 -0.567258 0.141420
v 0.056836 -0.563558 0.157121
v 0.049352 -0.565664 0.166233
v 0.052770 -0.568034 0.156185
v 0.054312 -0.399723 0.193227
v 0.045720 -0.425458 0.208255
v 0.054285 -0.427493 0.201157
v 0.045731 -0.390647 0.198321
v 0.058193 -0.404503 0.185349
v 0.058158 -0.429940 0.192627
v 0.074927 -0.428728 0.100881
v 0.074891 -0.454163 0.108167
v -0.054312 -0.399723 0.193227
v -0.045720 -0.425458 0.208255
v -0.045731 -0.390647 0.198321
v -0.054285 -0.427493 0.201157
v -0.058193 -0.404503 0.185349
v -0.058158 -0.429940 0.192627
v -0.074927 -0.428728 0.100881
v -0.074891 -0.454163 0.108167
v 0.066251 -0.414142 0.084230
v 0.075937 -0.431920 0.089752
v 0.075960 -0.493461 -0.124871
v -0.075960 -0.493461 -0.124871
v -0.075937 -0.431920 0.089752
v -0.066251 -0.414142 0.084230
v -0.043753 -0.383819 0.189960
v -0.054312 -0.399723 0.193227
v -0.045731 -0.390647 0.198321
v -0.035833 -0.387743 0.200156
v -0.048870 -0.387382 0.177539
v -0.058193 -0.404503 0.185349
v -0.074927 -0.428728 0.100881
v -0.065319 -0.411193 0.094515
v -0.075937 -0.431920 0.089752
v -0.066251 -0.414142 0.084230
v -0.075960 -0.493461 -0.124871
v -0.066274 -0.476487 -0.133191
v -0.068141 -0.497684 -0.139597
v 0.058193 -0.404503 0.185349
v 0.048870 -0.387382 0.177539
v 0.054312 -0.399723 0.193227
v 0.074927 -0.428728 0.100881
v 0.043753 -0.383819 0.189960
v 0.045731 -0.390647 0.198321
v 0.035833 -0.387743 0.200156
v 0.065319 -0.411193 0.094515
v 0.075937 -0.431920 0.089752
v 0.066251 -0.414142 0.084230
v 0.075960 -0.493461 -0.124871
v 0.066274 -0.476487 -0.133191
v 0.068141 -0.497684 -0.139597
v 0.043481 -0.533295 -0.142098
v 0.032321 -0.529741 -0.155405
v 0.047298 -0.528189 -0.149992
v 0.030987 -0.534589 -0.146613
v 0.024299 -0.529741 -0.155406
v 0.024277 -0.534589 -0.146614
v -0.066274 -0.476487 -0.133191
v -0.066251 -0.414142 0.084230
v -0.061983 -0.470412 -0.112011
v 0.000000 -0.470446 -0.112128
v 0.000000 -0.382628 0.194113
v -0.065319 -0.411193 0.094515
v -0.048870 -0.387382 0.177539
v -0.035254 -0.382627 0.194116
v -0.043753 -0.383819 0.189960
v 0.035254 -0.382627 0.194116
v 0.048870 -0.387382 0.177539
v 0.000000 -0.382628 0.194113
v 0.043753 -0.383819 0.189960
v 0.065319 -0.411193 0.094515
v 0.066251 -0.414142 0.084230
v 0.000000 -0.470446 -0.112128
v 0.061983 -0.470412 -0.112011
v 0.066274 -0.476487 -0.133191
v -0.050388 -0.547023 -0.115078
v -0.053524 -0.540657 -0.112818
v -0.051610 -0.538498 -0.116314
v -0.053083 -0.546229 -0.112288
v -0.055157 -0.535555 -0.110586
v -0.052504 -0.526594 -0.118726
v -0.057836 -0.523494 -0.107921
v -0.057588 -0.532255 -0.106119
v -0.057875 -0.523470 -0.082018
v -0.057875 -0.510292 -0.050784
v -0.057875 -0.504071 -0.040183
v -0.057875 -0.522973 -0.076328
v -0.057875 -0.525387 -0.071152
v -0.057875 -0.523861 -0.057216
v -0.057875 -0.530065 -0.067876
v -0.057875 -0.538266 -0.057644
v -0.057875 -0.535755 -0.067378
v -0.057875 -0.540932 -0.069792
v -0.057875 -0.550197 -0.051347
v -0.057875 -0.544208 -0.074470
v -0.057875 -0.568881 -0.069053
v -0.057875 -0.561051 -0.038176
v -0.057875 -0.562137 -0.097491
v -0.057875 -0.552987 -0.098590
v -0.055905 -0.553360 -0.104166
v -0.052578 -0.559251 -0.109892
v -0.053942 -0.550861 -0.109145
v -0.049588 -0.552733 -0.114236
v -0.037964 -0.556112 -0.123414
v -0.037958 -0.552709 -0.124350
v -0.025659 -0.554982 -0.128325
v -0.037923 -0.529997 -0.130594
v -0.052504 -0.526594 -0.118726
v -0.025921 -0.531199 -0.134789
v -0.037923 -0.529997 -0.130594
v -0.025659 -0.531226 -0.134881
v 0.025659 -0.554982 -0.128325
v 0.025659 -0.531226 -0.134881
v 0.025921 -0.531199 -0.134789
v 0.037958 -0.552709 -0.124350
v 0.037923 -0.529997 -0.130594
v 0.037964 -0.556112 -0.123414
v 0.049588 -0.552733 -0.114236
v 0.052578 -0.559251 -0.109892
v 0.053942 -0.550861 -0.109145
v 0.055905 -0.553360 -0.104166
v 0.057875 -0.562137 -0.097491
v 0.053083 -0.546229 -0.112288
v 0.057875 -0.552987 -0.098590
v 0.057875 -0.544208 -0.074470
v 0.057875 -0.568881 -0.069053
v 0.057875 -0.550197 -0.051347
v 0.057875 -0.561051 -0.038176
v 0.057875 -0.540932 -0.069792
v 0.057875 -0.538266 -0.057644
v 0.057875 -0.535755 -0.067378
v 0.057875 -0.530065 -0.067876
v 0.057875 -0.523861 -0.057216
v 0.057875 -0.525387 -0.071152
v 0.057875 -0.510292 -0.050784
v 0.057875 -0.522973 -0.076328
v 0.057875 -0.523470 -0.082018
v 0.057836 -0.523494 -0.107921
v 0.057875 -0.504071 -0.040183
v 0.057588 -0.532255 -0.106119
v 0.055157 -0.535555 -0.110586
v 0.052504 -0.526594 -0.118726
v 0.051610 -0.538498 -0.116314
v 0.053524 -0.540657 -0.112818
v 0.037923 -0.529997 -0.130594
v 0.052504 -0.526594 -0.118726
v 0.050388 -0.547023 -0.115078
v -0.061983 -0.470412 -0.112011
v -0.062030 -0.478550 -0.140388
v -0.066274 -0.476487 -0.133191
v 0.066274 -0.476487 -0.133191
v 0.062030 -0.478550 -0.140388
v 0.061983 -0.470412 -0.112011
v 0.056737 -0.573285 0.133938
v 0.060789 -0.571841 0.118649
v 0.060932 -0.569080 0.133711
v 0.056537 -0.576047 0.118843
v 0.057110 -0.540200 -0.071233
v 0.000000 -0.536346 -0.072865
v 0.057110 -0.535640 -0.068887
v 0.000000 -0.532018 -0.073243
v 0.057110 -0.530689 -0.069244
v 0.000000 -0.540285 -0.074701
v 0.057110 -0.543144 -0.075654
v 0.000000 -0.542777 -0.078260
v 0.074891 -0.454163 0.108167
v 0.075937 -0.431920 0.089752
v 0.074927 -0.428728 0.100881
v 0.075900 -0.457354 0.097041
v -0.075937 -0.431920 0.089752
v -0.074891 -0.454163 0.108167
v -0.074927 -0.428728 0.100881
v -0.075900 -0.457354 0.097041
v -0.044917 -0.581244 -0.007059
v -0.044560 -0.578472 0.023712
v -0.049201 -0.577066 -0.006367
v -0.053587 -0.577430 -0.037483
v -0.040280 -0.582680 0.023509
v -0.040279 -0.582370 0.054106
v -0.044560 -0.578159 0.054156
v -0.057875 -0.573152 -0.037664
v -0.053584 -0.573386 -0.067207
v -0.057875 -0.568881 -0.069053
v -0.053572 -0.566471 -0.096332
v -0.057875 -0.562137 -0.097491
v -0.049423 -0.564196 -0.106021
v -0.052578 -0.559251 -0.109892
v -0.035652 -0.561207 -0.118751
v -0.037964 -0.556112 -0.123414
v -0.024832 -0.560193 -0.123069
v -0.053034 -0.543116 0.168682
v -0.054854 -0.541219 0.156319
v -0.056919 -0.543257 0.156392
v -0.051013 -0.541080 0.168536
v -0.039605 -0.540940 0.180937
v -0.039785 -0.543445 0.182904
v 0.053034 -0.543116 0.168682
v 0.039605 -0.540940 0.180937
v 0.039785 -0.543445 0.182904
v 0.051013 -0.541080 0.168536
v 0.054854 -0.541219 0.156319
v 0.056919 -0.543257 0.156392
v 0.032321 -0.529741 -0.155405
v 0.047276 -0.513584 -0.154157
v 0.047298 -0.528189 -0.149992
v 0.032310 -0.515051 -0.159590
v 0.024299 -0.529741 -0.155406
v 0.024309 -0.515050 -0.159592
v 0.068138 -0.508789 -0.136420
v 0.069476 -0.522806 -0.131218
v 0.075923 -0.518894 -0.117578
v 0.075960 -0.493461 -0.124871
v 0.068141 -0.497684 -0.139597
v 0.075900 -0.457354 0.097041
v 0.075937 -0.431920 0.089752
v 0.053034 -0.560892 0.168452
v 0.056919 -0.543257 0.156392
v 0.053034 -0.543116 0.168682
v 0.039808 -0.557727 0.182015
v 0.056836 -0.563558 0.157121
v 0.060153 -0.567258 0.141420
v 0.060580 -0.547764 0.132910
v 0.060932 -0.569080 0.133711
v 0.060740 -0.552662 0.117763
v 0.060789 -0.571841 0.118649
v 0.057807 -0.559133 0.101748
v -0.075960 -0.493461 -0.124871
v -0.075900 -0.457354 0.097041
v -0.075937 -0.431920 0.089752
v -0.075923 -0.518894 -0.117578
v -0.068138 -0.508789 -0.136420
v -0.068141 -0.497684 -0.139597
v -0.056537 -0.576047 0.118843
v -0.057321 -0.573860 0.103120
v -0.052948 -0.578014 0.103659
v -0.050746 -0.576254 0.084726
v -0.056737 -0.573285 0.133938
v -0.060789 -0.571841 0.118649
v -0.060932 -0.569080 0.133711
v 0.044560 -0.578159 0.054156
v 0.046460 -0.580471 0.084703
v 0.040279 -0.582370 0.054106
v 0.050746 -0.576254 0.084726
v 0.052948 -0.578014 0.103659
v 0.044560 -0.578472 0.023712
v 0.040280 -0.582680 0.023509
v 0.044917 -0.581244 -0.007059
v 0.056537 -0.576047 0.118843
v 0.057321 -0.573860 0.103120
v 0.060789 -0.571841 0.118649
v 0.053587 -0.577430 -0.037483
v 0.049201 -0.577066 -0.006367
v 0.057875 -0.573152 -0.037664
v 0.053584 -0.573386 -0.067207
v 0.057875 -0.568881 -0.069053
v 0.053572 -0.566471 -0.096332
v -0.037582 -0.562860 0.178116
v -0.049352 -0.565664 0.166233
v 0.000000 -0.573285 0.133938
v -0.052770 -0.568034 0.156185
v -0.055853 -0.571213 0.142715
v 0.000000 -0.561813 0.182556
v -0.021169 -0.561813 0.182556
v 0.021169 -0.561813 0.182556
v 0.000000 -0.561813 0.182556
v 0.000000 -0.573285 0.133938
v 0.049352 -0.565664 0.166233
v 0.037582 -0.562860 0.178116
v 0.052770 -0.568034 0.156185
v 0.055853 -0.571213 0.142715
v 0.056737 -0.573285 0.133938
v -0.056537 -0.576047 0.118843
v -0.060789 -0.571841 0.118649
v -0.057321 -0.573860 0.103120
v -0.053083 -0.546229 -0.112288
v -0.053618 -0.549603 -0.108102
v -0.052856 -0.545622 -0.110951
v -0.053942 -0.550861 -0.109145
v -0.053524 -0.540657 -0.112818
v -0.055361 -0.551685 -0.103500
v -0.053247 -0.540766 -0.111339
v -0.055905 -0.553360 -0.104166
v -0.055157 -0.535555 -0.110586
v -0.057875 -0.552987 -0.098590
v -0.057110 -0.551248 -0.098291
v -0.057875 -0.544208 -0.074470
v -0.054697 -0.536273 -0.109154
v -0.057588 -0.532255 -0.106119
v -0.056855 -0.533313 -0.104920
v -0.057110 -0.540200 -0.071233
v -0.057110 -0.543144 -0.075654
v -0.057875 -0.540932 -0.069792
v -0.057110 -0.535640 -0.068887
v -0.057875 -0.535755 -0.067378
v -0.057110 -0.530689 -0.069244
v -0.057875 -0.530065 -0.067876
v -0.024832 -0.560193 -0.123069
v 0.000000 -0.560193 -0.123069
v 0.000000 -0.566471 -0.096332
v 0.035652 -0.561207 -0.118751
v 0.049423 -0.564196 -0.106021
v 0.000000 -0.566471 -0.096332
v 0.024832 -0.560193 -0.123069
v 0.057110 -0.540200 -0.071233
v 0.057875 -0.544208 -0.074470
v 0.057110 -0.543144 -0.075654
v 0.057875 -0.540932 -0.069792
v 0.057110 -0.535640 -0.068887
v 0.057875 -0.535755 -0.067378
v 0.057110 -0.530689 -0.069244
v 0.057875 -0.530065 -0.067876
v 0.057110 -0.551248 -0.098291
v 0.057875 -0.552987 -0.098590
v 0.055361 -0.551685 -0.103500
v 0.055905 -0.553360 -0.104166
v 0.053942 -0.550861 -0.109145
v 0.053618 -0.549603 -0.108102
v 0.053083 -0.546229 -0.112288
v 0.052856 -0.545622 -0.110951
v 0.053524 -0.540657 -0.112818
v 0.053247 -0.540766 -0.111339
v 0.055157 -0.535555 -0.110586
v 0.054697 -0.536273 -0.109154
v 0.057588 -0.532255 -0.106119
v 0.056855 -0.533313 -0.104920
v 0.044560 -0.578472 0.023712
v 0.044917 -0.581244 -0.007059
v 0.049201 -0.577066 -0.006367
v 0.057875 -0.530065 -0.067876
v 0.057110 -0.526670 -0.072209
v 0.057875 -0.525387 -0.071152
v 0.057110 -0.530689 -0.069244
v 0.057875 -0.522973 -0.076328
v 0.057110 -0.524661 -0.076988
v 0.057875 -0.523470 -0.082018
v 0.057110 -0.525203 -0.082299
v -0.057875 -0.530065 -0.067876
v -0.057110 -0.526670 -0.072209
v -0.057110 -0.530689 -0.069244
v -0.057875 -0.525387 -0.071152
v -0.057875 -0.522973 -0.076328
v -0.057110 -0.524661 -0.076988
v -0.057875 -0.523470 -0.082018
v -0.057110 -0.525203 -0.082299
v -0.049201 -0.577066 -0.006367
v -0.057875 -0.573152 -0.037664
v -0.053587 -0.577430 -0.037483
v 0.000000 -0.576047 0.118835
v 0.052948 -0.578014 0.103659
v 0.056537 -0.576047 0.118843
v 0.000000 -0.577771 0.105531
v 0.000000 -0.573285 0.133938
v 0.056737 -0.573285 0.133938
v 0.037582 -0.562860 0.178116
v 0.021169 -0.561813 0.182556
v -0.044560 -0.578159 0.054156
v -0.046460 -0.580471 0.084703
v -0.050746 -0.576254 0.084726
v -0.052948 -0.578014 0.103659
v -0.040279 -0.582370 0.054106
v 0.000000 -0.577771 0.105531
v -0.052948 -0.578014 0.103659
v -0.046460 -0.580471 0.084703
v 0.050746 -0.576254 0.084726
v 0.057321 -0.573860 0.103120
v 0.052948 -0.578014 0.103659
v -0.057110 -0.535640 -0.068887
v 0.000000 -0.532018 -0.073243
v 0.000000 -0.536346 -0.072865
v -0.057110 -0.530689 -0.069244
v -0.057110 -0.540200 -0.071233
v 0.000000 -0.540285 -0.074701
v -0.057110 -0.543144 -0.075654
v 0.000000 -0.542777 -0.078260
v -0.057110 -0.551248 -0.098291
v 0.000000 -0.549455 -0.096607
v -0.055361 -0.551685 -0.103500
v 0.000000 -0.549833 -0.100935
v -0.053618 -0.549603 -0.108102
v 0.000000 -0.547997 -0.104873
v -0.052856 -0.545622 -0.110951
v 0.000000 -0.544437 -0.107365
v 0.000000 -0.540110 -0.107744
v -0.053247 -0.540766 -0.111339
v 0.000000 -0.536171 -0.105907
v -0.054697 -0.536273 -0.109154
v 0.000000 -0.533679 -0.102348
v -0.056855 -0.533313 -0.104920
v 0.000000 -0.527002 -0.084001
v -0.057110 -0.525203 -0.082299
v 0.000000 -0.526623 -0.079673
v -0.057110 -0.524661 -0.076988
v 0.000000 -0.528459 -0.075735
v -0.057110 -0.526670 -0.072209
v 0.000000 -0.532018 -0.073243
v -0.057110 -0.530689 -0.069244
v -0.044560 -0.578472 0.023712
v -0.049201 -0.566999 -0.004698
v -0.049201 -0.577066 -0.006367
v -0.044560 -0.568452 0.024196
v -0.044560 -0.578159 0.054156
v -0.057875 -0.573152 -0.037664
v -0.057875 -0.561051 -0.038176
v -0.057875 -0.568881 -0.069053
v -0.050746 -0.576254 0.084726
v -0.044560 -0.567647 0.054281
v -0.050746 -0.563774 0.084794
v -0.057321 -0.573860 0.103120
v -0.057807 -0.559133 0.101748
v -0.060789 -0.571841 0.118649
v -0.060740 -0.552662 0.117763
v -0.060932 -0.569080 0.133711
v -0.060580 -0.547764 0.132910
v -0.060153 -0.567258 0.141420
v -0.056919 -0.543257 0.156392
v -0.056836 -0.563558 0.157121
v -0.053034 -0.560892 0.168452
v -0.053034 -0.543116 0.168682
v -0.039808 -0.557727 0.182015
v -0.039785 -0.543445 0.182904
v -0.021495 -0.556565 0.187029
v 0.057875 -0.561051 -0.038176
v 0.057875 -0.573152 -0.037664
v 0.057875 -0.568881 -0.069053
v -0.057110 -0.551248 -0.098291
v -0.057875 -0.544208 -0.074470
v -0.057110 -0.543144 -0.075654
v 0.057110 -0.551248 -0.098291
v 0.057110 -0.543144 -0.075654
v 0.057875 -0.544208 -0.074470
v 0.000000 -0.500031 -0.104120
v 0.000000 -0.513328 -0.153104
v -0.024292 -0.513319 -0.153047
v -0.024309 -0.515050 -0.159592
v -0.032310 -0.515051 -0.159590
v -0.068072 -0.500012 -0.103988
v -0.068138 -0.508789 -0.136420
v 0.024292 -0.513319 -0.153047
v 0.068072 -0.500012 -0.103988
v 0.068138 -0.508789 -0.136420
v 0.047276 -0.513584 -0.154157
v 0.032310 -0.515051 -0.159590
v 0.024309 -0.515050 -0.159592
v 0.000000 -0.580471 0.084703
v -0.040279 -0.582370 0.054106
v 0.000000 -0.582370 0.054106
v 0.000000 -0.582680 0.023509
v -0.046460 -0.580471 0.084703
v 0.000000 -0.577771 0.105531
v -0.040280 -0.582680 0.023509
v 0.000000 -0.581244 -0.007059
v -0.044917 -0.581244 -0.007059
v 0.000000 -0.577430 -0.037483
v -0.053587 -0.577430 -0.037483
v -0.053584 -0.573386 -0.067207
v 0.000000 -0.573386 -0.067207
v -0.053572 -0.566471 -0.096332
v 0.000000 -0.566471 -0.096332
v -0.049423 -0.564196 -0.106021
v -0.035652 -0.561207 -0.118751
v -0.024832 -0.560193 -0.123069
v 0.000000 -0.576047 0.118835
v -0.052948 -0.578014 0.103659
v -0.056537 -0.576047 0.118843
v 0.000000 -0.573285 0.133938
v -0.056737 -0.573285 0.133938
v -0.055853 -0.571213 0.142715
v -0.021169 -0.561813 0.182556
v -0.037582 -0.562860 0.178116
v 0.000000 -0.566471 -0.096332
v 0.053572 -0.566471 -0.096332
v 0.049423 -0.564196 -0.106021
v 0.053584 -0.573386 -0.067207
v 0.000000 -0.560193 -0.123069
v 0.024832 -0.560193 -0.123069
v 0.000000 -0.577430 -0.037483
v 0.053587 -0.577430 -0.037483
v 0.044917 -0.581244 -0.007059
v 0.000000 -0.581244 -0.007059
v 0.040280 -0.582680 0.023509
v 0.000000 -0.582680 0.023509
v 0.040279 -0.582370 0.054106
v 0.000000 -0.582370 0.054106
v 0.000000 -0.580471 0.084703
v 0.046460 -0.580471 0.084703
v 0.000000 -0.577771 0.105531
v 0.052948 -0.578014 0.103659
v -0.032310 -0.515051 -0.159590
v -0.047276 -0.513584 -0.154157
v -0.024292 -0.513319 -0.153047
v -0.068138 -0.508789 -0.136420
v 0.049201 -0.566999 -0.004698
v 0.044560 -0.578472 0.023712
v 0.049201 -0.577066 -0.006367
v 0.057875 -0.573152 -0.037664
v 0.044560 -0.568452 0.024196
v 0.044560 -0.578159 0.054156
v 0.044560 -0.567647 0.054281
v 0.050746 -0.576254 0.084726
v 0.050746 -0.563774 0.084794
v 0.057807 -0.559133 0.101748
v 0.057321 -0.573860 0.103120
v 0.060789 -0.571841 0.118649
v -0.044560 -0.578159 0.054156
v -0.044560 -0.567647 0.054281
v -0.044560 -0.568452 0.024196
v 0.049201 -0.566999 -0.004698
v 0.044560 -0.568452 0.024196
v 0.044560 -0.578472 0.023712
v -0.060789 -0.571841 0.118649
v -0.057807 -0.559133 0.101748
v -0.057321 -0.573860 0.103120
v -0.057875 -0.573152 -0.037664
v -0.049201 -0.577066 -0.006367
v -0.049201 -0.566999 -0.004698
v 0.057110 -0.525203 -0.082299
v 0.057588 -0.532255 -0.106119
v 0.057875 -0.523470 -0.082018
v 0.056855 -0.533313 -0.104920
v -0.057110 -0.525203 -0.082299
v -0.057588 -0.532255 -0.106119
v -0.056855 -0.533313 -0.104920
v -0.057875 -0.523470 -0.082018
v -0.051282 -0.437319 0.192595
v -0.074891 -0.454163 0.108167
v -0.067803 -0.461235 0.109204
v -0.058158 -0.429940 0.192627
v -0.048360 -0.435474 0.199029
v -0.054285 -0.427493 0.201157
v 0.050746 -0.563774 0.084794
v 0.057321 -0.573860 0.103120
v 0.050746 -0.576254 0.084726
v -0.075900 -0.457354 0.097041
v -0.067803 -0.461235 0.109204
v -0.074891 -0.454163 0.108167
v -0.068778 -0.525286 -0.114169
v -0.075923 -0.518894 -0.117578
v -0.069476 -0.522806 -0.131218
v -0.063645 -0.528400 -0.125028
v -0.047298 -0.528189 -0.149992
v -0.043481 -0.533295 -0.142098
v -0.032321 -0.529741 -0.155405
v -0.030987 -0.534589 -0.146613
v -0.024299 -0.529741 -0.155406
v -0.024277 -0.534589 -0.146614
v 0.016666 -0.522236 0.153471
v 0.020441 -0.531487 0.163142
v 0.020350 -0.534404 0.138254
v 0.016799 -0.522174 0.187741
v 0.016807 -0.511204 0.153456
v 0.016807 -0.511020 0.188722
v 0.020877 -0.532076 0.187010
v 0.029525 -0.538525 0.184889
v 0.027728 -0.537798 0.158816
v 0.039605 -0.540940 0.180937
v 0.037239 -0.541219 0.156322
v 0.028256 -0.541709 0.134674
v 0.038774 -0.545403 0.132615
v 0.016807 -0.476906 0.191577
v 0.016807 -0.511204 0.153456
v 0.016807 -0.488369 0.134259
v 0.016807 -0.512676 0.132075
v 0.020916 -0.473437 0.130338
v 0.016666 -0.522236 0.153471
v 0.020916 -0.457160 0.193235
v 0.017122 -0.526465 0.127556
v 0.029670 -0.442354 0.194479
v 0.020497 -0.538536 0.120626
v 0.029670 -0.462355 0.120774
v 0.036948 -0.436642 0.194956
v 0.035069 -0.460002 0.113496
v 0.028256 -0.541709 0.134674
v 0.030304 -0.548025 0.118649
v 0.027156 -0.549937 0.111986
v 0.038640 -0.550560 0.117674
v 0.034396 -0.555350 0.105819
v 0.075900 -0.457354 0.097041
v 0.068778 -0.525286 -0.114169
v 0.075923 -0.518894 -0.117578
v 0.063645 -0.528400 -0.125028
v 0.069476 -0.522806 -0.131218
v 0.074891 -0.454163 0.108167
v 0.067803 -0.461235 0.109204
v -0.058513 -0.545762 0.132470
v -0.056919 -0.543257 0.156392
v -0.054854 -0.541219 0.156319
v -0.060580 -0.547764 0.132910
v -0.028256 -0.541709 0.134674
v -0.020497 -0.538536 0.120626
v -0.030304 -0.548025 0.118649
v -0.038774 -0.545403 0.132615
v -0.020350 -0.534404 0.138254
v -0.038640 -0.550560 0.117674
v -0.027156 -0.549937 0.111986
v -0.034396 -0.555350 0.105819
v -0.017122 -0.526465 0.127556
v -0.016666 -0.522236 0.153471
v -0.016807 -0.512676 0.132075
v -0.016807 -0.511204 0.153456
v -0.016807 -0.488369 0.134259
v -0.016807 -0.476906 0.191577
v -0.016807 -0.511020 0.188722
v -0.020916 -0.473437 0.130338
v -0.020916 -0.457160 0.193235
v -0.029670 -0.442354 0.194479
v -0.029670 -0.462355 0.120774
v -0.036948 -0.436642 0.194956
v -0.035069 -0.460002 0.113496
v 0.000000 -0.542777 -0.078260
v 0.057110 -0.551248 -0.098291
v 0.000000 -0.549455 -0.096607
v 0.057110 -0.543144 -0.075654
v -0.057110 -0.551248 -0.098291
v -0.057110 -0.543144 -0.075654
v 0.000000 -0.542777 -0.078260
v -0.034906 -0.433501 0.205907
v 0.000000 -0.424752 0.210715
v -0.035833 -0.424751 0.210718
v 0.000000 -0.433501 0.205904
v 0.034906 -0.433501 0.205907
v 0.042275 -0.434027 0.204071
v 0.035833 -0.424751 0.210718
v 0.045720 -0.425458 0.208255
v 0.048360 -0.435474 0.199029
v 0.054285 -0.427493 0.201157
v 0.058158 -0.429940 0.192627
v 0.051282 -0.437319 0.192595
v 0.074891 -0.454163 0.108167
v 0.067803 -0.461235 0.109204
v 0.075900 -0.457354 0.097041
v 0.068755 -0.464247 0.098705
v 0.068778 -0.525286 -0.114169
v 0.063645 -0.528400 -0.125028
v 0.075923 -0.518894 -0.117578
v 0.047298 -0.528189 -0.149992
v 0.069476 -0.522806 -0.131218
v 0.043481 -0.533295 -0.142098
v 0.049201 -0.566999 -0.004698
v 0.055827 -0.558653 -0.037664
v 0.047116 -0.564658 -0.003623
v 0.044560 -0.568452 0.024196
v 0.042581 -0.566090 0.024298
v 0.044560 -0.567647 0.054281
v 0.042575 -0.565288 0.054306
v 0.050746 -0.563774 0.084794
v -0.045720 -0.425458 0.208255
v -0.042275 -0.434027 0.204071
v -0.035833 -0.424751 0.210718
v -0.034906 -0.433501 0.205907
v 0.000000 -0.433501 0.205904
v 0.000000 -0.424752 0.210715
v 0.034906 -0.433501 0.205907
v 0.035833 -0.424751 0.210718
v -0.075900 -0.457354 0.097041
v -0.068755 -0.464247 0.098705
v -0.068778 -0.525286 -0.114169
v -0.075923 -0.518894 -0.117578
v -0.063645 -0.528400 -0.125028
v -0.047298 -0.528189 -0.149992
v -0.043481 -0.533295 -0.142098
v -0.016799 -0.522174 0.187741
v -0.016807 -0.511204 0.153456
v -0.016666 -0.522236 0.153471
v -0.020441 -0.531487 0.163142
v -0.020877 -0.532076 0.187010
v -0.029525 -0.538525 0.184889
v -0.027728 -0.537798 0.158816
v -0.039605 -0.540940 0.180937
v -0.028256 -0.541709 0.134674
v -0.037239 -0.541219 0.156322
v -0.049201 -0.566999 -0.004698
v -0.055827 -0.558653 -0.037664
v -0.057875 -0.561051 -0.038176
v -0.055844 -0.549562 -0.048684
v -0.047116 -0.564658 -0.003623
v -0.044560 -0.568452 0.024196
v -0.042581 -0.566090 0.024298
v -0.044560 -0.567647 0.054281
v 0.060740 -0.552662 0.117763
v 0.055867 -0.556925 0.101921
v 0.058663 -0.550564 0.117667
v 0.057807 -0.559133 0.101748
v 0.060580 -0.547764 0.132910
v 0.058513 -0.545762 0.132470
v 0.056919 -0.543257 0.156392
v 0.054854 -0.541219 0.156319
v -0.049201 -0.566999 -0.004698
v -0.047116 -0.564658 -0.003623
v -0.055827 -0.558653 -0.037664
v -0.060580 -0.547764 0.132910
v -0.058663 -0.550564 0.117667
v -0.060740 -0.552662 0.117763
v -0.058513 -0.545762 0.132470
v -0.044560 -0.567647 0.054281
v -0.042575 -0.565288 0.054306
v -0.042581 -0.566090 0.024298
v -0.050746 -0.563774 0.084794
v 0.060580 -0.547764 0.132910
v 0.060740 -0.552662 0.117763
v 0.058663 -0.550564 0.117667
v -0.057875 -0.550197 -0.051347
v -0.055855 -0.537598 -0.055002
v -0.057875 -0.538266 -0.057644
v -0.057875 -0.523861 -0.057216
v -0.055844 -0.549562 -0.048684
v -0.057875 -0.561051 -0.038176
v -0.055861 -0.524153 -0.054604
v -0.057875 -0.510292 -0.050784
v -0.055862 -0.511352 -0.048536
v -0.057875 -0.504071 -0.040183
v 0.055844 -0.549562 -0.048684
v 0.057875 -0.561051 -0.038176
v 0.057875 -0.550197 -0.051347
v 0.055855 -0.537598 -0.055002
v 0.057875 -0.538266 -0.057644
v 0.057875 -0.523861 -0.057216
v 0.055861 -0.524153 -0.054604
v 0.057875 -0.510292 -0.050784
v 0.055862 -0.511352 -0.048536
v 0.057875 -0.504071 -0.040183
v -0.042575 -0.565288 0.054306
v -0.050746 -0.563774 0.084794
v -0.048947 -0.561256 0.085693
v 0.049201 -0.566999 -0.004698
v 0.057875 -0.561051 -0.038176
v 0.055827 -0.558653 -0.037664
v 0.055844 -0.549562 -0.048684
v 0.042575 -0.565288 0.054306
v 0.048947 -0.561256 0.085693
v 0.050746 -0.563774 0.084794
v -0.060740 -0.552662 0.117763
v -0.055867 -0.556925 0.101921
v -0.057807 -0.559133 0.101748
v -0.058663 -0.550564 0.117667
v -0.048947 -0.561256 0.085693
v -0.057807 -0.559133 0.101748
v -0.055867 -0.556925 0.101921
v -0.050746 -0.563774 0.084794
v 0.048947 -0.561256 0.085693
v 0.057807 -0.559133 0.101748
v 0.050746 -0.563774 0.084794
v 0.055867 -0.556925 0.101921
v 0.051013 -0.541080 0.168536
v 0.037239 -0.541219 0.156322
v 0.039605 -0.540940 0.180937
v 0.054854 -0.541219 0.156319
v 0.024287 -0.519943 -0.151138
v 0.024309 -0.515050 -0.159592
v 0.024299 -0.529741 -0.155406
v 0.024292 -0.513319 -0.153047
v 0.024277 -0.529517 -0.146236
v 0.024287 -0.519943 -0.151138
v 0.024299 -0.529741 -0.155406
v -0.024309 -0.515050 -0.159592
v -0.024287 -0.519943 -0.151138
v -0.024299 -0.529741 -0.155406
v -0.024292 -0.513319 -0.153047
v -0.024277 -0.529517 -0.146236
v -0.024299 -0.529741 -0.155406
v -0.024287 -0.519943 -0.151138
v 0.024277 -0.529517 -0.146236
v 0.024277 -0.534589 -0.146614
v 0.024265 -0.533180 -0.141699
v 0.024299 -0.529741 -0.155406
v -0.024277 -0.529517 -0.146236
v -0.024277 -0.534589 -0.146614
v -0.024299 -0.529741 -0.155406
v -0.024265 -0.533180 -0.141699
v 0.000000 -0.559372 0.012759
v -0.042581 -0.566090 0.024298
v 0.000000 -0.560641 0.024298
v -0.047116 -0.564658 -0.003623
v 0.000000 -0.553330 -0.021162
v 0.000000 -0.544237 -0.032177
v -0.055827 -0.558653 -0.037664
v -0.055844 -0.549562 -0.048684
v -0.042575 -0.565288 0.054306
v 0.000000 -0.559841 0.054306
v 0.000000 -0.555968 0.084806
v -0.048947 -0.561256 0.085693
v -0.028330 -0.557072 0.101556
v 0.000000 -0.527002 -0.084001
v 0.056855 -0.533313 -0.104920
v 0.057110 -0.525203 -0.082299
v 0.000000 -0.527002 -0.084001
v -0.057110 -0.525203 -0.082299
v -0.056855 -0.533313 -0.104920
v 0.055844 -0.549562 -0.048684
v 0.000000 -0.532273 -0.038491
v 0.000000 -0.544237 -0.032177
v 0.055855 -0.537598 -0.055002
v 0.055861 -0.524153 -0.054604
v 0.000000 -0.518828 -0.038092
v 0.055862 -0.511352 -0.048536
v 0.000000 -0.506025 -0.032024
v 0.057875 -0.504071 -0.040183
v 0.000000 -0.499623 -0.024679
v 0.000000 -0.553330 -0.021162
v 0.055827 -0.558653 -0.037664
v 0.047116 -0.564658 -0.003623
v 0.000000 -0.559372 0.012759
v 0.042581 -0.566090 0.024298
v 0.000000 -0.560641 0.024298
v 0.042575 -0.565288 0.054306
v 0.000000 -0.559841 0.054306
v -0.025659 -0.531226 -0.134881
v -0.025921 -0.531199 -0.134789
v -0.024265 -0.533180 -0.141699
v 0.000000 -0.531224 -0.134881
v 0.000000 -0.533194 -0.141747
v -0.037923 -0.529997 -0.130594
v -0.030987 -0.534589 -0.146613
v -0.043481 -0.533295 -0.142098
v -0.052504 -0.526594 -0.118726
v -0.063645 -0.528400 -0.125028
v -0.068778 -0.525286 -0.114169
v -0.057836 -0.523494 -0.107921
v -0.057875 -0.504071 -0.040183
v -0.068755 -0.464247 0.098705
v -0.030445 -0.461241 0.109174
v 0.000000 -0.499623 -0.024679
v 0.000000 -0.461775 0.107309
v -0.035069 -0.460002 0.113496
v -0.067803 -0.461235 0.109204
v -0.051282 -0.437319 0.192595
v -0.036948 -0.436642 0.194956
v -0.048360 -0.435474 0.199029
v -0.042275 -0.434027 0.204071
v -0.033714 -0.436044 0.197041
v -0.034906 -0.433501 0.205907
v 0.000000 -0.433501 0.205904
v 0.000000 -0.436043 0.197041
v 0.024265 -0.533180 -0.141699
v 0.025921 -0.531199 -0.134789
v 0.025659 -0.531226 -0.134881
v 0.000000 -0.531224 -0.134881
v 0.000000 -0.533194 -0.141747
v 0.037923 -0.529997 -0.130594
v 0.030987 -0.534589 -0.146613
v 0.043481 -0.533295 -0.142098
v 0.052504 -0.526594 -0.118726
v 0.063645 -0.528400 -0.125028
v 0.068778 -0.525286 -0.114169
v 0.057836 -0.523494 -0.107921
v 0.057875 -0.504071 -0.040183
v 0.068755 -0.464247 0.098705
v 0.030445 -0.461241 0.109174
v 0.000000 -0.499623 -0.024679
v 0.000000 -0.461775 0.107309
v 0.035069 -0.460002 0.113496
v 0.067803 -0.461235 0.109204
v 0.051282 -0.437319 0.192595
v 0.036948 -0.436642 0.194956
v 0.048360 -0.435474 0.199029
v 0.042275 -0.434027 0.204071
v 0.033714 -0.436044 0.197041
v 0.034906 -0.433501 0.205907
v 0.000000 -0.433501 0.205904
v 0.000000 -0.436043 0.197041
v 0.024265 -0.533180 -0.141699
v 0.030987 -0.534589 -0.146613
v 0.025921 -0.531199 -0.134789
v 0.024277 -0.534589 -0.146614
v -0.030987 -0.534589 -0.146613
v -0.024265 -0.533180 -0.141699
v -0.025921 -0.531199 -0.134789
v -0.024277 -0.534589 -0.146614
v 0.000000 -0.560641 0.024298
v -0.042581 -0.566090 0.024298
v -0.042575 -0.565288 0.054306
v -0.037239 -0.541219 0.156322
v -0.051013 -0.541080 0.168536
v -0.039605 -0.540940 0.180937
v -0.054854 -0.541219 0.156319
v -0.038774 -0.545403 0.132615
v -0.058513 -0.545762 0.132470
v -0.038640 -0.550560 0.117674
v -0.058663 -0.550564 0.117667
v 0.000000 -0.553330 -0.021162
v -0.055827 -0.558653 -0.037664
v -0.047116 -0.564658 -0.003623
v 0.000000 -0.555968 0.084806
v 0.042575 -0.565288 0.054306
v 0.000000 -0.559841 0.054306
v 0.048947 -0.561256 0.085693
v 0.028330 -0.557072 0.101556
v -0.054854 -0.541219 0.156319
v -0.037239 -0.541219 0.156322
v -0.038774 -0.545403 0.132615
v -0.028330 -0.557072 0.101556
v 0.000000 -0.552064 0.098000
v 0.000000 -0.555968 0.084806
v 0.000000 -0.555968 0.084806
v 0.000000 -0.552064 0.098000
v 0.028330 -0.557072 0.101556
v 0.034396 -0.555350 0.105819
v 0.055867 -0.556925 0.101921
v 0.048947 -0.561256 0.085693
v -0.034396 -0.555350 0.105819
v -0.048947 -0.561256 0.085693
v -0.055867 -0.556925 0.101921
v 0.055867 -0.556925 0.101921
v 0.038640 -0.550560 0.117674
v 0.058663 -0.550564 0.117667
v 0.034396 -0.555350 0.105819
v 0.058513 -0.545762 0.132470
v 0.038774 -0.545403 0.132615
v 0.038774 -0.545403 0.132615
v 0.054854 -0.541219 0.156319
v 0.037239 -0.541219 0.156322
v 0.000000 -0.544237 -0.032177
v 0.055827 -0.558653 -0.037664
v 0.055844 -0.549562 -0.048684
v 0.020916 -0.473437 0.130338
v 0.025149 -0.463555 0.116352
v 0.029670 -0.462355 0.120774
v 0.035069 -0.460002 0.113496
v 0.030445 -0.461241 0.109174
v 0.016443 -0.474579 0.125929
v 0.016807 -0.488369 0.134259
v 0.012373 -0.489259 0.129803
v 0.016807 -0.512676 0.132075
v 0.012390 -0.512981 0.127663
v 0.017122 -0.526465 0.127556
v 0.012675 -0.527213 0.122977
v 0.020497 -0.538536 0.120626
v 0.014562 -0.539208 0.117223
v 0.027156 -0.549937 0.111986
v 0.020761 -0.551088 0.107981
v 0.028330 -0.557072 0.101556
v 0.034396 -0.555350 0.105819
v 0.048947 -0.561256 0.085693
v -0.038640 -0.550560 0.117674
v -0.055867 -0.556925 0.101921
v -0.058663 -0.550564 0.117667
v -0.034396 -0.555350 0.105819
v -0.058513 -0.545762 0.132470
v -0.038774 -0.545403 0.132615
v 0.000000 -0.518828 -0.038092
v -0.055862 -0.511352 -0.048536
v -0.055861 -0.524153 -0.054604
v 0.000000 -0.506025 -0.032024
v -0.057875 -0.504071 -0.040183
v 0.000000 -0.499623 -0.024679
v 0.000000 -0.532273 -0.038491
v -0.055855 -0.537598 -0.055002
v -0.055844 -0.549562 -0.048684
v 0.000000 -0.544237 -0.032177
v 0.062030 -0.478550 -0.140388
v 0.061978 -0.488681 -0.107067
v 0.061983 -0.470412 -0.112011
v 0.062053 -0.498083 -0.143747
v -0.062030 -0.478550 -0.140388
v -0.061978 -0.488681 -0.107067
v -0.062053 -0.498083 -0.143747
v -0.061983 -0.470412 -0.112011
v 0.068138 -0.508789 -0.136420
v 0.068075 -0.488679 -0.107055
v 0.068141 -0.497684 -0.139597
v 0.068072 -0.500012 -0.103988
v -0.068138 -0.508789 -0.136420
v -0.068075 -0.488679 -0.107055
v -0.068072 -0.500012 -0.103988
v -0.068141 -0.497684 -0.139597
v 0.055361 -0.551685 -0.103500
v 0.000000 -0.549455 -0.096607
v 0.057110 -0.551248 -0.098291
v 0.000000 -0.549833 -0.100935
v 0.053618 -0.549603 -0.108102
v 0.000000 -0.547997 -0.104873
v 0.052856 -0.545622 -0.110951
v 0.000000 -0.544437 -0.107365
v 0.000000 -0.540110 -0.107744
v 0.053247 -0.540766 -0.111339
v 0.000000 -0.536171 -0.105907
v 0.054697 -0.536273 -0.109154
v 0.000000 -0.533679 -0.102348
v 0.056855 -0.533313 -0.104920
v 0.000000 -0.527002 -0.084001
v 0.000000 -0.526623 -0.079673
v 0.057110 -0.525203 -0.082299
v 0.057110 -0.524661 -0.076988
v 0.000000 -0.528459 -0.075735
v 0.057110 -0.526670 -0.072209
v 0.000000 -0.532018 -0.073243
v 0.057110 -0.530689 -0.069244
v -0.068141 -0.497684 -0.139597
v -0.061978 -0.488681 -0.107067
v -0.068075 -0.488679 -0.107055
v -0.062053 -0.498083 -0.143747
v 0.061978 -0.488681 -0.107067
v 0.068141 -0.497684 -0.139597
v 0.068075 -0.488679 -0.107055
v 0.062053 -0.498083 -0.143747
v 0.000000 -0.489517 0.127081
v -0.012390 -0.512981 0.127663
v -0.012373 -0.489259 0.129803
v 0.000000 -0.513238 0.124941
v 0.000000 -0.474836 0.123207
v -0.012675 -0.527213 0.122977
v -0.016443 -0.474579 0.125929
v 0.000000 -0.527471 0.120254
v 0.000000 -0.463813 0.113630
v -0.014562 -0.539208 0.117223
v -0.025149 -0.463555 0.116352
v 0.000000 -0.461775 0.107309
v -0.030445 -0.461241 0.109174
v 0.000000 -0.539465 0.114501
v 0.000000 -0.548164 0.105041
v -0.020761 -0.551088 0.107981
v 0.000000 -0.552064 0.098000
v -0.028330 -0.557072 0.101556
v -0.035069 -0.460002 0.113496
v -0.025149 -0.463555 0.116352
v -0.029670 -0.462355 0.120774
v -0.020916 -0.473437 0.130338
v -0.016443 -0.474579 0.125929
v -0.016807 -0.488369 0.134259
v -0.012373 -0.489259 0.129803
v -0.016807 -0.512676 0.132075
v -0.012390 -0.512981 0.127663
v -0.017122 -0.526465 0.127556
v -0.012675 -0.527213 0.122977
v -0.020497 -0.538536 0.120626
v -0.014562 -0.539208 0.117223
v -0.027156 -0.549937 0.111986
v -0.020761 -0.551088 0.107981
v -0.028330 -0.557072 0.101556
v -0.034396 -0.555350 0.105819
v -0.048947 -0.561256 0.085693
v 0.025149 -0.463555 0.116352
v 0.000000 -0.461775 0.107309
v 0.000000 -0.463813 0.113630
v 0.016443 -0.474579 0.125929
v 0.000000 -0.474836 0.123207
v 0.012373 -0.489259 0.129803
v 0.000000 -0.489517 0.127081
v 0.012390 -0.512981 0.127663
v 0.000000 -0.513238 0.124941
v 0.012675 -0.527213 0.122977
v 0.000000 -0.527471 0.120254
v 0.014562 -0.539208 0.117223
v 0.000000 -0.539465 0.114501
v 0.000000 -0.548164 0.105041
v 0.020761 -0.551088 0.107981
v 0.000000 -0.552064 0.098000
v 0.028330 -0.557072 0.101556
vn -0.0004 0.9967 0.0816
vn 0.0001 0.9967 0.0816
vn -0.0005 0.9938 0.1109
vn 0.0005 0.9967 0.0815
vn -0.0000 0.9967 0.0816
vn -0.0000 0.9967 0.0817
vn -0.0005 0.9967 0.0815
vn -0.0484 0.9744 0.2194
vn -0.0001 0.9967 0.0816
vn 0.0004 0.9967 0.0816
vn 0.0005 0.9938 0.1109
vn 0.0484 0.9744 0.2194
vn 0.6628 0.7279 0.1753
vn 0.6377 0.6979 0.3259
vn 0.2022 0.9244 0.3236
vn -0.6628 0.7280 0.1752
vn -0.2022 0.9244 0.3236
vn -0.6377 0.6979 0.3259
vn 0.0003 1.0000 0.0003
vn -0.0003 1.0000 0.0003
vn -0.0000 0.9990 -0.0452
vn 0.0003 0.9990 -0.0453
vn 0.0004 0.9990 -0.0454
vn 0.0005 1.0000 0.0005
vn 0.0102 0.8386 0.5447
vn -0.1079 0.8567 0.5045
vn 0.0221 0.8325 0.5535
vn -0.1011 0.8983 0.4276
vn -0.1012 0.8983 0.4276
vn -0.1080 0.8567 0.5044
vn -0.0102 0.8385 0.5447
vn 0.1079 0.8567 0.5045
vn 0.1011 0.8983 0.4276
vn -0.0221 0.8325 0.5535
vn 0.1012 0.8983 0.4276
vn 0.1080 0.8567 0.5044
vn 0.0005 0.9938 0.1110
vn -0.4615 0.8861 0.0435
vn -0.4773 0.8785 0.0201
vn -0.4761 0.8733 0.1031
vn -0.4519 0.8805 0.1431
vn -0.4323 0.8862 0.1666
vn -0.4392 0.8875 0.1390
vn 0.4761 0.8733 0.1029
vn 0.4773 0.8785 0.0201
vn 0.4615 0.8861 0.0435
vn 0.4519 0.8805 0.1431
vn 0.4323 0.8862 0.1666
vn 0.4392 0.8875 0.1390
vn -0.4881 0.8728 0.0073
vn -0.4773 0.8785 0.0200
vn -0.5092 0.8607 -0.0000
vn 0.5094 0.8605 0.0005
vn 0.5092 0.8607 -0.0000
vn 0.4881 0.8728 0.0073
vn 0.4773 0.8785 0.0200
vn 0.4519 0.8805 0.1432
vn 0.4615 0.8861 0.0436
vn 0.0002 1.0000 -0.0002
vn 0.0003 1.0000 -0.0003
vn -0.0003 1.0000 -0.0003
vn -0.4881 0.8727 0.0073
vn -0.0004 -0.9617 0.2742
vn 0.0004 -0.9617 0.2742
vn -0.0005 -0.9615 0.2750
vn 0.0005 -0.9614 0.2752
vn 0.0006 -0.9617 0.2741
vn 0.0006 -0.9614 0.2751
vn 0.0001 -0.9614 0.2752
vn -0.0000 -0.9614 0.2751
vn 0.0003 -0.9614 0.2751
vn 0.0002 -0.9614 0.2751
vn 0.0003 -0.9615 0.2749
vn 0.0005 -0.9614 0.2751
vn 0.0005 -0.9617 0.2741
vn 0.0004 -0.9614 0.2751
vn -0.0005 -0.9614 0.2751
vn 0.0001 -0.9614 0.2751
vn -0.0001 -0.9614 0.2752
vn -0.0002 -0.9614 0.2751
vn -0.0001 -0.9614 0.2751
vn -0.0000 -0.9614 0.2752
vn -0.0003 -0.9615 0.2749
vn -0.0003 -0.9615 0.2747
vn -0.0005 -0.9617 0.2741
vn -0.0002 -0.9614 0.2750
vn -0.0004 -0.9614 0.2751
vn 0.0001 -0.9615 0.2750
vn -0.0003 -0.9614 0.2750
vn -0.0000 -0.9615 0.2750
vn -0.0000 -0.9615 0.2749
vn 0.0002 -0.9614 0.2750
vn 0.0003 -0.9614 0.2750
vn 0.0007 -0.9614 0.2751
vn -0.0000 -0.9614 0.2750
vn 0.0008 -0.9613 0.2757
vn 0.0008 -0.9612 0.2757
vn 0.0006 -0.9612 0.2759
vn 0.0004 -0.9612 0.2760
vn -0.0008 -0.9612 0.2757
vn 0.0005 -0.9612 0.2760
vn -0.0004 -0.8755 -0.4833
vn -0.0006 -0.8755 -0.4832
vn -0.0003 -0.8754 -0.4834
vn 0.0003 -0.8754 -0.4834
vn 0.0006 -0.8755 -0.4832
vn -0.0000 -0.8753 -0.4835
vn 0.0004 -0.8754 -0.4833
vn 0.0003 -0.8754 -0.4833
vn 0.9308 0.3656 -0.0005
vn 0.7067 0.7075 0.0004
vn 0.7068 0.7074 -0.0004
vn -0.7068 0.7074 0.0004
vn -0.9572 0.2894 0.0005
vn -0.9308 0.3656 0.0005
vn -0.7019 0.6948 0.1568
vn -0.6628 0.7279 0.1754
vn -0.6378 0.6979 0.3259
vn -0.6717 0.7408 0.0004
vn 0.7020 0.6948 0.1568
vn 0.6628 0.7279 0.1754
vn 0.6717 0.7408 0.0004
vn 0.6378 0.6979 0.3259
vn -0.4527 -0.8056 -0.3822
vn -0.4033 -0.8650 -0.2986
vn -0.5857 -0.7952 -0.1568
vn -0.4167 -0.8001 -0.4314
vn -0.7518 -0.6506 0.1070
vn -0.7656 -0.6272 0.1431
vn -0.0816 -0.7602 -0.6445
vn -0.3971 -0.7247 -0.5632
vn 0.0005 -0.7576 -0.6527
vn -0.0259 -0.7574 -0.6524
vn 0.0259 -0.7574 -0.6524
vn 0.0007 -0.7572 -0.6532
vn 0.0816 -0.7602 -0.6445
vn 0.5857 -0.7952 -0.1568
vn 0.4032 -0.8650 -0.2986
vn 0.4527 -0.8056 -0.3822
vn 0.4167 -0.8001 -0.4314
vn 0.7518 -0.6506 0.1070
vn 0.7656 -0.6272 0.1431
vn 0.3971 -0.7247 -0.5632
vn 0.0818 -0.7602 -0.6445
vn 0.0259 -0.7574 -0.6525
vn -0.4168 -0.8001 -0.4314
vn -0.4527 -0.8055 -0.3824
vn -0.3971 -0.7247 -0.5631
vn -0.3970 -0.7247 -0.5632
vn -0.0259 -0.7574 -0.6525
vn 0.0005 -0.7571 -0.6533
vn 0.4527 -0.8055 -0.3824
vn 0.4168 -0.8001 -0.4314
vn 0.3971 -0.7247 -0.5631
vn -0.5093 0.5101 -0.6931
vn -0.6615 0.2648 -0.7016
vn -0.6616 0.2648 -0.7016
vn -0.6777 0.2307 -0.6982
vn -0.7088 0.0461 -0.7039
vn -0.2916 -0.4619 0.8376
vn -0.0533 -0.4377 0.8976
vn -0.3963 -0.4769 0.7846
vn -0.0161 -0.4335 0.9010
vn 0.0005 -0.4328 0.9015
vn 0.0003 -0.4315 0.9021
vn 0.0161 -0.4335 0.9010
vn 0.0533 -0.4377 0.8975
vn 0.2916 -0.4619 0.8376
vn 0.3963 -0.4769 0.7846
vn 0.0003 -0.9743 0.2252
vn 0.0001 -0.9744 0.2249
vn -0.0001 -0.9744 0.2249
vn -0.0002 -0.9743 0.2251
vn -0.0005 -0.9743 0.2253
vn -0.0004 -0.9743 0.2251
vn -0.0005 -0.9745 0.2242
vn -0.0027 -0.9751 0.2220
vn 0.0004 -0.9743 0.2252
vn 0.0005 -0.9746 0.2241
vn 0.0005 -0.9743 0.2253
vn 0.0005 -0.9743 0.2252
vn 0.0027 -0.9750 0.2220
vn -0.0004 -0.9743 0.2252
vn 0.0005 -0.0184 -0.9998
vn -0.0601 -0.0096 -0.9981
vn 0.0002 -0.0104 -0.9999
vn -0.0347 -0.0233 -0.9991
vn -0.0259 -0.0106 -0.9996
vn 0.0004 -0.0107 -0.9999
vn -0.0328 -0.0048 -0.9994
vn -0.4428 0.0265 -0.8962
vn -0.4614 0.2140 -0.8610
vn 0.0005 -0.0458 -0.9990
vn 0.0005 -0.0185 -0.9998
vn 0.0005 -0.0458 -0.9989
vn 0.0007 -0.0643 -0.9979
vn -0.0395 -0.0644 -0.9971
vn -0.0397 -0.0644 -0.9971
vn -0.5721 -0.0526 -0.8185
vn -0.4997 -0.0409 -0.8652
vn -0.7118 0.4994 -0.4939
vn -0.3227 0.3849 -0.8647
vn -0.4615 0.2141 -0.8609
vn -0.0367 0.0265 -0.9990
vn -0.4615 0.7376 -0.4930
vn -0.1549 0.5776 -0.8015
vn -0.2262 0.8441 -0.4861
vn -0.2585 0.9658 -0.0192
vn -0.4616 0.7377 -0.4928
vn -0.5605 0.8281 -0.0113
vn -0.0366 0.0265 -0.9990
vn 0.0005 0.0001 -1.0000
vn 0.0005 -0.0067 -1.0000
vn -0.0435 0.0548 -0.9976
vn -0.0317 0.1203 -0.9922
vn -0.5916 0.8062 -0.0005
vn -0.5606 0.8280 -0.0112
vn -0.8183 0.5747 -0.0005
vn -0.2587 0.9660 0.0003
vn -0.8669 0.4984 0.0073
vn -0.6483 0.7614 0.0005
vn -0.9200 0.3920 0.0005
vn -0.9946 0.1038 0.0034
vn -0.9867 0.1625 0.0024
vn -0.9654 0.2589 -0.0308
vn 0.3964 -0.4769 0.7845
vn 0.6069 -0.5223 0.5991
vn 0.6054 -0.5236 0.5995
vn 0.7349 -0.5692 0.3687
vn -0.7353 -0.5686 0.3689
vn -0.6069 -0.5223 0.5991
vn -0.6054 -0.5236 0.5995
vn -0.3964 -0.4769 0.7845
vn -0.4761 0.8733 0.1030
vn 0.5093 0.8606 0.0005
vn 0.5091 0.8607 -0.0000
vn 0.4881 0.8727 0.0073
vn -0.5091 0.8607 -0.0000
vn -0.5094 0.8605 0.0006
vn 0.7529 -0.5793 0.3122
vn 0.2917 -0.4619 0.8376
vn 0.7487 -0.5676 0.3424
vn 0.7498 -0.5685 0.3385
vn 0.7203 -0.4677 0.5123
vn -0.7488 -0.5675 0.3424
vn -0.7529 -0.5793 0.3122
vn -0.7498 -0.5685 0.3385
vn -0.7203 -0.4677 0.5123
vn -0.2917 -0.4619 0.8376
vn -0.0005 -0.0458 -0.9989
vn 0.0395 -0.0644 -0.9971
vn -0.0007 -0.0643 -0.9979
vn 0.0397 -0.0644 -0.9971
vn 0.4997 -0.0409 -0.8652
vn 0.5721 -0.0527 -0.8185
vn 0.0347 -0.0233 -0.9991
vn -0.0005 -0.0458 -0.9990
vn 0.0601 -0.0096 -0.9981
vn 0.0259 -0.0106 -0.9996
vn 0.0328 -0.0047 -0.9995
vn 0.4429 0.0265 -0.8962
vn 0.4615 0.2141 -0.8609
vn 0.8378 0.0939 -0.5378
vn 0.0366 0.0265 -0.9990
vn 0.0327 -0.0048 -0.9995
vn 0.0367 0.0265 -0.9990
vn 0.3228 0.3849 -0.8647
vn 0.7118 0.4994 -0.4939
vn 0.4616 0.7375 -0.4929
vn 0.9021 0.4309 -0.0230
vn 0.4615 0.7376 -0.4929
vn 0.1549 0.5776 -0.8015
vn 0.2262 0.8441 -0.4861
vn 0.9950 0.0892 -0.0454
vn 0.9944 0.1057 0.0025
vn 0.9021 0.4310 -0.0230
vn 0.5607 0.8280 -0.0112
vn 0.8183 0.5747 0.0005
vn 0.5916 0.8062 0.0005
vn 0.8669 0.4985 0.0073
vn -0.0005 -0.7599 -0.6501
vn 0.0249 -0.7601 -0.6493
vn 0.0796 -0.7639 -0.6404
vn -0.0005 -0.7580 -0.6522
vn 0.3904 -0.7289 -0.5624
vn 0.4068 -0.8048 -0.4323
vn 0.0797 -0.7639 -0.6404
vn -0.0249 -0.7601 -0.6493
vn -0.0005 -0.7598 -0.6501
vn -0.0796 -0.7639 -0.6404
vn -0.0005 -0.7581 -0.6522
vn -0.0797 -0.7639 -0.6404
vn -0.4068 -0.8048 -0.4323
vn -0.3904 -0.7289 -0.5624
vn 0.7080 -0.3869 0.5908
vn 0.6744 -0.1337 0.7262
vn 0.6736 -0.1308 0.7274
vn 0.7488 -0.5675 0.3424
vn -0.6744 -0.1337 0.7262
vn -0.7080 -0.3869 0.5908
vn -0.6737 -0.1308 0.7274
vn -0.7722 -0.6172 0.1510
vn -0.7674 -0.5988 0.2291
vn -0.7722 -0.6172 0.1509
vn -0.7670 -0.5955 0.2387
vn 0.7722 -0.6172 0.1510
vn 0.7674 -0.5988 0.2291
vn 0.7670 -0.5955 0.2387
vn 0.7722 -0.6172 0.1509
vn 0.7690 -0.6219 0.1479
vn 0.7656 -0.6272 0.1432
vn 0.7702 -0.6205 0.1471
vn 0.7721 -0.6185 0.1462
vn 0.7721 -0.6184 0.1461
vn -0.7702 -0.6205 0.1471
vn -0.7721 -0.6185 0.1462
vn -0.7695 -0.6213 0.1480
vn -0.7721 -0.6184 0.1461
vn -0.7656 -0.6272 0.1432
vn -0.7519 -0.6506 0.1070
vn -0.0005 0.5112 -0.8595
vn -0.0239 0.5305 -0.8473
vn 0.0005 0.5150 -0.8572
vn 0.0240 0.5305 -0.8473
vn 0.0650 0.5610 -0.8252
vn 0.2848 0.6997 -0.6552
vn -0.2848 0.6997 -0.6552
vn -0.0650 0.5611 -0.8252
vn -0.0005 0.5112 -0.8594
vn -0.7722 -0.6184 0.1461
vn 0.7722 -0.6184 0.1461
vn 0.0171 0.7054 0.7086
vn 0.0005 0.7044 0.7098
vn 0.0552 0.7083 0.7038
vn 0.3054 0.7107 0.6338
vn 0.4118 0.7085 0.5731
vn 0.0006 0.7035 0.7107
vn -0.0171 0.7054 0.7086
vn -0.0552 0.7083 0.7038
vn -0.3054 0.7107 0.6338
vn -0.4118 0.7085 0.5731
vn 0.7720 -0.6015 0.2055
vn 0.8078 -0.5892 0.0171
vn 0.7720 -0.6005 0.2085
vn 0.7670 -0.5955 0.2388
vn 0.8287 -0.5536 -0.0825
vn 0.8612 -0.4005 -0.3131
vn 0.8613 -0.3986 -0.3151
vn -0.8287 -0.5536 -0.0825
vn -0.8612 -0.4004 -0.3131
vn -0.8613 -0.3986 -0.3151
vn -0.8078 -0.5892 0.0171
vn -0.7720 -0.6015 0.2055
vn -0.7720 -0.6005 0.2085
vn -0.7670 -0.5955 0.2388
vn 0.3162 0.7068 -0.6329
vn 0.3337 0.7126 -0.6171
vn 0.3776 0.7075 -0.5974
vn 0.0650 0.5611 -0.8252
vn -0.3162 0.7068 -0.6329
vn -0.3337 0.7126 -0.6171
vn -0.3776 0.7075 -0.5974
vn 0.3444 -0.5130 0.7863
vn 0.0523 -0.4872 0.8717
vn 0.0152 -0.4836 0.8752
vn 0.3416 -0.5160 0.7855
vn -0.0005 -0.4837 0.8752
vn 0.0003 -0.4825 0.8759
vn -0.0152 -0.4836 0.8751
vn -0.0523 -0.4872 0.8717
vn -0.3444 -0.5130 0.7863
vn -0.3416 -0.5160 0.7855
vn 0.0004 -0.2773 -0.9608
vn 0.0005 -0.2773 -0.9608
vn 0.0006 -0.2774 -0.9608
vn -0.0000 -0.2751 -0.9614
vn -0.1021 -0.2735 -0.9564
vn -0.1745 -0.2706 -0.9467
vn -0.0003 -0.2752 -0.9614
vn -0.2545 -0.2784 -0.9261
vn 0.3123 -0.2617 -0.9132
vn 0.1745 -0.2706 -0.9467
vn 0.1022 -0.2735 -0.9564
vn -0.3123 -0.2617 -0.9132
vn -0.1022 -0.2735 -0.9564
vn -0.5849 0.6922 0.4228
vn -0.4119 0.7085 0.5730
vn -0.3055 0.7106 0.6338
vn 0.5850 0.6921 0.4228
vn 0.4119 0.7085 0.5730
vn 0.0005 -0.2764 -0.9610
vn -0.0004 -0.2763 -0.9611
vn -0.0005 -0.2764 -0.9610
vn -0.0024 -0.2774 -0.9608
vn 0.0005 -0.2765 -0.9610
vn 0.0003 -0.2756 -0.9613
vn 0.0024 -0.2774 -0.9608
vn 0.0004 -0.2763 -0.9611
vn 0.0004 -0.2756 -0.9613
vn -0.0005 -0.2765 -0.9610
vn 0.3445 -0.5130 0.7862
vn 0.5671 -0.5469 0.6159
vn 0.3418 -0.5160 0.7855
vn -0.3445 -0.5130 0.7862
vn -0.3418 -0.5160 0.7855
vn -0.5671 -0.5469 0.6159
vn -0.0000 -0.2606 -0.9654
vn 0.0003 -0.2606 -0.9654
vn 0.0007 -0.2606 -0.9654
vn -0.0003 -0.2606 -0.9654
vn -0.0007 -0.2606 -0.9654
vn -0.0000 -0.2770 -0.9609
vn 0.0005 -0.2774 -0.9608
vn 0.3338 0.7126 -0.6171
vn 0.5444 0.7111 -0.4449
vn 0.7225 0.6733 -0.1570
vn -0.5444 0.7111 -0.4449
vn -0.7225 0.6733 -0.1570
vn -0.3338 0.7126 -0.6171
vn -0.0006 -0.2757 -0.9612
vn 0.0004 -0.2755 -0.9613
vn -0.0006 -0.2757 -0.9613
vn 0.0005 -0.2755 -0.9613
vn 0.0006 -0.2757 -0.9612
vn 0.0006 -0.2757 -0.9613
vn 0.0005 -0.0039 -1.0000
vn -0.0000 -0.0052 -1.0000
vn 0.0004 -0.0048 -1.0000
vn -0.0005 -0.0039 -1.0000
vn -0.0000 -0.0041 -1.0000
vn -0.0000 -0.0051 -1.0000
vn 0.3931 0.3059 0.8671
vn 0.0289 0.1096 0.9936
vn 0.0181 0.4321 0.9016
vn -0.0288 0.1096 0.9936
vn -0.3931 0.3059 0.8671
vn -0.0181 0.4321 0.9016
vn 0.7695 -0.6291 0.1099
vn 0.5682 -0.8031 -0.1793
vn 0.7530 -0.6537 0.0757
vn 0.7731 -0.6269 0.0962
vn 0.4420 -0.8105 -0.3843
vn 0.3914 -0.8697 -0.3006
vn 0.4069 -0.8047 -0.4323
vn -0.5682 -0.8031 -0.1793
vn -0.4420 -0.8105 -0.3843
vn -0.3914 -0.8697 -0.3006
vn -0.4069 -0.8047 -0.4323
vn -0.7530 -0.6537 0.0757
vn -0.7695 -0.6291 0.1099
vn -0.7731 -0.6269 0.0962
vn -0.0007 -0.2324 -0.9726
vn 0.0308 -0.2325 -0.9721
vn -0.0005 -0.0038 -1.0000
vn -0.0004 -0.0048 -1.0000
vn 0.0003 -0.0049 -1.0000
vn 0.0003 -0.0039 -1.0000
vn 0.0004 -0.0039 -1.0000
vn 0.0005 -0.0135 -0.9999
vn 0.0005 -0.0194 -0.9998
vn 0.0005 -0.0136 -0.9999
vn 0.0005 -0.0448 -0.9990
vn -0.0000 -0.0657 -0.9978
vn 0.0005 0.0002 -1.0000
vn -0.0000 -0.0000 -1.0000
vn -0.4614 0.2139 -0.8610
vn -0.0327 -0.0047 -0.9995
vn 0.0005 -0.0106 -0.9999
vn -0.0435 0.0549 -0.9975
vn -0.0367 0.0266 -0.9990
vn -0.0318 0.1203 -0.9922
vn -0.1548 0.5775 -0.8016
vn -0.0484 -0.2605 -0.9642
vn -0.4990 -0.2306 -0.8353
vn -0.5000 -0.2256 -0.8361
vn -0.8237 -0.1483 -0.5473
vn -0.0533 -0.2694 -0.9615
vn -0.0015 -0.2657 -0.9641
vn 0.0006 -0.2607 -0.9654
vn -0.8596 -0.1377 -0.4921
vn 0.0005 -0.2159 -0.9764
vn 0.0004 -0.2167 -0.9762
vn 0.0006 -0.2166 -0.9763
vn 0.0005 -0.2139 -0.9769
vn 0.0003 -0.2130 -0.9770
vn 0.0503 -0.2724 -0.9609
vn 0.0014 -0.2734 -0.9619
vn 0.0532 -0.2694 -0.9616
vn 0.0015 -0.2657 -0.9641
vn 0.0005 -0.2735 -0.9619
vn -0.0532 -0.2694 -0.9616
vn -0.0015 -0.2734 -0.9619
vn -0.0503 -0.2724 -0.9609
vn -0.0004 -0.2733 -0.9619
vn -0.0000 -0.2131 -0.9770
vn 0.0005 -0.2158 -0.9764
vn 0.0005 -0.2137 -0.9769
vn 0.6398 -0.5609 0.5254
vn 0.7310 -0.5868 0.3482
vn 0.3446 -0.5130 0.7862
vn -0.3446 -0.5130 0.7862
vn -0.6398 -0.5609 0.5254
vn -0.7310 -0.5868 0.3482
vn 0.0884 -0.0819 -0.9927
vn 0.5386 -0.0722 -0.8395
vn 0.4851 -0.0742 -0.8713
vn -0.4852 -0.0741 -0.8713
vn -0.5386 -0.0721 -0.8395
vn -0.0885 -0.0819 -0.9927
vn 0.0005 -0.2607 -0.9654
vn 0.0004 -0.1747 -0.9846
vn -0.0308 -0.1747 -0.9841
vn -0.0962 -0.1737 -0.9801
vn 0.0007 -0.1758 -0.9844
vn -0.0269 -0.0849 -0.9960
vn 0.0005 -0.0849 -0.9964
vn 0.0005 -0.0888 -0.9960
vn -0.0884 -0.0819 -0.9927
vn -0.4852 -0.0741 -0.8712
vn -0.5993 -0.0692 -0.7976
vn -0.6814 -0.0624 -0.7293
vn 0.0269 -0.0839 -0.9961
vn 0.4852 -0.0741 -0.8713
vn 0.5386 -0.0721 -0.8395
vn 0.5993 -0.0692 -0.7976
vn 0.4852 -0.0741 -0.8712
vn 0.6814 -0.0624 -0.7293
vn -0.0004 -0.1572 -0.9876
vn 0.0005 -0.1533 -0.9882
vn 0.0003 -0.1571 -0.9876
vn -0.0000 -0.0996 -0.9950
vn 0.0005 -0.1083 -0.9941
vn 0.0003 -0.0995 -0.9950
vn -0.0004 -0.1142 -0.9935
vn 0.0004 -0.1142 -0.9935
vn -0.0003 -0.1494 -0.9888
vn 0.0005 -0.1532 -0.9882
vn -0.0000 -0.1533 -0.9882
vn 0.0004 -0.1572 -0.9876
vn 0.0005 -0.1494 -0.9888
vn 0.0003 -0.1494 -0.9888
vn 0.0484 -0.2608 -0.9642
vn 0.0533 -0.2694 -0.9615
vn 0.4990 -0.2306 -0.8353
vn 0.4999 -0.2256 -0.8362
vn 0.8237 -0.1483 -0.5473
vn 0.8596 -0.1377 -0.4921
vn 0.9996 -0.0077 -0.0288
vn 0.9996 -0.0077 -0.0269
vn 1.0000 0.0001 0.0005
vn 1.0000 0.0001 -0.0005
vn 0.0004 -0.1141 -0.9935
vn -0.5369 -0.1972 -0.8203
vn -0.6794 -0.1708 -0.7136
vn -0.6013 -0.1855 -0.7772
vn 0.0973 -0.1327 -0.9864
vn 0.5387 -0.1142 -0.8347
vn 0.4809 -0.1181 -0.8688
vn 0.6817 -0.1005 -0.7247
vn 0.6051 -0.1083 -0.7888
vn 0.0005 -0.1346 -0.9909
vn 0.0972 -0.1327 -0.9864
vn 0.0308 -0.1338 -0.9905
vn 0.0005 -0.1367 -0.9906
vn -0.0308 -0.1347 -0.9904
vn -0.4804 -0.1533 -0.8635
vn -0.0309 -0.1747 -0.9841
vn -0.5379 -0.1474 -0.8300
vn -0.6044 -0.1396 -0.7844
vn -0.7450 0.6555 0.1233
vn -0.6521 0.6850 0.3249
vn -0.5850 0.6922 0.4227
vn -0.7587 0.6480 0.0670
vn -0.7624 0.6439 0.0640
vn 0.7450 0.6555 0.1233
vn 0.6521 0.6850 0.3249
vn 0.7587 0.6480 0.0670
vn 0.7624 0.6439 0.0640
vn 0.5850 0.6922 0.4227
vn -0.6044 -0.1396 -0.7843
vn -0.6807 -0.1299 -0.7209
vn 0.5379 -0.1474 -0.8300
vn 0.6044 -0.1396 -0.7844
vn 0.4805 -0.1533 -0.8635
vn -0.4207 -0.1426 -0.8959
vn -0.0670 -0.1532 -0.9859
vn -0.0269 -0.1571 -0.9872
vn -0.0484 -0.1484 -0.9877
vn -0.0671 -0.1532 -0.9859
vn -0.5045 -0.1317 -0.8533
vn -0.5748 -0.1210 -0.8093
vn -0.8705 -0.0751 -0.4865
vn 0.5193 -0.0937 -0.8495
vn 0.8211 -0.0653 -0.5671
vn 0.4206 -0.1055 -0.9011
vn 0.8781 -0.0526 -0.4755
vn 0.9995 -0.0038 -0.0299
vn 1.0000 -0.0009 -0.0094
vn 0.0708 -0.1103 -0.9914
vn 0.0269 -0.1142 -0.9931
vn 0.0005 -0.1102 -0.9939
vn 0.0483 -0.1015 -0.9937
vn 0.0002 -0.1023 -0.9948
vn -0.6539 0.1437 0.7428
vn -0.6805 0.3665 0.6346
vn -0.6541 0.0744 0.7528
vn -0.6805 0.3665 0.6345
vn -0.6795 0.3685 0.6344
vn -0.7168 0.5640 0.4100
vn -0.7324 0.6128 0.2967
vn 0.6805 0.3665 0.6345
vn 0.7168 0.5640 0.4100
vn 0.6795 0.3685 0.6344
vn 0.7324 0.6128 0.2967
vn 0.6805 0.3665 0.6346
vn 0.6539 0.1437 0.7428
vn 0.6541 0.0744 0.7528
vn 0.5045 -0.1318 -0.8533
vn 0.8221 -0.0897 -0.5623
vn 0.4209 -0.1436 -0.8957
vn 0.8705 -0.0751 -0.4865
vn 0.0669 -0.1532 -0.9859
vn 0.8706 -0.0751 -0.4862
vn 0.9999 -0.0018 -0.0103
vn 0.9995 -0.0048 -0.0299
vn 0.0484 -0.1484 -0.9877
vn -0.0962 -0.2324 -0.9679
vn -0.4793 -0.2041 -0.8536
vn -0.0308 -0.2330 -0.9720
vn -0.0004 -0.2324 -0.9726
vn -0.0005 -0.2324 -0.9726
vn 0.0309 -0.2325 -0.9721
vn 0.0963 -0.2323 -0.9679
vn 0.4792 -0.2046 -0.8535
vn 0.5370 -0.1963 -0.8204
vn 0.6015 -0.1855 -0.7771
vn 0.6798 -0.1715 -0.7131
vn 0.9967 -0.0181 -0.0798
vn 0.9997 -0.0038 -0.0230
vn 1.0000 0.0011 0.0005
vn -0.7153 -0.1933 -0.6715
vn -0.7152 -0.1936 -0.6716
vn 0.7153 -0.1933 -0.6715
vn 0.7153 -0.1933 -0.6716
vn 0.7150 -0.1937 -0.6718
vn -0.7153 -0.1933 -0.6716
vn -0.7150 -0.1937 -0.6718
vn 0.7152 -0.1936 -0.6716
vn -0.7501 -0.5931 0.2927
vn -0.7448 -0.5840 0.3229
vn -0.7462 -0.5843 0.3191
vn -0.7159 -0.4925 0.4950
vn -0.7064 -0.4164 0.5724
vn -0.6805 -0.2345 0.6942
vn -0.7159 -0.4924 0.4950
vn -0.6679 -0.1270 0.7333
vn -0.6679 -0.1268 0.7334
vn -0.6596 0.1388 0.7387
vn -0.6591 0.1095 0.7441
vn 0.9991 0.0433 0.0015
vn 0.9572 0.2894 0.0005
vn 0.7068 0.7074 0.0004
vn 0.9987 0.0519 0.0005
vn 0.0005 -0.1103 -0.9939
vn 0.0268 -0.1142 -0.9931
vn 0.0005 -0.1142 -0.9935
vn 0.7070 -0.1843 -0.6827
vn 0.7071 -0.1843 -0.6827
vn 0.7071 -0.1848 -0.6826
vn -0.7070 -0.1843 -0.6827
vn -0.7071 -0.1843 -0.6827
vn -0.7071 -0.1848 -0.6826
vn -0.0230 0.1408 0.9898
vn -0.0000 0.1410 0.9900
vn 0.0004 0.1408 0.9900
vn 0.0230 0.1410 0.9897
vn -0.0718 0.1406 0.9875
vn -0.3913 0.1301 0.9110
vn -0.5292 0.1194 0.8401
vn 0.0718 0.1408 0.9874
vn 0.3913 0.1301 0.9110
vn 0.5292 0.1194 0.8401
vn 0.7501 -0.5931 0.2927
vn 0.7444 -0.5845 0.3228
vn 0.7448 -0.5840 0.3228
vn 0.7159 -0.4924 0.4950
vn 0.7064 -0.4164 0.5724
vn -0.7448 -0.5840 0.3228
vn 0.6558 0.1642 0.7369
vn 0.6744 -0.1336 0.7262
vn 0.6564 0.1673 0.7356
vn -0.7070 -0.0036 -0.7072
vn -0.7070 -0.0033 -0.7072
vn -0.7071 -0.0028 -0.7071
vn -0.7073 -0.0026 -0.7069
vn 0.7324 0.6129 0.2966
vn 0.7538 0.6460 0.1206
vn 0.7169 0.5640 0.4099
vn 0.7587 0.6480 0.0669
vn -0.7587 0.6480 0.0669
vn -0.7538 0.6460 0.1206
vn -0.7324 0.6129 0.2966
vn -0.7168 0.5641 0.4099
vn 0.0210 0.1494 0.9886
vn 0.0003 0.1596 0.9872
vn 0.0542 0.1583 0.9859
vn 0.3912 0.1379 0.9099
vn -0.0000 0.1494 0.9888
vn 0.4634 0.1418 0.8748
vn 0.0386 0.1702 0.9847
vn 0.5269 0.1447 0.8375
vn 0.0005 0.1702 0.9854
vn -0.0210 0.1497 0.9885
vn -0.0386 0.1704 0.9846
vn -0.0542 0.1583 0.9859
vn -0.3912 0.1379 0.9099
vn -0.4634 0.1418 0.8748
vn -0.5269 0.1447 0.8375
vn 0.0003 0.1839 0.9829
vn -0.0230 0.1827 0.9829
vn -0.0000 0.1841 0.9829
vn 0.0230 0.1839 0.9827
vn -0.0718 0.1828 0.9805
vn -0.4588 0.1634 0.8734
vn -0.4623 0.1632 0.8716
vn 0.0718 0.1833 0.9804
vn 0.4588 0.1634 0.8734
vn 0.4623 0.1632 0.8716
vn -0.0386 0.1109 0.9931
vn -0.0000 0.1063 0.9943
vn -0.0542 0.1056 0.9929
vn 0.0003 0.1107 0.9939
vn -0.4664 0.0939 0.8796
vn -0.5263 0.0940 0.8451
vn -0.3883 0.0939 0.9168
vn -0.0201 0.1018 0.9946
vn -0.0000 0.1016 0.9948
vn 0.0386 0.1105 0.9931
vn 0.0201 0.1016 0.9946
vn 0.0542 0.1056 0.9929
vn 0.3883 0.0939 0.9168
vn 0.4664 0.0939 0.8796
vn 0.5263 0.0940 0.8451
vn 0.5616 -0.0000 -0.8274
vn 0.5616 0.0148 -0.8273
vn 0.5612 0.0382 -0.8268
vn 0.5127 0.4074 -0.7558
vn 0.5615 0.0149 -0.8273
vn 0.5611 0.0382 -0.8268
vn -0.5616 -0.0000 -0.8274
vn -0.5615 0.0148 -0.8273
vn -0.5612 0.0382 -0.8268
vn -0.5127 0.4074 -0.7558
vn -0.5615 0.0149 -0.8273
vn -0.3893 0.0783 0.9178
vn -0.0708 0.0847 0.9939
vn -0.0230 0.0851 0.9961
vn -0.5259 0.0724 0.8474
vn 0.0003 0.0850 0.9964
vn 0.0230 0.0848 0.9961
vn 0.0708 0.0851 0.9939
vn 0.3893 0.0783 0.9178
vn 0.5259 0.0724 0.8474
vn 0.7069 -0.0080 -0.7073
vn 0.7080 0.0100 -0.7061
vn 0.7071 -0.0077 -0.7071
vn 0.7071 -0.0066 -0.7070
vn 0.7078 0.0461 -0.7049
vn 0.6616 0.2648 -0.7016
vn 0.6777 0.2308 -0.6982
vn 0.5094 0.5101 -0.6930
vn 0.5095 0.5100 -0.6930
vn -0.7216 -0.1826 -0.6678
vn -0.7070 -0.1844 -0.6828
vn -0.7067 -0.0321 -0.7068
vn -0.7070 -0.0146 -0.7070
vn -0.7071 -0.0096 -0.7071
vn -0.7071 -0.0319 -0.7064
vn -0.7068 -0.0469 -0.7059
vn -0.7070 -0.0145 -0.7070
vn -0.7070 -0.0029 -0.7072
vn 0.7069 -0.0320 -0.7066
vn 0.7070 -0.0146 -0.7070
vn 0.7071 -0.0319 -0.7064
vn 0.7071 -0.0096 -0.7071
vn 0.7067 -0.0467 -0.7060
vn 0.7064 -0.0470 -0.7063
vn 0.7070 -0.0029 -0.7072
vn 0.7070 -0.0145 -0.7070
vn 0.7070 -0.0033 -0.7072
vn 0.7070 -0.0036 -0.7072
vn 0.7216 -0.1826 -0.6678
vn 0.7370 -0.1803 -0.6514
vn 0.7070 -0.1844 -0.6828
vn -0.7071 -0.1533 -0.6903
vn -0.7072 -0.1525 -0.6904
vn -0.7076 -0.1533 -0.6898
vn -0.7071 -0.1523 -0.6905
vn -0.7067 -0.1501 -0.6914
vn -0.7068 -0.1503 -0.6913
vn -0.7071 -0.1535 -0.6903
vn -0.7071 -0.1524 -0.6905
vn 0.7071 -0.1521 -0.6906
vn 0.7067 -0.1501 -0.6914
vn 0.7075 -0.1533 -0.6898
vn 0.7076 -0.1533 -0.6898
vn 0.0249 -0.7432 -0.6686
vn -0.0005 -0.7434 -0.6688
vn 0.0005 -0.7397 -0.6729
vn 0.7071 -0.1523 -0.6905
vn 0.7068 -0.1503 -0.6913
vn -0.9358 0.3521 -0.0159
vn -0.9353 0.3538 0.0005
vn 0.0962 -0.1737 -0.9801
vn 0.4803 -0.1533 -0.8636
vn 0.0308 -0.1746 -0.9842
vn 0.5377 -0.1474 -0.8301
vn 0.0005 -0.1748 -0.9846
vn 0.0004 -0.1757 -0.9844
vn 0.6808 -0.1299 -0.7209
vn 0.6045 -0.1396 -0.7842
vn 0.9967 -0.0174 -0.0796
vn 0.9998 -0.0057 -0.0211
vn 1.0000 -0.0018 0.0015
vn 0.7752 -0.6242 0.0972
vn 0.7763 -0.6154 -0.1363
vn 0.7798 -0.5780 -0.2407
vn 0.7799 -0.4131 -0.4702
vn 0.7802 -0.4112 -0.4714
vn -0.7763 -0.6154 -0.1363
vn -0.7752 -0.6242 0.0972
vn -0.7798 -0.5780 -0.2407
vn -0.7799 -0.4131 -0.4702
vn -0.7802 -0.4112 -0.4714
vn -0.9359 0.3519 -0.0164
vn -0.9327 0.3598 0.0240
vn -0.9672 0.2514 0.0357
vn -0.9893 0.1459 -0.0000
vn -0.9359 0.3520 -0.0159
vn -0.7370 -0.1803 -0.6514
vn -0.7069 -0.0080 -0.7073
vn -0.7080 0.0099 -0.7061
vn -0.6616 0.2647 -0.7016
vn -0.7071 -0.0067 -0.7071
vn -0.7071 -0.0066 -0.7070
vn -0.5094 0.5100 -0.6931
vn -0.6777 0.2308 -0.6982
vn -0.0002 -0.9793 0.2025
vn -0.0001 -0.9793 0.2025
vn -0.0005 -0.9792 0.2028
vn -0.0001 -0.9793 0.2024
vn -0.0002 -0.9793 0.2024
vn -0.0004 -0.9792 0.2027
vn -0.0001 -0.9793 0.2026
vn -0.0005 -0.9792 0.2029
vn 0.0003 -0.9793 0.2024
vn 0.0004 -0.9792 0.2027
vn 0.0005 -0.9792 0.2028
vn -0.0000 -0.9793 0.2025
vn 0.4479 0.0969 0.8888
vn 0.0386 0.0685 0.9969
vn 0.5279 0.0587 0.8473
vn 0.0376 0.0680 0.9970
vn 0.0006 0.0686 0.9976
vn -0.0386 0.0682 0.9969
vn -0.0376 0.0685 0.9969
vn -0.4479 0.0969 0.8888
vn -0.5279 0.0587 0.8473
vn 0.0005 0.9821 -0.1881
vn 0.0089 0.9800 -0.1988
vn 0.0003 0.9822 -0.1876
vn 0.0006 0.9823 -0.1872
vn 0.0002 0.9823 -0.1871
vn 0.0004 0.9823 -0.1875
vn 0.0005 0.9822 -0.1878
vn -0.0004 0.9823 -0.1875
vn -0.0005 0.9822 -0.1878
vn -0.0005 0.9823 -0.1871
vn -0.0002 0.9823 -0.1871
vn -0.0003 0.9822 -0.1876
vn -0.0005 0.9821 -0.1881
vn -0.0089 0.9800 -0.1988
vn 0.9358 0.3521 -0.0159
vn 0.9358 0.3521 -0.0158
vn 0.9353 0.3538 0.0005
vn 0.9328 0.3597 0.0240
vn 0.9672 0.2514 0.0357
vn 0.4655 0.1819 0.8662
vn 0.0376 0.2121 0.9765
vn 0.5261 0.1799 0.8311
vn 0.0386 0.2024 0.9785
vn 0.3911 0.1828 0.9020
vn 0.0386 0.1981 0.9794
vn 0.0003 0.1983 0.9801
vn 0.0005 0.2071 0.9783
vn 0.0004 0.2121 0.9772
vn -0.0376 0.2122 0.9765
vn -0.0386 0.2024 0.9785
vn -0.0386 0.1984 0.9794
vn -0.3911 0.1828 0.9020
vn -0.4655 0.1819 0.8662
vn -0.5260 0.1809 0.8310
vn 0.0007 0.9824 -0.1870
vn -0.0004 0.9823 -0.1872
vn -0.0005 0.9822 -0.1881
vn -0.7069 -0.0468 -0.7058
vn -0.7067 -0.0321 -0.7067
vn -0.7064 -0.0470 -0.7063
vn -0.9080 -0.1140 -0.4031
vn -0.9996 -0.0077 -0.0270
vn -1.0000 -0.0008 -0.0055
vn -0.5006 -0.2363 -0.8328
vn -0.9996 -0.0077 -0.0269
vn -1.0000 0.0001 0.0005
vn -0.4991 -0.2306 -0.8353
vn -0.0534 -0.2694 -0.9615
vn -0.0505 -0.2724 -0.9609
vn -0.7071 -0.0751 -0.7032
vn -0.7068 -0.0702 -0.7039
vn 0.7068 -0.1092 -0.6989
vn 0.7070 -0.1110 -0.6984
vn 0.7069 -0.1074 -0.6991
vn 0.7070 -0.1058 -0.6992
vn 0.7069 -0.0801 -0.7028
vn 0.7069 -0.0780 -0.7030
vn 0.7071 -0.0754 -0.7031
vn 0.7068 -0.0702 -0.7039
vn -0.7070 -0.1110 -0.6984
vn -0.7069 -0.1089 -0.6989
vn -0.7069 -0.1075 -0.6991
vn -0.7072 -0.1057 -0.6991
vn -0.7070 -0.1053 -0.6993
vn -0.7071 -0.0756 -0.7031
vn -0.7069 -0.0702 -0.7039
vn -0.7069 -0.0780 -0.7030
vn -0.7069 -0.0801 -0.7028
vn -0.7068 -0.0800 -0.7029
vn 0.7068 -0.0799 -0.7029
vn -0.7071 -0.0126 -0.7071
vn -0.7071 -0.0072 -0.7071
vn -0.7070 -0.0165 -0.7070
vn -0.7071 -0.0322 -0.7064
vn -0.7072 -0.0330 -0.7063
vn -0.7065 -0.0458 -0.7062
vn 0.0220 0.0001 0.9998
vn -0.0005 0.0050 1.0000
vn 0.0230 0.0079 0.9997
vn 0.0005 0.0001 1.0000
vn -0.0220 0.0001 0.9998
vn 0.2212 0.0050 0.9752
vn 0.4194 0.0011 0.9078
vn 0.1392 0.0050 0.9903
vn 0.3249 0.0060 0.9457
vn 0.3922 0.0109 0.9198
vn 0.0220 0.0119 0.9997
vn -0.0004 0.0119 0.9999
vn 0.0288 0.1096 0.9936
vn 0.5300 0.0939 0.8428
vn -0.0230 0.0079 0.9997
vn -0.2212 0.0050 0.9752
vn -0.4194 0.0011 0.9078
vn -0.1392 0.0050 0.9903
vn -0.3249 0.0060 0.9457
vn -0.3922 0.0109 0.9198
vn -0.0220 0.0127 0.9997
vn -0.5300 0.0939 0.8428
vn -0.0005 0.2307 0.9730
vn 0.0004 0.4370 0.8995
vn -0.7075 -0.1533 -0.6899
vn -0.7072 -0.1514 -0.6906
vn -0.7075 -0.1533 -0.6898
vn 0.7071 -0.0322 -0.7064
vn 0.7070 -0.0165 -0.7070
vn 0.7072 -0.0332 -0.7062
vn 0.7064 -0.0458 -0.7064
vn 0.7071 -0.0126 -0.7071
vn 0.7071 -0.0072 -0.7071
vn 0.7071 -0.0067 -0.7071
vn 0.7071 -0.0075 -0.7071
vn 0.7071 -0.1053 -0.6993
vn 0.7071 -0.1518 -0.6906
vn 0.7075 -0.1533 -0.6899
vn 0.7072 -0.1513 -0.6906
vn 0.7068 -0.1504 -0.6913
vn 0.5445 0.7111 -0.4448
vn 0.7394 0.6628 -0.1178
vn 0.7225 0.6733 -0.1568
vn 0.7431 0.6596 -0.1128
vn 0.7635 0.6332 -0.1275
vn 0.8247 0.4875 -0.2866
vn 0.8416 0.3919 -0.3717
vn 0.8203 0.2981 -0.4881
vn 0.7866 0.2579 -0.5610
vn 0.7603 0.2179 -0.6119
vn -0.8248 0.4875 -0.2866
vn -0.7634 0.6332 -0.1275
vn -0.7431 0.6597 -0.1128
vn -0.7394 0.6628 -0.1178
vn -0.7225 0.6733 -0.1568
vn -0.5445 0.7111 -0.4448
vn -0.8416 0.3919 -0.3717
vn -0.8203 0.2981 -0.4881
vn -0.7866 0.2579 -0.5610
vn -0.7603 0.2179 -0.6119
vn -0.7072 -0.1512 -0.6906
vn -0.7071 -0.1501 -0.6909
vn -0.7068 -0.1503 -0.6912
vn -0.7072 -0.1513 -0.6906
vn 0.7072 -0.1514 -0.6906
vn 0.7068 -0.1503 -0.6912
vn 0.7360 0.2541 -0.6275
vn -0.7359 0.2544 -0.6275
vn 0.6679 -0.1269 0.7334
vn 0.6805 -0.2343 0.6943
vn 0.6591 0.1095 0.7441
vn 0.7673 -0.6026 0.2193
vn 0.7724 -0.6057 0.1910
vn -0.7724 -0.6057 0.1910
vn -0.7673 -0.6026 0.2193
vn -0.7479 0.0939 0.6571
vn -0.5293 0.1194 0.8400
vn 0.7488 0.6546 -0.1040
vn 0.7447 0.6672 -0.0161
vn 0.7474 0.6551 -0.1109
vn 0.7444 0.6678 0.0034
vn -0.7447 0.6672 -0.0161
vn -0.7488 0.6546 -0.1040
vn -0.7473 0.6551 -0.1109
vn -0.7444 0.6678 0.0034
vn 0.7479 0.0939 0.6571
vn 0.5293 0.1194 0.8400
vn -0.3846 0.4771 -0.7902
vn -0.0786 0.4767 -0.8755
vn -0.0249 0.4730 -0.8807
vn -0.0005 0.4730 -0.8810
vn -0.3991 0.5922 -0.7000
vn -0.4341 0.6144 -0.6589
vn 0.0786 0.4767 -0.8755
vn 0.0249 0.4730 -0.8807
vn -0.0005 0.4731 -0.8810
vn 0.0004 0.4749 -0.8800
vn 0.0787 0.4767 -0.8755
vn 0.3846 0.4771 -0.7902
vn 0.0250 0.4730 -0.8807
vn 0.3991 0.5922 -0.7000
vn 0.4342 0.6144 -0.6588
vn -0.7743 -0.6164 0.1432
vn -0.7753 -0.6164 0.1373
vn 0.0004 0.2435 0.9699
vn 0.0415 0.2431 0.9691
vn -0.0415 0.2435 0.9690
vn 0.0415 0.2435 0.9690
vn 0.3902 0.2238 0.8931
vn 0.5272 0.2063 0.8243
vn -0.0415 0.2431 0.9691
vn -0.3902 0.2238 0.8931
vn -0.5271 0.2073 0.8241
vn 0.7743 -0.6164 0.1432
vn 0.7753 -0.6164 0.1373
vn 0.7453 0.0568 0.6643
vn 0.5260 0.0724 0.8474
vn -0.7063 -0.0457 -0.7065
vn -0.7072 -0.0321 -0.7063
vn -0.7059 -0.0458 -0.7068
vn 0.7072 -0.0321 -0.7063
vn 0.7063 -0.0457 -0.7065
vn 0.7059 -0.0458 -0.7068
vn -0.7070 -0.1075 -0.6990
vn -0.7071 -0.1055 -0.6992
vn -0.7068 -0.1092 -0.6989
vn -0.7071 -0.1054 -0.6992
vn -0.7071 -0.1112 -0.6983
vn 0.7071 -0.1053 -0.6992
vn 0.7069 -0.1075 -0.6991
vn 0.7071 -0.1049 -0.6993
vn 0.7071 -0.1112 -0.6983
vn 0.7069 -0.0789 -0.7029
vn 0.7071 -0.0811 -0.7025
vn 0.7070 -0.0721 -0.7035
vn 0.7070 -0.0760 -0.7031
vn 0.7068 -0.0790 -0.7029
vn -0.7070 -0.0766 -0.7030
vn -0.7065 -0.0722 -0.7040
vn -0.7068 -0.0790 -0.7029
vn -0.7068 -0.0721 -0.7037
vn -0.7070 -0.0811 -0.7025
vn 0.7069 -0.0791 -0.7029
vn 0.7070 -0.0761 -0.7031
vn 0.7070 -0.0811 -0.7025
vn 0.7068 -0.0722 -0.7037
vn 0.0796 -0.7486 -0.6582
vn 0.3933 -0.7133 -0.5801
vn 0.4087 -0.7958 -0.4469
vn 0.4451 -0.8021 -0.3982
vn 0.3905 -0.8667 -0.3103
vn 0.4087 -0.7958 -0.4468
vn 0.5776 -0.7948 -0.1861
vn -0.0249 -0.7432 -0.6686
vn -0.0796 -0.7481 -0.6588
vn -0.7071 -0.0811 -0.7025
vn -0.7069 -0.0791 -0.7029
vn 0.8329 0.5258 0.1724
vn 0.7545 0.6486 -0.1001
vn 0.8468 0.5132 0.1402
vn 0.8310 0.4085 0.3776
vn 0.7475 0.6554 -0.1079
vn 0.7474 0.6551 -0.1110
vn 0.7742 -0.5137 0.3697
vn 0.7754 -0.6145 0.1451
vn 0.7760 -0.6142 0.1431
vn -0.7475 0.6554 -0.1079
vn -0.7474 0.6551 -0.1110
vn -0.7545 0.6486 -0.1001
vn -0.8329 0.5258 0.1724
vn -0.8468 0.5132 0.1402
vn -0.8310 0.4086 0.3776
vn -0.7754 -0.6145 0.1451
vn -0.7760 -0.6142 0.1431
vn -0.7742 -0.5137 0.3697
vn 0.7509 0.6596 -0.0328
vn 0.7896 0.5705 -0.2261
vn 0.8124 0.5004 -0.2994
vn 0.8385 0.3293 -0.4341
vn 0.7510 0.6597 -0.0288
vn -0.7509 0.6596 -0.0328
vn -0.7510 0.6597 -0.0288
vn -0.7896 0.5705 -0.2261
vn -0.8124 0.5004 -0.2994
vn -0.8385 0.3293 -0.4341
vn -0.5280 0.0587 0.8472
vn -0.7647 0.0773 0.6397
vn -0.8420 0.0383 0.5381
vn 0.7647 0.0773 0.6397
vn 0.4482 0.0969 0.8887
vn 0.4809 -0.1180 -0.8688
vn 0.0309 -0.1338 -0.9905
vn 0.6051 -0.1083 -0.7887
vn 0.4810 -0.1180 -0.8687
vn 0.0005 -0.1347 -0.9909
vn 0.0004 -0.1367 -0.9906
vn 0.6817 -0.1006 -0.7247
vn 0.9967 -0.0165 -0.0796
vn 0.9998 -0.0057 -0.0210
vn -0.0309 -0.1347 -0.9904
vn -0.0972 -0.1326 -0.9864
vn -0.4810 -0.1180 -0.8687
vn -0.5387 -0.1142 -0.8347
vn -0.6052 -0.1073 -0.7888
vn -0.6817 -0.1005 -0.7247
vn -0.9967 -0.0165 -0.0796
vn -0.9998 -0.0057 -0.0210
vn -1.0000 -0.0027 0.0014
vn -1.0000 -0.0009 0.0004
vn -1.0000 0.0003 -0.0005
vn 0.6679 -0.1268 0.7334
vn 0.6591 0.1096 0.7441
vn 0.6596 0.1388 0.7387
vn 0.6595 0.1584 0.7348
vn 0.6592 0.1588 0.7350
vn 0.6582 0.1936 0.7275
vn 0.6581 0.1907 0.7284
vn 0.6738 0.4565 0.5810
vn 0.6805 -0.2345 0.6942
vn 0.6679 -0.1270 0.7333
vn 0.7448 -0.5840 0.3229
vn 0.7462 -0.5843 0.3191
vn -0.0239 0.0021 0.9997
vn 0.0005 0.0021 1.0000
vn 0.0239 0.0021 0.9997
vn -0.0220 0.0011 0.9998
vn -0.3308 0.0001 0.9437
vn 0.3308 0.0001 0.9437
vn -0.1959 0.0031 0.9806
vn 0.1959 0.0031 0.9806
vn -0.0318 0.2786 0.9599
vn 0.0005 0.2787 0.9604
vn -0.0376 0.2785 0.9597
vn -0.3892 0.2570 0.8846
vn -0.4731 0.2452 0.8462
vn 0.0318 0.2786 0.9599
vn 0.0376 0.2785 0.9597
vn 0.3892 0.2570 0.8846
vn 0.4731 0.2453 0.8462
vn -0.0484 0.2659 0.9628
vn -0.4360 0.2384 0.8678
vn -0.0005 0.2650 0.9642
vn -0.0376 0.2580 0.9654
vn -0.5251 0.2200 0.8221
vn 0.0003 0.2582 0.9661
vn 0.0376 0.2582 0.9654
vn 0.0484 0.2659 0.9628
vn 0.4360 0.2384 0.8678
vn 0.5251 0.2200 0.8221
vn -0.7799 -0.4130 -0.4703
vn -0.7770 -0.1553 -0.6100
vn -0.7802 -0.4112 -0.4715
vn -0.7773 -0.1533 -0.6102
vn -0.0161 0.7434 0.6686
vn 0.0005 0.7426 0.6697
vn 0.0005 0.7417 0.6707
vn 0.0161 0.7435 0.6686
vn -0.0542 0.7462 0.6635
vn -0.2985 0.7449 0.5967
vn -0.4041 0.7390 0.5391
vn 0.0542 0.7462 0.6635
vn 0.2985 0.7449 0.5967
vn 0.4041 0.7390 0.5391
vn 0.6783 0.4211 0.6022
vn 0.6592 0.1653 0.7335
vn 0.6592 0.1321 0.7403
vn 0.6591 0.1153 0.7432
vn 0.6588 0.1134 0.7437
vn 0.6581 0.0949 0.7470
vn 0.6620 -0.1591 0.7324
vn 0.6561 0.0656 0.7518
vn 0.6580 0.0949 0.7470
vn 0.7021 -0.4367 0.5624
vn 0.6759 -0.2628 0.6886
vn 0.6620 -0.1593 0.7324
vn 0.7106 -0.5088 0.4860
vn 0.7393 -0.5930 0.3191
vn 0.7452 -0.6019 0.2869
vn 0.7395 -0.5927 0.3190
vn 0.7252 -0.5986 0.3404
vn 0.6337 -0.5812 0.5105
vn -0.8364 0.0275 0.5474
vn -0.9756 0.0021 0.2194
vn -0.9159 0.0148 0.4011
vn -0.7488 0.0070 0.6628
vn -0.8405 0.0069 0.5417
vn -0.5301 0.0939 0.8427
vn -0.3923 0.0109 0.9198
vn -0.7313 0.1565 0.6639
vn -0.5301 0.0940 0.8427
vn -0.3934 0.3059 0.8670
vn -0.0289 0.1096 0.9936
vn -0.7021 -0.4367 0.5624
vn -0.6759 -0.2628 0.6886
vn -0.7106 -0.5088 0.4860
vn -0.7393 -0.5930 0.3191
vn -0.6620 -0.1592 0.7324
vn -0.6620 -0.1591 0.7324
vn -0.6580 0.0949 0.7470
vn -0.6561 0.0656 0.7518
vn -0.6581 0.0949 0.7470
vn -0.6591 0.1154 0.7431
vn -0.6588 0.1134 0.7437
vn -0.6591 0.1154 0.7432
vn -0.6592 0.1653 0.7335
vn -0.6592 0.1321 0.7403
vn -0.6783 0.4211 0.6022
vn -0.0513 -0.5254 0.8493
vn -0.3414 -0.5469 0.7644
vn -0.0152 -0.5219 0.8529
vn -0.3415 -0.5491 0.7628
vn 0.0005 -0.5207 0.8537
vn -0.0000 -0.5195 0.8545
vn 0.0152 -0.5219 0.8529
vn 0.0513 -0.5254 0.8493
vn 0.3414 -0.5469 0.7644
vn 0.3415 -0.5491 0.7628
vn -0.6794 0.3928 0.6198
vn -0.6577 0.1320 0.7417
vn -0.6786 0.3938 0.6200
vn -0.6579 0.0978 0.7468
vn -0.6578 0.0841 0.7485
vn 0.6579 0.0978 0.7468
vn 0.6577 0.0841 0.7486
vn 0.6588 0.0832 0.7477
vn 0.6577 0.1320 0.7417
vn 0.6786 0.3939 0.6200
vn 0.6786 0.3938 0.6200
vn -0.6558 0.1642 0.7369
vn -0.6744 -0.1336 0.7262
vn -0.6736 -0.1308 0.7274
vn -0.6564 0.1673 0.7356
vn -0.6560 0.2014 0.7274
vn -0.6553 0.2064 0.7266
vn 0.6561 0.0655 0.7518
vn 0.6580 0.0685 0.7499
vn 0.6565 0.0402 0.7533
vn 0.6577 0.0841 0.7485
vn -0.4665 0.0939 0.8795
vn -0.7463 0.0676 0.6622
vn -0.8007 0.0636 0.5957
vn -0.3884 0.0939 0.9167
vn -0.9700 0.0246 0.2419
vn -0.9851 0.0183 0.1711
vn -0.9849 0.0177 0.1725
vn -0.9850 0.0186 0.1713
vn -0.5776 -0.7948 -0.1861
vn -0.4451 -0.8021 -0.3982
vn -0.3905 -0.8667 -0.3103
vn -0.4087 -0.7958 -0.4468
vn -0.4087 -0.7958 -0.4469
vn -0.3933 -0.7133 -0.5800
vn -0.0251 -0.7432 -0.6686
vn -0.6147 0.7092 0.3452
vn -0.4041 0.7390 0.5390
vn -0.2986 0.7449 0.5967
vn 0.7463 0.0676 0.6622
vn 0.4665 0.0939 0.8795
vn 0.8007 0.0636 0.5957
vn 0.3884 0.0939 0.9167
vn 0.9700 0.0246 0.2419
vn 0.9850 0.0187 0.1714
vn 0.9849 0.0177 0.1724
vn 0.9850 0.0186 0.1713
vn 0.6148 0.7091 0.3453
vn 0.2987 0.7449 0.5966
vn 0.4041 0.7390 0.5390
vn 0.6759 0.0295 0.7364
vn 0.7539 0.1172 0.6465
vn 0.6893 0.0402 0.7234
vn 0.6560 0.0119 0.7547
vn 0.6758 0.0294 0.7365
vn 0.6892 0.0402 0.7234
vn 0.6518 0.0149 0.7582
vn 0.6804 0.3664 0.6346
vn 0.6794 0.3684 0.6346
vn -0.6758 0.0294 0.7365
vn -0.6560 0.0119 0.7547
vn -0.6892 0.0402 0.7234
vn -0.6759 0.0295 0.7364
vn -0.6893 0.0402 0.7234
vn -0.7539 0.1172 0.6465
vn -0.6520 0.0156 0.7581
vn -0.6794 0.3684 0.6346
vn -0.6805 0.3664 0.6346
vn -0.9198 0.3880 -0.0581
vn -0.9209 0.3861 0.0532
vn -0.9187 0.3889 0.0688
vn -0.7107 0.5814 0.3961
vn -0.7244 0.6273 0.2859
vn -0.6786 0.3940 0.6199
vn 0.7107 0.5814 0.3961
vn 0.6786 0.3940 0.6199
vn 0.7244 0.6273 0.2858
vn -0.0005 -0.1103 -0.9939
vn -0.0483 -0.1015 -0.9937
vn -0.0005 -0.1142 -0.9935
vn -0.0268 -0.1142 -0.9931
vn -0.4206 -0.1044 -0.9012
vn -0.0709 -0.1103 -0.9914
vn -0.0270 -0.1142 -0.9931
vn -0.5192 -0.0937 -0.8495
vn -0.5193 -0.0936 -0.8494
vn -0.5747 -0.0839 -0.8141
vn -0.0485 -0.1015 -0.9937
vn -0.8782 -0.0526 -0.4755
vn -0.9056 -0.0439 -0.4218
vn -1.0000 -0.0008 -0.0093
vn -1.0000 0.0001 -0.0005
vn -1.0000 0.0002 0.0007
vn -0.9999 -0.0018 -0.0161
vn -1.0000 0.0002 0.0006
vn -1.0000 0.0002 -0.0006
vn 0.0621 -0.2148 -0.9747
vn 0.4213 -0.1971 -0.8852
vn 0.0484 -0.2167 -0.9750
vn 0.0003 -0.2168 -0.9762
vn 0.0004 -0.2140 -0.9768
vn 0.0269 -0.2120 -0.9769
vn 0.0002 -0.2121 -0.9773
vn 0.4206 -0.1923 -0.8866
vn 0.5751 -0.1758 -0.7990
vn 0.8176 -0.1221 -0.5626
vn 0.5752 -0.1758 -0.7989
vn 0.8235 -0.1243 -0.5535
vn 0.4214 -0.1971 -0.8852
vn 0.9082 -0.0898 -0.4089
vn 0.9995 -0.0067 -0.0298
vn 1.0000 -0.0017 -0.0065
vn 0.9995 -0.0067 -0.0299
vn 1.0000 -0.0018 -0.0064
vn -0.5369 -0.1973 -0.8203
vn -0.0964 -0.2324 -0.9678
vn -0.9967 -0.0165 -0.0798
vn -0.6014 -0.1855 -0.7771
vn -0.9997 -0.0057 -0.0220
vn -1.0000 0.0011 0.0005
vn 0.7799 -0.4130 -0.4703
vn 0.7770 -0.1552 -0.6100
vn 0.7773 -0.1533 -0.6102
vn 0.7775 -0.1347 -0.6143
vn 0.7769 -0.1112 -0.6197
vn 0.7771 -0.1142 -0.6189
vn 0.7775 -0.1348 -0.6143
vn -0.1961 0.0031 0.9806
vn -0.8084 0.0676 0.5847
vn -0.7963 -0.0008 0.6049
vn -0.6832 0.2023 0.7017
vn -0.9533 0.2464 0.1745
vn -0.9820 0.0031 0.1890
vn -0.9776 0.0959 0.1872
vn -0.9775 0.1271 0.1686
vn -0.9559 0.2502 0.1539
vn -0.9852 0.0050 0.1714
vn -0.9836 0.0773 0.1627
vn -0.9963 0.0001 0.0865
vn -0.9867 0.1624 0.0024
vn -0.9654 0.2589 -0.0307
vn -1.0000 0.0001 0.0054
vn -0.6582 0.1937 0.7275
vn -0.6738 0.4565 0.5810
vn -0.6581 0.1907 0.7284
vn -0.6590 0.1584 0.7352
vn -0.6582 0.1936 0.7276
vn -0.7770 -0.0986 -0.6217
vn -0.7767 -0.1082 -0.6205
vn -0.7773 -0.1015 -0.6209
vn -0.7763 -0.0898 -0.6239
vn -0.7761 -0.1396 -0.6149
vn -0.7811 -0.3905 -0.4872
vn -0.7811 -0.3896 -0.4880
vn -0.7807 -0.5680 -0.2605
vn -0.7790 -0.6084 -0.1519
vn -0.7727 -0.6294 0.0825
vn -0.7727 -0.6294 0.0826
vn -0.7691 -0.6317 0.0972
vn -0.7766 -0.6244 0.0836
vn -0.7769 -0.1112 -0.6197
vn -0.7775 -0.1348 -0.6143
vn -0.6679 -0.1269 0.7334
vn -0.6591 0.1096 0.7441
vn -0.6805 -0.2343 0.6943
vn -0.6582 0.1936 0.7275
vn -0.6583 0.1906 0.7282
vn -0.6737 0.4545 0.5828
vn -0.7058 0.6175 0.3473
vn -0.7156 0.6546 0.2438
vn 0.7829 -0.3759 -0.4957
vn 0.7767 -0.1239 -0.6176
vn 0.7769 -0.0868 -0.6236
vn 0.7821 -0.3760 -0.4969
vn 0.7769 -0.0711 -0.6256
vn 0.7773 -0.0722 -0.6249
vn 0.7767 -0.0595 -0.6271
vn 0.7753 -0.0350 -0.6307
vn 0.7713 0.1907 -0.6072
vn 0.7761 0.2932 -0.5583
vn 0.7753 0.4623 -0.4304
vn 0.7674 0.5326 -0.3571
vn 0.7683 0.6254 -0.1363
vn 0.7694 0.6245 -0.1343
vn 0.7652 0.6320 -0.1225
vn 0.9729 0.0705 0.2204
vn 0.7797 0.1652 0.6040
vn 0.8047 0.1653 0.5702
vn 0.4362 0.2384 0.8677
vn 0.5614 -0.5715 0.5985
vn 0.3416 -0.5491 0.7627
vn 0.6336 -0.5812 0.5106
vn 0.7251 -0.5986 0.3404
vn 0.6553 0.2063 0.7266
vn 0.6560 0.2014 0.7274
vn 0.6551 0.2239 0.7216
vn -0.4462 -0.0097 -0.8949
vn -0.4430 0.0265 -0.8961
vn -0.8378 0.0939 -0.5379
vn -0.8341 -0.0057 -0.5516
vn -0.4616 0.2140 -0.8609
vn -0.9950 0.0890 -0.0454
vn -0.9994 -0.0008 -0.0357
vn -0.9944 0.1057 0.0024
vn -0.9021 0.4309 -0.0230
vn -0.8184 0.5746 -0.0005
vn -0.5606 0.8280 -0.0114
vn -0.4616 0.7376 -0.4928
vn -0.2585 0.9658 -0.0191
vn -0.2262 0.8442 -0.4859
vn -0.4615 0.7377 -0.4927
vn -0.2586 0.9660 0.0005
vn -0.5605 0.8281 -0.0112
vn -0.9889 0.1486 -0.0024
vn -0.8670 0.4983 0.0073
vn -0.9946 0.1037 0.0034
vn -1.0000 -0.0000 -0.0000
vn -0.9867 0.1623 0.0024
vn -0.7713 0.1906 -0.6072
vn -0.7753 -0.0350 -0.6307
vn -0.7761 0.2932 -0.5583
vn -0.7767 -0.0595 -0.6271
vn -0.8406 -0.0008 0.5417
vn -0.9774 0.0001 0.2115
vn -0.9833 0.0001 0.1822
vn -0.7488 -0.0008 0.6628
vn -0.9853 -0.0001 0.1706
vn -0.4195 0.0011 0.9077
vn -0.9853 -0.0001 0.1708
vn -0.3309 0.0001 0.9437
vn -0.9884 0.0001 0.1519
vn -0.0220 -0.0007 0.9998
vn -0.9904 0.0001 0.1383
vn 0.0220 -0.0007 0.9998
vn 0.3309 0.0001 0.9437
vn 0.4195 0.0011 0.9077
vn 0.7488 -0.0009 0.6628
vn 0.8406 -0.0004 0.5417
vn 0.9774 0.0001 0.2115
vn 0.9833 0.0001 0.1822
vn 0.9853 -0.0001 0.1706
vn 0.9853 -0.0001 0.1708
vn 0.9884 0.0001 0.1519
vn 0.9904 0.0001 0.1383
vn 1.0000 0.0001 0.0054
vn 0.9963 0.0001 0.0865
vn 0.9867 0.1624 0.0024
vn 0.9836 0.0773 0.1627
vn 0.9852 0.0050 0.1714
vn 0.9559 0.2502 0.1539
vn 0.9654 0.2589 -0.0307
vn 0.9774 0.1272 0.1687
vn 0.9820 0.0031 0.1890
vn 0.9533 0.2464 0.1745
vn 0.9776 0.0959 0.1872
vn 0.8084 0.0676 0.5847
vn 0.7963 -0.0008 0.6049
vn 0.6832 0.2023 0.7017
vn 0.1961 0.0031 0.9806
vn 0.4285 0.0607 0.9015
vn 0.1442 0.1067 0.9838
vn 0.0240 0.0021 0.9997
vn 0.0484 0.0304 0.9984
vn -0.0005 0.0089 1.0000
vn 0.0005 0.0089 1.0000
vn -0.0240 0.0021 0.9997
vn -0.0484 0.0304 0.9984
vn -0.1442 0.1067 0.9838
vn -0.4285 0.0607 0.9015
vn -0.6551 0.2239 0.7216
vn 0.6609 -0.1806 0.7284
vn 0.6769 -0.2823 0.6798
vn 0.7811 -0.3906 -0.4871
vn 0.7761 -0.1396 -0.6149
vn 0.7767 -0.1083 -0.6205
vn 0.7770 -0.0985 -0.6217
vn -0.6610 -0.1806 0.7284
vn -0.6565 0.0401 0.7533
vn -0.6769 -0.2823 0.6798
vn 0.9209 0.3861 0.0533
vn 0.8142 0.3547 0.4596
vn 0.8310 0.4085 0.3777
vn 0.9187 0.3889 0.0689
vn 0.8329 0.5258 0.1726
vn 0.9198 0.3880 -0.0581
vn 0.9187 0.3889 0.0688
vn 0.9209 0.3861 0.0532
vn 0.9183 0.3918 -0.0573
vn 0.7767 -0.1082 -0.6205
vn 0.7770 -0.0986 -0.6217
vn 0.7773 -0.1015 -0.6209
vn 0.7763 -0.0898 -0.6239
vn -0.7768 -0.0706 -0.6258
vn -0.7767 -0.1239 -0.6176
vn -0.7769 -0.0868 -0.6236
vn -0.7829 -0.3759 -0.4958
vn -0.7821 -0.3760 -0.4969
vn -0.7770 -0.0716 -0.6254
vn -0.7773 -0.0721 -0.6250
vn -1.0000 0.0001 0.0006
vn -1.0000 -0.0018 -0.0064
vn -0.9995 -0.0054 -0.0299
vn -0.9081 -0.0898 -0.4089
vn -0.8231 -0.1230 -0.5544
vn -0.5752 -0.1758 -0.7989
vn -0.4214 -0.1971 -0.8852
vn -0.9995 -0.0067 -0.0298
vn -0.4206 -0.1923 -0.8866
vn -0.0621 -0.2139 -0.9749
vn -0.5751 -0.1758 -0.7990
vn -0.4213 -0.1971 -0.8852
vn -0.0484 -0.2169 -0.9750
vn -0.0269 -0.2122 -0.9769
vn 0.9837 -0.0477 0.1735
vn 0.9851 -0.0126 0.1714
vn -0.7775 -0.1347 -0.6143
vn -0.7770 -0.1552 -0.6100
vn -0.7771 -0.1141 -0.6189
vn -0.7792 0.1799 -0.6004
vn -0.7792 0.1770 -0.6013
vn -0.7791 0.4251 -0.4607
vn 0.7490 0.1317 0.6494
vn 0.4656 0.1819 0.8661
vn 0.8001 0.1233 0.5870
vn 0.3912 0.1828 0.9020
vn 0.5263 0.1799 0.8311
vn 0.8399 0.1155 0.5302
vn 0.9711 0.0470 0.2341
vn 0.9781 0.0421 0.2037
vn 0.9855 0.0334 0.1666
vn 0.9854 0.0324 0.1669
vn 0.9855 0.0332 0.1666
vn 0.7763 -0.0897 -0.6239
vn 0.7752 -0.0624 -0.6286
vn 0.7744 0.1633 -0.6112
vn 0.7779 0.2687 -0.5680
vn -0.7763 -0.0897 -0.6239
vn -0.7752 -0.0624 -0.6286
vn -0.7744 0.1633 -0.6112
vn -0.7780 0.2687 -0.5680
vn -0.8410 0.0920 0.5332
vn -0.9774 0.0333 0.2086
vn -0.9773 0.0363 0.2086
vn -0.9851 0.0286 0.1694
vn -0.9852 0.0292 0.1688
vn -0.7989 0.0969 0.5936
vn -0.9852 0.0291 0.1687
vn -0.9851 0.0285 0.1694
vn -0.7988 0.0969 0.5937
vn -0.7490 0.0988 0.6552
vn -0.9696 0.0363 0.2418
vn -0.4635 0.1418 0.8747
vn -0.9697 0.0363 0.2418
vn -0.9847 0.0256 0.1724
vn -0.9746 0.0197 0.2232
vn -0.9854 0.0148 0.1695
vn -0.9854 0.0157 0.1695
vn -0.9847 0.0158 0.1735
vn -0.9547 0.0255 0.2964
vn -0.8391 0.0470 0.5420
vn -0.7454 0.0568 0.6642
vn -0.5260 0.0724 0.8474
vn -0.7742 -0.5137 0.3698
vn -0.7791 -0.4385 0.4479
vn -0.7743 -0.6164 0.1431
vn -0.7799 -0.1962 0.5943
vn -0.7799 -0.1933 0.5953
vn -0.7799 -0.1961 0.5944
vn -0.7781 0.1076 0.6189
vn -0.7783 0.1106 0.6181
vn -0.7782 0.1347 0.6134
vn -0.7782 0.1348 0.6134
vn -0.7780 0.1652 0.6061
vn -0.7040 -0.4845 0.5193
vn -0.7271 -0.5995 0.3345
vn -0.7393 -0.6097 0.2858
vn -0.7402 -0.6135 0.2751
vn -0.7041 -0.4778 0.5253
vn -0.6769 -0.2824 0.6798
vn -0.6610 -0.1807 0.7283
vn -0.7188 -0.6134 0.3271
vn -0.6215 -0.6043 0.4985
vn -0.5468 -0.6019 0.5820
vn -0.3298 -0.5872 0.7392
vn -0.3307 -0.5897 0.7368
vn -0.6609 -0.1806 0.7284
vn -0.6580 0.0685 0.7499
vn -0.6565 0.0402 0.7533
vn -0.6589 0.0832 0.7477
vn -0.6577 0.0841 0.7485
vn -0.8310 0.4085 0.3776
vn -0.8331 0.5256 0.1724
vn -0.8142 0.3547 0.4596
vn -0.9209 0.3861 0.0533
vn -0.9187 0.3889 0.0689
vn -0.9183 0.3918 -0.0573
vn -0.8399 0.1330 0.5261
vn -0.9541 0.0724 0.2907
vn -0.7464 0.1614 0.6456
vn -0.8221 -0.0897 -0.5622
vn -0.5045 -0.1318 -0.8533
vn -0.4209 -0.1426 -0.8958
vn -0.0669 -0.1532 -0.9859
vn -0.8706 -0.0751 -0.4863
vn -0.9995 -0.0048 -0.0298
vn -0.5749 -0.1210 -0.8092
vn -0.9054 -0.0634 -0.4199
vn -0.9999 -0.0018 -0.0104
vn -0.9999 -0.0018 -0.0102
vn -0.9999 -0.0028 -0.0161
vn 0.0002 -0.1531 -0.9882
vn -0.0268 -0.1572 -0.9872
vn -0.0005 -0.1572 -0.9876
vn 0.0006 -0.1483 -0.9889
vn -0.9837 -0.0477 0.1734
vn -0.9864 -0.0405 0.1594
vn -0.9851 -0.0126 0.1714
vn -0.7463 0.1614 0.6457
vn -0.3903 0.2238 0.8931
vn -0.8399 0.1330 0.5263
vn -0.8399 0.1330 0.5262
vn -0.9743 0.0556 0.2183
vn -0.9852 0.0417 0.1664
vn -0.9852 0.0420 0.1664
vn -0.9850 0.0421 0.1674
vn 0.7490 0.0988 0.6552
vn 0.4635 0.1418 0.8747
vn 0.7988 0.0969 0.5937
vn 0.9696 0.0363 0.2418
vn 0.8410 0.0920 0.5332
vn 0.9847 0.0255 0.1725
vn 0.9847 0.0255 0.1724
vn 0.9774 0.0334 0.2086
vn 0.9773 0.0363 0.2086
vn 0.9851 0.0285 0.1695
vn 0.9848 0.0266 0.1715
vn 0.9852 0.0292 0.1688
vn 0.9853 0.0294 0.1685
vn 0.9547 0.0255 0.2964
vn 0.8391 0.0470 0.5420
vn 0.9746 0.0197 0.2232
vn 0.7454 0.0568 0.6642
vn 0.9854 0.0148 0.1695
vn 0.9854 0.0155 0.1695
vn 0.9847 0.0158 0.1735
vn -0.9781 0.0431 0.2037
vn -0.9854 0.0356 0.1667
vn -0.9853 0.0370 0.1666
vn -0.9855 0.0337 0.1662
vn -0.9855 0.0324 0.1666
vn -0.9855 0.0333 0.1666
vn -0.9711 0.0469 0.2341
vn -0.9854 0.0324 0.1669
vn -0.7996 0.1232 0.5878
vn -0.8399 0.1155 0.5302
vn -0.5262 0.1809 0.8309
vn -0.7491 0.1311 0.6493
vn -0.4656 0.1819 0.8661
vn -0.3912 0.1828 0.9020
vn -0.9752 0.0578 0.2134
vn -0.8399 0.1399 0.5243
vn -0.9771 0.0549 0.2058
vn -0.9850 0.0441 0.1666
vn -0.7797 0.1652 0.6040
vn -0.5251 0.2199 0.8221
vn -0.4362 0.2384 0.8677
vn -0.9851 0.0440 0.1665
vn 0.7743 -0.6164 0.1431
vn 0.7742 -0.5137 0.3698
vn 0.7791 -0.4385 0.4479
vn 0.7799 -0.1962 0.5943
vn 0.7799 -0.1933 0.5953
vn 0.7781 0.1076 0.6189
vn 0.7799 -0.1961 0.5944
vn 0.7783 0.1106 0.6181
vn 0.7782 0.1348 0.6133
vn 0.7784 0.1342 0.6133
vn 0.7780 0.1652 0.6061
vn 0.7779 0.1622 0.6070
vn 0.1021 -0.2735 -0.9564
vn 0.0003 -0.2752 -0.9614
vn 0.2545 -0.2784 -0.9261
vn 0.3464 -0.2695 -0.8985
vn 0.2546 -0.2784 -0.9261
vn 0.3121 -0.2619 -0.9132
vn 0.5202 -0.2442 -0.8184
vn 0.6296 -0.2137 -0.7469
vn 0.7626 -0.1779 -0.6219
vn 0.8544 -0.1429 -0.4996
vn 0.9994 -0.0097 -0.0339
vn 0.9999 0.0050 0.0161
vn 0.9993 0.0119 0.0357
vn 0.5777 -0.7948 -0.1860
vn 0.7526 -0.6553 0.0640
vn 0.7691 -0.6317 0.0972
vn 0.7727 -0.6294 0.0826
vn 0.3934 -0.7133 -0.5800
vn 0.7790 -0.6084 -0.1519
vn 0.7766 -0.6245 0.0835
vn -0.5777 -0.7948 -0.1860
vn -0.7526 -0.6553 0.0640
vn -0.3934 -0.7133 -0.5800
vn -0.7766 -0.6245 0.0835
vn 0.8008 0.0636 0.5955
vn 0.5264 0.0940 0.8450
vn 0.8408 0.0597 0.5380
vn 0.9773 0.0214 0.2107
vn 0.9849 0.0177 0.1722
vn 0.9847 0.0186 0.1735
vn 0.5045 -0.1317 -0.8533
vn 0.5748 -0.1210 -0.8093
vn 0.0671 -0.1532 -0.9859
vn 0.8705 -0.0751 -0.4863
vn 0.9054 -0.0634 -0.4198
vn 0.9995 -0.0048 -0.0298
vn 0.8221 -0.0897 -0.5622
vn -0.0006 -0.1483 -0.9889
vn 0.0269 -0.1572 -0.9872
vn 0.4207 -0.1435 -0.8958
vn 0.0005 -0.1572 -0.9876
vn 0.9999 -0.0013 -0.0161
vn 0.9995 -0.0047 -0.0298
vn 0.7480 0.0939 0.6570
vn 0.8408 0.0763 0.5360
vn 0.9534 0.0422 0.2986
vn 0.9735 0.0324 0.2262
vn 0.9850 0.0243 0.1711
vn 0.9848 0.0247 0.1717
vn 0.9845 0.0246 0.1734
vn 0.9845 0.0255 0.1734
vn 0.9847 0.0236 0.1725
vn 0.9846 0.0197 0.1735
vn 0.9845 0.0246 0.1735
vn -0.5614 -0.5715 0.5985
vn -0.6336 -0.5812 0.5105
vn -0.3416 -0.5491 0.7628
vn -0.7252 -0.5986 0.3403
vn -0.7452 -0.6019 0.2869
vn -0.7393 -0.5930 0.3190
vn -0.7413 -0.5931 0.3142
vn -0.8211 -0.0653 -0.5671
vn -0.5193 -0.0937 -0.8494
vn -0.8781 -0.0526 -0.4755
vn -0.9995 -0.0038 -0.0298
vn -1.0000 -0.0009 -0.0093
vn -1.0000 0.0001 -0.0006
vn -0.9999 -0.0018 -0.0163
vn -0.9057 -0.0439 -0.4217
vn -0.5192 -0.0936 -0.8495
vn -0.0708 -0.1103 -0.9914
vn -0.0005 -0.1104 -0.9939
vn -0.9697 0.1793 0.1657
vn -0.9802 0.1037 0.1685
vn -0.9689 0.1819 0.1676
vn -0.9846 0.0451 0.1689
vn -0.9855 0.0020 0.1695
vn -0.9854 0.0031 0.1703
vn 0.9855 0.0033 0.1696
vn 0.9847 0.0451 0.1686
vn 0.9802 0.1037 0.1685
vn 0.9854 0.0031 0.1704
vn 0.9697 0.1793 0.1657
vn 0.9689 0.1819 0.1676
vn -0.5264 0.0940 0.8450
vn -0.8008 0.0636 0.5955
vn -0.8409 0.0597 0.5380
vn -0.9773 0.0226 0.2105
vn -0.9765 0.0236 0.2144
vn -0.9849 0.0177 0.1722
vn -0.9846 0.0193 0.1736
vn -0.9847 0.0187 0.1735
vn -0.9850 0.0185 0.1714
vn -0.9846 0.0195 0.1738
vn -0.7522 0.6531 0.0875
vn -0.7561 0.6522 0.0543
vn -0.7528 0.6528 0.0845
vn -0.7244 0.6274 0.2857
vn -0.7107 0.5814 0.3960
vn -0.7395 0.6638 0.1119
vn -0.6148 0.7091 0.3452
vn -0.6131 0.7105 0.3454
vn -0.9534 0.0422 0.2986
vn -0.8408 0.0763 0.5360
vn -0.7480 0.0939 0.6570
vn -0.9735 0.0324 0.2262
vn -0.9849 0.0245 0.1713
vn -0.9848 0.0247 0.1717
vn -0.9845 0.0246 0.1735
vn -0.9845 0.0255 0.1734
vn -0.9847 0.0236 0.1726
vn -0.9846 0.0197 0.1735
vn 0.6148 0.7091 0.3452
vn 0.6131 0.7105 0.3454
vn 0.7395 0.6638 0.1119
vn 0.7561 0.6522 0.0543
vn 0.7522 0.6531 0.0875
vn 0.7528 0.6528 0.0845
vn 0.7244 0.6274 0.2857
vn 0.7107 0.5814 0.3960
vn -0.9999 0.0060 0.0161
vn -0.9994 -0.0097 -0.0339
vn -0.9993 0.0109 0.0367
vn -0.9994 -0.0096 -0.0338
vn -0.8543 -0.1425 -0.4998
vn -0.7626 -0.1777 -0.6219
vn -0.6296 -0.2138 -0.7469
vn -0.5203 -0.2442 -0.8183
vn -0.3464 -0.2695 -0.8985
vn -0.2546 -0.2784 -0.9261
vn -0.3122 -0.2619 -0.9132
vn -0.9729 0.0705 0.2204
vn -0.9753 0.0578 0.2134
vn -0.9836 0.0558 0.1715
vn -0.9850 0.0444 0.1667
vn -0.8047 0.1653 0.5702
vn -0.4361 0.2384 0.8677
vn -0.4731 0.2453 0.8462
vn -0.7479 0.1848 0.6375
vn -0.3893 0.2570 0.8845
vn -0.4732 0.2452 0.8461
vn -0.9850 0.0442 0.1668
vn -0.9850 0.0442 0.1666
vn -0.9850 0.0441 0.1665
vn 0.8670 0.4983 0.0073
vn 0.6483 0.7614 0.0005
vn 0.9200 0.3920 0.0005
vn 0.5915 0.8063 0.0005
vn 0.2586 0.9660 0.0004
vn 0.2587 0.9660 0.0003
vn 0.5604 0.8281 -0.0113
vn 0.2588 0.9657 -0.0191
vn 0.4615 0.7377 -0.4928
vn 0.2262 0.8442 -0.4859
vn 0.3226 0.3849 -0.8647
vn 0.1549 0.5775 -0.8016
vn 0.0318 0.1203 -0.9922
vn 0.0435 0.0549 -0.9975
vn 0.0328 -0.0047 -0.9994
vn 0.4614 0.2140 -0.8610
vn 0.9944 0.1057 0.0024
vn 0.9021 0.4309 -0.0229
vn 0.8184 0.5746 0.0005
vn 0.9889 0.1486 -0.0024
vn 0.8184 0.5747 0.0005
vn 0.9946 0.1038 0.0034
vn 0.9654 0.2589 -0.0308
vn 1.0000 -0.0000 -0.0000
vn 1.0000 0.0001 0.0093
vn 1.0000 0.0001 0.0024
vn 1.0000 0.0001 -0.0093
vn 0.9999 0.0001 -0.0133
vn 0.9994 -0.0009 -0.0357
vn 0.9950 0.0890 -0.0455
vn 0.8341 -0.0057 -0.5516
vn 0.8978 -0.0048 -0.4404
vn 0.8552 -0.0116 -0.5182
vn 0.4814 -0.0194 -0.8763
vn 0.5575 -0.0089 -0.8302
vn 0.4462 -0.0096 -0.8949
vn 0.4431 0.0265 -0.8961
vn 0.7808 -0.5679 -0.2605
vn 0.7811 -0.3907 -0.4870
vn 0.7727 -0.6294 0.0825
vn 0.7811 -0.3897 -0.4880
vn 0.7761 -0.1397 -0.6149
vn 0.7764 -0.6246 0.0836
vn -0.8173 -0.1218 -0.5633
vn -0.9082 -0.0887 -0.4091
vn -1.0000 -0.0018 -0.0065
vn -0.9848 0.0081 0.1736
vn -0.9773 0.0079 0.2115
vn -0.9847 0.0031 0.1745
vn -0.9850 0.0001 0.1724
vn -0.9850 0.0050 0.1727
vn -0.9848 0.0079 0.1735
vn -0.9674 0.0177 0.2525
vn -0.8421 0.0382 0.5380
vn -0.7648 0.0774 0.6396
vn -0.8684 0.0920 0.4872
vn -0.4482 0.0969 0.8887
vn -0.9774 0.0334 0.2086
vn -0.7988 0.0969 0.5938
vn -0.9847 0.0255 0.1724
vn -0.9848 0.0267 0.1715
vn -0.9851 0.0285 0.1695
vn -0.9852 0.0286 0.1693
vn -0.9847 0.0256 0.1725
vn -0.9847 0.0254 0.1726
vn -0.9751 0.0402 0.2183
vn -0.9854 0.0312 0.1674
vn -0.9856 0.0306 0.1665
vn -0.9852 0.0304 0.1685
vn -0.9852 0.0304 0.1686
vn -0.9852 0.0303 0.1685
vn -0.9552 0.0549 0.2907
vn -0.8408 0.0998 0.5321
vn -0.7476 0.1222 0.6528
vn -0.4590 0.1634 0.8733
vn -0.4624 0.1632 0.8715
vn -0.9852 0.0283 0.1689
vn -0.9852 0.0306 0.1685
vn -0.9852 0.0288 0.1689
vn -0.9852 0.0286 0.1689
vn -0.9853 0.0279 0.1688
vn -0.9855 0.0265 0.1676
vn -0.9855 0.0255 0.1677
vn -0.9857 0.0245 0.1668
vn 0.8408 0.0998 0.5321
vn 0.9552 0.0549 0.2907
vn 0.7480 0.1231 0.6522
vn 0.4590 0.1634 0.8733
vn 0.4624 0.1632 0.8715
vn 0.9751 0.0395 0.2184
vn 0.9855 0.0309 0.1670
vn 0.9856 0.0306 0.1665
vn 0.9852 0.0304 0.1685
vn 0.9852 0.0304 0.1686
vn 0.9852 0.0303 0.1685
vn 0.9852 0.0306 0.1685
vn 0.9852 0.0283 0.1689
vn 0.9852 0.0288 0.1689
vn 0.9853 0.0276 0.1685
vn 0.9853 0.0279 0.1688
vn 0.9855 0.0265 0.1676
vn 0.9855 0.0255 0.1677
vn 0.9857 0.0245 0.1668
vn 0.3855 0.6939 -0.6082
vn 0.5605 0.6842 -0.4666
vn 0.4341 0.6145 -0.6587
vn 0.7498 0.6411 -0.1637
vn 0.7652 0.6320 -0.1226
vn -0.7683 0.6254 -0.1363
vn -0.7652 0.6320 -0.1226
vn -0.7498 0.6411 -0.1637
vn -0.5605 0.6842 -0.4666
vn -0.4341 0.6145 -0.6587
vn -0.3855 0.6939 -0.6082
vn 0.9855 0.0442 0.1636
vn 0.9858 0.0452 0.1618
vn 0.9858 0.0421 0.1628
vn 0.9837 -0.0477 0.1734
vn 0.9864 -0.0405 0.1594
vn 0.9764 0.0236 0.2145
vn 0.9846 0.0196 0.1735
vn 0.9846 0.0194 0.1737
vn 0.9846 0.0194 0.1738
vn 0.9773 0.0226 0.2105
vn 0.9847 0.0187 0.1735
vn 0.8409 0.0597 0.5379
vn 0.9854 0.0021 0.1705
vn 0.9853 0.0013 0.1706
vn 0.9854 0.0015 0.1704
vn 0.9938 0.0001 0.1109
vn 0.9823 0.0021 0.1871
vn 0.9881 0.0001 0.1538
vn 0.9855 0.0012 0.1695
vn 0.9888 0.0021 0.1489
vn 0.9857 0.0050 0.1686
vn 0.9889 0.0021 0.1489
vn 0.9882 0.0089 0.1529
vn 0.9756 0.0021 0.2194
vn 0.9852 0.0021 0.1714
vn 0.8405 0.0060 0.5417
vn 0.9834 0.0031 0.1812
vn 0.9850 0.0002 0.1724
vn 0.9773 0.0080 0.2116
vn 0.8684 0.0920 0.4872
vn 0.7648 0.0773 0.6397
vn 0.8420 0.0383 0.5381
vn 0.5280 0.0587 0.8472
vn 0.9674 0.0177 0.2525
vn 0.7488 0.0070 0.6628
vn 0.3923 0.0109 0.9198
vn 0.5301 0.0939 0.8427
vn 0.8364 0.0275 0.5474
vn 0.9159 0.0148 0.4011
vn 0.7313 0.1565 0.6639
vn 0.9159 0.0148 0.4010
vn 0.5301 0.0940 0.8427
vn 0.3934 0.3059 0.8670
vn 0.0289 0.1096 0.9935
vn 0.9852 0.0417 0.1664
vn 0.9741 0.0548 0.2193
vn 0.9541 0.0724 0.2907
vn 0.8400 0.1321 0.5263
vn 0.9851 0.0420 0.1665
vn 0.7463 0.1624 0.6455
vn 0.3903 0.2238 0.8931
vn 0.9850 0.0421 0.1675
vn 0.9851 0.0414 0.1671
vn 0.9853 0.0412 0.1657
vn 0.9854 0.0402 0.1656
vn 0.9856 0.0373 0.1649
vn 0.9851 0.0381 0.1678
vn 0.9851 0.0391 0.1675
vn 0.9849 0.0391 0.1686
vn 0.9846 0.0382 0.1704
vn 0.9876 0.0363 0.1530
vn 0.9851 0.0390 0.1675
vn 0.9853 0.0374 0.1666
vn 0.9851 0.0395 0.1674
vn 0.9853 0.0372 0.1665
vn 0.9857 0.0353 0.1647
vn 0.9859 0.0353 0.1636
vn -0.8401 0.1154 0.5301
vn -0.9781 0.0431 0.2036
vn -0.9774 0.0451 0.2066
vn -0.9853 0.0373 0.1667
vn -0.9849 0.0393 0.1683
vn -0.9849 0.0392 0.1685
vn -0.9849 0.0397 0.1683
vn -0.9850 0.0187 0.1714
vn -0.9855 0.0451 0.1634
vn -0.9858 0.0451 0.1618
vn -0.9837 -0.0477 0.1735
vn -0.9855 0.0450 0.1637
vn -0.9854 0.0402 0.1656
vn -0.9858 0.0422 0.1627
vn -0.9856 0.0382 0.1647
vn -0.9850 0.0410 0.1675
vn -0.9850 0.0421 0.1675
vn -0.9851 0.0422 0.1666
vn -0.9850 0.0411 0.1675
vn -0.9851 0.0393 0.1675
vn -0.9851 0.0382 0.1675
vn -0.9851 0.0397 0.1674
vn 0.7453 -0.6019 0.2868
vn 0.7413 -0.5931 0.3142
vn 0.7106 -0.5088 0.4859
vn 0.9849 0.0195 0.1723
vn 0.9850 0.0197 0.1714
vn 0.9852 0.0197 0.1705
vn 0.9854 0.0187 0.1695
vn 0.9857 0.0179 0.1677
vn 0.9847 0.0204 0.1728
vn 0.9846 0.0197 0.1734
vn 0.9845 0.0245 0.1734
vn 0.9845 0.0254 0.1734
vn 0.9855 0.0216 0.1686
vn 0.9855 0.0198 0.1686
vn 0.9857 0.0226 0.1667
vn 0.9854 0.0217 0.1686
vn 0.9844 0.0215 0.1743
vn 0.9848 0.0188 0.1724
vn 0.9873 0.0197 0.1578
vn 0.9910 0.0187 0.1324
vn -0.9853 0.0187 0.1696
vn -0.9852 0.0197 0.1704
vn -0.9856 0.0180 0.1680
vn -0.9855 0.0177 0.1686
vn -0.9856 0.0148 0.1686
vn -0.9850 0.0199 0.1715
vn -0.9848 0.0196 0.1723
vn -0.9848 0.0203 0.1727
vn -0.9854 0.0128 0.1695
vn -0.9855 0.0133 0.1694
vn -0.9849 0.0129 0.1724
vn 0.9739 0.0549 0.2204
vn 0.7480 0.1848 0.6375
vn 0.4732 0.2452 0.8462
vn 0.3893 0.2570 0.8845
vn 0.4361 0.2385 0.8677
vn 0.9842 0.0441 0.1715
vn 0.9868 0.0324 0.1589
vn 0.9859 0.0441 0.1616
vn 0.9851 0.0496 0.1645
vn 0.9851 0.0499 0.1646
vn 0.9891 0.0421 0.1412
vn 0.9856 0.0461 0.1627
vn 0.9836 0.0557 0.1714
vn 0.9842 0.0441 0.1714
vn 0.9752 0.0587 0.2134
vn 0.7797 0.1652 0.6039
vn 0.9850 0.0442 0.1667
vn 0.5251 0.2199 0.8221
vn 0.8399 0.1399 0.5243
vn 0.9770 0.0549 0.2058
vn 0.9850 0.0442 0.1668
vn 0.9850 0.0446 0.1666
vn -0.9873 0.0197 0.1578
vn -0.9844 0.0216 0.1744
vn -0.9847 0.0236 0.1725
vn -0.9855 0.0216 0.1686
vn -0.9845 0.0257 0.1735
vn -0.9855 0.0198 0.1686
vn -0.9855 0.0217 0.1686
vn -0.9854 0.0187 0.1695
vn -0.9857 0.0226 0.1667
vn -0.9848 0.0207 0.1726
vn -0.9846 0.0197 0.1734
vn -0.9848 0.0198 0.1728
vn 0.9855 0.0256 0.1676
vn 0.9855 0.0265 0.1678
vn 0.9853 0.0273 0.1687
vn 0.9857 0.0246 0.1667
vn 0.9855 0.0255 0.1676
vn 0.9858 0.0230 0.1666
vn 0.9854 0.0216 0.1686
vn 0.9853 0.0186 0.1696
vn 0.9855 0.0197 0.1686
vn 0.9848 0.0187 0.1726
vn 0.9853 0.0187 0.1695
vn 0.9852 0.0197 0.1704
vn 0.9850 0.0197 0.1715
vn 0.9856 0.0179 0.1680
vn 0.9856 0.0178 0.1684
vn 0.9854 0.0158 0.1695
vn -0.9910 0.0187 0.1324
vn -0.9853 0.0187 0.1695
vn -0.9855 0.0197 0.1686
vn -0.9854 0.0216 0.1686
vn -0.9858 0.0230 0.1666
vn -0.9857 0.0245 0.1666
vn -0.9855 0.0255 0.1676
vn -0.9855 0.0256 0.1676
vn -0.9853 0.0273 0.1687
vn -0.9855 0.0265 0.1678
vn -0.9853 0.0128 0.1705
vn -0.9849 0.0148 0.1724
vn -0.9854 0.0138 0.1695
vn -0.9856 0.0147 0.1686
vn -0.9850 0.0130 0.1721
vn -0.9848 0.0138 0.1734
vn -0.9875 0.0128 0.1569
vn -0.9913 0.0119 0.1314
vn -0.9873 0.0265 0.1568
vn -0.9844 0.0285 0.1734
vn -0.9849 0.0256 0.1712
vn -0.9910 0.0246 0.1314
vn -0.9852 0.0255 0.1694
vn -0.9858 0.0265 0.1657
vn -0.9861 0.0275 0.1636
vn -0.9858 0.0285 0.1657
vn -0.9853 0.0285 0.1687
vn -0.9859 0.0353 0.1636
vn -0.9863 0.0334 0.1618
vn -0.9857 0.0353 0.1647
vn 0.9873 0.0265 0.1568
vn 0.9844 0.0285 0.1734
vn 0.9910 0.0246 0.1314
vn 0.9849 0.0256 0.1712
vn 0.9852 0.0255 0.1694
vn 0.9857 0.0275 0.1665
vn 0.9862 0.0265 0.1636
vn 0.9860 0.0275 0.1646
vn 0.9853 0.0285 0.1687
vn 0.9863 0.0334 0.1618
vn 0.9854 0.0138 0.1696
vn 0.9851 0.0148 0.1714
vn 0.9854 0.0119 0.1696
vn 0.9853 0.0138 0.1701
vn 0.9855 0.0178 0.1686
vn 0.9849 0.0129 0.1725
vn 0.9848 0.0137 0.1729
vn 0.9875 0.0128 0.1569
vn 0.9913 0.0119 0.1314
vn -0.9854 0.0032 0.1705
vn -0.9853 0.0031 0.1707
vn -0.9852 0.0059 0.1714
vn -0.9850 0.0119 0.1723
vn -0.9849 0.0149 0.1722
vn -0.9854 0.0156 0.1694
vn 0.9855 0.0119 0.1695
vn 0.9852 0.0059 0.1714
vn 0.9849 0.0117 0.1724
vn 0.9851 0.0149 0.1714
vn 0.9854 0.0031 0.1705
vn 0.9853 0.0031 0.1707
vn 0.9854 0.0156 0.1694
vn 0.9863 0.0333 0.1617
vn -0.9863 0.0333 0.1617
vn -0.9849 0.0392 0.1686
vn -0.9876 0.0363 0.1530
vn -0.9846 0.0382 0.1704
vn -0.9856 0.0383 0.1646
vn -0.9854 0.0401 0.1656
vn -0.9851 0.0381 0.1678
vn 0.9774 0.0440 0.2069
vn 0.9850 0.0396 0.1681
vn 0.9853 0.0372 0.1666
vn 0.9849 0.0393 0.1684
vn 0.9850 0.0392 0.1683
vn 0.9781 0.0421 0.2036
vn 0.8401 0.1154 0.5301
vn 0.9854 0.0356 0.1667
vn 0.9855 0.0335 0.1666
vn 0.9854 0.0325 0.1669
vn -0.9853 0.0374 0.1666
vn -0.9853 0.0372 0.1665
vn -0.9851 0.0390 0.1675
vn -0.9851 0.0395 0.1674
vn 0.9878 0.0167 0.1549
vn 0.9846 0.0217 0.1735
vn 0.9850 0.0188 0.1714
vn 0.9852 0.0185 0.1705
vn -0.9852 0.0184 0.1703
vn -0.9845 0.0228 0.1736
vn -0.9878 0.0168 0.1550
vn -0.9896 0.0236 0.1422
vn -0.9851 0.0285 0.1696
vn -0.9850 0.0274 0.1704
vn -0.9850 0.0274 0.1705
vn -0.9876 0.0246 0.1549
vn -0.9872 0.0226 0.1578
vn -0.9845 0.0265 0.1734
vn 0.9774 0.0333 0.2086
vn 0.9848 0.0263 0.1715
vn 0.9847 0.0254 0.1726
vn 0.9847 0.0256 0.1725
vn 0.9847 0.0256 0.1724
vn 0.9872 0.0226 0.1578
vn 0.9840 0.0305 0.1754
vn 0.9845 0.0264 0.1736
vn 0.9876 0.0246 0.1549
vn 0.9849 0.0236 0.1714
vn 0.9850 0.0240 0.1711
vn 0.9850 0.0274 0.1705
vn 0.9851 0.0282 0.1699
vn 0.9896 0.0236 0.1422
vn 0.9851 0.0285 0.1696
vn 0.9851 0.0284 0.1697
vn -0.9850 0.0273 0.1703
vn -0.9850 0.0275 0.1704
vn -0.9838 0.0316 0.1764
vn -0.9845 0.0266 0.1735
vn -0.9849 0.0237 0.1713
vn -0.9849 0.0236 0.1714
vn 0.9851 0.0397 0.1674
vn 0.9851 0.0382 0.1675
vn 0.9845 0.0265 0.1734
vn 0.9850 0.0273 0.1703
vn -0.9850 0.0203 0.1716
vn -0.9851 0.0207 0.1705
vn -0.9879 0.0177 0.1538
vn -0.9897 0.0177 0.1423
vn 0.9852 0.0207 0.1704
vn 0.9849 0.0203 0.1717
vn 0.9850 0.0204 0.1716
vn 0.9897 0.0177 0.1423
vn 0.9879 0.0177 0.1538
vn 0.9851 0.0207 0.1705
vn 0.9846 0.0195 0.1738
vn -0.9846 0.0194 0.1737
vn -0.9850 0.0189 0.1718
vn -0.9851 0.0206 0.1705
vn -0.9852 0.0187 0.1706
vn -0.9846 0.0226 0.1735
vn -0.9850 0.0187 0.1713
vn -0.9897 0.0177 0.1422
vn -0.9850 0.0208 0.1713
vn -0.9852 0.0207 0.1704
vn -0.9850 0.0207 0.1714
vn 0.9849 0.0393 0.1686
vn 0.9915 0.0314 0.1266
vn 0.9851 0.0206 0.1705
vn 0.9878 0.0168 0.1550
vn 0.9850 0.0206 0.1714
vn 0.9897 0.0177 0.1422
vn -0.9851 0.0286 0.1695
vn -0.9849 0.0393 0.1686
vn -0.9915 0.0314 0.1266
vn 0.9851 0.0189 0.1707
vn 0.9846 0.0216 0.1734
vn 0.9855 0.0031 0.1695
vn -0.9854 0.0325 0.1669
vn 0.9850 0.0334 0.1693
vn 0.9840 0.0402 0.1734
vn 0.9853 0.0412 0.1656
vn 0.9855 0.0440 0.1636
vn 0.9858 0.0422 0.1627
vn 0.9856 0.0373 0.1647
vn -0.9854 0.0031 0.1705
vn 0.9872 0.0333 0.1558
vn 0.9843 0.0373 0.1726
vn 0.9850 0.0335 0.1693
vn -0.9877 0.0334 0.1530
vn -0.9848 0.0383 0.1696
vn -0.9843 0.0371 0.1724
vn -0.9872 0.0333 0.1558
vn 0.9843 0.0371 0.1724
vn 0.9848 0.0384 0.1694
vn 0.9877 0.0334 0.1530
vn -0.9850 0.0091 0.1721
vn -0.9850 0.0089 0.1723
vn -0.9853 0.0109 0.1705
vn -0.9853 0.0079 0.1705
vn -0.9855 0.0451 0.1637
vn -0.9858 0.0421 0.1628
vn 0.9853 0.0080 0.1705
vn 0.9850 0.0088 0.1724
vn 0.9850 0.0090 0.1722
vn 0.9853 0.0118 0.1705
vn -0.9844 0.0373 0.1721
vn -0.9850 0.0332 0.1695
vn -0.9850 0.0334 0.1693
vn -0.9838 0.0414 0.1744
vn -0.9882 0.0089 0.1529
vn -0.9853 0.0110 0.1704
vn -0.9915 0.0099 0.1295
vn -0.9857 0.0050 0.1687
vn 0.9853 0.0079 0.1705
vn 0.9853 0.0115 0.1704
vn 0.9857 0.0050 0.1687
vn 0.9915 0.0099 0.1295
vn 0.9848 0.0380 0.1696
vn 0.9850 0.0382 0.1685
vn 0.9895 0.0314 0.1412
vn -0.9850 0.0381 0.1686
vn -0.9848 0.0381 0.1696
vn -0.9895 0.0314 0.1412
vn 0.9080 -0.1142 -0.4031
vn 0.9996 -0.0077 -0.0270
vn 1.0000 -0.0018 -0.0054
vn 0.5007 -0.2363 -0.8328
vn 0.4991 -0.2306 -0.8353
vn 0.0534 -0.2695 -0.9615
vn 0.0504 -0.2724 -0.9609
vn 1.0000 0.0011 0.0054
vn 1.0000 0.0001 0.0034
vn 0.9999 -0.0008 -0.0123
vn 1.0000 0.0001 0.0063
vn 0.8659 -0.0243 -0.4997
vn 0.9054 -0.0272 -0.4236
vn 0.9999 -0.0008 -0.0161
vn 0.5722 -0.0526 -0.8184
vn 0.4998 -0.0409 -0.8652
vn 0.0553 -0.0448 -0.9975
vn 0.0396 -0.0644 -0.9971
vn -0.0000 -0.0462 -0.9989
vn -0.9859 0.0441 0.1616
vn -0.9868 0.0324 0.1588
vn -0.9842 0.0441 0.1714
vn -0.9851 0.0496 0.1645
vn -0.9739 0.0549 0.2204
vn -0.9836 0.0559 0.1715
vn -0.9842 0.0441 0.1715
vn -0.9729 0.0705 0.2203
vn -0.7480 0.1848 0.6374
vn -0.9891 0.0421 0.1412
vn -0.9851 0.0499 0.1646
vn -0.9856 0.0461 0.1627
vn 0.9081 -0.0898 -0.4089
vn 0.8177 -0.1221 -0.5625
vn 1.0000 0.0002 0.0006
vn 1.0000 0.0001 0.0006
vn 1.0000 0.0002 0.0007
vn -0.9823 0.0021 0.1871
vn -0.9854 0.0021 0.1705
vn -0.9854 0.0015 0.1704
vn -0.9854 -0.0000 0.1705
vn -0.9938 0.0001 0.1109
vn -0.9881 0.0001 0.1538
vn -0.9855 0.0012 0.1695
vn -0.9888 0.0021 0.1489
vn -0.9857 0.0050 0.1686
vn -0.9889 0.0021 0.1489
vn -0.9852 0.0021 0.1715
vn -0.9834 0.0031 0.1812
vn -0.9773 0.0080 0.2115
vn -0.9993 0.0015 0.0368
vn -0.9930 0.0011 0.1177
vn -0.8593 0.0040 0.5115
vn -0.7423 0.0050 0.6700
vn -0.3251 0.0060 0.9456
vn -0.1393 0.0050 0.9902
vn 0.9773 0.0080 0.2115
vn 0.9848 0.0081 0.1736
vn 0.9847 0.0031 0.1745
vn 0.9850 0.0001 0.1724
vn 0.9848 0.0079 0.1735
vn 0.9850 0.0050 0.1727
vn -1.0000 0.0012 0.0006
vn 0.9993 0.0011 0.0368
vn 0.9963 0.0002 0.0865
vn 0.9930 0.0014 0.1177
vn 0.8593 0.0040 0.5115
vn 0.7423 0.0050 0.6700
vn 0.3251 0.0060 0.9456
vn 0.1393 0.0049 0.9902
vn -0.9910 0.0187 0.1323
vn -0.9999 0.0011 0.0113
vn -1.0000 0.0001 0.0034
vn -0.9873 0.0197 0.1577
vn 0.9999 0.0011 0.0113
vn 0.9910 0.0187 0.1323
vn 0.9873 0.0197 0.1577
vn -0.9852 0.0392 0.1669
vn -0.9850 0.0383 0.1684
vn -0.9852 0.0391 0.1670
vn -0.9847 0.0031 0.1744
vn -0.9850 0.0051 0.1727
vn 0.9850 0.0051 0.1727
vn 0.9847 0.0031 0.1744
vn 0.9852 0.0392 0.1667
vn 0.9852 0.0392 0.1669
vn -0.9852 0.0394 0.1668
vn -0.7753 0.4623 -0.4304
vn -0.7674 0.5326 -0.3571
vn -0.7713 0.1907 -0.6072
vn -0.7694 0.6245 -0.1343
vn -0.7652 0.6320 -0.1225
vn 0.9884 0.0002 0.1519
vn 1.0000 0.0010 0.0004
vn 0.9999 0.0011 0.0122
vn 0.9876 0.0128 0.1568
vn -0.9999 0.0011 0.0122
vn -0.9876 0.0128 0.1568
vn -0.9910 0.0245 0.1314
vn -0.9999 0.0021 0.0113
vn -1.0000 0.0011 0.0035
vn 0.9999 0.0021 0.0113
vn 0.9910 0.0245 0.1314
vn 1.0000 0.0011 0.0035
vn 0.9851 0.0441 0.1665
vn -0.9854 0.0442 0.1645
vn -0.9855 0.0448 0.1636
vn -0.9853 0.0462 0.1644
vn -0.9899 0.0343 0.1373
vn -0.9854 0.0441 0.1647
vn -0.9847 0.0431 0.1686
vn 0.9855 0.0448 0.1636
vn 0.9854 0.0442 0.1645
vn 0.9853 0.0462 0.1644
vn 0.9854 0.0441 0.1646
vn 0.9899 0.0343 0.1373
vn 0.9847 0.0431 0.1686
vn 0.9852 0.0441 0.1656
vn 0.9852 0.0440 0.1656
vn 0.9853 0.0460 0.1646
vn 0.9847 0.0432 0.1686
vn 0.9999 0.0031 0.0113
vn 0.9915 0.0314 0.1265
vn 0.9876 0.0363 0.1529
vn 1.0000 0.0011 0.0034
vn -0.9999 0.0031 0.0113
vn -0.9915 0.0314 0.1265
vn -1.0000 0.0011 0.0034
vn -0.9876 0.0363 0.1529
vn -0.9852 0.0441 0.1656
vn -0.9853 0.0460 0.1646
vn -0.9854 0.0441 0.1646
vn -0.9852 0.0440 0.1656
vn 1.0000 -0.0008 -0.0093
vn 0.9999 -0.0018 -0.0161
vn 0.9056 -0.0439 -0.4218
vn 0.5747 -0.0839 -0.8141
vn 0.5192 -0.0937 -0.8495
vn 0.0484 -0.1015 -0.9937
vn 0.0709 -0.1103 -0.9914
vn 0.9995 -0.0038 -0.0298
vn 1.0000 0.0002 -0.0006
vn -1.0000 0.0001 0.0044
vn -1.0000 0.0011 0.0064
vn -0.9878 0.0167 0.1549
vn -0.9999 0.0021 0.0122
vn -1.0000 0.0011 0.0044
vn -0.9872 0.0226 0.1577
vn 1.0000 0.0011 0.0044
vn 1.0000 0.0011 0.0064
vn 0.9999 0.0021 0.0122
vn 0.9872 0.0226 0.1577
vn 1.0000 0.0001 0.0044
vn 0.8624 -0.3839 -0.3299
vn 0.8729 -0.1298 -0.4704
vn 0.8720 -0.1279 -0.4724
vn 0.8292 -0.5491 -0.1041
vn 0.8625 -0.3830 -0.3308
vn 0.8624 -0.3840 -0.3298
vn -0.8624 -0.3840 -0.3298
vn -0.8625 -0.3830 -0.3308
vn -0.8292 -0.5491 -0.1041
vn -0.8624 -0.3839 -0.3299
vn -0.8720 -0.1279 -0.4724
vn -0.8729 -0.1298 -0.4704
vn -0.9967 -0.0160 -0.0797
vn -0.6808 -0.1298 -0.7209
vn -0.6045 -0.1396 -0.7843
vn -0.9998 -0.0057 -0.0211
vn -1.0000 -0.0017 0.0013
vn -1.0000 -0.0001 0.0002
vn -1.0000 0.0001 -0.0001
vn -1.0000 0.0004 -0.0002
vn -1.0000 0.0001 -0.0004
vn -1.0000 0.0001 0.0001
vn -1.0000 -0.0000 -0.0001
vn -1.0000 -0.0001 -0.0001
vn -1.0000 0.0003 -0.0007
vn -0.9877 0.0334 0.1529
vn 0.0435 -0.7465 -0.6640
vn 0.3905 -0.7164 -0.5782
vn 0.4042 -0.7917 -0.4580
vn 0.0386 -0.7484 -0.6621
vn 0.0005 -0.7416 -0.6709
vn -0.0003 -0.7363 -0.6766
vn -0.0435 -0.7465 -0.6640
vn 0.9877 0.0334 0.1529
vn -0.9973 -0.0126 -0.0719
vn -0.6815 -0.0624 -0.7292
vn -0.5993 -0.0692 -0.7975
vn -0.9998 -0.0057 -0.0191
vn -1.0000 -0.0038 0.0015
vn -1.0000 -0.0009 0.0023
vn -1.0000 -0.0000 -0.0004
vn -1.0000 0.0001 0.0004
vn -1.0000 0.0001 0.0093
vn -1.0000 0.0001 0.0025
vn -1.0000 0.0001 0.0063
vn 1.0000 -0.0038 0.0015
vn 0.9998 -0.0057 -0.0191
vn 1.0000 -0.0009 0.0023
vn 1.0000 -0.0000 0.0005
vn 1.0000 -0.0001 -0.0005
vn 0.9973 -0.0126 -0.0719
vn 0.6815 -0.0624 -0.7292
vn 0.5993 -0.0692 -0.7975
vn 1.0000 0.0006 0.0006
vn 1.0000 -0.0000 -0.0003
vn 1.0000 0.0001 0.0025
vn 0.9938 0.0001 0.1108
vn 0.9815 0.0549 0.1832
vn 0.9815 0.0564 0.1829
vn -0.9815 0.0549 0.1832
vn -0.9815 0.0564 0.1829
vn -0.9054 -0.0634 -0.4197
vn -0.9999 -0.0028 -0.0162
vn -0.9962 0.0001 0.0866
vn 0.9974 0.0167 0.0707
vn 0.9900 0.0343 0.1372
vn 0.9963 0.0217 0.0834
vn -0.9974 0.0167 0.0708
vn -0.9963 0.0217 0.0834
vn -0.9900 0.0343 0.1372
vn -1.0000 0.0011 0.0054
vn 0.9962 0.0001 0.0866
vn -0.0396 -0.0644 -0.9971
vn -0.0552 -0.0459 -0.9974
vn -0.4814 -0.0194 -0.8763
vn -0.4998 -0.0409 -0.8652
vn -0.8552 -0.0116 -0.5182
vn -0.8659 -0.0243 -0.4997
vn -0.5722 -0.0526 -0.8184
vn -0.9054 -0.0272 -0.4236
vn -1.0000 0.0001 -0.0093
vn -0.9999 -0.0008 -0.0123
vn -0.9999 -0.0008 -0.0161
vn -1.0000 0.0001 0.0024
vn -0.9999 0.0001 -0.0133
vn -0.8978 -0.0048 -0.4404
vn -0.5575 -0.0087 -0.8302
vn -1.0000 0.0013 0.0005
vn -1.0000 0.0002 0.0005
vn -1.0000 0.0001 -0.0000
vn 1.0000 -0.0001 -0.0000
vn 0.9999 0.0011 0.0112
vn 1.0000 -0.0019 0.0015
vn 1.0000 0.0001 0.0015
vn 1.0000 -0.0003 -0.0001
vn 1.0000 -0.0004 0.0001
vn 1.0000 -0.0001 -0.0001
vn 1.0000 0.0004 -0.0002
vn 1.0000 0.0001 -0.0004
vn 1.0000 -0.0000 -0.0001
vn 1.0000 0.0003 0.0002
vn 1.0000 0.0001 0.0001
vn -1.0000 -0.0010 0.0005
vn 1.0000 0.0002 0.0005
vn 1.0000 0.0001 0.0003
vn 1.0000 0.0001 0.0004
vn 1.0000 -0.0002 -0.0004
vn 1.0000 -0.0000 -0.0004
vn 1.0000 -0.0001 0.0003
vn 1.0000 -0.0002 -0.0000
vn -0.9999 0.0021 0.0112
vn 0.9999 0.0031 0.0112
vn 1.0000 -0.0002 -0.0001
vn -1.0000 -0.0002 0.0002
vn -1.0000 -0.0000 0.0002
vn -1.0000 0.0003 0.0007
vn -1.0000 0.0005 0.0005
vn -1.0000 -0.0002 0.0001
vn -1.0000 -0.0001 -0.0002
vn -1.0000 -0.0001 0.0001
vn 1.0000 0.0002 -0.0005
vn 1.0000 -0.0000 0.0001
vn 1.0000 -0.0001 0.0002
vn 1.0000 -0.0001 0.0001
vn 1.0000 0.0001 0.0002
vn 1.0000 0.0003 0.0007
vn 1.0000 -0.0008 0.0005
vn 0.9999 0.0021 0.0112
vn 1.0000 -0.0027 0.0014
vn 1.0000 -0.0009 0.0004
vn 1.0000 0.0003 -0.0007
vn -0.9999 0.0031 0.0112
vn -1.0000 -0.0002 -0.0001
vn -1.0000 -0.0001 -0.0000
vn -0.9999 0.0011 0.0112
vn -1.0000 -0.0002 -0.0000
vn 1.0000 0.0013 0.0005
vn 1.0000 0.0006 0.0005
vn -1.0000 0.0001 -0.0002
vn 0.7664 -0.6085 0.2057
vn 0.7722 -0.6104 0.1763
vn 1.0000 -0.0000 0.0004
vn 1.0000 -0.0000 0.0002
vn 1.0000 0.0005 0.0005
vn -0.7722 -0.6105 0.1763
vn -0.7664 -0.6085 0.2057
vn -1.0000 -0.0001 0.0003
vn -1.0000 0.0001 0.0003
vn 0.9981 0.0138 0.0601
vn 0.9969 0.0265 0.0737
vn 0.9964 0.0236 0.0815
vn -0.9964 0.0236 0.0815
vn -0.9981 0.0138 0.0601
vn -0.9969 0.0265 0.0737
vn 0.6358 0.2149 0.7414
vn -0.6358 0.2149 0.7414
vn -0.6357 0.2152 0.7413
vn -0.9996 -0.0077 -0.0288
vn 0.7733 -0.6203 0.1314
vn 0.7752 -0.6193 0.1246
vn -0.7733 -0.6203 0.1314
vn -0.7752 -0.6193 0.1246
vn -1.0000 -0.0008 -0.0054
vn -1.0000 0.0011 0.0063
vn 1.0000 0.0011 0.0063
vn 1.0000 0.0002 -0.0007
vn 1.0000 0.0001 -0.0006
vn -0.8722 -0.1611 -0.4618
vn -0.8613 -0.3985 -0.3152
vn -0.8723 -0.1582 -0.4627
vn 0.7624 0.6439 -0.0640
vn 0.8075 0.5229 -0.2731
vn 0.7570 0.6531 -0.0200
vn 0.7549 0.6558 -0.0015
vn 0.7552 0.6551 -0.0210
vn -0.8075 0.5229 -0.2730
vn -0.7624 0.6439 -0.0640
vn -0.7570 0.6531 -0.0200
vn -0.7549 0.6558 -0.0015
vn -0.7552 0.6551 -0.0210
vn 0.6297 -0.6076 0.4841
vn 0.6200 -0.7533 0.2194
vn 0.6188 -0.7579 0.2066
vn 0.6190 -0.7586 0.2033
vn 0.6313 -0.5076 0.5863
vn 0.6192 -0.7593 0.1999
vn 0.6328 -0.1963 0.7490
vn 0.6210 -0.7640 0.1754
vn 0.6327 -0.2002 0.7480
vn 0.6417 -0.7457 -0.1794
vn 0.6215 0.1544 0.7680
vn 0.6411 -0.7450 -0.1841
vn 0.6211 0.1575 0.7677
vn 0.6502 -0.5831 -0.4870
vn 0.6205 0.2277 0.7504
vn 0.6557 -0.4745 -0.5873
vn 0.6219 0.2776 0.7323
vn 0.6511 -0.2715 -0.7088
vn 0.6324 0.5451 0.5503
vn 0.6500 -0.2206 -0.7272
vn 0.6323 0.5478 0.5478
vn 0.6503 -0.1484 -0.7451
vn 0.6314 0.7326 0.2544
vn 0.6514 -0.1523 -0.7433
vn 0.6297 0.7681 0.1158
vn 0.6559 0.1173 -0.7457
vn 0.6197 0.7610 -0.1919
vn 0.6500 0.2619 -0.7134
vn 0.6190 0.7593 -0.2008
vn 0.6416 0.5562 -0.5282
vn 0.6200 0.7564 -0.2086
vn 0.6407 0.5534 -0.5322
vn 0.6189 0.7573 -0.2086
vn -0.6200 -0.7533 0.2194
vn -0.6297 -0.6076 0.4841
vn -0.6188 -0.7579 0.2066
vn -0.6313 -0.5076 0.5863
vn -0.6190 -0.7586 0.2033
vn -0.6328 -0.1963 0.7491
vn -0.6192 -0.7593 0.1999
vn -0.6326 -0.2003 0.7481
vn -0.6210 -0.7640 0.1754
vn -0.6215 0.1544 0.7680
vn -0.6417 -0.7457 -0.1794
vn -0.6211 0.1575 0.7677
vn -0.6411 -0.7450 -0.1841
vn -0.6205 0.2277 0.7504
vn -0.6502 -0.5831 -0.4870
vn -0.6219 0.2776 0.7323
vn -0.6557 -0.4744 -0.5873
vn -0.6324 0.5452 0.5503
vn -0.6511 -0.2715 -0.7088
vn -0.6323 0.5478 0.5478
vn -0.6500 -0.2206 -0.7272
vn -0.6314 0.7326 0.2544
vn -0.6503 -0.1484 -0.7451
vn -0.6297 0.7681 0.1158
vn -0.6514 -0.1523 -0.7433
vn -0.6197 0.7610 -0.1919
vn -0.6559 0.1173 -0.7457
vn -0.6190 0.7593 -0.2008
vn -0.6499 0.2619 -0.7134
vn -0.6200 0.7564 -0.2087
vn -0.6416 0.5562 -0.5282
vn -0.6189 0.7573 -0.2086
vn -0.6407 0.5534 -0.5322
vn -0.7753 -0.6184 0.1285
vn -0.7753 -0.6154 0.1422
vn -0.7766 -0.4857 0.4012
vn -0.7610 0.6385 -0.1148
vn -0.7614 0.6380 -0.1147
vn 0.7610 0.6385 -0.1148
vn 0.7614 0.6380 -0.1147
vn 0.7752 -0.6193 0.1245
vn 0.7753 -0.6184 0.1285
vn 0.7766 -0.4857 0.4012
vn 0.7753 -0.6154 0.1422
vn -0.7752 -0.6193 0.1245
vn 0.7632 0.6261 0.1597
vn 0.7615 0.6391 -0.1079
vn 0.7656 0.5825 0.2731
vn 0.7685 0.3921 0.5056
vn 0.7605 0.6400 -0.1099
vn 0.7610 0.6385 -0.1149
vn 0.7614 0.6380 -0.1148
vn 0.8732 -0.1074 -0.4754
vn 0.8737 -0.1084 -0.4742
vn 0.8625 -0.3839 -0.3298
vn 0.8292 -0.5491 -0.1040
vn 0.8624 -0.3841 -0.3298
vn 0.8095 -0.5871 -0.0005
vn 0.7716 -0.6058 0.1940
vn -0.8095 -0.5871 -0.0005
vn -0.7716 -0.6058 0.1940
vn -0.8292 -0.5491 -0.1040
vn -0.8625 -0.3839 -0.3298
vn -0.8732 -0.1074 -0.4754
vn -0.8738 -0.1073 -0.4743
vn -0.7615 0.6391 -0.1079
vn -0.7610 0.6385 -0.1149
vn -0.7605 0.6400 -0.1099
vn -0.7614 0.6380 -0.1148
vn 0.7714 -0.6105 0.1793
vn 0.8094 -0.5870 -0.0142
vn 0.8289 -0.5460 -0.1216
vn 0.8634 -0.3714 -0.3415
vn 0.8634 -0.3713 -0.3415
vn -0.8634 -0.3714 -0.3415
vn -0.8289 -0.5460 -0.1216
vn -0.8094 -0.5870 -0.0142
vn -0.8634 -0.3713 -0.3415
vn -0.7722 -0.6104 0.1763
vn -0.7714 -0.6106 0.1793
vn -0.7664 -0.6085 0.2056
vn -0.0161 0.7693 0.6387
vn 0.0005 0.7685 0.6399
vn 0.0002 0.7674 0.6412
vn 0.0161 0.7693 0.6387
vn -0.0532 0.7719 0.6335
vn -0.2936 0.7681 0.5691
vn -0.3992 0.7595 0.5136
vn 0.0532 0.7719 0.6335
vn 0.2936 0.7681 0.5691
vn 0.3992 0.7595 0.5136
vn 0.7791 0.4251 -0.4607
vn 0.7792 0.1799 -0.6004
vn 0.7791 0.1770 -0.6013
vn 0.7771 -0.1141 -0.6189
vn 0.7821 -0.5597 -0.2741
vn 0.7829 -0.3760 -0.4957
vn 0.7820 -0.6016 -0.1628
vn 0.7821 -0.3761 -0.4968
vn -0.7829 -0.3760 -0.4957
vn -0.7821 -0.5597 -0.2741
vn -0.7820 -0.6016 -0.1628
vn -0.7821 -0.3761 -0.4968
vn -0.7632 0.6261 0.1597
vn -0.7656 0.5825 0.2731
vn -0.7685 0.3921 0.5056
vn 0.0142 -0.5687 0.8224
vn 0.0005 -0.5676 0.8233
vn -0.0005 -0.5665 0.8240
vn -0.0142 -0.5687 0.8224
vn 0.0493 -0.5714 0.8192
vn 0.3297 -0.5872 0.7393
vn 0.3306 -0.5897 0.7369
vn -0.0493 -0.5714 0.8192
vn -0.3297 -0.5871 0.7393
vn -0.3306 -0.5897 0.7369
vn 0.0003 0.2747 0.9615
vn -0.0005 0.2746 0.9616
vn 0.0003 0.2748 0.9615
vn -0.0004 0.2746 0.9616
vn 0.0005 0.2746 0.9616
vn 0.0004 0.2746 0.9616
vn -0.8415 0.2277 -0.4899
vn -0.8449 0.0637 -0.5312
vn -0.8385 0.3293 -0.4342
vn -0.8124 0.5003 -0.2995
vn -0.8489 0.0177 -0.5283
vn -0.8497 -0.0116 -0.5272
vn -0.8449 0.0636 -0.5312
vn -0.7066 0.7076 -0.0000
vn -0.9991 0.0431 -0.0005
vn -0.9987 0.0519 -0.0000
vn 0.8124 0.5003 -0.2995
vn 0.8385 0.3293 -0.4342
vn 0.8415 0.2277 -0.4899
vn 0.8449 0.0637 -0.5312
vn 0.8497 -0.0116 -0.5272
vn 0.8489 0.0177 -0.5283
vn 0.8449 0.0636 -0.5312
vn -0.0386 -0.7484 -0.6621
vn -0.3905 -0.7164 -0.5782
vn -0.4042 -0.7917 -0.4581
vn -0.4391 -0.7981 -0.4127
vn -0.4042 -0.7917 -0.4580
vn -0.3876 -0.8600 -0.3318
vn -0.5721 -0.7952 -0.2008
vn 0.9991 0.0431 0.0015
vn -0.7223 0.6379 0.2671
vn -0.7510 0.6568 0.0679
vn -0.7520 0.6559 0.0650
vn -0.7549 0.6548 0.0366
vn -0.7095 0.5969 0.3746
vn -0.6783 0.4211 0.6021
vn -0.6782 0.4201 0.6030
vn -0.6592 0.1655 0.7335
vn 0.7095 0.5969 0.3746
vn 0.6783 0.4211 0.6021
vn 0.7223 0.6379 0.2671
vn 0.6782 0.4200 0.6030
vn 0.6593 0.1654 0.7335
vn 0.7510 0.6568 0.0679
vn 0.7520 0.6559 0.0650
vn 0.7549 0.6548 0.0366
vn -0.6101 0.7231 0.3239
vn -0.6084 0.7244 0.3241
vn -0.3993 0.7595 0.5136
vn 0.7799 -0.1932 0.5953
vn 0.7799 -0.1962 0.5944
vn -0.7799 -0.1932 0.5953
vn -0.7781 0.1075 0.6189
vn 0.8737 -0.1386 -0.4664
vn 0.8737 -0.1415 -0.4654
vn 0.8733 -0.1551 -0.4618
vn 0.8722 -0.1611 -0.4618
vn 0.8737 -0.1385 -0.4664
vn 0.8612 -0.4004 -0.3131
vn 0.8613 -0.3985 -0.3152
vn 0.8722 -0.1582 -0.4628
vn -0.3895 0.4458 -0.8059
vn -0.0796 0.4426 -0.8932
vn -0.0250 0.4368 -0.8992
vn -0.4030 0.5717 -0.7147
vn -0.4382 0.5972 -0.6718
vn -0.3853 0.6838 -0.6197
vn -0.5709 0.6722 -0.4714
vn -0.8737 -0.1386 -0.4664
vn -0.8733 -0.1551 -0.4618
vn -0.8737 -0.1415 -0.4654
vn 0.8475 0.2131 -0.4861
vn 0.8604 -0.0086 -0.5096
vn 0.8624 -0.0389 -0.5047
vn 0.8425 0.3176 -0.4352
vn 0.8075 0.5228 -0.2731
vn 0.8096 0.5170 -0.2780
vn -0.8475 0.2131 -0.4861
vn -0.8604 -0.0086 -0.5096
vn -0.8425 0.3176 -0.4352
vn -0.8624 -0.0389 -0.5047
vn -0.8075 0.5228 -0.2731
vn -0.8096 0.5170 -0.2780
vn -0.7769 0.4455 -0.4449
vn -0.7779 0.2688 -0.5679
vn -0.7708 0.5192 -0.3691
vn -0.7744 0.1634 -0.6112
vn -0.7705 0.6197 -0.1491
vn 0.7706 0.6197 -0.1491
vn 0.7708 0.5192 -0.3691
vn 0.7769 0.4455 -0.4449
vn 0.7780 0.2688 -0.5679
vn 0.7744 0.1634 -0.6112
vn 0.7766 -0.4857 0.4013
vn 0.7772 -0.4816 0.4050
vn 0.7791 -0.2812 0.5603
vn 0.7751 -0.1787 0.6061
vn 0.7762 0.0470 0.6287
vn 0.7778 0.0783 0.6236
vn 0.7784 0.0979 0.6201
vn -0.7762 0.0470 0.6287
vn -0.7751 -0.1786 0.6061
vn -0.7778 0.0783 0.6236
vn -0.7784 0.0979 0.6201
vn -0.7791 -0.2812 0.5603
vn -0.7766 -0.4857 0.4013
vn -0.7772 -0.4816 0.4050
vn 0.6737 0.4544 0.5828
vn 0.7058 0.6175 0.3473
vn 0.7156 0.6546 0.2438
vn -0.0004 -0.9814 0.1919
vn -0.0001 -0.9815 0.1916
vn -0.0003 -0.9815 0.1917
vn -0.0003 -0.9815 0.1916
vn -0.0005 -0.9814 0.1919
vn -0.0034 -0.9806 0.1959
vn 0.0001 -0.9815 0.1916
vn -0.0000 -0.9815 0.1916
vn 0.0003 -0.9815 0.1917
vn 0.0005 -0.9814 0.1919
vn 0.0035 -0.9806 0.1958
vn 0.0003 -0.9815 0.1916
vn 0.0005 0.9800 -0.1988
vn 0.0062 0.9788 -0.2048
vn 0.0005 0.9802 -0.1979
vn 0.0002 0.9803 -0.1975
vn 0.0002 0.9803 -0.1976
vn 0.0007 0.9803 -0.1974
vn 0.0006 0.9802 -0.1978
vn -0.0004 0.9802 -0.1978
vn -0.0002 0.9803 -0.1975
vn -0.0006 0.9803 -0.1977
vn -0.0006 0.9802 -0.1978
vn -0.0005 0.9800 -0.1988
vn -0.0065 0.9789 -0.2044
vn -0.0006 0.9802 -0.1980
vn 0.0006 0.9802 -0.1980
vn 0.0003 0.9803 -0.1977
vn 0.0005 0.9801 -0.1987
vn -0.0005 0.3647 -0.9311
vn 0.0259 0.3655 -0.9305
vn 0.0004 0.3616 -0.9323
vn 0.7623 0.1134 0.6373
vn 0.7685 0.3920 0.5057
vn 0.7682 0.3928 0.5055
vn 0.7616 0.0853 0.6424
vn -0.7685 0.3920 0.5057
vn -0.7682 0.3928 0.5055
vn -0.7623 0.1134 0.6373
vn -0.7616 0.0853 0.6424
vn 0.9289 0.1497 -0.3386
vn 0.8681 0.0236 -0.4959
vn 0.8774 0.0412 -0.4780
vn 0.8508 -0.0126 -0.5253
vn 0.8489 0.0178 -0.5283
vn -0.8681 0.0236 -0.4959
vn -0.8774 0.0412 -0.4780
vn -0.9289 0.1497 -0.3386
vn -0.8508 -0.0126 -0.5253
vn -0.8489 0.0179 -0.5283
vn -0.8722 -0.1582 -0.4628
vn 0.3853 0.6838 -0.6197
vn 0.5709 0.6722 -0.4714
vn 0.4382 0.5972 -0.6718
vn 0.4030 0.5717 -0.7147
vn 0.0796 0.4426 -0.8932
vn 0.4030 0.5716 -0.7148
vn 0.3895 0.4459 -0.8059
vn 0.7271 -0.5995 0.3345
vn 0.7040 -0.4845 0.5193
vn 0.7393 -0.6097 0.2858
vn 0.7402 -0.6135 0.2751
vn 0.7188 -0.6136 0.3269
vn 0.6215 -0.6043 0.4985
vn 0.5468 -0.6019 0.5820
vn 0.3299 -0.5872 0.7392
vn 0.3306 -0.5897 0.7368
vn 0.7041 -0.4777 0.5253
vn 0.6769 -0.2824 0.6798
vn 0.6610 -0.1806 0.7283
vn -0.7782 0.1008 0.6199
vn -0.7784 0.1155 0.6171
vn -0.7784 0.0978 0.6201
vn -0.7780 0.1466 0.6109
vn -0.7822 0.4027 0.4754
vn -0.7808 0.5744 0.2456
vn -0.7777 0.6131 0.1393
vn -0.7822 0.4028 0.4753
vn -0.7771 0.6185 -0.1167
vn -0.7766 0.6179 -0.1227
vn 0.3895 0.4458 -0.8060
vn 0.0249 0.4366 -0.8993
vn 0.0003 0.4369 -0.8995
vn 0.0003 0.4368 -0.8996
vn 0.4383 0.5971 -0.6718
vn 0.0005 0.4369 -0.8995
vn -0.0249 0.4368 -0.8992
vn 0.0003 0.4367 -0.8996
vn 0.4383 0.5972 -0.6717
vn 0.5710 0.6722 -0.4713
vn 0.7530 0.6344 -0.1746
vn 0.7671 0.6271 -0.1353
vn 0.7706 0.6197 -0.1490
vn 0.7712 0.6194 -0.1470
vn 0.7708 0.5193 -0.3690
vn 0.7784 0.1155 0.6171
vn 0.7782 0.1008 0.6199
vn 0.7784 0.0978 0.6201
vn -0.7610 0.0519 0.6466
vn -0.7622 0.0733 0.6432
vn -0.7587 0.0177 0.6512
vn -0.7618 0.0735 0.6436
vn 0.7618 0.0733 0.6436
vn 0.7610 0.0519 0.6466
vn 0.7587 0.0177 0.6512
vn 0.7618 0.0734 0.6436
vn 0.7616 0.0851 0.6424
vn 0.7618 0.0735 0.6436
vn -0.7619 0.0733 0.6436
vn -0.7616 0.0851 0.6424
vn -0.7623 0.0733 0.6431
vn 0.8740 -0.0907 -0.4773
vn 0.8742 -0.0787 -0.4791
vn 0.8742 -0.0783 -0.4792
vn 0.8736 -0.1210 -0.4713
vn 0.8634 -0.3712 -0.3416
vn -0.8634 -0.3712 -0.3416
vn -0.8736 -0.1210 -0.4713
vn -0.8740 -0.0907 -0.4773
vn -0.8742 -0.0783 -0.4792
vn 0.6101 0.7231 0.3239
vn 0.6085 0.7244 0.3240
vn 0.2937 0.7681 0.5690
vn 0.7373 0.6694 0.0913
vn 0.7549 0.6549 0.0367
vn 0.7041 -0.4778 0.5253
vn -0.8739 -0.0614 -0.4822
vn -0.8742 -0.0781 -0.4792
vn -0.8722 -0.0321 -0.4881
vn -0.8615 0.1907 -0.4706
vn -0.8553 0.2941 -0.4265
vn 0.8742 -0.0781 -0.4792
vn 0.8739 -0.0614 -0.4822
vn 0.8722 -0.0321 -0.4881
vn 0.8741 -0.0787 -0.4793
vn 0.8615 0.1907 -0.4706
vn 0.8553 0.2941 -0.4265
vn 0.7780 0.1466 0.6110
vn 0.7822 0.4027 0.4754
vn 0.7821 0.4017 0.4763
vn 0.7808 0.5744 0.2457
vn 0.7782 0.1007 0.6199
vn 0.5720 -0.7953 -0.2008
vn 0.3876 -0.8600 -0.3319
vn 0.4391 -0.7980 -0.4127
vn 0.9673 0.2513 0.0357
vn 0.9893 0.1457 0.0005
vn 0.9328 0.3597 0.0239
vn 0.9359 0.3520 -0.0159
vn 0.8140 -0.5624 -0.1450
vn 0.8505 -0.3741 -0.3698
vn 0.7937 -0.6074 -0.0337
vn 0.7537 -0.6358 0.1665
vn 0.8502 -0.3749 -0.3696
vn 0.8615 -0.1045 -0.4969
vn 0.7480 -0.6341 0.1959
vn 0.7537 -0.6358 0.1666
vn 0.7534 -0.6357 0.1684
vn 0.8624 -0.0741 -0.5008
vn 0.8615 -0.1044 -0.4969
vn 0.8624 -0.0594 -0.5027
vn 0.8631 -0.0577 -0.5017
vn 0.8604 -0.0087 -0.5096
vn -0.7537 -0.6358 0.1665
vn -0.7480 -0.6341 0.1959
vn -0.7534 -0.6356 0.1684
vn -0.7937 -0.6074 -0.0337
vn -0.8140 -0.5624 -0.1450
vn -0.8505 -0.3741 -0.3698
vn -0.8502 -0.3749 -0.3697
vn -0.8615 -0.1045 -0.4970
vn -0.8625 -0.0593 -0.5026
vn -0.8615 -0.1044 -0.4970
vn -0.8624 -0.0741 -0.5008
vn -0.8631 -0.0578 -0.5018
vn -0.8604 -0.0087 -0.5096
vn -0.2937 0.7680 0.5691
vn -0.7373 0.6694 0.0913
vn -0.6085 0.7244 0.3240
vn -0.6102 0.7231 0.3238
vn -0.7549 0.6548 0.0367
vn 0.8611 0.2111 -0.4625
vn 0.8729 -0.0809 -0.4812
vn 0.8612 0.2083 -0.4636
vn 0.8284 0.4556 -0.3260
vn 0.8737 -0.1083 -0.4743
vn 0.8729 -0.0810 -0.4811
vn 0.8731 -0.0839 -0.4803
vn -0.8729 -0.0809 -0.4811
vn -0.8611 0.2111 -0.4625
vn -0.8612 0.2083 -0.4636
vn -0.8284 0.4556 -0.3260
vn -0.8729 -0.0810 -0.4811
vn -0.8738 -0.1074 -0.4743
vn -0.8731 -0.0839 -0.4803
vn 0.7742 -0.6271 0.0855
vn 0.7781 -0.6241 0.0718
vn 0.7793 -0.6224 0.0728
vn 0.7820 -0.6017 -0.1626
vn 0.7821 -0.5597 -0.2739
vn 0.7594 -0.6484 0.0542
vn 0.5721 -0.7952 -0.2008
vn 0.4392 -0.7980 -0.4127
vn -0.7781 -0.6241 0.0718
vn -0.7742 -0.6271 0.0855
vn -0.7793 -0.6224 0.0728
vn -0.7820 -0.6017 -0.1626
vn -0.7821 -0.5597 -0.2739
vn -0.7594 -0.6484 0.0542
vn -0.4392 -0.7980 -0.4127
vn -0.4391 -0.7980 -0.4128
vn -0.7706 0.6197 -0.1490
vn -0.7671 0.6271 -0.1353
vn -0.7530 0.6344 -0.1746
vn -0.5710 0.6722 -0.4713
vn -0.4383 0.5972 -0.6718
vn -0.7712 0.6194 -0.1470
vn -0.7708 0.5193 -0.3690
vn -0.3895 0.4459 -0.8059
vn -0.4383 0.5971 -0.6718
vn 1.0000 0.0001 0.0013
vn 1.0000 0.0003 0.0012
vn -1.0000 0.0001 0.0013
vn -1.0000 0.0002 0.0004
vn -1.0000 0.0003 0.0012
vn 0.8505 -0.3740 -0.3698
vn 0.8624 -0.0742 -0.5008
vn -0.8505 -0.3740 -0.3698
vn -0.8624 -0.0742 -0.5008
vn -0.8615 -0.1045 -0.4969
vn -0.9673 0.2512 0.0357
vn -0.9893 0.1457 0.0005
vn 0.7688 0.6394 -0.0093
vn 0.7717 0.6354 -0.0269
vn 0.7694 0.6381 -0.0288
vn -0.7688 0.6394 -0.0093
vn -0.7694 0.6381 -0.0288
vn -0.7717 0.6354 -0.0269
vn -0.5875 0.6389 -0.4966
vn -0.4547 0.5460 -0.7036
vn -0.7598 0.6208 -0.1930
vn -0.7715 0.6178 -0.1520
vn -0.4546 0.5460 -0.7037
vn -0.4189 0.5172 -0.7463
vn -0.4021 0.3802 -0.8329
vn -0.7808 0.5744 0.2457
vn -0.7821 0.4017 0.4763
vn -0.7780 0.1467 0.6109
vn -0.7479 -0.6339 0.1969
vn -0.7595 -0.6358 0.1373
vn -0.7588 -0.5109 0.4040
vn -0.7595 -0.5059 0.4088
vn -0.7624 -0.3046 0.5709
vn -0.7586 -0.6397 0.1236
vn -0.7585 -0.6406 0.1197
vn -0.7562 -0.6422 0.1256
vn -0.7568 -0.2012 0.6219
vn -0.7610 0.0519 0.6467
vn 0.7568 -0.2012 0.6219
vn 0.7624 -0.3046 0.5710
vn 0.7610 0.0519 0.6467
vn 0.7588 -0.5109 0.4040
vn 0.7595 -0.5059 0.4088
vn 0.7595 -0.6358 0.1373
vn 0.7586 -0.6398 0.1236
vn 0.7585 -0.6406 0.1197
vn 0.7562 -0.6422 0.1256
vn 0.7766 0.6179 -0.1227
vn 0.7479 -0.6339 0.1969
vn 0.7936 -0.6075 -0.0337
vn 0.7534 -0.6356 0.1684
vn 0.7776 0.6131 0.1393
vn 0.7771 0.6185 -0.1167
vn 0.7808 0.5744 0.2456
vn 0.7822 0.4028 0.4754
vn -0.8213 0.5004 -0.2741
vn -0.7772 0.6254 -0.0698
vn -0.7717 0.6355 -0.0269
vn -0.8225 0.4967 -0.2771
vn -0.8553 0.2942 -0.4264
vn -0.8615 0.1908 -0.4706
vn 0.8213 0.5004 -0.2741
vn 0.8553 0.2942 -0.4264
vn 0.8615 0.1908 -0.4706
vn 0.8225 0.4967 -0.2771
vn 0.7772 0.6254 -0.0698
vn 0.7717 0.6355 -0.0269
vn 0.7765 0.6188 -0.1187
vn -0.7765 0.6188 -0.1187
vn -0.9995 -0.0311 0.0005
vn -0.9989 0.0001 -0.0473
vn -0.9936 -0.1054 -0.0415
vn -0.0152 0.8074 0.5898
vn 0.0003 0.8061 0.5917
vn 0.0008 0.8058 0.5922
vn 0.0152 0.8074 0.5898
vn -0.0523 0.8089 0.5856
vn -0.3463 0.7964 0.4958
vn -0.3463 0.7975 0.4940
vn 0.0523 0.8089 0.5856
vn 0.3463 0.7964 0.4958
vn 0.3463 0.7975 0.4940
vn -0.5669 0.7550 0.3296
vn -0.3465 0.7975 0.4939
vn -0.3464 0.7964 0.4958
vn 0.3464 0.7964 0.4958
vn 0.3465 0.7975 0.4939
vn 0.5669 0.7550 0.3296
vn -0.7792 0.4251 -0.4606
vn -0.7747 0.5026 -0.3837
vn -0.7747 0.6102 -0.1658
vn -0.7748 0.6104 -0.1646
vn -0.6395 0.7301 0.2409
vn -0.7304 0.6793 0.0709
vn 0.6395 0.7301 0.2409
vn 0.7304 0.6793 0.0709
vn 0.5615 -0.0000 0.8275
vn 0.5615 0.0148 0.8273
vn 0.5611 0.0382 0.8269
vn 0.5612 0.0383 0.8268
vn 0.5615 0.0148 0.8274
vn 0.5126 0.4074 0.7558
vn -0.5615 -0.0000 0.8275
vn -0.5615 0.0148 0.8274
vn -0.5612 0.0382 0.8268
vn -0.5612 0.0383 0.8268
vn -0.5126 0.4074 0.7558
vn -0.5615 0.0148 0.8273
vn 0.4022 0.6403 -0.6544
vn 0.5874 0.6389 -0.4967
vn 0.4546 0.5461 -0.7037
vn 0.4189 0.5173 -0.7463
vn -0.7803 0.4262 0.4578
vn -0.7779 0.1623 0.6070
vn -0.7783 0.1351 0.6132
vn -0.7802 0.4242 0.4597
vn -0.7790 0.5863 0.2222
vn -0.7743 0.6216 0.1187
vn -0.7764 0.6158 -0.1344
vn -0.7767 0.6151 -0.1354
vn -0.7765 0.6139 -0.1422
vn -0.7753 0.6167 -0.1363
vn 0.7715 0.6178 -0.1520
vn 0.7748 0.6102 -0.1657
vn 0.7599 0.6207 -0.1931
vn 0.5875 0.6389 -0.4966
vn 0.4546 0.5461 -0.7036
vn 0.7748 0.6104 -0.1645
vn 0.7747 0.5026 -0.3837
vn 0.7792 0.4251 -0.4606
vn 0.4189 0.5171 -0.7464
vn 0.4546 0.5460 -0.7037
vn 0.4021 0.3802 -0.8329
vn 0.0826 0.3734 -0.9240
vn -0.0005 0.3648 -0.9311
vn 0.0009 0.3619 -0.9322
vn -0.0259 0.3646 -0.9308
vn -0.0826 0.3735 -0.9240
vn -0.4020 0.3802 -0.8330
vn -0.4188 0.5172 -0.7464
vn -0.4546 0.5461 -0.7037
vn -0.4022 0.6403 -0.6544
vn -0.4189 0.5173 -0.7463
vn -0.5874 0.6389 -0.4967
vn 0.7714 0.6333 -0.0621
vn 0.8086 0.5327 -0.2497
vn 0.8284 0.4557 -0.3259
vn 0.8611 0.2112 -0.4625
vn 0.7666 0.6411 -0.0367
vn 0.7714 0.6333 -0.0620
vn 0.7657 0.6422 -0.0366
vn 0.8611 0.2111 -0.4626
vn 0.8729 -0.0809 -0.4811
vn -0.7439 0.6664 0.0503
vn -0.7156 0.6547 0.2437
vn -0.7058 0.6175 0.3472
vn -0.7459 0.6644 0.0464
vn -0.7493 0.6619 0.0181
vn 0.7493 0.6620 0.0181
vn 0.7439 0.6664 0.0503
vn 0.7459 0.6644 0.0464
vn 0.7156 0.6547 0.2437
vn 0.7058 0.6175 0.3471
vn -0.7666 0.6411 -0.0366
vn -0.7714 0.6333 -0.0621
vn -0.7711 0.6340 -0.0581
vn -0.7657 0.6422 -0.0366
vn -0.8086 0.5327 -0.2497
vn -0.8284 0.4557 -0.3259
vn -0.8611 0.2112 -0.4625
vn -0.8729 -0.0809 -0.4812
vn -0.7305 0.6793 0.0708
vn -0.6396 0.7300 0.2408
vn -0.7493 0.6620 0.0181
vn -0.7435 0.6668 0.0501
vn 0.6396 0.7300 0.2408
vn 0.7305 0.6793 0.0708
vn 0.7069 -0.7073 0.0004
vn 0.8786 -0.4775 -0.0024
vn 0.6474 -0.7621 -0.0005
vn 0.5632 -0.8263 0.0005
vn 0.5632 -0.8263 -0.0000
vn 0.2586 -0.9660 0.0003
vn 0.9162 -0.3976 -0.0503
vn 0.9936 -0.1054 -0.0415
vn 0.9995 -0.0311 -0.0000
vn 0.9840 -0.0575 -0.1685
vn 0.9737 -0.1859 -0.1317
vn 0.9989 0.0001 -0.0474
vn 0.9852 -0.0000 -0.1714
vn 0.7765 0.6139 -0.1422
vn 0.7764 0.6158 -0.1344
vn 0.7767 0.6151 -0.1354
vn 0.7753 0.6167 -0.1363
vn 0.7743 0.6216 0.1187
vn 0.7803 0.4261 0.4578
vn 0.7743 0.6215 0.1187
vn 0.7791 0.5862 0.2222
vn 0.7802 0.4242 0.4597
vn 0.7779 0.1624 0.6070
vn 0.7711 0.6340 -0.0591
vn 0.7666 0.6411 -0.0366
vn 0.7657 0.6422 -0.0367
vn -0.7657 0.6422 -0.0367
vn -0.0004 -0.9857 0.1685
vn -0.0001 -0.9857 0.1685
vn -0.0005 -0.9857 0.1686
vn -0.0005 -0.9855 0.1695
vn -0.0064 -0.9845 0.1754
vn 0.0006 -0.9857 0.1686
vn 0.0005 -0.9857 0.1686
vn 0.0008 -0.9857 0.1684
vn 0.0005 -0.9855 0.1695
vn 0.0005 -0.9857 0.1685
vn 0.0064 -0.9845 0.1754
vn -0.7748 0.6102 -0.1657
vn -0.7599 0.6207 -0.1930
vn -0.7748 0.6104 -0.1645
vn -0.0006 -0.9857 0.1686
vn -0.0008 -0.9857 0.1684
vn 0.0001 -0.9857 0.1685
vn 0.0005 0.9774 -0.2116
vn 0.0043 0.9765 -0.2155
vn 0.0004 0.9774 -0.2114
vn -0.0004 0.9774 -0.2114
vn -0.0005 0.9774 -0.2116
vn -0.0003 0.9775 -0.2108
vn -0.0003 0.9774 -0.2114
vn -0.0044 0.9765 -0.2155
vn -0.0002 0.9775 -0.2109
vn -0.0005 0.9776 -0.2106
vn -0.0005 0.9774 -0.2114
vn 0.0004 0.9774 -0.2113
vn 0.0006 0.9774 -0.2112
vn 0.0004 0.9775 -0.2107
vn 0.0005 0.9776 -0.2107
vn 0.0004 0.9774 -0.2115
vn 0.7764 0.6158 -0.1343
vn 0.7790 0.5863 0.2222
vn -0.8786 -0.4775 -0.0024
vn -0.9162 -0.3976 -0.0503
vn -0.7069 -0.7073 0.0004
vn -0.6474 -0.7621 -0.0005
vn -0.5632 -0.8263 0.0005
vn -0.2584 -0.9660 0.0005
vn -0.2586 -0.9660 0.0003
vn -0.9935 -0.1055 -0.0416
vn -0.9995 -0.0312 0.0005
vn -0.9840 -0.0575 -0.1685
vn -0.9737 -0.1859 -0.1317
vn -0.9989 -0.0000 -0.0474
vn -0.9852 -0.0000 -0.1714
vn -0.7011 -0.0000 0.7130
vn -0.7007 -0.0379 0.7124
vn -0.7007 -0.0360 0.7126
vn -0.4763 -0.8732 0.1029
vn -0.4774 -0.8785 0.0200
vn -0.4616 -0.8860 0.0435
vn -0.4520 -0.8804 0.1432
vn -0.4392 -0.8876 0.1391
vn -0.4324 -0.8862 0.1666
vn 0.7014 -0.0000 0.7127
vn 0.7007 -0.0380 0.7124
vn 0.7008 -0.0360 0.7125
vn 0.6366 -0.2920 0.7138
vn 0.5733 -0.3986 0.7159
vn -0.0005 0.0001 1.0000
vn 0.4392 -0.8876 0.1391
vn 0.4324 -0.8862 0.1666
vn 0.4520 -0.8804 0.1432
vn 0.4763 -0.8732 0.1029
vn 0.4616 -0.8860 0.0435
vn 0.4774 -0.8785 0.0200
vn 0.4882 -0.8727 0.0073
vn 0.5094 -0.8605 0.0004
vn 0.5094 -0.8606 -0.0004
vn -0.4882 -0.8727 0.0073
vn -0.5094 -0.8605 0.0004
vn -0.5094 -0.8606 -0.0004
vn -0.5092 -0.8607 0.0002
vn -0.7007 -0.0380 0.7124
vn -0.6366 -0.2920 0.7138
vn -0.7008 -0.0360 0.7125
vn -0.5733 -0.3986 0.7159
vn -0.7014 -0.0000 0.7127
vn -0.0327 0.7172 -0.6961
vn -0.0005 0.7307 -0.6827
vn 0.0005 0.7300 -0.6835
vn -0.0816 0.7094 -0.7000
vn -0.2447 0.6478 -0.7214
vn -0.4364 0.6446 -0.6277
vn 0.0327 0.7172 -0.6961
vn 0.0005 0.7307 -0.6827
vn 0.0816 0.7094 -0.7000
vn 0.2447 0.6478 -0.7214
vn 0.4364 0.6446 -0.6277
vn -0.7067 0.6801 -0.1950
vn -0.7068 0.6800 -0.1949
vn -0.7071 0.6799 -0.1945
vn 0.7067 0.6801 -0.1950
vn 0.7068 0.6800 -0.1949
vn 0.7071 0.6799 -0.1945
vn 0.0003 0.8070 -0.5905
vn 0.0005 0.8070 -0.5905
vn 0.0003 0.8071 -0.5905
vn 0.0001 0.8071 -0.5904
vn 0.0002 0.9715 -0.2369
vn 0.0009 0.9715 -0.2370
vn 0.0001 0.9716 -0.2366
vn 0.0004 0.9715 -0.2369
vn 0.0004 0.9715 -0.2370
vn 0.0003 0.9716 -0.2366
vn -0.0002 0.9715 -0.2369
vn -0.0005 0.9715 -0.2370
vn -0.0003 0.9715 -0.2370
vn -0.0004 0.9715 -0.2370
vn -0.0005 0.9715 -0.2369
vn -0.0001 0.9609 -0.2769
vn 0.0003 0.9609 -0.2770
vn -0.0000 0.9609 -0.2769
vn -0.0004 0.9609 -0.2770
vn -0.0000 0.9609 -0.2770
vn 0.0003 0.9608 -0.2771
vn 0.0004 0.9608 -0.2771
vn 0.0005 0.9608 -0.2771
vn 0.0001 0.9609 -0.2769
vn 0.0004 0.9609 -0.2770
vn -0.0003 0.9608 -0.2771
vn -0.0004 0.9608 -0.2771
vn -0.4390 -0.8876 0.1393
vn -0.4520 -0.8805 0.1432
vn -0.4763 -0.8732 0.1031
vn 0.4390 -0.8876 0.1393
vn 0.4520 -0.8805 0.1432
vn 0.4763 -0.8732 0.1030
vn 0.0003 0.9991 -0.0434
vn 0.0005 0.9671 -0.2544
vn 0.0005 0.9715 -0.2369
vn -0.0000 0.9614 -0.2751
vn 0.0001 0.9614 -0.2752
vn -0.0003 0.9614 -0.2750
vn 0.0006 0.9614 -0.2750
vn -0.0005 0.9614 -0.2750
vn 0.0002 0.9614 -0.2751
vn 0.0005 0.9671 -0.2545
vn 0.0005 0.9715 -0.2370
vn -0.0001 0.9614 -0.2752
vn -0.0000 0.9614 -0.2752
vn 0.0003 0.9614 -0.2750
vn 0.0003 0.9614 -0.2751
vn -0.4413 -0.5423 0.7149
vn -0.5732 -0.3986 0.7159
vn -0.4351 -0.5468 0.7154
vn -0.6366 -0.2921 0.7138
vn 0.1829 -0.6830 0.7071
vn 0.4412 -0.5424 0.7150
vn 0.5732 -0.3986 0.7159
vn 0.6366 -0.2921 0.7138
vn 0.4413 -0.5423 0.7150
vn 0.4351 -0.5468 0.7154
vn -0.4412 -0.5423 0.7150
vn -0.1830 -0.6831 0.7071
vn -0.1829 -0.6830 0.7071
vn -0.4350 -0.5469 0.7154
vn 0.1830 -0.6831 0.7070
vn 0.4350 -0.5468 0.7154
vn 0.4412 -0.5423 0.7150
vn 0.1061 0.7579 0.6437
vn 0.0006 0.7628 0.6466
vn 0.0894 0.7684 0.6337
vn 0.6804 0.6523 0.3339
vn -0.1060 0.7579 0.6437
vn 0.0001 0.7631 0.6463
vn -0.6804 0.6523 0.3339
vn -0.0894 0.7684 0.6337
vn -0.1061 0.7579 0.6437
vn 0.0004 0.7628 0.6466
vn 0.1060 0.7579 0.6437
vn 0.0003 0.7629 0.6465
vn 0.0552 0.2742 0.9601
vn 0.4586 0.2439 0.8545
vn 0.0544 0.2742 0.9601
vn 0.4606 0.2430 0.8537
vn 0.0542 0.2742 0.9601
vn -0.0001 0.2744 0.9616
vn -0.4586 0.2439 0.8545
vn -0.0552 0.2740 0.9601
vn -0.0542 0.2742 0.9601
vn -0.4606 0.2430 0.8537
vn 0.0001 0.2744 0.9616
vn 0.7596 0.2176 -0.6129
vn 0.7759 0.2126 -0.5940
vn 0.5512 0.1420 -0.8222
vn -0.7596 0.2176 -0.6130
vn -0.5512 0.1420 -0.8222
vn -0.7759 0.2126 -0.5940
vn -0.5574 -0.2270 -0.7986
vn -0.2379 -0.2660 -0.9342
vn -0.5581 -0.2268 -0.7982
vn -0.2369 -0.2661 -0.9344
vn -0.0001 -0.2740 -0.9617
vn -0.0005 -0.2739 -0.9618
vn -0.7947 -0.1605 -0.5854
vn -0.7246 -0.1781 -0.6657
vn -0.9995 -0.0091 -0.0297
vn -0.0004 -0.0833 0.9965
vn -0.0000 -0.0830 0.9965
vn 0.0005 -0.0834 0.9965
vn 0.0004 -0.0833 0.9965
vn 0.0004 -0.0825 0.9966
vn -0.0006 -0.0838 0.9965
vn -0.0013 -0.0836 0.9965
vn -0.0003 -0.0817 0.9967
vn 0.0014 -0.0821 0.9966
vn -0.0181 -0.0795 0.9967
vn 0.0020 -0.0836 0.9965
vn -0.1001 -0.0853 0.9913
vn -0.2330 -0.1039 0.9669
vn -0.5535 -0.0648 0.8304
vn -0.0005 -0.0834 0.9965
vn -0.0000 -0.0831 0.9965
vn -0.0004 -0.0825 0.9966
vn 0.0006 -0.0838 0.9965
vn 0.0013 -0.0836 0.9965
vn 0.0003 -0.0817 0.9967
vn -0.0014 -0.0821 0.9966
vn 0.0181 -0.0795 0.9967
vn -0.0020 -0.0836 0.9965
vn 0.1001 -0.0853 0.9913
vn 0.2330 -0.1039 0.9669
vn 0.5535 -0.0648 0.8304
vn -0.0000 -0.2660 -0.9640
vn -0.1207 -0.2641 -0.9569
vn -0.1157 -0.2640 -0.9576
vn 0.0005 -0.2661 -0.9639
vn 0.1207 -0.2641 -0.9569
vn 0.1157 -0.2640 -0.9576
vn -0.0005 -0.2661 -0.9639
vn 0.0025 -0.5818 -0.8133
vn 0.0006 -0.7779 -0.6284
vn 0.0005 -0.5807 -0.8141
vn 0.0017 -0.7781 -0.6282
vn 0.0023 -0.3873 -0.9219
vn -0.0005 -0.3873 -0.9219
vn 0.0024 -0.2769 -0.9609
vn 0.0005 -0.2769 -0.9609
vn -0.0024 -0.2769 -0.9609
vn -0.0024 -0.3873 -0.9219
vn -0.0021 -0.5818 -0.8133
vn 0.0004 -0.7779 -0.6284
vn -0.0014 -0.7778 -0.6285
vn 0.8864 0.4363 -0.1546
vn 0.7597 0.2176 -0.6128
vn -0.8864 0.4362 -0.1546
vn -0.7597 0.2176 -0.6128
vn 0.6003 -0.0374 0.7989
vn 0.8446 -0.0150 0.5352
vn 0.5535 -0.0647 0.8303
vn 0.1002 -0.0853 0.9913
vn -0.0757 -0.6501 0.7561
vn -0.3112 -0.6570 0.6867
vn -0.0003 -0.6519 0.7583
vn -0.0000 -0.6526 0.7577
vn 0.0756 -0.6496 0.7565
vn 0.0003 -0.6519 0.7583
vn 0.0757 -0.6501 0.7561
vn -0.0005 -0.7105 -0.7037
vn -0.0669 -0.7138 -0.6971
vn -0.0669 -0.7143 -0.6967
vn -0.3160 -0.7143 -0.6244
vn -0.0000 -0.7105 -0.7036
vn 0.3160 -0.7143 -0.6244
vn 0.0669 -0.7138 -0.6971
vn 0.0669 -0.7143 -0.6967
vn 0.0005 -0.7105 -0.7037
vn -0.5018 -0.4439 0.7424
vn -0.3799 -0.5465 0.7463
vn -0.3800 -0.5465 0.7462
vn -0.5018 -0.4440 0.7424
vn -0.6190 -0.2954 0.7277
vn -0.7653 -0.1078 0.6346
vn -0.7626 -0.1078 0.6378
vn -0.8165 -0.0482 0.5753
vn -0.8189 -0.0472 0.5720
vn -0.7724 0.1013 0.6270
vn -0.7645 0.0944 0.6377
vn -0.5839 0.3261 0.7434
vn -0.5758 0.3191 0.7528
vn -0.4547 0.4881 0.7450
vn -0.4567 0.4921 0.7412
vn -0.5359 0.5498 0.6407
vn -0.5366 0.5495 0.6404
vn 0.7645 0.0943 0.6377
vn 0.5839 0.3261 0.7434
vn 0.7724 0.1013 0.6270
vn 0.5758 0.3191 0.7528
vn 0.8165 -0.0482 0.5753
vn 0.4547 0.4881 0.7450
vn 0.8189 -0.0472 0.5720
vn 0.4567 0.4921 0.7412
vn 0.5359 0.5498 0.6407
vn 0.5366 0.5495 0.6404
vn 0.7626 -0.1078 0.6378
vn 0.7653 -0.1078 0.6346
vn 0.6190 -0.2954 0.7277
vn 0.5018 -0.4439 0.7424
vn 0.5018 -0.4440 0.7424
vn 0.3799 -0.5465 0.7463
vn 0.3800 -0.5465 0.7462
vn 0.0757 -0.6496 0.7565
vn 0.3112 -0.6570 0.6867
vn 0.0757 -0.6501 0.7560
vn 0.3121 -0.6558 0.6874
vn 0.5357 -0.6612 0.5251
vn 0.5361 -0.6599 0.5264
vn 0.6637 -0.6674 0.3377
vn 0.6904 -0.6678 0.2783
vn 0.6600 -0.6696 0.3407
vn 0.7020 -0.6940 0.1600
vn 0.6921 -0.6665 0.2771
vn 0.6904 -0.6678 0.2782
vn 0.7028 -0.6929 0.1609
vn -0.5359 -0.6617 0.5244
vn -0.3121 -0.6558 0.6874
vn -0.0758 -0.6501 0.7560
vn -0.5366 -0.6597 0.5261
vn -0.6637 -0.6674 0.3377
vn -0.6904 -0.6678 0.2783
vn -0.6600 -0.6696 0.3407
vn -0.6921 -0.6665 0.2771
vn -0.7020 -0.6940 0.1600
vn -0.6904 -0.6678 0.2782
vn -0.7028 -0.6929 0.1609
vn -0.0025 -0.2611 -0.9653
vn -0.0020 -0.2612 -0.9653
vn 0.0004 -0.2611 -0.9653
vn 0.0023 -0.2611 -0.9653
vn 0.0024 -0.2611 -0.9653
vn 0.0006 -0.2611 -0.9653
vn 0.0005 -0.2611 -0.9653
vn 0.0020 -0.2612 -0.9653
vn 0.4637 -0.7108 -0.5290
vn 0.0670 -0.7138 -0.6971
vn 0.6539 -0.7153 -0.2464
vn 0.6544 -0.7148 -0.2466
vn 0.4638 -0.7108 -0.5288
vn 0.6902 -0.7115 -0.1322
vn 0.4637 -0.7108 -0.5289
vn -0.5368 -0.6596 0.5261
vn -0.6921 -0.6665 0.2772
vn -0.6904 -0.6677 0.2783
vn 0.6904 -0.6677 0.2783
vn 0.6921 -0.6665 0.2772
vn 0.5361 -0.6600 0.5264
vn 0.7824 0.1707 0.5989
vn 0.4608 0.2430 0.8536
vn 0.7834 0.1698 0.5979
vn 0.4587 0.2439 0.8545
vn 0.9777 0.0564 0.2021
vn 0.9779 0.0562 0.2012
vn 0.9843 0.0476 0.1697
vn 0.9845 0.0466 0.1688
vn -0.7824 0.1707 0.5989
vn -0.4607 0.2430 0.8536
vn -0.4587 0.2439 0.8545
vn -0.7834 0.1699 0.5979
vn -0.9777 0.0565 0.2020
vn -0.9779 0.0564 0.2011
vn -0.9843 0.0476 0.1697
vn -0.9845 0.0466 0.1688
vn 0.8868 0.4453 -0.1234
vn 0.8898 0.4336 -0.1420
vn -0.8898 0.4336 -0.1420
vn -0.8868 0.4453 -0.1234
vn -0.6805 0.6523 0.3339
vn -0.8149 0.5524 0.1755
vn -0.5441 0.7066 0.4524
vn -0.8671 0.4961 0.0447
vn -0.8709 0.4901 0.0359
vn -0.8730 0.4872 0.0232
vn -0.8864 0.4363 -0.1546
vn 0.8709 0.4901 0.0359
vn 0.8671 0.4961 0.0447
vn 0.8149 0.5524 0.1755
vn 0.8730 0.4872 0.0232
vn 0.6805 0.6523 0.3339
vn 0.5441 0.7066 0.4524
vn 0.3942 -0.8465 -0.3579
vn 0.1666 -0.8739 -0.4566
vn 0.3934 -0.8468 -0.3580
vn 0.0004 -0.8757 -0.4829
vn 0.0001 -0.8757 -0.4829
vn -0.0006 0.9612 -0.2759
vn -0.0004 0.9612 -0.2758
vn -0.0002 0.9613 -0.2756
vn 0.0004 0.9612 -0.2758
vn -0.0000 0.9612 -0.2757
vn -0.0001 0.9613 -0.2756
vn -0.0005 0.9612 -0.2758
vn 0.0006 0.9612 -0.2758
vn 0.0005 0.9612 -0.2758
vn 0.0003 0.9612 -0.2758
vn 0.0001 0.9613 -0.2756
vn 0.0002 0.9613 -0.2756
vn 0.0004 0.9613 -0.2756
vn -0.6569 -0.2357 -0.7162
vn -0.8440 -0.1176 -0.5232
vn -0.6864 -0.1908 -0.7017
vn -0.7470 -0.1761 -0.6411
vn -0.8918 -0.1127 -0.4381
vn -0.8008 -0.1615 -0.5767
vn -0.9997 -0.0179 -0.0179
vn -0.9997 -0.0179 -0.0169
vn -1.0000 -0.0000 -0.0014
vn -1.0000 0.0017 -0.0014
vn -1.0000 0.0015 -0.0014
vn -0.9992 0.0065 0.0388
vn -0.9999 -0.0013 -0.0120
vn -0.9997 0.0182 0.0134
vn -0.9107 -0.0921 -0.4026
vn -0.8200 -0.1312 -0.5571
vn -0.8260 -0.1497 -0.5434
vn -0.6895 -0.1782 -0.7020
vn -0.6013 -0.2094 -0.7711
vn -0.5019 -0.2290 -0.8341
vn -0.1208 -0.2641 -0.9569
vn -0.5184 -0.2251 -0.8250
vn -0.8007 -0.1615 -0.5769
vn -0.3418 -0.2495 -0.9061
vn -0.5183 -0.2251 -0.8251
vn -0.1158 -0.2640 -0.9575
vn 0.1208 -0.2641 -0.9569
vn 0.1158 -0.2640 -0.9575
vn 0.3417 -0.2495 -0.9061
vn 0.4986 -0.2318 -0.8353
vn 0.5183 -0.2251 -0.8251
vn 0.6013 -0.2094 -0.7711
vn 0.7012 -0.1821 -0.6893
vn 0.8200 -0.1312 -0.5571
vn 0.8260 -0.1497 -0.5434
vn 0.9107 -0.0921 -0.4026
vn 0.9999 -0.0013 -0.0120
vn 0.7470 -0.1761 -0.6411
vn 0.9997 0.0192 0.0134
vn 0.9992 0.0065 0.0388
vn 1.0000 0.0017 -0.0014
vn 1.0000 -0.0000 -0.0014
vn 0.9997 -0.0179 -0.0179
vn 1.0000 0.0016 -0.0013
vn 0.9997 -0.0179 -0.0169
vn 0.8918 -0.1127 -0.4381
vn 0.8008 -0.1615 -0.5767
vn 0.6864 -0.1908 -0.7017
vn 0.8440 -0.1176 -0.5232
vn 0.5184 -0.2251 -0.8250
vn 0.8007 -0.1615 -0.5769
vn 0.6601 -0.1547 -0.7351
vn 0.0002 0.9613 -0.2757
vn 0.7035 -0.7102 0.0261
vn 0.7029 -0.6929 0.1609
vn 0.7021 -0.7116 0.0261
vn 0.0454 0.6670 -0.7437
vn 0.0650 0.1765 -0.9822
vn 0.0659 0.2019 -0.9772
vn 0.0718 -0.3413 -0.9372
vn 0.0738 -0.3460 -0.9353
vn 0.0445 0.6445 -0.7633
vn 0.0230 0.9266 -0.3754
vn 0.0220 0.9213 -0.3883
vn 0.9846 0.0466 0.1688
vn 1.0000 -0.0003 0.0047
vn 0.9844 0.0476 0.1697
vn 1.0000 -0.0003 0.0046
vn -1.0000 -0.0003 0.0047
vn -0.9846 0.0466 0.1688
vn -0.9844 0.0476 0.1697
vn -1.0000 -0.0003 0.0046
vn -0.6886 -0.7197 0.0888
vn -0.6993 -0.7137 0.0398
vn -0.6890 -0.7192 0.0896
vn -0.7062 -0.7080 0.0066
vn -0.6993 -0.7137 0.0399
vn -0.7011 -0.7116 -0.0452
vn -0.7057 -0.7085 0.0066
vn -0.6902 -0.7115 -0.1321
vn -0.7062 -0.7080 0.0065
vn -0.6544 -0.7148 -0.2466
vn -0.6539 -0.7153 -0.2464
vn -0.4637 -0.7108 -0.5289
vn -0.4637 -0.7108 -0.5290
vn -0.0670 -0.7138 -0.6971
vn -0.6445 0.6447 0.4112
vn -0.7001 0.7120 0.0535
vn -0.6356 0.6612 0.3984
vn -0.5367 0.5495 0.6403
vn -0.5360 0.5498 0.6407
vn 0.6445 0.6447 0.4112
vn 0.5367 0.5495 0.6403
vn 0.5360 0.5498 0.6407
vn 0.6356 0.6612 0.3985
vn 0.7001 0.7120 0.0535
vn 0.2379 -0.2660 -0.9342
vn 0.5574 -0.2274 -0.7985
vn 0.5581 -0.2269 -0.7981
vn 0.2369 -0.2664 -0.9343
vn 0.0001 -0.2740 -0.9617
vn 0.0005 -0.2739 -0.9618
vn 0.7947 -0.1605 -0.5854
vn 0.7246 -0.1781 -0.6657
vn 0.9995 -0.0091 -0.0296
vn 0.9998 -0.0069 -0.0200
vn 0.8907 -0.1253 -0.4370
vn 0.8398 -0.0052 0.5429
vn 0.9752 0.0163 0.2205
vn 0.8447 -0.0150 0.5351
vn 0.6004 -0.0374 0.7988
vn 0.9697 0.0075 0.2440
vn 0.9870 0.0251 0.1589
vn 0.9956 0.0290 0.0887
vn 0.9998 0.0114 0.0183
vn 0.9963 0.0017 -0.0862
vn 0.9952 -0.0111 -0.0970
vn 0.9594 -0.0433 -0.2786
vn -0.9998 -0.0072 -0.0199
vn -0.9995 -0.0099 -0.0293
vn -0.8907 -0.1253 -0.4370
vn -0.7020 -0.7117 0.0261
vn -0.6795 -0.7253 -0.1107
vn -0.6971 -0.7076 -0.1155
vn -0.7035 -0.7102 0.0261
vn -0.7021 -0.7116 0.0261
vn -0.7029 -0.6929 0.1609
vn 0.7011 -0.7116 -0.0453
vn 0.6971 -0.7076 -0.1156
vn 0.7011 -0.7117 -0.0452
vn 0.6970 -0.7077 -0.1155
vn 0.6795 -0.7253 -0.1107
vn 0.6993 -0.7137 0.0397
vn 0.6993 -0.7137 0.0399
vn 0.6886 -0.7197 0.0887
vn 0.6795 -0.7253 -0.1106
vn 0.7062 -0.7080 0.0066
vn 0.6891 -0.7192 0.0896
vn 0.7057 -0.7085 0.0066
vn 0.6902 -0.7115 -0.1321
vn 0.0004 -0.9733 0.2294
vn -0.0003 -0.9733 0.2295
vn 0.0005 -0.9763 0.2166
vn 0.0005 -0.9733 0.2294
vn -0.0005 -0.9733 0.2294
vn -0.0005 -0.9763 0.2166
vn 0.0003 -0.9733 0.2295
vn -0.0004 -0.9733 0.2294
vn -0.9881 0.0896 0.1248
vn -0.9490 0.3064 -0.0745
vn -0.9880 0.0905 0.1248
vn -0.9495 0.3046 -0.0755
vn -0.9611 -0.2221 0.1639
vn -0.8840 0.3916 -0.2554
vn -0.9615 -0.2230 0.1609
vn -0.8847 0.3895 -0.2562
vn -0.8777 -0.4770 0.0456
vn -0.8830 0.4297 -0.1889
vn -0.8837 0.4286 -0.1878
vn -0.8875 0.4275 -0.1722
vn -0.8778 -0.4770 0.0446
vn -0.8766 -0.4662 0.1189
vn -0.8750 -0.4693 0.1189
vn -0.8983 0.2928 -0.3275
vn -0.8854 0.4314 -0.1732
vn -0.8973 0.2927 -0.3305
vn -0.8930 0.0866 -0.4416
vn -0.8909 0.0867 -0.4459
vn -0.8916 -0.1605 -0.4234
vn -0.8925 -0.1584 -0.4224
vn -0.0004 -0.9735 -0.2288
vn 0.0004 -0.9735 -0.2288
vn 0.0005 -0.9732 -0.2298
vn 0.0005 -0.9735 -0.2289
vn 0.0005 -0.9735 -0.2288
vn 0.8983 0.2928 -0.3275
vn 0.8875 0.4275 -0.1722
vn 0.8854 0.4314 -0.1732
vn 0.8973 0.2927 -0.3305
vn 0.8930 0.0866 -0.4416
vn 0.8909 0.0867 -0.4459
vn 0.8916 -0.1605 -0.4234
vn 0.8924 -0.1585 -0.4224
vn 0.8837 0.4286 -0.1878
vn 0.8830 0.4297 -0.1889
vn 0.8839 0.3917 -0.2555
vn 0.8847 0.3895 -0.2562
vn 0.9495 0.3046 -0.0755
vn 0.9490 0.3064 -0.0745
vn 0.9881 0.0896 0.1248
vn 0.9880 0.0905 0.1248
vn 0.9611 -0.2221 0.1639
vn 0.9615 -0.2230 0.1609
vn 0.8777 -0.4770 0.0456
vn 0.8777 -0.4771 0.0448
vn 0.8766 -0.4662 0.1189
vn 0.8750 -0.4693 0.1189
vn 0.6993 -0.7138 0.0398
vn 0.8925 -0.1586 -0.4223
vn 0.9092 -0.3227 -0.2631
vn 0.9089 -0.3227 -0.2640
vn 0.8916 -0.1606 -0.4234
vn 0.9162 -0.3961 -0.0599
vn 0.9177 -0.3930 -0.0579
vn 0.8984 -0.4214 0.1238
vn 0.8997 -0.4186 0.1238
vn -0.8925 -0.1586 -0.4223
vn -0.9092 -0.3227 -0.2631
vn -0.8916 -0.1606 -0.4234
vn -0.9089 -0.3227 -0.2640
vn -0.9162 -0.3961 -0.0599
vn -0.9177 -0.3930 -0.0579
vn -0.8984 -0.4214 0.1238
vn -0.8997 -0.4186 0.1238
vn -0.0004 -0.9879 0.1550
vn 0.0003 -0.9917 0.1286
vn -0.0005 -0.9879 0.1551
vn -0.6969 -0.7076 -0.1167
vn -0.6795 -0.7252 -0.1107
vn -0.0000 -0.9917 0.1285
vn 0.0005 -0.9959 0.0906
vn 0.6971 -0.7076 -0.1155
vn -0.0659 0.2019 -0.9772
vn -0.0718 -0.3413 -0.9372
vn -0.0650 0.1765 -0.9822
vn -0.0738 -0.3460 -0.9353
vn -0.0454 0.6670 -0.7437
vn -0.0445 0.6445 -0.7633
vn -0.0230 0.9266 -0.3754
vn -0.0220 0.9213 -0.3883
vn -0.0220 0.9545 -0.2973
vn -0.0220 0.9213 -0.3882
vn -0.0396 0.9876 0.1522
vn -0.0419 0.9852 0.1662
vn -0.0591 0.7831 0.6191
vn -0.0621 0.7685 0.6368
vn -0.0699 0.3456 0.9358
vn -0.0712 0.3415 0.9372
vn -0.0650 -0.1782 0.9819
vn -0.0621 -0.1987 0.9781
vn -0.0453 -0.6479 0.7604
vn -0.0425 -0.6630 0.7474
vn -0.0239 -0.9227 0.3848
vn -0.0220 -0.9256 0.3779
vn -0.0220 -0.9556 0.2938
vn -0.0220 -0.9541 0.2987
vn -0.0220 -0.9557 0.2937
vn -0.0415 -0.9844 -0.1713
vn -0.0425 -0.9884 -0.1459
vn -0.0620 -0.7674 -0.6382
vn -0.0640 -0.7860 -0.6149
vn -0.0738 -0.3462 -0.9352
vn -0.9969 -0.0052 0.0780
vn -0.9770 -0.0267 0.2118
vn -0.9765 -0.0345 0.2127
vn -0.9970 -0.0042 0.0779
vn -0.9943 0.0017 -0.1067
vn -0.9992 0.0056 0.0389
vn -0.9769 -0.0267 0.2118
vn -0.9666 0.0036 -0.2562
vn -0.9943 0.0007 -0.1068
vn -0.9943 0.0017 -0.1068
vn -0.9650 -0.0081 -0.2622
vn -0.9584 -0.0462 -0.2818
vn -0.9594 -0.0433 -0.2786
vn -0.9952 -0.0111 -0.0970
vn -0.9963 0.0017 -0.0862
vn -0.9998 0.0114 0.0183
vn -0.9956 0.0290 0.0887
vn -0.9870 0.0251 0.1589
vn -0.9752 0.0163 0.2205
vn -0.9697 0.0075 0.2440
vn -0.8398 -0.0052 0.5429
vn -0.8446 -0.0150 0.5351
vn -0.6003 -0.0374 0.7989
vn -0.5535 -0.0648 0.8303
vn -0.1002 -0.0853 0.9913
vn 0.9992 0.0056 0.0388
vn -0.8854 0.4314 -0.1731
vn 0.8854 0.4314 -0.1731
vn 0.0003 0.9651 -0.2621
vn 0.0007 0.9650 -0.2621
vn 0.0005 0.9656 -0.2601
vn 0.0005 0.9656 -0.2600
vn -0.0005 0.9669 -0.2553
vn 0.0005 0.9663 -0.2573
vn 0.0004 0.9651 -0.2619
vn 0.0007 0.9653 -0.2612
vn -0.0002 0.9656 -0.2599
vn -0.0004 0.9651 -0.2620
vn -0.0003 0.9652 -0.2613
vn -0.0014 0.9658 -0.2591
vn -0.0009 0.9664 -0.2570
vn 0.0005 0.9669 -0.2553
vn 0.0004 -0.9993 0.0370
vn 0.0005 -0.9993 0.0369
vn -0.0004 -0.9998 -0.0187
vn -0.0000 -0.9917 0.1286
vn 0.0003 -0.9998 -0.0198
vn 0.0005 -0.9961 -0.0881
vn 0.0005 -0.9961 -0.0882
vn 0.0003 -0.9916 -0.1293
vn -0.0005 -0.9916 -0.1291
vn 0.0006 -0.9831 -0.1829
vn 0.0003 -0.9831 -0.1830
vn 0.0004 -0.9732 -0.2299
vn 0.0005 -0.9878 0.1559
vn -0.0003 -0.9917 0.1286
vn 0.0005 -0.9879 0.1551
vn -0.0000 -0.9831 -0.1831
vn -0.0003 -0.9735 -0.2287
vn 0.0004 -0.9915 -0.1303
vn 0.0005 -0.9998 -0.0189
vn 0.0004 -0.9998 -0.0187
vn -0.0005 -0.9993 0.0369
vn -0.0005 -0.9959 0.0906
vn 0.0006 0.9663 -0.2573
vn 0.0014 0.9658 -0.2591
vn 0.0005 0.9653 -0.2611
vn 0.9769 -0.0267 0.2118
vn 0.9969 -0.0052 0.0779
vn 0.9765 -0.0345 0.2127
vn 0.9992 0.0056 0.0390
vn 0.9992 0.0065 0.0389
vn 0.9970 -0.0042 0.0779
vn 0.9943 0.0016 -0.1068
vn 0.9943 0.0007 -0.1066
vn 0.9666 0.0036 -0.2562
vn 0.9650 -0.0081 -0.2621
vn 0.9650 -0.0081 -0.2622
vn 0.9584 -0.0463 -0.2818
vn -0.9943 0.0016 -0.1067
vn -0.9943 0.0007 -0.1066
vn 0.9770 -0.0267 0.2118
vn -0.9584 -0.0462 -0.2817
vn -0.9992 0.0055 0.0388
vn -0.9765 -0.0345 0.2128
vn -0.9769 -0.0267 0.2119
vn 0.8997 -0.4186 0.1239
vn 0.8767 -0.4662 0.1189
vn 0.8750 -0.4693 0.1190
vn -0.8997 -0.4186 0.1239
vn -0.8750 -0.4693 0.1190
vn -0.6885 -0.6433 0.3349
vn -0.6932 -0.6481 0.3153
vn -0.6934 -0.6483 0.3145
vn -0.6882 -0.6431 0.3358
vn -0.5545 -0.5729 0.6036
vn 0.9584 -0.0462 -0.2818
vn -0.7037 -0.6821 0.1990
vn -0.6934 -0.6483 0.3144
vn -0.7019 -0.6890 0.1805
vn -0.7037 -0.6820 0.1990
vn -0.7020 -0.6891 0.1795
vn -0.7020 -0.6892 0.1794
vn -0.5280 -0.8150 -0.2386
vn -0.3943 -0.8464 -0.3579
vn -0.3942 -0.8465 -0.3579
vn -0.1666 -0.8739 -0.4566
vn -0.0001 -0.8757 -0.4829
vn 0.9849 0.1727 -0.0130
vn 0.7974 0.6022 -0.0383
vn 0.8064 0.5830 -0.0989
vn 0.9860 0.1667 -0.0032
vn 1.0000 -0.0062 -0.0012
vn 1.0000 0.0016 0.0007
vn 0.8025 0.5967 -0.0002
vn 0.4324 0.9017 0.0046
vn 0.4852 0.8723 -0.0609
vn 0.1265 0.9920 -0.0042
vn 0.1365 0.9848 -0.1078
vn 0.4743 0.8584 -0.1956
vn 0.1080 0.9663 -0.2338
vn 0.9963 -0.0834 0.0212
vn 0.9944 -0.1039 0.0203
vn 1.0000 0.0036 0.0027
vn 0.9128 -0.3959 0.1003
vn 0.9243 -0.3698 0.0946
vn 0.9889 0.1472 -0.0188
vn 0.8065 0.5829 -0.0989
vn 0.7655 -0.6217 0.1658
vn 0.8196 0.5491 -0.1635
vn 0.7677 -0.6190 0.1659
vn 0.5958 -0.7752 0.2100
vn 0.6103 -0.7651 0.2053
vn 0.4743 0.8583 -0.1957
vn 0.4667 0.8187 -0.3345
vn 0.1080 0.9662 -0.2339
vn 0.3679 0.8203 -0.4379
vn 0.0739 0.9338 -0.3501
vn 0.0523 0.9324 -0.3577
vn 0.7037 -0.6820 0.1990
vn 0.7019 -0.6890 0.1805
vn 0.7020 -0.6891 0.1795
vn 0.5280 -0.8150 -0.2386
vn 0.7020 -0.6892 0.1794
vn 0.6932 -0.6481 0.3153
vn 0.6934 -0.6483 0.3144
vn -0.7038 0.7030 -0.1018
vn -0.4743 0.8583 -0.1957
vn -0.8196 0.5491 -0.1635
vn -0.4451 0.8440 -0.2993
vn -0.1187 0.9501 -0.2884
vn -0.8445 0.5291 -0.0833
vn -0.0739 0.9338 -0.3501
vn -0.3679 0.8203 -0.4379
vn -0.0523 0.9324 -0.3577
vn -0.9889 0.1472 -0.0188
vn -0.9849 0.1727 -0.0130
vn -1.0000 0.0036 0.0027
vn -1.0000 -0.0062 -0.0012
vn -0.9944 -0.1039 0.0203
vn -0.9963 -0.0834 0.0212
vn -1.0000 0.0016 0.0007
vn -0.9128 -0.3959 0.1003
vn -0.9243 -0.3698 0.0946
vn -0.7655 -0.6217 0.1658
vn -0.7677 -0.6190 0.1659
vn -0.5958 -0.7752 0.2100
vn -0.6103 -0.7651 0.2053
vn 0.0220 0.9213 -0.3882
vn 0.0220 0.9545 -0.2974
vn 0.0229 0.9266 -0.3753
vn -0.0214 0.9545 -0.2974
vn -0.0230 0.9266 -0.3753
vn -0.0357 -0.4840 0.8743
vn 0.0005 -0.4820 0.8762
vn 0.0357 -0.4840 0.8743
vn 0.3298 -0.5181 0.7892
vn 0.3297 -0.5181 0.7892
vn 0.5545 -0.5729 0.6036
vn 0.6882 -0.6431 0.3358
vn 0.6885 -0.6433 0.3349
vn 0.6934 -0.6483 0.3145
vn 0.7034 -0.6823 0.1991
vn 0.7019 -0.6890 0.1804
vn 0.3943 -0.8464 -0.3579
vn 0.7764 0.5851 0.2343
vn 0.7516 0.5643 0.3416
vn 0.7756 0.5862 0.2343
vn 0.7665 0.6387 0.0672
vn 0.7665 0.6387 0.0669
vn 0.7578 0.6397 -0.1283
vn 0.7582 0.6393 -0.1282
vn 0.7177 0.6241 -0.3090
vn -0.3297 -0.5181 0.7892
vn -0.3298 -0.5181 0.7892
vn 0.0004 -0.4819 0.8762
vn -0.5281 -0.8150 -0.2386
vn -0.7019 -0.6890 0.1804
vn -0.9860 0.1667 -0.0032
vn -0.7974 0.6022 -0.0384
vn -0.8025 0.5967 -0.0003
vn -0.8444 0.5291 -0.0833
vn -0.4324 0.9017 0.0046
vn -0.4812 0.8722 -0.0882
vn -0.1265 0.9920 -0.0042
vn -0.4743 0.8584 -0.1956
vn -0.1490 0.9806 -0.1273
vn -0.7764 0.5851 0.2343
vn -0.7516 0.5643 0.3416
vn -0.7510 0.5655 0.3408
vn -0.7693 0.4110 0.4891
vn -0.7756 0.5861 0.2343
vn -0.7764 0.5851 0.2342
vn -0.7665 0.6387 0.0672
vn -0.7665 0.6387 0.0674
vn -0.7578 0.6398 -0.1283
vn 0.6853 0.6630 -0.3012
vn 0.6676 0.6199 -0.4124
vn 0.7038 0.7030 -0.1018
vn 0.6854 0.6630 -0.3011
vn 0.7038 0.7030 -0.1019
vn -0.7038 0.7030 -0.1019
vn -0.6853 0.6631 -0.3011
vn -0.7579 0.6397 -0.1281
vn -0.7582 0.6393 -0.1282
vn -0.7665 0.6387 0.0671
vn -0.7177 0.6241 -0.3090
vn 0.7038 0.7030 -0.1020
vn 0.6853 0.6631 -0.3011
vn -0.7693 0.4109 0.4892
vn -0.8033 0.1328 0.5806
vn -0.8032 0.1325 0.5808
vn -0.7912 -0.1459 0.5940
vn -0.7693 0.4110 0.4892
vn -0.7721 -0.3676 0.5184
vn -0.7139 -0.6040 0.3544
vn 0.7693 0.4110 0.4892
vn 0.7510 0.5655 0.3408
vn 0.7693 0.4109 0.4892
vn 0.8033 0.1328 0.5806
vn 0.8032 0.1325 0.5808
vn 0.7912 -0.1459 0.5940
vn 0.7721 -0.3676 0.5184
vn 0.7139 -0.6040 0.3544
vn -0.7165 0.6249 -0.3099
vn 0.7693 0.4110 0.4891
vn 0.7165 0.6249 -0.3099
vn -0.6853 0.6630 -0.3012
vn -0.6676 0.6199 -0.4124
vn -0.7165 0.6249 -0.3100
vn -0.7176 0.6241 -0.3091
vn 0.7165 0.6249 -0.3100
vn 0.7176 0.6240 -0.3091
vn -0.0000 0.9999 -0.0114
vn 0.1363 0.9848 -0.1077
vn 0.0044 0.9931 -0.1173
vn -1.0000 -0.0004 -0.0021
vn -1.0000 -0.0000 -0.0026
vn -1.0000 -0.0002 -0.0023
vn -1.0000 -0.0002 -0.0024
vn 1.0000 -0.0000 -0.0026
vn 1.0000 -0.0002 -0.0022
vn 1.0000 -0.0003 -0.0021
vn 1.0000 -0.0002 -0.0023
vn 1.0000 -0.0002 -0.0024
vn -1.0000 0.0002 -0.0024
vn -1.0000 -0.0003 -0.0022
vn 1.0000 0.0002 -0.0024
vn 1.0000 -0.0003 -0.0022
vn -0.1529 0.9758 0.1561
vn -0.1304 0.9913 0.0154
vn -0.1258 0.9916 0.0310
vn -0.1520 0.9760 0.1561
vn -0.1978 0.9217 0.3336
vn -0.2779 0.6101 0.7420
vn -0.1929 0.9198 0.3418
vn -0.1978 0.9217 0.3338
vn -0.2771 0.6108 0.7417
vn -0.1265 0.9915 0.0310
vn -0.1207 0.9889 -0.0863
vn -0.1265 0.9889 -0.0784
vn -0.1412 0.9746 -0.1741
vn -0.1080 0.9846 -0.1371
vn -0.1510 0.9566 -0.2494
vn 0.0220 -0.9556 0.2938
vn 0.0220 -0.9256 0.3778
vn 0.0220 -0.9541 0.2988
vn -0.0220 -0.9541 0.2988
vn -0.0220 -0.9256 0.3778
vn 0.2772 0.6106 0.7418
vn 0.2954 0.2165 0.9305
vn 0.2779 0.6101 0.7420
vn 0.2555 -0.2318 0.9386
vn 0.2555 -0.2309 0.9388
vn 0.1793 -0.5796 0.7949
vn 0.1803 -0.5710 0.8009
vn 0.0034 -0.9579 0.2870
vn 0.0005 -0.9483 0.3174
vn 0.2779 0.6102 0.7419
vn 0.1978 0.9217 0.3338
vn 0.1929 0.9198 0.3416
vn 0.1519 0.9760 0.1560
vn 0.1529 0.9758 0.1561
vn 0.1304 0.9913 0.0154
vn 0.1265 0.9915 0.0310
vn 0.1207 0.9889 -0.0863
vn 0.1266 0.9888 -0.0785
vn -0.0000 -0.9613 0.2756
vn 0.0003 -0.9614 0.2753
vn 0.0002 -0.9613 0.2754
vn 0.0004 -0.9614 0.2752
vn 0.0003 -0.9613 0.2754
vn 0.0003 -0.9613 0.2753
vn 0.0003 -0.9614 0.2752
vn -0.0034 -0.9579 0.2870
vn 0.0004 -0.9614 0.2753
vn -0.0024 -0.9644 0.2645
vn -0.0000 -0.9483 0.3174
vn 0.0005 -0.9657 0.2597
vn -0.0073 -0.9633 0.2683
vn 0.0006 -0.9614 0.2750
vn -0.0003 -0.9613 0.2753
vn -0.0006 -0.9614 0.2751
vn -0.0002 -0.9613 0.2754
vn -0.0004 -0.9614 0.2752
vn -0.0005 -0.9614 0.2752
vn -0.0004 -0.9614 0.2753
vn -0.0003 -0.9614 0.2753
vn -0.0003 -0.9614 0.2752
vn 0.0024 -0.9644 0.2645
vn 0.0073 -0.9633 0.2683
vn -0.0000 -0.9613 0.2757
vn -0.0003 -0.9613 0.2754
vn -0.0002 -0.9613 0.2755
vn -0.0002 -0.9613 0.2753
vn -0.1304 0.9913 0.0153
vn -0.0044 0.9931 -0.1174
vn -0.0044 0.9931 -0.1175
vn -0.0112 0.9713 -0.2378
vn -0.0112 0.9712 -0.2378
vn -0.0738 0.9338 -0.3501
vn 0.0005 0.9396 -0.3422
vn -0.1978 0.9217 0.3337
vn -0.1929 0.9198 0.3416
vn 0.1412 0.9746 -0.1741
vn 0.1080 0.9847 -0.1371
vn 0.1510 0.9566 -0.2494
vn -0.1489 0.9806 -0.1273
vn -0.1510 0.9565 -0.2495
vn -0.1842 0.9337 -0.3070
vn -0.1412 0.9745 -0.1741
vn 0.1412 0.9745 -0.1741
vn 0.1842 0.9337 -0.3070
vn 0.1510 0.9565 -0.2495
vn 0.0522 0.9324 -0.3576
vn 0.0083 0.9424 -0.3343
vn 0.0219 0.9634 -0.2672
vn -0.0522 0.9324 -0.3576
vn -0.0219 0.9634 -0.2672
vn -0.0083 0.9424 -0.3343
vn 0.0083 0.9424 -0.3344
vn 0.0738 0.9338 -0.3501
vn -0.0005 0.9399 -0.3413
vn 0.0522 0.9324 -0.3577
vn 0.0112 0.9712 -0.2378
vn 0.0044 0.9931 -0.1175
vn 0.0112 0.9713 -0.2378
vn 0.1363 0.9848 -0.1078
vn 0.1929 0.9198 0.3417
vn 0.2771 0.6108 0.7417
vn 0.6423 -0.5796 -0.5014
vn 0.4790 -0.8372 -0.2639
vn 0.4801 -0.8365 -0.2640
vn 0.0025 -0.9644 0.2644
vn 0.7158 -0.1068 -0.6901
vn 0.6962 0.1316 -0.7057
vn 0.6219 0.3846 -0.6822
vn 0.6121 0.3808 -0.6930
vn 0.3688 0.5936 -0.7153
vn 0.3484 0.5840 -0.7332
vn 0.2496 0.7442 -0.6196
vn 0.2556 0.7426 -0.6190
vn 0.0513 0.9026 -0.4273
vn 0.0445 0.9026 -0.4283
vn -0.0493 0.9482 -0.3138
vn -0.0083 0.9424 -0.3344
vn -0.0522 0.9324 -0.3577
vn -0.2555 -0.2309 0.9388
vn -0.1793 -0.5796 0.7949
vn -0.2555 -0.2318 0.9386
vn -0.1803 -0.5710 0.8009
vn -0.2954 0.2165 0.9305
vn -0.2772 0.6106 0.7418
vn -1.0000 -0.0003 -0.0011
vn -1.0000 -0.0002 -0.0016
vn -1.0000 -0.0009 -0.0018
vn 1.0000 -0.0003 -0.0011
vn 1.0000 -0.0009 -0.0018
vn 1.0000 -0.0002 -0.0016
vn -1.0000 -0.0003 -0.0023
vn -1.0000 -0.0003 -0.0020
vn -1.0000 -0.0003 -0.0024
vn 1.0000 -0.0003 -0.0023
vn 1.0000 -0.0003 -0.0020
vn 1.0000 -0.0003 -0.0024
vn 0.0396 0.9876 0.1522
vn 0.0220 0.9545 -0.2973
vn 0.0419 0.9852 0.1662
vn 0.0591 0.7831 0.6191
vn 0.0621 0.7685 0.6368
vn 0.0699 0.3456 0.9358
vn 0.0712 0.3415 0.9372
vn 0.0650 -0.1782 0.9819
vn 0.0621 -0.1987 0.9781
vn 0.0453 -0.6479 0.7604
vn 0.0425 -0.6630 0.7474
vn 0.0239 -0.9227 0.3848
vn 0.0220 -0.9256 0.3779
vn 0.0215 -0.9556 0.2938
vn 0.0415 -0.9844 -0.1713
vn 0.0220 -0.9557 0.2937
vn 0.0220 -0.9541 0.2987
vn 0.0426 -0.9884 -0.1459
vn 0.0620 -0.7674 -0.6382
vn 0.0640 -0.7860 -0.6149
vn 0.0738 -0.3462 -0.9352
vn 0.0962 -0.9637 0.2489
vn 0.0122 -0.9643 0.2646
vn 0.0002 -0.9638 0.2667
vn 0.1050 -0.9634 0.2467
vn -0.0122 -0.9643 0.2646
vn -0.0962 -0.9637 0.2490
vn -0.0002 -0.9638 0.2667
vn -0.1050 -0.9634 0.2467
vn -0.2174 -0.0551 -0.9745
vn -0.2076 0.1755 -0.9623
vn -0.2047 -0.0658 -0.9766
vn -0.2076 0.1746 -0.9625
vn -0.1568 -0.5062 -0.8480
vn -0.1880 0.3779 -0.9065
vn -0.1294 -0.5297 -0.8383
vn -0.1823 0.3721 -0.9101
vn -0.0865 -0.8058 -0.5858
vn -0.1696 0.5891 -0.7901
vn -0.0728 -0.8179 -0.5707
vn -0.0025 -0.9644 0.2645
vn -0.1363 0.6112 -0.7797
vn -0.1714 0.7800 -0.6018
vn -0.1978 0.7499 -0.6313
vn -0.1842 0.9337 -0.3071
vn -0.0025 -0.9644 0.2644
vn -0.4790 -0.8372 -0.2639
vn -0.4801 -0.8365 -0.2640
vn -0.6423 -0.5796 -0.5014
vn -0.7158 -0.1068 -0.6901
vn -0.6962 0.1316 -0.7057
vn -0.6219 0.3846 -0.6822
vn -0.6121 0.3808 -0.6930
vn -0.3688 0.5936 -0.7153
vn -0.3484 0.5840 -0.7332
vn -0.2496 0.7441 -0.6197
vn -0.2556 0.7426 -0.6190
vn -0.0513 0.9026 -0.4273
vn -0.0445 0.9026 -0.4283
vn 0.0493 0.9482 -0.3138
vn 0.0728 -0.8179 -0.5707
vn 0.0025 -0.9644 0.2645
vn 0.0865 -0.8058 -0.5858
vn 0.1294 -0.5297 -0.8383
vn 0.1568 -0.5062 -0.8480
vn 0.2047 -0.0658 -0.9766
vn 0.2174 -0.0551 -0.9745
vn 0.2076 0.1755 -0.9623
vn 0.2076 0.1746 -0.9625
vn 0.1880 0.3779 -0.9065
vn 0.1823 0.3721 -0.9101
vn 0.1696 0.5891 -0.7901
vn 0.1362 0.6112 -0.7797
vn 0.1714 0.7800 -0.6018
vn 0.1978 0.7499 -0.6313
vn 0.1842 0.9337 -0.3071
vt 0.193137 0.750000
vt 0.178747 0.750000
vt 0.201614 0.750000
vt 0.202572 0.750000
vt 0.210314 0.750000
vt 0.200220 0.750000
vt 0.179778 0.750000
vt 0.185865 0.750000
vt 0.208580 0.750000
vt 0.869892 0.750000
vt 0.875000 0.750000
vt 0.125000 0.722508
vt 0.250000 0.746135
vt 0.250000 0.722508
vt 0.125000 0.746135
vt 0.239395 0.527118
vt 0.234972 0.512191
vt 0.234972 0.500000
vt 0.252530 0.500000
vt 0.252394 0.527118
vt 0.219472 0.749860
vt 0.204587 0.750000
vt 0.218643 0.750000
vt 0.211511 0.749804
vt 0.187164 0.749772
vt 0.203854 0.749607
vt 0.204140 0.750076
vt 0.434299 0.994895
vt 0.434241 0.991344
vt 0.434282 0.996301
vt 0.434294 0.999024
vt 0.434294 0.997565
vt 0.434299 1.000000
vt 0.433669 0.967776
vt 0.434275 0.932044
vt 0.625000 0.750000
vt 0.793785 0.500000
vt 0.799880 0.504909
vt 0.821921 0.528750
vt 0.803098 0.528666
vt 0.875000 0.682446
vt 0.875000 0.747933
vt 0.875000 0.537461
vt 0.864119 0.518731
vt 0.834393 0.505019
vt 0.196342 0.750000
vt 0.000000 0.000000
vt 0.010437 0.037070
vt 0.001528 0.003094
vt 0.236343 0.786611
vt 0.170539 0.750000
vt 0.152539 0.750000
vt 0.125000 0.750000
vt 0.132829 0.750000
vt 0.126048 0.750000
vt 0.128913 0.750000
vt 0.375000 0.373656
vt 0.500016 0.500000
vt 0.499989 0.374936
vt 0.375000 0.500000
vt 0.143696 0.644398
vt 0.144525 0.595434
vt 0.168799 0.501555
vt 0.250000 0.644398
vt 0.264234 0.501555
vt 0.625003 0.750000
vt 0.625002 0.750000
vt 0.874317 0.749936
vt 0.869456 0.749730
vt 0.375000 0.749998
vt 0.375000 0.750000
vt 0.375000 0.752456
vt 0.375000 0.750002
vt 0.375000 0.752809
vt 0.375000 0.754741
vt 0.375000 0.000000
vt 0.404475 0.750000
vt 0.428671 0.750000
vt 0.591167 0.750000
vt 0.625605 0.750000
vt 0.382497 0.750000
vt 0.394970 0.750000
vt 0.378572 0.750237
vt 0.627257 0.750272
vt 0.627063 0.752993
vt 0.625000 0.816338
vt 0.626288 0.776802
vt 0.625000 0.859469
vt 0.625000 0.861782
vt 0.625000 0.880951
vt 0.625000 0.924873
vt 0.375000 1.000000
vt 0.375000 0.996250
vt 0.375000 0.996264
vt 0.375000 0.992166
vt 0.375000 0.992184
vt 0.375000 0.999875
vt 0.375000 0.983262
vt 0.375000 0.984054
vt 0.375000 0.979423
vt 0.626390 0.773659
vt 0.375000 0.750001
vt 0.375000 0.976773
vt 0.375000 0.975736
vt 0.375000 0.972190
vt 0.375000 0.793456
vt 0.375000 0.793740
vt 0.375000 0.834656
vt 0.375000 0.834651
vt 0.375000 0.921616
vt 0.375000 0.921628
vt 0.375000 0.945361
vt 0.375000 0.948474
vt 0.375000 0.943416
vt 0.375000 0.928674
vt 0.375000 0.928642
vt 0.375000 0.952212
vt 0.375000 0.951694
vt 0.375000 0.955596
vt 0.375000 0.749931
vt 0.842731 0.522278
vt 0.704864 0.497078
vt 0.704864 0.519877
vt 0.842731 0.500000
vt 0.289769 0.331215
vt 0.448167 0.331215
vt 0.260616 0.331215
vt 0.618431 0.331215
vt 0.625000 0.331215
vt 0.204728 0.504577
vt 0.229318 0.490688
vt 0.435914 0.407423
vt 0.375000 0.996190
vt 0.375000 1.000067
vt 0.375000 0.999858
vt 0.253778 0.720713
vt 0.127882 0.647299
vt 0.125000 0.540893
vt 0.150706 0.768780
vt 0.266761 0.760594
vt 0.375000 0.996260
vt 0.375000 1.000110
vt 0.143696 0.726292
vt 0.250000 0.726292
vt 0.375000 0.751897
vt 0.375000 0.752523
vt 0.250055 0.561662
vt 0.375000 0.561556
vt 0.248656 0.500000
vt 0.591137 0.750000
vt 0.597890 0.750000
vt 0.597889 0.750000
vt 0.428496 0.750000
vt 0.601711 0.750000
vt 0.375000 0.999623
vt 0.375000 1.000673
vt 0.375000 0.754880
vt 0.375000 0.752440
vt 0.375000 0.752836
vt 0.375000 0.794817
vt 0.375000 0.749983
vt 0.394595 0.750000
vt 0.378332 0.750000
vt 0.480069 0.359972
vt 0.375000 0.377531
vt 0.507894 0.362716
vt 0.375000 0.359972
vt 0.505429 0.361985
vt 0.375229 0.750284
vt 0.375000 0.750087
vt 0.375074 0.750002
vt 0.375424 0.752983
vt 0.098258 0.691100
vt 0.140723 0.686767
vt 0.098094 0.501701
vt 0.140286 0.523907
vt 0.132826 0.693047
vt 0.375000 0.996262
vt 0.375000 0.992087
vt 0.375000 0.749999
vt 0.375000 0.749995
vt 0.375000 0.754912
vt 0.375000 0.754957
vt 0.375000 0.793598
vt 0.375000 0.777008
vt 0.375000 0.774025
vt 0.375000 0.773143
vt 0.375000 0.749992
vt 0.375000 0.992159
vt 0.375000 0.996285
vt 0.375000 0.991992
vt 0.375000 0.983468
vt 0.375000 0.750107
vt 0.375000 0.750099
vt 0.375000 0.752538
vt 0.375000 0.752153
vt 0.375000 0.752473
vt 0.375000 0.754834
vt 0.375000 0.754947
vt 0.375002 0.972541
vt 0.375000 0.976044
vt 0.375000 0.976007
vt 0.375000 0.972453
vt 0.375000 0.974985
vt 0.375000 0.978613
vt 0.375000 0.752101
vt 0.375000 0.754924
vt 0.375000 0.754808
vt 0.375000 0.752816
vt 0.375000 0.793603
vt 0.542500 0.242873
vt 0.489456 0.250000
vt 0.542500 0.266632
vt 0.489456 0.203284
vt 0.498380 0.164863
vt 0.489457 0.091077
vt 0.498380 0.092099
vt 0.489456 0.164553
vt 0.375000 0.992163
vt 0.375000 0.983055
vt 0.375000 0.983721
vt 0.375000 0.978796
vt 0.375000 0.976894
vt 0.375000 0.975139
vt 0.375000 0.972508
vt 0.375000 0.970979
vt 0.375000 0.973891
vt 0.375000 0.970553
vt 0.375000 0.974407
vt 0.601712 0.750000
vt 0.591138 0.750000
vt 0.375000 0.980852
vt 0.557406 0.625000
vt 0.531209 0.484308
vt 0.485794 0.484293
vt 0.379290 0.625000
vt 0.379026 0.484256
vt 0.359045 0.625000
vt 0.371886 0.491274
vt 0.591142 0.750000
vt 0.428512 0.750000
vt 0.428500 0.750000
vt 0.375000 0.011395
vt 0.375000 0.003865
vt 0.375000 0.027492
vt 0.375000 0.752856
vt 0.375000 0.752814
vt 0.375000 0.794717
vt 0.375000 0.793110
vt 0.375000 0.798149
vt 0.375000 0.802064
vt 0.375000 0.801858
vt 0.375000 0.805375
vt 0.375000 0.017973
vt 0.375000 0.011396
vt 0.375000 0.021979
vt 0.375000 0.021976
vt 0.375000 0.003840
vt 0.372876 0.750370
vt 0.371298 0.751266
vt 0.374442 0.750031
vt 0.375000 0.773875
vt 0.375008 0.750000
vt 0.378352 0.750000
vt 0.394663 0.750000
vt 0.434299 0.000000
vt 0.422998 0.000000
vt 0.423208 0.000000
vt 0.434094 0.000000
vt 0.404475 0.000000
vt 0.375000 0.754722
vt 0.375000 0.793762
vt 0.375000 0.792991
vt 0.375000 0.799746
vt 0.375000 0.798058
vt 0.375000 0.803442
vt 0.375000 0.801803
vt 0.375000 0.805394
vt 0.375000 0.805068
vt 0.375000 0.928711
vt 0.375000 0.928789
vt 0.375000 0.945341
vt 0.375000 0.996231
vt 0.375000 0.999945
vt 0.375000 0.999947
vt 0.375000 0.749966
vt 0.375000 0.749991
vt 0.375000 0.752447
vt 0.375000 0.829461
vt 0.375000 0.833801
vt 0.375000 0.827037
vt 0.375000 0.823506
vt 0.375000 0.834514
vt 0.375000 0.921608
vt 0.375000 0.921595
vt 0.375000 0.829453
vt 0.375000 0.834361
vt 0.375000 0.921631
vt 0.375000 0.943400
vt 0.375000 0.948117
vt 0.375000 0.950051
vt 0.375000 0.952410
vt 0.375000 0.942993
vt 0.375000 0.928664
vt 0.375000 0.928570
vt 0.375000 0.752862
vt 0.375000 0.752822
vt 0.375000 0.794667
vt 0.375000 0.794010
vt 0.375000 0.801961
vt 0.375000 0.973970
vt 0.375000 0.971541
vt 0.375000 0.971071
vt 0.375000 0.974012
vt 0.375000 0.975286
vt 0.375000 0.806154
vt 0.375000 0.803185
vt 0.375000 0.975179
vt 0.375000 0.971027
vt 0.375000 0.973951
vt 0.375000 0.971701
vt 0.375000 0.974127
vt 0.375000 0.971161
vt 0.375000 0.972666
vt 0.375000 0.974139
vt 0.375000 0.977193
vt 0.375000 0.975437
vt 0.375000 0.979206
vt 0.375000 0.983576
vt 0.375000 0.992158
vt 0.375000 0.992085
vt 0.375000 0.996229
vt 0.374994 0.997582
vt 0.404475 0.994913
vt 0.375000 0.994930
vt 0.404469 0.997574
vt 0.422993 0.997568
vt 0.422998 1.000000
vt 0.404475 1.000000
vt 0.375000 0.996147
vt 0.375000 0.995905
vt 0.375000 1.000308
vt 0.375000 0.975421
vt 0.375000 0.971383
vt 0.375000 0.971944
vt 0.375000 0.974136
vt 0.375000 0.971732
vt 0.375000 0.974141
vt 0.375000 0.974427
vt 0.375000 0.970450
vt 0.375000 0.971008
vt 0.375000 0.973989
vt 0.375000 0.996263
vt 0.375000 0.992164
vt 0.375000 0.983911
vt 0.375000 0.978933
vt 0.375000 0.975245
vt 0.375000 1.000077
vt 0.396847 0.974800
vt 0.404475 0.976278
vt 0.397437 0.978312
vt 0.374955 0.977828
vt 0.397339 0.975228
vt 0.375045 0.974394
vt 0.375000 0.805383
vt 0.375000 0.822144
vt 0.375000 0.822223
vt 0.375000 0.974908
vt 0.375000 0.979207
vt 0.375000 0.750120
vt 0.375000 0.752452
vt 0.375000 0.803169
vt 0.375000 0.793221
vt 0.375000 0.798197
vt 0.375000 0.801855
vt 0.375000 0.793017
vt 0.375000 0.754905
vt 0.375000 0.803167
vt 0.375000 0.803144
vt 0.375000 0.801813
vt 0.375000 0.798077
vt 0.375000 0.750021
vt 0.375000 0.750092
vt 0.375000 0.750222
vt 0.375000 0.752090
vt 0.375000 0.752564
vt 0.375000 0.754826
vt 0.375000 0.754886
vt 0.375000 0.792986
vt 0.375000 0.803137
vt 0.375000 0.803210
vt 0.375000 0.806123
vt 0.375000 0.805768
vt 0.375000 0.805691
vt 0.375000 0.803157
vt 0.375000 0.803160
vt 0.375000 0.806185
vt 0.375000 0.806119
vt 0.375000 0.801828
vt 0.375000 0.805259
vt 0.375000 0.801954
vt 0.375000 0.798107
vt 0.375000 0.794782
vt 0.375000 0.754894
vt 0.375000 0.793055
vt 0.375000 0.971712
vt 0.375000 0.974665
vt 0.375000 0.979036
vt 0.375000 0.806098
vt 0.375000 0.805214
vt 0.375000 0.805632
vt 0.375000 0.806209
vt 0.375000 0.804643
vt 0.375000 0.800339
vt 0.375000 0.793986
vt 0.375000 0.992170
vt 0.375000 0.996265
vt 0.375000 0.999944
vt 0.375000 0.996198
vt 0.375000 1.000080
vt 0.375000 0.970363
vt 0.591678 0.750000
vt 0.593078 0.750623
vt 0.592913 0.753318
vt 0.626185 0.779945
vt 0.592174 0.779848
vt 0.591163 0.816151
vt 0.524924 0.779661
vt 0.591163 0.924866
vt 0.375000 0.972432
vt 0.375000 0.825714
vt 0.375000 0.823673
vt 0.375000 0.822499
vt 0.375000 0.798061
vt 0.375000 0.801800
vt 0.375000 0.954551
vt 0.375000 0.956553
vt 0.375000 0.804369
vt 0.375000 0.799900
vt 0.375000 1.000008
vt 0.375000 0.996453
vt 0.375000 0.992511
vt 0.375000 0.803171
vt 0.375000 0.804552
vt 0.375000 0.801845
vt 0.375000 0.992326
vt 0.375000 0.983791
vt 0.375000 0.996355
vt 0.375000 0.978855
vt 0.375000 0.984277
vt 0.375000 0.980961
vt 0.375000 0.983135
vt 0.375000 0.975081
vt 0.375000 0.827804
vt 0.375000 0.921660
vt 0.375000 0.825737
vt 0.375000 0.823196
vt 0.375000 0.821414
vt 0.375000 0.824393
vt 0.375000 0.824404
vt 0.375000 0.821950
vt 0.375000 0.821428
vt 0.375000 0.976829
vt 0.375000 0.983272
vt 0.375000 0.992108
vt 0.375000 0.996202
vt 0.375000 1.000079
vt 0.375000 0.793097
vt 0.375000 0.970303
vt 0.375000 0.992165
vt 0.375000 0.981027
vt 0.375000 0.992169
vt 0.375000 0.974011
vt 0.375000 0.979047
vt 0.375000 0.975290
vt 0.375000 0.824408
vt 0.195876 0.501701
vt 0.625000 0.290607
vt 0.375000 0.290607
vt 0.625000 0.231269
vt 0.375000 0.231269
vt 0.625000 0.212539
vt 0.375000 0.212539
vt 0.375000 0.067554
vt 0.625000 0.067554
vt 0.375000 0.752863
vt 0.375000 0.798137
vt 0.375000 0.981165
vt 0.375000 0.983459
vt 0.375000 0.974821
vt 0.375000 0.976718
vt 0.375000 0.954872
vt 0.375000 0.971368
vt 0.404479 0.959133
vt 0.396849 0.960438
vt 0.375000 0.974676
vt 0.375000 0.960355
vt 0.375000 0.984270
vt 0.375000 0.981117
vt 0.375000 0.991887
vt 0.375000 0.996239
vt 0.375000 0.973978
vt 0.375000 0.996266
vt 0.375000 0.984069
vt 0.428648 0.924833
vt 0.428649 0.815252
vt 0.522242 0.776541
vt 0.404475 0.815118
vt 0.404475 0.924828
vt 0.375000 0.924823
vt 0.404475 0.755114
vt 0.428896 0.754881
vt 0.525040 0.773435
vt 0.592349 0.773583
vt 0.428918 0.752306
vt 0.404475 0.752557
vt 0.404468 0.750000
vt 0.428732 0.750000
vt 0.375000 0.983887
vt 0.375000 0.975639
vt 0.375000 0.976775
vt 0.375000 0.975870
vt 0.375000 0.979098
vt 0.375000 0.980845
vt 0.375000 0.982959
vt 0.375000 0.974517
vt 0.375000 0.976414
vt 0.375000 0.954840
vt 0.375000 0.956629
vt 0.375000 0.971206
vt 0.375000 0.970427
vt 0.375000 0.956156
vt 0.375000 0.971090
vt 0.375000 0.956520
vt 0.375000 0.970558
vt 0.375000 0.752796
vt 0.375000 0.956556
vt 0.422332 0.967722
vt 0.422999 0.932039
vt 0.422998 0.994901
vt 0.404476 0.932032
vt 0.397613 0.956891
vt 0.375000 0.932019
vt 0.375000 0.956810
vt 0.375000 0.955547
vt 0.375000 0.928662
vt 0.375000 0.978178
vt 0.375000 0.974533
vt 0.375000 0.950180
vt 0.375000 0.954850
vt 0.375000 0.971302
vt 0.375000 0.943626
vt 0.375000 0.956589
vt 0.375000 0.970464
vt 0.375000 0.956228
vt 0.375000 0.970915
vt 0.375000 0.956482
vt 0.375000 0.984059
vt 0.375000 0.970592
vt 0.375000 0.956687
vt 0.375000 0.970603
vt 0.375000 0.956534
vt 0.375000 0.970397
vt 0.375000 0.956670
vt 0.375000 0.972230
vt 0.375000 0.950478
vt 0.375000 0.955563
vt 0.375000 0.951825
vt 0.375000 0.945149
vt 0.375000 0.943740
vt 0.375000 0.928670
vt 0.375000 0.955611
vt 0.375000 0.972055
vt 0.375000 0.950497
vt 0.375000 0.951865
vt 0.375000 0.943530
vt 0.375000 0.992171
vt 0.375000 0.972461
vt 0.375000 0.954461
vt 0.375000 0.928658
vt 0.375000 0.927961
vt 0.375000 0.955211
vt 0.375000 0.976391
vt 0.375000 0.945320
vt 0.375000 0.928627
vt 0.375000 0.928626
vt 0.375000 0.945272
vt 0.375000 0.943536
vt 0.375000 0.928671
vt 0.375000 0.951948
vt 0.375000 0.950255
vt 0.375000 0.955507
vt 0.375000 0.971973
vt 0.375000 0.970387
vt 0.375000 0.972096
vt 0.375000 0.958713
vt 0.375000 0.957639
vt 0.375000 0.972213
vt 0.375000 0.928666
vt 0.375000 0.943043
vt 0.375000 0.953042
vt 0.375000 0.951740
vt 0.375000 0.948031
vt 0.375000 0.928702
vt 0.375000 0.942996
vt 0.375000 0.953039
vt 0.375000 0.951739
vt 0.375000 0.953114
vt 0.375000 0.928708
vt 0.375000 0.953012
vt 0.375000 0.942923
vt 0.375000 0.951696
vt 0.375000 0.947957
vt 0.375000 0.948012
vt 0.375000 0.951745
vt 0.375000 0.953011
vt 0.375000 0.943285
vt 0.375000 0.928714
vt 0.375000 0.948142
vt 0.375000 0.953144
vt 0.375000 0.928648
vt 0.375000 0.973222
vt 0.375000 0.947978
vt 0.375000 0.951703
vt 0.375000 0.942957
vt 0.375000 0.953006
vt 0.375000 0.928700
vt 0.375000 0.953103
vt 0.375000 0.954326
vt 0.375000 0.953048
vt 0.375000 0.928689
vt 0.375000 0.781306
vt 0.375000 0.834812
vt 0.375000 0.871320
vt 0.375000 0.919373
vt 0.375000 0.814955
vt 0.375000 0.805302
vt 0.375000 0.921598
vt 0.382497 0.754971
vt 0.375000 0.805222
vt 0.378633 0.752780
vt 0.395635 0.752767
vt 0.395435 0.750138
vt 0.378428 0.750000
vt 0.422937 0.991343
vt 0.422981 0.996302
vt 0.422994 0.999024
vt 0.375000 0.943085
vt 0.375000 0.951766
vt 0.375000 0.948067
vt 0.375000 0.927940
vt 0.375000 0.953020
vt 0.375000 0.928678
vt 0.375000 0.943088
vt 0.375000 0.948069
vt 0.375000 0.951765
vt 0.375000 0.955890
vt 0.375000 0.951964
vt 0.375000 0.955104
vt 0.375000 0.793930
vt 0.375000 0.802096
vt 0.375000 0.800629
vt 0.375000 0.827351
vt 0.375000 0.805129
vt 0.375000 0.822555
vt 0.375000 0.805806
vt 0.375000 0.820801
vt 0.375000 0.825918
vt 0.375000 0.821823
vt 0.375000 0.833871
vt 0.375000 0.806410
vt 0.375000 0.806768
vt 0.375000 0.820814
vt 0.375000 0.806739
vt 0.375000 0.821817
vt 0.375000 0.804982
vt 0.375000 0.750007
vt 0.375000 0.752575
vt 0.375000 0.752541
vt 0.375000 0.794642
vt 0.375000 0.793820
vt 0.375000 0.799848
vt 0.375000 0.801843
vt 0.375000 0.805762
vt 0.375000 0.803720
vt 0.375000 0.827135
vt 0.375000 0.823281
vt 0.375000 0.827234
vt 0.375000 0.834390
vt 0.375000 0.833976
vt 0.375000 0.921609
vt 0.057873 0.054265
vt 0.499761 1.000000
vt 0.625000 1.000000
vt 0.428653 0.932042
vt 0.375000 0.800317
vt 0.375000 0.825798
vt 0.375000 0.833816
vt 0.375000 0.921650
vt 0.375000 0.834291
vt 0.375000 0.921651
vt 0.375000 0.825992
vt 0.375000 0.805796
vt 0.375000 0.822496
vt 0.375000 0.800762
vt 0.375000 0.820819
vt 0.375000 0.806755
vt 0.375000 0.820844
vt 0.375000 0.806836
vt 0.375000 0.806711
vt 0.375000 0.820723
vt 0.375000 0.805137
vt 0.375000 0.821786
vt 0.375000 0.827197
vt 0.375000 0.921641
vt 0.375000 0.921639
vt 0.375000 0.921633
vt 0.375000 0.833987
vt 0.375000 0.806726
vt 0.375000 0.821333
vt 0.375000 0.820718
vt 0.375000 0.806327
vt 0.375000 0.820812
vt 0.375000 0.806802
vt 0.375000 0.821308
vt 0.375000 0.928795
vt 0.375000 0.945253
vt 0.499768 1.000000
vt 0.374847 0.896308
vt 0.374992 0.790816
vt 0.375000 0.765784
vt 0.374993 0.786726
vt 0.374995 0.783742
vt 0.374997 0.919419
vt 0.375000 0.920951
vt 0.374997 0.782663
vt 0.375000 0.765244
vt 0.375000 0.824426
vt 0.375000 0.824377
vt 0.375000 0.834454
vt 0.375000 0.829414
vt 0.375000 0.921622
vt 0.375000 0.921640
vt 0.375000 0.834520
vt 0.375000 0.921599
vt 0.375000 0.824403
vt 0.375000 0.829459
vt 0.375000 0.825744
vt 0.375000 0.921626
vt 0.375000 0.921623
vt 0.375000 0.834559
vt 0.375000 0.824395
vt 0.375000 0.824364
vt 0.375000 0.834439
vt 0.375000 0.829400
vt 0.375000 0.825701
vt 0.375000 0.921638
vt 0.375000 0.834512
vt 0.375000 0.825732
vt 0.375000 0.824389
vt 0.375000 0.829451
vt 0.375000 0.829483
vt 0.375000 0.825755
vt 0.375000 0.921593
vt 0.375000 0.952652
vt 0.375000 0.950067
vt 0.375000 0.943628
vt 0.375000 0.928633
vt 0.602891 0.741251
vt 0.636180 0.735850
vt 0.609469 0.735211
vt 0.636181 0.591904
vt 0.622521 0.749274
vt 0.609465 0.514781
vt 0.583846 0.744979
vt 0.636181 0.514150
vt 0.591550 0.759558
vt 0.602854 0.508721
vt 0.558187 0.761257
vt 0.621303 0.501048
vt 0.556271 0.746271
vt 0.590656 0.492493
vt 0.460911 0.746483
vt 0.583854 0.505026
vt 0.458999 0.761257
vt 0.557907 0.491348
vt 0.432250 0.745043
vt 0.556271 0.503732
vt 0.416198 0.753923
vt 0.459227 0.491361
vt 0.388254 0.742915
vt 0.460860 0.503534
vt 0.414194 0.741107
vt 0.432302 0.504929
vt 0.380232 0.735850
vt 0.418988 0.497282
vt 0.407952 0.735476
vt 0.414189 0.508869
vt 0.380232 0.514151
vt 0.389642 0.507159
vt 0.407951 0.514524
vt 0.375000 0.827629
vt 0.375000 0.921686
vt 0.460866 0.503584
vt 0.555957 0.503568
vt 0.409039 0.514614
vt 0.433260 0.505068
vt 0.415778 0.508919
vt 0.608043 0.514542
vt 0.601046 0.508697
vt 0.582862 0.504995
vt 0.608043 0.735458
vt 0.409039 0.735386
vt 0.460866 0.746416
vt 0.415778 0.741081
vt 0.433260 0.744932
vt 0.555957 0.746432
vt 0.582862 0.745005
vt 0.601046 0.741303
vt 0.375000 0.825932
vt 0.375000 0.955607
vt 0.375000 0.951886
vt 0.375000 0.955060
vt 0.461789 0.190538
vt 0.461789 0.169219
vt 0.389063 0.250000
vt 0.377063 0.036673
vt 0.489456 0.091076
vt 0.203232 0.509181
vt 0.198810 0.522795
vt 0.375000 0.801877
vt 0.500000 1.000000
vt 0.375000 0.954705
vt 0.375007 0.957074
vt 0.601713 0.750000
vt 0.375000 0.749986
vt 0.375000 0.750060
vt 0.375000 0.980805
vt 0.375000 0.974631
vt 0.375000 0.971756
vt 0.375000 0.996246
vt 0.375000 1.000137
vt 0.375000 0.952861
vt 0.375000 0.954717
vt 0.375000 0.749979
vt 0.375000 0.954447
vt 0.375000 0.956035
vt 0.375000 0.800188
vt 0.375000 0.793921
vt 0.375000 0.823068
vt 0.375000 0.821335
vt 0.375000 0.821542
vt 0.375000 0.822349
vt 0.397378 0.960029
vt 0.375155 0.958666
vt 0.375000 0.821967
vt 0.375000 0.821421
vt 0.375000 0.825891
vt 0.375000 0.752811
vt 0.375000 0.821356
vt 0.375000 0.821970
vt 0.375000 0.955525
vt 0.375000 0.955743
vt 0.375000 0.991904
vt 0.375000 0.956020
vt 0.375000 0.954309
vt 0.375000 0.822339
vt 0.515219 0.026137
vt 0.520647 0.030298
vt 0.480130 0.031160
vt 0.500389 0.023091
vt 0.520647 0.131167
vt 0.480130 0.021976
vt 0.480131 0.211949
vt 0.504326 0.204003
vt 0.520647 0.199487
vt 0.461575 0.027492
vt 0.421849 0.021976
vt 0.375000 0.951913
vt 0.375000 0.945439
vt 0.375000 0.955070
vt 0.375000 0.955687
vt 0.375000 0.955559
vt 0.375000 0.955982
vt 0.375000 0.954245
vt 0.375000 0.949703
vt 0.375000 0.794790
vt 0.375000 0.752661
vt 0.499986 0.561479
vt 0.398820 0.196868
vt 0.398820 0.040893
vt 0.218891 0.749958
vt 0.375000 0.943435
vt 0.375000 0.928650
vt 0.375000 0.749989
vt 0.375000 0.752826
vt 0.375000 0.928774
vt 0.375000 0.827551
vt 0.375000 0.921669
vt 0.375000 0.823037
vt 0.375000 0.949812
vt 0.375000 0.996256
vt 0.375000 1.000150
vt 0.375000 0.793654
vt 0.375000 0.991931
vt 0.485790 0.765707
vt 0.531209 0.765692
vt 0.379026 0.765744
vt 0.371886 0.758726
vt 0.375000 0.822242
vt 0.375000 0.825821
vt 0.375000 0.943556
vt 0.375000 0.928669
vt 0.375000 0.981021
vt 0.205076 0.503506
vt 0.206215 0.500000
vt 0.204913 0.504008
vt 0.190852 0.519301
vt 0.146004 0.758644
vt 0.511901 0.270927
vt 0.554748 0.380395
vt 0.521553 0.379390
vt 0.486446 0.261585
vt 0.412556 0.263742
vt 0.389093 0.254431
vt 0.374678 0.873713
vt 0.148818 0.522416
vt 0.142755 0.525428
vt 0.135881 0.518731
vt 0.157639 0.520957
vt 0.125000 0.537461
vt 0.165607 0.505019
vt 0.140731 0.529156
vt 0.127486 0.713285
vt 0.125000 0.682446
vt 0.499967 0.970810
vt 0.506765 0.970416
vt 0.443677 0.949676
vt 0.499967 0.970416
vt 0.574346 0.970416
vt 0.494499 0.990674
vt 0.572350 0.998835
vt 0.125637 0.503735
vt 0.124811 0.498891
vt 0.124848 0.499108
vt 0.546717 0.250000
vt 0.573925 0.250000
vt 0.546534 0.250000
vt 0.546531 0.250000
vt 0.547563 0.250000
vt 0.620510 0.375659
vt 0.579787 0.266687
vt 0.543387 0.267219
vt 0.611477 0.265047
vt 0.620481 0.261894
vt 0.467669 0.398083
vt 0.466671 0.262860
vt 0.444925 0.401420
vt 0.438365 0.265180
vt 0.424548 0.404410
vt 0.417820 0.261698
vt 0.374580 0.411741
vt 0.372808 0.312819
vt 0.405768 0.255557
vt 0.399213 0.242849
vt 0.638168 0.858651
vt 0.566371 0.938603
vt 0.625267 0.935584
vt 0.569293 0.872523
vt 0.125000 0.667180
vt 0.249796 0.685079
vt 0.249857 0.667315
vt 0.125000 0.684997
vt 0.125000 0.643388
vt 0.249910 0.643385
vt 0.125000 0.618066
vt 0.249909 0.618135
vt 0.125690 0.504035
vt 0.124816 0.498918
vt 0.556997 0.242060
vt 0.556997 0.193786
vt 0.556997 0.242118
vt 0.556997 0.303266
vt 0.556997 0.304446
vt 0.364371 0.325696
vt 0.366058 0.412991
vt 0.556997 0.905420
vt 0.556997 0.921580
vt 0.556997 0.852365
vt 0.607681 0.243506
vt 0.620114 0.244218
vt 0.577422 0.242270
vt 0.537233 0.241807
vt 0.466617 0.240273
vt 0.439047 0.244644
vt 0.421098 0.242884
vt 0.411034 0.240148
vt 0.405051 0.228774
vt 0.556997 0.249329
vt 0.556997 0.193512
vt 0.556997 0.207824
vt 0.556997 0.186278
vt 0.556997 0.195431
vt 0.556997 0.200247
vt 0.556997 0.195216
vt 0.556997 0.181845
vt 0.362693 0.696787
vt 0.368199 0.608753
vt 0.375000 0.608815
vt 0.375000 0.696787
vt 0.556997 0.828321
vt 0.556997 0.888956
vt 0.556997 0.797743
vt 0.556997 0.724913
vt 0.556997 0.719215
vt 0.556997 0.463384
vt 0.518809 0.015712
vt 0.574289 0.000000
vt 0.573812 0.015712
vt 0.510028 0.000000
vt 0.523682 0.031424
vt 0.573925 0.031424
vt 0.523682 0.250000
vt 0.128746 0.524948
vt 0.123818 0.490977
vt 0.124803 0.498844
vt 0.129061 0.734161
vt 0.135522 0.716953
vt 0.121592 0.718046
vt 0.123835 0.491607
vt 0.128944 0.532102
vt 0.874950 0.500602
vt 0.875000 0.500000
vt 0.874951 0.500596
vt 0.874949 0.500620
vt 0.126284 0.507690
vt 0.131747 0.538014
vt 0.168860 0.747114
vt 0.162386 0.744838
vt 0.147952 0.736991
vt 0.586001 0.034480
vt 0.597319 0.044639
vt 0.601677 0.038016
vt 0.587676 0.041721
vt 0.605368 0.053620
vt 0.622583 0.041430
vt 0.622868 0.069241
vt 0.609541 0.066491
vt 0.612781 0.131525
vt 0.613894 0.223637
vt 0.620064 0.251055
vt 0.610925 0.146324
vt 0.604884 0.158797
vt 0.594673 0.207060
vt 0.596443 0.165038
vt 0.576368 0.189820
vt 0.588998 0.161016
vt 0.584773 0.148145
vt 0.560404 0.177166
vt 0.583462 0.132434
vt 0.559996 0.121105
vt 0.556997 0.181776
vt 0.563637 0.062830
vt 0.577346 0.067566
vt 0.576286 0.054679
vt 0.564627 0.037628
vt 0.579727 0.045407
vt 0.575521 0.032028
vt 0.566149 0.010053
vt 0.573436 0.010176
vt 0.566835 0.000000
vt 0.622157 0.010970
vt 0.622542 0.041453
vt 0.621834 0.000233
vt 0.622056 0.010996
vt 0.621819 0.000000
vt 0.556997 0.181725
vt 0.556997 0.195277
vt 0.166773 0.980337
vt 0.083333 0.752998
vt 0.083395 0.980337
vt 0.000000 0.752998
vt -0.003417 0.980337
vt 0.166667 0.752998
vt 0.252356 0.980337
vt 0.250000 0.752998
vt 0.556997 0.198557
vt 0.556997 0.196044
vt 0.556997 0.200292
vt 0.556997 0.200297
vt 0.556997 0.182056
vt 0.556997 0.457638
vt 0.556997 0.196245
vt 0.556997 0.186182
vt 0.556997 0.203500
vt 0.556997 0.245212
vt 0.556997 0.182423
vt 0.556997 0.196039
vt 0.556997 0.198051
vt 0.556997 0.375000
vt 0.500000 0.976806
vt 0.416957 0.964885
vt 0.500051 0.961514
vt 0.416667 0.980425
vt 0.583333 0.978664
vt 0.333722 0.972598
vt 0.583136 0.963245
vt 0.333333 0.988703
vt 0.666667 0.985547
vt 0.250000 0.997010
vt 0.247975 0.980337
vt 0.666263 0.969658
vt 0.750000 0.995800
vt 0.751944 0.979210
vt 0.166667 0.997010
vt 0.083333 0.997010
vt 0.000000 0.997010
vt 0.556997 0.704167
vt 1.000000 0.997010
vt 0.916605 0.980337
vt 0.916667 0.997010
vt 1.003417 0.980337
vt 0.833333 0.997010
vt 0.833227 0.980337
vt 0.750000 0.997010
vt 0.747648 0.980337
vt 0.333333 0.752998
vt 0.416667 0.752998
vt 0.500000 0.752998
vt 0.583333 0.752998
vt 0.666667 0.752998
vt 0.750000 0.752998
vt 0.833333 0.752998
vt 0.916667 0.752998
vt 1.000000 0.752998
vt 0.500019 0.750000
vt 0.499994 0.750000
vt 0.523705 0.750000
vt 0.523743 0.750000
vt 0.461870 0.750000
vt 0.509269 0.750000
vt 0.556997 0.539584
vt 0.871498 0.715181
vt 0.874570 0.511323
vt 0.875000 0.718576
vt 0.867276 0.728582
vt 0.870378 0.734288
vt 0.874945 0.500677
vt 0.874948 0.500634
vt 0.444648 0.156615
vt 0.426635 0.161973
vt 0.423426 0.078945
vt 0.467110 0.125000
vt 0.416018 0.153929
vt 0.410612 0.149609
vt 0.413531 0.076823
vt 0.407296 0.076049
vt 0.467377 0.062500
vt 0.531305 0.017442
vt 0.467599 0.010691
vt 0.552880 0.009825
vt 0.444686 0.061643
vt 0.444515 -0.000934
vt 0.418688 0.018640
vt 0.572228 0.013781
vt 0.600335 0.012741
vt 0.412803 0.077038
vt 0.405248 0.032827
vt 0.399346 0.012324
vt 0.398929 0.036435
vt 0.389685 0.010180
vt 0.556997 0.192117
vt 0.847678 0.741147
vt 0.840500 0.750000
vt 0.843512 0.741088
vt 0.857605 0.737885
vt 0.857750 0.745790
vt 0.874623 0.506008
vt 0.556997 0.188566
vt 0.556997 0.189915
vt 0.556997 0.190312
vt 0.556997 0.190337
vt 0.556997 0.188507
vt 0.556997 0.190332
vt 0.556997 0.191241
vt 0.573998 0.204943
vt 0.590998 0.221402
vt 0.607999 0.237874
vt 0.620996 0.250468
vt 0.556997 0.189403
vt 0.382231 1.056618
vt 0.385824 1.073356
vt 0.386067 1.068954
vt 0.381963 1.061003
vt 0.556997 0.281860
vt 0.375000 0.106615
vt 0.408688 0.132489
vt 0.408730 0.085660
vt 0.375000 0.131943
vt 0.125000 0.664371
vt 0.375000 0.082559
vt 0.397540 0.065043
vt 0.375000 0.065013
vt 0.410916 0.085660
vt 0.556997 0.294893
vt 0.573998 0.375000
vt 0.590998 0.375000
vt 0.607999 0.375000
vt 0.619428 0.375000
vt 0.874336 0.505532
vt 0.874336 0.505528
vt 0.874652 0.503027
vt 0.873776 0.509623
vt 0.874386 0.504960
vt 0.874519 0.504064
vt 0.874617 0.503291
vt 0.874331 0.505605
vt 0.872993 0.516791
vt 0.862108 0.616311
vt 0.863989 0.584473
vt 0.852268 0.674121
vt 0.863512 0.609703
vt 0.857707 0.724994
vt 0.854310 0.728747
vt 0.844299 0.735069
vt 0.556997 0.283852
vt 0.556997 0.283242
vt 0.556997 0.376063
vt 0.387854 1.019301
vt 0.556997 0.282371
vt 0.556997 0.283352
vt 0.551815 1.000251
vt 0.570101 0.980956
vt 0.569202 1.000012
vt 0.593638 1.000006
vt 0.598829 0.983462
vt 0.551778 0.974257
vt 0.530844 1.000000
vt 0.530844 0.967020
vt 0.468810 1.000000
vt 0.467645 0.967145
vt 0.442847 1.000000
vt 0.441107 0.967933
vt 0.414529 1.000000
vt 0.415883 0.970712
vt 0.397673 1.000000
vt 0.395908 0.977720
vt 0.385971 1.003360
vt 0.437490 0.610431
vt 0.375000 0.608750
vt 0.472892 0.694428
vt 0.462299 0.697675
vt 0.462299 0.697148
vt 0.530844 0.875000
vt 0.467645 0.875000
vt 0.551591 0.878706
vt 0.442337 0.880261
vt 0.570101 0.875000
vt 0.595397 0.875000
vt 0.413667 0.875000
vt 0.395380 0.873494
vt 0.384874 0.867363
s 1
f 1/1/1 2/2/2 3/3/3
f 4/4/4 5/5/4 6/6/4
f 7/1/5 8/7/5 5/5/6
f 9/2/1 8/7/5 7/1/5
f 10/4/7 11/6/7 12/5/7
f 13/1/5 12/5/6 14/7/5
f 14/7/5 15/2/2 13/1/5
f 15/2/6 16/8/8 17/3/3
f 18/5/9 19/6/9 20/7/9
f 21/1/10 22/3/11 23/2/9
f 22/3/11 24/8/12 23/2/9
f 25/7/2 26/6/2 27/5/2
f 28/9/13 29/5/14 30/4/15
f 31/9/16 32/4/17 33/5/18
f 34/10/19 35/11/19 36/10/19
f 34/10/19 37/11/19 35/11/19
f 35/11/19 38/10/20 36/10/19
f 35/11/19 39/11/19 38/10/20
f 40/12/21 41/13/22 42/14/22
f 40/12/21 43/15/23 41/13/22
f 44/13/22 45/12/21 46/14/22
f 44/13/22 47/15/23 45/12/21
f 48/16/19 49/17/24 50/18/19
f 50/18/19 51/19/19 48/16/19
f 51/19/19 52/20/19 48/16/19
f 53/18/19 54/17/24 55/16/19
f 56/19/19 53/18/19 55/16/19
f 57/20/19 56/19/19 55/16/19
f 58/21/25 59/22/26 60/23/27
f 58/21/25 61/24/28 59/22/26
f 62/25/8 61/24/29 63/26/3
f 62/25/8 64/27/30 61/24/29
f 65/21/31 66/22/32 67/24/33
f 65/21/31 68/23/34 66/22/32
f 67/24/35 69/27/36 70/25/12
f 67/24/35 70/25/12 71/26/37
f 72/28/38 73/29/39 74/30/40
f 74/30/40 75/31/41 72/28/38
f 76/32/42 75/31/41 77/33/43
f 78/30/44 79/29/45 80/28/46
f 81/31/47 78/30/44 80/28/46
f 82/32/48 83/33/49 81/31/47
f 84/34/50 85/29/51 86/28/38
f 84/34/50 87/34/52 85/29/51
f 88/31/41 89/32/42 86/28/38
f 90/34/53 91/35/54 92/34/55
f 92/34/55 93/29/56 90/34/53
f 92/34/55 94/28/46 93/29/56
f 95/32/48 96/31/57 94/28/58
f 97/36/59 98/36/60 99/36/60
f 100/36/19 98/36/60 97/36/59
f 100/36/19 97/36/59 101/36/19
f 102/36/19 101/36/19 97/36/59
f 102/36/19 97/36/59 103/36/60
f 104/36/61 97/36/59 99/36/60
f 105/36/61 103/36/60 97/36/59
f 97/36/59 104/36/61 105/36/61
f 104/36/61 106/36/19 105/36/61
f 107/36/19 108/36/61 109/36/60
f 110/34/52 111/34/62 112/35/52
f 113/37/63 114/38/64 115/39/65
f 116/39/66 117/38/67 118/37/67
f 119/11/68 120/40/69 121/41/70
f 122/11/70 119/11/68 121/41/70
f 121/41/70 123/42/71 122/11/70
f 124/43/72 121/41/70 120/40/69
f 125/39/69 124/43/72 120/40/69
f 126/44/73 124/43/72 125/39/69
f 127/45/74 126/44/73 125/39/69
f 128/37/75 127/45/74 125/39/69
f 119/11/70 129/11/76 130/41/77
f 129/11/76 131/42/78 130/41/77
f 132/39/79 133/40/72 134/43/80
f 135/41/81 134/43/80 133/40/72
f 133/40/72 136/11/82 135/41/81
f 134/43/80 137/44/83 132/39/79
f 137/44/83 138/45/84 132/39/79
f 138/45/84 139/37/85 132/39/79
f 140/46/86 141/47/87 142/48/88
f 143/49/77 142/48/88 141/47/87
f 142/48/88 144/50/74 140/46/86
f 145/51/89 140/46/86 144/50/74
f 145/51/89 144/50/74 146/52/81
f 144/50/74 147/53/68 146/52/81
f 147/53/68 148/53/90 146/52/81
f 149/54/91 146/52/81 148/53/90
f 148/53/90 150/55/74 149/54/91
f 147/53/74 151/52/71 152/53/90
f 151/52/71 153/54/91 152/53/90
f 154/55/91 152/53/90 153/54/91
f 153/54/91 155/56/68 154/55/91
f 156/49/74 157/47/74 158/48/68
f 158/48/68 157/47/74 159/46/92
f 158/48/68 159/46/92 160/50/92
f 159/46/92 161/51/93 160/50/92
f 161/51/93 162/52/94 160/50/92
f 163/53/94 160/50/92 162/52/94
f 164/55/95 165/56/95 166/54/95
f 167/57/96 168/58/97 169/59/98
f 167/57/96 170/60/97 168/58/97
f 171/57/99 172/58/100 173/60/100
f 171/57/99 174/59/101 172/58/100
f 175/61/102 176/62/103 177/63/104
f 178/64/105 175/61/102 177/63/104
f 177/63/104 179/65/106 178/64/105
f 180/63/107 181/61/108 182/64/105
f 180/63/107 183/62/109 181/61/108
f 182/64/105 184/65/106 180/63/107
f 185/66/110 186/67/111 187/66/112
f 188/67/113 189/67/114 190/66/115
f 191/10/116 192/68/117 193/69/118
f 191/10/116 194/11/119 192/68/117
f 195/10/120 196/68/121 197/11/122
f 195/10/120 198/69/123 196/68/121
f 199/70/124 200/71/125 201/72/126
f 202/73/127 200/71/125 199/70/124
f 203/74/128 199/70/124 201/72/126
f 204/75/129 203/74/128 201/72/126
f 205/71/130 202/73/127 206/71/131
f 207/71/132 205/71/130 208/71/133
f 209/71/134 207/71/132 210/71/135
f 209/71/134 211/71/136 207/71/132
f 212/72/137 213/71/138 214/70/139
f 214/70/139 213/71/138 215/73/140
f 214/70/139 216/74/141 212/72/137
f 216/74/141 217/75/142 212/72/137
f 218/71/143 215/73/140 219/71/144
f 218/71/143 219/71/144 220/71/145
f 221/73/146 222/70/147 223/71/148
f 224/71/130 223/71/149 225/71/150
f 226/71/132 225/71/133 227/71/151
f 228/70/152 229/73/153 230/71/154
f 231/66/155 232/36/156 233/36/155
f 232/36/157 234/66/158 235/66/159
f 236/76/160 237/76/161 238/76/162
f 236/76/160 239/76/163 237/76/161
f 239/76/163 240/76/164 237/76/161
f 239/76/163 241/76/165 240/76/164
f 240/76/164 241/76/165 242/76/166
f 240/76/164 242/76/166 243/76/167
f 243/76/167 242/76/166 244/76/168
f 243/76/167 244/76/168 245/76/169
f 246/71/170 247/71/170 248/71/170
f 249/71/171 250/71/171 248/71/171
f 251/71/172 252/71/172 253/71/172
f 254/71/173 255/71/174 252/71/175
f 256/71/176 252/71/175 255/71/174
f 257/71/177 252/71/175 256/71/176
f 258/71/178 259/71/178 260/71/178
f 261/71/179 262/71/180 259/71/181
f 259/71/181 263/71/182 261/71/179
f 264/71/183 265/71/183 266/71/183
f 267/77/184 268/78/185 269/78/186
f 267/77/184 270/77/187 268/78/185
f 269/78/186 268/78/185 271/79/188
f 269/78/186 271/79/188 272/79/189
f 272/79/189 271/79/188 273/36/190
f 274/80/191 273/36/190 271/79/188
f 275/80/192 273/36/190 274/80/191
f 276/81/193 277/82/187 267/77/194
f 276/81/195 278/71/196 279/71/197
f 279/71/198 280/71/199 281/83/200
f 282/84/201 283/80/202 275/80/203
f 283/80/202 284/36/204 275/80/203
f 282/84/201 285/84/205 283/80/202
f 285/84/205 286/80/206 283/80/202
f 285/84/205 287/84/207 286/80/206
f 288/85/208 285/84/209 289/85/210
f 284/36/211 290/36/212 291/36/213
f 290/36/212 284/36/211 292/36/212
f 292/36/212 293/36/212 290/36/212
f 284/36/211 294/36/214 295/36/212
f 294/36/214 296/36/215 295/36/212
f 297/86/216 289/85/217 298/87/218
f 299/86/219 289/85/217 297/86/216
f 300/88/219 299/86/219 297/86/216
f 298/87/218 301/86/220 297/86/216
f 300/88/219 297/86/216 302/89/221
f 302/89/221 297/86/216 301/86/220
f 302/89/221 301/86/220 303/90/222
f 303/90/222 301/86/220 304/86/223
f 305/91/224 303/90/222 304/86/223
f 306/91/225 303/90/222 305/91/224
f 307/92/226 308/93/227 309/94/228
f 310/95/229 309/94/228 308/93/227
f 311/95/230 312/93/231 313/94/232
f 312/93/231 314/92/233 313/94/232
f 315/28/38 316/30/234 317/31/41
f 315/28/38 318/29/39 316/30/234
f 319/32/42 317/31/41 320/33/43
f 321/34/55 322/29/56 323/34/235
f 324/30/44 322/29/45 325/28/46
f 326/31/47 324/30/44 325/28/46
f 327/32/48 328/33/49 326/31/47
f 329/35/236 330/34/237 331/34/236
f 330/34/55 332/28/46 333/29/56
f 332/28/46 334/32/48 335/31/47
f 336/35/238 337/34/239 338/34/62
f 338/34/62 337/34/239 339/29/51
f 338/34/62 339/29/51 340/28/38
f 341/31/41 342/32/42 340/28/38
f 343/95/229 344/93/227 345/96/240
f 346/92/226 347/97/241 344/93/227
f 348/98/242 343/95/229 345/96/240
f 348/98/242 345/96/240 349/99/243
f 348/98/242 349/99/243 350/100/244
f 351/98/245 352/96/246 353/95/230
f 353/95/230 352/96/246 354/93/231
f 351/98/245 355/99/247 352/96/246
f 356/100/248 355/99/247 351/98/245
f 354/93/231 357/97/249 358/92/233
f 359/81/250 360/71/251 361/71/252
f 360/71/253 362/83/254 363/71/255
f 364/82/256 359/81/257 365/77/194
f 365/77/184 366/78/258 367/77/256
f 365/77/184 368/78/186 366/78/258
f 368/78/186 369/79/259 366/78/258
f 368/78/186 370/79/189 369/79/259
f 370/79/189 371/36/260 369/79/259
f 372/80/261 369/79/259 371/36/260
f 371/36/260 373/80/262 372/80/261
f 374/84/263 372/80/261 373/80/262
f 375/36/213 376/36/264 371/36/265
f 375/36/213 377/36/212 376/36/264
f 376/36/264 377/36/212 378/36/212
f 376/36/266 379/80/267 373/80/262
f 380/84/268 373/80/262 379/80/267
f 374/84/263 373/80/262 380/84/268
f 380/84/268 379/80/267 381/84/269
f 374/84/263 380/84/268 382/85/270
f 381/84/271 383/80/272 384/84/273
f 374/84/263 382/85/270 385/85/274
f 386/101/275 385/85/274 382/85/270
f 382/85/276 387/85/277 388/87/278
f 387/85/277 389/86/279 388/87/278
f 389/86/279 390/86/280 388/87/278
f 391/71/281 392/71/282 393/71/283
f 391/71/281 394/71/284 392/71/282
f 395/102/285 396/71/286 393/71/287
f 397/71/288 398/71/289 399/71/290
f 397/71/288 400/71/291 398/71/289
f 399/71/292 401/71/293 402/102/294
f 403/103/295 404/104/296 405/105/297
f 403/103/295 406/100/244 404/104/296
f 407/98/298 406/100/244 403/103/295
f 408/104/299 409/103/300 410/105/301
f 408/104/299 411/100/248 409/103/300
f 411/100/248 412/98/245 409/103/300
f 413/47/302 414/47/303 415/47/304
f 413/47/302 416/47/305 414/47/303
f 417/47/306 418/47/307 419/47/308
f 417/47/306 420/47/309 418/47/307
f 421/106/310 422/75/311 423/74/141
f 421/106/310 424/107/312 422/75/311
f 425/108/313 424/107/312 421/106/310
f 425/108/313 426/109/314 424/107/312
f 425/108/313 427/110/309 426/109/314
f 428/107/315 429/108/316 430/106/317
f 428/107/315 431/109/318 429/108/316
f 429/108/316 431/109/318 432/110/304
f 433/75/319 428/107/315 430/106/317
f 433/75/319 430/106/317 434/74/320
f 435/71/321 436/71/322 437/71/323
f 438/71/324 435/71/321 437/71/323
f 438/71/324 439/71/325 435/71/321
f 439/71/325 438/71/324 440/71/326
f 441/71/327 442/71/322 443/71/328
f 444/71/329 443/71/328 442/71/322
f 445/108/330 446/110/304 447/111/304
f 448/108/331 449/111/309 450/110/309
f 451/76/332 452/76/333 453/76/334
f 454/76/335 451/76/332 453/76/334
f 454/76/335 453/76/334 455/76/336
f 451/76/332 456/76/337 452/76/333
f 457/76/338 452/76/333 456/76/337
f 457/76/338 458/76/339 452/76/333
f 459/76/340 458/76/339 457/76/338
f 459/76/340 460/76/341 458/76/339
f 461/112/342 462/113/343 463/114/344
f 461/112/342 463/114/344 464/115/345
f 461/112/342 464/115/345 465/116/307
f 461/112/342 466/117/346 462/113/343
f 466/117/346 467/118/347 462/113/343
f 466/117/346 468/119/348 467/118/347
f 469/117/349 470/118/350 471/119/351
f 469/117/349 472/113/352 470/118/350
f 473/112/353 472/113/352 469/117/349
f 473/112/353 474/114/354 472/113/352
f 475/115/355 474/114/354 473/112/353
f 475/115/355 473/112/353 476/116/303
f 477/71/356 478/70/357 479/120/358
f 477/71/356 480/71/326 478/70/357
f 481/71/359 480/71/326 477/71/356
f 482/71/327 483/71/328 484/71/360
f 485/70/361 482/71/327 484/71/360
f 485/70/361 484/71/360 486/120/362
f 487/76/363 488/76/364 489/76/365
f 487/76/363 490/76/366 488/76/364
f 489/76/365 488/76/364 491/76/367
f 489/76/365 491/76/367 492/76/368
f 491/76/367 493/76/369 492/76/368
f 491/76/367 494/76/370 493/76/369
f 494/76/370 495/76/371 493/76/369
f 494/76/370 496/76/372 495/76/371
f 497/121/373 498/122/374 499/123/375
f 497/121/373 500/124/374 498/122/374
f 501/122/374 502/121/373 503/123/375
f 501/122/374 504/124/374 502/121/373
f 505/125/376 506/126/377 507/127/378
f 505/125/376 508/128/379 506/126/377
f 506/126/377 508/128/379 509/129/380
f 510/130/381 511/131/382 512/130/381
f 510/130/381 513/132/383 511/131/382
f 514/130/384 515/131/378 516/132/385
f 514/130/384 517/130/384 515/131/378
f 518/133/386 519/134/387 520/135/388
f 521/133/389 522/135/335 523/134/390
f 524/136/391 525/137/392 526/138/392
f 526/138/393 527/139/394 528/139/393
f 524/136/395 529/140/396 530/138/395
f 529/140/396 531/139/391 530/138/395
f 532/139/391 533/139/397 534/138/391
f 534/138/398 535/137/398 536/136/398
f 537/140/399 536/136/395 538/138/400
f 539/139/393 537/140/399 538/138/400
f 540/92/401 541/141/402 542/142/403
f 543/92/404 544/142/405 545/141/406
f 546/71/407 547/71/408 548/71/409
f 546/71/407 549/71/409 547/71/408
f 550/71/407 551/71/410 552/71/409
f 550/71/407 553/71/411 551/71/410
f 554/143/373 555/64/374 556/61/412
f 554/143/373 557/144/413 555/64/374
f 558/64/374 559/143/373 560/61/412
f 558/64/374 561/144/413 559/143/373
f 562/71/414 563/145/415 564/120/358
f 563/145/415 565/146/416 564/120/358
f 566/145/417 567/120/362 568/146/418
f 569/71/419 567/120/362 566/145/417
f 570/60/420 571/147/421 572/148/422
f 570/60/420 573/149/423 571/147/421
f 574/147/424 575/60/424 576/148/425
f 574/147/424 577/149/424 575/60/424
f 578/150/426 579/151/427 580/152/428
f 581/150/429 578/150/426 580/152/428
f 582/153/430 578/150/426 581/150/429
f 583/154/431 581/150/429 580/152/428
f 584/152/431 585/154/431 586/154/431
f 587/155/432 588/156/433 589/92/434
f 590/156/435 591/155/436 592/92/437
f 593/157/438 594/158/439 595/159/440
f 593/157/438 595/159/440 596/160/441
f 594/158/439 597/161/442 595/159/440
f 594/158/439 598/71/443 597/161/442
f 597/161/442 598/71/443 599/71/444
f 597/161/442 599/71/444 600/102/285
f 600/102/285 601/71/287 602/71/282
f 603/158/445 604/161/446 605/71/447
f 604/161/446 606/71/448 605/71/447
f 604/161/446 607/102/294 606/71/448
f 603/158/445 608/159/449 604/161/446
f 609/157/450 608/159/449 603/158/445
f 610/160/451 608/159/449 609/157/450
f 611/71/292 607/102/294 612/71/288
f 613/71/452 614/71/452 615/71/453
f 616/150/454 617/154/455 618/152/431
f 617/154/455 619/154/456 618/152/431
f 620/150/426 616/150/454 618/152/431
f 618/152/431 621/151/427 620/150/426
f 616/150/454 620/150/426 622/153/457
f 616/150/454 622/153/457 623/153/458
f 623/153/458 622/153/457 624/77/459
f 623/153/458 624/77/459 625/77/460
f 624/77/459 622/153/457 626/153/458
f 622/153/457 627/150/430 626/153/458
f 624/77/459 626/153/458 628/77/460
f 629/162/460 624/77/461 630/81/462
f 629/162/460 630/81/462 631/163/462
f 630/81/462 624/77/461 632/162/460
f 630/81/462 632/162/460 633/163/462
f 634/71/463 630/81/462 633/163/462
f 635/71/463 630/81/462 636/71/463
f 637/164/212 638/165/212 639/166/212
f 637/164/212 640/167/464 638/165/212
f 639/166/212 641/168/212 637/164/212
f 642/165/212 643/167/464 644/164/212
f 645/166/212 642/165/212 644/164/212
f 644/164/212 646/168/465 645/166/212
f 647/36/212 648/36/211 649/36/212
f 650/80/466 648/36/204 651/36/467
f 648/36/204 652/36/213 651/36/467
f 653/79/468 651/36/467 652/36/213
f 654/80/202 655/36/469 648/36/470
f 654/80/202 656/36/471 655/36/469
f 654/80/202 657/80/472 656/36/471
f 658/71/473 659/169/474 660/170/475
f 661/72/476 660/170/475 659/169/474
f 658/71/473 662/171/477 659/169/474
f 658/71/473 663/71/478 662/171/477
f 663/71/478 658/71/473 664/71/479
f 661/72/476 659/169/474 665/172/480
f 666/71/481 667/71/482 668/71/483
f 666/71/481 669/71/484 667/71/482
f 667/71/482 669/71/484 670/71/481
f 667/71/482 670/71/481 671/71/483
f 669/71/484 672/71/485 673/71/485
f 674/173/486 675/174/487 676/175/488
f 675/174/487 677/176/489 676/175/488
f 678/177/490 675/174/487 674/173/486
f 679/175/491 680/174/492 681/173/493
f 680/174/492 682/177/494 681/173/493
f 683/176/478 680/174/492 679/175/491
f 684/71/484 685/71/495 686/71/496
f 687/71/495 688/71/485 684/71/497
f 687/71/495 684/71/497 689/71/496
f 690/178/498 691/179/499 692/141/402
f 693/92/500 690/178/498 692/141/402
f 694/92/501 695/141/406 696/178/502
f 696/178/502 695/141/406 697/179/503
f 698/71/504 699/71/505 700/71/506
f 701/71/507 702/71/508 703/71/509
f 704/71/463 705/163/462 706/81/462
f 707/71/463 708/71/463 706/81/462
f 709/71/510 710/71/489 711/71/510
f 712/71/478 713/71/479 714/71/479
f 715/71/511 716/71/512 717/71/513
f 715/71/511 718/71/514 716/71/512
f 719/71/515 720/71/516 721/71/517
f 719/71/515 722/71/518 720/71/516
f 723/71/507 722/71/518 719/71/515
f 724/71/508 723/71/519 725/180/520
f 724/71/508 725/180/520 726/181/521
f 727/71/522 728/71/516 729/71/504
f 727/71/522 730/71/517 728/71/516
f 729/71/504 731/71/523 727/71/522
f 732/71/524 733/180/525 731/71/526
f 732/71/524 734/181/527 733/180/525
f 735/71/528 736/71/529 737/71/529
f 735/71/528 738/71/530 736/71/529
f 739/71/531 740/71/532 741/71/532
f 739/71/531 742/71/533 740/71/532
f 743/71/534 744/71/535 740/71/532
f 745/71/536 746/71/537 747/71/538
f 748/71/539 747/71/538 746/71/537
f 748/71/539 746/71/537 749/71/530
f 745/71/536 750/71/540 746/71/537
f 746/71/537 750/71/540 751/71/541
f 746/71/537 751/71/541 752/71/537
f 753/71/542 754/171/543 755/71/489
f 756/71/479 753/71/542 755/71/489
f 757/169/544 754/171/543 753/71/542
f 757/169/544 753/71/542 758/170/545
f 759/72/546 757/169/544 758/170/545
f 759/72/546 760/172/547 757/169/544
f 761/182/548 760/172/547 759/72/546
f 761/182/548 762/183/549 760/172/547
f 762/183/549 763/184/550 764/185/551
f 765/186/550 766/187/551 762/183/549
f 767/71/552 768/71/532 769/71/535
f 767/71/552 770/71/532 768/71/532
f 768/71/532 771/71/533 772/71/531
f 768/71/532 772/71/531 773/71/532
f 774/71/534 768/71/532 773/71/532
f 775/71/553 776/70/554 777/188/555
f 778/71/556 779/71/557 780/71/558
f 779/71/557 781/188/559 782/70/560
f 783/71/561 778/71/562 784/71/563
f 783/71/561 785/71/564 786/71/565
f 787/71/566 788/71/513 789/71/567
f 787/71/566 790/71/568 788/71/513
f 790/71/568 787/71/566 791/180/569
f 792/189/570 793/190/571 794/133/572
f 794/133/572 793/190/571 795/134/387
f 792/189/570 796/191/573 793/190/571
f 796/191/573 792/189/570 797/192/574
f 798/189/575 799/190/576 800/191/577
f 800/191/577 801/192/578 798/189/575
f 798/189/575 802/133/579 799/190/576
f 802/133/579 803/134/390 799/190/576
f 804/71/568 805/180/580 806/188/581
f 807/71/582 808/180/583 809/71/584
f 810/71/585 811/71/586 812/71/587
f 813/71/588 811/71/589 814/193/590
f 813/71/588 814/193/590 815/194/591
f 815/194/591 814/193/590 816/195/592
f 817/71/593 818/196/594 819/71/595
f 817/71/593 820/197/596 818/196/594
f 820/197/596 821/198/597 818/196/594
f 820/197/596 822/199/598 821/198/597
f 823/71/599 817/71/593 819/71/595
f 823/71/599 819/71/595 824/71/600
f 825/71/601 823/71/599 824/71/600
f 826/71/602 823/71/599 825/71/601
f 826/71/602 825/71/601 827/71/603
f 828/200/604 829/201/605 830/202/606
f 829/201/607 831/203/608 832/204/609
f 829/201/607 832/204/609 833/205/610
f 834/201/611 835/204/612 836/203/613
f 834/201/611 837/205/614 835/204/612
f 834/201/615 838/200/616 839/202/617
f 840/193/618 841/206/619 842/71/620
f 840/193/618 843/195/621 841/206/619
f 844/71/622 840/193/618 842/71/620
f 843/195/623 845/207/624 846/208/625
f 847/71/626 844/71/622 848/71/537
f 849/71/627 850/71/628 851/71/629
f 851/71/629 852/71/630 849/71/627
f 851/71/629 853/71/630 852/71/630
f 852/71/631 854/71/632 855/71/633
f 855/71/633 854/71/632 856/71/634
f 855/71/633 856/71/634 857/71/635
f 858/188/636 857/71/635 856/71/634
f 858/188/636 859/70/637 857/71/635
f 859/70/637 858/188/636 860/209/638
f 859/70/637 860/209/638 861/74/639
f 862/210/640 861/74/639 860/209/638
f 863/211/641 864/212/642 865/213/642
f 863/211/641 866/214/642 864/212/642
f 867/215/643 868/216/644 869/217/644
f 867/215/643 870/218/645 868/216/644
f 871/215/641 872/216/646 873/218/647
f 871/215/641 874/217/646 872/216/646
f 875/211/643 876/212/648 877/214/648
f 875/211/643 878/213/648 876/212/648
f 879/219/649 880/220/650 881/221/651
f 880/220/650 882/222/652 881/221/651
f 883/223/653 884/224/654 882/222/655
f 883/223/653 885/225/656 884/224/654
f 885/225/657 886/226/658 887/227/659
f 888/66/660 889/67/661 890/66/110
f 890/66/110 889/67/661 891/67/662
f 888/66/660 892/67/663 889/67/661
f 893/71/664 894/71/665 895/71/666
f 896/71/667 897/71/668 898/71/667
f 896/71/667 899/71/669 897/71/668
f 900/71/670 901/71/671 902/71/672
f 900/71/670 903/71/670 901/71/671
f 904/76/673 905/76/674 906/76/675
f 907/76/676 906/76/675 905/76/674
f 904/76/673 908/76/677 905/76/674
f 909/76/678 908/76/677 904/76/673
f 909/76/678 910/76/679 908/76/677
f 907/76/676 905/76/674 911/76/680
f 912/76/681 907/76/676 911/76/680
f 912/76/681 911/76/680 913/76/682
f 914/219/683 915/220/684 916/179/499
f 917/178/498 914/219/683 916/179/499
f 915/220/685 918/222/686 919/223/687
f 920/178/502 921/179/503 922/219/649
f 922/219/649 921/179/503 923/220/688
f 923/220/688 924/223/653 925/222/655
f 926/228/689 927/104/690 928/229/691
f 926/228/689 929/105/297 927/104/690
f 930/230/692 931/150/693 932/231/694
f 933/153/695 932/231/694 931/150/693
f 930/230/692 934/154/692 931/150/693
f 935/205/696 936/232/697 937/204/698
f 935/205/696 938/192/578 936/232/697
f 939/191/699 936/232/697 938/192/578
f 940/191/700 941/192/574 942/232/701
f 943/205/702 942/232/701 941/192/574
f 943/205/702 944/204/703 942/232/701
f 945/76/704 946/76/705 947/76/706
f 948/76/707 945/76/704 947/76/706
f 945/76/704 949/76/708 946/76/705
f 948/76/707 947/76/706 950/76/709
f 950/76/709 947/76/706 951/76/710
f 950/76/709 951/76/710 952/76/711
f 946/76/705 951/76/710 947/76/706
f 946/76/705 953/76/712 951/76/710
f 954/76/713 946/76/705 949/76/708
f 955/76/714 953/76/712 946/76/705
f 954/76/713 956/76/715 946/76/705
f 955/76/714 946/76/705 956/76/715
f 956/76/715 954/76/713 957/76/716
f 956/76/715 957/76/716 958/76/717
f 955/76/714 956/76/715 958/76/717
f 955/76/714 958/76/717 959/76/718
f 960/76/719 961/76/720 962/76/721
f 963/76/722 960/76/719 962/76/721
f 960/76/719 964/76/723 961/76/720
f 965/76/724 961/76/720 964/76/723
f 965/76/724 964/76/723 966/76/725
f 963/76/722 967/76/726 960/76/719
f 968/76/727 967/76/726 963/76/722
f 968/76/727 969/76/728 967/76/726
f 970/76/729 971/76/730 972/76/731
f 970/76/729 973/76/732 971/76/730
f 970/76/729 972/76/731 974/76/733
f 970/76/729 974/76/733 975/76/734
f 972/76/731 976/76/735 974/76/733
f 972/76/731 977/76/736 976/76/735
f 977/76/736 972/76/731 971/76/730
f 977/76/736 971/76/730 978/76/737
f 971/76/730 973/76/732 979/76/738
f 980/76/739 978/76/737 971/76/730
f 980/76/739 971/76/730 981/76/740
f 971/76/730 979/76/738 981/76/740
f 982/76/741 980/76/739 981/76/740
f 982/76/741 981/76/740 983/76/742
f 983/76/742 981/76/740 979/76/738
f 983/76/742 979/76/738 984/76/743
f 985/233/744 986/234/744 987/235/744
f 988/236/745 985/233/744 987/235/744
f 987/235/744 989/237/746 988/236/745
f 990/238/747 988/236/748 991/239/749
f 992/235/750 993/233/750 994/236/751
f 992/235/750 995/234/750 993/233/750
f 994/236/751 996/237/752 992/235/750
f 997/238/753 998/239/752 994/236/754
f 999/76/755 1000/76/756 1001/76/757
f 999/76/755 1002/76/758 1000/76/756
f 1001/76/757 1000/76/756 1003/76/759
f 1001/76/757 1003/76/759 1004/76/759
f 1005/76/760 1004/76/759 1003/76/759
f 1005/76/760 1003/76/759 1006/76/761
f 1007/76/762 1005/76/760 1006/76/761
f 1007/76/762 1006/76/761 1008/76/763
f 1009/240/764 1010/36/765 1011/79/766
f 1012/241/767 1009/240/764 1011/79/766
f 1009/240/764 1013/66/768 1010/36/765
f 1013/66/768 1014/36/769 1010/36/765
f 1013/66/768 1015/66/770 1014/36/769
f 1014/36/769 1015/66/770 1016/66/771
f 1014/36/769 1016/66/771 1017/36/772
f 1018/71/773 1019/71/773 1020/71/774
f 1021/163/775 1022/77/776 1023/162/777
f 1021/163/775 1024/81/778 1022/77/776
f 1025/71/779 1024/81/778 1021/163/775
f 1026/77/777 1022/77/780 1027/242/781
f 1026/77/777 1027/242/781 1028/153/781
f 1028/153/781 1027/242/781 1029/231/781
f 1030/163/782 1031/77/783 1032/81/784
f 1030/163/782 1033/162/785 1031/77/783
f 1030/163/782 1032/81/784 1034/71/786
f 1030/163/782 1034/71/786 1035/71/787
f 1036/77/785 1037/242/788 1031/77/789
f 1036/77/785 1038/153/788 1037/242/788
f 1038/153/788 1039/231/790 1037/242/788
f 1038/153/788 1040/150/790 1039/231/790
f 1041/230/791 1039/231/790 1040/150/790
f 1041/230/791 1040/150/790 1042/154/791
f 1043/71/792 1044/71/792 1045/71/793
f 1043/71/792 1046/71/794 1044/71/792
f 1047/71/795 1048/71/796 1049/71/797
f 1048/71/798 1050/71/798 1051/71/799
f 1052/71/798 1053/71/800 1054/71/800
f 1055/71/801 1056/71/802 1052/71/802
f 1057/71/803 1058/71/804 1059/71/803
f 1057/71/803 1059/71/803 1060/71/805
f 1057/71/803 1060/71/805 1061/71/806
f 1062/71/807 1063/71/808 1064/71/809
f 1065/71/810 1066/71/811 1067/71/811
f 1068/243/812 1069/244/812 1070/245/813
f 1071/71/814 1072/71/815 1073/71/816
f 1071/71/814 1074/71/817 1072/71/815
f 1075/71/818 1071/71/814 1073/71/816
f 1075/71/818 1073/71/816 1076/71/819
f 1074/71/582 1077/188/820 1078/180/821
f 1077/188/820 1079/246/822 1078/180/821
f 1077/188/820 1080/247/823 1079/246/822
f 1081/248/824 1079/246/822 1080/247/823
f 1082/157/438 1083/160/441 1084/249/825
f 1083/160/441 1085/250/826 1084/249/825
f 1083/160/441 1086/251/827 1085/250/826
f 1086/251/827 1087/252/828 1085/250/826
f 1086/251/827 1088/253/829 1087/252/828
f 1089/250/830 1090/160/451 1091/249/831
f 1090/160/451 1092/157/450 1091/249/831
f 1089/250/830 1093/251/832 1090/160/451
f 1094/252/833 1093/251/832 1089/250/830
f 1094/252/833 1095/253/834 1093/251/832
f 1096/243/812 1097/245/813 1098/254/812
f 1098/254/812 1099/255/835 1096/243/812
f 1097/245/813 1100/256/836 1098/254/812
f 1097/245/813 1101/245/837 1100/256/836
f 1101/245/837 1102/257/838 1100/256/836
f 1096/243/839 1103/258/839 1104/244/839
f 1105/71/773 1106/71/840 1107/71/773
f 1108/240/841 1109/36/842 1110/66/159
f 1111/36/843 1110/66/159 1109/36/842
f 1108/240/841 1112/79/844 1109/36/842
f 1113/241/845 1112/79/844 1108/240/841
f 1114/66/846 1115/66/847 1111/36/156
f 1116/71/848 1117/71/849 1118/71/850
f 1119/71/851 1118/71/850 1117/71/849
f 1120/71/852 1118/71/850 1119/71/851
f 1118/71/850 1121/71/853 1116/71/848
f 1121/71/853 1118/71/850 1122/71/853
f 1123/71/854 1124/71/855 1125/71/856
f 1126/71/857 1125/71/856 1124/71/855
f 1126/71/857 1127/71/857 1125/71/856
f 1125/71/858 1128/71/858 1129/71/850
f 1130/71/859 1131/71/859 1132/71/859
f 1133/76/860 1134/76/861 1135/76/862
f 1133/76/860 1136/76/863 1134/76/861
f 1137/76/864 1134/76/861 1136/76/863
f 1137/76/864 1138/76/864 1134/76/861
f 1139/76/865 1138/76/864 1137/76/864
f 1139/76/865 1137/76/864 1140/76/866
f 1139/76/865 1140/76/866 1141/76/867
f 1139/76/865 1141/76/867 1142/76/868
f 1143/71/869 1144/70/870 1145/71/871
f 1146/71/872 1143/71/869 1145/71/871
f 1147/71/873 1146/71/872 1145/71/871
f 1148/71/874 1149/71/874 1145/71/875
f 1150/71/876 1151/71/877 1152/71/876
f 1153/71/878 1154/71/879 1151/71/880
f 1155/71/881 1153/71/878 1151/71/880
f 1151/71/880 1156/70/882 1155/71/881
f 1157/243/883 1158/255/884 1159/254/883
f 1157/243/883 1159/254/883 1160/245/885
f 1161/256/886 1162/245/887 1160/245/885
f 1163/76/888 1164/76/889 1165/76/890
f 1163/76/888 1166/76/891 1164/76/889
f 1167/76/892 1166/76/891 1163/76/888
f 1167/76/892 1168/76/893 1166/76/891
f 1169/76/894 1166/76/891 1168/76/893
f 1170/76/895 1164/76/889 1166/76/891
f 1169/76/894 1170/76/895 1166/76/891
f 1170/76/895 1171/76/896 1164/76/889
f 1172/76/897 1171/76/896 1170/76/895
f 1173/76/898 1170/76/895 1169/76/894
f 1172/76/897 1170/76/895 1173/76/898
f 1173/76/898 1169/76/894 1174/76/899
f 1173/76/898 1174/76/899 1175/76/900
f 1173/76/898 1175/76/900 1176/76/901
f 1172/76/897 1173/76/898 1176/76/901
f 1172/76/897 1176/76/901 1177/76/902
f 1178/71/875 1179/71/903 1180/71/903
f 1181/71/904 1182/71/904 1183/71/905
f 1184/71/906 1185/163/907 1186/71/908
f 1187/259/909 1188/183/910 1189/172/480
f 1187/259/909 1190/260/911 1188/183/910
f 1191/261/912 1187/259/909 1189/172/480
f 1188/183/913 1192/262/914 1193/187/914
f 1191/261/912 1189/172/480 1194/169/915
f 1191/261/912 1194/169/915 1195/171/916
f 1191/261/912 1195/171/916 1196/263/917
f 1197/71/918 1198/71/919 1199/71/919
f 1200/71/920 1201/71/921 1202/71/921
f 1200/71/920 1203/71/922 1201/71/921
f 1204/71/923 1203/71/922 1200/71/920
f 1205/71/924 1206/71/925 1207/71/926
f 1208/71/927 1207/71/926 1206/71/925
f 1208/71/927 1209/71/927 1207/71/926
f 1210/71/928 1211/71/929 1212/71/928
f 1210/71/928 1213/71/930 1211/71/929
f 1213/71/930 1214/71/931 1211/71/929
f 1213/71/930 1215/71/932 1214/71/931
f 1216/71/933 1217/71/934 1218/71/935
f 1218/71/935 1219/71/936 1216/71/933
f 1218/71/935 1220/71/937 1219/71/936
f 1221/71/938 1222/71/938 1223/71/925
f 1224/77/939 1225/78/940 1226/241/844
f 1226/241/844 1225/78/940 1227/79/940
f 1224/77/939 1228/77/941 1225/78/940
f 1229/264/942 1228/77/941 1230/265/939
f 1229/264/942 1231/81/943 1228/77/941
f 1232/71/944 1231/81/943 1229/264/942
f 1233/266/945 1234/267/946 1235/267/947
f 1233/266/945 1236/266/948 1234/267/946
f 1237/266/949 1234/267/946 1236/266/948
f 1233/266/945 1235/267/947 1238/267/950
f 1233/266/945 1238/267/950 1239/266/951
f 1239/266/951 1238/267/950 1240/268/952
f 1239/266/951 1240/268/952 1241/269/953
f 1242/270/954 1238/267/950 1235/267/947
f 1242/270/954 1235/267/947 1243/270/955
f 1235/267/947 1234/267/946 1244/270/956
f 1235/267/947 1244/270/956 1243/270/955
f 1242/270/954 1243/270/955 1245/76/957
f 1242/270/954 1245/76/957 1246/76/958
f 1245/76/957 1243/270/955 1244/270/956
f 1237/266/949 1247/267/959 1234/267/946
f 1244/270/956 1234/267/946 1247/267/959
f 1248/267/960 1247/267/959 1237/266/949
f 1248/267/960 1237/266/949 1249/266/961
f 1250/268/962 1248/267/960 1249/266/961
f 1250/268/962 1249/266/961 1251/269/963
f 1252/270/964 1247/267/959 1248/267/960
f 1244/270/956 1247/267/959 1253/270/965
f 1252/270/964 1253/270/965 1247/267/959
f 1254/76/435 1253/270/965 1252/270/964
f 1254/76/435 1244/270/956 1253/270/965
f 1254/76/435 1252/270/964 1255/76/966
f 1254/76/435 1256/76/967 1244/270/956
f 1245/76/957 1244/270/956 1256/76/967
f 1257/76/437 1256/76/967 1254/76/435
f 1256/76/967 1258/76/434 1245/76/957
f 1257/76/437 1259/76/968 1256/76/967
f 1256/76/967 1259/76/968 1258/76/434
f 1260/71/969 1261/71/970 1262/71/971
f 1260/71/969 1263/71/970 1261/71/970
f 1264/264/972 1265/77/973 1266/81/974
f 1264/264/972 1266/81/974 1267/71/975
f 1264/264/972 1268/265/976 1265/77/973
f 1269/77/976 1270/78/977 1265/77/973
f 1269/77/976 1271/241/978 1270/78/977
f 1271/241/978 1272/79/979 1270/78/977
f 1273/71/980 1274/71/980 1275/71/922
f 1276/71/981 1277/71/982 1278/71/805
f 1276/71/981 1279/71/983 1277/71/982
f 1276/71/981 1280/71/984 1279/71/983
f 1281/145/985 1282/271/986 1283/146/987
f 1282/271/986 1284/272/988 1283/146/987
f 1282/271/986 1285/273/989 1284/272/988
f 1285/273/989 1286/274/990 1284/272/988
f 1285/273/989 1287/275/991 1286/274/990
f 1287/275/991 1288/276/992 1286/274/990
f 1287/275/991 1289/277/993 1288/276/992
f 1289/277/993 1290/278/994 1288/276/992
f 1291/274/995 1292/273/996 1293/272/997
f 1293/272/997 1292/273/996 1294/271/998
f 1293/272/997 1294/271/998 1295/146/999
f 1296/145/1000 1295/146/999 1294/271/998
f 1291/274/995 1297/275/1001 1292/273/996
f 1298/276/1002 1297/275/1001 1291/274/995
f 1298/276/1002 1299/277/1003 1297/275/1001
f 1300/278/1004 1299/277/1003 1298/276/1002
f 1301/71/1005 1302/71/1006 1303/71/1007
f 1301/71/1005 1304/71/1008 1302/71/1006
f 1305/71/1009 1306/71/1010 1307/71/1010
f 1308/277/993 1309/279/1011 1310/278/994
f 1311/278/1004 1312/279/1012 1313/277/1003
f 1314/225/1013 1315/224/1014 1316/227/1015
f 1317/280/1016 1318/281/1016 1319/282/1017
f 1320/282/1018 1321/281/1019 1322/280/1019
f 1323/283/1020 1324/284/1021 1325/285/678
f 1326/47/1022 1327/47/1023 1328/47/1024
f 1326/47/1022 1329/47/1025 1327/47/1023
f 1330/47/1026 1331/47/1027 1332/47/1028
f 1330/47/1026 1333/47/1029 1331/47/1027
f 1334/283/1030 1335/285/681 1336/284/1031
f 1337/71/1032 1338/71/1033 1339/71/1034
f 1340/71/1035 1339/71/1034 1338/71/1033
f 1337/71/1032 1341/71/1036 1338/71/1033
f 1341/71/1036 1337/71/1032 1342/286/1037
f 1340/71/1035 1343/71/1038 1344/71/1039
f 1345/71/1040 1346/71/1039 1347/71/1041
f 1345/71/1040 1347/71/1041 1348/71/1034
f 1349/71/1042 1350/71/1043 1346/71/1044
f 1349/71/1042 1351/71/1045 1350/71/1043
f 1352/286/1046 1350/71/1043 1351/71/1045
f 1353/47/1019 1354/47/1047 1355/47/1048
f 1353/47/1019 1356/47/1019 1354/47/1047
f 1357/76/1049 1358/76/1050 1359/76/1049
f 1357/76/1049 1359/76/1049 1360/76/1051
f 1357/76/1049 1361/76/1052 1358/76/1050
f 1362/76/1053 1358/76/1050 1361/76/1052
f 1362/76/1053 1363/76/1054 1358/76/1050
f 1357/76/1049 1360/76/1051 1364/76/1055
f 1360/76/1051 1365/76/1056 1364/76/1055
f 1360/76/1051 1366/76/1057 1365/76/1056
f 1367/47/1058 1368/47/1016 1369/47/1059
f 1367/47/1058 1370/47/1016 1368/47/1016
f 1371/178/1060 1372/92/762 1373/92/1061
f 1374/71/1062 1375/264/1063 1376/71/1064
f 1377/264/1065 1378/71/1066 1379/71/1067
f 1380/71/1068 1381/71/1069 1382/71/1070
f 1380/71/1068 1383/71/1071 1381/71/1069
f 1384/71/1072 1380/71/1068 1382/71/1070
f 1384/71/1072 1382/71/1070 1385/71/1072
f 1386/71/1073 1387/71/1074 1388/71/920
f 1386/71/1073 1389/71/1075 1387/71/1074
f 1388/71/920 1387/71/1074 1390/71/1076
f 1388/71/920 1390/71/1076 1391/71/1076
f 1392/71/1077 1393/71/1078 1394/71/1078
f 1395/71/1079 1396/71/1080 1392/71/1081
f 1397/71/1082 1398/71/1083 1399/71/1084
f 1397/71/1082 1400/71/1085 1398/71/1083
f 1401/71/1086 1397/71/1082 1399/71/1084
f 1402/71/1087 1403/71/1088 1404/71/1089
f 1405/71/1090 1406/71/1090 1403/71/1088
f 1407/71/1091 1408/102/1092 1409/71/1093
f 1407/71/1091 1410/71/807 1408/102/1092
f 1410/71/807 1407/71/1091 1411/71/808
f 1412/287/1094 1413/71/1095 1409/71/1096
f 1414/288/1097 1413/71/1095 1412/287/1094
f 1415/71/1098 1411/71/808 1416/71/1099
f 1415/71/1098 1417/71/809 1411/71/808
f 1418/71/1100 1419/71/1101 1420/71/1100
f 1421/289/1102 1422/290/1103 1423/291/1104
f 1424/292/1105 1421/289/1102 1423/291/1104
f 1421/289/1102 1425/293/1106 1422/290/1103
f 1425/293/1106 1426/294/1107 1422/290/1103
f 1425/293/1106 1427/295/1022 1426/294/1107
f 1428/296/1108 1429/297/1109 1430/293/1110
f 1431/298/1059 1430/293/1110 1429/297/1109
f 1432/293/1111 1433/294/1112 1434/295/1027
f 1432/293/1111 1435/290/1113 1433/294/1112
f 1435/290/1113 1432/293/1111 1436/289/1114
f 1435/290/1113 1436/289/1114 1437/291/1115
f 1438/292/1116 1437/291/1115 1436/289/1114
f 1439/298/1048 1440/297/1117 1441/293/1118
f 1442/296/1119 1441/293/1118 1440/297/1117
f 1443/299/1120 1444/300/1121 1445/301/1122
f 1445/301/1122 1444/300/1121 1446/302/1123
f 1443/299/1120 1447/303/1124 1444/300/1121
f 1448/304/1025 1447/303/1124 1443/299/1120
f 1448/304/1025 1443/299/1120 1449/305/1023
f 1450/304/1029 1451/299/1125 1452/303/1126
f 1450/304/1029 1453/305/1026 1451/299/1125
f 1451/299/1125 1454/300/1127 1452/303/1126
f 1451/299/1125 1455/301/1128 1454/300/1127
f 1455/301/1128 1456/302/1129 1454/300/1127
f 1457/92/1130 1458/178/1131 1459/178/1132
f 1460/178/1133 1461/92/1134 1462/92/862
f 1463/71/556 1464/71/1135 1465/71/1136
f 1466/71/557 1467/70/1137 1464/71/1138
f 1468/71/1139 1465/71/563 1469/71/1140
f 1470/188/1141 1471/306/1142 1467/70/1137
f 1470/188/1141 1472/307/1143 1471/306/1142
f 1468/71/561 1473/71/1144 1474/71/1145
f 1475/71/1146 1474/71/1145 1473/71/1144
f 1475/71/1146 1476/71/1147 1474/71/1145
f 1476/71/1147 1475/71/1146 1477/70/1148
f 1476/71/1147 1477/70/1148 1478/188/1149
f 1479/306/1150 1480/307/1151 1478/188/1149
f 1481/308/1152 1480/307/1151 1479/306/1150
f 1481/308/1152 1482/309/1153 1480/307/1151
f 1482/309/1153 1481/308/1152 1483/310/1154
f 1484/225/1155 1485/227/1156 1486/226/1157
f 1487/311/1158 1486/226/1157 1485/227/1156
f 1487/311/1158 1488/312/1159 1486/226/1157
f 1487/311/1158 1489/313/1160 1488/312/1159
f 1487/311/1158 1490/314/1161 1489/313/1160
f 1489/313/1160 1490/314/1161 1491/315/1162
f 1492/223/687 1493/224/1163 1484/225/1164
f 1492/223/687 1494/222/686 1493/224/1163
f 1495/220/1165 1496/221/1166 1494/222/686
f 1497/219/683 1496/221/1166 1495/220/1165
f 1498/266/1167 1499/267/948 1500/266/1168
f 1501/266/1169 1500/266/1168 1499/267/948
f 1498/266/1167 1502/267/1170 1499/267/948
f 1501/266/1169 1499/267/948 1503/267/945
f 1504/267/1171 1502/267/1170 1498/266/1167
f 1501/266/1169 1503/267/945 1505/267/1172
f 1504/267/1171 1498/266/1167 1506/266/1173
f 1507/268/962 1504/267/1171 1506/266/1173
f 1507/268/962 1506/266/1173 1508/269/963
f 1501/266/1169 1505/267/1172 1509/266/1174
f 1509/266/1174 1505/267/1172 1510/268/952
f 1509/266/1174 1510/268/952 1511/269/953
f 1512/76/1175 1513/76/1176 1514/76/1176
f 1512/76/1175 1515/76/1177 1513/76/1176
f 1516/76/1178 1515/76/1177 1512/76/1175
f 1516/76/1178 1512/76/1175 1517/76/1179
f 1518/76/1180 1514/76/1176 1513/76/1176
f 1518/76/1180 1513/76/1176 1519/76/1181
f 1520/76/1182 1518/76/1180 1519/76/1181
f 1520/76/1182 1521/76/1183 1518/76/1180
f 1517/76/1179 1512/76/1175 1522/76/1184
f 1517/76/1179 1522/76/1184 1523/76/1185
f 1512/76/1175 1514/76/1176 1524/76/1186
f 1524/76/1186 1514/76/1176 1518/76/1180
f 1512/76/1175 1524/76/1186 1522/76/1184
f 1523/76/1185 1522/76/1184 1525/76/1187
f 1523/76/1185 1525/76/1187 1526/76/1188
f 1525/76/1187 1522/76/1184 1524/76/1186
f 1525/76/1187 1524/76/1186 1527/76/1189
f 1528/76/1190 1527/76/1189 1524/76/1186
f 1524/76/1186 1518/76/1180 1529/76/1191
f 1528/76/1190 1524/76/1186 1529/76/1191
f 1521/76/1183 1529/76/1191 1518/76/1180
f 1521/76/1183 1530/76/1192 1529/76/1191
f 1530/76/1192 1528/76/1190 1529/76/1191
f 1530/76/1192 1531/76/1193 1528/76/1190
f 1532/252/1194 1533/316/1195 1534/253/1196
f 1532/252/1194 1535/317/1197 1533/316/1195
f 1536/76/1198 1537/76/1199 1538/76/1200
f 1539/76/1201 1538/76/1200 1537/76/1199
f 1536/76/1198 1540/76/1202 1537/76/1199
f 1541/76/1203 1540/76/1202 1536/76/1198
f 1541/76/1203 1542/76/1204 1540/76/1202
f 1539/76/1201 1537/76/1199 1543/76/1205
f 1544/76/1206 1539/76/1201 1543/76/1205
f 1544/76/1206 1543/76/1205 1545/76/1207
f 1546/318/1208 1547/319/1209 1548/320/1210
f 1548/320/1210 1547/319/1209 1549/321/1211
f 1548/320/1210 1549/321/1211 1550/322/1212
f 1550/322/1212 1549/321/1211 1551/323/1213
f 1552/324/1214 1553/325/1215 1551/323/1216
f 1554/326/1217 1555/327/1218 1552/324/1219
f 1554/326/1217 1556/328/1220 1555/327/1218
f 1557/329/1221 1556/328/1220 1554/326/1217
f 1558/330/1222 1557/329/1223 1559/331/1224
f 1560/332/1225 1558/330/1222 1559/331/1224
f 1561/333/1226 1562/334/1227 1563/335/1228
f 1561/333/1226 1564/336/1229 1562/334/1227
f 1562/334/1227 1564/336/1229 1565/337/1230
f 1566/92/1231 1564/336/1229 1561/333/1226
f 1564/336/1229 1567/338/960 1565/337/1230
f 1566/92/1231 1568/339/1232 1564/336/1229
f 1564/336/1229 1568/339/1232 1567/338/960
f 1569/340/1233 1570/341/1226 1563/335/1228
f 1571/342/1234 1570/341/1226 1569/340/1233
f 1571/342/1234 1569/340/1233 1572/155/1235
f 1573/156/1236 1571/342/1234 1572/155/1235
f 1574/326/1237 1575/327/1238 1576/328/1239
f 1577/329/1240 1574/326/1237 1576/328/1239
f 1574/326/1237 1578/324/1241 1575/327/1238
f 1578/324/1242 1579/323/1243 1580/325/1244
f 1579/323/1245 1581/321/1246 1582/322/1247
f 1581/321/1248 1583/319/1249 1584/320/1250
f 1585/318/1251 1584/320/1250 1583/319/1249
f 1586/76/1252 1587/76/1253 1588/76/1254
f 1586/76/1252 1589/76/1255 1587/76/1253
f 1590/76/1256 1586/76/1252 1588/76/1254
f 1590/76/1256 1588/76/1254 1591/76/1257
f 1592/76/1258 1590/76/1256 1591/76/1257
f 1592/76/1258 1593/76/1259 1590/76/1256
f 1594/76/1260 1593/76/1259 1592/76/1258
f 1594/76/1260 1595/76/1261 1593/76/1259
f 1596/306/1150 1597/188/1149 1598/70/1148
f 1599/343/1262 1600/344/1263 1601/345/1264
f 1599/343/1262 1602/346/1265 1600/344/1263
f 1603/347/1266 1600/344/1263 1602/346/1265
f 1604/346/1267 1605/347/1268 1606/348/1269
f 1604/346/1267 1607/344/1270 1605/347/1268
f 1608/343/1271 1607/344/1270 1604/346/1267
f 1608/343/1271 1609/345/1272 1607/344/1270
f 1610/321/1246 1611/320/1250 1612/322/1247
f 1613/323/1245 1612/322/1247 1614/325/1244
f 1615/324/1242 1614/325/1244 1616/327/1238
f 1617/228/1273 1618/104/1274 1619/105/1275
f 1617/228/1273 1620/229/1276 1618/104/1274
f 1621/349/1277 1617/228/1273 1622/350/1278
f 1623/322/1212 1624/323/1213 1625/325/1215
f 1626/324/1214 1627/327/1218 1625/325/1279
f 1628/348/1269 1629/351/1280 1630/352/1281
f 1628/348/1269 1631/347/1282 1629/351/1280
f 1632/92/1283 1633/178/1284 1634/353/1285
f 1632/92/1283 1635/92/1286 1633/178/1284
f 1634/353/1285 1633/178/1284 1636/354/1287
f 1636/354/1287 1637/355/1288 1638/352/1289
f 1639/356/1290 1640/357/1290 1638/352/1289
f 1641/288/1291 1642/287/1292 1643/71/1293
f 1642/287/1292 1644/71/1294 1643/71/1293
f 1645/71/1099 1644/71/1295 1646/102/1296
f 1645/71/1099 1646/102/1296 1647/71/1297
f 1648/283/1298 1649/358/1299 1650/285/1300
f 1651/178/1301 1652/92/1302 1653/353/1303
f 1651/178/1301 1654/92/1304 1652/92/1302
f 1655/354/1305 1651/178/1301 1653/353/1303
f 1656/355/1306 1655/354/1305 1657/352/1307
f 1658/356/1306 1656/355/1306 1657/352/1307
f 1657/352/1307 1659/357/1308 1658/356/1306
f 1660/283/1309 1661/285/1310 1662/358/1311
f 1663/359/1312 1664/360/1313 1665/361/1314
f 1666/362/1315 1667/363/1316 1665/361/1317
f 1666/362/1315 1668/364/1318 1667/363/1316
f 1668/364/1318 1666/362/1315 1669/202/617
f 1668/364/1318 1669/202/617 1670/200/616
f 1671/201/1319 1672/203/1320 1670/200/616
f 1673/363/1321 1674/362/1322 1675/361/1323
f 1676/359/1324 1675/361/1325 1677/360/1326
f 1673/363/1321 1678/364/1327 1674/362/1322
f 1679/202/606 1674/362/1322 1678/364/1327
f 1679/202/606 1678/364/1327 1680/200/604
f 1680/200/604 1681/203/1328 1682/201/1329
f 1683/365/1330 1684/366/1331 1685/367/1332
f 1686/343/1262 1687/368/1333 1688/369/1334
f 1686/343/1262 1689/345/1335 1687/368/1333
f 1690/368/1336 1691/343/1337 1692/369/1338
f 1690/368/1336 1693/345/1337 1691/343/1337
f 1694/71/1339 1695/71/1340 1696/71/603
f 1694/71/1339 1697/71/1341 1698/71/1342
f 1699/71/1343 1700/71/1344 1698/71/1345
f 1699/71/1343 1701/71/1346 1700/71/1344
f 1701/71/1347 1702/370/1348 1695/71/1349
f 1703/197/1350 1702/370/1348 1701/71/1347
f 1703/197/1350 1704/371/1351 1702/370/1348
f 1705/199/1352 1704/371/1351 1703/197/1350
f 1706/372/1353 1705/199/1352 1707/373/1353
f 1708/374/1353 1709/375/914 1706/372/1353
f 1710/376/1354 1711/377/1355 1705/199/1352
f 1712/378/914 1713/379/914 1710/376/914
f 1713/379/1356 1714/380/1357 1715/381/1357
f 1716/382/1358 1717/71/1359 1718/71/1360
f 1716/382/1358 1718/71/1360 1719/71/1361
f 1716/382/1358 1719/71/1361 1720/71/1362
f 1721/71/1363 1716/382/1358 1720/71/1362
f 1721/71/1363 1720/71/1362 1722/71/1364
f 1723/383/1365 1716/382/1358 1721/71/1363
f 1723/383/1365 1724/384/1366 1716/382/1358
f 1725/158/1367 1724/384/1366 1723/383/1365
f 1724/384/1368 1726/385/1369 1717/71/1370
f 1724/384/1368 1727/386/1371 1726/385/1369
f 1727/386/1371 1728/387/1372 1726/385/1369
f 1727/386/1371 1729/388/1373 1728/387/1372
f 1730/157/1374 1729/388/1373 1727/386/1371
f 1728/387/1372 1729/388/1373 1731/389/550
f 1731/389/550 1729/388/1373 1732/390/550
f 1729/388/1373 1733/391/550 1732/390/550
f 1734/317/550 1729/388/1375 1735/249/550
f 1736/252/550 1734/317/550 1735/249/550
f 1737/71/1376 1738/188/555 1739/71/628
f 1740/71/1377 1737/71/1376 1739/71/628
f 1741/70/554 1742/209/1378 1738/188/1379
f 1741/70/554 1743/74/1380 1742/209/1378
f 1744/210/1381 1742/209/1378 1743/74/1380
f 1745/252/1382 1746/316/1383 1747/317/1384
f 1745/252/1382 1748/253/829 1746/316/1383
f 1749/391/1385 1747/317/1384 1746/316/1383
f 1749/391/1385 1750/392/1386 1751/390/1387
f 1749/391/1385 1752/393/1388 1750/392/1386
f 1753/47/1389 1754/47/1390 1755/47/1391
f 1754/47/1390 1756/47/1392 1757/47/1393
f 1754/47/1390 1758/47/1394 1755/47/1391
f 1754/47/1390 1757/47/1393 1759/47/1395
f 1754/47/1390 1759/47/1395 1758/47/1394
f 1759/47/1395 1757/47/1393 1760/47/1396
f 1758/47/1394 1759/47/1395 1760/47/1396
f 1760/47/1396 1757/47/1393 1761/47/1397
f 1758/47/1394 1760/47/1396 1762/47/1398
f 1762/47/1398 1760/47/1396 1763/47/1399
f 1760/47/1396 1761/47/1397 1763/47/1399
f 1762/47/1398 1763/47/1399 1764/47/1400
f 1761/47/1397 1765/47/1401 1763/47/1399
f 1764/47/1400 1763/47/1399 1765/47/1401
f 1761/47/1397 1766/47/1402 1765/47/1401
f 1764/47/1400 1765/47/1401 1767/47/1403
f 1768/313/1404 1769/315/1405 1770/314/1406
f 1771/311/1407 1772/312/1407 1768/313/1408
f 1773/394/1409 1774/395/1410 1775/396/1411
f 1776/397/1412 1773/394/1409 1775/396/1411
f 1773/394/1409 1777/398/1413 1774/395/1410
f 1778/399/1414 1774/395/1410 1777/398/1413
f 1778/399/1414 1777/398/1413 1779/400/1415
f 1778/399/1414 1779/400/1415 1780/401/1416
f 1778/399/1414 1780/401/1416 1781/402/1417
f 1781/402/1417 1780/401/1416 1782/403/1418
f 1782/403/1419 1783/404/1420 1784/405/1421
f 1785/392/1422 1786/393/1423 1787/391/1423
f 1788/391/1388 1789/316/1383 1790/393/1388
f 1791/225/1424 1792/227/1425 1793/224/1426
f 1794/226/658 1795/311/1407 1792/227/1425
f 1794/226/658 1796/312/1407 1795/311/1407
f 1795/311/1407 1797/313/1427 1798/314/1428
f 1797/313/1427 1799/406/1429 1800/315/1405
f 1801/407/1430 1800/315/1405 1799/406/1429
f 1801/407/1430 1802/408/1431 1800/315/1405
f 1803/380/1432 1804/409/1433 1805/379/1434
f 1803/380/1432 1806/410/1435 1804/409/1433
f 1805/379/1434 1807/411/1436 1808/378/1437
f 1808/378/1437 1807/411/1436 1809/412/1438
f 1808/378/1437 1809/412/1438 1810/372/1439
f 1811/413/1440 1810/372/1439 1809/412/1438
f 1811/413/1440 1812/375/1441 1810/372/1439
f 1813/414/1442 1812/375/1441 1811/413/1440
f 1813/414/1442 1814/374/1443 1812/375/1441
f 1815/415/1444 1814/374/1443 1813/414/1442
f 1815/415/1444 1816/373/1445 1814/374/1443
f 1817/198/1446 1816/373/1445 1815/415/1444
f 1818/416/1447 1819/417/1448 1820/417/1449
f 1820/417/1449 1819/417/1448 1821/92/1450
f 1822/418/1260 1823/419/1451 1824/420/1452
f 1822/418/1260 1825/332/1453 1823/419/1451
f 1825/332/1453 1826/331/1454 1823/419/1451
f 1827/350/1455 1828/349/1456 1829/421/1457
f 1830/228/689 1828/349/1456 1827/350/1455
f 1830/228/689 1831/229/691 1828/349/1456
f 1832/422/1458 1833/79/188 1834/78/185
f 1835/80/1459 1833/79/188 1832/422/1458
f 1836/84/1460 1835/80/1459 1832/422/1458
f 1836/84/1460 1832/422/1458 1837/423/1461
f 1836/84/1460 650/80/1462 1835/80/1459
f 1838/85/1463 1837/423/1461 1839/424/1464
f 1838/85/1463 1836/84/1460 1837/423/1461
f 1839/424/1464 1840/101/1465 1838/85/1463
f 1836/84/1460 1841/84/201 650/80/1462
f 1840/101/1465 1842/85/1466 1838/85/1463
f 1842/85/1466 1836/84/1460 1838/85/1463
f 1842/85/1466 1841/84/201 1836/84/1460
f 1840/101/1465 1843/87/1467 1842/85/1466
f 1844/85/1468 1841/84/201 1842/85/1466
f 1844/85/1468 1842/85/1466 1843/87/1467
f 1844/85/1468 1845/84/1469 1841/84/201
f 1846/85/1470 1847/84/1471 1845/84/1472
f 1848/86/1473 1846/85/1470 1844/85/1474
f 1849/425/1475 1850/86/1476 1843/87/1467
f 1849/425/1475 1851/86/1477 1850/86/1476
f 1851/86/1477 1849/425/1475 1852/426/1353
f 1851/86/1477 1852/426/1353 1853/427/1478
f 1852/426/1353 1854/428/1353 1853/427/1478
f 1855/429/1403 1851/86/1477 1853/427/1478
f 1855/429/1403 1856/91/1479 1851/86/1477
f 1857/413/1480 1858/372/1481 1859/375/1482
f 1857/413/1480 1860/412/1483 1858/372/1481
f 1861/47/1484 1862/47/1485 1863/47/1486
f 1861/47/1484 1864/47/1487 1862/47/1485
f 1863/47/1486 1862/47/1485 1865/47/1488
f 1866/47/1489 1864/47/1487 1861/47/1484
f 1863/47/1486 1865/47/1488 1867/47/1490
f 1866/47/1489 1868/47/1491 1864/47/1487
f 1865/47/1488 1869/47/1492 1867/47/1490
f 1870/47/1493 1868/47/1491 1866/47/1489
f 1865/47/1488 1871/47/1494 1869/47/1492
f 1871/47/1494 1872/47/1403 1869/47/1492
f 1871/47/1494 1767/47/1403 1872/47/1403
f 1870/47/1493 1873/47/1170 1868/47/1491
f 1874/47/948 1873/47/1170 1870/47/1493
f 1874/47/948 1870/47/1493 1875/47/948
f 1876/47/945 1874/47/948 1875/47/948
f 1876/47/945 1877/47/1495 1874/47/948
f 1876/47/945 1878/47/1496 1877/47/1495
f 1876/47/945 1879/47/1497 1878/47/1496
f 1879/47/1497 1880/47/1498 1878/47/1496
f 1879/47/1497 1881/47/1499 1880/47/1498
f 1881/47/1499 1882/47/1500 1880/47/1498
f 1881/47/1499 1883/47/1501 1882/47/1500
f 1883/47/1501 1884/47/1502 1882/47/1500
f 1883/47/1501 1885/47/1503 1884/47/1502
f 1886/47/1504 1884/47/1502 1885/47/1503
f 1886/47/1504 1887/47/1505 1884/47/1502
f 1888/47/1506 1887/47/1505 1886/47/1504
f 1888/47/1506 1889/47/1506 1887/47/1505
f 1890/47/1507 1889/47/1506 1891/47/1508
f 1890/47/1507 1891/47/1508 1892/47/1509
f 1893/47/1510 1890/47/1507 1892/47/1509
f 1891/47/1508 1894/47/1511 1892/47/1509
f 1891/47/1508 1895/47/1512 1894/47/1511
f 1893/47/1510 1892/47/1509 1896/47/1513
f 1896/47/1513 1892/47/1509 1894/47/1511
f 1897/47/1514 1893/47/1510 1896/47/1513
f 1896/47/1513 1894/47/1511 1898/47/1515
f 1897/47/1514 1896/47/1513 1899/47/1516
f 1899/47/1516 1896/47/1513 1898/47/1515
f 1897/47/1514 1899/47/1516 1900/47/1517
f 1900/47/1517 1899/47/1516 1898/47/1515
f 1897/47/1514 1900/47/1517 1901/47/1518
f 1900/47/1517 1898/47/1515 1902/47/1519
f 1903/47/1520 1901/47/1518 1900/47/1517
f 1902/47/1519 1904/47/1521 1900/47/1517
f 1903/47/1520 1900/47/1517 1904/47/1521
f 1902/47/1519 1905/47/1522 1904/47/1521
f 1906/47/1523 1903/47/1520 1904/47/1521
f 1907/47/1524 1904/47/1521 1905/47/1522
f 1906/47/1523 1904/47/1521 1907/47/1524
f 1908/47/1525 1907/47/1524 1905/47/1522
f 1906/47/1523 1907/47/1524 1908/47/1525
f 1909/47/1168 1906/47/1523 1908/47/1525
f 1908/47/1525 1910/47/948 1909/47/1168
f 1909/47/1168 1910/47/948 1911/47/1526
f 1912/47/1527 1909/47/1168 1911/47/1526
f 1911/47/1526 1913/47/1528 1912/47/1527
f 1911/47/1526 1914/47/1529 1913/47/1528
f 1912/47/1527 1913/47/1528 1915/47/1530
f 1913/47/1528 1914/47/1529 1915/47/1530
f 1912/47/1527 1915/47/1530 1753/47/1389
f 1756/47/1392 1915/47/1530 1914/47/1529
f 1753/47/1389 1915/47/1530 1754/47/1390
f 1756/47/1392 1754/47/1390 1915/47/1530
f 1916/350/1278 1917/421/1531 1918/349/1277
f 1918/349/1277 1919/229/1276 1920/228/1273
f 1921/430/1532 1922/352/1281 1923/351/1280
f 1921/430/1532 1924/357/1533 1922/352/1281
f 1925/399/1534 1926/398/1535 1927/395/1536
f 1927/395/1536 1926/398/1535 1928/394/1537
f 1929/430/1538 1930/352/1539 1931/357/1540
f 1932/366/1541 1933/431/1542 1934/432/1543
f 1932/366/1541 1935/433/1544 1933/431/1542
f 1936/292/1105 1933/431/1542 1937/289/1545
f 1938/365/1546 1939/367/1547 1932/366/1548
f 1938/365/1546 1932/366/1548 1940/278/1549
f 1941/395/1550 1942/394/1551 1943/396/1552
f 1943/396/1552 1942/394/1551 1944/397/1553
f 1945/379/1434 1946/409/1433 1947/411/1436
f 1948/411/1554 1949/409/1555 1950/379/1556
f 1951/380/1557 1952/409/1555 1953/410/1558
f 1951/380/1557 1954/379/1556 1952/409/1555
f 1955/411/1559 1954/379/1556 1956/378/1560
f 1957/412/1483 1955/411/1559 1956/378/1560
f 1957/412/1483 1956/378/1560 1958/372/1481
f 1959/434/914 1960/435/914 1961/390/914
f 1962/391/1561 1963/388/1562 1961/390/914
f 1961/390/914 1963/388/1562 1964/389/914
f 1963/388/1562 1965/387/1563 1964/389/914
f 1965/387/1563 1963/388/1562 1966/386/1564
f 1965/387/1563 1966/386/1564 1967/385/1565
f 1967/385/1565 1966/386/1564 1968/384/1566
f 1967/385/1565 1968/384/1566 1969/71/1567
f 1970/249/914 1971/157/1568 1963/388/1562
f 1963/388/1562 1972/317/914 1970/249/914
f 1973/250/914 1970/249/914 1972/317/914
f 1972/317/914 1974/252/914 1973/250/914
f 1975/383/1569 1976/382/1570 1968/384/1571
f 1969/71/1572 1976/382/1570 1977/71/1573
f 1978/71/1361 1977/71/1573 1976/382/1570
f 1975/383/1569 1979/71/1574 1976/382/1570
f 1978/71/1361 1976/382/1570 1980/71/484
f 1980/71/484 1976/382/1570 1979/71/1574
f 1980/71/484 1979/71/1574 1981/71/1364
f 1982/436/1575 1983/437/1306 1984/350/1576
f 1985/391/1577 1986/316/1578 1987/317/1197
f 1985/391/1577 1988/393/1423 1986/316/1578
f 1989/392/1422 1985/391/1423 1990/390/1579
f 1989/392/1422 1990/390/1579 1991/435/1580
f 1989/392/1422 1991/435/1580 1992/438/1581
f 1993/439/1582 1992/438/1581 1991/435/1580
f 1994/178/1583 1995/440/1584 1996/441/1585
f 1994/178/1583 1997/92/1586 1995/440/1584
f 1996/441/1585 1995/440/1584 1998/92/1587
f 1996/441/1585 1998/92/1587 1999/353/1588
f 2000/219/1589 1994/178/1583 1996/441/1585
f 2001/442/1590 1996/441/1585 1999/353/1588
f 2000/219/1589 1996/441/1585 2001/442/1590
f 2000/219/1589 2001/442/1590 2002/227/1591
f 2003/221/1592 2000/219/1589 2002/227/1591
f 2002/227/1593 2004/224/1592 2005/222/1592
f 2006/396/1552 2007/397/1594 2008/443/1595
f 2009/444/1596 2008/443/1595 2007/397/1594
f 2009/444/1596 2010/445/1597 2008/443/1595
f 2011/397/1598 2012/396/1411 2013/443/1599
f 2014/444/1600 2011/397/1598 2013/443/1599
f 2014/444/1600 2013/443/1599 2015/445/1601
f 2016/178/1602 2017/446/1603 2018/354/1604
f 2018/354/1604 2017/446/1603 2019/320/1605
f 2020/447/1606 2018/354/1604 2019/320/1605
f 2016/178/1602 2021/448/1607 2017/446/1603
f 2022/92/718 2021/448/1607 2016/178/1602
f 2023/318/1608 2024/449/1608 2019/320/1609
f 2021/448/1610 2025/332/1611 2026/330/1612
f 2027/440/1613 2025/332/1611 2021/448/1610
f 2027/440/1613 2028/418/716 2025/332/1611
f 2026/330/1614 2029/450/1615 2030/325/1615
f 2031/354/1616 2032/451/1617 2033/452/1618
f 2033/452/1618 2032/451/1617 2034/453/1619
f 2031/354/1616 2035/354/1620 2032/451/1617
f 2035/354/1620 2031/354/1616 2036/178/1621
f 2035/354/1620 2036/178/1621 2037/178/1622
f 2037/178/1622 2036/178/1621 2038/92/1623
f 2037/178/1622 2038/92/1623 2039/92/755
f 2040/296/1624 2041/297/1117 2042/454/1625
f 2043/298/1048 2044/455/1626 2041/297/1117
f 2045/456/1627 2040/296/1624 2042/454/1625
f 2045/456/1627 2042/454/1625 2046/457/1628
f 2045/456/1629 2047/458/1630 2048/459/1631
f 2047/458/1630 2049/460/1632 2048/459/1631
f 2047/458/1630 2050/461/1633 2049/460/1632
f 2049/460/1632 2050/461/1633 2051/462/1634
f 2052/463/1635 2053/355/1636 2054/464/1637
f 2055/354/1638 2054/464/1637 2053/355/1636
f 2052/463/1635 2056/356/1639 2053/355/1636
f 2052/463/1635 2057/357/1640 2056/356/1639
f 2052/463/1635 2058/430/1641 2057/357/1640
f 2055/354/1638 2059/465/1642 2054/464/1637
f 2060/178/1643 2059/465/1642 2055/354/1638
f 2060/178/1643 2061/466/1644 2059/465/1642
f 2062/92/1645 2061/466/1644 2060/178/1643
f 2062/92/1645 2063/467/1646 2061/466/1644
f 2058/430/1647 2064/351/1648 2065/352/1649
f 2064/351/1648 2066/348/1650 2065/352/1649
f 2064/351/1648 2067/347/1651 2066/348/1650
f 2067/347/1651 2068/346/1265 2066/348/1650
f 2069/292/1652 2070/289/1653 2071/431/1654
f 2072/366/1655 2073/432/1652 2071/431/1654
f 2072/366/1655 2071/431/1654 2074/433/1656
f 2075/365/1330 2076/278/1657 2072/366/1331
f 2077/353/1658 2078/95/1659 2079/94/1660
f 2080/206/1661 2081/193/1662 2082/71/1663
f 2082/71/1663 2081/193/1662 2083/71/1664
f 2080/206/1661 2084/195/1665 2081/193/1662
f 2085/208/1666 2084/195/1665 2080/206/1661
f 2086/194/1667 2084/195/1665 2087/288/1668
f 2087/288/1668 2084/195/1665 2088/207/1669
f 2085/208/1666 2088/207/1669 2084/195/1665
f 2088/207/1669 2085/208/1666 2089/468/1561
f 2090/396/914 2088/207/1670 2091/443/914
f 2090/396/914 2092/405/914 2088/207/1670
f 2092/405/914 2093/404/1671 2088/207/1670
f 2090/396/914 2094/395/1353 2092/405/914
f 2094/395/1357 2095/399/1356 2096/402/1356
f 2097/71/1672 2098/71/1673 2083/71/1664
f 2097/71/1672 2099/71/1674 2098/71/1673
f 2097/71/1672 2083/71/1664 2100/71/588
f 2097/71/1672 2100/71/588 2101/71/1675
f 2102/436/1676 2103/469/1677 2104/350/1678
f 2105/92/1057 2106/94/1679 2107/92/1680
f 2105/92/1057 2108/353/1681 2106/94/1679
f 2108/353/1682 2109/470/1683 2110/95/1659
f 2109/470/1683 2111/98/1684 2110/95/1659
f 2109/470/1683 2112/471/1685 2111/98/1684
f 2113/103/1686 2111/98/1684 2112/471/1685
f 2114/332/1687 2115/440/1688 2116/448/1689
f 2114/332/1687 2117/418/707 2115/440/1688
f 2116/448/1689 2115/440/1688 2118/92/711
f 2119/330/1690 2114/332/1687 2116/448/1689
f 2116/448/1689 2118/92/711 2120/178/1691
f 2121/450/1692 2119/330/1690 2122/325/1693
f 2119/330/1690 2123/446/1694 2122/325/1693
f 2119/330/1690 2116/448/1689 2123/446/1694
f 2123/446/1694 2116/448/1689 2120/178/1691
f 2123/446/1694 2120/178/1691 2124/354/1695
f 2124/354/1695 2125/320/1696 2123/446/1694
f 2125/320/1696 2126/322/1697 2123/446/1694
f 2124/354/1695 2127/447/1698 2125/320/1696
f 2128/318/1699 2125/320/1696 2127/447/1698
f 2129/354/1700 2130/178/1701 2131/354/1702
f 2129/354/1700 2132/178/1703 2130/178/1701
f 2132/178/1703 2133/92/1061 2130/178/1701
f 2134/451/1704 2129/354/1700 2131/354/1702
f 2134/451/1704 2131/354/1702 2135/452/1705
f 2136/453/1706 2134/451/1704 2135/452/1705
f 2137/442/1707 2138/311/1708 2139/314/1709
f 2140/227/1710 2138/311/1708 2137/442/1707
f 2141/222/1711 2142/224/1711 2140/227/1712
f 2137/442/1707 2143/219/1713 2140/227/1710
f 2143/219/1713 2144/221/1714 2140/227/1710
f 2145/441/1715 2143/219/1713 2137/442/1707
f 2146/353/1716 2145/441/1715 2137/442/1707
f 2147/92/1717 2145/441/1715 2146/353/1716
f 2145/441/1715 2148/178/1718 2143/219/1713
f 2147/92/1717 2149/440/1719 2145/441/1715
f 2149/440/1719 2148/178/1718 2145/441/1715
f 2149/440/1719 2150/92/1720 2148/178/1718
f 2151/472/1721 2152/94/1722 2153/95/1723
f 2151/472/1721 2153/95/1723 2154/473/1724
f 2151/472/1721 2155/417/1725 2152/94/1722
f 2155/417/1725 2156/92/1726 2152/94/1722
f 2155/417/1725 2157/92/1727 2156/92/1726
f 2158/474/1728 2159/475/1728 2154/473/1728
f 2160/298/1059 2161/297/1109 2162/455/1729
f 2163/296/1730 2164/454/1731 2161/297/1109
f 2165/456/1732 2164/454/1731 2163/296/1730
f 2165/456/1732 2166/457/1733 2164/454/1731
f 2167/458/1734 2165/456/1735 2168/459/1736
f 2169/460/1737 2167/458/1734 2168/459/1736
f 2169/460/1737 2170/461/1738 2167/458/1734
f 2169/460/1737 2171/462/1739 2170/461/1738
f 2169/460/1737 2172/476/1740 2171/462/1739
f 2173/125/376 2174/126/1741 2175/128/1742
f 2173/125/376 2176/127/382 2174/126/1741
f 2174/126/1741 2177/129/1743 2175/128/1742
f 2178/477/1744 2177/129/1745 2179/132/383
f 2179/132/383 2180/130/1746 2178/477/1744
f 2178/477/1744 2181/478/1747 2177/129/1745
f 2182/479/1748 2181/478/1747 2178/477/1744
f 2182/479/1748 2183/480/1749 2181/478/1747
f 2182/479/1748 2184/481/1750 2183/480/1749
f 2184/481/1750 2185/482/1751 2183/480/1749
f 2184/481/1750 2186/483/1751 2185/482/1751
f 2187/484/1752 2185/482/1751 2186/483/1751
f 2187/484/1752 2188/485/1753 2185/482/1751
f 2189/288/1754 2190/287/1094 2191/486/1755
f 2192/404/1756 2189/288/1754 2191/486/1755
f 2192/404/1756 2191/486/1755 2193/403/1757
f 2190/287/1094 2194/71/1096 2195/102/1758
f 2193/403/1757 2196/402/1759 2197/405/1760
f 2198/288/1761 2199/486/1762 2200/287/1292
f 2201/404/1420 2199/486/1762 2198/288/1761
f 2202/403/1419 2199/486/1762 2201/404/1420
f 2200/287/1292 2203/102/1763 2204/71/1294
f 2205/402/1417 2202/403/1419 2206/405/1764
f 2207/353/1765 2208/285/1766 2209/283/1767
f 2207/353/1765 2210/92/742 2208/285/1766
f 2211/354/1768 2207/353/1765 2209/283/1767
f 2212/354/1305 2207/353/1765 2211/354/1768
f 2212/354/1305 2211/354/1768 2213/352/1769
f 2211/354/1768 2214/348/1770 2213/352/1769
f 2215/193/1771 2216/71/626 2217/194/1772
f 2215/193/1771 2218/71/1773 2216/71/626
f 2219/195/1774 2215/193/1771 2217/194/1772
f 2219/195/1774 2217/194/1772 2220/288/1775
f 2219/195/623 2221/208/1776 2222/206/1777
f 2223/207/624 2219/195/1774 2220/288/1775
f 2216/71/626 2224/71/537 2225/71/1778
f 2224/71/529 2218/71/622 2226/71/1779
f 2218/71/622 2227/71/1780 2226/71/1779
f 2224/71/529 2226/71/1779 2228/71/1781
f 2223/207/624 2220/288/1775 2229/404/1782
f 2223/207/624 2229/404/1782 2230/405/550
f 2231/402/550 2232/399/550 2230/405/550
f 2221/208/1783 2223/207/624 2233/468/550
f 2234/396/550 2223/207/624 2230/405/550
f 2235/395/550 2234/396/550 2230/405/550
f 2223/207/624 2234/396/550 2236/443/550
f 2233/468/550 2223/207/624 2236/443/550
f 2236/443/550 2237/445/550 2233/468/550
f 2237/445/550 2238/487/550 2233/468/550
f 2239/283/1784 2240/284/1031 2241/332/1785
f 2242/330/1786 2239/283/1784 2241/332/1785
f 2242/330/1786 2241/332/1785 2243/330/1787
f 2244/488/1788 2242/330/1786 2243/330/1787
f 2244/488/1788 2243/330/1787 2245/489/1789
f 2246/490/1790 2244/488/1788 2245/489/1789
f 2246/490/1790 2245/489/1789 2247/491/1791
f 2248/492/1792 2249/493/1793 2246/490/1794
f 2250/418/1253 2251/419/1795 2252/332/1796
f 2250/418/1253 2253/420/1797 2251/419/1795
f 2252/332/1796 2251/419/1795 2254/331/1798
f 2252/332/1796 2254/331/1798 2255/330/1799
f 2255/330/1799 2254/331/1798 2256/329/1800
f 2255/330/1799 2256/329/1800 2257/450/1801
f 2256/329/1800 2258/328/1239 2257/450/1801
f 2259/196/1802 2260/71/1803 2261/71/1343
f 2259/196/1802 2262/197/1804 2260/71/1803
f 2263/198/1805 2262/197/1804 2259/196/1802
f 2263/198/1805 2264/199/1806 2262/197/1804
f 2264/199/1806 2263/198/1805 2265/373/1353
f 2265/373/1807 2266/374/1807 2267/372/1807
f 2268/378/914 2264/199/1352 2267/372/1353
f 2268/378/914 2269/376/1354 2264/199/1352
f 2270/381/1353 2269/376/914 2271/379/914
f 2264/199/1352 2272/377/1808 2273/371/1809
f 2260/71/1810 2274/71/1349 2275/71/1811
f 2276/71/1812 2275/71/1811 2274/71/1349
f 2276/71/1812 2277/71/1342 2275/71/1811
f 2278/494/1813 2279/359/1814 2280/360/1815
f 2278/494/1813 2281/495/1816 2279/359/1814
f 2281/495/1816 2282/496/1817 2279/359/1814
f 2281/495/1816 2283/497/1818 2282/496/1817
f 2284/496/1819 2285/495/1820 2286/359/1821
f 2284/496/1819 2287/497/1822 2285/495/1820
f 2288/494/1823 2286/359/1821 2285/495/1820
f 2288/494/1823 2289/360/1824 2286/359/1821
f 2290/285/1825 2291/353/1826 2292/283/1827
f 2290/285/1825 2293/92/733 2291/353/1826
f 2292/283/1827 2291/353/1826 2294/354/1828
f 2291/353/1826 2295/354/1287 2294/354/1828
f 2292/283/1827 2294/354/1828 2296/330/1829
f 2294/354/1828 2295/354/1287 2297/352/1830
f 2296/330/1829 2294/354/1828 2298/346/1831
f 2297/352/1830 2299/348/1832 2294/354/1828
f 2294/354/1828 2299/348/1832 2298/346/1831
f 2300/355/1833 2301/356/1833 2297/352/1289
f 2302/369/1834 2303/498/1834 2298/346/1834
f 2304/499/1835 2305/330/1836 2306/498/1837
f 2307/369/1838 2304/499/1835 2306/498/1837
f 2307/369/1838 2308/368/1839 2304/499/1835
f 2304/499/1835 2309/500/1840 2305/330/1836
f 2309/500/1840 2310/283/1841 2305/330/1836
f 2309/500/1840 2311/501/1842 2310/283/1841
f 2310/283/1841 2311/501/1842 2312/358/1299
f 2313/330/1843 2314/332/1844 2315/283/1845
f 2315/283/1845 2314/332/1844 2316/284/1021
f 2313/330/1843 2317/330/1846 2314/332/1844
f 2317/330/1846 2313/330/1843 2318/488/1847
f 2317/330/1846 2318/488/1847 2319/489/1848
f 2319/489/1848 2318/488/1847 2320/490/1849
f 2319/489/1848 2320/490/1849 2321/491/1850
f 2320/490/1849 2322/492/1851 2321/491/1850
f 2320/490/1849 2323/493/1852 2322/492/1851
f 2324/283/1853 2325/358/1311 2326/501/1854
f 2324/283/1853 2326/501/1854 2327/500/1855
f 2324/283/1853 2327/500/1855 2328/330/1856
f 2328/330/1856 2327/500/1855 2329/499/1857
f 2328/330/1856 2329/499/1857 2330/498/1858
f 2329/499/1857 2331/369/1859 2330/498/1858
f 2329/499/1857 2332/368/1860 2331/369/1859
f 2333/484/1861 2334/482/1862 2335/485/1863
f 2333/484/1861 2336/483/1864 2334/482/1862
f 2334/482/1862 2336/483/1864 2337/481/1865
f 2334/482/1862 2337/481/1865 2338/480/1866
f 2338/480/1866 2337/481/1865 2339/479/1867
f 2338/480/1866 2339/479/1867 2340/478/1868
f 2339/479/1867 2341/477/1869 2340/478/1868
f 2342/129/1870 2340/478/1868 2341/477/1869
f 2343/132/385 2342/129/1870 2341/477/1869
f 2341/477/1869 2344/130/1871 2343/132/385
f 2345/416/1872 2346/417/1725 2347/472/1873
f 2348/502/1874 2345/416/1872 2347/472/1873
f 2349/473/1875 2348/502/1874 2347/472/1873
f 2345/416/1872 2350/417/1876 2346/417/1725
f 2350/417/1876 2351/92/1877 2346/417/1725
f 2350/417/1876 2352/92/1878 2351/92/1877
f 2353/503/1879 2354/92/1880 2352/92/1881
f 2355/504/1882 2356/474/1883 2349/473/1884
f 2357/95/1723 2355/504/1882 2349/473/1884
f 2358/86/1885 2359/89/1886 2360/90/1887
f 2358/86/1885 2361/86/1888 2359/89/1886
f 2361/86/1888 2362/88/1889 2359/89/1886
f 2361/86/1888 2363/86/1890 2362/88/1889
f 2364/85/1891 2363/86/1890 2361/86/1888
f 2364/85/1891 2365/85/1892 2363/86/1890
f 2366/84/1893 2365/85/1892 2364/85/1891
f 2366/84/1893 2367/84/1894 2365/85/1892
f 2368/84/268 2366/84/1893 2364/85/1891
f 2368/84/268 2364/85/1891 2369/85/270
f 2366/84/271 2370/80/1895 2371/80/1896
f 2370/80/1895 2372/36/1897 2371/80/1896
f 2370/80/1895 2373/36/1898 2372/36/1897
f 2373/36/1898 2374/36/212 2372/36/1897
f 2375/36/264 2373/36/1898 2370/80/1895
f 2374/36/212 2373/36/1898 2375/36/264
f 2376/36/212 2374/36/212 2375/36/264
f 2377/36/212 2378/36/212 2376/36/212
f 2379/36/1899 2375/36/266 2380/80/1900
f 2381/79/468 2382/36/213 2379/36/265
f 2383/101/1901 2369/85/1902 2384/87/1903
f 2358/86/1885 2385/425/1904 2384/87/1905
f 2358/86/1885 2386/86/1906 2385/425/1904
f 2386/86/1906 2387/426/551 2385/425/1904
f 2358/86/1885 2360/90/1887 2386/86/1906
f 2386/86/1906 2360/90/1887 2388/91/1508
f 2360/90/1887 2389/91/1907 2388/91/1508
f 2386/86/1906 2388/91/1508 2390/429/1506
f 2386/86/1906 2391/427/1908 2387/426/551
f 2386/86/1906 2390/429/1506 2391/427/1908
f 2387/426/551 2391/427/1908 2392/428/551
f 2391/427/1908 2390/429/1506 2393/505/1506
f 2391/427/1908 2393/505/1506 2394/506/1908
f 2391/427/1908 2394/506/1908 2395/507/551
f 2396/508/1908 2394/506/1908 2393/505/1506
f 2396/508/1908 2393/505/1506 2397/509/1909
f 2396/508/1908 2397/509/1909 2398/510/1910
f 2399/511/1911 2394/506/1908 2396/508/1908
f 2395/507/551 2394/506/1908 2400/512/1912
f 2399/511/1911 2400/512/1912 2394/506/1908
f 2395/507/551 2400/512/1912 2401/424/1913
f 2395/507/551 2401/424/1913 2402/513/551
f 2402/513/551 2401/424/1913 2403/514/550
f 2401/424/1913 2383/101/1901 2403/514/550
f 2401/424/1913 2404/85/1914 2383/101/1901
f 2404/85/1914 2401/424/1913 2405/423/1915
f 2404/85/1914 2405/423/1915 2406/84/263
f 2401/424/1913 2400/512/1912 2407/515/1916
f 2401/424/1913 2407/515/1916 2405/423/1915
f 2400/512/1912 2408/516/1917 2407/515/1916
f 2400/512/1912 2399/511/1911 2408/516/1917
f 2407/515/1916 2408/516/1917 2409/517/1918
f 2407/515/1916 2409/517/1918 2410/518/1919
f 2405/423/1915 2407/515/1916 2410/518/1919
f 2410/518/1919 2409/517/1918 2411/77/256
f 2410/518/1919 2411/77/256 2412/78/258
f 2405/423/1915 2410/518/1919 2413/422/1920
f 2413/422/1920 2410/518/1919 2412/78/258
f 2406/84/263 2405/423/1915 2413/422/1920
f 2413/422/1920 2412/78/258 2414/79/259
f 2406/84/263 2413/422/1920 2415/80/1921
f 2415/80/1921 2413/422/1920 2414/79/259
f 2416/401/1922 2417/399/1923 2418/402/1759
f 2419/403/1924 2416/401/1922 2418/402/1759
f 2416/401/1922 2420/400/1925 2417/399/1923
f 2417/399/1923 2420/400/1925 2421/398/1926
f 2422/404/1756 2419/403/1757 2423/405/1927
f 2424/158/1928 2425/384/1566 2426/386/1929
f 2424/158/1928 2427/383/1569 2425/384/1566
f 2428/157/1568 2424/158/1928 2426/386/1929
f 2428/157/1568 2426/386/1929 2429/388/1930
f 2429/388/1562 2430/391/914 2431/317/914
f 2432/71/1567 2425/384/1571 2433/382/1570
f 2434/519/1931 2435/354/1932 2436/520/1933
f 2435/354/1932 2437/521/1934 2436/520/1933
f 2438/522/1935 2439/523/1935 2434/519/1936
f 2434/519/1931 2440/354/1937 2435/354/1932
f 2441/178/1938 2435/354/1932 2440/354/1937
f 2441/178/1938 2442/178/1939 2435/354/1932
f 2443/340/1940 2435/354/1932 2442/178/1939
f 2443/340/1940 2442/178/1939 2444/155/1941
f 2445/92/868 2446/92/1941 2442/178/1131
f 2447/448/1607 2448/330/1612 2449/446/1942
f 2450/92/718 2451/440/1613 2447/448/1943
f 2449/446/1942 2448/330/1612 2452/325/1944
f 2452/325/1944 2453/322/1945 2449/446/1942
f 2449/446/1942 2453/322/1945 2454/320/1946
f 2455/449/1608 2456/447/1608 2454/320/1947
f 2457/450/1948 2458/328/1949 2452/325/1949
f 2458/328/1949 2459/327/1615 2452/325/1949
f 2460/219/1950 2461/524/1951 2462/525/1952
f 2462/525/1952 2461/524/1951 2463/526/1953
f 2462/525/1952 2463/526/1953 2464/527/1954
f 2463/526/1953 2465/528/1955 2464/527/1954
f 2460/219/1950 2466/354/1956 2461/524/1951
f 2467/178/1957 2466/354/1956 2460/219/1950
f 2467/178/1957 2468/178/1958 2466/354/1956
f 2469/92/1959 2468/178/1958 2467/178/1957
f 2469/92/1959 2470/92/1960 2468/178/1958
f 2471/529/1961 2465/528/1962 2472/530/1963
f 2473/531/1964 2471/529/1961 2472/530/1963
f 2473/531/1964 2474/532/1965 2471/529/1961
f 2473/531/1964 2475/533/1966 2474/532/1965
f 2476/534/1967 2475/533/1966 2477/535/1968
f 2478/178/1969 2479/354/1970 2480/178/1971
f 2481/92/1972 2478/178/1969 2480/178/1971
f 2481/92/1972 2480/178/1971 2482/92/1973
f 2478/178/1969 2483/219/1974 2479/354/1970
f 2484/524/1975 2479/354/1970 2483/219/1974
f 2484/524/1975 2483/219/1974 2485/525/1976
f 2486/526/1977 2484/524/1975 2485/525/1976
f 2486/526/1977 2485/525/1976 2487/527/1978
f 2488/528/1979 2486/526/1977 2487/527/1978
f 2488/528/1980 2489/529/1981 2490/530/1982
f 2489/529/1981 2491/531/1983 2490/530/1982
f 2491/531/1983 2489/529/1981 2492/532/1984
f 2491/531/1983 2492/532/1984 2493/533/1985
f 2494/534/1986 2495/535/1987 2493/533/1985
f 2496/71/1988 2497/196/1989 2498/286/1990
f 2498/286/1990 2499/71/1045 2496/71/1988
f 2498/286/1990 2497/196/1989 2500/536/1991
f 2497/196/1989 2501/198/1992 2500/536/1991
f 2501/198/1992 2502/415/1444 2500/536/1991
f 2503/415/1993 2504/198/1994 2505/536/1995
f 2506/196/1996 2505/536/1995 2504/198/1994
f 2507/286/1997 2505/536/1995 2506/196/1996
f 2508/71/1998 2507/286/1997 2506/196/1996
f 2509/71/1036 2507/286/1997 2508/71/1998
f 2510/228/1999 2511/437/1306 2512/537/2000
f 2510/228/1999 2512/537/2000 2513/119/2001
f 2510/228/1999 2514/350/1576 2511/437/1306
f 2515/436/2002 2514/350/1576 2516/469/2003
f 2517/330/2004 2518/498/2005 2519/346/2006
f 2520/343/2007 2519/346/2006 2518/498/2005
f 2517/330/2004 2519/346/2006 2521/354/2008
f 2519/346/2006 2522/348/2009 2521/354/2008
f 2521/354/2008 2523/283/2010 2517/330/2004
f 2524/360/2011 2525/494/2012 2526/538/2013
f 2527/539/2014 2526/538/2013 2525/494/2012
f 2526/538/2013 2528/540/2015 2524/360/2011
f 2529/541/2016 2527/539/2014 2525/494/2012
f 2525/494/2012 2530/542/2017 2529/541/2016
f 2531/543/2018 2529/541/2016 2530/542/2017
f 2531/543/2018 2530/542/2017 2532/544/2019
f 2531/543/2020 2533/545/2019 2534/546/2021
f 2528/540/2015 2535/334/2022 2524/360/2011
f 2535/334/2022 2536/361/2023 2524/360/2011
f 2535/334/2022 2528/540/2015 2537/337/2024
f 2536/361/2023 2535/334/2022 2538/335/2025
f 2536/361/2023 2538/335/2025 2539/547/2026
f 2539/547/2026 2538/335/2025 2540/354/2027
f 2540/354/2027 2538/335/2025 2541/340/2028
f 2540/354/2027 2541/340/2028 2542/178/2029
f 2541/340/2028 2543/155/1134 2542/178/2029
f 2540/354/2027 2542/178/2029 2544/178/2030
f 2542/178/2029 2545/92/2031 2544/178/2030
f 2540/354/2027 2544/178/2030 2546/354/2032
f 2535/334/2022 2537/337/2024 2547/336/2033
f 2547/336/2033 2537/337/2024 2548/338/950
f 2547/336/2033 2548/338/950 2549/339/2034
f 2547/336/2033 2549/339/2034 2550/92/2035
f 2547/336/2033 2550/92/2035 2551/333/2036
f 2535/334/2022 2547/336/2033 2551/333/2036
f 2535/334/2022 2551/333/2036 2552/335/2037
f 2553/340/2038 2552/335/2039 2554/341/2036
f 2553/340/2038 2554/341/2036 2555/342/2040
f 2553/340/2038 2555/342/2040 2556/155/2041
f 2556/155/2041 2555/342/2040 2557/156/2042
f 2558/98/2043 2559/470/2044 2560/95/2045
f 2560/95/2045 2559/470/2044 2561/353/2046
f 2558/98/2043 2562/471/2047 2559/470/2044
f 2560/95/2045 2561/353/2046 2563/94/2048
f 2563/94/2048 2561/353/2046 2564/92/1054
f 2563/94/2048 2564/92/1054 2565/92/2049
f 2562/471/2047 2558/98/2043 2566/103/2050
f 2567/548/2051 2562/471/2047 2566/103/2050
f 2566/103/2050 2568/105/2052 2567/548/2051
f 2568/105/2052 2569/549/2053 2567/548/2051
f 2568/105/2052 2570/117/2054 2569/549/2053
f 2571/550/2055 2567/548/2051 2569/549/2053
f 2572/551/2056 2567/548/2051 2571/550/2055
f 2570/117/2054 2573/552/2057 2569/549/2053
f 2570/117/2054 2574/112/2058 2573/552/2057
f 2573/552/2057 2574/112/2058 2575/116/2059
f 2576/553/2060 2577/554/2061 2572/551/2062
f 2577/554/2061 2576/553/2060 2578/555/2063
f 2577/554/2061 2578/555/2063 2579/556/2064
f 2580/557/2065 2579/556/2064 2578/555/2063
f 2581/353/2066 2582/442/2067 2583/470/2068
f 2583/470/2068 2582/442/2067 2584/314/2069
f 2585/558/2070 2583/470/2068 2584/314/2069
f 2586/408/2071 2585/558/2070 2584/314/2069
f 2587/315/2072 2586/408/2071 2584/314/2069
f 2588/437/2073 2589/228/2074 2590/537/2075
f 2588/437/2073 2591/350/1678 2589/228/2074
f 2592/436/2076 2591/350/1678 2588/437/2073
f 2589/228/2077 2593/105/2078 2594/119/2079
f 2595/117/2080 2594/119/2079 2593/105/2078
f 2593/105/2078 2596/548/2081 2597/549/2078
f 2593/105/2078 2598/103/2082 2596/548/2081
f 2598/103/2082 2599/471/2083 2596/548/2081
f 2596/548/2084 2600/551/2085 2601/550/2086
f 2600/551/2085 2602/553/2087 2601/550/2086
f 2603/330/2088 2604/450/2089 2605/329/1221
f 2605/329/1221 2604/450/2089 2606/328/2090
f 2607/559/2091 2608/560/2092 2609/561/2093
f 2610/562/2094 2611/563/2095 2609/561/2093
f 2607/559/2091 2612/564/2096 2608/560/2092
f 2612/564/2096 2607/559/2091 2613/493/2097
f 2614/492/1792 2612/564/2096 2613/493/2097
f 2614/492/1792 2615/490/2098 2616/491/2099
f 2614/492/1792 2616/491/2099 2617/565/2100
f 2618/566/2101 2614/492/1792 2617/565/2100
f 2619/567/2102 2620/568/2094 2617/565/2103
f 2621/569/2104 2622/570/2105 2620/568/2094
f 2623/115/2106 2622/570/2105 2621/569/2104
f 2623/115/2106 2621/569/2104 2624/571/2107
f 2625/562/2108 2626/561/2109 2627/563/2110
f 2628/572/2111 2625/562/2108 2627/563/2110
f 2628/572/2111 2627/563/2110 2629/573/2112
f 2625/562/2108 2630/560/2113 2626/561/2109
f 2631/559/2114 2626/561/2109 2630/560/2113
f 2631/559/2114 2630/560/2113 2632/564/2115
f 2633/574/2116 2634/575/2117 2629/573/2112
f 2633/574/2116 2635/576/2118 2634/575/2117
f 2636/577/2119 2637/417/1449 2638/503/2120
f 2638/503/2120 2637/417/1449 2639/92/2121
f 2638/503/2120 2639/92/2121 2640/92/2122
f 2637/417/1449 2641/92/2123 2639/92/2121
f 2636/577/2119 2642/416/1447 2637/417/1449
f 2643/421/2124 2642/416/1447 2636/577/2119
f 2643/421/2124 2636/577/2119 2644/578/2125
f 2644/578/2125 2645/436/2126 2643/421/2124
f 2644/578/2125 2646/579/2127 2645/436/2126
f 2647/579/2126 2646/579/2128 2648/580/2129
f 2647/579/2126 2648/580/2129 2649/581/2130
f 2650/502/2131 2642/416/1447 2651/531/2132
f 2650/502/2131 2652/472/2133 2642/416/1447
f 2642/416/1447 2652/472/2133 2653/417/2134
f 2652/472/2133 2650/502/2131 2654/473/2135
f 2653/417/2134 2655/92/2136 2641/92/1450
f 2653/417/2134 2656/94/2137 2655/92/2136
f 2652/472/2133 2656/94/2137 2653/417/2134
f 2652/472/2133 2657/95/2138 2656/94/2137
f 2657/95/2138 2652/472/2133 2654/473/2135
f 2658/504/2139 2657/95/2138 2654/473/2135
f 2654/473/2140 2659/475/2140 2660/474/2140
f 2661/115/2141 2662/569/2142 2663/570/1832
f 2664/492/2143 2665/565/2144 2666/491/2145
f 2664/492/2143 2667/566/2146 2665/565/2144
f 2665/565/2147 2668/568/2148 2669/567/2149
f 2670/564/2150 2664/492/2143 2671/493/2151
f 2672/559/2152 2670/564/2150 2671/493/2151
f 2673/534/2153 2674/533/2154 2675/532/2155
f 2676/535/2156 2673/534/2157 2677/567/2158
f 2676/535/2156 2677/567/2158 2678/565/2159
f 2679/568/2160 2680/566/2161 2678/565/2159
f 2681/570/2162 2680/566/2161 2679/568/2160
f 2682/562/2163 2683/561/2164 2684/560/2165
f 2685/563/2166 2682/562/2094 2686/572/2167
f 2685/563/2166 2686/572/2167 2687/573/2168
f 2688/115/2141 2689/571/2169 2690/569/2142
f 2691/570/1832 2690/569/2142 2692/568/2170
f 2693/566/2171 2691/570/1832 2692/568/2170
f 2693/566/2171 2692/568/2170 2694/565/2172
f 2695/567/2173 2696/535/2174 2694/565/2144
f 2695/567/2173 2697/534/2175 2696/535/2174
f 2697/534/2176 2698/532/2177 2699/533/2178
f 2700/582/2179 2701/573/2112 2702/583/2180
f 2700/582/2179 2703/574/2116 2701/573/2112
f 2704/575/2181 2705/572/2111 2701/573/2182
f 2706/576/2183 2707/584/2184 2704/575/2181
f 2708/585/2185 2707/584/2184 2706/576/2183
f 2708/585/2185 2709/586/2186 2707/584/2184
f 2710/304/2187 2711/587/2188 2712/588/2189
f 2710/304/2187 2713/589/2190 2711/587/2188
f 2712/588/2189 2711/587/2188 2714/590/2191
f 2715/591/2192 2712/588/2189 2714/590/2191
f 2715/591/2192 2714/590/2191 2716/592/2193
f 2715/591/2192 2716/592/2193 2717/593/2194
f 2718/528/1955 2715/591/2192 2717/593/2194
f 2718/528/1955 2717/593/2194 2719/527/1954
f 2720/526/1955 2721/530/2195 2718/528/1955
f 2716/592/2193 2722/557/2196 2723/594/2197
f 2722/557/2196 2724/556/2198 2723/594/2197
f 2725/304/2199 2726/587/2200 2727/589/2201
f 2725/304/2199 2728/588/2202 2726/587/2200
f 2726/587/2200 2728/588/2202 2729/590/2203
f 2728/588/2202 2730/591/2204 2729/590/2203
f 2731/592/2205 2729/590/2203 2730/591/2204
f 2731/592/2205 2730/591/2204 2732/593/2206
f 2730/591/2204 2733/527/1980 2732/593/2206
f 2730/591/2204 2734/528/1977 2733/527/1980
f 2734/528/1977 2735/530/2207 2736/526/1977
f 2737/594/2208 2738/557/2065 2731/592/2205
f 2738/557/2065 2737/594/2208 2739/556/2064
f 2740/574/2209 2741/583/2210 2742/573/2168
f 2740/574/2209 2743/582/2211 2741/583/2210
f 2744/575/2212 2740/574/2209 2742/573/2168
f 2745/572/2213 2744/575/2212 2742/573/2168
f 2746/576/2214 2740/574/2209 2744/575/2212
f 2747/584/2215 2746/576/2214 2744/575/2212
f 2748/585/2216 2746/576/2214 2747/584/2215
f 2748/585/2216 2747/584/2215 2749/586/2217
f 2750/595/2218 2751/596/2219 2752/597/2220
f 2750/595/2218 2752/597/2220 2753/598/2221
f 2752/597/2220 2754/582/2179 2753/598/2221
f 2753/598/2221 2754/582/2179 2755/583/2222
f 2756/453/1619 2753/598/2221 2755/583/2222
f 2757/452/2223 2756/453/1619 2755/583/2222
f 2758/582/2224 2759/597/2225 2760/598/2226
f 2758/582/2224 2760/598/2226 2761/583/2227
f 2759/597/2225 2762/595/2228 2760/598/2226
f 2762/595/2228 2759/597/2225 2763/596/2229
f 2760/598/2226 2764/453/1706 2761/583/2227
f 2764/453/1706 2765/452/2230 2761/583/2227
f 2766/594/2231 2767/592/2205 2768/593/2206
f 2769/592/2193 2770/594/2232 2771/593/2194
f 2772/552/2233 2773/116/2234 2774/112/2235
f 2772/552/2233 2774/112/2235 2775/117/2236
f 2772/552/2233 2775/117/2236 2776/549/2237
f 2775/117/2236 2777/105/2078 2776/549/2237
f 2778/548/2084 2779/550/2238 2776/549/2078
f 2780/470/2239 2781/558/2240 2782/314/2241
f 2783/315/2242 2782/314/2241 2781/558/2240
f 2781/558/2240 2784/408/2243 2783/315/2242
f 2780/470/2239 2782/314/2241 2785/442/2244
f 2785/442/2244 2786/353/2245 2780/470/2239
f 2782/314/2241 2787/311/2246 2785/442/2244
f 2785/442/2244 2787/311/2246 2788/227/2247
f 2789/222/2248 2790/221/2248 2788/227/1593
f 2791/554/2249 2792/555/2250 2793/553/2251
f 2794/551/2252 2791/554/2249 2793/553/2251
f 2791/554/2249 2795/556/2198 2792/555/2250
f 2796/557/2196 2792/555/2250 2795/556/2198
f 2797/599/2253 2798/600/2254 2799/601/2255
f 2800/602/2256 2799/601/2255 2798/600/2254
f 2801/601/2073 2802/602/2257 2803/603/2257
f 2804/600/2258 2805/599/2259 2801/601/2073
f 2806/604/2260 2807/605/2261 2808/606/2262
f 2809/607/2261 2808/606/2262 2807/605/2261
f 2808/606/2263 2810/608/2263 2811/589/2264
f 2812/609/2265 2811/589/2264 2813/610/2266
f 2814/446/2267 2815/322/2268 2816/325/1693
f 2817/328/2269 2818/450/2270 2816/325/2269
f 2816/325/2269 2819/327/2271 2817/328/2269
f 2820/609/2272 2821/611/2273 2822/610/2274
f 2823/589/2275 2820/609/2272 2822/610/2274
f 2824/612/2276 2822/610/2274 2821/611/2273
f 2825/613/2277 2824/612/2276 2821/611/2273
f 2823/589/2275 2826/608/2278 2827/606/2279
f 2828/604/2280 2823/589/2275 2827/606/2279
f 2829/605/1696 2828/604/2280 2827/606/2279
f 2830/614/2281 2829/605/1696 2827/606/2279
f 2827/606/2279 2831/607/2282 2830/614/2281
f 2832/589/2264 2833/608/2283 2834/610/2266
f 2832/589/2264 2835/604/2260 2836/606/2284
f 2837/611/2285 2838/609/2265 2834/610/2286
f 2839/613/2287 2837/611/2285 2834/610/2286
f 2834/610/2286 2840/612/2288 2839/613/2287
f 2841/553/2289 2842/551/2289 2843/550/2290
f 2844/610/2291 2845/608/2292 2846/589/2275
f 2847/615/2293 2848/616/2294 2849/617/2293
f 2850/546/2295 2851/618/2296 2848/616/2294
f 2852/616/2297 2853/615/2298 2854/619/2299
f 2854/619/2299 2855/617/2299 2852/616/2297
f 2856/618/2300 2857/546/2301 2852/616/2302
f 2858/498/2303 2859/369/2303 2860/343/2303
f 2861/343/2304 2862/369/2304 2863/346/2304
f 2864/498/2304 2865/330/1829 2863/346/2304
f 2866/546/2295 2867/620/2171 2868/601/2305
f 2869/616/2306 2867/620/2171 2866/546/2295
f 2870/599/2259 2866/546/2295 2868/601/2305
f 2871/603/2307 2872/600/2308 2868/601/2309
f 2873/618/2310 2874/617/2311 2869/616/2312
f 2875/619/2313 2876/615/2313 2874/617/2313
f 2877/552/2314 2878/116/2059 2879/621/2315
f 2880/546/2301 2881/620/2161 2882/616/2316
f 2883/601/1308 2881/620/2161 2880/546/2301
f 2880/546/2301 2884/599/2317 2883/601/1308
f 2885/617/2318 2886/618/2319 2882/616/2297
f 2887/614/2320 2888/607/2320 2889/605/2320
f 2890/552/2321 2891/621/2322 2892/116/2234
f 2893/447/1699 2894/449/1699 2895/318/1699
f 2896/603/2323 2897/602/2323 2898/600/2324
f 2899/595/2228 2900/596/2228 2901/622/2325
f 2902/221/2326 2903/222/2326 2904/227/1712
f 2905/623/2327 2906/624/2327 2907/625/2328
f 2908/105/2329 2909/228/2330 2910/119/2331
f 2908/105/2329 2910/119/2331 2911/117/2332
f 2912/595/2333 2913/622/1817 2914/596/2333
f 2915/280/2334 2916/625/2328 2917/626/2335
f 2918/624/2336 2917/626/2335 2916/625/2328
f 2919/627/2337 2920/628/2338 2921/626/2339
f 2922/280/2340 2919/627/2337 2921/626/2339
f 2923/626/2341 2924/628/2342 2925/627/2343
f 2925/627/2343 2926/280/2334 2923/626/2341
f 2927/300/2344 2928/302/2345 2929/303/2346
f 2928/302/2345 2930/629/2347 2929/303/2346
f 2931/537/2075 2932/228/2348 2933/119/2349
f 2934/629/2350 2935/302/2351 2936/300/2352
f 2936/300/2352 2937/303/2353 2934/629/2350
f 2938/626/2354 2939/624/2355 2940/623/2356
f 2940/623/2356 2941/625/2357 2938/626/2354
f 2941/625/2357 2942/280/2340 2938/626/2354
f 2943/629/2347 2944/546/2358 2945/303/2359
f 2944/546/2358 2946/304/2360 2945/303/2359
f 2943/629/2347 2947/545/2361 2944/546/2358
f 2948/546/2021 2949/629/2362 2950/303/2363
f 2948/546/2021 2951/545/2364 2949/629/2362
f 2950/303/2363 2952/304/2365 2948/546/2021
f 2953/627/2343 2954/628/2366 2955/630/2367
f 2956/631/2368 2953/627/2343 2955/630/2367
f 2957/630/2369 2958/628/2370 2959/627/2337
f 2959/627/2337 2960/631/2371 2957/630/2369
f 2961/259/2372 2962/183/2373 2963/260/2374
f 2964/187/551 2965/262/550 2962/183/549
f 2961/259/2372 2966/172/547 2962/183/2373
f 2967/261/2375 2966/172/547 2961/259/2372
f 2967/261/2375 2968/169/2376 2966/172/547
f 2969/171/2377 2968/169/2376 2967/261/2375
f 2969/171/2377 2967/261/2375 2970/263/2378
f 2971/185/551 2972/186/550 2962/183/549
f 2973/182/548 2974/184/550 2962/183/549
f 2974/184/550 2975/632/550 2971/185/551
f 2974/184/550 2976/633/550 2975/632/550
f 2976/633/550 2977/634/550 2975/632/550
f 2978/110/2379 2977/634/550 2976/633/550
f 2978/110/2379 2979/635/2380 2977/634/550
f 2399/511/1911 2396/508/1908 2980/636/1908
f 2396/508/1908 2398/510/1910 2980/636/1908
f 2398/510/1910 2981/367/550 2980/636/1908
f 2981/367/550 2982/637/550 2980/636/1908
f 2398/510/1910 2983/638/1506 2981/367/550
f 2980/636/1908 2984/639/2381 2399/511/1911
f 2980/636/1908 2985/640/550 2984/639/2381
f 2983/638/1506 2986/295/2382 2987/293/551
f 2988/433/550 2983/638/1506 2987/293/551
f 2989/431/550 2988/433/550 2987/293/551
f 2990/289/550 2989/431/550 2987/293/551
f 2399/511/1911 2984/639/2381 2991/641/2383
f 2399/511/1911 2991/641/2383 2992/642/1917
f 2993/145/2384 2991/641/2383 2984/639/2381
f 2993/145/2384 2984/639/2381 2994/271/2385
f 2995/71/2386 2991/641/2383 2993/145/2384
f 2996/273/550 2994/271/2385 2984/639/2381
f 2984/639/2381 2997/279/550 2996/273/550
f 2997/279/550 2998/277/550 2996/273/550
f 2995/71/2386 2999/83/2387 2991/641/2383
f 2992/642/1917 2991/641/2383 2999/83/2387
f 2992/642/1917 2999/83/2387 3000/643/1918
f 3000/643/1918 2999/83/2387 3001/644/2388
f 3002/71/2389 3001/644/2388 2999/83/2387
f 3000/643/1918 3001/644/2388 3003/82/256
f 3004/81/2390 3001/644/2388 3002/71/2389
f 3003/82/256 3001/644/2388 3004/81/2390
f 3005/436/2391 3006/578/2392 3007/421/2393
f 3005/436/2391 3008/579/2394 3006/578/2392
f 3007/421/2393 3006/578/2392 3009/577/2395
f 3007/421/2393 3009/577/2395 3010/416/1872
f 3011/502/2396 3012/531/2397 3010/416/2398
f 3009/577/2395 3013/417/1876 3010/416/1872
f 3009/577/2395 3014/503/2399 3013/417/1876
f 3014/503/2399 3015/92/1881 3013/417/1876
f 3016/580/2400 3008/579/2401 3017/579/2391
f 3016/580/2400 3017/579/2391 3018/581/2402
f 3019/157/1374 3020/386/2403 3021/158/2404
f 3021/158/2404 3020/386/2403 3022/384/1368
f 3023/382/1358 3022/384/1366 3024/71/1359
f 3025/388/1375 3019/157/1372 3026/249/2405
f 3027/250/2406 3028/252/2406 3026/249/2406
f 3029/317/2407 3030/391/2407 3025/388/1375
f 1562/334/1227 1565/337/1230 3031/540/2408
f 1562/334/1227 3031/540/2408 3032/360/2409
f 3031/540/2408 3033/538/2410 3032/360/2409
f 3032/360/2409 3033/538/2410 3034/494/2411
f 3034/494/2411 3033/538/2410 3035/539/2412
f 3035/539/2412 3036/541/2413 3034/494/2411
f 3036/541/2413 3037/542/2414 3034/494/2411
f 3038/543/2415 3037/542/2414 3036/541/2413
f 3038/543/2415 3039/544/2416 3037/542/2414
f 3038/543/2417 3040/546/2358 3041/545/2416
f 3032/360/2409 3042/361/2418 1562/334/1227
f 3043/335/2419 1562/334/1227 3042/361/2418
f 3043/335/2419 3042/361/2418 3044/547/1934
f 3044/547/1934 3045/354/2420 3043/335/2419
f 3046/340/1940 3043/335/2419 3045/354/2420
f 3047/538/1353 3048/35/1492 3035/539/2412
f 3047/538/1353 3049/34/1381 3048/35/1492
f 3047/538/1353 3050/29/2421 3049/34/1381
f 3047/538/1353 3051/645/2422 3050/29/2421
f 3051/645/2422 3052/30/2423 3050/29/2421
f 3051/645/2422 3053/646/2424 3052/30/2423
f 3054/31/2425 3052/30/2423 3053/646/2424
f 3054/31/2425 3053/646/2424 3055/647/2426
f 3056/354/2427 3057/519/2428 3058/520/2429
f 3058/520/2429 3059/521/2430 3056/354/2427
f 3056/354/2427 3060/354/2032 3057/519/2428
f 3057/519/2431 3061/523/2432 3062/522/2432
f 3063/538/2433 3064/29/2421 3065/34/1381
f 3063/538/2433 3065/34/1381 3066/35/1400
f 3063/538/2433 3066/35/1400 3067/539/1494
f 3063/538/2433 3068/645/2422 3064/29/2421
f 3068/645/2422 3069/30/2423 3064/29/2421
f 3068/645/2422 3070/646/2424 3069/30/2423
f 3071/31/2425 3069/30/2423 3070/646/2424
f 3071/31/2425 3070/646/2424 3072/647/2426
f 3073/29/2434 3074/538/551 3075/34/640
f 3076/35/2435 3075/34/640 3074/538/551
f 3076/35/2435 3074/538/551 3077/539/1505
f 3073/29/2434 3078/645/2436 3074/538/551
f 3079/30/2437 3078/645/2436 3073/29/2434
f 3079/30/2437 3080/646/2438 3078/645/2436
f 3081/31/2439 3080/646/2438 3079/30/2437
f 3081/31/2439 3082/647/2440 3080/646/2438
f 3083/47/2441 3084/47/2442 3085/47/2443
f 3083/47/2441 3086/47/2444 3084/47/2442
f 3087/47/2445 3088/47/2446 3089/47/2380
f 3087/47/2445 3090/47/2447 3088/47/2446
f 3091/631/2371 3092/648/2448 3093/630/2449
f 3094/649/2450 3093/630/2449 3092/648/2448
f 3095/520/2451 3096/522/2452 3097/519/1936
f 3098/522/2453 3099/520/2454 3100/519/2431
f 3101/630/2367 3102/649/2455 3103/650/2456
f 3103/650/2456 3104/648/2456 3101/630/2367
f 3104/648/2456 3105/631/2368 3101/630/2367
f 3106/650/2457 3107/649/2457 3108/648/2457
f 3109/414/2458 3110/375/1482 3111/374/2459
f 3109/414/2458 3112/413/2460 3110/375/1482
f 3113/415/1993 3109/414/2458 3111/374/2459
f 3113/415/1993 3111/374/2459 3114/373/2461
f 3113/415/1993 3114/373/2461 3115/198/2462
f 3116/35/2463 3117/538/551 2527/539/2014
f 3116/35/2463 3118/34/2464 3117/538/551
f 3119/29/2434 3117/538/551 3118/34/2464
f 3119/29/2434 3120/645/2436 3117/538/551
f 3121/30/2437 3120/645/2436 3119/29/2434
f 3121/30/2437 3122/646/2438 3120/645/2436
f 3123/31/2439 3122/646/2438 3121/30/2437
f 3123/31/2439 3124/647/2440 3122/646/2438
f 3125/47/2465 3126/47/2217 3127/47/2380
f 3125/47/2465 3128/47/2466 3126/47/2217
f 3129/47/2186 3130/47/2467 3131/47/2443
f 3129/47/2186 3132/47/2468 3130/47/2467
f 3133/47/2469 3134/47/2470 3135/47/2471
f 3133/47/2469 3136/47/2187 3134/47/2470
f 3137/47/2472 3138/47/2473 3139/47/2474
f 3137/47/2472 3140/47/2199 3138/47/2473
f 3141/474/2475 3142/504/2475 3143/473/2475
f 3144/651/2476 3145/652/2477 3146/601/2478
f 3144/651/2476 3147/581/2402 3145/652/2477
f 3147/581/2402 3148/579/2391 3145/652/2477
f 3149/653/2479 3144/651/2480 3150/654/2481
f 3151/581/2130 3152/652/2482 3153/579/2126
f 3154/651/2483 3152/652/2482 3151/581/2130
f 3154/651/2483 3155/601/2484 3152/652/2482
f 3154/651/2485 3156/653/2486 3157/654/2487
f 3158/655/2488 3159/656/2489 3160/601/2490
f 3161/654/2491 3158/655/2488 3160/601/2490
f 3160/601/2490 3162/651/2485 3161/654/2491
f 3163/47/2492 3164/47/2493 3165/47/2494
f 3163/47/2492 3166/47/2495 3164/47/2493
f 3167/47/2496 3168/47/2497 3169/47/2498
f 3167/47/2496 3170/47/2499 3168/47/2497
f 3171/655/2500 3172/654/2481 3173/601/2501
f 3174/651/2502 3173/601/2501 3172/654/2481
f 3173/601/2501 3175/656/2503 3171/655/2500
f 3176/199/2504 3177/377/2505 3178/376/550
f 3179/371/2506 3177/377/2505 3176/199/2504
f 3180/380/551 3181/379/550 3178/376/550
f 3181/379/550 3182/378/550 3178/376/550
f 3182/378/550 3176/199/2504 3178/376/550
f 3176/199/2504 3182/378/550 3183/372/550
f 3179/371/2506 3176/199/2504 3184/197/596
f 3185/370/2507 3179/371/2506 3184/197/596
f 3185/370/2507 3184/197/596 3186/71/2508
f 3187/71/2509 3185/370/2507 3186/71/2508
f 3187/71/2509 3186/71/2508 3188/71/2510
f 3189/373/551 3176/199/2504 3183/372/550
f 3190/198/2511 3176/199/2504 3189/373/551
f 3183/372/550 3191/375/2512 3189/373/551
f 3192/47/2310 3193/47/2513 3194/47/2514
f 3192/47/2310 3195/47/2295 3193/47/2513
f 3195/47/2295 3196/47/2467 3193/47/2513
f 3195/47/2295 3197/47/2515 3196/47/2467
f 3198/47/2264 3199/47/2516 3200/47/2517
f 3198/47/2264 3201/47/2518 3199/47/2516
f 3202/47/2260 3198/47/2264 3200/47/2517
f 3202/47/2260 3200/47/2517 3203/47/2514
f 3204/47/2519 3205/47/2280 3206/47/2520
f 3204/47/2519 3207/47/2275 3205/47/2280
f 3208/47/2521 3207/47/2275 3204/47/2519
f 3208/47/2521 3209/47/2522 3207/47/2275
f 3210/47/2523 3211/47/2319 3212/47/2520
f 3210/47/2523 3213/47/2301 3211/47/2319
f 3214/47/2465 3213/47/2301 3210/47/2523
f 3214/47/2465 3215/47/2253 3213/47/2301
f 3216/624/2524 3217/657/2525 3218/626/2526
f 3219/658/2527 3220/659/2528 3216/624/2529
f 3221/624/2530 3222/659/2531 3223/658/2532
f 3221/624/2533 3224/626/2534 3225/657/2535
f 3226/246/2536 3227/188/2537 791/180/2538
f 3226/246/2536 3228/247/2539 3227/188/2537
f 3228/247/2539 3226/246/2536 3229/248/2540
f 3228/247/2539 3229/248/2540 3230/660/914
f 3230/660/914 3229/248/2540 3231/661/1357
f 3232/662/2541 3230/660/914 3231/661/1357
f 3232/662/2541 3231/661/1357 3233/663/1353
f 3234/664/914 3232/662/2541 3233/663/1353
f 3235/665/2542 3231/661/1353 3236/666/2543
f 3237/667/2544 3235/665/2542 3236/666/2543
f 3238/668/914 3234/664/914 3233/663/1353
f 3238/668/914 3239/669/2545 3234/664/914
f 3233/663/1353 3240/297/1353 3238/668/914
f 3240/297/1353 3241/670/1807 3238/668/914
f 3242/671/2546 3237/667/2546 3243/672/2546
f 3244/673/2547 3242/671/2548 3245/674/2546
f 3246/675/2546 3244/673/2547 3245/674/2546
f 3246/675/2546 3245/674/2546 3247/676/2546
f 3248/47/2549 3249/47/2516 3250/47/2517
f 3248/47/2549 3251/47/2340 3249/47/2516
f 3252/47/2371 3248/47/2549 3250/47/2517
f 3252/47/2371 3250/47/2517 3253/47/2514
f 3254/71/2550 3255/71/2551 3256/677/2552
f 3254/71/2550 3257/71/2553 3255/71/2551
f 3254/71/2550 3258/71/2554 3257/71/2553
f 3254/71/2550 3259/71/2555 3258/71/2554
f 3258/71/2554 3259/71/2555 3260/71/2556
f 3261/47/2519 3262/47/2368 3263/47/2520
f 3261/47/2519 3264/47/2557 3262/47/2368
f 3265/47/2521 3264/47/2557 3261/47/2519
f 3265/47/2521 3266/47/2334 3264/47/2557
f 3267/678/2558 3268/181/2559 3269/180/2560
f 3267/678/2558 3270/679/2561 3268/181/2559
f 3270/679/2561 3267/678/2558 3271/680/2562
f 3270/679/2561 3271/680/2562 3272/681/2563
f 3272/681/2563 3271/680/2562 3273/682/914
f 3271/680/2562 3274/683/2564 3273/682/914
f 3274/683/2564 3275/433/2565 3273/682/914
f 3274/683/2564 3276/684/914 3275/433/2565
f 3275/433/2565 3277/685/1353 3273/682/914
f 3275/433/2565 3278/686/1353 3277/685/1353
f 3278/686/1353 3279/687/1353 3277/685/1353
f 3279/687/1353 3280/278/1353 3277/685/1353
f 3278/686/1353 3281/688/914 3279/687/1353
f 3278/686/1353 3282/689/1353 3281/688/914
f 3282/689/1353 3283/690/1353 3281/688/914
f 3284/691/2443 3283/690/1353 3282/689/1353
f 3285/47/2417 3286/47/2566 3287/47/2567
f 3285/47/2417 3288/47/2413 3286/47/2566
f 3286/47/2566 3288/47/2413 3289/47/2412
f 3286/47/2566 3289/47/2412 3290/692/1403
f 3291/47/2358 3285/47/2417 3287/47/2567
f 3291/47/2358 3287/47/2567 3292/47/1403
f 3293/47/2360 3291/47/2358 3292/47/1403
f 3293/47/2360 3292/47/1403 3294/47/2568
f 3295/680/2569 3296/679/2570 3297/681/2571
f 3295/680/2569 3297/681/2571 3298/682/2572
f 3299/683/2573 3295/680/2569 3298/682/2572
f 3295/680/2569 3300/678/2574 3296/679/2570
f 3301/181/2575 3296/679/2570 3300/678/2574
f 3301/181/2575 3300/678/2574 3302/180/2576
f 3303/433/550 3304/684/550 3299/683/551
f 3303/433/550 3298/682/2577 3305/685/551
f 3306/686/551 3303/433/550 3305/685/551
f 3307/687/551 3306/686/551 3305/685/551
f 3308/278/2578 3307/687/551 3305/685/551
f 3307/687/551 3309/688/550 3306/686/551
f 3310/689/551 3306/686/551 3309/688/550
f 3311/690/551 3310/689/551 3309/688/550
f 3312/691/2380 3310/689/551 3311/690/551
f 3313/47/1909 3314/47/2020 3315/47/2579
f 3313/47/1909 3316/47/2016 3314/47/2020
f 3313/47/1909 3317/47/2580 3316/47/2016
f 3315/47/2579 3314/47/2020 3318/47/2021
f 3315/47/2579 3318/47/2021 3319/47/1506
f 3319/47/1506 3318/47/2021 3320/47/2365
f 3319/47/1506 3320/47/2365 3321/47/2382
f 3322/693/2581 3323/694/1753 3324/92/1752
f 3322/693/2581 3325/694/2582 3323/694/1753
f 3326/693/2583 3327/694/1863 3328/694/2584
f 3326/693/2583 3329/92/1861 3327/694/1863
f 3330/288/2585 3331/207/1669 3332/404/2586
f 3333/443/914 3331/207/1670 3334/468/914
f 3334/468/914 3335/487/914 3333/443/914
f 3335/487/914 3336/445/1353 3333/443/914
f 3337/35/2587 3338/695/1403 3339/539/1494
f 3340/47/2588 3341/47/2379 3342/47/2589
f 3340/47/2588 3343/47/2380 3341/47/2379
f 3344/47/2590 3340/47/2588 3342/47/2589
f 3342/47/2589 3345/47/2485 3344/47/2590
f 3346/35/1504 3347/539/2014 3348/695/1506
f 3349/35/1492 3350/695/1403 3351/539/2412
f 3352/47/2591 3353/47/2592 3354/47/2593
f 3353/47/2592 3355/47/2502 3354/47/2593
f 3354/47/2593 3356/47/2594 3352/47/2591
f 3356/47/2594 3357/47/2443 3352/47/2591
f 3358/35/2595 3359/539/1505 3360/695/1506
f 3361/47/1909 3362/692/1506 3363/47/2014
f 3364/81/2390 3365/71/2596 3366/644/2597
f 3364/81/2390 3366/644/2597 3367/82/187
f 3368/643/2598 3367/82/187 3366/644/2597
f 3365/71/2596 3369/83/2599 3366/644/2597
f 3368/643/2598 3366/644/2597 3369/83/2599
f 3370/642/2600 3368/643/2598 3369/83/2599
f 3370/642/2600 3369/83/2599 3371/641/2601
f 3372/71/2602 3371/641/2601 3369/83/2599
f 3372/71/2602 3373/145/2603 3371/641/2601
f 3374/511/2604 3370/642/2600 3371/641/2601
f 3373/145/2603 3375/639/2605 3371/641/2601
f 3374/511/2604 3371/641/2601 3375/639/2605
f 3373/145/2603 3376/271/2606 3375/639/2605
f 3375/639/2605 3376/271/2606 3377/273/914
f 3378/279/914 3375/639/2605 3377/273/914
f 3379/277/914 3378/279/914 3377/273/914
f 3375/639/2605 3380/640/914 3381/636/1478
f 3375/639/2605 3381/636/1478 3374/511/2604
f 3374/511/2604 3381/636/1478 3382/508/1478
f 3383/510/2607 3382/508/1478 3381/636/1478
f 3384/367/914 3383/510/2607 3381/636/1478
f 3384/367/914 3385/638/1403 3383/510/2607
f 3383/510/2607 3386/509/2566 3382/508/1478
f 3382/508/1478 3386/509/2566 3387/505/1403
f 3388/293/1353 3389/295/2568 3385/638/1403
f 3390/433/914 3388/293/1353 3385/638/1403
f 3390/433/914 3391/431/914 3388/293/1353
f 3391/431/914 3392/289/1356 3388/293/1353
f 3382/508/1478 3387/505/1403 3393/506/1478
f 3374/511/2604 3382/508/1478 3393/506/1478
f 3387/505/1403 1853/427/1478 3393/506/1478
f 3387/505/1403 1855/429/1403 1853/427/1478
f 3374/511/2604 3393/506/1478 3394/512/2608
f 1853/427/1478 3395/507/1353 3393/506/1478
f 3395/507/1353 3394/512/2608 3393/506/1478
f 3394/512/2608 3396/516/2600 3374/511/2604
f 3395/507/1353 1839/424/1464 3394/512/2608
f 3395/507/1353 3397/513/1353 1839/424/1464
f 3397/513/1353 3398/514/914 1839/424/1464
f 3394/512/2608 3399/515/2609 3396/516/2600
f 1839/424/1464 3399/515/2609 3394/512/2608
f 3399/515/2609 3400/517/2598 3396/516/2600
f 1839/424/1464 3398/514/914 1840/101/1465
f 3399/515/2609 3401/518/2610 3400/517/2598
f 3401/518/2610 3402/77/187 3400/517/2598
f 3401/518/2610 1834/78/185 3402/77/187
f 1837/423/1461 3401/518/2610 3399/515/2609
f 1839/424/1464 1837/423/1461 3399/515/2609
f 1832/422/1458 1834/78/185 3401/518/2610
f 1837/423/1461 1832/422/1458 3401/518/2610
f 3403/210/2611 3404/74/1380 3405/106/2612
f 3406/696/2543 3403/210/2611 3405/106/2612
f 3407/697/1353 3406/696/2543 3405/106/2612
f 3405/106/2612 3408/108/2613 3407/697/1353
f 3409/698/2614 3410/699/2380 3411/700/2614
f 3409/698/2614 3412/701/2615 3410/699/2380
f 3413/702/2578 3409/698/2614 3411/700/2614
f 3414/248/2616 3415/247/1143 3416/660/2617
f 3414/248/2616 3416/660/2617 3417/661/2618
f 3416/660/2617 3418/662/2619 3417/661/2618
f 3417/661/2618 3418/662/2619 3419/665/2620
f 3419/665/2620 3420/666/2621 3417/661/2618
f 3419/665/2620 3421/667/2622 3420/666/2621
f 3421/667/2623 3422/671/2623 3423/672/2623
f 3418/662/2624 3424/664/550 3425/663/550
f 3426/668/2625 3425/663/550 3424/664/550
f 3426/668/2625 3427/297/551 3425/663/550
f 3428/669/2625 3426/668/2625 3424/664/550
f 3429/703/914 3430/704/914 3431/310/1353
f 3432/705/2612 3431/310/1353 3430/704/914
f 3432/705/2612 3433/309/2626 3431/310/1353
f 3434/706/550 3435/707/550 3436/708/550
f 3434/706/550 3437/709/550 3435/707/550
f 3438/710/2619 3439/711/550 3436/708/550
f 3439/711/550 3438/710/2619 3440/684/2627
f 3441/433/2628 3439/711/550 3440/684/2627
f 3441/433/2629 3442/683/2630 3443/682/2629
f 3444/712/2631 3437/709/2632 3445/713/551
f 3445/713/551 3446/702/2614 3444/712/2631
f 3446/702/2614 3447/714/2633 3444/712/2631
f 3446/702/2614 3448/700/2633 3447/714/2633
f 3449/710/2406 3450/708/2406 3451/707/2406
f 3452/715/2498 3453/670/1353 3454/297/1807
f 3452/715/2498 3455/716/2634 3453/670/1353
f 3456/710/914 3457/708/914 3458/711/914
f 3456/710/914 3459/707/1561 3457/708/914
f 3460/108/551 3461/717/2495 3462/111/2635
f 3460/108/551 3463/718/551 3461/717/2495
f 3464/697/551 3463/718/551 3460/108/551
f 3460/108/551 3465/106/550 3464/697/551
f 3466/676/2636 3464/697/2636 3467/696/2636
f 3468/675/2620 3464/697/2636 3466/676/2636
f 3469/719/2637 3470/720/914 3471/721/2638
f 3469/719/2637 3471/721/2638 3472/703/2612
f 3471/721/2638 3473/704/2639 3472/703/2612
f 3469/719/2637 3474/722/914 3470/720/914
f 3474/722/914 3475/723/914 3470/720/914
f 3474/722/914 3476/724/914 3475/723/914
f 3473/704/2541 3477/714/2638 3478/705/2640
f 3479/712/1353 3478/705/2640 3477/714/2638
f 3480/713/2641 3481/709/2565 3479/712/2642
f 3480/713/2641 3482/706/2643 3481/709/2565
f 3483/676/2623 3484/674/2623 3485/675/2623
f 3484/674/2623 3486/673/2644 3485/675/2623
f 3487/706/914 3488/707/914 3489/709/914
f 3487/706/914 3490/708/914 3488/707/914
f 3491/723/550 3492/722/550 3493/720/550
f 3494/719/550 3493/720/550 3492/722/550
f 3494/719/550 3495/721/550 3493/720/550
f 3491/723/550 3496/724/2645 3492/722/550
f 3496/724/2645 3491/723/550 3497/669/2646
f 3498/664/2647 3496/724/2645 3497/669/2646
f 3499/704/2648 3495/721/2649 3500/703/550
f 3499/704/2648 3500/703/550 3501/310/551
f 3501/310/551 3502/705/2627 3499/704/2648
f 3503/309/2650 3502/705/2627 3501/310/551
f 3504/670/551 3505/715/2495 3506/297/551
f 3504/670/551 3507/716/2651 3505/715/2495
f 3508/668/2406 3504/670/551 3506/297/551
f 3509/308/2652 3510/307/1143 3511/309/2653
f 3509/308/2652 3512/306/1142 3510/307/1143
f 3509/308/2652 3511/309/2653 3513/310/551
f 3514/691/2380 3515/690/551 3516/294/2465
f 3517/673/2623 3518/671/2623 3519/725/2623
f 3517/673/2623 3520/674/2654 3518/671/2623
f 3521/667/2623 3519/725/2623 3518/671/2623
f 3521/667/2636 3522/672/2636 3523/666/2636
f 3524/717/2498 3525/108/1353 3526/111/2655
f 3524/717/2498 3527/718/1353 3525/108/1353
f 3525/108/1353 3527/718/1353 3528/697/1353
f 3528/697/2656 3529/676/2656 3530/696/2656
f 3528/697/2656 3531/675/2547 3529/676/2656
f 3532/699/2443 3533/698/2657 3534/700/2657
f 3534/700/2657 3533/698/2657 3535/702/2657
f 3532/699/2443 3536/701/2658 3533/698/2657
f 3537/702/2657 3538/713/1807 3539/712/2657
f 3537/702/2657 3539/712/2657 3540/714/2659
f 3540/714/2659 3541/700/2659 3537/702/2657
f 3542/671/2546 3543/725/2546 3544/667/2546
f 3545/673/2546 3543/725/2546 3542/671/2546
f 3546/672/2656 3544/667/2656 3547/666/2656
f 3548/210/2660 3549/106/2661 3550/74/639
f 3549/106/2661 3548/210/2660 3551/696/2621
f 3549/106/2661 3551/696/2621 3552/697/2621
f 3553/669/2541 3554/723/914 3555/724/2643
f 3553/669/2541 3555/724/2643 3556/664/2643
f 3557/665/2662 3558/663/2662 3559/661/2662
f 3560/609/2663 3561/726/2663 3562/727/2664
f 3563/709/2665 3564/706/2665 3565/713/2512
f 3566/721/550 3567/719/550 3568/703/550
f 3569/714/2666 3570/704/2646 3571/705/2667
f 3571/705/2667 3572/712/551 3569/714/2666
f 3573/663/2645 3574/665/551 3575/662/2645
f 3576/691/2443 3577/294/2467 3578/690/1353
f 3579/278/551 3580/366/550 3581/687/551
f 3582/727/2668 3583/726/2669 3584/609/2669
f 3585/710/2612 3586/711/2670 3587/684/2612
f 3586/711/2670 3588/433/2671 3587/684/2612
f 3589/687/1353 3590/366/914 3591/278/1353
f 3592/47/2129 3593/47/2379 3594/47/2672
f 3592/47/2129 3595/47/2673 3593/47/2379
f 3594/47/2672 3596/47/2674 3592/47/2129
f 3596/47/2674 3597/47/2130 3592/47/2129
f 3598/47/2675 3599/47/2676 3600/47/2400
f 3600/47/2400 3601/47/2402 3598/47/2675
f 3599/47/2676 3602/47/2594 3600/47/2400
f 3602/47/2594 3603/47/2677 3600/47/2400
f 3604/693/2678 3605/694/2678 3606/694/2678
f 3604/693/2678 3607/728/2678 3605/694/2678
f 3608/694/2679 3609/693/2680 3610/694/2679
f 3608/694/2679 3611/728/2679 3609/693/2680
f 3612/182/2681 661/72/476 665/172/480
f 3612/182/2681 665/172/480 3613/183/913
f 3612/182/2681 3613/183/913 3614/184/914
f 3615/185/914 3614/184/914 3613/183/913
f 3613/183/913 3616/186/1353 3615/185/914
f 3613/183/913 3617/187/1561 3616/186/1353
f 3618/632/914 3619/633/914 3614/184/914
f 3620/634/914 3621/110/2594 3619/633/914
f 3622/47/2682 3623/47/2663 3624/47/2683
f 3622/47/2682 3625/47/2663 3623/47/2663
f 3626/47/2669 3627/47/2684 3628/47/2685
f 3626/47/2669 3629/47/2669 3627/47/2684
f 3630/729/914 3631/730/914 3632/731/2686
f 3631/730/914 3633/732/914 3632/731/2686
f 3633/732/914 3634/733/914 3632/731/2686
f 3635/734/2594 3631/730/914 3630/729/914
f 3630/729/914 3636/735/914 3635/734/2594
f 3634/733/914 3637/736/914 3638/737/913
f 3639/738/914 3640/739/914 3641/740/914
f 3642/741/914 3641/740/914 3640/739/914
f 3643/431/914 3642/741/914 3640/739/914
f 3644/742/2513 3639/738/914 3641/740/914
f 3641/740/914 3645/743/2687 3644/742/2513
f 3639/738/914 3644/742/2513 3646/744/914
f 3644/742/2513 3647/745/2467 3646/744/914
f 3648/746/914 3639/738/914 3646/744/914
f 3649/747/1356 3650/748/1356 3646/744/1356
f 3651/367/914 3652/636/914 3653/637/914
f 3654/749/2519 3655/750/2520 3656/751/550
f 3657/460/550 3654/749/2519 3656/751/550
f 3658/476/551 3657/460/550 3656/751/550
f 3657/460/550 3659/293/550 3654/749/2519
f 3659/293/550 3660/298/2521 3654/749/2519
f 3657/460/550 3661/459/550 3659/293/550
f 3661/459/2405 3662/456/2405 3663/296/2405
f 3664/742/2523 3665/743/2688 3666/740/550
f 3667/738/550 3664/742/2523 3666/740/550
f 3668/739/550 3667/738/550 3666/740/550
f 3669/752/550 3670/753/551 3671/754/550
f 3672/755/550 3671/754/550 3670/753/551
f 3670/753/551 3673/756/551 3672/755/550
f 3669/752/550 3671/754/550 3674/742/2519
f 3671/754/550 3675/757/2521 3674/742/2519
f 3669/752/550 3674/742/2519 3676/758/550
f 3674/742/2519 3677/111/2688 3676/758/550
f 3678/759/551 3679/760/551 3676/758/550
f 3676/758/550 3680/761/2406 3678/759/551
f 3681/754/914 3682/755/914 3683/753/1353
f 3682/755/914 3684/756/1353 3683/753/1353
f 3683/753/1353 3685/752/914 3681/754/914
f 3685/752/914 3686/742/2517 3681/754/914
f 3687/758/914 3688/111/2687 3686/742/2517
f 3689/761/1353 3687/758/914 3690/760/914
f 3691/752/914 3692/760/1561 3693/758/914
f 3694/742/2517 3691/752/914 3693/758/914
f 3695/759/914 3696/761/1353 3692/760/914
f 3694/742/2517 3697/757/2516 3698/754/1354
f 3699/435/550 3700/434/2689 3701/389/550
f 3702/390/550 3699/435/550 3701/389/550
f 3703/375/551 3704/374/551 3705/373/551
f 3706/730/550 3707/729/550 3708/731/2374
f 3706/730/550 3709/734/2379 3707/729/550
f 3707/729/550 3709/734/2379 3710/735/551
f 3711/732/550 3706/730/550 3708/731/2374
f 3708/731/2374 3712/733/550 3711/732/550
f 3713/737/549 3714/736/550 3712/733/550
f 3715/738/550 3716/746/550 3717/744/550
f 3718/747/550 3717/744/550 3716/746/550
f 3715/738/550 3717/744/550 3719/742/2523
f 3717/744/550 3720/745/2465 3719/742/2523
f 3721/273/914 3722/275/914 3723/277/914
f 3724/293/914 3725/296/1356 3726/459/914
f 3726/459/914 3727/460/914 3724/293/914
f 3727/460/914 3728/749/2517 3724/293/914
f 3728/749/2517 3727/460/914 3729/751/914
f 3729/751/914 3730/750/2514 3728/749/2517
f 3731/762/914 3729/751/914 3732/476/1353
f 3733/763/914 3731/762/914 3732/476/1353
f 3734/460/914 3735/476/1353 3736/751/914
f 3737/427/551 3738/507/551 3739/428/551
f 3740/389/914 3741/434/914 3742/390/914
f 3743/381/550 3744/380/551 3745/376/550
f 3746/735/914 3747/764/2677 3748/734/2594
f 3749/733/914 3750/737/913 3751/731/2686
f 3752/748/914 3753/746/914 3754/744/914
f 3755/399/550 3756/395/550 3757/405/550
f 3758/751/550 3759/762/2405 3760/763/550
f 3760/763/550 3761/476/551 3758/751/550
f 3762/740/550 3763/741/2690 3764/431/551
f 3764/431/551 3765/739/2406 3762/740/550
f 3766/402/914 3767/405/914 3768/395/1353
f 3769/760/551 3770/752/550 3771/758/550
f 3772/734/2379 3773/764/2673 3774/735/2512
f 3775/731/2374 3776/737/549 3777/733/550
f 3778/296/550 3779/293/550 3780/459/550
f 3781/746/2406 3782/748/2406 3783/747/2406
f 3784/634/1561 3785/635/2443 3786/110/2594
f 3787/632/914 3784/634/914 3788/633/914
f 3789/185/914 3787/632/914 3790/184/914
f 3791/296/1356 3792/456/1356 3793/459/1356
f 3794/749/2517 3795/298/2516 3796/293/914
f 3797/277/550 3798/275/550 3799/273/550
f 3800/427/1353 3801/428/1353 3802/507/1353
f 3803/118/350 3804/537/2691 3805/119/2692
f 3803/118/350 3806/765/2693 3804/537/2691
f 3807/617/2694 3808/766/2695 3809/767/2696
f 3810/618/2697 3807/617/2694 3809/767/2696
f 3810/618/2697 3809/767/2696 3811/768/2698
f 3812/766/2699 3813/617/2700 3814/767/2701
f 3815/618/2702 3814/767/2701 3813/617/2700
f 3815/618/2702 3816/768/2703 3814/767/2701
f 3817/769/2704 3818/770/2705 3819/771/2706
f 3818/770/2705 3820/772/2707 3819/771/2706
f 3817/769/2704 3821/773/2708 3818/770/2705
f 3819/771/2706 3820/772/2707 3822/774/2709
f 3823/775/2710 3821/773/2708 3817/769/2704
f 3820/772/2707 3824/776/2711 3822/774/2709
f 3823/775/2710 3825/777/2712 3821/773/2708
f 3826/778/2713 3822/774/2709 3824/776/2711
f 3823/775/2710 3827/779/2714 3825/777/2712
f 3826/778/2713 3824/776/2711 3828/780/2715
f 3823/775/2710 3829/781/2716 3827/779/2714
f 3826/778/2713 3828/780/2715 3830/782/2717
f 3827/779/2714 3829/781/2716 3831/783/2718
f 3826/778/2713 3830/782/2717 3832/784/2719
f 3827/779/2714 3831/783/2718 3833/785/2720
f 3834/786/2721 3832/784/2719 3830/782/2717
f 3833/785/2720 3831/783/2718 3835/787/2722
f 3834/786/2721 3836/788/2723 3832/784/2719
f 3833/785/2720 3835/787/2722 3837/789/2724
f 3838/790/2725 3836/788/2723 3834/786/2721
f 3835/787/2722 3839/791/2726 3837/789/2724
f 3838/790/2725 3840/792/2727 3836/788/2723
f 3835/787/2722 3841/793/2728 3839/791/2726
f 3842/794/2729 3840/792/2727 3838/790/2725
f 3841/793/2728 3843/795/2730 3839/791/2726
f 3842/794/2729 3838/790/2725 3844/796/2731
f 3841/793/2728 3845/797/2732 3843/795/2730
f 3846/798/2733 3842/794/2729 3844/796/2731
f 3845/797/2732 3847/799/2734 3843/795/2730
f 3846/798/2733 3844/796/2731 3848/800/2735
f 3846/798/2733 3848/800/2735 3847/799/2734
f 3845/797/2732 3849/801/2736 3847/799/2734
f 3846/798/2733 3847/799/2734 3849/801/2736
f 3850/770/2737 3851/769/2738 3852/771/2739
f 3850/770/2737 3853/773/2740 3851/769/2738
f 3854/772/2741 3850/770/2737 3852/771/2739
f 3853/773/2740 3855/775/2742 3851/769/2738
f 3856/774/2743 3854/772/2741 3852/771/2739
f 3853/773/2740 3857/777/2744 3855/775/2742
f 3858/776/2745 3854/772/2741 3856/774/2743
f 3855/775/2742 3857/777/2744 3859/779/2746
f 3860/778/2747 3858/776/2745 3856/774/2743
f 3855/775/2742 3859/779/2746 3861/781/2748
f 3860/778/2747 3862/780/2749 3858/776/2745
f 3859/779/2746 3863/783/2750 3861/781/2748
f 3864/782/2751 3862/780/2749 3860/778/2747
f 3859/779/2746 3865/785/2752 3863/783/2750
f 3864/782/2751 3860/778/2747 3866/784/2753
f 3865/785/2752 3867/787/2754 3863/783/2750
f 3868/786/2755 3864/782/2751 3866/784/2753
f 3865/785/2752 3869/789/2756 3867/787/2754
f 3868/786/2755 3866/784/2753 3870/788/2757
f 3867/787/2754 3869/789/2756 3871/791/2758
f 3872/790/2759 3868/786/2755 3870/788/2757
f 3867/787/2754 3871/791/2758 3873/793/2760
f 3872/790/2759 3870/788/2757 3874/792/2761
f 3873/793/2760 3871/791/2758 3875/795/2762
f 3876/794/2763 3872/790/2759 3874/792/2761
f 3873/793/2760 3875/795/2762 3877/797/2764
f 3876/794/2763 3878/796/2765 3872/790/2759
f 3877/797/2764 3875/795/2762 3879/799/2766
f 3880/798/2767 3878/796/2765 3876/794/2763
f 3877/797/2764 3879/799/2766 3881/801/2768
f 3879/799/2766 3880/798/2767 3881/801/2768
f 3880/798/2767 3882/800/2769 3878/796/2765
f 3879/799/2766 3882/800/2769 3880/798/2767
f 3883/757/2685 3884/700/2770 3885/754/2771
f 3885/754/2771 3884/700/2770 3886/802/2772
f 3887/47/2703 3888/47/2773 3889/47/2774
f 3887/47/2703 3890/47/2702 3888/47/2773
f 3891/47/2775 3892/47/2698 3893/47/2776
f 3891/47/2775 3894/47/2697 3892/47/2698
f 3895/757/2777 3896/700/2778 3897/803/2682
f 3898/802/2779 3899/700/2778 3900/754/2780
f 3901/757/2683 3900/754/2780 3899/700/2778
f 3902/757/2781 3903/803/2684 3904/700/2770
f 3905/804/914 3906/805/914 3907/806/1478
f 3908/807/914 3905/804/914 3907/806/1478
f 3907/806/1478 3909/808/914 3908/807/914
f 3906/805/914 3910/809/914 3907/806/1478
f 3911/810/914 3910/809/914 3906/805/914
f 3906/805/914 3912/811/1561 3911/810/914
f 3910/809/914 3913/812/1478 3907/806/1478
f 3914/813/914 3907/806/1478 3913/812/1478
f 3915/814/1353 3914/813/914 3913/812/1478
f 3916/815/1353 3914/813/914 3915/814/1353
f 3915/814/1353 3917/816/1353 3916/815/1353
f 3918/817/914 3915/814/1353 3913/812/1478
f 3919/818/1353 3918/817/914 3913/812/1478
f 3913/812/1478 3920/819/1353 3919/818/1353
f 3921/806/1908 3922/809/551 3923/805/550
f 3922/809/551 3924/810/550 3923/805/550
f 3924/810/550 3925/811/550 3923/805/550
f 3923/805/550 3926/804/550 3921/806/1908
f 3926/804/550 3927/807/550 3921/806/1908
f 3927/807/550 3928/808/550 3921/806/1908
f 3929/812/1908 3922/809/551 3921/806/1908
f 3921/806/1908 3930/813/550 3929/812/1908
f 3929/812/1908 3930/813/550 3931/814/550
f 3930/813/550 3932/815/550 3931/814/550
f 3932/815/550 3933/816/550 3931/814/550
f 3931/814/550 3934/817/550 3929/812/1908
f 3934/817/550 3935/818/551 3929/812/1908
f 3935/818/551 3936/819/551 3929/812/1908
f 3937/741/2782 3938/698/2783 3939/820/2784
f 3940/431/2785 3937/741/2782 3939/820/2784
f 3937/741/2782 3941/740/2786 3938/698/2783
f 3942/743/2787 3938/698/2783 3941/740/2786
f 3942/743/2787 3943/701/2788 3938/698/2783
f 3944/628/2789 3945/657/2525 3946/821/2790
f 3944/628/2789 3947/626/2526 3945/657/2525
f 3948/624/2791 3949/659/2528 3945/657/2525
f 3950/658/2792 3948/624/2793 3951/623/2794
f 3952/282/1017 3950/658/2792 3951/623/2794
f 3952/282/1017 3951/623/2794 3953/625/2795
f 3954/280/1016 3952/282/1017 3953/625/2795
f 3955/623/2796 3956/282/1018 3957/625/2797
f 3956/282/1018 3958/280/1019 3957/625/2797
f 3955/623/2796 3959/658/2798 3956/282/1018
f 3960/624/2530 3959/658/2798 3955/623/2796
f 3960/624/2799 3961/657/2535 3962/659/2531
f 3963/628/2800 3961/657/2535 3964/626/2534
f 3963/628/2800 3965/821/2801 3961/657/2535
f 3966/698/2802 3967/743/2803 3968/740/2804
f 3966/698/2802 3969/701/2805 3967/743/2803
f 3970/609/2663 3971/727/2664 3972/611/2806
f 3971/727/2664 3973/613/2807 3972/611/2806
f 3971/727/2664 3974/822/2808 3973/613/2807
f 3974/822/2808 3975/612/2809 3973/613/2807
f 3974/822/2808 3976/823/2810 3975/612/2809
f 3977/612/2811 3978/822/2812 3979/613/2813
f 3977/612/2811 3980/823/2814 3978/822/2812
f 3979/613/2813 3978/822/2812 3981/727/2815
f 3979/613/2813 3981/727/2815 3982/611/2816
f 3981/727/2815 3983/609/2817 3982/611/2816
f 3984/76/2818 3985/76/2819 3986/76/2820
f 3987/76/2821 3986/76/2820 3985/76/2819
f 3984/76/2818 3988/76/2822 3985/76/2819
f 3989/76/2823 3988/76/2822 3984/76/2818
f 3989/76/2823 3990/76/2824 3988/76/2822
f 3987/76/2821 3985/76/2819 3991/76/2825
f 3992/76/2826 3987/76/2821 3991/76/2825
f 3992/76/2826 3991/76/2825 3993/76/2827
f 3994/439/2828 3995/435/2829 3996/438/2830
f 3995/435/2829 3997/392/1386 3996/438/2830
f 3995/435/2829 3998/390/2831 3997/392/1386
f 3999/824/914 4000/825/1353 4001/826/914
f 4001/826/914 4002/214/914 3999/824/914
f 4001/826/914 4003/212/914 4002/214/914
f 4004/827/1353 4001/826/914 4000/825/1353
f 4005/828/1353 4004/827/1353 4000/825/1353
f 4000/825/1353 4006/218/914 4005/828/1353
f 4007/824/550 4008/826/551 4009/825/551
f 4007/824/550 4010/214/550 4008/826/551
f 4010/214/550 4011/212/550 4008/826/551
f 4008/826/551 4012/827/551 4009/825/551
f 4012/827/551 4013/828/551 4009/825/551
f 4013/828/551 4014/218/551 4009/825/551
f 4015/130/551 4016/829/551 4017/830/551
f 4015/130/551 4018/130/551 4016/829/551
f 4019/829/1353 4020/130/1353 4021/830/1353
f 4019/829/1353 4022/130/1353 4020/130/1353
f 4023/831/2832 4024/380/2833 4025/381/2834
f 4023/831/2832 4026/410/2835 4024/380/2833
f 4027/380/2836 4028/831/2837 4029/381/2838
f 4027/380/2836 4030/410/2839 4028/831/2837
f 4031/698/2802 4032/741/2840 4033/820/2841
f 4033/820/2841 4032/741/2840 4034/431/2842
f 4031/698/2802 4035/740/2804 4032/741/2840
f 4036/76/2843 4037/76/2844 4038/76/2845
f 4037/76/2844 4039/76/2846 4038/76/2845
f 4036/76/2843 4040/76/2847 4037/76/2844
f 4041/76/2848 4040/76/2847 4036/76/2843
f 4041/76/2848 4042/76/2849 4040/76/2847
f 4037/76/2844 4043/76/2850 4039/76/2846
f 4043/76/2850 4044/76/2851 4039/76/2846
f 4043/76/2850 4045/76/2852 4044/76/2851
f 4046/71/1356 4047/71/914 4048/71/914
f 4049/71/914 4048/71/914 4047/71/914
f 4049/71/914 4047/71/914 4050/71/1561
f 4051/71/1357 4052/71/1356 4053/71/1357
f 4054/71/1353 4053/71/1353 4055/71/914
f 4056/71/914 4057/71/1353 4058/71/1353
f 4059/71/551 4060/71/550 4061/71/550
f 4061/71/550 4060/71/550 4062/71/550
f 4061/71/550 4062/71/550 4063/71/550
f 4064/71/914 4065/71/914 4066/71/914
f 4064/71/914 4067/71/914 4065/71/914
f 4068/71/1353 4064/71/914 4066/71/914
f 4069/71/550 4070/71/550 4071/71/550
f 4072/71/550 4069/71/550 4071/71/550
f 4072/71/550 4073/71/2406 4069/71/550
f 4074/71/550 4075/71/550 4076/71/550
f 4077/71/551 4078/71/550 4079/71/550
f 4077/71/551 4080/71/2512 4078/71/550
f 4081/71/551 4082/71/550 4080/71/551
f 4083/71/2690 4084/71/2690 4085/71/2690
f 4086/71/1353 4087/71/914 4088/71/1353
f 4089/71/914 4090/71/914 4091/71/914
f 4092/71/1353 4093/71/914 4094/71/914
f 4095/71/1807 4092/71/1807 4096/71/1807
f 4097/71/914 4098/71/914 4099/71/1353
f 4100/71/551 4101/71/551 4102/71/550
f 4103/71/550 4104/71/551 4105/71/550
f 4106/71/550 4107/71/550 4108/71/550
f 4109/694/2853 4110/728/2854 4111/832/2855
f 4109/694/2853 4112/694/2856 4110/728/2854
f 4109/694/2853 4111/832/2855 4113/728/2857
f 4109/694/2853 4113/728/2857 4114/694/2858
f 4115/833/2859 4116/629/2860 4117/302/2861
f 4118/301/2862 4115/833/2859 4117/302/2861
f 4119/834/2863 4120/545/2864 4116/629/2865
f 4121/67/2866 4122/66/115 4123/66/2866
f 4124/67/114 4125/66/2867 4122/66/115
f 4124/67/114 4126/67/2868 4125/66/2867
f 4125/66/2867 4126/67/2868 4127/835/1353
f 4128/240/1353 4125/66/2867 4127/835/1353
f 4127/835/1353 4129/231/914 4128/240/1353
f 4127/835/1353 4130/230/914 4129/231/914
f 4128/240/1353 4129/231/914 4131/242/914
f 4132/241/914 4131/242/914 4133/77/1353
f 4134/301/2869 4135/302/2870 4136/833/2871
f 4136/833/2871 4135/302/2870 4137/629/2872
f 4138/545/2873 4139/834/2874 4137/629/2875
f 4140/81/551 4141/265/550 4142/264/551
f 4143/71/550 4140/81/551 4142/264/551
f 4143/71/550 4144/71/550 4140/81/551
f 4140/81/551 4145/77/550 4141/265/550
f 4145/77/550 4146/241/550 4147/77/2407
f 4145/77/550 4148/242/550 4146/241/550
f 4148/242/550 4149/240/550 4146/241/550
f 4150/71/2554 4151/71/2556 4152/71/2876
f 4151/71/2556 4153/71/2877 4152/71/2876
f 4151/71/2556 4154/677/2878 4153/71/2877
f 4155/836/2879 4154/677/2880 4156/837/2881
f 4157/371/2882 4155/836/2879 4156/837/2881
f 4158/241/1356 4159/77/1357 4160/77/1357
f 4161/240/1353 4162/242/914 4158/241/914
f 4163/265/1353 4159/77/1353 4164/81/1353
f 4163/265/1353 4164/81/1353 4165/264/1353
f 4166/71/914 4165/264/1353 4164/81/1353
f 4167/71/914 4168/81/1353 4169/71/914
f 4170/835/550 4171/66/2883 4172/240/550
f 4170/835/550 4173/67/663 4171/66/2883
f 4172/240/550 4174/231/550 4170/835/550
f 4174/231/550 4175/230/550 4170/835/550
f 4176/242/550 4174/231/550 4172/240/550
f 4177/449/2884 4178/838/2885 4179/447/2886
f 4178/838/2885 4180/354/2887 4179/447/2886
f 4177/449/2884 4181/839/2888 4178/838/2885
f 4182/318/2889 4181/839/2888 4177/449/2884
f 4182/318/2889 4183/840/2890 4181/839/2888
f 4182/318/2889 4184/319/2891 4183/840/2890
f 4185/839/2892 4186/318/2893 4187/449/2894
f 4185/839/2892 4188/840/2895 4186/318/2893
f 4186/318/2893 4188/840/2895 4189/319/2896
f 4190/838/2897 4185/839/2892 4187/449/2894
f 4190/838/2897 4187/449/2894 4191/447/2898
f 4192/354/2899 4190/838/2897 4191/447/2898
f 4193/178/2900 4194/841/2901 4195/842/2902
f 4196/458/1734 4197/457/2903 4198/456/2904
f 4199/456/1627 4200/457/2905 4201/458/2906
f 4202/843/2907 4203/844/2908 4204/436/2909
f 4205/537/2910 4206/437/2908 4202/843/2911
f 4205/537/2910 4207/118/2912 4208/119/2913
f 4205/537/2910 4209/765/2914 4207/118/2912
f 4210/71/2915 4211/71/2916 4212/71/2917
f 4210/71/2915 4213/71/2918 4211/71/2916
f 4213/71/2918 4214/845/2919 4215/71/2920
f 4215/71/2920 4214/845/2919 4216/206/2921
f 4217/843/2922 4218/436/2923 4219/844/2924
f 4220/846/2925 4221/616/2926 4222/847/2927
f 4220/846/2925 4223/615/2928 4221/616/2926
f 4224/766/2929 4223/615/2928 4220/846/2925
f 4224/766/2929 4225/619/2930 4223/615/2928
f 4226/617/2694 4225/619/2930 4224/766/2929
f 4227/846/2931 4228/616/2932 4229/615/2933
f 4227/846/2931 4230/847/2934 4228/616/2932
f 4231/766/2935 4227/846/2931 4229/615/2933
f 4231/766/2935 4229/615/2933 4232/619/2936
f 4231/766/2935 4232/619/2936 4233/617/2700
f 4234/848/2937 4235/445/2938 4236/487/2939
f 4234/848/2937 4237/444/2940 4235/445/2938
f 4238/849/2941 4234/848/2937 4236/487/2939
f 4239/849/2942 4240/487/2943 4241/848/2944
f 4241/848/2944 4240/487/2943 4242/445/2945
f 4241/848/2944 4242/445/2945 4243/444/2946
f 4244/802/2947 4245/754/2780 4246/755/2948
f 4247/756/2949 4244/802/2947 4246/755/2948
f 4247/756/2949 4248/850/2950 4244/802/2947
f 4249/753/2951 4248/850/2950 4247/756/2949
f 4249/753/2951 4250/851/2952 4248/850/2950
f 4251/752/2953 4250/851/2952 4249/753/2951
f 4252/753/2954 4253/850/2955 4254/851/2956
f 4254/851/2956 4255/752/2957 4252/753/2954
f 4252/753/2954 4256/756/2958 4253/850/2955
f 4256/756/2958 4257/802/2959 4253/850/2955
f 4256/756/2958 4258/755/2960 4257/802/2959
f 4259/754/2771 4257/802/2959 4258/755/2960
f 4260/313/1160 4261/315/1162 4262/406/2961
f 4261/315/1162 4263/407/2962 4262/406/2961
f 4261/315/1162 4264/408/2963 4263/407/2962
f 4265/71/2964 4266/71/2965 4267/71/2966
f 4268/71/2967 4267/71/2966 4266/71/2965
f 4268/71/2967 4269/71/2966 4267/71/2966
f 4270/71/2968 4265/71/2964 4267/71/2966
f 4267/71/2966 4271/71/2969 4270/71/2968
f 4272/71/2970 4273/71/2971 4274/71/2972
f 4275/71/2973 4274/71/2972 4273/71/2971
f 4276/71/2974 4274/71/2972 4275/71/2973
f 4274/71/2972 4277/71/2975 4272/71/2970
f 4277/71/2975 4274/71/2972 4278/71/2972
f 4279/71/2976 4280/71/2977 4281/71/2978
f 4282/71/2979 4283/71/2980 4281/71/2981
f 4281/71/2981 4284/71/2982 4282/71/2979
f 4285/71/2983 4286/71/2984 4287/71/2985
f 4286/71/2984 4288/71/2986 4287/71/2985
f 4289/71/2987 4285/71/2983 4287/71/2985
f 4287/71/2985 4290/71/2988 4289/71/2987
f 4291/71/2989 4292/71/2989 4293/71/2989
f 4294/71/2990 4295/71/2990 4296/71/2990
f 4297/71/2991 4298/71/2992 4296/71/2991
f 4299/71/2993 4300/71/2994 4301/71/2995
f 4302/852/2996 4303/431/2997 4304/853/2998
f 4303/431/2997 4305/820/2784 4304/853/2998
f 4302/852/2996 4306/739/2999 4303/431/2997
f 4307/820/2841 4308/431/3000 4309/853/3001
f 4310/852/3002 4309/853/3001 4308/431/3000
f 4310/852/3002 4308/431/3000 4311/739/3003
f 4312/494/3004 4313/854/3005 4314/542/3006
f 4315/544/2873 4314/542/3006 4313/854/3005
f 4315/544/2873 4313/854/3005 4316/855/3007
f 4317/545/2873 4316/855/3007 4318/834/2874
f 4319/833/2871 4320/629/2872 4318/834/3008
f 4321/544/2864 4322/854/3009 4323/542/3010
f 4324/494/3011 4323/542/3010 4322/854/3009
f 4321/544/2864 4325/855/3012 4322/854/3009
f 4326/834/2863 4325/855/3012 4327/545/2864
f 4328/833/2859 4326/834/3013 4329/629/2860
f 4330/537/2691 4331/843/2922 4332/437/2924
f 4330/537/2691 4333/765/3014 4331/843/2922
f 4334/71/3015 4335/206/3016 4336/845/3017
f 4336/845/3017 4337/71/3018 4334/71/3015
f 4338/71/3019 4337/71/3020 4339/71/3021
f 4340/537/2910 4341/843/2911 4342/765/2914
f 4343/355/3022 4344/463/3023 4345/464/3024
f 4346/354/3025 4343/355/3022 4345/464/3024
f 4346/354/3025 4345/464/3024 4347/465/3026
f 4348/178/3027 4346/354/3025 4347/465/3026
f 4348/178/3027 4347/465/3026 4349/466/3028
f 4350/92/3029 4348/178/3027 4349/466/3028
f 4350/92/3029 4349/466/3028 4351/467/3030
f 4344/463/3023 4352/356/3031 4353/357/3032
f 4344/463/3023 4353/357/3032 4354/430/3033
f 4355/856/3034 4356/760/3035 4357/752/3036
f 4358/851/2956 4355/856/3034 4357/752/3036
f 4355/856/3034 4359/857/3037 4356/760/3035
f 4359/857/3037 4360/759/3038 4356/760/3035
f 4361/858/3039 4362/761/3040 4360/759/3041
f 4363/670/3042 4362/761/3040 4361/858/3039
f 4363/670/3042 4364/717/3043 4365/111/3043
f 4366/71/3019 4367/71/3044 4368/71/3045
f 4369/71/3046 4366/71/3019 4368/71/3045
f 4369/71/3046 4368/71/3045 4370/71/3047
f 4371/845/3048 4367/71/3021 4372/71/3018
f 4369/71/3049 4373/71/3050 4374/71/2916
f 4369/71/3049 4375/71/3051 4373/71/3050
f 4371/845/3052 4376/206/3053 4377/859/3054
f 4376/206/3053 4378/208/3055 4377/859/3054
f 4378/208/3055 4379/849/3056 4377/859/3054
f 4378/208/3055 4380/468/3057 4379/849/3056
f 4379/849/3056 4380/468/3057 4381/487/3058
f 4382/760/3059 4383/856/3060 4384/752/3061
f 4384/752/3061 4383/856/3060 4385/851/2952
f 4386/860/3062 4387/738/3063 4388/746/3064
f 4386/860/3062 4389/861/3065 4387/738/3063
f 4390/738/3066 4391/860/3067 4392/746/3068
f 4390/738/3066 4393/861/3069 4391/860/3067
f 4394/739/3070 4395/861/3071 4396/738/3071
f 4394/739/3070 4397/852/2996 4395/861/3071
f 4398/861/3072 4399/739/3073 4400/738/3074
f 4398/861/3072 4401/852/3002 4399/739/3073
f 4402/610/3075 4403/862/3076 4404/608/3077
f 4402/610/3075 4405/863/3078 4403/862/3076
f 4406/612/3079 4405/863/3078 4402/610/3075
f 4406/612/3079 4407/823/3079 4405/863/3078
f 4408/612/3080 4409/863/3081 4410/823/3080
f 4408/612/3080 4411/610/3082 4409/863/3081
f 4412/862/3083 4409/863/3081 4411/610/3082
f 4412/862/3083 4411/610/3082 4413/608/3083
f 4414/178/3084 4415/842/2827 4416/841/3085
f 4414/178/3084 4417/92/3086 4415/842/2827
f 4414/178/3084 4416/841/3085 4418/864/3087
f 4414/178/3084 4418/864/3087 4419/354/3088
f 4419/354/3088 4418/864/3087 4420/838/2897
f 4421/355/3022 4422/356/3089 4423/463/3023
f 4424/865/3090 4425/608/3091 4426/606/3092
f 4424/865/3090 4427/862/3091 4425/608/3091
f 4428/866/3093 4424/865/3090 4426/606/3092
f 4428/866/3093 4426/606/3092 4429/607/3094
f 4430/608/3095 4431/865/3096 4432/606/3097
f 4430/608/3095 4433/862/3098 4431/865/3096
f 4434/866/3099 4432/606/3097 4431/865/3096
f 4434/866/3099 4435/607/3100 4432/606/3097
f 4436/857/3101 4437/759/3102 4438/867/3103
f 4437/759/3102 4439/858/3104 4438/867/3103
f 4436/857/3101 4440/760/3059 4437/759/3102
f 4440/760/3059 4436/857/3101 4441/856/3105
f 4442/371/3106 4443/837/3107 4444/836/3108
f 4445/868/550 4446/869/550 4447/870/1908
f 4448/871/550 4445/868/550 4447/870/1908
f 4446/869/550 4449/872/550 4447/870/1908
f 4450/873/550 4448/871/550 4447/870/1908
f 4451/874/550 4447/870/1908 4449/872/550
f 4452/875/550 4451/874/550 4449/872/550
f 4453/876/550 4452/875/550 4449/872/550
f 4447/870/1908 4454/877/550 4450/873/550
f 4454/877/550 4455/878/550 4450/873/550
f 4454/877/550 4456/245/3109 4455/878/550
f 4456/245/3109 4457/257/3110 4455/878/550
f 4458/256/3111 4457/257/3110 4456/245/3109
f 4459/254/883 4458/256/3111 4460/245/885
f 4460/245/885 4461/244/3112 4462/243/883
f 4461/244/3112 4463/258/3112 4462/243/883
f 4464/879/3113 4465/602/3114 4466/603/3115
f 4467/880/3116 4464/879/3113 4466/603/3115
f 4464/879/3113 4468/881/3117 4465/602/3114
f 4465/602/3114 4468/881/3117 4469/882/3118
f 4470/599/3119 4467/880/3120 4471/600/3121
f 4472/601/3122 4469/882/3123 4473/883/3124
f 4472/601/3122 4473/883/3124 4474/620/3125
f 4474/620/3125 4473/883/3124 4475/847/2927
f 4474/620/3125 4475/847/2927 4476/616/3126
f 4477/880/3127 4478/599/3128 4479/600/3129
f 4480/603/3130 4477/880/3127 4479/600/3129
f 4480/603/3130 4481/879/3131 4477/880/3127
f 4482/602/3132 4481/879/3131 4480/603/3130
f 4482/602/3132 4483/881/3133 4481/879/3131
f 4482/602/3132 4484/882/3134 4483/881/3133
f 4485/883/3135 4484/882/3136 4486/601/3137
f 4485/883/3135 4486/601/3137 4487/620/3138
f 4488/847/2934 4485/883/3135 4487/620/3138
f 4488/847/2934 4487/620/3138 4489/616/3139
f 4490/178/2900 4491/842/2824 4492/92/3140
f 4493/864/3141 4494/841/3142 4490/178/3143
f 4493/864/3141 4490/178/3143 4495/354/3144
f 4496/838/2885 4493/864/3141 4495/354/3144
f 4497/649/3145 4498/884/3146 4499/885/3147
f 4500/886/3148 4497/649/3145 4499/885/3147
f 4501/628/2789 4502/821/3149 4498/884/3150
f 4501/628/2789 4498/884/3150 4503/630/3151
f 4504/884/3152 4505/649/3153 4506/885/3154
f 4507/886/3155 4506/885/3154 4505/649/3153
f 4504/884/3156 4508/821/3157 4509/628/2800
f 4504/884/3156 4509/628/2800 4510/630/3158
f 4511/377/3159 4512/887/3160 4513/376/3161
f 4512/887/3160 4514/381/3162 4513/376/3161
f 4512/887/3160 4515/831/3163 4514/381/3162
f 4511/377/3159 4516/888/3164 4512/887/3160
f 4511/377/3159 4517/371/3165 4516/888/3164
f 4517/371/3165 4518/836/3166 4516/888/3164
f 4518/836/3108 4519/837/3107 4520/677/2552
f 4518/836/3108 4520/677/2552 4521/71/2551
f 4522/887/3167 4523/377/3168 4524/376/3169
f 4525/381/3170 4522/887/3167 4524/376/3169
f 4525/381/3170 4526/831/3171 4522/887/3167
f 4522/887/3167 4527/888/3172 4523/377/3168
f 4523/377/3168 4527/888/3172 4528/371/2882
f 4528/371/2882 4527/888/3172 4529/836/3173
f 4529/836/3174 4530/71/2877 4531/677/2880
f 4532/849/3175 4533/208/3176 4534/859/3177
f 4535/206/3178 4534/859/3177 4533/208/3176
f 4536/845/3179 4534/859/3177 4535/206/3178
f 4532/849/3175 4537/468/3180 4533/208/3176
f 4532/849/3175 4538/487/3181 4537/468/3180
f 4539/71/2918 4540/71/3182 4536/845/3183
f 4541/58/550 4542/148/3184 4543/889/550
f 4541/58/550 4544/60/3185 4542/148/3184
f 4545/137/914 4546/890/914 4547/891/914
f 4548/890/550 4549/137/550 4550/891/550
f 4551/148/3186 4552/58/914 4553/889/3187
f 4551/148/3186 4554/60/3188 4552/58/914
f 4555/137/914 4556/138/914 4557/890/914
f 4558/890/2405 4559/138/2405 4560/137/2405
f 4561/602/3189 4562/882/3118 4563/601/3190
f 4564/602/3191 4565/601/3192 4566/882/3193
f 4567/23/2407 4568/21/2407 4569/892/2407
f 4570/23/1354 4571/892/1354 4572/21/1354
f 4573/873/914 4574/877/914 4575/870/1478
f 4573/873/914 4576/878/914 4574/877/914
f 4576/878/914 4577/245/3194 4574/877/914
f 4576/878/914 4578/257/3195 4577/245/3194
f 4579/871/1353 4573/873/914 4575/870/1478
f 4580/868/914 4579/871/1353 4575/870/1478
f 4581/869/914 4580/868/914 4575/870/1478
f 4582/872/914 4581/869/914 4575/870/1478
f 4575/870/1478 4583/874/914 4582/872/914
f 4584/875/914 4582/872/914 4583/874/914
f 4584/875/914 4585/876/914 4582/872/914
f 4586/604/3196 4587/893/3197 4588/894/3198
f 4589/604/3199 4590/894/3200 4591/893/3201
f 4592/385/3202 4593/895/3203 4594/896/3204
f 4592/385/3202 4594/896/3204 4595/387/3205
f 4593/895/3206 4596/71/3207 4597/71/3208
f 4598/858/3209 4599/759/3038 4600/867/3210
f 4601/857/3211 4600/867/3210 4599/759/3038
f 4602/880/3127 4603/897/3212 4604/599/3128
f 4605/744/3213 4606/898/3214 4607/747/3215
f 4608/748/3216 4607/747/3215 4606/898/3214
f 4605/744/3213 4609/689/3217 4606/898/3214
f 4610/745/3218 4609/689/3217 4605/744/3213
f 4610/745/3218 4611/899/3219 4609/689/3217
f 4608/748/3216 4606/898/3214 4612/900/3220
f 4613/746/3064 4608/748/3216 4612/900/3220
f 4613/746/3064 4612/900/3220 4614/860/3221
f 4615/746/3068 4616/900/3222 4617/748/3223
f 4615/746/3068 4618/860/3224 4616/900/3222
f 4617/748/3223 4616/900/3222 4619/898/3225
f 4617/748/3223 4619/898/3225 4620/747/3226
f 4619/898/3225 4621/744/3227 4620/747/3226
f 4619/898/3225 4622/689/3228 4621/744/3227
f 4623/745/3229 4621/744/3227 4622/689/3228
f 4623/745/3229 4622/689/3228 4624/899/3230
f 4625/47/3200 4626/47/3043 4627/47/3043
f 4625/47/3200 4628/47/3199 4626/47/3043
f 4629/47/3231 4630/47/3198 4631/47/3231
f 4629/47/3231 4632/47/3196 4630/47/3198
f 4633/47/3230 4634/47/3119 4635/47/3229
f 4633/47/3230 4636/47/3232 4634/47/3119
f 4637/880/3120 4638/603/3233 4639/600/3234
f 4640/599/3119 4641/897/3232 4637/880/3116
f 4642/47/3128 4643/47/3219 4644/47/3218
f 4642/47/3128 4645/47/3212 4643/47/3219
f 4646/761/3235 4647/670/3236 4648/858/3237
f 4649/759/3238 4646/761/3235 4648/858/3237
f 4650/111/3231 4651/717/3231 4647/670/3236
f 4652/901/3239 4653/605/3240 4654/893/3241
f 4655/604/3199 4654/893/3241 4653/605/3240
f 4652/901/3239 4656/614/3242 4653/605/3240
f 4652/901/3239 4657/607/3243 4656/614/3242
f 4652/901/3239 4658/866/3244 4657/607/3243
f 4659/901/3245 4660/607/3246 4661/866/3247
f 4659/901/3245 4662/614/3248 4660/607/3246
f 4663/605/3249 4662/614/3248 4659/901/3245
f 4663/605/3249 4659/901/3245 4664/893/3250
f 4665/604/3196 4663/605/3249 4664/893/3250
f 4666/111/3231 4667/670/3236 4668/758/3251
f 4669/761/3235 4668/758/3251 4667/670/3236
f 4670/670/3042 4671/111/3043 4672/758/3252
f 4670/670/3042 4672/758/3252 4673/761/3040
f 4674/36/3253 4675/36/3254 4676/36/3255
f 4677/76/3256 4678/76/3257 4679/76/3258
f 4680/76/3259 4679/76/3258 4678/76/3257
f 4677/76/3256 4681/76/3260 4678/76/3257
f 4682/76/3261 4681/76/3260 4677/76/3256
f 4682/76/3261 4683/76/3262 4681/76/3260
f 4680/76/3259 4678/76/3257 4684/76/3263
f 4685/76/3264 4680/76/3259 4684/76/3263
f 4685/76/3264 4684/76/3263 4686/76/3265
f 4687/902/3266 4688/903/3267 4689/92/3268
f 4690/92/3269 4691/903/3270 4692/902/3271
f 4693/439/3272 4694/435/1580 4695/434/3273
f 4696/904/3274 4693/439/3272 4695/434/3273
f 4696/904/3274 4695/434/3273 4697/389/3275
f 4698/902/3266 4699/92/3268 4700/353/3276
f 4701/905/3277 4698/902/3266 4700/353/3276
f 4702/92/3269 4703/902/3271 4704/353/3278
f 4704/353/3278 4703/902/3271 4705/905/3279
f 4706/906/3280 4707/907/3280 4708/233/3280
f 4708/233/3280 4709/236/3281 4706/906/3280
f 4709/236/3281 4710/908/3282 4706/906/3280
f 4711/909/3283 4709/236/3284 4712/238/3285
f 4713/233/3286 4714/907/3286 4715/906/3286
f 4716/236/3287 4713/233/3286 4715/906/3286
f 4717/908/3288 4716/236/3287 4715/906/3286
f 4718/909/3289 4719/238/3290 4716/236/3291
f 4720/71/3292 4721/385/3293 4722/895/3294
f 4723/71/3295 4720/71/3292 4722/895/3294
f 4724/462/1634 4725/763/3296 4726/476/3297
f 4727/460/3298 4724/462/1634 4726/476/3297
f 4724/462/1634 4728/910/3299 4725/763/3296
f 4729/911/3300 4725/763/3296 4728/910/3299
f 4729/911/3300 4730/762/3301 4725/763/3296
f 4731/718/3302 4730/762/3301 4729/911/3300
f 4731/718/3302 4732/751/3303 4730/762/3301
f 4731/718/3302 4733/750/3304 4732/751/3303
f 4731/718/3302 4734/757/3305 4733/750/3304
f 4735/387/3306 4736/904/3307 4737/896/3308
f 4738/385/3309 4735/387/3306 4737/896/3308
f 4738/385/3309 4737/896/3308 4739/895/3310
f 4735/387/3306 4740/389/3311 4736/904/3307
f 4736/904/3307 4740/389/3311 4741/434/3312
f 4736/904/3307 4741/434/3312 4742/439/3313
f 4742/439/3313 4741/434/3312 4743/435/2829
f 4744/71/3314 4739/895/3315 4745/71/3316
f 4745/71/3316 4746/71/3317 4744/71/3314
f 4745/71/3316 4747/71/2994 4746/71/3317
f 4748/71/3318 4746/71/3317 4747/71/2994
f 4748/71/2993 4749/71/3319 4750/71/3320
f 4748/71/2993 4750/71/3320 4751/71/3321
f 4752/71/3322 4751/71/3321 4750/71/3320
f 4752/71/3322 4753/71/3323 4751/71/3321
f 4754/895/3324 4755/71/3325 4753/71/3326
f 4755/71/3325 4754/895/3324 4756/385/3327
f 4757/912/3328 4758/650/3329 4759/886/3330
f 4759/886/3330 4758/650/3329 4760/649/3331
f 4761/631/3332 4757/912/3333 4762/913/3334
f 4760/649/3335 4763/630/3151 4764/884/3336
f 4765/914/3337 4766/408/3338 4767/407/3339
f 4765/914/3337 4768/558/3340 4766/408/3338
f 4765/914/3337 4769/470/3341 4768/558/3340
f 4770/470/3342 4771/914/3343 4772/558/3344
f 4773/408/3345 4772/558/3344 4771/914/3343
f 4773/408/3345 4771/914/3343 4774/407/3346
f 4775/631/3347 4776/912/3348 4777/648/3349
f 4775/631/3347 4778/913/3350 4776/912/3348
f 4776/912/3348 4779/650/3351 4777/648/3349
f 4776/912/3348 4780/886/3352 4779/650/3351
f 4780/886/3352 4781/649/3353 4779/650/3351
f 4782/884/3354 4783/630/3158 4781/649/3153
f 4784/905/3355 4785/353/3356 4786/470/3357
f 4787/914/3358 4784/905/3355 4786/470/3357
f 4788/353/3359 4789/905/3360 4790/470/3342
f 4790/470/3342 4789/905/3360 4791/914/3343
f 4792/36/3361 4793/36/3362 4794/36/3363
f 4793/36/3362 4795/36/3364 4794/36/3363
f 4795/36/3365 4796/36/3366 4797/36/3366
f 4792/36/3361 4798/36/3367 4793/36/3362
f 4793/36/3362 4798/36/3367 4799/36/3368
f 4793/36/3362 4799/36/3368 4800/36/3369
f 4801/36/3370 4799/36/3368 4798/36/3367
f 4801/36/3370 4798/36/3367 4802/36/3371
f 4800/36/3369 4799/36/3368 4803/36/3372
f 4801/36/3370 4803/36/3372 4799/36/3368
f 4800/36/3369 4803/36/3372 4804/36/550
f 4801/36/3370 4805/36/3373 4803/36/3372
f 4806/750/3374 4807/718/3375 4808/751/3376
f 4806/750/3374 4809/757/3377 4807/718/3375
f 4810/762/3378 4808/751/3376 4807/718/3375
f 4811/763/3379 4810/762/3380 4812/911/3381
f 4811/763/3379 4812/911/3381 4813/910/3382
f 4814/462/1739 4811/763/3379 4813/910/3382
f 4814/462/1739 4815/476/3383 4811/763/3379
f 4816/912/3328 4817/648/3384 4818/650/3329
f 4819/631/3385 4817/648/3384 4816/912/3328
f 4820/47/3377 4821/47/3385 4822/47/3386
f 4820/47/3377 4823/47/3374 4821/47/3385
f 4824/47/3305 4825/47/3347 4826/47/3304
f 4824/47/3305 4827/47/3387 4825/47/3347
f 4828/71/3388 4829/71/3389 4830/677/3390
f 4831/71/3391 4828/71/3388 4830/677/3390
f 4830/677/3390 4832/837/3392 4831/71/3391
f 4833/71/3393 4834/677/3393 4835/71/3394
f 4834/677/3393 4833/71/3393 4836/71/3395
f 4837/71/3396 4834/677/3394 4838/71/3397
f 4839/837/3398 4834/677/3394 4837/71/3396
f 4840/904/3399 4841/387/3205 4842/896/3400
f 4840/904/3399 4843/389/3401 4841/387/3205
f 4844/71/3402 4845/71/3390 4846/677/3402
f 4844/71/3402 4846/677/3402 4847/71/3403
f 4848/71/3404 4849/71/3404 4850/677/3404
f 4851/71/3405 4852/71/3406 4853/71/3405
f 4854/71/3407 4855/71/3407 4853/71/3407
f 4856/71/3408 4857/71/3408 4858/71/3408
f 4859/71/3409 4860/71/3410 4857/71/3411
f 4857/71/3411 4861/71/3412 4859/71/3409
f 4862/71/3413 4863/71/3414 4864/71/3415
f 4863/71/3414 4865/71/3415 4864/71/3415
f 4866/71/3416 4867/71/3417 4868/71/3418
f 4868/71/3418 4869/71/3419 4866/71/3416
f 4869/71/3419 4870/71/3420 4866/71/3416
f 4871/36/212 4872/36/212 4873/36/212
f 4873/36/212 4872/36/212 4874/36/212
f 4874/36/212 4875/36/212 4873/36/212
f 4875/36/212 4876/36/212 4873/36/212
f 4877/36/212 4876/36/212 4875/36/212
f 4875/36/212 4878/36/212 4877/36/212
f 4878/36/212 4879/36/212 4877/36/212
f 4880/36/212 4877/36/212 4879/36/212
f 4881/762/3380 4882/718/3421 4883/911/3422
f 4884/36/3423 4885/36/3424 4886/36/3425
f 4886/36/3425 4887/36/3426 4884/36/3423
f 4887/36/3426 4888/36/3427 4884/36/3423
f 4888/36/3427 4887/36/3426 4889/36/3428
f 4888/36/3427 4889/36/3428 4890/36/3429
f 4884/36/3423 4891/36/3430 4885/36/3424
f 4884/36/3423 4892/36/3431 4891/36/3430
f 4885/36/3424 4891/36/3430 4893/36/3432
f 4885/36/3424 4893/36/3432 4894/36/3433
f 4893/36/3432 4891/36/3430 4895/36/3434
f 4892/36/3253 4896/36/914 4895/36/3254
f 4893/36/3432 4895/36/3434 4897/36/3435
f 4898/36/3436 4899/36/3437 4900/36/3438
f 4901/646/3439 4902/645/3440 4903/540/3441
f 4904/647/3442 4901/646/3439 4903/540/3441
f 4905/338/3443 4904/647/3442 4906/337/3444
f 4907/36/3445 4908/36/3446 4909/36/3445
f 4907/36/3445 4910/36/3447 4908/36/3446
f 4911/36/3448 4908/36/3446 4910/36/3447
f 4911/36/3448 4912/36/3449 4908/36/3446
f 4913/36/3450 4914/36/948 4915/36/3450
f 4916/36/3450 4913/36/3450 4915/36/3450
f 4917/36/948 4918/36/948 4914/36/948
f 4914/36/948 4919/36/948 4917/36/948
f 4920/36/948 4921/36/948 4922/36/948
f 4923/36/948 4924/36/948 4925/36/948
f 4926/36/948 4923/36/948 4925/36/948
f 4927/36/3450 4928/36/948 4929/36/948
f 4929/36/948 4930/36/3450 4927/36/3450
f 4931/36/948 4932/36/948 4933/36/948
f 4933/36/948 4934/36/948 4931/36/948
f 4935/36/948 4931/36/948 4936/36/948
f 4936/36/948 4937/36/948 4935/36/948
f 4938/36/948 4939/36/3450 4940/36/948
f 4941/338/3451 4942/337/3452 4943/647/3453
f 4944/646/3454 4943/647/3453 4945/540/3455
f 4945/540/3455 4946/645/3456 4944/646/3454
f 4947/538/3457 4948/538/3458 4946/645/3456
f 4947/538/3457 4949/539/3459 4948/538/3458
f 4950/538/3460 4951/538/3461 4952/539/3462
f 4953/645/3440 4954/538/3460 4955/540/3441
f 4953/645/3440 4956/538/3463 4954/538/3460
f 4957/337/3444 4958/647/3442 4955/540/3441
f 4959/538/3457 4960/645/3456 4961/540/3455
f 4962/647/3453 4963/337/3452 4961/540/3455
f 4964/36/3464 4965/36/3465 4966/36/3466
f 4964/36/3464 4967/36/3467 4965/36/3465
f 4968/36/3468 4969/36/3468 4964/36/3464
f 4970/131/3469 4971/915/3470 4972/916/3471
f 4970/131/3469 4973/917/3472 4971/915/3470
f 4974/130/3473 4973/917/3472 4970/131/3469
f 4974/130/3473 4975/829/3474 4973/917/3472
f 4976/131/3475 4977/915/3476 4978/917/3477
f 4976/131/3475 4979/916/3471 4977/915/3476
f 4980/130/3478 4976/131/3475 4978/917/3477
f 4980/130/3478 4978/917/3477 4981/829/3479
f 4982/830/3480 4983/477/3481 4984/918/3482
f 4982/830/3480 4985/130/3480 4983/477/3481
f 4986/830/3483 4987/477/3484 4988/130/3483
f 4986/830/3483 4989/918/3485 4987/477/3484
f 4990/139/3486 4991/140/3487 4992/144/3487
f 4992/144/3487 4993/143/3488 4990/139/3486
f 4993/143/3488 4994/919/3487 4990/139/3486
f 4995/144/3488 4996/140/3487 4997/139/3487
f 4998/143/3487 4995/144/3488 4997/139/3487
f 4999/919/3489 4998/143/3487 4997/139/3487
f 5000/71/3490 5001/71/3490 5002/71/3490
f 5003/71/3490 5004/71/3491 5005/71/3492
f 5006/71/3493 5003/71/3490 5005/71/3492
f 5007/71/3494 5006/71/3493 5005/71/3492
f 5005/71/3492 5008/71/3495 5007/71/3494
f 5009/71/3496 5010/71/3496 5011/71/3496
f 5012/71/3496 5013/71/3493 5010/71/3497
f 5010/71/3497 5014/71/3498 5012/71/3496
f 5015/71/3493 5016/71/3499 5017/71/3497
f 5016/71/3499 5018/71/3500 5017/71/3497
f 5019/920/3501 5020/921/3502 5021/922/3503
f 5019/920/3501 5022/213/3504 5020/921/3502
f 5023/923/3505 5022/213/3504 5019/920/3501
f 5023/923/3505 5024/212/3506 5022/213/3504
f 5024/212/3506 5023/923/3505 5025/924/3507
f 5026/826/3508 5024/212/3506 5025/924/3507
f 5025/924/3507 5027/925/3508 5026/826/3508
f 5028/920/3509 5029/921/3502 5030/213/3510
f 5028/920/3509 5031/922/3503 5029/921/3502
f 5032/923/3505 5028/920/3509 5030/213/3510
f 5032/923/3505 5030/213/3510 5033/212/3511
f 5034/924/3512 5032/923/3505 5033/212/3511
f 5034/924/3512 5033/212/3511 5035/826/3505
f 5035/826/3505 5036/925/3506 5034/924/3512
f 5037/338/3513 5038/647/3514 5039/337/3444
f 5038/647/3442 5040/646/3515 5041/540/3441
f 5040/646/3515 5042/645/3440 5041/540/3441
f 5042/645/3440 5043/538/3463 5044/538/3460
f 5045/338/3516 5046/337/3452 5047/647/3517
f 5048/646/3518 5047/647/3453 5049/540/3455
f 5049/540/3455 5050/645/3456 5048/646/3518
f 5051/538/3457 5052/538/3458 5050/645/3456
f 5052/538/3458 5051/538/3457 5053/539/3459
f 5054/645/3440 5055/538/3460 5056/540/3441
f 5057/538/3461 5058/539/3462 5055/538/3460
f 5059/337/3444 5060/647/3442 5056/540/3441
f 5061/538/3457 5062/645/3456 5063/540/3455
f 5064/647/3453 5065/337/3452 5063/540/3455
f 5066/735/3519 5067/926/3520 5068/92/3500
f 5069/735/3519 5070/92/3521 5071/926/3520
f 5072/927/3522 5073/928/3523 5074/929/3524
f 5075/930/3522 5072/927/3522 5074/929/3524
f 5076/931/3525 5074/929/3524 5073/928/3523
f 5074/929/3524 5077/932/3522 5075/930/3522
f 5075/930/3522 5077/932/3522 5078/918/3526
f 5077/932/3522 5079/477/3522 5078/918/3526
f 5080/933/3527 5076/931/3525 5073/928/3523
f 5080/933/3527 5081/934/3528 5076/931/3525
f 5081/934/3528 5082/935/3529 5076/931/3525
f 5083/928/3530 5084/927/3522 5085/929/3531
f 5084/927/3522 5086/930/3522 5085/929/3531
f 5085/929/3531 5087/931/3532 5083/928/3530
f 5088/932/3522 5085/929/3531 5086/930/3522
f 5086/930/3522 5089/918/3533 5088/932/3522
f 5089/918/3533 5090/477/3522 5088/932/3522
f 5087/931/3532 5091/933/3532 5083/928/3530
f 5091/933/3532 5087/931/3532 5092/934/3528
f 5087/931/3532 5093/935/3497 5092/934/3528
f 5094/36/3534 5095/36/3535 5096/36/3536
f 5094/36/3534 5097/36/3537 5095/36/3535
f 5098/36/3538 5099/36/3539 5100/36/3538
f 5101/36/3540 5102/36/3541 5099/36/3542
f 5101/36/3540 5099/36/3542 5103/36/3543
f 5104/36/3544 5105/36/3545 5106/36/3546
f 5104/36/3544 5107/36/3547 5105/36/3545
f 5108/36/3548 5109/36/3549 5110/36/3550
f 5111/36/3364 5112/36/3366 5113/36/3363
f 5114/936/3551 5115/937/3552 5116/937/3553
f 5117/938/3554 5114/936/3551 5116/937/3553
f 5118/936/3555 5115/937/3556 5119/939/3556
f 5120/938/3557 5121/937/3558 5122/936/3559
f 5122/936/3559 5121/937/3558 5123/937/3560
f 5124/936/3561 5125/939/3562 5123/937/3562
f 5126/940/3563 5127/941/3564 5128/937/3565
f 5126/940/3563 5129/942/3566 5127/941/3564
f 5128/937/3567 5130/937/3568 5131/940/3568
f 5132/941/3569 5133/940/3570 5134/937/3571
f 5132/941/3569 5135/942/3572 5133/940/3570
f 5134/937/3571 5133/940/3570 5136/940/3573
f 5134/937/3571 5136/940/3573 5137/937/3573
f 5138/937/3567 5136/940/3568 5139/940/3563
f 5140/943/3574 5141/944/3575 5142/945/3576
f 5143/943/3577 5144/945/3578 5145/944/3579
f 5146/946/3580 5147/947/3581 5148/947/3582
f 5146/946/3580 5149/948/3583 5147/947/3581
f 5149/948/3583 5150/947/3584 5147/947/3581
f 5149/948/3583 5151/949/3585 5150/947/3584
f 5152/950/3586 5146/946/3580 5148/947/3582
f 5152/950/3586 5148/947/3582 5153/947/3587
f 5154/947/3588 5152/950/3586 5153/947/3587
f 5155/951/3589 5156/952/3590 5157/953/3589
f 5155/951/3589 5158/954/3591 5156/952/3590
f 5155/951/3589 5159/955/3592 5158/954/3591
f 5160/956/3593 5155/951/3589 5157/953/3589
f 5161/957/3594 5160/956/3593 5157/953/3589
f 5162/958/3595 5160/956/3593 5161/957/3594
f 5162/958/3595 5161/957/3594 5163/959/3596
f 5164/960/3597 5162/958/3595 5163/959/3596
f 5164/960/3597 5163/959/3596 5165/961/3598
f 5166/962/3599 5164/960/3597 5165/961/3598
f 5166/962/3599 5165/961/3598 5167/963/3600
f 5167/963/3600 5165/961/3598 5168/964/3601
f 5169/965/3602 5167/963/3600 5168/964/3601
f 5170/951/3592 5171/952/3590 5172/954/3603
f 5172/954/3603 5173/955/3604 5170/951/3592
f 5170/951/3592 5174/953/3592 5171/952/3590
f 5170/951/3592 5175/956/3605 5174/953/3592
f 5175/956/3605 5176/957/3606 5174/953/3592
f 5177/958/3607 5176/957/3606 5175/956/3605
f 5177/958/3607 5178/959/3608 5176/957/3606
f 5179/960/3609 5178/959/3608 5177/958/3607
f 5179/960/3609 5180/961/3610 5178/959/3608
f 5181/962/3611 5180/961/3610 5179/960/3609
f 5181/962/3611 5182/963/3612 5180/961/3610
f 5182/963/3612 5183/964/3613 5180/961/3610
f 5184/965/3614 5183/964/3613 5182/963/3612
f 5185/966/3615 5186/967/3616 5187/968/3617
f 5185/966/3615 5188/969/3618 5186/967/3616
f 5189/967/3619 5190/966/3615 5191/968/3620
f 5189/967/3619 5192/969/3621 5190/966/3615
f 5193/970/3622 5194/971/3623 5195/972/3624
f 5193/970/3622 5196/973/3625 5194/971/3623
f 5195/972/3624 5197/974/3626 5193/970/3622
f 5195/972/3624 5198/975/3627 5197/974/3626
f 5198/975/3627 5199/976/3628 5197/974/3626
f 5198/975/3627 5200/977/3629 5199/976/3628
f 5201/976/3630 5202/975/3627 5203/974/3631
f 5201/976/3630 5204/977/3629 5202/975/3627
f 5203/974/3631 5202/975/3627 5205/972/3624
f 5203/974/3631 5205/972/3624 5206/970/3632
f 5207/971/3633 5206/970/3632 5205/972/3624
f 5207/971/3633 5208/973/3634 5206/970/3632
f 5209/978/3635 5210/979/3575 5211/943/3636
f 5212/979/3579 5213/978/3637 5214/943/3638
f 5215/980/3639 5216/981/3640 5217/982/3641
f 5218/983/3642 5215/980/3639 5217/982/3641
f 5219/984/3643 5220/983/3643 5221/980/3644
f 5222/962/3645 5223/985/3643 5224/986/3646
f 5222/962/3645 5225/963/3643 5223/985/3643
f 5226/985/3647 5227/962/3648 5228/986/3646
f 5226/985/3647 5229/963/3649 5227/962/3648
f 5230/969/3650 5231/987/3651 5232/967/3652
f 5231/987/3651 5233/988/3653 5232/967/3652
f 5230/969/3650 5234/989/3654 5231/987/3651
f 5235/988/3655 5236/987/3656 5237/967/3657
f 5238/969/3658 5237/967/3657 5236/987/3656
f 5238/969/3658 5236/987/3656 5239/989/3654
f 5240/990/3659 5241/955/3660 5242/991/3661
f 5240/990/3659 5243/954/3662 5241/955/3660
f 5240/990/3659 5244/952/3663 5243/954/3662
f 5240/990/3659 5245/992/3663 5244/952/3663
f 5245/992/3663 5246/953/3664 5244/952/3663
f 5245/992/3663 5247/993/3665 5246/953/3664
f 5247/993/3665 5248/957/3666 5246/953/3664
f 5247/993/3665 5249/994/3667 5248/957/3666
f 5248/957/3666 5249/994/3667 5250/995/3668
f 5248/957/3666 5250/995/3668 5251/959/3669
f 5251/959/3669 5250/995/3668 5252/996/3670
f 5251/959/3669 5252/996/3670 5253/961/3671
f 5254/964/3672 5253/961/3671 5252/996/3670
f 5254/964/3672 5252/996/3670 5255/997/3673
f 5256/965/3674 5254/964/3672 5255/997/3673
f 5256/965/3674 5255/997/3673 5257/998/3675
f 5258/959/3676 5259/996/3677 5260/995/3678
f 5258/959/3676 5261/961/3679 5259/996/3677
f 5262/957/3680 5258/959/3676 5260/995/3678
f 5259/996/3677 5261/961/3679 5263/964/3681
f 5262/957/3680 5260/995/3678 5264/994/3682
f 5259/996/3677 5263/964/3681 5265/997/3683
f 5265/997/3683 5263/964/3681 5266/965/3684
f 5265/997/3683 5266/965/3684 5267/998/3685
f 5262/957/3680 5264/994/3682 5268/993/3686
f 5262/957/3680 5268/993/3686 5269/953/3687
f 5269/953/3687 5268/993/3686 5270/992/3688
f 5269/953/3687 5270/992/3688 5271/952/3688
f 5271/952/3688 5270/992/3688 5272/990/3689
f 5271/952/3688 5272/990/3689 5273/954/3690
f 5272/990/3689 5274/955/3691 5273/954/3690
f 5272/990/3689 5275/991/3692 5274/955/3691
f 5276/984/3693 5277/980/3694 5278/983/3695
f 5276/984/3693 5279/999/3696 5277/980/3694
f 5280/1000/3697 5277/980/3694 5279/999/3696
f 5280/1000/3697 5279/999/3696 5281/1001/3698
f 5281/1001/3698 5282/1002/3699 5280/1000/3697
f 5283/1003/3700 5282/1002/3699 5284/1004/3701
f 5285/1005/3702 5286/1006/3703 5283/1003/3704
f 5285/1005/3702 5287/1006/3705 5286/1006/3703
f 5288/1000/3706 5289/999/3707 5290/980/3644
f 5291/984/3708 5290/980/3644 5289/999/3707
f 5288/1000/3706 5292/1001/3709 5289/999/3707
f 5292/1001/3709 5288/1000/3706 5293/1002/3710
f 5293/1002/3710 5294/1003/3711 5295/1004/3712
f 5296/1006/3713 5297/1005/3714 5294/1003/3715
f 5296/1006/3713 5298/1006/3716 5297/1005/3714
f 5299/1007/3717 5300/1008/3718 5301/1009/3719
f 5301/1009/3719 5302/71/3719 5299/1007/3717
f 5303/1007/3720 5304/1010/3720 5305/71/3720
f 5306/71/3718 5307/1010/3718 5308/1007/3717
f 5309/71/3719 5306/71/3718 5308/1007/3717
f 5310/71/3721 5309/71/3722 5311/1007/3720
f 5309/71/3722 5312/1009/3723 5311/1007/3720
f 5312/1009/3723 5313/1008/3724 5311/1007/3720
f 5314/1011/3725 5315/1012/3655 5316/988/3655
f 5316/988/3655 5315/1012/3655 5317/987/3726
f 5314/1011/3725 5318/1013/3725 5315/1012/3655
f 5319/1014/3727 5320/1015/3728 5318/1013/3729
f 5321/1016/3730 5320/1015/3728 5319/1014/3727
f 5322/1014/3727 5323/1013/3731 5324/1011/3731
f 5325/1001/3732 5326/1002/3710 5327/1004/3712
f 5326/1002/3710 5328/1006/3733 5329/1003/3734
f 5330/1003/3735 5331/1006/3736 5332/1002/3699
f 5333/1001/3737 5334/1004/3701 5332/1002/3699
f 5335/1017/3738 5336/1018/3739 5337/1019/3740
f 5335/1017/3738 5338/1020/3741 5336/1018/3739
f 5337/1019/3740 5339/1021/3742 5335/1017/3738
f 5337/1019/3740 5340/1022/3743 5339/1021/3742
f 5340/1022/3743 5341/1023/3744 5339/1021/3742
f 5340/1022/3743 5342/947/3745 5341/1023/3744
f 5343/1017/3746 5344/1018/3747 5345/1020/3748
f 5343/1017/3746 5346/1019/3749 5344/1018/3747
f 5347/1021/3750 5346/1019/3749 5343/1017/3746
f 5347/1021/3750 5348/1022/3751 5346/1019/3749
f 5349/1023/3752 5348/1022/3751 5347/1021/3750
f 5349/1023/3752 5350/947/3753 5348/1022/3751
f 5351/1024/3754 5352/1025/3754 5353/1026/3755
f 5354/1026/3756 5355/1025/3757 5356/1024/3757
f 5357/938/3758 5358/1027/3759 5359/941/3760
f 5357/938/3758 5359/941/3760 5360/937/3558
f 5361/1028/3761 5358/1027/3759 5357/938/3758
f 5362/1029/3762 5358/1027/3759 5361/1028/3761
f 5361/1028/3761 5363/1030/3763 5362/1029/3762
f 5361/1028/3761 5364/1031/3763 5363/1030/3763
f 5365/1025/3757 5363/1030/3763 5364/1031/3763
f 5365/1025/3757 5364/1031/3763 5366/1024/3757
f 5367/1026/3756 5366/1024/3757 5368/978/3764
f 5369/979/3579 5367/1026/3756 5368/978/3764
f 5370/1029/3765 5371/1028/3766 5372/1027/3767
f 5373/1030/3768 5371/1028/3766 5370/1029/3765
f 5371/1028/3766 5374/938/3769 5372/1027/3767
f 5374/938/3769 5375/941/3770 5372/1027/3767
f 5374/938/3769 5376/937/3553 5375/941/3770
f 5373/1030/3768 5377/1031/3768 5371/1028/3766
f 5377/1031/3768 5373/1030/3768 5378/1025/3754
f 5377/1031/3768 5378/1025/3754 5379/1024/3754
f 5379/1024/3754 5380/1026/3755 5381/978/3635
f 5381/978/3635 5380/1026/3755 5382/979/3575
f 5383/1032/3771 5384/1033/3772 5385/1033/3773
f 5383/1032/3771 5386/1034/3772 5384/1033/3772
f 5386/1034/3772 5387/1033/3774 5384/1033/3772
f 5386/1034/3772 5388/1035/3775 5387/1033/3774
f 5389/978/3776 5390/1024/3777 5391/1036/3778
f 5392/1037/3779 5391/1036/3778 5390/1024/3777
f 5393/1038/3780 5392/1037/3779 5390/1024/3777
f 5394/1031/3781 5393/1038/3780 5390/1024/3777
f 5393/1038/3780 5394/1031/3781 5395/1028/3782
f 5396/1039/3782 5393/1038/3780 5395/1028/3782
f 5395/1028/3782 5397/1040/3782 5396/1039/3782
f 5398/1039/3783 5399/1028/3784 5400/1038/3784
f 5398/1039/3783 5401/1040/3785 5399/1028/3784
f 5399/1028/3784 5402/1031/3786 5400/1038/3784
f 5402/1031/3786 5403/1024/3786 5400/1038/3784
f 5404/1037/3784 5400/1038/3784 5403/1024/3786
f 5405/1036/3787 5404/1037/3784 5403/1024/3786
f 5403/1024/3786 5406/978/3788 5405/1036/3787
f 5407/1041/3789 5408/1042/3790 5409/1043/3791
f 5407/1041/3789 5410/1044/3792 5408/1042/3790
f 5411/1045/3793 5409/1043/3791 5408/1042/3790
f 5411/1045/3793 5412/1046/3794 5409/1043/3791
f 5413/1047/3795 5412/1046/3794 5411/1045/3793
f 5413/1047/3795 5411/1045/3793 5414/1048/3796
f 5413/1047/3795 5414/1048/3796 5415/1049/3797
f 5413/1047/3795 5415/1049/3797 5416/1050/3798
f 5416/1050/3798 5417/1051/3799 5413/1047/3795
f 5415/1049/3797 5418/1052/1478 5416/1050/3798
f 5416/1050/3798 5418/1052/1478 5419/1053/1478
f 5420/1054/1478 5416/1050/3798 5419/1053/1478
f 5421/1055/1478 5420/1054/1478 5419/1053/1478
f 5422/1056/1478 5420/1054/1478 5421/1055/1478
f 5423/1057/1478 5422/1056/1478 5421/1055/1478
f 5424/1058/1478 5422/1056/1478 5423/1057/1478
f 5425/1059/1478 5422/1056/1478 5424/1058/1478
f 5424/1058/1478 5426/1060/1478 5425/1059/1478
f 5427/1061/1478 5425/1059/1478 5426/1060/1478
f 5428/1062/3800 5425/1059/1478 5427/1061/1478
f 5429/1063/3801 5427/1061/1478 5426/1060/1478
f 5426/1060/1478 5430/1064/3802 5429/1063/3801
f 5429/1063/3801 5430/1064/3802 5431/1065/3803
f 5429/1063/3801 5431/1065/3803 5432/1066/3804
f 5432/1066/3804 5431/1065/3803 5433/1067/3805
f 5432/1066/3804 5433/1067/3805 5434/1068/3806
f 5434/1068/3806 5433/1067/3805 5410/1044/3792
f 5432/1066/3804 5434/1068/3806 5435/1069/3807
f 5434/1068/3806 5410/1044/3792 5407/1041/3789
f 5434/1068/3806 5436/1070/3808 5435/1069/3807
f 5434/1068/3806 5407/1041/3789 5436/1070/3808
f 5435/1069/3807 5436/1070/3808 5437/1071/3809
f 5409/1043/3791 5436/1070/3808 5407/1041/3789
f 5409/1043/3791 5438/1072/3810 5436/1070/3808
f 5409/1043/3791 5439/1073/3811 5438/1072/3810
f 5437/1071/3809 5436/1070/3808 5440/1074/3812
f 5436/1070/3808 5441/1075/3813 5440/1074/3812
f 5437/1071/3809 5440/1074/3812 5442/1076/3814
f 5443/1071/3815 5444/1076/3816 5445/1074/3817
f 5446/1070/3818 5443/1071/3815 5445/1074/3817
f 5447/1075/3819 5446/1070/3818 5445/1074/3817
f 5448/1069/3820 5443/1071/3815 5446/1070/3818
f 5446/1070/3818 5449/1068/3821 5448/1069/3820
f 5450/1066/3822 5448/1069/3820 5449/1068/3821
f 5450/1066/3822 5449/1068/3821 5451/1067/3823
f 5450/1066/3822 5451/1067/3823 5452/1065/3824
f 5453/1063/3825 5450/1066/3822 5452/1065/3824
f 5449/1068/3821 5454/1044/3826 5451/1067/3823
f 5453/1063/3825 5452/1065/3824 5455/1064/3827
f 5453/1063/3825 5455/1064/3827 5456/1060/1908
f 5457/1061/1908 5453/1063/3825 5456/1060/1908
f 5458/1059/1908 5457/1061/1908 5456/1060/1908
f 5458/1059/1908 5459/1062/3828 5457/1061/1908
f 5456/1060/1908 5460/1058/1908 5458/1059/1908
f 5461/1056/1908 5458/1059/1908 5460/1058/1908
f 5462/1057/1908 5461/1056/1908 5460/1058/1908
f 5462/1057/1908 5463/1055/1908 5461/1056/1908
f 5463/1055/1908 5464/1054/1908 5461/1056/1908
f 5463/1055/1908 5465/1053/1908 5464/1054/1908
f 5465/1053/1908 5466/1050/3829 5464/1054/1908
f 5465/1053/1908 5467/1052/1908 5466/1050/3829
f 5467/1052/1908 5468/1049/3830 5466/1050/3829
f 5469/1047/3831 5466/1050/3829 5468/1049/3830
f 5469/1047/3831 5470/1051/3832 5466/1050/3829
f 5471/1048/3833 5469/1047/3831 5468/1049/3830
f 5469/1047/3831 5471/1048/3833 5472/1045/3834
f 5469/1047/3831 5472/1045/3834 5473/1046/3835
f 5472/1045/3834 5474/1043/3836 5473/1046/3835
f 5472/1045/3834 5475/1042/3837 5474/1043/3836
f 5474/1043/3836 5476/1072/3838 5477/1073/3839
f 5474/1043/3836 5446/1070/3818 5476/1072/3838
f 5478/1041/3840 5474/1043/3836 5475/1042/3837
f 5474/1043/3836 5478/1041/3840 5446/1070/3818
f 5478/1041/3840 5475/1042/3837 5454/1044/3826
f 5446/1070/3818 5478/1041/3840 5449/1068/3821
f 5449/1068/3821 5478/1041/3840 5454/1044/3826
f 5479/1036/3782 5480/943/3782 5481/978/3782
f 5482/978/3841 5483/943/3841 5484/1036/3841
f 5485/1005/3702 5486/1077/3842 5487/1006/3843
f 5485/1005/3702 5488/1078/3844 5486/1077/3842
f 5489/1079/3845 5490/1080/3846 5491/1081/3847
f 5492/1082/3848 5491/1081/3847 5490/1080/3846
f 5492/1082/3848 5493/1083/3849 5491/1081/3847
f 5489/1079/3845 5494/1084/3850 5490/1080/3846
f 5494/1084/3850 5489/1079/3845 5495/1085/3851
f 5494/1084/3850 5495/1085/3851 5496/1086/3852
f 5497/947/3853 5498/1023/3854 5499/1023/3855
f 5497/947/3853 5500/947/3856 5498/1023/3854
f 5501/1023/3857 5502/947/3858 5503/1023/3859
f 5501/1023/3857 5504/947/3860 5502/947/3858
f 5505/1087/3861 5506/1077/3862 5507/1077/3863
f 5507/1077/3863 5508/1088/3864 5505/1087/3861
f 5505/1087/3861 5509/1089/3865 5506/1077/3862
f 5510/1090/3866 5506/1077/3862 5509/1089/3865
f 5510/1090/3866 5511/1077/3866 5506/1077/3862
f 5512/1091/3867 5513/1092/3868 5508/1088/3869
f 5512/1091/3867 5514/1016/3868 5513/1092/3868
f 5515/1015/3870 5513/1092/3868 5514/1016/3868
f 5515/1015/3870 5514/1016/3868 5516/1014/3871
f 5517/1013/3872 5515/1015/3870 5516/1014/3871
f 5517/1013/3872 5516/1014/3871 5518/1011/3873
f 5519/1012/3653 5517/1013/3872 5518/1011/3873
f 5519/1012/3653 5518/1011/3873 5520/988/3653
f 5521/987/3874 5519/1012/3653 5520/988/3653
f 5522/981/3875 5523/1093/3876 5524/1094/3876
f 5522/981/3875 5525/1095/3877 5523/1093/3876
f 5526/1096/3878 5525/1095/3877 5522/981/3875
f 5526/1096/3878 5522/981/3875 5527/982/3879
f 5528/981/3880 5529/1096/3881 5530/982/3882
f 5528/981/3880 5531/1095/3883 5529/1096/3881
f 5528/981/3880 5532/1093/3884 5531/1095/3883
f 5528/981/3880 5533/1094/3884 5532/1093/3884
f 5534/947/3885 5535/946/3886 5536/947/3887
f 5534/947/3885 5537/948/3888 5535/946/3886
f 5537/948/3888 5534/947/3885 5538/947/3889
f 5537/948/3888 5538/947/3889 5539/949/3890
f 5540/950/3891 5536/947/3887 5535/946/3886
f 5540/950/3891 5541/947/3892 5536/947/3887
f 5542/947/3893 5541/947/3892 5540/950/3891
f 5543/1023/3894 5542/947/3893 5540/950/3891
f 5543/1023/3894 5540/950/3891 5544/1023/3895
f 5545/947/3856 5542/947/3893 5543/1023/3894
f 5545/947/3856 5543/1023/3894 5546/1023/3856
f 5547/1000/3896 5548/1094/3897 5549/981/3898
f 5550/980/3899 5547/1000/3896 5549/981/3898
f 5547/1000/3896 5551/1002/3900 5548/1094/3897
f 5548/1094/3897 5551/1002/3900 5552/1006/3901
f 5548/1094/3897 5552/1006/3901 5553/1097/3902
f 5554/1006/3903 5553/1097/3902 5552/1006/3901
f 5554/1006/3903 5555/1077/3904 5553/1097/3902
f 5554/1006/3903 5556/1077/3905 5555/1077/3904
f 5557/1077/3906 5555/1077/3904 5556/1077/3905
f 5558/1023/3907 5559/947/3860 5560/1023/3860
f 5558/1023/3907 5561/947/3908 5559/947/3860
f 5558/1023/3907 5562/950/3586 5561/947/3908
f 5558/1023/3907 5563/1023/3909 5562/950/3586
f 5564/1078/3910 5565/1077/3911 5566/1098/3911
f 5567/1077/3912 5566/1098/3911 5565/1077/3911
f 5568/1005/3714 5569/1077/3913 5564/1078/3914
f 5568/1005/3714 5570/1006/3915 5569/1077/3913
f 5571/1077/3916 5572/1099/3917 5573/1090/3918
f 5571/1077/3916 5574/1077/3919 5572/1099/3917
f 5574/1077/3919 5575/1098/3920 5572/1099/3917
f 5573/1090/3918 5576/1077/3921 5571/1077/3916
f 5573/1090/3918 5577/1089/3922 5576/1077/3921
f 5576/1077/3921 5577/1089/3922 5578/1087/3923
f 5579/1078/3844 5575/1098/3924 5580/1077/3920
f 5579/1078/3844 5580/1077/3920 5581/1077/3842
f 5582/1088/3925 5583/1077/3926 5578/1087/3923
f 5582/1088/3925 5584/1091/3927 5583/1077/3926
f 5585/1092/3928 5584/1091/3927 5582/1088/3925
f 5585/1092/3928 5586/1016/3730 5584/1091/3927
f 5586/1016/3730 5585/1092/3928 5587/1015/3728
f 5588/999/3929 5589/1001/3930 5590/1100/3931
f 5591/1004/3930 5590/1100/3931 5589/1001/3930
f 5591/1004/3930 5592/1003/3930 5590/1100/3931
f 5590/1100/3931 5593/1100/3932 5594/984/3932
f 5595/984/3933 5596/1100/3932 5597/1100/3934
f 5598/1001/3935 5599/999/3936 5597/1100/3934
f 5600/1004/3935 5598/1001/3935 5597/1100/3934
f 5601/1003/3929 5600/1004/3935 5597/1100/3934
f 5602/1005/3931 5601/1003/3929 5597/1100/3934
f 5603/1078/3914 5604/1077/3913 5605/1077/3911
f 5606/1101/3937 5607/1102/3938 5608/1103/3939
f 5606/1101/3937 5609/1104/3940 5607/1102/3938
f 5610/1105/3941 5606/1101/3937 5608/1103/3939
f 5609/1104/3940 5611/1106/3942 5607/1102/3938
f 5610/1105/3941 5608/1103/3939 5612/1107/3943
f 5609/1104/3940 5613/1108/3944 5611/1106/3942
f 5614/1109/3945 5610/1105/3941 5612/1107/3943
f 5615/1110/3946 5611/1106/3942 5613/1108/3944
f 5615/1110/3946 5616/1111/3947 5611/1106/3942
f 5616/1111/3947 5615/1110/3946 5617/1110/3948
f 5614/1109/3945 5612/1107/3943 5618/1112/3949
f 5619/1113/3950 5614/1109/3945 5618/1112/3949
f 5619/1113/3950 5618/1112/3949 5620/1114/3951
f 5617/1110/3948 5621/1079/3952 5622/1085/3953
f 5617/1110/3948 5623/1115/3954 5621/1079/3952
f 5623/1115/3954 5624/1081/3955 5621/1079/3952
f 5623/1115/3954 5625/1116/3956 5624/1081/3955
f 5625/1116/3956 5626/1083/3957 5624/1081/3955
f 5625/1116/3956 5627/1117/3958 5626/1083/3957
f 5628/987/3959 5629/989/3960 5630/1118/3961
f 5631/1012/3962 5632/1013/3959 5633/1118/3961
f 5634/987/3963 5631/1012/3962 5633/1118/3961
f 5635/1079/3964 5636/1110/3965 5637/1085/3966
f 5635/1079/3964 5638/1115/3967 5636/1110/3965
f 5638/1115/3967 5635/1079/3964 5639/1081/3968
f 5638/1115/3967 5639/1081/3968 5640/1116/3969
f 5641/1083/3970 5640/1116/3969 5639/1081/3968
f 5641/1083/3970 5642/1117/3971 5640/1116/3969
f 5643/1111/3972 5636/1110/3965 5644/1110/3973
f 5645/1106/3974 5643/1111/3972 5644/1110/3973
f 5645/1106/3974 5644/1110/3973 5646/1108/3975
f 5647/1104/3976 5645/1106/3974 5646/1108/3975
f 5647/1104/3976 5648/1102/3977 5645/1106/3974
f 5649/1101/3978 5648/1102/3977 5647/1104/3976
f 5649/1101/3978 5650/1103/3979 5648/1102/3977
f 5651/1105/3980 5650/1103/3979 5649/1101/3978
f 5651/1105/3980 5652/1107/3981 5650/1103/3979
f 5653/1109/3982 5652/1107/3981 5651/1105/3980
f 5653/1109/3982 5654/1112/3983 5652/1107/3981
f 5655/1113/3984 5654/1112/3983 5653/1109/3982
f 5655/1113/3984 5656/1114/3985 5654/1112/3983
f 5657/1077/3986 5658/1087/3923 5659/1077/3926
f 5660/1119/3987 5661/1120/3988 5662/1121/3989
f 5660/1119/3987 5663/1122/3990 5661/1120/3988
f 5661/1120/3988 5664/1123/3991 5662/1121/3989
f 5661/1120/3988 5665/1124/3992 5664/1123/3991
f 5665/1124/3992 5666/1125/3993 5664/1123/3991
f 5665/1124/3992 5667/1126/3994 5666/1125/3993
f 5668/1119/3995 5669/1120/3996 5670/1122/3997
f 5668/1119/3995 5671/1121/3998 5669/1120/3996
f 5672/1123/3999 5669/1120/3996 5671/1121/3998
f 5672/1123/3999 5673/1124/4000 5669/1120/3996
f 5674/1125/4001 5673/1124/4000 5672/1123/3999
f 5674/1125/4001 5675/1126/4002 5673/1124/4000
f 5676/1077/3863 5677/1091/3867 5678/1088/3864
f 5679/1100/4003 5680/1098/4004 5681/1078/4005
f 5679/1100/4003 5682/1100/4004 5680/1098/4004
f 5683/1100/3934 5679/1100/4003 5681/1078/4005
f 5683/1100/3934 5681/1078/4005 5684/1005/3931
f 5685/999/3936 5686/984/3936 5683/1100/3934
f 5687/1077/3866 5688/1099/4006 5689/1077/3912
f 5689/1077/3912 5688/1099/4006 5690/1098/4007
f 5687/1077/3866 5691/1090/3866 5688/1099/4006
f 5692/1100/4008 5693/1098/4008 5694/1099/4009
f 5695/1077/4010 5696/1077/3920 5697/1098/3920
f 5698/1081/4011 5699/1082/4012 5700/1080/4013
f 5698/1081/4011 5701/1083/4014 5699/1082/4012
f 5702/1079/4015 5698/1081/4011 5700/1080/4013
f 5702/1079/4015 5700/1080/4013 5703/1084/4016
f 5704/1085/4017 5702/1079/4015 5703/1084/4016
f 5704/1085/4017 5703/1084/4016 5705/1086/4018
f 5706/1111/4019 5705/1086/4020 5707/1086/4019
f 5708/1106/4021 5706/1111/4019 5707/1086/4019
f 5708/1106/4021 5707/1086/4019 5709/1127/4022
f 5710/1102/4023 5708/1106/4021 5709/1127/4022
f 5710/1102/4023 5709/1127/4022 5711/1128/4024
f 5712/1103/4025 5710/1102/4023 5711/1128/4024
f 5712/1103/4025 5711/1128/4024 5713/1129/4026
f 5712/1103/4025 5713/1129/4026 5714/1130/4027
f 5712/1103/4025 5714/1130/4027 5715/1107/4028
f 5715/1107/4028 5714/1130/4027 5716/1131/4029
f 5715/1107/4028 5716/1131/4029 5717/1112/4030
f 5717/1112/4030 5716/1131/4029 5718/1132/4031
f 5717/1112/4030 5718/1132/4031 5719/1114/4032
f 5720/1132/4033 5719/1114/4032 5718/1132/4031
f 5721/1126/4034 5720/1132/4035 5722/1133/4036
f 5721/1126/4034 5722/1133/4036 5723/1124/4037
f 5723/1124/4037 5722/1133/4036 5724/1134/4038
f 5723/1124/4037 5724/1134/4038 5725/1120/4039
f 5725/1120/4039 5724/1134/4038 5726/1135/4012
f 5725/1120/4039 5726/1135/4012 5727/1122/4040
f 5728/1077/4041 5729/1077/4042 5730/1077/4043
f 5728/1077/4041 5731/1077/4044 5729/1077/4042
f 5732/1077/4045 5731/1077/4044 5728/1077/4041
f 5733/1091/4046 5729/1077/4047 5734/1062/3800
f 5733/1091/4046 5734/1062/3800 5735/1061/1478
f 5736/1077/4048 5737/1077/4049 5732/1077/4050
f 5736/1077/4048 5738/1077/4051 5737/1077/4049
f 5739/1077/4052 5738/1077/4051 5736/1077/4048
f 5739/1077/4052 5740/1077/4053 5738/1077/4051
f 5741/1077/4054 5742/1077/4055 5740/1077/4053
f 5742/1077/4055 5741/1077/4054 5743/1006/4056
f 5742/1077/4055 5743/1006/4056 5744/1097/4057
f 5743/1006/4056 5745/1006/4058 5744/1097/4057
f 5746/1094/4059 5744/1097/4057 5745/1006/4058
f 5746/1094/4059 5745/1006/4058 5747/1002/4060
f 5746/1094/4059 5747/1002/4060 5748/1000/4061
f 5746/1094/4059 5748/1000/4061 5749/981/4062
f 5749/981/4062 5748/1000/4061 5750/980/4063
f 5749/981/4062 5750/980/4063 5751/982/4064
f 5752/983/4065 5751/982/4064 5750/980/4063
f 5753/1062/3828 5754/1091/4066 5755/1061/1908
f 5756/1111/3947 5757/1110/3948 5758/1085/4067
f 5759/1111/3972 5760/1085/4068 5761/1110/3965
f 5762/71/4069 5763/1136/4070 5764/1137/4071
f 5764/1137/4072 5765/1138/4073 5766/1139/4074
f 5767/71/4075 5762/71/4069 5764/1137/4071
f 5768/1140/4076 5767/71/4075 5764/1137/4071
f 5769/1137/4077 5763/1136/4070 5762/71/4069
f 5762/71/4069 5770/71/4078 5769/1137/4077
f 5770/71/4078 5771/1140/4079 5769/1137/4077
f 5771/1140/4079 5772/1141/4080 5769/1137/4077
f 5772/1141/4080 5773/1139/4081 5769/1137/4077
f 5773/1139/4081 5774/1138/4082 5769/1137/4077
f 5775/1100/4009 5776/1090/4083 5777/1100/4084
f 5776/1090/4083 5778/1100/4085 5777/1100/4084
f 5775/1100/4009 5779/1099/4009 5776/1090/4083
f 5780/1100/4086 5779/1099/4009 5775/1100/4009
f 5776/1090/4083 5781/1089/4087 5778/1100/4085
f 5781/1089/4087 5782/1100/4088 5778/1100/4085
f 5781/1089/4087 5783/1087/4089 5782/1100/4088
f 5783/1087/4089 5784/1100/4090 5782/1100/4088
f 5783/1087/4089 5785/1088/4091 5784/1100/4090
f 5784/1100/4090 5785/1088/4091 5786/1092/4092
f 5784/1100/4090 5786/1092/4092 5787/1142/4093
f 5787/1142/4093 5786/1092/4092 5788/1015/3961
f 5787/1142/4093 5788/1015/3961 5789/1118/4094
f 5789/1118/4094 5788/1015/3961 5790/1013/3962
f 5790/1013/3962 5791/1012/3960 5789/1118/4094
f 5791/1012/3960 5792/987/3959 5789/1118/4094
f 5793/1100/4095 5794/1098/4004 5780/1100/4096
f 5793/1100/4095 5795/1078/4097 5794/1098/4004
f 5795/1078/4097 5793/1100/4095 5796/1100/3931
f 5795/1078/4097 5796/1100/3931 5797/1005/3934
f 5798/1003/3936 5797/1005/3934 5796/1100/3931
f 5799/984/3929 5800/999/3929 5796/1100/3931
f 5787/1142/4098 5801/1118/3961 5802/1015/3961
f 5803/1013/4099 5802/1015/3961 5801/1118/3961
f 5787/1142/4098 5802/1015/3961 5804/1092/4092
f 5801/1118/3961 5805/989/3960 5806/987/3960
f 5807/1100/4090 5787/1142/4098 5804/1092/4092
f 5807/1100/4090 5804/1092/4092 5808/1088/4100
f 5807/1100/4090 5808/1088/4100 5809/1087/4089
f 5807/1100/4090 5809/1087/4089 5810/1100/4089
f 5810/1100/4089 5809/1087/4089 5811/1089/4101
f 5810/1100/4089 5811/1089/4101 5812/1100/4102
f 5812/1100/4102 5811/1089/4101 5813/1090/4083
f 5812/1100/4102 5813/1090/4083 5814/1100/4103
f 5815/1100/4009 5814/1100/4103 5813/1090/4083
f 5815/1100/4009 5813/1090/4083 5816/1099/4104
f 5817/1100/4004 5815/1100/4009 5816/1099/4104
f 5817/1100/4004 5816/1099/4104 5818/1098/4008
f 5819/1139/4105 5820/1141/4106 5821/1137/4072
f 5820/1141/4106 5822/1140/4107 5821/1137/4072
f 5823/1077/4108 5824/1077/4109 5825/1077/4110
f 5826/1091/4111 5823/1077/4108 5825/1077/4110
f 5826/1091/4111 5459/1062/4112 5823/1077/4108
f 5827/1077/4113 5828/1077/4114 5824/1077/4109
f 5827/1077/4113 5829/1077/4115 5828/1077/4114
f 5829/1077/4115 5830/1077/4116 5828/1077/4114
f 5829/1077/4115 5831/1077/4117 5830/1077/4116
f 5831/1077/4118 5832/1077/3906 5833/1077/4119
f 5832/1077/3906 5834/1077/3905 5833/1077/4119
f 5835/1077/4120 5836/1077/4121 5837/1077/4044
f 5838/1077/4122 5839/1077/4113 5840/1077/4109
f 5841/1077/4054 5842/1077/4053 5843/1077/4123
f 5844/1091/4124 5845/1077/4125 5846/1077/4126
f 5847/1126/4127 5848/1113/4128 5849/1125/3993
f 5847/1126/4127 5850/1114/4129 5848/1113/4128
f 5851/1126/4130 5852/1113/3950 5853/1114/4131
f 5851/1126/4130 5854/1125/4001 5852/1113/3950
f 5855/1143/4132 5856/1033/4133 5857/1144/4134
f 5855/1143/4132 5858/1145/4135 5856/1033/4133
f 5859/1146/4136 5858/1145/4135 5855/1143/4132
f 5859/1146/4136 5860/1147/4136 5858/1145/4135
f 5861/1077/4118 5862/1077/4137 5863/1077/4116
f 5864/1033/4138 5865/1144/4139 5866/1033/4133
f 5867/1148/4140 5864/1033/4141 5868/1033/4142
f 5868/1033/4143 5869/1033/4144 5870/1149/4144
f 5871/1033/4145 5870/1149/4144 5869/1033/4144
f 5872/1032/4146 5871/1033/4146 5873/1033/4147
f 5872/1032/4146 5873/1033/4147 5874/1034/4147
f 5875/1033/4148 5874/1034/4147 5873/1033/4147
f 5875/1033/4148 5876/1035/4148 5874/1034/4147
f 5877/1150/4149 5878/1151/4150 5879/1152/4151
f 5878/1151/4150 5877/1150/4149 5880/995/4152
f 5880/995/4152 5877/1150/4149 5881/1153/4153
f 5880/995/4152 5881/1153/4153 5882/994/4154
f 5878/1151/4150 5880/995/4152 5883/996/4155
f 5878/1151/4150 5883/996/4155 5884/997/4156
f 5878/1151/4150 5884/997/4156 5885/1154/4157
f 5879/1152/4151 5878/1151/4150 5885/1154/4157
f 5885/1154/4157 5884/997/4156 5886/998/4158
f 5885/1154/4157 5886/998/4158 5887/1155/4159
f 5888/1156/4160 5885/1154/4157 5887/1155/4159
f 5879/1152/4151 5885/1154/4157 5888/1156/4160
f 5888/1156/4160 5887/1155/4159 5889/1157/4161
f 5890/993/4162 5882/994/4154 5891/1158/4153
f 5891/1158/4153 5892/1159/4163 5890/993/4162
f 5891/1158/4153 5893/1160/4164 5892/1159/4163
f 5890/993/4162 5892/1159/4163 5894/1161/4165
f 5895/1162/4149 5893/1160/4164 5891/1158/4153
f 5890/993/4162 5894/1161/4165 5896/992/4166
f 5895/1162/4149 5897/1163/4167 5893/1160/4164
f 5897/1163/4167 5895/1162/4149 5879/1152/4168
f 5894/1161/4165 5898/990/4169 5896/992/4166
f 5897/1163/4167 5879/1152/4168 5899/1164/4170
f 5894/1161/4165 5900/1165/4171 5898/990/4169
f 5901/991/4172 5898/990/4169 5900/1165/4171
f 5901/991/4172 5900/1165/4171 5902/1166/4173
f 5899/1164/4170 5879/1152/4168 5903/1167/4174
f 5899/1164/4170 5903/1167/4174 5904/1168/4175
f 5904/1168/4175 5903/1167/4174 5889/1157/4176
f 5905/1169/4177 5899/1164/4170 5904/1168/4175
f 5904/1168/4175 5889/1157/4176 5906/1170/4178
f 5905/1169/4177 5904/1168/4175 5906/1170/4178
f 5905/1169/4177 5906/1170/4178 5907/1171/4179
f 5908/1033/4180 5909/1148/4181 5910/1033/4182
f 5911/1149/4183 5912/1033/4183 5910/1033/4184
f 5908/1033/4180 5913/1033/4185 5914/1144/4186
f 5915/1172/4187 5916/1094/3876 5917/1093/3876
f 5915/1172/4187 5918/1097/4187 5916/1094/3876
f 5919/1167/4188 5920/1164/4189 5921/1168/4190
f 5921/1168/4190 5922/1157/4191 5919/1167/4188
f 5919/1167/4188 5923/1152/4192 5920/1164/4189
f 5921/1168/4190 5924/1170/4193 5922/1157/4191
f 5925/1169/4194 5924/1170/4193 5921/1168/4190
f 5925/1169/4194 5921/1168/4190 5920/1164/4189
f 5925/1169/4194 5926/1171/4195 5924/1170/4193
f 5923/1152/4192 5927/1163/4196 5920/1164/4189
f 5923/1152/4192 5928/1162/4197 5927/1163/4196
f 5929/1160/4198 5927/1163/4196 5928/1162/4197
f 5929/1160/4198 5928/1162/4197 5930/1158/4199
f 5931/1159/4200 5929/1160/4198 5930/1158/4199
f 5932/993/4201 5931/1159/4200 5930/1158/4199
f 5930/1158/4199 5933/994/4202 5932/993/4201
f 5932/993/4201 5934/1161/4203 5931/1159/4200
f 5932/993/4201 5935/992/4204 5934/1161/4203
f 5936/990/4205 5934/1161/4203 5935/992/4204
f 5936/990/4205 5937/1165/4206 5934/1161/4203
f 5938/991/4207 5937/1165/4206 5936/990/4205
f 5938/991/4207 5939/1166/4208 5937/1165/4206
f 5940/1086/4209 5941/1111/4210 5942/1086/4210
f 5940/1086/4209 5943/1085/4211 5941/1111/4210
f 5944/1111/4212 5945/1085/4213 5946/1086/4020
f 5947/1173/4214 5948/1174/4215 5949/1174/4214
f 5948/1174/4215 5950/1175/4215 5951/1173/4216
f 5952/1176/4217 5953/1174/4216 5951/1173/4216
f 5952/1176/4217 5954/1177/4218 5953/1174/4216
f 5955/1146/4219 5954/1177/4218 5952/1176/4217
f 5955/1146/4219 5956/1147/4219 5954/1177/4218
f 5955/1146/4219 5957/1145/4220 5956/1147/4219
f 5955/1146/4219 5958/1143/4221 5957/1145/4220
f 5958/1143/4221 5959/1033/4185 5957/1145/4220
f 5958/1143/4221 5960/1144/4222 5959/1033/4185
f 5961/1033/4180 5960/1144/4186 5962/1178/4223
f 5961/1033/4180 5962/1178/4223 5963/1148/4181
f 5964/1149/4183 5965/1033/4184 5963/1148/4224
f 5966/1033/3773 5967/1033/4183 5964/1149/4183
f 5966/1033/3773 5964/1149/4183 5968/1032/4225
f 5969/1077/4226 5970/1179/4227 5971/1180/4228
f 5971/1180/4228 5972/1077/4229 5969/1077/4226
f 5971/1180/4228 5973/1181/4230 5972/1077/4229
f 5974/1077/4231 5972/1077/4229 5973/1181/4230
f 5974/1077/4231 5973/1181/4230 5975/1182/4232
f 5975/1182/4232 5976/1077/4233 5974/1077/4231
f 5977/1177/4234 5860/1147/4136 5859/1146/4136
f 5977/1177/4234 5859/1146/4136 5978/1176/4235
f 5979/1174/4214 5977/1177/4234 5978/1176/4235
f 5979/1174/4214 5978/1176/4235 5980/1173/4214
f 5980/1173/4214 5981/1175/4215 5982/1174/4215
f 5982/1174/4236 5983/1173/4216 5984/1174/4216
f 5985/1033/4141 5986/1178/4141 5857/1144/4139
f 5987/1148/4140 5986/1178/4141 5985/1033/4141
f 5988/1033/4143 5989/1149/4237 5987/1148/4238
f 5990/1033/4145 5991/1032/4145 5989/1149/4144
f 5992/995/4239 5933/994/4202 5993/1153/4199
f 5992/995/4239 5993/1153/4199 5994/1150/4197
f 5992/995/4239 5994/1150/4197 5995/1151/4240
f 5992/995/4239 5995/1151/4240 5996/996/4241
f 5994/1150/4197 5923/1152/4242 5995/1151/4240
f 5997/997/4243 5996/996/4241 5995/1151/4240
f 5998/1154/4244 5995/1151/4240 5923/1152/4242
f 5997/997/4243 5995/1151/4240 5998/1154/4244
f 5998/1154/4244 5999/998/4245 5997/997/4243
f 5998/1154/4244 5923/1152/4242 6000/1156/4246
f 5998/1154/4244 6001/1155/4247 5999/998/4245
f 6000/1156/4246 6001/1155/4247 5998/1154/4244
f 6000/1156/4246 5922/1157/4191 6001/1155/4247
f 6002/1077/4248 6003/1179/4249 6004/1062/4250
f 6005/1183/4251 6004/1062/4250 6003/1179/4249
f 6006/1180/4252 6002/1077/4253 6007/1077/4254
f 6006/1180/4252 6007/1077/4254 6008/1181/4255
f 6009/1077/4256 6008/1181/4255 6007/1077/4254
f 6010/1077/4257 6011/1184/4258 6012/1185/4257
f 6010/1077/4257 6013/1077/4258 6011/1184/4258
f 6014/1097/4259 6012/1185/4260 6015/1172/4261
f 6015/1172/4261 6016/1094/3884 6014/1097/4259
f 6015/1172/4261 6017/1093/3884 6016/1094/3884
f 6018/1077/4248 6019/1180/4252 6020/1179/4249
f 6021/1097/4262 6022/1185/4263 6023/1077/4263
f 6021/1097/4262 6024/1172/4262 6022/1185/4263
f 6025/1077/4264 6026/1182/4265 6027/1181/4266
f 6026/1182/4265 6025/1077/4264 6028/1077/4267
f 6029/1097/4268 6030/1077/4269 6031/1185/4269
f 6032/1059/4270 6033/1186/4271 6034/1056/4272
f 6035/1054/4273 6034/1056/4272 6033/1186/4271
f 6032/1059/4270 6036/1183/4274 6033/1186/4271
f 6036/1183/4274 6032/1059/4270 6037/1062/4250
f 6035/1054/4273 6033/1186/4271 6038/1187/4273
f 6038/1187/4273 6039/1050/4275 6035/1054/4273
f 6038/1187/4273 6040/1188/4275 6039/1050/4275
f 6041/1189/4276 6039/1050/4275 6040/1188/4275
f 6042/1183/4277 6043/1062/4278 6044/1059/4279
f 6044/1059/4279 6045/1186/4280 6042/1183/4277
f 6044/1059/4279 6046/1056/4281 6045/1186/4280
f 6045/1186/4280 6046/1056/4281 6047/1054/4282
f 6045/1186/4280 6047/1054/4282 6048/1187/4282
f 6049/1050/4283 6048/1187/4282 6047/1054/4282
f 6049/1050/4283 6050/1188/4283 6048/1187/4282
f 6051/1189/4284 6050/1188/4283 6049/1050/4283
f 6052/1182/4265 6053/1077/4267 6054/1190/4285
f 6055/1077/4226 6056/1062/4278 6057/1179/4227
f 6058/1183/4286 6057/1179/4227 6056/1062/4278
f 6059/1182/4232 6060/1190/4287 6061/1077/4233
f 6062/1077/4288 6063/1184/4289 6064/1077/4289
f 6062/1077/4288 6065/1185/4288 6063/1184/4289
f 6066/1191/4290 6067/1192/4289 6068/1193/4289
f 6066/1191/4290 6069/1194/4291 6067/1192/4289
f 6070/1191/4292 6071/1192/4258 6072/1194/4293
f 6070/1191/4292 6073/1193/4258 6071/1192/4258
f 6074/1095/4294 6075/1195/4295 6076/1096/4158
f 6074/1095/4294 6077/1093/4296 6075/1195/4295
f 6078/1196/4297 6079/1197/4298 6080/1198/4299
f 6078/1196/4297 6081/1199/4298 6079/1197/4298
f 6082/970/4300 6083/974/4300 6084/1200/4300
f 6085/1197/4301 6086/1196/4302 6087/1198/4303
f 6085/1197/4301 6088/1199/4304 6086/1196/4302
f 6089/970/4305 6090/1200/4305 6091/974/4305
f 6092/1201/4306 6093/1202/4307 6094/1203/4299
f 6092/1201/4306 6095/1204/4307 6093/1202/4307
f 6096/1201/4308 6097/1202/4309 6098/1204/4309
f 6096/1201/4308 6099/1203/4304 6097/1202/4309
f 6100/1100/4310 6101/1181/4311 6102/1100/4312
f 6100/1100/4310 6103/1180/4313 6101/1181/4311
f 6104/1100/4314 6103/1180/4313 6100/1100/4310
f 6105/1100/4315 6106/1179/4316 6104/1100/4317
f 6105/1100/4315 6107/1183/4318 6106/1179/4316
f 6102/1100/4319 6108/1182/4320 6109/1100/4321
f 6108/1182/4320 6110/1100/4322 6109/1100/4321
f 6108/1182/4320 6111/1190/4323 6110/1100/4322
f 6112/1205/4324 6110/1100/4322 6111/1190/4323
f 6113/1132/4325 6114/1114/4326 6115/1126/4327
f 6116/1132/4033 6117/1126/4328 6118/1114/4329
f 6119/1183/4330 6120/1206/4331 6121/1100/4332
f 6119/1183/4330 6122/1186/4331 6120/1206/4331
f 6123/1187/4333 6120/1206/4331 6122/1186/4331
f 6123/1187/4333 6124/1207/4334 6120/1206/4331
f 6125/1188/4335 6124/1207/4334 6123/1187/4333
f 6125/1188/4335 6126/1208/4336 6124/1207/4334
f 6126/1208/4336 6125/1188/4335 6127/1189/4337
f 6126/1208/4336 6127/1189/4337 6128/1209/4338
f 6121/1100/4339 6129/1100/4340 6130/1179/4341
f 6129/1100/4340 6131/1180/4342 6130/1179/4341
f 6129/1100/4340 6132/1100/4343 6131/1180/4342
f 6132/1100/4343 6133/1181/4344 6131/1180/4342
f 6132/1100/4343 6134/1100/4345 6133/1181/4344
f 6134/1100/4345 6135/1182/4346 6133/1181/4344
f 6134/1100/4345 6136/1100/4347 6135/1182/4346
f 6137/1210/74 6138/1211/74 6139/1212/4348
f 6140/1213/4349 6137/1210/74 6139/1212/4348
f 6141/1214/4349 6140/1213/4349 6139/1212/4348
f 6142/1215/4350 6143/1034/66 6138/1211/4351
f 6142/1215/4350 6144/1032/4352 6143/1034/66
f 6145/1216/4353 6144/1032/4352 6142/1215/4350
f 6145/1216/4353 6146/1149/66 6144/1032/4352
f 6145/1216/4353 6147/1148/66 6146/1149/66
f 6145/1216/4353 6148/1217/4354 6147/1148/66
f 6147/1148/66 6148/1217/4354 6149/1218/4355
f 6150/1178/4356 6147/1148/66 6149/1218/4355
f 6149/1218/4355 6151/1219/4357 6150/1178/4356
f 6152/1220/4358 6151/1219/4357 6149/1218/4355
f 6152/1220/4358 6153/1221/4359 6151/1219/4357
f 6150/1178/4356 6151/1219/4357 6154/1222/4360
f 6150/1178/4356 6154/1222/4360 6155/1144/4351
f 6155/1144/4351 6154/1222/4360 6156/1143/4350
f 6154/1222/4360 6157/1223/4351 6156/1143/4350
f 6156/1143/4350 6157/1223/4351 6158/1146/66
f 6159/1176/4352 6158/1146/66 6157/1223/4351
f 6157/1223/4351 6160/1224/4351 6159/1176/4352
f 6160/1224/4351 6161/1173/4349 6159/1176/4352
f 6160/1224/4351 6162/1175/4356 6161/1173/4349
f 6160/1224/4351 6163/1225/4361 6162/1175/4356
f 6164/1212/4362 6165/1211/4363 6166/1210/77
f 6166/1210/77 6167/1213/4356 6164/1212/4362
f 6167/1213/4356 6168/1214/4352 6164/1212/4362
f 6169/1215/4364 6165/1211/4365 6170/1034/4366
f 6169/1215/4364 6170/1034/4366 6171/1032/4367
f 6171/1032/4367 6172/1216/4368 6169/1215/4364
f 6171/1032/4367 6173/1149/4366 6172/1216/4368
f 6172/1216/4368 6173/1149/4366 6174/1148/4365
f 6172/1216/4368 6174/1148/4365 6175/1217/4369
f 6175/1217/4369 6174/1148/4365 6176/1218/4337
f 6174/1148/4365 6177/1178/4367 6176/1218/4337
f 6177/1178/4367 6178/1219/4370 6176/1218/4337
f 6178/1219/4370 6179/1220/4338 6176/1218/4337
f 6178/1219/4370 6180/1221/4359 6179/1220/4338
f 6177/1178/4367 6181/1222/4371 6178/1219/4370
f 6177/1178/4367 6182/1144/4365 6181/1222/4371
f 6181/1222/4371 6182/1144/4365 6183/1143/4372
f 6184/1223/4373 6181/1222/4371 6183/1143/4372
f 6183/1143/4372 6185/1146/4366 6184/1223/4373
f 6185/1146/4366 6186/1176/4374 6184/1223/4373
f 6184/1223/4373 6186/1176/4374 6187/1224/4365
f 6186/1176/4374 6188/1173/4365 6187/1224/4365
f 6188/1173/4365 6189/1175/4349 6187/1224/4365
f 6189/1175/4349 6190/1225/4351 6187/1224/4365
f 6191/1212/4367 6192/1034/4365 6193/1211/4375
f 6191/1212/4367 6194/1035/4373 6192/1034/4365
f 6195/1034/4351 6196/1212/4352 6197/1211/74
f 6195/1034/4351 6198/1035/4356 6196/1212/4352
f 6199/1100/4319 6200/1181/4376 6201/1182/4320
f 6202/1195/4247 6203/1095/4294 6204/1096/4245
f 6202/1195/4247 6205/1093/4377 6203/1095/4294
f 6205/1093/4378 6206/1226/4191 6207/1172/4379
f 6207/1172/4380 6208/1227/4381 6209/1185/4382
f 6210/1100/4383 6211/1179/4384 6212/1180/4313
f 6213/1100/4385 6214/1182/4346 6215/1100/4347
f 6213/1100/4385 6216/1190/4386 6214/1182/4346
f 6213/1100/4385 6217/1205/4387 6216/1190/4386
f 6218/1093/4378 6219/1195/4388 6220/1226/4191
f 6221/1205/4389 6222/1228/4390 6223/1100/4391
f 6224/1100/4392 6225/1228/4393 6226/1205/4394
f 6227/1229/4395 6228/1193/4396 6229/1191/4397
f 6230/1229/4398 6231/1191/4399 6232/1193/4400
f 6233/1184/4401 6234/1227/4402 6235/1185/4403
f 6233/1184/4401 6236/1230/4404 6234/1227/4402
f 6234/1227/4402 6237/1172/4405 6235/1185/4403
f 6234/1227/4402 6238/1231/4176 6237/1172/4405
f 6239/1226/4161 6240/1093/4406 6237/1172/4407
f 6239/1226/4161 6241/1195/4408 6240/1093/4406
f 6242/1100/4332 6243/1179/4409 6244/1183/4410
f 6245/1232/4411 6246/1233/4412 6247/1234/4413
f 6246/1233/4412 6248/1235/4371 6247/1234/4413
f 6246/1233/4412 6249/1236/4414 6248/1235/4371
f 6245/1232/4411 6250/1237/4411 6246/1233/4412
f 6250/1237/4411 6245/1232/4411 6251/1238/4415
f 6250/1237/4411 6251/1238/4415 6252/1239/4415
f 6253/1240/4416 6252/1239/4415 6251/1238/4415
f 6253/1240/4416 6254/1241/4416 6252/1239/4415
f 6255/1242/4417 6254/1241/4416 6253/1240/4416
f 6255/1242/4417 6256/1243/4418 6254/1241/4416
f 6256/1243/4418 6255/1242/4417 6257/1244/4419
f 6256/1243/4418 6257/1244/4419 6258/1245/4420
f 6259/1246/4421 6258/1245/4420 6257/1244/4419
f 6259/1246/4421 6260/1247/4422 6258/1245/4420
f 6259/1246/4421 6261/1248/4423 6260/1247/4422
f 6259/1246/4421 6262/1229/4424 6261/1248/4423
f 6261/1248/4423 6262/1229/4424 6263/1191/4425
f 6264/1227/4381 6265/1184/4426 6266/1185/4382
f 6264/1227/4381 6267/1230/4427 6265/1184/4426
f 6268/1172/4380 6269/1231/4191 6264/1227/4381
f 6270/1207/4428 6271/1188/4429 6272/1187/4430
f 6270/1207/4428 6273/1208/4431 6271/1188/4429
f 6274/1189/4355 6271/1188/4429 6273/1208/4431
f 6274/1189/4355 6273/1208/4431 6275/1209/4338
f 6276/1206/4432 6270/1207/4428 6272/1187/4430
f 6276/1206/4432 6272/1187/4430 6277/1186/4432
f 6278/1183/4433 6276/1206/4432 6277/1186/4432
f 6278/1183/4433 6279/1100/4315 6276/1206/4432
f 6280/1249/4307 6281/1010/4434 6282/1250/4435
f 6280/1249/4307 6283/1251/4436 6281/1010/4434
f 6284/1249/4309 6285/1010/4437 6286/1251/4438
f 6284/1249/4309 6287/1250/4439 6285/1010/4437
f 6288/1140/4440 6289/1010/4441 6290/1252/4442
f 6288/1140/4440 6291/71/4440 6289/1010/4441
f 6292/1140/4443 6293/1010/4444 6294/71/4443
f 6292/1140/4443 6295/1252/4445 6293/1010/4444
f 6296/1106/4446 6297/1086/4447 6298/1111/4447
f 6296/1106/4446 6299/1127/4448 6297/1086/4447
f 6300/1102/4449 6299/1127/4448 6296/1106/4446
f 6300/1102/4449 6301/1128/4450 6299/1127/4448
f 6302/1103/4451 6301/1128/4450 6300/1102/4449
f 6302/1103/4451 6303/1129/4452 6301/1128/4450
f 6304/1130/4453 6303/1129/4452 6302/1103/4451
f 6304/1130/4453 6302/1103/4451 6305/1107/4454
f 6306/1131/4455 6304/1130/4453 6305/1107/4454
f 6306/1131/4455 6305/1107/4454 6307/1112/4456
f 6308/1132/4457 6306/1131/4455 6307/1112/4456
f 6308/1132/4457 6307/1112/4456 6309/1114/4458
f 6310/1132/4459 6308/1132/4457 6309/1114/4458
f 6311/1133/4460 6310/1132/4461 6312/1126/4462
f 6311/1133/4460 6312/1126/4462 6313/1124/4463
f 6314/1134/4464 6311/1133/4460 6313/1124/4463
f 6314/1134/4464 6313/1124/4463 6315/1120/4465
f 6316/1135/3848 6314/1134/4464 6315/1120/4465
f 6316/1135/3848 6315/1120/4465 6317/1122/4466
f 6318/1253/4467 6319/1010/4468 6320/1010/4469
f 6318/1253/4467 6321/1251/4470 6319/1010/4468
f 6322/1010/4471 6323/1253/4472 6324/1010/4473
f 6322/1010/4471 6325/1251/4474 6323/1253/4472
f 6326/1254/4475 6327/1241/4476 6328/1239/4477
f 6326/1254/4475 6329/1255/4478 6327/1241/4476
f 6330/1256/4479 6326/1254/4475 6328/1239/4477
f 6331/1243/4480 6327/1241/4476 6329/1255/4478
f 6330/1256/4479 6328/1239/4477 6332/1237/4481
f 6331/1243/4480 6329/1255/4478 6333/1257/4482
f 6334/1258/4483 6330/1256/4479 6332/1237/4481
f 6335/1245/4484 6331/1243/4480 6333/1257/4482
f 6334/1258/4483 6332/1237/4481 6336/1233/4485
f 6336/1233/4485 6337/1259/4359 6334/1258/4483
f 6336/1233/4485 6338/1236/4486 6337/1259/4359
f 6335/1245/4484 6333/1257/4482 6339/1260/4487
f 6340/1261/4488 6335/1245/4484 6339/1260/4487
f 6340/1261/4488 6341/1247/4489 6335/1245/4484
f 6342/1262/4490 6341/1247/4489 6340/1261/4488
f 6342/1262/4490 6343/1248/4389 6341/1247/4489
f 6344/1235/4360 6338/1236/4491 6345/1233/4492
f 6344/1235/4360 6345/1233/4492 6346/1234/4493
f 6345/1233/4492 6347/1232/4494 6346/1234/4493
f 6345/1233/4492 6348/1237/4494 6347/1232/4494
f 6349/1238/4495 6347/1232/4494 6348/1237/4494
f 6349/1238/4495 6348/1237/4494 6350/1239/4495
f 6350/1239/4495 6351/1240/4496 6349/1238/4495
f 6350/1239/4495 6352/1241/4496 6351/1240/4496
f 6352/1241/4496 6353/1242/4497 6351/1240/4496
f 6352/1241/4496 6354/1243/4498 6353/1242/4497
f 6355/1244/4499 6353/1242/4497 6354/1243/4498
f 6355/1244/4499 6354/1243/4498 6356/1245/4500
f 6356/1245/4500 6357/1246/4501 6355/1244/4499
f 6356/1245/4500 6358/1247/4502 6357/1246/4501
f 6357/1246/4501 6358/1247/4502 6359/1248/4503
f 6357/1246/4501 6359/1248/4503 6360/1229/4504
f 6359/1248/4503 6361/1191/4505 6360/1229/4504
f 6362/1233/4506 6363/1259/4359 6249/1236/4507
f 6362/1233/4506 6364/1258/4508 6363/1259/4359
f 6364/1258/4508 6362/1233/4506 6365/1237/4509
f 6364/1258/4508 6365/1237/4509 6366/1256/4510
f 6366/1256/4510 6365/1237/4509 6367/1239/4511
f 6366/1256/4510 6367/1239/4511 6368/1254/4512
f 6368/1254/4512 6367/1239/4511 6369/1241/4513
f 6368/1254/4512 6369/1241/4513 6370/1255/4514
f 6371/1243/4515 6370/1255/4514 6369/1241/4513
f 6371/1243/4515 6372/1257/4516 6370/1255/4514
f 6373/1245/4517 6372/1257/4516 6371/1243/4515
f 6373/1245/4517 6374/1260/4518 6372/1257/4516
f 6375/1261/4519 6374/1260/4518 6373/1245/4517
f 6375/1261/4519 6373/1245/4517 6376/1247/4520
f 6377/1262/4521 6375/1261/4519 6376/1247/4520
f 6377/1262/4521 6376/1247/4520 6378/1248/4394
